algorithm,threshold,hist_source,frame,detected,inferred,confidence,lane_center,error_px,detect_ms,total_ms,t_blur,t_threshold,t_canny
canny_hough,fixed,edges,0,0,0,0.0,0.0,,7.957,24.608,13.018,0.306,2.343
canny_hough,fixed,edges,1,0,0,0.0,0.0,,5.54,8.923,1.148,0.183,1.254
canny_hough,fixed,edges,2,0,0,0.0,0.0,,5.148,8.565,1.057,0.173,1.369
canny_hough,fixed,edges,3,0,0,0.0,0.0,,5.198,8.288,1.051,0.173,1.114
canny_hough,fixed,edges,4,0,0,0.0,0.0,,5.255,8.422,1.072,0.181,1.141
canny_hough,fixed,edges,5,0,0,0.0,0.0,,5.814,9.157,1.074,0.162,1.185
canny_hough,fixed,edges,6,0,0,0.0,0.0,,6.998,11.025,1.134,0.371,1.645
canny_hough,fixed,edges,7,0,0,0.0,0.0,,4.781,8.617,1.201,0.238,1.471
canny_hough,fixed,edges,8,0,0,0.0,0.0,,4.667,7.725,1.014,0.094,1.25
canny_hough,fixed,edges,9,0,0,0.0,0.0,,4.446,7.567,1.009,0.101,1.299
canny_hough,fixed,edges,10,0,0,0.0,0.0,,4.533,7.347,0.999,0.095,0.96
canny_hough,fixed,edges,11,0,0,0.0,0.0,,4.807,7.854,1.006,0.097,1.216
canny_hough,fixed,edges,12,0,0,0.0,0.0,,4.972,8.027,0.996,0.097,1.221
canny_hough,fixed,edges,13,0,0,0.0,0.0,,4.604,7.651,1.072,0.094,1.187
canny_hough,fixed,edges,14,0,0,0.0,0.0,,4.921,8.234,1.049,0.225,1.314
canny_hough,fixed,edges,15,0,0,0.0,0.0,,5.041,7.839,0.998,0.093,0.975
canny_hough,fixed,edges,16,0,0,0.0,0.0,,4.613,8.722,0.633,0.099,2.689
canny_hough,fixed,edges,17,0,0,0.0,0.0,,4.781,7.047,0.65,0.096,0.825
canny_hough,fixed,edges,18,0,0,0.0,0.0,,4.621,6.886,0.657,0.093,0.822
canny_hough,fixed,edges,19,0,0,0.0,0.0,,4.347,6.674,0.646,0.091,0.825
canny_hough,fixed,edges,20,0,0,0.0,0.0,,4.408,6.818,0.644,0.091,0.99
canny_hough,fixed,edges,21,0,0,0.0,0.0,,4.524,6.755,0.636,0.092,0.816
canny_hough,fixed,edges,22,0,0,0.0,0.0,,4.266,6.612,0.644,0.091,0.819
canny_hough,fixed,edges,23,0,0,0.0,0.0,,4.199,6.514,0.658,0.093,0.873
canny_hough,fixed,edges,24,0,0,0.0,0.0,,4.557,6.804,0.642,0.092,0.815
canny_hough,fixed,edges,25,0,0,0.0,0.0,,4.534,6.785,0.647,0.092,0.815
canny_hough,fixed,edges,26,0,0,0.0,0.0,,4.551,6.843,0.682,0.098,0.81
canny_hough,fixed,edges,27,0,0,0.0,0.0,,4.596,6.93,0.646,0.092,0.83
canny_hough,fixed,edges,28,0,0,0.0,0.0,,4.538,6.766,0.634,0.092,0.811
canny_hough,fixed,edges,29,0,0,0.0,0.0,,4.531,6.829,0.637,0.092,0.819
canny_hough,fixed,edges,30,0,0,0.0,0.0,,4.677,7.011,0.639,0.095,0.904
canny_hough,fixed,edges,31,0,0,0.0,0.0,,4.822,7.08,0.646,0.094,0.812
canny_hough,fixed,edges,32,0,0,0.0,0.0,,4.48,6.766,0.643,0.092,0.828
canny_hough,fixed,edges,33,0,0,0.0,0.0,,4.47,6.755,0.691,0.093,0.811
canny_hough,fixed,edges,34,0,0,0.0,0.0,,4.499,6.873,0.66,0.09,0.952
canny_hough,fixed,edges,35,0,0,0.0,0.0,,4.369,6.625,0.644,0.094,0.814
canny_hough,fixed,edges,36,0,0,0.0,0.0,,4.365,6.664,0.637,0.09,0.826
canny_hough,fixed,edges,37,0,0,0.0,0.0,,4.454,6.757,0.635,0.094,0.872
canny_hough,fixed,edges,38,0,0,0.0,0.0,,4.561,6.81,0.641,0.094,0.823
canny_hough,fixed,edges,39,0,0,0.0,0.0,,4.32,6.549,0.64,0.091,0.802
canny_hough,fixed,edges,40,0,0,0.0,0.0,,4.373,6.688,0.695,0.098,0.833
canny_hough,fixed,edges,41,0,0,0.0,0.0,,4.783,7.019,0.635,0.092,0.813
canny_hough,fixed,edges,42,0,0,0.0,0.0,,4.336,6.625,0.637,0.092,0.828
canny_hough,fixed,edges,43,0,0,0.0,0.0,,4.509,6.795,0.657,0.093,0.829
canny_hough,fixed,edges,44,0,0,0.0,0.0,,4.551,6.929,0.645,0.091,0.945
canny_hough,fixed,edges,45,0,0,0.0,0.0,,4.477,6.707,0.635,0.09,0.813
canny_hough,fixed,edges,46,0,0,0.0,0.0,,4.491,6.722,0.627,0.093,0.819
canny_hough,fixed,edges,47,0,0,0.0,0.0,,4.587,6.892,0.641,0.135,0.832
canny_hough,fixed,edges,48,0,0,0.0,0.0,,4.64,6.962,0.642,0.094,0.833
canny_hough,fixed,edges,49,0,0,0.0,0.0,,4.48,6.701,0.635,0.092,0.82
canny_hough,fixed,edges,50,0,0,0.0,0.0,,4.531,6.856,0.647,0.093,0.83
canny_hough,fixed,edges,51,0,0,0.0,0.0,,4.659,6.982,0.638,0.092,0.895
canny_hough,fixed,edges,52,0,0,0.0,0.0,,4.599,6.894,0.642,0.093,0.831
canny_hough,fixed,edges,53,0,0,0.0,0.0,,4.496,6.763,0.653,0.093,0.825
canny_hough,fixed,edges,54,0,0,0.0,0.0,,4.222,6.555,0.726,0.098,0.832
canny_hough,fixed,edges,55,0,0,0.0,0.0,,4.366,6.669,0.639,0.092,0.814
canny_hough,fixed,edges,56,0,0,0.0,0.0,,4.328,6.574,0.636,0.096,0.818
canny_hough,fixed,edges,57,0,0,0.0,0.0,,5.066,7.387,0.688,0.097,0.833
canny_hough,fixed,edges,58,0,0,0.0,0.0,,4.415,6.747,0.654,0.096,0.884
canny_hough,fixed,edges,59,0,0,0.0,0.0,,4.457,6.706,0.635,0.093,0.83
canny_hough,fixed,edges,60,0,0,0.0,0.0,,4.394,6.63,0.632,0.094,0.809
canny_hough,fixed,edges,61,0,0,0.0,0.0,,4.483,6.773,0.634,0.134,0.825
canny_hough,fixed,edges,62,0,0,0.0,0.0,,4.605,6.892,0.636,0.096,0.83
canny_hough,fixed,edges,63,0,0,0.0,0.0,,4.5,6.748,0.634,0.092,0.829
canny_hough,fixed,edges,64,0,0,0.0,0.0,,4.634,6.946,0.693,0.092,0.829
canny_hough,fixed,edges,65,0,0,0.0,0.0,,4.607,6.942,0.64,0.095,0.904
canny_hough,fixed,edges,66,0,0,0.0,0.0,,4.723,6.997,0.65,0.094,0.827
canny_hough,fixed,edges,67,0,0,0.0,0.0,,4.648,6.887,0.632,0.094,0.821
canny_hough,fixed,edges,68,0,0,0.0,0.0,,4.344,6.641,0.677,0.098,0.828
canny_hough,fixed,edges,69,0,0,0.0,0.0,,4.68,7.016,0.643,0.092,0.91
canny_hough,fixed,edges,70,0,0,0.0,0.0,,4.804,7.065,0.651,0.092,0.824
canny_hough,fixed,edges,71,0,0,0.0,0.0,,4.709,6.942,0.639,0.092,0.813
canny_hough,fixed,edges,72,1,1,0.6,319.0,159.0,5.709,7.998,0.686,0.096,0.779
canny_hough,fixed,edges,73,0,0,0.0,0.0,,4.671,6.97,0.685,0.094,0.809
canny_hough,fixed,edges,74,0,0,0.0,0.0,,4.904,7.23,0.643,0.091,0.887
canny_hough,fixed,edges,75,0,0,0.0,0.0,,4.805,8.093,1.058,0.217,1.284
canny_hough,fixed,edges,76,0,0,0.0,0.0,,4.969,7.38,0.668,0.095,0.818
canny_hough,fixed,edges,77,0,0,0.0,0.0,,4.384,6.654,0.683,0.093,0.785
canny_hough,fixed,edges,78,0,0,0.0,0.0,,4.396,6.757,0.645,0.096,0.808
canny_hough,fixed,edges,79,0,0,0.0,0.0,,4.405,6.926,0.657,0.141,1.011
canny_hough,fixed,edges,80,1,1,0.15,319.0,159.0,2.664,4.842,0.651,0.095,0.72
canny_hough,fixed,edges,81,1,1,0.3,319.0,159.0,2.454,5.113,0.651,0.096,1.192
canny_hough,fixed,edges,82,1,1,0.3,319.0,159.0,2.461,4.69,0.621,0.098,0.705
canny_hough,fixed,edges,83,1,1,0.45,319.0,159.0,3.126,5.303,0.634,0.091,0.768
canny_hough,fixed,edges,84,0,0,0.0,0.0,,3.977,6.255,0.64,0.092,0.781
canny_hough,fixed,edges,85,0,0,0.0,0.0,,4.208,6.386,0.628,0.09,0.766
canny_hough,fixed,edges,86,0,0,0.0,0.0,,4.228,6.484,0.635,0.093,0.834
canny_hough,fixed,edges,87,0,0,0.0,0.0,,3.638,5.868,0.654,0.094,0.788
canny_hough,fixed,edges,88,0,0,0.0,0.0,,3.66,5.91,0.677,0.095,0.792
canny_hough,fixed,edges,89,0,0,0.0,0.0,,4.052,6.256,0.644,0.091,0.786
canny_hough,fixed,edges,90,0,0,0.0,0.0,,4.043,6.306,0.661,0.099,0.789
canny_hough,fixed,edges,91,0,0,0.0,0.0,,3.779,5.987,0.643,0.093,0.783
canny_hough,fixed,edges,92,0,0,0.0,0.0,,3.762,6.054,0.631,0.09,0.779
canny_hough,fixed,edges,93,0,0,0.0,0.0,,3.884,6.188,0.639,0.096,0.798
canny_hough,fixed,edges,94,0,0,0.0,0.0,,3.926,6.118,0.629,0.091,0.782
canny_hough,fixed,edges,95,0,0,0.0,0.0,,3.978,6.26,0.637,0.09,0.868
canny_hough,fixed,edges,96,0,0,0.0,0.0,,4.36,6.583,0.639,0.092,0.811
canny_hough,fixed,edges,97,0,0,0.0,0.0,,4.316,6.58,0.694,0.095,0.782
canny_hough,fixed,edges,98,0,0,0.0,0.0,,4.283,6.579,0.639,0.093,0.79
canny_hough,fixed,edges,99,0,0,0.0,0.0,,4.217,6.46,0.659,0.091,0.794
canny_hough,fixed,edges,100,0,0,0.0,0.0,,4.932,7.985,1.079,0.152,1.083
canny_hough,fixed,edges,101,0,0,0.0,0.0,,6.036,8.473,0.743,0.12,0.844
canny_hough,fixed,edges,102,0,0,0.0,0.0,,6.439,9.058,0.759,0.125,0.851
canny_hough,fixed,edges,103,0,0,0.0,0.0,,6.839,9.318,0.751,0.117,0.834
canny_hough,fixed,edges,104,1,1,0.6,304.26,144.26,3.701,6.135,0.665,0.115,0.898
canny_hough,fixed,edges,105,1,1,0.3,281.77,121.77,5.233,7.465,0.624,0.09,0.824
canny_hough,fixed,edges,106,1,1,0.3,281.77,121.77,5.223,7.943,0.645,0.1,1.183
canny_hough,fixed,edges,107,1,1,0.3,253.94,93.94,2.8,5.08,0.636,0.095,0.775
canny_hough,fixed,edges,108,1,1,0.3,253.94,93.94,2.792,5.015,0.653,0.096,0.773
canny_hough,fixed,edges,109,1,1,0.3,266.91,106.91,4.676,7.041,0.652,0.094,0.904
canny_hough,fixed,edges,110,1,1,0.3,266.91,106.91,5.227,8.698,1.044,0.185,1.406
canny_hough,fixed,edges,111,1,1,0.3,266.91,106.91,5.902,9.366,1.017,0.143,1.374
canny_hough,fixed,edges,112,0,0,0.0,0.0,,3.818,8.411,1.246,0.271,2.135
canny_hough,fixed,edges,113,0,0,0.0,0.0,,5.008,9.054,1.162,0.265,1.607
canny_hough,fixed,edges,114,0,0,0.0,0.0,,3.847,6.733,1.018,0.12,1.031
canny_hough,fixed,edges,115,1,1,0.3,0.0,-160.0,4.833,8.284,1.095,0.201,1.333
canny_hough,fixed,edges,116,1,1,0.3,0.0,-160.0,5.661,9.322,1.105,0.169,1.515
canny_hough,fixed,edges,117,1,1,0.6,0.0,-160.0,6.009,9.909,1.136,0.277,1.611
canny_hough,fixed,edges,118,1,1,0.6,0.0,-160.0,5.693,9.747,1.182,0.275,1.575
canny_hough,fixed,edges,119,1,1,0.6,0.0,-160.0,5.201,8.361,1.029,0.102,1.251
canny_hough,fixed,edges,120,1,1,0.6,0.0,-160.0,6.324,10.914,1.072,0.158,2.451
canny_hough,fixed,edges,121,1,1,0.6,0.0,-160.0,6.264,10.518,1.181,0.256,1.664
canny_hough,fixed,edges,122,1,1,0.6,0.0,-160.0,5.464,9.731,1.256,0.265,1.657
canny_hough,fixed,edges,123,1,1,0.6,0.0,-160.0,5.34,8.398,1.015,0.094,1.089
canny_hough,fixed,edges,124,1,1,0.6,0.0,-160.0,6.464,10.003,1.083,0.139,1.33
canny_hough,fixed,edges,125,1,1,0.6,42.12,-117.88,6.455,10.497,1.178,0.225,1.693
canny_hough,fixed,edges,126,1,1,0.6,67.45,-92.55,5.233,9.475,1.166,0.407,1.679
canny_hough,fixed,edges,127,1,1,0.6,67.45,-92.55,5.029,8.057,1.059,0.097,1.053
canny_hough,fixed,edges,128,0,0,0.0,0.0,,5.802,10.159,1.929,0.224,1.258
canny_hough,fixed,edges,129,0,0,0.0,0.0,,6.639,11.709,1.123,0.304,2.768
canny_hough,fixed,edges,130,0,0,0.0,0.0,,5.335,9.766,1.175,0.282,1.93
canny_hough,fixed,edges,131,0,0,0.0,0.0,,4.457,7.475,1.027,0.101,1.098
canny_hough,fixed,edges,132,0,0,0.0,0.0,,5.271,8.668,1.122,0.237,1.237
canny_hough,fixed,edges,133,1,1,0.6,319.0,159.0,6.067,9.871,1.216,0.223,1.464
canny_hough,fixed,edges,134,1,1,0.6,319.0,159.0,6.15,10.379,1.282,0.354,1.651
canny_hough,fixed,edges,135,1,1,0.6,319.0,159.0,4.5,8.283,1.223,0.225,1.348
canny_hough,fixed,edges,136,1,1,0.3,319.0,159.0,5.068,8.164,1.092,0.109,1.162
canny_hough,fixed,edges,137,1,1,0.45,319.0,159.0,5.722,12.108,1.167,0.162,4.194
canny_hough,fixed,edges,138,1,1,0.45,319.0,159.0,5.997,10.077,1.174,0.267,1.609
canny_hough,fixed,edges,139,1,1,0.45,319.0,159.0,4.716,8.88,1.222,0.359,1.643
canny_hough,fixed,edges,140,1,1,0.6,154.47,-5.53,5.291,8.418,1.083,0.095,1.173
canny_hough,fixed,edges,141,1,1,0.6,235.4,75.4,6.619,10.255,1.124,0.161,1.564
canny_hough,fixed,edges,142,1,1,0.6,243.1,83.1,7.907,12.31,1.176,0.252,1.944
canny_hough,fixed,edges,143,1,1,0.6,243.1,83.1,6.728,10.844,1.184,0.221,1.652
canny_hough,fixed,edges,144,1,1,0.6,216.22,56.22,7.592,10.763,1.062,0.131,1.176
canny_hough,fixed,edges,145,0,0,0.0,0.0,,1.694,5.406,1.245,0.279,1.416
canny_hough,fixed,edges,146,0,0,0.0,0.0,,1.054,5.282,1.603,0.269,1.478
canny_hough,fixed,edges,147,0,0,0.0,0.0,,0.925,4.766,1.176,0.278,1.458
canny_hough,fixed,edges,148,0,0,0.0,0.0,,0.944,4.973,1.198,0.28,1.631
canny_hough,fixed,edges,149,0,0,0.0,0.0,,0.894,4.95,1.251,0.329,1.529
canny_hough,fixed,edges,150,0,0,0.0,0.0,,2.033,5.16,1.119,0.144,1.13
canny_hough,fixed,edges,151,0,0,0.0,0.0,,2.02,4.906,0.985,0.093,1.111
canny_hough,fixed,edges,152,0,0,0.0,0.0,,1.934,5.009,1.041,0.106,1.189
canny_hough,fixed,edges,153,0,0,0.0,0.0,,4.368,7.32,1.068,0.215,0.995
canny_hough,fixed,edges,154,0,0,0.0,0.0,,4.258,7.701,1.053,0.158,1.359
canny_hough,fixed,edges,155,0,0,0.0,0.0,,5.192,9.281,1.426,0.256,1.55
canny_hough,fixed,edges,156,0,0,0.0,0.0,,4.072,8.097,1.217,0.272,1.576
canny_hough,fixed,edges,157,1,1,0.3,319.0,159.0,4.629,8.113,1.164,0.289,1.175
canny_hough,fixed,edges,158,1,1,0.3,319.0,159.0,5.072,7.874,1.051,0.095,0.952
canny_hough,fixed,edges,159,1,1,0.15,319.0,159.0,5.734,10.046,1.125,0.191,2.071
canny_hough,fixed,edges,160,0,0,0.0,0.0,,2.387,6.365,1.206,0.263,1.613
canny_hough,fixed,edges,161,1,1,0.3,319.0,159.0,6.201,10.8,1.173,0.279,2.073
canny_hough,fixed,edges,162,1,1,0.3,319.0,159.0,4.358,7.591,1.141,0.132,1.131
canny_hough,fixed,edges,163,1,1,0.6,319.0,159.0,5.173,8.087,1.008,0.137,1.005
canny_hough,fixed,edges,164,1,1,0.6,319.0,159.0,5.914,10.408,1.165,0.182,2.29
canny_hough,fixed,edges,165,1,1,0.15,319.0,159.0,4.812,8.625,1.119,0.234,1.569
canny_hough,fixed,edges,166,0,0,0.0,0.0,,4.422,8.418,1.155,0.27,1.684
canny_hough,fixed,edges,167,0,0,0.0,0.0,,3.146,6.849,1.335,0.254,1.256
canny_hough,fixed,edges,168,0,0,0.0,0.0,,3.04,5.95,0.998,0.094,1.01
canny_hough,fixed,edges,169,1,1,0.45,319.0,159.0,5.121,8.371,1.135,0.116,1.301
canny_hough,fixed,edges,170,1,1,0.45,319.0,159.0,5.611,9.369,1.072,0.154,1.416
canny_hough,fixed,edges,171,1,1,0.45,319.0,159.0,5.748,10.351,1.472,0.256,1.968
canny_hough,fixed,edges,172,1,1,0.3,319.0,159.0,4.175,8.286,1.209,0.276,1.5
canny_hough,fixed,edges,173,1,1,0.15,319.0,159.0,3.402,6.485,1.064,0.099,1.142
canny_hough,fixed,edges,174,1,1,0.3,319.0,159.0,5.005,8.324,1.096,0.262,1.202
canny_hough,fixed,edges,175,1,1,0.3,319.0,159.0,5.166,8.821,1.148,0.29,1.381
canny_hough,fixed,edges,176,1,1,0.45,319.0,159.0,5.946,10.133,1.444,0.256,1.461
canny_hough,fixed,edges,177,1,1,0.45,319.0,159.0,4.416,8.78,1.301,0.433,1.717
canny_hough,fixed,edges,178,1,1,0.45,319.0,159.0,4.809,7.792,1.043,0.102,1.096
canny_hough,fixed,edges,179,1,1,0.45,319.0,159.0,6.2,10.416,1.932,0.156,1.346
canny_hough,fixed,edges,180,1,1,0.15,319.0,159.0,4.612,9.881,1.119,0.254,3.043
canny_hough,fixed,edges,181,1,1,0.3,319.0,159.0,5.346,9.623,1.456,0.27,1.645
canny_hough,fixed,edges,182,1,1,0.3,319.0,159.0,3.744,6.702,1.004,0.095,1.097
canny_hough,fixed,edges,183,1,1,0.3,319.0,159.0,4.606,8.595,1.119,0.243,1.815
canny_hough,fixed,edges,184,1,1,0.3,319.0,159.0,5.093,8.719,1.088,0.313,1.325
canny_hough,fixed,edges,185,1,1,0.3,319.0,159.0,5.217,9.261,1.165,0.279,1.717
canny_hough,fixed,edges,186,1,1,0.3,319.0,159.0,4.028,9.009,1.236,0.359,2.519
canny_hough,fixed,edges,187,1,1,0.3,319.0,159.0,4.192,7.928,1.806,0.121,1.068
canny_hough,fixed,edges,188,1,1,0.15,319.0,159.0,5.33,8.779,1.116,0.178,1.241
canny_hough,fixed,edges,189,1,1,0.6,319.0,159.0,5.876,9.933,1.189,0.307,1.576
canny_hough,fixed,edges,190,1,1,0.6,319.0,159.0,5.603,10.045,1.319,0.284,1.888
canny_hough,fixed,edges,191,1,1,0.6,319.0,159.0,4.453,7.343,1.023,0.098,1.039
canny_hough,fixed,edges,192,1,1,0.45,319.0,159.0,4.93,8.735,1.095,0.237,1.535
canny_hough,fixed,edges,193,1,1,0.15,319.0,159.0,5.566,9.595,1.179,0.333,1.641
canny_hough,fixed,edges,194,0,0,0.0,0.0,,7.439,11.648,1.267,0.287,1.601
canny_hough,fixed,edges,195,0,0,0.0,0.0,,4.652,8.015,1.135,0.284,1.112
canny_hough,fixed,edges,196,1,1,0.45,319.0,159.0,3.973,6.9,0.997,0.094,1.105
canny_hough,fixed,edges,197,1,1,0.15,319.0,159.0,4.229,8.768,1.114,0.259,2.375
canny_hough,fixed,edges,198,1,1,0.15,319.0,159.0,5.059,9.234,1.395,0.344,1.464
canny_hough,fixed,edges,199,1,1,0.45,319.0,159.0,4.693,8.557,1.215,0.265,1.461
canny_hough,fixed,edges,200,1,1,0.45,319.0,159.0,3.949,8.387,1.225,0.33,1.656
canny_hough,fixed,edges,201,1,1,0.45,319.0,159.0,4.04,7.004,1.077,0.101,1.058
canny_hough,fixed,edges,202,1,1,0.6,319.0,159.0,4.161,7.149,1.071,0.129,1.071
canny_hough,fixed,edges,203,1,1,0.6,319.0,159.0,4.578,7.737,1.1,0.145,1.133
canny_hough,fixed,edges,204,1,1,0.45,319.0,159.0,5.536,9.038,1.147,0.221,1.292
canny_hough,fixed,edges,205,1,1,0.6,319.0,159.0,6.184,10.352,1.305,0.328,1.491
canny_hough,fixed,edges,206,1,1,0.6,319.0,159.0,4.442,8.043,1.312,0.268,1.065
canny_hough,fixed,edges,207,1,1,0.6,319.0,159.0,5.028,8.55,1.142,0.191,1.372
canny_hough,fixed,edges,208,1,1,0.6,319.0,159.0,5.933,11.142,2.524,0.268,1.562
canny_hough,fixed,edges,209,1,1,0.6,319.0,159.0,5.177,9.351,1.305,0.394,1.495
canny_hough,fixed,edges,210,1,1,0.6,319.0,159.0,5.116,9.711,1.591,0.29,1.838
canny_hough,fixed,edges,211,1,1,0.6,319.0,159.0,4.718,7.89,1.014,0.133,1.273
canny_hough,fixed,edges,212,1,1,0.6,319.0,159.0,5.45,8.769,1.044,0.187,1.27
canny_hough,fixed,edges,213,1,1,0.6,311.31,151.31,5.453,9.565,1.189,0.4,1.561
canny_hough,fixed,edges,214,1,1,0.6,311.31,151.31,5.204,8.644,1.069,0.121,1.201
canny_hough,fixed,edges,215,1,1,0.6,276.52,116.52,5.681,9.084,1.11,0.219,1.286
canny_hough,fixed,edges,216,1,1,0.6,242.75,82.75,6.841,10.629,1.062,0.191,1.599
canny_hough,fixed,edges,217,1,1,0.6,245.98,85.98,7.536,11.358,1.178,0.273,1.455
canny_hough,fixed,edges,218,1,1,0.45,232.7,72.7,3.982,7.084,1.021,0.142,1.143
canny_hough,fixed,edges,219,1,1,0.45,232.7,72.7,3.867,6.775,1.055,0.1,1.041
canny_hough,fixed,edges,220,1,1,0.6,232.83,72.83,3.538,6.347,0.994,0.092,1.031
canny_hough,fixed,edges,221,1,1,0.45,218.62,58.62,3.155,5.897,0.988,0.092,0.973
canny_hough,fixed,edges,222,1,1,0.45,218.62,58.62,3.319,6.216,1.002,0.095,1.092
canny_hough,fixed,edges,223,1,1,0.45,218.62,58.62,3.231,6.061,1.001,0.096,1.005
canny_hough,fixed,edges,224,1,1,0.45,218.62,58.62,3.123,5.955,1.0,0.105,1.031
canny_hough,fixed,edges,225,1,1,0.3,215.03,55.03,6.463,9.226,0.992,0.095,0.987
canny_hough,fixed,edges,226,1,1,0.3,215.03,55.03,6.436,9.271,0.998,0.09,1.052
canny_hough,fixed,edges,227,1,1,0.3,211.05,51.05,6.641,9.427,1.021,0.094,0.985
canny_hough,fixed,edges,228,1,1,0.3,211.05,51.05,6.601,9.35,0.982,0.093,0.979
canny_hough,fixed,edges,229,1,1,0.3,215.37,55.37,4.989,7.886,0.989,0.094,1.148
canny_hough,fixed,edges,230,1,1,0.3,219.26,59.26,4.967,7.813,0.981,0.091,1.091
canny_hough,fixed,edges,231,1,1,0.3,219.26,59.26,4.923,7.764,0.988,0.092,1.069
canny_hough,fixed,edges,232,1,1,0.45,211.44,51.44,6.852,9.717,0.987,0.091,1.085
canny_hough,fixed,edges,233,1,1,0.3,216.65,56.65,6.734,9.56,1.031,0.096,1.0
canny_hough,fixed,edges,234,1,1,0.3,217.08,57.08,6.53,9.297,0.987,0.095,1.007
canny_hough,fixed,edges,235,1,1,0.3,217.08,57.08,6.439,9.464,0.993,0.091,1.244
canny_hough,fixed,edges,236,1,1,0.3,214.2,54.2,6.475,9.324,0.988,0.09,1.008
canny_hough,fixed,edges,237,1,1,0.3,215.96,55.96,6.566,9.351,0.997,0.091,1.005
canny_hough,fixed,edges,238,1,1,0.3,215.96,55.96,6.628,9.574,1.036,0.099,1.123
canny_hough,fixed,edges,239,1,1,0.15,217.34,57.34,6.438,9.353,0.981,0.09,1.163
canny_hough,fixed,edges,240,1,1,0.15,217.34,57.34,6.454,9.332,0.999,0.096,1.09
canny_hough,fixed,edges,241,1,1,0.3,215.63,55.63,6.359,9.208,1.039,0.096,1.019
canny_hough,fixed,edges,242,1,1,0.3,218.97,58.97,6.492,9.296,0.981,0.091,1.005
canny_hough,fixed,edges,243,1,1,0.3,218.97,58.97,6.412,9.266,0.991,0.092,1.086
canny_hough,fixed,edges,244,1,1,0.3,214.87,54.87,6.654,9.498,1.037,0.094,1.013
canny_hough,fixed,edges,245,1,1,0.15,216.94,56.94,6.443,9.345,0.994,0.091,1.122
canny_hough,fixed,edges,246,1,1,0.15,216.94,56.94,6.453,9.589,0.996,0.089,1.369
canny_hough,fixed,edges,247,1,1,0.15,214.68,54.68,6.458,9.345,1.053,0.093,1.042
canny_hough,fixed,edges,248,1,1,0.15,214.68,54.68,6.515,9.397,0.991,0.094,1.105
canny_hough,fixed,edges,249,1,1,0.3,217.86,57.86,6.514,9.35,1.001,0.095,1.058
canny_hough,fixed,edges,250,1,1,0.3,217.86,57.86,6.554,9.393,0.992,0.092,1.014
canny_hough,fixed,edges,251,1,1,0.3,217.87,57.87,6.495,9.343,0.992,0.093,1.008
canny_hough,fixed,edges,252,1,1,0.3,217.87,57.87,6.583,9.569,1.042,0.097,1.119
canny_hough,fixed,edges,253,1,1,0.3,219.2,59.2,6.513,9.32,0.993,0.09,1.023
canny_hough,fixed,edges,254,1,1,0.3,219.2,59.2,6.538,9.417,0.997,0.091,1.088
canny_hough,fixed,edges,255,1,1,0.3,219.2,59.2,6.576,9.398,1.029,0.096,1.012
canny_hough,fixed,edges,256,1,1,0.15,217.77,57.77,6.461,9.231,0.98,0.092,1.006
canny_hough,fixed,edges,257,1,1,0.3,218.59,58.59,6.343,9.296,0.985,0.093,1.189
canny_hough,fixed,edges,258,1,1,0.3,218.59,58.59,6.482,9.404,1.028,0.096,1.11
canny_hough,fixed,edges,259,1,1,0.3,215.13,55.13,6.556,9.427,0.985,0.09,1.109
canny_hough,fixed,edges,260,1,1,0.3,217.85,57.85,6.384,9.393,0.983,0.092,1.242
canny_hough,fixed,edges,261,1,1,0.3,219.94,59.94,6.353,9.196,0.994,0.091,1.006
canny_hough,fixed,edges,262,1,1,0.3,219.94,59.94,6.34,9.24,0.992,0.089,1.097
canny_hough,fixed,edges,263,1,1,0.3,219.85,59.85,6.468,9.306,0.984,0.09,1.089
canny_hough,fixed,edges,264,1,1,0.3,219.85,59.85,6.518,9.44,1.044,0.092,1.098
canny_hough,fixed,edges,265,1,1,0.3,217.32,57.32,6.599,9.378,0.986,0.091,1.009
canny_hough,fixed,edges,266,1,1,0.3,217.32,57.32,6.78,9.695,0.989,0.089,1.154
canny_hough,fixed,edges,267,1,1,0.3,219.85,59.85,6.463,9.246,0.994,0.093,1.011
canny_hough,fixed,edges,268,1,1,0.3,219.85,59.85,6.441,9.413,0.997,0.092,1.195
canny_hough,fixed,edges,269,1,1,0.3,219.91,59.91,6.59,9.409,1.027,0.095,1.002
canny_hough,fixed,edges,270,1,1,0.3,219.91,59.91,6.639,9.413,0.995,0.092,0.999
canny_hough,fixed,edges,271,1,1,0.3,217.37,57.37,6.239,9.683,0.981,0.09,1.695
canny_hough,fixed,edges,272,1,1,0.3,217.37,57.37,6.303,9.301,0.993,0.09,1.12
canny_hough,fixed,edges,273,1,1,0.3,217.87,57.87,6.48,9.234,0.982,0.091,0.999
canny_hough,fixed,edges,274,1,1,0.15,217.12,57.12,6.448,9.446,0.991,0.097,1.223
canny_hough,fixed,edges,275,1,1,0.15,217.12,57.12,6.638,9.59,0.996,0.095,1.113
canny_hough,fixed,edges,276,1,1,0.3,219.14,59.14,8.79,11.823,0.993,0.092,1.195
canny_hough,fixed,edges,277,1,1,0.15,218.66,58.66,10.344,14.14,1.113,0.24,1.626
canny_hough,fixed,edges,278,1,1,0.3,218.22,58.22,8.536,12.347,1.112,0.236,1.57
canny_hough,fixed,edges,279,1,1,0.3,218.22,58.22,7.691,11.263,1.079,0.104,1.489
canny_hough,fixed,edges,280,1,1,0.3,219.67,59.67,9.207,12.484,1.137,0.168,1.223
canny_hough,fixed,edges,281,1,1,0.3,217.48,57.48,11.694,16.05,1.218,0.401,1.664
canny_hough,fixed,edges,282,1,1,0.3,219.52,59.52,7.262,12.976,3.702,0.167,1.038
canny_hough,fixed,edges,283,1,1,0.3,219.52,59.52,7.507,10.457,1.0,0.096,1.093
canny_hough,fixed,edges,284,1,1,0.3,215.99,55.99,8.988,12.865,1.108,0.265,1.772
canny_hough,fixed,edges,285,1,1,0.3,216.58,56.58,12.188,16.214,1.209,0.261,1.661
canny_hough,fixed,edges,286,1,1,0.3,217.77,57.77,7.071,10.073,1.096,0.111,1.085
canny_hough,fixed,edges,287,1,1,0.3,217.77,57.77,8.066,13.985,1.058,0.099,4.022
canny_hough,fixed,edges,288,1,1,0.15,219.84,59.84,10.622,14.845,1.163,0.247,1.863
canny_hough,fixed,edges,289,1,1,0.3,217.42,57.42,8.443,13.742,1.247,0.372,1.913
canny_hough,fixed,edges,290,1,1,0.3,217.42,57.42,6.775,9.91,1.041,0.127,1.224
canny_hough,fixed,edges,291,1,1,0.3,220.23,60.23,7.638,10.614,0.998,0.096,1.089
canny_hough,fixed,edges,292,1,1,0.15,219.84,59.84,11.181,15.082,1.074,0.287,1.452
canny_hough,fixed,edges,293,1,1,0.3,217.95,57.95,8.896,14.15,1.221,0.271,2.904
canny_hough,fixed,edges,294,1,1,0.3,217.95,57.95,6.616,9.656,1.004,0.096,1.133
canny_hough,fixed,edges,295,1,1,0.3,216.16,56.16,7.403,10.35,1.0,0.093,1.164
canny_hough,fixed,edges,296,1,1,0.3,218.73,58.73,10.872,14.411,1.139,0.199,1.252
canny_hough,fixed,edges,297,1,1,0.3,219.2,59.2,9.412,13.405,1.171,0.284,1.565
canny_hough,fixed,edges,298,1,1,0.3,219.2,59.2,7.843,10.936,1.075,0.101,1.086
canny_hough,fixed,edges,299,1,1,0.15,217.12,57.12,13.605,17.59,1.296,0.34,1.446
canny_hough,fixed,edges,300,1,1,0.15,217.12,57.12,8.157,13.079,1.171,0.256,2.399
canny_hough,fixed,edges,301,1,1,0.3,220.23,60.23,6.773,9.781,1.012,0.114,1.191
canny_hough,fixed,edges,302,1,1,0.3,215.03,55.03,9.124,12.377,1.095,0.147,1.186
canny_hough,fixed,edges,303,1,1,0.3,215.03,55.03,11.03,15.341,1.216,0.268,1.66
canny_hough,fixed,edges,304,1,1,0.3,217.48,57.48,7.336,10.641,1.199,0.157,1.113
canny_hough,fixed,edges,305,1,1,0.3,218.13,58.13,9.556,12.819,1.035,0.135,1.314
canny_hough,fixed,edges,306,1,1,0.3,218.14,58.14,11.094,15.183,1.331,0.32,1.525
canny_hough,fixed,edges,307,1,1,0.3,218.14,58.14,7.232,10.43,1.111,0.201,1.115
canny_hough,fixed,edges,308,1,1,0.3,219.06,59.06,10.218,13.496,1.134,0.135,1.204
canny_hough,fixed,edges,309,1,1,0.3,223.75,63.75,4.164,8.284,1.153,0.364,1.695
canny_hough,fixed,edges,310,1,1,0.15,224.64,64.64,6.597,10.678,1.228,0.267,1.621
canny_hough,fixed,edges,311,1,1,0.15,224.64,64.64,5.777,8.88,1.09,0.098,1.191
canny_hough,fixed,edges,312,1,1,0.3,221.51,61.51,8.664,12.072,1.03,0.143,1.425
canny_hough,fixed,edges,313,1,1,0.3,224.28,64.28,9.316,13.385,1.259,0.26,1.581
canny_hough,fixed,edges,314,1,1,0.3,224.28,64.28,5.528,9.316,1.271,0.31,1.242
canny_hough,fixed,edges,315,1,1,0.3,220.25,60.25,5.057,7.985,1.018,0.105,1.082
canny_hough,fixed,edges,316,1,1,0.3,220.8,60.8,7.254,10.643,1.364,0.126,1.179
canny_hough,fixed,edges,317,1,1,0.3,221.93,61.93,11.024,14.216,1.038,0.136,1.207
canny_hough,fixed,edges,318,1,1,0.3,221.93,61.93,11.596,15.971,1.633,0.316,1.521
canny_hough,fixed,edges,319,1,1,0.3,218.59,58.59,5.884,8.915,1.07,0.118,1.1
canny_hough,fixed,edges,320,1,1,0.3,221.97,61.97,7.17,10.149,1.079,0.099,1.091
canny_hough,fixed,edges,321,1,1,0.3,222.1,62.1,9.605,12.834,1.021,0.133,1.322
canny_hough,fixed,edges,322,1,1,0.3,222.1,62.1,12.522,16.945,1.287,0.372,1.828
canny_hough,fixed,edges,323,1,1,0.3,219.39,59.39,6.763,12.384,1.144,0.214,3.422
canny_hough,fixed,edges,324,1,1,0.3,219.39,59.39,7.542,10.592,1.072,0.099,1.111
canny_hough,fixed,edges,325,1,1,0.3,219.87,59.87,10.064,13.593,1.135,0.156,1.443
canny_hough,fixed,edges,326,1,1,0.3,219.87,59.87,11.795,17.683,1.121,0.264,3.567
canny_hough,fixed,edges,327,1,1,0.3,222.83,62.83,6.897,10.1,1.074,0.224,1.078
canny_hough,fixed,edges,328,1,1,0.3,222.83,62.83,6.737,9.539,1.0,0.096,0.995
canny_hough,fixed,edges,329,1,1,0.3,220.28,60.28,8.252,11.435,1.064,0.096,1.262
canny_hough,fixed,edges,330,1,1,0.3,220.28,60.28,10.211,13.721,1.076,0.187,1.37
canny_hough,fixed,edges,331,1,1,0.15,219.9,59.9,9.105,13.165,1.212,0.271,1.659
canny_hough,fixed,edges,332,1,1,0.15,219.9,59.9,6.363,9.361,1.008,0.127,1.154
canny_hough,fixed,edges,333,1,1,0.3,222.06,62.06,7.649,10.596,1.003,0.097,1.135
canny_hough,fixed,edges,334,1,1,0.3,222.06,62.06,10.281,13.978,1.069,0.228,1.453
canny_hough,fixed,edges,335,1,1,0.3,219.37,59.37,9.701,14.52,1.242,0.549,2.103
canny_hough,fixed,edges,336,1,1,0.3,221.24,61.24,6.953,9.971,1.019,0.13,1.172
canny_hough,fixed,edges,337,1,1,0.3,219.57,59.57,7.309,10.453,1.055,0.099,1.279
canny_hough,fixed,edges,338,1,1,0.3,219.57,59.57,9.93,13.614,1.159,0.2,1.495
canny_hough,fixed,edges,339,1,1,0.3,223.89,63.89,10.415,15.084,1.581,0.367,1.678
canny_hough,fixed,edges,340,1,1,0.3,220.85,60.85,6.732,10.179,1.437,0.121,1.149
canny_hough,fixed,edges,341,1,1,0.15,221.77,61.77,7.774,13.068,1.009,0.131,3.408
canny_hough,fixed,edges,342,1,1,0.15,221.77,61.77,10.715,14.775,1.103,0.612,1.461
canny_hough,fixed,edges,343,1,1,0.3,221.37,61.37,7.759,13.201,1.259,0.329,2.99
canny_hough,fixed,edges,344,1,1,0.3,222.77,62.77,6.99,10.138,1.0,0.105,1.305
canny_hough,fixed,edges,345,1,1,0.15,221.77,61.77,8.204,11.536,1.057,0.182,1.314
canny_hough,fixed,edges,346,1,1,0.15,221.77,61.77,10.801,14.444,1.095,0.161,1.462
canny_hough,fixed,edges,347,1,1,0.3,220.87,60.87,8.51,12.979,1.283,0.366,1.752
canny_hough,fixed,edges,348,1,1,0.3,220.87,60.87,6.718,9.705,1.048,0.131,1.06
canny_hough,fixed,edges,349,1,1,0.15,221.77,61.77,7.458,10.513,1.015,0.095,1.205
canny_hough,fixed,edges,350,1,1,0.3,220.91,60.91,10.05,13.384,1.038,0.156,1.353
canny_hough,fixed,edges,351,1,1,0.3,220.91,60.91,10.413,14.428,1.185,0.277,1.67
canny_hough,fixed,edges,352,1,1,0.3,223.22,63.22,7.06,9.978,1.0,0.105,1.087
canny_hough,fixed,edges,353,1,1,0.15,222.83,62.83,6.824,9.757,1.002,0.095,1.102
canny_hough,fixed,edges,354,1,1,0.3,220.91,60.91,8.051,11.539,1.086,0.12,1.415
canny_hough,fixed,edges,355,1,1,0.3,220.91,60.91,11.199,15.526,1.174,0.309,1.688
canny_hough,fixed,edges,356,1,1,0.3,217.1,57.1,7.085,10.844,1.229,0.247,1.469
canny_hough,fixed,edges,357,1,1,0.3,221.98,61.98,6.6,9.743,0.987,0.092,1.339
canny_hough,fixed,edges,358,1,1,0.3,221.2,61.2,8.094,11.352,1.045,0.154,1.25
canny_hough,fixed,edges,359,1,1,0.3,221.2,61.2,10.601,14.902,1.19,0.593,1.588
canny_hough,fixed,edges,360,1,1,0.15,221.65,61.65,7.481,11.246,1.286,0.238,1.355
canny_hough,otsu,edges,0,0,0,0.0,0.0,,6.763,11.069,1.127,0.579,1.739
canny_hough,otsu,edges,1,0,0,0.0,0.0,,5.328,10.142,1.216,0.652,1.717
canny_hough,otsu,edges,2,0,0,0.0,0.0,,4.424,7.878,1.027,0.392,1.315
canny_hough,otsu,edges,3,0,0,0.0,0.0,,4.322,7.695,1.002,0.379,1.316
canny_hough,otsu,edges,4,0,0,0.0,0.0,,4.392,8.405,0.986,0.381,1.939
canny_hough,otsu,edges,5,0,0,0.0,0.0,,4.61,8.058,0.982,0.398,1.371
canny_hough,otsu,edges,6,0,0,0.0,0.0,,4.456,7.782,1.005,0.391,1.233
canny_hough,otsu,edges,7,0,0,0.0,0.0,,4.328,7.633,0.995,0.378,1.255
canny_hough,otsu,edges,8,0,0,0.0,0.0,,4.491,7.784,0.988,0.373,1.246
canny_hough,otsu,edges,9,0,0,0.0,0.0,,4.587,7.66,0.989,0.38,1.033
canny_hough,otsu,edges,10,0,0,0.0,0.0,,4.504,7.618,0.985,0.377,0.957
canny_hough,otsu,edges,11,0,0,0.0,0.0,,5.151,8.251,0.987,0.375,1.014
canny_hough,otsu,edges,12,0,0,0.0,0.0,,4.545,8.254,0.991,0.396,1.617
canny_hough,otsu,edges,13,0,0,0.0,0.0,,4.46,7.751,0.994,0.378,1.237
canny_hough,otsu,edges,14,0,0,0.0,0.0,,4.468,7.816,0.986,0.38,1.265
canny_hough,otsu,edges,15,0,0,0.0,0.0,,4.732,8.069,0.99,0.377,1.268
canny_hough,otsu,edges,16,0,0,0.0,0.0,,4.617,8.055,1.007,0.377,1.329
canny_hough,otsu,edges,17,0,0,0.0,0.0,,4.704,8.042,1.05,0.428,1.16
canny_hough,otsu,edges,18,0,0,0.0,0.0,,4.553,7.836,0.993,0.373,1.232
canny_hough,otsu,edges,19,0,0,0.0,0.0,,4.475,7.581,0.989,0.378,1.055
canny_hough,otsu,edges,20,0,0,0.0,0.0,,4.564,7.873,0.981,0.373,1.178
canny_hough,otsu,edges,21,0,0,0.0,0.0,,4.675,7.721,0.994,0.378,0.982
canny_hough,otsu,edges,22,0,0,0.0,0.0,,4.281,7.479,0.991,0.376,1.138
canny_hough,otsu,edges,23,0,0,0.0,0.0,,4.169,7.598,1.292,0.385,0.974
canny_hough,otsu,edges,24,0,0,0.0,0.0,,4.482,7.746,0.995,0.377,1.151
canny_hough,otsu,edges,25,0,0,0.0,0.0,,4.507,7.771,0.987,0.377,1.145
canny_hough,otsu,edges,26,0,0,0.0,0.0,,4.515,7.776,1.05,0.377,1.16
canny_hough,otsu,edges,27,0,0,0.0,0.0,,4.516,7.591,1.049,0.381,0.949
canny_hough,otsu,edges,28,0,0,0.0,0.0,,4.503,7.569,1.034,0.382,0.965
canny_hough,otsu,edges,29,0,0,0.0,0.0,,4.712,10.671,1.044,0.383,3.859
canny_hough,otsu,edges,30,0,0,0.0,0.0,,4.84,7.947,0.9,0.404,1.0
canny_hough,otsu,edges,31,0,0,0.0,0.0,,4.867,7.409,0.649,0.378,0.807
canny_hough,otsu,edges,32,0,0,0.0,0.0,,4.52,7.058,0.64,0.378,0.816
canny_hough,otsu,edges,33,0,0,0.0,0.0,,4.469,7.07,0.639,0.381,0.828
canny_hough,otsu,edges,34,0,0,0.0,0.0,,4.483,7.083,0.684,0.393,0.82
canny_hough,otsu,edges,35,0,0,0.0,0.0,,4.422,7.031,0.648,0.376,0.891
canny_hough,otsu,edges,36,0,0,0.0,0.0,,4.433,6.963,0.65,0.377,0.812
canny_hough,otsu,edges,37,0,0,0.0,0.0,,4.472,6.989,0.633,0.374,0.823
canny_hough,otsu,edges,38,0,0,0.0,0.0,,4.464,7.064,0.711,0.383,0.821
canny_hough,otsu,edges,39,0,0,0.0,0.0,,4.37,6.939,0.637,0.375,0.87
canny_hough,otsu,edges,40,0,0,0.0,0.0,,4.466,7.048,0.648,0.377,0.827
canny_hough,otsu,edges,41,0,0,0.0,0.0,,4.657,7.191,0.639,0.376,0.824
canny_hough,otsu,edges,42,0,0,0.0,0.0,,4.301,6.868,0.636,0.377,0.802
canny_hough,otsu,edges,43,0,0,0.0,0.0,,4.524,7.216,0.641,0.411,0.942
canny_hough,otsu,edges,44,0,0,0.0,0.0,,4.559,7.271,0.651,0.379,1.0
canny_hough,otsu,edges,45,0,0,0.0,0.0,,4.593,7.122,0.645,0.378,0.807
canny_hough,otsu,edges,46,0,0,0.0,0.0,,4.493,7.017,0.641,0.375,0.817
canny_hough,otsu,edges,47,0,0,0.0,0.0,,4.561,7.173,0.72,0.38,0.815
canny_hough,otsu,edges,48,0,0,0.0,0.0,,4.572,7.136,0.64,0.415,0.814
canny_hough,otsu,edges,49,0,0,0.0,0.0,,4.51,7.152,0.65,0.373,0.921
canny_hough,otsu,edges,50,0,0,0.0,0.0,,4.569,7.13,0.638,0.377,0.815
canny_hough,otsu,edges,51,0,0,0.0,0.0,,4.662,7.187,0.636,0.376,0.82
canny_hough,otsu,edges,52,0,0,0.0,0.0,,4.498,7.06,0.685,0.378,0.801
canny_hough,otsu,edges,53,0,0,0.0,0.0,,4.508,7.068,0.633,0.42,0.812
canny_hough,otsu,edges,54,0,0,0.0,0.0,,4.242,6.847,0.644,0.375,0.883
canny_hough,otsu,edges,55,0,0,0.0,0.0,,4.359,6.874,0.649,0.378,0.802
canny_hough,otsu,edges,56,0,0,0.0,0.0,,4.32,6.894,0.636,0.38,0.814
canny_hough,otsu,edges,57,0,0,0.0,0.0,,4.702,7.25,0.633,0.418,0.815
canny_hough,otsu,edges,58,0,0,0.0,0.0,,4.374,6.996,0.654,0.375,0.893
canny_hough,otsu,edges,59,0,0,0.0,0.0,,4.323,6.825,0.645,0.374,0.808
canny_hough,otsu,edges,60,0,0,0.0,0.0,,4.375,7.003,0.645,0.372,0.819
canny_hough,otsu,edges,61,0,0,0.0,0.0,,4.482,7.043,0.644,0.418,0.808
canny_hough,otsu,edges,62,0,0,0.0,0.0,,4.537,7.136,0.644,0.373,0.899
canny_hough,otsu,edges,63,0,0,0.0,0.0,,4.624,7.139,0.639,0.377,0.807
canny_hough,otsu,edges,64,0,0,0.0,0.0,,4.524,7.041,0.635,0.376,0.812
canny_hough,otsu,edges,65,0,0,0.0,0.0,,4.609,7.164,0.675,0.38,0.811
canny_hough,otsu,edges,66,0,0,0.0,0.0,,4.619,7.168,0.645,0.413,0.796
canny_hough,otsu,edges,67,0,0,0.0,0.0,,4.675,7.298,0.652,0.38,0.89
canny_hough,otsu,edges,68,0,0,0.0,0.0,,4.42,6.925,0.643,0.373,0.8
canny_hough,otsu,edges,69,0,0,0.0,0.0,,4.66,7.138,0.635,0.373,0.777
canny_hough,otsu,edges,70,0,0,0.0,0.0,,4.713,7.314,0.681,0.381,0.802
canny_hough,otsu,edges,71,0,0,0.0,0.0,,4.702,7.291,0.642,0.416,0.81
canny_hough,otsu,edges,72,1,1,0.6,319.0,159.0,3.473,6.03,0.64,0.378,0.844
canny_hough,otsu,edges,73,0,0,0.0,0.0,,4.661,7.122,0.627,0.376,0.762
canny_hough,otsu,edges,74,0,0,0.0,0.0,,4.624,7.174,0.702,0.381,0.773
canny_hough,otsu,edges,75,0,0,0.0,0.0,,4.641,7.193,0.643,0.412,0.801
canny_hough,otsu,edges,76,0,0,0.0,0.0,,4.723,7.296,0.639,0.374,0.87
canny_hough,otsu,edges,77,0,0,0.0,0.0,,4.27,6.731,0.631,0.377,0.771
canny_hough,otsu,edges,78,0,0,0.0,0.0,,4.238,6.768,0.626,0.376,0.751
canny_hough,otsu,edges,79,0,0,0.0,0.0,,4.276,6.775,0.644,0.412,0.755
canny_hough,otsu,edges,80,1,1,0.15,319.0,159.0,2.514,5.053,0.65,0.375,0.724
canny_hough,otsu,edges,81,1,1,0.3,319.0,159.0,2.364,4.792,0.629,0.413,0.707
canny_hough,otsu,edges,82,1,1,0.3,319.0,159.0,2.521,4.983,0.642,0.374,0.683
canny_hough,otsu,edges,83,1,1,0.45,319.0,159.0,3.28,5.738,0.629,0.378,0.763
canny_hough,otsu,edges,84,0,0,0.0,0.0,,4.0,6.538,0.653,0.379,0.818
canny_hough,otsu,edges,85,0,0,0.0,0.0,,4.193,6.677,0.637,0.376,0.777
canny_hough,otsu,edges,86,0,0,0.0,0.0,,4.162,6.709,0.615,0.381,0.788
canny_hough,otsu,edges,87,0,0,0.0,0.0,,3.709,6.239,0.644,0.379,0.815
canny_hough,otsu,edges,88,0,0,0.0,0.0,,3.684,6.161,0.64,0.376,0.762
canny_hough,otsu,edges,89,0,0,0.0,0.0,,4.049,6.576,0.676,0.383,0.769
canny_hough,otsu,edges,90,0,0,0.0,0.0,,4.093,6.715,0.649,0.377,0.785
canny_hough,otsu,edges,91,0,0,0.0,0.0,,3.759,6.252,0.635,0.376,0.78
canny_hough,otsu,edges,92,0,0,0.0,0.0,,3.977,6.488,0.646,0.412,0.767
canny_hough,otsu,edges,93,0,0,0.0,0.0,,4.0,6.766,0.651,0.398,0.969
canny_hough,otsu,edges,94,0,0,0.0,0.0,,3.964,6.472,0.645,0.376,0.789
canny_hough,otsu,edges,95,0,0,0.0,0.0,,3.997,6.533,0.639,0.42,0.789
canny_hough,otsu,edges,96,0,0,0.0,0.0,,4.611,7.25,0.64,0.378,0.86
canny_hough,otsu,edges,97,0,0,0.0,0.0,,4.223,6.722,0.645,0.374,0.785
canny_hough,otsu,edges,98,0,0,0.0,0.0,,4.29,6.844,0.703,0.379,0.785
canny_hough,otsu,edges,99,0,0,0.0,0.0,,4.259,6.826,0.64,0.376,0.859
canny_hough,otsu,edges,100,0,0,0.0,0.0,,4.183,6.707,0.637,0.374,0.789
canny_hough,otsu,edges,101,0,0,0.0,0.0,,4.759,7.379,0.638,0.375,0.839
canny_hough,otsu,edges,102,0,0,0.0,0.0,,4.455,7.05,0.691,0.378,0.833
canny_hough,otsu,edges,103,0,0,0.0,0.0,,4.435,7.007,0.638,0.377,0.88
canny_hough,otsu,edges,104,1,1,0.6,304.26,144.26,3.481,5.931,0.637,0.374,0.751
canny_hough,otsu,edges,105,1,1,0.3,281.77,121.77,5.059,7.597,0.686,0.385,0.783
canny_hough,otsu,edges,106,1,1,0.3,281.77,121.77,5.055,7.622,0.694,0.382,0.787
canny_hough,otsu,edges,107,1,1,0.3,253.94,93.94,2.614,5.134,0.639,0.419,0.772
canny_hough,otsu,edges,108,1,1,0.3,253.94,93.94,2.671,5.201,0.646,0.375,0.754
canny_hough,otsu,edges,109,1,1,0.3,266.91,106.91,4.623,7.125,0.641,0.382,0.794
canny_hough,otsu,edges,110,1,1,0.3,266.91,106.91,4.556,7.081,0.646,0.375,0.775
canny_hough,otsu,edges,111,1,1,0.3,266.91,106.91,4.519,7.079,0.705,0.382,0.785
canny_hough,otsu,edges,112,0,0,0.0,0.0,,2.718,5.2,0.639,0.412,0.739
canny_hough,otsu,edges,113,0,0,0.0,0.0,,3.665,6.111,0.628,0.373,0.726
canny_hough,otsu,edges,114,0,0,0.0,0.0,,3.719,6.214,0.636,0.376,0.814
canny_hough,otsu,edges,115,1,1,0.3,0.0,-160.0,4.122,6.592,0.626,0.377,0.778
canny_hough,otsu,edges,116,1,1,0.3,0.0,-160.0,4.147,6.656,0.684,0.378,0.761
canny_hough,otsu,edges,117,1,1,0.6,0.0,-160.0,4.328,6.889,0.641,0.378,0.755
canny_hough,otsu,edges,118,1,1,0.6,0.0,-160.0,4.574,6.992,0.629,0.377,0.73
canny_hough,otsu,edges,119,1,1,0.6,0.0,-160.0,4.527,7.058,0.635,0.377,0.74
canny_hough,otsu,edges,120,1,1,0.6,0.0,-160.0,4.86,7.392,0.639,0.435,0.725
canny_hough,otsu,edges,121,1,1,0.6,0.0,-160.0,4.584,7.083,0.638,0.374,0.786
canny_hough,otsu,edges,122,1,1,0.6,0.0,-160.0,4.694,7.125,0.65,0.378,0.701
canny_hough,otsu,edges,123,1,1,0.6,0.0,-160.0,4.698,7.143,0.636,0.381,0.727
canny_hough,otsu,edges,124,1,1,0.6,0.0,-160.0,4.694,7.191,0.631,0.38,0.729
canny_hough,otsu,edges,125,1,1,0.6,42.12,-117.88,4.738,7.241,0.689,0.386,0.725
canny_hough,otsu,edges,126,1,1,0.6,67.45,-92.55,4.475,6.949,0.653,0.375,0.748
canny_hough,otsu,edges,127,1,1,0.6,67.45,-92.55,4.602,7.024,0.652,0.378,0.696
canny_hough,otsu,edges,128,0,0,0.0,0.0,,4.506,6.986,0.633,0.379,0.768
canny_hough,otsu,edges,129,0,0,0.0,0.0,,4.391,6.943,0.654,0.383,0.819
canny_hough,otsu,edges,130,0,0,0.0,0.0,,4.394,7.029,0.654,0.381,0.88
canny_hough,otsu,edges,131,0,0,0.0,0.0,,4.418,6.905,0.647,0.38,0.767
canny_hough,otsu,edges,132,0,0,0.0,0.0,,4.315,6.766,0.633,0.378,0.74
canny_hough,otsu,edges,133,1,1,0.6,319.0,159.0,4.309,6.839,0.688,0.38,0.766
canny_hough,otsu,edges,134,1,1,0.6,319.0,159.0,4.289,6.851,0.638,0.377,0.861
canny_hough,otsu,edges,135,1,1,0.6,319.0,159.0,4.293,6.778,0.641,0.381,0.772
canny_hough,otsu,edges,136,1,1,0.3,319.0,159.0,4.177,6.744,0.634,0.38,0.796
canny_hough,otsu,edges,137,1,1,0.45,319.0,159.0,4.24,6.755,0.649,0.413,0.77
canny_hough,otsu,edges,138,1,1,0.45,319.0,159.0,4.244,6.843,0.664,0.383,0.793
canny_hough,otsu,edges,139,1,1,0.45,319.0,159.0,4.198,6.678,0.634,0.382,0.776
canny_hough,otsu,edges,140,1,1,0.6,154.47,-5.53,5.163,8.312,0.684,0.407,1.302
canny_hough,otsu,edges,141,1,1,0.6,235.4,75.4,6.568,9.197,0.711,0.386,0.799
canny_hough,otsu,edges,142,1,1,0.6,243.1,83.1,7.519,11.129,0.757,0.483,1.593
canny_hough,otsu,edges,143,1,1,0.6,243.1,83.1,6.759,10.58,0.736,0.481,1.585
canny_hough,otsu,edges,144,1,1,0.6,216.22,56.22,7.042,10.122,0.687,0.431,1.182
canny_hough,otsu,edges,145,0,0,0.0,0.0,,1.531,5.894,1.921,0.452,1.112
canny_hough,otsu,edges,146,0,0,0.0,0.0,,0.851,4.382,1.094,0.427,1.151
canny_hough,otsu,edges,147,0,0,0.0,0.0,,0.79,3.369,0.683,0.386,0.728
canny_hough,otsu,edges,148,0,0,0.0,0.0,,0.659,3.716,1.181,0.437,0.73
canny_hough,otsu,edges,149,0,0,0.0,0.0,,0.969,4.74,1.146,0.46,1.397
canny_hough,otsu,edges,150,0,0,0.0,0.0,,2.505,6.882,1.227,0.54,1.668
canny_hough,otsu,edges,151,0,0,0.0,0.0,,2.688,7.11,1.161,0.611,1.726
canny_hough,otsu,edges,152,0,0,0.0,0.0,,1.954,5.627,1.11,0.497,1.241
canny_hough,otsu,edges,153,0,0,0.0,0.0,,3.667,6.904,1.177,0.388,0.971
canny_hough,otsu,edges,154,0,0,0.0,0.0,,4.632,11.327,1.005,0.507,4.451
canny_hough,otsu,edges,155,0,0,0.0,0.0,,5.121,13.178,4.428,0.546,2.277
canny_hough,otsu,edges,156,0,0,0.0,0.0,,4.048,8.189,1.215,0.544,1.489
canny_hough,otsu,edges,157,1,1,0.3,319.0,159.0,4.557,8.011,1.148,0.447,1.113
canny_hough,otsu,edges,158,1,1,0.3,319.0,159.0,5.296,8.405,1.047,0.387,0.954
canny_hough,otsu,edges,159,1,1,0.15,319.0,159.0,5.228,9.615,1.076,0.446,2.008
canny_hough,otsu,edges,160,0,0,0.0,0.0,,2.389,6.429,1.111,0.499,1.52
canny_hough,otsu,edges,161,1,1,0.3,319.0,159.0,5.75,10.308,1.194,0.557,1.648
canny_hough,otsu,edges,162,1,1,0.3,319.0,159.0,4.482,8.82,1.457,0.525,1.362
canny_hough,otsu,edges,163,1,1,0.6,319.0,159.0,5.178,8.452,1.053,0.387,1.076
canny_hough,otsu,edges,164,1,1,0.6,319.0,159.0,6.362,10.011,1.06,0.431,1.209
canny_hough,otsu,edges,165,1,1,0.15,319.0,159.0,4.876,9.025,1.139,0.471,1.55
canny_hough,otsu,edges,166,0,0,0.0,0.0,,4.072,8.372,1.264,0.544,1.585
canny_hough,otsu,edges,167,0,0,0.0,0.0,,3.443,7.717,1.342,0.612,1.395
canny_hough,otsu,edges,168,0,0,0.0,0.0,,3.278,6.823,1.202,0.441,1.128
canny_hough,otsu,edges,169,1,1,0.45,319.0,159.0,5.549,9.626,1.173,0.746,1.323
canny_hough,otsu,edges,170,1,1,0.45,319.0,159.0,5.272,9.263,1.103,0.482,1.36
canny_hough,otsu,edges,171,1,1,0.45,319.0,159.0,5.712,10.033,1.119,0.511,1.799
canny_hough,otsu,edges,172,1,1,0.3,319.0,159.0,4.572,9.015,1.24,0.563,1.605
canny_hough,otsu,edges,173,1,1,0.15,319.0,159.0,3.528,6.686,0.992,0.383,1.081
canny_hough,otsu,edges,174,1,1,0.3,319.0,159.0,4.354,8.203,1.127,0.402,1.614
canny_hough,otsu,edges,175,1,1,0.3,319.0,159.0,4.411,7.821,1.114,0.427,1.12
canny_hough,otsu,edges,176,1,1,0.45,319.0,159.0,5.801,9.722,1.14,0.513,1.419
canny_hough,otsu,edges,177,1,1,0.45,319.0,159.0,6.6,10.966,1.164,0.554,1.762
canny_hough,otsu,edges,178,1,1,0.45,319.0,159.0,4.562,7.851,1.059,0.386,0.957
canny_hough,otsu,edges,179,1,1,0.45,319.0,159.0,5.66,9.013,1.003,0.404,1.176
canny_hough,otsu,edges,180,1,1,0.15,319.0,159.0,4.431,8.2,1.031,0.481,1.425
canny_hough,otsu,edges,181,1,1,0.3,319.0,159.0,5.492,9.586,1.024,0.507,1.772
canny_hough,otsu,edges,182,1,1,0.3,319.0,159.0,5.686,10.292,1.413,0.567,1.689
canny_hough,otsu,edges,183,1,1,0.3,319.0,159.0,3.946,11.101,4.612,0.438,1.26
canny_hough,otsu,edges,184,1,1,0.3,319.0,159.0,4.395,7.884,1.05,0.437,1.178
canny_hough,otsu,edges,185,1,1,0.3,319.0,159.0,4.372,8.205,1.255,0.454,1.148
canny_hough,otsu,edges,186,1,1,0.3,319.0,159.0,4.098,7.869,1.044,0.497,1.481
canny_hough,otsu,edges,187,1,1,0.3,319.0,159.0,5.479,8.93,1.045,0.435,1.14
canny_hough,otsu,edges,188,1,1,0.15,319.0,159.0,5.712,10.203,1.198,0.595,1.731
canny_hough,otsu,edges,189,1,1,0.6,319.0,159.0,4.686,9.943,1.395,0.55,2.194
canny_hough,otsu,edges,190,1,1,0.6,319.0,159.0,4.557,7.909,1.092,0.406,1.114
canny_hough,otsu,edges,191,1,1,0.6,319.0,159.0,4.855,10.267,3.071,0.467,1.119
canny_hough,otsu,edges,192,1,1,0.45,319.0,159.0,5.476,9.383,1.067,0.45,1.426
canny_hough,otsu,edges,193,1,1,0.15,319.0,159.0,5.463,10.1,1.208,0.685,1.677
canny_hough,otsu,edges,194,0,0,0.0,0.0,,5.277,10.284,1.413,0.641,1.792
canny_hough,otsu,edges,195,0,0,0.0,0.0,,7.452,11.784,1.187,0.782,1.531
canny_hough,otsu,edges,196,1,1,0.45,319.0,159.0,5.476,11.006,1.274,0.627,2.665
canny_hough,otsu,edges,197,1,1,0.15,319.0,159.0,3.895,8.961,1.354,0.686,1.898
canny_hough,otsu,edges,198,1,1,0.15,319.0,159.0,3.74,7.154,1.11,0.461,1.073
canny_hough,otsu,edges,199,1,1,0.45,319.0,159.0,4.167,7.981,1.104,0.411,1.496
canny_hough,otsu,edges,200,1,1,0.45,319.0,159.0,4.774,8.76,1.132,0.486,1.502
canny_hough,otsu,edges,201,1,1,0.45,319.0,159.0,7.202,11.986,1.687,0.574,1.588
canny_hough,otsu,edges,202,1,1,0.6,319.0,159.0,4.33,12.427,3.875,0.448,2.896
canny_hough,otsu,edges,203,1,1,0.6,319.0,159.0,4.939,10.468,1.179,0.426,3.039
canny_hough,otsu,edges,204,1,1,0.45,319.0,159.0,5.722,10.226,1.204,0.551,1.804
canny_hough,otsu,edges,205,1,1,0.6,319.0,159.0,5.266,10.547,1.36,0.595,1.78
canny_hough,otsu,edges,206,1,1,0.6,319.0,159.0,4.758,8.661,1.516,0.436,1.157
canny_hough,otsu,edges,207,1,1,0.6,319.0,159.0,5.341,10.782,1.627,0.454,2.606
canny_hough,otsu,edges,208,1,1,0.6,319.0,159.0,5.815,10.656,1.32,0.647,1.857
canny_hough,otsu,edges,209,1,1,0.6,319.0,159.0,7.386,11.14,1.089,0.475,1.255
canny_hough,otsu,edges,210,1,1,0.6,319.0,159.0,10.241,17.188,1.546,0.829,3.406
canny_hough,otsu,edges,211,1,1,0.6,319.0,159.0,6.444,11.533,1.614,0.606,1.488
canny_hough,otsu,edges,212,1,1,0.6,319.0,159.0,6.513,12.694,2.578,0.952,1.868
canny_hough,otsu,edges,213,1,1,0.6,311.31,151.31,4.381,13.44,6.47,0.435,1.39
canny_hough,otsu,edges,214,1,1,0.6,311.31,151.31,4.474,8.406,1.23,0.501,1.435
canny_hough,otsu,edges,215,1,1,0.6,276.52,116.52,5.57,9.178,1.335,0.42,1.051
canny_hough,otsu,edges,216,1,1,0.6,242.75,82.75,6.87,10.878,1.095,0.526,1.568
canny_hough,otsu,edges,217,1,1,0.6,245.98,85.98,10.903,16.913,1.15,0.536,1.625
canny_hough,otsu,edges,218,1,1,0.45,232.7,72.7,4.335,9.496,1.239,0.476,2.674
canny_hough,otsu,edges,219,1,1,0.45,232.7,72.7,4.298,10.5,2.218,0.492,2.73
canny_hough,otsu,edges,220,1,1,0.6,232.83,72.83,4.188,9.264,1.396,0.472,2.398
canny_hough,otsu,edges,221,1,1,0.45,218.62,58.62,3.665,8.73,1.194,0.542,2.55
canny_hough,otsu,edges,222,1,1,0.45,218.62,58.62,4.171,9.366,1.268,0.479,2.558
canny_hough,otsu,edges,223,1,1,0.45,218.62,58.62,5.987,14.147,1.443,0.962,4.424
canny_hough,otsu,edges,224,1,1,0.45,218.62,58.62,3.453,12.754,4.619,0.621,3.278
canny_hough,otsu,edges,225,1,1,0.3,215.03,55.03,6.625,10.153,1.203,0.476,1.133
canny_hough,otsu,edges,226,1,1,0.3,215.03,55.03,6.65,9.952,1.082,0.39,1.126
canny_hough,otsu,edges,227,1,1,0.3,211.05,51.05,7.154,10.416,1.062,0.389,1.06
canny_hough,otsu,edges,228,1,1,0.3,211.05,51.05,6.681,9.966,1.086,0.454,1.054
canny_hough,otsu,edges,229,1,1,0.3,215.37,55.37,6.876,9.994,0.978,0.379,0.998
canny_hough,otsu,edges,230,1,1,0.3,219.26,59.26,5.793,12.441,1.248,0.568,3.973
canny_hough,otsu,edges,231,1,1,0.3,219.26,59.26,6.702,10.202,1.062,0.425,1.213
canny_hough,otsu,edges,232,1,1,0.45,211.44,51.44,8.021,11.003,0.705,0.397,1.086
canny_hough,otsu,edges,233,1,1,0.3,216.65,56.65,7.638,12.553,1.845,0.392,1.945
canny_hough,otsu,edges,234,1,1,0.3,217.08,57.08,8.74,12.683,1.349,0.463,1.324
canny_hough,otsu,edges,235,1,1,0.3,217.08,57.08,7.986,12.119,1.207,0.749,1.35
canny_hough,otsu,edges,236,1,1,0.3,214.2,54.2,8.751,12.637,1.219,0.475,1.354
canny_hough,otsu,edges,237,1,1,0.3,215.96,55.96,12.418,16.481,1.232,0.519,1.416
canny_hough,otsu,edges,238,1,1,0.3,215.96,55.96,6.961,11.007,1.409,0.506,1.247
canny_hough,otsu,edges,239,1,1,0.15,217.34,57.34,6.527,9.91,1.079,0.391,1.203
canny_hough,otsu,edges,240,1,1,0.15,217.34,57.34,6.617,10.027,1.005,0.39,1.14
canny_hough,otsu,edges,241,1,1,0.3,215.63,55.63,6.562,9.758,1.001,0.386,1.093
canny_hough,otsu,edges,242,1,1,0.3,218.97,58.97,6.666,9.97,1.007,0.383,1.148
canny_hough,otsu,edges,243,1,1,0.3,218.97,58.97,6.579,9.788,1.015,0.386,1.092
canny_hough,otsu,edges,244,1,1,0.3,214.87,54.87,6.784,10.079,1.004,0.385,1.156
canny_hough,otsu,edges,245,1,1,0.15,216.94,56.94,8.221,14.803,1.008,0.387,4.504
canny_hough,otsu,edges,246,1,1,0.15,216.94,56.94,7.546,11.871,1.045,0.434,2.121
canny_hough,otsu,edges,247,1,1,0.15,214.68,54.68,7.857,11.28,1.021,0.4,1.161
canny_hough,otsu,edges,248,1,1,0.15,214.68,54.68,7.909,11.181,1.038,0.393,1.104
canny_hough,otsu,edges,249,1,1,0.3,217.86,57.86,7.956,11.301,1.09,0.402,1.128
canny_hough,otsu,edges,250,1,1,0.3,217.86,57.86,7.685,11.189,1.071,0.418,1.204
canny_hough,otsu,edges,251,1,1,0.3,217.87,57.87,12.116,16.353,1.231,0.551,1.495
canny_hough,otsu,edges,252,1,1,0.3,217.87,57.87,17.291,25.321,4.695,0.661,1.618
canny_hough,otsu,edges,253,1,1,0.3,219.2,59.2,7.068,13.766,4.36,0.431,1.117
canny_hough,otsu,edges,254,1,1,0.3,219.2,59.2,7.4,13.318,3.666,0.402,1.157
canny_hough,otsu,edges,255,1,1,0.3,219.2,59.2,6.726,10.656,1.687,0.395,1.124
canny_hough,otsu,edges,256,1,1,0.15,217.77,57.77,6.581,9.825,1.001,0.385,1.15
canny_hough,otsu,edges,257,1,1,0.3,218.59,58.59,6.678,9.86,0.994,0.387,1.033
canny_hough,otsu,edges,258,1,1,0.3,218.59,58.59,6.581,9.798,0.997,0.386,1.128
canny_hough,otsu,edges,259,1,1,0.3,215.13,55.13,6.784,10.106,1.05,0.397,1.166
canny_hough,otsu,edges,260,1,1,0.3,217.85,57.85,6.548,9.789,0.995,0.388,1.137
canny_hough,otsu,edges,261,1,1,0.3,219.94,59.94,8.189,11.389,1.052,0.392,1.04
canny_hough,otsu,edges,262,1,1,0.3,219.94,59.94,7.354,10.738,1.192,0.418,1.02
canny_hough,otsu,edges,263,1,1,0.3,219.85,59.85,9.034,12.819,1.056,0.425,1.548
canny_hough,otsu,edges,264,1,1,0.3,219.85,59.85,9.322,13.855,1.222,0.555,1.76
canny_hough,otsu,edges,265,1,1,0.3,217.32,57.32,10.316,14.982,1.344,0.762,1.676
canny_hough,otsu,edges,266,1,1,0.3,217.32,57.32,7.887,11.341,1.113,0.419,1.1
canny_hough,otsu,edges,267,1,1,0.3,219.85,59.85,7.239,12.733,1.182,0.496,3.099
canny_hough,otsu,edges,268,1,1,0.3,219.85,59.85,6.625,9.963,1.018,0.395,1.163
canny_hough,otsu,edges,269,1,1,0.3,219.91,59.91,6.787,10.077,0.998,0.389,1.218
canny_hough,otsu,edges,270,1,1,0.3,219.91,59.91,6.832,10.084,1.0,0.392,1.05
canny_hough,otsu,edges,271,1,1,0.3,217.37,57.37,6.388,9.718,1.025,0.392,1.198
canny_hough,otsu,edges,272,1,1,0.3,217.37,57.37,6.49,9.786,1.0,0.386,1.149
canny_hough,otsu,edges,273,1,1,0.3,217.87,57.87,6.568,9.797,0.995,0.386,1.147
canny_hough,otsu,edges,274,1,1,0.15,217.12,57.12,6.66,9.86,1.056,0.388,1.051
canny_hough,otsu,edges,275,1,1,0.15,217.12,57.12,6.639,9.964,1.002,0.387,1.231
canny_hough,otsu,edges,276,1,1,0.3,219.14,59.14,7.276,10.507,1.064,0.386,1.049
canny_hough,otsu,edges,277,1,1,0.15,218.66,58.66,7.519,11.103,1.125,0.467,1.215
canny_hough,otsu,edges,278,1,1,0.3,218.22,58.22,7.529,11.533,1.086,0.506,1.637
canny_hough,otsu,edges,279,1,1,0.3,218.22,58.22,12.937,17.776,1.594,0.665,1.612
canny_hough,otsu,edges,280,1,1,0.3,219.67,59.67,8.892,12.672,1.226,0.428,1.192
canny_hough,otsu,edges,281,1,1,0.3,217.48,57.48,10.481,13.735,1.07,0.395,1.055
canny_hough,otsu,edges,282,1,1,0.3,219.52,59.52,8.661,12.713,1.126,0.429,1.754
canny_hough,otsu,edges,283,1,1,0.3,219.52,59.52,11.466,15.603,1.113,0.524,1.493
canny_hough,otsu,edges,284,1,1,0.3,215.99,55.99,6.636,10.092,1.083,0.409,1.189
canny_hough,otsu,edges,285,1,1,0.3,216.58,56.58,6.964,10.292,1.07,0.387,1.096
canny_hough,otsu,edges,286,1,1,0.3,217.77,57.77,12.048,15.399,1.082,0.437,1.102
canny_hough,otsu,edges,287,1,1,0.3,217.77,57.77,10.361,14.592,1.135,0.511,1.754
canny_hough,otsu,edges,288,1,1,0.15,219.84,59.84,8.358,12.714,1.157,0.557,1.654
canny_hough,otsu,edges,289,1,1,0.3,217.42,57.42,7.015,11.431,1.861,0.408,1.376
canny_hough,otsu,edges,290,1,1,0.3,217.42,57.42,7.638,10.996,1.005,0.409,1.175
canny_hough,otsu,edges,291,1,1,0.3,220.23,60.23,11.391,15.069,0.728,0.437,1.524
canny_hough,otsu,edges,292,1,1,0.15,219.84,59.84,7.433,11.871,1.39,0.509,1.464
canny_hough,otsu,edges,293,1,1,0.3,217.95,57.95,7.452,11.243,1.144,0.575,1.275
canny_hough,otsu,edges,294,1,1,0.3,217.95,57.95,11.654,16.063,1.147,0.675,1.668
canny_hough,otsu,edges,295,1,1,0.3,216.16,56.16,6.971,11.581,1.089,0.507,2.23
canny_hough,otsu,edges,296,1,1,0.3,218.73,58.73,8.828,12.336,1.03,0.391,1.337
canny_hough,otsu,edges,297,1,1,0.3,219.2,59.2,14.066,18.587,1.292,0.587,1.632
canny_hough,otsu,edges,298,1,1,0.3,219.2,59.2,7.074,10.533,1.117,0.406,1.209
canny_hough,otsu,edges,299,1,1,0.15,217.12,57.12,10.294,14.051,1.114,0.451,1.301
canny_hough,otsu,edges,300,1,1,0.15,217.12,57.12,9.655,15.501,1.228,0.731,2.886
canny_hough,otsu,edges,301,1,1,0.3,220.23,60.23,8.998,12.626,1.066,0.421,1.274
canny_hough,otsu,edges,302,1,1,0.3,215.03,55.03,10.904,15.275,1.176,0.62,1.587
canny_hough,otsu,edges,303,1,1,0.3,215.03,55.03,7.539,11.131,1.195,0.436,1.222
canny_hough,otsu,edges,304,1,1,0.3,217.48,57.48,10.08,13.522,1.011,0.409,1.283
canny_hough,otsu,edges,305,1,1,0.3,218.13,58.13,9.003,13.554,1.431,0.57,1.584
canny_hough,otsu,edges,306,1,1,0.3,218.14,58.14,7.043,10.334,1.016,0.391,1.07
canny_hough,otsu,edges,307,1,1,0.3,218.14,58.14,9.816,13.505,1.113,0.513,1.279
canny_hough,otsu,edges,308,1,1,0.3,219.06,59.06,9.886,14.6,1.289,0.582,1.751
canny_hough,otsu,edges,309,1,1,0.3,223.75,63.75,3.264,6.618,1.093,0.484,1.023
canny_hough,otsu,edges,310,1,1,0.15,224.64,64.64,5.876,9.407,1.127,0.411,1.225
canny_hough,otsu,edges,311,1,1,0.15,224.64,64.64,8.628,12.831,1.191,0.513,1.615
canny_hough,otsu,edges,312,1,1,0.3,221.51,61.51,5.971,12.128,1.328,0.641,3.161
canny_hough,otsu,edges,313,1,1,0.3,224.28,64.28,5.694,9.186,1.07,0.434,1.2
canny_hough,otsu,edges,314,1,1,0.3,224.28,64.28,8.203,11.989,1.03,0.439,1.517
canny_hough,otsu,edges,315,1,1,0.3,220.25,60.25,7.53,12.251,1.371,0.585,1.821
canny_hough,otsu,edges,316,1,1,0.3,220.8,60.8,6.59,9.844,1.007,0.388,1.173
canny_hough,otsu,edges,317,1,1,0.3,221.93,61.93,6.596,9.709,1.041,0.383,0.995
canny_hough,otsu,edges,318,1,1,0.3,221.93,61.93,6.697,9.734,0.99,0.377,0.997
canny_hough,otsu,edges,319,1,1,0.3,218.59,58.59,5.625,8.984,1.056,0.413,1.159
canny_hough,otsu,edges,320,1,1,0.3,221.97,61.97,6.45,9.624,0.999,0.376,0.992
canny_hough,otsu,edges,321,1,1,0.3,222.1,62.1,6.455,9.595,0.997,0.379,1.068
canny_hough,otsu,edges,322,1,1,0.3,222.1,62.1,6.651,9.436,0.956,0.385,0.749
canny_hough,otsu,edges,323,1,1,0.3,219.39,59.39,6.304,8.733,0.638,0.376,0.741
canny_hough,otsu,edges,324,1,1,0.3,219.39,59.39,6.346,8.805,0.641,0.378,0.742
canny_hough,otsu,edges,325,1,1,0.3,219.87,59.87,6.492,9.016,0.648,0.377,0.803
canny_hough,otsu,edges,326,1,1,0.3,219.87,59.87,6.621,9.165,0.707,0.385,0.75
canny_hough,otsu,edges,327,1,1,0.3,222.83,62.83,6.374,8.858,0.666,0.377,0.747
canny_hough,otsu,edges,328,1,1,0.3,222.83,62.83,6.431,8.888,0.644,0.38,0.729
canny_hough,otsu,edges,329,1,1,0.3,220.28,60.28,6.389,8.888,0.642,0.38,0.78
canny_hough,otsu,edges,330,1,1,0.3,220.28,60.28,6.495,9.034,0.688,0.383,0.729
canny_hough,otsu,edges,331,1,1,0.15,219.9,59.9,6.24,8.698,0.645,0.376,0.745
canny_hough,otsu,edges,332,1,1,0.15,219.9,59.9,7.154,9.681,0.636,0.379,0.808
canny_hough,otsu,edges,333,1,1,0.3,222.06,62.06,9.911,13.129,0.777,0.419,1.174
canny_hough,otsu,edges,334,1,1,0.3,222.06,62.06,9.285,13.487,1.117,0.52,1.551
canny_hough,otsu,edges,335,1,1,0.3,219.37,59.37,7.017,10.434,1.062,0.431,1.16
canny_hough,otsu,edges,336,1,1,0.3,221.24,61.24,7.166,9.958,0.657,0.382,0.958
canny_hough,otsu,edges,337,1,1,0.3,219.57,59.57,6.472,9.118,0.662,0.407,0.863
canny_hough,otsu,edges,338,1,1,0.3,219.57,59.57,6.627,9.206,0.711,0.387,0.774
canny_hough,otsu,edges,339,1,1,0.3,223.89,63.89,6.641,9.106,0.65,0.381,0.746
canny_hough,otsu,edges,340,1,1,0.3,220.85,60.85,6.676,9.279,0.663,0.379,0.836
canny_hough,otsu,edges,341,1,1,0.15,221.77,61.77,6.554,9.097,0.711,0.384,0.744
canny_hough,otsu,edges,342,1,1,0.15,221.77,61.77,6.498,9.522,0.738,0.428,1.173
canny_hough,otsu,edges,343,1,1,0.3,221.37,61.37,6.857,9.46,0.658,0.384,0.841
canny_hough,otsu,edges,344,1,1,0.3,222.77,62.77,6.836,9.371,0.692,0.396,0.749
canny_hough,otsu,edges,345,1,1,0.15,221.77,61.77,6.454,8.951,0.668,0.379,0.749
canny_hough,otsu,edges,346,1,1,0.15,221.77,61.77,6.807,9.403,0.658,0.378,0.857
canny_hough,otsu,edges,347,1,1,0.3,220.87,60.87,6.855,9.56,0.721,0.381,0.743
canny_hough,otsu,edges,348,1,1,0.3,220.87,60.87,6.479,8.98,0.664,0.384,0.758
canny_hough,otsu,edges,349,1,1,0.15,221.77,61.77,6.662,9.518,0.687,0.418,1.025
canny_hough,otsu,edges,350,1,1,0.3,220.91,60.91,7.213,10.318,0.717,0.4,1.263
canny_hough,otsu,edges,351,1,1,0.3,220.91,60.91,6.626,9.665,1.034,0.393,0.909
canny_hough,otsu,edges,352,1,1,0.3,223.22,63.22,8.033,10.591,0.658,0.383,0.756
canny_hough,otsu,edges,353,1,1,0.15,222.83,62.83,6.619,9.219,0.656,0.388,0.836
canny_hough,otsu,edges,354,1,1,0.3,220.91,60.91,6.667,9.29,0.65,0.387,0.753
canny_hough,otsu,edges,355,1,1,0.3,220.91,60.91,6.908,9.427,0.666,0.382,0.765
canny_hough,otsu,edges,356,1,1,0.3,217.1,57.1,9.438,12.55,0.68,0.408,1.237
canny_hough,otsu,edges,357,1,1,0.3,221.98,61.98,9.058,13.239,1.176,0.477,1.574
canny_hough,otsu,edges,358,1,1,0.3,221.2,61.2,8.375,11.248,0.751,0.404,0.745
canny_hough,otsu,edges,359,1,1,0.3,221.2,61.2,6.91,9.811,0.677,0.39,1.067
canny_hough,otsu,edges,360,1,1,0.15,221.65,61.65,6.612,9.312,0.662,0.38,0.797
canny_hough,adaptive,edges,0,0,0,0.0,0.0,,4.579,14.724,1.062,7.401,0.99
canny_hough,adaptive,edges,1,0,0,0.0,0.0,,4.433,14.62,0.696,7.463,1.126
canny_hough,adaptive,edges,2,0,0,0.0,0.0,,4.533,14.277,0.634,7.459,0.966
canny_hough,adaptive,edges,3,0,0,0.0,0.0,,4.672,14.327,0.66,7.234,1.053
canny_hough,adaptive,edges,4,0,0,0.0,0.0,,4.391,14.023,0.667,7.337,0.936
canny_hough,adaptive,edges,5,0,0,0.0,0.0,,4.491,14.081,0.709,7.132,1.057
canny_hough,adaptive,edges,6,0,0,0.0,0.0,,4.476,13.911,0.635,7.173,0.926
canny_hough,adaptive,edges,7,0,0,0.0,0.0,,4.353,13.924,0.68,7.151,1.048
canny_hough,adaptive,edges,8,0,0,0.0,0.0,,4.502,14.026,0.642,7.173,0.981
canny_hough,adaptive,edges,9,0,0,0.0,0.0,,4.359,13.922,0.684,7.156,1.034
canny_hough,adaptive,edges,10,0,0,0.0,0.0,,4.491,14.199,0.634,7.236,1.105
canny_hough,adaptive,edges,11,0,0,0.0,0.0,,4.62,14.169,0.692,7.173,0.989
canny_hough,adaptive,edges,12,0,0,0.0,0.0,,4.562,14.058,0.643,7.168,0.988
canny_hough,adaptive,edges,13,0,0,0.0,0.0,,4.329,13.891,0.635,7.207,0.962
canny_hough,adaptive,edges,14,0,0,0.0,0.0,,4.369,13.845,0.639,7.172,0.964
canny_hough,adaptive,edges,15,0,0,0.0,0.0,,4.499,14.032,0.629,7.116,1.032
canny_hough,adaptive,edges,16,0,0,0.0,0.0,,4.538,14.046,0.644,7.199,0.968
canny_hough,adaptive,edges,17,0,0,0.0,0.0,,4.512,14.057,0.633,7.196,0.956
canny_hough,adaptive,edges,18,0,0,0.0,0.0,,4.575,14.112,0.646,7.193,0.976
canny_hough,adaptive,edges,19,0,0,0.0,0.0,,4.356,13.822,0.632,7.182,0.953
canny_hough,adaptive,edges,20,0,0,0.0,0.0,,4.382,13.889,0.647,7.191,0.978
canny_hough,adaptive,edges,21,0,0,0.0,0.0,,4.516,14.076,0.633,7.202,0.969
canny_hough,adaptive,edges,22,0,0,0.0,0.0,,4.196,13.721,0.641,7.199,0.986
canny_hough,adaptive,edges,23,0,0,0.0,0.0,,4.157,13.74,0.636,7.226,0.965
canny_hough,adaptive,edges,24,0,0,0.0,0.0,,4.518,14.037,0.639,7.206,0.981
canny_hough,adaptive,edges,25,0,0,0.0,0.0,,4.56,14.149,0.636,7.206,0.971
canny_hough,adaptive,edges,26,0,0,0.0,0.0,,4.608,14.139,0.648,7.197,0.988
canny_hough,adaptive,edges,27,0,0,0.0,0.0,,4.525,14.0,0.636,7.172,0.973
canny_hough,adaptive,edges,28,0,0,0.0,0.0,,4.613,14.163,0.653,7.174,0.997
canny_hough,adaptive,edges,29,0,0,0.0,0.0,,4.553,14.039,0.634,7.196,0.963
canny_hough,adaptive,edges,30,0,0,0.0,0.0,,4.753,14.337,0.639,7.194,0.988
canny_hough,adaptive,edges,31,0,0,0.0,0.0,,4.651,14.127,0.639,7.165,0.972
canny_hough,adaptive,edges,32,0,0,0.0,0.0,,4.496,14.115,0.685,7.151,1.086
canny_hough,adaptive,edges,33,0,0,0.0,0.0,,4.477,13.937,0.642,7.165,0.96
canny_hough,adaptive,edges,34,0,0,0.0,0.0,,4.478,14.076,0.701,7.157,1.051
canny_hough,adaptive,edges,35,0,0,0.0,0.0,,4.359,13.849,0.647,7.176,0.978
canny_hough,adaptive,edges,36,0,0,0.0,0.0,,4.391,13.951,0.69,7.146,1.039
canny_hough,adaptive,edges,37,0,0,0.0,0.0,,4.442,13.927,0.643,7.176,0.98
canny_hough,adaptive,edges,38,0,0,0.0,0.0,,4.476,14.087,0.686,7.161,1.04
canny_hough,adaptive,edges,39,0,0,0.0,0.0,,4.317,14.044,0.638,7.47,0.933
canny_hough,adaptive,edges,40,0,0,0.0,0.0,,4.354,14.033,0.701,7.158,1.131
canny_hough,adaptive,edges,41,0,0,0.0,0.0,,4.67,14.135,0.649,7.17,0.957
canny_hough,adaptive,edges,42,0,0,0.0,0.0,,4.296,13.902,0.634,7.254,0.965
canny_hough,adaptive,edges,43,0,0,0.0,0.0,,4.542,14.037,0.65,7.155,0.998
canny_hough,adaptive,edges,44,0,0,0.0,0.0,,4.543,14.133,0.639,7.208,0.976
canny_hough,adaptive,edges,45,0,0,0.0,0.0,,4.473,13.959,0.643,7.159,0.985
canny_hough,adaptive,edges,46,0,0,0.0,0.0,,4.48,13.983,0.634,7.207,0.976
canny_hough,adaptive,edges,47,0,0,0.0,0.0,,4.682,14.146,0.64,7.156,0.971
canny_hough,adaptive,edges,48,0,0,0.0,0.0,,4.618,14.157,0.641,7.203,0.974
canny_hough,adaptive,edges,49,0,0,0.0,0.0,,4.591,14.049,0.643,7.143,0.981
canny_hough,adaptive,edges,50,0,0,0.0,0.0,,4.487,14.017,0.648,7.216,0.961
canny_hough,adaptive,edges,51,0,0,0.0,0.0,,4.715,14.252,0.635,7.193,0.958
canny_hough,adaptive,edges,52,0,0,0.0,0.0,,4.564,14.068,0.645,7.184,0.975
canny_hough,adaptive,edges,53,0,0,0.0,0.0,,5.233,15.132,0.856,7.262,1.053
canny_hough,adaptive,edges,54,0,0,0.0,0.0,,5.591,16.233,0.712,8.027,1.174
canny_hough,adaptive,edges,55,0,0,0.0,0.0,,5.75,16.436,0.765,8.038,1.126
canny_hough,adaptive,edges,56,0,0,0.0,0.0,,5.096,15.321,0.965,7.561,0.962
canny_hough,adaptive,edges,57,0,0,0.0,0.0,,6.426,17.184,0.737,8.123,1.171
canny_hough,adaptive,edges,58,0,0,0.0,0.0,,5.453,16.836,0.743,8.131,1.487
canny_hough,adaptive,edges,59,0,0,0.0,0.0,,4.85,15.09,0.986,7.372,1.022
canny_hough,adaptive,edges,60,0,0,0.0,0.0,,6.318,17.186,1.12,7.799,1.143
canny_hough,adaptive,edges,61,0,0,0.0,0.0,,5.635,19.087,0.777,8.911,2.848
canny_hough,adaptive,edges,62,0,0,0.0,0.0,,5.269,15.618,1.002,7.567,1.071
canny_hough,adaptive,edges,63,0,0,0.0,0.0,,7.552,19.386,1.066,8.129,1.766
canny_hough,adaptive,edges,64,0,0,0.0,0.0,,5.166,16.919,1.182,8.409,1.358
canny_hough,adaptive,edges,65,0,0,0.0,0.0,,5.312,16.738,1.001,8.274,1.4
canny_hough,adaptive,edges,66,0,0,0.0,0.0,,5.65,16.868,1.039,7.598,1.831
canny_hough,adaptive,edges,67,0,0,0.0,0.0,,6.586,19.232,1.74,8.385,1.64
canny_hough,adaptive,edges,68,0,0,0.0,0.0,,4.613,15.33,1.116,7.649,1.1
canny_hough,adaptive,edges,69,0,0,0.0,0.0,,5.302,16.146,1.005,7.463,1.403
canny_hough,adaptive,edges,70,0,0,0.0,0.0,,6.229,16.733,1.048,7.428,1.256
canny_hough,adaptive,edges,71,0,0,0.0,0.0,,6.351,18.342,1.11,8.115,1.928
canny_hough,adaptive,edges,72,1,1,0.6,319.0,159.0,3.453,13.886,1.089,7.335,1.278
canny_hough,adaptive,edges,73,0,0,0.0,0.0,,4.713,14.935,0.984,7.333,1.203
canny_hough,adaptive,edges,74,0,0,0.0,0.0,,4.627,14.652,0.988,7.216,1.118
canny_hough,adaptive,edges,75,0,0,0.0,0.0,,4.591,14.657,0.995,7.19,1.129
canny_hough,adaptive,edges,76,0,0,0.0,0.0,,4.659,14.897,0.976,7.189,1.384
canny_hough,adaptive,edges,77,0,0,0.0,0.0,,4.249,14.187,0.986,7.142,1.112
canny_hough,adaptive,edges,78,0,0,0.0,0.0,,4.415,14.687,0.998,7.216,1.261
canny_hough,adaptive,edges,79,0,0,0.0,0.0,,6.061,17.213,1.005,7.74,1.633
canny_hough,adaptive,edges,80,1,1,0.15,319.0,159.0,2.643,14.19,1.168,8.222,1.229
canny_hough,adaptive,edges,81,1,1,0.3,319.0,159.0,3.09,14.383,1.005,8.036,1.404
canny_hough,adaptive,edges,82,1,1,0.3,319.0,159.0,3.573,15.768,1.138,8.437,1.74
canny_hough,adaptive,edges,83,1,1,0.45,319.0,159.0,3.584,14.527,1.189,7.86,1.115
canny_hough,adaptive,edges,84,0,0,0.0,0.0,,6.417,18.643,1.111,8.107,2.099
canny_hough,adaptive,edges,85,0,0,0.0,0.0,,4.449,16.521,1.161,8.338,1.77
canny_hough,adaptive,edges,86,0,0,0.0,0.0,,8.682,18.992,1.025,7.332,1.219
canny_hough,adaptive,edges,87,0,0,0.0,0.0,,5.425,17.976,1.319,8.018,2.337
canny_hough,adaptive,edges,88,0,0,0.0,0.0,,3.775,15.382,1.559,8.076,1.132
canny_hough,adaptive,edges,89,0,0,0.0,0.0,,4.776,15.609,1.069,7.485,1.535
canny_hough,adaptive,edges,90,0,0,0.0,0.0,,6.732,19.338,1.155,8.744,1.834
canny_hough,adaptive,edges,91,0,0,0.0,0.0,,4.105,15.319,1.226,7.961,1.202
canny_hough,adaptive,edges,92,0,0,0.0,0.0,,4.823,15.24,0.994,7.433,1.292
canny_hough,adaptive,edges,93,0,0,0.0,0.0,,6.335,18.134,1.141,8.038,1.634
canny_hough,adaptive,edges,94,0,0,0.0,0.0,,4.24,15.935,1.228,8.332,1.273
canny_hough,adaptive,edges,95,0,0,0.0,0.0,,4.718,15.745,1.062,7.376,1.859
canny_hough,adaptive,edges,96,0,0,0.0,0.0,,6.533,18.992,1.157,8.582,1.729
canny_hough,adaptive,edges,97,0,0,0.0,0.0,,4.292,15.492,1.197,7.99,1.217
canny_hough,adaptive,edges,98,0,0,0.0,0.0,,9.261,19.69,0.988,7.388,1.235
canny_hough,adaptive,edges,99,0,0,0.0,0.0,,9.297,24.893,2.692,8.379,3.544
canny_hough,adaptive,edges,100,0,0,0.0,0.0,,6.285,18.061,1.044,7.863,1.978
canny_hough,adaptive,edges,101,0,0,0.0,0.0,,5.616,17.39,1.206,8.287,1.375
canny_hough,adaptive,edges,102,0,0,0.0,0.0,,6.757,18.095,1.024,7.825,1.707
canny_hough,adaptive,edges,103,0,0,0.0,0.0,,5.015,17.506,1.219,8.692,1.541
canny_hough,adaptive,edges,104,1,1,0.6,304.26,144.26,4.664,15.883,1.086,7.761,1.501
canny_hough,adaptive,edges,105,1,1,0.3,281.77,121.77,5.75,19.626,2.12,8.949,1.808
canny_hough,adaptive,edges,106,1,1,0.3,281.77,121.77,7.11,17.97,1.1,7.733,1.273
canny_hough,adaptive,edges,107,1,1,0.3,253.94,93.94,2.864,19.088,1.259,8.634,5.491
canny_hough,adaptive,edges,108,1,1,0.3,253.94,93.94,3.494,14.568,1.016,7.703,1.583
canny_hough,adaptive,edges,109,1,1,0.3,266.91,106.91,6.034,18.511,1.146,8.611,1.771
canny_hough,adaptive,edges,110,1,1,0.3,266.91,106.91,5.05,16.106,1.079,7.533,1.704
canny_hough,adaptive,edges,111,1,1,0.3,266.91,106.91,6.805,18.953,1.054,8.229,1.882
canny_hough,adaptive,edges,112,0,0,0.0,0.0,,3.106,15.589,2.282,7.847,1.422
canny_hough,adaptive,edges,113,0,0,0.0,0.0,,5.115,17.069,1.08,8.146,1.88
canny_hough,adaptive,edges,114,0,0,0.0,0.0,,3.892,15.448,1.219,8.033,1.36
canny_hough,adaptive,edges,115,1,1,0.3,0.0,-160.0,5.061,15.899,1.163,7.634,1.298
canny_hough,adaptive,edges,116,1,1,0.3,0.0,-160.0,5.681,18.472,1.233,8.836,1.809
canny_hough,adaptive,edges,117,1,1,0.6,0.0,-160.0,4.866,15.748,1.084,7.464,1.44
canny_hough,adaptive,edges,118,1,1,0.6,0.0,-160.0,7.264,19.504,1.104,8.448,1.769
canny_hough,adaptive,edges,119,1,1,0.6,0.0,-160.0,5.682,16.685,1.045,7.74,1.401
canny_hough,adaptive,edges,120,1,1,0.6,0.0,-160.0,6.397,19.173,1.135,9.061,1.671
canny_hough,adaptive,edges,121,1,1,0.6,0.0,-160.0,5.109,16.267,1.857,7.368,1.227
canny_hough,adaptive,edges,122,1,1,0.6,0.0,-160.0,6.186,18.039,1.124,7.89,1.994
canny_hough,adaptive,edges,123,1,1,0.6,0.0,-160.0,5.454,17.029,1.255,8.007,1.442
canny_hough,adaptive,edges,124,1,1,0.6,0.0,-160.0,7.37,20.257,1.059,9.053,1.917
canny_hough,adaptive,edges,125,1,1,0.6,42.12,-117.88,5.384,16.931,1.24,7.619,1.759
canny_hough,adaptive,edges,126,1,1,0.6,67.45,-92.55,6.511,18.568,1.072,8.172,1.902
canny_hough,adaptive,edges,127,1,1,0.6,67.45,-92.55,4.959,17.767,1.425,8.166,2.153
canny_hough,adaptive,edges,128,0,0,0.0,0.0,,7.536,19.691,1.062,8.232,1.911
canny_hough,adaptive,edges,129,0,0,0.0,0.0,,4.854,16.514,1.382,7.869,1.477
canny_hough,adaptive,edges,130,0,0,0.0,0.0,,7.082,20.236,1.088,8.091,3.098
canny_hough,adaptive,edges,131,0,0,0.0,0.0,,4.905,16.126,1.301,7.691,1.244
canny_hough,adaptive,edges,132,0,0,0.0,0.0,,7.321,19.217,1.125,8.242,1.604
canny_hough,adaptive,edges,133,1,1,0.6,319.0,159.0,4.711,17.144,2.57,7.616,1.359
canny_hough,adaptive,edges,134,1,1,0.6,319.0,159.0,6.071,17.916,1.128,8.032,1.768
canny_hough,adaptive,edges,135,1,1,0.6,319.0,159.0,4.61,16.13,1.465,7.933,1.3
canny_hough,adaptive,edges,136,1,1,0.3,319.0,159.0,5.96,17.684,1.109,7.937,1.854
canny_hough,adaptive,edges,137,1,1,0.45,319.0,159.0,4.486,15.935,1.342,7.926,1.233
canny_hough,adaptive,edges,138,1,1,0.45,319.0,159.0,4.186,14.45,1.055,7.238,1.194
canny_hough,adaptive,edges,139,1,1,0.45,319.0,159.0,4.177,14.584,1.058,7.377,1.286
canny_hough,adaptive,edges,140,1,1,0.6,154.47,-5.53,4.736,14.967,1.067,7.204,1.267
canny_hough,adaptive,edges,141,1,1,0.6,235.4,75.4,5.554,15.863,1.045,7.267,1.243
canny_hough,adaptive,edges,142,1,1,0.6,243.1,83.1,5.858,16.101,1.055,7.226,1.205
canny_hough,adaptive,edges,143,1,1,0.6,243.1,83.1,5.841,16.079,1.062,7.177,1.205
canny_hough,adaptive,edges,144,1,1,0.6,216.22,56.22,6.281,16.46,1.057,7.21,1.226
canny_hough,adaptive,edges,145,0,0,0.0,0.0,,1.372,11.448,1.068,7.175,1.145
canny_hough,adaptive,edges,146,0,0,0.0,0.0,,0.663,10.603,0.981,7.199,1.113
canny_hough,adaptive,edges,147,0,0,0.0,0.0,,0.667,10.621,1.019,7.13,1.167
canny_hough,adaptive,edges,148,0,0,0.0,0.0,,0.672,10.514,0.952,7.13,1.09
canny_hough,adaptive,edges,149,0,0,0.0,0.0,,0.664,10.599,0.974,7.19,1.111
canny_hough,adaptive,edges,150,0,0,0.0,0.0,,1.885,11.993,1.004,7.111,1.347
canny_hough,adaptive,edges,151,0,0,0.0,0.0,,1.873,11.999,1.014,7.114,1.34
canny_hough,adaptive,edges,152,0,0,0.0,0.0,,1.914,12.075,1.024,7.134,1.343
canny_hough,adaptive,edges,153,0,0,0.0,0.0,,3.475,13.447,1.029,7.117,1.162
canny_hough,adaptive,edges,154,0,0,0.0,0.0,,3.508,13.633,0.991,7.201,1.25
canny_hough,adaptive,edges,155,0,0,0.0,0.0,,3.402,13.43,0.989,7.174,1.124
canny_hough,adaptive,edges,156,0,0,0.0,0.0,,3.121,13.138,0.991,7.207,1.08
canny_hough,adaptive,edges,157,1,1,0.3,319.0,159.0,4.471,14.404,0.984,7.176,1.085
canny_hough,adaptive,edges,158,1,1,0.3,319.0,159.0,4.46,14.512,1.039,7.148,1.132
canny_hough,adaptive,edges,159,1,1,0.15,319.0,159.0,4.262,14.302,0.985,7.163,1.21
canny_hough,adaptive,edges,160,0,0,0.0,0.0,,1.739,11.727,0.99,7.191,1.134
canny_hough,adaptive,edges,161,1,1,0.3,319.0,159.0,4.193,14.115,0.987,7.18,1.08
canny_hough,adaptive,edges,162,1,1,0.3,319.0,159.0,4.24,14.252,0.986,7.183,1.087
canny_hough,adaptive,edges,163,1,1,0.6,319.0,159.0,4.797,14.746,0.998,7.174,1.093
canny_hough,adaptive,edges,164,1,1,0.6,319.0,159.0,4.817,14.891,1.034,7.233,1.11
canny_hough,adaptive,edges,165,1,1,0.15,319.0,159.0,3.273,13.35,0.992,7.167,1.224
canny_hough,adaptive,edges,166,0,0,0.0,0.0,,2.936,12.984,0.993,7.2,1.094
canny_hough,adaptive,edges,167,0,0,0.0,0.0,,2.902,12.988,0.99,7.175,1.238
canny_hough,adaptive,edges,168,0,0,0.0,0.0,,2.929,13.044,0.988,7.172,1.237
canny_hough,adaptive,edges,169,1,1,0.45,319.0,159.0,4.306,14.337,1.033,7.147,1.155
canny_hough,adaptive,edges,170,1,1,0.45,319.0,159.0,4.298,14.254,0.993,7.171,1.096
canny_hough,adaptive,edges,171,1,1,0.45,319.0,159.0,4.258,14.243,0.978,7.167,1.084
canny_hough,adaptive,edges,172,1,1,0.3,319.0,159.0,3.3,13.239,0.996,7.177,1.071
canny_hough,adaptive,edges,173,1,1,0.15,319.0,159.0,3.132,13.275,1.034,7.146,1.265
canny_hough,adaptive,edges,174,1,1,0.3,319.0,159.0,3.844,13.791,0.982,7.191,1.091
canny_hough,adaptive,edges,175,1,1,0.3,319.0,159.0,3.825,13.962,0.991,7.176,1.295
canny_hough,adaptive,edges,176,1,1,0.45,319.0,159.0,4.169,14.218,0.99,7.193,1.178
canny_hough,adaptive,edges,177,1,1,0.45,319.0,159.0,4.392,14.533,1.021,7.195,1.247
canny_hough,adaptive,edges,178,1,1,0.45,319.0,159.0,4.32,14.869,1.029,7.595,1.187
canny_hough,adaptive,edges,179,1,1,0.45,319.0,159.0,4.402,14.803,1.054,7.305,1.299
canny_hough,adaptive,edges,180,1,1,0.15,319.0,159.0,3.127,13.76,1.159,7.236,1.497
canny_hough,adaptive,edges,181,1,1,0.3,319.0,159.0,4.093,14.27,0.986,7.379,1.131
canny_hough,adaptive,edges,182,1,1,0.3,319.0,159.0,3.76,13.855,1.037,7.205,1.146
canny_hough,adaptive,edges,183,1,1,0.3,319.0,159.0,3.597,13.953,1.021,7.301,1.309
canny_hough,adaptive,edges,184,1,1,0.3,319.0,159.0,3.692,14.125,1.045,7.251,1.41
canny_hough,adaptive,edges,185,1,1,0.3,319.0,159.0,3.97,14.149,0.991,7.231,1.27
canny_hough,adaptive,edges,186,1,1,0.3,319.0,159.0,3.992,14.177,1.063,7.229,1.2
canny_hough,adaptive,edges,187,1,1,0.3,319.0,159.0,4.055,14.716,0.996,7.546,1.362
canny_hough,adaptive,edges,188,1,1,0.15,319.0,159.0,4.094,14.44,1.007,7.311,1.273
canny_hough,adaptive,edges,189,1,1,0.6,319.0,159.0,4.505,15.013,1.212,7.427,1.173
canny_hough,adaptive,edges,190,1,1,0.6,319.0,159.0,4.31,14.476,0.996,7.246,1.172
canny_hough,adaptive,edges,191,1,1,0.6,319.0,159.0,4.357,14.512,0.996,7.386,1.075
canny_hough,adaptive,edges,192,1,1,0.45,319.0,159.0,3.771,14.068,1.029,7.311,1.261
canny_hough,adaptive,edges,193,1,1,0.15,319.0,159.0,3.643,13.897,0.981,7.305,1.271
canny_hough,adaptive,edges,194,0,0,0.0,0.0,,4.497,15.003,1.271,7.291,1.212
canny_hough,adaptive,edges,195,0,0,0.0,0.0,,4.536,14.573,0.989,7.169,1.09
canny_hough,adaptive,edges,196,1,1,0.45,319.0,159.0,3.753,13.755,0.997,7.163,1.145
canny_hough,adaptive,edges,197,1,1,0.15,319.0,159.0,3.02,13.048,1.023,7.163,1.156
canny_hough,adaptive,edges,198,1,1,0.15,319.0,159.0,3.07,13.212,0.992,7.218,1.138
canny_hough,adaptive,edges,199,1,1,0.45,319.0,159.0,3.393,13.396,0.994,7.18,1.139
canny_hough,adaptive,edges,200,1,1,0.45,319.0,159.0,3.389,13.394,0.985,7.191,1.129
canny_hough,adaptive,edges,201,1,1,0.45,319.0,159.0,3.833,13.875,0.978,7.211,1.152
canny_hough,adaptive,edges,202,1,1,0.6,319.0,159.0,4.005,14.07,0.99,7.249,1.077
canny_hough,adaptive,edges,203,1,1,0.6,319.0,159.0,4.332,14.566,0.988,7.322,1.228
canny_hough,adaptive,edges,204,1,1,0.45,319.0,159.0,4.146,14.156,1.032,7.133,1.149
canny_hough,adaptive,edges,205,1,1,0.6,319.0,159.0,3.968,14.165,0.996,7.365,1.153
canny_hough,adaptive,edges,206,1,1,0.6,319.0,159.0,4.141,14.299,1.034,7.209,1.224
canny_hough,adaptive,edges,207,1,1,0.6,319.0,159.0,4.238,14.473,0.993,7.38,1.178
canny_hough,adaptive,edges,208,1,1,0.6,319.0,159.0,4.647,14.713,0.994,7.185,1.14
canny_hough,adaptive,edges,209,1,1,0.6,319.0,159.0,4.617,15.542,1.073,7.16,1.98
canny_hough,adaptive,edges,210,1,1,0.6,319.0,159.0,4.385,14.65,1.012,7.357,1.198
canny_hough,adaptive,edges,211,1,1,0.6,319.0,159.0,4.314,14.811,1.025,7.64,1.084
canny_hough,adaptive,edges,212,1,1,0.6,319.0,159.0,4.412,14.637,0.99,7.272,1.213
canny_hough,adaptive,edges,213,1,1,0.6,311.31,151.31,4.08,14.183,1.034,7.2,1.184
canny_hough,adaptive,edges,214,1,1,0.6,311.31,151.31,4.085,14.255,0.997,7.434,1.044
canny_hough,adaptive,edges,215,1,1,0.6,276.52,116.52,4.785,15.009,1.089,7.351,1.071
canny_hough,adaptive,edges,216,1,1,0.6,242.75,82.75,5.105,16.156,1.185,7.207,1.928
canny_hough,adaptive,edges,217,1,1,0.6,245.98,85.98,5.265,15.329,1.029,7.125,1.213
canny_hough,adaptive,edges,218,1,1,0.45,232.7,72.7,3.748,13.749,0.981,7.204,1.105
canny_hough,adaptive,edges,219,1,1,0.45,232.7,72.7,3.713,13.732,0.988,7.178,1.099
canny_hough,adaptive,edges,220,1,1,0.6,232.83,72.83,3.614,13.526,0.987,7.164,1.083
canny_hough,adaptive,edges,221,1,1,0.45,218.62,58.62,3.138,13.172,1.041,7.12,1.167
canny_hough,adaptive,edges,222,1,1,0.45,218.62,58.62,3.107,13.106,0.994,7.185,1.13
canny_hough,adaptive,edges,223,1,1,0.45,218.62,58.62,3.272,13.328,0.979,7.173,1.17
canny_hough,adaptive,edges,224,1,1,0.45,218.62,58.62,3.189,13.653,1.078,7.536,1.09
canny_hough,adaptive,edges,225,1,1,0.3,215.03,55.03,6.812,16.863,0.991,7.189,1.189
canny_hough,adaptive,edges,226,1,1,0.3,215.03,55.03,6.7,17.14,1.027,7.599,1.108
canny_hough,adaptive,edges,227,1,1,0.3,211.05,51.05,6.832,17.278,1.061,7.334,1.269
canny_hough,adaptive,edges,228,1,1,0.3,211.05,51.05,6.849,16.984,0.992,7.205,1.206
canny_hough,adaptive,edges,229,1,1,0.3,215.37,55.37,5.46,15.699,0.999,7.363,1.186
canny_hough,adaptive,edges,230,1,1,0.3,219.26,59.26,5.268,15.322,0.995,7.2,1.158
canny_hough,adaptive,edges,231,1,1,0.3,219.26,59.26,5.156,15.229,0.985,7.28,1.116
canny_hough,adaptive,edges,232,1,1,0.45,211.44,51.44,7.271,17.766,0.993,7.594,1.16
canny_hough,adaptive,edges,233,1,1,0.3,216.65,56.65,7.159,17.428,1.025,7.365,1.177
canny_hough,adaptive,edges,234,1,1,0.3,217.08,57.08,6.93,17.084,1.041,7.2,1.215
canny_hough,adaptive,edges,235,1,1,0.3,217.08,57.08,6.508,16.719,0.985,7.23,1.258
canny_hough,adaptive,edges,236,1,1,0.3,214.2,54.2,6.5,16.596,0.991,7.166,1.258
canny_hough,adaptive,edges,237,1,1,0.3,215.96,55.96,6.556,16.548,0.995,7.151,1.152
canny_hough,adaptive,edges,238,1,1,0.3,215.96,55.96,6.551,16.616,0.985,7.149,1.143
canny_hough,adaptive,edges,239,1,1,0.15,217.34,57.34,6.387,16.568,1.028,7.14,1.332
canny_hough,adaptive,edges,240,1,1,0.15,217.34,57.34,6.437,16.511,1.05,7.198,1.136
canny_hough,adaptive,edges,241,1,1,0.3,215.63,55.63,6.349,16.553,0.991,7.195,1.261
canny_hough,adaptive,edges,242,1,1,0.3,218.97,58.97,6.839,16.971,0.999,7.226,1.223
canny_hough,adaptive,edges,243,1,1,0.3,218.97,58.97,6.986,17.108,0.989,7.209,1.232
canny_hough,adaptive,edges,244,1,1,0.3,214.87,54.87,7.028,17.526,1.036,7.313,1.414
canny_hough,adaptive,edges,245,1,1,0.15,216.94,56.94,6.754,17.603,1.021,7.257,1.829
canny_hough,adaptive,edges,246,1,1,0.15,216.94,56.94,6.698,17.691,1.038,7.564,1.483
canny_hough,adaptive,edges,247,1,1,0.15,214.68,54.68,6.722,17.151,1.007,7.451,1.222
canny_hough,adaptive,edges,248,1,1,0.15,214.68,54.68,7.035,17.205,0.99,7.248,1.152
canny_hough,adaptive,edges,249,1,1,0.3,217.86,57.86,6.68,16.781,0.987,7.216,1.196
canny_hough,adaptive,edges,250,1,1,0.3,217.86,57.86,7.008,17.396,1.146,7.224,1.317
canny_hough,adaptive,edges,251,1,1,0.3,217.87,57.87,6.818,16.887,0.994,7.234,1.138
canny_hough,adaptive,edges,252,1,1,0.3,217.87,57.87,7.544,17.997,1.001,7.373,1.342
canny_hough,adaptive,edges,253,1,1,0.3,219.2,59.2,6.697,17.075,1.042,7.409,1.231
canny_hough,adaptive,edges,254,1,1,0.3,219.2,59.2,6.747,16.824,0.99,7.277,1.107
canny_hough,adaptive,edges,255,1,1,0.3,219.2,59.2,6.7,16.86,0.997,7.228,1.248
canny_hough,adaptive,edges,256,1,1,0.15,217.77,57.77,6.745,17.178,0.99,7.41,1.342
canny_hough,adaptive,edges,257,1,1,0.3,218.59,58.59,6.508,16.807,0.999,7.375,1.148
canny_hough,adaptive,edges,258,1,1,0.3,218.59,58.59,6.512,16.615,0.996,7.216,1.169
canny_hough,adaptive,edges,259,1,1,0.3,215.13,55.13,6.689,17.784,0.987,8.095,1.237
canny_hough,adaptive,edges,260,1,1,0.3,217.85,57.85,6.585,16.79,1.037,7.221,1.187
canny_hough,adaptive,edges,261,1,1,0.3,219.94,59.94,6.422,16.665,0.99,7.224,1.285
canny_hough,adaptive,edges,262,1,1,0.3,219.94,59.94,6.43,16.616,0.99,7.254,1.249
canny_hough,adaptive,edges,263,1,1,0.3,219.85,59.85,6.474,16.584,0.983,7.157,1.277
canny_hough,adaptive,edges,264,1,1,0.3,219.85,59.85,6.499,16.782,0.979,7.308,1.259
canny_hough,adaptive,edges,265,1,1,0.3,217.32,57.32,6.574,16.678,1.031,7.136,1.237
canny_hough,adaptive,edges,266,1,1,0.3,217.32,57.32,6.726,16.827,1.04,7.217,1.145
canny_hough,adaptive,edges,267,1,1,0.3,219.85,59.85,6.432,16.566,0.998,7.191,1.249
canny_hough,adaptive,edges,268,1,1,0.3,219.85,59.85,6.562,16.59,0.998,7.164,1.14
canny_hough,adaptive,edges,269,1,1,0.3,219.91,59.91,6.738,16.837,0.993,7.153,1.231
canny_hough,adaptive,edges,270,1,1,0.3,219.91,59.91,6.823,17.211,1.076,7.262,1.346
canny_hough,adaptive,edges,271,1,1,0.3,217.37,57.37,6.465,16.772,0.997,7.342,1.229
canny_hough,adaptive,edges,272,1,1,0.3,217.37,57.37,6.472,16.493,0.994,7.207,1.125
canny_hough,adaptive,edges,273,1,1,0.3,217.87,57.87,6.793,16.93,1.0,7.217,1.222
canny_hough,adaptive,edges,274,1,1,0.15,217.12,57.12,6.874,16.948,0.988,7.183,1.128
canny_hough,adaptive,edges,275,1,1,0.15,217.12,57.12,6.762,17.04,1.045,7.199,1.346
canny_hough,adaptive,edges,276,1,1,0.3,219.14,59.14,6.859,17.064,0.99,7.257,1.266
canny_hough,adaptive,edges,277,1,1,0.15,218.66,58.66,6.409,17.219,1.025,7.315,1.751
canny_hough,adaptive,edges,278,1,1,0.3,218.22,58.22,7.036,18.055,1.691,7.437,1.157
canny_hough,adaptive,edges,279,1,1,0.3,218.22,58.22,6.976,17.189,0.996,7.298,1.221
canny_hough,adaptive,edges,280,1,1,0.3,219.67,59.67,6.715,16.905,0.994,7.193,1.245
canny_hough,adaptive,edges,281,1,1,0.3,217.48,57.48,6.885,16.983,1.04,7.164,1.199
canny_hough,adaptive,edges,282,1,1,0.3,219.52,59.52,7.076,17.24,0.985,7.266,1.162
canny_hough,adaptive,edges,283,1,1,0.3,219.52,59.52,7.063,17.179,1.002,7.27,1.15
canny_hough,adaptive,edges,284,1,1,0.3,215.99,55.99,6.586,17.177,1.089,7.454,1.312
canny_hough,adaptive,edges,285,1,1,0.3,216.58,56.58,6.985,17.269,1.001,7.311,1.223
canny_hough,adaptive,edges,286,1,1,0.3,217.77,57.77,7.125,17.235,0.994,7.172,1.25
canny_hough,adaptive,edges,287,1,1,0.3,217.77,57.77,9.393,19.789,1.001,7.335,1.348
canny_hough,adaptive,edges,288,1,1,0.15,219.84,59.84,8.728,20.977,1.157,8.505,1.67
canny_hough,adaptive,edges,289,1,1,0.3,217.42,57.42,12.183,24.508,1.058,8.063,2.025
canny_hough,adaptive,edges,290,1,1,0.3,217.42,57.42,7.774,20.04,1.133,8.354,1.672
canny_hough,adaptive,edges,291,1,1,0.3,220.23,60.23,9.905,21.307,1.133,8.118,1.289
canny_hough,adaptive,edges,292,1,1,0.15,219.84,59.84,6.738,18.451,1.077,7.947,1.945
canny_hough,adaptive,edges,293,1,1,0.3,217.95,57.95,9.556,21.101,1.025,8.264,1.435
canny_hough,adaptive,edges,294,1,1,0.3,217.95,57.95,8.422,20.565,1.127,8.262,1.855
canny_hough,adaptive,edges,295,1,1,0.3,216.16,56.16,6.606,16.844,1.023,7.271,1.258
canny_hough,adaptive,edges,296,1,1,0.3,218.73,58.73,6.754,17.222,1.053,7.191,1.531
canny_hough,adaptive,edges,297,1,1,0.3,219.2,59.2,6.962,17.295,1.003,7.273,1.251
canny_hough,adaptive,edges,298,1,1,0.3,219.2,59.2,6.678,17.096,0.999,7.24,1.39
canny_hough,adaptive,edges,299,1,1,0.15,217.12,57.12,6.497,17.229,1.414,7.201,1.382
canny_hough,adaptive,edges,300,1,1,0.15,217.12,57.12,6.601,17.109,1.037,7.562,1.128
canny_hough,adaptive,edges,301,1,1,0.3,220.23,60.23,6.845,17.051,0.981,7.302,1.224
canny_hough,adaptive,edges,302,1,1,0.3,215.03,55.03,6.475,16.813,1.214,7.154,1.156
canny_hough,adaptive,edges,303,1,1,0.3,215.03,55.03,6.413,16.743,1.024,7.133,1.484
canny_hough,adaptive,edges,304,1,1,0.3,217.48,57.48,6.563,16.626,0.984,7.188,1.138
canny_hough,adaptive,edges,305,1,1,0.3,218.13,58.13,6.735,16.856,0.985,7.197,1.243
canny_hough,adaptive,edges,306,1,1,0.3,218.14,58.14,9.137,20.978,1.001,7.739,2.208
canny_hough,adaptive,edges,307,1,1,0.3,218.14,58.14,7.148,18.879,1.134,8.411,1.379
canny_hough,adaptive,edges,308,1,1,0.3,219.06,59.06,7.131,17.715,1.02,7.272,1.379
canny_hough,adaptive,edges,309,1,1,0.3,223.75,63.75,3.015,13.431,1.112,7.242,1.257
canny_hough,adaptive,edges,310,1,1,0.15,224.64,64.64,5.089,15.167,1.0,7.242,1.132
canny_hough,adaptive,edges,311,1,1,0.15,224.64,64.64,5.079,16.163,1.869,7.321,1.133
canny_hough,adaptive,edges,312,1,1,0.3,221.51,61.51,5.282,15.412,0.987,7.243,1.16
canny_hough,adaptive,edges,313,1,1,0.3,224.28,64.28,5.274,16.058,1.479,7.409,1.181
canny_hough,adaptive,edges,314,1,1,0.3,224.28,64.28,5.414,15.719,1.05,7.405,1.169
canny_hough,adaptive,edges,315,1,1,0.3,220.25,60.25,5.257,15.423,1.04,7.187,1.249
canny_hough,adaptive,edges,316,1,1,0.3,220.8,60.8,7.361,17.51,1.029,7.184,1.224
canny_hough,adaptive,edges,317,1,1,0.3,221.93,61.93,10.515,22.858,1.108,8.389,1.935
canny_hough,adaptive,edges,318,1,1,0.3,221.93,61.93,8.977,19.685,1.23,7.461,1.219
canny_hough,adaptive,edges,319,1,1,0.3,218.59,58.59,8.49,20.475,1.36,8.181,1.604
canny_hough,adaptive,edges,320,1,1,0.3,221.97,61.97,9.781,21.442,1.065,8.099,1.595
canny_hough,adaptive,edges,321,1,1,0.3,222.1,62.1,8.644,19.748,1.125,7.837,1.287
canny_hough,adaptive,edges,322,1,1,0.3,222.1,62.1,9.58,21.852,1.116,8.403,1.882
canny_hough,adaptive,edges,323,1,1,0.3,219.39,59.39,8.846,20.027,1.06,7.74,1.591
canny_hough,adaptive,edges,324,1,1,0.3,219.39,59.39,6.806,19.218,1.965,8.215,1.44
canny_hough,adaptive,edges,325,1,1,0.3,219.87,59.87,11.41,23.548,1.14,8.526,1.647
canny_hough,adaptive,edges,326,1,1,0.3,219.87,59.87,9.814,20.927,1.167,7.558,1.57
canny_hough,adaptive,edges,327,1,1,0.3,222.83,62.83,7.4,22.939,5.042,8.492,1.241
canny_hough,adaptive,edges,328,1,1,0.3,222.83,62.83,9.866,21.869,1.045,8.338,1.71
canny_hough,adaptive,edges,329,1,1,0.3,220.28,60.28,9.296,20.576,1.195,7.873,1.262
canny_hough,adaptive,edges,330,1,1,0.3,220.28,60.28,8.396,20.818,1.106,8.536,1.909
canny_hough,adaptive,edges,331,1,1,0.15,219.9,59.9,9.512,21.173,1.021,7.924,1.848
canny_hough,adaptive,edges,332,1,1,0.15,219.9,59.9,7.277,18.974,1.241,8.387,1.252
canny_hough,adaptive,edges,333,1,1,0.3,222.06,62.06,9.86,21.769,1.117,8.224,1.721
canny_hough,adaptive,edges,334,1,1,0.3,222.06,62.06,8.909,20.101,1.171,7.556,1.62
canny_hough,adaptive,edges,335,1,1,0.3,219.37,59.37,7.414,19.646,1.156,8.433,1.74
canny_hough,adaptive,edges,336,1,1,0.3,221.24,61.24,10.418,22.413,1.153,8.095,1.897
canny_hough,adaptive,edges,337,1,1,0.3,219.57,59.57,9.028,20.458,1.159,7.984,1.484
canny_hough,adaptive,edges,338,1,1,0.3,219.57,59.57,8.416,20.567,1.109,8.574,1.567
canny_hough,adaptive,edges,339,1,1,0.3,223.89,63.89,6.336,16.627,1.079,7.243,1.278
canny_hough,adaptive,edges,340,1,1,0.3,220.85,60.85,8.828,21.815,1.895,8.404,1.793
canny_hough,adaptive,edges,341,1,1,0.15,221.77,61.77,8.622,20.398,1.114,7.849,1.919
canny_hough,adaptive,edges,342,1,1,0.15,221.77,61.77,7.859,19.928,1.128,8.53,1.593
canny_hough,adaptive,edges,343,1,1,0.3,221.37,61.37,10.557,22.238,1.036,7.969,1.868
canny_hough,adaptive,edges,344,1,1,0.3,222.77,62.77,8.529,19.362,1.131,7.721,1.173
canny_hough,adaptive,edges,345,1,1,0.15,221.77,61.77,9.077,21.58,1.096,8.24,2.057
canny_hough,adaptive,edges,346,1,1,0.15,221.77,61.77,6.758,17.493,1.049,7.43,1.409
canny_hough,adaptive,edges,347,1,1,0.3,220.87,60.87,10.065,21.174,1.168,7.689,1.408
canny_hough,adaptive,edges,348,1,1,0.3,220.87,60.87,12.832,27.035,1.221,9.038,2.655
canny_hough,adaptive,edges,349,1,1,0.15,221.77,61.77,7.623,18.61,1.131,7.796,1.289
canny_hough,adaptive,edges,350,1,1,0.3,220.91,60.91,7.664,18.296,1.058,7.483,1.315
canny_hough,adaptive,edges,351,1,1,0.3,220.91,60.91,7.133,23.228,1.086,11.936,2.321
canny_hough,adaptive,edges,352,1,1,0.3,223.22,63.22,7.773,19.427,1.057,8.037,1.604
canny_hough,adaptive,edges,353,1,1,0.15,222.83,62.83,6.268,16.557,1.087,7.244,1.246
canny_hough,adaptive,edges,354,1,1,0.3,220.91,60.91,6.499,16.869,0.999,7.306,1.298
canny_hough,adaptive,edges,355,1,1,0.3,220.91,60.91,6.465,16.637,1.004,7.289,1.17
canny_hough,adaptive,edges,356,1,1,0.3,217.1,57.1,6.712,16.893,1.0,7.272,1.203
canny_hough,adaptive,edges,357,1,1,0.3,221.98,61.98,6.419,16.683,1.01,7.283,1.272
canny_hough,adaptive,edges,358,1,1,0.3,221.2,61.2,6.734,17.154,1.051,7.242,1.386
canny_hough,adaptive,edges,359,1,1,0.3,221.2,61.2,6.657,16.967,1.005,7.295,1.298
canny_hough,adaptive,edges,360,1,1,0.15,221.65,61.65,6.958,17.214,1.004,7.336,1.179
canny_hough,fixed,binary,0,0,0,0.0,0.0,,6.265,10.536,1.117,0.206,2.214
canny_hough,fixed,binary,1,0,0,0.0,0.0,,5.087,8.303,1.081,0.118,1.243
canny_hough,fixed,binary,2,0,0,0.0,0.0,,5.09,8.071,1.064,0.119,1.005
canny_hough,fixed,binary,3,0,0,0.0,0.0,,5.067,7.667,0.71,0.116,0.999
canny_hough,fixed,binary,4,0,0,0.0,0.0,,5.18,8.415,1.067,0.113,1.303
canny_hough,fixed,binary,5,0,0,0.0,0.0,,5.2,8.264,1.074,0.118,1.163
canny_hough,fixed,binary,6,0,0,0.0,0.0,,4.9,8.361,1.05,0.153,1.339
canny_hough,fixed,binary,7,0,0,0.0,0.0,,5.789,8.61,1.013,0.104,0.951
canny_hough,fixed,binary,8,0,0,0.0,0.0,,6.022,9.614,1.173,0.18,1.404
canny_hough,fixed,binary,9,0,0,0.0,0.0,,6.561,10.849,1.604,0.221,1.424
canny_hough,fixed,binary,10,0,0,0.0,0.0,,8.201,12.905,1.39,0.291,1.841
canny_hough,fixed,binary,11,0,0,0.0,0.0,,5.54,10.333,1.341,0.334,2.014
canny_hough,fixed,binary,12,0,0,0.0,0.0,,4.825,7.908,1.0,0.096,1.289
canny_hough,fixed,binary,13,0,0,0.0,0.0,,4.699,7.74,1.003,0.1,1.202
canny_hough,fixed,binary,14,0,0,0.0,0.0,,4.721,7.575,1.03,0.121,0.982
canny_hough,fixed,binary,15,0,0,0.0,0.0,,4.654,7.627,0.992,0.105,1.182
canny_hough,fixed,binary,16,0,0,0.0,0.0,,5.489,8.491,0.994,0.102,1.05
canny_hough,fixed,binary,17,0,0,0.0,0.0,,4.665,7.554,1.021,0.107,0.994
canny_hough,fixed,binary,18,0,0,0.0,0.0,,4.669,7.664,0.995,0.105,1.197
canny_hough,fixed,binary,19,0,0,0.0,0.0,,4.481,7.533,0.999,0.101,1.199
canny_hough,fixed,binary,20,0,0,0.0,0.0,,4.545,7.62,1.055,0.105,1.218
canny_hough,fixed,binary,21,0,0,0.0,0.0,,4.658,7.822,1.056,0.117,1.274
canny_hough,fixed,binary,22,0,0,0.0,0.0,,4.307,7.222,1.064,0.11,1.03
canny_hough,fixed,binary,23,0,0,0.0,0.0,,4.306,7.464,1.002,0.101,1.343
canny_hough,fixed,binary,24,0,0,0.0,0.0,,4.641,8.046,1.004,0.097,1.585
canny_hough,fixed,binary,25,0,0,0.0,0.0,,5.135,8.226,1.004,0.1,1.284
canny_hough,fixed,binary,26,0,0,0.0,0.0,,4.987,8.424,1.067,0.189,1.383
canny_hough,fixed,binary,27,0,0,0.0,0.0,,5.342,8.273,1.068,0.109,1.02
canny_hough,fixed,binary,28,0,0,0.0,0.0,,6.582,10.191,1.128,0.224,1.441
canny_hough,fixed,binary,29,0,0,0.0,0.0,,5.818,9.098,1.106,0.134,1.245
canny_hough,fixed,binary,30,0,0,0.0,0.0,,6.097,10.272,1.236,0.281,1.706
canny_hough,fixed,binary,31,0,0,0.0,0.0,,4.947,8.063,1.084,0.102,1.208
canny_hough,fixed,binary,32,0,0,0.0,0.0,,4.742,7.799,1.012,0.1,1.223
canny_hough,fixed,binary,33,0,0,0.0,0.0,,4.692,7.513,1.004,0.105,1.011
canny_hough,fixed,binary,34,0,0,0.0,0.0,,4.6,7.604,0.998,0.101,1.19
canny_hough,fixed,binary,35,0,0,0.0,0.0,,4.486,7.381,1.007,0.101,1.015
canny_hough,fixed,binary,36,0,0,0.0,0.0,,4.501,8.005,1.12,0.111,1.526
canny_hough,fixed,binary,37,0,0,0.0,0.0,,4.618,7.499,1.072,0.113,0.995
canny_hough,fixed,binary,38,0,0,0.0,0.0,,4.598,7.442,1.053,0.112,0.978
canny_hough,fixed,binary,39,0,0,0.0,0.0,,4.461,7.523,0.987,0.165,1.209
canny_hough,fixed,binary,40,0,0,0.0,0.0,,4.642,7.779,0.997,0.101,1.333
canny_hough,fixed,binary,41,0,0,0.0,0.0,,5.423,8.742,1.136,0.162,1.286
canny_hough,fixed,binary,42,0,0,0.0,0.0,,4.637,7.563,1.085,0.13,0.98
canny_hough,fixed,binary,43,0,0,0.0,0.0,,4.643,7.8,1.082,0.103,1.278
canny_hough,fixed,binary,44,0,0,0.0,0.0,,4.651,7.797,1.075,0.104,1.272
canny_hough,fixed,binary,45,0,0,0.0,0.0,,4.598,7.753,1.084,0.101,1.254
canny_hough,fixed,binary,46,0,0,0.0,0.0,,5.268,8.229,1.004,0.093,1.112
canny_hough,fixed,binary,47,0,0,0.0,0.0,,6.239,9.927,1.079,0.196,1.564
canny_hough,fixed,binary,48,0,0,0.0,0.0,,7.188,10.432,1.155,0.199,1.028
canny_hough,fixed,binary,49,0,0,0.0,0.0,,7.811,15.247,5.099,0.198,1.316
canny_hough,fixed,binary,50,0,0,0.0,0.0,,5.022,9.266,1.122,0.156,2.175
canny_hough,fixed,binary,51,0,0,0.0,0.0,,4.946,8.318,1.301,0.119,1.218
canny_hough,fixed,binary,52,0,0,0.0,0.0,,4.65,7.911,1.033,0.145,1.304
canny_hough,fixed,binary,53,0,0,0.0,0.0,,5.021,8.27,1.012,0.101,1.287
canny_hough,fixed,binary,54,0,0,0.0,0.0,,4.863,8.439,1.151,0.216,1.383
canny_hough,fixed,binary,55,0,0,0.0,0.0,,5.948,9.791,1.539,0.257,1.168
canny_hough,fixed,binary,56,0,0,0.0,0.0,,7.0,11.139,1.23,0.287,1.674
canny_hough,fixed,binary,57,0,0,0.0,0.0,,4.795,8.714,1.303,0.251,1.468
canny_hough,fixed,binary,58,0,0,0.0,0.0,,4.511,7.741,1.013,0.1,1.396
canny_hough,fixed,binary,59,0,0,0.0,0.0,,4.532,7.513,1.001,0.105,1.164
canny_hough,fixed,binary,60,0,0,0.0,0.0,,4.914,7.866,1.005,0.132,1.088
canny_hough,fixed,binary,61,0,0,0.0,0.0,,5.152,8.912,1.161,0.215,1.58
canny_hough,fixed,binary,62,0,0,0.0,0.0,,6.205,9.234,1.157,0.131,0.889
canny_hough,fixed,binary,63,0,0,0.0,0.0,,7.248,13.042,1.105,0.266,3.469
canny_hough,fixed,binary,64,0,0,0.0,0.0,,5.094,8.913,1.453,0.255,1.208
canny_hough,fixed,binary,65,0,0,0.0,0.0,,5.467,8.79,1.085,0.095,1.26
canny_hough,fixed,binary,66,0,0,0.0,0.0,,6.212,9.548,1.152,0.169,1.123
canny_hough,fixed,binary,67,0,0,0.0,0.0,,6.99,10.977,1.188,0.207,1.687
canny_hough,fixed,binary,68,0,0,0.0,0.0,,5.218,9.964,1.377,0.361,1.908
canny_hough,fixed,binary,69,0,0,0.0,0.0,,5.188,8.878,1.065,0.111,1.787
canny_hough,fixed,binary,70,0,0,0.0,0.0,,5.803,8.682,1.089,0.169,0.869
canny_hough,fixed,binary,71,0,0,0.0,0.0,,6.712,10.074,1.09,0.184,1.279
canny_hough,fixed,binary,72,1,1,0.6,319.0,159.0,5.19,9.295,1.183,0.301,1.671
canny_hough,fixed,binary,73,0,0,0.0,0.0,,5.892,9.199,1.155,0.128,1.048
canny_hough,fixed,binary,74,0,0,0.0,0.0,,5.635,9.324,1.159,0.297,1.445
canny_hough,fixed,binary,75,0,0,0.0,0.0,,6.88,10.818,1.093,0.22,1.802
canny_hough,fixed,binary,76,0,0,0.0,0.0,,7.012,11.325,1.347,0.291,1.72
canny_hough,fixed,binary,77,0,0,0.0,0.0,,4.662,7.808,1.096,0.164,1.052
canny_hough,fixed,binary,78,0,0,0.0,0.0,,5.202,9.1,1.363,0.151,1.49
canny_hough,fixed,binary,79,0,0,0.0,0.0,,6.438,10.241,1.186,0.259,1.539
canny_hough,fixed,binary,80,1,1,0.15,319.0,159.0,4.377,8.606,1.389,0.293,1.515
canny_hough,fixed,binary,81,1,1,0.3,319.0,159.0,2.768,6.482,1.243,0.202,1.142
canny_hough,fixed,binary,82,1,1,0.3,319.0,159.0,2.859,6.617,1.605,0.169,1.169
canny_hough,fixed,binary,83,1,1,0.45,319.0,159.0,3.676,6.763,1.019,0.12,1.128
canny_hough,fixed,binary,84,0,0,0.0,0.0,,6.198,9.893,1.096,0.241,1.414
canny_hough,fixed,binary,85,0,0,0.0,0.0,,6.802,11.201,1.218,0.369,1.745
canny_hough,fixed,binary,86,0,0,0.0,0.0,,4.657,8.097,1.029,0.133,1.527
canny_hough,fixed,binary,87,0,0,0.0,0.0,,4.265,7.603,1.041,0.144,1.371
canny_hough,fixed,binary,88,0,0,0.0,0.0,,4.995,7.316,0.725,0.105,0.766
canny_hough,fixed,binary,89,0,0,0.0,0.0,,6.139,9.568,0.791,0.278,1.488
canny_hough,fixed,binary,90,0,0,0.0,0.0,,6.349,9.716,1.141,0.168,1.26
canny_hough,fixed,binary,91,0,0,0.0,0.0,,4.758,8.397,0.894,0.164,1.572
canny_hough,fixed,binary,92,0,0,0.0,0.0,,4.665,7.76,1.023,0.138,1.11
canny_hough,fixed,binary,93,0,0,0.0,0.0,,6.026,10.283,1.22,0.261,1.759
canny_hough,fixed,binary,94,0,0,0.0,0.0,,6.638,10.944,1.335,0.342,1.668
canny_hough,fixed,binary,95,0,0,0.0,0.0,,5.232,8.821,1.156,0.171,1.506
canny_hough,fixed,binary,96,0,0,0.0,0.0,,6.376,10.047,1.262,0.197,1.368
canny_hough,fixed,binary,97,0,0,0.0,0.0,,7.255,11.534,1.195,0.343,1.754
canny_hough,fixed,binary,98,0,0,0.0,0.0,,4.692,8.051,1.155,0.216,1.009
canny_hough,fixed,binary,99,0,0,0.0,0.0,,4.842,8.211,1.072,0.155,1.214
canny_hough,fixed,binary,100,0,0,0.0,0.0,,5.911,9.113,1.015,0.145,1.318
canny_hough,fixed,binary,101,0,0,0.0,0.0,,8.0,14.844,1.175,0.254,4.52
canny_hough,fixed,binary,102,0,0,0.0,0.0,,5.482,8.919,1.11,0.164,1.255
canny_hough,fixed,binary,103,0,0,0.0,0.0,,5.681,9.05,1.108,0.129,1.386
canny_hough,fixed,binary,104,1,1,0.6,304.26,144.26,4.834,8.725,1.289,0.238,1.45
canny_hough,fixed,binary,105,1,1,0.3,281.77,121.77,7.165,12.945,1.389,0.321,3.031
canny_hough,fixed,binary,106,1,1,0.3,281.77,121.77,5.745,8.877,1.082,0.101,1.183
canny_hough,fixed,binary,107,1,1,0.3,253.94,93.94,3.427,6.747,1.045,0.13,1.397
canny_hough,fixed,binary,108,1,1,0.3,253.94,93.94,4.069,7.947,1.123,0.268,1.533
canny_hough,fixed,binary,109,1,1,0.3,266.91,106.91,8.186,12.346,1.213,0.281,1.683
canny_hough,fixed,binary,110,1,1,0.3,266.91,106.91,4.941,8.378,1.172,0.157,1.228
canny_hough,fixed,binary,111,1,1,0.3,266.91,106.91,4.876,8.016,1.003,0.119,1.278
canny_hough,fixed,binary,112,0,0,0.0,0.0,,3.056,6.11,1.038,0.119,1.162
canny_hough,fixed,binary,113,0,0,0.0,0.0,,4.957,8.724,1.085,0.12,1.446
canny_hough,fixed,binary,114,0,0,0.0,0.0,,5.085,8.472,1.16,0.154,1.154
canny_hough,fixed,binary,115,1,1,0.3,0.0,-160.0,4.86,9.051,1.197,0.315,1.85
canny_hough,fixed,binary,116,1,1,0.3,0.0,-160.0,4.898,8.274,1.148,0.147,1.276
canny_hough,fixed,binary,117,1,1,0.6,0.0,-160.0,6.507,10.542,1.177,0.345,1.645
canny_hough,fixed,binary,118,1,1,0.6,0.0,-160.0,6.163,11.67,2.543,0.297,1.716
canny_hough,fixed,binary,119,1,1,0.6,0.0,-160.0,4.649,8.051,1.31,0.147,1.082
canny_hough,fixed,binary,120,1,1,0.6,0.0,-160.0,5.004,7.728,0.996,0.094,0.94
canny_hough,fixed,binary,121,1,1,0.6,0.0,-160.0,4.907,7.729,0.986,0.095,1.041
canny_hough,fixed,binary,122,1,1,0.6,0.0,-160.0,4.71,7.91,1.074,0.13,1.277
canny_hough,fixed,binary,123,1,1,0.6,0.0,-160.0,4.72,7.466,0.995,0.092,0.967
canny_hough,fixed,binary,124,1,1,0.6,0.0,-160.0,4.699,7.627,1.013,0.094,1.04
canny_hough,fixed,binary,125,1,1,0.6,42.12,-117.88,4.748,7.636,0.99,0.093,1.053
canny_hough,fixed,binary,126,1,1,0.6,67.45,-92.55,4.492,7.338,1.05,0.106,0.97
canny_hough,fixed,binary,127,1,1,0.6,67.45,-92.55,4.476,7.328,1.048,0.095,1.022
canny_hough,fixed,binary,128,0,0,0.0,0.0,,4.488,7.425,0.994,0.092,1.164
canny_hough,fixed,binary,129,0,0,0.0,0.0,,4.398,7.221,0.987,0.092,1.053
canny_hough,fixed,binary,130,0,0,0.0,0.0,,4.367,7.093,0.991,0.09,0.959
canny_hough,fixed,binary,131,0,0,0.0,0.0,,4.301,6.973,0.976,0.089,0.933
canny_hough,fixed,binary,132,0,0,0.0,0.0,,4.58,7.345,1.026,0.095,0.95
canny_hough,fixed,binary,133,1,1,0.6,319.0,159.0,4.251,7.039,1.002,0.144,0.959
canny_hough,fixed,binary,134,1,1,0.6,319.0,159.0,4.271,7.011,0.983,0.09,1.0
canny_hough,fixed,binary,135,1,1,0.6,319.0,159.0,4.243,6.944,0.997,0.093,0.924
canny_hough,fixed,binary,136,1,1,0.3,319.0,159.0,4.161,6.956,0.982,0.09,0.935
canny_hough,fixed,binary,137,1,1,0.45,319.0,159.0,4.167,7.076,1.029,0.098,1.086
canny_hough,fixed,binary,138,1,1,0.45,319.0,159.0,4.181,6.955,0.985,0.092,1.005
canny_hough,fixed,binary,139,1,1,0.45,319.0,159.0,4.191,7.07,0.991,0.091,1.115
canny_hough,fixed,binary,140,1,1,0.6,154.47,-5.53,4.731,7.688,0.989,0.09,1.128
canny_hough,fixed,binary,141,1,1,0.6,235.4,75.4,5.658,8.507,0.999,0.091,0.981
canny_hough,fixed,binary,142,1,1,0.6,243.1,83.1,5.909,8.796,0.993,0.096,1.114
canny_hough,fixed,binary,143,1,1,0.6,243.1,83.1,5.937,8.69,0.988,0.091,0.977
canny_hough,fixed,binary,144,1,1,0.6,216.22,56.22,6.212,9.075,0.995,0.09,1.091
canny_hough,fixed,binary,145,0,0,0.0,0.0,,1.342,4.113,1.034,0.094,0.948
canny_hough,fixed,binary,146,0,0,0.0,0.0,,0.674,3.428,1.022,0.095,0.954
canny_hough,fixed,binary,147,0,0,0.0,0.0,,0.672,3.397,1.021,0.096,0.953
canny_hough,fixed,binary,148,0,0,0.0,0.0,,0.671,3.436,0.972,0.09,1.058
canny_hough,fixed,binary,149,0,0,0.0,0.0,,0.663,3.426,0.984,0.09,1.026
canny_hough,fixed,binary,150,0,0,0.0,0.0,,1.981,4.636,0.971,0.092,0.939
canny_hough,fixed,binary,151,0,0,0.0,0.0,,1.899,4.813,0.982,0.092,1.192
canny_hough,fixed,binary,152,0,0,0.0,0.0,,2.026,4.746,1.019,0.095,0.942
canny_hough,fixed,binary,153,0,0,0.0,0.0,,3.463,6.342,1.028,0.092,1.084
canny_hough,fixed,binary,154,0,0,0.0,0.0,,3.509,6.417,0.992,0.09,1.15
canny_hough,fixed,binary,155,0,0,0.0,0.0,,3.449,6.14,0.982,0.092,0.938
canny_hough,fixed,binary,156,0,0,0.0,0.0,,3.139,6.016,0.991,0.136,1.028
canny_hough,fixed,binary,157,1,1,0.3,319.0,159.0,4.435,7.12,0.985,0.09,0.929
canny_hough,fixed,binary,158,1,1,0.3,319.0,159.0,4.497,7.278,0.988,0.093,0.941
canny_hough,fixed,binary,159,1,1,0.15,319.0,159.0,4.211,6.971,1.029,0.097,0.949
canny_hough,fixed,binary,160,0,0,0.0,0.0,,1.741,4.685,0.973,0.092,1.216
canny_hough,fixed,binary,161,1,1,0.3,319.0,159.0,4.209,6.93,1.025,0.092,0.945
canny_hough,fixed,binary,162,1,1,0.3,319.0,159.0,4.216,7.122,0.992,0.093,1.133
canny_hough,fixed,binary,163,1,1,0.6,319.0,159.0,4.868,7.588,0.994,0.093,0.958
canny_hough,fixed,binary,164,1,1,0.6,319.0,159.0,4.915,7.637,0.994,0.091,0.94
canny_hough,fixed,binary,165,1,1,0.15,319.0,159.0,3.337,6.196,0.988,0.092,1.083
canny_hough,fixed,binary,166,0,0,0.0,0.0,,2.932,5.853,1.036,0.095,1.072
canny_hough,fixed,binary,167,0,0,0.0,0.0,,2.943,5.651,0.982,0.092,0.959
canny_hough,fixed,binary,168,0,0,0.0,0.0,,2.894,5.742,0.993,0.089,1.083
canny_hough,fixed,binary,169,1,1,0.45,319.0,159.0,4.27,7.084,0.969,0.094,1.073
canny_hough,fixed,binary,170,1,1,0.45,319.0,159.0,4.31,7.059,1.025,0.096,0.94
canny_hough,fixed,binary,171,1,1,0.45,319.0,159.0,4.269,7.184,0.992,0.091,1.145
canny_hough,fixed,binary,172,1,1,0.3,319.0,159.0,3.244,6.13,0.987,0.094,1.132
canny_hough,fixed,binary,173,1,1,0.15,319.0,159.0,3.322,6.099,0.984,0.09,0.962
canny_hough,fixed,binary,174,1,1,0.3,319.0,159.0,3.853,6.959,0.999,0.09,1.337
canny_hough,fixed,binary,175,1,1,0.3,319.0,159.0,3.859,6.556,0.977,0.093,0.953
canny_hough,fixed,binary,176,1,1,0.45,319.0,159.0,4.208,7.126,1.057,0.097,1.045
canny_hough,fixed,binary,177,1,1,0.45,319.0,159.0,4.208,7.053,1.028,0.095,1.05
canny_hough,fixed,binary,178,1,1,0.45,319.0,159.0,4.21,7.002,0.992,0.092,1.02
canny_hough,fixed,binary,179,1,1,0.45,319.0,159.0,4.189,6.936,0.983,0.092,0.986
canny_hough,fixed,binary,180,1,1,0.15,319.0,159.0,2.969,5.774,1.014,0.089,0.963
canny_hough,fixed,binary,181,1,1,0.3,319.0,159.0,3.893,6.714,0.986,0.09,1.052
canny_hough,fixed,binary,182,1,1,0.3,319.0,159.0,3.555,6.264,0.985,0.091,0.957
canny_hough,fixed,binary,183,1,1,0.3,319.0,159.0,3.571,6.369,1.04,0.098,0.977
canny_hough,fixed,binary,184,1,1,0.3,319.0,159.0,3.627,6.368,0.998,0.091,0.955
canny_hough,fixed,binary,185,1,1,0.3,319.0,159.0,3.687,6.644,0.994,0.092,1.106
canny_hough,fixed,binary,186,1,1,0.3,319.0,159.0,3.62,6.566,0.99,0.097,1.147
canny_hough,fixed,binary,187,1,1,0.3,319.0,159.0,3.602,6.278,0.982,0.09,0.935
canny_hough,fixed,binary,188,1,1,0.15,319.0,159.0,4.119,6.877,1.04,0.095,0.929
canny_hough,fixed,binary,189,1,1,0.6,319.0,159.0,4.227,7.084,0.984,0.092,1.092
canny_hough,fixed,binary,190,1,1,0.6,319.0,159.0,4.239,7.008,0.99,0.091,0.938
canny_hough,fixed,binary,191,1,1,0.6,319.0,159.0,4.245,6.923,0.983,0.092,0.932
canny_hough,fixed,binary,192,1,1,0.45,319.0,159.0,3.799,6.547,1.04,0.101,0.925
canny_hough,fixed,binary,193,1,1,0.15,319.0,159.0,3.673,6.744,0.982,0.091,1.315
canny_hough,fixed,binary,194,0,0,0.0,0.0,,4.551,7.339,0.989,0.092,1.019
canny_hough,fixed,binary,195,0,0,0.0,0.0,,4.45,7.247,0.982,0.092,1.023
canny_hough,fixed,binary,196,1,1,0.45,319.0,159.0,3.738,6.553,1.054,0.095,0.936
canny_hough,fixed,binary,197,1,1,0.15,319.0,159.0,3.103,6.129,0.981,0.095,1.274
canny_hough,fixed,binary,198,1,1,0.15,319.0,159.0,3.086,5.859,0.994,0.093,1.012
canny_hough,fixed,binary,199,1,1,0.45,319.0,159.0,3.414,6.207,0.994,0.092,1.02
canny_hough,fixed,binary,200,1,1,0.45,319.0,159.0,3.408,6.123,0.988,0.09,0.931
canny_hough,fixed,binary,201,1,1,0.45,319.0,159.0,3.858,6.681,1.029,0.095,1.019
canny_hough,fixed,binary,202,1,1,0.6,319.0,159.0,3.999,6.809,0.993,0.092,0.953
canny_hough,fixed,binary,203,1,1,0.6,319.0,159.0,3.972,6.832,0.993,0.091,1.081
canny_hough,fixed,binary,204,1,1,0.45,319.0,159.0,4.101,6.919,1.03,0.096,1.007
canny_hough,fixed,binary,205,1,1,0.6,319.0,159.0,3.976,6.91,0.986,0.092,1.185
canny_hough,fixed,binary,206,1,1,0.6,319.0,159.0,3.987,6.704,0.986,0.09,0.93
canny_hough,fixed,binary,207,1,1,0.6,319.0,159.0,4.162,6.995,0.983,0.09,1.017
canny_hough,fixed,binary,208,1,1,0.6,319.0,159.0,4.508,7.334,1.037,0.094,0.992
canny_hough,fixed,binary,209,1,1,0.6,319.0,159.0,4.383,7.14,0.984,0.09,0.995
canny_hough,fixed,binary,210,1,1,0.6,319.0,159.0,4.395,7.234,0.988,0.089,0.994
canny_hough,fixed,binary,211,1,1,0.6,319.0,159.0,4.298,7.004,0.983,0.092,0.939
canny_hough,fixed,binary,212,1,1,0.6,319.0,159.0,4.292,7.062,0.995,0.091,0.928
canny_hough,fixed,binary,213,1,1,0.6,311.31,151.31,3.886,6.675,1.042,0.094,0.953
canny_hough,fixed,binary,214,1,1,0.6,311.31,151.31,3.917,6.731,0.994,0.093,1.041
canny_hough,fixed,binary,215,1,1,0.6,276.52,116.52,4.835,7.638,0.978,0.093,1.041
canny_hough,fixed,binary,216,1,1,0.6,242.75,82.75,5.064,7.826,0.987,0.092,0.952
canny_hough,fixed,binary,217,1,1,0.6,245.98,85.98,5.294,8.072,0.985,0.09,1.004
canny_hough,fixed,binary,218,1,1,0.45,232.7,72.7,3.717,6.473,0.995,0.092,0.972
canny_hough,fixed,binary,219,1,1,0.45,232.7,72.7,3.742,6.534,1.033,0.096,0.974
canny_hough,fixed,binary,220,1,1,0.6,232.83,72.83,3.554,6.385,0.996,0.094,0.986
canny_hough,fixed,binary,221,1,1,0.45,218.62,58.62,3.109,5.917,0.994,0.094,0.966
canny_hough,fixed,binary,222,1,1,0.45,218.62,58.62,3.069,5.852,0.984,0.089,1.027
canny_hough,fixed,binary,223,1,1,0.45,218.62,58.62,3.114,5.914,0.985,0.091,0.978
canny_hough,fixed,binary,224,1,1,0.45,218.62,58.62,3.137,6.053,0.989,0.091,1.11
canny_hough,fixed,binary,225,1,1,0.3,215.03,55.03,6.583,9.55,1.042,0.102,1.072
canny_hough,fixed,binary,226,1,1,0.3,215.03,55.03,7.193,10.07,0.993,0.094,0.99
canny_hough,fixed,binary,227,1,1,0.3,211.05,51.05,7.009,10.584,1.124,0.15,1.578
canny_hough,fixed,binary,228,1,1,0.3,211.05,51.05,8.388,11.424,1.064,0.131,1.127
canny_hough,fixed,binary,229,1,1,0.3,215.37,55.37,6.676,10.261,1.086,0.22,1.419
canny_hough,fixed,binary,230,1,1,0.3,219.26,59.26,6.713,9.801,1.066,0.118,1.041
canny_hough,fixed,binary,231,1,1,0.3,219.26,59.26,5.74,9.228,1.067,0.142,1.453
canny_hough,fixed,binary,232,1,1,0.45,211.44,51.44,9.839,13.878,1.081,0.101,1.26
canny_hough,fixed,binary,233,1,1,0.3,216.65,56.65,10.114,13.04,1.038,0.111,1.016
canny_hough,fixed,binary,234,1,1,0.3,217.08,57.08,8.597,11.718,1.072,0.119,1.174
canny_hough,fixed,binary,235,1,1,0.3,217.08,57.08,7.434,11.84,1.068,0.206,2.402
canny_hough,fixed,binary,236,1,1,0.3,214.2,54.2,7.076,10.319,1.037,0.119,1.314
canny_hough,fixed,binary,237,1,1,0.3,215.96,55.96,7.508,10.609,1.005,0.131,1.245
canny_hough,fixed,binary,238,1,1,0.3,215.96,55.96,8.456,11.724,1.086,0.169,1.255
canny_hough,fixed,binary,239,1,1,0.15,217.34,57.34,7.688,12.366,2.465,0.189,1.266
canny_hough,fixed,binary,240,1,1,0.15,217.34,57.34,9.02,12.449,1.137,0.214,1.305
canny_hough,fixed,binary,241,1,1,0.3,215.63,55.63,10.085,13.926,1.148,0.256,1.427
canny_hough,fixed,binary,242,1,1,0.3,218.97,58.97,8.996,14.535,1.769,0.523,2.067
canny_hough,fixed,binary,243,1,1,0.3,218.97,58.97,8.022,11.199,1.073,0.168,1.164
canny_hough,fixed,binary,244,1,1,0.3,214.87,54.87,8.044,11.598,1.188,0.197,1.27
canny_hough,fixed,binary,245,1,1,0.15,216.94,56.94,7.9,11.082,1.109,0.165,1.162
canny_hough,fixed,binary,246,1,1,0.15,216.94,56.94,15.161,18.932,1.086,0.39,1.417
canny_hough,fixed,binary,247,1,1,0.15,214.68,54.68,7.561,10.809,1.053,0.16,1.301
canny_hough,fixed,binary,248,1,1,0.15,214.68,54.68,9.179,12.278,1.038,0.16,1.159
canny_hough,fixed,binary,249,1,1,0.3,217.86,57.86,7.098,10.906,1.318,0.276,1.405
canny_hough,fixed,binary,250,1,1,0.3,217.86,57.86,6.749,9.633,0.994,0.097,1.021
canny_hough,fixed,binary,251,1,1,0.3,217.87,57.87,6.659,9.775,1.089,0.108,1.179
canny_hough,fixed,binary,252,1,1,0.3,217.87,57.87,6.769,9.719,1.056,0.111,1.044
canny_hough,fixed,binary,253,1,1,0.3,219.2,59.2,6.697,9.575,1.015,0.099,1.032
canny_hough,fixed,binary,254,1,1,0.3,219.2,59.2,7.211,10.131,0.993,0.161,1.053
canny_hough,fixed,binary,255,1,1,0.3,219.2,59.2,6.777,9.754,1.013,0.104,1.135
canny_hough,fixed,binary,256,1,1,0.15,217.77,57.77,6.646,9.686,1.009,0.238,1.043
canny_hough,fixed,binary,257,1,1,0.3,218.59,58.59,6.552,9.477,0.989,0.101,1.125
canny_hough,fixed,binary,258,1,1,0.3,218.59,58.59,6.589,9.493,0.996,0.099,1.105
canny_hough,fixed,binary,259,1,1,0.3,215.13,55.13,6.766,9.687,1.054,0.104,1.037
canny_hough,fixed,binary,260,1,1,0.3,217.85,57.85,6.601,9.432,0.991,0.1,1.046
canny_hough,fixed,binary,261,1,1,0.3,219.94,59.94,6.413,9.395,1.042,0.111,1.133
canny_hough,fixed,binary,262,1,1,0.3,219.94,59.94,7.518,11.061,1.519,0.128,1.059
canny_hough,fixed,binary,263,1,1,0.3,219.85,59.85,8.553,12.659,1.102,0.171,2.036
canny_hough,fixed,binary,264,1,1,0.3,219.85,59.85,7.986,11.259,1.041,0.17,1.212
canny_hough,fixed,binary,265,1,1,0.3,217.32,57.32,8.058,11.334,1.119,0.18,1.212
canny_hough,fixed,binary,266,1,1,0.3,217.32,57.32,8.155,11.481,1.113,0.19,1.215
canny_hough,fixed,binary,267,1,1,0.3,219.85,59.85,8.399,11.71,1.063,0.181,1.273
canny_hough,fixed,binary,268,1,1,0.3,219.85,59.85,12.203,15.542,1.118,0.132,1.227
canny_hough,fixed,binary,269,1,1,0.3,219.91,59.91,7.671,14.596,1.117,0.131,4.864
canny_hough,fixed,binary,270,1,1,0.3,219.91,59.91,7.432,10.64,1.048,0.134,1.101
canny_hough,fixed,binary,271,1,1,0.3,217.37,57.37,7.006,10.157,1.071,0.115,1.173
canny_hough,fixed,binary,272,1,1,0.3,217.37,57.37,6.522,9.749,1.096,0.113,1.284
canny_hough,fixed,binary,273,1,1,0.3,217.87,57.87,6.712,9.631,1.054,0.107,1.034
canny_hough,fixed,binary,274,1,1,0.15,217.12,57.12,6.704,9.531,0.994,0.104,1.02
canny_hough,fixed,binary,275,1,1,0.15,217.12,57.12,7.052,10.267,1.031,0.188,1.231
canny_hough,fixed,binary,276,1,1,0.3,219.14,59.14,6.554,9.587,1.007,0.106,1.137
canny_hough,fixed,binary,277,1,1,0.15,218.66,58.66,6.597,9.708,1.043,0.212,1.151
canny_hough,fixed,binary,278,1,1,0.3,218.22,58.22,6.908,9.76,1.002,0.1,1.041
canny_hough,fixed,binary,279,1,1,0.3,218.22,58.22,6.92,10.046,0.989,0.104,1.325
canny_hough,fixed,binary,280,1,1,0.3,219.67,59.67,6.696,9.539,1.0,0.102,1.031
canny_hough,fixed,binary,281,1,1,0.3,217.48,57.48,6.818,9.823,0.999,0.107,1.203
canny_hough,fixed,binary,282,1,1,0.3,219.52,59.52,6.736,9.729,1.003,0.106,1.138
canny_hough,fixed,binary,283,1,1,0.3,219.52,59.52,9.489,13.027,1.111,0.173,1.478
canny_hough,fixed,binary,284,1,1,0.3,215.99,55.99,10.506,14.007,1.152,0.213,1.321
canny_hough,fixed,binary,285,1,1,0.3,216.58,56.58,8.861,12.023,0.8,0.126,1.411
canny_hough,fixed,binary,286,1,1,0.3,217.77,57.77,7.415,10.605,1.037,0.131,1.191
canny_hough,fixed,binary,287,1,1,0.3,217.77,57.77,7.414,9.718,0.714,0.105,0.752
canny_hough,fixed,binary,288,1,1,0.15,219.84,59.84,6.882,10.063,1.02,0.178,1.267
canny_hough,fixed,binary,289,1,1,0.3,217.42,57.42,6.672,9.711,1.101,0.122,1.091
canny_hough,fixed,binary,290,1,1,0.3,217.42,57.42,6.81,9.847,1.004,0.092,1.003
canny_hough,fixed,binary,291,1,1,0.3,220.23,60.23,6.796,9.833,1.066,0.109,1.154
canny_hough,fixed,binary,292,1,1,0.15,219.84,59.84,6.81,9.809,1.002,0.101,1.156
canny_hough,fixed,binary,293,1,1,0.3,217.95,57.95,6.295,9.39,1.053,0.108,1.138
canny_hough,fixed,binary,294,1,1,0.3,217.95,57.95,6.395,9.227,0.991,0.101,1.032
canny_hough,fixed,binary,295,1,1,0.3,216.16,56.16,6.533,9.47,0.999,0.102,1.13
canny_hough,fixed,binary,296,1,1,0.3,218.73,58.73,6.624,9.609,1.075,0.111,1.047
canny_hough,fixed,binary,297,1,1,0.3,219.2,59.2,6.672,9.509,0.992,0.105,1.027
canny_hough,fixed,binary,298,1,1,0.3,219.2,59.2,6.75,9.655,1.0,0.099,1.105
canny_hough,fixed,binary,299,1,1,0.15,217.12,57.12,8.445,11.347,0.998,0.098,1.037
canny_hough,fixed,binary,300,1,1,0.15,217.12,57.12,8.933,13.21,2.038,0.261,1.22
canny_hough,fixed,binary,301,1,1,0.3,220.23,60.23,9.077,12.178,1.055,0.117,1.117
canny_hough,fixed,binary,302,1,1,0.3,215.03,55.03,6.749,9.801,1.088,0.122,1.088
canny_hough,fixed,binary,303,1,1,0.3,215.03,55.03,6.669,9.728,1.078,0.122,1.145
canny_hough,fixed,binary,304,1,1,0.3,217.48,57.48,6.687,9.558,1.01,0.103,1.026
canny_hough,fixed,binary,305,1,1,0.3,218.13,58.13,6.606,9.777,1.04,0.155,1.279
canny_hough,fixed,binary,306,1,1,0.3,218.14,58.14,6.513,9.497,1.058,0.093,1.044
canny_hough,fixed,binary,307,1,1,0.3,218.14,58.14,6.39,9.383,1.071,0.092,1.146
canny_hough,fixed,binary,308,1,1,0.3,219.06,59.06,6.722,9.556,1.036,0.11,1.002
canny_hough,fixed,binary,309,1,1,0.3,223.75,63.75,2.874,5.626,0.99,0.092,0.979
canny_hough,fixed,binary,310,1,1,0.15,224.64,64.64,5.02,7.978,0.996,0.091,1.198
canny_hough,fixed,binary,311,1,1,0.15,224.64,64.64,4.98,7.874,0.991,0.091,1.127
canny_hough,fixed,binary,312,1,1,0.3,221.51,61.51,5.238,8.192,0.985,0.092,1.19
canny_hough,fixed,binary,313,1,1,0.3,224.28,64.28,5.072,7.925,0.992,0.137,1.038
canny_hough,fixed,binary,314,1,1,0.3,224.28,64.28,5.078,7.91,0.982,0.094,1.078
canny_hough,fixed,binary,315,1,1,0.3,220.25,60.25,4.91,7.771,0.983,0.091,1.103
canny_hough,fixed,binary,316,1,1,0.3,220.8,60.8,6.407,9.274,0.996,0.091,1.052
canny_hough,fixed,binary,317,1,1,0.3,221.93,61.93,6.535,9.357,0.993,0.094,0.981
canny_hough,fixed,binary,318,1,1,0.3,221.93,61.93,8.403,11.179,0.987,0.09,0.973
canny_hough,fixed,binary,319,1,1,0.3,218.59,58.59,7.469,12.621,1.124,2.133,1.08
canny_hough,fixed,binary,320,1,1,0.3,221.97,61.97,10.989,15.065,1.394,0.282,1.487
canny_hough,fixed,binary,321,1,1,0.3,222.1,62.1,6.435,9.343,1.01,0.101,1.06
canny_hough,fixed,binary,322,1,1,0.3,222.1,62.1,6.538,9.471,1.041,0.096,1.101
canny_hough,fixed,binary,323,1,1,0.3,219.39,59.39,6.192,9.058,0.988,0.091,1.106
canny_hough,fixed,binary,324,1,1,0.3,219.39,59.39,6.239,9.945,0.985,0.095,1.938
canny_hough,fixed,binary,325,1,1,0.3,219.87,59.87,6.509,9.449,0.999,0.095,1.093
canny_hough,fixed,binary,326,1,1,0.3,219.87,59.87,6.522,9.464,0.989,0.091,1.089
canny_hough,fixed,binary,327,1,1,0.3,222.83,62.83,6.357,9.482,1.225,0.109,1.104
canny_hough,fixed,binary,328,1,1,0.3,222.83,62.83,6.385,9.228,0.986,0.092,1.083
canny_hough,fixed,binary,329,1,1,0.3,220.28,60.28,6.282,9.207,0.99,0.09,1.151
canny_hough,fixed,binary,330,1,1,0.3,220.28,60.28,6.406,9.328,1.033,0.094,1.102
canny_hough,fixed,binary,331,1,1,0.15,219.9,59.9,6.156,9.023,0.994,0.092,1.09
canny_hough,fixed,binary,332,1,1,0.15,219.9,59.9,6.226,8.997,0.986,0.092,0.996
canny_hough,fixed,binary,333,1,1,0.3,222.06,62.06,6.245,9.176,0.998,0.092,1.157
canny_hough,fixed,binary,334,1,1,0.3,222.06,62.06,6.324,9.255,1.052,0.092,1.096
canny_hough,fixed,binary,335,1,1,0.3,219.37,59.37,6.39,9.262,0.992,0.096,1.11
canny_hough,fixed,binary,336,1,1,0.3,221.24,61.24,6.368,9.419,0.996,0.092,1.247
canny_hough,fixed,binary,337,1,1,0.3,219.57,59.57,6.268,9.113,0.992,0.092,1.005
canny_hough,fixed,binary,338,1,1,0.3,219.57,59.57,6.268,9.04,0.986,0.093,0.994
canny_hough,fixed,binary,339,1,1,0.3,223.89,63.89,7.194,10.065,0.99,0.092,1.069
canny_hough,fixed,binary,340,1,1,0.3,220.85,60.85,6.357,9.213,0.984,0.091,1.095
canny_hough,fixed,binary,341,1,1,0.15,221.77,61.77,6.099,9.045,0.999,0.089,1.089
canny_hough,fixed,binary,342,1,1,0.15,221.77,61.77,6.115,8.939,0.996,0.092,1.048
canny_hough,fixed,binary,343,1,1,0.3,221.37,61.37,6.55,9.475,1.039,0.104,1.085
canny_hough,fixed,binary,344,1,1,0.3,222.77,62.77,6.38,9.126,0.983,0.091,0.982
canny_hough,fixed,binary,345,1,1,0.15,221.77,61.77,6.392,9.353,0.992,0.094,1.186
canny_hough,fixed,binary,346,1,1,0.15,221.77,61.77,6.409,9.281,1.055,0.101,0.989
canny_hough,fixed,binary,347,1,1,0.3,220.87,60.87,6.404,9.278,0.988,0.09,1.103
canny_hough,fixed,binary,348,1,1,0.3,220.87,60.87,6.42,9.334,0.996,0.095,1.149
canny_hough,fixed,binary,349,1,1,0.15,221.77,61.77,6.334,9.174,0.994,0.091,0.991
canny_hough,fixed,binary,350,1,1,0.3,220.91,60.91,6.397,9.124,0.981,0.097,0.989
canny_hough,fixed,binary,351,1,1,0.3,220.91,60.91,6.282,9.125,0.988,0.091,1.075
canny_hough,fixed,binary,352,1,1,0.3,223.22,63.22,6.522,9.349,1.04,0.094,0.995
canny_hough,fixed,binary,353,1,1,0.15,222.83,62.83,6.146,8.916,0.982,0.092,0.993
canny_hough,fixed,binary,354,1,1,0.3,220.91,60.91,6.256,9.08,0.987,0.092,1.055
canny_hough,fixed,binary,355,1,1,0.3,220.91,60.91,6.254,9.088,1.028,0.097,1.012
canny_hough,fixed,binary,356,1,1,0.3,217.1,57.1,6.572,9.528,0.989,0.089,1.107
canny_hough,fixed,binary,357,1,1,0.3,221.98,61.98,6.217,9.057,0.994,0.091,0.987
canny_hough,fixed,binary,358,1,1,0.3,221.2,61.2,6.478,9.402,1.041,0.095,1.111
canny_hough,fixed,binary,359,1,1,0.3,221.2,61.2,6.521,9.246,0.98,0.092,0.992
canny_hough,fixed,binary,360,1,1,0.15,221.65,61.65,6.243,9.086,0.998,0.09,0.992
canny_hough,otsu,binary,0,0,0,0.0,0.0,,4.534,7.551,0.984,0.423,0.942
canny_hough,otsu,binary,1,0,0,0.0,0.0,,4.333,7.399,0.983,0.378,1.019
canny_hough,otsu,binary,2,0,0,0.0,0.0,,4.346,7.623,0.99,0.377,1.215
canny_hough,otsu,binary,3,0,0,0.0,0.0,,4.354,7.434,0.995,0.374,0.946
canny_hough,otsu,binary,4,0,0,0.0,0.0,,4.699,7.753,0.994,0.376,0.966
canny_hough,otsu,binary,5,0,0,0.0,0.0,,4.455,7.459,0.987,0.375,0.953
canny_hough,otsu,binary,6,0,0,0.0,0.0,,4.449,7.549,0.989,0.376,0.98
canny_hough,otsu,binary,7,0,0,0.0,0.0,,4.301,7.362,1.053,0.379,0.943
canny_hough,otsu,binary,8,0,0,0.0,0.0,,4.554,7.775,1.031,0.381,1.123
canny_hough,otsu,binary,9,0,0,0.0,0.0,,4.34,7.593,1.036,0.38,1.147
canny_hough,otsu,binary,10,0,0,0.0,0.0,,4.357,7.408,0.991,0.424,0.955
canny_hough,otsu,binary,11,0,0,0.0,0.0,,4.545,7.634,0.997,0.375,1.028
canny_hough,otsu,binary,12,0,0,0.0,0.0,,4.495,7.785,0.998,0.377,1.223
canny_hough,otsu,binary,13,0,0,0.0,0.0,,4.357,7.612,0.985,0.374,1.212
canny_hough,otsu,binary,14,0,0,0.0,0.0,,4.526,7.871,1.0,0.378,1.232
canny_hough,otsu,binary,15,0,0,0.0,0.0,,4.626,7.648,0.995,0.375,0.957
canny_hough,otsu,binary,16,0,0,0.0,0.0,,4.592,7.611,0.993,0.378,0.952
canny_hough,otsu,binary,17,0,0,0.0,0.0,,4.528,7.549,0.983,0.377,0.967
canny_hough,otsu,binary,18,0,0,0.0,0.0,,4.483,7.741,0.986,0.376,1.143
canny_hough,otsu,binary,19,0,0,0.0,0.0,,4.341,7.631,1.001,0.375,1.163
canny_hough,otsu,binary,20,0,0,0.0,0.0,,4.357,7.418,1.04,0.377,0.952
canny_hough,otsu,binary,21,0,0,0.0,0.0,,4.509,7.566,1.04,0.377,0.953
canny_hough,otsu,binary,22,0,0,0.0,0.0,,4.158,7.405,0.993,0.42,1.145
canny_hough,otsu,binary,23,0,0,0.0,0.0,,4.149,7.425,0.998,0.374,1.219
canny_hough,otsu,binary,24,0,0,0.0,0.0,,4.508,7.811,0.998,0.375,1.216
canny_hough,otsu,binary,25,0,0,0.0,0.0,,4.539,7.845,0.998,0.381,1.242
canny_hough,otsu,binary,26,0,0,0.0,0.0,,4.54,7.827,0.99,0.379,1.227
canny_hough,otsu,binary,27,0,0,0.0,0.0,,4.597,7.702,1.002,0.378,0.954
canny_hough,otsu,binary,28,0,0,0.0,0.0,,4.569,7.833,0.997,0.375,1.138
canny_hough,otsu,binary,29,0,0,0.0,0.0,,4.592,7.587,0.993,0.371,0.936
canny_hough,otsu,binary,30,0,0,0.0,0.0,,4.767,7.948,0.98,0.378,1.138
canny_hough,otsu,binary,31,0,0,0.0,0.0,,4.658,7.726,0.981,0.377,0.943
canny_hough,otsu,binary,32,0,0,0.0,0.0,,4.449,7.451,0.982,0.38,0.953
canny_hough,otsu,binary,33,0,0,0.0,0.0,,4.479,7.572,0.99,0.377,0.936
canny_hough,otsu,binary,34,0,0,0.0,0.0,,4.465,7.515,1.026,0.38,0.935
canny_hough,otsu,binary,35,0,0,0.0,0.0,,4.338,7.567,1.028,0.382,1.135
canny_hough,otsu,binary,36,0,0,0.0,0.0,,4.345,7.584,0.983,0.421,1.152
canny_hough,otsu,binary,37,0,0,0.0,0.0,,4.453,7.51,1.002,0.377,0.992
canny_hough,otsu,binary,38,0,0,0.0,0.0,,4.445,7.738,0.991,0.381,1.236
canny_hough,otsu,binary,39,0,0,0.0,0.0,,4.354,7.609,0.984,0.378,1.205
canny_hough,otsu,binary,40,0,0,0.0,0.0,,4.378,7.454,0.993,0.376,0.953
canny_hough,otsu,binary,41,0,0,0.0,0.0,,4.739,7.734,0.993,0.375,0.952
canny_hough,otsu,binary,42,0,0,0.0,0.0,,4.293,7.292,0.988,0.372,0.948
canny_hough,otsu,binary,43,0,0,0.0,0.0,,4.5,7.576,0.997,0.373,0.944
canny_hough,otsu,binary,44,0,0,0.0,0.0,,4.55,7.842,1.039,0.382,1.149
canny_hough,otsu,binary,45,0,0,0.0,0.0,,4.464,7.711,1.042,0.38,1.129
canny_hough,otsu,binary,46,0,0,0.0,0.0,,4.498,7.516,1.023,0.375,0.941
canny_hough,otsu,binary,47,0,0,0.0,0.0,,4.562,7.606,1.025,0.383,0.943
canny_hough,otsu,binary,48,0,0,0.0,0.0,,4.561,7.828,0.991,0.418,1.161
canny_hough,otsu,binary,49,0,0,0.0,0.0,,4.472,7.549,0.999,0.375,1.018
canny_hough,otsu,binary,50,0,0,0.0,0.0,,4.485,7.543,0.985,0.378,1.02
canny_hough,otsu,binary,51,0,0,0.0,0.0,,4.678,7.745,0.993,0.377,1.008
canny_hough,otsu,binary,52,0,0,0.0,0.0,,4.524,7.796,0.992,0.377,1.216
canny_hough,otsu,binary,53,0,0,0.0,0.0,,4.527,7.791,0.99,0.378,1.154
canny_hough,otsu,binary,54,0,0,0.0,0.0,,4.273,7.329,0.993,0.377,0.963
canny_hough,otsu,binary,55,0,0,0.0,0.0,,4.324,7.311,0.979,0.374,0.962
canny_hough,otsu,binary,56,0,0,0.0,0.0,,4.31,7.544,0.986,0.373,1.133
canny_hough,otsu,binary,57,0,0,0.0,0.0,,4.671,7.913,1.031,0.38,1.143
canny_hough,otsu,binary,58,0,0,0.0,0.0,,4.343,7.385,1.035,0.384,0.935
canny_hough,otsu,binary,59,0,0,0.0,0.0,,4.337,7.595,1.038,0.379,1.16
canny_hough,otsu,binary,60,0,0,0.0,0.0,,4.341,7.61,0.988,0.417,1.177
canny_hough,otsu,binary,61,0,0,0.0,0.0,,4.461,7.766,0.993,0.377,1.234
canny_hough,otsu,binary,62,0,0,0.0,0.0,,4.488,7.77,0.996,0.371,1.232
canny_hough,otsu,binary,63,0,0,0.0,0.0,,4.537,7.619,0.996,0.379,1.021
canny_hough,otsu,binary,64,0,0,0.0,0.0,,4.52,7.815,0.992,0.377,1.218
canny_hough,otsu,binary,65,0,0,0.0,0.0,,4.621,7.874,0.995,0.378,1.19
canny_hough,otsu,binary,66,0,0,0.0,0.0,,4.71,7.735,0.991,0.376,0.956
canny_hough,otsu,binary,67,0,0,0.0,0.0,,4.686,7.702,0.98,0.372,0.964
canny_hough,otsu,binary,68,0,0,0.0,0.0,,4.394,7.6,0.991,0.379,1.139
canny_hough,otsu,binary,69,0,0,0.0,0.0,,4.663,7.664,0.985,0.377,0.95
canny_hough,otsu,binary,70,0,0,0.0,0.0,,4.748,8.035,0.998,0.376,1.157
canny_hough,otsu,binary,71,0,0,0.0,0.0,,4.693,7.79,0.99,0.377,0.977
canny_hough,otsu,binary,72,1,1,0.6,319.0,159.0,3.447,6.54,0.988,0.372,0.971
canny_hough,otsu,binary,73,0,0,0.0,0.0,,4.658,7.732,0.994,0.42,0.977
canny_hough,otsu,binary,74,0,0,0.0,0.0,,4.599,7.834,0.993,0.418,1.126
canny_hough,otsu,binary,75,0,0,0.0,0.0,,4.612,7.846,0.991,0.377,1.169
canny_hough,otsu,binary,76,0,0,0.0,0.0,,4.68,7.735,0.99,0.375,1.002
canny_hough,otsu,binary,77,0,0,0.0,0.0,,4.259,7.344,0.992,0.375,1.033
canny_hough,otsu,binary,78,0,0,0.0,0.0,,4.3,7.373,0.995,0.376,0.947
canny_hough,otsu,binary,79,0,0,0.0,0.0,,4.233,7.238,0.993,0.376,0.946
canny_hough,otsu,binary,80,1,1,0.15,319.0,159.0,2.543,5.71,0.992,0.374,1.033
canny_hough,otsu,binary,81,1,1,0.3,319.0,159.0,2.378,5.463,0.978,0.375,1.053
canny_hough,otsu,binary,82,1,1,0.3,319.0,159.0,2.456,5.529,1.043,0.381,0.96
canny_hough,otsu,binary,83,1,1,0.45,319.0,159.0,3.092,6.11,0.984,0.378,0.97
canny_hough,otsu,binary,84,0,0,0.0,0.0,,3.944,7.045,1.047,0.376,0.968
canny_hough,otsu,binary,85,0,0,0.0,0.0,,4.213,7.225,0.985,0.373,0.978
canny_hough,otsu,binary,86,0,0,0.0,0.0,,4.223,7.352,1.001,0.376,1.058
canny_hough,otsu,binary,87,0,0,0.0,0.0,,3.641,6.806,0.988,0.378,1.112
canny_hough,otsu,binary,88,0,0,0.0,0.0,,3.606,6.816,0.986,0.376,1.106
canny_hough,otsu,binary,89,0,0,0.0,0.0,,4.022,7.249,0.995,0.593,0.95
canny_hough,otsu,binary,90,0,0,0.0,0.0,,4.051,7.357,0.994,0.377,1.245
canny_hough,otsu,binary,91,0,0,0.0,0.0,,3.754,6.985,0.989,0.373,1.186
canny_hough,otsu,binary,92,0,0,0.0,0.0,,3.755,6.741,0.997,0.374,0.924
canny_hough,otsu,binary,93,0,0,0.0,0.0,,3.873,7.105,1.03,0.381,1.137
canny_hough,otsu,binary,94,0,0,0.0,0.0,,3.948,7.015,0.989,0.373,0.982
canny_hough,otsu,binary,95,0,0,0.0,0.0,,3.944,7.2,0.995,0.372,1.183
canny_hough,otsu,binary,96,0,0,0.0,0.0,,4.326,7.606,0.993,0.377,1.13
canny_hough,otsu,binary,97,0,0,0.0,0.0,,4.186,7.356,0.984,0.376,1.124
canny_hough,otsu,binary,98,0,0,0.0,0.0,,4.249,7.332,1.001,0.375,0.953
canny_hough,otsu,binary,99,0,0,0.0,0.0,,4.215,7.259,1.025,0.379,0.945
canny_hough,otsu,binary,100,0,0,0.0,0.0,,4.126,7.183,1.001,0.416,0.949
canny_hough,otsu,binary,101,0,0,0.0,0.0,,4.744,8.033,0.993,0.378,1.222
canny_hough,otsu,binary,102,0,0,0.0,0.0,,4.465,7.538,0.989,0.381,1.033
canny_hough,otsu,binary,103,0,0,0.0,0.0,,4.481,7.547,0.979,0.378,0.958
canny_hough,otsu,binary,104,1,1,0.6,304.26,144.26,3.492,6.519,0.981,0.375,0.945
canny_hough,otsu,binary,105,1,1,0.3,281.77,121.77,5.887,8.956,1.039,0.379,0.95
canny_hough,otsu,binary,106,1,1,0.3,281.77,121.77,5.299,8.633,1.065,0.396,1.17
canny_hough,otsu,binary,107,1,1,0.3,253.94,93.94,2.631,5.756,1.0,0.38,0.964
canny_hough,otsu,binary,108,1,1,0.3,253.94,93.94,2.69,5.887,1.038,0.379,1.092
canny_hough,otsu,binary,109,1,1,0.3,266.91,106.91,4.578,7.577,0.984,0.38,0.949
canny_hough,otsu,binary,110,1,1,0.3,266.91,106.91,4.584,7.646,0.99,0.378,0.946
canny_hough,otsu,binary,111,1,1,0.3,266.91,106.91,4.491,7.492,0.995,0.378,0.946
canny_hough,otsu,binary,112,0,0,0.0,0.0,,2.767,5.829,0.993,0.377,0.94
canny_hough,otsu,binary,113,0,0,0.0,0.0,,3.709,6.841,0.982,0.374,1.112
canny_hough,otsu,binary,114,0,0,0.0,0.0,,3.667,6.693,0.981,0.376,0.948
canny_hough,otsu,binary,115,1,1,0.3,0.0,-160.0,4.136,7.317,1.042,0.384,1.085
canny_hough,otsu,binary,116,1,1,0.3,0.0,-160.0,4.128,7.328,1.043,0.381,1.096
canny_hough,otsu,binary,117,1,1,0.6,0.0,-160.0,4.333,7.421,1.003,0.378,1.024
canny_hough,otsu,binary,118,1,1,0.6,0.0,-160.0,4.542,7.571,0.986,0.376,0.996
canny_hough,otsu,binary,119,1,1,0.6,0.0,-160.0,4.568,7.73,0.992,0.374,1.047
canny_hough,otsu,binary,120,1,1,0.6,0.0,-160.0,4.914,7.94,1.005,0.376,0.95
canny_hough,otsu,binary,121,1,1,0.6,0.0,-160.0,4.641,7.672,0.992,0.379,0.96
canny_hough,otsu,binary,122,1,1,0.6,0.0,-160.0,4.665,7.733,0.983,0.379,1.015
canny_hough,otsu,binary,123,1,1,0.6,0.0,-160.0,4.722,7.763,0.993,0.379,0.969
canny_hough,otsu,binary,124,1,1,0.6,0.0,-160.0,4.677,7.801,0.981,0.375,1.038
canny_hough,otsu,binary,125,1,1,0.6,42.12,-117.88,4.711,7.877,0.987,0.381,1.113
canny_hough,otsu,binary,126,1,1,0.6,67.45,-92.55,4.464,7.494,0.99,0.376,0.97
canny_hough,otsu,binary,127,1,1,0.6,67.45,-92.55,4.441,7.603,0.995,0.373,1.044
canny_hough,otsu,binary,128,0,0,0.0,0.0,,4.487,7.59,1.042,0.382,0.985
canny_hough,otsu,binary,129,0,0,0.0,0.0,,4.356,7.457,1.042,0.385,0.984
canny_hough,otsu,binary,130,0,0,0.0,0.0,,4.38,7.452,0.985,0.423,0.971
canny_hough,otsu,binary,131,0,0,0.0,0.0,,4.28,7.483,0.99,0.376,1.158
canny_hough,otsu,binary,132,0,0,0.0,0.0,,4.353,7.424,0.991,0.374,1.009
canny_hough,otsu,binary,133,1,1,0.6,319.0,159.0,4.314,7.303,0.989,0.375,0.941
canny_hough,otsu,binary,134,1,1,0.6,319.0,159.0,4.293,7.32,0.983,0.378,0.945
canny_hough,otsu,binary,135,1,1,0.6,319.0,159.0,4.268,7.471,0.984,0.378,1.089
canny_hough,otsu,binary,136,1,1,0.3,319.0,159.0,4.161,7.22,1.043,0.385,0.943
canny_hough,otsu,binary,137,1,1,0.45,319.0,159.0,4.168,7.22,0.988,0.423,0.949
canny_hough,otsu,binary,138,1,1,0.45,319.0,159.0,4.179,7.271,0.999,0.378,1.017
canny_hough,otsu,binary,139,1,1,0.45,319.0,159.0,4.16,7.365,0.981,0.373,1.17
canny_hough,otsu,binary,140,1,1,0.6,154.47,-5.53,4.92,7.96,0.988,0.376,0.967
canny_hough,otsu,binary,141,1,1,0.6,235.4,75.4,5.587,8.911,1.027,0.386,1.122
canny_hough,otsu,binary,142,1,1,0.6,243.1,83.1,5.866,9.008,0.989,0.374,1.093
canny_hough,otsu,binary,143,1,1,0.6,243.1,83.1,5.83,9.047,1.035,0.382,1.115
canny_hough,otsu,binary,144,1,1,0.6,216.22,56.22,6.25,9.54,0.997,0.379,1.118
canny_hough,otsu,binary,145,0,0,0.0,0.0,,1.337,5.408,0.988,0.377,2.017
canny_hough,otsu,binary,146,0,0,0.0,0.0,,0.683,3.734,1.031,0.381,0.987
canny_hough,otsu,binary,147,0,0,0.0,0.0,,0.67,3.682,0.977,0.425,0.969
canny_hough,otsu,binary,148,0,0,0.0,0.0,,0.674,3.678,0.967,0.424,0.968
canny_hough,otsu,binary,149,0,0,0.0,0.0,,0.798,3.812,0.978,0.376,1.0
canny_hough,otsu,binary,150,0,0,0.0,0.0,,1.905,5.063,0.967,0.373,1.167
canny_hough,otsu,binary,151,0,0,0.0,0.0,,1.895,4.885,1.017,0.38,0.939
canny_hough,otsu,binary,152,0,0,0.0,0.0,,2.013,5.106,0.982,0.376,1.07
canny_hough,otsu,binary,153,0,0,0.0,0.0,,3.418,6.619,0.995,0.378,1.153
canny_hough,otsu,binary,154,0,0,0.0,0.0,,3.48,6.589,0.991,0.374,0.96
canny_hough,otsu,binary,155,0,0,0.0,0.0,,3.467,6.657,0.989,0.425,1.091
canny_hough,otsu,binary,156,0,0,0.0,0.0,,3.063,6.206,0.993,0.379,1.09
canny_hough,otsu,binary,157,1,1,0.3,319.0,159.0,4.432,7.468,1.038,0.377,0.949
canny_hough,otsu,binary,158,1,1,0.3,319.0,159.0,4.466,7.653,1.03,0.381,1.088
canny_hough,otsu,binary,159,1,1,0.15,319.0,159.0,4.209,7.249,1.032,0.382,0.938
canny_hough,otsu,binary,160,0,0,0.0,0.0,,1.747,4.797,0.992,0.376,0.995
canny_hough,otsu,binary,161,1,1,0.3,319.0,159.0,4.18,7.185,1.026,0.382,0.941
canny_hough,otsu,binary,162,1,1,0.3,319.0,159.0,4.217,7.286,0.998,0.379,0.997
canny_hough,otsu,binary,163,1,1,0.6,319.0,159.0,4.784,7.854,0.992,0.375,1.013
canny_hough,otsu,binary,164,1,1,0.6,319.0,159.0,4.807,8.018,0.992,0.379,1.129
canny_hough,otsu,binary,165,1,1,0.15,319.0,159.0,3.284,6.361,0.99,0.374,1.04
canny_hough,otsu,binary,166,0,0,0.0,0.0,,2.943,6.14,0.992,0.375,1.074
canny_hough,otsu,binary,167,0,0,0.0,0.0,,2.873,5.926,0.996,0.378,1.002
canny_hough,otsu,binary,168,0,0,0.0,0.0,,2.97,5.985,0.986,0.377,0.968
canny_hough,otsu,binary,169,1,1,0.45,319.0,159.0,4.257,7.309,0.987,0.378,0.995
canny_hough,otsu,binary,170,1,1,0.45,319.0,159.0,4.295,7.372,0.999,0.381,1.013
canny_hough,otsu,binary,171,1,1,0.45,319.0,159.0,4.37,7.401,0.983,0.378,0.954
canny_hough,otsu,binary,172,1,1,0.3,319.0,159.0,3.299,6.294,0.997,0.374,0.928
canny_hough,otsu,binary,173,1,1,0.15,319.0,159.0,3.113,6.317,1.028,0.38,1.107
canny_hough,otsu,binary,174,1,1,0.3,319.0,159.0,3.79,6.876,0.99,0.377,0.954
canny_hough,otsu,binary,175,1,1,0.3,319.0,159.0,3.842,6.871,0.989,0.378,0.983
canny_hough,otsu,binary,176,1,1,0.45,319.0,159.0,4.19,7.348,1.04,0.383,1.054
canny_hough,otsu,binary,177,1,1,0.45,319.0,159.0,4.174,7.218,0.982,0.42,0.958
canny_hough,otsu,binary,178,1,1,0.45,319.0,159.0,4.203,7.253,0.986,0.379,1.021
canny_hough,otsu,binary,179,1,1,0.45,319.0,159.0,4.256,7.248,0.992,0.378,0.944
canny_hough,otsu,binary,180,1,1,0.15,319.0,159.0,2.988,5.983,0.983,0.377,0.945
canny_hough,otsu,binary,181,1,1,0.3,319.0,159.0,3.898,7.071,0.987,0.415,1.081
canny_hough,otsu,binary,182,1,1,0.3,319.0,159.0,3.583,6.662,0.978,0.377,1.047
canny_hough,otsu,binary,183,1,1,0.3,319.0,159.0,3.544,6.551,0.981,0.378,0.96
canny_hough,otsu,binary,184,1,1,0.3,319.0,159.0,3.646,6.751,1.028,0.378,0.967
canny_hough,otsu,binary,185,1,1,0.3,319.0,159.0,3.702,6.792,0.998,0.378,1.015
canny_hough,otsu,binary,186,1,1,0.3,319.0,159.0,3.654,6.802,0.996,0.376,1.09
canny_hough,otsu,binary,187,1,1,0.3,319.0,159.0,3.617,6.796,1.031,0.382,1.081
canny_hough,otsu,binary,188,1,1,0.15,319.0,159.0,4.1,7.278,0.995,0.373,1.123
canny_hough,otsu,binary,189,1,1,0.6,319.0,159.0,4.201,7.282,1.004,0.391,1.008
canny_hough,otsu,binary,190,1,1,0.6,319.0,159.0,4.292,7.297,0.992,0.378,0.944
canny_hough,otsu,binary,191,1,1,0.6,319.0,159.0,4.58,7.658,0.986,0.373,1.02
canny_hough,otsu,binary,192,1,1,0.45,319.0,159.0,4.605,8.014,1.028,0.401,1.158
canny_hough,otsu,binary,193,1,1,0.15,319.0,159.0,5.028,9.316,1.14,0.505,1.612
canny_hough,otsu,binary,194,0,0,0.0,0.0,,5.661,9.915,1.17,0.542,1.582
canny_hough,otsu,binary,195,0,0,0.0,0.0,,5.191,8.518,1.144,0.398,1.031
canny_hough,otsu,binary,196,1,1,0.45,319.0,159.0,4.371,8.039,1.039,0.48,1.29
canny_hough,otsu,binary,197,1,1,0.15,319.0,159.0,5.214,9.319,1.113,0.506,1.568
canny_hough,otsu,binary,198,1,1,0.15,319.0,159.0,5.127,9.558,1.165,0.549,1.838
canny_hough,otsu,binary,199,1,1,0.45,319.0,159.0,3.557,7.112,1.338,0.44,1.029
canny_hough,otsu,binary,200,1,1,0.45,319.0,159.0,3.978,7.183,0.999,0.444,0.98
canny_hough,otsu,binary,201,1,1,0.45,319.0,159.0,4.584,8.229,1.011,0.395,1.503
canny_hough,otsu,binary,202,1,1,0.6,319.0,159.0,5.243,8.98,1.074,0.441,1.401
canny_hough,otsu,binary,203,1,1,0.6,319.0,159.0,5.669,10.227,1.483,0.553,1.594
canny_hough,otsu,binary,204,1,1,0.45,319.0,159.0,4.672,8.816,1.226,0.501,1.504
canny_hough,otsu,binary,205,1,1,0.6,319.0,159.0,5.404,9.359,1.133,0.551,1.533
canny_hough,otsu,binary,206,1,1,0.6,319.0,159.0,5.479,9.869,1.063,0.481,1.906
canny_hough,otsu,binary,207,1,1,0.6,319.0,159.0,5.874,10.033,1.135,0.536,1.544
canny_hough,otsu,binary,208,1,1,0.6,319.0,159.0,4.656,8.515,1.234,0.49,1.092
canny_hough,otsu,binary,209,1,1,0.6,319.0,159.0,5.68,9.364,1.13,0.503,1.283
canny_hough,otsu,binary,210,1,1,0.6,319.0,159.0,6.794,10.987,1.145,0.504,1.698
canny_hough,otsu,binary,211,1,1,0.6,319.0,159.0,6.298,10.54,1.174,0.552,1.602
canny_hough,otsu,binary,212,1,1,0.6,319.0,159.0,4.588,8.041,1.207,0.434,1.036
canny_hough,otsu,binary,213,1,1,0.6,311.31,151.31,5.535,9.426,1.519,0.449,1.128
canny_hough,otsu,binary,214,1,1,0.6,311.31,151.31,5.246,10.431,1.16,0.836,1.8
canny_hough,otsu,binary,215,1,1,0.6,276.52,116.52,6.966,11.282,1.172,0.529,1.611
canny_hough,otsu,binary,216,1,1,0.6,242.75,82.75,5.644,9.768,1.735,0.418,1.237
canny_hough,otsu,binary,217,1,1,0.6,245.98,85.98,6.527,10.22,1.017,0.434,1.257
canny_hough,otsu,binary,218,1,1,0.45,232.7,72.7,5.011,9.363,1.194,0.726,1.607
canny_hough,otsu,binary,219,1,1,0.45,232.7,72.7,5.415,9.737,1.189,0.54,1.669
canny_hough,otsu,binary,220,1,1,0.6,232.83,72.83,4.071,8.172,1.364,0.573,1.202
canny_hough,otsu,binary,221,1,1,0.45,218.62,58.62,3.466,7.756,1.192,0.416,1.974
canny_hough,otsu,binary,222,1,1,0.45,218.62,58.62,3.597,7.36,1.416,0.45,1.143
canny_hough,otsu,binary,223,1,1,0.45,218.62,58.62,4.32,8.188,1.051,0.455,1.506
canny_hough,otsu,binary,224,1,1,0.45,218.62,58.62,4.5,9.306,1.158,0.838,1.832
canny_hough,otsu,binary,225,1,1,0.3,215.03,55.03,6.895,11.778,1.247,0.653,1.737
canny_hough,otsu,binary,226,1,1,0.3,215.03,55.03,8.326,11.804,1.058,0.397,1.285
canny_hough,otsu,binary,227,1,1,0.3,211.05,51.05,9.773,13.25,1.089,0.42,1.199
canny_hough,otsu,binary,228,1,1,0.3,211.05,51.05,10.046,15.523,1.356,0.583,2.651
canny_hough,otsu,binary,229,1,1,0.3,215.37,55.37,6.766,12.142,1.102,0.485,2.985
canny_hough,otsu,binary,230,1,1,0.3,219.26,59.26,5.339,8.741,1.045,0.427,1.198
canny_hough,otsu,binary,231,1,1,0.3,219.26,59.26,5.895,9.589,1.068,0.436,1.402
canny_hough,otsu,binary,232,1,1,0.45,211.44,51.44,12.812,21.304,5.49,0.496,1.402
canny_hough,otsu,binary,233,1,1,0.3,216.65,56.65,14.869,19.576,1.248,0.519,2.079
canny_hough,otsu,binary,234,1,1,0.3,217.08,57.08,9.411,13.775,1.363,0.502,1.544
canny_hough,otsu,binary,235,1,1,0.3,217.08,57.08,7.84,11.391,1.059,0.523,1.204
canny_hough,otsu,binary,236,1,1,0.3,214.2,54.2,12.456,16.639,1.068,0.454,1.86
canny_hough,otsu,binary,237,1,1,0.3,215.96,55.96,14.724,19.577,1.24,0.886,1.949
canny_hough,otsu,binary,238,1,1,0.3,215.96,55.96,8.953,12.554,1.066,0.429,1.355
canny_hough,otsu,binary,239,1,1,0.15,217.34,57.34,7.801,11.861,1.128,0.574,1.457
canny_hough,otsu,binary,240,1,1,0.15,217.34,57.34,6.894,10.396,1.09,0.596,1.104
canny_hough,otsu,binary,241,1,1,0.3,215.63,55.63,6.511,9.846,1.083,0.392,1.072
canny_hough,otsu,binary,242,1,1,0.3,218.97,58.97,6.705,10.107,1.139,0.398,1.154
canny_hough,otsu,binary,243,1,1,0.3,218.97,58.97,6.604,10.007,1.005,0.39,1.136
canny_hough,otsu,binary,244,1,1,0.3,214.87,54.87,7.2,10.525,1.043,0.392,1.157
canny_hough,otsu,binary,245,1,1,0.15,216.94,56.94,6.621,9.844,1.0,0.39,1.131
canny_hough,otsu,binary,246,1,1,0.15,216.94,56.94,6.649,9.944,1.071,0.39,1.142
canny_hough,otsu,binary,247,1,1,0.15,214.68,54.68,6.557,9.876,1.0,0.382,1.237
canny_hough,otsu,binary,248,1,1,0.15,214.68,54.68,6.681,9.877,1.046,0.39,1.05
canny_hough,otsu,binary,249,1,1,0.3,217.86,57.86,6.618,9.94,0.996,0.384,1.232
canny_hough,otsu,binary,250,1,1,0.3,217.86,57.86,6.698,10.003,1.044,0.395,1.145
canny_hough,otsu,binary,251,1,1,0.3,217.87,57.87,6.644,9.884,1.001,0.386,1.148
canny_hough,otsu,binary,252,1,1,0.3,217.87,57.87,7.596,11.253,1.078,0.444,1.295
canny_hough,otsu,binary,253,1,1,0.3,219.2,59.2,8.552,11.944,1.089,0.392,1.135
canny_hough,otsu,binary,254,1,1,0.3,219.2,59.2,7.954,13.302,2.756,0.468,1.296
canny_hough,otsu,binary,255,1,1,0.3,219.2,59.2,8.123,11.82,1.171,0.456,1.263
canny_hough,otsu,binary,256,1,1,0.15,217.77,57.77,8.128,11.853,1.168,0.465,1.246
canny_hough,otsu,binary,257,1,1,0.3,218.59,58.59,10.051,15.147,1.18,0.58,2.423
canny_hough,otsu,binary,258,1,1,0.3,218.59,58.59,11.439,16.437,1.27,0.591,2.044
canny_hough,otsu,binary,259,1,1,0.3,215.13,55.13,7.209,11.855,1.214,0.484,1.958
canny_hough,otsu,binary,260,1,1,0.3,217.85,57.85,6.938,10.052,0.672,0.394,1.23
canny_hough,otsu,binary,261,1,1,0.3,219.94,59.94,7.714,10.821,1.137,0.455,0.801
canny_hough,otsu,binary,262,1,1,0.3,219.94,59.94,6.942,10.041,0.657,0.95,0.771
canny_hough,otsu,binary,263,1,1,0.3,219.85,59.85,7.08,10.42,1.06,0.394,1.17
canny_hough,otsu,binary,264,1,1,0.3,219.85,59.85,6.634,9.936,1.002,0.394,1.149
canny_hough,otsu,binary,265,1,1,0.3,217.32,57.32,6.771,10.073,1.069,0.393,1.131
canny_hough,otsu,binary,266,1,1,0.3,217.32,57.32,6.779,10.003,0.997,0.39,1.122
canny_hough,otsu,binary,267,1,1,0.3,219.85,59.85,6.579,9.864,1.039,0.391,1.139
canny_hough,otsu,binary,268,1,1,0.3,219.85,59.85,6.571,9.885,0.988,0.38,1.248
canny_hough,otsu,binary,269,1,1,0.3,219.91,59.91,6.819,10.047,1.053,0.392,1.064
canny_hough,otsu,binary,270,1,1,0.3,219.91,59.91,6.78,9.995,0.996,0.385,1.125
canny_hough,otsu,binary,271,1,1,0.3,217.37,57.37,6.47,9.757,1.051,0.393,1.131
canny_hough,otsu,binary,272,1,1,0.3,217.37,57.37,6.432,9.698,1.012,0.389,1.146
canny_hough,otsu,binary,273,1,1,0.3,217.87,57.87,7.553,10.779,1.039,0.381,1.115
canny_hough,otsu,binary,274,1,1,0.15,217.12,57.12,10.888,14.708,1.072,0.467,1.443
canny_hough,otsu,binary,275,1,1,0.15,217.12,57.12,10.537,15.951,1.371,0.612,2.465
canny_hough,otsu,binary,276,1,1,0.3,219.14,59.14,6.938,10.428,1.087,0.412,1.156
canny_hough,otsu,binary,277,1,1,0.15,218.66,58.66,7.358,14.009,1.174,0.495,4.274
canny_hough,otsu,binary,278,1,1,0.3,218.22,58.22,6.896,10.546,1.005,0.392,1.189
canny_hough,otsu,binary,279,1,1,0.3,218.22,58.22,7.313,10.57,1.021,0.399,1.055
canny_hough,otsu,binary,280,1,1,0.3,219.67,59.67,6.747,9.958,1.0,0.439,1.058
canny_hough,otsu,binary,281,1,1,0.3,217.48,57.48,6.905,10.024,0.993,0.389,1.034
canny_hough,otsu,binary,282,1,1,0.3,219.52,59.52,6.871,10.083,1.002,0.441,1.047
canny_hough,otsu,binary,283,1,1,0.3,219.52,59.52,6.755,10.002,0.999,0.384,1.15
canny_hough,otsu,binary,284,1,1,0.3,215.99,55.99,6.688,10.054,1.048,0.397,1.163
canny_hough,otsu,binary,285,1,1,0.3,216.58,56.58,6.788,10.135,1.006,0.391,1.152
canny_hough,otsu,binary,286,1,1,0.3,217.77,57.77,6.875,10.079,1.05,0.394,1.039
canny_hough,otsu,binary,287,1,1,0.3,217.77,57.77,6.787,10.279,1.005,0.384,1.393
canny_hough,otsu,binary,288,1,1,0.15,219.84,59.84,7.789,11.089,1.044,0.391,1.14
canny_hough,otsu,binary,289,1,1,0.3,217.42,57.42,9.713,13.757,1.079,0.43,1.793
canny_hough,otsu,binary,290,1,1,0.3,217.42,57.42,10.016,14.324,1.274,0.556,1.596
canny_hough,otsu,binary,291,1,1,0.3,220.23,60.23,6.803,10.375,1.142,0.41,1.303
canny_hough,otsu,binary,292,1,1,0.15,219.84,59.84,6.734,10.005,1.016,0.387,1.152
canny_hough,otsu,binary,293,1,1,0.3,217.95,57.95,6.64,9.903,1.073,0.398,1.06
canny_hough,otsu,binary,294,1,1,0.3,217.95,57.95,7.365,12.227,1.949,0.553,1.481
canny_hough,otsu,binary,295,1,1,0.3,216.16,56.16,12.04,15.647,1.067,0.47,1.238
canny_hough,otsu,binary,296,1,1,0.3,218.73,58.73,8.207,12.658,1.215,0.552,1.747
canny_hough,otsu,binary,297,1,1,0.3,219.2,59.2,7.473,10.847,1.016,0.385,1.216
canny_hough,otsu,binary,298,1,1,0.3,219.2,59.2,9.413,13.759,1.738,0.462,1.37
canny_hough,otsu,binary,299,1,1,0.15,217.12,57.12,9.904,14.752,1.372,0.541,2.026
canny_hough,otsu,binary,300,1,1,0.15,217.12,57.12,7.161,10.484,0.999,0.39,1.187
canny_hough,otsu,binary,301,1,1,0.3,220.23,60.23,9.093,12.815,1.156,0.436,1.247
canny_hough,otsu,binary,302,1,1,0.3,215.03,55.03,10.498,14.832,1.163,0.564,1.701
canny_hough,otsu,binary,303,1,1,0.3,215.03,55.03,7.482,10.903,1.098,0.404,1.122
canny_hough,otsu,binary,304,1,1,0.3,217.48,57.48,9.337,12.939,1.126,0.442,1.17
canny_hough,otsu,binary,305,1,1,0.3,218.13,58.13,10.181,14.646,1.146,0.558,1.788
canny_hough,otsu,binary,306,1,1,0.3,218.14,58.14,7.424,10.727,1.136,0.397,1.049
canny_hough,otsu,binary,307,1,1,0.3,218.14,58.14,9.146,12.941,1.152,0.445,1.366
canny_hough,otsu,binary,308,1,1,0.3,219.06,59.06,10.616,14.877,1.231,0.565,1.544
canny_hough,otsu,binary,309,1,1,0.3,223.75,63.75,2.868,6.321,1.098,0.404,1.268
canny_hough,otsu,binary,310,1,1,0.15,224.64,64.64,5.709,9.622,1.279,0.54,1.264
canny_hough,otsu,binary,311,1,1,0.15,224.64,64.64,6.624,10.176,1.024,0.417,1.302
canny_hough,otsu,binary,312,1,1,0.3,221.51,61.51,9.042,13.299,1.167,0.547,1.553
canny_hough,otsu,binary,313,1,1,0.3,224.28,64.28,5.236,8.758,1.127,0.46,1.112
canny_hough,otsu,binary,314,1,1,0.3,224.28,64.28,6.842,10.427,1.051,0.451,1.299
canny_hough,otsu,binary,315,1,1,0.3,220.25,60.25,7.443,11.451,1.081,0.53,1.561
canny_hough,otsu,binary,316,1,1,0.3,220.8,60.8,9.151,13.364,1.126,0.55,1.559
canny_hough,otsu,binary,317,1,1,0.3,221.93,61.93,8.805,12.212,1.015,0.39,1.201
canny_hough,otsu,binary,318,1,1,0.3,221.93,61.93,12.089,16.221,1.154,0.538,1.396
canny_hough,otsu,binary,319,1,1,0.3,218.59,58.59,7.031,11.791,1.18,0.643,1.958
canny_hough,otsu,binary,320,1,1,0.3,221.97,61.97,6.477,10.06,1.111,0.501,1.183
canny_hough,otsu,binary,321,1,1,0.3,222.1,62.1,7.14,10.573,1.013,0.438,1.218
canny_hough,otsu,binary,322,1,1,0.3,222.1,62.1,10.879,14.967,1.163,0.514,1.567
canny_hough,otsu,binary,323,1,1,0.3,219.39,59.39,7.086,14.275,1.217,0.726,4.369
canny_hough,otsu,binary,324,1,1,0.3,219.39,59.39,7.954,11.347,1.02,0.422,1.166
canny_hough,otsu,binary,325,1,1,0.3,219.87,59.87,12.001,16.315,1.186,0.547,1.604
canny_hough,otsu,binary,326,1,1,0.3,219.87,59.87,6.918,11.228,1.087,0.486,2.002
canny_hough,otsu,binary,327,1,1,0.3,222.83,62.83,7.523,10.938,1.067,0.42,1.178
canny_hough,otsu,binary,328,1,1,0.3,222.83,62.83,10.953,14.681,1.065,0.459,1.241
canny_hough,otsu,binary,329,1,1,0.3,220.28,60.28,7.972,12.982,1.329,0.633,2.032
canny_hough,otsu,binary,330,1,1,0.3,220.28,60.28,9.556,13.209,1.032,0.499,1.343
canny_hough,otsu,binary,331,1,1,0.15,219.9,59.9,10.216,14.857,1.202,0.594,1.656
canny_hough,otsu,binary,332,1,1,0.15,219.9,59.9,6.894,10.445,1.414,0.414,1.008
canny_hough,otsu,binary,333,1,1,0.3,222.06,62.06,9.582,14.06,1.132,0.454,2.11
canny_hough,otsu,binary,334,1,1,0.3,222.06,62.06,8.28,14.87,1.454,0.589,3.443
canny_hough,otsu,binary,335,1,1,0.3,219.37,59.37,7.144,10.575,1.012,0.456,1.182
canny_hough,otsu,binary,336,1,1,0.3,221.24,61.24,10.314,14.116,1.044,0.461,1.5
canny_hough,otsu,binary,337,1,1,0.3,219.57,59.57,8.111,12.787,1.418,0.626,1.573
canny_hough,otsu,binary,338,1,1,0.3,219.57,59.57,6.985,10.51,1.004,0.422,1.304
canny_hough,otsu,binary,339,1,1,0.3,223.89,63.89,11.156,15.165,1.168,0.52,1.462
canny_hough,otsu,binary,340,1,1,0.3,220.85,60.85,7.316,12.003,1.173,0.784,1.908
canny_hough,otsu,binary,341,1,1,0.15,221.77,61.77,6.225,9.411,1.008,0.392,1.081
canny_hough,otsu,binary,342,1,1,0.15,221.77,61.77,6.41,9.622,1.041,0.391,1.096
canny_hough,otsu,binary,343,1,1,0.3,221.37,61.37,6.592,9.913,0.999,0.389,1.181
canny_hough,otsu,binary,344,1,1,0.3,222.77,62.77,6.486,9.749,1.046,0.385,1.092
canny_hough,otsu,binary,345,1,1,0.15,221.77,61.77,6.33,9.475,0.991,0.373,1.106
canny_hough,otsu,binary,346,1,1,0.15,221.77,61.77,6.409,9.529,0.985,0.424,1.001
canny_hough,otsu,binary,347,1,1,0.3,220.87,60.87,6.404,9.634,0.989,0.375,1.11
canny_hough,otsu,binary,348,1,1,0.3,220.87,60.87,6.381,9.504,0.98,0.377,1.08
canny_hough,otsu,binary,349,1,1,0.15,221.77,61.77,6.371,9.608,1.047,0.382,1.113
canny_hough,otsu,binary,350,1,1,0.3,220.91,60.91,6.393,9.56,0.988,0.38,1.096
canny_hough,otsu,binary,351,1,1,0.3,220.91,60.91,6.285,9.51,0.992,0.439,1.107
canny_hough,otsu,binary,352,1,1,0.3,223.22,63.22,6.522,9.644,0.987,0.377,0.995
canny_hough,otsu,binary,353,1,1,0.15,222.83,62.83,6.122,9.274,0.986,0.376,1.088
canny_hough,otsu,binary,354,1,1,0.3,220.91,60.91,6.33,9.576,1.033,0.383,1.1
canny_hough,otsu,binary,355,1,1,0.3,220.91,60.91,6.288,9.34,0.984,0.38,0.993
canny_hough,otsu,binary,356,1,1,0.3,217.1,57.1,6.562,9.688,0.99,0.376,1.071
canny_hough,otsu,binary,357,1,1,0.3,221.98,61.98,6.32,9.419,0.992,0.379,0.983
canny_hough,otsu,binary,358,1,1,0.3,221.2,61.2,6.491,9.628,1.0,0.378,1.062
canny_hough,otsu,binary,359,1,1,0.3,221.2,61.2,6.501,9.716,1.041,0.383,1.095
canny_hough,otsu,binary,360,1,1,0.15,221.65,61.65,6.316,9.375,0.999,0.376,0.996
canny_hough,adaptive,binary,0,0,0,0.0,0.0,,4.687,14.635,0.993,7.169,1.128
canny_hough,adaptive,binary,1,0,0,0.0,0.0,,4.362,14.505,0.984,7.166,1.297
canny_hough,adaptive,binary,2,0,0,0.0,0.0,,4.306,14.593,1.042,7.155,1.367
canny_hough,adaptive,binary,3,0,0,0.0,0.0,,4.396,14.374,1.003,7.157,1.124
canny_hough,adaptive,binary,4,0,0,0.0,0.0,,4.364,14.534,0.979,7.205,1.297
canny_hough,adaptive,binary,5,0,0,0.0,0.0,,4.461,14.679,1.031,7.129,1.362
canny_hough,adaptive,binary,6,0,0,0.0,0.0,,4.542,14.7,0.992,7.169,1.327
canny_hough,adaptive,binary,7,0,0,0.0,0.0,,4.329,14.34,0.989,7.183,1.148
canny_hough,adaptive,binary,8,0,0,0.0,0.0,,4.483,14.75,1.041,7.139,1.402
canny_hough,adaptive,binary,9,0,0,0.0,0.0,,4.404,14.532,0.991,7.137,1.318
canny_hough,adaptive,binary,10,0,0,0.0,0.0,,4.345,14.58,0.999,7.238,1.303
canny_hough,adaptive,binary,11,0,0,0.0,0.0,,5.004,15.304,1.059,7.386,1.151
canny_hough,adaptive,binary,12,0,0,0.0,0.0,,6.017,17.026,0.988,7.312,1.846
canny_hough,adaptive,binary,13,0,0,0.0,0.0,,5.756,16.938,1.159,8.027,1.241
canny_hough,adaptive,binary,14,0,0,0.0,0.0,,5.97,16.777,1.103,7.665,1.146
canny_hough,adaptive,binary,15,0,0,0.0,0.0,,6.057,18.34,1.259,8.206,1.949
canny_hough,adaptive,binary,16,0,0,0.0,0.0,,6.263,17.994,1.143,8.002,1.605
canny_hough,adaptive,binary,17,0,0,0.0,0.0,,6.101,18.113,1.11,8.12,1.921
canny_hough,adaptive,binary,18,0,0,0.0,0.0,,6.166,19.191,1.948,8.122,2.043
canny_hough,adaptive,binary,19,0,0,0.0,0.0,,5.108,17.151,1.252,8.386,1.566
canny_hough,adaptive,binary,20,0,0,0.0,0.0,,4.875,15.259,1.032,7.372,1.267
canny_hough,adaptive,binary,21,0,0,0.0,0.0,,6.109,18.118,1.086,8.287,1.758
canny_hough,adaptive,binary,22,0,0,0.0,0.0,,6.689,18.765,1.038,8.276,1.788
canny_hough,adaptive,binary,23,0,0,0.0,0.0,,5.012,19.902,1.15,11.376,1.295
canny_hough,adaptive,binary,24,0,0,0.0,0.0,,5.379,16.101,1.065,7.619,1.273
canny_hough,adaptive,binary,25,0,0,0.0,0.0,,5.411,16.205,1.059,7.533,1.461
canny_hough,adaptive,binary,26,0,0,0.0,0.0,,5.216,21.237,1.07,11.664,2.52
canny_hough,adaptive,binary,27,0,0,0.0,0.0,,5.26,15.932,1.051,7.522,1.372
canny_hough,adaptive,binary,28,0,0,0.0,0.0,,6.564,17.491,1.055,7.501,1.588
canny_hough,adaptive,binary,29,0,0,0.0,0.0,,4.634,15.84,1.271,7.76,1.317
canny_hough,adaptive,binary,30,0,0,0.0,0.0,,4.753,15.359,1.015,7.491,1.319
canny_hough,adaptive,binary,31,0,0,0.0,0.0,,4.788,15.173,1.053,7.327,1.303
canny_hough,adaptive,binary,32,0,0,0.0,0.0,,5.256,15.517,1.003,7.293,1.221
canny_hough,adaptive,binary,33,0,0,0.0,0.0,,4.655,14.844,0.995,7.291,1.124
canny_hough,adaptive,binary,34,0,0,0.0,0.0,,4.669,14.954,0.997,7.425,1.16
canny_hough,adaptive,binary,35,0,0,0.0,0.0,,4.495,14.944,0.998,7.351,1.307
canny_hough,adaptive,binary,36,0,0,0.0,0.0,,4.486,14.943,1.063,7.248,1.424
canny_hough,adaptive,binary,37,0,0,0.0,0.0,,4.621,15.038,0.996,7.28,1.424
canny_hough,adaptive,binary,38,0,0,0.0,0.0,,5.263,15.665,1.004,7.316,1.37
canny_hough,adaptive,binary,39,0,0,0.0,0.0,,6.115,17.019,0.985,7.887,1.245
canny_hough,adaptive,binary,40,0,0,0.0,0.0,,5.19,16.192,1.069,7.606,1.567
canny_hough,adaptive,binary,41,0,0,0.0,0.0,,5.48,16.434,1.055,7.59,1.53
canny_hough,adaptive,binary,42,0,0,0.0,0.0,,7.124,18.46,1.116,7.94,1.484
canny_hough,adaptive,binary,43,0,0,0.0,0.0,,6.733,19.633,1.347,9.355,1.293
canny_hough,adaptive,binary,44,0,0,0.0,0.0,,5.336,16.2,1.018,7.625,1.408
canny_hough,adaptive,binary,45,0,0,0.0,0.0,,5.191,16.177,1.027,7.611,1.447
canny_hough,adaptive,binary,46,0,0,0.0,0.0,,4.917,15.4,1.003,7.35,1.366
canny_hough,adaptive,binary,47,0,0,0.0,0.0,,4.831,14.675,0.657,7.32,1.144
canny_hough,adaptive,binary,48,0,0,0.0,0.0,,4.71,14.994,1.002,7.317,1.179
canny_hough,adaptive,binary,49,0,0,0.0,0.0,,4.67,15.192,1.07,7.262,1.481
canny_hough,adaptive,binary,50,0,0,0.0,0.0,,4.663,15.206,1.014,7.384,1.428
canny_hough,adaptive,binary,51,0,0,0.0,0.0,,4.888,15.311,1.007,7.494,1.221
canny_hough,adaptive,binary,52,0,0,0.0,0.0,,6.034,16.549,1.005,7.445,1.272
canny_hough,adaptive,binary,53,0,0,0.0,0.0,,6.146,17.39,1.055,7.866,1.481
canny_hough,adaptive,binary,54,0,0,0.0,0.0,,4.296,15.517,1.227,7.828,1.362
canny_hough,adaptive,binary,55,0,0,0.0,0.0,,4.497,15.046,1.088,7.324,1.428
canny_hough,adaptive,binary,56,0,0,0.0,0.0,,4.525,14.903,1.003,7.294,1.36
canny_hough,adaptive,binary,57,0,0,0.0,0.0,,4.802,15.14,0.998,7.282,1.345
canny_hough,adaptive,binary,58,0,0,0.0,0.0,,4.484,14.984,1.062,7.368,1.355
canny_hough,adaptive,binary,59,0,0,0.0,0.0,,4.499,14.785,1.008,7.296,1.27
canny_hough,adaptive,binary,60,0,0,0.0,0.0,,4.545,14.89,0.992,7.281,1.352
canny_hough,adaptive,binary,61,0,0,0.0,0.0,,4.626,14.948,0.988,7.313,1.323
canny_hough,adaptive,binary,62,0,0,0.0,0.0,,4.524,15.17,1.053,7.306,1.427
canny_hough,adaptive,binary,63,0,0,0.0,0.0,,4.816,15.197,1.007,7.38,1.284
canny_hough,adaptive,binary,64,0,0,0.0,0.0,,5.098,15.915,1.014,7.639,1.357
canny_hough,adaptive,binary,65,0,0,0.0,0.0,,5.368,16.192,1.032,7.547,1.502
canny_hough,adaptive,binary,66,0,0,0.0,0.0,,4.681,14.889,1.002,7.319,1.1
canny_hough,adaptive,binary,67,0,0,0.0,0.0,,4.59,14.904,0.987,7.368,1.27
canny_hough,adaptive,binary,68,0,0,0.0,0.0,,4.341,14.409,0.996,7.242,1.079
canny_hough,adaptive,binary,69,0,0,0.0,0.0,,4.664,14.97,0.985,7.166,1.463
canny_hough,adaptive,binary,70,0,0,0.0,0.0,,4.729,14.71,0.992,7.183,1.116
canny_hough,adaptive,binary,71,0,0,0.0,0.0,,4.735,14.777,0.994,7.242,1.114
canny_hough,adaptive,binary,72,1,1,0.6,319.0,159.0,3.458,13.744,1.039,7.14,1.38
canny_hough,adaptive,binary,73,0,0,0.0,0.0,,4.655,14.786,0.988,7.154,1.292
canny_hough,adaptive,binary,74,0,0,0.0,0.0,,4.596,14.654,1.054,7.198,1.107
canny_hough,adaptive,binary,75,0,0,0.0,0.0,,4.632,14.841,0.987,7.162,1.373
canny_hough,adaptive,binary,76,0,0,0.0,0.0,,4.672,14.645,1.001,7.157,1.124
canny_hough,adaptive,binary,77,0,0,0.0,0.0,,4.202,14.394,0.993,7.194,1.258
canny_hough,adaptive,binary,78,0,0,0.0,0.0,,4.281,14.497,0.999,7.185,1.334
canny_hough,adaptive,binary,79,0,0,0.0,0.0,,4.202,14.319,0.986,7.18,1.263
canny_hough,adaptive,binary,80,1,1,0.15,319.0,159.0,2.493,12.53,1.055,7.145,1.152
canny_hough,adaptive,binary,81,1,1,0.3,319.0,159.0,2.423,12.54,0.993,7.194,1.177
canny_hough,adaptive,binary,82,1,1,0.3,319.0,159.0,2.401,12.504,0.991,7.202,1.187
canny_hough,adaptive,binary,83,1,1,0.45,319.0,159.0,3.092,13.191,0.991,7.179,1.245
canny_hough,adaptive,binary,84,0,0,0.0,0.0,,3.946,13.975,0.987,7.175,1.131
canny_hough,adaptive,binary,85,0,0,0.0,0.0,,4.707,14.852,0.987,7.203,1.259
canny_hough,adaptive,binary,86,0,0,0.0,0.0,,4.332,14.57,1.09,7.255,1.162
canny_hough,adaptive,binary,87,0,0,0.0,0.0,,3.912,14.413,1.001,7.35,1.356
canny_hough,adaptive,binary,88,0,0,0.0,0.0,,3.801,14.217,1.005,7.525,1.159
canny_hough,adaptive,binary,89,0,0,0.0,0.0,,4.887,15.581,1.028,7.634,1.221
canny_hough,adaptive,binary,90,0,0,0.0,0.0,,5.744,16.838,1.051,8.008,1.303
canny_hough,adaptive,binary,91,0,0,0.0,0.0,,5.173,16.474,1.131,8.205,1.22
canny_hough,adaptive,binary,92,0,0,0.0,0.0,,4.443,15.806,1.588,7.775,1.148
canny_hough,adaptive,binary,93,0,0,0.0,0.0,,5.759,18.199,1.218,8.658,1.718
canny_hough,adaptive,binary,94,0,0,0.0,0.0,,4.039,16.182,1.272,7.965,2.107
canny_hough,adaptive,binary,95,0,0,0.0,0.0,,5.775,16.869,1.031,7.586,1.678
canny_hough,adaptive,binary,96,0,0,0.0,0.0,,6.252,18.39,1.24,8.355,1.685
canny_hough,adaptive,binary,97,0,0,0.0,0.0,,4.925,16.658,1.967,7.805,1.186
canny_hough,adaptive,binary,98,0,0,0.0,0.0,,4.778,14.814,1.029,7.315,0.907
canny_hough,adaptive,binary,99,0,0,0.0,0.0,,5.729,17.436,1.046,8.156,1.687
canny_hough,adaptive,binary,100,0,0,0.0,0.0,,4.666,17.204,2.348,8.214,1.158
canny_hough,adaptive,binary,101,0,0,0.0,0.0,,6.957,18.206,1.037,7.525,1.81
canny_hough,adaptive,binary,102,0,0,0.0,0.0,,5.131,17.169,1.149,8.211,1.712
canny_hough,adaptive,binary,103,0,0,0.0,0.0,,5.027,15.658,1.187,7.535,1.139
canny_hough,adaptive,binary,104,1,1,0.6,304.26,144.26,4.487,16.295,1.295,8.118,1.627
canny_hough,adaptive,binary,105,1,1,0.3,281.77,121.77,5.481,17.334,1.472,8.299,1.254
canny_hough,adaptive,binary,106,1,1,0.3,281.77,121.77,5.213,15.639,0.975,7.397,1.353
canny_hough,adaptive,binary,107,1,1,0.3,253.94,93.94,2.688,13.148,1.173,7.332,1.253
canny_hough,adaptive,binary,108,1,1,0.3,253.94,93.94,2.714,12.739,0.996,7.236,1.109
canny_hough,adaptive,binary,109,1,1,0.3,266.91,106.91,4.509,14.509,0.993,7.173,1.149
canny_hough,adaptive,binary,110,1,1,0.3,266.91,106.91,4.509,14.655,0.984,7.195,1.279
canny_hough,adaptive,binary,111,1,1,0.3,266.91,106.91,4.474,14.669,0.999,7.169,1.281
canny_hough,adaptive,binary,112,0,0,0.0,0.0,,2.723,12.968,1.004,7.209,1.307
canny_hough,adaptive,binary,113,0,0,0.0,0.0,,3.642,13.64,1.028,7.132,1.158
canny_hough,adaptive,binary,114,0,0,0.0,0.0,,3.764,13.898,0.979,7.389,1.079
canny_hough,adaptive,binary,115,1,1,0.3,0.0,-160.0,4.109,14.331,1.039,7.157,1.333
canny_hough,adaptive,binary,116,1,1,0.3,0.0,-160.0,4.877,15.761,0.989,7.517,1.52
canny_hough,adaptive,binary,117,1,1,0.6,0.0,-160.0,4.663,16.494,1.111,8.278,1.691
canny_hough,adaptive,binary,118,1,1,0.6,0.0,-160.0,5.787,17.822,1.066,8.406,1.709
canny_hough,adaptive,binary,119,1,1,0.6,0.0,-160.0,4.738,16.118,1.121,8.079,1.325
canny_hough,adaptive,binary,120,1,1,0.6,0.0,-160.0,5.025,15.584,1.04,7.579,1.176
canny_hough,adaptive,binary,121,1,1,0.6,0.0,-160.0,4.765,15.199,1.007,7.282,1.301
canny_hough,adaptive,binary,122,1,1,0.6,0.0,-160.0,4.693,15.434,1.053,7.357,1.58
canny_hough,adaptive,binary,123,1,1,0.6,0.0,-160.0,4.909,15.489,0.988,7.372,1.406
canny_hough,adaptive,binary,124,1,1,0.6,0.0,-160.0,5.22,15.624,1.008,7.376,1.219
canny_hough,adaptive,binary,125,1,1,0.6,42.12,-117.88,6.007,18.241,1.145,8.245,1.938
canny_hough,adaptive,binary,126,1,1,0.6,67.45,-92.55,4.653,15.674,1.13,7.776,1.257
canny_hough,adaptive,binary,127,1,1,0.6,67.45,-92.55,4.553,14.921,1.003,7.339,1.193
canny_hough,adaptive,binary,128,0,0,0.0,0.0,,4.666,15.39,1.065,7.426,1.343
canny_hough,adaptive,binary,129,0,0,0.0,0.0,,5.117,15.273,0.991,7.244,1.146
canny_hough,adaptive,binary,130,0,0,0.0,0.0,,5.847,17.969,1.109,8.221,1.902
canny_hough,adaptive,binary,131,0,0,0.0,0.0,,4.408,15.63,1.18,8.015,1.283
canny_hough,adaptive,binary,132,0,0,0.0,0.0,,4.511,14.767,1.143,7.245,1.148
canny_hough,adaptive,binary,133,1,1,0.6,319.0,159.0,4.471,14.48,1.001,7.239,1.061
canny_hough,adaptive,binary,134,1,1,0.6,319.0,159.0,4.268,14.209,0.992,7.184,1.069
canny_hough,adaptive,binary,135,1,1,0.6,319.0,159.0,4.269,14.448,1.033,7.144,1.311
canny_hough,adaptive,binary,136,1,1,0.3,319.0,159.0,4.452,14.474,0.992,7.202,1.131
canny_hough,adaptive,binary,137,1,1,0.45,319.0,159.0,4.307,14.681,0.997,7.204,1.314
canny_hough,adaptive,binary,138,1,1,0.45,319.0,159.0,4.303,14.44,1.012,7.296,1.132
canny_hough,adaptive,binary,139,1,1,0.45,319.0,159.0,5.524,16.731,1.005,7.696,1.596
canny_hough,adaptive,binary,140,1,1,0.6,154.47,-5.53,5.828,17.968,1.131,8.229,1.912
canny_hough,adaptive,binary,141,1,1,0.6,235.4,75.4,5.751,16.38,1.049,7.518,1.208
canny_hough,adaptive,binary,142,1,1,0.6,243.1,83.1,6.031,16.556,1.007,7.567,1.205
canny_hough,adaptive,binary,143,1,1,0.6,243.1,83.1,6.0,16.291,1.062,7.278,1.219
canny_hough,adaptive,binary,144,1,1,0.6,216.22,56.22,6.354,16.567,0.984,7.248,1.285
canny_hough,adaptive,binary,145,0,0,0.0,0.0,,1.425,11.734,0.991,7.184,1.347
canny_hough,adaptive,binary,146,0,0,0.0,0.0,,0.743,10.688,0.975,7.159,1.147
canny_hough,adaptive,binary,147,0,0,0.0,0.0,,0.683,10.759,0.973,7.253,1.2
canny_hough,adaptive,binary,148,0,0,0.0,0.0,,0.666,10.673,1.05,7.136,1.185
canny_hough,adaptive,binary,149,0,0,0.0,0.0,,0.679,10.844,0.973,7.356,1.104
canny_hough,adaptive,binary,150,0,0,0.0,0.0,,2.353,13.875,1.009,8.122,1.501
canny_hough,adaptive,binary,151,0,0,0.0,0.0,,2.424,14.736,1.51,8.182,1.721
canny_hough,adaptive,binary,152,0,0,0.0,0.0,,1.923,12.658,1.102,7.696,1.154
canny_hough,adaptive,binary,153,0,0,0.0,0.0,,3.484,13.853,1.076,7.44,1.195
canny_hough,adaptive,binary,154,0,0,0.0,0.0,,3.54,13.55,0.984,7.265,1.079
canny_hough,adaptive,binary,155,0,0,0.0,0.0,,3.507,13.428,0.989,7.173,1.083
canny_hough,adaptive,binary,156,0,0,0.0,0.0,,3.236,13.528,1.024,7.191,1.381
canny_hough,adaptive,binary,157,1,1,0.3,319.0,159.0,4.506,14.812,1.029,7.495,1.092
canny_hough,adaptive,binary,158,1,1,0.3,319.0,159.0,4.531,14.558,0.98,7.245,1.054
canny_hough,adaptive,binary,159,1,1,0.15,319.0,159.0,4.563,14.591,0.983,7.203,1.16
canny_hough,adaptive,binary,160,0,0,0.0,0.0,,1.808,11.748,0.993,7.184,1.075
canny_hough,adaptive,binary,161,1,1,0.3,319.0,159.0,4.904,15.173,1.042,7.287,1.171
canny_hough,adaptive,binary,162,1,1,0.3,319.0,159.0,4.462,14.882,1.059,7.361,1.15
canny_hough,adaptive,binary,163,1,1,0.6,319.0,159.0,4.928,15.204,1.057,7.284,1.236
canny_hough,adaptive,binary,164,1,1,0.6,319.0,159.0,4.908,15.1,0.991,7.243,1.265
canny_hough,adaptive,binary,165,1,1,0.15,319.0,159.0,3.344,13.661,0.998,7.36,1.268
canny_hough,adaptive,binary,166,0,0,0.0,0.0,,2.941,13.031,1.043,7.194,1.167
canny_hough,adaptive,binary,167,0,0,0.0,0.0,,2.923,12.959,0.989,7.271,1.091
canny_hough,adaptive,binary,168,0,0,0.0,0.0,,2.918,13.003,0.986,7.181,1.238
canny_hough,adaptive,binary,169,1,1,0.45,319.0,159.0,4.265,14.3,0.993,7.17,1.176
canny_hough,adaptive,binary,170,1,1,0.45,319.0,159.0,4.305,14.218,0.986,7.173,1.094
canny_hough,adaptive,binary,171,1,1,0.45,319.0,159.0,4.257,14.383,1.031,7.14,1.271
canny_hough,adaptive,binary,172,1,1,0.3,319.0,159.0,3.303,13.41,0.986,7.178,1.223
canny_hough,adaptive,binary,173,1,1,0.15,319.0,159.0,3.143,13.313,1.024,7.134,1.326
canny_hough,adaptive,binary,174,1,1,0.3,319.0,159.0,3.875,13.965,0.996,7.194,1.211
canny_hough,adaptive,binary,175,1,1,0.3,319.0,159.0,3.825,13.944,0.993,7.141,1.299
canny_hough,adaptive,binary,176,1,1,0.45,319.0,159.0,4.156,14.23,0.991,7.208,1.183
canny_hough,adaptive,binary,177,1,1,0.45,319.0,159.0,4.529,14.749,0.994,7.22,1.323
canny_hough,adaptive,binary,178,1,1,0.45,319.0,159.0,5.344,16.826,1.057,7.892,1.706
canny_hough,adaptive,binary,179,1,1,0.45,319.0,159.0,4.731,16.481,1.123,8.222,1.55
canny_hough,adaptive,binary,180,1,1,0.15,319.0,159.0,3.057,13.434,1.097,7.452,1.132
canny_hough,adaptive,binary,181,1,1,0.3,319.0,159.0,3.885,14.153,1.033,7.234,1.113
canny_hough,adaptive,binary,182,1,1,0.3,319.0,159.0,3.886,13.951,0.992,7.196,1.165
canny_hough,adaptive,binary,183,1,1,0.3,319.0,159.0,3.565,13.504,0.978,7.173,1.103
canny_hough,adaptive,binary,184,1,1,0.3,319.0,159.0,3.663,13.849,0.993,7.192,1.24
canny_hough,adaptive,binary,185,1,1,0.3,319.0,159.0,3.668,13.862,0.985,7.188,1.253
canny_hough,adaptive,binary,186,1,1,0.3,319.0,159.0,3.625,13.519,0.985,7.179,1.066
canny_hough,adaptive,binary,187,1,1,0.3,319.0,159.0,3.586,13.726,1.047,7.176,1.224
canny_hough,adaptive,binary,188,1,1,0.15,319.0,159.0,4.368,14.396,0.989,7.166,1.185
canny_hough,adaptive,binary,189,1,1,0.6,319.0,159.0,4.243,14.258,0.989,7.193,1.074
canny_hough,adaptive,binary,190,1,1,0.6,319.0,159.0,4.653,14.984,0.993,7.325,1.285
canny_hough,adaptive,binary,191,1,1,0.6,319.0,159.0,4.429,14.755,1.043,7.384,1.157
canny_hough,adaptive,binary,192,1,1,0.45,319.0,159.0,4.452,14.898,1.012,7.389,1.178
canny_hough,adaptive,binary,193,1,1,0.15,319.0,159.0,4.784,18.373,3.784,7.587,1.433
canny_hough,adaptive,binary,194,0,0,0.0,0.0,,10.408,22.839,1.248,8.539,1.631
canny_hough,adaptive,binary,195,0,0,0.0,0.0,,5.157,21.428,1.195,11.862,2.396
canny_hough,adaptive,binary,196,1,1,0.45,319.0,159.0,5.125,15.746,1.034,7.419,1.356
canny_hough,adaptive,binary,197,1,1,0.15,319.0,159.0,3.172,14.366,1.348,7.868,1.201
canny_hough,adaptive,binary,198,1,1,0.15,319.0,159.0,3.187,13.444,0.991,7.328,1.181
canny_hough,adaptive,binary,199,1,1,0.45,319.0,159.0,3.482,13.579,1.001,7.286,1.11
canny_hough,adaptive,binary,200,1,1,0.45,319.0,159.0,3.49,13.741,1.074,7.232,1.244
canny_hough,adaptive,binary,201,1,1,0.45,319.0,159.0,3.918,14.076,0.986,7.285,1.188
canny_hough,adaptive,binary,202,1,1,0.6,319.0,159.0,4.057,14.367,1.035,7.243,1.311
canny_hough,adaptive,binary,203,1,1,0.6,319.0,159.0,4.079,14.345,1.007,7.282,1.28
canny_hough,adaptive,binary,204,1,1,0.45,319.0,159.0,4.214,14.519,1.007,7.327,1.186
canny_hough,adaptive,binary,205,1,1,0.6,319.0,159.0,4.078,14.366,1.008,7.307,1.275
canny_hough,adaptive,binary,206,1,1,0.6,319.0,159.0,5.057,15.997,1.009,7.78,1.341
canny_hough,adaptive,binary,207,1,1,0.6,319.0,159.0,5.184,16.327,1.041,8.022,1.35
canny_hough,adaptive,binary,208,1,1,0.6,319.0,159.0,5.058,16.005,1.071,7.776,1.249
canny_hough,adaptive,binary,209,1,1,0.6,319.0,159.0,4.868,15.544,1.053,7.663,1.223
canny_hough,adaptive,binary,210,1,1,0.6,319.0,159.0,4.727,16.593,1.167,8.265,1.632
canny_hough,adaptive,binary,211,1,1,0.6,319.0,159.0,6.275,17.62,1.004,7.952,1.651
canny_hough,adaptive,binary,212,1,1,0.6,319.0,159.0,4.399,15.511,1.279,7.851,1.136
canny_hough,adaptive,binary,213,1,1,0.6,311.31,151.31,4.013,14.453,1.132,7.3,1.3
canny_hough,adaptive,binary,214,1,1,0.6,311.31,151.31,4.009,14.287,1.082,7.302,1.18
canny_hough,adaptive,binary,215,1,1,0.6,276.52,116.52,4.914,15.357,1.009,7.34,1.325
canny_hough,adaptive,binary,216,1,1,0.6,242.75,82.75,5.242,15.498,1.053,7.278,1.203
canny_hough,adaptive,binary,217,1,1,0.6,245.98,85.98,5.788,16.355,1.059,7.488,1.275
canny_hough,adaptive,binary,218,1,1,0.45,232.7,72.7,4.946,16.245,1.087,8.029,1.336
canny_hough,adaptive,binary,219,1,1,0.45,232.7,72.7,3.851,15.072,1.195,7.961,1.161
canny_hough,adaptive,binary,220,1,1,0.6,232.83,72.83,3.754,14.002,1.069,7.258,1.215
canny_hough,adaptive,binary,221,1,1,0.45,218.62,58.62,3.207,13.435,1.019,7.401,1.086
canny_hough,adaptive,binary,222,1,1,0.45,218.62,58.62,3.151,13.41,0.988,7.355,1.186
canny_hough,adaptive,binary,223,1,1,0.45,218.62,58.62,3.187,13.426,1.011,7.314,1.138
canny_hough,adaptive,binary,224,1,1,0.45,218.62,58.62,3.2,13.402,1.006,7.294,1.181
canny_hough,adaptive,binary,225,1,1,0.3,215.03,55.03,6.535,16.912,1.001,7.285,1.343
canny_hough,adaptive,binary,226,1,1,0.3,215.03,55.03,7.398,17.839,1.045,7.434,1.257
canny_hough,adaptive,binary,227,1,1,0.3,211.05,51.05,9.747,20.882,1.055,7.788,1.44
canny_hough,adaptive,binary,228,1,1,0.3,211.05,51.05,9.318,20.93,1.213,8.172,1.334
canny_hough,adaptive,binary,229,1,1,0.3,215.37,55.37,5.519,15.678,1.09,7.251,1.117
canny_hough,adaptive,binary,230,1,1,0.3,219.26,59.26,8.45,23.189,3.904,8.194,1.754
canny_hough,adaptive,binary,231,1,1,0.3,219.26,59.26,5.607,17.266,1.579,7.84,1.282
canny_hough,adaptive,binary,232,1,1,0.45,211.44,51.44,10.886,23.173,1.145,8.358,1.776
canny_hough,adaptive,binary,233,1,1,0.3,216.65,56.65,8.042,18.963,1.147,7.645,1.334
canny_hough,adaptive,binary,234,1,1,0.3,217.08,57.08,8.63,22.619,1.302,8.662,2.878
canny_hough,adaptive,binary,235,1,1,0.3,217.08,57.08,10.282,21.544,1.311,7.801,1.352
canny_hough,adaptive,binary,236,1,1,0.3,214.2,54.2,7.022,19.078,1.314,8.35,1.474
canny_hough,adaptive,binary,237,1,1,0.3,215.96,55.96,11.322,22.693,1.018,7.818,1.714
canny_hough,adaptive,binary,238,1,1,0.3,215.96,55.96,7.363,19.562,2.08,8.066,1.275
canny_hough,adaptive,binary,239,1,1,0.15,217.34,57.34,11.058,24.069,1.054,8.082,2.884
canny_hough,adaptive,binary,240,1,1,0.15,217.34,57.34,7.62,18.275,1.094,7.447,1.298
canny_hough,adaptive,binary,241,1,1,0.3,215.63,55.63,9.694,22.112,1.117,8.6,1.772
canny_hough,adaptive,binary,242,1,1,0.3,218.97,58.97,10.329,21.433,1.096,7.837,1.383
canny_hough,adaptive,binary,243,1,1,0.3,218.97,58.97,9.549,21.674,1.215,7.977,1.846
canny_hough,adaptive,binary,244,1,1,0.3,214.87,54.87,11.49,23.439,1.205,8.028,1.755
canny_hough,adaptive,binary,245,1,1,0.15,216.94,56.94,7.217,18.58,1.276,7.814,1.385
canny_hough,adaptive,binary,246,1,1,0.15,216.94,56.94,10.102,22.424,1.102,8.593,1.75
canny_hough,adaptive,binary,247,1,1,0.15,214.68,54.68,13.528,24.443,1.302,7.499,1.357
canny_hough,adaptive,binary,248,1,1,0.15,214.68,54.68,6.739,30.577,1.372,9.646,12.004
canny_hough,adaptive,binary,249,1,1,0.3,217.86,57.86,9.017,19.915,0.993,7.636,1.424
canny_hough,adaptive,binary,250,1,1,0.3,217.86,57.86,9.0,22.152,1.325,8.672,2.054
canny_hough,adaptive,binary,251,1,1,0.3,217.87,57.87,7.265,17.826,1.114,7.274,1.387
canny_hough,adaptive,binary,252,1,1,0.3,217.87,57.87,12.864,25.003,1.123,8.204,1.812
canny_hough,adaptive,binary,253,1,1,0.3,219.2,59.2,9.777,21.503,1.136,8.145,1.578
canny_hough,adaptive,binary,254,1,1,0.3,219.2,59.2,7.012,19.008,1.216,8.483,1.489
canny_hough,adaptive,binary,255,1,1,0.3,219.2,59.2,9.221,20.28,1.013,7.493,1.729
canny_hough,adaptive,binary,256,1,1,0.15,217.77,57.77,8.048,21.241,1.281,8.637,1.965
canny_hough,adaptive,binary,257,1,1,0.3,218.59,58.59,7.312,17.87,1.05,7.548,1.236
canny_hough,adaptive,binary,258,1,1,0.3,218.59,58.59,11.488,23.637,1.028,8.432,1.872
canny_hough,adaptive,binary,259,1,1,0.3,215.13,55.13,6.739,17.337,1.093,7.389,1.262
canny_hough,adaptive,binary,260,1,1,0.3,217.85,57.85,9.125,20.356,1.174,7.612,1.571
canny_hough,adaptive,binary,261,1,1,0.3,219.94,59.94,7.808,20.481,1.222,8.471,1.943
canny_hough,adaptive,binary,262,1,1,0.3,219.94,59.94,6.96,17.888,1.104,7.61,1.274
canny_hough,adaptive,binary,263,1,1,0.3,219.85,59.85,6.684,16.818,0.992,7.232,1.216
canny_hough,adaptive,binary,264,1,1,0.3,219.85,59.85,6.691,17.075,1.006,7.377,1.296
canny_hough,adaptive,binary,265,1,1,0.3,217.32,57.32,7.061,17.345,1.041,7.349,1.207
canny_hough,adaptive,binary,266,1,1,0.3,217.32,57.32,7.05,17.253,1.0,7.275,1.232
canny_hough,adaptive,binary,267,1,1,0.3,219.85,59.85,6.669,16.785,1.0,7.182,1.242
canny_hough,adaptive,binary,268,1,1,0.3,219.85,59.85,6.835,17.135,1.119,7.27,1.211
canny_hough,adaptive,binary,269,1,1,0.3,219.91,59.91,6.686,17.049,1.061,7.317,1.214
canny_hough,adaptive,binary,270,1,1,0.3,219.91,59.91,6.785,17.137,0.999,7.455,1.209
canny_hough,adaptive,binary,271,1,1,0.3,217.37,57.37,6.607,16.71,1.003,7.192,1.139
canny_hough,adaptive,binary,272,1,1,0.3,217.37,57.37,6.528,16.965,1.047,7.333,1.329
canny_hough,adaptive,binary,273,1,1,0.3,217.87,57.87,6.585,16.869,1.0,7.282,1.236
canny_hough,adaptive,binary,274,1,1,0.15,217.12,57.12,6.505,16.599,0.991,7.171,1.237
canny_hough,adaptive,binary,275,1,1,0.15,217.12,57.12,6.425,16.412,0.996,7.161,1.138
canny_hough,adaptive,binary,276,1,1,0.3,219.14,59.14,6.333,16.502,0.993,7.167,1.243
canny_hough,adaptive,binary,277,1,1,0.15,218.66,58.66,6.358,16.56,0.999,7.193,1.32
canny_hough,adaptive,binary,278,1,1,0.3,218.22,58.22,6.915,24.172,1.029,7.148,8.41
canny_hough,adaptive,binary,279,1,1,0.3,218.22,58.22,6.724,16.965,1.063,7.238,1.242
canny_hough,adaptive,binary,280,1,1,0.3,219.67,59.67,6.856,17.269,1.168,7.307,1.233
canny_hough,adaptive,binary,281,1,1,0.3,217.48,57.48,13.283,25.945,1.006,7.885,2.848
canny_hough,adaptive,binary,282,1,1,0.3,219.52,59.52,8.663,24.035,2.861,9.602,1.861
canny_hough,adaptive,binary,283,1,1,0.3,219.52,59.52,6.873,17.091,1.006,7.248,1.162
canny_hough,adaptive,binary,284,1,1,0.3,215.99,55.99,6.729,16.921,1.002,7.23,1.28
canny_hough,adaptive,binary,285,1,1,0.3,216.58,56.58,6.936,17.113,0.997,7.242,1.189
canny_hough,adaptive,binary,286,1,1,0.3,217.77,57.77,7.2,17.547,1.106,7.417,1.12
canny_hough,adaptive,binary,287,1,1,0.3,217.77,57.77,6.634,16.864,1.001,7.261,1.267
canny_hough,adaptive,binary,288,1,1,0.15,219.84,59.84,6.613,16.961,0.988,7.41,1.267
canny_hough,adaptive,binary,289,1,1,0.3,217.42,57.42,6.44,16.821,1.036,7.133,1.523
canny_hough,adaptive,binary,290,1,1,0.3,217.42,57.42,6.6,16.851,0.994,7.37,1.137
canny_hough,adaptive,binary,291,1,1,0.3,220.23,60.23,6.538,16.815,0.997,7.349,1.239
canny_hough,adaptive,binary,292,1,1,0.15,219.84,59.84,6.59,16.734,0.995,7.184,1.231
canny_hough,adaptive,binary,293,1,1,0.3,217.95,57.95,6.15,16.267,0.978,7.23,1.154
canny_hough,adaptive,binary,294,1,1,0.3,217.95,57.95,6.185,16.4,0.996,7.197,1.332
canny_hough,adaptive,binary,295,1,1,0.3,216.16,56.16,6.347,16.445,1.045,7.142,1.22
canny_hough,adaptive,binary,296,1,1,0.3,218.73,58.73,6.512,16.587,1.032,7.197,1.146
canny_hough,adaptive,binary,297,1,1,0.3,219.2,59.2,6.57,16.55,0.979,7.187,1.129
canny_hough,adaptive,binary,298,1,1,0.3,219.2,59.2,6.555,16.563,0.998,7.177,1.143
canny_hough,adaptive,binary,299,1,1,0.15,217.12,57.12,6.33,16.357,1.002,7.147,1.186
canny_hough,adaptive,binary,300,1,1,0.15,217.12,57.12,6.375,16.363,0.99,7.162,1.143
canny_hough,adaptive,binary,301,1,1,0.3,220.23,60.23,6.379,16.43,0.996,7.16,1.133
canny_hough,adaptive,binary,302,1,1,0.3,215.03,55.03,6.654,16.868,1.039,7.131,1.314
canny_hough,adaptive,binary,303,1,1,0.3,215.03,55.03,6.465,16.639,0.995,7.178,1.24
canny_hough,adaptive,binary,304,1,1,0.3,217.48,57.48,6.517,16.642,0.99,7.212,1.235
canny_hough,adaptive,binary,305,1,1,0.3,218.13,58.13,6.466,16.562,0.99,7.175,1.236
canny_hough,adaptive,binary,306,1,1,0.3,218.14,58.14,6.458,16.532,0.992,7.168,1.233
canny_hough,adaptive,binary,307,1,1,0.3,218.14,58.14,6.377,16.422,0.994,7.162,1.146
canny_hough,adaptive,binary,308,1,1,0.3,219.06,59.06,6.604,16.676,1.035,7.155,1.189
canny_hough,adaptive,binary,309,1,1,0.3,223.75,63.75,2.879,12.916,1.043,7.178,1.116
canny_hough,adaptive,binary,310,1,1,0.15,224.64,64.64,5.011,15.011,0.993,7.194,1.119
canny_hough,adaptive,binary,311,1,1,0.15,224.64,64.64,4.98,15.068,1.048,7.176,1.178
canny_hough,adaptive,binary,312,1,1,0.3,221.51,61.51,5.248,15.296,1.028,7.144,1.177
canny_hough,adaptive,binary,313,1,1,0.3,224.28,64.28,5.1,15.043,0.992,7.128,1.119
canny_hough,adaptive,binary,314,1,1,0.3,224.28,64.28,5.147,15.156,0.992,7.177,1.149
canny_hough,adaptive,binary,315,1,1,0.3,220.25,60.25,4.911,14.975,0.992,7.193,1.191
canny_hough,adaptive,binary,316,1,1,0.3,220.8,60.8,6.411,16.46,1.036,7.132,1.187
canny_hough,adaptive,binary,317,1,1,0.3,221.93,61.93,6.564,16.624,0.988,7.187,1.127
canny_hough,adaptive,binary,318,1,1,0.3,221.93,61.93,6.593,16.574,0.994,7.186,1.106
canny_hough,adaptive,binary,319,1,1,0.3,218.59,58.59,5.668,15.613,0.988,7.146,1.129
canny_hough,adaptive,binary,320,1,1,0.3,221.97,61.97,6.422,16.522,0.985,7.189,1.236
canny_hough,adaptive,binary,321,1,1,0.3,222.1,62.1,6.434,16.498,0.988,7.139,1.247
canny_hough,adaptive,binary,322,1,1,0.3,222.1,62.1,6.462,16.661,0.996,7.176,1.246
canny_hough,adaptive,binary,323,1,1,0.3,219.39,59.39,6.174,16.353,1.046,7.116,1.324
canny_hough,adaptive,binary,324,1,1,0.3,219.39,59.39,6.252,16.323,1.034,7.146,1.196
canny_hough,adaptive,binary,325,1,1,0.3,219.87,59.87,6.519,16.668,1.044,7.168,1.239
canny_hough,adaptive,binary,326,1,1,0.3,219.87,59.87,6.565,16.574,0.993,7.201,1.118
canny_hough,adaptive,binary,327,1,1,0.3,222.83,62.83,6.347,16.433,1.0,7.156,1.244
canny_hough,adaptive,binary,328,1,1,0.3,222.83,62.83,6.384,16.331,0.986,7.156,1.129
canny_hough,adaptive,binary,329,1,1,0.3,220.28,60.28,6.376,16.445,0.991,7.152,1.233
canny_hough,adaptive,binary,330,1,1,0.3,220.28,60.28,6.352,16.493,0.989,7.177,1.139
canny_hough,adaptive,binary,331,1,1,0.15,219.9,59.9,6.113,16.289,1.033,7.121,1.336
canny_hough,adaptive,binary,332,1,1,0.15,219.9,59.9,6.177,16.349,1.033,7.133,1.29
canny_hough,adaptive,binary,333,1,1,0.3,222.06,62.06,6.228,16.391,1.049,7.183,1.238
canny_hough,adaptive,binary,334,1,1,0.3,222.06,62.06,6.384,16.47,0.991,7.206,1.135
canny_hough,adaptive,binary,335,1,1,0.3,219.37,59.37,6.402,16.508,0.986,7.198,1.237
canny_hough,adaptive,binary,336,1,1,0.3,221.24,61.24,6.367,16.451,0.993,7.188,1.211
canny_hough,adaptive,binary,337,1,1,0.3,219.57,59.57,6.451,16.527,0.988,7.154,1.234
canny_hough,adaptive,binary,338,1,1,0.3,219.57,59.57,6.276,16.942,1.022,7.556,1.376
canny_hough,adaptive,binary,339,1,1,0.3,223.89,63.89,6.299,16.368,1.037,7.111,1.229
canny_hough,adaptive,binary,340,1,1,0.3,220.85,60.85,6.277,16.397,1.046,7.225,1.152
canny_hough,adaptive,binary,341,1,1,0.15,221.77,61.77,6.099,16.171,0.998,7.178,1.13
canny_hough,adaptive,binary,342,1,1,0.15,221.77,61.77,6.165,16.23,0.993,7.202,1.14
canny_hough,adaptive,binary,343,1,1,0.3,221.37,61.37,6.537,16.607,0.979,7.168,1.25
canny_hough,adaptive,binary,344,1,1,0.3,222.77,62.77,6.412,16.399,0.992,7.158,1.138
canny_hough,adaptive,binary,345,1,1,0.15,221.77,61.77,6.295,16.368,0.985,7.154,1.244
canny_hough,adaptive,binary,346,1,1,0.15,221.77,61.77,6.358,16.357,0.988,7.178,1.137
canny_hough,adaptive,binary,347,1,1,0.3,220.87,60.87,6.338,16.359,0.983,7.141,1.214
canny_hough,adaptive,binary,348,1,1,0.3,220.87,60.87,6.379,16.639,1.091,7.129,1.335
canny_hough,adaptive,binary,349,1,1,0.15,221.77,61.77,6.311,16.343,1.05,7.167,1.131
canny_hough,adaptive,binary,350,1,1,0.3,220.91,60.91,6.416,16.538,1.001,7.205,1.161
canny_hough,adaptive,binary,351,1,1,0.3,220.91,60.91,6.334,16.393,0.981,7.14,1.249
canny_hough,adaptive,binary,352,1,1,0.3,223.22,63.22,6.502,16.497,0.982,7.155,1.131
canny_hough,adaptive,binary,353,1,1,0.15,222.83,62.83,6.157,16.286,0.981,7.204,1.258
canny_hough,adaptive,binary,354,1,1,0.3,220.91,60.91,6.313,16.404,0.99,7.169,1.254
canny_hough,adaptive,binary,355,1,1,0.3,220.91,60.91,6.225,16.24,0.988,7.157,1.194
canny_hough,adaptive,binary,356,1,1,0.3,217.1,57.1,6.515,16.735,1.04,7.159,1.335
canny_hough,adaptive,binary,357,1,1,0.3,221.98,61.98,6.237,16.391,1.041,7.122,1.238
canny_hough,adaptive,binary,358,1,1,0.3,221.2,61.2,6.563,16.725,0.989,7.194,1.121
canny_hough,adaptive,binary,359,1,1,0.3,221.2,61.2,6.495,16.485,0.994,7.168,1.129
canny_hough,adaptive,binary,360,1,1,0.15,221.65,61.65,6.293,16.28,0.993,7.157,1.131
canny_hough,fixed,combined,0,0,0,0.0,0.0,,4.6,7.388,0.987,0.094,0.947
canny_hough,fixed,combined,1,0,0,0.0,0.0,,4.414,7.321,0.989,0.089,1.141
canny_hough,fixed,combined,2,0,0,0.0,0.0,,4.321,7.244,0.994,0.091,1.159
canny_hough,fixed,combined,3,0,0,0.0,0.0,,4.302,7.105,1.045,0.094,0.967
canny_hough,fixed,combined,4,0,0,0.0,0.0,,4.341,7.132,1.033,0.096,0.964
canny_hough,fixed,combined,5,0,0,0.0,0.0,,4.448,8.134,0.987,0.091,1.92
canny_hough,fixed,combined,6,0,0,0.0,0.0,,4.51,7.331,0.992,0.092,1.046
canny_hough,fixed,combined,7,0,0,0.0,0.0,,4.348,7.317,0.98,0.093,1.199
canny_hough,fixed,combined,8,0,0,0.0,0.0,,4.577,7.495,0.994,0.094,1.14
canny_hough,fixed,combined,9,0,0,0.0,0.0,,4.536,7.455,0.988,0.094,1.158
canny_hough,fixed,combined,10,0,0,0.0,0.0,,4.348,7.156,0.99,0.092,0.949
canny_hough,fixed,combined,11,0,0,0.0,0.0,,4.563,7.318,1.035,0.093,0.941
canny_hough,fixed,combined,12,0,0,0.0,0.0,,4.536,7.334,0.99,0.091,1.004
canny_hough,fixed,combined,13,0,0,0.0,0.0,,4.349,7.851,0.992,0.095,1.732
canny_hough,fixed,combined,14,0,0,0.0,0.0,,4.399,7.189,0.99,0.094,1.014
canny_hough,fixed,combined,15,0,0,0.0,0.0,,4.593,7.34,0.991,0.092,0.969
canny_hough,fixed,combined,16,0,0,0.0,0.0,,4.514,7.423,0.994,0.094,1.138
canny_hough,fixed,combined,17,0,0,0.0,0.0,,4.5,7.515,0.991,0.092,1.153
canny_hough,fixed,combined,18,0,0,0.0,0.0,,4.48,7.27,1.051,0.098,0.942
canny_hough,fixed,combined,19,0,0,0.0,0.0,,4.334,7.3,1.029,0.1,1.143
canny_hough,fixed,combined,20,0,0,0.0,0.0,,4.362,7.408,0.992,0.093,1.247
canny_hough,fixed,combined,21,0,0,0.0,0.0,,4.559,7.329,0.991,0.095,0.952
canny_hough,fixed,combined,22,0,0,0.0,0.0,,4.175,7.094,0.997,0.091,1.144
canny_hough,fixed,combined,23,0,0,0.0,0.0,,4.14,6.855,0.979,0.09,0.958
canny_hough,fixed,combined,24,0,0,0.0,0.0,,4.515,7.274,1.033,0.1,0.947
canny_hough,fixed,combined,25,0,0,0.0,0.0,,4.532,7.42,0.989,0.093,1.105
canny_hough,fixed,combined,26,0,0,0.0,0.0,,4.526,7.501,0.981,0.093,1.217
canny_hough,fixed,combined,27,0,0,0.0,0.0,,4.547,7.55,1.004,0.093,1.21
canny_hough,fixed,combined,28,0,0,0.0,0.0,,4.606,7.336,1.001,0.092,0.941
canny_hough,fixed,combined,29,0,0,0.0,0.0,,4.517,7.429,0.989,0.091,1.138
canny_hough,fixed,combined,30,0,0,0.0,0.0,,5.332,8.162,0.991,0.094,0.946
canny_hough,fixed,combined,31,0,0,0.0,0.0,,4.64,7.63,1.017,0.111,1.144
canny_hough,fixed,combined,32,0,0,0.0,0.0,,4.681,7.96,1.148,0.179,1.201
canny_hough,fixed,combined,33,0,0,0.0,0.0,,4.443,7.66,1.059,0.197,1.192
canny_hough,fixed,combined,34,0,0,0.0,0.0,,4.464,7.654,1.089,0.162,1.255
canny_hough,fixed,combined,35,0,0,0.0,0.0,,4.532,7.441,1.037,0.101,1.022
canny_hough,fixed,combined,36,0,0,0.0,0.0,,4.388,7.682,1.048,0.097,1.445
canny_hough,fixed,combined,37,0,0,0.0,0.0,,4.566,7.349,0.991,0.116,1.008
canny_hough,fixed,combined,38,0,0,0.0,0.0,,4.541,7.677,0.992,0.093,1.342
canny_hough,fixed,combined,39,0,0,0.0,0.0,,4.622,7.625,0.991,0.096,1.234
canny_hough,fixed,combined,40,0,0,0.0,0.0,,4.503,7.522,0.988,0.096,1.142
canny_hough,fixed,combined,41,0,0,0.0,0.0,,4.967,7.89,0.99,0.096,1.147
canny_hough,fixed,combined,42,0,0,0.0,0.0,,4.296,7.022,0.991,0.092,0.953
canny_hough,fixed,combined,43,0,0,0.0,0.0,,4.806,7.765,1.047,0.153,0.976
canny_hough,fixed,combined,44,0,0,0.0,0.0,,4.645,7.425,0.99,0.094,0.942
canny_hough,fixed,combined,45,0,0,0.0,0.0,,4.965,7.753,1.037,0.095,0.955
canny_hough,fixed,combined,46,0,0,0.0,0.0,,4.737,7.722,1.043,0.098,1.141
canny_hough,fixed,combined,47,0,0,0.0,0.0,,5.166,7.956,1.04,0.1,0.948
canny_hough,fixed,combined,48,0,0,0.0,0.0,,4.829,7.652,1.05,0.102,0.958
canny_hough,fixed,combined,49,0,0,0.0,0.0,,4.972,7.774,0.994,0.097,1.02
canny_hough,fixed,combined,50,0,0,0.0,0.0,,5.132,7.989,0.994,0.099,1.012
canny_hough,fixed,combined,51,0,0,0.0,0.0,,5.205,8.021,0.994,0.091,1.026
canny_hough,fixed,combined,52,0,0,0.0,0.0,,4.488,7.497,1.003,0.098,1.194
canny_hough,fixed,combined,53,0,0,0.0,0.0,,4.575,7.91,1.158,0.15,1.338
canny_hough,fixed,combined,54,0,0,0.0,0.0,,4.806,7.614,0.99,0.091,1.032
canny_hough,fixed,combined,55,0,0,0.0,0.0,,4.327,8.292,0.98,0.093,2.198
canny_hough,fixed,combined,56,0,0,0.0,0.0,,4.395,7.197,0.978,0.094,1.039
canny_hough,fixed,combined,57,0,0,0.0,0.0,,4.797,7.515,0.989,0.091,0.944
canny_hough,fixed,combined,58,0,0,0.0,0.0,,4.361,7.728,1.172,0.168,1.281
canny_hough,fixed,combined,59,0,0,0.0,0.0,,4.415,7.681,1.149,0.128,1.288
canny_hough,fixed,combined,60,0,0,0.0,0.0,,4.355,7.593,1.022,0.158,1.355
canny_hough,fixed,combined,61,0,0,0.0,0.0,,4.56,7.698,1.161,0.148,1.029
canny_hough,fixed,combined,62,0,0,0.0,0.0,,4.566,7.889,1.122,0.163,1.27
canny_hough,fixed,combined,63,0,0,0.0,0.0,,5.476,8.83,1.053,0.17,1.312
canny_hough,fixed,combined,64,0,0,0.0,0.0,,6.427,10.428,1.174,0.129,1.621
canny_hough,fixed,combined,65,0,0,0.0,0.0,,6.346,9.273,1.109,0.122,0.95
canny_hough,fixed,combined,66,0,0,0.0,0.0,,6.061,9.633,1.061,0.185,1.486
canny_hough,fixed,combined,67,0,0,0.0,0.0,,5.093,9.242,1.061,0.116,2.223
canny_hough,fixed,combined,68,0,0,0.0,0.0,,4.49,7.817,1.092,0.176,1.26
canny_hough,fixed,combined,69,0,0,0.0,0.0,,4.838,8.399,1.147,0.169,1.551
canny_hough,fixed,combined,70,0,0,0.0,0.0,,4.697,8.291,1.092,0.168,1.546
canny_hough,fixed,combined,71,0,0,0.0,0.0,,5.056,8.236,1.091,0.169,1.036
canny_hough,fixed,combined,72,1,1,0.6,319.0,159.0,3.587,6.518,0.995,0.098,1.086
canny_hough,fixed,combined,73,0,0,0.0,0.0,,4.732,7.658,1.039,0.095,1.063
canny_hough,fixed,combined,74,0,0,0.0,0.0,,4.793,7.852,1.06,0.128,1.12
canny_hough,fixed,combined,75,0,0,0.0,0.0,,4.774,7.566,0.995,0.136,0.961
canny_hough,fixed,combined,76,0,0,0.0,0.0,,4.802,7.87,1.005,0.093,1.203
canny_hough,fixed,combined,77,0,0,0.0,0.0,,4.384,7.322,0.999,0.091,1.079
canny_hough,fixed,combined,78,0,0,0.0,0.0,,4.616,7.434,0.993,0.092,0.95
canny_hough,fixed,combined,79,0,0,0.0,0.0,,5.308,8.196,0.999,0.092,1.099
canny_hough,fixed,combined,80,1,1,0.15,319.0,159.0,2.741,5.503,0.994,0.094,0.954
canny_hough,fixed,combined,81,1,1,0.3,319.0,159.0,2.546,5.726,1.048,0.101,1.269
canny_hough,fixed,combined,82,1,1,0.3,319.0,159.0,2.437,5.394,1.055,0.132,1.029
canny_hough,fixed,combined,83,1,1,0.45,319.0,159.0,3.461,6.266,0.998,0.095,1.042
canny_hough,fixed,combined,84,0,0,0.0,0.0,,4.24,7.145,0.991,0.094,1.123
canny_hough,fixed,combined,85,0,0,0.0,0.0,,4.882,7.666,1.044,0.096,0.951
canny_hough,fixed,combined,86,0,0,0.0,0.0,,4.583,7.353,1.032,0.097,0.945
canny_hough,fixed,combined,87,0,0,0.0,0.0,,3.697,6.496,1.035,0.102,0.962
canny_hough,fixed,combined,88,0,0,0.0,0.0,,3.566,6.7,1.065,0.149,1.124
canny_hough,fixed,combined,89,0,0,0.0,0.0,,4.03,7.207,1.026,0.17,1.24
canny_hough,fixed,combined,90,0,0,0.0,0.0,,4.183,7.378,1.041,0.096,1.201
canny_hough,fixed,combined,91,0,0,0.0,0.0,,3.903,6.95,1.035,0.096,1.187
canny_hough,fixed,combined,92,0,0,0.0,0.0,,3.981,6.785,1.005,0.092,1.011
canny_hough,fixed,combined,93,0,0,0.0,0.0,,4.209,6.933,0.987,0.096,0.945
canny_hough,fixed,combined,94,0,0,0.0,0.0,,4.506,7.443,1.047,0.098,1.095
canny_hough,fixed,combined,95,0,0,0.0,0.0,,4.063,6.835,1.035,0.097,0.94
canny_hough,fixed,combined,96,0,0,0.0,0.0,,4.39,7.275,1.025,0.118,1.038
canny_hough,fixed,combined,97,0,0,0.0,0.0,,4.244,7.254,1.056,0.185,0.994
canny_hough,fixed,combined,98,0,0,0.0,0.0,,4.239,7.19,1.044,0.167,1.027
canny_hough,fixed,combined,99,0,0,0.0,0.0,,4.385,7.463,0.993,0.091,1.191
canny_hough,fixed,combined,100,0,0,0.0,0.0,,4.124,6.947,1.027,0.104,0.945
canny_hough,fixed,combined,101,0,0,0.0,0.0,,4.761,7.803,0.998,0.093,1.262
canny_hough,fixed,combined,102,0,0,0.0,0.0,,4.454,7.232,0.983,0.092,1.027
canny_hough,fixed,combined,103,0,0,0.0,0.0,,4.527,7.332,0.99,0.095,0.938
canny_hough,fixed,combined,104,1,1,0.6,304.26,144.26,3.468,6.305,0.985,0.091,1.074
canny_hough,fixed,combined,105,1,1,0.3,281.77,121.77,5.016,7.778,1.026,0.096,0.951
canny_hough,fixed,combined,106,1,1,0.3,281.77,121.77,5.095,7.891,1.046,0.102,0.941
canny_hough,fixed,combined,107,1,1,0.3,253.94,93.94,2.684,5.476,1.043,0.096,0.96
canny_hough,fixed,combined,108,1,1,0.3,253.94,93.94,2.657,5.518,0.987,0.092,1.097
canny_hough,fixed,combined,109,1,1,0.3,266.91,106.91,4.472,7.273,0.986,0.095,1.049
canny_hough,fixed,combined,110,1,1,0.3,266.91,106.91,4.557,7.374,0.99,0.091,0.936
canny_hough,fixed,combined,111,1,1,0.3,266.91,106.91,4.542,7.231,0.987,0.095,0.942
canny_hough,fixed,combined,112,0,0,0.0,0.0,,2.747,5.477,0.987,0.091,0.956
canny_hough,fixed,combined,113,0,0,0.0,0.0,,3.585,6.355,0.978,0.091,1.019
canny_hough,fixed,combined,114,0,0,0.0,0.0,,3.678,6.495,0.982,0.091,1.058
canny_hough,fixed,combined,115,1,1,0.3,0.0,-160.0,4.106,6.883,1.031,0.1,0.957
canny_hough,fixed,combined,116,1,1,0.3,0.0,-160.0,4.168,6.975,0.998,0.092,1.029
canny_hough,fixed,combined,117,1,1,0.6,0.0,-160.0,4.289,7.02,0.989,0.091,0.955
canny_hough,fixed,combined,118,1,1,0.6,0.0,-160.0,4.535,7.41,0.98,0.098,1.052
canny_hough,fixed,combined,119,1,1,0.6,0.0,-160.0,4.532,7.28,1.031,0.095,0.939
canny_hough,fixed,combined,120,1,1,0.6,0.0,-160.0,4.844,7.685,1.014,0.135,0.973
canny_hough,fixed,combined,121,1,1,0.6,0.0,-160.0,4.583,7.611,0.994,0.092,1.254
canny_hough,fixed,combined,122,1,1,0.6,0.0,-160.0,4.58,7.384,0.984,0.091,1.038
canny_hough,fixed,combined,123,1,1,0.6,0.0,-160.0,4.684,7.49,0.99,0.092,0.966
canny_hough,fixed,combined,124,1,1,0.6,0.0,-160.0,4.761,7.516,0.992,0.091,0.973
canny_hough,fixed,combined,125,1,1,0.6,42.12,-117.88,4.793,7.657,1.002,0.092,1.074
canny_hough,fixed,combined,126,1,1,0.6,67.45,-92.55,4.556,7.332,0.992,0.093,1.003
canny_hough,fixed,combined,127,1,1,0.6,67.45,-92.55,4.463,7.262,1.052,0.091,0.969
canny_hough,fixed,combined,128,0,0,0.0,0.0,,4.457,7.24,1.034,0.096,0.965
canny_hough,fixed,combined,129,0,0,0.0,0.0,,4.407,7.456,0.99,0.093,1.285
canny_hough,fixed,combined,130,0,0,0.0,0.0,,4.434,7.267,0.99,0.091,1.038
canny_hough,fixed,combined,131,0,0,0.0,0.0,,4.356,7.188,0.991,0.09,1.079
canny_hough,fixed,combined,132,0,0,0.0,0.0,,4.29,7.154,0.981,0.092,1.104
canny_hough,fixed,combined,133,1,1,0.6,319.0,159.0,4.219,6.985,1.041,0.092,0.938
canny_hough,fixed,combined,134,1,1,0.6,319.0,159.0,4.237,7.004,0.985,0.091,0.994
canny_hough,fixed,combined,135,1,1,0.6,319.0,159.0,4.256,7.053,0.995,0.098,1.005
canny_hough,fixed,combined,136,1,1,0.3,319.0,159.0,4.18,6.869,0.979,0.096,0.927
canny_hough,fixed,combined,137,1,1,0.45,319.0,159.0,4.137,7.063,0.997,0.091,1.082
canny_hough,fixed,combined,138,1,1,0.45,319.0,159.0,4.155,7.092,1.042,0.097,1.108
canny_hough,fixed,combined,139,1,1,0.45,319.0,159.0,4.167,6.951,0.997,0.095,1.012
canny_hough,fixed,combined,140,1,1,0.6,154.47,-5.53,4.829,7.621,0.996,0.093,0.984
canny_hough,fixed,combined,141,1,1,0.6,235.4,75.4,5.616,8.36,0.984,0.093,0.968
canny_hough,fixed,combined,142,1,1,0.6,243.1,83.1,5.903,8.656,0.98,0.095,0.983
canny_hough,fixed,combined,143,1,1,0.6,243.1,83.1,5.827,8.636,0.99,0.091,1.04
canny_hough,fixed,combined,144,1,1,0.6,216.22,56.22,6.228,9.26,0.996,0.092,1.255
canny_hough,fixed,combined,145,0,0,0.0,0.0,,1.338,4.14,0.988,0.094,0.962
canny_hough,fixed,combined,146,0,0,0.0,0.0,,0.677,3.464,0.985,0.092,1.003
canny_hough,fixed,combined,147,0,0,0.0,0.0,,0.685,3.409,1.012,0.098,0.964
canny_hough,fixed,combined,148,0,0,0.0,0.0,,0.779,3.762,1.079,0.142,1.045
canny_hough,fixed,combined,149,0,0,0.0,0.0,,0.674,3.469,1.025,0.096,1.005
canny_hough,fixed,combined,150,0,0,0.0,0.0,,1.913,4.705,0.984,0.093,1.027
canny_hough,fixed,combined,151,0,0,0.0,0.0,,1.901,4.802,1.029,0.1,1.092
canny_hough,fixed,combined,152,0,0,0.0,0.0,,1.952,4.798,0.984,0.094,1.062
canny_hough,fixed,combined,153,0,0,0.0,0.0,,3.474,6.297,0.983,0.091,1.072
canny_hough,fixed,combined,154,0,0,0.0,0.0,,3.487,6.24,1.021,0.094,0.957
canny_hough,fixed,combined,155,0,0,0.0,0.0,,3.474,6.186,0.985,0.092,0.948
canny_hough,fixed,combined,156,0,0,0.0,0.0,,3.112,5.858,1.037,0.095,0.936
canny_hough,fixed,combined,157,1,1,0.3,319.0,159.0,4.45,7.366,0.987,0.092,1.16
canny_hough,fixed,combined,158,1,1,0.3,319.0,159.0,4.527,7.394,1.002,0.094,1.076
canny_hough,fixed,combined,159,1,1,0.15,319.0,159.0,4.199,6.879,0.979,0.092,0.925
canny_hough,fixed,combined,160,0,0,0.0,0.0,,1.74,4.516,1.037,0.095,0.931
canny_hough,fixed,combined,161,1,1,0.3,319.0,159.0,4.192,6.907,0.975,0.091,0.923
canny_hough,fixed,combined,162,1,1,0.3,319.0,159.0,4.242,6.991,1.036,0.095,0.932
canny_hough,fixed,combined,163,1,1,0.6,319.0,159.0,4.808,7.688,0.993,0.093,1.113
canny_hough,fixed,combined,164,1,1,0.6,319.0,159.0,4.859,7.733,0.985,0.091,1.116
canny_hough,fixed,combined,165,1,1,0.15,319.0,159.0,3.277,6.19,0.982,0.093,1.088
canny_hough,fixed,combined,166,0,0,0.0,0.0,,2.925,5.814,0.994,0.091,1.053
canny_hough,fixed,combined,167,0,0,0.0,0.0,,2.875,5.769,1.0,0.091,1.129
canny_hough,fixed,combined,168,0,0,0.0,0.0,,2.946,5.698,1.04,0.093,0.947
canny_hough,fixed,combined,169,1,1,0.45,319.0,159.0,4.261,7.038,0.985,0.091,0.945
canny_hough,fixed,combined,170,1,1,0.45,319.0,159.0,4.259,6.968,0.989,0.094,0.925
canny_hough,fixed,combined,171,1,1,0.45,319.0,159.0,4.245,7.126,1.021,0.1,1.087
canny_hough,fixed,combined,172,1,1,0.3,319.0,159.0,3.309,6.151,0.99,0.09,1.066
canny_hough,fixed,combined,173,1,1,0.15,319.0,159.0,3.342,6.047,0.99,0.09,0.944
canny_hough,fixed,combined,174,1,1,0.3,319.0,159.0,4.054,7.233,1.091,0.172,1.211
canny_hough,fixed,combined,175,1,1,0.3,319.0,159.0,3.861,6.71,0.994,0.093,1.073
canny_hough,fixed,combined,176,1,1,0.45,319.0,159.0,4.168,6.974,0.993,0.094,1.041
canny_hough,fixed,combined,177,1,1,0.45,319.0,159.0,4.327,7.477,1.075,0.177,1.128
canny_hough,fixed,combined,178,1,1,0.45,319.0,159.0,4.422,7.26,1.039,0.101,0.976
canny_hough,fixed,combined,179,1,1,0.45,319.0,159.0,4.435,7.443,1.104,0.139,1.057
canny_hough,fixed,combined,180,1,1,0.15,319.0,159.0,3.15,6.139,1.002,0.094,1.174
canny_hough,fixed,combined,181,1,1,0.3,319.0,159.0,3.886,6.645,0.995,0.093,0.984
canny_hough,fixed,combined,182,1,1,0.3,319.0,159.0,3.609,6.403,1.039,0.098,0.961
canny_hough,fixed,combined,183,1,1,0.3,319.0,159.0,3.494,6.32,0.985,0.096,0.964
canny_hough,fixed,combined,184,1,1,0.3,319.0,159.0,3.614,6.537,0.991,0.091,1.087
canny_hough,fixed,combined,185,1,1,0.3,319.0,159.0,3.693,6.651,0.985,0.093,1.186
canny_hough,fixed,combined,186,1,1,0.3,319.0,159.0,3.65,6.328,0.984,0.09,0.92
canny_hough,fixed,combined,187,1,1,0.3,319.0,159.0,3.618,6.421,1.078,0.104,0.931
canny_hough,fixed,combined,188,1,1,0.15,319.0,159.0,4.083,7.011,0.986,0.093,1.16
canny_hough,fixed,combined,189,1,1,0.6,319.0,159.0,4.253,6.949,0.987,0.095,0.93
canny_hough,fixed,combined,190,1,1,0.6,319.0,159.0,4.211,7.045,0.985,0.092,1.035
canny_hough,fixed,combined,191,1,1,0.6,319.0,159.0,4.211,6.983,1.041,0.096,0.936
canny_hough,fixed,combined,192,1,1,0.45,319.0,159.0,3.803,6.555,0.99,0.092,0.989
canny_hough,fixed,combined,193,1,1,0.15,319.0,159.0,3.655,6.359,0.985,0.09,0.939
canny_hough,fixed,combined,194,0,0,0.0,0.0,,4.481,7.216,1.041,0.095,0.918
canny_hough,fixed,combined,195,0,0,0.0,0.0,,4.45,7.291,0.998,0.142,1.026
canny_hough,fixed,combined,196,1,1,0.45,319.0,159.0,3.755,6.561,1.015,0.093,1.001
canny_hough,fixed,combined,197,1,1,0.15,319.0,159.0,3.074,5.85,0.994,0.094,0.994
canny_hough,fixed,combined,198,1,1,0.15,319.0,159.0,3.13,5.941,0.992,0.092,1.033
canny_hough,fixed,combined,199,1,1,0.45,319.0,159.0,3.401,6.144,0.987,0.091,0.98
canny_hough,fixed,combined,200,1,1,0.45,319.0,159.0,3.427,6.283,1.039,0.1,1.001
canny_hough,fixed,combined,201,1,1,0.45,319.0,159.0,3.855,6.537,0.982,0.095,0.921
canny_hough,fixed,combined,202,1,1,0.6,319.0,159.0,3.997,6.765,1.042,0.092,0.944
canny_hough,fixed,combined,203,1,1,0.6,319.0,159.0,4.006,6.894,0.991,0.093,1.104
canny_hough,fixed,combined,204,1,1,0.45,319.0,159.0,4.131,6.92,0.992,0.09,0.948
canny_hough,fixed,combined,205,1,1,0.6,319.0,159.0,3.956,6.65,0.987,0.091,0.928
canny_hough,fixed,combined,206,1,1,0.6,319.0,159.0,3.96,6.708,1.035,0.095,0.925
canny_hough,fixed,combined,207,1,1,0.6,319.0,159.0,4.194,7.083,1.0,0.094,1.122
canny_hough,fixed,combined,208,1,1,0.6,319.0,159.0,4.544,7.321,0.992,0.092,0.994
canny_hough,fixed,combined,209,1,1,0.6,319.0,159.0,4.378,7.145,1.01,0.092,0.99
canny_hough,fixed,combined,210,1,1,0.6,319.0,159.0,4.38,7.231,1.046,0.094,0.985
canny_hough,fixed,combined,211,1,1,0.6,319.0,159.0,4.343,7.203,1.095,0.099,0.998
canny_hough,fixed,combined,212,1,1,0.6,319.0,159.0,4.282,7.081,0.992,0.092,1.019
canny_hough,fixed,combined,213,1,1,0.6,311.31,151.31,3.9,6.647,0.994,0.093,0.961
canny_hough,fixed,combined,214,1,1,0.6,311.31,151.31,3.904,6.685,0.997,0.091,0.935
canny_hough,fixed,combined,215,1,1,0.6,276.52,116.52,4.76,7.627,1.036,0.096,1.052
canny_hough,fixed,combined,216,1,1,0.6,242.75,82.75,5.035,7.822,0.991,0.091,1.009
canny_hough,fixed,combined,217,1,1,0.6,245.98,85.98,5.251,8.192,0.991,0.091,1.17
canny_hough,fixed,combined,218,1,1,0.45,232.7,72.7,3.745,6.645,0.994,0.093,1.113
canny_hough,fixed,combined,219,1,1,0.45,232.7,72.7,3.728,6.434,0.984,0.092,0.943
canny_hough,fixed,combined,220,1,1,0.6,232.83,72.83,3.609,6.435,0.985,0.093,0.963
canny_hough,fixed,combined,221,1,1,0.45,218.62,58.62,3.15,6.029,0.986,0.097,1.122
canny_hough,fixed,combined,222,1,1,0.45,218.62,58.62,3.126,5.868,0.99,0.092,0.973
canny_hough,fixed,combined,223,1,1,0.45,218.62,58.62,3.135,6.076,0.986,0.103,1.188
canny_hough,fixed,combined,224,1,1,0.45,218.62,58.62,3.099,5.785,0.983,0.09,0.94
canny_hough,fixed,combined,225,1,1,0.3,215.03,55.03,6.406,9.359,0.994,0.094,1.193
canny_hough,fixed,combined,226,1,1,0.3,215.03,55.03,7.259,10.327,1.058,0.138,1.152
canny_hough,fixed,combined,227,1,1,0.3,211.05,51.05,6.511,9.444,1.015,0.107,1.092
canny_hough,fixed,combined,228,1,1,0.3,211.05,51.05,6.676,9.498,1.037,0.097,0.991
canny_hough,fixed,combined,229,1,1,0.3,215.37,55.37,5.079,7.816,0.983,0.09,0.977
canny_hough,fixed,combined,230,1,1,0.3,219.26,59.26,5.044,7.989,0.986,0.091,1.062
canny_hough,fixed,combined,231,1,1,0.3,219.26,59.26,5.003,7.816,0.983,0.091,1.041
canny_hough,fixed,combined,232,1,1,0.45,211.44,51.44,6.888,9.657,0.989,0.095,0.997
canny_hough,fixed,combined,233,1,1,0.3,216.65,56.65,6.664,9.619,0.979,0.09,1.138
canny_hough,fixed,combined,234,1,1,0.3,217.08,57.08,6.476,9.238,0.984,0.091,0.993
canny_hough,fixed,combined,235,1,1,0.3,217.08,57.08,6.339,9.273,0.984,0.093,1.159
canny_hough,fixed,combined,236,1,1,0.3,214.2,54.2,6.451,9.34,1.039,0.098,1.008
canny_hough,fixed,combined,237,1,1,0.3,215.96,55.96,6.534,9.309,0.984,0.089,1.002
canny_hough,fixed,combined,238,1,1,0.3,215.96,55.96,6.546,9.404,0.995,0.092,1.065
canny_hough,fixed,combined,239,1,1,0.15,217.34,57.34,6.455,9.276,1.031,0.095,1.006
canny_hough,fixed,combined,240,1,1,0.15,217.34,57.34,6.506,9.405,0.993,0.094,1.097
canny_hough,fixed,combined,241,1,1,0.3,215.63,55.63,6.284,9.142,1.004,0.094,1.076
canny_hough,fixed,combined,242,1,1,0.3,218.97,58.97,6.544,9.335,1.029,0.094,0.997
canny_hough,fixed,combined,243,1,1,0.3,218.97,58.97,6.421,9.264,0.985,0.094,1.083
canny_hough,fixed,combined,244,1,1,0.3,214.87,54.87,6.624,9.469,0.998,0.091,1.06
canny_hough,fixed,combined,245,1,1,0.15,216.94,56.94,6.497,9.329,1.037,0.095,0.998
canny_hough,fixed,combined,246,1,1,0.15,216.94,56.94,6.465,9.311,0.977,0.094,1.089
canny_hough,fixed,combined,247,1,1,0.15,214.68,54.68,6.405,9.26,0.986,0.091,1.093
canny_hough,fixed,combined,248,1,1,0.15,214.68,54.68,6.513,9.429,1.034,0.096,1.087
canny_hough,fixed,combined,249,1,1,0.3,217.86,57.86,6.504,9.257,0.984,0.093,0.988
canny_hough,fixed,combined,250,1,1,0.3,217.86,57.86,6.533,9.395,0.989,0.094,1.079
canny_hough,fixed,combined,251,1,1,0.3,217.87,57.87,6.513,9.437,1.047,0.098,1.087
canny_hough,fixed,combined,252,1,1,0.3,217.87,57.87,6.541,9.313,0.988,0.093,0.995
canny_hough,fixed,combined,253,1,1,0.3,219.2,59.2,6.51,9.433,0.992,0.09,1.146
canny_hough,fixed,combined,254,1,1,0.3,219.2,59.2,6.588,9.409,0.99,0.091,0.981
canny_hough,fixed,combined,255,1,1,0.3,219.2,59.2,6.493,9.34,0.997,0.093,0.992
canny_hough,fixed,combined,256,1,1,0.15,217.77,57.77,6.415,9.396,1.035,0.096,1.09
canny_hough,fixed,combined,257,1,1,0.3,218.59,58.59,6.412,9.193,0.993,0.097,1.005
canny_hough,fixed,combined,258,1,1,0.3,218.59,58.59,6.397,9.314,0.982,0.093,1.081
canny_hough,fixed,combined,259,1,1,0.3,215.13,55.13,6.595,9.414,1.038,0.095,1.002
canny_hough,fixed,combined,260,1,1,0.3,217.85,57.85,6.427,9.247,0.998,0.091,0.997
canny_hough,fixed,combined,261,1,1,0.3,219.94,59.94,6.386,9.194,0.978,0.092,1.061
canny_hough,fixed,combined,262,1,1,0.3,219.94,59.94,6.315,9.142,1.031,0.094,0.997
canny_hough,fixed,combined,263,1,1,0.3,219.85,59.85,6.454,9.281,0.997,0.092,0.989
canny_hough,fixed,combined,264,1,1,0.3,219.85,59.85,6.461,9.415,0.996,0.092,1.104
canny_hough,fixed,combined,265,1,1,0.3,217.32,57.32,6.617,9.548,1.038,0.097,1.107
canny_hough,fixed,combined,266,1,1,0.3,217.32,57.32,6.628,9.403,0.984,0.094,1.001
canny_hough,fixed,combined,267,1,1,0.3,219.85,59.85,6.404,9.266,0.995,0.091,1.079
canny_hough,fixed,combined,268,1,1,0.3,219.85,59.85,6.515,9.307,1.025,0.098,0.995
canny_hough,fixed,combined,269,1,1,0.3,219.91,59.91,6.553,9.33,0.994,0.09,0.996
canny_hough,fixed,combined,270,1,1,0.3,219.91,59.91,6.598,10.084,0.978,0.091,1.699
canny_hough,fixed,combined,271,1,1,0.3,217.37,57.37,6.217,9.095,0.996,0.093,1.102
canny_hough,fixed,combined,272,1,1,0.3,217.37,57.37,6.255,9.197,0.985,0.093,1.103
canny_hough,fixed,combined,273,1,1,0.3,217.87,57.87,6.439,9.363,0.992,0.136,1.101
canny_hough,fixed,combined,274,1,1,0.15,217.12,57.12,6.477,9.295,0.982,0.094,0.994
canny_hough,fixed,combined,275,1,1,0.15,217.12,57.12,6.438,9.276,0.988,0.093,1.007
canny_hough,fixed,combined,276,1,1,0.3,219.14,59.14,6.354,9.186,1.035,0.098,1.002
canny_hough,fixed,combined,277,1,1,0.15,218.66,58.66,6.466,9.292,0.977,0.094,0.994
canny_hough,fixed,combined,278,1,1,0.3,218.22,58.22,6.685,9.622,0.992,0.094,1.09
canny_hough,fixed,combined,279,1,1,0.3,218.22,58.22,6.874,9.707,1.035,0.101,1.015
canny_hough,fixed,combined,280,1,1,0.3,219.67,59.67,6.491,9.541,1.023,0.099,1.107
canny_hough,fixed,combined,281,1,1,0.3,217.48,57.48,6.662,9.504,0.995,0.093,1.063
canny_hough,fixed,combined,282,1,1,0.3,219.52,59.52,6.624,9.448,0.989,0.092,0.996
canny_hough,fixed,combined,283,1,1,0.3,219.52,59.52,6.525,9.476,1.002,0.089,1.099
canny_hough,fixed,combined,284,1,1,0.3,215.99,55.99,6.538,9.464,1.039,0.098,1.096
canny_hough,fixed,combined,285,1,1,0.3,216.58,56.58,6.672,9.543,0.994,0.092,1.095
canny_hough,fixed,combined,286,1,1,0.3,217.77,57.77,6.648,9.735,1.004,0.092,1.319
canny_hough,fixed,combined,287,1,1,0.3,217.77,57.77,6.676,9.504,0.998,0.089,0.984
canny_hough,fixed,combined,288,1,1,0.15,219.84,59.84,6.559,9.381,0.983,0.094,0.99
canny_hough,fixed,combined,289,1,1,0.3,217.42,57.42,6.548,9.369,1.031,0.095,1.005
canny_hough,fixed,combined,290,1,1,0.3,217.42,57.42,6.524,9.317,0.986,0.09,0.998
canny_hough,fixed,combined,291,1,1,0.3,220.23,60.23,6.504,9.361,0.999,0.093,1.074
canny_hough,fixed,combined,292,1,1,0.15,219.84,59.84,6.651,9.481,1.036,0.095,1.0
canny_hough,fixed,combined,293,1,1,0.3,217.95,57.95,6.179,8.97,0.992,0.093,1.006
canny_hough,fixed,combined,294,1,1,0.3,217.95,57.95,6.201,9.049,0.995,0.092,1.071
canny_hough,fixed,combined,295,1,1,0.3,216.16,56.16,6.383,9.202,1.037,0.098,1.007
canny_hough,fixed,combined,296,1,1,0.3,218.73,58.73,6.416,9.273,0.999,0.091,1.0
canny_hough,fixed,combined,297,1,1,0.3,219.2,59.2,6.539,9.306,0.985,0.09,0.999
canny_hough,fixed,combined,298,1,1,0.3,219.2,59.2,6.549,9.392,1.05,0.1,1.0
canny_hough,fixed,combined,299,1,1,0.15,217.12,57.12,6.324,9.083,0.985,0.09,0.99
canny_hough,fixed,combined,300,1,1,0.15,217.12,57.12,6.326,9.186,0.988,0.091,0.985
canny_hough,fixed,combined,301,1,1,0.3,220.23,60.23,6.419,9.231,0.986,0.136,1.002
canny_hough,fixed,combined,302,1,1,0.3,215.03,55.03,6.52,9.443,0.99,0.093,1.087
canny_hough,fixed,combined,303,1,1,0.3,215.03,55.03,6.411,9.256,0.989,0.091,0.996
canny_hough,fixed,combined,304,1,1,0.3,217.48,57.48,6.464,9.39,1.03,0.097,1.1
canny_hough,fixed,combined,305,1,1,0.3,218.13,58.13,6.507,9.268,0.983,0.09,0.995
canny_hough,fixed,combined,306,1,1,0.3,218.14,58.14,6.415,9.359,0.989,0.091,1.185
canny_hough,fixed,combined,307,1,1,0.3,218.14,58.14,6.434,9.354,1.037,0.098,1.102
canny_hough,fixed,combined,308,1,1,0.3,219.06,59.06,6.628,9.482,0.99,0.091,1.074
canny_hough,fixed,combined,309,1,1,0.3,223.75,63.75,2.806,5.618,0.988,0.092,1.037
canny_hough,fixed,combined,310,1,1,0.15,224.64,64.64,5.012,7.92,1.048,0.097,1.044
canny_hough,fixed,combined,311,1,1,0.15,224.64,64.64,4.968,7.789,1.046,0.1,0.997
canny_hough,fixed,combined,312,1,1,0.3,221.51,61.51,5.239,8.037,1.031,0.097,0.978
canny_hough,fixed,combined,313,1,1,0.3,224.28,64.28,5.041,7.882,1.052,0.097,0.993
canny_hough,fixed,combined,314,1,1,0.3,224.28,64.28,5.072,7.883,1.038,0.092,0.977
canny_hough,fixed,combined,315,1,1,0.3,220.25,60.25,4.931,7.742,1.037,0.094,0.987
canny_hough,fixed,combined,316,1,1,0.3,220.8,60.8,6.465,9.384,1.042,0.095,1.102
canny_hough,fixed,combined,317,1,1,0.3,221.93,61.93,6.561,9.406,0.993,0.091,1.068
canny_hough,fixed,combined,318,1,1,0.3,221.93,61.93,6.53,9.442,0.981,0.092,1.162
canny_hough,fixed,combined,319,1,1,0.3,218.59,58.59,5.576,8.396,1.046,0.094,0.984
canny_hough,fixed,combined,320,1,1,0.3,221.97,61.97,6.435,9.281,0.987,0.093,0.979
canny_hough,fixed,combined,321,1,1,0.3,222.1,62.1,6.517,9.286,0.99,0.094,1.0
canny_hough,fixed,combined,322,1,1,0.3,222.1,62.1,6.544,9.549,0.999,0.205,1.102
canny_hough,fixed,combined,323,1,1,0.3,219.39,59.39,6.219,8.974,0.982,0.093,0.997
canny_hough,fixed,combined,324,1,1,0.3,219.39,59.39,6.281,9.049,0.989,0.094,0.987
canny_hough,fixed,combined,325,1,1,0.3,219.87,59.87,6.468,9.474,0.983,0.096,1.229
canny_hough,fixed,combined,326,1,1,0.3,219.87,59.87,6.569,9.399,0.987,0.093,0.999
canny_hough,fixed,combined,327,1,1,0.3,222.83,62.83,6.297,9.136,0.996,0.095,0.998
canny_hough,fixed,combined,328,1,1,0.3,222.83,62.83,6.355,9.276,0.993,0.092,1.146
canny_hough,fixed,combined,329,1,1,0.3,220.28,60.28,6.33,9.288,0.995,0.093,1.107
canny_hough,fixed,combined,330,1,1,0.3,220.28,60.28,6.447,9.269,0.996,0.092,0.991
canny_hough,fixed,combined,331,1,1,0.15,219.9,59.9,6.171,8.962,0.984,0.093,1.039
canny_hough,fixed,combined,332,1,1,0.15,219.9,59.9,6.262,9.103,1.054,0.105,1.0
canny_hough,fixed,combined,333,1,1,0.3,222.06,62.06,6.293,9.04,0.986,0.092,0.995
canny_hough,fixed,combined,334,1,1,0.3,222.06,62.06,7.262,10.216,0.99,0.091,1.168
canny_hough,fixed,combined,335,1,1,0.3,219.37,59.37,6.573,9.513,1.045,0.118,1.006
canny_hough,fixed,combined,336,1,1,0.3,221.24,61.24,6.345,9.267,1.0,0.091,1.11
canny_hough,fixed,combined,337,1,1,0.3,219.57,59.57,6.271,9.212,1.044,0.102,1.11
canny_hough,fixed,combined,338,1,1,0.3,219.57,59.57,6.294,9.248,0.984,0.091,1.187
canny_hough,fixed,combined,339,1,1,0.3,223.89,63.89,6.262,9.22,0.992,0.097,1.191
canny_hough,fixed,combined,340,1,1,0.3,220.85,60.85,6.303,9.269,1.04,0.097,1.1
canny_hough,fixed,combined,341,1,1,0.15,221.77,61.77,6.091,8.848,0.982,0.093,0.99
canny_hough,fixed,combined,342,1,1,0.15,221.77,61.77,6.141,8.953,1.0,0.095,1.011
canny_hough,fixed,combined,343,1,1,0.3,221.37,61.37,6.515,9.499,0.989,0.092,1.22
canny_hough,fixed,combined,344,1,1,0.3,222.77,62.77,6.4,9.235,0.995,0.089,0.993
canny_hough,fixed,combined,345,1,1,0.15,221.77,61.77,6.353,9.112,0.983,0.092,0.998
canny_hough,fixed,combined,346,1,1,0.15,221.77,61.77,6.304,9.238,0.981,0.094,1.173
canny_hough,fixed,combined,347,1,1,0.3,220.87,60.87,6.415,9.238,1.039,0.096,1.001
canny_hough,fixed,combined,348,1,1,0.3,220.87,60.87,6.433,9.217,0.987,0.093,1.003
canny_hough,fixed,combined,349,1,1,0.15,221.77,61.77,6.325,9.5,0.983,0.092,1.419
canny_hough,fixed,combined,350,1,1,0.3,220.91,60.91,6.405,9.238,1.038,0.092,0.994
canny_hough,fixed,combined,351,1,1,0.3,220.91,60.91,6.328,9.204,0.99,0.091,1.115
canny_hough,fixed,combined,352,1,1,0.3,223.22,63.22,6.448,9.286,0.985,0.091,1.073
canny_hough,fixed,combined,353,1,1,0.15,222.83,62.83,6.2,9.023,1.049,0.094,1.001
canny_hough,fixed,combined,354,1,1,0.3,220.91,60.91,6.269,9.121,0.982,0.091,1.089
canny_hough,fixed,combined,355,1,1,0.3,220.91,60.91,6.206,9.054,0.986,0.093,1.085
canny_hough,fixed,combined,356,1,1,0.3,217.1,57.1,6.602,9.432,1.04,0.096,1.007
canny_hough,fixed,combined,357,1,1,0.3,221.98,61.98,6.304,9.085,0.994,0.093,1.009
canny_hough,fixed,combined,358,1,1,0.3,221.2,61.2,6.491,9.317,0.992,0.091,0.986
canny_hough,fixed,combined,359,1,1,0.3,221.2,61.2,6.481,9.279,1.024,0.097,0.995
canny_hough,fixed,combined,360,1,1,0.15,221.65,61.65,6.318,9.106,0.984,0.095,0.997
canny_hough,otsu,combined,0,0,0,0.0,0.0,,4.556,7.784,0.995,0.382,1.19
canny_hough,otsu,combined,1,0,0,0.0,0.0,,4.394,7.655,0.999,0.377,1.127
canny_hough,otsu,combined,2,0,0,0.0,0.0,,4.415,7.565,0.989,0.378,1.125
canny_hough,otsu,combined,3,0,0,0.0,0.0,,4.292,7.476,0.983,0.373,1.141
canny_hough,otsu,combined,4,0,0,0.0,0.0,,4.355,7.605,0.988,0.375,1.138
canny_hough,otsu,combined,5,0,0,0.0,0.0,,4.443,7.496,1.048,0.382,0.934
canny_hough,otsu,combined,6,0,0,0.0,0.0,,4.465,7.74,1.039,0.385,1.162
canny_hough,otsu,combined,7,0,0,0.0,0.0,,4.305,7.562,1.037,0.383,1.146
canny_hough,otsu,combined,8,0,0,0.0,0.0,,4.521,7.638,0.989,0.42,0.99
canny_hough,otsu,combined,9,0,0,0.0,0.0,,4.343,7.387,0.993,0.38,0.99
canny_hough,otsu,combined,10,0,0,0.0,0.0,,4.466,7.568,0.996,0.377,1.04
canny_hough,otsu,combined,11,0,0,0.0,0.0,,4.604,7.69,0.992,0.374,0.968
canny_hough,otsu,combined,12,0,0,0.0,0.0,,4.635,7.655,0.988,0.377,0.965
canny_hough,otsu,combined,13,0,0,0.0,0.0,,4.333,7.348,0.983,0.372,0.959
canny_hough,otsu,combined,14,0,0,0.0,0.0,,4.376,7.588,0.993,0.375,1.157
canny_hough,otsu,combined,15,0,0,0.0,0.0,,4.5,7.597,1.004,0.382,0.952
canny_hough,otsu,combined,16,0,0,0.0,0.0,,4.521,7.755,1.044,0.376,1.131
canny_hough,otsu,combined,17,0,0,0.0,0.0,,4.514,7.752,1.035,0.38,1.138
canny_hough,otsu,combined,18,0,0,0.0,0.0,,4.49,7.79,1.059,0.381,1.15
canny_hough,otsu,combined,19,0,0,0.0,0.0,,4.344,7.635,1.046,0.382,1.16
canny_hough,otsu,combined,20,0,0,0.0,0.0,,4.346,7.398,0.989,0.423,0.959
canny_hough,otsu,combined,21,0,0,0.0,0.0,,4.503,7.569,0.983,0.377,1.018
canny_hough,otsu,combined,22,0,0,0.0,0.0,,4.196,7.48,0.996,0.374,1.226
canny_hough,otsu,combined,23,0,0,0.0,0.0,,4.188,7.278,0.994,0.374,0.97
canny_hough,otsu,combined,24,0,0,0.0,0.0,,4.562,7.781,0.992,0.378,1.159
canny_hough,otsu,combined,25,0,0,0.0,0.0,,4.514,7.793,0.991,0.377,1.159
canny_hough,otsu,combined,26,0,0,0.0,0.0,,4.503,7.744,0.994,0.378,1.171
canny_hough,otsu,combined,27,0,0,0.0,0.0,,4.5,7.59,0.996,0.374,0.969
canny_hough,otsu,combined,28,0,0,0.0,0.0,,4.498,7.794,0.99,0.378,1.141
canny_hough,otsu,combined,29,0,0,0.0,0.0,,4.534,7.788,1.055,0.381,1.135
canny_hough,otsu,combined,30,0,0,0.0,0.0,,4.65,7.934,1.044,0.38,1.17
canny_hough,otsu,combined,31,0,0,0.0,0.0,,4.713,7.787,1.033,0.383,0.972
canny_hough,otsu,combined,32,0,0,0.0,0.0,,4.455,7.537,1.039,0.383,0.955
canny_hough,otsu,combined,33,0,0,0.0,0.0,,4.429,7.513,1.043,0.383,0.969
canny_hough,otsu,combined,34,0,0,0.0,0.0,,4.458,7.536,0.992,0.433,0.954
canny_hough,otsu,combined,35,0,0,0.0,0.0,,4.797,7.904,0.995,0.376,1.044
canny_hough,otsu,combined,36,0,0,0.0,0.0,,4.366,7.448,0.995,0.378,1.023
canny_hough,otsu,combined,37,0,0,0.0,0.0,,4.478,7.592,0.994,0.377,1.045
canny_hough,otsu,combined,38,0,0,0.0,0.0,,4.511,7.784,0.981,0.38,1.154
canny_hough,otsu,combined,39,0,0,0.0,0.0,,4.402,7.41,0.999,0.378,0.951
canny_hough,otsu,combined,40,0,0,0.0,0.0,,4.313,7.539,0.993,0.378,1.168
canny_hough,otsu,combined,41,0,0,0.0,0.0,,4.628,7.891,0.99,0.378,1.155
canny_hough,otsu,combined,42,0,0,0.0,0.0,,4.297,7.36,1.0,0.379,0.942
canny_hough,otsu,combined,43,0,0,0.0,0.0,,4.512,7.775,1.033,0.382,1.152
canny_hough,otsu,combined,44,0,0,0.0,0.0,,4.532,7.568,1.026,0.385,0.96
canny_hough,otsu,combined,45,0,0,0.0,0.0,,4.455,7.548,1.041,0.377,0.979
canny_hough,otsu,combined,46,0,0,0.0,0.0,,4.481,7.569,0.992,0.423,0.979
canny_hough,otsu,combined,47,0,0,0.0,0.0,,4.559,7.657,0.993,0.378,1.038
canny_hough,otsu,combined,48,0,0,0.0,0.0,,4.587,7.682,0.988,0.379,1.025
canny_hough,otsu,combined,49,0,0,0.0,0.0,,4.504,7.599,0.998,0.376,1.035
canny_hough,otsu,combined,50,0,0,0.0,0.0,,4.627,7.653,0.994,0.377,0.953
canny_hough,otsu,combined,51,0,0,0.0,0.0,,4.741,7.75,0.989,0.378,0.966
canny_hough,otsu,combined,52,0,0,0.0,0.0,,4.502,7.521,0.992,0.374,0.958
canny_hough,otsu,combined,53,0,0,0.0,0.0,,4.48,7.698,0.994,0.376,1.161
canny_hough,otsu,combined,54,0,0,0.0,0.0,,4.191,7.452,0.987,0.378,1.143
canny_hough,otsu,combined,55,0,0,0.0,0.0,,4.305,7.552,1.033,0.379,1.148
canny_hough,otsu,combined,56,0,0,0.0,0.0,,4.321,7.588,1.037,0.379,1.156
canny_hough,otsu,combined,57,0,0,0.0,0.0,,4.656,7.689,0.978,0.417,0.969
canny_hough,otsu,combined,58,0,0,0.0,0.0,,4.341,7.452,0.992,0.42,0.97
canny_hough,otsu,combined,59,0,0,0.0,0.0,,4.338,7.673,0.989,0.376,1.287
canny_hough,otsu,combined,60,0,0,0.0,0.0,,4.365,7.652,0.986,0.372,1.237
canny_hough,otsu,combined,61,0,0,0.0,0.0,,4.492,7.796,0.996,0.377,1.244
canny_hough,otsu,combined,62,0,0,0.0,0.0,,4.533,7.617,0.996,0.377,0.957
canny_hough,otsu,combined,63,0,0,0.0,0.0,,4.577,7.586,0.996,0.376,0.954
canny_hough,otsu,combined,64,0,0,0.0,0.0,,4.508,7.501,0.98,0.378,0.944
canny_hough,otsu,combined,65,0,0,0.0,0.0,,4.584,7.851,0.992,0.371,1.148
canny_hough,otsu,combined,66,0,0,0.0,0.0,,4.615,7.695,0.991,0.378,0.954
canny_hough,otsu,combined,67,0,0,0.0,0.0,,4.634,7.902,0.988,0.375,1.152
canny_hough,otsu,combined,68,0,0,0.0,0.0,,4.33,7.629,1.04,0.377,1.16
canny_hough,otsu,combined,69,0,0,0.0,0.0,,4.65,7.696,1.03,0.381,0.95
canny_hough,otsu,combined,70,0,0,0.0,0.0,,4.744,8.008,1.042,0.376,1.166
canny_hough,otsu,combined,71,0,0,0.0,0.0,,4.671,7.933,1.029,0.377,1.159
canny_hough,otsu,combined,72,1,1,0.6,319.0,159.0,3.465,6.549,1.038,0.375,0.976
canny_hough,otsu,combined,73,0,0,0.0,0.0,,4.656,7.912,0.988,0.374,1.212
canny_hough,otsu,combined,74,0,0,0.0,0.0,,4.606,7.864,0.989,0.377,1.215
canny_hough,otsu,combined,75,0,0,0.0,0.0,,4.598,7.726,0.997,0.376,1.071
canny_hough,otsu,combined,76,0,0,0.0,0.0,,4.723,7.813,0.994,0.378,1.027
canny_hough,otsu,combined,77,0,0,0.0,0.0,,4.29,7.546,1.009,0.373,1.191
canny_hough,otsu,combined,78,0,0,0.0,0.0,,4.336,7.537,0.987,0.372,1.122
canny_hough,otsu,combined,79,0,0,0.0,0.0,,4.228,7.244,0.995,0.372,0.959
canny_hough,otsu,combined,80,1,1,0.15,319.0,159.0,2.555,5.602,0.984,0.369,0.947
canny_hough,otsu,combined,81,1,1,0.3,319.0,159.0,2.374,5.415,0.99,0.371,0.995
canny_hough,otsu,combined,82,1,1,0.3,319.0,159.0,2.444,5.583,1.086,0.389,0.978
canny_hough,otsu,combined,83,1,1,0.45,319.0,159.0,3.125,6.132,0.991,0.374,0.958
canny_hough,otsu,combined,84,0,0,0.0,0.0,,3.921,7.136,1.029,0.383,1.112
canny_hough,otsu,combined,85,0,0,0.0,0.0,,4.232,7.332,0.997,0.374,1.044
canny_hough,otsu,combined,86,0,0,0.0,0.0,,4.2,7.254,0.987,0.378,0.947
canny_hough,otsu,combined,87,0,0,0.0,0.0,,3.621,6.631,0.992,0.375,0.956
canny_hough,otsu,combined,88,0,0,0.0,0.0,,3.615,6.723,1.035,0.381,0.974
canny_hough,otsu,combined,89,0,0,0.0,0.0,,4.055,7.285,0.991,0.375,1.189
canny_hough,otsu,combined,90,0,0,0.0,0.0,,4.079,7.135,0.987,0.371,1.007
canny_hough,otsu,combined,91,0,0,0.0,0.0,,3.75,6.907,0.997,0.373,1.102
canny_hough,otsu,combined,92,0,0,0.0,0.0,,3.752,6.956,1.038,0.377,1.106
canny_hough,otsu,combined,93,0,0,0.0,0.0,,3.866,7.106,0.993,0.422,1.142
canny_hough,otsu,combined,94,0,0,0.0,0.0,,3.981,7.1,0.995,0.379,1.061
canny_hough,otsu,combined,95,0,0,0.0,0.0,,3.925,7.117,0.987,0.375,1.14
canny_hough,otsu,combined,96,0,0,0.0,0.0,,4.369,7.729,0.988,0.376,1.218
canny_hough,otsu,combined,97,0,0,0.0,0.0,,4.214,7.452,1.007,0.381,1.111
canny_hough,otsu,combined,98,0,0,0.0,0.0,,4.23,7.335,1.037,0.38,0.962
canny_hough,otsu,combined,99,0,0,0.0,0.0,,4.398,10.377,1.033,0.376,3.897
canny_hough,otsu,combined,100,0,0,0.0,0.0,,4.117,8.246,1.032,0.379,2.035
canny_hough,otsu,combined,101,0,0,0.0,0.0,,4.74,8.815,1.067,0.382,1.934
canny_hough,otsu,combined,102,0,0,0.0,0.0,,4.47,7.61,1.12,0.466,0.86
canny_hough,otsu,combined,103,0,0,0.0,0.0,,4.478,7.287,0.636,0.377,1.125
canny_hough,otsu,combined,104,1,1,0.6,304.26,144.26,3.525,5.986,0.639,0.379,0.738
canny_hough,otsu,combined,105,1,1,0.3,281.77,121.77,5.043,7.59,0.685,0.381,0.785
canny_hough,otsu,combined,106,1,1,0.3,281.77,121.77,5.068,7.599,0.64,0.416,0.79
canny_hough,otsu,combined,107,1,1,0.3,253.94,93.94,2.614,5.16,0.654,0.378,0.815
canny_hough,otsu,combined,108,1,1,0.3,253.94,93.94,2.665,5.215,0.625,0.377,0.759
canny_hough,otsu,combined,109,1,1,0.3,266.91,106.91,4.526,7.076,0.641,0.377,0.798
canny_hough,otsu,combined,110,1,1,0.3,266.91,106.91,4.531,7.021,0.628,0.379,0.792
canny_hough,otsu,combined,111,1,1,0.3,266.91,106.91,4.507,7.072,0.682,0.385,0.818
canny_hough,otsu,combined,112,0,0,0.0,0.0,,2.729,5.242,0.64,0.377,0.824
canny_hough,otsu,combined,113,0,0,0.0,0.0,,3.639,6.135,0.634,0.375,0.748
canny_hough,otsu,combined,114,0,0,0.0,0.0,,3.641,6.161,0.643,0.379,0.81
canny_hough,otsu,combined,115,1,1,0.3,0.0,-160.0,4.125,6.61,0.64,0.376,0.784
canny_hough,otsu,combined,116,1,1,0.3,0.0,-160.0,4.139,6.661,0.635,0.416,0.782
canny_hough,otsu,combined,117,1,1,0.6,0.0,-160.0,4.392,6.85,0.638,0.378,0.762
canny_hough,otsu,combined,118,1,1,0.6,0.0,-160.0,4.566,7.029,0.631,0.379,0.717
canny_hough,otsu,combined,119,1,1,0.6,0.0,-160.0,4.523,7.015,0.698,0.377,0.724
canny_hough,otsu,combined,120,1,1,0.6,0.0,-160.0,4.914,7.411,0.643,0.375,0.783
canny_hough,otsu,combined,121,1,1,0.6,0.0,-160.0,4.58,7.121,0.652,0.378,0.804
canny_hough,otsu,combined,122,1,1,0.6,0.0,-160.0,4.693,7.101,0.638,0.379,0.714
canny_hough,otsu,combined,123,1,1,0.6,0.0,-160.0,4.673,7.108,0.631,0.38,0.721
canny_hough,otsu,combined,124,1,1,0.6,0.0,-160.0,4.713,7.198,0.682,0.382,0.725
canny_hough,otsu,combined,125,1,1,0.6,42.12,-117.88,4.726,7.215,0.641,0.417,0.725
canny_hough,otsu,combined,126,1,1,0.6,67.45,-92.55,4.475,6.992,0.645,0.379,0.798
canny_hough,otsu,combined,127,1,1,0.6,67.45,-92.55,4.48,6.892,0.644,0.375,0.696
canny_hough,otsu,combined,128,0,0,0.0,0.0,,4.502,7.016,0.628,0.375,0.777
canny_hough,otsu,combined,129,0,0,0.0,0.0,,4.38,6.953,0.687,0.38,0.823
canny_hough,otsu,combined,130,0,0,0.0,0.0,,4.416,7.031,0.637,0.379,0.924
canny_hough,otsu,combined,131,0,0,0.0,0.0,,4.381,6.864,0.642,0.381,0.762
canny_hough,otsu,combined,132,0,0,0.0,0.0,,4.3,6.798,0.645,0.38,0.766
canny_hough,otsu,combined,133,1,1,0.6,319.0,159.0,4.262,6.779,0.683,0.378,0.772
canny_hough,otsu,combined,134,1,1,0.6,319.0,159.0,4.329,6.899,0.64,0.381,0.843
canny_hough,otsu,combined,135,1,1,0.6,319.0,159.0,4.292,6.785,0.643,0.381,0.768
canny_hough,otsu,combined,136,1,1,0.3,319.0,159.0,4.166,6.754,0.631,0.38,0.815
canny_hough,otsu,combined,137,1,1,0.45,319.0,159.0,4.237,6.755,0.64,0.38,0.818
canny_hough,otsu,combined,138,1,1,0.45,319.0,159.0,4.207,6.732,0.639,0.383,0.777
canny_hough,otsu,combined,139,1,1,0.45,319.0,159.0,4.179,6.676,0.635,0.38,0.782
canny_hough,otsu,combined,140,1,1,0.6,154.47,-5.53,4.76,7.313,0.637,0.422,0.804
canny_hough,otsu,combined,141,1,1,0.6,235.4,75.4,5.569,8.154,0.647,0.379,0.874
canny_hough,otsu,combined,142,1,1,0.6,243.1,83.1,5.89,8.41,0.647,0.38,0.81
canny_hough,otsu,combined,143,1,1,0.6,243.1,83.1,5.872,8.4,0.655,0.42,0.76
canny_hough,otsu,combined,144,1,1,0.6,216.22,56.22,6.302,8.837,0.681,0.385,0.771
canny_hough,otsu,combined,145,0,0,0.0,0.0,,1.328,3.733,0.633,0.378,0.703
canny_hough,otsu,combined,146,0,0,0.0,0.0,,0.683,3.061,0.625,0.37,0.676
canny_hough,otsu,combined,147,0,0,0.0,0.0,,0.667,3.105,0.721,0.387,0.687
canny_hough,otsu,combined,148,0,0,0.0,0.0,,0.676,3.116,0.61,0.382,0.761
canny_hough,otsu,combined,149,0,0,0.0,0.0,,0.737,3.073,0.613,0.38,0.694
canny_hough,otsu,combined,150,0,0,0.0,0.0,,1.976,4.378,0.613,0.377,0.772
canny_hough,otsu,combined,151,0,0,0.0,0.0,,1.988,4.426,0.625,0.374,0.771
canny_hough,otsu,combined,152,0,0,0.0,0.0,,2.019,4.425,0.63,0.377,0.748
canny_hough,otsu,combined,153,0,0,0.0,0.0,,3.424,5.944,0.625,0.376,0.852
canny_hough,otsu,combined,154,0,0,0.0,0.0,,3.505,6.021,0.63,0.378,0.761
canny_hough,otsu,combined,155,0,0,0.0,0.0,,3.488,6.053,0.635,0.377,0.867
canny_hough,otsu,combined,156,0,0,0.0,0.0,,3.142,5.552,0.636,0.374,0.711
canny_hough,otsu,combined,157,1,1,0.3,319.0,159.0,4.49,7.005,0.628,0.378,0.762
canny_hough,otsu,combined,158,1,1,0.3,319.0,159.0,4.547,7.074,0.652,0.379,0.764
canny_hough,otsu,combined,159,1,1,0.15,319.0,159.0,4.239,6.77,0.63,0.377,0.757
canny_hough,otsu,combined,160,0,0,0.0,0.0,,1.75,4.253,0.645,0.42,0.734
canny_hough,otsu,combined,161,1,1,0.3,319.0,159.0,4.217,6.684,0.674,0.378,0.744
canny_hough,otsu,combined,162,1,1,0.3,319.0,159.0,4.255,6.801,0.644,0.38,0.832
canny_hough,otsu,combined,163,1,1,0.6,319.0,159.0,4.838,7.305,0.638,0.38,0.738
canny_hough,otsu,combined,164,1,1,0.6,319.0,159.0,4.824,7.285,0.64,0.379,0.738
canny_hough,otsu,combined,165,1,1,0.15,319.0,159.0,3.359,5.871,0.68,0.378,0.769
canny_hough,otsu,combined,166,0,0,0.0,0.0,,2.966,5.401,0.636,0.379,0.735
canny_hough,otsu,combined,167,0,0,0.0,0.0,,2.962,5.458,0.636,0.412,0.764
canny_hough,otsu,combined,168,0,0,0.0,0.0,,2.938,5.41,0.627,0.381,0.753
canny_hough,otsu,combined,169,1,1,0.45,319.0,159.0,4.29,6.869,0.636,0.379,0.866
canny_hough,otsu,combined,170,1,1,0.45,319.0,159.0,4.366,6.858,0.644,0.377,0.774
canny_hough,otsu,combined,171,1,1,0.45,319.0,159.0,4.28,6.811,0.63,0.379,0.762
canny_hough,otsu,combined,172,1,1,0.3,319.0,159.0,3.317,5.835,0.645,0.379,0.801
canny_hough,otsu,combined,173,1,1,0.15,319.0,159.0,3.108,5.551,0.641,0.378,0.732
canny_hough,otsu,combined,174,1,1,0.3,319.0,159.0,3.888,6.435,0.639,0.381,0.832
canny_hough,otsu,combined,175,1,1,0.3,319.0,159.0,3.842,6.275,0.637,0.376,0.729
canny_hough,otsu,combined,176,1,1,0.45,319.0,159.0,4.2,6.703,0.639,0.43,0.73
canny_hough,otsu,combined,177,1,1,0.45,319.0,159.0,4.296,6.747,0.639,0.379,0.743
canny_hough,otsu,combined,178,1,1,0.45,319.0,159.0,4.231,6.708,0.631,0.379,0.734
canny_hough,otsu,combined,179,1,1,0.45,319.0,159.0,4.214,6.693,0.68,0.377,0.739
canny_hough,otsu,combined,180,1,1,0.15,319.0,159.0,2.926,5.429,0.631,0.379,0.802
canny_hough,otsu,combined,181,1,1,0.3,319.0,159.0,3.905,6.411,0.68,0.381,0.749
canny_hough,otsu,combined,182,1,1,0.3,319.0,159.0,3.525,6.075,0.653,0.381,0.818
canny_hough,otsu,combined,183,1,1,0.3,319.0,159.0,3.813,6.316,0.635,0.378,0.735
canny_hough,otsu,combined,184,1,1,0.3,319.0,159.0,3.65,6.163,0.637,0.377,0.819
canny_hough,otsu,combined,185,1,1,0.3,319.0,159.0,3.687,6.18,0.639,0.378,0.781
canny_hough,otsu,combined,186,1,1,0.3,319.0,159.0,3.644,6.165,0.645,0.416,0.771
canny_hough,otsu,combined,187,1,1,0.3,319.0,159.0,3.627,6.098,0.641,0.378,0.755
canny_hough,otsu,combined,188,1,1,0.15,319.0,159.0,4.174,6.69,0.671,0.38,0.757
canny_hough,otsu,combined,189,1,1,0.6,319.0,159.0,4.224,6.724,0.638,0.379,0.781
canny_hough,otsu,combined,190,1,1,0.6,319.0,159.0,4.249,6.673,0.642,0.374,0.714
canny_hough,otsu,combined,191,1,1,0.6,319.0,159.0,4.225,6.69,0.678,0.381,0.704
canny_hough,otsu,combined,192,1,1,0.45,319.0,159.0,3.825,6.38,0.64,0.38,0.853
canny_hough,otsu,combined,193,1,1,0.15,319.0,159.0,3.662,6.161,0.636,0.378,0.773
canny_hough,otsu,combined,194,0,0,0.0,0.0,,4.49,6.947,0.636,0.419,0.709
canny_hough,otsu,combined,195,0,0,0.0,0.0,,4.518,7.023,0.642,0.38,0.723
canny_hough,otsu,combined,196,1,1,0.45,319.0,159.0,3.795,6.215,0.646,0.377,0.701
canny_hough,otsu,combined,197,1,1,0.15,319.0,159.0,3.095,5.564,0.67,0.382,0.723
canny_hough,otsu,combined,198,1,1,0.15,319.0,159.0,3.109,5.575,0.659,0.378,0.705
canny_hough,otsu,combined,199,1,1,0.45,319.0,159.0,3.452,5.924,0.657,0.374,0.756
canny_hough,otsu,combined,200,1,1,0.45,319.0,159.0,3.432,5.84,0.635,0.374,0.714
canny_hough,otsu,combined,201,1,1,0.45,319.0,159.0,3.872,6.344,0.638,0.379,0.775
canny_hough,otsu,combined,202,1,1,0.6,319.0,159.0,4.017,6.473,0.638,0.379,0.742
canny_hough,otsu,combined,203,1,1,0.6,319.0,159.0,4.015,6.517,0.689,0.382,0.74
canny_hough,otsu,combined,204,1,1,0.45,319.0,159.0,4.142,6.61,0.638,0.376,0.685
canny_hough,otsu,combined,205,1,1,0.6,319.0,159.0,3.968,6.395,0.65,0.374,0.714
canny_hough,otsu,combined,206,1,1,0.6,319.0,159.0,3.991,6.447,0.643,0.415,0.712
canny_hough,otsu,combined,207,1,1,0.6,319.0,159.0,4.186,6.604,0.642,0.375,0.7
canny_hough,otsu,combined,208,1,1,0.6,319.0,159.0,4.481,6.926,0.633,0.378,0.693
canny_hough,otsu,combined,209,1,1,0.6,319.0,159.0,4.375,6.829,0.679,0.381,0.696
canny_hough,otsu,combined,210,1,1,0.6,319.0,159.0,4.417,6.913,0.637,0.372,0.793
canny_hough,otsu,combined,211,1,1,0.6,319.0,159.0,4.353,6.757,0.647,0.374,0.693
canny_hough,otsu,combined,212,1,1,0.6,319.0,159.0,4.309,6.762,0.619,0.377,0.704
canny_hough,otsu,combined,213,1,1,0.6,311.31,151.31,3.908,6.405,0.644,0.413,0.751
canny_hough,otsu,combined,214,1,1,0.6,311.31,151.31,3.944,6.386,0.646,0.377,0.731
canny_hough,otsu,combined,215,1,1,0.6,276.52,116.52,4.796,7.298,0.692,0.378,0.729
canny_hough,otsu,combined,216,1,1,0.6,242.75,82.75,5.068,7.586,0.658,0.422,0.733
canny_hough,otsu,combined,217,1,1,0.6,245.98,85.98,5.29,7.759,0.642,0.381,0.751
canny_hough,otsu,combined,218,1,1,0.45,232.7,72.7,3.753,6.271,0.65,0.381,0.753
canny_hough,otsu,combined,219,1,1,0.45,232.7,72.7,3.735,6.134,0.641,0.376,0.689
canny_hough,otsu,combined,220,1,1,0.6,232.83,72.83,3.607,6.102,0.671,0.423,0.699
canny_hough,otsu,combined,221,1,1,0.45,218.62,58.62,3.149,5.551,0.634,0.379,0.697
canny_hough,otsu,combined,222,1,1,0.45,218.62,58.62,3.13,5.58,0.637,0.38,0.737
canny_hough,otsu,combined,223,1,1,0.45,218.62,58.62,3.1,5.487,0.633,0.375,0.686
canny_hough,otsu,combined,224,1,1,0.45,218.62,58.62,3.055,5.527,0.636,0.379,0.679
canny_hough,otsu,combined,225,1,1,0.3,215.03,55.03,6.5,9.0,0.678,0.383,0.746
canny_hough,otsu,combined,226,1,1,0.3,215.03,55.03,6.546,9.011,0.638,0.38,0.753
canny_hough,otsu,combined,227,1,1,0.3,211.05,51.05,6.76,9.219,0.641,0.379,0.738
canny_hough,otsu,combined,228,1,1,0.3,211.05,51.05,6.629,9.186,0.651,0.418,0.76
canny_hough,otsu,combined,229,1,1,0.3,215.37,55.37,5.029,7.51,0.639,0.379,0.707
canny_hough,otsu,combined,230,1,1,0.3,219.26,59.26,5.003,7.484,0.693,0.381,0.711
canny_hough,otsu,combined,231,1,1,0.3,219.26,59.26,4.969,7.54,0.755,0.388,0.727
canny_hough,otsu,combined,232,1,1,0.45,211.44,51.44,6.94,9.476,0.65,0.42,0.764
canny_hough,otsu,combined,233,1,1,0.3,216.65,56.65,6.704,9.15,0.633,0.378,0.749
canny_hough,otsu,combined,234,1,1,0.3,217.08,57.08,6.494,8.951,0.645,0.376,0.75
canny_hough,otsu,combined,235,1,1,0.3,217.08,57.08,6.436,8.96,0.645,0.376,0.806
canny_hough,otsu,combined,236,1,1,0.3,214.2,54.2,6.554,9.072,0.683,0.385,0.754
canny_hough,otsu,combined,237,1,1,0.3,215.96,55.96,6.561,9.029,0.637,0.379,0.762
canny_hough,otsu,combined,238,1,1,0.3,215.96,55.96,6.565,9.124,0.641,0.379,0.739
canny_hough,otsu,combined,239,1,1,0.15,217.34,57.34,6.427,8.928,0.638,0.417,0.752
canny_hough,otsu,combined,240,1,1,0.15,217.34,57.34,6.545,9.055,0.623,0.377,0.753
canny_hough,otsu,combined,241,1,1,0.3,215.63,55.63,6.357,8.81,0.64,0.375,0.749
canny_hough,otsu,combined,242,1,1,0.3,218.97,58.97,6.486,9.027,0.637,0.379,0.759
canny_hough,otsu,combined,243,1,1,0.3,218.97,58.97,6.47,8.965,0.641,0.414,0.741
canny_hough,otsu,combined,244,1,1,0.3,214.87,54.87,6.661,9.19,0.643,0.382,0.763
canny_hough,otsu,combined,245,1,1,0.15,216.94,56.94,7.541,9.99,0.641,0.377,0.734
canny_hough,otsu,combined,246,1,1,0.15,216.94,56.94,6.58,9.096,0.676,0.383,0.752
canny_hough,otsu,combined,247,1,1,0.15,214.68,54.68,6.52,8.963,0.63,0.379,0.732
canny_hough,otsu,combined,248,1,1,0.15,214.68,54.68,6.52,9.048,0.661,0.382,0.748
canny_hough,otsu,combined,249,1,1,0.3,217.86,57.86,6.513,9.102,0.637,0.379,0.817
canny_hough,otsu,combined,250,1,1,0.3,217.86,57.86,6.611,9.121,0.696,0.374,0.744
canny_hough,otsu,combined,251,1,1,0.3,217.87,57.87,6.573,9.034,0.637,0.379,0.733
canny_hough,otsu,combined,252,1,1,0.3,217.87,57.87,7.017,9.601,0.632,0.378,0.808
canny_hough,otsu,combined,253,1,1,0.3,219.2,59.2,6.563,10.12,1.108,0.446,1.28
canny_hough,otsu,combined,254,1,1,0.3,219.2,59.2,6.566,9.12,0.651,0.379,0.748
canny_hough,otsu,combined,255,1,1,0.3,219.2,59.2,6.527,9.035,0.642,0.415,0.74
canny_hough,otsu,combined,256,1,1,0.15,217.77,57.77,6.505,9.032,0.617,0.386,0.742
canny_hough,otsu,combined,257,1,1,0.3,218.59,58.59,6.406,8.871,0.644,0.379,0.741
canny_hough,otsu,combined,258,1,1,0.3,218.59,58.59,6.426,8.962,0.639,0.374,0.819
canny_hough,otsu,combined,259,1,1,0.3,215.13,55.13,6.544,9.044,0.691,0.379,0.742
canny_hough,otsu,combined,260,1,1,0.3,217.85,57.85,6.498,8.934,0.636,0.378,0.736
canny_hough,otsu,combined,261,1,1,0.3,219.94,59.94,6.312,8.755,0.641,0.379,0.74
canny_hough,otsu,combined,262,1,1,0.3,219.94,59.94,6.407,8.947,0.634,0.382,0.825
canny_hough,otsu,combined,263,1,1,0.3,219.85,59.85,6.481,8.976,0.637,0.421,0.744
canny_hough,otsu,combined,264,1,1,0.3,219.85,59.85,6.563,9.059,0.629,0.376,0.752
canny_hough,otsu,combined,265,1,1,0.3,217.32,57.32,6.642,9.078,0.643,0.376,0.727
canny_hough,otsu,combined,266,1,1,0.3,217.32,57.32,6.662,9.196,0.638,0.38,0.818
canny_hough,otsu,combined,267,1,1,0.3,219.85,59.85,6.479,8.972,0.653,0.38,0.761
canny_hough,otsu,combined,268,1,1,0.3,219.85,59.85,6.489,8.991,0.64,0.381,0.741
canny_hough,otsu,combined,269,1,1,0.3,219.91,59.91,6.618,9.095,0.656,0.377,0.744
canny_hough,otsu,combined,270,1,1,0.3,219.91,59.91,6.612,9.12,0.637,0.418,0.746
canny_hough,otsu,combined,271,1,1,0.3,217.37,57.37,6.292,8.811,0.634,0.377,0.745
canny_hough,otsu,combined,272,1,1,0.3,217.37,57.37,6.352,8.825,0.649,0.38,0.752
canny_hough,otsu,combined,273,1,1,0.3,217.87,57.87,6.445,8.971,0.636,0.38,0.726
canny_hough,otsu,combined,274,1,1,0.15,217.12,57.12,6.481,8.986,0.635,0.413,0.758
canny_hough,otsu,combined,275,1,1,0.15,217.12,57.12,6.49,9.025,0.644,0.379,0.756
canny_hough,otsu,combined,276,1,1,0.3,219.14,59.14,6.424,8.889,0.64,0.38,0.751
canny_hough,otsu,combined,277,1,1,0.15,218.66,58.66,6.399,8.937,0.636,0.379,0.742
canny_hough,otsu,combined,278,1,1,0.3,218.22,58.22,6.719,9.267,0.642,0.415,0.756
canny_hough,otsu,combined,279,1,1,0.3,218.22,58.22,6.696,9.209,0.637,0.377,0.744
canny_hough,otsu,combined,280,1,1,0.3,219.67,59.67,6.565,9.028,0.64,0.38,0.742
canny_hough,otsu,combined,281,1,1,0.3,217.48,57.48,6.703,9.222,0.645,0.38,0.798
canny_hough,otsu,combined,282,1,1,0.3,219.52,59.52,6.916,9.421,0.628,0.379,0.737
canny_hough,otsu,combined,283,1,1,0.3,219.52,59.52,6.656,9.15,0.663,0.384,0.746
canny_hough,otsu,combined,284,1,1,0.3,215.99,55.99,6.512,9.101,0.639,0.379,0.881
canny_hough,otsu,combined,285,1,1,0.3,216.58,56.58,6.758,9.274,0.697,0.386,0.732
canny_hough,otsu,combined,286,1,1,0.3,217.77,57.77,6.753,9.255,0.66,0.382,0.765
canny_hough,otsu,combined,287,1,1,0.3,217.77,57.77,6.629,9.345,0.643,0.374,1.012
canny_hough,otsu,combined,288,1,1,0.15,219.84,59.84,6.646,9.175,0.692,0.381,0.725
canny_hough,otsu,combined,289,1,1,0.3,217.42,57.42,6.544,9.003,0.648,0.378,0.733
canny_hough,otsu,combined,290,1,1,0.3,217.42,57.42,6.523,9.074,0.649,0.378,0.814
canny_hough,otsu,combined,291,1,1,0.3,220.23,60.23,6.567,9.059,0.64,0.425,0.729
canny_hough,otsu,combined,292,1,1,0.15,219.84,59.84,6.631,9.06,0.632,0.379,0.743
canny_hough,otsu,combined,293,1,1,0.3,217.95,57.95,6.261,8.738,0.638,0.381,0.762
canny_hough,otsu,combined,294,1,1,0.3,217.95,57.95,6.27,8.841,0.641,0.382,0.846
canny_hough,otsu,combined,295,1,1,0.3,216.16,56.16,6.419,8.896,0.635,0.417,0.738
canny_hough,otsu,combined,296,1,1,0.3,218.73,58.73,6.472,8.992,0.636,0.379,0.735
canny_hough,otsu,combined,297,1,1,0.3,219.2,59.2,6.544,8.994,0.635,0.377,0.738
canny_hough,otsu,combined,298,1,1,0.3,219.2,59.2,6.537,9.171,0.634,0.382,0.89
canny_hough,otsu,combined,299,1,1,0.15,217.12,57.12,6.403,8.933,0.691,0.38,0.756
canny_hough,otsu,combined,300,1,1,0.15,217.12,57.12,6.41,8.878,0.635,0.388,0.742
canny_hough,otsu,combined,301,1,1,0.3,220.23,60.23,6.446,8.892,0.644,0.377,0.742
canny_hough,otsu,combined,302,1,1,0.3,215.03,55.03,6.489,9.002,0.639,0.375,0.827
canny_hough,otsu,combined,303,1,1,0.3,215.03,55.03,6.514,9.012,0.693,0.38,0.739
canny_hough,otsu,combined,304,1,1,0.3,217.48,57.48,6.561,9.022,0.637,0.377,0.74
canny_hough,otsu,combined,305,1,1,0.3,218.13,58.13,6.538,8.986,0.639,0.378,0.729
canny_hough,otsu,combined,306,1,1,0.3,218.14,58.14,6.448,8.997,0.64,0.379,0.828
canny_hough,otsu,combined,307,1,1,0.3,218.14,58.14,6.48,8.985,0.684,0.383,0.742
canny_hough,otsu,combined,308,1,1,0.3,219.06,59.06,6.948,9.439,0.634,0.38,0.735
canny_hough,otsu,combined,309,1,1,0.3,223.75,63.75,2.816,5.326,0.668,0.381,0.767
canny_hough,otsu,combined,310,1,1,0.15,224.64,64.64,5.041,7.503,0.679,0.382,0.7
canny_hough,otsu,combined,311,1,1,0.15,224.64,64.64,4.98,7.456,0.639,0.419,0.718
canny_hough,otsu,combined,312,1,1,0.3,221.51,61.51,5.267,7.75,0.644,0.38,0.757
canny_hough,otsu,combined,313,1,1,0.3,224.28,64.28,5.046,7.515,0.64,0.375,0.782
canny_hough,otsu,combined,314,1,1,0.3,224.28,64.28,5.108,7.593,0.644,0.381,0.694
canny_hough,otsu,combined,315,1,1,0.3,220.25,60.25,5.028,7.47,0.635,0.381,0.722
canny_hough,otsu,combined,316,1,1,0.3,220.8,60.8,6.517,8.992,0.65,0.38,0.738
canny_hough,otsu,combined,317,1,1,0.3,221.93,61.93,6.539,9.071,0.64,0.379,0.815
canny_hough,otsu,combined,318,1,1,0.3,221.93,61.93,6.644,9.188,0.683,0.384,0.746
canny_hough,otsu,combined,319,1,1,0.3,218.59,58.59,5.679,8.138,0.648,0.376,0.738
canny_hough,otsu,combined,320,1,1,0.3,221.97,61.97,6.457,8.935,0.651,0.381,0.755
canny_hough,otsu,combined,321,1,1,0.3,222.1,62.1,6.511,8.969,0.648,0.381,0.734
canny_hough,otsu,combined,322,1,1,0.3,222.1,62.1,6.554,9.084,0.64,0.38,0.807
canny_hough,otsu,combined,323,1,1,0.3,219.39,59.39,6.311,8.833,0.633,0.381,0.748
canny_hough,otsu,combined,324,1,1,0.3,219.39,59.39,6.335,8.803,0.635,0.38,0.749
canny_hough,otsu,combined,325,1,1,0.3,219.87,59.87,6.533,9.0,0.653,0.375,0.743
canny_hough,otsu,combined,326,1,1,0.3,219.87,59.87,6.535,9.043,0.633,0.38,0.796
canny_hough,otsu,combined,327,1,1,0.3,222.83,62.83,6.391,8.893,0.694,0.38,0.737
canny_hough,otsu,combined,328,1,1,0.3,222.83,62.83,6.399,8.914,0.639,0.38,0.753
canny_hough,otsu,combined,329,1,1,0.3,220.28,60.28,6.426,8.89,0.645,0.378,0.754
canny_hough,otsu,combined,330,1,1,0.3,220.28,60.28,6.4,8.928,0.645,0.381,0.801
canny_hough,otsu,combined,331,1,1,0.15,219.9,59.9,6.23,8.736,0.68,0.381,0.747
canny_hough,otsu,combined,332,1,1,0.15,219.9,59.9,6.276,8.693,0.634,0.375,0.735
canny_hough,otsu,combined,333,1,1,0.3,222.06,62.06,6.303,8.749,0.636,0.378,0.745
canny_hough,otsu,combined,334,1,1,0.3,222.06,62.06,6.384,8.918,0.643,0.38,0.743
canny_hough,otsu,combined,335,1,1,0.3,219.37,59.37,10.7,13.491,0.638,0.436,0.974
canny_hough,otsu,combined,336,1,1,0.3,221.24,61.24,6.867,9.356,0.651,0.378,0.745
canny_hough,otsu,combined,337,1,1,0.3,219.57,59.57,7.676,11.352,0.755,0.429,1.703
canny_hough,otsu,combined,338,1,1,0.3,219.57,59.57,6.712,9.43,0.672,0.396,0.801
canny_hough,otsu,combined,339,1,1,0.3,223.89,63.89,6.61,9.131,0.654,0.419,0.754
canny_hough,otsu,combined,340,1,1,0.3,220.85,60.85,9.983,13.283,1.015,0.4,1.068
canny_hough,otsu,combined,341,1,1,0.15,221.77,61.77,9.385,12.928,1.029,0.447,1.334
canny_hough,otsu,combined,342,1,1,0.15,221.77,61.77,9.12,12.041,0.797,0.407,0.867
canny_hough,otsu,combined,343,1,1,0.3,221.37,61.37,8.394,11.117,0.734,0.404,0.832
canny_hough,otsu,combined,344,1,1,0.3,222.77,62.77,6.593,9.615,0.688,0.387,1.2
canny_hough,otsu,combined,345,1,1,0.15,221.77,61.77,6.614,9.709,1.038,0.441,0.916
canny_hough,otsu,combined,346,1,1,0.15,221.77,61.77,6.491,9.002,0.65,0.389,0.758
canny_hough,otsu,combined,347,1,1,0.3,220.87,60.87,6.752,9.347,0.657,0.377,0.86
canny_hough,otsu,combined,348,1,1,0.3,220.87,60.87,6.738,9.297,0.699,0.382,0.745
canny_hough,otsu,combined,349,1,1,0.15,221.77,61.77,6.722,9.226,0.675,0.377,0.761
canny_hough,otsu,combined,350,1,1,0.3,220.91,60.91,6.568,9.309,0.66,0.38,0.955
canny_hough,otsu,combined,351,1,1,0.3,220.91,60.91,6.677,10.073,1.153,0.423,1.131
canny_hough,otsu,combined,352,1,1,0.3,223.22,63.22,6.775,9.302,0.667,0.381,0.77
canny_hough,otsu,combined,353,1,1,0.15,222.83,62.83,6.33,8.845,0.657,0.416,0.74
canny_hough,otsu,combined,354,1,1,0.3,220.91,60.91,7.465,10.47,0.666,0.398,1.161
canny_hough,otsu,combined,355,1,1,0.3,220.91,60.91,6.37,9.398,0.671,0.4,1.228
canny_hough,otsu,combined,356,1,1,0.3,217.1,57.1,6.933,10.41,1.167,0.457,1.081
canny_hough,otsu,combined,357,1,1,0.3,221.98,61.98,6.447,9.143,0.66,0.38,0.962
canny_hough,otsu,combined,358,1,1,0.3,221.2,61.2,6.866,9.465,0.719,0.386,0.758
canny_hough,otsu,combined,359,1,1,0.3,221.2,61.2,6.881,9.387,0.666,0.382,0.761
canny_hough,otsu,combined,360,1,1,0.15,221.65,61.65,6.374,9.478,0.645,0.402,1.329
canny_hough,adaptive,combined,0,0,0,0.0,0.0,,4.591,14.099,0.638,7.242,0.949
canny_hough,adaptive,combined,1,0,0,0.0,0.0,,4.447,13.909,0.626,7.17,0.974
canny_hough,adaptive,combined,2,0,0,0.0,0.0,,4.326,13.823,0.638,7.221,0.947
canny_hough,adaptive,combined,3,0,0,0.0,0.0,,4.424,13.917,0.663,7.182,0.974
canny_hough,adaptive,combined,4,0,0,0.0,0.0,,4.342,13.859,0.639,7.248,0.944
canny_hough,adaptive,combined,5,0,0,0.0,0.0,,4.546,14.06,0.652,7.212,0.96
canny_hough,adaptive,combined,6,0,0,0.0,0.0,,4.48,14.049,0.631,7.215,0.947
canny_hough,adaptive,combined,7,0,0,0.0,0.0,,4.411,13.917,0.655,7.184,0.968
canny_hough,adaptive,combined,8,0,0,0.0,0.0,,4.502,13.983,0.633,7.205,0.952
canny_hough,adaptive,combined,9,0,0,0.0,0.0,,4.425,13.89,0.642,7.164,0.964
canny_hough,adaptive,combined,10,0,0,0.0,0.0,,4.351,13.838,0.638,7.2,0.951
canny_hough,adaptive,combined,11,0,0,0.0,0.0,,4.678,14.133,0.645,7.159,0.972
canny_hough,adaptive,combined,12,0,0,0.0,0.0,,4.515,13.984,0.636,7.196,0.941
canny_hough,adaptive,combined,13,0,0,0.0,0.0,,4.433,13.9,0.641,7.152,0.979
canny_hough,adaptive,combined,14,0,0,0.0,0.0,,4.336,13.852,0.647,7.224,0.957
canny_hough,adaptive,combined,15,0,0,0.0,0.0,,4.606,14.06,0.64,7.154,0.969
canny_hough,adaptive,combined,16,0,0,0.0,0.0,,4.502,14.026,0.636,7.223,0.939
canny_hough,adaptive,combined,17,0,0,0.0,0.0,,4.653,14.107,0.645,7.155,0.972
canny_hough,adaptive,combined,18,0,0,0.0,0.0,,4.566,14.134,0.635,7.296,0.939
canny_hough,adaptive,combined,19,0,0,0.0,0.0,,4.418,13.983,0.694,7.141,1.033
canny_hough,adaptive,combined,20,0,0,0.0,0.0,,4.356,13.814,0.643,7.171,0.957
canny_hough,adaptive,combined,21,0,0,0.0,0.0,,4.588,14.124,0.638,7.16,1.041
canny_hough,adaptive,combined,22,0,0,0.0,0.0,,4.155,13.592,0.644,7.152,0.948
canny_hough,adaptive,combined,23,0,0,0.0,0.0,,4.217,13.743,0.648,7.154,0.973
canny_hough,adaptive,combined,24,0,0,0.0,0.0,,4.474,13.971,0.644,7.195,0.965
canny_hough,adaptive,combined,25,0,0,0.0,0.0,,4.622,14.135,0.644,7.194,0.983
canny_hough,adaptive,combined,26,0,0,0.0,0.0,,4.563,14.16,0.637,7.278,0.958
canny_hough,adaptive,combined,27,0,0,0.0,0.0,,4.556,14.134,0.661,7.193,1.036
canny_hough,adaptive,combined,28,0,0,0.0,0.0,,4.506,13.991,0.645,7.178,0.949
canny_hough,adaptive,combined,29,0,0,0.0,0.0,,4.539,14.112,0.682,7.153,1.048
canny_hough,adaptive,combined,30,0,0,0.0,0.0,,4.67,14.124,0.641,7.158,0.95
canny_hough,adaptive,combined,31,0,0,0.0,0.0,,4.665,14.186,0.657,7.135,1.035
canny_hough,adaptive,combined,32,0,0,0.0,0.0,,4.47,13.966,0.649,7.186,0.978
canny_hough,adaptive,combined,33,0,0,0.0,0.0,,4.453,14.011,0.631,7.149,1.026
canny_hough,adaptive,combined,34,0,0,0.0,0.0,,4.496,13.953,0.641,7.169,0.956
canny_hough,adaptive,combined,35,0,0,0.0,0.0,,4.334,13.904,0.652,7.206,0.952
canny_hough,adaptive,combined,36,0,0,0.0,0.0,,4.363,13.868,0.644,7.174,0.972
canny_hough,adaptive,combined,37,0,0,0.0,0.0,,4.443,14.793,0.651,7.129,1.827
canny_hough,adaptive,combined,38,0,0,0.0,0.0,,4.55,14.016,0.648,7.152,0.973
canny_hough,adaptive,combined,39,0,0,0.0,0.0,,4.324,13.824,0.639,7.202,0.958
canny_hough,adaptive,combined,40,0,0,0.0,0.0,,4.467,13.942,0.64,7.181,0.96
canny_hough,adaptive,combined,41,0,0,0.0,0.0,,4.661,14.191,0.646,7.216,0.979
canny_hough,adaptive,combined,42,0,0,0.0,0.0,,4.336,13.885,0.647,7.175,0.972
canny_hough,adaptive,combined,43,0,0,0.0,0.0,,4.515,14.022,0.639,7.211,0.954
canny_hough,adaptive,combined,44,0,0,0.0,0.0,,4.573,14.124,0.637,7.177,0.962
canny_hough,adaptive,combined,45,0,0,0.0,0.0,,4.467,13.948,0.64,7.196,0.956
canny_hough,adaptive,combined,46,0,0,0.0,0.0,,4.524,14.078,0.648,7.154,1.027
canny_hough,adaptive,combined,47,0,0,0.0,0.0,,4.564,14.015,0.641,7.172,0.951
canny_hough,adaptive,combined,48,0,0,0.0,0.0,,4.609,14.146,0.68,7.14,1.023
canny_hough,adaptive,combined,49,0,0,0.0,0.0,,4.463,13.909,0.639,7.162,0.952
canny_hough,adaptive,combined,50,0,0,0.0,0.0,,4.486,14.041,0.688,7.139,1.027
canny_hough,adaptive,combined,51,0,0,0.0,0.0,,4.637,14.126,0.639,7.174,0.974
canny_hough,adaptive,combined,52,0,0,0.0,0.0,,4.532,14.076,0.69,7.151,1.015
canny_hough,adaptive,combined,53,0,0,0.0,0.0,,4.586,14.043,0.638,7.18,0.951
canny_hough,adaptive,combined,54,0,0,0.0,0.0,,4.184,13.74,0.633,7.13,1.038
canny_hough,adaptive,combined,55,0,0,0.0,0.0,,4.464,13.953,0.658,7.162,0.977
canny_hough,adaptive,combined,56,0,0,0.0,0.0,,4.343,13.91,0.691,7.139,1.014
canny_hough,adaptive,combined,57,0,0,0.0,0.0,,4.695,14.155,0.637,7.15,0.971
canny_hough,adaptive,combined,58,0,0,0.0,0.0,,4.335,13.905,0.635,7.13,1.035
canny_hough,adaptive,combined,59,0,0,0.0,0.0,,4.314,13.766,0.64,7.162,0.973
canny_hough,adaptive,combined,60,0,0,0.0,0.0,,4.406,14.05,0.697,7.172,1.095
canny_hough,adaptive,combined,61,0,0,0.0,0.0,,4.49,13.955,0.645,7.153,0.971
canny_hough,adaptive,combined,62,0,0,0.0,0.0,,4.487,14.032,0.682,7.143,1.023
canny_hough,adaptive,combined,63,0,0,0.0,0.0,,4.494,13.978,0.638,7.184,0.967
canny_hough,adaptive,combined,64,0,0,0.0,0.0,,4.504,14.046,0.63,7.124,1.032
canny_hough,adaptive,combined,65,0,0,0.0,0.0,,4.585,14.02,0.62,7.161,0.959
canny_hough,adaptive,combined,66,0,0,0.0,0.0,,4.615,14.486,0.652,7.501,0.928
canny_hough,adaptive,combined,67,0,0,0.0,0.0,,4.77,14.258,0.656,7.17,0.97
canny_hough,adaptive,combined,68,0,0,0.0,0.0,,4.344,13.815,0.639,7.21,0.924
canny_hough,adaptive,combined,69,0,0,0.0,0.0,,4.786,14.224,0.648,7.156,0.939
canny_hough,adaptive,combined,70,0,0,0.0,0.0,,4.701,14.259,0.654,7.271,0.929
canny_hough,adaptive,combined,71,0,0,0.0,0.0,,4.699,14.254,0.687,7.153,1.048
canny_hough,adaptive,combined,72,1,1,0.6,319.0,159.0,3.461,12.872,0.634,7.148,0.928
canny_hough,adaptive,combined,73,0,0,0.0,0.0,,4.749,14.184,0.637,7.157,0.945
canny_hough,adaptive,combined,74,0,0,0.0,0.0,,4.592,14.075,0.639,7.207,0.936
canny_hough,adaptive,combined,75,0,0,0.0,0.0,,4.691,14.223,0.644,7.178,0.96
canny_hough,adaptive,combined,76,0,0,0.0,0.0,,4.688,14.143,0.632,7.163,0.939
canny_hough,adaptive,combined,77,0,0,0.0,0.0,,4.265,13.763,0.69,7.137,0.987
canny_hough,adaptive,combined,78,0,0,0.0,0.0,,4.224,13.661,0.641,7.187,0.904
canny_hough,adaptive,combined,79,0,0,0.0,0.0,,4.293,13.794,0.643,7.195,0.91
canny_hough,adaptive,combined,80,1,1,0.15,319.0,159.0,2.558,11.98,0.636,7.218,0.873
canny_hough,adaptive,combined,81,1,1,0.3,319.0,159.0,2.418,11.785,0.639,7.195,0.837
canny_hough,adaptive,combined,82,1,1,0.3,319.0,159.0,2.413,11.767,0.632,7.207,0.848
canny_hough,adaptive,combined,83,1,1,0.45,319.0,159.0,3.107,12.518,0.632,7.194,0.892
canny_hough,adaptive,combined,84,0,0,0.0,0.0,,3.941,13.337,0.632,7.19,0.903
canny_hough,adaptive,combined,85,0,0,0.0,0.0,,4.173,13.591,0.636,7.15,0.934
canny_hough,adaptive,combined,86,0,0,0.0,0.0,,4.166,13.713,0.634,7.187,0.938
canny_hough,adaptive,combined,87,0,0,0.0,0.0,,3.609,13.096,0.649,7.183,0.93
canny_hough,adaptive,combined,88,0,0,0.0,0.0,,3.578,13.061,0.645,7.169,0.924
canny_hough,adaptive,combined,89,0,0,0.0,0.0,,4.025,13.55,0.636,7.174,0.929
canny_hough,adaptive,combined,90,0,0,0.0,0.0,,4.035,13.471,0.637,7.176,0.913
canny_hough,adaptive,combined,91,0,0,0.0,0.0,,3.77,13.251,0.649,7.134,0.997
canny_hough,adaptive,combined,92,0,0,0.0,0.0,,3.751,13.179,0.636,7.197,0.917
canny_hough,adaptive,combined,93,0,0,0.0,0.0,,3.879,13.329,0.655,7.154,0.949
canny_hough,adaptive,combined,94,0,0,0.0,0.0,,4.031,13.619,0.706,7.148,1.026
canny_hough,adaptive,combined,95,0,0,0.0,0.0,,3.913,13.415,0.641,7.265,0.902
canny_hough,adaptive,combined,96,0,0,0.0,0.0,,4.358,13.85,0.64,7.178,0.953
canny_hough,adaptive,combined,97,0,0,0.0,0.0,,4.222,13.719,0.627,7.195,0.919
canny_hough,adaptive,combined,98,0,0,0.0,0.0,,4.251,13.703,0.64,7.183,0.932
canny_hough,adaptive,combined,99,0,0,0.0,0.0,,4.233,13.727,0.676,7.128,0.996
canny_hough,adaptive,combined,100,0,0,0.0,0.0,,4.132,13.637,0.656,7.228,0.931
canny_hough,adaptive,combined,101,0,0,0.0,0.0,,4.766,14.344,0.684,7.145,1.051
canny_hough,adaptive,combined,102,0,0,0.0,0.0,,4.436,13.933,0.669,7.148,0.973
canny_hough,adaptive,combined,103,0,0,0.0,0.0,,4.435,14.008,0.7,7.135,1.045
canny_hough,adaptive,combined,104,1,1,0.6,304.26,144.26,3.447,12.85,0.637,7.177,0.893
canny_hough,adaptive,combined,105,1,1,0.3,281.77,121.77,5.175,14.603,0.646,7.153,0.951
canny_hough,adaptive,combined,106,1,1,0.3,281.77,121.77,5.05,14.555,0.637,7.188,0.938
canny_hough,adaptive,combined,107,1,1,0.3,253.94,93.94,2.607,12.099,0.636,7.115,0.963
canny_hough,adaptive,combined,108,1,1,0.3,253.94,93.94,2.613,12.102,0.635,7.131,0.91
canny_hough,adaptive,combined,109,1,1,0.3,266.91,106.91,4.505,14.021,0.643,7.194,0.935
canny_hough,adaptive,combined,110,1,1,0.3,266.91,106.91,4.539,13.971,0.641,7.155,0.944
canny_hough,adaptive,combined,111,1,1,0.3,266.91,106.91,4.741,14.249,0.636,7.196,0.925
canny_hough,adaptive,combined,112,0,0,0.0,0.0,,2.781,12.205,0.663,7.164,0.903
canny_hough,adaptive,combined,113,0,0,0.0,0.0,,3.677,13.006,0.64,7.151,0.881
canny_hough,adaptive,combined,114,0,0,0.0,0.0,,3.687,13.115,0.613,7.12,0.94
canny_hough,adaptive,combined,115,1,1,0.3,0.0,-160.0,4.138,13.577,0.65,7.185,0.909
canny_hough,adaptive,combined,116,1,1,0.3,0.0,-160.0,4.221,13.697,0.656,7.17,0.924
canny_hough,adaptive,combined,117,1,1,0.6,0.0,-160.0,4.282,13.684,0.625,7.189,0.903
canny_hough,adaptive,combined,118,1,1,0.6,0.0,-160.0,4.571,13.929,0.638,7.166,0.873
canny_hough,adaptive,combined,119,1,1,0.6,0.0,-160.0,4.522,13.985,0.632,7.2,0.87
canny_hough,adaptive,combined,120,1,1,0.6,0.0,-160.0,4.945,14.344,0.641,7.176,0.894
canny_hough,adaptive,combined,121,1,1,0.6,0.0,-160.0,4.568,13.978,0.646,7.201,0.874
canny_hough,adaptive,combined,122,1,1,0.6,0.0,-160.0,4.688,14.052,0.643,7.166,0.87
canny_hough,adaptive,combined,123,1,1,0.6,0.0,-160.0,4.688,14.042,0.621,7.233,0.82
canny_hough,adaptive,combined,124,1,1,0.6,0.0,-160.0,4.779,14.15,0.638,7.174,0.862
canny_hough,adaptive,combined,125,1,1,0.6,42.12,-117.88,4.714,14.145,0.643,7.208,0.876
canny_hough,adaptive,combined,126,1,1,0.6,67.45,-92.55,4.491,13.95,0.682,7.135,0.91
canny_hough,adaptive,combined,127,1,1,0.6,67.45,-92.55,4.494,13.846,0.637,7.172,0.84
canny_hough,adaptive,combined,128,0,0,0.0,0.0,,4.507,14.111,0.639,7.29,0.987
canny_hough,adaptive,combined,129,0,0,0.0,0.0,,4.386,13.855,0.635,7.185,0.96
canny_hough,adaptive,combined,130,0,0,0.0,0.0,,4.408,14.042,0.684,7.132,1.122
canny_hough,adaptive,combined,131,0,0,0.0,0.0,,4.307,13.746,0.639,7.173,0.931
canny_hough,adaptive,combined,132,0,0,0.0,0.0,,4.358,13.838,0.64,7.169,0.966
canny_hough,adaptive,combined,133,1,1,0.6,319.0,159.0,4.274,13.691,0.639,7.19,0.907
canny_hough,adaptive,combined,134,1,1,0.6,319.0,159.0,4.429,13.872,0.635,7.187,0.924
canny_hough,adaptive,combined,135,1,1,0.6,319.0,159.0,4.262,13.745,0.644,7.255,0.891
canny_hough,adaptive,combined,136,1,1,0.3,319.0,159.0,4.173,13.68,0.645,7.181,0.952
canny_hough,adaptive,combined,137,1,1,0.45,319.0,159.0,4.182,13.713,0.647,7.213,0.905
canny_hough,adaptive,combined,138,1,1,0.45,319.0,159.0,4.212,13.627,0.626,7.175,0.928
canny_hough,adaptive,combined,139,1,1,0.45,319.0,159.0,4.209,13.852,0.673,7.318,0.959
canny_hough,adaptive,combined,140,1,1,0.6,154.47,-5.53,4.755,14.172,0.637,7.172,0.91
canny_hough,adaptive,combined,141,1,1,0.6,235.4,75.4,5.584,15.111,0.706,7.187,0.945
canny_hough,adaptive,combined,142,1,1,0.6,243.1,83.1,5.922,15.433,0.654,7.175,0.9
canny_hough,adaptive,combined,143,1,1,0.6,243.1,83.1,5.909,15.336,0.634,7.182,0.913
canny_hough,adaptive,combined,144,1,1,0.6,216.22,56.22,6.263,15.675,0.635,7.166,0.909
canny_hough,adaptive,combined,145,0,0,0.0,0.0,,1.323,10.655,0.638,7.158,0.845
canny_hough,adaptive,combined,146,0,0,0.0,0.0,,0.669,10.002,0.632,7.19,0.814
canny_hough,adaptive,combined,147,0,0,0.0,0.0,,0.663,9.862,0.602,7.142,0.802
canny_hough,adaptive,combined,148,0,0,0.0,0.0,,0.669,9.94,0.598,7.197,0.817
canny_hough,adaptive,combined,149,0,0,0.0,0.0,,0.737,9.971,0.603,7.153,0.83
canny_hough,adaptive,combined,150,0,0,0.0,0.0,,1.907,11.272,0.598,7.203,0.919
canny_hough,adaptive,combined,151,0,0,0.0,0.0,,1.894,11.322,0.643,7.138,0.979
canny_hough,adaptive,combined,152,0,0,0.0,0.0,,1.912,11.306,0.63,7.152,0.894
canny_hough,adaptive,combined,153,0,0,0.0,0.0,,3.476,12.875,0.62,7.193,0.924
canny_hough,adaptive,combined,154,0,0,0.0,0.0,,3.524,13.019,0.667,7.155,0.99
canny_hough,adaptive,combined,155,0,0,0.0,0.0,,3.478,12.902,0.625,7.197,0.91
canny_hough,adaptive,combined,156,0,0,0.0,0.0,,3.137,12.538,0.646,7.193,0.85
canny_hough,adaptive,combined,157,1,1,0.3,319.0,159.0,4.522,13.895,0.63,7.175,0.894
canny_hough,adaptive,combined,158,1,1,0.3,319.0,159.0,4.486,13.983,0.636,7.137,0.973
canny_hough,adaptive,combined,159,1,1,0.15,319.0,159.0,4.225,13.668,0.644,7.202,0.904
canny_hough,adaptive,combined,160,0,0,0.0,0.0,,2.001,12.651,0.724,8.286,0.943
canny_hough,adaptive,combined,161,1,1,0.3,319.0,159.0,4.737,15.406,0.712,8.237,0.968
canny_hough,adaptive,combined,162,1,1,0.3,319.0,159.0,4.815,15.605,0.717,8.281,0.973
canny_hough,adaptive,combined,163,1,1,0.6,319.0,159.0,5.446,16.23,0.763,8.302,0.95
canny_hough,adaptive,combined,164,1,1,0.6,319.0,159.0,5.459,16.252,0.725,8.28,0.96
canny_hough,adaptive,combined,165,1,1,0.15,319.0,159.0,3.731,14.563,0.726,8.277,1.009
canny_hough,adaptive,combined,166,0,0,0.0,0.0,,3.143,13.974,0.747,8.336,0.954
canny_hough,adaptive,combined,167,0,0,0.0,0.0,,2.91,12.324,0.633,7.217,0.861
canny_hough,adaptive,combined,168,0,0,0.0,0.0,,2.951,12.334,0.639,7.192,0.874
canny_hough,adaptive,combined,169,1,1,0.45,319.0,159.0,4.278,13.7,0.656,7.162,0.917
canny_hough,adaptive,combined,170,1,1,0.45,319.0,159.0,4.302,13.834,0.692,7.151,0.991
canny_hough,adaptive,combined,171,1,1,0.45,319.0,159.0,4.272,13.714,0.64,7.214,0.908
canny_hough,adaptive,combined,172,1,1,0.3,319.0,159.0,3.24,12.684,0.638,7.167,0.884
canny_hough,adaptive,combined,173,1,1,0.15,319.0,159.0,3.065,12.591,0.696,7.131,0.949
canny_hough,adaptive,combined,174,1,1,0.3,319.0,159.0,3.845,13.217,0.636,7.187,0.859
canny_hough,adaptive,combined,175,1,1,0.3,319.0,159.0,3.838,13.24,0.641,7.181,0.891
canny_hough,adaptive,combined,176,1,1,0.45,319.0,159.0,4.209,13.678,0.643,7.173,0.873
canny_hough,adaptive,combined,177,1,1,0.45,319.0,159.0,4.212,13.591,0.638,7.182,0.862
canny_hough,adaptive,combined,178,1,1,0.45,319.0,159.0,4.218,13.611,0.64,7.162,0.891
canny_hough,adaptive,combined,179,1,1,0.45,319.0,159.0,4.242,13.696,0.639,7.195,0.866
canny_hough,adaptive,combined,180,1,1,0.15,319.0,159.0,2.963,12.38,0.643,7.203,0.877
canny_hough,adaptive,combined,181,1,1,0.3,319.0,159.0,3.919,13.333,0.65,7.162,0.904
canny_hough,adaptive,combined,182,1,1,0.3,319.0,159.0,3.603,13.09,0.689,7.155,0.958
canny_hough,adaptive,combined,183,1,1,0.3,319.0,159.0,3.57,12.976,0.642,7.193,0.886
canny_hough,adaptive,combined,184,1,1,0.3,319.0,159.0,3.631,13.008,0.648,7.143,0.903
canny_hough,adaptive,combined,185,1,1,0.3,319.0,159.0,3.718,13.131,0.642,7.152,0.927
canny_hough,adaptive,combined,186,1,1,0.3,319.0,159.0,3.64,13.148,0.629,7.178,0.887
canny_hough,adaptive,combined,187,1,1,0.3,319.0,159.0,3.836,13.237,0.642,7.171,0.9
canny_hough,adaptive,combined,188,1,1,0.15,319.0,159.0,4.116,13.518,0.642,7.163,0.901
canny_hough,adaptive,combined,189,1,1,0.6,319.0,159.0,4.233,13.7,0.643,7.203,0.844
canny_hough,adaptive,combined,190,1,1,0.6,319.0,159.0,4.239,13.591,0.646,7.166,0.852
canny_hough,adaptive,combined,191,1,1,0.6,319.0,159.0,4.229,13.694,0.684,7.152,0.942
canny_hough,adaptive,combined,192,1,1,0.45,319.0,159.0,3.793,13.21,0.638,7.186,0.895
canny_hough,adaptive,combined,193,1,1,0.15,319.0,159.0,3.697,13.108,0.642,7.154,0.928
canny_hough,adaptive,combined,194,0,0,0.0,0.0,,4.565,13.963,0.665,7.13,0.909
canny_hough,adaptive,combined,195,0,0,0.0,0.0,,4.594,13.966,0.645,7.166,0.862
canny_hough,adaptive,combined,196,1,1,0.45,319.0,159.0,3.778,13.201,0.647,7.131,0.907
canny_hough,adaptive,combined,197,1,1,0.15,319.0,159.0,3.073,12.427,0.651,7.178,0.836
canny_hough,adaptive,combined,198,1,1,0.15,319.0,159.0,3.088,12.41,0.651,7.154,0.822
canny_hough,adaptive,combined,199,1,1,0.45,319.0,159.0,3.414,12.753,0.64,7.178,0.823
canny_hough,adaptive,combined,200,1,1,0.45,319.0,159.0,3.434,12.734,0.643,7.145,0.824
canny_hough,adaptive,combined,201,1,1,0.45,319.0,159.0,3.85,13.297,0.672,7.136,0.948
canny_hough,adaptive,combined,202,1,1,0.6,319.0,159.0,3.997,13.496,0.637,7.303,0.872
canny_hough,adaptive,combined,203,1,1,0.6,319.0,159.0,3.995,13.374,0.646,7.15,0.897
canny_hough,adaptive,combined,204,1,1,0.45,319.0,159.0,4.121,13.564,0.63,7.142,0.917
canny_hough,adaptive,combined,205,1,1,0.6,319.0,159.0,3.961,13.291,0.632,7.158,0.847
canny_hough,adaptive,combined,206,1,1,0.6,319.0,159.0,3.999,13.377,0.64,7.178,0.845
canny_hough,adaptive,combined,207,1,1,0.6,319.0,159.0,4.166,13.596,0.632,7.192,0.848
canny_hough,adaptive,combined,208,1,1,0.6,319.0,159.0,4.475,13.809,0.643,7.179,0.835
canny_hough,adaptive,combined,209,1,1,0.6,319.0,159.0,4.433,13.862,0.693,7.131,0.912
canny_hough,adaptive,combined,210,1,1,0.6,319.0,159.0,4.385,13.722,0.636,7.158,0.837
canny_hough,adaptive,combined,211,1,1,0.6,319.0,159.0,4.318,13.77,0.692,7.132,0.95
canny_hough,adaptive,combined,212,1,1,0.6,319.0,159.0,4.311,13.666,0.633,7.191,0.832
canny_hough,adaptive,combined,213,1,1,0.6,311.31,151.31,3.933,13.404,0.635,7.187,0.886
canny_hough,adaptive,combined,214,1,1,0.6,311.31,151.31,3.932,13.917,1.028,7.366,0.893
canny_hough,adaptive,combined,215,1,1,0.6,276.52,116.52,4.882,14.231,0.633,7.163,0.855
canny_hough,adaptive,combined,216,1,1,0.6,242.75,82.75,5.065,14.488,0.658,7.199,0.841
canny_hough,adaptive,combined,217,1,1,0.6,245.98,85.98,5.252,14.731,0.695,7.145,0.954
canny_hough,adaptive,combined,218,1,1,0.45,232.7,72.7,3.778,13.114,0.641,7.168,0.829
canny_hough,adaptive,combined,219,1,1,0.45,232.7,72.7,3.737,13.15,0.677,7.143,0.903
canny_hough,adaptive,combined,220,1,1,0.6,232.83,72.83,3.591,12.938,0.625,7.205,0.827
canny_hough,adaptive,combined,221,1,1,0.45,218.62,58.62,3.122,12.458,0.643,7.164,0.848
canny_hough,adaptive,combined,222,1,1,0.45,218.62,58.62,3.115,12.425,0.647,7.152,0.832
canny_hough,adaptive,combined,223,1,1,0.45,218.62,58.62,3.119,12.45,0.671,7.159,0.821
canny_hough,adaptive,combined,224,1,1,0.45,218.62,58.62,3.114,12.429,0.647,7.15,0.837
canny_hough,adaptive,combined,225,1,1,0.3,215.03,55.03,6.43,15.876,0.677,7.138,0.955
canny_hough,adaptive,combined,226,1,1,0.3,215.03,55.03,6.482,15.983,0.677,7.131,0.981
canny_hough,adaptive,combined,227,1,1,0.3,211.05,51.05,6.995,17.115,0.682,7.398,1.323
canny_hough,adaptive,combined,228,1,1,0.3,211.05,51.05,6.913,16.415,0.659,7.29,0.854
canny_hough,adaptive,combined,229,1,1,0.3,215.37,55.37,5.408,14.884,0.655,7.277,0.851
canny_hough,adaptive,combined,230,1,1,0.3,219.26,59.26,5.114,14.655,0.661,7.288,0.829
canny_hough,adaptive,combined,231,1,1,0.3,219.26,59.26,5.258,14.67,0.645,7.171,0.855
canny_hough,adaptive,combined,232,1,1,0.45,211.44,51.44,7.081,16.517,0.674,7.177,0.875
canny_hough,adaptive,combined,233,1,1,0.3,216.65,56.65,6.879,16.454,0.658,7.325,0.9
canny_hough,adaptive,combined,234,1,1,0.3,217.08,57.08,6.899,16.32,0.65,7.181,0.887
canny_hough,adaptive,combined,235,1,1,0.3,217.08,57.08,6.425,16.086,0.662,7.342,0.901
canny_hough,adaptive,combined,236,1,1,0.3,214.2,54.2,6.889,16.421,0.65,7.21,0.887
canny_hough,adaptive,combined,237,1,1,0.3,215.96,55.96,6.844,16.37,0.692,7.181,0.956
canny_hough,adaptive,combined,238,1,1,0.3,215.96,55.96,7.136,16.712,0.646,7.173,0.974
canny_hough,adaptive,combined,239,1,1,0.15,217.34,57.34,6.778,16.408,0.66,7.391,0.892
canny_hough,adaptive,combined,240,1,1,0.15,217.34,57.34,6.847,16.504,0.673,7.382,0.905
canny_hough,adaptive,combined,241,1,1,0.3,215.63,55.63,6.781,16.262,0.659,7.214,0.929
canny_hough,adaptive,combined,242,1,1,0.3,218.97,58.97,7.12,16.618,0.658,7.231,0.912
canny_hough,adaptive,combined,243,1,1,0.3,218.97,58.97,6.825,16.529,0.662,7.349,0.893
canny_hough,adaptive,combined,244,1,1,0.3,214.87,54.87,6.725,16.82,0.697,7.267,1.423
canny_hough,adaptive,combined,245,1,1,0.15,216.94,56.94,6.6,16.669,0.681,7.271,1.353
canny_hough,adaptive,combined,246,1,1,0.15,216.94,56.94,6.593,16.465,0.644,7.475,0.86
canny_hough,adaptive,combined,247,1,1,0.15,214.68,54.68,6.723,16.445,0.738,7.391,0.853
canny_hough,adaptive,combined,248,1,1,0.15,214.68,54.68,6.855,16.38,0.657,7.253,0.852
canny_hough,adaptive,combined,249,1,1,0.3,217.86,57.86,9.416,19.187,0.646,7.396,0.94
canny_hough,adaptive,combined,250,1,1,0.3,217.86,57.86,9.403,19.812,0.743,7.892,1.011
canny_hough,adaptive,combined,251,1,1,0.3,217.87,57.87,6.876,16.842,0.737,7.616,0.871
canny_hough,adaptive,combined,252,1,1,0.3,217.87,57.87,6.913,16.513,0.649,7.395,0.863
canny_hough,adaptive,combined,253,1,1,0.3,219.2,59.2,6.747,16.371,0.66,7.337,0.879
canny_hough,adaptive,combined,254,1,1,0.3,219.2,59.2,6.908,16.488,0.699,7.19,1.001
canny_hough,adaptive,combined,255,1,1,0.3,219.2,59.2,6.981,16.558,0.668,7.195,0.879
canny_hough,adaptive,combined,256,1,1,0.15,217.77,57.77,7.176,16.766,0.674,7.321,0.892
canny_hough,adaptive,combined,257,1,1,0.3,218.59,58.59,6.837,16.572,0.876,7.259,0.906
canny_hough,adaptive,combined,258,1,1,0.3,218.59,58.59,6.513,16.158,0.651,7.391,0.912
canny_hough,adaptive,combined,259,1,1,0.3,215.13,55.13,6.572,16.046,0.705,7.178,0.903
canny_hough,adaptive,combined,260,1,1,0.3,217.85,57.85,6.462,15.838,0.617,7.19,0.88
canny_hough,adaptive,combined,261,1,1,0.3,219.94,59.94,6.315,15.721,0.642,7.169,0.894
canny_hough,adaptive,combined,262,1,1,0.3,219.94,59.94,6.362,15.746,0.64,7.165,0.897
canny_hough,adaptive,combined,263,1,1,0.3,219.85,59.85,6.492,15.871,0.639,7.164,0.879
canny_hough,adaptive,combined,264,1,1,0.3,219.85,59.85,6.826,16.205,0.632,7.177,0.881
canny_hough,adaptive,combined,265,1,1,0.3,217.32,57.32,7.002,16.489,0.651,7.244,0.894
canny_hough,adaptive,combined,266,1,1,0.3,217.32,57.32,7.114,16.663,0.652,7.239,0.926
canny_hough,adaptive,combined,267,1,1,0.3,219.85,59.85,6.802,16.426,0.704,7.209,1.014
canny_hough,adaptive,combined,268,1,1,0.3,219.85,59.85,8.026,18.04,0.696,7.203,1.373
canny_hough,adaptive,combined,269,1,1,0.3,219.91,59.91,9.549,20.346,0.821,8.078,1.092
canny_hough,adaptive,combined,270,1,1,0.3,219.91,59.91,7.749,18.201,0.732,7.543,1.366
canny_hough,adaptive,combined,271,1,1,0.3,217.37,57.37,9.532,20.882,0.708,8.219,1.566
canny_hough,adaptive,combined,272,1,1,0.3,217.37,57.37,6.673,16.858,0.739,7.705,0.942
canny_hough,adaptive,combined,273,1,1,0.3,217.87,57.87,7.467,17.244,0.654,7.475,0.92
canny_hough,adaptive,combined,274,1,1,0.15,217.12,57.12,8.92,19.915,1.11,8.182,0.957
canny_hough,adaptive,combined,275,1,1,0.15,217.12,57.12,7.105,18.067,0.789,7.958,1.412
canny_hough,adaptive,combined,276,1,1,0.3,219.14,59.14,6.688,17.103,1.131,7.399,1.104
canny_hough,adaptive,combined,277,1,1,0.15,218.66,58.66,6.842,17.188,1.054,7.214,1.362
canny_hough,adaptive,combined,278,1,1,0.3,218.22,58.22,8.827,19.375,1.031,7.305,1.414
canny_hough,adaptive,combined,279,1,1,0.3,218.22,58.22,9.386,21.706,1.295,8.352,1.728
canny_hough,adaptive,combined,280,1,1,0.3,219.67,59.67,6.73,17.153,1.062,7.362,1.284
canny_hough,adaptive,combined,281,1,1,0.3,217.48,57.48,8.757,19.64,0.998,7.469,1.686
canny_hough,adaptive,combined,282,1,1,0.3,219.52,59.52,9.354,21.638,1.178,8.087,2.128
canny_hough,adaptive,combined,283,1,1,0.3,219.52,59.52,6.82,17.437,1.079,7.389,1.238
canny_hough,adaptive,combined,284,1,1,0.3,215.99,55.99,6.533,16.633,1.043,7.215,1.132
canny_hough,adaptive,combined,285,1,1,0.3,216.58,56.58,6.663,16.792,0.988,7.173,1.223
canny_hough,adaptive,combined,286,1,1,0.3,217.77,57.77,6.663,16.886,1.038,7.145,1.314
canny_hough,adaptive,combined,287,1,1,0.3,217.77,57.77,6.674,16.748,0.99,7.182,1.137
canny_hough,adaptive,combined,288,1,1,0.15,219.84,59.84,6.561,16.613,0.987,7.164,1.229
canny_hough,adaptive,combined,289,1,1,0.3,217.42,57.42,6.48,16.465,0.986,7.187,1.133
canny_hough,adaptive,combined,290,1,1,0.3,217.42,57.42,6.527,16.63,0.996,7.189,1.224
canny_hough,adaptive,combined,291,1,1,0.3,220.23,60.23,6.513,16.77,0.982,7.261,1.323
canny_hough,adaptive,combined,292,1,1,0.15,219.84,59.84,6.547,16.692,1.035,7.127,1.288
canny_hough,adaptive,combined,293,1,1,0.3,217.95,57.95,6.199,16.288,0.991,7.173,1.232
canny_hough,adaptive,combined,294,1,1,0.3,217.95,57.95,6.252,16.253,0.997,7.186,1.131
canny_hough,adaptive,combined,295,1,1,0.3,216.16,56.16,6.39,16.382,1.001,7.173,1.125
canny_hough,adaptive,combined,296,1,1,0.3,218.73,58.73,6.403,16.518,0.993,7.158,1.236
canny_hough,adaptive,combined,297,1,1,0.3,219.2,59.2,6.494,16.569,0.986,7.151,1.247
canny_hough,adaptive,combined,298,1,1,0.3,219.2,59.2,6.517,16.553,0.985,7.163,1.19
canny_hough,adaptive,combined,299,1,1,0.15,217.12,57.12,6.285,16.445,1.031,7.138,1.29
canny_hough,adaptive,combined,300,1,1,0.15,217.12,57.12,6.31,16.496,1.053,7.198,1.242
canny_hough,adaptive,combined,301,1,1,0.3,220.23,60.23,6.456,16.557,0.997,7.185,1.225
canny_hough,adaptive,combined,302,1,1,0.3,215.03,55.03,6.487,16.446,0.984,7.146,1.132
canny_hough,adaptive,combined,303,1,1,0.3,215.03,55.03,6.426,16.511,0.997,7.147,1.241
canny_hough,adaptive,combined,304,1,1,0.3,217.48,57.48,6.531,16.518,0.982,7.174,1.139
canny_hough,adaptive,combined,305,1,1,0.3,218.13,58.13,6.42,16.563,0.994,7.152,1.302
canny_hough,adaptive,combined,306,1,1,0.3,218.14,58.14,6.471,16.716,1.233,7.11,1.186
canny_hough,adaptive,combined,307,1,1,0.3,218.14,58.14,6.451,16.539,0.999,7.207,1.128
canny_hough,adaptive,combined,308,1,1,0.3,219.06,59.06,6.639,16.636,0.987,7.207,1.11
canny_hough,adaptive,combined,309,1,1,0.3,223.75,63.75,2.874,12.812,0.991,7.159,1.1
canny_hough,adaptive,combined,310,1,1,0.15,224.64,64.64,5.056,15.059,0.991,7.174,1.167
canny_hough,adaptive,combined,311,1,1,0.15,224.64,64.64,4.953,14.916,0.995,7.154,1.115
canny_hough,adaptive,combined,312,1,1,0.3,221.51,61.51,5.21,15.241,0.977,7.164,1.157
canny_hough,adaptive,combined,313,1,1,0.3,224.28,64.28,5.013,15.032,1.033,7.134,1.162
canny_hough,adaptive,combined,314,1,1,0.3,224.28,64.28,5.329,15.357,0.978,7.165,1.205
canny_hough,adaptive,combined,315,1,1,0.3,220.25,60.25,5.001,15.235,1.049,7.329,1.122
canny_hough,adaptive,combined,316,1,1,0.3,220.8,60.8,6.601,16.852,0.993,7.32,1.213
canny_hough,adaptive,combined,317,1,1,0.3,221.93,61.93,6.645,17.198,1.044,7.506,1.266
canny_hough,adaptive,combined,318,1,1,0.3,221.93,61.93,6.581,16.685,1.044,7.136,1.221
canny_hough,adaptive,combined,319,1,1,0.3,218.59,58.59,5.573,15.652,0.991,7.227,1.104
canny_hough,adaptive,combined,320,1,1,0.3,221.97,61.97,6.463,16.54,0.997,7.2,1.121
canny_hough,adaptive,combined,321,1,1,0.3,222.1,62.1,6.475,16.49,0.991,7.209,1.123
canny_hough,adaptive,combined,322,1,1,0.3,222.1,62.1,6.53,16.5,0.984,7.179,1.106
canny_hough,adaptive,combined,323,1,1,0.3,219.39,59.39,6.242,16.18,0.991,7.133,1.131
canny_hough,adaptive,combined,324,1,1,0.3,219.39,59.39,6.265,16.255,0.994,7.163,1.133
canny_hough,adaptive,combined,325,1,1,0.3,219.87,59.87,6.501,16.562,1.0,7.139,1.235
canny_hough,adaptive,combined,326,1,1,0.3,219.87,59.87,6.581,16.83,0.995,7.206,1.324
canny_hough,adaptive,combined,327,1,1,0.3,222.83,62.83,6.28,16.463,1.052,7.195,1.242
canny_hough,adaptive,combined,328,1,1,0.3,222.83,62.83,6.409,16.474,0.986,7.205,1.127
canny_hough,adaptive,combined,329,1,1,0.3,220.28,60.28,6.393,16.483,0.994,7.164,1.238
canny_hough,adaptive,combined,330,1,1,0.3,220.28,60.28,6.39,16.369,0.987,7.175,1.122
canny_hough,adaptive,combined,331,1,1,0.15,219.9,59.9,6.162,16.119,0.989,7.148,1.13
canny_hough,adaptive,combined,332,1,1,0.15,219.9,59.9,6.214,16.264,0.991,7.141,1.233
canny_hough,adaptive,combined,333,1,1,0.3,222.06,62.06,6.273,16.224,0.983,7.156,1.117
canny_hough,adaptive,combined,334,1,1,0.3,222.06,62.06,6.272,16.432,0.994,7.157,1.303
canny_hough,adaptive,combined,335,1,1,0.3,219.37,59.37,7.243,17.485,1.026,7.126,1.334
canny_hough,adaptive,combined,336,1,1,0.3,221.24,61.24,6.428,16.662,0.982,7.257,1.272
canny_hough,adaptive,combined,337,1,1,0.3,219.57,59.57,6.321,16.412,1.001,7.179,1.22
canny_hough,adaptive,combined,338,1,1,0.3,219.57,59.57,6.317,16.281,0.988,7.152,1.119
canny_hough,adaptive,combined,339,1,1,0.3,223.89,63.89,7.009,17.091,0.979,7.167,1.153
canny_hough,adaptive,combined,340,1,1,0.3,220.85,60.85,6.29,16.495,1.044,7.132,1.344
canny_hough,adaptive,combined,341,1,1,0.15,221.77,61.77,6.029,16.111,1.045,7.207,1.129
canny_hough,adaptive,combined,342,1,1,0.15,221.77,61.77,6.087,16.168,0.999,7.192,1.129
canny_hough,adaptive,combined,343,1,1,0.3,221.37,61.37,6.579,16.651,1.0,7.188,1.137
canny_hough,adaptive,combined,344,1,1,0.3,222.77,62.77,6.399,16.502,0.994,7.194,1.225
canny_hough,adaptive,combined,345,1,1,0.15,221.77,61.77,6.281,16.269,1.003,7.167,1.131
canny_hough,adaptive,combined,346,1,1,0.15,221.77,61.77,6.331,16.47,0.996,7.166,1.244
canny_hough,adaptive,combined,347,1,1,0.3,220.87,60.87,6.367,16.512,0.996,7.163,1.232
canny_hough,adaptive,combined,348,1,1,0.3,220.87,60.87,6.388,16.424,0.994,7.148,1.202
canny_hough,adaptive,combined,349,1,1,0.15,221.77,61.77,6.314,16.36,1.039,7.133,1.187
canny_hough,adaptive,combined,350,1,1,0.3,220.91,60.91,6.361,16.43,1.041,7.188,1.141
canny_hough,adaptive,combined,351,1,1,0.3,220.91,60.91,6.336,16.52,1.001,7.193,1.241
canny_hough,adaptive,combined,352,1,1,0.3,223.22,63.22,6.488,16.597,0.99,7.198,1.239
canny_hough,adaptive,combined,353,1,1,0.15,222.83,62.83,6.166,16.15,0.981,7.157,1.145
canny_hough,adaptive,combined,354,1,1,0.3,220.91,60.91,6.315,16.292,0.984,7.165,1.133
canny_hough,adaptive,combined,355,1,1,0.3,220.91,60.91,6.233,16.299,0.991,7.145,1.244
canny_hough,adaptive,combined,356,1,1,0.3,217.1,57.1,6.594,16.568,0.988,7.155,1.118
canny_hough,adaptive,combined,357,1,1,0.3,221.98,61.98,6.245,16.405,1.036,7.117,1.317
canny_hough,adaptive,combined,358,1,1,0.3,221.2,61.2,6.478,16.629,1.03,7.143,1.302
canny_hough,adaptive,combined,359,1,1,0.3,221.2,61.2,6.507,16.729,0.995,7.224,1.249
canny_hough,adaptive,combined,360,1,1,0.15,221.65,61.65,6.303,16.377,0.991,7.179,1.22
histogram,fixed,edges,0,1,0,0.0167,142.66,-17.34,4.16,6.857,0.989,0.092,0.951
histogram,fixed,edges,1,1,0,0.0167,146.55,-13.45,4.134,6.903,0.986,0.092,0.945
histogram,fixed,edges,2,1,0,0.0181,143.59,-16.41,3.876,6.846,1.034,0.098,1.153
histogram,fixed,edges,3,1,0,0.0181,143.59,-16.41,3.883,6.679,0.988,0.096,1.043
histogram,fixed,edges,4,1,0,0.0181,144.2,-15.8,3.931,6.679,0.986,0.093,0.949
histogram,fixed,edges,5,1,0,0.0167,144.29,-15.71,3.947,6.909,1.031,0.1,1.16
histogram,fixed,edges,6,1,0,0.0167,144.29,-15.71,3.949,7.059,0.983,0.096,1.348
histogram,fixed,edges,7,1,0,0.0181,144.24,-15.76,3.923,6.647,0.988,0.092,0.962
histogram,fixed,edges,8,1,0,0.0167,144.27,-15.73,3.931,6.701,0.99,0.092,0.951
histogram,fixed,edges,9,1,0,0.0181,144.21,-15.79,3.975,6.741,1.045,0.099,0.95
histogram,fixed,edges,10,1,0,0.0181,144.21,-15.79,3.92,6.729,0.996,0.091,0.968
histogram,fixed,edges,11,1,0,0.0181,143.59,-16.41,3.904,6.623,0.986,0.091,0.965
histogram,fixed,edges,12,1,0,0.0181,143.69,-16.31,3.755,6.741,1.035,0.096,1.176
histogram,fixed,edges,13,1,0,0.0167,145.79,-14.21,4.025,6.805,0.981,0.09,1.03
histogram,fixed,edges,14,1,0,0.0167,145.79,-14.21,4.001,6.94,0.983,0.091,1.155
histogram,fixed,edges,15,1,0,0.0181,144.1,-15.9,3.909,6.933,0.991,0.094,1.178
histogram,fixed,edges,16,1,0,0.0181,144.1,-15.9,3.942,6.914,1.038,0.099,1.151
histogram,fixed,edges,17,1,0,0.0194,144.25,-15.75,3.913,6.705,0.99,0.089,1.027
histogram,fixed,edges,18,1,0,0.0181,144.24,-15.76,3.934,6.846,0.987,0.091,1.151
histogram,fixed,edges,19,1,0,0.0181,144.19,-15.81,3.782,6.559,1.033,0.096,0.966
histogram,fixed,edges,20,1,0,0.0181,144.19,-15.81,3.772,6.774,0.992,0.09,1.246
histogram,fixed,edges,21,1,0,0.0181,144.19,-15.81,3.931,6.836,0.985,0.091,1.148
histogram,fixed,edges,22,1,0,0.0167,145.76,-14.24,3.982,6.97,0.987,0.093,1.15
histogram,fixed,edges,23,1,0,0.0167,145.76,-14.24,4.007,6.976,1.039,0.094,1.146
histogram,fixed,edges,24,1,0,0.0181,144.18,-15.82,3.915,7.762,0.99,0.095,2.069
histogram,fixed,edges,25,1,0,0.0181,144.16,-15.84,3.92,6.727,0.988,0.091,0.971
histogram,fixed,edges,26,1,0,0.0181,144.16,-15.84,3.941,6.656,0.984,0.089,0.954
histogram,fixed,edges,27,1,0,0.0181,144.16,-15.84,3.932,6.735,1.033,0.098,0.977
histogram,fixed,edges,28,1,0,0.0181,145.44,-14.56,3.818,6.796,0.989,0.091,1.216
histogram,fixed,edges,29,1,0,0.0181,144.16,-15.84,3.781,6.487,0.986,0.094,0.949
histogram,fixed,edges,30,1,0,0.0181,144.19,-15.81,3.759,6.527,1.031,0.095,0.969
histogram,fixed,edges,31,1,0,0.0181,144.19,-15.81,3.772,6.551,0.985,0.092,1.019
histogram,fixed,edges,32,1,0,0.0181,146.6,-13.4,4.062,6.781,0.979,0.095,0.961
histogram,fixed,edges,33,1,0,0.0181,144.19,-15.81,3.786,6.752,1.04,0.098,1.148
histogram,fixed,edges,34,1,0,0.0181,144.19,-15.81,3.802,6.944,0.989,0.092,1.353
histogram,fixed,edges,35,1,0,0.0167,145.9,-14.1,3.958,6.86,0.984,0.091,1.143
histogram,fixed,edges,36,1,0,0.0167,145.9,-14.1,3.968,6.729,0.99,0.092,0.932
histogram,fixed,edges,37,1,0,0.0167,144.38,-15.62,3.918,6.688,1.039,0.101,0.954
histogram,fixed,edges,38,1,0,0.0167,144.38,-15.62,3.885,6.881,0.988,0.091,1.232
histogram,fixed,edges,39,1,0,0.0181,144.09,-15.91,3.91,6.818,0.983,0.092,1.137
histogram,fixed,edges,40,1,0,0.0181,144.09,-15.91,3.922,6.884,1.04,0.1,1.144
histogram,fixed,edges,41,1,0,0.0181,144.2,-15.8,3.78,6.58,0.999,0.088,1.022
histogram,fixed,edges,42,1,0,0.0181,144.16,-15.84,3.932,6.829,0.984,0.093,1.142
histogram,fixed,edges,43,1,0,0.0181,143.3,-16.7,4.044,6.842,0.988,0.094,0.964
histogram,fixed,edges,44,1,0,0.0181,143.3,-16.7,3.801,6.627,1.038,0.099,0.963
histogram,fixed,edges,45,1,0,0.0181,144.12,-15.88,3.915,6.88,0.982,0.09,1.203
histogram,fixed,edges,46,1,0,0.0181,144.12,-15.88,3.937,6.846,0.992,0.091,1.143
histogram,fixed,edges,47,1,0,0.0167,144.23,-15.77,3.938,6.902,1.039,0.094,1.139
histogram,fixed,edges,48,1,0,0.0167,144.23,-15.77,3.963,6.842,0.983,0.091,1.121
histogram,fixed,edges,49,1,0,0.0181,145.64,-14.36,4.002,6.893,0.98,0.091,1.137
histogram,fixed,edges,50,1,0,0.0181,145.64,-14.36,4.002,6.966,0.984,0.091,1.151
histogram,fixed,edges,51,1,0,0.0181,144.14,-15.86,3.926,6.697,1.041,0.097,0.959
histogram,fixed,edges,52,1,0,0.0167,144.22,-15.78,3.943,6.756,0.985,0.09,1.044
histogram,fixed,edges,53,1,0,0.0167,144.22,-15.78,3.936,6.657,0.994,0.089,0.946
histogram,fixed,edges,54,1,0,0.0181,144.16,-15.84,3.933,6.724,1.022,0.093,0.965
histogram,fixed,edges,55,1,0,0.0167,144.1,-15.9,3.983,7.058,0.986,0.091,1.32
histogram,fixed,edges,56,1,0,0.0167,144.1,-15.9,3.948,6.65,0.992,0.092,0.948
histogram,fixed,edges,57,1,0,0.0167,144.3,-15.7,3.937,6.903,0.999,0.092,1.137
histogram,fixed,edges,58,1,0,0.0181,144.24,-15.76,3.927,6.711,1.035,0.094,0.974
histogram,fixed,edges,59,1,0,0.0181,144.24,-15.76,3.938,6.72,0.992,0.092,1.007
histogram,fixed,edges,60,1,0,0.0181,144.17,-15.83,3.977,6.878,0.986,0.09,1.141
histogram,fixed,edges,61,1,0,0.0167,144.21,-15.79,3.985,6.952,1.029,0.093,1.16
histogram,fixed,edges,62,1,0,0.0167,144.21,-15.79,3.949,6.813,0.992,0.091,1.097
histogram,fixed,edges,63,1,0,0.0167,144.21,-15.79,3.911,6.879,0.986,0.091,1.148
histogram,fixed,edges,64,1,0,0.0167,144.21,-15.79,3.929,6.678,0.986,0.092,0.953
histogram,fixed,edges,65,1,0,0.0167,144.15,-15.85,3.94,6.904,1.034,0.098,1.148
histogram,fixed,edges,66,1,0,0.0167,144.15,-15.85,3.93,7.41,0.982,0.089,1.726
histogram,fixed,edges,67,1,0,0.0181,144.19,-15.81,3.939,6.74,0.993,0.093,0.968
histogram,fixed,edges,68,1,0,0.0181,144.17,-15.83,3.928,6.833,0.986,0.091,1.149
histogram,fixed,edges,69,1,0,0.0181,144.62,-15.38,3.935,6.861,1.035,0.096,1.112
histogram,fixed,edges,70,1,0,0.0181,146.18,-13.82,4.086,7.092,0.988,0.093,1.247
histogram,fixed,edges,71,1,0,0.0181,146.18,-13.82,4.072,6.822,0.986,0.095,0.99
histogram,fixed,edges,72,1,1,0.0142,141.9,-18.1,2.913,5.717,0.986,0.09,0.988
histogram,fixed,edges,73,1,0,0.0194,152.52,-7.48,4.198,6.976,0.976,0.091,1.031
histogram,fixed,edges,74,1,0,0.0208,147.41,-12.59,3.849,6.591,0.985,0.091,0.944
histogram,fixed,edges,75,1,0,0.0208,147.41,-12.59,3.829,6.785,1.061,0.094,1.126
histogram,fixed,edges,76,1,0,0.0181,148.12,-11.88,4.08,6.846,0.995,0.09,1.003
histogram,fixed,edges,77,1,0,0.0194,147.52,-12.48,3.964,6.897,0.988,0.09,1.109
histogram,fixed,edges,78,1,0,0.0194,147.52,-12.48,3.96,6.688,0.972,0.095,0.977
histogram,fixed,edges,79,1,0,0.0194,147.52,-12.48,3.964,6.734,1.026,0.096,0.96
histogram,fixed,edges,80,1,1,0.0075,137.47,-22.53,2.981,5.774,0.99,0.092,1.029
histogram,fixed,edges,81,1,1,0.0067,165.44,5.44,3.146,5.921,1.041,0.092,0.941
histogram,fixed,edges,82,1,1,0.0067,165.44,5.44,3.086,5.995,1.03,0.092,1.103
histogram,fixed,edges,83,1,1,0.0133,173.49,13.49,2.964,5.872,1.037,0.099,1.103
histogram,fixed,edges,84,1,0,0.0181,159.04,-0.96,4.558,7.346,0.993,0.091,0.932
histogram,fixed,edges,85,1,0,0.0181,158.78,-1.22,3.53,6.515,1.02,0.092,1.137
histogram,fixed,edges,86,1,0,0.0181,158.78,-1.22,3.379,6.376,1.066,0.115,1.115
histogram,fixed,edges,87,1,0,0.0125,150.64,-9.36,3.825,6.718,0.982,0.092,1.148
histogram,fixed,edges,88,1,0,0.0125,150.64,-9.36,3.833,6.694,0.985,0.094,1.101
histogram,fixed,edges,89,1,0,0.0167,142.32,-17.68,3.738,6.502,1.047,0.097,0.928
histogram,fixed,edges,90,1,0,0.0167,142.32,-17.68,3.793,6.798,0.989,0.091,1.206
histogram,fixed,edges,91,1,0,0.0111,143.31,-16.69,3.847,6.57,0.99,0.09,0.967
histogram,fixed,edges,92,1,0,0.0111,143.31,-16.69,3.851,6.789,1.048,0.095,1.113
histogram,fixed,edges,93,1,0,0.0181,141.72,-18.28,3.689,6.454,0.986,0.092,1.004
histogram,fixed,edges,94,1,0,0.0194,141.79,-18.21,3.592,6.352,0.99,0.091,0.959
histogram,fixed,edges,95,1,0,0.0194,141.79,-18.21,3.563,6.341,1.03,0.094,0.968
histogram,fixed,edges,96,1,0,0.0194,143.5,-16.5,4.075,6.837,0.99,0.088,1.007
histogram,fixed,edges,97,1,0,0.0222,143.04,-16.96,3.597,6.305,0.981,0.09,0.958
histogram,fixed,edges,98,1,0,0.0222,143.04,-16.96,3.572,6.495,1.024,0.098,1.118
histogram,fixed,edges,99,1,0,0.0222,143.04,-16.96,3.51,6.298,0.994,0.094,0.964
histogram,fixed,edges,100,1,0,0.0208,146.31,-13.69,3.626,6.415,0.984,0.092,0.965
histogram,fixed,edges,101,1,0,0.0181,147.89,-12.11,3.88,6.851,0.983,0.09,1.222
histogram,fixed,edges,102,1,0,0.0181,148.25,-11.75,4.04,7.028,0.978,0.09,1.163
histogram,fixed,edges,103,1,0,0.0181,148.25,-11.75,4.047,6.764,0.986,0.091,0.953
histogram,fixed,edges,104,1,1,0.025,164.04,4.04,2.86,5.656,1.032,0.096,0.949
histogram,fixed,edges,105,1,0,0.0167,162.42,2.42,3.575,6.284,0.988,0.093,0.946
histogram,fixed,edges,106,1,0,0.0167,162.42,2.42,3.585,6.37,1.037,0.096,0.962
histogram,fixed,edges,107,1,1,0.0192,179.8,19.8,2.492,5.412,0.99,0.091,1.155
histogram,fixed,edges,108,1,1,0.0192,179.8,19.8,2.627,5.419,1.037,0.097,0.981
histogram,fixed,edges,109,1,0,0.0181,154.67,-5.33,3.35,6.07,0.984,0.091,0.968
histogram,fixed,edges,110,1,0,0.0181,154.67,-5.33,3.362,6.137,1.026,0.101,0.95
histogram,fixed,edges,111,1,0,0.0181,154.67,-5.33,3.369,6.082,0.998,0.092,0.946
histogram,fixed,edges,112,1,1,0.01,260.76,100.76,2.834,5.74,1.025,0.099,1.099
histogram,fixed,edges,113,1,1,0.0108,226.66,66.66,3.092,5.79,0.976,0.094,0.95
histogram,fixed,edges,114,1,1,0.0108,226.66,66.66,3.104,6.012,1.028,0.094,1.077
histogram,fixed,edges,115,1,1,0.0142,277.88,117.88,3.126,5.856,0.985,0.093,0.966
histogram,fixed,edges,116,1,1,0.0142,277.88,117.88,3.11,5.903,1.035,0.096,0.985
histogram,fixed,edges,117,1,1,0.0167,278.0,118.0,3.116,5.946,0.987,0.09,1.072
histogram,fixed,edges,118,1,1,0.0175,281.03,121.03,3.528,6.299,1.027,0.097,0.955
histogram,fixed,edges,119,1,1,0.0175,281.03,121.03,3.493,6.205,0.988,0.092,0.954
histogram,fixed,edges,120,1,1,0.015,271.23,111.23,3.678,6.455,1.029,0.099,0.974
histogram,fixed,edges,121,1,1,0.0158,281.43,121.43,3.074,5.936,0.984,0.092,1.109
histogram,fixed,edges,122,1,1,0.0158,281.43,121.43,3.155,5.987,0.978,0.091,1.022
histogram,fixed,edges,123,1,1,0.0175,237.14,77.14,2.868,5.751,0.994,0.094,1.124
histogram,fixed,edges,124,1,1,0.0175,237.14,77.14,2.957,5.804,0.983,0.093,0.98
histogram,fixed,edges,125,1,1,0.0158,210.67,50.67,3.098,5.911,0.988,0.09,0.959
histogram,fixed,edges,126,1,1,0.0183,221.65,61.65,2.503,5.307,1.05,0.093,0.976
histogram,fixed,edges,127,1,1,0.0183,221.65,61.65,2.53,5.274,0.989,0.094,0.971
histogram,fixed,edges,128,1,0,0.0236,168.25,8.25,3.581,6.409,0.992,0.092,1.063
histogram,fixed,edges,129,1,0,0.0236,173.09,13.09,3.269,6.32,0.992,0.092,1.284
histogram,fixed,edges,130,1,0,0.0236,173.09,13.09,3.271,6.224,1.025,0.093,1.148
histogram,fixed,edges,131,1,0,0.0222,168.81,8.81,3.365,6.095,0.996,0.089,0.954
histogram,fixed,edges,132,1,0,0.0222,168.81,8.81,3.369,6.17,1.047,0.095,0.975
histogram,fixed,edges,133,1,0,0.0361,150.16,-9.84,3.138,6.058,0.996,0.096,1.164
histogram,fixed,edges,134,1,0,0.0361,150.16,-9.84,3.208,6.151,0.983,0.089,1.097
histogram,fixed,edges,135,1,0,0.0361,150.16,-9.84,3.25,6.196,0.998,0.091,1.177
histogram,fixed,edges,136,1,0,0.025,154.65,-5.35,3.537,6.227,0.985,0.09,0.935
histogram,fixed,edges,137,1,0,0.0069,155.11,-4.89,3.46,6.37,0.989,0.134,1.11
histogram,fixed,edges,138,1,0,0.0069,155.11,-4.89,3.447,6.151,0.981,0.091,0.946
histogram,fixed,edges,139,1,0,0.0069,155.11,-4.89,3.446,6.363,1.205,0.101,0.941
histogram,fixed,edges,140,0,0,0.0,0.0,,2.313,5.134,0.99,0.091,1.068
histogram,fixed,edges,141,1,0,0.0167,216.16,56.16,3.747,6.559,1.042,0.094,1.006
histogram,fixed,edges,142,1,1,0.0217,142.22,-17.78,3.105,5.927,0.983,0.094,0.982
histogram,fixed,edges,143,1,1,0.0217,142.22,-17.78,3.189,5.962,1.032,0.094,0.972
histogram,fixed,edges,144,1,1,0.0217,131.78,-28.22,3.099,5.975,0.987,0.089,1.021
histogram,fixed,edges,145,1,1,0.0042,119.96,-40.04,2.823,5.637,1.047,0.094,0.983
histogram,fixed,edges,146,0,0,0.0,0.0,,0.759,3.49,0.982,0.09,0.979
histogram,fixed,edges,147,0,0,0.0,0.0,,0.76,3.461,0.977,0.095,0.969
histogram,fixed,edges,148,0,0,0.0,0.0,,0.688,3.412,0.971,0.095,1.006
histogram,fixed,edges,149,0,0,0.0,0.0,,0.686,3.437,0.975,0.093,0.943
histogram,fixed,edges,150,1,1,0.0083,125.5,-34.5,3.202,5.934,1.023,0.104,0.946
histogram,fixed,edges,151,1,1,0.0083,125.5,-34.5,3.182,5.888,0.982,0.093,0.957
histogram,fixed,edges,152,1,1,0.0083,124.5,-35.5,3.197,6.093,1.036,0.098,1.091
histogram,fixed,edges,153,1,1,0.0083,71.5,-88.5,3.041,5.98,0.986,0.103,1.107
histogram,fixed,edges,154,1,1,0.0083,71.5,-88.5,3.132,5.93,1.027,0.097,0.972
histogram,fixed,edges,155,1,1,0.0083,71.5,-88.5,3.057,5.827,0.992,0.092,0.96
histogram,fixed,edges,156,1,1,0.0092,47.67,-112.33,2.717,5.55,1.034,0.097,1.029
histogram,fixed,edges,157,1,1,0.0083,292.36,132.36,4.17,6.889,0.995,0.094,0.959
histogram,fixed,edges,158,1,1,0.0083,292.36,132.36,4.147,6.9,0.993,0.093,0.931
histogram,fixed,edges,159,1,1,0.0092,291.09,131.09,3.699,6.455,1.036,0.097,0.943
histogram,fixed,edges,160,1,1,0.0042,40.96,-119.04,2.622,5.313,0.988,0.091,0.93
histogram,fixed,edges,161,1,1,0.01,80.6,-79.4,3.773,6.633,1.025,0.098,1.054
histogram,fixed,edges,162,1,1,0.01,80.6,-79.4,3.723,6.563,0.995,0.091,0.995
histogram,fixed,edges,163,1,1,0.015,87.47,-72.53,3.054,5.837,0.99,0.091,0.96
histogram,fixed,edges,164,1,1,0.015,87.47,-72.53,2.989,5.811,0.982,0.092,1.043
histogram,fixed,edges,165,1,1,0.0083,90.5,-69.5,3.14,5.953,1.001,0.097,0.965
histogram,fixed,edges,166,1,1,0.0083,124.5,-35.5,3.104,5.885,0.981,0.091,1.022
histogram,fixed,edges,167,1,1,0.0083,124.5,-35.5,3.161,5.958,0.983,0.092,0.976
histogram,fixed,edges,168,1,1,0.0083,124.5,-35.5,3.087,5.887,0.987,0.091,1.037
histogram,fixed,edges,169,1,1,0.0142,146.5,-13.5,3.224,5.984,0.986,0.09,0.943
histogram,fixed,edges,170,1,1,0.0142,146.5,-13.5,3.139,6.069,0.992,0.09,1.167
histogram,fixed,edges,171,1,1,0.0142,146.5,-13.5,3.184,6.099,0.988,0.089,1.107
histogram,fixed,edges,172,1,1,0.0092,174.24,14.24,2.849,5.765,0.989,0.095,1.17
histogram,fixed,edges,173,1,1,0.0083,112.5,-47.5,3.204,6.106,0.99,0.092,1.07
histogram,fixed,edges,174,1,1,0.0083,85.5,-74.5,3.068,5.922,0.994,0.096,1.067
histogram,fixed,edges,175,1,1,0.0083,85.5,-74.5,3.128,6.144,0.994,0.09,1.154
histogram,fixed,edges,176,0,0,0.0,0.0,,2.655,5.61,0.983,0.09,1.214
histogram,fixed,edges,177,1,0,0.0097,197.72,37.72,3.988,6.756,0.992,0.09,0.952
histogram,fixed,edges,178,1,0,0.0097,197.72,37.72,4.003,6.771,1.025,0.098,0.955
histogram,fixed,edges,179,1,0,0.0097,197.72,37.72,3.995,6.858,0.989,0.091,1.098
histogram,fixed,edges,180,1,1,0.0067,147.6,-12.4,3.228,6.051,0.984,0.093,1.072
histogram,fixed,edges,181,1,1,0.0108,171.19,11.19,3.2,6.096,0.985,0.091,1.139
histogram,fixed,edges,182,1,1,0.01,94.5,-65.5,2.871,5.627,0.995,0.093,0.987
histogram,fixed,edges,183,1,1,0.01,94.5,-65.5,2.761,5.613,0.979,0.091,1.099
histogram,fixed,edges,184,1,1,0.0092,104.42,-55.58,2.862,5.688,0.988,0.091,0.968
histogram,fixed,edges,185,1,0,0.0111,117.52,-42.48,3.366,6.156,0.99,0.092,1.017
histogram,fixed,edges,186,1,0,0.0153,133.11,-26.89,3.759,6.523,0.983,0.091,0.946
histogram,fixed,edges,187,1,0,0.0153,133.11,-26.89,3.76,6.648,0.982,0.137,1.084
histogram,fixed,edges,188,1,0,0.0153,124.27,-35.73,3.275,6.183,0.993,0.091,1.088
histogram,fixed,edges,189,1,0,0.0069,132.51,-27.49,3.607,6.394,1.046,0.094,0.957
histogram,fixed,edges,190,1,0,0.0069,132.51,-27.49,3.59,6.68,0.987,0.089,1.329
histogram,fixed,edges,191,1,0,0.0069,132.51,-27.49,3.573,6.261,0.981,0.093,0.936
histogram,fixed,edges,192,1,0,0.0069,120.03,-39.97,3.448,6.203,1.031,0.097,0.947
histogram,fixed,edges,193,1,0,0.0181,113.82,-46.18,3.315,6.036,0.99,0.091,0.945
histogram,fixed,edges,194,1,0,0.0181,104.94,-55.06,3.416,6.207,1.034,0.097,0.943
histogram,fixed,edges,195,1,0,0.0181,104.94,-55.06,3.32,6.091,0.992,0.094,1.007
histogram,fixed,edges,196,1,0,0.0083,105.78,-54.22,3.004,5.744,0.976,0.089,0.944
histogram,fixed,edges,197,1,1,0.0108,174.06,14.06,2.773,5.547,0.997,0.091,1.006
histogram,fixed,edges,198,1,1,0.0108,174.06,14.06,2.886,5.649,1.035,0.096,0.957
histogram,fixed,edges,199,1,1,0.0108,175.92,15.92,2.908,5.606,0.99,0.092,0.933
histogram,fixed,edges,200,1,1,0.0108,175.92,15.92,2.908,5.654,0.994,0.135,0.93
histogram,fixed,edges,201,1,1,0.0125,114.85,-45.15,2.97,5.679,0.988,0.089,0.951
histogram,fixed,edges,202,1,1,0.0125,119.88,-40.12,2.992,5.962,0.992,0.09,1.216
histogram,fixed,edges,203,1,1,0.0125,119.88,-40.12,2.971,5.701,0.993,0.09,0.964
histogram,fixed,edges,204,1,1,0.0183,94.97,-65.03,2.812,5.626,0.987,0.088,1.029
histogram,fixed,edges,205,1,1,0.0142,100.45,-59.55,2.907,5.666,1.05,0.093,0.926
histogram,fixed,edges,206,1,1,0.0142,100.45,-59.55,3.243,5.94,0.978,0.093,0.951
histogram,fixed,edges,207,1,1,0.0142,103.34,-56.66,2.856,5.708,1.042,0.098,1.034
histogram,fixed,edges,208,1,1,0.0142,101.54,-58.46,3.061,5.756,0.992,0.091,0.938
histogram,fixed,edges,209,1,1,0.015,111.67,-48.33,3.156,5.966,1.033,0.098,1.009
histogram,fixed,edges,210,1,1,0.015,111.67,-48.33,3.171,5.871,0.992,0.094,0.944
histogram,fixed,edges,211,1,1,0.0175,114.58,-45.42,3.168,5.909,1.019,0.1,0.941
histogram,fixed,edges,212,1,1,0.0175,114.58,-45.42,3.15,5.867,0.986,0.094,0.945
histogram,fixed,edges,213,1,1,0.0142,131.6,-28.4,3.186,5.933,1.028,0.097,0.939
histogram,fixed,edges,214,1,1,0.0142,131.6,-28.4,3.192,5.927,0.984,0.091,0.943
histogram,fixed,edges,215,1,0,0.0097,151.77,-8.23,4.323,7.077,1.023,0.095,0.958
histogram,fixed,edges,216,1,0,0.0167,142.85,-17.15,4.002,6.794,0.991,0.092,1.028
histogram,fixed,edges,217,1,0,0.0125,152.5,-7.5,3.899,6.604,0.985,0.091,0.951
histogram,fixed,edges,218,1,1,0.0158,132.53,-27.47,2.814,5.603,1.037,0.095,0.968
histogram,fixed,edges,219,1,1,0.0158,132.53,-27.47,2.834,5.546,0.98,0.095,0.958
histogram,fixed,edges,220,1,1,0.0158,167.39,7.39,3.2,5.97,0.986,0.095,0.969
histogram,fixed,edges,221,1,1,0.0158,182.39,22.39,3.144,5.84,0.99,0.09,0.936
histogram,fixed,edges,222,1,1,0.0158,182.39,22.39,3.099,5.95,0.982,0.183,1.015
histogram,fixed,edges,223,1,1,0.015,190.29,30.29,2.978,5.699,0.98,0.094,0.98
histogram,fixed,edges,224,1,1,0.015,190.29,30.29,2.968,5.811,0.99,0.092,1.032
histogram,fixed,edges,225,1,0,0.0139,147.03,-12.97,3.84,6.659,0.989,0.091,1.061
histogram,fixed,edges,226,1,0,0.0139,147.03,-12.97,3.837,6.731,1.037,0.095,1.078
histogram,fixed,edges,227,1,0,0.0139,148.14,-11.86,3.821,6.731,0.991,0.092,1.144
histogram,fixed,edges,228,1,0,0.0139,148.14,-11.86,3.862,6.626,0.995,0.09,0.996
histogram,fixed,edges,229,1,0,0.0069,149.64,-10.36,3.707,6.496,1.026,0.097,0.986
histogram,fixed,edges,230,1,0,0.0069,150.12,-9.88,3.685,6.572,0.981,0.093,1.134
histogram,fixed,edges,231,1,0,0.0069,150.12,-9.88,3.689,6.479,0.98,0.091,1.036
histogram,fixed,edges,232,1,0,0.0139,150.44,-9.56,3.714,6.567,1.041,0.101,1.014
histogram,fixed,edges,233,1,0,0.0139,151.12,-8.88,3.637,6.461,0.994,0.091,1.058
histogram,fixed,edges,234,1,0,0.0139,150.37,-9.63,3.713,6.575,0.983,0.095,1.008
histogram,fixed,edges,235,1,0,0.0139,150.37,-9.63,3.717,6.609,1.03,0.095,1.09
histogram,fixed,edges,236,1,0,0.0139,151.55,-8.45,3.743,6.595,0.992,0.091,1.019
histogram,fixed,edges,237,1,0,0.0139,150.18,-9.82,3.699,6.52,0.987,0.091,0.998
histogram,fixed,edges,238,1,0,0.0139,150.18,-9.82,3.718,6.554,0.989,0.142,1.017
histogram,fixed,edges,239,1,0,0.0139,156.73,-3.27,3.889,6.755,0.991,0.089,1.1
histogram,fixed,edges,240,1,0,0.0139,156.73,-3.27,3.889,6.708,0.983,0.092,0.998
histogram,fixed,edges,241,1,0,0.0139,150.5,-9.5,3.707,6.542,1.035,0.098,1.014
histogram,fixed,edges,242,1,0,0.0139,150.4,-9.6,3.645,6.477,0.98,0.093,1.015
histogram,fixed,edges,243,1,0,0.0139,150.4,-9.6,3.703,6.524,0.986,0.09,1.005
histogram,fixed,edges,244,1,0,0.0139,150.47,-9.53,3.727,6.562,0.984,0.091,1.041
histogram,fixed,edges,245,1,0,0.0139,151.32,-8.68,3.788,6.658,0.991,0.093,1.097
histogram,fixed,edges,246,1,0,0.0139,151.32,-8.68,4.22,7.175,0.993,0.095,1.117
histogram,fixed,edges,247,1,0,0.0139,150.55,-9.45,3.994,7.198,1.209,0.166,1.103
histogram,fixed,edges,248,1,0,0.0139,150.55,-9.45,3.708,6.719,0.985,0.091,1.257
histogram,fixed,edges,249,1,0,0.0139,150.44,-9.56,3.745,6.503,0.987,0.091,0.994
histogram,fixed,edges,250,1,0,0.0139,150.44,-9.56,3.724,6.649,0.982,0.093,1.104
histogram,fixed,edges,251,1,0,0.0139,150.48,-9.52,3.829,6.753,0.992,0.09,1.163
histogram,fixed,edges,252,1,0,0.0139,150.48,-9.52,3.75,6.515,0.99,0.092,0.999
histogram,fixed,edges,253,1,0,0.0139,150.49,-9.51,3.711,6.631,0.992,0.091,1.102
histogram,fixed,edges,254,1,0,0.0139,150.49,-9.51,3.72,6.732,0.993,0.095,1.208
histogram,fixed,edges,255,1,0,0.0139,150.49,-9.51,3.705,6.472,0.988,0.09,1.003
histogram,fixed,edges,256,1,0,0.0139,150.57,-9.43,3.688,6.524,0.99,0.091,1.009
histogram,fixed,edges,257,1,0,0.0139,150.45,-9.55,3.712,6.613,0.989,0.09,1.143
histogram,fixed,edges,258,1,0,0.0139,150.45,-9.55,3.719,6.593,0.985,0.09,1.111
histogram,fixed,edges,259,1,0,0.0139,150.48,-9.52,3.696,6.625,0.992,0.094,1.104
histogram,fixed,edges,260,1,0,0.0139,150.51,-9.49,3.727,6.647,0.984,0.089,1.165
histogram,fixed,edges,261,1,0,0.0139,150.59,-9.41,3.709,6.469,0.992,0.091,0.995
histogram,fixed,edges,262,1,0,0.0139,150.59,-9.41,3.682,6.531,1.056,0.091,1.012
histogram,fixed,edges,263,1,0,0.0139,150.57,-9.43,3.711,6.708,0.982,0.092,1.251
histogram,fixed,edges,264,1,0,0.0139,150.57,-9.43,3.69,6.489,0.987,0.091,1.012
histogram,fixed,edges,265,1,0,0.0139,150.5,-9.5,3.694,6.528,1.056,0.094,1.001
histogram,fixed,edges,266,1,0,0.0139,150.5,-9.5,3.738,6.702,0.991,0.09,1.209
histogram,fixed,edges,267,1,0,0.0139,150.65,-9.35,3.732,6.602,0.993,0.092,1.107
histogram,fixed,edges,268,1,0,0.0139,150.65,-9.35,3.689,6.532,1.055,0.093,1.014
histogram,fixed,edges,269,1,0,0.0139,150.51,-9.49,3.702,6.645,0.987,0.092,1.193
histogram,fixed,edges,270,1,0,0.0139,150.51,-9.49,3.711,6.563,0.983,0.094,1.103
histogram,fixed,edges,271,1,0,0.0139,151.11,-8.89,3.684,6.596,1.04,0.094,1.089
histogram,fixed,edges,272,1,0,0.0139,151.11,-8.89,3.73,6.764,0.987,0.09,1.282
histogram,fixed,edges,273,1,0,0.0139,150.59,-9.41,3.675,6.436,0.992,0.09,1.005
histogram,fixed,edges,274,1,0,0.0139,150.53,-9.47,3.696,6.648,1.028,0.094,1.11
histogram,fixed,edges,275,1,0,0.0139,150.53,-9.47,3.694,6.653,0.992,0.092,1.189
histogram,fixed,edges,276,1,0,0.0139,150.58,-9.42,3.693,6.452,0.985,0.093,0.996
histogram,fixed,edges,277,1,0,0.0139,151.14,-8.86,3.715,6.615,1.03,0.095,1.101
histogram,fixed,edges,278,1,0,0.0139,150.51,-9.49,3.713,6.563,0.99,0.089,1.093
histogram,fixed,edges,279,1,0,0.0139,150.51,-9.49,3.708,6.476,0.993,0.09,1.011
histogram,fixed,edges,280,1,0,0.0139,151.19,-8.81,3.726,6.555,1.031,0.098,1.013
histogram,fixed,edges,281,1,0,0.0139,150.51,-9.49,3.709,6.547,0.989,0.091,1.077
histogram,fixed,edges,282,1,0,0.0139,150.52,-9.48,3.703,6.477,0.981,0.09,1.015
histogram,fixed,edges,283,1,0,0.0139,150.52,-9.48,3.699,6.511,1.027,0.097,1.008
histogram,fixed,edges,284,1,0,0.0139,150.59,-9.41,3.602,6.472,0.985,0.095,1.013
histogram,fixed,edges,285,1,0,0.0139,150.48,-9.52,3.694,6.505,0.987,0.09,0.993
histogram,fixed,edges,286,1,0,0.0139,150.52,-9.48,3.703,6.635,0.987,0.145,1.113
histogram,fixed,edges,287,1,0,0.0139,150.52,-9.48,3.596,6.543,0.992,0.092,1.107
histogram,fixed,edges,288,1,0,0.0139,150.41,-9.59,3.711,6.654,0.997,0.094,1.109
histogram,fixed,edges,289,1,0,0.0139,150.52,-9.48,3.701,6.609,0.99,0.139,1.094
histogram,fixed,edges,290,1,0,0.0139,150.52,-9.48,3.652,6.577,0.978,0.093,1.103
histogram,fixed,edges,291,1,0,0.0139,150.52,-9.48,3.696,6.52,0.984,0.09,0.998
histogram,fixed,edges,292,1,0,0.0139,150.51,-9.49,3.719,6.53,0.983,0.091,1.05
histogram,fixed,edges,293,1,0,0.0139,150.52,-9.48,3.701,6.544,0.986,0.095,1.1
histogram,fixed,edges,294,1,0,0.0139,150.52,-9.48,3.705,6.667,0.983,0.091,1.102
histogram,fixed,edges,295,1,0,0.0139,150.61,-9.39,3.735,6.587,1.017,0.091,1.056
histogram,fixed,edges,296,1,0,0.0139,150.51,-9.49,3.688,6.458,0.991,0.091,0.999
histogram,fixed,edges,297,1,0,0.0139,150.59,-9.41,3.677,6.48,1.039,0.092,0.996
histogram,fixed,edges,298,1,0,0.0139,150.59,-9.41,3.707,6.784,0.99,0.092,1.306
histogram,fixed,edges,299,1,0,0.0139,150.52,-9.48,3.703,6.474,0.984,0.091,1.005
histogram,fixed,edges,300,1,0,0.0139,150.52,-9.48,3.695,6.508,1.032,0.094,1.002
histogram,fixed,edges,301,1,0,0.0139,150.51,-9.49,3.699,6.668,0.99,0.092,1.218
histogram,fixed,edges,302,1,0,0.0139,150.52,-9.48,3.708,6.477,0.981,0.093,1.015
histogram,fixed,edges,303,1,0,0.0139,150.52,-9.48,3.686,6.599,1.036,0.095,1.092
histogram,fixed,edges,304,1,0,0.0139,150.5,-9.5,3.723,6.601,0.981,0.09,1.082
histogram,fixed,edges,305,1,0,0.0139,150.53,-9.47,3.675,6.543,0.985,0.09,1.114
histogram,fixed,edges,306,1,0,0.0139,150.5,-9.5,3.704,6.609,1.029,0.094,1.112
histogram,fixed,edges,307,1,0,0.0139,150.5,-9.5,3.687,6.549,0.992,0.091,1.09
histogram,fixed,edges,308,1,0,0.0139,150.86,-9.14,3.695,6.545,0.982,0.091,1.093
histogram,fixed,edges,309,1,1,0.0217,155.75,-4.25,2.779,5.579,1.041,0.095,0.977
histogram,fixed,edges,310,1,0,0.0097,184.99,24.99,3.978,6.777,0.99,0.094,1.045
histogram,fixed,edges,311,1,0,0.0097,184.99,24.99,3.924,6.749,1.053,0.092,0.989
histogram,fixed,edges,312,1,0,0.0069,150.89,-9.11,3.711,6.657,0.992,0.089,1.18
histogram,fixed,edges,313,1,0,0.0069,151.18,-8.82,3.691,6.451,0.995,0.091,0.993
histogram,fixed,edges,314,1,0,0.0069,151.18,-8.82,3.717,6.597,0.995,0.092,0.997
histogram,fixed,edges,315,1,0,0.0069,151.05,-8.95,3.7,6.526,0.988,0.093,1.062
histogram,fixed,edges,316,1,0,0.0139,150.69,-9.31,3.706,6.461,0.988,0.094,0.995
histogram,fixed,edges,317,1,0,0.0139,151.54,-8.46,3.751,6.557,1.048,0.093,0.991
histogram,fixed,edges,318,1,0,0.0139,151.54,-8.46,3.746,6.752,0.984,0.093,1.243
histogram,fixed,edges,319,1,0,0.0139,222.38,62.38,3.949,6.711,0.983,0.09,1.001
histogram,fixed,edges,320,1,0,0.0139,150.64,-9.36,3.724,6.545,1.04,0.094,1.0
histogram,fixed,edges,321,1,0,0.0139,150.56,-9.44,3.695,6.616,0.994,0.09,1.162
histogram,fixed,edges,322,1,0,0.0139,150.56,-9.44,3.692,6.436,0.981,0.096,0.986
histogram,fixed,edges,323,1,0,0.0139,150.65,-9.35,3.698,6.601,1.024,0.097,1.108
histogram,fixed,edges,324,1,0,0.0139,150.65,-9.35,3.731,6.793,0.985,0.092,1.27
histogram,fixed,edges,325,1,0,0.0139,150.88,-9.12,3.703,6.575,0.994,0.095,1.107
histogram,fixed,edges,326,1,0,0.0139,150.88,-9.12,3.687,6.615,1.043,0.094,1.103
histogram,fixed,edges,327,1,0,0.0139,150.62,-9.38,3.693,6.532,0.994,0.093,1.075
histogram,fixed,edges,328,1,0,0.0139,150.62,-9.38,3.688,6.55,0.992,0.09,1.095
histogram,fixed,edges,329,1,0,0.0139,150.66,-9.34,3.709,6.534,1.036,0.096,1.008
histogram,fixed,edges,330,1,0,0.0139,150.66,-9.34,3.685,6.792,0.988,0.093,1.347
histogram,fixed,edges,331,1,0,0.0139,150.67,-9.33,3.674,6.526,0.99,0.094,1.095
histogram,fixed,edges,332,1,0,0.0139,150.67,-9.33,3.68,6.613,1.038,0.099,1.122
histogram,fixed,edges,333,1,0,0.0139,150.95,-9.05,3.714,6.755,0.987,0.092,1.287
histogram,fixed,edges,334,1,0,0.0139,150.95,-9.05,3.703,6.502,0.985,0.093,0.996
histogram,fixed,edges,335,1,0,0.0139,150.62,-9.38,3.658,6.589,1.043,0.094,1.117
histogram,fixed,edges,336,1,0,0.0139,150.7,-9.3,3.701,6.74,0.986,0.094,1.291
histogram,fixed,edges,337,1,0,0.0139,150.95,-9.05,3.697,6.455,0.985,0.091,0.995
histogram,fixed,edges,338,1,0,0.0139,150.95,-9.05,3.75,6.696,1.049,0.098,1.113
histogram,fixed,edges,339,1,0,0.0139,150.94,-9.06,3.721,6.56,0.987,0.09,1.089
histogram,fixed,edges,340,1,0,0.0139,150.92,-9.08,3.688,6.559,0.988,0.091,1.108
histogram,fixed,edges,341,1,0,0.0139,150.89,-9.11,3.693,6.618,1.04,0.094,1.11
histogram,fixed,edges,342,1,0,0.0139,150.89,-9.11,3.734,6.724,0.993,0.094,1.223
histogram,fixed,edges,343,1,0,0.0139,150.96,-9.04,3.73,6.584,0.988,0.09,1.102
histogram,fixed,edges,344,1,0,0.0139,150.68,-9.32,3.682,6.541,1.05,0.093,1.003
histogram,fixed,edges,345,1,0,0.0139,150.69,-9.31,3.671,6.618,0.989,0.09,1.199
histogram,fixed,edges,346,1,0,0.0139,150.69,-9.31,3.699,6.576,0.988,0.094,1.115
histogram,fixed,edges,347,1,0,0.0139,150.7,-9.3,3.693,6.493,1.038,0.094,0.988
histogram,fixed,edges,348,1,0,0.0139,150.7,-9.3,3.682,6.785,0.981,0.091,1.356
histogram,fixed,edges,349,1,0,0.0139,156.76,-3.24,3.867,6.637,0.987,0.095,1.023
histogram,fixed,edges,350,1,0,0.0139,150.94,-9.06,3.699,6.634,1.037,0.095,1.107
histogram,fixed,edges,351,1,0,0.0139,150.94,-9.06,3.752,6.751,0.995,0.092,1.236
histogram,fixed,edges,352,1,0,0.0139,150.92,-9.08,3.748,6.629,0.985,0.092,1.118
histogram,fixed,edges,353,1,0,0.0139,150.95,-9.05,3.689,6.601,0.983,0.091,1.093
histogram,fixed,edges,354,1,0,0.0139,150.83,-9.17,3.721,6.687,0.989,0.091,1.172
histogram,fixed,edges,355,1,0,0.0139,150.83,-9.17,3.7,6.572,0.987,0.092,1.109
histogram,fixed,edges,356,1,0,0.0139,150.94,-9.06,3.698,6.527,0.988,0.092,0.998
histogram,fixed,edges,357,1,0,0.0139,150.94,-9.06,3.704,6.627,0.988,0.091,1.166
histogram,fixed,edges,358,1,0,0.0139,150.93,-9.07,3.712,6.479,0.991,0.091,0.998
histogram,fixed,edges,359,1,0,0.0139,150.93,-9.07,3.689,6.501,1.036,0.096,0.999
histogram,fixed,edges,360,1,0,0.0139,150.95,-9.05,3.76,6.714,0.986,0.091,1.198
histogram,otsu,edges,0,1,0,0.0167,142.66,-17.34,4.232,7.399,0.982,0.379,1.146
histogram,otsu,edges,1,1,0,0.0167,146.55,-13.45,3.989,6.989,0.991,0.378,0.948
histogram,otsu,edges,2,1,0,0.0181,143.59,-16.41,3.824,6.916,1.045,0.382,0.958
histogram,otsu,edges,3,1,0,0.0181,143.59,-16.41,3.831,6.881,0.984,0.421,0.966
histogram,otsu,edges,4,1,0,0.0181,144.2,-15.8,3.87,7.123,0.982,0.378,1.212
histogram,otsu,edges,5,1,0,0.0167,144.29,-15.71,3.881,7.075,0.992,0.378,1.143
histogram,otsu,edges,6,1,0,0.0167,144.29,-15.71,3.871,7.098,1.04,0.376,1.135
histogram,otsu,edges,7,1,0,0.0181,144.24,-15.76,3.87,6.915,1.032,0.38,0.954
histogram,otsu,edges,8,1,0,0.0167,144.27,-15.73,3.883,6.966,0.987,0.376,1.043
histogram,otsu,edges,9,1,0,0.0181,144.21,-15.79,3.868,6.887,0.985,0.376,0.977
histogram,otsu,edges,10,1,0,0.0181,144.21,-15.79,3.87,6.918,0.989,0.379,0.946
histogram,otsu,edges,11,1,0,0.0181,143.59,-16.41,3.858,6.897,1.03,0.383,0.949
histogram,otsu,edges,12,1,0,0.0181,143.69,-16.31,3.677,6.806,0.992,0.376,1.052
histogram,otsu,edges,13,1,0,0.0167,145.79,-14.21,3.948,6.967,0.99,0.374,0.966
histogram,otsu,edges,14,1,0,0.0167,145.79,-14.21,3.942,7.619,1.074,0.383,1.537
histogram,otsu,edges,15,1,0,0.0181,144.1,-15.9,3.874,6.934,1.039,0.384,0.959
histogram,otsu,edges,16,1,0,0.0181,144.1,-15.9,3.92,7.168,0.994,0.376,1.196
histogram,otsu,edges,17,1,0,0.0194,144.25,-15.75,3.833,6.915,0.982,0.375,1.036
histogram,otsu,edges,18,1,0,0.0181,144.24,-15.76,3.913,6.911,0.982,0.376,0.962
histogram,otsu,edges,19,1,0,0.0181,144.19,-15.81,3.709,6.757,1.033,0.378,0.963
histogram,otsu,edges,20,1,0,0.0181,144.19,-15.81,3.788,7.036,0.99,0.377,1.194
histogram,otsu,edges,21,1,0,0.0181,144.19,-15.81,3.851,7.124,0.982,0.376,1.232
histogram,otsu,edges,22,1,0,0.0167,145.76,-14.24,3.947,6.983,0.986,0.373,0.947
histogram,otsu,edges,23,1,0,0.0167,145.76,-14.24,3.953,6.998,1.039,0.381,0.94
histogram,otsu,edges,24,1,0,0.0181,144.18,-15.82,3.873,7.125,0.989,0.422,1.159
histogram,otsu,edges,25,1,0,0.0181,144.16,-15.84,3.879,6.964,0.993,0.379,1.029
histogram,otsu,edges,26,1,0,0.0181,144.16,-15.84,3.898,7.102,0.991,0.379,1.144
histogram,otsu,edges,27,1,0,0.0181,144.16,-15.84,3.872,6.921,0.989,0.375,0.951
histogram,otsu,edges,28,1,0,0.0181,145.44,-14.56,3.691,6.949,1.028,0.381,1.169
histogram,otsu,edges,29,1,0,0.0181,144.16,-15.84,3.734,7.05,0.985,0.377,1.266
histogram,otsu,edges,30,1,0,0.0181,144.19,-15.81,3.649,6.906,0.993,0.377,1.138
histogram,otsu,edges,31,1,0,0.0181,144.19,-15.81,3.72,6.792,1.0,0.377,0.956
histogram,otsu,edges,32,1,0,0.0181,146.6,-13.4,4.002,7.263,1.023,0.38,1.145
histogram,otsu,edges,33,1,0,0.0181,144.19,-15.81,4.449,7.598,0.982,0.378,1.054
histogram,otsu,edges,34,1,0,0.0181,144.19,-15.81,3.815,7.217,1.02,0.396,1.303
histogram,otsu,edges,35,1,0,0.0167,145.9,-14.1,3.904,6.916,0.988,0.377,0.967
histogram,otsu,edges,36,1,0,0.0167,145.9,-14.1,3.979,7.036,0.982,0.383,0.945
histogram,otsu,edges,37,1,0,0.0167,144.38,-15.62,3.825,6.881,1.027,0.384,0.96
histogram,otsu,edges,38,1,0,0.0167,144.38,-15.62,3.852,6.945,0.994,0.379,1.039
histogram,otsu,edges,39,1,0,0.0181,144.09,-15.91,3.839,7.101,0.989,0.378,1.139
histogram,otsu,edges,40,1,0,0.0181,144.09,-15.91,3.874,6.874,0.978,0.378,0.961
histogram,otsu,edges,41,1,0,0.0181,144.2,-15.8,3.703,6.761,1.03,0.382,0.973
histogram,otsu,edges,42,1,0,0.0181,144.16,-15.84,3.928,7.08,0.991,0.376,1.076
histogram,otsu,edges,43,1,0,0.0181,143.3,-16.7,3.648,6.728,0.993,0.377,0.952
histogram,otsu,edges,44,1,0,0.0181,143.3,-16.7,3.736,6.802,0.992,0.378,0.947
histogram,otsu,edges,45,1,0,0.0181,144.12,-15.88,3.871,7.105,1.026,0.376,1.15
histogram,otsu,edges,46,1,0,0.0181,144.12,-15.88,3.897,6.981,0.984,0.377,1.031
histogram,otsu,edges,47,1,0,0.0167,144.23,-15.77,3.892,6.885,0.987,0.379,0.947
histogram,otsu,edges,48,1,0,0.0167,144.23,-15.77,3.857,7.096,0.99,0.376,1.135
histogram,otsu,edges,49,1,0,0.0181,145.64,-14.36,3.94,6.997,1.029,0.377,0.969
histogram,otsu,edges,50,1,0,0.0181,145.64,-14.36,3.972,7.223,0.983,0.375,1.207
histogram,otsu,edges,51,1,0,0.0181,144.14,-15.86,3.871,6.967,0.984,0.379,1.044
histogram,otsu,edges,52,1,0,0.0167,144.22,-15.78,3.922,6.945,0.989,0.377,0.944
histogram,otsu,edges,53,1,0,0.0167,144.22,-15.78,3.883,7.129,1.039,0.382,1.144
histogram,otsu,edges,54,1,0,0.0181,144.16,-15.84,3.885,6.944,0.982,0.428,0.959
histogram,otsu,edges,55,1,0,0.0167,144.1,-15.9,3.877,6.962,0.981,0.373,1.055
histogram,otsu,edges,56,1,0,0.0167,144.1,-15.9,3.879,6.891,0.989,0.373,0.96
histogram,otsu,edges,57,1,0,0.0167,144.3,-15.7,3.874,7.115,1.04,0.375,1.143
histogram,otsu,edges,58,1,0,0.0181,144.24,-15.76,3.868,7.123,1.043,0.383,1.148
histogram,otsu,edges,59,1,0,0.0181,144.24,-15.76,3.888,7.176,0.993,0.379,1.227
histogram,otsu,edges,60,1,0,0.0181,144.17,-15.83,3.882,6.976,0.993,0.373,0.971
histogram,otsu,edges,61,1,0,0.0167,144.21,-15.79,3.874,6.876,0.978,0.378,0.959
histogram,otsu,edges,62,1,0,0.0167,144.21,-15.79,3.888,6.956,1.033,0.38,0.944
histogram,otsu,edges,63,1,0,0.0167,144.21,-15.79,3.897,6.944,0.99,0.372,1.009
histogram,otsu,edges,64,1,0,0.0167,144.21,-15.79,3.805,6.871,0.993,0.376,0.963
histogram,otsu,edges,65,1,0,0.0167,144.15,-15.85,3.862,6.816,0.977,0.376,0.928
histogram,otsu,edges,66,1,0,0.0167,144.15,-15.85,3.878,7.098,1.025,0.379,1.143
histogram,otsu,edges,67,1,0,0.0181,144.19,-15.81,3.879,7.116,0.984,0.376,1.185
histogram,otsu,edges,68,1,0,0.0181,144.17,-15.83,3.931,7.176,0.98,0.373,1.207
histogram,otsu,edges,69,1,0,0.0181,144.62,-15.38,3.917,6.932,0.989,0.378,0.969
histogram,otsu,edges,70,1,0,0.0181,146.18,-13.82,4.032,7.112,1.049,0.378,0.969
histogram,otsu,edges,71,1,0,0.0181,146.18,-13.82,4.032,7.09,1.035,0.381,0.961
histogram,otsu,edges,72,1,1,0.0142,141.9,-18.1,2.656,5.894,0.986,0.373,1.173
histogram,otsu,edges,73,1,0,0.0194,152.52,-7.48,4.134,7.379,0.99,0.372,1.133
histogram,otsu,edges,74,1,0,0.0208,147.41,-12.59,3.759,6.984,1.04,0.382,1.12
histogram,otsu,edges,75,1,0,0.0208,147.41,-12.59,3.827,7.078,0.988,0.422,1.158
histogram,otsu,edges,76,1,0,0.0181,148.12,-11.88,3.977,7.235,0.992,0.371,1.215
histogram,otsu,edges,77,1,0,0.0194,147.52,-12.48,3.953,6.938,0.994,0.377,0.936
histogram,otsu,edges,78,1,0,0.0194,147.52,-12.48,3.96,7.177,0.99,0.375,1.104
histogram,otsu,edges,79,1,0,0.0194,147.52,-12.48,3.948,7.002,1.031,0.376,0.964
histogram,otsu,edges,80,1,1,0.0075,137.47,-22.53,2.829,5.883,0.985,0.373,1.014
histogram,otsu,edges,81,1,1,0.0067,165.44,5.44,3.108,6.186,0.982,0.375,0.983
histogram,otsu,edges,82,1,1,0.0067,165.44,5.44,3.181,6.268,0.996,0.417,0.967
histogram,otsu,edges,83,1,1,0.0133,173.49,13.49,2.925,6.068,0.992,0.376,1.094
histogram,otsu,edges,84,1,0,0.0181,159.04,-0.96,3.79,6.985,1.028,0.376,1.113
histogram,otsu,edges,85,1,0,0.0181,158.78,-1.22,3.367,6.455,0.987,0.372,1.042
histogram,otsu,edges,86,1,0,0.0181,158.78,-1.22,3.414,6.389,0.978,0.372,0.938
histogram,otsu,edges,87,1,0,0.0125,150.64,-9.36,3.837,7.029,1.021,0.377,1.114
histogram,otsu,edges,88,1,0,0.0125,150.64,-9.36,3.85,7.097,0.986,0.372,1.21
histogram,otsu,edges,89,1,0,0.0167,142.32,-17.68,3.651,6.883,0.994,0.377,1.114
histogram,otsu,edges,90,1,0,0.0167,142.32,-17.68,3.737,6.962,0.985,0.376,1.13
histogram,otsu,edges,91,1,0,0.0111,143.31,-16.69,3.803,6.855,1.031,0.381,0.954
histogram,otsu,edges,92,1,0,0.0111,143.31,-16.69,3.841,6.953,0.988,0.373,1.038
histogram,otsu,edges,93,1,0,0.0181,141.72,-18.28,3.643,6.628,0.984,0.374,0.938
histogram,otsu,edges,94,1,0,0.0194,141.79,-18.21,3.56,6.791,1.043,0.38,1.122
histogram,otsu,edges,95,1,0,0.0194,141.79,-18.21,3.554,6.58,0.985,0.422,0.932
histogram,otsu,edges,96,1,0,0.0194,143.5,-16.5,4.024,7.015,0.984,0.378,0.95
histogram,otsu,edges,97,1,0,0.0222,143.04,-16.96,3.492,6.652,0.995,0.376,1.102
histogram,otsu,edges,98,1,0,0.0222,143.04,-16.96,3.526,6.743,1.034,0.38,1.12
histogram,otsu,edges,99,1,0,0.0222,143.04,-16.96,3.504,6.588,0.982,0.376,1.047
histogram,otsu,edges,100,1,0,0.0208,146.31,-13.69,3.595,6.763,0.98,0.374,1.128
histogram,otsu,edges,101,1,0,0.0181,147.89,-12.11,3.792,6.843,1.034,0.381,0.948
histogram,otsu,edges,102,1,0,0.0181,148.25,-11.75,4.016,7.304,0.988,0.374,1.213
histogram,otsu,edges,103,1,0,0.0181,148.25,-11.75,3.983,7.054,0.988,0.379,1.023
histogram,otsu,edges,104,1,1,0.025,164.04,4.04,2.669,5.802,0.992,0.377,1.092
histogram,otsu,edges,105,1,0,0.0167,162.42,2.42,3.6,6.819,0.993,0.42,1.117
histogram,otsu,edges,106,1,0,0.0167,162.42,2.42,3.504,6.758,0.982,0.379,1.21
histogram,otsu,edges,107,1,1,0.0192,179.8,19.8,2.544,5.683,0.981,0.374,1.106
histogram,otsu,edges,108,1,1,0.0192,179.8,19.8,2.5,5.598,0.987,0.379,1.056
histogram,otsu,edges,109,1,0,0.0181,154.67,-5.33,3.334,6.396,1.058,0.379,0.942
histogram,otsu,edges,110,1,0,0.0181,154.67,-5.33,3.382,6.456,0.993,0.379,1.024
histogram,otsu,edges,111,1,0,0.0181,154.67,-5.33,3.365,6.346,0.988,0.38,0.944
histogram,otsu,edges,112,1,1,0.01,260.76,100.76,2.719,5.917,1.022,0.383,1.076
histogram,otsu,edges,113,1,1,0.0108,226.66,66.66,2.999,6.121,0.988,0.377,1.066
histogram,otsu,edges,114,1,1,0.0108,226.66,66.66,2.993,6.036,1.034,0.38,0.947
histogram,otsu,edges,115,1,1,0.0142,277.88,117.88,2.873,5.954,0.982,0.37,0.968
histogram,otsu,edges,116,1,1,0.0142,277.88,117.88,2.963,6.167,1.036,0.378,1.109
histogram,otsu,edges,117,1,1,0.0167,278.0,118.0,2.873,6.111,0.994,0.377,1.152
histogram,otsu,edges,118,1,1,0.0175,281.03,121.03,3.395,6.452,1.052,0.379,0.943
histogram,otsu,edges,119,1,1,0.0175,281.03,121.03,3.43,6.575,0.99,0.377,1.103
histogram,otsu,edges,120,1,1,0.015,271.23,111.23,3.577,6.671,0.988,0.372,1.047
histogram,otsu,edges,121,1,1,0.0158,281.43,121.43,3.182,6.245,1.049,0.383,0.946
histogram,otsu,edges,122,1,1,0.0158,281.43,121.43,3.096,6.224,0.983,0.379,1.053
histogram,otsu,edges,123,1,1,0.0175,237.14,77.14,2.944,6.08,0.978,0.377,1.04
histogram,otsu,edges,124,1,1,0.0175,237.14,77.14,2.961,6.039,0.989,0.375,1.028
histogram,otsu,edges,125,1,1,0.0158,210.67,50.67,3.18,6.263,0.986,0.378,1.035
histogram,otsu,edges,126,1,1,0.0183,221.65,61.65,2.489,5.561,0.982,0.428,0.979
histogram,otsu,edges,127,1,1,0.0183,221.65,61.65,2.49,5.502,0.988,0.377,0.961
histogram,otsu,edges,128,1,0,0.0236,168.25,8.25,3.572,6.813,0.982,0.377,1.194
histogram,otsu,edges,129,1,0,0.0236,173.09,13.09,3.283,6.296,0.986,0.381,0.96
histogram,otsu,edges,130,1,0,0.0236,173.09,13.09,3.291,6.363,1.029,0.38,0.979
histogram,otsu,edges,131,1,0,0.0222,168.81,8.81,3.283,6.476,0.987,0.376,1.15
histogram,otsu,edges,132,1,0,0.0222,168.81,8.81,3.395,6.491,0.99,0.38,0.938
histogram,otsu,edges,133,1,0,0.0361,150.16,-9.84,3.282,6.305,0.984,0.424,0.94
histogram,otsu,edges,134,1,0,0.0361,150.16,-9.84,3.285,6.431,0.992,0.379,1.099
histogram,otsu,edges,135,1,0,0.0361,150.16,-9.84,3.255,6.285,1.033,0.382,0.938
histogram,otsu,edges,136,1,0,0.025,154.65,-5.35,3.535,6.6,0.979,0.375,1.027
histogram,otsu,edges,137,1,0,0.0069,155.11,-4.89,3.459,6.611,0.99,0.38,1.103
histogram,otsu,edges,138,1,0,0.0069,155.11,-4.89,3.466,6.487,1.035,0.383,0.929
histogram,otsu,edges,139,1,0,0.0069,155.11,-4.89,3.412,6.438,0.982,0.38,0.99
histogram,otsu,edges,140,0,0,0.0,0.0,,2.401,5.435,0.986,0.382,0.981
histogram,otsu,edges,141,1,0,0.0167,216.16,56.16,3.701,6.817,0.993,0.379,1.071
histogram,otsu,edges,142,1,1,0.0217,142.22,-17.78,3.159,6.219,0.979,0.377,0.975
histogram,otsu,edges,143,1,1,0.0217,142.22,-17.78,3.187,6.252,1.022,0.383,0.984
histogram,otsu,edges,144,1,1,0.0217,131.78,-28.22,3.109,6.347,0.977,0.38,1.129
histogram,otsu,edges,145,1,1,0.0042,119.96,-40.04,2.813,5.987,1.07,0.379,1.05
histogram,otsu,edges,146,0,0,0.0,0.0,,0.692,3.813,1.005,0.372,1.071
histogram,otsu,edges,147,0,0,0.0,0.0,,0.689,3.715,0.979,0.376,1.007
histogram,otsu,edges,148,0,0,0.0,0.0,,0.697,3.756,0.97,0.376,0.977
histogram,otsu,edges,149,0,0,0.0,0.0,,0.77,3.717,0.967,0.376,0.939
histogram,otsu,edges,150,1,1,0.0083,125.5,-34.5,3.152,6.321,0.973,0.377,1.093
histogram,otsu,edges,151,1,1,0.0083,125.5,-34.5,3.136,6.178,1.024,0.38,0.961
histogram,otsu,edges,152,1,1,0.0083,124.5,-35.5,3.115,6.235,0.994,0.377,1.037
histogram,otsu,edges,153,1,1,0.0083,71.5,-88.5,3.44,6.493,0.992,0.377,0.947
histogram,otsu,edges,154,1,1,0.0083,71.5,-88.5,3.145,6.337,0.992,0.379,1.143
histogram,otsu,edges,155,1,1,0.0083,71.5,-88.5,3.138,6.121,0.981,0.377,0.943
histogram,otsu,edges,156,1,1,0.0092,47.67,-112.33,2.736,5.784,1.036,0.382,0.943
histogram,otsu,edges,157,1,1,0.0083,292.36,132.36,4.138,7.114,0.99,0.376,0.932
histogram,otsu,edges,158,1,1,0.0083,292.36,132.36,4.125,7.155,0.984,0.377,0.925
histogram,otsu,edges,159,1,1,0.0092,291.09,131.09,3.698,6.718,1.022,0.381,0.928
histogram,otsu,edges,160,1,1,0.0042,40.96,-119.04,2.537,5.593,0.994,0.378,1.004
histogram,otsu,edges,161,1,1,0.01,80.6,-79.4,3.771,6.913,1.043,0.377,1.046
histogram,otsu,edges,162,1,1,0.01,80.6,-79.4,3.871,6.931,0.983,0.425,0.932
histogram,otsu,edges,163,1,1,0.015,87.47,-72.53,3.049,6.125,0.991,0.378,1.014
histogram,otsu,edges,164,1,1,0.015,87.47,-72.53,3.139,6.194,0.985,0.378,0.939
histogram,otsu,edges,165,1,1,0.0083,90.5,-69.5,3.188,6.393,0.983,0.373,1.17
histogram,otsu,edges,166,1,1,0.0083,124.5,-35.5,3.161,6.154,0.981,0.373,0.956
histogram,otsu,edges,167,1,1,0.0083,124.5,-35.5,3.207,6.359,0.992,0.425,1.058
histogram,otsu,edges,168,1,1,0.0083,124.5,-35.5,3.211,6.204,0.993,0.373,0.939
histogram,otsu,edges,169,1,1,0.0142,146.5,-13.5,3.151,6.322,1.042,0.383,1.065
histogram,otsu,edges,170,1,1,0.0142,146.5,-13.5,3.081,6.272,0.982,0.377,1.158
histogram,otsu,edges,171,1,1,0.0142,146.5,-13.5,3.137,6.217,0.983,0.376,0.98
histogram,otsu,edges,172,1,1,0.0092,174.24,14.24,2.936,6.208,0.988,0.378,1.173
histogram,otsu,edges,173,1,1,0.0083,112.5,-47.5,3.155,6.256,0.981,0.377,1.067
histogram,otsu,edges,174,1,1,0.0083,85.5,-74.5,3.158,6.322,1.041,0.38,1.072
histogram,otsu,edges,175,1,1,0.0083,85.5,-74.5,3.069,6.136,0.983,0.377,0.962
histogram,otsu,edges,176,0,0,0.0,0.0,,2.72,5.848,1.03,0.377,1.029
histogram,otsu,edges,177,1,0,0.0097,197.72,37.72,4.0,7.066,0.995,0.38,0.949
histogram,otsu,edges,178,1,0,0.0097,197.72,37.72,3.993,6.99,0.987,0.374,0.947
histogram,otsu,edges,179,1,0,0.0097,197.72,37.72,4.005,7.194,1.064,0.38,1.066
histogram,otsu,edges,180,1,1,0.0067,147.6,-12.4,3.238,6.287,1.031,0.382,0.956
histogram,otsu,edges,181,1,1,0.0108,171.19,11.19,3.153,6.317,0.986,0.376,1.061
histogram,otsu,edges,182,1,1,0.01,94.5,-65.5,2.828,5.929,1.037,0.382,0.968
histogram,otsu,edges,183,1,1,0.01,94.5,-65.5,2.74,5.922,0.979,0.379,1.149
histogram,otsu,edges,184,1,1,0.0092,104.42,-55.58,2.89,5.961,1.026,0.381,0.978
histogram,otsu,edges,185,1,0,0.0111,117.52,-42.48,4.284,7.356,0.985,0.381,1.023
histogram,otsu,edges,186,1,0,0.0153,133.11,-26.89,3.98,7.197,1.006,0.382,1.091
histogram,otsu,edges,187,1,0,0.0153,133.11,-26.89,3.669,6.795,0.982,0.376,1.08
histogram,otsu,edges,188,1,0,0.0153,124.27,-35.73,3.412,6.466,1.046,0.388,0.933
histogram,otsu,edges,189,1,0,0.0069,132.51,-27.49,3.617,6.724,0.993,0.38,1.026
histogram,otsu,edges,190,1,0,0.0069,132.51,-27.49,3.738,6.719,0.982,0.374,0.939
histogram,otsu,edges,191,1,0,0.0069,132.51,-27.49,3.635,6.664,1.041,0.385,0.928
histogram,otsu,edges,192,1,0,0.0069,120.03,-39.97,3.466,6.551,0.982,0.374,1.021
histogram,otsu,edges,193,1,0,0.0181,113.82,-46.18,3.254,6.395,0.982,0.377,1.102
histogram,otsu,edges,194,1,0,0.0181,104.94,-55.06,3.535,6.601,1.055,0.385,0.936
histogram,otsu,edges,195,1,0,0.0181,104.94,-55.06,3.357,6.501,0.989,0.374,1.107
histogram,otsu,edges,196,1,0,0.0083,105.78,-54.22,3.044,6.019,0.982,0.377,0.933
histogram,otsu,edges,197,1,1,0.0108,174.06,14.06,2.732,5.892,0.994,0.377,1.006
histogram,otsu,edges,198,1,1,0.0108,174.06,14.06,2.808,5.793,0.979,0.378,0.943
histogram,otsu,edges,199,1,1,0.0108,175.92,15.92,2.622,5.667,0.984,0.374,1.005
histogram,otsu,edges,200,1,1,0.0108,175.92,15.92,2.709,5.799,0.982,0.376,0.998
histogram,otsu,edges,201,1,1,0.0125,114.85,-45.15,2.881,5.98,0.977,0.375,1.076
histogram,otsu,edges,202,1,1,0.0125,119.88,-40.12,2.9,6.094,0.979,0.379,1.071
histogram,otsu,edges,203,1,1,0.0125,119.88,-40.12,2.855,6.047,0.991,0.379,1.154
histogram,otsu,edges,204,1,1,0.0183,94.97,-65.03,2.814,5.858,0.985,0.376,0.946
histogram,otsu,edges,205,1,1,0.0142,100.45,-59.55,2.668,5.75,0.986,0.376,1.045
histogram,otsu,edges,206,1,1,0.0142,100.45,-59.55,2.759,5.778,0.983,0.378,0.918
histogram,otsu,edges,207,1,1,0.0142,103.34,-56.66,2.75,5.796,0.986,0.376,1.009
histogram,otsu,edges,208,1,1,0.0142,101.54,-58.46,3.006,6.114,1.033,0.38,1.009
histogram,otsu,edges,209,1,1,0.015,111.67,-48.33,3.056,6.106,0.986,0.377,1.009
histogram,otsu,edges,210,1,1,0.015,111.67,-48.33,3.136,6.181,0.988,0.373,0.932
histogram,otsu,edges,211,1,1,0.0175,114.58,-45.42,3.129,6.265,0.991,0.378,1.09
histogram,otsu,edges,212,1,1,0.0175,114.58,-45.42,3.141,6.115,0.98,0.377,0.921
histogram,otsu,edges,213,1,1,0.0142,131.6,-28.4,3.209,6.24,0.988,0.422,0.939
histogram,otsu,edges,214,1,1,0.0142,131.6,-28.4,3.166,6.171,0.99,0.379,0.959
histogram,otsu,edges,215,1,0,0.0097,151.77,-8.23,4.298,7.442,1.022,0.383,1.052
histogram,otsu,edges,216,1,0,0.0167,142.85,-17.15,4.006,7.178,0.99,0.422,1.077
histogram,otsu,edges,217,1,0,0.0125,152.5,-7.5,3.885,7.008,0.981,0.379,1.08
histogram,otsu,edges,218,1,1,0.0158,132.53,-27.47,2.808,5.794,0.985,0.376,0.942
histogram,otsu,edges,219,1,1,0.0158,132.53,-27.47,2.8,5.842,0.983,0.432,0.945
histogram,otsu,edges,220,1,1,0.0158,167.39,7.39,3.183,6.18,0.986,0.377,0.952
histogram,otsu,edges,221,1,1,0.0158,182.39,22.39,3.103,6.123,1.036,0.38,0.923
histogram,otsu,edges,222,1,1,0.0158,182.39,22.39,3.092,6.15,0.982,0.375,0.987
histogram,otsu,edges,223,1,1,0.015,190.29,30.29,2.97,6.058,1.033,0.382,0.988
histogram,otsu,edges,224,1,1,0.015,190.29,30.29,2.893,5.988,0.983,0.376,0.971
histogram,otsu,edges,225,1,0,0.0139,147.03,-12.97,3.883,7.04,1.028,0.384,1.065
histogram,otsu,edges,226,1,0,0.0139,147.03,-12.97,3.907,6.975,0.983,0.42,0.984
histogram,otsu,edges,227,1,0,0.0139,148.14,-11.86,3.856,7.031,0.986,0.376,1.13
histogram,otsu,edges,228,1,0,0.0139,148.14,-11.86,3.921,7.036,0.994,0.379,1.063
histogram,otsu,edges,229,1,0,0.0069,149.64,-10.36,3.746,6.885,0.991,0.376,1.042
histogram,otsu,edges,230,1,0,0.0069,150.12,-9.88,3.733,6.86,0.976,0.427,1.036
histogram,otsu,edges,231,1,0,0.0069,150.12,-9.88,3.703,6.81,0.984,0.381,1.048
histogram,otsu,edges,232,1,0,0.0139,150.44,-9.56,3.73,6.893,0.989,0.376,1.08
histogram,otsu,edges,233,1,0,0.0139,151.12,-8.88,3.764,6.953,1.036,0.384,1.091
histogram,otsu,edges,234,1,0,0.0139,150.37,-9.63,3.769,6.866,0.99,0.424,1.0
histogram,otsu,edges,235,1,0,0.0139,150.37,-9.63,3.66,6.766,0.99,0.375,0.99
histogram,otsu,edges,236,1,0,0.0139,151.55,-8.45,3.806,6.838,0.976,0.376,0.987
histogram,otsu,edges,237,1,0,0.0139,150.18,-9.82,3.725,6.816,1.034,0.384,0.995
histogram,otsu,edges,238,1,0,0.0139,150.18,-9.82,3.749,6.966,0.989,0.378,1.161
histogram,otsu,edges,239,1,0,0.0139,156.73,-3.27,3.928,7.052,0.996,0.379,1.073
histogram,otsu,edges,240,1,0,0.0139,156.73,-3.27,3.941,7.056,0.99,0.377,1.003
histogram,otsu,edges,241,1,0,0.0139,150.5,-9.5,3.725,6.819,1.036,0.377,0.998
histogram,otsu,edges,242,1,0,0.0139,150.4,-9.6,3.76,6.932,0.993,0.379,1.082
histogram,otsu,edges,243,1,0,0.0139,150.4,-9.6,3.651,6.877,0.994,0.378,1.09
histogram,otsu,edges,244,1,0,0.0139,150.47,-9.53,3.777,6.969,0.984,0.375,1.085
histogram,otsu,edges,245,1,0,0.0139,151.32,-8.68,3.793,6.98,1.024,0.385,1.098
histogram,otsu,edges,246,1,0,0.0139,151.32,-8.68,3.831,6.941,0.991,0.375,1.062
histogram,otsu,edges,247,1,0,0.0139,150.55,-9.45,3.72,6.771,0.99,0.375,1.003
histogram,otsu,edges,248,1,0,0.0139,150.55,-9.45,3.736,6.844,0.988,0.377,0.995
histogram,otsu,edges,249,1,0,0.0139,150.44,-9.56,3.749,6.84,1.034,0.383,0.999
histogram,otsu,edges,250,1,0,0.0139,150.44,-9.56,3.756,6.879,0.991,0.379,1.08
histogram,otsu,edges,251,1,0,0.0139,150.48,-9.52,3.755,6.811,0.987,0.378,1.003
histogram,otsu,edges,252,1,0,0.0139,150.48,-9.52,3.757,6.989,1.042,0.378,1.095
histogram,otsu,edges,253,1,0,0.0139,150.49,-9.51,3.756,6.84,0.98,0.42,0.997
histogram,otsu,edges,254,1,0,0.0139,150.49,-9.51,3.738,6.944,0.992,0.378,1.155
histogram,otsu,edges,255,1,0,0.0139,150.49,-9.51,3.774,6.825,0.986,0.379,1.001
histogram,otsu,edges,256,1,0,0.0139,150.57,-9.43,3.724,6.821,1.037,0.379,1.005
histogram,otsu,edges,257,1,0,0.0139,150.45,-9.55,3.756,6.846,0.991,0.378,1.045
histogram,otsu,edges,258,1,0,0.0139,150.45,-9.55,3.659,6.879,0.988,0.38,1.092
histogram,otsu,edges,259,1,0,0.0139,150.48,-9.52,3.733,6.942,0.985,0.379,1.099
histogram,otsu,edges,260,1,0,0.0139,150.51,-9.49,3.784,6.912,1.046,0.39,1.011
histogram,otsu,edges,261,1,0,0.0139,150.59,-9.41,3.733,6.834,0.984,0.376,1.066
histogram,otsu,edges,262,1,0,0.0139,150.59,-9.41,3.712,6.896,0.991,0.378,1.098
histogram,otsu,edges,263,1,0,0.0139,150.57,-9.43,3.715,6.808,0.991,0.378,0.989
histogram,otsu,edges,264,1,0,0.0139,150.57,-9.43,3.735,6.822,1.032,0.384,0.993
histogram,otsu,edges,265,1,0,0.0139,150.5,-9.5,3.78,6.887,0.987,0.374,1.071
histogram,otsu,edges,266,1,0,0.0139,150.5,-9.5,5.097,8.195,0.98,0.385,0.986
histogram,otsu,edges,267,1,0,0.0139,150.65,-9.35,4.112,7.212,1.001,0.381,1.003
histogram,otsu,edges,268,1,0,0.0139,150.65,-9.35,4.242,7.402,0.978,0.38,1.11
histogram,otsu,edges,269,1,0,0.0139,150.51,-9.49,4.465,7.787,1.055,0.434,1.072
histogram,otsu,edges,270,1,0,0.0139,150.51,-9.49,4.14,7.255,1.047,0.39,0.997
histogram,otsu,edges,271,1,0,0.0139,151.11,-8.89,4.029,7.17,1.044,0.398,0.991
histogram,otsu,edges,272,1,0,0.0139,151.11,-8.89,3.852,7.402,1.173,0.499,1.132
histogram,otsu,edges,273,1,0,0.0139,150.59,-9.41,5.063,8.715,1.044,0.463,1.397
histogram,otsu,edges,274,1,0,0.0139,150.53,-9.47,5.59,9.597,1.162,0.576,1.421
histogram,otsu,edges,275,1,0,0.0139,150.53,-9.47,5.548,9.601,1.125,0.514,1.517
histogram,otsu,edges,276,1,0,0.0139,150.58,-9.42,4.307,8.205,1.112,0.509,1.48
histogram,otsu,edges,277,1,0,0.0139,151.14,-8.86,4.139,7.607,1.031,0.412,1.221
histogram,otsu,edges,278,1,0,0.0139,150.51,-9.49,4.133,7.356,0.992,0.38,1.163
histogram,otsu,edges,279,1,0,0.0139,150.51,-9.49,4.085,7.293,0.984,0.377,1.09
histogram,otsu,edges,280,1,0,0.0139,151.19,-8.81,4.17,7.219,0.983,0.379,0.995
histogram,otsu,edges,281,1,0,0.0139,150.51,-9.49,4.185,7.399,0.996,0.386,1.086
histogram,otsu,edges,282,1,0,0.0139,150.52,-9.48,4.226,7.365,1.033,0.384,1.006
histogram,otsu,edges,283,1,0,0.0139,150.52,-9.48,4.066,7.211,1.019,0.441,0.994
histogram,otsu,edges,284,1,0,0.0139,150.59,-9.41,3.947,7.131,1.008,0.397,1.079
histogram,otsu,edges,285,1,0,0.0139,150.48,-9.52,3.642,6.864,0.995,0.38,1.074
histogram,otsu,edges,286,1,0,0.0139,150.52,-9.48,3.746,7.056,1.044,0.416,1.102
histogram,otsu,edges,287,1,0,0.0139,150.52,-9.48,3.83,7.081,1.107,0.44,1.023
histogram,otsu,edges,288,1,0,0.0139,150.41,-9.59,3.757,7.322,1.167,0.483,1.225
histogram,otsu,edges,289,1,0,0.0139,150.52,-9.48,3.96,7.232,0.983,0.38,1.178
histogram,otsu,edges,290,1,0,0.0139,150.52,-9.48,4.079,7.136,0.99,0.376,1.005
histogram,otsu,edges,291,1,0,0.0139,150.52,-9.48,3.978,7.057,0.99,0.376,1.028
histogram,otsu,edges,292,1,0,0.0139,150.51,-9.49,4.06,7.276,1.067,0.409,1.019
histogram,otsu,edges,293,1,0,0.0139,150.52,-9.48,4.107,7.251,1.063,0.389,0.997
histogram,otsu,edges,294,1,0,0.0139,150.52,-9.48,4.069,7.386,0.982,0.384,1.26
histogram,otsu,edges,295,1,0,0.0139,150.61,-9.39,3.707,6.841,1.002,0.374,1.071
histogram,otsu,edges,296,1,0,0.0139,150.51,-9.49,3.849,7.14,1.036,0.432,1.121
histogram,otsu,edges,297,1,0,0.0139,150.59,-9.41,3.749,7.06,1.03,0.383,1.203
histogram,otsu,edges,298,1,0,0.0139,150.59,-9.41,3.851,7.193,0.984,0.47,1.21
histogram,otsu,edges,299,1,0,0.0139,150.52,-9.48,3.995,7.211,0.986,0.379,1.115
histogram,otsu,edges,300,1,0,0.0139,150.52,-9.48,4.073,7.215,0.995,0.377,0.998
histogram,otsu,edges,301,1,0,0.0139,150.51,-9.49,4.049,7.131,0.995,0.401,1.004
histogram,otsu,edges,302,1,0,0.0139,150.52,-9.48,4.105,7.34,1.049,0.376,1.094
histogram,otsu,edges,303,1,0,0.0139,150.52,-9.48,3.957,7.375,1.108,0.469,1.14
histogram,otsu,edges,304,1,0,0.0139,150.5,-9.5,4.067,7.211,1.005,0.43,1.002
histogram,otsu,edges,305,1,0,0.0139,150.53,-9.47,3.855,7.008,1.001,0.38,1.079
histogram,otsu,edges,306,1,0,0.0139,150.5,-9.5,3.751,7.024,1.049,0.413,1.097
histogram,otsu,edges,307,1,0,0.0139,150.5,-9.5,3.949,7.152,0.991,0.378,1.085
histogram,otsu,edges,308,1,0,0.0139,150.86,-9.14,5.145,8.362,1.042,0.382,1.088
histogram,otsu,edges,309,1,1,0.0217,155.75,-4.25,4.233,8.24,1.201,0.514,1.447
histogram,otsu,edges,310,1,0,0.0097,184.99,24.99,5.674,10.502,1.459,0.525,1.915
histogram,otsu,edges,311,1,0,0.0097,184.99,24.99,5.469,9.018,1.083,0.484,1.229
histogram,otsu,edges,312,1,0,0.0069,150.89,-9.11,10.656,14.257,1.129,0.435,1.256
histogram,otsu,edges,313,1,0,0.0069,151.18,-8.82,4.43,7.898,1.035,0.429,1.291
histogram,otsu,edges,314,1,0,0.0069,151.18,-8.82,4.483,7.923,1.024,0.442,1.237
histogram,otsu,edges,315,1,0,0.0069,151.05,-8.95,5.388,8.814,1.028,0.445,1.236
histogram,otsu,edges,316,1,0,0.0139,150.69,-9.31,4.847,8.822,1.167,0.539,1.368
histogram,otsu,edges,317,1,0,0.0139,151.54,-8.46,3.94,7.112,1.036,0.387,0.984
histogram,otsu,edges,318,1,0,0.0139,151.54,-8.46,3.86,7.13,1.111,0.388,1.079
histogram,otsu,edges,319,1,0,0.0139,222.38,62.38,4.083,7.319,1.001,0.381,1.176
histogram,otsu,edges,320,1,0,0.0139,150.64,-9.36,3.84,7.09,1.01,0.38,1.158
histogram,otsu,edges,321,1,0,0.0139,150.56,-9.44,3.866,6.885,0.986,0.379,0.968
histogram,otsu,edges,322,1,0,0.0139,150.56,-9.44,3.897,7.166,1.049,0.392,1.076
histogram,otsu,edges,323,1,0,0.0139,150.65,-9.35,3.868,7.047,1.043,0.391,1.046
histogram,otsu,edges,324,1,0,0.0139,150.65,-9.35,3.894,7.23,0.994,0.39,1.24
histogram,otsu,edges,325,1,0,0.0139,150.88,-9.12,3.766,6.946,1.003,0.384,1.011
histogram,otsu,edges,326,1,0,0.0139,150.88,-9.12,3.956,7.488,1.034,0.46,1.232
histogram,otsu,edges,327,1,0,0.0139,150.62,-9.38,3.831,7.223,1.027,0.39,1.213
histogram,otsu,edges,328,1,0,0.0139,150.62,-9.38,3.845,7.053,1.097,0.398,1.013
histogram,otsu,edges,329,1,0,0.0139,150.66,-9.34,3.836,7.108,0.993,0.39,1.182
histogram,otsu,edges,330,1,0,0.0139,150.66,-9.34,3.85,7.066,1.002,0.389,1.145
histogram,otsu,edges,331,1,0,0.0139,150.67,-9.33,4.094,7.247,0.997,0.385,1.066
histogram,otsu,edges,332,1,0,0.0139,150.67,-9.33,3.853,7.078,1.004,0.387,1.041
histogram,otsu,edges,333,1,0,0.0139,150.95,-9.05,3.826,7.011,1.051,0.39,1.043
histogram,otsu,edges,334,1,0,0.0139,150.95,-9.05,3.863,7.055,0.996,0.388,1.106
histogram,otsu,edges,335,1,0,0.0139,150.62,-9.38,3.736,6.944,1.0,0.386,1.031
histogram,otsu,edges,336,1,0,0.0139,150.7,-9.3,3.853,6.971,0.994,0.386,1.035
histogram,otsu,edges,337,1,0,0.0139,150.95,-9.05,4.136,7.441,1.049,0.395,1.151
histogram,otsu,edges,338,1,0,0.0139,150.95,-9.05,3.987,7.605,1.174,0.457,1.233
histogram,otsu,edges,339,1,0,0.0139,150.94,-9.06,3.876,7.053,1.013,0.436,1.03
histogram,otsu,edges,340,1,0,0.0139,150.92,-9.08,3.764,7.02,0.989,0.381,1.192
histogram,otsu,edges,341,1,0,0.0139,150.89,-9.11,3.768,7.135,0.989,0.385,1.107
histogram,otsu,edges,342,1,0,0.0139,150.89,-9.11,3.743,7.264,0.99,0.38,1.368
histogram,otsu,edges,343,1,0,0.0139,150.96,-9.04,3.706,6.885,1.035,0.385,1.071
histogram,otsu,edges,344,1,0,0.0139,150.68,-9.32,3.973,7.289,0.989,0.561,1.071
histogram,otsu,edges,345,1,0,0.0139,150.69,-9.31,4.01,7.298,0.991,0.384,1.193
histogram,otsu,edges,346,1,0,0.0139,150.69,-9.31,4.107,6.874,0.657,0.384,1.021
histogram,otsu,edges,347,1,0,0.0139,150.7,-9.3,4.031,7.244,1.006,0.387,1.03
histogram,otsu,edges,348,1,0,0.0139,150.7,-9.3,4.085,7.268,1.051,0.399,1.021
histogram,otsu,edges,349,1,0,0.0139,156.76,-3.24,4.713,8.012,1.001,0.438,1.152
histogram,otsu,edges,350,1,0,0.0139,150.94,-9.06,4.512,8.246,1.15,0.504,1.297
histogram,otsu,edges,351,1,0,0.0139,150.94,-9.06,4.337,7.943,1.209,0.449,1.167
histogram,otsu,edges,352,1,0,0.0139,150.92,-9.08,4.636,8.278,1.205,0.448,1.164
histogram,otsu,edges,353,1,0,0.0139,150.95,-9.05,4.348,7.951,1.21,0.45,1.157
histogram,otsu,edges,354,1,0,0.0139,150.83,-9.17,4.413,7.998,1.195,0.45,1.157
histogram,otsu,edges,355,1,0,0.0139,150.83,-9.17,4.62,8.341,1.202,0.448,1.289
histogram,otsu,edges,356,1,0,0.0139,150.94,-9.06,4.57,8.307,1.164,0.442,1.299
histogram,otsu,edges,357,1,0,0.0139,150.94,-9.06,4.369,7.97,1.164,0.443,1.154
histogram,otsu,edges,358,1,0,0.0139,150.93,-9.07,4.451,8.189,1.146,0.441,1.285
histogram,otsu,edges,359,1,0,0.0139,150.93,-9.07,4.678,8.203,1.146,0.444,1.152
histogram,otsu,edges,360,1,0,0.0139,150.95,-9.05,4.579,8.338,1.144,0.449,1.302
histogram,adaptive,edges,0,1,0,0.0167,142.66,-17.34,5.633,16.804,1.154,7.853,1.357
histogram,adaptive,edges,1,1,0,0.0167,146.55,-13.45,5.561,17.877,1.152,8.683,1.525
histogram,adaptive,edges,2,1,0,0.0181,143.59,-16.41,9.64,21.263,1.295,8.312,1.217
histogram,adaptive,edges,3,1,0,0.0181,143.59,-16.41,5.144,17.061,1.34,8.114,1.289
histogram,adaptive,edges,4,1,0,0.0181,144.2,-15.8,5.347,15.84,1.082,7.45,1.219
histogram,adaptive,edges,5,1,0,0.0167,144.29,-15.71,5.121,15.577,1.134,7.299,1.328
histogram,adaptive,edges,6,1,0,0.0167,144.29,-15.71,5.023,17.534,1.366,8.809,1.492
histogram,adaptive,edges,7,1,0,0.0181,144.24,-15.76,4.949,16.743,1.151,8.543,1.323
histogram,adaptive,edges,8,1,0,0.0167,144.27,-15.73,4.937,16.654,1.153,8.374,1.412
histogram,adaptive,edges,9,1,0,0.0181,144.21,-15.79,4.821,16.599,1.151,8.368,1.376
histogram,adaptive,edges,10,1,0,0.0181,144.21,-15.79,4.666,16.725,1.151,8.464,1.654
histogram,adaptive,edges,11,1,0,0.0181,143.59,-16.41,4.584,16.693,1.197,8.623,1.508
histogram,adaptive,edges,12,1,0,0.0181,143.69,-16.31,3.931,14.705,1.336,7.361,1.291
histogram,adaptive,edges,13,1,0,0.0167,145.79,-14.21,4.405,15.015,1.045,7.227,1.644
histogram,adaptive,edges,14,1,0,0.0167,145.79,-14.21,4.828,15.514,1.007,7.38,1.451
histogram,adaptive,edges,15,1,0,0.0181,144.1,-15.9,4.901,15.514,1.011,7.732,1.165
histogram,adaptive,edges,16,1,0,0.0181,144.1,-15.9,5.084,15.681,1.038,7.498,1.347
histogram,adaptive,edges,17,1,0,0.0194,144.25,-15.75,6.815,19.026,1.063,8.243,2.053
histogram,adaptive,edges,18,1,0,0.0181,144.24,-15.76,5.347,17.299,1.366,8.038,1.556
histogram,adaptive,edges,19,1,0,0.0181,144.19,-15.81,7.052,19.613,1.283,8.257,1.946
histogram,adaptive,edges,20,1,0,0.0181,144.19,-15.81,3.948,18.916,1.45,10.624,2.01
histogram,adaptive,edges,21,1,0,0.0181,144.19,-15.81,4.244,14.953,1.042,7.334,1.569
histogram,adaptive,edges,22,1,0,0.0167,145.76,-14.24,4.231,14.465,1.053,7.249,1.228
histogram,adaptive,edges,23,1,0,0.0167,145.76,-14.24,4.169,14.478,1.003,7.246,1.353
histogram,adaptive,edges,24,1,0,0.0181,144.18,-15.82,4.111,14.58,0.999,7.375,1.31
histogram,adaptive,edges,25,1,0,0.0181,144.16,-15.84,4.109,14.57,1.063,7.251,1.447
histogram,adaptive,edges,26,1,0,0.0181,144.16,-15.84,4.13,14.446,0.996,7.269,1.358
histogram,adaptive,edges,27,1,0,0.0181,144.16,-15.84,4.106,14.496,1.003,7.28,1.34
histogram,adaptive,edges,28,1,0,0.0181,145.44,-14.56,5.482,17.47,1.004,7.429,2.766
histogram,adaptive,edges,29,1,0,0.0181,144.16,-15.84,7.299,19.835,1.157,8.373,1.893
histogram,adaptive,edges,30,1,0,0.0181,144.19,-15.81,4.0,15.748,1.481,7.725,1.355
histogram,adaptive,edges,31,1,0,0.0181,144.19,-15.81,4.021,14.481,1.022,7.489,1.134
histogram,adaptive,edges,32,1,0,0.0181,146.6,-13.4,4.205,14.527,1.045,7.344,1.188
histogram,adaptive,edges,33,1,0,0.0181,144.19,-15.81,3.974,14.323,0.999,7.53,1.121
histogram,adaptive,edges,34,1,0,0.0181,144.19,-15.81,4.459,15.191,1.054,7.498,1.414
histogram,adaptive,edges,35,1,0,0.0167,145.9,-14.1,4.154,14.55,1.009,7.3,1.299
histogram,adaptive,edges,36,1,0,0.0167,145.9,-14.1,4.413,14.778,0.993,7.306,1.36
histogram,adaptive,edges,37,1,0,0.0167,144.38,-15.62,4.251,14.447,1.005,7.296,1.145
histogram,adaptive,edges,38,1,0,0.0167,144.38,-15.62,4.133,14.651,0.996,7.294,1.537
histogram,adaptive,edges,39,1,0,0.0181,144.09,-15.91,5.563,16.831,1.007,7.583,1.656
histogram,adaptive,edges,40,1,0,0.0181,144.09,-15.91,7.332,18.498,1.006,7.719,1.66
histogram,adaptive,edges,41,1,0,0.0181,144.2,-15.8,4.946,18.728,1.201,8.759,2.768
histogram,adaptive,edges,42,1,0,0.0181,144.16,-15.84,5.056,19.164,1.572,10.356,1.433
histogram,adaptive,edges,43,1,0,0.0181,143.3,-16.7,6.419,20.661,1.077,8.566,3.811
histogram,adaptive,edges,44,1,0,0.0181,143.3,-16.7,6.878,33.011,1.958,9.605,13.441
histogram,adaptive,edges,45,1,0,0.0181,144.12,-15.88,6.422,21.005,2.392,10.171,1.207
histogram,adaptive,edges,46,1,0,0.0181,144.12,-15.88,6.538,19.448,1.351,9.251,1.407
histogram,adaptive,edges,47,1,0,0.0167,144.23,-15.77,5.818,18.604,1.362,8.654,1.91
histogram,adaptive,edges,48,1,0,0.0167,144.23,-15.77,6.971,19.584,1.2,8.52,1.812
histogram,adaptive,edges,49,1,0,0.0181,145.64,-14.36,5.715,17.006,1.221,7.492,1.734
histogram,adaptive,edges,50,1,0,0.0181,145.64,-14.36,7.075,19.594,1.296,8.575,1.697
histogram,adaptive,edges,51,1,0,0.0181,144.14,-15.86,4.195,16.244,1.301,8.311,1.526
histogram,adaptive,edges,52,1,0,0.0167,144.22,-15.78,5.359,16.021,1.005,7.474,1.429
histogram,adaptive,edges,53,1,0,0.0167,144.22,-15.78,6.626,18.794,1.149,8.121,2.06
histogram,adaptive,edges,54,1,0,0.0181,144.16,-15.84,4.598,17.231,1.386,8.988,1.189
histogram,adaptive,edges,55,1,0,0.0167,144.1,-15.9,5.445,17.53,1.192,8.524,1.585
histogram,adaptive,edges,56,1,0,0.0167,144.1,-15.9,7.116,20.272,1.237,9.086,1.912
histogram,adaptive,edges,57,1,0,0.0167,144.3,-15.7,4.962,19.218,1.395,9.172,2.852
histogram,adaptive,edges,58,1,0,0.0181,144.24,-15.76,6.249,18.327,1.176,8.588,1.472
histogram,adaptive,edges,59,1,0,0.0181,144.24,-15.76,8.338,22.251,1.321,9.251,2.24
histogram,adaptive,edges,60,1,0,0.0181,144.17,-15.83,5.215,17.472,1.439,8.476,1.531
histogram,adaptive,edges,61,1,0,0.0167,144.21,-15.79,7.22,21.141,1.263,9.471,2.313
histogram,adaptive,edges,62,1,0,0.0167,144.21,-15.79,5.189,18.722,1.342,9.624,1.646
histogram,adaptive,edges,63,1,0,0.0167,144.21,-15.79,6.189,17.873,1.165,8.396,1.234
histogram,adaptive,edges,64,1,0,0.0167,144.21,-15.79,6.435,18.702,1.249,8.458,1.682
histogram,adaptive,edges,65,1,0,0.0167,144.15,-15.85,4.313,15.354,1.173,7.869,1.133
histogram,adaptive,edges,66,1,0,0.0167,144.15,-15.85,7.25,19.199,1.202,8.157,1.784
histogram,adaptive,edges,67,1,0,0.0181,144.19,-15.81,4.218,16.013,1.146,8.319,1.459
histogram,adaptive,edges,68,1,0,0.0181,144.17,-15.83,5.534,17.145,0.997,8.092,1.775
histogram,adaptive,edges,69,1,0,0.0181,144.62,-15.38,6.159,18.772,1.15,8.386,2.026
histogram,adaptive,edges,70,1,0,0.0181,146.18,-13.82,5.037,17.128,1.133,8.551,1.495
histogram,adaptive,edges,71,1,0,0.0181,146.18,-13.82,6.344,18.878,1.205,9.088,1.367
histogram,adaptive,edges,72,1,1,0.0142,141.9,-18.1,4.859,18.704,1.307,9.48,2.045
histogram,adaptive,edges,73,1,0,0.0194,152.52,-7.48,5.594,17.791,1.22,8.457,1.731
histogram,adaptive,edges,74,1,0,0.0208,147.41,-12.59,6.48,19.135,1.152,8.933,1.662
histogram,adaptive,edges,75,1,0,0.0208,147.41,-12.59,4.145,17.082,1.317,9.238,1.545
histogram,adaptive,edges,76,1,0,0.0181,148.12,-11.88,6.269,17.138,1.01,7.566,1.372
histogram,adaptive,edges,77,1,0,0.0194,147.52,-12.48,5.866,18.06,1.204,8.484,1.593
histogram,adaptive,edges,78,1,0,0.0194,147.52,-12.48,5.736,16.123,1.028,7.397,1.221
histogram,adaptive,edges,79,1,0,0.0194,147.52,-12.48,5.782,17.585,1.124,8.14,1.607
histogram,adaptive,edges,80,1,1,0.0075,137.47,-22.53,4.415,16.064,1.196,7.989,1.626
histogram,adaptive,edges,81,1,1,0.0067,165.44,5.44,5.832,18.112,1.175,8.442,1.772
histogram,adaptive,edges,82,1,1,0.0067,165.44,5.44,4.899,17.588,1.305,8.744,1.715
histogram,adaptive,edges,83,1,1,0.0133,173.49,13.49,4.881,18.534,1.464,9.405,1.757
histogram,adaptive,edges,84,1,0,0.0181,159.04,-0.96,6.161,19.046,1.269,8.786,1.935
histogram,adaptive,edges,85,1,0,0.0181,158.78,-1.22,4.541,18.02,1.277,9.432,1.836
histogram,adaptive,edges,86,1,0,0.0181,158.78,-1.22,5.683,18.405,1.218,8.823,1.834
histogram,adaptive,edges,87,1,0,0.0125,150.64,-9.36,4.439,16.921,1.354,8.387,1.834
histogram,adaptive,edges,88,1,0,0.0125,150.64,-9.36,6.226,17.84,1.039,7.945,1.818
histogram,adaptive,edges,89,1,0,0.0167,142.32,-17.68,4.28,15.889,1.147,8.35,1.204
histogram,adaptive,edges,90,1,0,0.0167,142.32,-17.68,3.87,13.965,1.036,7.23,1.068
histogram,adaptive,edges,91,1,0,0.0111,143.31,-16.69,5.708,17.183,1.001,8.075,1.636
histogram,adaptive,edges,92,1,0,0.0111,143.31,-16.69,5.312,17.236,1.197,8.159,1.704
histogram,adaptive,edges,93,1,0,0.0181,141.72,-18.28,5.491,17.431,1.08,8.364,1.572
histogram,adaptive,edges,94,1,0,0.0194,141.79,-18.21,4.08,15.532,1.115,8.303,1.287
histogram,adaptive,edges,95,1,0,0.0194,141.79,-18.21,5.447,17.366,1.149,8.091,1.846
histogram,adaptive,edges,96,1,0,0.0194,143.5,-16.5,5.29,17.539,1.351,8.641,1.477
histogram,adaptive,edges,97,1,0,0.0222,143.04,-16.96,4.357,14.801,1.037,7.35,1.308
histogram,adaptive,edges,98,1,0,0.0222,143.04,-16.96,6.005,17.914,1.246,8.329,1.545
histogram,adaptive,edges,99,1,0,0.0222,143.04,-16.96,5.813,17.714,1.078,8.131,1.81
histogram,adaptive,edges,100,1,0,0.0208,146.31,-13.69,10.702,26.646,1.281,12.384,1.491
histogram,adaptive,edges,101,1,0,0.0181,147.89,-12.11,4.805,15.625,1.036,7.663,1.39
histogram,adaptive,edges,102,1,0,0.0181,148.25,-11.75,5.03,15.637,1.06,7.479,1.213
histogram,adaptive,edges,103,1,0,0.0181,148.25,-11.75,5.546,17.618,1.044,8.277,1.934
histogram,adaptive,edges,104,1,1,0.025,164.04,4.04,4.341,16.379,1.636,8.042,1.576
histogram,adaptive,edges,105,1,0,0.0167,162.42,2.42,3.866,15.836,1.311,8.392,1.36
histogram,adaptive,edges,106,1,0,0.0167,162.42,2.42,3.82,14.219,1.104,7.332,1.268
histogram,adaptive,edges,107,1,1,0.0192,179.8,19.8,2.734,13.007,1.082,7.241,1.24
histogram,adaptive,edges,108,1,1,0.0192,179.8,19.8,2.664,12.903,1.052,7.264,1.21
histogram,adaptive,edges,109,1,0,0.0181,154.67,-5.33,3.548,13.695,0.998,7.236,1.116
histogram,adaptive,edges,110,1,0,0.0181,154.67,-5.33,3.582,13.679,1.002,7.265,1.113
histogram,adaptive,edges,111,1,0,0.0181,154.67,-5.33,3.744,14.069,1.046,7.199,1.373
histogram,adaptive,edges,112,1,1,0.01,260.76,100.76,4.709,20.905,1.138,8.518,5.67
histogram,adaptive,edges,113,1,1,0.0108,226.66,66.66,6.598,27.842,5.33,9.348,5.682
histogram,adaptive,edges,114,1,1,0.0108,226.66,66.66,5.002,19.09,1.804,9.393,1.858
histogram,adaptive,edges,115,1,1,0.0142,277.88,117.88,4.082,16.361,1.378,8.795,1.257
histogram,adaptive,edges,116,1,1,0.0142,277.88,117.88,4.078,16.135,1.172,8.661,1.373
histogram,adaptive,edges,117,1,1,0.0167,278.0,118.0,3.184,18.021,1.032,7.467,5.599
histogram,adaptive,edges,118,1,1,0.0175,281.03,121.03,3.776,14.221,1.366,7.264,1.103
histogram,adaptive,edges,119,1,1,0.0175,281.03,121.03,3.632,13.818,0.998,7.252,1.196
histogram,adaptive,edges,120,1,1,0.015,271.23,111.23,3.871,13.974,1.004,7.288,1.106
histogram,adaptive,edges,121,1,1,0.0158,281.43,121.43,3.221,13.361,0.993,7.24,1.196
histogram,adaptive,edges,122,1,1,0.0158,281.43,121.43,3.305,13.58,1.005,7.272,1.215
histogram,adaptive,edges,123,1,1,0.0175,237.14,77.14,4.826,15.698,1.002,7.601,1.409
histogram,adaptive,edges,124,1,1,0.0175,237.14,77.14,4.301,17.202,1.222,8.11,2.731
histogram,adaptive,edges,125,1,1,0.0158,210.67,50.67,3.274,13.966,1.162,7.254,1.574
histogram,adaptive,edges,126,1,1,0.0183,221.65,61.65,2.661,12.882,0.991,7.313,1.208
histogram,adaptive,edges,127,1,1,0.0183,221.65,61.65,2.637,12.727,0.998,7.247,1.137
histogram,adaptive,edges,128,1,0,0.0236,168.25,8.25,3.754,14.146,1.004,7.285,1.39
histogram,adaptive,edges,129,1,0,0.0236,173.09,13.09,3.485,13.821,1.001,7.248,1.339
histogram,adaptive,edges,130,1,0,0.0236,173.09,13.09,3.459,13.846,1.004,7.265,1.421
histogram,adaptive,edges,131,1,0,0.0222,168.81,8.81,4.063,15.448,1.109,8.315,1.238
histogram,adaptive,edges,132,1,0,0.0222,168.81,8.81,5.975,18.032,1.156,8.549,1.45
histogram,adaptive,edges,133,1,0,0.0361,150.16,-9.84,5.491,18.819,1.407,9.332,1.68
histogram,adaptive,edges,134,1,0,0.0361,150.16,-9.84,3.839,15.923,1.233,8.634,1.453
histogram,adaptive,edges,135,1,0,0.0361,150.16,-9.84,4.351,16.211,1.132,8.382,1.578
histogram,adaptive,edges,136,1,0,0.025,154.65,-5.35,5.41,17.516,1.135,8.583,1.557
histogram,adaptive,edges,137,1,0,0.0069,155.11,-4.89,5.127,19.696,1.935,9.331,2.264
histogram,adaptive,edges,138,1,0,0.0069,155.11,-4.89,5.307,17.492,1.198,8.605,1.504
histogram,adaptive,edges,139,1,0,0.0069,155.11,-4.89,6.438,20.638,1.438,9.706,1.883
histogram,adaptive,edges,140,0,0,0.0,0.0,,2.857,19.724,1.246,8.513,6.291
histogram,adaptive,edges,141,1,0,0.0167,216.16,56.16,6.707,20.392,1.302,8.446,3.136
histogram,adaptive,edges,142,1,1,0.0217,142.22,-17.78,3.61,16.957,1.82,8.703,1.906
histogram,adaptive,edges,143,1,1,0.0217,142.22,-17.78,4.032,14.744,0.998,7.62,1.345
histogram,adaptive,edges,144,1,1,0.0217,131.78,-28.22,5.079,17.095,1.131,8.22,1.823
histogram,adaptive,edges,145,1,1,0.0042,119.96,-40.04,2.902,13.737,1.246,7.781,0.993
histogram,adaptive,edges,146,0,0,0.0,0.0,,1.204,12.301,1.009,7.766,1.422
histogram,adaptive,edges,147,0,0,0.0,0.0,,1.154,13.191,1.192,8.282,1.649
histogram,adaptive,edges,148,0,0,0.0,0.0,,0.708,11.76,1.156,7.968,1.174
histogram,adaptive,edges,149,0,0,0.0,0.0,,1.099,12.063,1.05,7.567,1.438
histogram,adaptive,edges,150,1,1,0.0083,125.5,-34.5,4.874,17.456,1.181,8.736,1.675
histogram,adaptive,edges,151,1,1,0.0083,125.5,-34.5,4.033,15.104,1.228,7.853,1.216
histogram,adaptive,edges,152,1,1,0.0083,124.5,-35.5,5.005,16.688,1.021,8.404,1.452
histogram,adaptive,edges,153,1,1,0.0083,71.5,-88.5,3.388,15.185,1.218,8.389,1.4
histogram,adaptive,edges,154,1,1,0.0083,71.5,-88.5,4.809,16.121,1.093,7.943,1.493
histogram,adaptive,edges,155,1,1,0.0083,71.5,-88.5,5.713,18.012,1.182,8.619,1.656
histogram,adaptive,edges,156,1,1,0.0092,47.67,-112.33,3.746,16.55,1.433,9.077,1.408
histogram,adaptive,edges,157,1,1,0.0083,292.36,132.36,5.681,17.792,1.145,8.524,1.604
histogram,adaptive,edges,158,1,1,0.0083,292.36,132.36,7.617,20.382,1.227,9.085,1.551
histogram,adaptive,edges,159,1,1,0.0092,291.09,131.09,4.755,18.355,1.786,9.302,1.486
histogram,adaptive,edges,160,1,1,0.0042,40.96,-119.04,3.636,15.631,1.23,8.539,1.417
histogram,adaptive,edges,161,1,1,0.01,80.6,-79.4,5.192,17.227,1.251,8.424,1.554
histogram,adaptive,edges,162,1,1,0.01,80.6,-79.4,6.437,17.468,1.152,7.701,1.221
histogram,adaptive,edges,163,1,1,0.015,87.47,-72.53,3.329,14.953,1.215,8.188,1.307
histogram,adaptive,edges,164,1,1,0.015,87.47,-72.53,4.031,15.379,1.073,7.779,1.587
histogram,adaptive,edges,165,1,1,0.0083,90.5,-69.5,4.983,17.325,1.223,8.577,1.621
histogram,adaptive,edges,166,1,1,0.0083,124.5,-35.5,3.194,14.464,1.301,7.944,1.206
histogram,adaptive,edges,167,1,1,0.0083,124.5,-35.5,3.753,14.125,1.143,7.225,1.301
histogram,adaptive,edges,168,1,1,0.0083,124.5,-35.5,5.388,21.617,1.303,9.446,4.575
histogram,adaptive,edges,169,1,1,0.0142,146.5,-13.5,3.919,18.021,2.535,9.143,1.433
histogram,adaptive,edges,170,1,1,0.0142,146.5,-13.5,4.255,17.667,1.161,8.535,2.924
histogram,adaptive,edges,171,1,1,0.0142,146.5,-13.5,6.181,20.409,1.293,9.633,2.403
histogram,adaptive,edges,172,1,1,0.0092,174.24,14.24,3.996,16.329,1.428,8.835,1.202
histogram,adaptive,edges,173,1,1,0.0083,112.5,-47.5,5.264,17.399,1.155,8.619,1.514
histogram,adaptive,edges,174,1,1,0.0083,85.5,-74.5,6.23,20.145,1.493,9.615,1.843
histogram,adaptive,edges,175,1,1,0.0083,85.5,-74.5,3.841,16.258,1.325,8.887,1.223
histogram,adaptive,edges,176,0,0,0.0,0.0,,4.288,17.322,1.885,8.719,1.557
histogram,adaptive,edges,177,1,0,0.0097,197.72,37.72,7.154,21.187,1.391,9.687,2.024
histogram,adaptive,edges,178,1,0,0.0097,197.72,37.72,4.788,16.817,1.308,8.442,1.494
histogram,adaptive,edges,179,1,0,0.0097,197.72,37.72,6.426,20.257,2.289,9.274,1.398
histogram,adaptive,edges,180,1,1,0.0067,147.6,-12.4,4.797,18.468,1.286,9.705,1.748
histogram,adaptive,edges,181,1,1,0.0108,171.19,11.19,4.121,15.786,1.147,8.459,1.264
histogram,adaptive,edges,182,1,1,0.01,94.5,-65.5,5.045,18.379,1.24,9.204,1.964
histogram,adaptive,edges,183,1,1,0.01,94.5,-65.5,3.397,16.351,1.394,9.311,1.406
histogram,adaptive,edges,184,1,1,0.0092,104.42,-55.58,3.564,15.7,1.187,8.767,1.345
histogram,adaptive,edges,185,1,0,0.0111,117.52,-42.48,6.928,19.013,1.177,8.267,1.804
histogram,adaptive,edges,186,1,0,0.0153,133.11,-26.89,5.154,19.011,1.191,7.436,4.414
histogram,adaptive,edges,187,1,0,0.0153,133.11,-26.89,6.51,18.806,1.184,8.532,1.699
histogram,adaptive,edges,188,1,0,0.0153,124.27,-35.73,4.812,16.004,1.125,7.654,1.484
histogram,adaptive,edges,189,1,0,0.0069,132.51,-27.49,5.897,18.007,1.043,8.407,1.683
histogram,adaptive,edges,190,1,0,0.0069,132.51,-27.49,5.301,17.379,1.189,8.793,1.301
histogram,adaptive,edges,191,1,0,0.0069,132.51,-27.49,5.794,18.033,1.215,8.766,1.342
histogram,adaptive,edges,192,1,0,0.0069,120.03,-39.97,5.143,18.838,1.306,9.509,1.91
histogram,adaptive,edges,193,1,0,0.0181,113.82,-46.18,4.82,17.175,1.238,8.709,1.556
histogram,adaptive,edges,194,1,0,0.0181,104.94,-55.06,6.553,20.118,1.522,9.401,1.74
histogram,adaptive,edges,195,1,0,0.0181,104.94,-55.06,4.213,16.728,1.282,8.914,1.419
histogram,adaptive,edges,196,1,0,0.0083,105.78,-54.22,3.101,12.952,1.093,7.097,0.966
histogram,adaptive,edges,197,1,1,0.0108,174.06,14.06,3.002,12.42,0.627,7.201,0.814
histogram,adaptive,edges,198,1,1,0.0108,174.06,14.06,2.887,12.16,0.632,7.143,0.813
histogram,adaptive,edges,199,1,1,0.0108,175.92,15.92,2.917,12.271,0.644,7.166,0.822
histogram,adaptive,edges,200,1,1,0.0108,175.92,15.92,2.907,12.16,0.637,7.114,0.813
histogram,adaptive,edges,201,1,1,0.0125,114.85,-45.15,3.167,12.449,0.645,7.129,0.822
histogram,adaptive,edges,202,1,1,0.0125,119.88,-40.12,3.116,12.42,0.634,7.12,0.868
histogram,adaptive,edges,203,1,1,0.0125,119.88,-40.12,3.239,12.567,0.64,7.119,0.882
histogram,adaptive,edges,204,1,1,0.0183,94.97,-65.03,3.854,15.576,0.775,8.537,1.636
histogram,adaptive,edges,205,1,1,0.0142,100.45,-59.55,3.708,15.567,1.258,8.433,1.349
histogram,adaptive,edges,206,1,1,0.0142,100.45,-59.55,4.159,17.049,1.157,9.561,1.358
histogram,adaptive,edges,207,1,1,0.0142,103.34,-56.66,5.455,21.69,1.434,12.391,1.519
histogram,adaptive,edges,208,1,1,0.0142,101.54,-58.46,4.573,21.504,1.314,11.289,3.346
histogram,adaptive,edges,209,1,1,0.015,111.67,-48.33,4.022,16.344,1.3,8.879,1.22
histogram,adaptive,edges,210,1,1,0.015,111.67,-48.33,3.879,14.381,1.115,7.397,1.253
histogram,adaptive,edges,211,1,1,0.0175,114.58,-45.42,4.246,14.802,1.047,7.507,1.259
histogram,adaptive,edges,212,1,1,0.0175,114.58,-45.42,3.798,19.378,1.111,12.536,1.192
histogram,adaptive,edges,213,1,1,0.0142,131.6,-28.4,3.987,15.726,1.067,8.15,1.592
histogram,adaptive,edges,214,1,1,0.0142,131.6,-28.4,3.271,13.813,1.009,7.353,1.404
histogram,adaptive,edges,215,1,0,0.0097,151.77,-8.23,4.591,14.73,0.991,7.244,1.208
histogram,adaptive,edges,216,1,0,0.0167,142.85,-17.15,4.357,14.442,0.977,7.299,1.119
histogram,adaptive,edges,217,1,0,0.0125,152.5,-7.5,4.098,14.21,1.037,7.21,1.175
histogram,adaptive,edges,218,1,1,0.0158,132.53,-27.47,2.979,13.008,0.988,7.243,1.116
histogram,adaptive,edges,219,1,1,0.0158,132.53,-27.47,2.833,13.137,1.076,7.269,1.203
histogram,adaptive,edges,220,1,1,0.0158,167.39,7.39,3.316,13.547,1.041,7.372,1.099
histogram,adaptive,edges,221,1,1,0.0158,182.39,22.39,3.263,13.6,0.992,7.507,1.153
histogram,adaptive,edges,222,1,1,0.0158,182.39,22.39,3.211,13.399,0.998,7.323,1.167
histogram,adaptive,edges,223,1,1,0.015,190.29,30.29,3.059,13.155,0.982,7.256,1.095
histogram,adaptive,edges,224,1,1,0.015,190.29,30.29,3.681,14.611,1.004,7.819,1.258
histogram,adaptive,edges,225,1,0,0.0139,147.03,-12.97,4.969,16.341,1.332,7.856,1.306
histogram,adaptive,edges,226,1,0,0.0139,147.03,-12.97,4.913,15.698,1.157,7.552,1.325
histogram,adaptive,edges,227,1,0,0.0139,148.14,-11.86,6.558,22.115,1.147,7.558,5.991
histogram,adaptive,edges,228,1,0,0.0139,148.14,-11.86,4.966,28.479,4.453,9.931,8.247
histogram,adaptive,edges,229,1,0,0.0069,149.64,-10.36,4.493,22.988,7.292,8.728,1.607
histogram,adaptive,edges,230,1,0,0.0069,150.12,-9.88,4.406,16.116,1.155,8.366,1.349
histogram,adaptive,edges,231,1,0,0.0069,150.12,-9.88,4.401,16.117,1.151,8.497,1.285
histogram,adaptive,edges,232,1,0,0.0139,150.44,-9.56,4.432,16.169,1.144,8.418,1.395
histogram,adaptive,edges,233,1,0,0.0139,151.12,-8.88,4.515,16.276,1.211,8.362,1.408
histogram,adaptive,edges,234,1,0,0.0139,150.37,-9.63,5.65,17.329,1.203,8.376,1.294
histogram,adaptive,edges,235,1,0,0.0139,150.37,-9.63,6.477,19.164,1.196,8.833,1.754
histogram,adaptive,edges,236,1,0,0.0139,151.55,-8.45,4.614,17.855,1.454,9.432,1.446
histogram,adaptive,edges,237,1,0,0.0139,150.18,-9.82,4.448,16.226,1.142,8.364,1.487
histogram,adaptive,edges,238,1,0,0.0139,150.18,-9.82,4.435,16.093,1.146,8.362,1.365
histogram,adaptive,edges,239,1,0,0.0139,156.73,-3.27,4.635,16.298,1.153,8.339,1.349
histogram,adaptive,edges,240,1,0,0.0139,156.73,-3.27,4.643,16.322,1.149,8.455,1.291
histogram,adaptive,edges,241,1,0,0.0139,150.5,-9.5,4.46,16.142,1.199,8.397,1.303
histogram,adaptive,edges,242,1,0,0.0139,150.4,-9.6,4.476,16.239,1.196,8.386,1.413
histogram,adaptive,edges,243,1,0,0.0139,150.4,-9.6,4.511,16.144,1.205,8.346,1.293
histogram,adaptive,edges,244,1,0,0.0139,150.47,-9.53,5.915,18.266,1.252,8.903,1.409
histogram,adaptive,edges,245,1,0,0.0139,151.32,-8.68,7.518,19.857,0.814,9.531,1.162
histogram,adaptive,edges,246,1,0,0.0139,151.32,-8.68,4.842,17.32,1.121,9.285,1.024
histogram,adaptive,edges,247,1,0,0.0139,150.55,-9.45,4.719,16.368,0.86,8.416,1.563
histogram,adaptive,edges,248,1,0,0.0139,150.55,-9.45,5.377,18.059,1.155,9.062,1.495
histogram,adaptive,edges,249,1,0,0.0139,150.44,-9.56,6.946,20.605,1.381,9.363,1.879
histogram,adaptive,edges,250,1,0,0.0139,150.44,-9.56,4.571,16.423,1.286,8.413,1.372
histogram,adaptive,edges,251,1,0,0.0139,150.48,-9.52,5.428,17.698,1.222,8.595,1.547
histogram,adaptive,edges,252,1,0,0.0139,150.48,-9.52,6.64,18.651,0.787,9.023,1.303
histogram,adaptive,edges,253,1,0,0.0139,150.49,-9.51,4.908,17.927,1.417,9.104,1.548
histogram,adaptive,edges,254,1,0,0.0139,150.49,-9.51,6.642,19.867,1.641,9.004,1.674
histogram,adaptive,edges,255,1,0,0.0139,150.49,-9.51,5.172,18.985,1.369,10.029,1.476
histogram,adaptive,edges,256,1,0,0.0139,150.57,-9.43,6.307,18.834,1.286,8.751,1.666
histogram,adaptive,edges,257,1,0,0.0139,150.45,-9.55,5.522,19.832,1.522,9.622,2.154
histogram,adaptive,edges,258,1,0,0.0139,150.45,-9.55,6.666,19.828,1.35,9.094,1.817
histogram,adaptive,edges,259,1,0,0.0139,150.48,-9.52,5.191,18.47,1.532,9.297,1.48
histogram,adaptive,edges,260,1,0,0.0139,150.51,-9.49,7.02,19.846,1.276,8.976,1.694
histogram,adaptive,edges,261,1,0,0.0139,150.59,-9.41,5.169,19.802,3.154,9.054,1.336
histogram,adaptive,edges,262,1,0,0.0139,150.59,-9.41,5.56,18.136,1.153,8.805,1.826
histogram,adaptive,edges,263,1,0,0.0139,150.57,-9.43,5.423,19.324,1.485,9.773,1.608
histogram,adaptive,edges,264,1,0,0.0139,150.57,-9.43,7.115,20.985,1.817,9.02,2.123
histogram,adaptive,edges,265,1,0,0.0139,150.5,-9.5,4.856,19.017,2.418,9.275,1.539
histogram,adaptive,edges,266,1,0,0.0139,150.5,-9.5,7.37,23.293,1.353,9.183,4.451
histogram,adaptive,edges,267,1,0,0.0139,150.65,-9.35,5.501,19.093,1.804,8.701,2.129
histogram,adaptive,edges,268,1,0,0.0139,150.65,-9.35,7.021,21.045,1.34,9.747,1.912
histogram,adaptive,edges,269,1,0,0.0139,150.51,-9.49,8.984,21.492,1.453,8.758,1.461
histogram,adaptive,edges,270,1,0,0.0139,150.51,-9.49,6.993,22.226,2.893,9.699,1.706
histogram,adaptive,edges,271,1,0,0.0139,151.11,-8.89,6.488,19.322,1.428,8.952,1.522
histogram,adaptive,edges,272,1,0,0.0139,151.11,-8.89,6.48,22.812,1.776,9.472,3.622
histogram,adaptive,edges,273,1,0,0.0139,150.59,-9.41,5.268,17.533,1.197,8.469,1.699
histogram,adaptive,edges,274,1,0,0.0139,150.53,-9.47,7.588,21.464,1.286,9.453,2.079
histogram,adaptive,edges,275,1,0,0.0139,150.53,-9.47,4.644,17.957,2.332,8.736,1.3
histogram,adaptive,edges,276,1,0,0.0139,150.58,-9.42,6.933,19.965,1.48,8.965,1.704
histogram,adaptive,edges,277,1,0,0.0139,151.14,-8.86,5.265,19.788,2.367,9.782,1.469
histogram,adaptive,edges,278,1,0,0.0139,150.51,-9.49,6.628,18.655,1.173,8.018,1.886
histogram,adaptive,edges,279,1,0,0.0139,150.51,-9.49,4.525,15.627,1.172,7.789,1.234
histogram,adaptive,edges,280,1,0,0.0139,151.19,-8.81,6.134,17.231,1.104,7.631,1.548
histogram,adaptive,edges,281,1,0,0.0139,150.51,-9.49,5.757,18.202,1.127,8.297,2.19
histogram,adaptive,edges,282,1,0,0.0139,150.52,-9.48,4.082,14.466,1.006,7.51,1.168
histogram,adaptive,edges,283,1,0,0.0139,150.52,-9.48,3.99,14.495,1.091,7.228,1.396
histogram,adaptive,edges,284,1,0,0.0139,150.59,-9.41,4.136,14.178,0.99,7.23,1.146
histogram,adaptive,edges,285,1,0,0.0139,150.48,-9.52,4.349,14.013,0.784,7.24,0.884
histogram,adaptive,edges,286,1,0,0.0139,150.52,-9.48,3.861,13.339,0.665,7.207,0.922
histogram,adaptive,edges,287,1,0,0.0139,150.52,-9.48,3.86,13.813,0.678,7.146,1.426
histogram,adaptive,edges,288,1,0,0.0139,150.41,-9.59,4.114,13.711,0.643,7.416,0.848
histogram,adaptive,edges,289,1,0,0.0139,150.52,-9.48,4.031,13.617,0.686,7.233,0.944
histogram,adaptive,edges,290,1,0,0.0139,150.52,-9.48,3.915,13.337,0.672,7.173,0.867
histogram,adaptive,edges,291,1,0,0.0139,150.52,-9.48,3.838,13.182,0.639,7.123,0.893
histogram,adaptive,edges,292,1,0,0.0139,150.51,-9.49,3.847,13.308,0.687,7.145,0.942
histogram,adaptive,edges,293,1,0,0.0139,150.52,-9.48,3.804,13.18,0.645,7.198,0.852
histogram,adaptive,edges,294,1,0,0.0139,150.52,-9.48,3.824,13.162,0.643,7.126,0.878
histogram,adaptive,edges,295,1,0,0.0139,150.61,-9.39,3.827,13.296,0.682,7.095,1.003
histogram,adaptive,edges,296,1,0,0.0139,150.51,-9.49,3.801,13.169,0.657,7.152,0.879
histogram,adaptive,edges,297,1,0,0.0139,150.59,-9.41,3.783,13.107,0.639,7.125,0.871
histogram,adaptive,edges,298,1,0,0.0139,150.59,-9.41,4.595,14.507,0.641,7.409,1.118
histogram,adaptive,edges,299,1,0,0.0139,150.52,-9.48,4.383,15.186,0.729,8.208,0.988
histogram,adaptive,edges,300,1,0,0.0139,150.52,-9.48,4.433,15.089,0.72,8.205,0.964
histogram,adaptive,edges,301,1,0,0.0139,150.51,-9.49,4.348,15.093,0.719,8.249,0.955
histogram,adaptive,edges,302,1,0,0.0139,150.52,-9.48,4.325,15.08,0.777,8.245,0.962
histogram,adaptive,edges,303,1,0,0.0139,150.52,-9.48,4.341,15.083,0.727,8.21,1.042
histogram,adaptive,edges,304,1,0,0.0139,150.5,-9.5,4.426,15.083,0.719,8.207,0.965
histogram,adaptive,edges,305,1,0,0.0139,150.53,-9.47,3.786,13.596,0.727,7.474,0.856
histogram,adaptive,edges,306,1,0,0.0139,150.5,-9.5,3.818,13.137,0.645,7.103,0.881
histogram,adaptive,edges,307,1,0,0.0139,150.5,-9.5,3.816,13.241,0.689,7.108,0.95
histogram,adaptive,edges,308,1,0,0.0139,150.86,-9.14,3.814,13.164,0.633,7.168,0.855
histogram,adaptive,edges,309,1,1,0.0217,155.75,-4.25,2.904,12.215,0.645,7.125,0.833
histogram,adaptive,edges,310,1,0,0.0097,184.99,24.99,4.112,13.484,0.643,7.133,0.861
histogram,adaptive,edges,311,1,0,0.0097,184.99,24.99,4.063,13.449,0.627,7.095,0.911
histogram,adaptive,edges,312,1,0,0.0069,150.89,-9.11,3.786,13.084,0.638,7.135,0.831
histogram,adaptive,edges,313,1,0,0.0069,151.18,-8.82,3.807,13.096,0.639,7.127,0.844
histogram,adaptive,edges,314,1,0,0.0069,151.18,-8.82,5.145,15.631,0.678,7.552,1.487
histogram,adaptive,edges,315,1,0,0.0069,151.05,-8.95,7.832,18.076,0.791,7.803,0.878
histogram,adaptive,edges,316,1,0,0.0139,150.69,-9.31,3.788,13.923,1.09,7.132,1.231
histogram,adaptive,edges,317,1,0,0.0139,151.54,-8.46,3.85,13.918,1.027,7.099,1.273
histogram,adaptive,edges,318,1,0,0.0139,151.54,-8.46,3.848,13.875,0.995,7.136,1.218
histogram,adaptive,edges,319,1,0,0.0139,222.38,62.38,4.108,14.13,1.033,7.101,1.179
histogram,adaptive,edges,320,1,0,0.0139,150.64,-9.36,3.789,13.819,0.992,7.131,1.227
histogram,adaptive,edges,321,1,0,0.0139,150.56,-9.44,3.803,13.81,1.037,7.111,1.174
histogram,adaptive,edges,322,1,0,0.0139,150.56,-9.44,3.773,13.767,0.986,7.109,1.21
histogram,adaptive,edges,323,1,0,0.0139,150.65,-9.35,3.826,13.945,1.039,7.087,1.313
histogram,adaptive,edges,324,1,0,0.0139,150.65,-9.35,3.81,13.704,0.985,7.107,1.123
histogram,adaptive,edges,325,1,0,0.0139,150.88,-9.12,3.8,13.824,1.034,7.096,1.208
histogram,adaptive,edges,326,1,0,0.0139,150.88,-9.12,3.794,13.81,0.987,7.144,1.21
histogram,adaptive,edges,327,1,0,0.0139,150.62,-9.38,3.783,13.745,0.985,7.12,1.179
histogram,adaptive,edges,328,1,0,0.0139,150.62,-9.38,3.792,13.745,0.982,7.167,1.117
histogram,adaptive,edges,329,1,0,0.0139,150.66,-9.34,3.712,13.824,0.982,7.13,1.223
histogram,adaptive,edges,330,1,0,0.0139,150.66,-9.34,3.792,13.919,0.993,7.164,1.223
histogram,adaptive,edges,331,1,0,0.0139,150.67,-9.33,3.787,13.809,0.982,7.124,1.229
histogram,adaptive,edges,332,1,0,0.0139,150.67,-9.33,3.793,13.934,0.988,7.172,1.234
histogram,adaptive,edges,333,1,0,0.0139,150.95,-9.05,3.824,13.84,0.993,7.118,1.229
histogram,adaptive,edges,334,1,0,0.0139,150.95,-9.05,3.805,13.894,0.993,7.236,1.118
histogram,adaptive,edges,335,1,0,0.0139,150.62,-9.38,3.79,13.705,0.987,7.129,1.11
histogram,adaptive,edges,336,1,0,0.0139,150.7,-9.3,3.815,13.922,1.03,7.091,1.307
histogram,adaptive,edges,337,1,0,0.0139,150.95,-9.05,3.789,13.811,0.994,7.123,1.227
histogram,adaptive,edges,338,1,0,0.0139,150.95,-9.05,3.857,13.837,1.036,7.072,1.181
histogram,adaptive,edges,339,1,0,0.0139,150.94,-9.06,3.782,13.805,0.993,7.102,1.214
histogram,adaptive,edges,340,1,0,0.0139,150.92,-9.08,3.836,13.937,1.028,7.092,1.294
histogram,adaptive,edges,341,1,0,0.0139,150.89,-9.11,4.303,14.516,0.991,7.357,1.176
histogram,adaptive,edges,342,1,0,0.0139,150.89,-9.11,4.357,15.787,1.125,8.239,1.255
histogram,adaptive,edges,343,1,0,0.0139,150.96,-9.04,4.32,15.732,1.196,8.219,1.256
histogram,adaptive,edges,344,1,0,0.0139,150.68,-9.32,4.611,16.254,1.178,8.439,1.272
histogram,adaptive,edges,345,1,0,0.0139,150.69,-9.31,4.312,15.756,1.144,8.224,1.264
histogram,adaptive,edges,346,1,0,0.0139,150.69,-9.31,4.376,15.831,1.19,8.261,1.256
histogram,adaptive,edges,347,1,0,0.0139,150.7,-9.3,4.293,15.876,1.187,8.242,1.397
histogram,adaptive,edges,348,1,0,0.0139,150.7,-9.3,3.81,14.31,1.469,7.168,1.116
histogram,adaptive,edges,349,1,0,0.0139,156.76,-3.24,3.967,13.893,0.983,7.101,1.12
histogram,adaptive,edges,350,1,0,0.0139,150.94,-9.06,4.157,14.383,1.039,7.189,1.268
histogram,adaptive,edges,351,1,0,0.0139,150.94,-9.06,6.04,17.633,1.012,8.011,1.74
histogram,adaptive,edges,352,1,0,0.0139,150.92,-9.08,4.189,15.317,1.181,7.836,1.25
histogram,adaptive,edges,353,1,0,0.0139,150.95,-9.05,6.424,17.802,1.112,7.972,1.472
histogram,adaptive,edges,354,1,0,0.0139,150.83,-9.17,4.534,16.909,1.151,8.549,1.886
histogram,adaptive,edges,355,1,0,0.0139,150.83,-9.17,5.217,17.265,1.149,8.314,1.702
histogram,adaptive,edges,356,1,0,0.0139,150.94,-9.06,6.657,20.339,1.268,9.439,2.058
histogram,adaptive,edges,357,1,0,0.0139,150.94,-9.06,5.101,18.055,1.435,8.821,1.697
histogram,adaptive,edges,358,1,0,0.0139,150.93,-9.07,6.644,19.248,1.172,8.888,1.676
histogram,adaptive,edges,359,1,0,0.0139,150.93,-9.07,4.472,17.29,1.313,9.236,1.394
histogram,adaptive,edges,360,1,0,0.0139,150.95,-9.05,5.924,17.791,1.295,8.076,1.579
histogram,fixed,binary,0,1,0,0.075,159.45,-0.55,4.197,8.228,1.277,0.326,1.566
histogram,fixed,binary,1,1,0,0.075,159.47,-0.53,3.995,6.767,1.003,0.092,0.948
histogram,fixed,binary,2,1,0,0.075,159.45,-0.55,4.825,9.319,1.089,0.255,2.154
histogram,fixed,binary,3,1,0,0.075,159.45,-0.55,6.198,9.997,1.291,0.229,1.478
histogram,fixed,binary,4,1,0,0.0736,159.46,-0.54,6.276,10.358,1.22,0.276,1.711
histogram,fixed,binary,5,1,0,0.0736,159.49,-0.51,4.367,8.485,1.879,0.273,1.237
histogram,fixed,binary,6,1,0,0.0736,159.49,-0.51,5.062,10.596,2.178,0.216,2.386
histogram,fixed,binary,7,1,0,0.075,159.74,-0.26,5.902,10.173,1.41,0.508,1.472
histogram,fixed,binary,8,1,0,0.075,159.4,-0.6,6.414,10.536,1.251,0.3,1.697
histogram,fixed,binary,9,1,0,0.0736,159.59,-0.41,5.89,9.447,1.17,0.099,1.49
histogram,fixed,binary,10,1,0,0.0736,159.59,-0.41,4.969,9.2,1.553,0.254,1.601
histogram,fixed,binary,11,1,0,0.0736,159.45,-0.55,6.057,9.653,1.212,0.18,1.262
histogram,fixed,binary,12,1,0,0.075,159.51,-0.49,7.841,12.424,1.582,0.257,1.784
histogram,fixed,binary,13,1,0,0.0736,159.65,-0.35,4.328,8.054,1.287,0.184,1.438
histogram,fixed,binary,14,1,0,0.0736,159.65,-0.35,8.175,11.73,1.318,0.111,1.314
histogram,fixed,binary,15,1,0,0.0736,159.54,-0.46,6.932,10.4,1.243,0.165,1.251
histogram,fixed,binary,16,1,0,0.0736,159.54,-0.46,8.382,12.593,1.303,0.255,1.707
histogram,fixed,binary,17,1,0,0.075,159.66,-0.34,4.514,9.9,1.507,0.257,2.624
histogram,fixed,binary,18,1,0,0.0736,159.47,-0.53,3.911,6.962,1.165,0.121,0.947
histogram,fixed,binary,19,1,0,0.075,159.38,-0.62,4.424,7.621,1.047,0.099,1.223
histogram,fixed,binary,20,1,0,0.075,159.38,-0.62,5.311,9.243,1.095,0.162,1.858
histogram,fixed,binary,21,1,0,0.0736,159.46,-0.54,5.963,10.619,1.852,0.261,1.509
histogram,fixed,binary,22,1,0,0.0736,159.86,-0.14,6.408,10.368,1.223,0.307,1.533
histogram,fixed,binary,23,1,0,0.0736,159.86,-0.14,4.159,7.352,1.088,0.112,1.296
histogram,fixed,binary,24,1,0,0.075,159.62,-0.38,4.185,7.257,1.015,0.097,1.232
histogram,fixed,binary,25,1,0,0.0736,158.99,-1.01,4.833,8.246,1.179,0.206,1.155
histogram,fixed,binary,26,1,0,0.0736,158.99,-1.01,5.957,9.467,1.132,0.192,1.29
histogram,fixed,binary,27,1,0,0.0736,158.99,-1.01,6.23,10.708,1.161,0.273,2.063
histogram,fixed,binary,28,1,0,0.075,159.71,-0.29,4.492,8.748,1.335,0.409,1.579
histogram,fixed,binary,29,1,0,0.0736,159.79,-0.21,4.074,6.924,1.02,0.1,0.955
histogram,fixed,binary,30,1,0,0.0736,159.61,-0.39,4.392,8.169,1.241,0.17,1.456
histogram,fixed,binary,31,1,0,0.0736,159.61,-0.39,4.733,8.74,1.684,0.15,1.365
histogram,fixed,binary,32,1,0,0.0736,159.44,-0.56,5.49,9.76,1.21,0.157,2.102
histogram,fixed,binary,33,1,0,0.0736,159.47,-0.53,6.597,10.497,1.289,0.234,1.479
histogram,fixed,binary,34,1,0,0.0736,159.47,-0.53,6.88,11.71,1.394,0.372,2.005
histogram,fixed,binary,35,1,0,0.075,159.48,-0.52,4.379,8.185,1.323,0.176,1.487
histogram,fixed,binary,36,1,0,0.075,159.48,-0.52,5.415,9.297,1.686,0.131,1.311
histogram,fixed,binary,37,1,0,0.0736,159.79,-0.21,6.178,10.434,1.359,0.196,1.63
histogram,fixed,binary,38,1,0,0.0736,159.79,-0.21,6.615,11.275,1.339,0.391,1.893
histogram,fixed,binary,39,1,0,0.0736,159.74,-0.26,5.625,11.575,1.336,0.28,3.238
histogram,fixed,binary,40,1,0,0.0736,159.74,-0.26,3.864,6.986,1.022,0.106,1.206
histogram,fixed,binary,41,1,0,0.0736,159.49,-0.51,4.477,7.524,1.0,0.092,1.21
histogram,fixed,binary,42,1,0,0.075,159.78,-0.22,5.359,8.668,1.035,0.138,1.323
histogram,fixed,binary,43,1,0,0.0736,159.6,-0.4,6.074,10.12,1.123,0.242,1.794
histogram,fixed,binary,44,1,0,0.0736,159.6,-0.4,6.343,10.454,1.23,0.267,1.513
histogram,fixed,binary,45,1,0,0.0736,159.78,-0.22,3.93,7.34,1.096,0.151,1.382
histogram,fixed,binary,46,1,0,0.0736,159.78,-0.22,3.962,6.964,1.001,0.104,1.173
histogram,fixed,binary,47,1,0,0.0736,159.54,-0.46,4.26,7.395,1.036,0.138,1.151
histogram,fixed,binary,48,1,0,0.0736,159.54,-0.46,4.836,8.232,1.089,0.196,1.387
histogram,fixed,binary,49,1,0,0.075,159.45,-0.55,5.943,9.877,1.21,0.306,1.607
histogram,fixed,binary,50,1,0,0.075,159.45,-0.55,6.328,11.675,1.725,0.331,2.272
histogram,fixed,binary,51,1,0,0.0736,159.3,-0.7,3.915,7.215,1.029,0.15,1.36
histogram,fixed,binary,52,1,0,0.075,158.98,-1.02,3.955,6.656,0.642,0.101,1.223
histogram,fixed,binary,53,1,0,0.075,158.98,-1.02,4.263,6.646,0.716,0.103,0.815
histogram,fixed,binary,54,1,0,0.075,159.5,-0.5,4.276,7.312,1.013,0.127,1.211
histogram,fixed,binary,55,1,0,0.0736,159.75,-0.25,5.36,9.824,1.073,0.204,2.398
histogram,fixed,binary,56,1,0,0.0736,159.75,-0.25,6.249,10.056,1.239,0.267,1.414
histogram,fixed,binary,57,1,0,0.0736,159.52,-0.48,4.166,8.241,1.306,0.33,1.529
histogram,fixed,binary,58,1,0,0.075,159.28,-0.72,4.736,7.655,1.002,0.094,1.083
histogram,fixed,binary,59,1,0,0.075,159.28,-0.72,5.151,9.678,1.261,0.226,2.295
histogram,fixed,binary,60,1,0,0.075,159.44,-0.56,6.127,10.452,1.215,0.365,1.62
histogram,fixed,binary,61,1,0,0.0736,159.78,-0.22,5.363,9.382,1.155,0.291,1.629
histogram,fixed,binary,62,1,0,0.0736,159.78,-0.22,4.802,10.55,3.391,0.133,1.42
histogram,fixed,binary,63,1,0,0.075,159.58,-0.42,5.857,9.628,1.19,0.261,1.547
histogram,fixed,binary,64,1,0,0.075,159.58,-0.42,5.947,10.025,1.375,0.363,1.465
histogram,fixed,binary,65,1,0,0.0736,159.56,-0.44,4.497,9.141,1.16,0.332,2.162
histogram,fixed,binary,66,1,0,0.0736,159.56,-0.44,4.759,7.902,1.065,0.108,1.224
histogram,fixed,binary,67,1,0,0.0736,159.61,-0.39,5.292,10.51,2.575,0.194,1.555
histogram,fixed,binary,68,1,0,0.075,159.57,-0.43,5.901,9.888,1.166,0.263,1.663
histogram,fixed,binary,69,1,0,0.0736,159.53,-0.47,5.207,9.222,1.23,0.258,1.548
histogram,fixed,binary,70,1,0,0.0736,159.27,-0.73,4.479,7.58,1.091,0.093,1.181
histogram,fixed,binary,71,1,0,0.0736,159.27,-0.73,4.753,8.157,1.031,0.217,1.413
histogram,fixed,binary,72,1,0,0.0806,158.8,-1.2,5.763,9.218,1.095,0.242,1.279
histogram,fixed,binary,73,1,0,0.0778,159.24,-0.76,6.635,10.48,1.158,0.277,1.544
histogram,fixed,binary,74,1,0,0.0819,159.11,-0.89,4.761,8.818,1.285,0.215,1.362
histogram,fixed,binary,75,1,0,0.0819,159.11,-0.89,5.002,8.413,1.144,0.099,1.38
histogram,fixed,binary,76,1,0,0.0806,159.02,-0.98,6.786,10.835,1.299,0.205,1.688
histogram,fixed,binary,77,1,0,0.0833,158.87,-1.13,6.434,10.928,1.351,0.265,1.835
histogram,fixed,binary,78,1,0,0.0833,158.87,-1.13,5.797,10.478,1.315,0.277,1.77
histogram,fixed,binary,79,1,0,0.0833,158.87,-1.13,4.795,8.103,1.136,0.159,1.253
histogram,fixed,binary,80,1,0,0.0972,157.75,-2.25,4.544,7.902,1.228,0.139,1.221
histogram,fixed,binary,81,1,0,0.1069,157.06,-2.94,4.732,8.121,1.22,0.141,1.225
histogram,fixed,binary,82,1,0,0.1069,157.06,-2.94,6.852,10.785,1.347,0.239,1.453
histogram,fixed,binary,83,1,0,0.0833,157.33,-2.67,7.911,12.861,1.517,0.287,2.074
histogram,fixed,binary,84,1,0,0.0819,158.43,-1.57,4.534,8.092,1.259,0.171,1.317
histogram,fixed,binary,85,1,0,0.0764,158.72,-1.28,4.756,9.438,2.087,0.163,1.54
histogram,fixed,binary,86,1,0,0.0764,158.72,-1.28,6.233,10.299,1.236,0.259,1.601
histogram,fixed,binary,87,1,0,0.0764,159.21,-0.79,6.851,11.631,1.682,0.291,1.759
histogram,fixed,binary,88,1,0,0.0764,159.21,-0.79,4.414,7.942,1.186,0.169,1.318
histogram,fixed,binary,89,1,0,0.0736,159.12,-0.88,4.208,7.42,1.247,0.125,1.076
histogram,fixed,binary,90,1,0,0.0736,159.12,-0.88,4.207,7.489,1.137,0.096,1.299
histogram,fixed,binary,91,1,0,0.0764,158.84,-1.16,4.425,7.58,1.142,0.106,1.152
histogram,fixed,binary,92,1,0,0.0764,158.84,-1.16,4.133,7.729,1.244,0.129,1.429
histogram,fixed,binary,93,1,0,0.0764,159.07,-0.93,4.285,7.348,1.128,0.096,1.083
histogram,fixed,binary,94,1,0,0.0764,158.29,-1.71,4.109,7.35,1.125,0.097,1.261
histogram,fixed,binary,95,1,0,0.0764,158.29,-1.71,4.107,7.425,1.141,0.095,1.264
histogram,fixed,binary,96,1,0,0.0778,152.4,-7.6,4.356,7.644,1.332,0.123,1.074
histogram,fixed,binary,97,1,0,0.0764,157.74,-2.26,3.711,6.526,1.044,0.101,0.954
histogram,fixed,binary,98,1,0,0.0764,157.74,-2.26,3.631,6.417,0.995,0.09,0.943
histogram,fixed,binary,99,1,0,0.0764,157.74,-2.26,3.684,6.452,0.993,0.089,0.943
histogram,fixed,binary,100,1,0,0.0806,159.05,-0.95,3.717,6.667,0.987,0.091,1.185
histogram,fixed,binary,101,1,0,0.0792,141.83,-18.17,3.872,6.616,0.995,0.091,0.976
histogram,fixed,binary,102,1,0,0.0667,145.89,-14.11,3.937,6.714,0.983,0.093,0.955
histogram,fixed,binary,103,1,0,0.0667,145.89,-14.11,3.941,6.69,0.992,0.14,0.938
histogram,fixed,binary,104,1,0,0.0639,147.89,-12.11,3.611,6.537,0.993,0.091,1.085
histogram,fixed,binary,105,1,0,0.0639,153.45,-6.55,3.955,6.923,0.993,0.091,1.126
histogram,fixed,binary,106,1,0,0.0639,153.45,-6.55,4.0,6.937,1.047,0.094,1.124
histogram,fixed,binary,107,1,0,0.0806,161.24,1.24,3.872,7.302,0.992,0.092,1.645
histogram,fixed,binary,108,1,0,0.0806,161.24,1.24,3.801,6.707,0.994,0.089,1.079
histogram,fixed,binary,109,1,0,0.0667,159.48,-0.52,3.663,6.546,0.992,0.091,1.112
histogram,fixed,binary,110,1,0,0.0667,159.48,-0.52,3.657,6.426,1.03,0.099,0.949
histogram,fixed,binary,111,1,0,0.0667,159.48,-0.52,3.575,6.524,0.985,0.089,1.127
histogram,fixed,binary,112,1,1,0.0467,157.44,-2.56,2.921,5.84,0.994,0.092,1.086
histogram,fixed,binary,113,1,1,0.0533,157.4,-2.6,3.559,6.829,1.103,0.164,1.269
histogram,fixed,binary,114,1,1,0.0533,157.4,-2.6,2.938,5.689,1.003,0.102,0.942
histogram,fixed,binary,115,1,1,0.0575,157.53,-2.47,2.876,5.649,0.992,0.088,1.011
histogram,fixed,binary,116,1,1,0.0575,157.53,-2.47,3.234,5.967,0.984,0.09,0.972
histogram,fixed,binary,117,1,0,0.0069,81.34,-78.66,3.848,6.992,1.086,0.123,1.192
histogram,fixed,binary,118,1,0,0.0472,82.06,-77.94,4.001,6.782,0.996,0.094,0.975
histogram,fixed,binary,119,1,0,0.0472,82.06,-77.94,4.007,6.988,1.031,0.115,1.119
histogram,fixed,binary,120,1,0,0.0569,82.36,-77.64,3.99,6.757,1.031,0.098,0.944
histogram,fixed,binary,121,1,1,0.1017,143.52,-16.48,2.838,5.88,0.983,0.09,1.291
histogram,fixed,binary,122,1,1,0.1017,143.52,-16.48,2.928,5.778,0.988,0.089,1.025
histogram,fixed,binary,123,1,1,0.1042,143.88,-16.12,2.821,5.661,0.991,0.089,1.092
histogram,fixed,binary,124,1,1,0.1042,143.88,-16.12,2.879,5.743,1.043,0.093,1.04
histogram,fixed,binary,125,1,1,0.1208,143.99,-16.01,2.904,5.619,0.996,0.09,0.945
histogram,fixed,binary,126,1,1,0.1483,143.93,-16.07,2.929,5.79,1.041,0.101,1.035
histogram,fixed,binary,127,1,1,0.1483,143.93,-16.07,2.917,5.666,0.988,0.087,0.96
histogram,fixed,binary,128,1,0,0.0806,175.46,15.46,4.263,7.25,1.027,0.148,1.115
histogram,fixed,binary,129,1,0,0.1597,162.91,2.91,4.362,7.561,1.137,0.097,1.208
histogram,fixed,binary,130,1,0,0.1597,162.91,2.91,4.384,7.76,1.143,0.096,1.386
histogram,fixed,binary,131,1,0,0.1569,159.18,-0.82,4.123,7.435,1.143,0.1,1.318
histogram,fixed,binary,132,1,0,0.1569,159.18,-0.82,4.189,7.295,1.135,0.1,1.061
histogram,fixed,binary,133,1,0,0.1486,156.76,-3.24,3.802,6.841,1.122,0.096,1.058
histogram,fixed,binary,134,1,0,0.1486,156.76,-3.24,3.821,7.131,1.187,0.102,1.262
histogram,fixed,binary,135,1,0,0.1486,156.76,-3.24,3.824,6.904,1.126,0.095,1.108
histogram,fixed,binary,136,1,0,0.1292,156.99,-3.01,3.861,7.228,1.151,0.098,1.37
histogram,fixed,binary,137,1,0,0.0194,155.39,-4.61,3.84,6.919,1.131,0.101,1.058
histogram,fixed,binary,138,1,0,0.0194,155.39,-4.61,3.793,6.922,1.205,0.101,1.062
histogram,fixed,binary,139,1,0,0.0194,155.39,-4.61,3.788,7.078,1.181,0.105,1.249
histogram,fixed,binary,140,1,1,0.0775,164.97,4.97,3.385,6.579,1.142,0.099,1.195
histogram,fixed,binary,141,1,1,0.0733,168.65,8.65,3.294,6.376,1.125,0.095,1.109
histogram,fixed,binary,142,1,1,0.0633,168.42,8.42,2.966,6.24,1.181,0.101,1.248
histogram,fixed,binary,143,1,1,0.0633,168.42,8.42,2.93,5.793,0.987,0.09,1.1
histogram,fixed,binary,144,1,1,0.0567,168.49,8.49,2.93,5.76,1.03,0.096,1.026
histogram,fixed,binary,145,1,1,0.0383,166.69,6.69,2.973,5.706,0.989,0.092,0.957
histogram,fixed,binary,146,1,1,0.02,171.53,11.53,2.55,5.305,0.985,0.09,1.009
histogram,fixed,binary,147,1,1,0.02,171.53,11.53,2.622,5.456,0.994,0.096,0.965
histogram,fixed,binary,148,1,1,0.0333,164.7,4.7,2.855,5.628,0.991,0.094,0.959
histogram,fixed,binary,149,1,1,0.045,153.42,-6.58,2.657,5.612,1.175,0.101,1.003
histogram,fixed,binary,150,1,1,0.0542,165.82,5.82,2.977,5.675,0.993,0.094,0.938
histogram,fixed,binary,151,1,1,0.0542,165.82,5.82,2.98,5.711,0.986,0.089,0.98
histogram,fixed,binary,152,1,1,0.0617,166.27,6.27,2.968,5.768,0.977,0.095,1.073
histogram,fixed,binary,153,1,1,0.07,167.19,7.19,2.844,5.802,0.99,0.089,1.209
histogram,fixed,binary,154,1,1,0.07,167.19,7.19,2.924,5.69,0.984,0.091,0.951
histogram,fixed,binary,155,1,1,0.07,167.19,7.19,2.849,5.649,0.982,0.09,1.044
histogram,fixed,binary,156,1,1,0.075,166.55,6.55,2.971,5.816,1.031,0.094,1.015
histogram,fixed,binary,157,1,0,0.0611,231.75,71.75,3.961,6.668,0.985,0.09,0.917
histogram,fixed,binary,158,1,0,0.0611,231.75,71.75,3.95,6.842,0.985,0.09,1.075
histogram,fixed,binary,159,1,0,0.0333,234.18,74.18,3.932,6.816,1.034,0.096,1.071
histogram,fixed,binary,160,1,1,0.0858,176.92,16.92,2.849,5.603,0.978,0.091,1.0
histogram,fixed,binary,161,1,1,0.0858,176.68,16.68,2.932,5.791,1.029,0.093,1.064
histogram,fixed,binary,162,1,1,0.0858,176.68,16.68,2.937,5.621,0.98,0.091,0.93
histogram,fixed,binary,163,1,1,0.0833,176.14,16.14,2.962,5.828,1.027,0.095,1.065
histogram,fixed,binary,164,1,1,0.0833,176.14,16.14,3.071,5.893,0.993,0.092,1.052
histogram,fixed,binary,165,1,1,0.08,176.67,16.67,2.949,5.858,1.037,0.097,1.096
histogram,fixed,binary,166,1,1,0.0742,176.33,16.33,2.966,5.687,0.99,0.09,0.962
histogram,fixed,binary,167,1,1,0.0742,176.33,16.33,2.934,5.859,0.996,0.088,1.131
histogram,fixed,binary,168,1,1,0.0742,176.33,16.33,2.954,5.842,0.991,0.094,1.122
histogram,fixed,binary,169,1,1,0.0625,177.09,17.09,2.926,5.914,0.99,0.087,1.234
histogram,fixed,binary,170,1,1,0.0625,177.09,17.09,2.929,5.618,0.987,0.09,0.938
histogram,fixed,binary,171,1,1,0.0625,177.09,17.09,2.854,5.779,0.991,0.09,1.167
histogram,fixed,binary,172,1,1,0.0758,176.92,16.92,2.925,5.662,0.988,0.089,0.923
histogram,fixed,binary,173,1,1,0.0808,176.71,16.71,2.854,5.651,0.99,0.089,0.97
histogram,fixed,binary,174,1,1,0.0925,175.7,15.7,2.979,5.752,1.032,0.094,0.969
histogram,fixed,binary,175,1,1,0.0925,175.7,15.7,2.962,5.681,0.984,0.089,0.957
histogram,fixed,binary,176,1,0,0.0097,236.72,76.72,3.772,6.624,1.032,0.095,1.04
histogram,fixed,binary,177,1,0,0.0444,235.03,75.03,4.414,7.708,1.143,0.096,1.277
histogram,fixed,binary,178,1,0,0.0444,235.03,75.03,4.398,7.529,1.14,0.096,1.066
histogram,fixed,binary,179,1,0,0.0444,235.03,75.03,4.519,7.715,1.146,0.097,1.196
histogram,fixed,binary,180,1,1,0.1042,186.91,26.91,3.336,6.524,1.137,0.097,1.203
histogram,fixed,binary,181,1,1,0.1017,187.31,27.31,3.298,6.566,1.181,0.1,1.23
histogram,fixed,binary,182,1,1,0.0925,187.76,27.76,3.867,7.218,1.172,0.109,1.32
histogram,fixed,binary,183,1,1,0.0925,187.76,27.76,3.186,6.659,1.238,0.192,1.245
histogram,fixed,binary,184,1,1,0.0842,187.64,27.64,3.309,6.468,1.14,0.099,1.095
histogram,fixed,binary,185,1,0,0.0153,155.36,-4.64,3.954,7.516,1.28,0.129,1.392
histogram,fixed,binary,186,1,0,0.0986,157.6,-2.4,4.756,8.245,1.149,0.101,1.44
histogram,fixed,binary,187,1,0,0.0986,157.6,-2.4,4.363,7.983,1.246,0.27,1.188
histogram,fixed,binary,188,1,0,0.0542,156.26,-3.74,4.947,8.037,1.139,0.098,1.106
histogram,fixed,binary,189,1,0,0.0347,156.01,-3.99,6.017,10.039,1.333,0.268,1.517
histogram,fixed,binary,190,1,0,0.0347,156.01,-3.99,5.824,9.832,1.264,0.283,1.594
histogram,fixed,binary,191,1,0,0.0347,156.01,-3.99,5.894,10.046,1.513,0.25,1.467
histogram,fixed,binary,192,1,0,0.0597,155.88,-4.12,4.868,8.649,1.209,0.192,1.457
histogram,fixed,binary,193,1,0,0.0403,155.69,-4.31,4.911,8.333,1.155,0.138,1.362
histogram,fixed,binary,194,1,0,0.0472,155.74,-4.26,5.614,9.193,1.18,0.176,1.383
histogram,fixed,binary,195,1,0,0.0472,155.74,-4.26,5.946,10.094,1.339,0.245,1.629
histogram,fixed,binary,196,1,0,0.0111,155.25,-4.75,5.966,10.398,1.353,0.264,1.799
histogram,fixed,binary,197,1,1,0.0817,172.42,12.42,3.913,7.685,1.326,0.246,1.205
histogram,fixed,binary,198,1,1,0.0817,172.42,12.42,3.623,6.925,1.253,0.142,1.136
histogram,fixed,binary,199,1,1,0.0792,173.63,13.63,4.207,8.48,1.278,0.168,1.997
histogram,fixed,binary,200,1,1,0.0792,173.63,13.63,5.433,9.388,1.457,0.208,1.413
histogram,fixed,binary,201,1,1,0.0808,173.31,13.31,4.694,8.924,1.438,0.274,1.59
histogram,fixed,binary,202,1,1,0.0833,173.26,13.26,4.673,8.669,1.268,0.259,1.583
histogram,fixed,binary,203,1,1,0.0833,173.26,13.26,3.564,7.521,1.272,0.336,1.391
histogram,fixed,binary,204,1,1,0.0733,172.49,12.49,3.384,6.643,1.181,0.135,1.177
histogram,fixed,binary,205,1,1,0.0792,173.01,13.01,3.394,6.785,1.198,0.21,1.198
histogram,fixed,binary,206,1,1,0.0792,173.01,13.01,3.345,6.458,1.197,0.104,1.058
histogram,fixed,binary,207,1,1,0.0908,173.21,13.21,3.478,9.363,1.136,0.097,3.878
histogram,fixed,binary,208,1,1,0.0892,173.18,13.18,3.332,6.505,1.185,0.103,1.122
histogram,fixed,binary,209,1,1,0.0958,173.24,13.24,3.374,6.831,1.198,0.173,1.295
histogram,fixed,binary,210,1,1,0.0958,173.24,13.24,3.234,6.627,1.186,0.178,1.195
histogram,fixed,binary,211,1,1,0.0942,173.5,13.5,3.694,6.888,1.194,0.1,1.136
histogram,fixed,binary,212,1,1,0.0942,173.5,13.5,3.815,7.032,1.187,0.126,1.151
histogram,fixed,binary,213,1,1,0.1025,136.12,-23.88,3.948,7.063,1.134,0.098,1.131
histogram,fixed,binary,214,1,1,0.1025,136.12,-23.88,4.081,7.186,1.159,0.12,1.051
histogram,fixed,binary,215,1,0,0.0556,146.87,-13.13,4.599,7.743,1.137,0.096,1.099
histogram,fixed,binary,216,1,0,0.0625,155.72,-4.28,5.156,8.763,1.462,0.27,1.053
histogram,fixed,binary,217,1,0,0.0667,159.53,-0.47,3.938,6.753,0.996,0.092,0.996
histogram,fixed,binary,218,1,0,0.0694,157.07,-2.93,3.539,6.508,1.1,0.12,0.985
histogram,fixed,binary,219,1,0,0.0694,157.07,-2.93,4.139,7.324,1.047,0.169,1.205
histogram,fixed,binary,220,1,0,0.0444,156.08,-3.92,5.124,8.178,1.048,0.116,1.025
histogram,fixed,binary,221,1,1,0.2125,169.31,9.31,3.903,7.209,1.095,0.188,1.214
histogram,fixed,binary,222,1,1,0.2125,169.31,9.31,4.164,6.96,1.016,0.109,0.983
histogram,fixed,binary,223,1,0,0.0417,156.47,-3.53,4.537,8.334,1.321,0.26,1.291
histogram,fixed,binary,224,1,0,0.0417,156.47,-3.53,4.616,7.89,1.056,0.123,1.281
histogram,fixed,binary,225,1,0,0.0694,159.51,-0.49,4.049,7.05,1.01,0.114,1.105
histogram,fixed,binary,226,1,0,0.0694,159.51,-0.49,4.811,7.896,1.063,0.135,1.135
histogram,fixed,binary,227,1,0,0.0764,160.85,0.85,5.823,9.502,1.18,0.216,1.458
histogram,fixed,binary,228,1,0,0.0764,160.85,0.85,6.131,9.939,1.105,0.265,1.623
histogram,fixed,binary,229,1,0,0.0764,160.34,0.34,5.532,9.5,1.349,0.226,1.517
histogram,fixed,binary,230,1,0,0.0764,160.42,0.42,4.575,7.863,1.142,0.114,1.223
histogram,fixed,binary,231,1,0,0.0764,160.42,0.42,4.129,7.419,1.157,0.119,1.265
histogram,fixed,binary,232,1,0,0.0778,160.36,0.36,4.222,7.493,1.129,0.097,1.224
histogram,fixed,binary,233,1,0,0.0764,160.54,0.54,4.179,7.39,1.236,0.105,1.123
histogram,fixed,binary,234,1,0,0.0764,160.43,0.43,4.23,7.449,1.215,0.119,1.13
histogram,fixed,binary,235,1,0,0.0764,160.43,0.43,4.126,7.313,1.208,0.121,1.114
histogram,fixed,binary,236,1,0,0.0778,160.49,0.49,4.235,7.465,1.136,0.098,1.247
histogram,fixed,binary,237,1,0,0.0764,160.55,0.55,4.169,7.49,1.142,0.097,1.297
histogram,fixed,binary,238,1,0,0.0764,160.55,0.55,4.177,7.521,1.141,0.096,1.226
histogram,fixed,binary,239,1,0,0.0792,160.42,0.42,5.165,8.47,1.137,0.094,1.28
histogram,fixed,binary,240,1,0,0.0792,160.42,0.42,4.788,8.269,1.254,0.212,1.207
histogram,fixed,binary,241,1,0,0.0764,160.63,0.63,5.269,8.751,1.144,0.105,1.402
histogram,fixed,binary,242,1,0,0.0764,160.51,0.51,4.385,8.425,1.282,0.212,1.402
histogram,fixed,binary,243,1,0,0.0764,160.51,0.51,4.265,7.442,1.196,0.108,1.119
histogram,fixed,binary,244,1,0,0.0778,160.42,0.42,4.203,7.498,1.138,0.098,1.306
histogram,fixed,binary,245,1,0,0.0792,162.14,2.14,4.597,7.957,1.165,0.117,1.309
histogram,fixed,binary,246,1,0,0.0792,162.14,2.14,4.643,7.977,1.138,0.102,1.336
histogram,fixed,binary,247,1,0,0.0778,160.5,0.5,4.488,8.212,1.22,0.16,1.52
histogram,fixed,binary,248,1,0,0.0778,160.5,0.5,4.349,7.65,1.151,0.1,1.299
histogram,fixed,binary,249,1,0,0.0792,160.55,0.55,5.005,8.526,1.185,0.149,1.37
histogram,fixed,binary,250,1,0,0.0792,160.55,0.55,4.197,7.578,1.2,0.11,1.298
histogram,fixed,binary,251,1,0,0.0764,160.57,0.57,4.325,7.771,1.145,0.095,1.45
histogram,fixed,binary,252,1,0,0.0764,160.57,0.57,4.423,7.71,1.151,0.101,1.214
histogram,fixed,binary,253,1,0,0.0778,160.54,0.54,4.051,7.462,1.14,0.096,1.438
histogram,fixed,binary,254,1,0,0.0778,160.54,0.54,3.82,6.573,0.983,0.097,0.998
histogram,fixed,binary,255,1,0,0.0778,160.54,0.54,3.688,6.505,0.999,0.093,0.983
histogram,fixed,binary,256,1,0,0.0792,160.56,0.56,3.805,6.759,0.981,0.091,1.199
histogram,fixed,binary,257,1,0,0.0778,160.46,0.46,3.604,6.451,0.986,0.094,0.996
histogram,fixed,binary,258,1,0,0.0778,160.46,0.46,3.691,6.521,0.987,0.094,0.992
histogram,fixed,binary,259,1,0,0.0764,160.57,0.57,3.717,6.637,0.991,0.091,1.156
histogram,fixed,binary,260,1,0,0.0792,162.15,2.15,3.779,6.527,0.99,0.094,0.984
histogram,fixed,binary,261,1,0,0.0764,160.49,0.49,3.686,6.598,0.984,0.091,1.101
histogram,fixed,binary,262,1,0,0.0764,160.49,0.49,3.673,6.648,0.978,0.09,1.225
histogram,fixed,binary,263,1,0,0.0778,160.48,0.48,3.669,6.413,0.986,0.089,0.986
histogram,fixed,binary,264,1,0,0.0778,160.48,0.48,3.672,6.467,1.035,0.094,0.977
histogram,fixed,binary,265,1,0,0.0778,160.48,0.48,3.667,6.585,0.98,0.089,1.167
histogram,fixed,binary,266,1,0,0.0778,160.48,0.48,3.64,6.482,0.989,0.092,1.083
histogram,fixed,binary,267,1,0,0.0792,162.13,2.13,3.772,6.611,1.029,0.099,1.002
histogram,fixed,binary,268,1,0,0.0792,162.13,2.13,3.792,6.709,0.985,0.094,1.157
histogram,fixed,binary,269,1,0,0.0778,160.56,0.56,3.635,6.496,0.99,0.091,1.098
histogram,fixed,binary,270,1,0,0.0778,160.56,0.56,3.646,6.447,1.036,0.1,0.989
histogram,fixed,binary,271,1,0,0.0792,162.19,2.19,3.772,6.6,0.991,0.089,1.071
histogram,fixed,binary,272,1,0,0.0792,162.19,2.19,3.782,6.521,0.982,0.091,0.994
histogram,fixed,binary,273,1,0,0.0778,160.47,0.47,3.711,6.496,1.026,0.094,0.987
histogram,fixed,binary,274,1,0,0.0778,160.47,0.47,3.599,6.424,0.989,0.088,0.991
histogram,fixed,binary,275,1,0,0.0778,160.47,0.47,3.696,6.493,0.984,0.089,0.981
histogram,fixed,binary,276,1,0,0.0778,162.16,2.16,3.791,6.584,0.982,0.09,1.037
histogram,fixed,binary,277,1,0,0.0792,162.14,2.14,3.779,6.586,0.982,0.112,1.002
histogram,fixed,binary,278,1,0,0.0806,160.46,0.46,3.665,6.572,0.978,0.089,1.095
histogram,fixed,binary,279,1,0,0.0806,160.46,0.46,3.68,6.575,0.989,0.09,1.14
histogram,fixed,binary,280,1,0,0.0778,160.5,0.5,3.684,6.523,0.998,0.095,1.082
histogram,fixed,binary,281,1,0,0.0778,160.49,0.49,3.671,6.481,0.991,0.089,0.985
histogram,fixed,binary,282,1,0,0.0792,160.52,0.52,3.711,6.552,0.985,0.092,1.081
histogram,fixed,binary,283,1,0,0.0792,160.52,0.52,3.684,6.518,0.981,0.092,1.078
histogram,fixed,binary,284,1,0,0.0792,160.57,0.57,3.671,6.48,1.029,0.096,0.998
histogram,fixed,binary,285,1,0,0.0778,160.51,0.51,3.665,6.512,0.985,0.089,1.091
histogram,fixed,binary,286,1,0,0.0778,160.48,0.48,3.665,6.428,0.985,0.098,0.997
histogram,fixed,binary,287,1,0,0.0778,160.48,0.48,3.699,6.544,1.037,0.095,1.01
histogram,fixed,binary,288,1,0,0.0792,160.57,0.57,3.591,6.429,0.989,0.094,1.081
histogram,fixed,binary,289,1,0,0.0792,160.49,0.49,3.66,6.498,0.975,0.095,1.089
histogram,fixed,binary,290,1,0,0.0792,160.49,0.49,3.679,6.496,1.037,0.097,1.002
histogram,fixed,binary,291,1,0,0.0778,160.47,0.47,3.685,6.444,0.991,0.088,0.999
histogram,fixed,binary,292,1,0,0.0792,162.21,2.21,3.788,6.594,0.989,0.092,0.985
histogram,fixed,binary,293,1,0,0.0792,162.19,2.19,3.769,6.678,0.986,0.089,1.143
histogram,fixed,binary,294,1,0,0.0792,162.19,2.19,3.8,6.562,0.997,0.095,0.999
histogram,fixed,binary,295,1,0,0.0792,160.52,0.52,3.661,6.566,0.988,0.09,1.089
histogram,fixed,binary,296,1,0,0.0792,162.14,2.14,3.773,6.665,0.982,0.092,1.135
histogram,fixed,binary,297,1,0,0.0806,160.44,0.44,3.694,6.583,0.991,0.094,1.092
histogram,fixed,binary,298,1,0,0.0806,160.44,0.44,3.667,6.496,1.0,0.092,1.004
histogram,fixed,binary,299,1,0,0.0792,162.16,2.16,3.989,6.894,0.986,0.088,1.16
histogram,fixed,binary,300,1,0,0.0792,162.16,2.16,4.276,7.568,1.139,0.097,1.31
histogram,fixed,binary,301,1,0,0.0778,162.18,2.18,4.312,7.597,1.141,0.097,1.232
histogram,fixed,binary,302,1,0,0.0778,160.54,0.54,4.182,7.286,1.127,0.102,1.12
histogram,fixed,binary,303,1,0,0.0778,160.54,0.54,4.151,7.329,1.14,0.095,1.127
histogram,fixed,binary,304,1,0,0.0778,160.49,0.49,4.195,7.465,1.182,0.104,1.239
histogram,fixed,binary,305,1,0,0.0792,162.18,2.18,4.287,7.447,1.183,0.1,1.12
histogram,fixed,binary,306,1,0,0.0778,160.54,0.54,4.191,7.459,1.128,0.144,1.239
histogram,fixed,binary,307,1,0,0.0778,160.54,0.54,4.162,7.596,1.127,0.096,1.424
histogram,fixed,binary,308,1,0,0.0819,161.49,1.49,4.228,7.392,1.128,0.1,1.189
histogram,fixed,binary,309,1,0,0.0625,159.67,-0.33,4.174,7.255,1.137,0.097,1.09
histogram,fixed,binary,310,1,0,0.0778,160.41,0.41,4.106,7.202,1.133,0.097,1.103
histogram,fixed,binary,311,1,0,0.0778,160.41,0.41,4.145,7.351,1.126,0.102,1.165
histogram,fixed,binary,312,1,0,0.0778,161.25,1.25,4.189,7.389,1.182,0.101,1.158
histogram,fixed,binary,313,1,0,0.0778,161.27,1.27,3.73,6.872,1.176,0.105,1.108
histogram,fixed,binary,314,1,0,0.0778,161.27,1.27,3.601,6.443,0.988,0.092,1.013
histogram,fixed,binary,315,1,0,0.0833,160.48,0.48,3.646,6.454,0.981,0.093,0.99
histogram,fixed,binary,316,1,0,0.0833,161.26,1.26,3.735,6.62,0.988,0.092,1.129
histogram,fixed,binary,317,1,0,0.0833,160.42,0.42,3.633,6.401,0.979,0.09,0.981
histogram,fixed,binary,318,1,0,0.0833,160.42,0.42,3.64,6.433,1.035,0.095,0.983
histogram,fixed,binary,319,1,0,0.0833,160.46,0.46,3.663,6.56,0.99,0.088,1.142
histogram,fixed,binary,320,1,0,0.0833,161.04,1.04,3.708,6.448,0.988,0.093,0.985
histogram,fixed,binary,321,1,0,0.0833,161.93,1.93,3.724,6.522,1.035,0.093,0.982
histogram,fixed,binary,322,1,0,0.0833,161.93,1.93,3.712,6.523,0.976,0.091,1.055
histogram,fixed,binary,323,1,0,0.0833,161.9,1.9,3.752,6.486,0.983,0.089,0.982
histogram,fixed,binary,324,1,0,0.0833,161.9,1.9,3.731,6.536,1.026,0.098,0.993
histogram,fixed,binary,325,1,0,0.0833,161.9,1.9,3.668,6.504,0.993,0.093,0.998
histogram,fixed,binary,326,1,0,0.0833,161.9,1.9,3.738,6.541,0.986,0.091,0.986
histogram,fixed,binary,327,1,0,0.0833,162.32,2.32,3.781,6.707,0.98,0.141,1.087
histogram,fixed,binary,328,1,0,0.0833,162.32,2.32,3.737,6.572,1.013,0.092,0.98
histogram,fixed,binary,329,1,0,0.0833,160.55,0.55,4.132,7.416,1.139,0.095,1.236
histogram,fixed,binary,330,1,0,0.0833,160.55,0.55,4.178,7.376,1.212,0.101,1.122
histogram,fixed,binary,331,1,0,0.0833,160.53,0.53,4.144,7.297,1.189,0.101,1.109
histogram,fixed,binary,332,1,0,0.0833,160.53,0.53,4.146,7.43,1.136,0.102,1.288
histogram,fixed,binary,333,1,0,0.0833,160.53,0.53,4.149,7.35,1.138,0.1,1.219
histogram,fixed,binary,334,1,0,0.0833,160.53,0.53,4.138,7.487,1.139,0.121,1.336
histogram,fixed,binary,335,1,0,0.0833,160.52,0.52,4.231,7.461,1.143,0.096,1.239
histogram,fixed,binary,336,1,0,0.0833,160.49,0.49,4.141,7.221,1.126,0.101,1.104
histogram,fixed,binary,337,1,0,0.0833,160.5,0.5,4.184,7.578,1.271,0.098,1.233
histogram,fixed,binary,338,1,0,0.0833,160.5,0.5,4.154,7.436,1.185,0.103,1.24
histogram,fixed,binary,339,1,0,0.0833,160.49,0.49,4.139,7.298,1.179,0.099,1.123
histogram,fixed,binary,340,1,0,0.0833,160.49,0.49,4.151,7.335,1.136,0.098,1.201
histogram,fixed,binary,341,1,0,0.0833,160.49,0.49,4.149,7.333,1.135,0.095,1.194
histogram,fixed,binary,342,1,0,0.0833,160.49,0.49,3.885,7.11,1.131,0.099,1.243
histogram,fixed,binary,343,1,0,0.0833,160.49,0.49,3.652,6.459,0.986,0.091,0.975
histogram,fixed,binary,344,1,0,0.0833,160.52,0.52,3.717,6.499,0.988,0.135,0.981
histogram,fixed,binary,345,1,0,0.0833,160.49,0.49,3.656,6.387,0.98,0.088,0.981
histogram,fixed,binary,346,1,0,0.0833,160.49,0.49,3.63,6.548,1.045,0.093,1.089
histogram,fixed,binary,347,1,0,0.0833,160.5,0.5,3.654,6.601,0.98,0.089,1.172
histogram,fixed,binary,348,1,0,0.0833,160.5,0.5,3.672,6.433,0.992,0.09,0.985
histogram,fixed,binary,349,1,0,0.0833,160.49,0.49,3.638,6.541,1.036,0.094,1.096
histogram,fixed,binary,350,1,0,0.0833,160.49,0.49,3.666,6.499,0.99,0.092,1.071
histogram,fixed,binary,351,1,0,0.0833,160.49,0.49,3.636,6.494,0.993,0.092,1.09
histogram,fixed,binary,352,1,0,0.0833,160.52,0.52,3.641,6.544,1.031,0.095,1.091
histogram,fixed,binary,353,1,0,0.0833,160.5,0.5,3.581,6.416,0.984,0.089,1.083
histogram,fixed,binary,354,1,0,0.0833,160.5,0.5,3.643,6.499,0.988,0.091,1.097
histogram,fixed,binary,355,1,0,0.0833,160.5,0.5,3.667,6.453,1.025,0.097,0.987
histogram,fixed,binary,356,1,0,0.0833,160.49,0.49,3.894,8.1,1.898,0.24,1.381
histogram,fixed,binary,357,1,0,0.0833,160.52,0.52,3.587,6.478,0.99,0.089,0.999
histogram,fixed,binary,358,1,0,0.0833,160.51,0.51,3.71,6.551,0.996,0.097,0.989
histogram,fixed,binary,359,1,0,0.0833,160.51,0.51,3.698,6.498,0.986,0.089,1.037
histogram,fixed,binary,360,1,0,0.0833,160.51,0.51,4.03,6.794,0.994,0.091,0.983
histogram,otsu,binary,0,1,0,0.2167,159.35,-0.65,3.783,6.818,0.991,0.377,0.954
histogram,otsu,binary,1,1,0,0.1972,159.21,-0.79,3.766,6.815,1.034,0.378,0.949
histogram,otsu,binary,2,1,0,0.2028,159.31,-0.69,3.78,6.861,0.99,0.377,1.041
histogram,otsu,binary,3,1,0,0.2028,159.31,-0.69,3.773,6.97,0.994,0.376,1.14
histogram,otsu,binary,4,1,0,0.1986,159.32,-0.68,3.763,7.02,0.988,0.377,1.138
histogram,otsu,binary,5,1,0,0.2083,159.31,-0.69,3.75,6.998,1.026,0.382,1.138
histogram,otsu,binary,6,1,0,0.2083,159.31,-0.69,3.764,6.837,0.991,0.373,1.03
histogram,otsu,binary,7,1,0,0.1958,159.27,-0.73,3.81,6.809,0.991,0.376,0.956
histogram,otsu,binary,8,1,0,0.1986,159.28,-0.72,3.731,7.03,1.052,0.377,1.18
histogram,otsu,binary,9,1,0,0.1986,159.26,-0.74,3.772,7.025,1.042,0.383,1.147
histogram,otsu,binary,10,1,0,0.1986,159.26,-0.74,3.792,7.061,0.983,0.375,1.235
histogram,otsu,binary,11,1,0,0.1986,159.31,-0.69,3.801,6.797,0.989,0.376,0.956
histogram,otsu,binary,12,1,0,0.1958,159.3,-0.7,3.772,7.006,0.989,0.376,1.131
histogram,otsu,binary,13,1,0,0.1958,159.3,-0.7,3.761,7.003,1.039,0.384,1.144
histogram,otsu,binary,14,1,0,0.1958,159.3,-0.7,3.762,6.857,0.99,0.377,1.05
histogram,otsu,binary,15,1,0,0.1958,159.32,-0.68,3.737,6.95,0.987,0.375,1.141
histogram,otsu,binary,16,1,0,0.1958,159.32,-0.68,3.745,7.001,0.993,0.379,1.139
histogram,otsu,binary,17,1,0,0.1958,159.25,-0.75,3.765,6.793,1.029,0.38,0.945
histogram,otsu,binary,18,1,0,0.1986,159.31,-0.69,3.764,6.864,0.987,0.376,1.059
histogram,otsu,binary,19,1,0,0.1958,159.31,-0.69,3.75,6.741,0.995,0.377,0.946
histogram,otsu,binary,20,1,0,0.1958,159.31,-0.69,3.737,6.97,1.032,0.379,1.144
histogram,otsu,binary,21,1,0,0.1958,159.29,-0.71,3.764,6.837,0.999,0.425,0.968
histogram,otsu,binary,22,1,0,0.1958,159.27,-0.73,3.693,7.94,0.981,0.376,2.212
histogram,otsu,binary,23,1,0,0.1958,159.27,-0.73,3.735,6.99,0.987,0.375,1.22
histogram,otsu,binary,24,1,0,0.1986,159.29,-0.71,3.794,6.777,0.986,0.377,0.94
histogram,otsu,binary,25,1,0,0.1958,159.25,-0.75,3.739,6.811,1.028,0.377,0.95
histogram,otsu,binary,26,1,0,0.1958,159.25,-0.75,3.78,6.812,0.988,0.378,0.99
histogram,otsu,binary,27,1,0,0.1958,159.25,-0.75,3.766,7.007,0.984,0.375,1.139
histogram,otsu,binary,28,1,0,0.1958,159.27,-0.73,3.77,6.814,0.988,0.376,0.94
histogram,otsu,binary,29,1,0,0.1958,159.27,-0.73,3.751,6.809,1.045,0.381,0.941
histogram,otsu,binary,30,1,0,0.2083,159.37,-0.63,3.787,7.075,0.986,0.379,1.249
histogram,otsu,binary,31,1,0,0.2083,159.37,-0.63,3.703,6.947,0.995,0.374,1.136
histogram,otsu,binary,32,1,0,0.1986,159.19,-0.81,3.75,6.807,0.989,0.375,0.956
histogram,otsu,binary,33,1,0,0.1986,159.32,-0.68,3.772,6.811,1.032,0.376,0.951
histogram,otsu,binary,34,1,0,0.1986,159.32,-0.68,3.771,7.026,0.99,0.375,1.209
histogram,otsu,binary,35,1,0,0.2097,159.31,-0.69,3.777,6.803,0.999,0.378,0.936
histogram,otsu,binary,36,1,0,0.2097,159.31,-0.69,3.769,7.011,1.049,0.379,1.129
histogram,otsu,binary,37,1,0,0.2042,159.26,-0.74,3.77,6.83,1.039,0.382,0.959
histogram,otsu,binary,38,1,0,0.2042,159.26,-0.74,3.791,7.043,0.982,0.376,1.21
histogram,otsu,binary,39,1,0,0.1986,159.33,-0.67,3.788,6.968,0.991,0.378,1.125
histogram,otsu,binary,40,1,0,0.1986,159.33,-0.67,3.774,7.021,0.987,0.38,1.133
histogram,otsu,binary,41,1,0,0.2056,159.29,-0.71,3.757,6.802,1.034,0.383,0.941
histogram,otsu,binary,42,1,0,0.1958,159.17,-0.83,3.767,7.052,0.994,0.379,1.228
histogram,otsu,binary,43,1,0,0.1986,159.29,-0.71,3.779,6.965,0.993,0.377,1.133
histogram,otsu,binary,44,1,0,0.1986,159.29,-0.71,3.764,6.999,0.983,0.379,1.143
histogram,otsu,binary,45,1,0,0.1958,159.17,-0.83,3.745,6.854,1.043,0.38,0.966
histogram,otsu,binary,46,1,0,0.1958,159.17,-0.83,3.782,6.899,0.992,0.399,1.05
histogram,otsu,binary,47,1,0,0.1958,159.32,-0.68,3.768,6.782,0.993,0.373,0.966
histogram,otsu,binary,48,1,0,0.1958,159.32,-0.68,3.757,6.999,1.047,0.38,1.137
histogram,otsu,binary,49,1,0,0.1958,159.2,-0.8,3.748,6.765,0.987,0.421,0.934
histogram,otsu,binary,50,1,0,0.1958,159.2,-0.8,3.73,6.998,0.988,0.379,1.219
histogram,otsu,binary,51,1,0,0.1958,159.28,-0.72,3.749,7.036,0.988,0.377,1.228
histogram,otsu,binary,52,1,0,0.1972,159.24,-0.76,3.766,6.809,1.046,0.38,0.939
histogram,otsu,binary,53,1,0,0.1972,159.24,-0.76,3.757,7.013,0.991,0.419,1.156
histogram,otsu,binary,54,1,0,0.1958,159.27,-0.73,3.761,7.109,0.998,0.378,1.288
histogram,otsu,binary,55,1,0,0.1958,159.25,-0.75,3.773,6.993,0.98,0.374,1.158
histogram,otsu,binary,56,1,0,0.1958,159.25,-0.75,3.769,6.827,0.993,0.377,0.943
histogram,otsu,binary,57,1,0,0.1958,159.27,-0.73,3.77,6.801,0.983,0.433,0.937
histogram,otsu,binary,58,1,0,0.1958,159.27,-0.73,3.758,6.826,0.996,0.376,1.011
histogram,otsu,binary,59,1,0,0.1958,159.27,-0.73,3.782,6.967,0.991,0.379,1.136
histogram,otsu,binary,60,1,0,0.1986,159.32,-0.68,3.769,7.006,1.033,0.382,1.147
histogram,otsu,binary,61,1,0,0.1986,159.29,-0.71,3.752,6.796,0.986,0.421,0.947
histogram,otsu,binary,62,1,0,0.1986,159.29,-0.71,3.663,6.724,0.993,0.378,0.943
histogram,otsu,binary,63,1,0,0.1986,159.37,-0.63,3.772,6.749,0.974,0.378,0.952
histogram,otsu,binary,64,1,0,0.1986,159.37,-0.63,3.751,6.794,1.032,0.382,0.946
histogram,otsu,binary,65,1,0,0.1944,159.23,-0.77,3.775,7.083,1.0,0.375,1.228
histogram,otsu,binary,66,1,0,0.1944,159.23,-0.77,3.773,6.778,0.984,0.376,0.956
histogram,otsu,binary,67,1,0,0.1986,159.3,-0.7,3.756,7.002,0.981,0.37,1.152
histogram,otsu,binary,68,1,0,0.1986,159.26,-0.74,3.772,6.821,1.029,0.38,0.926
histogram,otsu,binary,69,1,0,0.2167,159.45,-0.55,3.822,7.081,0.994,0.374,1.207
histogram,otsu,binary,70,1,0,0.2028,159.39,-0.61,3.785,6.8,0.984,0.372,0.971
histogram,otsu,binary,71,1,0,0.2028,159.39,-0.61,3.785,7.023,0.988,0.374,1.129
histogram,otsu,binary,72,1,0,0.2403,159.93,-0.07,3.839,7.038,1.041,0.381,1.105
histogram,otsu,binary,73,1,0,0.2306,159.79,-0.21,3.81,6.899,0.994,0.374,1.043
histogram,otsu,binary,74,1,0,0.225,159.66,-0.34,4.03,7.181,0.981,0.378,1.115
histogram,otsu,binary,75,1,0,0.225,159.66,-0.34,4.87,8.041,0.988,0.375,0.981
histogram,otsu,binary,76,1,0,0.2333,159.81,-0.19,4.334,7.356,0.984,0.374,0.966
histogram,otsu,binary,77,1,0,0.3028,160.64,0.64,4.065,7.273,0.997,0.378,1.08
histogram,otsu,binary,78,1,0,0.3028,160.64,0.64,4.405,7.991,1.122,0.447,1.283
histogram,otsu,binary,79,1,0,0.3028,160.64,0.64,4.106,7.16,1.049,0.386,0.94
histogram,otsu,binary,80,1,0,0.4667,159.83,-0.17,3.934,7.439,1.047,0.51,1.204
histogram,otsu,binary,81,1,0,0.4931,160.02,0.02,3.922,7.29,1.07,0.44,1.174
histogram,otsu,binary,82,1,0,0.4931,160.02,0.02,4.311,7.624,1.072,0.397,1.139
histogram,otsu,binary,83,1,0,0.3458,159.98,-0.02,3.757,7.389,1.242,0.487,1.203
histogram,otsu,binary,84,1,0,0.2833,160.3,0.3,4.754,8.279,0.99,0.377,1.468
histogram,otsu,binary,85,1,0,0.2806,160.22,0.22,3.914,7.698,0.992,0.379,1.642
histogram,otsu,binary,86,1,0,0.2806,160.22,0.22,4.137,7.326,0.993,0.377,1.129
histogram,otsu,binary,87,1,0,0.3167,160.28,0.28,3.938,7.679,1.047,0.447,1.4
histogram,otsu,binary,88,1,0,0.3167,160.28,0.28,4.05,7.284,1.052,0.379,1.122
histogram,otsu,binary,89,1,0,0.225,160.16,0.16,3.809,7.037,1.056,0.392,1.102
histogram,otsu,binary,90,1,0,0.225,160.16,0.16,3.957,7.199,0.987,0.376,1.193
histogram,otsu,binary,91,1,0,0.1556,160.22,0.22,4.03,7.309,0.989,0.386,1.218
histogram,otsu,binary,92,1,0,0.1556,160.22,0.22,3.846,7.0,0.985,0.377,1.102
histogram,otsu,binary,93,1,0,0.1514,159.61,-0.39,3.82,7.082,0.988,0.371,1.161
histogram,otsu,binary,94,1,0,0.1431,159.55,-0.45,3.81,7.031,1.034,0.379,1.124
histogram,otsu,binary,95,1,0,0.1431,159.55,-0.45,3.897,7.183,0.991,0.372,1.213
histogram,otsu,binary,96,1,0,0.1375,152.66,-7.34,4.013,7.079,0.993,0.378,0.951
histogram,otsu,binary,97,1,0,0.1597,158.91,-1.09,3.728,6.735,0.985,0.373,0.963
histogram,otsu,binary,98,1,0,0.1597,158.91,-1.09,3.711,6.915,1.033,0.38,1.102
histogram,otsu,binary,99,1,0,0.1597,158.91,-1.09,3.739,6.94,0.987,0.37,1.166
histogram,otsu,binary,100,1,0,0.15,158.01,-1.99,3.648,6.662,0.98,0.374,0.967
histogram,otsu,binary,101,1,0,0.1611,154.89,-5.11,3.72,6.969,0.99,0.376,1.135
histogram,otsu,binary,102,1,0,0.1819,146.65,-13.35,3.772,6.814,1.026,0.388,0.948
histogram,otsu,binary,103,1,0,0.1819,146.65,-13.35,3.774,6.837,0.99,0.374,1.026
histogram,otsu,binary,104,1,0,0.2528,150.14,-9.86,3.89,6.884,0.985,0.372,0.943
histogram,otsu,binary,105,1,0,0.2931,152.6,-7.4,3.832,6.901,1.039,0.373,0.94
histogram,otsu,binary,106,1,0,0.2931,152.6,-7.4,3.866,6.904,0.982,0.426,0.954
histogram,otsu,binary,107,1,0,0.3125,158.52,-1.48,3.68,6.795,0.994,0.377,1.054
histogram,otsu,binary,108,1,0,0.3125,158.52,-1.48,3.65,6.792,0.991,0.379,1.078
histogram,otsu,binary,109,1,0,0.2986,158.85,-1.15,4.678,7.921,1.03,0.384,1.118
histogram,otsu,binary,110,1,0,0.2986,158.85,-1.15,3.801,7.206,1.129,0.419,1.144
histogram,otsu,binary,111,1,0,0.2986,158.85,-1.15,4.18,7.67,1.209,0.46,1.058
histogram,otsu,binary,112,1,0,0.1028,162.88,2.88,4.73,8.805,1.262,0.501,1.232
histogram,otsu,binary,113,1,0,0.0958,160.56,0.56,5.042,8.542,1.202,0.447,1.067
histogram,otsu,binary,114,1,0,0.0958,160.56,0.56,5.138,9.093,1.218,0.538,1.353
histogram,otsu,binary,115,1,0,0.0056,79.93,-80.07,4.635,8.461,1.203,0.478,1.306
histogram,otsu,binary,116,1,0,0.0056,79.93,-80.07,4.531,8.349,1.196,0.484,1.355
histogram,otsu,binary,117,1,0,0.0181,79.91,-80.09,3.943,7.969,1.149,0.498,1.353
histogram,otsu,binary,118,1,0,0.0625,81.08,-78.92,4.602,8.385,1.191,0.502,1.328
histogram,otsu,binary,119,1,0,0.0625,81.08,-78.92,4.497,7.975,1.137,0.486,1.087
histogram,otsu,binary,120,1,0,0.0736,81.48,-78.52,4.948,8.408,1.137,0.494,1.078
histogram,otsu,binary,121,1,1,0.1233,138.06,-21.94,4.896,9.224,1.263,0.538,1.662
histogram,otsu,binary,122,1,1,0.1233,138.06,-21.94,4.7,9.043,1.256,0.574,1.584
histogram,otsu,binary,123,1,1,0.1117,139.39,-20.61,4.608,9.125,1.282,0.599,1.742
histogram,otsu,binary,124,1,1,0.1117,139.39,-20.61,3.606,10.02,1.478,0.53,3.567
histogram,otsu,binary,125,1,1,0.125,139.45,-20.55,3.526,7.234,1.143,0.439,1.192
histogram,otsu,binary,126,1,1,0.1517,139.42,-20.58,3.299,6.976,1.214,0.471,1.1
histogram,otsu,binary,127,1,1,0.1517,139.42,-20.58,3.295,7.079,1.418,0.499,1.108
histogram,otsu,binary,128,1,0,0.0889,174.79,14.79,4.32,8.0,1.175,0.548,1.208
histogram,otsu,binary,129,1,0,0.1653,162.36,2.36,4.433,8.289,1.16,0.547,1.391
histogram,otsu,binary,130,1,0,0.1653,162.36,2.36,4.371,8.444,1.182,0.653,1.478
histogram,otsu,binary,131,1,0,0.1667,159.26,-0.74,4.883,8.739,1.25,0.498,1.266
histogram,otsu,binary,132,1,0,0.1667,159.26,-0.74,4.183,8.018,1.315,0.491,1.074
histogram,otsu,binary,133,1,0,0.1556,156.75,-3.25,4.483,8.333,1.213,0.482,1.254
histogram,otsu,binary,134,1,0,0.1556,156.75,-3.25,4.196,7.677,1.19,0.45,1.05
histogram,otsu,binary,135,1,0,0.1556,156.75,-3.25,3.615,7.015,1.106,0.398,1.11
histogram,otsu,binary,136,1,0,0.1347,157.0,-3.0,3.473,6.795,1.079,0.415,1.133
histogram,otsu,binary,137,1,0,0.0625,155.54,-4.46,3.597,6.817,1.01,0.429,1.084
histogram,otsu,binary,138,1,0,0.0625,155.54,-4.46,3.4,6.785,0.994,0.379,1.179
histogram,otsu,binary,139,1,0,0.0625,155.54,-4.46,4.109,7.166,1.0,0.381,0.918
histogram,otsu,binary,140,1,1,0.0792,166.75,6.75,3.26,6.804,1.324,0.397,1.133
histogram,otsu,binary,141,1,1,0.0767,170.95,10.95,2.826,6.089,0.998,0.378,1.213
histogram,otsu,binary,142,1,1,0.0667,170.93,10.93,2.908,6.105,0.991,0.38,1.052
histogram,otsu,binary,143,1,1,0.0667,170.93,10.93,2.909,6.352,1.024,0.479,1.266
histogram,otsu,binary,144,1,1,0.06,170.87,10.87,2.908,6.087,0.988,0.382,1.134
histogram,otsu,binary,145,1,1,0.0975,170.23,10.23,2.947,6.06,1.037,0.389,0.971
histogram,otsu,binary,146,1,0,0.1167,157.52,-2.48,3.347,6.342,0.983,0.372,0.948
histogram,otsu,binary,147,1,0,0.1167,157.52,-2.48,3.412,6.498,1.039,0.375,0.997
histogram,otsu,binary,148,1,0,0.1139,150.45,-9.55,3.801,6.881,0.985,0.377,1.034
histogram,otsu,binary,149,1,0,0.1194,141.83,-18.17,3.862,6.914,0.99,0.377,1.002
histogram,otsu,binary,150,1,1,0.1025,130.13,-29.87,2.974,6.011,0.989,0.376,0.933
histogram,otsu,binary,151,1,1,0.1025,130.13,-29.87,2.885,6.095,0.982,0.376,1.176
histogram,otsu,binary,152,1,1,0.0683,167.16,7.16,3.029,6.066,0.995,0.38,0.919
histogram,otsu,binary,153,1,1,0.0742,167.28,7.28,2.969,6.138,0.986,0.378,1.126
histogram,otsu,binary,154,1,1,0.0742,167.28,7.28,3.006,6.114,0.978,0.373,1.078
histogram,otsu,binary,155,1,1,0.0742,167.28,7.28,2.995,6.081,0.992,0.418,0.961
histogram,otsu,binary,156,1,1,0.0833,167.43,7.43,2.961,6.009,0.985,0.378,1.006
histogram,otsu,binary,157,1,0,0.0625,230.73,70.73,4.007,7.156,1.031,0.38,1.064
histogram,otsu,binary,158,1,0,0.0625,230.73,70.73,4.048,7.103,0.987,0.374,1.011
histogram,otsu,binary,159,1,0,0.0375,233.95,73.95,3.805,6.971,0.984,0.378,1.064
histogram,otsu,binary,160,1,1,0.0967,177.69,17.69,2.922,5.885,0.985,0.377,0.919
histogram,otsu,binary,161,1,1,0.0925,177.11,17.11,2.932,6.073,0.979,0.375,1.104
histogram,otsu,binary,162,1,1,0.0925,177.11,17.11,2.927,6.017,0.985,0.378,1.043
histogram,otsu,binary,163,1,1,0.105,176.55,16.55,2.952,6.096,0.993,0.415,1.057
histogram,otsu,binary,164,1,1,0.105,176.55,16.55,2.966,6.058,0.982,0.376,1.054
histogram,otsu,binary,165,1,1,0.0908,176.64,16.64,2.96,6.165,0.978,0.422,1.095
histogram,otsu,binary,166,1,0,0.0625,156.06,-3.94,3.912,6.899,0.978,0.378,0.954
histogram,otsu,binary,167,1,0,0.0625,156.06,-3.94,3.922,7.405,1.141,0.429,1.093
histogram,otsu,binary,168,1,0,0.0625,156.06,-3.94,3.926,7.393,1.19,0.438,1.092
histogram,otsu,binary,169,1,0,0.1764,156.87,-3.13,4.041,7.662,1.213,0.439,1.224
histogram,otsu,binary,170,1,0,0.1764,156.87,-3.13,4.044,7.474,1.131,0.48,1.071
histogram,otsu,binary,171,1,0,0.1764,156.87,-3.13,4.081,7.681,1.135,0.429,1.278
histogram,otsu,binary,172,1,0,0.1042,156.65,-3.35,4.001,7.46,1.137,0.429,1.138
histogram,otsu,binary,173,1,0,0.0722,156.01,-3.99,3.9,7.37,1.136,0.429,1.152
histogram,otsu,binary,174,1,1,0.1008,169.47,9.47,3.329,6.733,1.136,0.43,1.074
histogram,otsu,binary,175,1,1,0.1008,169.47,9.47,3.333,6.836,1.197,0.432,1.081
histogram,otsu,binary,176,1,0,0.0361,235.78,75.78,4.331,7.874,1.126,0.477,1.188
histogram,otsu,binary,177,1,0,0.0833,178.62,18.62,3.762,7.196,1.131,0.481,1.071
histogram,otsu,binary,178,1,0,0.0833,178.62,18.62,3.768,7.246,1.138,0.431,1.154
histogram,otsu,binary,179,1,0,0.0833,178.62,18.62,3.729,7.361,1.14,0.427,1.31
histogram,otsu,binary,180,1,0,0.1069,176.5,16.5,3.418,6.824,1.13,0.431,1.104
histogram,otsu,binary,181,1,0,0.0889,184.54,24.54,3.334,6.42,1.03,0.379,1.0
histogram,otsu,binary,182,1,0,0.0472,155.91,-4.09,3.486,6.657,0.988,0.372,1.131
histogram,otsu,binary,183,1,0,0.0472,155.91,-4.09,3.52,6.531,0.996,0.376,0.955
histogram,otsu,binary,184,1,0,0.1319,156.55,-3.45,3.515,6.657,1.059,0.417,0.978
histogram,otsu,binary,185,1,0,0.1569,156.71,-3.29,3.469,6.714,0.988,0.373,1.178
histogram,otsu,binary,186,1,0,0.1653,157.36,-2.64,3.585,6.547,0.979,0.379,0.932
histogram,otsu,binary,187,1,0,0.1653,157.36,-2.64,3.514,6.679,1.033,0.378,1.072
histogram,otsu,binary,188,1,0,0.1806,156.53,-3.47,3.506,6.717,0.98,0.377,1.168
histogram,otsu,binary,189,1,0,0.2139,156.75,-3.25,3.489,6.454,0.981,0.376,0.926
histogram,otsu,binary,190,1,0,0.2139,156.75,-3.25,3.476,6.506,1.027,0.382,0.935
histogram,otsu,binary,191,1,0,0.2139,156.75,-3.25,3.452,6.522,0.996,0.377,1.012
histogram,otsu,binary,192,1,0,0.1972,157.04,-2.96,3.456,6.572,0.987,0.38,1.065
histogram,otsu,binary,193,1,0,0.1514,156.2,-3.8,3.453,6.505,1.037,0.38,0.955
histogram,otsu,binary,194,1,0,0.1806,156.59,-3.41,3.437,6.566,0.986,0.374,1.092
histogram,otsu,binary,195,1,0,0.1806,156.59,-3.41,3.883,7.059,0.987,0.377,1.017
histogram,otsu,binary,196,1,0,0.2153,157.26,-2.74,3.961,7.473,1.181,0.432,1.146
histogram,otsu,binary,197,1,0,0.2083,157.54,-2.46,3.968,7.408,1.189,0.436,1.063
histogram,otsu,binary,198,1,0,0.2083,157.54,-2.46,3.984,7.422,1.144,0.473,1.06
histogram,otsu,binary,199,1,0,0.2194,157.62,-2.38,4.005,7.446,1.133,0.428,1.124
histogram,otsu,binary,200,1,0,0.2194,157.62,-2.38,3.962,7.398,1.142,0.433,1.107
histogram,otsu,binary,201,1,0,0.1819,157.58,-2.42,4.116,7.574,1.133,0.43,1.138
histogram,otsu,binary,202,1,0,0.1736,156.55,-3.45,4.007,7.396,1.135,0.428,1.071
histogram,otsu,binary,203,1,0,0.1736,156.55,-3.45,3.959,7.523,1.139,0.428,1.189
histogram,otsu,binary,204,1,0,0.2569,157.24,-2.76,3.932,7.438,1.194,0.433,1.134
histogram,otsu,binary,205,1,0,0.2028,156.62,-3.38,3.902,7.376,1.192,0.432,1.062
histogram,otsu,binary,206,1,0,0.2028,156.62,-3.38,3.934,7.38,1.139,0.477,1.065
histogram,otsu,binary,207,1,0,0.1361,156.69,-3.31,3.99,7.542,1.135,0.429,1.238
histogram,otsu,binary,208,1,0,0.1389,155.77,-4.23,3.986,7.429,1.131,0.431,1.129
histogram,otsu,binary,209,1,0,0.1958,156.23,-3.77,3.933,7.381,1.14,0.429,1.052
histogram,otsu,binary,210,1,0,0.1958,156.23,-3.77,3.948,7.406,1.136,0.43,1.129
histogram,otsu,binary,211,1,0,0.1986,157.04,-2.96,4.004,7.517,1.128,0.43,1.124
histogram,otsu,binary,212,1,0,0.1986,157.04,-2.96,4.007,7.436,1.181,0.437,1.05
histogram,otsu,binary,213,1,0,0.2292,157.62,-2.38,4.346,7.758,1.184,0.435,1.042
histogram,otsu,binary,214,1,0,0.2292,157.62,-2.38,4.342,7.797,1.178,0.437,1.081
histogram,otsu,binary,215,1,0,0.0333,147.11,-12.89,4.28,7.741,1.173,0.434,1.072
histogram,otsu,binary,216,1,0,0.0417,157.38,-2.62,4.501,8.083,1.136,0.478,1.219
histogram,otsu,binary,217,1,0,0.0389,159.09,-0.91,4.143,7.658,1.133,0.481,1.144
histogram,otsu,binary,218,1,1,0.175,160.67,0.67,3.302,6.794,1.135,0.478,1.113
histogram,otsu,binary,219,1,1,0.175,160.67,0.67,3.505,6.997,1.169,0.429,1.145
histogram,otsu,binary,220,1,1,0.1792,160.72,0.72,3.556,7.179,1.139,0.432,1.209
histogram,otsu,binary,221,1,1,0.1975,159.89,-0.11,3.331,6.743,1.185,0.435,1.035
histogram,otsu,binary,222,1,1,0.1975,159.89,-0.11,3.479,7.122,1.23,0.522,1.103
histogram,otsu,binary,223,1,0,0.3528,158.82,-1.18,4.381,8.166,1.146,0.499,1.393
histogram,otsu,binary,224,1,0,0.3528,158.82,-1.18,4.504,8.347,1.354,0.506,1.223
histogram,otsu,binary,225,1,0,0.2889,158.73,-1.27,4.393,8.203,1.192,0.549,1.275
histogram,otsu,binary,226,1,0,0.2889,158.73,-1.27,4.47,8.258,1.184,0.559,1.286
histogram,otsu,binary,227,1,0,0.2986,159.33,-0.67,4.372,8.141,1.261,0.492,1.24
histogram,otsu,binary,228,1,0,0.2986,159.33,-0.67,4.696,8.629,1.544,0.496,1.128
histogram,otsu,binary,229,1,0,0.3306,159.74,-0.26,4.236,7.894,1.217,0.464,1.18
histogram,otsu,binary,230,1,0,0.3194,159.85,-0.15,4.636,8.568,1.211,0.49,1.204
histogram,otsu,binary,231,1,0,0.3194,159.85,-0.15,4.606,8.244,1.184,0.455,1.179
histogram,otsu,binary,232,1,0,0.3278,159.81,-0.19,4.956,8.522,1.137,0.436,1.227
histogram,otsu,binary,233,1,0,0.3472,159.91,-0.09,4.578,8.124,1.14,0.432,1.21
histogram,otsu,binary,234,1,0,0.3139,159.82,-0.18,4.675,8.193,1.137,0.435,1.184
histogram,otsu,binary,235,1,0,0.3139,159.82,-0.18,4.223,7.361,0.991,0.376,1.056
histogram,otsu,binary,236,1,0,0.3278,159.83,-0.17,4.141,7.3,0.978,0.377,1.083
histogram,otsu,binary,237,1,0,0.3181,159.8,-0.2,3.748,6.835,1.008,0.381,0.995
histogram,otsu,binary,238,1,0,0.3181,159.8,-0.2,3.865,6.983,1.042,0.384,0.999
histogram,otsu,binary,239,1,0,0.3236,159.82,-0.18,3.762,6.876,0.988,0.375,1.066
histogram,otsu,binary,240,1,0,0.3236,159.82,-0.18,3.762,7.106,0.985,0.39,1.261
histogram,otsu,binary,241,1,0,0.3194,159.86,-0.14,3.748,7.258,0.986,0.394,1.411
histogram,otsu,binary,242,1,0,0.3264,159.85,-0.15,3.737,6.918,1.046,0.381,1.074
histogram,otsu,binary,243,1,0,0.3264,159.85,-0.15,3.87,6.948,0.985,0.43,0.989
histogram,otsu,binary,244,1,0,0.3236,159.84,-0.16,3.737,6.948,0.994,0.382,1.165
histogram,otsu,binary,245,1,0,0.3278,159.82,-0.18,3.813,6.977,0.987,0.376,1.09
histogram,otsu,binary,246,1,0,0.3278,159.82,-0.18,3.747,6.858,1.047,0.381,0.992
histogram,otsu,binary,247,1,0,0.3208,159.85,-0.15,3.735,6.928,0.986,0.423,1.099
histogram,otsu,binary,248,1,0,0.3208,159.85,-0.15,3.736,6.937,0.984,0.381,1.147
histogram,otsu,binary,249,1,0,0.3264,159.84,-0.16,3.744,6.803,0.987,0.38,1.014
histogram,otsu,binary,250,1,0,0.3264,159.84,-0.16,3.789,6.962,1.024,0.379,1.09
histogram,otsu,binary,251,1,0,0.3208,159.89,-0.11,3.76,6.89,0.982,0.464,1.003
histogram,otsu,binary,252,1,0,0.3208,159.89,-0.11,3.729,6.874,0.993,0.375,1.094
histogram,otsu,binary,253,1,0,0.3264,159.83,-0.17,3.745,6.754,0.973,0.376,0.982
histogram,otsu,binary,254,1,0,0.3264,159.83,-0.17,3.742,6.932,1.032,0.383,1.092
histogram,otsu,binary,255,1,0,0.3264,159.83,-0.17,3.771,6.902,0.987,0.379,1.053
histogram,otsu,binary,256,1,0,0.3278,159.87,-0.13,3.682,6.904,0.981,0.378,1.099
histogram,otsu,binary,257,1,0,0.3278,159.87,-0.13,3.749,6.845,0.993,0.376,0.986
histogram,otsu,binary,258,1,0,0.3278,159.87,-0.13,3.728,6.919,1.037,0.377,1.095
histogram,otsu,binary,259,1,0,0.3264,159.85,-0.15,3.726,6.854,0.991,0.376,1.083
histogram,otsu,binary,260,1,0,0.3264,159.86,-0.14,3.777,6.796,0.981,0.378,0.984
histogram,otsu,binary,261,1,0,0.3278,159.91,-0.09,3.757,6.937,1.051,0.377,1.079
histogram,otsu,binary,262,1,0,0.3278,159.91,-0.09,3.717,6.906,0.98,0.425,1.104
histogram,otsu,binary,263,1,0,0.3222,159.89,-0.11,4.037,7.244,0.986,0.376,1.165
histogram,otsu,binary,264,1,0,0.3222,159.89,-0.11,3.828,7.264,1.036,0.409,1.177
histogram,otsu,binary,265,1,0,0.3208,159.85,-0.15,4.108,7.169,0.983,0.373,0.988
histogram,otsu,binary,266,1,0,0.3208,159.85,-0.15,4.05,7.274,1.037,0.387,1.12
histogram,otsu,binary,267,1,0,0.3208,159.83,-0.17,4.036,7.24,1.041,0.382,1.094
histogram,otsu,binary,268,1,0,0.3208,159.83,-0.17,4.189,7.307,0.998,0.381,1.05
histogram,otsu,binary,269,1,0,0.3278,159.96,-0.04,4.065,7.272,0.99,0.377,1.159
histogram,otsu,binary,270,1,0,0.3278,159.96,-0.04,4.052,7.105,0.995,0.377,0.986
histogram,otsu,binary,271,1,0,0.3236,159.8,-0.2,4.312,7.504,1.025,0.404,1.006
histogram,otsu,binary,272,1,0,0.3236,159.8,-0.2,3.909,7.414,1.177,0.459,1.038
histogram,otsu,binary,273,1,0,0.3236,159.81,-0.19,3.759,7.759,1.174,0.424,1.683
histogram,otsu,binary,274,1,0,0.3278,159.85,-0.15,3.754,7.2,1.132,0.438,1.027
histogram,otsu,binary,275,1,0,0.3278,159.85,-0.15,3.82,7.106,1.019,0.392,1.151
histogram,otsu,binary,276,1,0,0.3278,159.85,-0.15,3.836,7.488,0.994,0.38,1.588
histogram,otsu,binary,277,1,0,0.3208,159.91,-0.09,3.712,6.845,0.993,0.386,1.082
histogram,otsu,binary,278,1,0,0.3306,159.91,-0.09,3.781,6.895,0.986,0.379,1.004
histogram,otsu,binary,279,1,0,0.3306,159.91,-0.09,4.209,7.383,1.026,0.381,1.09
histogram,otsu,binary,280,1,0,0.3264,159.85,-0.15,3.781,7.317,0.995,0.38,1.477
histogram,otsu,binary,281,1,0,0.3194,159.87,-0.13,4.135,7.258,0.989,0.374,1.073
histogram,otsu,binary,282,1,0,0.325,159.83,-0.17,4.602,7.723,1.025,0.398,0.995
histogram,otsu,binary,283,1,0,0.325,159.83,-0.17,3.781,6.837,0.994,0.381,1.005
histogram,otsu,binary,284,1,0,0.3264,159.87,-0.13,3.729,7.108,1.088,0.474,1.129
histogram,otsu,binary,285,1,0,0.3194,159.8,-0.2,3.719,7.05,1.079,0.415,1.097
histogram,otsu,binary,286,1,0,0.3208,159.82,-0.18,3.842,7.314,1.152,0.443,1.206
histogram,otsu,binary,287,1,0,0.3208,159.82,-0.18,3.81,7.071,0.982,0.376,1.181
histogram,otsu,binary,288,1,0,0.3264,159.8,-0.2,3.968,7.142,0.993,0.378,1.067
histogram,otsu,binary,289,1,0,0.3264,159.88,-0.12,4.038,7.117,0.987,0.375,0.978
histogram,otsu,binary,290,1,0,0.3264,159.88,-0.12,4.233,7.355,1.043,0.384,1.007
histogram,otsu,binary,291,1,0,0.3236,159.8,-0.2,3.745,6.862,0.991,0.423,1.003
histogram,otsu,binary,292,1,0,0.3167,159.87,-0.13,3.645,6.772,0.99,0.38,0.989
histogram,otsu,binary,293,1,0,0.3208,159.85,-0.15,3.762,6.813,0.979,0.376,1.003
histogram,otsu,binary,294,1,0,0.3208,159.85,-0.15,3.793,6.888,1.041,0.377,0.989
histogram,otsu,binary,295,1,0,0.3208,159.86,-0.14,3.763,6.908,0.993,0.376,1.063
histogram,otsu,binary,296,1,0,0.3236,159.81,-0.19,3.965,7.0,0.983,0.378,0.989
histogram,otsu,binary,297,1,0,0.3194,159.85,-0.15,3.938,7.355,1.02,0.405,0.998
histogram,otsu,binary,298,1,0,0.3194,159.85,-0.15,4.076,7.173,1.047,0.381,0.991
histogram,otsu,binary,299,1,0,0.3236,159.81,-0.19,4.03,7.273,1.039,0.401,1.135
histogram,otsu,binary,300,1,0,0.3236,159.81,-0.19,4.245,7.468,0.989,0.377,1.174
histogram,otsu,binary,301,1,0,0.3236,159.87,-0.13,4.112,7.288,0.99,0.379,1.072
histogram,otsu,binary,302,1,0,0.3306,159.84,-0.16,3.905,7.052,0.992,0.379,1.082
histogram,otsu,binary,303,1,0,0.3306,159.84,-0.16,3.842,7.084,1.013,0.397,1.09
histogram,otsu,binary,304,1,0,0.3278,159.81,-0.19,3.753,7.101,1.116,0.431,1.101
histogram,otsu,binary,305,1,0,0.3264,159.85,-0.15,3.864,7.343,1.013,0.491,1.258
histogram,otsu,binary,306,1,0,0.3278,159.89,-0.11,3.806,7.262,0.982,0.379,1.392
histogram,otsu,binary,307,1,0,0.3278,159.89,-0.11,3.842,7.186,0.981,0.373,1.21
histogram,otsu,binary,308,1,0,0.3264,159.85,-0.15,4.19,7.34,0.987,0.397,1.087
histogram,otsu,binary,309,1,0,0.4194,159.75,-0.25,4.074,7.15,0.998,0.378,0.956
histogram,otsu,binary,310,1,0,0.3681,159.94,-0.06,3.988,7.192,1.044,0.39,1.018
histogram,otsu,binary,311,1,0,0.3681,159.94,-0.06,4.06,7.155,0.993,0.379,1.035
histogram,otsu,binary,312,1,0,0.3375,159.84,-0.16,4.046,7.136,0.991,0.378,1.04
histogram,otsu,binary,313,1,0,0.3361,159.86,-0.14,3.732,6.796,1.012,0.394,0.966
histogram,otsu,binary,314,1,0,0.3361,159.86,-0.14,3.867,7.099,1.094,0.427,0.994
histogram,otsu,binary,315,1,0,0.3375,159.9,-0.1,3.713,7.031,1.049,0.484,1.056
histogram,otsu,binary,316,1,0,0.3181,159.74,-0.26,3.758,7.242,0.98,0.579,1.245
histogram,otsu,binary,317,1,0,0.3375,159.78,-0.22,3.92,7.113,0.998,0.405,0.994
histogram,otsu,binary,318,1,0,0.3375,159.78,-0.22,4.184,7.312,0.986,0.379,1.076
histogram,otsu,binary,319,1,0,0.3403,159.8,-0.2,4.056,7.321,1.045,0.376,1.108
histogram,otsu,binary,320,1,0,0.3181,159.89,-0.11,4.143,7.235,1.034,0.383,0.996
histogram,otsu,binary,321,1,0,0.3111,159.85,-0.15,4.361,7.453,0.986,0.384,1.033
histogram,otsu,binary,322,1,0,0.3111,159.85,-0.15,5.875,10.039,1.127,0.545,1.676
histogram,otsu,binary,323,1,0,0.3208,159.82,-0.18,5.786,9.983,1.147,0.551,1.622
histogram,otsu,binary,324,1,0,0.3208,159.82,-0.18,5.133,8.957,1.104,0.605,1.333
histogram,otsu,binary,325,1,0,0.3139,159.89,-0.11,11.26,15.269,1.377,0.484,1.317
histogram,otsu,binary,326,1,0,0.3139,159.89,-0.11,4.45,8.096,1.202,0.534,1.186
histogram,otsu,binary,327,1,0,0.3181,159.83,-0.17,5.047,8.601,1.045,0.53,1.25
histogram,otsu,binary,328,1,0,0.3181,159.83,-0.17,5.428,8.834,1.157,0.422,1.076
histogram,otsu,binary,329,1,0,0.3125,159.81,-0.19,5.247,8.533,1.063,0.383,1.091
histogram,otsu,binary,330,1,0,0.3125,159.81,-0.19,3.871,7.029,1.001,0.381,1.073
histogram,otsu,binary,331,1,0,0.3125,159.84,-0.16,3.884,7.182,1.039,0.406,1.087
histogram,otsu,binary,332,1,0,0.3125,159.84,-0.16,3.838,7.18,1.098,0.414,1.118
histogram,otsu,binary,333,1,0,0.3264,159.71,-0.29,3.822,7.242,1.066,0.526,1.104
histogram,otsu,binary,334,1,0,0.3264,159.71,-0.29,3.922,7.281,0.998,0.381,1.273
histogram,otsu,binary,335,1,0,0.3222,159.83,-0.17,3.987,7.42,0.992,0.389,1.043
histogram,otsu,binary,336,1,0,0.3083,159.88,-0.12,4.071,7.29,0.999,0.387,1.142
histogram,otsu,binary,337,1,0,0.3208,159.81,-0.19,4.186,7.369,0.999,0.389,1.025
histogram,otsu,binary,338,1,0,0.3208,159.81,-0.19,4.006,7.209,1.058,0.393,1.044
histogram,otsu,binary,339,1,0,0.3125,159.87,-0.13,4.054,7.221,1.005,0.438,1.022
histogram,otsu,binary,340,1,0,0.3111,159.84,-0.16,4.024,7.442,1.007,0.397,1.316
histogram,otsu,binary,341,1,0,0.3208,159.8,-0.2,3.834,7.045,1.002,0.388,1.106
histogram,otsu,binary,342,1,0,0.3208,159.8,-0.2,3.899,7.029,0.998,0.386,1.036
histogram,otsu,binary,343,1,0,0.3181,159.76,-0.24,3.854,7.017,1.057,0.39,1.018
histogram,otsu,binary,344,1,0,0.3181,159.82,-0.18,4.233,7.443,1.0,0.457,1.036
histogram,otsu,binary,345,1,0,0.3181,159.9,-0.1,4.428,8.06,1.151,0.495,1.177
histogram,otsu,binary,346,1,0,0.3181,159.9,-0.1,4.42,8.048,1.147,0.514,1.18
histogram,otsu,binary,347,1,0,0.3208,159.74,-0.26,4.365,8.087,1.144,0.501,1.304
histogram,otsu,binary,348,1,0,0.3208,159.74,-0.26,4.372,8.006,1.207,0.451,1.202
histogram,otsu,binary,349,1,0,0.3181,159.83,-0.17,4.276,7.981,1.217,0.468,1.25
histogram,otsu,binary,350,1,0,0.3181,159.83,-0.17,4.936,8.597,1.204,0.442,1.252
histogram,otsu,binary,351,1,0,0.3181,159.83,-0.17,4.379,8.102,1.302,0.468,1.153
histogram,otsu,binary,352,1,0,0.3167,159.81,-0.19,4.254,7.917,1.218,0.451,1.158
histogram,otsu,binary,353,1,0,0.3139,159.85,-0.15,5.367,8.949,1.215,0.445,1.159
histogram,otsu,binary,354,1,0,0.325,159.78,-0.22,4.542,7.997,1.138,0.433,1.116
histogram,otsu,binary,355,1,0,0.325,159.78,-0.22,6.083,9.789,1.138,0.431,1.259
histogram,otsu,binary,356,1,0,0.3208,159.75,-0.25,6.595,11.037,1.296,0.575,1.65
histogram,otsu,binary,357,1,0,0.3097,159.83,-0.17,5.823,9.984,1.237,0.45,1.514
histogram,otsu,binary,358,1,0,0.3167,159.84,-0.16,9.523,13.874,1.244,0.57,1.522
histogram,otsu,binary,359,1,0,0.3167,159.84,-0.16,5.308,10.86,1.911,0.933,1.495
histogram,otsu,binary,360,1,0,0.3181,159.76,-0.24,5.409,9.347,1.198,0.494,1.409
histogram,adaptive,binary,0,1,0,1.0,111.06,-48.94,5.254,18.247,1.581,9.352,1.253
histogram,adaptive,binary,1,1,0,1.0,110.57,-49.43,5.107,17.092,1.154,8.379,1.679
histogram,adaptive,binary,2,1,0,1.0,111.06,-48.94,4.654,16.379,1.204,8.469,1.265
histogram,adaptive,binary,3,1,0,1.0,111.06,-48.94,4.519,14.833,1.067,7.254,1.262
histogram,adaptive,binary,4,1,0,1.0,111.06,-48.94,4.51,14.973,0.998,7.322,1.37
histogram,adaptive,binary,5,1,0,1.0,111.07,-48.93,4.567,14.69,0.991,7.328,1.107
histogram,adaptive,binary,6,1,0,1.0,111.07,-48.93,4.508,14.93,1.059,7.327,1.323
histogram,adaptive,binary,7,1,0,1.0,111.06,-48.94,4.508,14.726,1.002,7.251,1.27
histogram,adaptive,binary,8,1,0,1.0,111.55,-48.45,4.908,15.111,1.004,7.296,1.193
histogram,adaptive,binary,9,1,0,1.0,111.06,-48.94,6.206,17.059,1.093,7.727,1.325
histogram,adaptive,binary,10,1,0,1.0,111.06,-48.94,6.708,17.91,0.844,8.272,1.172
histogram,adaptive,binary,11,1,0,1.0,111.55,-48.45,5.464,17.079,1.546,7.905,1.349
histogram,adaptive,binary,12,1,0,1.0,111.06,-48.94,7.172,18.77,1.097,8.266,1.329
histogram,adaptive,binary,13,1,0,1.0,111.56,-48.44,4.444,15.278,1.165,7.545,1.132
histogram,adaptive,binary,14,1,0,1.0,111.56,-48.44,5.301,15.762,1.04,7.257,1.47
histogram,adaptive,binary,15,1,0,1.0,111.56,-48.44,4.503,15.734,1.205,8.103,1.159
histogram,adaptive,binary,16,1,0,1.0,111.56,-48.44,4.528,14.816,1.058,7.29,1.238
histogram,adaptive,binary,17,1,0,1.0,111.06,-48.94,4.566,14.847,0.991,7.221,1.362
histogram,adaptive,binary,18,1,0,1.0,110.57,-49.43,4.522,14.873,0.999,7.518,1.137
histogram,adaptive,binary,19,1,0,1.0,111.06,-48.94,4.545,14.929,1.067,7.305,1.31
histogram,adaptive,binary,20,1,0,1.0,111.06,-48.94,4.518,14.835,1.022,7.342,1.242
histogram,adaptive,binary,21,1,0,1.0,111.06,-48.94,5.797,16.05,0.995,7.254,1.217
histogram,adaptive,binary,22,1,0,1.0,110.57,-49.43,7.288,19.844,1.135,8.882,1.733
histogram,adaptive,binary,23,1,0,1.0,110.57,-49.43,5.283,19.043,1.475,9.784,1.631
histogram,adaptive,binary,24,1,0,1.0,111.06,-48.94,5.087,17.41,1.146,8.782,1.62
histogram,adaptive,binary,25,1,0,1.0,111.06,-48.94,5.076,16.92,1.164,8.343,1.563
histogram,adaptive,binary,26,1,0,1.0,111.06,-48.94,5.101,17.07,1.215,8.462,1.521
histogram,adaptive,binary,27,1,0,1.0,111.06,-48.94,4.893,16.698,1.149,8.359,1.524
histogram,adaptive,binary,28,1,0,1.0,111.06,-48.94,4.557,14.745,1.007,7.33,1.145
histogram,adaptive,binary,29,1,0,1.0,111.06,-48.94,4.489,14.887,1.007,7.279,1.343
histogram,adaptive,binary,30,1,0,1.0,111.06,-48.94,4.493,14.764,1.066,7.261,1.241
histogram,adaptive,binary,31,1,0,1.0,111.06,-48.94,5.001,16.167,1.006,7.625,1.727
histogram,adaptive,binary,32,1,0,1.0,111.56,-48.44,7.089,18.286,1.029,7.859,1.51
histogram,adaptive,binary,33,1,0,1.0,111.56,-48.44,4.709,16.442,1.342,8.125,1.373
histogram,adaptive,binary,34,1,0,1.0,111.56,-48.44,5.655,17.555,1.088,8.444,1.645
histogram,adaptive,binary,35,1,0,1.0,111.56,-48.44,6.37,22.827,3.828,9.738,1.943
histogram,adaptive,binary,36,1,0,1.0,111.56,-48.44,6.153,19.101,1.367,8.99,1.654
histogram,adaptive,binary,37,1,0,1.0,111.06,-48.94,7.596,23.937,1.263,9.637,4.535
histogram,adaptive,binary,38,1,0,1.0,111.06,-48.94,7.388,20.774,1.319,8.925,2.228
histogram,adaptive,binary,39,1,0,1.0,111.07,-48.93,6.225,19.965,1.36,9.758,1.651
histogram,adaptive,binary,40,1,0,1.0,111.07,-48.93,7.765,20.858,1.208,9.081,1.816
histogram,adaptive,binary,41,1,0,1.0,111.56,-48.44,5.668,20.306,3.027,9.066,1.624
histogram,adaptive,binary,42,1,0,1.0,111.06,-48.94,7.735,20.808,1.262,9.02,1.904
histogram,adaptive,binary,43,1,0,1.0,110.57,-49.43,5.86,19.682,1.437,9.442,1.907
histogram,adaptive,binary,44,1,0,1.0,110.57,-49.43,7.818,21.242,1.365,8.989,2.167
histogram,adaptive,binary,45,1,0,1.0,110.57,-49.43,6.484,21.141,2.394,9.371,1.972
histogram,adaptive,binary,46,1,0,1.0,110.57,-49.43,7.426,21.589,1.247,9.803,2.068
histogram,adaptive,binary,47,1,0,1.0,111.07,-48.93,5.797,17.986,1.175,8.482,1.629
histogram,adaptive,binary,48,1,0,1.0,111.07,-48.93,8.452,22.522,1.285,9.683,2.045
histogram,adaptive,binary,49,1,0,1.0,111.55,-48.45,6.948,20.288,1.889,8.339,2.199
histogram,adaptive,binary,50,1,0,1.0,111.55,-48.45,5.16,17.919,1.219,8.358,2.328
histogram,adaptive,binary,51,1,0,1.0,111.06,-48.94,5.328,16.157,1.073,7.397,1.587
histogram,adaptive,binary,52,1,0,1.0,111.06,-48.94,7.641,20.171,1.13,8.605,1.934
histogram,adaptive,binary,53,1,0,1.0,111.06,-48.94,4.622,17.727,3.588,7.318,1.318
histogram,adaptive,binary,54,1,0,1.0,111.06,-48.94,4.786,15.8,1.086,7.493,1.615
histogram,adaptive,binary,55,1,0,1.0,111.07,-48.93,4.389,15.152,1.038,7.465,1.564
histogram,adaptive,binary,56,1,0,1.0,111.07,-48.93,4.407,14.997,1.233,7.37,1.299
histogram,adaptive,binary,57,1,0,1.0,111.56,-48.44,4.896,16.028,1.039,7.468,1.95
histogram,adaptive,binary,58,1,0,1.0,112.05,-47.95,4.407,14.859,1.079,7.327,1.321
histogram,adaptive,binary,59,1,0,1.0,112.05,-47.95,4.478,14.684,0.991,7.358,1.171
histogram,adaptive,binary,60,1,0,1.0,110.08,-49.92,5.944,16.349,0.979,7.406,1.331
histogram,adaptive,binary,61,1,0,1.0,111.55,-48.45,5.075,16.869,1.135,8.619,1.279
histogram,adaptive,binary,62,1,0,1.0,111.55,-48.45,5.074,16.727,1.127,8.549,1.216
histogram,adaptive,binary,63,1,0,1.0,111.06,-48.94,5.32,17.202,1.212,8.357,1.531
histogram,adaptive,binary,64,1,0,1.0,111.06,-48.94,5.17,16.622,1.149,8.295,1.252
histogram,adaptive,binary,65,1,0,1.0,111.07,-48.93,4.981,16.788,1.139,8.229,1.686
histogram,adaptive,binary,66,1,0,1.0,111.07,-48.93,5.094,16.865,1.143,8.288,1.581
histogram,adaptive,binary,67,1,0,1.0,111.06,-48.94,4.81,15.126,1.044,7.196,1.397
histogram,adaptive,binary,68,1,0,1.0,110.57,-49.43,4.992,15.543,1.023,7.417,1.274
histogram,adaptive,binary,69,1,0,1.0,112.08,-47.92,5.514,16.399,0.997,7.508,1.64
histogram,adaptive,binary,70,0,0,0.0,0.0,,2.931,13.486,0.995,7.563,1.273
histogram,adaptive,binary,71,0,0,0.0,0.0,,3.583,14.038,0.999,7.287,1.402
histogram,adaptive,binary,72,1,0,1.0,110.58,-49.42,5.419,16.151,1.162,7.523,1.196
histogram,adaptive,binary,73,1,0,1.0,111.09,-48.91,6.258,16.63,1.04,7.324,1.153
histogram,adaptive,binary,74,1,0,1.0,112.08,-47.92,6.049,18.577,1.424,8.946,1.306
histogram,adaptive,binary,75,1,0,1.0,112.08,-47.92,6.294,18.356,1.144,8.596,1.535
histogram,adaptive,binary,76,1,0,1.0,111.09,-48.91,5.264,18.426,2.397,8.609,1.302
histogram,adaptive,binary,77,1,0,1.0,111.09,-48.91,5.511,17.988,1.135,8.943,1.629
histogram,adaptive,binary,78,1,0,1.0,111.09,-48.91,5.46,18.07,1.202,9.033,1.531
histogram,adaptive,binary,79,1,0,1.0,111.09,-48.91,5.5,17.68,1.201,8.619,1.584
histogram,adaptive,binary,80,1,0,1.0,108.56,-51.44,5.935,18.044,1.337,8.509,1.356
histogram,adaptive,binary,81,1,0,1.0,110.05,-49.95,5.602,17.828,1.227,8.633,1.484
histogram,adaptive,binary,82,1,0,1.0,110.05,-49.95,5.518,16.787,0.888,8.392,1.111
histogram,adaptive,binary,83,1,0,1.0,108.08,-51.92,5.387,16.466,0.735,8.469,1.013
histogram,adaptive,binary,84,1,0,1.0,107.58,-52.42,5.306,16.415,0.756,8.535,1.072
histogram,adaptive,binary,85,1,0,1.0,107.58,-52.42,4.781,14.58,0.744,7.247,0.993
histogram,adaptive,binary,86,1,0,1.0,107.58,-52.42,4.507,14.0,0.661,7.207,0.928
histogram,adaptive,binary,87,1,0,1.0,109.58,-50.42,4.452,13.903,0.677,7.113,0.979
histogram,adaptive,binary,88,1,0,1.0,109.58,-50.42,4.463,13.921,0.64,7.224,0.916
histogram,adaptive,binary,89,1,0,1.0,109.08,-50.92,4.435,13.931,0.662,7.145,0.997
histogram,adaptive,binary,90,1,0,1.0,109.08,-50.92,4.391,13.844,0.633,7.208,0.921
histogram,adaptive,binary,91,1,0,1.0,108.08,-51.92,4.442,13.893,0.648,7.144,0.922
histogram,adaptive,binary,92,1,0,1.0,108.08,-51.92,4.423,13.876,0.64,7.227,0.912
histogram,adaptive,binary,93,1,0,1.0,108.09,-51.91,4.458,13.88,0.649,7.123,0.933
histogram,adaptive,binary,94,1,0,1.0,105.6,-54.4,4.394,13.889,0.639,7.243,0.924
histogram,adaptive,binary,95,1,0,1.0,105.6,-54.4,4.466,13.846,0.655,7.118,0.921
histogram,adaptive,binary,96,0,0,0.0,0.0,,4.547,14.919,0.638,7.723,1.187
histogram,adaptive,binary,97,1,0,1.0,112.04,-47.96,13.078,29.983,1.231,11.294,3.05
histogram,adaptive,binary,98,1,0,1.0,112.04,-47.96,5.622,17.629,1.097,7.959,2.001
histogram,adaptive,binary,99,1,0,1.0,112.04,-47.96,5.929,17.258,2.029,7.42,1.084
histogram,adaptive,binary,100,0,0,0.0,0.0,,2.969,13.393,1.074,7.524,1.069
histogram,adaptive,binary,101,1,1,0.6,142.07,-17.93,4.333,14.616,0.99,7.171,1.35
histogram,adaptive,binary,102,1,1,0.6,143.05,-16.95,4.314,15.971,2.148,7.325,1.477
histogram,adaptive,binary,103,1,1,0.6,143.05,-16.95,4.328,14.516,1.008,7.301,1.147
histogram,adaptive,binary,104,1,1,0.6,146.07,-13.93,4.774,15.054,1.05,7.357,1.148
histogram,adaptive,binary,105,1,1,0.6,208.08,48.08,4.84,16.677,1.216,8.376,1.456
histogram,adaptive,binary,106,1,1,0.6,208.08,48.08,4.885,16.598,1.205,8.486,1.242
histogram,adaptive,binary,107,1,1,0.6,188.01,28.01,5.113,16.932,1.145,8.378,1.448
histogram,adaptive,binary,108,1,1,0.6,188.01,28.01,6.959,20.143,1.28,8.529,2.463
histogram,adaptive,binary,109,1,1,0.6,208.15,48.15,5.851,18.382,1.408,8.694,1.529
histogram,adaptive,binary,110,1,1,0.6,208.15,48.15,6.645,20.035,2.225,8.713,1.551
histogram,adaptive,binary,111,1,1,0.6,208.15,48.15,7.354,21.424,1.285,10.02,1.741
histogram,adaptive,binary,112,1,1,0.6,120.24,-39.76,9.906,25.741,1.276,11.619,1.984
histogram,adaptive,binary,113,1,1,0.6,123.22,-36.78,5.705,17.866,1.282,8.56,1.451
histogram,adaptive,binary,114,1,1,0.6,123.22,-36.78,7.152,20.46,1.184,9.377,1.822
histogram,adaptive,binary,115,1,1,0.6,128.25,-31.75,6.133,20.331,1.453,10.318,1.538
histogram,adaptive,binary,116,1,1,0.6,128.25,-31.75,5.999,18.61,1.343,8.847,1.555
histogram,adaptive,binary,117,1,1,0.6,130.27,-29.73,5.928,18.468,1.335,8.72,1.635
histogram,adaptive,binary,118,1,1,0.6,137.27,-22.73,11.511,25.383,2.156,9.059,1.775
histogram,adaptive,binary,119,1,1,0.6,137.27,-22.73,5.397,17.978,1.307,8.67,1.697
histogram,adaptive,binary,120,1,1,0.6,137.33,-22.67,5.929,17.849,1.283,8.552,1.311
histogram,adaptive,binary,121,1,1,0.6,124.33,-35.67,5.463,18.359,1.312,9.186,1.472
histogram,adaptive,binary,122,1,1,0.6,124.33,-35.67,4.888,17.29,1.541,8.726,1.321
histogram,adaptive,binary,123,1,1,0.6,209.25,49.25,4.817,16.493,1.16,8.306,1.34
histogram,adaptive,binary,124,1,1,0.6,209.25,49.25,5.083,17.224,1.217,8.494,1.621
histogram,adaptive,binary,125,1,1,0.6,192.33,32.33,5.087,16.913,1.193,8.489,1.363
histogram,adaptive,binary,126,1,1,0.6,165.3,5.3,5.336,17.255,1.266,8.552,1.322
histogram,adaptive,binary,127,1,1,0.6,165.3,5.3,5.104,17.024,1.272,8.444,1.413
histogram,adaptive,binary,128,0,0,0.0,0.0,,3.355,15.427,1.244,8.601,1.445
histogram,adaptive,binary,129,1,0,1.0,110.92,-49.08,5.348,17.698,1.309,8.51,1.724
histogram,adaptive,binary,130,1,0,1.0,110.92,-49.08,5.469,17.77,1.327,8.608,1.554
histogram,adaptive,binary,131,1,0,1.0,103.04,-56.96,5.443,17.667,1.279,8.539,1.605
histogram,adaptive,binary,132,1,0,1.0,103.04,-56.96,5.516,16.333,1.142,7.44,1.37
histogram,adaptive,binary,133,1,0,1.0,93.91,-66.09,4.435,15.081,1.271,7.285,1.21
histogram,adaptive,binary,134,1,0,1.0,93.91,-66.09,4.395,14.556,1.052,7.254,1.158
histogram,adaptive,binary,135,1,0,1.0,93.91,-66.09,4.386,14.436,0.987,7.128,1.254
histogram,adaptive,binary,136,1,0,0.9944,94.57,-65.43,4.511,14.762,1.036,7.187,1.341
histogram,adaptive,binary,137,1,0,1.0,91.65,-68.35,5.09,17.313,1.003,7.52,2.911
histogram,adaptive,binary,138,1,0,1.0,91.65,-68.35,4.421,14.943,1.073,7.465,1.273
histogram,adaptive,binary,139,1,0,1.0,91.65,-68.35,4.471,14.654,0.997,7.281,1.195
histogram,adaptive,binary,140,1,0,0.9583,86.03,-73.97,4.239,14.425,1.0,7.351,1.131
histogram,adaptive,binary,141,1,0,0.9792,86.04,-73.96,4.304,14.723,1.008,7.338,1.303
histogram,adaptive,binary,142,1,0,1.0,86.12,-73.88,4.391,15.25,1.153,7.382,1.519
histogram,adaptive,binary,143,1,0,1.0,86.12,-73.88,4.213,14.794,1.038,7.382,1.407
histogram,adaptive,binary,144,1,0,1.0,86.1,-73.9,4.2,14.71,1.0,7.528,1.276
histogram,adaptive,binary,145,1,0,1.0,86.22,-73.78,4.223,14.454,1.067,7.289,1.167
histogram,adaptive,binary,146,1,0,1.0,86.22,-73.78,4.129,14.437,1.0,7.348,1.149
histogram,adaptive,binary,147,1,0,1.0,86.22,-73.78,4.201,14.223,0.992,7.239,1.109
histogram,adaptive,binary,148,1,0,1.0,86.22,-73.78,4.11,14.235,1.049,7.17,1.209
histogram,adaptive,binary,149,1,0,1.0,86.24,-73.76,4.163,14.107,0.99,7.127,1.139
histogram,adaptive,binary,150,1,0,1.0,86.22,-73.78,4.129,14.526,1.024,7.154,1.537
histogram,adaptive,binary,151,1,0,1.0,86.22,-73.78,4.127,14.031,0.996,7.137,1.087
histogram,adaptive,binary,152,1,0,1.0,86.22,-73.78,4.683,15.268,0.993,7.459,1.376
histogram,adaptive,binary,153,1,0,0.95,86.14,-73.86,4.666,16.131,1.201,8.279,1.187
histogram,adaptive,binary,154,1,0,0.95,86.14,-73.86,4.712,16.331,1.206,8.291,1.368
histogram,adaptive,binary,155,1,0,0.95,86.14,-73.86,4.814,16.369,1.134,8.218,1.385
histogram,adaptive,binary,156,1,0,0.9736,86.18,-73.82,4.771,16.223,1.124,8.271,1.301
histogram,adaptive,binary,157,1,0,0.9236,86.13,-73.87,4.771,16.065,1.14,8.2,1.191
histogram,adaptive,binary,158,1,0,0.9236,86.13,-73.87,4.397,15.719,1.137,8.256,1.181
histogram,adaptive,binary,159,1,0,0.9389,86.14,-73.86,4.098,14.117,0.991,7.15,1.197
histogram,adaptive,binary,160,1,0,0.9625,90.64,-69.36,4.131,14.113,1.04,7.163,1.107
histogram,adaptive,binary,161,1,0,0.9514,86.2,-73.8,4.098,13.989,0.986,7.135,1.075
histogram,adaptive,binary,162,1,0,0.9514,86.2,-73.8,4.152,14.283,1.039,7.155,1.259
histogram,adaptive,binary,163,1,0,0.9611,86.16,-73.84,4.134,13.989,0.987,7.113,1.065
histogram,adaptive,binary,164,1,0,0.9611,86.16,-73.84,4.12,14.138,1.038,7.163,1.128
histogram,adaptive,binary,165,1,0,0.9889,86.13,-73.87,4.107,14.18,1.028,7.105,1.262
histogram,adaptive,binary,166,1,0,1.0,86.22,-73.78,4.496,14.594,0.99,7.261,1.104
histogram,adaptive,binary,167,1,0,1.0,86.22,-73.78,4.372,14.901,1.04,7.423,1.366
histogram,adaptive,binary,168,1,0,1.0,86.22,-73.78,4.255,14.427,1.01,7.315,1.119
histogram,adaptive,binary,169,1,0,1.0,89.05,-70.95,4.232,14.551,0.999,7.293,1.251
histogram,adaptive,binary,170,1,0,1.0,89.05,-70.95,4.233,14.594,0.998,7.342,1.335
histogram,adaptive,binary,171,1,0,1.0,89.05,-70.95,4.247,14.476,1.006,7.262,1.257
histogram,adaptive,binary,172,1,0,1.0,86.22,-73.78,4.211,14.566,1.064,7.343,1.236
histogram,adaptive,binary,173,1,0,1.0,86.22,-73.78,4.205,14.56,1.003,7.259,1.359
histogram,adaptive,binary,174,1,0,0.9639,86.08,-73.92,4.215,14.357,1.007,7.305,1.12
histogram,adaptive,binary,175,1,0,0.9639,86.08,-73.92,4.208,14.368,1.04,7.217,1.199
histogram,adaptive,binary,176,1,0,0.9347,86.18,-73.82,4.288,14.43,1.001,7.33,1.099
histogram,adaptive,binary,177,1,0,0.9375,87.17,-72.83,4.2,14.497,0.991,7.432,1.185
histogram,adaptive,binary,178,1,0,0.9375,87.17,-72.83,4.173,14.314,1.046,7.252,1.163
histogram,adaptive,binary,179,1,0,0.9375,87.17,-72.83,4.146,14.146,0.983,7.14,1.193
histogram,adaptive,binary,180,1,0,0.9361,86.12,-73.88,4.123,14.169,1.053,7.165,1.163
histogram,adaptive,binary,181,1,0,0.9431,86.13,-73.87,4.114,13.99,0.997,7.104,1.091
histogram,adaptive,binary,182,1,0,0.9736,86.11,-73.89,4.135,14.3,1.052,7.206,1.229
histogram,adaptive,binary,183,1,0,0.9736,86.11,-73.89,4.168,14.236,0.996,7.128,1.229
histogram,adaptive,binary,184,1,0,1.0,86.15,-73.85,4.113,14.101,0.987,7.212,1.096
histogram,adaptive,binary,185,1,0,1.0,92.68,-67.32,4.361,14.484,0.988,7.128,1.316
histogram,adaptive,binary,186,1,0,1.0,99.18,-60.82,4.366,14.281,0.991,7.181,1.057
histogram,adaptive,binary,187,1,0,1.0,99.18,-60.82,4.364,14.435,1.045,7.075,1.265
histogram,adaptive,binary,188,1,0,1.0,95.25,-64.75,4.474,14.549,0.993,7.214,1.194
histogram,adaptive,binary,189,1,0,1.0,93.73,-66.27,4.362,14.336,0.982,7.16,1.154
histogram,adaptive,binary,190,1,0,1.0,93.73,-66.27,4.372,14.482,1.038,7.164,1.235
histogram,adaptive,binary,191,1,0,1.0,93.73,-66.27,4.359,14.19,1.005,7.106,1.047
histogram,adaptive,binary,192,1,0,1.0,94.7,-65.3,4.369,14.376,1.042,7.227,1.047
histogram,adaptive,binary,193,1,0,1.0,93.22,-66.78,4.428,14.608,0.999,7.145,1.247
histogram,adaptive,binary,194,1,0,1.0,92.75,-67.25,5.047,16.471,1.131,8.297,1.179
histogram,adaptive,binary,195,1,0,1.0,92.75,-67.25,4.97,16.406,1.135,8.185,1.366
histogram,adaptive,binary,196,1,0,1.0,91.23,-68.77,4.946,16.361,1.133,8.286,1.238
histogram,adaptive,binary,197,1,0,1.0,87.35,-72.65,4.753,16.108,1.143,8.197,1.244
histogram,adaptive,binary,198,1,0,1.0,87.35,-72.65,4.776,16.2,1.134,8.341,1.193
histogram,adaptive,binary,199,1,0,1.0,86.24,-73.76,5.076,16.484,1.184,8.242,1.227
histogram,adaptive,binary,200,1,0,1.0,86.24,-73.76,4.172,15.205,1.296,7.924,1.037
histogram,adaptive,binary,201,1,0,1.0,86.22,-73.78,4.124,14.088,0.988,7.152,1.056
histogram,adaptive,binary,202,1,0,1.0,86.22,-73.78,4.34,14.502,0.985,7.255,1.228
histogram,adaptive,binary,203,1,0,1.0,86.22,-73.78,4.133,14.178,1.044,7.096,1.196
histogram,adaptive,binary,204,1,0,1.0,86.22,-73.78,4.267,14.2,0.993,7.205,1.054
histogram,adaptive,binary,205,1,0,1.0,86.22,-73.78,4.112,14.087,1.061,7.173,1.055
histogram,adaptive,binary,206,1,0,1.0,86.22,-73.78,4.124,14.158,0.99,7.217,1.142
histogram,adaptive,binary,207,1,0,1.0,86.22,-73.78,4.098,14.117,0.997,7.133,1.147
histogram,adaptive,binary,208,1,0,1.0,86.22,-73.78,4.115,14.168,0.99,7.176,1.126
histogram,adaptive,binary,209,1,0,1.0,90.52,-69.48,4.295,14.183,0.982,7.157,1.057
histogram,adaptive,binary,210,1,0,1.0,90.52,-69.48,4.346,14.448,0.991,7.225,1.202
histogram,adaptive,binary,211,1,0,1.0,110.02,-49.98,4.376,14.299,0.981,7.13,1.126
histogram,adaptive,binary,212,1,0,1.0,110.02,-49.98,4.38,14.624,1.252,7.239,1.064
histogram,adaptive,binary,213,1,1,0.6,217.11,57.11,4.253,14.154,0.996,7.134,1.058
histogram,adaptive,binary,214,1,1,0.6,217.11,57.11,4.176,14.139,0.98,7.211,1.092
histogram,adaptive,binary,215,1,1,0.6,112.97,-47.03,4.179,14.108,0.989,7.112,1.146
histogram,adaptive,binary,216,1,1,0.6,126.97,-33.03,4.178,14.245,0.995,7.19,1.197
histogram,adaptive,binary,217,1,1,0.6,116.97,-43.03,4.193,14.161,1.041,7.104,1.138
histogram,adaptive,binary,218,1,0,1.0,121.5,-38.5,4.39,14.336,0.994,7.179,1.09
histogram,adaptive,binary,219,1,0,1.0,121.5,-38.5,4.403,14.369,0.997,7.133,1.097
histogram,adaptive,binary,220,1,0,1.0,86.25,-73.75,4.197,14.115,0.988,7.182,1.061
histogram,adaptive,binary,221,0,0,0.0,0.0,,3.275,13.665,0.99,7.459,1.248
histogram,adaptive,binary,222,0,0,0.0,0.0,,3.265,14.73,1.139,8.287,1.289
histogram,adaptive,binary,223,0,0,0.0,0.0,,3.222,14.663,1.152,8.188,1.252
histogram,adaptive,binary,224,0,0,0.0,0.0,,3.274,14.734,1.204,8.289,1.211
histogram,adaptive,binary,225,1,0,0.9375,193.99,33.99,5.054,16.57,1.15,8.266,1.352
histogram,adaptive,binary,226,1,0,0.9375,193.99,33.99,5.041,16.535,1.175,8.322,1.236
histogram,adaptive,binary,227,1,0,0.9292,197.87,37.87,5.124,16.616,1.208,8.196,1.337
histogram,adaptive,binary,228,1,0,0.9292,197.87,37.87,4.43,14.542,1.07,7.191,1.103
histogram,adaptive,binary,229,1,0,0.9458,203.17,43.17,4.426,14.464,1.03,7.087,1.236
histogram,adaptive,binary,230,1,0,0.9333,201.42,41.42,4.424,14.448,0.991,7.197,1.151
histogram,adaptive,binary,231,1,0,0.9333,201.42,41.42,4.417,14.445,0.985,7.128,1.163
histogram,adaptive,binary,232,1,0,0.9278,201.02,41.02,4.406,14.432,0.984,7.193,1.168
histogram,adaptive,binary,233,1,0,0.9319,198.52,38.52,4.39,14.438,0.99,7.13,1.221
histogram,adaptive,binary,234,1,0,0.9306,206.15,46.15,4.456,14.592,1.031,7.161,1.264
histogram,adaptive,binary,235,1,0,0.9306,206.15,46.15,4.532,14.434,0.993,7.125,1.115
histogram,adaptive,binary,236,1,0,0.9264,197.03,37.03,4.399,14.49,0.988,7.2,1.218
histogram,adaptive,binary,237,1,0,0.9306,202.94,42.94,4.423,14.47,1.045,7.093,1.216
histogram,adaptive,binary,238,1,0,0.9306,202.94,42.94,4.425,14.411,0.983,7.191,1.125
histogram,adaptive,binary,239,1,0,0.9319,195.02,35.02,4.388,14.504,0.988,7.138,1.226
histogram,adaptive,binary,240,1,0,0.9319,195.02,35.02,4.409,14.477,0.983,7.21,1.204
histogram,adaptive,binary,241,1,0,0.9292,206.64,46.64,4.413,14.464,0.995,7.149,1.223
histogram,adaptive,binary,242,1,0,0.9278,193.53,33.53,4.394,14.558,1.044,7.222,1.22
histogram,adaptive,binary,243,1,0,0.9278,193.53,33.53,4.432,14.499,1.028,7.113,1.135
histogram,adaptive,binary,244,1,0,0.9278,199.51,39.51,4.414,14.504,0.997,7.201,1.217
histogram,adaptive,binary,245,1,0,0.9319,203.92,43.92,4.393,14.39,1.044,7.081,1.184
histogram,adaptive,binary,246,1,0,0.9319,203.92,43.92,4.484,14.546,0.993,7.173,1.218
histogram,adaptive,binary,247,1,0,0.9306,202.95,42.95,4.404,14.397,0.989,7.194,1.128
histogram,adaptive,binary,248,1,0,0.9306,202.95,42.95,4.429,14.625,1.037,7.18,1.293
histogram,adaptive,binary,249,1,0,0.9333,202.96,42.96,4.406,14.411,0.991,7.106,1.227
histogram,adaptive,binary,250,1,0,0.9333,202.96,42.96,4.403,14.581,0.985,7.23,1.221
histogram,adaptive,binary,251,1,0,0.9361,199.5,39.5,4.402,14.421,1.033,7.099,1.204
histogram,adaptive,binary,252,1,0,0.9361,199.5,39.5,4.404,14.381,0.991,7.19,1.107
histogram,adaptive,binary,253,1,0,0.9292,195.52,35.52,4.375,14.507,1.036,7.157,1.217
histogram,adaptive,binary,254,1,0,0.9292,195.52,35.52,4.418,14.442,0.993,7.179,1.115
histogram,adaptive,binary,255,1,0,0.9292,195.52,35.52,4.471,14.384,0.989,7.136,1.105
histogram,adaptive,binary,256,1,0,0.9306,207.1,47.1,5.045,16.643,1.186,8.301,1.363
histogram,adaptive,binary,257,1,0,0.9333,202.01,42.01,5.088,16.617,1.135,8.201,1.368
histogram,adaptive,binary,258,1,0,0.9333,202.01,42.01,5.173,16.72,1.136,8.277,1.38
histogram,adaptive,binary,259,1,0,0.9264,194.03,34.03,5.015,16.605,1.124,8.19,1.527
histogram,adaptive,binary,260,1,0,0.9292,195.03,35.03,5.025,16.522,1.151,8.279,1.314
histogram,adaptive,binary,261,1,0,0.9292,194.53,34.53,5.009,16.472,1.191,8.236,1.276
histogram,adaptive,binary,262,1,0,0.9292,194.53,34.53,5.01,16.636,1.178,8.316,1.382
histogram,adaptive,binary,263,1,0,0.9278,195.03,35.03,5.082,16.575,1.145,8.24,1.257
histogram,adaptive,binary,264,1,0,0.9278,195.03,35.03,5.11,16.629,1.132,8.264,1.374
histogram,adaptive,binary,265,1,0,0.9306,194.52,34.52,5.014,16.557,1.135,8.203,1.443
histogram,adaptive,binary,266,1,0,0.9306,194.52,34.52,5.29,16.804,1.138,8.285,1.326
histogram,adaptive,binary,267,1,0,0.9333,195.52,35.52,5.07,17.214,1.222,8.759,1.377
histogram,adaptive,binary,268,1,0,0.9333,195.52,35.52,4.418,14.885,1.144,7.377,1.116
histogram,adaptive,binary,269,1,0,0.9333,195.53,35.53,4.408,14.73,1.054,7.273,1.321
histogram,adaptive,binary,270,1,0,0.9333,195.53,35.53,4.473,14.562,0.988,7.205,1.217
histogram,adaptive,binary,271,1,0,0.9292,202.98,42.98,4.392,14.477,0.984,7.222,1.204
histogram,adaptive,binary,272,1,0,0.9292,202.98,42.98,4.46,14.645,1.034,7.176,1.298
histogram,adaptive,binary,273,1,0,0.9306,202.48,42.48,5.197,16.6,0.982,7.469,2.256
histogram,adaptive,binary,274,1,0,0.9292,195.03,35.03,5.116,15.722,0.988,7.374,1.555
histogram,adaptive,binary,275,1,0,0.9292,195.03,35.03,5.15,15.692,1.043,7.375,1.351
histogram,adaptive,binary,276,1,0,0.9319,202.49,42.49,4.814,15.747,1.036,7.663,1.505
histogram,adaptive,binary,277,1,0,0.9292,206.65,46.65,5.846,16.576,1.009,7.441,1.532
histogram,adaptive,binary,278,1,0,0.9292,203.94,43.94,4.877,15.811,1.106,7.745,1.322
histogram,adaptive,binary,279,1,0,0.9292,203.94,43.94,4.945,15.867,1.103,7.442,1.556
histogram,adaptive,binary,280,1,0,0.9292,202.97,42.97,4.97,15.764,1.014,7.671,1.301
histogram,adaptive,binary,281,1,0,0.9292,203.44,43.44,4.591,15.701,1.11,7.649,1.433
histogram,adaptive,binary,282,1,0,0.9347,195.52,35.52,4.409,15.287,1.169,7.621,1.389
histogram,adaptive,binary,283,1,0,0.9347,195.52,35.52,4.644,15.485,1.032,7.835,1.242
histogram,adaptive,binary,284,1,0,0.9292,199.53,39.53,4.939,15.199,1.002,7.472,1.104
histogram,adaptive,binary,285,1,0,0.9319,207.15,47.15,4.742,14.898,0.983,7.328,1.109
histogram,adaptive,binary,286,1,0,0.9306,206.63,46.63,5.179,16.381,0.991,7.914,1.568
histogram,adaptive,binary,287,1,0,0.9306,206.63,46.63,4.759,15.24,1.06,7.465,1.272
histogram,adaptive,binary,288,1,0,0.9306,199.02,39.02,5.271,16.253,0.996,7.56,1.622
histogram,adaptive,binary,289,1,0,0.9333,203.47,43.47,4.64,15.266,1.046,7.615,1.274
histogram,adaptive,binary,290,1,0,0.9333,203.47,43.47,4.933,15.422,0.991,7.392,1.184
histogram,adaptive,binary,291,1,0,0.9319,202.47,42.47,4.722,14.918,1.029,7.255,1.219
histogram,adaptive,binary,292,1,0,0.9319,199.52,39.52,4.526,15.571,0.99,7.368,2.0
histogram,adaptive,binary,293,1,0,0.9319,195.52,35.52,5.456,15.702,1.009,7.333,1.139
histogram,adaptive,binary,294,1,0,0.9319,195.52,35.52,5.557,15.749,0.993,7.299,1.14
histogram,adaptive,binary,295,1,0,0.9278,200.0,40.0,5.476,16.161,1.07,7.528,1.232
histogram,adaptive,binary,296,1,0,0.9306,202.98,42.98,5.573,15.87,1.003,7.299,1.25
histogram,adaptive,binary,297,1,0,0.9292,205.65,45.65,5.026,15.018,0.993,7.155,1.115
histogram,adaptive,binary,298,1,0,0.9292,205.65,45.65,5.403,16.895,1.717,7.606,1.232
histogram,adaptive,binary,299,1,0,0.9306,199.51,39.51,5.012,15.07,0.995,7.181,1.126
histogram,adaptive,binary,300,1,0,0.9306,199.51,39.51,5.763,16.592,1.15,7.581,1.328
histogram,adaptive,binary,301,1,0,0.9319,199.02,39.02,5.913,17.577,1.182,8.3,1.266
histogram,adaptive,binary,302,1,0,0.9306,199.53,39.53,5.984,18.311,1.408,8.563,1.53
histogram,adaptive,binary,303,1,0,0.9306,199.53,39.53,5.949,17.608,1.14,8.29,1.377
histogram,adaptive,binary,304,1,0,0.9333,199.02,39.02,5.71,17.896,1.246,8.692,1.392
histogram,adaptive,binary,305,1,0,0.9306,202.46,42.46,5.741,17.492,1.197,8.402,1.35
histogram,adaptive,binary,306,1,0,0.9333,199.02,39.02,5.342,17.116,1.145,8.346,1.494
histogram,adaptive,binary,307,1,0,0.9333,199.02,39.02,5.039,16.793,1.157,8.555,1.272
histogram,adaptive,binary,308,1,0,0.9306,166.5,6.5,5.023,16.628,1.184,8.319,1.353
histogram,adaptive,binary,309,0,0,0.0,0.0,,3.281,14.705,1.14,8.227,1.233
histogram,adaptive,binary,310,1,0,0.9569,202.98,42.98,5.036,16.643,1.2,8.344,1.313
histogram,adaptive,binary,311,1,0,0.9569,202.98,42.98,5.024,16.625,1.344,8.24,1.246
histogram,adaptive,binary,312,1,0,0.9375,204.41,44.41,4.413,15.677,1.148,8.153,1.136
histogram,adaptive,binary,313,1,0,0.95,198.55,38.55,4.458,14.477,0.997,7.149,1.095
histogram,adaptive,binary,314,1,0,0.95,198.55,38.55,5.064,15.541,1.02,7.526,1.223
histogram,adaptive,binary,315,1,0,0.9375,198.02,38.02,7.924,20.487,1.028,9.001,1.714
histogram,adaptive,binary,316,1,0,0.9278,200.95,40.95,5.175,16.311,1.222,7.58,1.496
histogram,adaptive,binary,317,1,0,0.9347,198.52,38.52,4.567,17.698,1.159,7.151,4.133
histogram,adaptive,binary,318,1,0,0.9347,198.52,38.52,5.27,15.849,1.075,7.527,1.255
histogram,adaptive,binary,319,1,0,0.9319,203.43,43.43,5.674,15.869,0.991,7.225,1.287
histogram,adaptive,binary,320,1,0,0.9264,205.97,45.97,6.007,17.38,1.511,7.758,1.35
histogram,adaptive,binary,321,1,0,0.9292,203.47,43.47,9.266,22.46,1.103,9.575,1.605
histogram,adaptive,binary,322,1,0,0.9292,203.47,43.47,9.175,21.784,0.735,9.143,1.633
histogram,adaptive,binary,323,1,0,0.9306,198.51,38.51,4.618,14.286,0.694,7.301,0.931
histogram,adaptive,binary,324,1,0,0.9306,198.51,38.51,4.498,14.042,0.645,7.307,0.9
histogram,adaptive,binary,325,1,0,0.9306,199.53,39.53,4.532,14.392,0.65,7.254,1.26
histogram,adaptive,binary,326,1,0,0.9306,199.53,39.53,4.53,14.843,1.01,7.326,1.281
histogram,adaptive,binary,327,1,0,0.9278,198.05,38.05,4.505,14.633,0.985,7.28,1.162
histogram,adaptive,binary,328,1,0,0.9278,198.05,38.05,4.578,15.071,1.056,7.283,1.402
histogram,adaptive,binary,329,1,0,0.9292,199.53,39.53,4.547,14.778,1.006,7.273,1.181
histogram,adaptive,binary,330,1,0,0.9292,199.53,39.53,4.514,14.816,1.002,7.307,1.279
histogram,adaptive,binary,331,1,0,0.9306,201.02,41.02,4.509,14.676,0.99,7.253,1.169
histogram,adaptive,binary,332,1,0,0.9306,201.02,41.02,6.035,17.358,2.042,7.491,1.089
histogram,adaptive,binary,333,1,0,0.9264,198.53,38.53,4.994,15.995,1.194,7.844,1.15
histogram,adaptive,binary,334,1,0,0.9264,198.53,38.53,5.271,16.116,1.03,7.721,1.324
histogram,adaptive,binary,335,1,0,0.9292,199.52,39.52,5.126,16.039,1.02,7.701,1.479
histogram,adaptive,binary,336,1,0,0.925,200.52,40.52,5.368,16.072,1.018,7.604,1.367
histogram,adaptive,binary,337,1,0,0.9292,199.53,39.53,7.867,19.164,1.068,8.112,1.363
histogram,adaptive,binary,338,1,0,0.9292,199.53,39.53,7.035,20.869,1.289,9.957,1.591
histogram,adaptive,binary,339,1,0,0.9278,203.92,43.92,6.852,23.896,1.378,9.9,4.846
histogram,adaptive,binary,340,1,0,0.9264,203.38,43.38,6.839,21.525,1.385,10.038,2.347
histogram,adaptive,binary,341,1,0,0.9264,202.51,42.51,6.589,23.545,4.879,9.239,2.004
histogram,adaptive,binary,342,1,0,0.9264,202.51,42.51,11.962,28.445,2.324,8.332,5.052
histogram,adaptive,binary,343,1,0,0.9292,200.04,40.04,4.738,23.47,4.085,7.898,5.971
histogram,adaptive,binary,344,1,0,0.9292,204.3,44.3,7.625,18.367,1.092,7.433,1.418
histogram,adaptive,binary,345,1,0,0.9292,203.87,43.87,5.173,16.418,1.294,7.725,1.434
histogram,adaptive,binary,346,1,0,0.9292,203.87,43.87,6.641,18.229,1.12,7.983,1.715
histogram,adaptive,binary,347,1,0,0.9278,203.87,43.87,6.585,19.557,1.271,8.762,1.864
histogram,adaptive,binary,348,1,0,0.9278,203.87,43.87,4.547,15.241,1.285,7.354,1.348
histogram,adaptive,binary,349,1,0,0.925,201.01,41.01,4.505,14.755,1.006,7.274,1.26
histogram,adaptive,binary,350,1,0,0.9278,203.86,43.86,4.589,14.74,1.001,7.298,1.148
histogram,adaptive,binary,351,1,0,0.9278,203.86,43.86,4.799,15.552,1.014,7.562,1.37
histogram,adaptive,binary,352,1,0,0.9292,200.52,40.52,4.545,14.958,1.066,7.357,1.278
histogram,adaptive,binary,353,1,0,0.9306,200.52,40.52,5.131,16.894,1.141,8.45,1.422
histogram,adaptive,binary,354,1,0,0.9306,203.87,43.87,5.297,17.014,1.211,8.419,1.307
histogram,adaptive,binary,355,1,0,0.9306,203.87,43.87,5.176,16.997,1.156,8.364,1.449
histogram,adaptive,binary,356,1,0,0.9292,200.02,40.02,5.526,17.751,1.157,8.659,1.597
histogram,adaptive,binary,357,1,0,0.925,167.9,7.9,7.511,20.183,1.278,8.964,1.514
histogram,adaptive,binary,358,1,0,0.9278,202.9,42.9,6.125,17.801,0.86,8.91,0.989
histogram,adaptive,binary,359,1,0,0.9278,202.9,42.9,7.117,18.97,0.742,8.806,1.508
histogram,adaptive,binary,360,1,0,0.9292,203.89,43.89,5.64,19.119,1.475,9.739,1.395
histogram,fixed,combined,0,1,0,0.075,158.69,-1.31,4.743,7.921,1.162,0.152,1.114
histogram,fixed,combined,1,1,0,0.075,159.2,-0.8,5.059,8.587,1.139,0.103,1.447
histogram,fixed,combined,2,1,0,0.075,159.22,-0.78,4.5,8.019,1.159,0.115,1.468
histogram,fixed,combined,3,1,0,0.075,159.22,-0.78,4.967,8.695,1.233,0.111,1.49
histogram,fixed,combined,4,1,0,0.0736,159.23,-0.77,4.591,8.33,1.276,0.158,1.509
histogram,fixed,combined,5,1,0,0.0736,158.72,-1.28,4.674,8.59,1.351,0.168,1.503
histogram,fixed,combined,6,1,0,0.0736,158.72,-1.28,4.589,8.255,1.336,0.151,1.39
histogram,fixed,combined,7,1,0,0.075,159.47,-0.53,4.573,8.313,1.287,0.173,1.483
histogram,fixed,combined,8,1,0,0.075,159.18,-0.82,4.812,8.477,1.227,0.116,1.464
histogram,fixed,combined,9,1,0,0.0736,159.33,-0.67,4.87,8.423,1.241,0.113,1.383
histogram,fixed,combined,10,1,0,0.0736,159.33,-0.67,4.859,8.462,1.233,0.115,1.458
histogram,fixed,combined,11,1,0,0.0736,158.73,-1.27,4.931,8.547,1.234,0.108,1.464
histogram,fixed,combined,12,1,0,0.075,159.25,-0.75,4.75,8.35,1.249,0.111,1.453
histogram,fixed,combined,13,1,0,0.0736,159.4,-0.6,4.82,8.425,1.3,0.124,1.384
histogram,fixed,combined,14,1,0,0.0736,159.4,-0.6,4.728,8.335,1.303,0.118,1.396
histogram,fixed,combined,15,1,0,0.0736,159.3,-0.7,4.616,8.201,1.294,0.121,1.379
histogram,fixed,combined,16,1,0,0.0736,159.3,-0.7,4.702,8.426,1.349,0.134,1.392
histogram,fixed,combined,17,1,0,0.075,159.42,-0.58,4.88,8.455,1.216,0.117,1.375
histogram,fixed,combined,18,1,0,0.0736,159.2,-0.8,3.999,8.827,2.225,0.209,1.6
histogram,fixed,combined,19,1,0,0.075,159.13,-0.87,4.278,7.422,1.081,0.097,1.265
histogram,fixed,combined,20,1,0,0.075,159.13,-0.87,5.58,9.064,1.115,0.133,1.346
histogram,fixed,combined,21,1,0,0.0736,159.22,-0.78,8.127,14.508,3.295,0.265,1.669
histogram,fixed,combined,22,1,0,0.0736,159.62,-0.38,4.235,10.986,1.597,0.339,3.952
histogram,fixed,combined,23,1,0,0.0736,159.62,-0.38,3.875,6.65,0.995,0.093,0.953
histogram,fixed,combined,24,1,0,0.075,158.91,-1.09,4.141,7.019,0.997,0.092,1.084
histogram,fixed,combined,25,1,0,0.0736,159.2,-0.8,4.029,6.899,0.998,0.101,1.043
histogram,fixed,combined,26,1,0,0.0736,159.2,-0.8,4.021,7.014,0.989,0.104,1.203
histogram,fixed,combined,27,1,0,0.0736,159.2,-0.8,4.208,7.076,1.081,0.107,0.971
histogram,fixed,combined,28,1,0,0.075,159.44,-0.56,4.054,7.118,1.084,0.197,0.99
histogram,fixed,combined,29,1,0,0.0736,159.52,-0.48,4.362,7.664,1.105,0.131,1.272
histogram,fixed,combined,30,1,0,0.0736,159.34,-0.66,4.11,7.313,1.006,0.102,1.319
histogram,fixed,combined,31,1,0,0.0736,159.34,-0.66,4.004,7.21,1.057,0.127,1.209
histogram,fixed,combined,32,1,0,0.0736,159.16,-0.84,4.028,7.146,0.998,0.102,1.324
histogram,fixed,combined,33,1,0,0.0736,159.21,-0.79,4.216,7.069,1.054,0.107,0.982
histogram,fixed,combined,34,1,0,0.0736,159.21,-0.79,4.152,7.282,1.265,0.15,1.006
histogram,fixed,combined,35,1,0,0.075,159.24,-0.76,4.169,7.582,1.003,0.107,1.607
histogram,fixed,combined,36,1,0,0.075,159.24,-0.76,4.23,7.093,1.005,0.098,1.051
histogram,fixed,combined,37,1,0,0.0736,159.52,-0.48,4.074,6.874,0.993,0.1,0.98
histogram,fixed,combined,38,1,0,0.0736,159.52,-0.48,3.963,7.045,1.003,0.107,1.185
histogram,fixed,combined,39,1,0,0.0736,159.48,-0.52,3.962,7.108,1.106,0.144,1.193
histogram,fixed,combined,40,1,0,0.0736,159.48,-0.52,3.982,7.248,1.069,0.153,1.343
histogram,fixed,combined,41,1,0,0.0736,159.21,-0.79,3.971,7.287,1.0,0.101,1.502
histogram,fixed,combined,42,1,0,0.075,159.52,-0.48,4.095,7.167,1.001,0.102,1.228
histogram,fixed,combined,43,1,0,0.0736,159.34,-0.66,4.22,7.081,1.005,0.102,0.989
histogram,fixed,combined,44,1,0,0.0736,159.34,-0.66,4.767,7.629,1.059,0.111,0.979
histogram,fixed,combined,45,1,0,0.0736,159.54,-0.46,6.012,9.806,1.238,0.201,1.535
histogram,fixed,combined,46,1,0,0.0736,159.54,-0.46,5.741,9.836,1.329,0.209,1.739
histogram,fixed,combined,47,1,0,0.0736,159.26,-0.74,6.931,11.087,1.431,0.291,1.496
histogram,fixed,combined,48,1,0,0.0736,159.26,-0.74,6.648,11.646,1.409,0.435,2.054
histogram,fixed,combined,49,1,0,0.075,159.22,-0.78,6.365,11.367,1.306,0.272,2.447
histogram,fixed,combined,50,1,0,0.075,159.22,-0.78,7.118,12.155,1.16,0.11,2.918
histogram,fixed,combined,51,1,0,0.0736,159.52,-0.48,5.575,9.166,1.162,0.116,1.262
histogram,fixed,combined,52,1,0,0.075,159.18,-0.82,7.113,11.128,1.28,0.175,1.589
histogram,fixed,combined,53,1,0,0.075,159.18,-0.82,7.162,11.548,1.269,0.246,1.932
histogram,fixed,combined,54,1,0,0.075,159.23,-0.77,5.306,9.527,1.486,0.401,1.314
histogram,fixed,combined,55,1,0,0.0736,159.49,-0.51,4.311,7.433,1.09,0.15,1.06
histogram,fixed,combined,56,1,0,0.0736,159.49,-0.51,4.868,8.951,1.335,0.24,1.607
histogram,fixed,combined,57,1,0,0.0736,159.24,-0.76,6.954,9.696,0.699,0.135,0.993
histogram,fixed,combined,58,1,0,0.075,159.0,-1.0,7.055,9.602,0.791,0.129,0.825
histogram,fixed,combined,59,1,0,0.075,159.0,-1.0,6.415,9.853,1.222,0.141,1.213
histogram,fixed,combined,60,1,0,0.075,159.17,-0.83,7.256,10.84,1.071,0.242,1.499
histogram,fixed,combined,61,1,0,0.0736,159.51,-0.49,4.897,8.247,1.121,0.165,0.982
histogram,fixed,combined,62,1,0,0.0736,159.51,-0.49,4.867,7.694,0.769,0.149,1.117
histogram,fixed,combined,63,1,0,0.075,159.3,-0.7,3.987,6.27,0.631,0.103,0.846
histogram,fixed,combined,64,1,0,0.075,159.3,-0.7,4.061,7.163,1.021,0.212,1.181
histogram,fixed,combined,65,1,0,0.0736,159.32,-0.68,5.628,8.577,1.011,0.102,1.057
histogram,fixed,combined,66,1,0,0.0736,159.32,-0.68,5.907,10.015,1.325,0.203,1.74
histogram,fixed,combined,67,1,0,0.0736,159.36,-0.64,5.182,8.27,1.144,0.102,1.066
histogram,fixed,combined,68,1,0,0.075,159.34,-0.66,5.249,8.778,1.208,0.17,1.243
histogram,fixed,combined,69,1,0,0.0736,159.68,-0.32,4.77,8.43,1.223,0.261,1.364
histogram,fixed,combined,70,1,0,0.0736,159.2,-0.8,4.813,8.198,1.149,0.101,1.366
histogram,fixed,combined,71,1,0,0.0736,159.2,-0.8,5.714,9.104,1.265,0.122,1.139
histogram,fixed,combined,72,1,0,0.0806,158.79,-1.21,6.038,9.725,1.235,0.148,1.343
histogram,fixed,combined,73,1,0,0.0778,159.2,-0.8,5.3,8.93,1.229,0.109,1.386
histogram,fixed,combined,74,1,0,0.0819,158.37,-1.63,6.399,14.113,3.288,0.308,3.229
histogram,fixed,combined,75,1,0,0.0819,158.37,-1.63,6.653,10.399,1.221,0.13,1.425
histogram,fixed,combined,76,1,0,0.0806,158.75,-1.25,7.87,12.719,1.882,0.275,1.654
histogram,fixed,combined,77,1,0,0.0861,158.91,-1.09,5.068,9.023,1.435,0.172,1.377
histogram,fixed,combined,78,1,0,0.0861,158.91,-1.09,6.127,9.718,1.155,0.113,1.433
histogram,fixed,combined,79,1,0,0.0861,158.91,-1.09,6.638,12.524,3.149,0.213,1.65
histogram,fixed,combined,80,1,0,0.0972,157.75,-2.25,7.027,11.341,1.462,0.306,1.497
histogram,fixed,combined,81,1,0,0.1069,157.06,-2.94,6.823,13.036,3.228,0.27,1.697
histogram,fixed,combined,82,1,0,0.1069,157.06,-2.94,4.808,8.682,1.248,0.169,1.386
histogram,fixed,combined,83,1,0,0.0833,157.33,-2.67,7.451,12.815,1.407,0.381,2.658
histogram,fixed,combined,84,1,0,0.0819,158.43,-1.57,6.637,10.945,1.295,0.269,1.726
histogram,fixed,combined,85,1,0,0.0764,158.79,-1.21,9.485,22.761,1.26,0.311,10.615
histogram,fixed,combined,86,1,0,0.0764,158.79,-1.21,6.036,11.392,1.721,0.554,1.773
histogram,fixed,combined,87,1,0,0.0833,159.08,-0.92,5.667,9.52,1.431,0.195,1.417
histogram,fixed,combined,88,1,0,0.0833,159.08,-0.92,5.28,8.792,1.205,0.144,1.274
histogram,fixed,combined,89,1,0,0.0736,159.07,-0.93,5.543,9.232,1.296,0.153,1.37
histogram,fixed,combined,90,1,0,0.0736,159.07,-0.93,6.335,9.847,1.259,0.117,1.269
histogram,fixed,combined,91,1,0,0.0764,158.8,-1.2,6.646,11.699,1.201,0.176,2.748
histogram,fixed,combined,92,1,0,0.0764,158.8,-1.2,6.807,10.987,1.281,0.284,1.685
histogram,fixed,combined,93,1,0,0.0764,159.1,-0.9,5.825,10.669,1.427,0.387,1.92
histogram,fixed,combined,94,1,0,0.0764,158.25,-1.75,7.88,17.08,3.552,0.563,3.838
histogram,fixed,combined,95,1,0,0.0764,158.25,-1.75,4.729,8.239,1.185,0.197,1.297
histogram,fixed,combined,96,1,0,0.0806,151.9,-8.1,4.544,8.353,1.35,0.28,1.308
histogram,fixed,combined,97,1,0,0.0764,157.38,-2.62,3.941,6.957,1.079,0.108,1.125
histogram,fixed,combined,98,1,0,0.0764,157.38,-2.62,3.948,7.278,1.111,0.135,1.117
histogram,fixed,combined,99,1,0,0.0764,157.38,-2.62,3.957,6.916,1.086,0.138,0.998
histogram,fixed,combined,100,1,0,0.0806,158.97,-1.03,3.867,7.87,1.011,0.099,2.209
histogram,fixed,combined,101,1,0,0.0792,142.64,-17.36,4.125,8.368,0.996,0.105,2.433
histogram,fixed,combined,102,1,0,0.0667,146.51,-13.49,4.197,7.276,1.207,0.149,1.033
histogram,fixed,combined,103,1,0,0.0667,146.51,-13.49,4.174,7.189,1.002,0.102,1.107
histogram,fixed,combined,104,1,0,0.0639,148.75,-11.25,4.177,7.134,1.011,0.1,1.12
histogram,fixed,combined,105,1,0,0.0639,153.41,-6.59,4.592,7.474,1.01,0.103,0.988
histogram,fixed,combined,106,1,0,0.0639,153.41,-6.59,4.8,8.018,1.22,0.116,1.1
histogram,fixed,combined,107,1,0,0.0806,161.24,1.24,4.813,8.189,1.157,0.111,1.267
histogram,fixed,combined,108,1,0,0.0806,161.24,1.24,4.634,8.039,1.176,0.11,1.276
histogram,fixed,combined,109,1,0,0.0667,159.4,-0.6,4.419,7.619,1.16,0.111,1.104
histogram,fixed,combined,110,1,0,0.0667,159.4,-0.6,6.411,10.302,1.166,0.179,1.584
histogram,fixed,combined,111,1,0,0.0667,159.4,-0.6,4.841,8.316,1.262,0.143,1.192
histogram,fixed,combined,112,1,1,0.0467,157.42,-2.58,3.63,6.83,1.17,0.119,1.092
histogram,fixed,combined,113,1,1,0.0533,157.38,-2.62,3.318,6.652,1.228,0.096,1.256
histogram,fixed,combined,114,1,1,0.0533,157.38,-2.62,3.416,6.732,1.224,0.104,1.172
histogram,fixed,combined,115,1,0,0.0083,81.25,-78.75,4.317,8.252,1.276,0.106,1.76
histogram,fixed,combined,116,1,0,0.0083,81.25,-78.75,4.308,7.602,1.178,0.104,1.248
histogram,fixed,combined,117,1,1,0.0667,276.27,116.27,4.535,7.703,1.184,0.104,1.11
histogram,fixed,combined,118,1,1,0.075,282.08,122.08,4.602,7.951,1.208,0.155,1.199
histogram,fixed,combined,119,1,1,0.075,282.08,122.08,4.397,7.957,1.493,0.146,1.114
histogram,fixed,combined,120,1,0,0.0694,82.51,-77.49,4.694,7.913,1.222,0.117,1.105
histogram,fixed,combined,121,1,0,0.0069,80.96,-79.04,4.504,7.888,1.188,0.127,1.228
histogram,fixed,combined,122,1,0,0.0069,80.96,-79.04,4.476,7.675,1.194,0.124,1.109
histogram,fixed,combined,123,1,1,0.1042,140.65,-19.35,3.619,6.86,1.153,0.108,1.19
histogram,fixed,combined,124,1,1,0.1042,140.65,-19.35,3.471,6.75,1.144,0.109,1.207
histogram,fixed,combined,125,1,1,0.1275,210.21,50.21,3.79,7.132,1.142,0.111,1.25
histogram,fixed,combined,126,1,1,0.1483,140.69,-19.31,3.504,6.708,1.2,0.113,1.115
histogram,fixed,combined,127,1,1,0.1483,140.69,-19.31,3.494,6.789,1.141,0.113,1.26
histogram,fixed,combined,128,1,0,0.0917,175.12,15.12,4.674,7.832,1.145,0.107,1.134
histogram,fixed,combined,129,1,0,0.1653,162.93,2.93,4.686,7.854,1.145,0.109,1.117
histogram,fixed,combined,130,1,0,0.1653,162.93,2.93,4.869,8.224,1.145,0.108,1.328
histogram,fixed,combined,131,1,0,0.1667,159.2,-0.8,4.357,7.611,1.151,0.106,1.105
histogram,fixed,combined,132,1,0,0.1667,159.2,-0.8,4.409,7.724,1.157,0.111,1.265
histogram,fixed,combined,133,1,0,0.1597,156.68,-3.32,4.024,7.145,1.146,0.106,1.083
histogram,fixed,combined,134,1,0,0.1597,156.68,-3.32,4.024,7.384,1.145,0.111,1.272
histogram,fixed,combined,135,1,0,0.1597,156.68,-3.32,4.017,7.396,1.19,0.119,1.282
histogram,fixed,combined,136,1,0,0.1306,157.07,-2.93,3.994,7.439,1.202,0.139,1.332
histogram,fixed,combined,137,1,0,0.0264,155.46,-4.54,3.935,7.302,1.221,0.103,1.274
histogram,fixed,combined,138,1,0,0.0264,155.46,-4.54,3.975,7.33,1.228,0.101,1.271
histogram,fixed,combined,139,1,0,0.0264,155.46,-4.54,3.872,7.204,1.223,0.097,1.198
histogram,fixed,combined,140,1,0,0.0194,234.24,74.24,4.534,7.899,1.203,0.101,1.299
histogram,fixed,combined,141,1,0,0.0167,237.12,77.12,4.353,7.742,1.209,0.096,1.286
histogram,fixed,combined,142,1,1,0.075,176.22,16.22,3.416,6.758,1.221,0.1,1.214
histogram,fixed,combined,143,1,1,0.075,176.22,16.22,3.522,6.797,1.258,0.108,1.117
histogram,fixed,combined,144,1,1,0.0683,176.4,16.4,3.469,5.888,0.73,0.096,0.845
histogram,fixed,combined,145,1,1,0.0383,174.99,14.99,3.5,5.939,0.7,0.097,0.758
histogram,fixed,combined,146,1,1,0.02,179.83,19.83,2.735,4.912,0.692,0.09,0.65
histogram,fixed,combined,147,1,1,0.02,179.83,19.83,2.677,4.829,0.648,0.09,0.735
histogram,fixed,combined,148,1,1,0.0333,173.0,13.0,3.018,5.151,0.686,0.098,0.665
histogram,fixed,combined,149,1,1,0.045,161.71,1.71,2.772,4.868,0.64,0.092,0.673
histogram,fixed,combined,150,1,1,0.0542,174.06,14.06,3.148,5.312,0.651,0.092,0.739
histogram,fixed,combined,151,1,1,0.0542,174.06,14.06,3.115,5.364,0.653,0.139,0.738
histogram,fixed,combined,152,1,1,0.0625,172.06,12.06,3.147,5.278,0.639,0.091,0.717
histogram,fixed,combined,153,1,1,0.07,170.02,10.02,3.188,5.36,0.65,0.091,0.747
histogram,fixed,combined,154,1,1,0.07,170.02,10.02,3.204,5.394,0.688,0.096,0.732
histogram,fixed,combined,155,1,1,0.07,170.02,10.02,3.226,5.383,0.642,0.092,0.733
histogram,fixed,combined,156,1,1,0.075,174.85,14.85,3.016,5.209,0.644,0.094,0.678
histogram,fixed,combined,157,1,0,0.075,232.92,72.92,4.126,6.318,0.669,0.096,0.738
histogram,fixed,combined,158,1,0,0.075,232.92,72.92,4.114,6.283,0.667,0.093,0.737
histogram,fixed,combined,159,1,0,0.0417,233.65,73.65,4.07,6.283,0.634,0.089,0.738
histogram,fixed,combined,160,1,1,0.0858,184.11,24.11,2.95,5.153,0.642,0.09,0.784
histogram,fixed,combined,161,1,0,0.0069,229.15,69.15,3.858,6.086,0.691,0.095,0.711
histogram,fixed,combined,162,1,0,0.0069,229.15,69.15,3.83,5.97,0.653,0.092,0.711
histogram,fixed,combined,163,1,1,0.0875,187.73,27.73,3.08,5.293,0.647,0.091,0.704
histogram,fixed,combined,164,1,1,0.0875,187.73,27.73,3.408,5.55,0.641,0.091,0.724
histogram,fixed,combined,165,1,1,0.08,188.29,28.29,3.447,5.905,0.715,0.097,0.889
histogram,fixed,combined,166,1,1,0.0742,187.94,27.94,3.427,5.821,0.726,0.105,0.804
histogram,fixed,combined,167,1,1,0.0742,187.94,27.94,3.455,5.894,0.721,0.098,0.864
histogram,fixed,combined,168,1,1,0.0742,187.94,27.94,3.436,5.814,0.733,0.097,0.796
histogram,fixed,combined,169,1,1,0.0667,188.65,28.65,3.439,5.924,0.731,0.099,0.901
histogram,fixed,combined,170,1,1,0.0667,188.65,28.65,3.93,7.461,1.187,0.173,1.39
histogram,fixed,combined,171,1,1,0.0667,188.65,28.65,3.548,6.989,1.159,0.111,1.269
histogram,fixed,combined,172,1,1,0.0758,188.53,28.53,3.503,6.979,1.341,0.126,1.24
histogram,fixed,combined,173,1,1,0.085,188.31,28.31,3.617,7.117,1.151,0.106,1.44
histogram,fixed,combined,174,1,1,0.0925,187.29,27.29,3.43,6.7,1.148,0.116,1.215
histogram,fixed,combined,175,1,1,0.0925,187.29,27.29,3.534,6.866,1.153,0.105,1.232
histogram,fixed,combined,176,1,0,0.0236,236.17,76.17,4.523,7.726,1.214,0.118,1.086
histogram,fixed,combined,177,1,0,0.0542,234.9,74.9,4.611,7.977,1.211,0.121,1.244
histogram,fixed,combined,178,1,0,0.0542,234.9,74.9,4.733,7.962,1.228,0.133,1.097
histogram,fixed,combined,179,1,0,0.0542,234.9,74.9,4.706,8.318,1.365,0.176,1.298
histogram,fixed,combined,180,1,1,0.1042,196.33,36.33,3.168,6.142,1.057,0.116,1.102
histogram,fixed,combined,181,1,1,0.1017,196.73,36.73,3.056,6.01,0.995,0.103,1.024
histogram,fixed,combined,182,1,1,0.0933,197.17,37.17,3.127,5.998,1.058,0.109,0.998
histogram,fixed,combined,183,1,1,0.0933,197.17,37.17,3.057,5.94,1.003,0.099,0.984
histogram,fixed,combined,184,1,1,0.085,197.01,37.01,3.179,6.061,1.069,0.109,0.997
histogram,fixed,combined,185,1,0,0.0153,155.28,-4.72,3.53,6.448,1.001,0.102,1.106
histogram,fixed,combined,186,1,0,0.1069,157.75,-2.25,3.824,6.743,0.991,0.103,1.126
histogram,fixed,combined,187,1,0,0.1069,157.75,-2.25,3.811,6.661,1.055,0.108,0.975
histogram,fixed,combined,188,1,0,0.0542,156.23,-3.77,3.795,6.792,0.99,0.102,1.217
histogram,fixed,combined,189,1,0,0.0347,155.98,-4.02,3.98,6.771,0.994,0.1,0.987
histogram,fixed,combined,190,1,0,0.0347,155.98,-4.02,4.187,7.003,1.057,0.105,0.962
histogram,fixed,combined,191,1,0,0.0347,155.98,-4.02,4.012,6.918,0.997,0.095,1.09
histogram,fixed,combined,192,1,0,0.0597,155.86,-4.14,3.508,6.294,0.988,0.097,0.935
histogram,fixed,combined,193,1,0,0.0528,155.83,-4.17,3.577,6.964,1.051,0.222,1.154
histogram,fixed,combined,194,1,0,0.0583,155.81,-4.19,3.903,6.905,1.043,0.1,1.147
histogram,fixed,combined,195,1,0,0.0583,155.81,-4.19,4.084,7.863,1.571,0.183,1.229
histogram,fixed,combined,196,1,0,0.0139,155.24,-4.76,4.038,7.461,1.148,0.098,1.406
histogram,fixed,combined,197,1,1,0.0875,177.28,17.28,3.848,6.425,0.733,0.101,0.747
histogram,fixed,combined,198,1,1,0.0875,177.28,17.28,3.738,6.157,0.728,0.098,0.765
histogram,fixed,combined,199,1,1,0.0792,178.75,18.75,3.333,5.771,0.761,0.1,0.815
histogram,fixed,combined,200,1,1,0.0792,178.75,18.75,3.605,6.381,0.854,0.146,0.854
histogram,fixed,combined,201,1,1,0.0858,178.29,18.29,3.5,6.55,0.745,0.099,1.387
histogram,fixed,combined,202,1,1,0.0833,178.37,18.37,4.08,6.501,0.736,0.097,0.836
histogram,fixed,combined,203,1,1,0.0833,178.37,18.37,3.62,6.074,0.767,0.103,0.814
histogram,fixed,combined,204,1,1,0.0792,177.53,17.53,3.473,5.886,0.75,0.115,0.748
histogram,fixed,combined,205,1,1,0.0792,178.13,18.13,3.536,6.455,0.849,0.156,1.138
histogram,fixed,combined,206,1,1,0.0792,178.13,18.13,3.707,6.243,0.742,0.095,0.87
histogram,fixed,combined,207,1,1,0.0908,178.33,18.33,3.688,6.033,0.732,0.098,0.758
histogram,fixed,combined,208,1,1,0.0892,178.3,18.3,3.465,6.14,0.955,0.121,0.826
histogram,fixed,combined,209,1,1,0.0975,178.16,18.16,3.431,6.308,1.186,0.135,0.756
histogram,fixed,combined,210,1,1,0.0975,178.16,18.16,3.138,7.125,1.901,0.201,1.14
histogram,fixed,combined,211,1,1,0.0983,178.58,18.58,2.986,5.755,0.642,0.092,1.307
histogram,fixed,combined,212,1,1,0.0983,178.58,18.58,3.554,5.732,0.642,0.09,0.69
histogram,fixed,combined,213,1,1,0.1025,141.23,-18.77,3.295,5.628,0.658,0.095,0.762
histogram,fixed,combined,214,1,1,0.1025,141.23,-18.77,3.317,6.128,0.942,0.168,1.027
histogram,fixed,combined,215,1,0,0.0625,147.44,-12.56,4.736,6.874,0.652,0.094,0.711
histogram,fixed,combined,216,1,0,0.0694,155.87,-4.13,4.773,6.965,0.695,0.095,0.708
histogram,fixed,combined,217,1,0,0.0667,159.61,-0.39,4.214,6.39,0.641,0.094,0.687
histogram,fixed,combined,218,1,0,0.0694,157.07,-2.93,3.684,5.933,0.676,0.093,0.689
histogram,fixed,combined,219,1,0,0.0694,157.07,-2.93,3.63,6.279,0.747,0.149,1.057
histogram,fixed,combined,220,1,0,0.0444,156.08,-3.92,4.02,6.214,0.647,0.091,0.764
histogram,fixed,combined,221,1,1,0.2125,173.07,13.07,3.478,5.627,0.642,0.093,0.681
histogram,fixed,combined,222,1,1,0.2125,173.07,13.07,2.985,5.199,0.673,0.091,0.77
histogram,fixed,combined,223,1,0,0.0417,156.47,-3.53,3.735,6.4,0.764,0.149,0.979
histogram,fixed,combined,224,1,0,0.0417,156.47,-3.53,3.933,6.124,0.665,0.094,0.736
histogram,fixed,combined,225,1,0,0.0764,159.6,-0.4,4.244,6.424,0.657,0.096,0.734
histogram,fixed,combined,226,1,0,0.0764,159.6,-0.4,4.479,6.793,0.69,0.135,0.737
histogram,fixed,combined,227,1,0,0.0833,160.98,0.98,4.888,7.416,0.746,0.107,0.818
histogram,fixed,combined,228,1,0,0.0833,160.98,0.98,4.754,7.193,0.748,0.099,0.815
histogram,fixed,combined,229,1,0,0.0833,160.39,0.39,4.322,7.071,1.024,0.133,0.792
histogram,fixed,combined,230,1,0,0.0833,160.41,0.41,4.35,7.553,0.957,0.171,1.218
histogram,fixed,combined,231,1,0,0.0833,160.41,0.41,4.359,7.285,1.035,0.178,0.864
histogram,fixed,combined,232,1,0,0.0847,160.42,0.42,4.588,7.235,0.73,0.099,1.009
histogram,fixed,combined,233,1,0,0.0847,162.32,2.32,4.787,7.29,0.727,0.1,0.892
histogram,fixed,combined,234,1,0,0.0833,160.41,0.41,4.907,7.347,0.752,0.102,0.817
histogram,fixed,combined,235,1,0,0.0833,160.41,0.41,4.613,7.126,0.768,0.115,0.847
histogram,fixed,combined,236,1,0,0.0847,160.52,0.52,4.774,7.254,0.739,0.101,0.819
histogram,fixed,combined,237,1,0,0.0847,161.53,1.53,4.868,7.375,0.823,0.104,0.805
histogram,fixed,combined,238,1,0,0.0847,161.53,1.53,4.684,7.17,0.755,0.101,0.862
histogram,fixed,combined,239,1,0,0.0861,160.46,0.46,4.56,7.079,0.749,0.101,0.806
histogram,fixed,combined,240,1,0,0.0861,160.46,0.46,4.315,6.824,0.772,0.124,0.816
histogram,fixed,combined,241,1,0,0.0847,161.58,1.58,4.565,7.45,0.753,0.113,1.107
histogram,fixed,combined,242,1,0,0.0861,161.87,1.87,4.37,7.821,1.167,0.17,1.356
histogram,fixed,combined,243,1,0,0.0861,161.87,1.87,4.412,7.578,1.002,0.169,1.23
histogram,fixed,combined,244,1,0,0.0861,162.26,2.26,4.548,7.255,0.803,0.158,0.858
histogram,fixed,combined,245,1,0,0.0875,162.24,2.24,4.702,7.268,0.732,0.101,0.908
histogram,fixed,combined,246,1,0,0.0875,162.24,2.24,4.757,7.335,0.745,0.096,0.846
histogram,fixed,combined,247,1,0,0.0847,160.52,0.52,4.705,7.206,0.784,0.12,0.826
histogram,fixed,combined,248,1,0,0.0847,160.52,0.52,4.662,7.098,0.749,0.104,0.814
histogram,fixed,combined,249,1,0,0.0861,160.51,0.51,4.416,6.89,0.768,0.103,0.813
histogram,fixed,combined,250,1,0,0.0861,160.51,0.51,4.775,7.521,0.935,0.135,0.875
histogram,fixed,combined,251,1,0,0.0847,161.89,1.89,4.586,7.139,0.722,0.104,0.898
histogram,fixed,combined,252,1,0,0.0847,161.89,1.89,4.458,6.936,0.749,0.119,0.809
histogram,fixed,combined,253,1,0,0.0861,162.28,2.28,4.538,7.246,0.701,0.108,1.078
histogram,fixed,combined,254,1,0,0.0861,162.28,2.28,3.992,7.077,0.813,0.112,1.396
histogram,fixed,combined,255,1,0,0.0861,162.28,2.28,4.272,6.579,0.651,0.091,0.824
histogram,fixed,combined,256,1,0,0.0861,160.53,0.53,4.279,6.488,0.698,0.094,0.726
histogram,fixed,combined,257,1,0,0.0847,160.45,0.45,3.971,6.23,0.657,0.097,0.749
histogram,fixed,combined,258,1,0,0.0847,160.45,0.45,4.263,7.162,0.774,0.163,1.283
histogram,fixed,combined,259,1,0,0.0861,166.32,6.32,4.036,6.219,0.669,0.095,0.728
histogram,fixed,combined,260,1,0,0.0875,162.27,2.27,4.067,6.602,0.628,0.09,0.997
histogram,fixed,combined,261,1,0,0.0861,161.85,1.85,3.913,6.216,0.651,0.091,0.837
histogram,fixed,combined,262,1,0,0.0861,161.85,1.85,4.042,6.185,0.629,0.09,0.737
histogram,fixed,combined,263,1,0,0.0861,162.23,2.23,3.873,6.804,0.975,0.176,1.103
histogram,fixed,combined,264,1,0,0.0861,162.23,2.23,3.901,6.067,0.652,0.093,0.739
histogram,fixed,combined,265,1,0,0.0861,161.78,1.78,4.071,6.267,0.621,0.092,0.721
histogram,fixed,combined,266,1,0,0.0861,161.78,1.78,3.883,6.11,0.649,0.096,0.724
histogram,fixed,combined,267,1,0,0.0875,162.22,2.22,3.891,6.028,0.636,0.092,0.724
histogram,fixed,combined,268,1,0,0.0875,162.22,2.22,4.236,6.837,0.628,0.092,1.174
histogram,fixed,combined,269,1,0,0.0875,162.28,2.28,3.918,6.121,0.661,0.107,0.739
histogram,fixed,combined,270,1,0,0.0875,162.28,2.28,4.69,7.152,0.673,0.127,0.856
histogram,fixed,combined,271,1,0,0.0875,162.29,2.29,4.637,7.431,0.758,0.144,0.825
histogram,fixed,combined,272,1,0,0.0875,162.29,2.29,4.774,7.334,0.74,0.098,0.911
histogram,fixed,combined,273,1,0,0.0861,166.31,6.31,4.968,7.351,0.706,0.099,0.806
histogram,fixed,combined,274,1,0,0.0861,162.24,2.24,4.819,7.269,0.764,0.099,0.821
histogram,fixed,combined,275,1,0,0.0861,162.24,2.24,4.692,7.199,0.758,0.11,0.877
histogram,fixed,combined,276,1,0,0.0861,162.27,2.27,4.731,7.237,0.756,0.102,0.827
histogram,fixed,combined,277,1,0,0.0875,162.24,2.24,4.839,7.329,0.799,0.107,0.81
histogram,fixed,combined,278,1,0,0.0875,160.46,0.46,4.592,7.116,0.759,0.101,0.906
histogram,fixed,combined,279,1,0,0.0875,160.46,0.46,5.099,8.571,1.198,0.165,1.32
histogram,fixed,combined,280,1,0,0.0861,166.33,6.33,5.556,8.815,0.795,0.113,1.56
histogram,fixed,combined,281,1,0,0.0861,162.25,2.25,6.832,9.511,0.878,0.129,0.827
histogram,fixed,combined,282,1,0,0.0861,160.49,0.49,6.966,10.638,0.854,0.193,1.658
histogram,fixed,combined,283,1,0,0.0861,160.49,0.49,5.224,8.222,1.022,0.156,0.821
histogram,fixed,combined,284,1,0,0.0875,162.25,2.25,3.989,7.112,1.042,0.125,1.136
histogram,fixed,combined,285,1,0,0.0847,160.48,0.48,4.014,6.694,0.766,0.144,0.859
histogram,fixed,combined,286,1,0,0.0861,162.26,2.26,4.175,6.374,0.661,0.094,0.741
histogram,fixed,combined,287,1,0,0.0861,162.26,2.26,4.228,6.879,0.654,0.098,1.126
histogram,fixed,combined,288,1,0,0.0875,162.28,2.28,4.151,6.44,0.748,0.1,0.742
histogram,fixed,combined,289,1,0,0.0875,162.25,2.25,3.995,6.171,0.627,0.1,0.737
histogram,fixed,combined,290,1,0,0.0875,162.25,2.25,4.031,6.769,1.055,0.132,0.755
histogram,fixed,combined,291,1,0,0.0875,162.26,2.26,4.075,6.745,0.675,0.132,1.136
histogram,fixed,combined,292,1,0,0.0889,162.3,2.3,4.165,6.343,0.664,0.099,0.726
histogram,fixed,combined,293,1,0,0.0875,162.26,2.26,4.138,6.761,0.636,0.098,1.111
histogram,fixed,combined,294,1,0,0.0875,162.26,2.26,4.232,7.198,1.006,0.172,1.099
histogram,fixed,combined,295,1,0,0.0861,160.49,0.49,4.145,7.186,1.006,0.106,1.218
histogram,fixed,combined,296,1,0,0.0875,162.2,2.2,3.975,6.809,0.997,0.109,1.021
histogram,fixed,combined,297,1,0,0.0875,160.45,0.45,3.891,6.98,1.056,0.129,1.03
histogram,fixed,combined,298,1,0,0.0875,160.45,0.45,3.888,7.22,1.415,0.153,1.061
histogram,fixed,combined,299,1,0,0.0861,162.23,2.23,4.039,7.104,1.005,0.101,1.192
histogram,fixed,combined,300,1,0,0.0861,162.23,2.23,4.11,7.362,1.015,0.101,1.22
histogram,fixed,combined,301,1,0,0.0861,162.31,2.31,4.154,7.056,1.006,0.102,1.024
histogram,fixed,combined,302,1,0,0.0861,166.33,6.33,4.315,7.233,1.016,0.102,1.019
histogram,fixed,combined,303,1,0,0.0861,166.33,6.33,4.364,7.363,1.048,0.11,1.118
histogram,fixed,combined,304,1,0,0.0861,162.25,2.25,4.133,7.047,1.064,0.108,1.03
histogram,fixed,combined,305,1,0,0.0875,162.22,2.22,4.373,7.256,0.986,0.101,1.097
histogram,fixed,combined,306,1,0,0.0875,162.22,2.22,4.156,7.11,1.003,0.103,1.133
histogram,fixed,combined,307,1,0,0.0875,162.22,2.22,4.729,7.7,0.999,0.105,1.126
histogram,fixed,combined,308,1,0,0.0903,165.91,5.91,4.409,7.529,1.031,0.139,1.152
histogram,fixed,combined,309,1,0,0.0625,159.58,-0.42,4.702,7.669,1.065,0.147,0.982
histogram,fixed,combined,310,1,0,0.0847,160.93,0.93,4.549,7.913,1.097,0.297,1.209
histogram,fixed,combined,311,1,0,0.0847,160.93,0.93,7.045,11.903,1.133,0.189,2.604
histogram,fixed,combined,312,1,0,0.0847,161.22,1.22,6.501,9.896,1.327,0.127,1.097
histogram,fixed,combined,313,1,0,0.0847,161.23,1.23,6.209,10.953,1.806,0.359,1.513
histogram,fixed,combined,314,1,0,0.0847,161.23,1.23,4.994,8.237,1.182,0.113,1.149
histogram,fixed,combined,315,1,0,0.0903,160.43,0.43,4.699,8.432,1.458,0.203,1.283
histogram,fixed,combined,316,1,0,0.0903,161.31,1.31,7.456,12.122,2.205,0.263,1.379
histogram,fixed,combined,317,1,0,0.0903,160.49,0.49,5.292,9.96,2.263,0.183,1.414
histogram,fixed,combined,318,1,0,0.0903,160.49,0.49,6.622,10.906,1.262,0.238,1.592
histogram,fixed,combined,319,1,0,0.0903,160.41,0.41,6.581,10.923,1.374,0.269,1.686
histogram,fixed,combined,320,1,0,0.0903,161.12,1.12,4.483,7.957,1.292,0.126,1.295
histogram,fixed,combined,321,1,0,0.0903,161.96,1.96,5.382,9.577,1.161,0.105,2.071
histogram,fixed,combined,322,1,0,0.0903,161.96,1.96,6.101,9.936,1.44,0.161,1.418
histogram,fixed,combined,323,1,0,0.0903,161.93,1.93,7.274,11.636,1.303,0.26,1.713
histogram,fixed,combined,324,1,0,0.0903,161.93,1.93,5.343,10.885,1.31,0.271,2.98
histogram,fixed,combined,325,1,0,0.0903,161.93,1.93,4.623,8.027,1.221,0.11,1.232
histogram,fixed,combined,326,1,0,0.0903,161.93,1.93,4.895,8.594,1.227,0.196,1.401
histogram,fixed,combined,327,1,0,0.0903,162.36,2.36,5.688,10.578,2.229,0.171,1.531
histogram,fixed,combined,328,1,0,0.0903,162.36,2.36,7.034,10.483,0.901,0.202,1.445
histogram,fixed,combined,329,1,0,0.0903,160.6,0.6,6.811,11.128,1.321,0.37,1.614
histogram,fixed,combined,330,1,0,0.0903,160.6,0.6,4.5,8.023,1.193,0.158,1.373
histogram,fixed,combined,331,1,0,0.0903,160.58,0.58,4.444,7.711,1.145,0.102,1.219
histogram,fixed,combined,332,1,0,0.0903,160.58,0.58,5.019,8.463,1.156,0.106,1.325
histogram,fixed,combined,333,1,0,0.0903,160.54,0.54,6.21,9.955,1.181,0.138,1.599
histogram,fixed,combined,334,1,0,0.0903,160.54,0.54,6.64,11.097,1.527,0.28,1.585
histogram,fixed,combined,335,1,0,0.0903,160.49,0.49,5.062,10.21,2.069,0.351,1.805
histogram,fixed,combined,336,1,0,0.0903,160.48,0.48,5.083,10.506,2.604,0.146,1.809
histogram,fixed,combined,337,1,0,0.0903,160.48,0.48,5.385,9.018,1.232,0.139,1.381
histogram,fixed,combined,338,1,0,0.0903,160.48,0.48,5.798,9.775,1.298,0.212,1.598
histogram,fixed,combined,339,1,0,0.0903,160.5,0.5,6.95,11.062,0.93,0.245,1.626
histogram,fixed,combined,340,1,0,0.0903,160.5,0.5,4.455,8.363,1.325,0.244,1.432
histogram,fixed,combined,341,1,0,0.0903,160.49,0.49,5.669,9.262,1.255,0.221,1.227
histogram,fixed,combined,342,1,0,0.0903,160.49,0.49,5.685,9.233,1.144,0.149,1.277
histogram,fixed,combined,343,1,0,0.0903,160.5,0.5,6.041,9.912,1.142,0.223,1.661
histogram,fixed,combined,344,1,0,0.0903,160.51,0.51,5.86,9.857,1.216,0.262,1.674
histogram,fixed,combined,345,1,0,0.0903,160.47,0.47,3.883,6.772,0.99,0.098,1.097
histogram,fixed,combined,346,1,0,0.0903,160.47,0.47,4.998,8.052,1.048,0.102,1.111
histogram,fixed,combined,347,1,0,0.0903,160.48,0.48,4.729,8.203,1.156,0.249,1.197
histogram,fixed,combined,348,1,0,0.0903,160.48,0.48,5.836,10.124,1.116,0.243,1.702
histogram,fixed,combined,349,1,0,0.0903,160.49,0.49,6.201,10.461,1.144,0.402,1.843
histogram,fixed,combined,350,1,0,0.0903,160.46,0.46,4.017,7.0,1.08,0.109,1.093
histogram,fixed,combined,351,1,0,0.0903,160.46,0.46,4.082,7.158,0.993,0.112,1.078
histogram,fixed,combined,352,1,0,0.0903,160.51,0.51,5.023,8.298,1.11,0.183,1.199
histogram,fixed,combined,353,1,0,0.0903,160.48,0.48,5.734,9.065,1.095,0.155,1.328
histogram,fixed,combined,354,1,0,0.0903,160.51,0.51,6.554,10.702,1.311,0.275,1.673
histogram,fixed,combined,355,1,0,0.0903,160.51,0.51,5.774,10.981,1.847,0.344,1.951
histogram,fixed,combined,356,1,0,0.0903,160.45,0.45,4.7,8.106,1.211,0.134,1.251
histogram,fixed,combined,357,1,0,0.0903,160.53,0.53,5.899,16.262,1.323,0.114,8.106
histogram,fixed,combined,358,1,0,0.0903,160.49,0.49,6.441,10.167,1.262,0.202,1.408
histogram,fixed,combined,359,1,0,0.0903,160.49,0.49,7.096,11.744,1.316,0.278,2.101
histogram,fixed,combined,360,1,0,0.0903,160.5,0.5,4.578,9.444,1.273,0.269,2.497
histogram,otsu,combined,0,1,0,0.2167,159.35,-0.65,5.37,9.405,1.3,0.449,1.473
histogram,otsu,combined,1,1,0,0.1972,159.21,-0.79,6.479,10.832,1.3,0.534,1.645
histogram,otsu,combined,2,1,0,0.2028,159.31,-0.69,6.777,11.768,1.291,0.603,2.026
histogram,otsu,combined,3,1,0,0.2028,159.31,-0.69,4.577,9.731,1.434,0.566,2.15
histogram,otsu,combined,4,1,0,0.1986,159.32,-0.68,4.82,8.708,1.168,0.442,1.474
histogram,otsu,combined,5,1,0,0.2083,159.31,-0.69,5.014,8.944,1.22,0.585,1.295
histogram,otsu,combined,6,1,0,0.2083,159.31,-0.69,5.637,9.875,1.391,0.526,1.51
histogram,otsu,combined,7,1,0,0.1958,159.27,-0.73,6.776,11.437,1.273,0.548,1.925
histogram,otsu,combined,8,1,0,0.1986,159.28,-0.72,5.533,11.452,1.303,0.598,3.016
histogram,otsu,combined,9,1,0,0.1986,159.26,-0.74,5.381,9.283,1.216,0.444,1.392
histogram,otsu,combined,10,1,0,0.1986,159.26,-0.74,6.129,10.434,1.202,0.565,1.593
histogram,otsu,combined,11,1,0,0.1986,159.31,-0.69,6.573,11.297,1.278,0.649,1.866
histogram,otsu,combined,12,1,0,0.1958,159.3,-0.7,6.087,11.117,1.312,0.593,1.92
histogram,otsu,combined,13,1,0,0.1958,159.3,-0.7,5.126,9.016,1.198,0.451,1.414
histogram,otsu,combined,14,1,0,0.1958,159.3,-0.7,5.396,11.303,2.244,0.508,2.176
histogram,otsu,combined,15,1,0,0.1958,159.32,-0.68,6.667,11.437,1.436,0.539,1.849
histogram,otsu,combined,16,1,0,0.1958,159.32,-0.68,5.896,11.591,1.735,0.657,2.139
histogram,otsu,combined,17,1,0,0.1958,159.25,-0.75,5.248,9.138,1.209,0.456,1.404
histogram,otsu,combined,18,1,0,0.1986,159.31,-0.69,5.465,9.87,1.284,0.541,1.605
histogram,otsu,combined,19,1,0,0.1958,159.31,-0.69,6.64,10.96,1.246,0.563,1.6
histogram,otsu,combined,20,1,0,0.1958,159.31,-0.69,6.589,11.183,1.341,0.595,1.721
histogram,otsu,combined,21,1,0,0.1958,159.29,-0.71,5.362,9.233,1.158,0.452,1.388
histogram,otsu,combined,22,1,0,0.1958,159.27,-0.73,5.023,9.579,1.181,0.485,2.076
histogram,otsu,combined,23,1,0,0.1958,159.27,-0.73,6.438,10.963,1.452,0.569,1.544
histogram,otsu,combined,24,1,0,0.1986,159.29,-0.71,6.805,11.747,1.313,0.698,1.965
histogram,otsu,combined,25,1,0,0.1958,159.25,-0.75,5.003,8.87,1.146,0.445,1.496
histogram,otsu,combined,26,1,0,0.1958,159.25,-0.75,5.572,11.435,2.768,0.521,1.709
histogram,otsu,combined,27,1,0,0.1958,159.25,-0.75,6.758,11.162,1.271,0.691,1.507
histogram,otsu,combined,28,1,0,0.1958,159.27,-0.73,5.793,10.724,1.315,0.626,1.948
histogram,otsu,combined,29,1,0,0.1958,159.27,-0.73,5.005,8.907,1.14,0.439,1.392
histogram,otsu,combined,30,1,0,0.2083,159.37,-0.63,4.395,8.93,1.162,0.444,2.172
histogram,otsu,combined,31,1,0,0.2083,159.37,-0.63,4.414,7.854,1.128,0.481,1.068
histogram,otsu,combined,32,1,0,0.1986,159.19,-0.81,4.396,7.848,1.132,0.478,1.09
histogram,otsu,combined,33,1,0,0.1986,159.32,-0.68,4.423,7.912,1.143,0.493,1.101
histogram,otsu,combined,34,1,0,0.1986,159.32,-0.68,4.475,7.914,1.148,0.476,1.07
histogram,otsu,combined,35,1,0,0.2097,159.31,-0.69,4.388,8.053,1.138,0.474,1.295
histogram,otsu,combined,36,1,0,0.2097,159.31,-0.69,4.398,7.849,1.142,0.486,1.079
histogram,otsu,combined,37,1,0,0.2042,159.26,-0.74,4.706,8.142,1.13,0.478,1.075
histogram,otsu,combined,38,1,0,0.2042,159.26,-0.74,4.446,8.618,1.13,0.473,1.797
histogram,otsu,combined,39,1,0,0.1986,159.33,-0.67,4.523,7.863,1.185,0.433,0.92
histogram,otsu,combined,40,1,0,0.1986,159.33,-0.67,4.666,7.57,0.786,0.436,0.912
histogram,otsu,combined,41,1,0,0.2056,159.29,-0.71,4.451,7.634,0.982,0.504,0.911
histogram,otsu,combined,42,1,0,0.1958,159.17,-0.83,4.464,7.34,0.73,0.431,0.959
histogram,otsu,combined,43,1,0,0.1986,159.29,-0.71,4.416,7.343,0.743,0.437,0.988
histogram,otsu,combined,44,1,0,0.1986,159.29,-0.71,4.487,7.308,0.734,0.432,0.907
histogram,otsu,combined,45,1,0,0.1958,159.17,-0.83,4.443,7.245,0.716,0.431,0.891
histogram,otsu,combined,46,1,0,0.1958,159.17,-0.83,4.398,7.256,0.718,0.431,0.893
histogram,otsu,combined,47,1,0,0.1958,159.32,-0.68,4.408,7.273,0.771,0.438,0.898
histogram,otsu,combined,48,1,0,0.1958,159.32,-0.68,4.4,7.271,0.74,0.435,0.941
histogram,otsu,combined,49,1,0,0.1958,159.2,-0.8,4.4,7.316,0.717,0.433,0.976
histogram,otsu,combined,50,1,0,0.1958,159.2,-0.8,4.507,7.324,0.728,0.432,0.9
histogram,otsu,combined,51,1,0,0.1958,159.28,-0.72,4.431,7.241,0.714,0.426,0.896
histogram,otsu,combined,52,1,0,0.1972,159.24,-0.76,4.407,7.285,0.73,0.433,0.906
histogram,otsu,combined,53,1,0,0.1972,159.24,-0.76,4.432,7.31,0.778,0.436,0.907
histogram,otsu,combined,54,1,0,0.1958,159.27,-0.73,4.371,7.236,0.729,0.468,0.906
histogram,otsu,combined,55,1,0,0.1958,159.25,-0.75,4.451,7.338,0.722,0.43,0.98
histogram,otsu,combined,56,1,0,0.1958,159.25,-0.75,4.489,7.302,0.736,0.43,0.899
histogram,otsu,combined,57,1,0,0.1958,159.27,-0.73,4.903,8.825,1.215,0.513,1.28
histogram,otsu,combined,58,1,0,0.1958,159.27,-0.73,4.403,8.118,1.167,0.489,1.232
histogram,otsu,combined,59,1,0,0.1958,159.27,-0.73,4.474,7.451,0.723,0.432,1.019
histogram,otsu,combined,60,1,0,0.1986,159.32,-0.68,4.475,7.314,0.728,0.431,0.929
histogram,otsu,combined,61,1,0,0.1986,159.29,-0.71,4.433,7.236,0.708,0.431,0.911
histogram,otsu,combined,62,1,0,0.1986,159.29,-0.71,4.394,7.344,0.733,0.443,0.929
histogram,otsu,combined,63,1,0,0.1986,159.37,-0.63,4.443,7.315,0.771,0.43,0.903
histogram,otsu,combined,64,1,0,0.1986,159.37,-0.63,4.4,7.262,0.737,0.475,0.896
histogram,otsu,combined,65,1,0,0.1944,159.23,-0.77,4.431,7.351,0.728,0.433,1.009
histogram,otsu,combined,66,1,0,0.1944,159.23,-0.77,4.472,7.353,0.724,0.428,0.898
histogram,otsu,combined,67,1,0,0.1986,159.3,-0.7,4.432,7.261,0.712,0.43,0.908
histogram,otsu,combined,68,1,0,0.1986,159.26,-0.74,4.412,7.273,0.715,0.432,0.891
histogram,otsu,combined,69,1,0,0.2167,159.45,-0.55,4.486,7.39,0.778,0.433,0.891
histogram,otsu,combined,70,1,0,0.2028,159.39,-0.61,4.027,6.913,0.784,0.435,0.906
histogram,otsu,combined,71,1,0,0.2028,159.39,-0.61,3.918,6.5,0.64,0.379,0.867
histogram,otsu,combined,72,1,0,0.2403,159.93,-0.07,3.938,6.411,0.654,0.378,0.757
histogram,otsu,combined,73,1,0,0.2306,159.79,-0.21,3.941,6.47,0.64,0.416,0.788
histogram,otsu,combined,74,1,0,0.225,159.66,-0.34,3.908,6.392,0.655,0.374,0.78
histogram,otsu,combined,75,1,0,0.225,159.66,-0.34,3.928,6.486,0.638,0.378,0.791
histogram,otsu,combined,76,1,0,0.2333,159.81,-0.19,3.931,6.487,0.648,0.377,0.852
histogram,otsu,combined,77,1,0,0.3028,160.64,0.64,4.007,6.508,0.672,0.381,0.765
histogram,otsu,combined,78,1,0,0.3028,160.64,0.64,3.993,6.502,0.682,0.381,0.759
histogram,otsu,combined,79,1,0,0.3028,160.64,0.64,3.991,6.596,0.641,0.375,0.87
histogram,otsu,combined,80,1,0,0.4667,159.83,-0.17,3.949,6.357,0.651,0.372,0.701
histogram,otsu,combined,81,1,0,0.4931,160.02,0.02,3.996,6.441,0.687,0.377,0.696
histogram,otsu,combined,82,1,0,0.4931,160.02,0.02,3.95,6.354,0.643,0.375,0.7
histogram,otsu,combined,83,1,0,0.3458,159.98,-0.02,3.934,6.442,0.633,0.375,0.754
histogram,otsu,combined,84,1,0,0.2833,160.3,0.3,3.96,6.462,0.641,0.376,0.8
histogram,otsu,combined,85,1,0,0.2806,160.22,0.22,3.949,6.437,0.642,0.376,0.777
histogram,otsu,combined,86,1,0,0.2806,160.22,0.22,4.481,7.239,0.76,0.436,0.853
histogram,otsu,combined,87,1,0,0.3167,160.28,0.28,4.463,7.264,0.724,0.471,0.85
histogram,otsu,combined,88,1,0,0.3167,160.28,0.28,4.462,7.302,0.73,0.429,0.923
histogram,otsu,combined,89,1,0,0.225,160.16,0.16,4.487,7.365,0.719,0.431,0.86
histogram,otsu,combined,90,1,0,0.225,160.16,0.16,4.562,7.329,0.726,0.43,0.856
histogram,otsu,combined,91,1,0,0.1556,160.22,0.22,4.47,7.245,0.723,0.431,0.864
histogram,otsu,combined,92,1,0,0.1556,160.22,0.22,4.466,7.298,0.726,0.429,0.851
histogram,otsu,combined,93,1,0,0.1514,159.61,-0.39,4.474,7.324,0.774,0.434,0.869
histogram,otsu,combined,94,1,0,0.1431,159.55,-0.45,4.462,7.315,0.746,0.472,0.879
histogram,otsu,combined,95,1,0,0.1431,159.55,-0.45,4.481,7.343,0.724,0.431,0.943
histogram,otsu,combined,96,1,0,0.1375,152.66,-7.34,4.786,7.563,0.724,0.432,0.869
histogram,otsu,combined,97,1,0,0.1597,158.91,-1.09,4.383,7.156,0.723,0.43,0.862
histogram,otsu,combined,98,1,0,0.1597,158.91,-1.09,4.368,7.202,0.725,0.431,0.86
histogram,otsu,combined,99,1,0,0.1597,158.91,-1.09,4.347,7.234,0.774,0.431,0.876
histogram,otsu,combined,100,1,0,0.15,158.01,-1.99,4.266,7.126,0.753,0.472,0.883
histogram,otsu,combined,101,1,0,0.1611,154.89,-5.11,4.388,7.319,0.721,0.43,1.011
histogram,otsu,combined,102,1,0,0.1819,146.65,-13.35,4.881,7.694,0.718,0.432,0.916
histogram,otsu,combined,103,1,0,0.1819,146.65,-13.35,4.496,7.337,0.721,0.431,0.93
histogram,otsu,combined,104,1,0,0.2528,150.21,-9.79,4.533,7.256,0.723,0.43,0.813
histogram,otsu,combined,105,1,0,0.2931,152.6,-7.4,4.514,7.361,0.714,0.427,0.873
histogram,otsu,combined,106,1,0,0.2931,152.6,-7.4,4.499,7.345,0.776,0.435,0.874
histogram,otsu,combined,107,1,0,0.3125,158.52,-1.48,4.343,7.133,0.722,0.475,0.839
histogram,otsu,combined,108,1,0,0.3125,158.52,-1.48,4.297,7.133,0.74,0.427,0.907
histogram,otsu,combined,109,1,0,0.2986,158.85,-1.15,4.158,6.985,0.73,0.434,0.879
histogram,otsu,combined,110,1,0,0.2986,158.85,-1.15,4.213,7.049,0.716,0.431,0.867
histogram,otsu,combined,111,1,0,0.2986,158.85,-1.15,4.158,7.001,0.771,0.437,0.879
histogram,otsu,combined,112,1,0,0.1028,162.88,2.88,4.027,6.816,0.731,0.429,0.873
histogram,otsu,combined,113,1,0,0.0958,160.56,0.56,4.545,7.293,0.75,0.431,0.797
histogram,otsu,combined,114,1,0,0.0958,160.56,0.56,3.976,6.373,0.63,0.374,0.717
histogram,otsu,combined,115,1,0,0.0111,80.11,-79.89,3.651,6.174,0.652,0.415,0.763
histogram,otsu,combined,116,1,0,0.0111,80.11,-79.89,3.614,6.072,0.647,0.376,0.752
histogram,otsu,combined,117,1,0,0.0264,80.12,-79.88,3.638,6.136,0.691,0.377,0.733
histogram,otsu,combined,118,1,0,0.0667,81.3,-78.7,3.727,6.162,0.642,0.377,0.724
histogram,otsu,combined,119,1,0,0.0667,81.3,-78.7,3.749,6.225,0.65,0.378,0.73
histogram,otsu,combined,120,1,0,0.0764,81.63,-78.37,3.749,6.251,0.644,0.377,0.717
histogram,otsu,combined,121,1,0,0.0069,80.47,-79.53,3.857,6.261,0.63,0.373,0.717
histogram,otsu,combined,122,1,0,0.0069,80.47,-79.53,3.836,6.299,0.646,0.38,0.761
histogram,otsu,combined,123,1,1,0.1117,133.83,-26.17,3.043,5.464,0.645,0.381,0.695
histogram,otsu,combined,124,1,1,0.1117,133.83,-26.17,2.954,5.447,0.646,0.381,0.77
histogram,otsu,combined,125,1,1,0.1292,202.33,42.33,3.331,5.822,0.641,0.377,0.706
histogram,otsu,combined,126,1,1,0.1517,133.86,-26.14,2.96,5.413,0.649,0.374,0.672
histogram,otsu,combined,127,1,1,0.1517,133.86,-26.14,3.042,5.466,0.681,0.378,0.681
histogram,otsu,combined,128,1,0,0.1,174.47,14.47,3.931,6.392,0.641,0.373,0.756
histogram,otsu,combined,129,1,0,0.1653,162.35,2.35,4.003,6.669,0.693,0.381,0.825
histogram,otsu,combined,130,1,0,0.1653,162.35,2.35,4.487,7.089,0.643,0.381,0.895
histogram,otsu,combined,131,1,0,0.1764,159.27,-0.73,4.416,7.174,0.721,0.434,0.835
histogram,otsu,combined,132,1,0,0.1764,159.27,-0.73,4.344,7.1,0.721,0.438,0.837
histogram,otsu,combined,133,1,0,0.1667,156.68,-3.32,4.0,6.864,0.83,0.441,0.835
histogram,otsu,combined,134,1,0,0.1667,156.68,-3.32,3.999,6.824,0.734,0.472,0.865
histogram,otsu,combined,135,1,0,0.1667,156.68,-3.32,3.983,6.736,0.718,0.432,0.842
histogram,otsu,combined,136,1,0,0.1347,157.01,-2.99,3.979,6.77,0.716,0.433,0.884
histogram,otsu,combined,137,1,0,0.0625,155.56,-4.44,3.925,6.742,0.779,0.436,0.845
histogram,otsu,combined,138,1,0,0.0625,155.56,-4.44,3.92,6.755,0.73,0.432,0.922
histogram,otsu,combined,139,1,0,0.0625,155.56,-4.44,3.942,6.721,0.719,0.433,0.834
histogram,otsu,combined,140,1,0,0.0194,233.9,73.9,4.535,7.356,0.758,0.437,0.871
histogram,otsu,combined,141,1,0,0.0167,237.04,77.04,4.352,7.194,0.761,0.435,0.882
histogram,otsu,combined,142,1,1,0.0783,179.66,19.66,3.419,6.236,0.727,0.433,0.905
histogram,otsu,combined,143,1,1,0.0783,179.66,19.66,3.416,6.159,0.723,0.432,0.832
histogram,otsu,combined,144,1,1,0.0717,179.31,19.31,3.468,6.277,0.724,0.48,0.849
histogram,otsu,combined,145,1,1,0.0975,179.44,19.44,3.442,6.287,0.738,0.431,0.917
histogram,otsu,combined,146,1,0,0.1167,157.52,-2.48,3.949,6.628,0.764,0.432,0.725
histogram,otsu,combined,147,1,0,0.1167,157.52,-2.48,3.932,6.672,0.725,0.43,0.837
histogram,otsu,combined,148,1,0,0.1139,150.45,-9.55,4.421,7.055,0.721,0.43,0.728
histogram,otsu,combined,149,1,0,0.1194,141.83,-18.17,4.447,7.202,0.717,0.434,0.736
histogram,otsu,combined,150,1,1,0.1025,137.64,-22.36,3.469,6.277,0.772,0.427,0.835
histogram,otsu,combined,151,1,1,0.1025,137.64,-22.36,3.394,6.224,0.72,0.435,0.832
histogram,otsu,combined,152,1,1,0.0683,174.67,14.67,3.455,6.266,0.726,0.433,0.825
histogram,otsu,combined,153,1,1,0.0742,174.79,14.79,3.477,6.296,0.726,0.431,0.906
histogram,otsu,combined,154,1,1,0.0742,174.79,14.79,3.465,6.22,0.722,0.432,0.833
histogram,otsu,combined,155,1,1,0.0742,174.79,14.79,3.502,6.306,0.736,0.469,0.838
histogram,otsu,combined,156,1,1,0.0833,174.94,14.94,3.479,6.157,0.734,0.433,0.76
histogram,otsu,combined,157,1,0,0.075,231.86,71.86,4.801,7.608,0.772,0.435,0.838
histogram,otsu,combined,158,1,0,0.075,231.86,71.86,4.787,7.59,0.773,0.439,0.835
histogram,otsu,combined,159,1,0,0.0417,232.58,72.58,4.531,7.354,0.732,0.475,0.831
histogram,otsu,combined,160,1,1,0.0967,184.17,24.17,3.42,6.211,0.731,0.431,0.877
histogram,otsu,combined,161,1,0,0.0069,228.92,68.92,4.397,7.109,0.723,0.431,0.794
histogram,otsu,combined,162,1,0,0.0069,228.92,68.92,4.338,7.134,0.794,0.434,0.807
histogram,otsu,combined,163,1,1,0.105,187.44,27.44,3.516,6.281,0.726,0.476,0.805
histogram,otsu,combined,164,1,1,0.105,187.44,27.44,3.475,6.197,0.729,0.434,0.802
histogram,otsu,combined,165,1,1,0.0908,187.53,27.53,3.479,6.282,0.763,0.434,0.846
histogram,otsu,combined,166,1,0,0.0625,156.06,-3.94,4.062,6.877,0.736,0.431,0.899
histogram,otsu,combined,167,1,0,0.0625,156.06,-3.94,4.08,6.804,0.719,0.431,0.811
histogram,otsu,combined,168,1,0,0.0625,156.06,-3.94,4.045,6.825,0.782,0.429,0.804
histogram,otsu,combined,169,1,0,0.1764,156.87,-3.13,4.211,7.056,0.723,0.435,0.887
histogram,otsu,combined,170,1,0,0.1764,156.87,-3.13,4.24,7.074,0.732,0.432,0.832
histogram,otsu,combined,171,1,0,0.1764,156.87,-3.13,4.198,6.974,0.751,0.433,0.838
histogram,otsu,combined,172,1,0,0.1042,156.65,-3.35,4.1,6.882,0.715,0.43,0.812
histogram,otsu,combined,173,1,0,0.0722,156.01,-3.99,4.496,8.251,1.237,0.503,1.208
histogram,otsu,combined,174,1,1,0.1008,176.7,16.7,4.129,7.039,0.863,0.447,0.817
histogram,otsu,combined,175,1,1,0.1008,176.7,16.7,4.178,7.132,0.72,0.399,0.964
histogram,otsu,combined,176,1,0,0.0389,235.35,75.35,5.833,8.428,0.734,0.405,0.734
histogram,otsu,combined,177,1,0,0.0833,178.62,18.62,5.081,7.796,0.736,0.398,0.807
histogram,otsu,combined,178,1,0,0.0833,178.62,18.62,3.8,7.435,0.837,0.452,1.463
histogram,otsu,combined,179,1,0,0.0833,178.62,18.62,4.095,7.472,1.021,0.386,1.177
histogram,otsu,combined,180,1,0,0.1069,176.5,16.5,4.33,7.61,1.066,0.421,1.056
histogram,otsu,combined,181,1,0,0.0889,184.54,24.54,4.78,8.86,1.092,0.441,1.588
histogram,otsu,combined,182,1,0,0.0472,155.91,-4.09,5.766,9.927,1.154,0.543,1.606
histogram,otsu,combined,183,1,0,0.0472,155.91,-4.09,4.971,9.32,1.199,0.541,1.632
histogram,otsu,combined,184,1,0,0.1319,156.55,-3.45,4.183,7.34,1.009,0.386,1.013
histogram,otsu,combined,185,1,0,0.1569,156.71,-3.29,5.155,8.822,1.13,0.432,1.207
histogram,otsu,combined,186,1,0,0.1653,157.36,-2.64,5.802,9.526,1.033,0.439,1.532
histogram,otsu,combined,187,1,0,0.1653,157.36,-2.64,6.34,10.603,1.219,0.528,1.62
histogram,otsu,combined,188,1,0,0.1806,156.53,-3.47,3.871,7.799,1.236,0.525,1.302
histogram,otsu,combined,189,1,0,0.2139,156.75,-3.25,4.461,6.976,0.653,0.381,0.701
histogram,otsu,combined,190,1,0,0.2139,156.75,-3.25,4.696,8.137,1.102,0.424,1.138
histogram,otsu,combined,191,1,0,0.2139,156.75,-3.25,5.443,8.035,0.71,0.399,0.709
histogram,otsu,combined,192,1,0,0.1972,157.04,-2.96,5.861,11.317,1.158,0.55,2.918
histogram,otsu,combined,193,1,0,0.1514,156.2,-3.8,3.86,8.069,1.274,0.592,1.381
histogram,otsu,combined,194,1,0,0.1806,156.59,-3.41,3.989,7.002,0.993,0.377,0.916
histogram,otsu,combined,195,1,0,0.1806,156.59,-3.41,5.057,9.601,1.15,0.506,2.095
histogram,otsu,combined,196,1,0,0.2153,157.26,-2.74,5.83,10.296,1.104,0.535,2.033
histogram,otsu,combined,197,1,0,0.2083,157.54,-2.46,6.344,10.006,1.179,0.484,1.193
histogram,otsu,combined,198,1,0,0.2083,157.54,-2.46,4.797,9.244,1.186,0.634,1.779
histogram,otsu,combined,199,1,0,0.2194,157.62,-2.38,4.294,8.087,1.304,0.472,1.163
histogram,otsu,combined,200,1,0,0.2194,157.62,-2.38,4.598,7.418,0.812,0.44,0.756
histogram,otsu,combined,201,1,0,0.1819,157.58,-2.42,5.073,8.582,0.73,0.524,1.426
histogram,otsu,combined,202,1,0,0.1736,156.55,-3.45,5.659,8.719,0.961,0.448,0.833
histogram,otsu,combined,203,1,0,0.1736,156.55,-3.45,6.59,11.362,1.318,0.599,1.842
histogram,otsu,combined,204,1,0,0.2569,157.24,-2.76,5.077,10.055,1.382,0.626,1.817
histogram,otsu,combined,205,1,0,0.2028,156.62,-3.38,4.538,8.201,1.149,0.442,1.242
histogram,otsu,combined,206,1,0,0.2028,156.62,-3.38,4.884,9.07,1.326,0.587,1.446
histogram,otsu,combined,207,1,0,0.1361,156.69,-3.31,6.434,11.225,1.656,0.575,1.641
histogram,otsu,combined,208,1,0,0.1389,155.77,-4.23,6.479,11.613,1.39,0.599,2.18
histogram,otsu,combined,209,1,0,0.1958,156.23,-3.77,4.269,7.992,1.254,0.51,1.137
histogram,otsu,combined,210,1,0,0.1958,156.23,-3.77,5.105,9.172,1.293,0.58,1.377
histogram,otsu,combined,211,1,0,0.1986,157.04,-2.96,6.924,11.244,1.39,0.522,1.364
histogram,otsu,combined,212,1,0,0.1986,157.04,-2.96,6.966,11.579,1.45,0.617,1.587
histogram,otsu,combined,213,1,0,0.2292,157.62,-2.38,4.731,8.679,1.317,0.503,1.224
histogram,otsu,combined,214,1,0,0.2292,157.62,-2.38,5.669,9.162,1.194,0.438,1.066
histogram,otsu,combined,215,1,0,0.0403,144.13,-15.87,6.592,10.581,1.179,0.489,1.326
histogram,otsu,combined,216,1,0,0.0556,155.39,-4.61,7.347,12.274,1.361,0.597,1.592
histogram,otsu,combined,217,1,0,0.0389,159.25,-0.75,4.758,9.573,1.464,0.749,1.589
histogram,otsu,combined,218,1,1,0.1775,160.72,0.72,3.76,7.283,1.14,0.435,1.155
histogram,otsu,combined,219,1,1,0.1775,160.72,0.72,4.211,8.355,1.269,0.571,1.402
histogram,otsu,combined,220,1,1,0.1792,161.78,1.78,5.104,10.329,1.393,0.519,2.394
histogram,otsu,combined,221,1,1,0.1975,160.96,0.96,5.355,10.47,1.435,0.608,1.625
histogram,otsu,combined,222,1,1,0.1975,160.96,0.96,3.679,8.061,1.387,0.644,1.435
histogram,otsu,combined,223,1,0,0.3528,158.82,-1.18,4.82,8.405,1.145,0.479,1.151
histogram,otsu,combined,224,1,0,0.3528,158.82,-1.18,5.992,9.946,1.304,0.509,1.292
histogram,otsu,combined,225,1,0,0.2889,158.73,-1.27,7.352,12.812,1.362,0.577,2.428
histogram,otsu,combined,226,1,0,0.2889,158.73,-1.27,6.867,11.587,1.319,0.608,1.866
histogram,otsu,combined,227,1,0,0.2986,159.33,-0.67,5.379,10.095,1.185,0.472,2.085
histogram,otsu,combined,228,1,0,0.2986,159.33,-0.67,6.013,10.071,1.349,0.481,1.31
histogram,otsu,combined,229,1,0,0.3306,159.74,-0.26,7.449,12.316,1.469,0.704,1.709
histogram,otsu,combined,230,1,0,0.3194,159.85,-0.15,6.089,10.937,1.325,0.696,1.826
histogram,otsu,combined,231,1,0,0.3194,159.85,-0.15,5.436,10.117,1.23,0.446,2.114
histogram,otsu,combined,232,1,0,0.3278,159.81,-0.19,6.117,11.128,1.284,0.504,2.291
histogram,otsu,combined,233,1,0,0.3472,159.91,-0.09,6.991,11.497,1.409,0.588,1.567
histogram,otsu,combined,234,1,0,0.3139,159.82,-0.18,5.623,10.611,1.313,0.671,1.967
histogram,otsu,combined,235,1,0,0.3139,159.82,-0.18,5.329,9.155,1.237,0.442,1.215
histogram,otsu,combined,236,1,0,0.3278,159.83,-0.17,5.982,10.03,1.207,0.54,1.369
histogram,otsu,combined,237,1,0,0.3181,159.8,-0.2,6.537,11.452,1.306,0.591,1.987
histogram,otsu,combined,238,1,0,0.3181,159.8,-0.2,6.092,10.894,1.402,0.598,1.696
histogram,otsu,combined,239,1,0,0.3236,159.82,-0.18,4.708,8.225,1.222,0.435,1.057
histogram,otsu,combined,240,1,0,0.3236,159.82,-0.18,5.433,8.989,1.133,0.467,1.223
histogram,otsu,combined,241,1,0,0.3194,159.86,-0.14,6.195,10.731,1.169,0.523,1.608
histogram,otsu,combined,242,1,0,0.3264,159.85,-0.15,6.19,10.308,1.221,0.539,1.492
histogram,otsu,combined,243,1,0,0.3264,159.85,-0.15,4.527,7.857,0.993,0.389,1.094
histogram,otsu,combined,244,1,0,0.3236,159.84,-0.16,5.361,9.919,1.149,0.487,2.121
histogram,otsu,combined,245,1,0,0.3278,159.82,-0.18,6.451,11.437,1.498,0.549,2.019
histogram,otsu,combined,246,1,0,0.3278,159.82,-0.18,6.108,10.399,1.239,0.56,1.623
histogram,otsu,combined,247,1,0,0.3208,159.85,-0.15,4.274,7.601,1.007,0.386,1.088
histogram,otsu,combined,248,1,0,0.3208,159.85,-0.15,4.905,10.504,3.467,0.503,0.871
histogram,otsu,combined,249,1,0,0.3264,159.84,-0.16,6.496,10.167,1.001,0.435,1.412
histogram,otsu,combined,250,1,0,0.3264,159.84,-0.16,7.706,12.413,1.333,0.623,1.832
histogram,otsu,combined,251,1,0,0.3208,159.89,-0.11,4.618,8.534,1.265,0.54,1.274
histogram,otsu,combined,252,1,0,0.3208,159.89,-0.11,5.733,10.866,1.297,0.547,2.416
histogram,otsu,combined,253,1,0,0.3264,159.83,-0.17,7.286,11.837,1.268,0.558,1.774
histogram,otsu,combined,254,1,0,0.3264,159.83,-0.17,6.832,11.439,1.281,0.597,1.782
histogram,otsu,combined,255,1,0,0.3264,159.83,-0.17,4.639,8.371,1.166,0.441,1.334
histogram,otsu,combined,256,1,0,0.3278,159.87,-0.13,5.469,9.579,1.306,0.571,1.431
histogram,otsu,combined,257,1,0,0.3278,159.87,-0.13,6.064,9.878,1.15,0.47,1.337
histogram,otsu,combined,258,1,0,0.3278,159.87,-0.13,6.781,11.671,1.328,0.597,1.968
histogram,otsu,combined,259,1,0,0.3264,159.85,-0.15,4.74,9.865,1.32,0.69,2.16
histogram,otsu,combined,260,1,0,0.3264,159.86,-0.14,5.136,8.747,1.193,0.438,1.151
histogram,otsu,combined,261,1,0,0.3278,159.91,-0.09,5.763,9.888,1.297,0.488,1.402
histogram,otsu,combined,262,1,0,0.3278,159.91,-0.09,6.925,11.465,1.276,0.641,1.701
histogram,otsu,combined,263,1,0,0.3222,159.89,-0.11,6.524,11.203,1.311,0.596,1.766
histogram,otsu,combined,264,1,0,0.3222,159.89,-0.11,4.744,8.353,1.133,0.462,1.24
histogram,otsu,combined,265,1,0,0.3208,159.85,-0.15,5.242,9.648,1.34,0.662,1.567
histogram,otsu,combined,266,1,0,0.3208,159.85,-0.15,6.499,10.066,0.81,0.493,1.462
histogram,otsu,combined,267,1,0,0.3208,159.83,-0.17,7.063,11.825,1.306,0.6,1.901
histogram,otsu,combined,268,1,0,0.3208,159.83,-0.17,4.57,9.351,1.383,0.893,1.582
histogram,otsu,combined,269,1,0,0.3278,159.96,-0.04,5.222,8.922,1.149,0.479,1.251
histogram,otsu,combined,270,1,0,0.3278,159.96,-0.04,4.756,8.495,1.233,0.449,1.257
histogram,otsu,combined,271,1,0,0.3236,159.8,-0.2,4.911,8.455,1.227,0.432,1.128
histogram,otsu,combined,272,1,0,0.3236,159.8,-0.2,6.068,9.982,1.176,0.465,1.469
histogram,otsu,combined,273,1,0,0.3236,159.81,-0.19,7.27,12.709,1.287,0.693,2.522
histogram,otsu,combined,274,1,0,0.3278,159.85,-0.15,5.291,10.552,1.37,0.687,2.127
histogram,otsu,combined,275,1,0,0.3278,159.85,-0.15,5.739,9.666,1.153,0.48,1.492
histogram,otsu,combined,276,1,0,0.3278,159.85,-0.15,11.22,15.361,1.342,0.497,1.389
histogram,otsu,combined,277,1,0,0.3208,159.91,-0.09,9.888,20.656,7.128,0.648,1.744
histogram,otsu,combined,278,1,0,0.3306,159.91,-0.09,7.879,19.007,7.119,0.707,2.163
histogram,otsu,combined,279,1,0,0.3306,159.91,-0.09,6.761,10.463,0.962,0.474,0.915
histogram,otsu,combined,280,1,0,0.3264,159.85,-0.15,4.652,8.824,1.117,0.528,1.717
histogram,otsu,combined,281,1,0,0.3194,159.87,-0.13,5.06,8.624,1.139,0.483,1.129
histogram,otsu,combined,282,1,0,0.325,159.83,-0.17,6.004,11.309,2.457,0.534,1.369
histogram,otsu,combined,283,1,0,0.325,159.83,-0.17,6.837,11.203,1.375,0.544,1.521
histogram,otsu,combined,284,1,0,0.3264,159.87,-0.13,7.257,14.045,3.202,0.63,1.838
histogram,otsu,combined,285,1,0,0.3194,159.8,-0.2,4.82,8.632,1.196,0.489,1.268
histogram,otsu,combined,286,1,0,0.3208,159.82,-0.18,4.561,8.077,1.145,0.438,1.156
histogram,otsu,combined,287,1,0,0.3208,159.82,-0.18,4.894,8.45,1.145,0.434,1.134
histogram,otsu,combined,288,1,0,0.3264,159.8,-0.2,5.414,9.484,1.187,0.462,1.622
histogram,otsu,combined,289,1,0,0.3264,159.88,-0.12,6.666,12.826,2.457,0.69,2.012
histogram,otsu,combined,290,1,0,0.3264,159.88,-0.12,6.605,11.362,1.326,0.652,1.715
histogram,otsu,combined,291,1,0,0.3236,159.8,-0.2,4.761,8.466,1.208,0.452,1.232
histogram,otsu,combined,292,1,0,0.3167,159.87,-0.13,5.703,9.573,1.157,0.437,1.406
histogram,otsu,combined,293,1,0,0.3208,159.85,-0.15,5.942,10.213,1.239,0.488,1.681
histogram,otsu,combined,294,1,0,0.3208,159.85,-0.15,6.746,11.088,1.294,0.569,1.525
histogram,otsu,combined,295,1,0,0.3208,159.86,-0.14,6.905,11.543,1.41,0.619,1.661
histogram,otsu,combined,296,1,0,0.3236,159.81,-0.19,4.52,8.48,1.38,0.499,1.256
histogram,otsu,combined,297,1,0,0.3194,159.85,-0.15,5.671,9.364,1.2,0.436,1.232
histogram,otsu,combined,298,1,0,0.3194,159.85,-0.15,6.074,10.392,1.21,0.506,1.747
histogram,otsu,combined,299,1,0,0.3236,159.81,-0.19,7.297,12.462,1.634,0.601,1.954
histogram,otsu,combined,300,1,0,0.3236,159.81,-0.19,4.935,10.253,1.456,0.752,2.188
histogram,otsu,combined,301,1,0,0.3236,159.87,-0.13,5.322,9.055,1.15,0.44,1.332
histogram,otsu,combined,302,1,0,0.3306,159.84,-0.16,6.48,14.042,4.394,0.591,1.731
histogram,otsu,combined,303,1,0,0.3306,159.84,-0.16,7.15,12.161,1.303,0.71,2.052
histogram,otsu,combined,304,1,0,0.3278,159.81,-0.19,5.049,10.153,1.356,0.705,1.845
histogram,otsu,combined,305,1,0,0.3264,159.85,-0.15,4.621,8.46,1.327,0.459,1.27
histogram,otsu,combined,306,1,0,0.3278,159.89,-0.11,5.554,9.363,1.154,0.488,1.28
histogram,otsu,combined,307,1,0,0.3278,159.89,-0.11,6.37,10.815,1.258,0.494,1.728
histogram,otsu,combined,308,1,0,0.3264,159.85,-0.15,7.341,12.274,1.313,0.683,1.99
histogram,otsu,combined,309,1,0,0.4194,159.75,-0.25,5.122,9.968,1.364,0.765,1.769
histogram,otsu,combined,310,1,0,0.3681,159.94,-0.06,4.604,8.393,1.272,0.487,1.281
histogram,otsu,combined,311,1,0,0.3681,159.94,-0.06,4.894,7.776,0.859,0.439,0.765
histogram,otsu,combined,312,1,0,0.3375,159.84,-0.16,5.429,9.213,1.001,0.486,1.311
histogram,otsu,combined,313,1,0,0.3361,159.86,-0.14,5.817,9.32,0.821,0.491,1.324
histogram,otsu,combined,314,1,0,0.3361,159.86,-0.14,7.069,11.231,1.013,0.5,1.639
histogram,otsu,combined,315,1,0,0.3375,159.9,-0.1,6.088,10.766,1.311,0.579,1.748
histogram,otsu,combined,316,1,0,0.3181,159.74,-0.26,4.704,8.431,1.16,0.441,1.249
histogram,otsu,combined,317,1,0,0.3375,159.78,-0.22,4.956,8.438,1.14,0.431,1.11
histogram,otsu,combined,318,1,0,0.3375,159.78,-0.22,5.534,9.457,1.228,0.472,1.425
histogram,otsu,combined,319,1,0,0.3403,159.8,-0.2,6.856,11.711,1.446,0.713,1.713
histogram,otsu,combined,320,1,0,0.3181,159.89,-0.11,7.22,11.921,1.391,0.591,1.789
histogram,otsu,combined,321,1,0,0.3111,159.85,-0.15,4.404,9.538,2.444,0.483,1.383
histogram,otsu,combined,322,1,0,0.3111,159.85,-0.15,4.596,8.345,1.152,0.436,1.26
histogram,otsu,combined,323,1,0,0.3208,159.82,-0.18,5.407,9.195,1.13,0.434,1.276
histogram,otsu,combined,324,1,0,0.3208,159.82,-0.18,6.697,10.87,1.205,0.51,1.572
histogram,otsu,combined,325,1,0,0.3139,159.89,-0.11,7.005,12.257,1.497,0.66,2.113
histogram,otsu,combined,326,1,0,0.3139,159.89,-0.11,5.012,10.073,1.555,0.724,1.788
histogram,otsu,combined,327,1,0,0.3181,159.83,-0.17,4.436,8.034,1.228,0.462,1.126
histogram,otsu,combined,328,1,0,0.3181,159.83,-0.17,4.612,8.291,1.2,0.467,1.27
histogram,otsu,combined,329,1,0,0.3125,159.81,-0.19,5.589,9.197,1.144,0.435,1.115
histogram,otsu,combined,330,1,0,0.3125,159.81,-0.19,6.082,11.326,1.277,0.515,2.526
histogram,otsu,combined,331,1,0,0.3125,159.84,-0.16,6.87,13.29,1.583,0.662,3.261
histogram,otsu,combined,332,1,0,0.3125,159.84,-0.16,4.687,9.491,1.435,0.745,1.726
histogram,otsu,combined,333,1,0,0.3264,159.71,-0.29,5.379,9.108,1.202,0.437,1.273
histogram,otsu,combined,334,1,0,0.3264,159.71,-0.29,5.462,9.675,1.28,0.475,1.595
histogram,otsu,combined,335,1,0,0.3222,159.83,-0.17,7.116,12.07,1.621,0.608,1.811
histogram,otsu,combined,336,1,0,0.3083,159.88,-0.12,6.454,11.835,1.383,0.617,2.44
histogram,otsu,combined,337,1,0,0.3208,159.81,-0.19,4.946,8.686,1.25,0.517,1.151
histogram,otsu,combined,338,1,0,0.3208,159.81,-0.19,4.548,8.432,1.338,0.458,1.289
histogram,otsu,combined,339,1,0,0.3125,159.87,-0.13,6.101,10.372,1.257,0.506,1.572
histogram,otsu,combined,340,1,0,0.3111,159.84,-0.16,6.204,10.605,1.441,0.577,1.545
histogram,otsu,combined,341,1,0,0.3208,159.8,-0.2,7.281,12.665,1.459,0.69,2.224
histogram,otsu,combined,342,1,0,0.3208,159.8,-0.2,5.008,9.674,1.483,0.664,1.569
histogram,otsu,combined,343,1,0,0.3181,159.76,-0.24,4.688,8.484,1.239,0.481,1.282
histogram,otsu,combined,344,1,0,0.3181,159.82,-0.18,5.279,8.966,1.162,0.433,1.236
histogram,otsu,combined,345,1,0,0.3181,159.9,-0.1,5.516,10.003,1.684,0.49,1.497
histogram,otsu,combined,346,1,0,0.3181,159.9,-0.1,6.66,11.834,1.357,0.589,2.083
histogram,otsu,combined,347,1,0,0.3208,159.74,-0.26,6.418,11.322,1.371,0.601,1.986
histogram,otsu,combined,348,1,0,0.3208,159.74,-0.26,5.13,8.961,1.249,0.505,1.27
histogram,otsu,combined,349,1,0,0.3181,159.83,-0.17,4.737,8.618,1.32,0.436,1.267
histogram,otsu,combined,350,1,0,0.3181,159.83,-0.17,5.54,9.416,1.216,0.446,1.338
histogram,otsu,combined,351,1,0,0.3181,159.83,-0.17,6.753,11.121,1.267,0.514,1.741
histogram,otsu,combined,352,1,0,0.3167,159.81,-0.19,6.988,12.352,1.694,0.724,2.01
histogram,otsu,combined,353,1,0,0.3139,159.85,-0.15,5.084,9.925,1.428,0.647,1.803
histogram,otsu,combined,354,1,0,0.325,159.78,-0.22,4.728,8.531,1.215,0.459,1.268
histogram,otsu,combined,355,1,0,0.325,159.78,-0.22,5.782,11.118,1.328,0.646,2.448
histogram,otsu,combined,356,1,0,0.3208,159.75,-0.25,6.698,12.034,1.947,0.683,1.701
histogram,otsu,combined,357,1,0,0.3097,159.83,-0.17,6.803,11.88,1.731,0.613,1.765
histogram,otsu,combined,358,1,0,0.3167,159.84,-0.16,4.752,8.48,1.214,0.456,1.269
histogram,otsu,combined,359,1,0,0.3167,159.84,-0.16,4.603,8.205,1.21,0.439,1.115
histogram,otsu,combined,360,1,0,0.3181,159.76,-0.24,5.1,9.345,1.21,0.514,1.525
histogram,adaptive,combined,0,1,0,1.0,111.06,-48.94,6.976,21.217,1.423,9.704,2.013
histogram,adaptive,combined,1,1,0,1.0,110.57,-49.43,5.507,17.464,1.174,8.412,1.605
histogram,adaptive,combined,2,1,0,1.0,111.06,-48.94,7.513,20.983,1.816,9.01,1.775
histogram,adaptive,combined,3,1,0,1.0,111.06,-48.94,5.518,17.949,1.399,8.921,1.266
histogram,adaptive,combined,4,1,0,1.0,111.06,-48.94,5.16,17.187,1.202,8.387,1.666
histogram,adaptive,combined,5,1,0,1.0,111.07,-48.93,5.161,16.632,1.185,8.337,1.197
histogram,adaptive,combined,6,1,0,1.0,111.07,-48.93,5.135,16.137,0.919,8.278,1.047
histogram,adaptive,combined,7,1,0,1.0,111.06,-48.94,5.034,15.868,0.775,8.229,1.044
histogram,adaptive,combined,8,1,0,1.0,111.55,-48.45,4.521,14.03,0.685,7.135,1.024
histogram,adaptive,combined,9,1,0,1.0,111.06,-48.94,4.539,13.925,0.648,7.104,0.938
histogram,adaptive,combined,10,1,0,1.0,111.06,-48.94,4.536,14.13,0.665,7.151,1.1
histogram,adaptive,combined,11,1,0,1.0,111.55,-48.45,4.501,13.916,0.651,7.13,0.957
histogram,adaptive,combined,12,1,0,1.0,111.06,-48.94,4.49,14.01,0.643,7.126,1.01
histogram,adaptive,combined,13,1,0,1.0,111.56,-48.44,4.507,13.947,0.645,7.149,0.964
histogram,adaptive,combined,14,1,0,1.0,111.56,-48.44,4.501,14.027,0.638,7.128,1.017
histogram,adaptive,combined,15,1,0,1.0,111.56,-48.44,5.168,15.705,0.643,8.071,1.056
histogram,adaptive,combined,16,1,0,1.0,111.56,-48.44,5.123,15.986,0.735,8.237,1.135
histogram,adaptive,combined,17,1,0,1.0,111.06,-48.94,5.138,15.975,0.715,8.198,1.126
histogram,adaptive,combined,18,1,0,1.0,110.57,-49.43,5.946,16.796,0.731,8.244,1.121
histogram,adaptive,combined,19,1,0,1.0,111.06,-48.94,5.188,16.135,0.733,8.38,1.045
histogram,adaptive,combined,20,1,0,1.0,111.06,-48.94,5.181,16.062,0.731,8.322,1.069
histogram,adaptive,combined,21,1,0,1.0,111.06,-48.94,5.122,15.968,0.786,8.26,1.038
histogram,adaptive,combined,22,1,0,1.0,110.57,-49.43,5.13,15.971,0.77,8.28,1.036
histogram,adaptive,combined,23,1,0,1.0,110.57,-49.43,5.142,15.964,0.768,8.239,1.061
histogram,adaptive,combined,24,1,0,1.0,111.06,-48.94,5.142,16.026,0.79,8.275,1.056
histogram,adaptive,combined,25,1,0,1.0,111.06,-48.94,5.165,16.013,0.777,8.261,1.049
histogram,adaptive,combined,26,1,0,1.0,111.06,-48.94,5.101,15.948,0.774,8.266,1.058
histogram,adaptive,combined,27,1,0,1.0,111.06,-48.94,4.713,15.597,0.785,8.245,1.064
histogram,adaptive,combined,28,1,0,1.0,111.06,-48.94,4.539,14.059,0.646,7.162,0.957
histogram,adaptive,combined,29,1,0,1.0,111.06,-48.94,4.519,13.935,0.634,7.161,0.927
histogram,adaptive,combined,30,1,0,1.0,111.06,-48.94,4.512,14.028,0.647,7.16,1.021
histogram,adaptive,combined,31,1,0,1.0,111.06,-48.94,4.553,13.942,0.633,7.124,0.941
histogram,adaptive,combined,32,1,0,1.0,111.56,-48.44,4.506,14.033,0.641,7.132,1.038
histogram,adaptive,combined,33,1,0,1.0,111.56,-48.44,4.551,13.973,0.654,7.129,0.949
histogram,adaptive,combined,34,1,0,1.0,111.56,-48.44,4.524,14.128,0.69,7.176,1.053
histogram,adaptive,combined,35,1,0,1.0,111.56,-48.44,5.219,15.975,0.726,8.208,1.065
histogram,adaptive,combined,36,1,0,1.0,111.56,-48.44,5.143,16.008,0.729,8.243,1.074
histogram,adaptive,combined,37,1,0,1.0,111.06,-48.94,5.223,16.101,0.73,8.209,1.066
histogram,adaptive,combined,38,1,0,1.0,111.06,-48.94,5.132,16.003,0.727,8.259,1.121
histogram,adaptive,combined,39,1,0,1.0,111.07,-48.93,5.13,15.93,0.719,8.202,1.126
histogram,adaptive,combined,40,1,0,1.0,111.07,-48.93,5.444,16.532,0.724,8.245,1.359
histogram,adaptive,combined,41,1,0,1.0,111.56,-48.44,5.229,16.136,0.748,8.239,1.164
histogram,adaptive,combined,42,1,0,1.0,111.06,-48.94,5.146,16.106,0.733,8.238,1.22
histogram,adaptive,combined,43,1,0,1.0,110.57,-49.43,5.566,16.347,0.726,8.188,1.106
histogram,adaptive,combined,44,1,0,1.0,110.57,-49.43,5.115,16.038,0.76,8.309,1.094
histogram,adaptive,combined,45,1,0,1.0,110.57,-49.43,5.144,16.047,0.803,8.271,1.063
histogram,adaptive,combined,46,1,0,1.0,110.57,-49.43,5.108,16.061,0.834,8.302,1.058
histogram,adaptive,combined,47,1,0,1.0,111.07,-48.93,4.501,15.266,0.773,8.259,0.952
histogram,adaptive,combined,48,1,0,1.0,111.07,-48.93,4.523,14.044,0.664,7.148,0.956
histogram,adaptive,combined,49,1,0,1.0,111.55,-48.45,4.509,13.97,0.643,7.178,0.963
histogram,adaptive,combined,50,1,0,1.0,111.55,-48.45,4.516,14.057,0.654,7.164,0.97
histogram,adaptive,combined,51,1,0,1.0,111.06,-48.94,4.503,13.901,0.642,7.137,0.936
histogram,adaptive,combined,52,1,0,1.0,111.06,-48.94,4.511,14.028,0.652,7.156,1.026
histogram,adaptive,combined,53,1,0,1.0,111.06,-48.94,4.512,13.94,0.633,7.182,0.925
histogram,adaptive,combined,54,1,0,1.0,111.06,-48.94,4.528,14.174,0.699,7.138,1.124
histogram,adaptive,combined,55,1,0,1.0,111.07,-48.93,4.505,13.916,0.638,7.13,0.953
histogram,adaptive,combined,56,1,0,1.0,111.07,-48.93,4.514,14.075,0.699,7.14,1.045
histogram,adaptive,combined,57,1,0,1.0,111.56,-48.44,4.552,13.992,0.639,7.123,0.961
histogram,adaptive,combined,58,1,0,1.0,112.05,-47.95,4.637,14.19,0.693,7.124,1.054
histogram,adaptive,combined,59,1,0,1.0,112.05,-47.95,4.521,14.059,0.637,7.26,0.95
histogram,adaptive,combined,60,1,0,1.0,110.08,-49.92,4.503,14.195,0.639,7.372,0.945
histogram,adaptive,combined,61,1,0,1.0,111.55,-48.45,4.659,14.708,0.656,7.247,1.439
histogram,adaptive,combined,62,1,0,1.0,111.55,-48.45,5.214,14.75,0.645,7.269,0.927
histogram,adaptive,combined,63,1,0,1.0,111.06,-48.94,6.198,17.179,1.124,8.012,1.111
histogram,adaptive,combined,64,1,0,1.0,111.06,-48.94,5.959,16.975,0.737,8.214,1.152
histogram,adaptive,combined,65,1,0,1.0,111.07,-48.93,4.751,14.436,0.675,7.387,0.946
histogram,adaptive,combined,66,1,0,1.0,111.07,-48.93,4.676,14.283,0.638,7.279,0.965
histogram,adaptive,combined,67,1,0,1.0,111.06,-48.94,4.582,14.104,0.642,7.121,0.946
histogram,adaptive,combined,68,1,0,1.0,110.57,-49.43,4.498,14.054,0.649,7.262,0.951
histogram,adaptive,combined,69,1,0,1.0,112.08,-47.92,4.536,14.378,0.748,7.397,0.994
histogram,adaptive,combined,70,0,0,0.0,0.0,,3.311,12.953,0.665,7.26,0.971
histogram,adaptive,combined,71,0,0,0.0,0.0,,3.219,12.719,0.66,7.195,0.961
histogram,adaptive,combined,72,1,0,1.0,110.58,-49.42,4.637,14.458,0.811,7.368,0.923
histogram,adaptive,combined,73,1,0,1.0,111.09,-48.91,5.001,14.487,0.638,7.207,0.954
histogram,adaptive,combined,74,1,0,1.0,112.08,-47.92,4.792,14.502,0.653,7.249,1.117
histogram,adaptive,combined,75,1,0,1.0,112.08,-47.92,5.389,15.01,0.701,7.179,1.04
histogram,adaptive,combined,76,1,0,1.0,111.09,-48.91,6.973,18.471,0.758,8.653,1.315
histogram,adaptive,combined,77,1,0,1.0,111.09,-48.91,7.38,19.937,0.833,9.183,1.569
histogram,adaptive,combined,78,1,0,1.0,111.09,-48.91,5.479,16.742,0.911,8.534,0.985
histogram,adaptive,combined,79,1,0,1.0,111.09,-48.91,5.477,16.962,1.16,8.346,1.198
histogram,adaptive,combined,80,1,0,1.0,108.56,-51.44,7.457,19.062,0.755,8.554,1.5
histogram,adaptive,combined,81,1,0,1.0,110.05,-49.95,5.936,17.339,0.803,8.737,1.041
histogram,adaptive,combined,82,1,0,1.0,110.05,-49.95,4.831,14.995,0.762,7.465,1.208
histogram,adaptive,combined,83,1,0,1.0,108.08,-51.92,4.796,14.778,0.94,7.253,0.998
histogram,adaptive,combined,84,1,0,1.0,107.58,-52.42,4.61,14.776,0.664,7.566,1.243
histogram,adaptive,combined,85,1,0,1.0,107.58,-52.42,4.506,14.735,0.992,7.239,1.245
histogram,adaptive,combined,86,1,0,1.0,107.58,-52.42,4.888,15.302,1.01,7.34,1.378
histogram,adaptive,combined,87,1,0,1.0,109.58,-50.42,5.14,15.162,0.997,7.18,1.108
histogram,adaptive,combined,88,1,0,1.0,109.58,-50.42,5.678,17.707,1.062,8.697,1.549
histogram,adaptive,combined,89,1,0,1.0,109.08,-50.92,5.39,17.158,1.193,8.331,1.481
histogram,adaptive,combined,90,1,0,1.0,109.08,-50.92,5.267,16.993,1.169,8.328,1.45
histogram,adaptive,combined,91,1,0,1.0,108.08,-51.92,5.157,16.813,1.143,8.213,1.537
histogram,adaptive,combined,92,1,0,1.0,108.08,-51.92,6.557,18.396,1.15,8.426,1.488
histogram,adaptive,combined,93,1,0,1.0,108.09,-51.91,7.459,20.743,1.265,9.184,1.922
histogram,adaptive,combined,94,1,0,1.0,105.6,-54.4,5.278,17.627,1.324,8.937,1.259
histogram,adaptive,combined,95,1,0,1.0,105.6,-54.4,5.517,17.319,1.223,8.404,1.377
histogram,adaptive,combined,96,0,0,0.0,0.0,,3.409,15.121,1.14,8.508,1.246
histogram,adaptive,combined,97,1,0,1.0,112.04,-47.96,5.655,17.228,1.134,8.376,1.219
histogram,adaptive,combined,98,1,0,1.0,112.04,-47.96,5.128,16.609,1.136,8.261,1.329
histogram,adaptive,combined,99,1,0,1.0,112.04,-47.96,5.116,16.785,1.135,8.281,1.499
histogram,adaptive,combined,100,0,0,0.0,0.0,,3.388,14.905,1.196,8.336,1.225
histogram,adaptive,combined,101,1,1,0.6,142.07,-17.93,4.865,16.552,1.14,8.233,1.567
histogram,adaptive,combined,102,1,1,0.6,143.05,-16.95,4.88,16.364,1.167,8.262,1.301
histogram,adaptive,combined,103,1,1,0.6,143.05,-16.95,4.857,16.28,1.182,8.26,1.226
histogram,adaptive,combined,104,1,1,0.6,146.07,-13.93,4.842,16.439,1.185,8.279,1.376
histogram,adaptive,combined,105,1,1,0.6,208.08,48.08,4.869,16.446,1.179,8.232,1.408
histogram,adaptive,combined,106,1,1,0.6,208.08,48.08,4.935,16.531,1.14,8.23,1.42
histogram,adaptive,combined,107,1,1,0.6,188.01,28.01,4.968,16.328,1.128,8.222,1.221
histogram,adaptive,combined,108,1,1,0.6,188.01,28.01,4.862,16.324,1.132,8.255,1.239
histogram,adaptive,combined,109,1,1,0.6,208.15,48.15,4.854,16.679,1.135,8.448,1.493
histogram,adaptive,combined,110,1,1,0.6,208.15,48.15,4.843,16.24,1.136,8.241,1.262
histogram,adaptive,combined,111,1,1,0.6,208.15,48.15,4.876,16.269,1.135,8.312,1.19
histogram,adaptive,combined,112,1,1,0.6,120.24,-39.76,4.277,14.505,1.192,7.15,1.152
histogram,adaptive,combined,113,1,1,0.6,123.22,-36.78,4.281,14.189,0.993,7.14,1.09
histogram,adaptive,combined,114,1,1,0.6,123.22,-36.78,4.308,14.442,1.033,7.221,1.207
histogram,adaptive,combined,115,1,1,0.6,128.25,-31.75,4.437,14.477,0.983,7.131,1.239
histogram,adaptive,combined,116,1,1,0.6,128.25,-31.75,4.319,14.277,0.989,7.188,1.084
histogram,adaptive,combined,117,1,1,0.6,130.27,-29.73,4.299,14.483,1.041,7.124,1.302
histogram,adaptive,combined,118,1,1,0.6,137.27,-22.73,4.285,14.173,0.998,7.15,1.072
histogram,adaptive,combined,119,1,1,0.6,137.27,-22.73,4.28,14.39,1.042,7.221,1.162
histogram,adaptive,combined,120,1,1,0.6,137.33,-22.67,4.347,14.377,1.001,7.155,1.186
histogram,adaptive,combined,121,1,1,0.6,124.32,-35.68,4.326,14.342,0.984,7.14,1.164
histogram,adaptive,combined,122,1,1,0.6,124.32,-35.68,4.355,14.399,1.036,7.144,1.189
histogram,adaptive,combined,123,1,1,0.6,209.25,49.25,4.266,14.163,0.991,7.122,1.095
histogram,adaptive,combined,124,1,1,0.6,209.25,49.25,4.292,14.316,1.046,7.199,1.1
histogram,adaptive,combined,125,1,1,0.6,192.33,32.33,4.354,14.238,0.984,7.125,1.083
histogram,adaptive,combined,126,1,1,0.6,165.3,5.3,4.843,15.819,0.99,8.084,1.225
histogram,adaptive,combined,127,1,1,0.6,165.3,5.3,4.949,16.402,1.131,8.211,1.304
histogram,adaptive,combined,128,0,0,0.0,0.0,,3.311,14.938,1.131,8.237,1.422
histogram,adaptive,combined,129,1,0,1.0,110.92,-49.08,5.191,16.594,1.13,8.232,1.225
histogram,adaptive,combined,130,1,0,1.0,110.92,-49.08,5.194,16.808,1.141,8.24,1.48
histogram,adaptive,combined,131,1,0,1.0,103.03,-56.97,5.091,16.662,1.146,8.226,1.437
histogram,adaptive,combined,132,1,0,1.0,103.03,-56.97,4.493,15.544,1.148,8.004,1.159
histogram,adaptive,combined,133,1,0,1.0,93.91,-66.09,4.492,14.331,0.982,7.119,1.047
histogram,adaptive,combined,134,1,0,1.0,93.91,-66.09,4.518,14.534,0.999,7.187,1.077
histogram,adaptive,combined,135,1,0,1.0,93.91,-66.09,4.532,14.466,0.982,7.138,1.122
histogram,adaptive,combined,136,1,0,0.9944,94.57,-65.43,4.454,14.551,0.994,7.168,1.26
histogram,adaptive,combined,137,1,0,1.0,91.65,-68.35,4.434,14.377,1.042,7.137,1.044
histogram,adaptive,combined,138,1,0,1.0,91.65,-68.35,4.47,14.652,1.0,7.165,1.226
histogram,adaptive,combined,139,1,0,1.0,91.65,-68.35,4.423,14.258,0.981,7.141,1.033
histogram,adaptive,combined,140,1,0,0.9583,86.03,-73.97,4.215,14.25,1.045,7.132,1.172
histogram,adaptive,combined,141,1,0,0.9792,86.04,-73.96,4.226,14.136,0.987,7.13,1.11
histogram,adaptive,combined,142,1,0,1.0,86.12,-73.88,4.188,14.345,1.058,7.188,1.233
histogram,adaptive,combined,143,1,0,1.0,86.12,-73.88,4.291,14.19,0.979,7.132,1.104
histogram,adaptive,combined,144,1,0,1.0,86.1,-73.9,4.208,14.295,0.987,7.179,1.249
histogram,adaptive,combined,145,1,0,1.0,86.22,-73.78,4.232,14.253,0.98,7.132,1.222
histogram,adaptive,combined,146,1,0,1.0,86.22,-73.78,4.203,14.15,0.986,7.162,1.121
histogram,adaptive,combined,147,1,0,1.0,86.22,-73.78,4.239,14.274,1.04,7.081,1.196
histogram,adaptive,combined,148,1,0,1.0,86.22,-73.78,4.498,14.598,0.982,7.327,1.117
histogram,adaptive,combined,149,1,0,1.0,86.24,-73.76,4.245,14.194,0.979,7.228,1.041
histogram,adaptive,combined,150,1,0,1.0,86.22,-73.78,4.283,14.479,1.002,7.205,1.303
histogram,adaptive,combined,151,1,0,1.0,86.22,-73.78,4.224,14.259,0.992,7.147,1.213
histogram,adaptive,combined,152,1,0,1.0,86.22,-73.78,4.244,14.368,1.044,7.123,1.277
histogram,adaptive,combined,153,1,0,0.95,86.14,-73.86,4.265,14.31,0.989,7.137,1.23
histogram,adaptive,combined,154,1,0,0.95,86.14,-73.86,4.181,14.338,0.981,7.211,1.226
histogram,adaptive,combined,155,1,0,0.95,86.14,-73.86,4.229,14.31,0.992,7.124,1.288
histogram,adaptive,combined,156,1,0,0.9736,86.18,-73.82,4.198,14.105,0.992,7.171,1.066
histogram,adaptive,combined,157,1,0,0.9236,86.13,-73.87,4.244,14.401,1.034,7.111,1.285
histogram,adaptive,combined,158,1,0,0.9236,86.13,-73.87,4.237,14.151,0.995,7.163,1.062
histogram,adaptive,combined,159,1,0,0.9389,86.14,-73.86,4.221,14.298,0.992,7.149,1.185
histogram,adaptive,combined,160,1,0,0.9625,90.64,-69.36,4.261,14.152,1.0,7.159,1.053
histogram,adaptive,combined,161,1,0,0.9514,86.2,-73.8,4.212,14.122,0.988,7.162,1.071
histogram,adaptive,combined,162,1,0,0.9514,86.2,-73.8,4.211,14.2,0.987,7.178,1.141
histogram,adaptive,combined,163,1,0,0.9611,86.16,-73.84,4.233,14.204,0.986,7.144,1.169
histogram,adaptive,combined,164,1,0,0.9611,86.16,-73.84,4.228,14.348,1.043,7.116,1.277
histogram,adaptive,combined,165,1,0,0.9889,86.13,-73.87,4.223,14.263,0.981,7.129,1.247
histogram,adaptive,combined,166,1,0,1.0,86.22,-73.78,4.218,14.252,1.0,7.202,1.096
histogram,adaptive,combined,167,1,0,1.0,86.22,-73.78,4.335,14.253,0.983,7.135,1.091
histogram,adaptive,combined,168,1,0,1.0,86.22,-73.78,4.26,14.191,0.984,7.173,1.095
histogram,adaptive,combined,169,1,0,1.0,89.05,-70.95,4.245,14.31,0.993,7.126,1.255
histogram,adaptive,combined,170,1,0,1.0,89.05,-70.95,4.234,14.266,0.992,7.166,1.204
histogram,adaptive,combined,171,1,0,1.0,89.05,-70.95,4.242,14.315,1.029,7.087,1.268
histogram,adaptive,combined,172,1,0,1.0,86.22,-73.78,4.213,14.224,0.998,7.148,1.191
histogram,adaptive,combined,173,1,0,1.0,86.22,-73.78,4.212,14.208,0.985,7.157,1.11
histogram,adaptive,combined,174,1,0,0.9639,86.08,-73.92,4.304,14.233,0.998,7.163,1.102
histogram,adaptive,combined,175,1,0,0.9639,86.08,-73.92,4.257,14.291,0.992,7.158,1.201
histogram,adaptive,combined,176,1,0,0.9347,86.18,-73.82,4.214,14.296,1.052,7.113,1.243
histogram,adaptive,combined,177,1,0,0.9375,87.18,-72.82,4.226,14.24,0.992,7.113,1.186
histogram,adaptive,combined,178,1,0,0.9375,87.18,-72.82,4.53,14.532,1.035,7.127,1.15
histogram,adaptive,combined,179,1,0,0.9375,87.18,-72.82,4.295,14.302,0.986,7.135,1.204
histogram,adaptive,combined,180,1,0,0.9361,86.12,-73.88,4.191,14.119,0.975,7.202,1.078
histogram,adaptive,combined,181,1,0,0.9431,86.13,-73.87,4.23,14.329,0.988,7.131,1.295
histogram,adaptive,combined,182,1,0,0.9736,86.11,-73.89,4.205,14.146,0.987,7.161,1.107
histogram,adaptive,combined,183,1,0,0.9736,86.11,-73.89,4.258,14.196,1.037,7.083,1.137
histogram,adaptive,combined,184,1,0,1.0,86.15,-73.85,4.205,14.279,0.987,7.173,1.227
histogram,adaptive,combined,185,1,0,1.0,92.68,-67.32,4.546,14.512,0.982,7.158,1.064
histogram,adaptive,combined,186,1,0,1.0,99.18,-60.82,4.482,14.594,0.993,7.149,1.294
histogram,adaptive,combined,187,1,0,1.0,99.18,-60.82,4.499,14.518,0.983,7.128,1.198
histogram,adaptive,combined,188,1,0,1.0,95.25,-64.75,4.457,14.443,1.039,7.195,1.071
histogram,adaptive,combined,189,1,0,1.0,93.73,-66.27,4.555,14.498,0.984,7.121,1.152
histogram,adaptive,combined,190,1,0,1.0,93.73,-66.27,4.461,14.456,0.986,7.196,1.151
histogram,adaptive,combined,191,1,0,1.0,93.73,-66.27,4.478,14.536,1.04,7.121,1.219
histogram,adaptive,combined,192,1,0,1.0,94.7,-65.3,4.553,14.606,0.997,7.17,1.201
histogram,adaptive,combined,193,1,0,1.0,93.2,-66.8,4.463,14.555,0.978,7.171,1.252
histogram,adaptive,combined,194,1,0,1.0,92.74,-67.26,4.458,14.508,1.041,7.125,1.213
histogram,adaptive,combined,195,1,0,1.0,92.74,-67.26,4.99,14.836,0.991,7.11,1.057
histogram,adaptive,combined,196,1,0,1.0,91.22,-68.78,5.111,16.45,1.145,8.244,1.185
histogram,adaptive,combined,197,1,0,1.0,87.35,-72.65,4.9,16.381,1.138,8.216,1.325
histogram,adaptive,combined,198,1,0,1.0,87.35,-72.65,4.872,16.221,1.135,8.219,1.253
histogram,adaptive,combined,199,1,0,1.0,86.24,-73.76,4.843,16.179,1.14,8.205,1.246
histogram,adaptive,combined,200,1,0,1.0,86.24,-73.76,4.808,16.2,1.142,8.246,1.245
histogram,adaptive,combined,201,1,0,1.0,86.22,-73.78,4.831,16.192,1.139,8.2,1.258
histogram,adaptive,combined,202,1,0,1.0,86.22,-73.78,4.23,14.388,1.099,7.162,1.155
histogram,adaptive,combined,203,1,0,1.0,86.22,-73.78,4.233,14.223,0.985,7.124,1.207
histogram,adaptive,combined,204,1,0,1.0,86.22,-73.78,4.212,14.162,1.032,7.119,1.13
histogram,adaptive,combined,205,1,0,1.0,86.22,-73.78,4.219,14.139,0.984,7.119,1.133
histogram,adaptive,combined,206,1,0,1.0,86.22,-73.78,4.265,14.322,1.055,7.192,1.139
histogram,adaptive,combined,207,1,0,1.0,86.22,-73.78,4.313,14.204,0.991,7.136,1.052
histogram,adaptive,combined,208,1,0,1.0,86.22,-73.78,4.178,14.176,0.986,7.19,1.135
histogram,adaptive,combined,209,1,0,1.0,90.52,-69.48,4.427,14.348,0.991,7.131,1.112
histogram,adaptive,combined,210,1,0,1.0,90.52,-69.48,4.393,14.359,0.991,7.166,1.126
histogram,adaptive,combined,211,1,0,1.0,110.02,-49.98,4.485,14.486,1.035,7.102,1.18
histogram,adaptive,combined,212,1,0,1.0,110.02,-49.98,4.561,14.459,0.986,7.163,1.06
histogram,adaptive,combined,213,1,1,0.6,217.12,57.12,4.286,14.2,0.985,7.159,1.087
histogram,adaptive,combined,214,1,1,0.6,217.12,57.12,4.269,14.25,1.042,7.107,1.16
histogram,adaptive,combined,215,1,1,0.6,112.96,-47.04,4.288,14.254,0.979,7.118,1.167
histogram,adaptive,combined,216,1,1,0.6,126.96,-33.04,4.397,14.404,1.043,7.148,1.135
histogram,adaptive,combined,217,1,1,0.6,116.97,-43.03,4.417,14.657,1.037,7.359,1.106
histogram,adaptive,combined,218,1,0,1.0,121.5,-38.5,4.484,14.433,0.979,7.22,1.066
histogram,adaptive,combined,219,1,0,1.0,121.5,-38.5,4.502,14.523,1.033,7.158,1.144
histogram,adaptive,combined,220,1,0,1.0,86.25,-73.75,4.24,14.131,0.997,7.157,1.051
histogram,adaptive,combined,221,0,0,0.0,0.0,,2.992,12.955,0.992,7.165,1.056
histogram,adaptive,combined,222,0,0,0.0,0.0,,2.971,12.912,0.991,7.182,1.099
histogram,adaptive,combined,223,0,0,0.0,0.0,,3.013,12.887,0.996,7.123,1.072
histogram,adaptive,combined,224,0,0,0.0,0.0,,2.886,12.919,0.987,7.188,1.185
histogram,adaptive,combined,225,1,0,0.9375,193.99,33.99,4.51,14.485,1.04,7.156,1.097
histogram,adaptive,combined,226,1,0,0.9375,193.99,33.99,4.528,14.632,0.997,7.158,1.196
histogram,adaptive,combined,227,1,0,0.9292,197.87,37.87,4.544,14.463,0.981,7.126,1.092
histogram,adaptive,combined,228,1,0,0.9292,197.87,37.87,4.496,14.657,1.067,7.141,1.274
histogram,adaptive,combined,229,1,0,0.9458,203.17,43.17,4.626,14.521,0.983,7.123,1.112
histogram,adaptive,combined,230,1,0,0.9333,201.42,41.42,4.496,14.44,0.996,7.162,1.097
histogram,adaptive,combined,231,1,0,0.9333,201.42,41.42,4.54,14.548,1.042,7.117,1.164
histogram,adaptive,combined,232,1,0,0.9278,201.02,41.02,4.564,14.521,1.006,7.167,1.114
histogram,adaptive,combined,233,1,0,0.9319,198.52,38.52,4.562,14.58,0.978,7.145,1.204
histogram,adaptive,combined,234,1,0,0.9306,206.15,46.15,4.507,14.678,1.042,7.138,1.308
histogram,adaptive,combined,235,1,0,0.9306,206.15,46.15,4.59,14.532,0.994,7.152,1.118
histogram,adaptive,combined,236,1,0,0.9264,197.03,37.03,4.486,14.543,0.983,7.182,1.217
histogram,adaptive,combined,237,1,0,0.9306,202.94,42.94,4.621,14.652,1.033,7.085,1.19
histogram,adaptive,combined,238,1,0,0.9306,202.94,42.94,4.662,14.746,0.995,7.162,1.241
histogram,adaptive,combined,239,1,0,0.9319,195.02,35.02,6.781,17.877,1.007,7.657,1.629
histogram,adaptive,combined,240,1,0,0.9319,195.02,35.02,4.645,16.789,1.159,8.168,1.98
histogram,adaptive,combined,241,1,0,0.9292,206.64,46.64,6.631,17.622,1.027,7.759,1.411
histogram,adaptive,combined,242,1,0,0.9278,193.53,33.53,6.491,18.969,1.151,8.561,1.882
histogram,adaptive,combined,243,1,0,0.9278,193.53,33.53,6.199,17.837,1.015,7.599,2.106
histogram,adaptive,combined,244,1,0,0.9278,199.51,39.51,7.084,19.431,1.211,8.426,1.758
histogram,adaptive,combined,245,1,0,0.9319,203.92,43.92,5.907,16.879,1.101,7.631,1.374
histogram,adaptive,combined,246,1,0,0.9319,203.92,43.92,7.678,19.869,1.197,8.372,1.775
histogram,adaptive,combined,247,1,0,0.9306,202.95,42.95,5.925,17.05,1.1,7.673,1.464
histogram,adaptive,combined,248,1,0,0.9306,202.95,42.95,6.992,19.224,1.413,8.126,1.825
histogram,adaptive,combined,249,1,0,0.9333,202.96,42.96,4.871,16.116,1.333,7.882,1.234
histogram,adaptive,combined,250,1,0,0.9333,202.96,42.96,6.536,17.958,1.125,7.906,1.578
histogram,adaptive,combined,251,1,0,0.9361,199.5,39.5,5.321,18.521,1.703,8.613,1.954
histogram,adaptive,combined,252,1,0,0.9361,199.5,39.5,5.843,16.99,1.165,7.789,1.424
histogram,adaptive,combined,253,1,0,0.9292,195.52,35.52,6.984,19.07,1.136,8.302,1.792
histogram,adaptive,combined,254,1,0,0.9292,195.52,35.52,6.781,18.502,1.874,7.535,1.484
histogram,adaptive,combined,255,1,0,0.9292,195.52,35.52,7.681,21.664,1.57,9.536,1.772
histogram,adaptive,combined,256,1,0,0.9306,207.1,47.1,6.498,18.948,1.241,8.684,1.66
histogram,adaptive,combined,257,1,0,0.9333,202.01,42.01,7.981,21.857,1.474,9.42,2.003
histogram,adaptive,combined,258,1,0,0.9333,202.01,42.01,6.841,19.319,1.257,8.653,1.731
histogram,adaptive,combined,259,1,0,0.9264,194.03,34.03,7.032,21.457,2.092,9.372,2.05
histogram,adaptive,combined,260,1,0,0.9292,195.03,35.03,5.668,17.494,1.925,7.57,1.561
histogram,adaptive,combined,261,1,0,0.9292,194.53,34.53,6.865,21.482,1.181,8.649,3.878
histogram,adaptive,combined,262,1,0,0.9292,194.53,34.53,7.366,18.571,1.116,7.522,1.567
histogram,adaptive,combined,263,1,0,0.9278,195.03,35.03,6.948,21.147,3.131,8.301,1.849
histogram,adaptive,combined,264,1,0,0.9278,195.03,35.03,6.595,17.055,0.993,7.383,1.34
histogram,adaptive,combined,265,1,0,0.9306,194.52,34.52,7.57,19.82,1.1,8.732,1.572
histogram,adaptive,combined,266,1,0,0.9306,194.52,34.52,5.544,16.45,1.111,7.452,1.511
histogram,adaptive,combined,267,1,0,0.9333,195.52,35.52,7.313,20.744,2.08,8.398,1.74
histogram,adaptive,combined,268,1,0,0.9333,195.52,35.52,6.1,17.461,1.26,7.691,1.391
histogram,adaptive,combined,269,1,0,0.9333,195.53,35.53,7.438,19.513,1.06,8.32,1.839
histogram,adaptive,combined,270,1,0,0.9333,195.53,35.53,5.362,16.589,1.254,7.919,1.236
histogram,adaptive,combined,271,1,0,0.9292,202.98,42.98,7.073,19.112,1.035,7.95,2.264
histogram,adaptive,combined,272,1,0,0.9292,202.98,42.98,4.784,16.17,1.156,8.184,1.243
histogram,adaptive,combined,273,1,0,0.9306,202.48,42.48,6.604,18.263,1.038,8.397,1.442
histogram,adaptive,combined,274,1,0,0.9292,195.03,35.03,5.064,17.468,1.221,8.452,1.914
histogram,adaptive,combined,275,1,0,0.9292,195.03,35.03,8.304,19.673,1.09,7.751,1.609
histogram,adaptive,combined,276,1,0,0.9319,202.49,42.49,6.202,20.741,1.332,9.431,2.771
histogram,adaptive,combined,277,1,0,0.9292,206.65,46.65,7.381,20.018,1.226,8.891,1.595
histogram,adaptive,combined,278,1,0,0.9292,203.94,43.94,6.065,20.104,1.309,9.584,2.254
histogram,adaptive,combined,279,1,0,0.9292,203.94,43.94,7.032,19.573,1.159,8.735,1.687
histogram,adaptive,combined,280,1,0,0.9292,202.97,42.97,6.27,20.697,1.637,9.522,2.19
histogram,adaptive,combined,281,1,0,0.9292,203.44,43.44,7.064,19.671,1.155,9.108,1.472
histogram,adaptive,combined,282,1,0,0.9347,195.52,35.52,6.78,20.461,1.285,9.36,2.044
histogram,adaptive,combined,283,1,0,0.9347,195.52,35.52,7.185,19.651,1.161,8.882,1.517
histogram,adaptive,combined,284,1,0,0.9292,199.53,39.53,7.062,20.757,1.326,9.452,1.923
histogram,adaptive,combined,285,1,0,0.9319,207.15,47.15,6.75,19.117,1.216,8.724,1.582
histogram,adaptive,combined,286,1,0,0.9306,206.63,46.63,6.757,20.675,1.297,9.489,2.054
histogram,adaptive,combined,287,1,0,0.9306,206.63,46.63,7.053,19.762,1.419,8.983,1.418
histogram,adaptive,combined,288,1,0,0.9306,199.02,39.02,6.161,20.52,1.727,9.33,2.177
histogram,adaptive,combined,289,1,0,0.9333,203.47,43.47,6.798,19.146,1.214,8.752,1.543
histogram,adaptive,combined,290,1,0,0.9333,203.47,43.47,6.282,20.127,1.408,9.232,2.06
histogram,adaptive,combined,291,1,0,0.9319,202.47,42.47,5.961,16.769,1.06,7.61,1.363
histogram,adaptive,combined,292,1,0,0.9319,199.52,39.52,6.572,18.701,1.202,8.286,1.768
histogram,adaptive,combined,293,1,0,0.9319,195.52,35.52,4.568,14.985,1.09,7.235,1.316
histogram,adaptive,combined,294,1,0,0.9319,195.52,35.52,4.524,14.613,1.073,7.213,1.113
histogram,adaptive,combined,295,1,0,0.9278,200.0,40.0,4.537,14.673,0.988,7.181,1.224
histogram,adaptive,combined,296,1,0,0.9306,202.98,42.98,4.537,14.566,1.041,7.119,1.189
histogram,adaptive,combined,297,1,0,0.9292,205.65,45.65,5.248,15.802,0.991,7.578,1.256
histogram,adaptive,combined,298,1,0,0.9292,205.65,45.65,5.142,16.595,1.139,8.231,1.335
histogram,adaptive,combined,299,1,0,0.9306,199.51,39.51,5.457,16.893,1.135,8.213,1.328
histogram,adaptive,combined,300,1,0,0.9306,199.51,39.51,7.669,20.769,1.871,8.811,1.587
histogram,adaptive,combined,301,1,0,0.9319,199.02,39.02,6.001,20.773,1.891,9.495,2.404
histogram,adaptive,combined,302,1,0,0.9306,199.53,39.53,6.906,20.394,1.153,8.899,2.62
histogram,adaptive,combined,303,1,0,0.9306,199.53,39.53,5.706,18.609,1.162,8.699,2.134
histogram,adaptive,combined,304,1,0,0.9333,199.02,39.02,5.36,15.78,1.027,7.402,1.225
histogram,adaptive,combined,305,1,0,0.9306,202.46,42.46,7.335,19.207,1.049,8.201,1.68
histogram,adaptive,combined,306,1,0,0.9333,199.02,39.02,4.93,16.884,1.932,8.01,1.233
histogram,adaptive,combined,307,1,0,0.9333,199.02,39.02,5.458,16.111,1.027,7.38,1.368
histogram,adaptive,combined,308,1,0,0.9306,166.5,6.5,8.436,20.574,1.126,8.193,1.849
histogram,adaptive,combined,309,0,0,0.0,0.0,,3.417,16.2,1.336,9.214,1.315
histogram,adaptive,combined,310,1,0,0.9569,202.98,42.98,6.563,18.811,1.239,8.578,1.629
histogram,adaptive,combined,311,1,0,0.9569,202.98,42.98,8.191,22.105,1.373,9.575,2.028
histogram,adaptive,combined,312,1,0,0.9375,204.41,44.41,5.282,17.472,1.275,8.888,1.231
histogram,adaptive,combined,313,1,0,0.95,198.55,38.55,7.135,19.931,1.346,8.827,1.713
histogram,adaptive,combined,314,1,0,0.95,198.55,38.55,6.553,20.521,1.32,9.473,2.081
histogram,adaptive,combined,315,1,0,0.9375,198.02,38.02,6.139,19.114,2.166,8.497,1.49
histogram,adaptive,combined,316,1,0,0.9278,200.95,40.95,8.525,22.239,1.231,9.227,2.062
histogram,adaptive,combined,317,1,0,0.9347,198.52,38.52,6.486,18.814,1.25,8.606,1.551
histogram,adaptive,combined,318,1,0,0.9347,198.52,38.52,8.559,22.151,1.284,9.394,1.912
histogram,adaptive,combined,319,1,0,0.9319,203.43,43.43,6.544,19.019,1.331,8.755,1.465
histogram,adaptive,combined,320,1,0,0.9264,205.97,45.97,7.893,23.749,2.947,9.929,2.05
histogram,adaptive,combined,321,1,0,0.9292,203.47,43.47,6.634,21.133,2.23,8.819,2.564
histogram,adaptive,combined,322,1,0,0.9292,203.47,43.47,7.686,21.535,1.375,9.532,2.011
histogram,adaptive,combined,323,1,0,0.9306,198.51,38.51,6.286,18.664,1.168,8.633,1.758
histogram,adaptive,combined,324,1,0,0.9306,198.51,38.51,7.9,22.238,1.362,9.526,2.444
histogram,adaptive,combined,325,1,0,0.9306,199.53,39.53,6.471,18.892,1.263,8.631,1.672
histogram,adaptive,combined,326,1,0,0.9306,199.53,39.53,7.981,21.816,1.331,9.681,1.917
histogram,adaptive,combined,327,1,0,0.9278,198.05,38.05,7.154,20.15,1.494,8.829,1.689
histogram,adaptive,combined,328,1,0,0.9278,198.05,38.05,7.723,22.242,1.313,10.13,2.082
histogram,adaptive,combined,329,1,0,0.9292,199.53,39.53,5.54,17.45,1.194,8.436,1.471
histogram,adaptive,combined,330,1,0,0.9292,199.53,39.53,7.713,22.504,2.677,9.241,1.972
histogram,adaptive,combined,331,1,0,0.9306,201.02,41.02,5.675,18.041,1.273,8.947,1.281
histogram,adaptive,combined,332,1,0,0.9306,201.02,41.02,7.773,22.224,1.257,8.973,3.117
histogram,adaptive,combined,333,1,0,0.9264,198.53,38.53,4.926,17.173,1.32,8.842,1.253
histogram,adaptive,combined,334,1,0,0.9264,198.53,38.53,7.339,19.01,1.14,8.038,1.645
histogram,adaptive,combined,335,1,0,0.9292,199.52,39.52,4.798,16.725,1.258,8.511,1.364
histogram,adaptive,combined,336,1,0,0.925,167.0,7.0,6.454,17.981,1.049,8.117,1.547
histogram,adaptive,combined,337,1,0,0.9292,199.53,39.53,6.113,18.889,1.186,8.306,1.926
histogram,adaptive,combined,338,1,0,0.9292,199.53,39.53,6.411,17.462,1.108,7.768,1.4
histogram,adaptive,combined,339,1,0,0.9278,202.92,42.92,6.913,20.658,1.17,9.715,1.865
histogram,adaptive,combined,340,1,0,0.9264,203.38,43.38,6.949,19.369,1.222,8.837,1.49
histogram,adaptive,combined,341,1,0,0.9278,165.99,5.99,7.18,20.817,1.281,9.653,1.788
histogram,adaptive,combined,342,1,0,0.9278,165.99,5.99,7.073,22.788,4.208,8.95,1.643
histogram,adaptive,combined,343,1,0,0.9292,200.03,40.03,6.066,20.041,1.304,9.458,2.193
histogram,adaptive,combined,344,1,0,0.9292,204.3,44.3,6.214,17.526,1.015,7.835,1.575
histogram,adaptive,combined,345,1,0,0.9292,203.87,43.87,6.564,18.88,1.25,8.375,1.79
histogram,adaptive,combined,346,1,0,0.9292,203.87,43.87,6.288,17.359,1.005,7.596,1.672
histogram,adaptive,combined,347,1,0,0.9278,203.87,43.87,6.637,19.19,1.122,8.635,1.674
histogram,adaptive,combined,348,1,0,0.9278,203.87,43.87,6.087,19.885,3.734,7.717,1.519
histogram,adaptive,combined,349,1,0,0.925,166.5,6.5,7.076,19.586,1.208,8.416,1.881
histogram,adaptive,combined,350,1,0,0.9278,169.84,9.84,8.018,21.029,1.381,8.897,1.838
histogram,adaptive,combined,351,1,0,0.9278,169.84,9.84,6.021,19.189,1.316,9.068,1.765
histogram,adaptive,combined,352,1,0,0.9306,167.51,7.51,8.235,21.747,1.304,9.298,1.978
histogram,adaptive,combined,353,1,0,0.9306,200.51,40.51,5.132,17.699,1.217,8.501,2.012
histogram,adaptive,combined,354,1,0,0.9306,203.87,43.87,5.391,17.095,1.206,8.323,1.403
histogram,adaptive,combined,355,1,0,0.9306,203.87,43.87,5.25,16.742,1.153,8.257,1.251
histogram,adaptive,combined,356,1,0,0.9292,200.02,40.02,5.213,16.681,1.144,8.242,1.272
histogram,adaptive,combined,357,1,0,0.9264,169.39,9.39,5.142,16.723,1.137,8.203,1.451
histogram,adaptive,combined,358,1,0,0.9292,170.39,10.39,5.11,16.709,1.149,8.306,1.396
histogram,adaptive,combined,359,1,0,0.9292,170.39,10.39,5.166,16.601,1.186,8.241,1.257
histogram,adaptive,combined,360,1,0,0.9292,203.89,43.89,5.203,16.803,1.14,8.269,1.368
