frame,t_rel,algorithm,controller,armed,detected,inferred,confidence,lane_center,left_x,right_x,error_px,smoothed_error_px,steer,command,p_term,i_term,d_term,left_duty,right_duty,latency_ms,loop_ms,fps,t_grayscale,t_blur,t_threshold,t_canny,t_roi,t_detect,t_control,t_render
1,1.1758,canny_hough,pid,0,1,1,0.45,319.0,,459.5291,159.0,47.7,1.0,STOP,3.975,0.0,0.0,0.0,0.0,122.9715,0.0,0.0,1.1706,29.1796,1.1889,5.519,0.0958,71.1358,0.1784,1042.6619
2,1.1902,canny_hough,pid,0,1,1,0.6,319.0,,452.4003,159.0,81.09,1.0,STOP,3.975,0.0,0.0,0.0,0.0,38.2446,1167.002,0.8569,0.4471,1.6898,0.5863,2.9371,0.0671,5.9967,0.1837,0.0
3,1.201,canny_hough,pid,0,0,0,0.0,0.0,,,0.0,56.763,1.0,STOP,3.975,0.0,0.0,0.0,0.0,15.2192,13.6452,73.2857,0.3916,2.0367,0.4179,1.6303,0.0517,4.7486,0.0107,0.0
4,1.2116,canny_hough,pid,0,0,0,0.0,0.0,,,0.0,39.7341,1.0,STOP,3.975,0.0,0.0,0.0,0.0,25.8342,10.795,92.6358,0.3837,1.2087,0.4326,1.9161,0.059,5.0052,0.0142,0.0
5,1.2409,canny_hough,pid,0,0,0,0.0,0.0,,,0.0,27.8139,1.0,STOP,3.975,0.0,0.0,0.0,0.0,39.0023,10.6961,93.4919,1.3247,2.7114,0.4966,1.1555,0.0693,5.6838,0.0133,9.6221
6,1.2536,canny_hough,pid,0,0,0,0.0,0.0,,,0.0,19.4697,1.0,STOP,3.975,0.0,0.0,0.0,0.0,37.2064,29.3488,34.0729,0.4003,1.0626,0.45,3.9628,0.0373,5.1623,0.0084,0.0
7,1.2631,canny_hough,pid,0,0,0,0.0,0.0,,,0.0,13.6288,1.0,STOP,3.975,0.0,0.0,0.0,0.0,46.7313,12.7153,78.6455,0.3959,1.0067,0.4025,1.4999,0.052,4.5494,0.0092,0.0
8,1.2736,canny_hough,pid,0,0,0,0.0,0.0,,,0.0,9.5402,1.0,STOP,3.975,0.0,0.0,0.0,0.0,19.4522,9.3395,107.0723,0.3914,1.5276,0.4268,1.1998,0.0522,5.3925,0.0102,0.0
9,1.2988,canny_hough,pid,0,0,0,0.0,0.0,,,0.0,6.6781,1.0,STOP,3.975,0.0,0.0,0.0,0.0,31.4842,10.6375,94.0068,0.4311,2.3953,0.4743,1.4118,0.0699,5.5075,0.0087,7.8716
10,1.3101,canny_hough,pid,0,0,0,0.0,0.0,,,0.0,4.6747,1.0,STOP,3.975,0.0,0.0,0.0,0.0,28.1868,25.1468,39.7664,0.4088,1.3867,0.475,1.7221,0.067,5.5853,0.0073,0.0
11,1.3213,canny_hough,pid,0,0,0,0.0,0.0,,,0.0,3.2723,1.0,STOP,3.975,0.0,0.0,0.0,0.0,39.3117,11.6068,86.1562,0.4421,1.6236,0.6085,1.4864,0.0508,5.0049,0.0085,0.0
12,1.3304,canny_hough,pid,0,0,0,0.0,0.0,,,0.0,2.2906,1.0,STOP,3.975,0.0,0.0,0.0,0.0,15.0223,10.693,93.5187,0.3949,1.0199,0.4028,1.3199,0.058,4.5034,0.0092,0.0
13,1.3516,canny_hough,pid,0,0,0,0.0,0.0,,,0.0,1.6034,1.0,STOP,3.975,0.0,0.0,0.0,0.0,25.0678,9.1565,109.2125,0.4113,1.4009,0.4793,1.3354,0.0554,4.896,0.0099,8.7355
14,1.361,canny_hough,pid,0,0,0,0.0,0.0,,,0.0,1.1224,1.0,STOP,3.975,0.0,0.0,0.0,0.0,17.515,21.3366,46.8679,0.4469,1.0205,0.3969,1.3278,0.0519,4.5719,0.0081,0.0
15,1.3714,canny_hough,pid,0,0,0,0.0,0.0,,,0.0,0.7857,1.0,STOP,3.975,0.0,0.0,0.0,0.0,27.8651,9.3152,107.3513,0.382,1.0381,0.4486,1.4226,0.0634,5.2783,0.0101,0.0
16,1.3866,canny_hough,pid,0,0,0,0.0,0.0,,,0.0,0.55,1.0,STOP,3.975,0.0,0.0,0.0,0.0,43.0729,11.0164,90.7736,0.5617,2.1595,0.7946,3.7293,0.0462,5.652,0.0094,0.0
17,1.4691,canny_hough,pid,0,1,1,0.45,319.0,,456.2665,159.0,48.085,1.0,STOP,3.975,0.0,0.0,0.0,0.0,42.5046,14.5858,68.56,0.4201,5.3638,0.4384,3.4986,0.0761,26.2662,0.2125,25.7844
18,1.5007,canny_hough,pid,0,0,0,0.0,0.0,,,0.0,33.6595,1.0,STOP,3.975,0.0,0.0,0.0,0.0,54.3178,83.2542,12.0114,0.4274,8.4069,0.4693,12.3327,0.0876,7.5445,0.0083,0.0
19,1.5178,canny_hough,pid,0,0,0,0.0,0.0,,,0.0,23.5616,1.0,STOP,3.975,0.0,0.0,0.0,0.0,28.4732,31.815,31.4317,0.5851,2.6409,0.8143,3.1564,0.0581,7.3316,0.0092,0.0
20,1.5361,canny_hough,pid,0,1,1,0.6,319.0,,448.7144,159.0,64.1931,1.0,STOP,3.975,0.0,0.0,0.0,0.0,28.3873,16.3803,61.0489,0.4149,1.6163,0.4774,2.6124,0.1009,10.7689,0.2228,0.0
21,1.5676,canny_hough,pid,0,1,1,0.6,319.0,,448.7144,159.0,92.6352,1.0,STOP,3.975,0.0,0.0,0.0,0.0,44.5161,20.1406,49.651,0.6556,1.8118,0.6293,2.4641,0.097,6.3668,0.1659,9.629
22,1.5866,canny_hough,pid,0,0,0,0.0,0.0,,,0.0,64.8446,1.0,STOP,3.975,0.0,0.0,0.0,0.0,45.6825,31.5711,31.6745,0.4342,2.3072,0.4351,3.713,0.0513,8.4222,0.0081,0.0
23,1.6011,canny_hough,pid,0,1,1,0.6,319.0,,455.26,159.0,93.0912,1.0,STOP,3.975,0.0,0.0,0.0,0.0,31.7326,16.8878,59.2145,0.3982,4.5985,0.7973,1.8673,0.0521,5.1472,0.1484,0.0
24,1.6108,canny_hough,pid,0,0,0,0.0,0.0,,,0.0,65.1639,1.0,STOP,3.975,0.0,0.0,0.0,0.0,17.1634,14.4255,69.3219,0.387,1.0917,0.4548,1.4577,0.0537,4.7799,0.0086,0.0
25,1.6383,canny_hough,pid,0,0,0,0.0,0.0,,,0.0,45.6147,1.0,STOP,3.975,0.0,0.0,0.0,0.0,27.2654,9.6303,103.8394,0.3881,1.0586,0.4087,1.4682,0.0546,5.2484,0.0098,8.9536
26,1.6487,canny_hough,pid,0,1,1,0.6,319.0,,448.1413,159.0,79.6303,1.0,STOP,3.975,0.0,0.0,0.0,0.0,24.4604,27.6675,36.1435,0.3962,1.0422,0.4637,1.3789,0.0578,5.4274,0.1601,0.0
27,1.6587,canny_hough,pid,0,1,1,0.6,319.0,,448.1413,159.0,103.4412,1.0,STOP,3.975,0.0,0.0,0.0,0.0,34.484,10.4282,95.8938,0.3958,1.049,0.4439,1.1742,0.0584,5.153,0.1477,0.0
28,1.6689,canny_hough,pid,0,1,1,0.6,319.0,,448.1413,159.0,120.1088,1.0,STOP,3.975,0.0,0.0,0.0,0.0,44.6539,10.296,97.1254,0.6257,1.1022,0.4181,1.1625,0.0539,4.8627,0.1491,0.0
29,1.6946,canny_hough,pid,0,1,1,0.6,319.0,,453.4577,159.0,131.7762,1.0,STOP,3.975,0.0,0.0,0.0,0.0,18.482,9.8249,101.7824,0.3807,1.0214,0.4081,1.5416,0.0551,5.4449,0.1555,9.2569
30,1.7058,canny_hough,pid,0,0,0,0.0,0.0,,,0.0,92.2433,1.0,STOP,3.975,0.0,0.0,0.0,0.0,19.5293,25.7521,38.8318,0.3918,2.048,0.4774,1.4133,0.0603,5.2132,0.008,0.0
31,1.7166,canny_hough,pid,0,0,0,0.0,0.0,,,0.0,64.5703,1.0,STOP,3.975,0.0,0.0,0.0,0.0,30.3496,11.0668,90.3601,0.3928,1.1201,0.4601,2.1446,0.0619,5.2224,0.0089,0.0
32,1.7288,canny_hough,pid,0,0,0,0.0,0.0,,,0.0,45.1992,1.0,STOP,3.975,0.0,0.0,0.0,0.0,42.5471,11.3327,88.2405,0.6227,1.1682,0.6248,2.6821,0.0436,4.9059,0.0092,0.0
33,1.7722,canny_hough,pid,0,1,1,0.45,319.0,,451.7143,159.0,79.3395,1.0,STOP,3.975,0.0,0.0,0.0,0.0,23.3811,11.7508,85.1004,0.4032,1.0121,0.4041,1.4827,0.0546,12.9214,0.1931,19.2218
34,1.7942,canny_hough,pid,0,0,0,0.0,0.0,,,0.0,55.5376,1.0,STOP,3.975,0.0,0.0,0.0,0.0,34.7501,45.7811,21.8431,0.503,1.339,0.8302,2.4473,0.0783,12.8011,0.0075,0.0
35,1.8103,canny_hough,pid,0,0,0,0.0,0.0,,,0.0,38.8763,1.0,STOP,3.975,0.0,0.0,0.0,0.0,50.8463,20.7144,48.2756,0.4896,2.4005,0.4659,1.5064,0.0536,8.619,0.0086,0.0
36,1.8311,canny_hough,pid,0,0,0,0.0,0.0,,,0.0,27.2134,1.0,STOP,3.975,0.0,0.0,0.0,0.0,35.3509,15.1251,66.1153,0.4146,3.2761,0.9748,5.1406,0.0458,9.348,0.0088,0.0
37,1.8585,canny_hough,pid,0,0,0,0.0,0.0,,,0.0,19.0494,1.0,STOP,3.975,0.0,0.0,0.0,0.0,18.7985,20.8601,47.9384,0.401,1.0593,0.4342,1.7071,0.0534,5.7848,0.0118,10.2447
38,1.8691,canny_hough,pid,0,0,0,0.0,0.0,,,0.0,13.3346,1.0,STOP,3.975,0.0,0.0,0.0,0.0,22.0063,27.3309,36.5886,0.407,1.1345,0.4283,1.162,0.0805,5.5261,0.0079,0.0
39,1.8824,canny_hough,pid,0,0,0,0.0,0.0,,,0.0,9.3342,1.0,STOP,3.975,0.0,0.0,0.0,0.0,35.4271,10.7949,92.6366,0.5285,1.1043,0.4942,2.4288,0.0465,6.8901,0.0087,0.0
40,1.8931,canny_hough,pid,0,0,0,0.0,0.0,,,0.0,6.5339,1.0,STOP,3.975,0.0,0.0,0.0,0.0,46.0913,14.0255,71.2986,0.4755,1.1297,0.396,1.1176,0.052,4.9397,0.0095,0.0
41,1.9196,canny_hough,pid,0,1,1,0.6,319.0,,446.9585,159.0,52.2738,1.0,STOP,3.975,0.0,0.0,0.0,0.0,20.6289,9.8333,101.6956,0.4605,1.0141,0.3924,2.0703,0.0501,5.6719,0.1728,10.0213
42,1.9299,canny_hough,pid,0,1,1,0.6,319.0,,453.0642,159.0,84.2916,1.0,STOP,3.975,0.0,0.0,0.0,0.0,19.0865,26.3458,37.9568,0.4594,1.0211,0.3888,1.4208,0.0656,5.2726,0.1693,0.0
43,1.942,canny_hough,pid,0,1,1,0.6,319.0,,453.0642,159.0,106.7041,1.0,STOP,3.975,0.0,0.0,0.0,0.0,31.1861,10.2821,97.2567,0.3943,1.0588,0.4257,1.4112,0.0767,7.1171,0.15,0.0
44,1.9511,canny_hough,pid,0,0,0,0.0,0.0,,,0.0,74.6929,1.0,STOP,3.975,0.0,0.0,0.0,0.0,13.461,12.0749,82.8165,0.3886,1.0359,0.4238,1.1098,0.0566,4.6523,0.0083,0.0
45,1.9748,canny_hough,pid,0,0,0,0.0,0.0,,,0.0,52.285,1.0,STOP,3.975,0.0,0.0,0.0,0.0,22.7072,9.106,109.8171,0.3905,1.084,0.4081,1.1438,0.0519,4.7146,0.0098,10.7017
46,1.9842,canny_hough,pid,0,0,0,0.0,0.0,,,0.0,36.5995,1.0,STOP,3.975,0.0,0.0,0.0,0.0,14.6021,23.8822,41.8722,0.4107,1.0904,0.4138,1.0365,0.0543,4.7637,0.0073,0.0
47,1.9938,canny_hough,pid,0,0,0,0.0,0.0,,,0.0,25.6197,1.0,STOP,3.975,0.0,0.0,0.0,0.0,24.2165,9.2332,108.305,0.3942,1.0125,0.4001,1.1216,0.0502,5.1717,0.0093,0.0
48,2.0045,canny_hough,pid,0,0,0,0.0,0.0,,,0.0,17.9338,1.0,STOP,3.975,0.0,0.0,0.0,0.0,34.8566,9.6523,103.6018,0.3928,1.3228,0.517,1.8613,0.0517,4.9787,0.0083,0.0
49,2.0245,canny_hough,pid,0,1,1,0.6,319.0,,450.2557,159.0,60.2536,1.0,STOP,3.975,0.0,0.0,0.0,0.0,12.7554,10.8391,92.2583,0.3794,1.0292,0.4286,1.0472,0.0534,4.9906,0.159,7.7253
50,2.0347,canny_hough,pid,0,1,1,0.6,319.0,,450.2557,159.0,89.8775,1.0,STOP,3.975,0.0,0.0,0.0,0.0,33.295,19.9131,50.2182,0.3949,1.0469,0.4431,1.3432,0.0514,5.1974,0.1502,0.0
51,2.0448,canny_hough,pid,0,1,1,0.6,319.0,,450.2557,159.0,110.6143,1.0,STOP,3.975,0.0,0.0,0.0,0.0,43.396,10.6981,93.4741,0.3948,1.082,0.4337,1.0885,0.0669,4.8547,0.1577,0.0
52,2.0544,canny_hough,pid,0,0,0,0.0,0.0,,,0.0,77.43,1.0,STOP,3.975,0.0,0.0,0.0,0.0,18.5871,9.5161,105.0852,0.3964,1.0224,0.4027,1.154,0.0596,5.0353,0.0083,0.0
53,2.0777,canny_hough,pid,0,0,0,0.0,0.0,,,0.0,54.201,1.0,STOP,3.975,0.0,0.0,0.0,0.0,28.128,9.5335,104.8929,0.3801,1.0405,0.5367,1.2675,0.0521,4.8185,0.009,8.659
54,2.0883,canny_hough,pid,0,1,1,0.45,319.0,,457.5008,159.0,85.6407,1.0,STOP,3.975,0.0,0.0,0.0,0.0,12.4443,23.3974,42.7398,0.403,1.0905,0.4108,1.8218,0.0574,5.1471,0.1525,0.0
55,2.0997,canny_hough,pid,0,1,1,0.45,319.0,,457.5008,159.0,107.6485,1.0,STOP,3.975,0.0,0.0,0.0,0.0,23.8375,10.6717,93.7059,0.4259,1.077,0.4286,1.2677,0.0532,6.3794,0.1495,0.0
56,2.1106,canny_hough,pid,0,0,0,0.0,0.0,,,0.0,75.3539,1.0,STOP,3.975,0.0,0.0,0.0,0.0,14.0645,11.1595,89.6098,0.3931,2.4322,0.4084,1.6878,0.0498,4.5858,0.0084,0.0
57,2.1372,canny_hough,pid,0,0,0,0.0,0.0,,,0.0,52.7478,1.0,STOP,3.975,0.0,0.0,0.0,0.0,25.025,10.8873,91.8501,0.3896,1.1184,0.4527,1.3615,0.061,6.0868,0.0104,10.1188
58,2.1501,canny_hough,pid,0,0,0,0.0,0.0,,,0.0,36.9234,1.0,STOP,3.975,0.0,0.0,0.0,0.0,21.954,26.9859,37.0564,0.4158,1.0333,0.4143,3.5721,0.0631,5.5093,0.0083,0.0
59,2.1615,canny_hough,pid,0,0,0,0.0,0.0,,,0.0,25.8464,1.0,STOP,3.975,0.0,0.0,0.0,0.0,33.3993,12.8708,77.6955,0.4096,1.2009,0.6003,2.0717,0.0527,5.3563,0.0089,0.0
60,2.1739,canny_hough,pid,0,0,0,0.0,0.0,,,0.0,18.0925,1.0,STOP,3.975,0.0,0.0,0.0,0.0,45.7888,11.9465,83.7065,0.8638,1.4091,0.439,2.0667,0.0531,5.2738,0.0237,0.0
61,2.1979,canny_hough,pid,0,1,1,0.6,319.0,,456.3616,159.0,60.3647,1.0,STOP,3.975,0.0,0.0,0.0,0.0,20.5874,11.5958,86.2382,0.3922,1.1046,0.4856,1.7367,0.0608,5.6208,0.1699,9.3754
62,2.2081,canny_hough,pid,0,1,1,0.6,319.0,,452.628,159.0,89.9553,1.0,STOP,3.975,0.0,0.0,0.0,0.0,15.6119,24.1484,41.4107,0.4038,1.0908,0.4081,1.6972,0.0511,4.8719,0.1476,0.0
63,2.2188,canny_hough,pid,0,1,1,0.6,319.0,,452.628,159.0,110.6687,1.0,STOP,3.975,0.0,0.0,0.0,0.0,26.2875,10.1099,98.9132,0.3946,1.1049,0.4537,1.7835,0.0555,5.1706,0.1498,0.0
64,2.2296,canny_hough,pid,0,1,1,0.6,319.0,,452.628,159.0,125.1681,1.0,STOP,3.975,0.0,0.0,0.0,0.0,37.0963,11.0551,90.4563,0.6112,1.463,0.5041,1.3154,0.0501,4.9041,0.156,0.0
65,2.2528,canny_hough,pid,0,0,0,0.0,0.0,,,0.0,87.6177,1.0,STOP,3.975,0.0,0.0,0.0,0.0,16.2531,10.4234,95.9379,0.3947,1.0271,0.4125,1.42,0.0533,4.7867,0.0082,8.1991
66,2.2624,canny_hough,pid,0,0,0,0.0,0.0,,,0.0,61.3324,1.0,STOP,3.975,0.0,0.0,0.0,0.0,10.2686,23.2422,43.0252,0.3944,1.0197,0.4035,1.4189,0.0536,4.8013,0.0075,0.0
67,2.272,canny_hough,pid,0,0,0,0.0,0.0,,,0.0,42.9327,1.0,STOP,3.975,0.0,0.0,0.0,0.0,19.8038,9.5159,105.0869,0.3926,1.0223,0.4489,1.468,0.0542,4.7102,0.0085,0.0
68,2.2826,canny_hough,pid,0,0,0,0.0,0.0,,,0.0,30.0529,1.0,STOP,3.975,0.0,0.0,0.0,0.0,30.4507,9.5397,104.8247,0.4424,1.0639,0.4337,1.4913,0.0517,5.6787,0.0095,0.0
69,2.3063,canny_hough,pid,0,0,0,0.0,0.0,,,0.0,21.037,1.0,STOP,3.975,0.0,0.0,0.0,0.0,41.5251,11.0415,90.5676,0.4406,1.0941,0.4008,1.2714,0.0516,5.9697,0.0089,8.5819
70,2.3173,canny_hough,pid,0,0,0,0.0,0.0,,,0.0,14.7259,1.0,STOP,3.975,0.0,0.0,0.0,0.0,22.9571,23.6013,42.3705,0.4076,1.2355,0.448,1.4769,0.0829,5.3669,0.0076,0.0
71,2.3308,canny_hough,pid,0,0,0,0.0,0.0,,,0.0,10.3081,1.0,STOP,3.975,0.0,0.0,0.0,0.0,36.4608,11.4748,87.1475,0.932,2.0242,0.4556,2.3583,0.058,5.2663,0.0086,0.0
72,2.3417,canny_hough,pid,0,1,1,0.6,319.0,,454.5075,159.0,54.9157,1.0,STOP,3.975,0.0,0.0,0.0,0.0,16.2496,12.6978,78.7535,0.4169,1.1679,0.4496,1.5494,0.0586,5.6529,0.1613,0.0
73,2.3668,canny_hough,pid,0,1,1,0.6,319.0,,454.5075,159.0,86.141,1.0,STOP,3.975,0.0,0.0,0.0,0.0,28.7069,11.2479,88.9057,0.4673,1.9518,0.7931,1.7439,0.0558,5.5513,0.158,7.8268
74,2.3783,canny_hough,pid,0,1,1,0.45,319.0,,457.0722,159.0,107.9987,1.0,STOP,3.975,0.0,0.0,0.0,0.0,28.2006,24.995,40.008,0.4547,1.6553,0.4422,1.8093,0.066,5.3191,0.1479,0.0
75,2.3883,canny_hough,pid,0,1,1,0.45,319.0,,457.0722,159.0,123.2991,1.0,STOP,3.975,0.0,0.0,0.0,0.0,38.208,11.7324,85.2341,0.5499,1.2204,0.4194,1.1135,0.0518,4.7285,0.1596,0.0
76,2.3981,canny_hough,pid,0,0,0,0.0,0.0,,,0.0,86.3094,1.0,STOP,3.975,0.0,0.0,0.0,0.0,16.8354,9.6421,103.7121,0.3962,1.0118,0.4038,1.3553,0.0631,5.0361,0.0091,0.0
77,2.4223,canny_hough,pid,0,0,0,0.0,0.0,,,0.0,60.4166,1.0,STOP,3.975,0.0,0.0,0.0,0.0,27.1864,9.8396,101.6304,0.4217,1.0722,0.4879,1.4356,0.0581,5.306,0.0088,8.9493
78,2.4324,canny_hough,pid,0,0,0,0.0,0.0,,,0.0,42.2916,1.0,STOP,3.975,0.0,0.0,0.0,0.0,20.8238,24.1484,41.4107,0.3925,1.0167,0.453,1.3488,0.0688,5.2442,0.0088,0.0
79,2.4426,canny_hough,pid,0,0,0,0.0,0.0,,,0.0,29.6041,1.0,STOP,3.975,0.0,0.0,0.0,0.0,31.0519,10.1184,98.8302,0.4076,1.0297,0.4113,1.4402,0.0675,5.2762,0.0082,0.0
80,2.4532,canny_hough,pid,0,0,0,0.0,0.0,,,0.0,20.7229,1.0,STOP,3.975,0.0,0.0,0.0,0.0,41.6079,10.8152,92.4627,0.4091,1.061,0.4073,1.73,0.0525,4.7254,0.0089,0.0
81,2.4786,canny_hough,pid,0,0,0,0.0,0.0,,,0.0,14.506,1.0,STOP,3.975,0.0,0.0,0.0,0.0,18.7885,9.8616,101.4034,0.3856,1.0182,0.3966,1.4059,0.061,4.6554,0.0116,10.9218
82,2.4893,canny_hough,pid,0,0,0,0.0,0.0,,,0.0,10.1542,1.0,STOP,3.975,0.0,0.0,0.0,0.0,17.8805,25.7261,38.871,0.4153,1.1385,0.4418,1.4142,0.0552,5.3501,0.0078,0.0
83,2.5006,canny_hough,pid,0,0,0,0.0,0.0,,,0.0,7.1079,1.0,STOP,3.975,0.0,0.0,0.0,0.0,29.1579,10.4641,95.5649,0.4139,1.0471,0.4266,2.5335,0.061,5.2037,0.0088,0.0
84,2.5134,canny_hough,pid,0,0,0,0.0,0.0,,,0.0,4.9756,1.0,STOP,3.975,0.0,0.0,0.0,0.0,41.9766,11.895,84.069,0.4276,1.1871,0.4489,2.9041,0.0522,5.4652,0.0093,0.0
85,2.5461,canny_hough,pid,0,0,0,0.0,0.0,,,0.0,3.4829,1.0,STOP,3.975,0.0,0.0,0.0,0.0,56.0778,12.9268,77.3584,0.6418,3.9938,0.5741,1.4682,0.0502,5.118,0.009,12.3986
86,2.5595,canny_hough,pid,0,0,0,0.0,0.0,,,0.0,2.438,1.0,STOP,3.975,0.0,0.0,0.0,0.0,20.2841,32.1806,31.0746,0.4769,2.8716,0.4694,1.5781,0.0606,5.7709,0.0096,0.0
87,2.5705,canny_hough,pid,0,0,0,0.0,0.0,,,0.0,1.7066,1.0,STOP,3.975,0.0,0.0,0.0,0.0,31.3052,13.2919,75.2335,0.5101,1.2793,0.443,1.7042,0.0552,5.3235,0.0095,0.0
88,2.5821,canny_hough,pid,0,0,0,0.0,0.0,,,0.0,1.1946,1.0,STOP,3.975,0.0,0.0,0.0,0.0,42.9486,11.8946,84.0719,0.4659,1.4423,0.4544,1.2931,0.0548,5.3627,0.0095,0.0
89,2.6069,canny_hough,pid,0,0,0,0.0,0.0,,,0.0,0.8362,1.0,STOP,3.975,0.0,0.0,0.0,0.0,18.6815,10.8065,92.5371,0.4151,1.0941,0.6377,1.3198,0.0657,5.4783,0.0108,9.0362
90,2.6171,canny_hough,pid,0,0,0,0.0,0.0,,,0.0,0.5854,1.0,STOP,3.975,0.0,0.0,0.0,0.0,19.6523,24.5713,40.6979,0.4011,1.1029,0.4819,1.2179,0.0581,5.3254,0.009,0.0
91,2.6269,canny_hough,pid,0,0,0,0.0,0.0,,,0.0,0.4098,1.0,STOP,3.975,0.0,0.0,0.0,0.0,29.4189,10.1694,98.3341,0.4171,1.0838,0.4549,1.4469,0.0511,4.9268,0.0088,0.0
92,2.6392,canny_hough,pid,0,0,0,0.0,0.0,,,0.0,0.2868,1.0,STOP,3.975,0.0,0.0,0.0,0.0,41.7302,10.0417,99.5847,0.6022,1.2288,0.4386,1.8027,0.071,6.3688,0.0149,0.0
93,2.6644,canny_hough,pid,0,0,0,0.0,0.0,,,0.0,0.2008,1.0,STOP,3.975,0.0,0.0,0.0,0.0,52.8064,12.502,79.9871,0.5195,1.0828,0.4113,1.3693,0.1045,5.5789,0.0091,9.2266
94,2.6749,canny_hough,pid,0,0,0,0.0,0.0,,,0.0,0.1405,1.0,STOP,3.975,0.0,0.0,0.0,0.0,35.0497,25.2856,39.5482,0.4446,1.0456,0.4315,1.3721,0.052,5.1606,0.0077,0.0
95,2.6864,canny_hough,pid,0,0,0,0.0,0.0,,,0.0,0.0984,1.0,STOP,3.975,0.0,0.0,0.0,0.0,21.1786,9.8788,101.227,0.3885,1.9134,0.4172,1.975,0.0517,5.3743,0.0114,0.0
96,2.697,canny_hough,pid,0,0,0,0.0,0.0,,,0.0,0.0689,1.0,STOP,3.975,0.0,0.0,0.0,0.0,31.7741,11.8606,84.3126,0.4326,1.273,0.4804,1.6587,0.0766,4.9288,0.0082,0.0
97,2.7224,canny_hough,pid,0,0,0,0.0,0.0,,,0.0,0.0482,1.0,STOP,3.975,0.0,0.0,0.0,0.0,42.7148,11.7985,84.7562,0.4355,1.007,0.4815,1.151,0.0491,4.9057,0.0093,8.3847
98,2.7365,canny_hough,pid,0,0,0,0.0,0.0,,,0.0,0.0337,1.0,STOP,3.975,0.0,0.0,0.0,0.0,36.9062,24.2971,41.1572,0.7452,1.5536,0.7059,4.4753,0.0417,4.783,0.0079,0.0
99,2.748,canny_hough,pid,0,0,0,0.0,0.0,,,0.0,0.0236,1.0,STOP,3.975,0.0,0.0,0.0,0.0,17.0063,14.1259,70.7918,0.4341,1.0601,0.4086,2.5325,0.0565,5.1607,0.0105,0.0
100,2.7615,canny_hough,pid,0,0,0,0.0,0.0,,,0.0,0.0165,1.0,STOP,3.975,0.0,0.0,0.0,0.0,30.5455,11.3419,88.1684,0.4122,2.0683,0.449,3.7985,0.0671,4.9898,0.0089,0.0
101,2.7876,canny_hough,pid,0,1,1,0.45,319.0,,455.1376,159.0,47.7116,1.0,STOP,3.975,0.0,0.0,0.0,0.0,15.1318,13.2902,75.2436,0.3912,1.2781,0.4374,2.3059,0.0557,4.8687,0.1509,8.9251
102,2.8017,canny_hough,pid,0,1,1,0.45,319.0,,455.1376,159.0,81.0981,1.0,STOP,3.975,0.0,0.0,0.0,0.0,44.3819,26.2497,38.0956,0.9219,3.2818,0.7014,2.0842,0.0691,5.2033,0.1565,0.0
103,2.8121,canny_hough,pid,0,0,0,0.0,0.0,,,0.0,56.7687,1.0,STOP,3.975,0.0,0.0,0.0,0.0,22.7168,14.0454,71.1979,0.3953,1.0223,0.4373,1.6156,0.0551,5.2698,0.011,0.0
104,2.8238,canny_hough,pid,0,0,0,0.0,0.0,,,0.0,39.7381,1.0,STOP,3.975,0.0,0.0,0.0,0.0,34.4605,10.7101,93.3696,0.4377,1.0941,0.512,1.3924,0.133,6.2652,0.0083,0.0
105,2.85,canny_hough,pid,0,0,0,0.0,0.0,,,0.0,27.8166,1.0,STOP,3.975,0.0,0.0,0.0,0.0,48.1998,13.0669,76.529,1.2785,1.0691,0.5362,1.5992,0.0535,5.9403,0.0086,8.4418
106,2.8606,canny_hough,pid,0,0,0,0.0,0.0,,,0.0,19.4717,1.0,STOP,3.975,0.0,0.0,0.0,0.0,33.058,24.6512,40.5659,0.4108,1.1929,0.4731,1.5883,0.053,5.1824,0.0074,0.0
107,2.8702,canny_hough,pid,0,1,1,0.45,319.0,,455.6083,159.0,61.3302,1.0,STOP,3.975,0.0,0.0,0.0,0.0,15.656,10.5174,95.0803,0.4057,0.6973,0.4156,1.0816,0.0656,5.1818,0.1665,0.0
108,2.88,canny_hough,pid,0,1,1,0.45,319.0,,455.6083,159.0,90.6311,1.0,STOP,3.975,0.0,0.0,0.0,0.0,25.4526,9.8319,101.7096,0.4484,0.7035,0.4469,0.95,0.0611,5.1827,0.1721,0.0
109,2.9044,canny_hough,pid,0,1,1,0.45,319.0,,455.6083,159.0,111.1418,1.0,STOP,3.975,0.0,0.0,0.0,0.0,36.5233,10.3268,96.8354,0.7712,1.2107,0.427,1.1673,0.0521,4.9624,0.1518,7.8389
110,2.9155,canny_hough,pid,0,0,0,0.0,0.0,,,0.0,77.7992,1.0,STOP,3.975,0.0,0.0,0.0,0.0,31.5038,23.6981,42.1974,0.4033,1.428,0.4828,1.5404,0.0606,5.0915,0.0086,0.0
111,2.9259,canny_hough,pid,0,0,0,0.0,0.0,,,0.0,54.4595,1.0,STOP,3.975,0.0,0.0,0.0,0.0,41.8795,11.1396,89.7699,0.5383,1.072,0.4173,1.4898,0.053,5.1447,0.0087,0.0
112,2.936,canny_hough,pid,0,0,0,0.0,0.0,,,0.0,38.1216,1.0,STOP,3.975,0.0,0.0,0.0,0.0,19.8608,10.1174,98.8393,0.3926,1.0771,0.3971,1.4281,0.0543,5.3126,0.0088,0.0
113,2.961,canny_hough,pid,0,0,0,0.0,0.0,,,0.0,26.6851,1.0,STOP,3.975,0.0,0.0,0.0,0.0,31.2689,10.145,98.5709,0.4849,1.5177,0.4688,1.4605,0.1798,5.7264,0.009,8.3577
114,2.9729,canny_hough,pid,0,1,1,0.6,319.0,,449.4643,159.0,66.3796,1.0,STOP,3.975,0.0,0.0,0.0,0.0,27.9471,25.2072,39.6712,0.4287,1.025,0.4128,2.629,0.059,5.4731,0.1619,0.0
115,2.9856,canny_hough,pid,0,1,1,0.6,319.0,,449.4643,159.0,94.1657,1.0,STOP,3.975,0.0,0.0,0.0,0.0,40.7042,11.8635,84.2923,0.7745,1.5782,0.4832,2.6924,0.0462,5.388,0.1582,0.0
116,2.9954,canny_hough,pid,0,0,0,0.0,0.0,,,0.0,65.916,1.0,STOP,3.975,0.0,0.0,0.0,0.0,18.2719,12.6072,79.32,0.3939,1.0198,0.4538,1.8406,0.0544,4.5015,0.0082,0.0
117,3.019,canny_hough,pid,0,0,0,0.0,0.0,,,0.0,46.1412,1.0,STOP,3.975,0.0,0.0,0.0,0.0,28.6257,9.9514,100.4879,0.5319,1.301,0.4317,1.381,0.0537,4.901,0.0094,9.122
118,3.0292,canny_hough,pid,0,0,0,0.0,0.0,,,0.0,32.2988,1.0,STOP,3.975,0.0,0.0,0.0,0.0,19.465,23.4395,42.6631,0.4033,1.1325,0.4461,1.4725,0.0721,4.9956,0.008,0.0
119,3.042,canny_hough,pid,0,0,0,0.0,0.0,,,0.0,22.6092,1.0,STOP,3.975,0.0,0.0,0.0,0.0,32.2777,10.2606,97.4601,0.4108,1.0271,0.4233,4.7645,0.0804,4.4366,0.0163,0.0
120,3.0513,canny_hough,pid,0,0,0,0.0,0.0,,,0.0,15.8264,1.0,STOP,3.975,0.0,0.0,0.0,0.0,13.4343,12.5358,79.7714,0.4047,1.0248,0.3997,1.3096,0.0505,4.8221,0.0089,0.0
121,3.0756,canny_hough,pid,0,0,0,0.0,0.0,,,0.0,11.0785,1.0,STOP,3.975,0.0,0.0,0.0,0.0,22.4281,9.3394,107.0729,0.3879,0.7145,0.4189,1.1126,0.0534,4.9417,0.0099,9.974
122,3.0852,canny_hough,pid,0,0,0,0.0,0.0,,,0.0,7.755,1.0,STOP,3.975,0.0,0.0,0.0,0.0,16.0868,24.4157,40.9573,0.3979,1.0292,0.4009,1.4194,0.0604,4.6854,0.0074,0.0
123,3.0956,canny_hough,pid,0,0,0,0.0,0.0,,,0.0,5.4285,1.0,STOP,3.975,0.0,0.0,0.0,0.0,26.4865,9.5249,104.9881,0.3872,1.0475,0.406,2.1919,0.0681,4.8175,0.0091,0.0
124,3.1078,canny_hough,pid,0,0,0,0.0,0.0,,,0.0,3.7999,1.0,STOP,3.975,0.0,0.0,0.0,0.0,38.6751,10.5827,94.4935,1.0323,1.1607,0.446,1.9681,0.0658,5.2908,0.0104,0.0
125,3.1339,canny_hough,pid,0,0,0,0.0,0.0,,,0.0,2.6599,1.0,STOP,3.975,0.0,0.0,0.0,0.0,50.352,12.7579,78.3825,0.5724,1.7128,0.5204,1.7415,0.0577,4.8327,0.0082,9.0076
126,3.1447,canny_hough,pid,0,0,0,0.0,0.0,,,0.0,1.862,1.0,STOP,3.975,0.0,0.0,0.0,0.0,32.0279,25.6346,39.0097,0.4265,1.0571,0.5444,1.1979,0.0641,5.7269,0.007,0.0
127,3.1563,canny_hough,pid,0,0,0,0.0,0.0,,,0.0,1.3034,1.0,STOP,3.975,0.0,0.0,0.0,0.0,43.6097,11.3522,88.0883,0.4081,0.725,0.3931,1.135,0.0504,6.5988,0.0097,0.0
128,3.167,canny_hough,pid,0,1,1,0.45,319.0,,457.9676,159.0,48.6124,1.0,STOP,3.975,0.0,0.0,0.0,0.0,21.0085,10.9119,91.6431,0.398,1.1156,0.4864,1.3196,0.0639,5.6137,0.1664,0.0
129,3.1909,canny_hough,pid,0,1,1,0.45,319.0,,457.9676,159.0,81.7287,1.0,STOP,3.975,0.0,0.0,0.0,0.0,30.7201,10.6883,93.5607,0.4013,1.0766,0.4063,0.9576,0.049,5.159,0.1592,9.8452
130,3.2025,canny_hough,pid,0,1,1,0.45,319.0,,454.9751,159.0,104.9101,1.0,STOP,3.975,0.0,0.0,0.0,0.0,34.971,24.2515,41.2345,0.4349,1.2361,0.4516,1.3793,0.0668,5.9651,0.1521,0.0
131,3.2134,canny_hough,pid,0,1,1,0.45,319.0,,454.9751,159.0,121.137,1.0,STOP,3.975,0.0,0.0,0.0,0.0,45.8417,11.9945,83.3717,0.635,1.1074,0.4057,1.1311,0.0502,5.0974,0.2205,0.0
132,3.2233,canny_hough,pid,0,0,0,0.0,0.0,,,0.0,84.7959,1.0,STOP,3.975,0.0,0.0,0.0,0.0,17.6069,10.1478,98.5431,0.3984,1.0508,0.4335,1.4882,0.057,4.9595,0.0089,0.0
133,3.2486,canny_hough,pid,0,0,0,0.0,0.0,,,0.0,59.3571,1.0,STOP,3.975,0.0,0.0,0.0,0.0,28.8485,10.2944,97.1406,0.5707,1.0998,0.5392,2.3083,0.0465,4.8153,0.0086,7.9772
134,3.2591,canny_hough,pid,0,0,0,0.0,0.0,,,0.0,41.55,1.0,STOP,3.975,0.0,0.0,0.0,0.0,30.8579,25.1685,39.7323,0.4111,0.755,0.4311,1.3991,0.1469,5.4532,0.0086,0.0
135,3.2704,canny_hough,pid,0,0,0,0.0,0.0,,,0.0,29.085,1.0,STOP,3.975,0.0,0.0,0.0,0.0,42.1125,10.8714,91.9843,0.4847,1.0552,0.4633,1.3964,0.0873,5.5169,0.0093,0.0
136,3.2815,canny_hough,pid,0,0,0,0.0,0.0,,,0.0,20.3595,1.0,STOP,3.975,0.0,0.0,0.0,0.0,53.2202,11.0513,90.4874,0.4439,1.1064,0.5335,1.3906,0.0598,5.5012,0.0109,0.0
137,3.3065,canny_hough,pid,0,0,0,0.0,0.0,,,0.0,14.2517,1.0,STOP,3.975,0.0,0.0,0.0,0.0,22.3184,10.7793,92.77,0.4091,1.7538,0.5834,1.4057,0.0627,5.9175,0.0136,7.7413
138,3.3171,canny_hough,pid,0,0,0,0.0,0.0,,,0.0,9.9762,1.0,STOP,3.975,0.0,0.0,0.0,0.0,25.9336,24.8697,40.2096,0.3986,1.0235,0.4647,1.1411,0.0642,5.7456,0.0097,0.0
139,3.3285,canny_hough,pid,0,0,0,0.0,0.0,,,0.0,6.9833,1.0,STOP,3.975,0.0,0.0,0.0,0.0,37.4805,11.9523,83.666,0.8029,1.2264,0.4137,1.0077,0.0486,5.1139,0.009,0.0
140,3.3389,canny_hough,pid,0,1,1,0.45,319.0,,452.4371,159.0,52.5883,1.0,STOP,3.975,0.0,0.0,0.0,0.0,17.8072,10.2102,97.9409,0.4024,1.0447,0.4309,1.5655,0.0599,5.184,0.1688,0.0
141,3.3672,canny_hough,pid,0,1,1,0.45,319.0,,452.4371,159.0,84.5118,1.0,STOP,3.975,0.0,0.0,0.0,0.0,30.9743,10.4127,96.0362,0.42,3.8932,0.4903,1.2023,0.0561,5.3903,0.1547,11.272
142,3.378,canny_hough,pid,0,1,1,0.6,319.0,,441.4875,159.0,106.8583,1.0,STOP,3.975,0.0,0.0,0.0,0.0,16.8425,28.0559,35.6431,0.385,1.0729,0.41,1.7956,0.0548,5.585,0.1658,0.0
143,3.3892,canny_hough,pid,0,1,1,0.6,319.0,,441.4875,159.0,122.5008,1.0,STOP,3.975,0.0,0.0,0.0,0.0,28.0737,11.036,90.6129,0.9214,1.2192,0.4269,2.0174,0.0382,4.905,0.1933,0.0
144,3.3992,canny_hough,pid,0,1,1,0.6,319.0,,448.562,159.0,133.4506,1.0,STOP,3.975,0.0,0.0,0.0,0.0,15.7009,10.9517,91.3102,0.3842,1.0392,0.4625,1.2055,0.0572,5.317,0.1545,0.0
145,3.4257,canny_hough,pid,0,1,1,0.6,319.0,,448.562,159.0,141.1154,1.0,STOP,3.975,0.0,0.0,0.0,0.0,26.4256,10.1189,98.8251,0.437,1.1003,0.4341,1.3291,0.0585,5.7068,0.166,9.7977
146,3.4381,canny_hough,pid,0,0,0,0.0,0.0,,,0.0,98.7808,1.0,STOP,3.975,0.0,0.0,0.0,0.0,22.1817,26.612,37.5771,0.4207,2.7393,0.4324,1.5644,0.0659,5.3258,0.0385,0.0
147,3.4511,canny_hough,pid,0,0,0,0.0,0.0,,,0.0,69.1465,1.0,STOP,3.975,0.0,0.0,0.0,0.0,35.2222,12.3412,81.0292,0.3852,2.266,0.4648,2.4724,0.0474,5.864,0.0084,0.0
148,3.4623,canny_hough,pid,0,0,0,0.0,0.0,,,0.0,48.4026,1.0,STOP,3.975,0.0,0.0,0.0,0.0,46.4256,13.3176,75.0885,0.4081,1.3065,0.4202,1.5584,0.0529,5.5355,0.0119,0.0
149,3.4906,canny_hough,pid,0,0,0,0.0,0.0,,,0.0,33.8818,1.0,STOP,3.975,0.0,0.0,0.0,0.0,16.897,10.9624,91.2208,0.4156,4.2313,0.431,1.6959,0.0567,5.2785,0.0125,8.9712
150,3.5047,canny_hough,pid,0,1,1,0.6,319.0,,456.7272,159.0,71.4173,1.0,STOP,3.975,0.0,0.0,0.0,0.0,22.983,28.377,35.2398,0.4157,3.6433,0.5142,2.221,0.1005,5.219,0.1688,0.0
151,3.5174,canny_hough,pid,0,1,1,0.6,319.0,,456.7272,159.0,97.6921,1.0,STOP,3.975,0.0,0.0,0.0,0.0,35.7123,13.9889,71.4852,0.4073,3.6834,0.441,1.3676,0.0752,4.9556,0.1703,0.0
152,3.526,canny_hough,pid,0,0,0,0.0,0.0,,,0.0,68.3845,1.0,STOP,3.975,0.0,0.0,0.0,0.0,16.2738,12.5962,79.3892,0.3859,0.7625,0.4058,0.8459,0.0519,4.5827,0.0104,0.0
153,3.5536,canny_hough,pid,0,0,0,0.0,0.0,,,0.0,47.8691,1.0,STOP,3.975,0.0,0.0,0.0,0.0,25.5594,8.4424,118.4495,0.3853,0.675,0.3972,1.0734,0.0771,5.187,0.0104,14.461
154,3.5638,canny_hough,pid,0,0,0,0.0,0.0,,,0.0,33.5084,1.0,STOP,3.975,0.0,0.0,0.0,0.0,22.954,27.8382,35.9219,0.3929,1.0558,0.42,1.1436,0.0562,5.5001,0.0087,0.0
155,3.575,canny_hough,pid,0,0,0,0.0,0.0,,,0.0,23.4559,1.0,STOP,3.975,0.0,0.0,0.0,0.0,34.1535,10.1799,98.233,0.4739,1.469,0.4551,1.7753,0.0487,5.3702,0.0078,0.0
156,3.5846,canny_hough,pid,0,0,0,0.0,0.0,,,0.0,16.4191,1.0,STOP,3.975,0.0,0.0,0.0,0.0,43.7436,11.2862,88.6037,0.413,1.052,0.4118,1.1159,0.0534,4.9142,0.0084,0.0
157,3.6096,canny_hough,pid,0,0,0,0.0,0.0,,,0.0,11.4934,1.0,STOP,3.975,0.0,0.0,0.0,0.0,19.1918,9.5045,105.213,0.4368,1.0217,0.4035,1.5909,0.0642,5.001,0.0084,9.3245
158,3.6202,canny_hough,pid,0,1,1,0.6,319.0,,457.6539,159.0,55.7454,1.0,STOP,3.975,0.0,0.0,0.0,0.0,18.9908,25.1272,39.7975,0.4122,1.0384,0.4215,1.7114,0.0548,5.2148,0.1573,0.0
159,3.6336,canny_hough,pid,0,1,1,0.6,319.0,,457.6539,159.0,86.7218,1.0,STOP,3.975,0.0,0.0,0.0,0.0,32.3202,10.7312,93.186,0.4363,1.7935,0.4893,2.279,0.0615,6.2254,0.2267,0.0
160,3.6463,canny_hough,pid,0,1,1,0.6,319.0,,457.6539,159.0,108.4052,1.0,STOP,3.975,0.0,0.0,0.0,0.0,44.9871,13.4702,74.2378,0.417,1.5549,1.0595,1.6059,0.0754,5.8534,0.178,0.0
161,3.6711,canny_hough,pid,0,1,1,0.6,319.0,,457.6539,159.0,123.5837,1.0,STOP,3.975,0.0,0.0,0.0,0.0,55.5232,12.7383,78.5033,0.4171,1.1482,0.4614,1.2456,0.0527,5.1442,0.1559,8.4116
162,3.6818,canny_hough,pid,0,0,0,0.0,0.0,,,0.0,86.5086,1.0,STOP,3.975,0.0,0.0,0.0,0.0,34.8691,24.5673,40.7046,0.3945,1.0662,0.4479,1.8038,0.0513,5.2779,0.008,0.0
163,3.6929,canny_hough,pid,0,0,0,0.0,0.0,,,0.0,60.556,1.0,STOP,3.975,0.0,0.0,0.0,0.0,21.1039,10.7413,93.0984,0.4128,1.0316,0.4201,1.4479,0.0617,5.7651,0.0308,0.0
164,3.7081,canny_hough,pid,0,0,0,0.0,0.0,,,0.0,42.3892,1.0,STOP,3.975,0.0,0.0,0.0,0.0,36.3864,11.1043,90.0553,0.4173,1.9445,0.5133,4.7595,0.0464,5.4502,0.0092,0.0
165,3.7349,canny_hough,pid,0,0,0,0.0,0.0,,,0.0,29.6724,1.0,STOP,3.975,0.0,0.0,0.0,0.0,20.22,19.0532,52.4846,0.5177,1.1942,0.44,1.3599,0.0518,4.9571,0.0097,8.3883
166,3.7448,canny_hough,pid,0,0,0,0.0,0.0,,,0.0,20.7707,1.0,STOP,3.975,0.0,0.0,0.0,0.0,42.7546,23.3721,42.786,0.5935,1.0324,0.3942,1.164,0.0552,4.4919,0.007,0.0
167,3.7553,canny_hough,pid,0,0,0,0.0,0.0,,,0.0,14.5395,1.0,STOP,3.975,0.0,0.0,0.0,0.0,19.3468,9.1239,109.6027,0.3927,1.003,0.3943,1.3807,0.0497,5.7706,0.0095,0.0
168,3.772,canny_hough,pid,0,0,0,0.0,0.0,,,0.0,10.1776,1.0,STOP,3.975,0.0,0.0,0.0,0.0,36.1142,10.5964,94.3714,0.4155,1.1728,0.8203,3.7934,0.0499,9.0296,0.0081,0.0
169,3.8011,canny_hough,pid,0,0,0,0.0,0.0,,,0.0,7.1244,1.0,STOP,3.975,0.0,0.0,0.0,0.0,21.455,16.5976,60.2497,0.4682,1.0288,0.4074,1.2521,0.0791,5.4968,0.0124,10.8693
170,3.8115,canny_hough,pid,0,0,0,0.0,0.0,,,0.0,4.987,1.0,STOP,3.975,0.0,0.0,0.0,0.0,19.4785,29.2368,34.2035,0.5347,1.0688,0.4017,1.3896,0.0513,5.437,0.0077,0.0
171,3.8235,canny_hough,pid,0,0,0,0.0,0.0,,,0.0,3.4909,1.0,STOP,3.975,0.0,0.0,0.0,0.0,31.5132,10.6167,94.1908,0.6233,0.9808,0.4993,1.2766,0.0676,6.6371,0.0109,0.0
172,3.8345,canny_hough,pid,0,0,0,0.0,0.0,,,0.0,2.4437,1.0,STOP,3.975,0.0,0.0,0.0,0.0,42.5459,12.7672,78.3256,0.4288,1.0449,0.6204,1.3535,0.1652,4.9008,0.0083,0.0
173,3.8621,canny_hough,pid,0,0,0,0.0,0.0,,,0.0,1.7106,1.0,STOP,3.975,0.0,0.0,0.0,0.0,16.6341,9.9025,100.9842,0.3873,1.0185,0.6383,1.6416,0.0526,5.1042,0.0138,11.4566
174,3.8732,canny_hough,pid,0,0,0,0.0,0.0,,,0.0,1.1974,1.0,STOP,3.975,0.0,0.0,0.0,0.0,16.6669,28.1249,35.5556,0.4608,1.1198,0.467,1.6732,0.0627,5.3388,0.0074,0.0
175,3.8838,canny_hough,pid,0,0,0,0.0,0.0,,,0.0,0.8382,1.0,STOP,3.975,0.0,0.0,0.0,0.0,27.2378,10.6775,93.6551,0.3872,1.1177,0.4597,1.6189,0.0945,5.3702,0.0088,0.0
176,3.8949,canny_hough,pid,0,0,0,0.0,0.0,,,0.0,0.5867,1.0,STOP,3.975,0.0,0.0,0.0,0.0,38.3602,10.5302,94.9651,0.481,2.0916,0.4363,1.3746,0.0559,5.1763,0.0087,0.0
177,3.9199,canny_hough,pid,0,0,0,0.0,0.0,,,0.0,0.4107,1.0,STOP,3.975,0.0,0.0,0.0,0.0,49.4714,11.7591,85.0408,0.9071,1.1355,0.4295,1.6145,0.0483,4.9234,0.0089,9.2264
178,3.9323,canny_hough,pid,0,0,0,0.0,0.0,,,0.0,0.2875,1.0,STOP,3.975,0.0,0.0,0.0,0.0,34.2939,24.7119,40.4663,0.4306,3.6618,0.4452,0.954,0.0608,4.9773,0.009,0.0
179,3.9425,canny_hough,pid,0,0,0,0.0,0.0,,,0.0,0.2012,1.0,STOP,3.975,0.0,0.0,0.0,0.0,21.9268,12.2979,81.315,0.4048,0.706,0.4117,1.1902,0.056,5.5949,0.0094,0.0
180,3.9542,canny_hough,pid,0,0,0,0.0,0.0,,,0.0,0.1409,1.0,STOP,3.975,0.0,0.0,0.0,0.0,33.7373,10.1565,98.4587,0.4453,1.2639,0.8257,1.9479,0.0604,5.4296,0.0093,0.0
181,3.9774,canny_hough,pid,0,1,1,0.45,319.0,,455.7786,159.0,47.7986,1.0,STOP,3.975,0.0,0.0,0.0,0.0,13.4773,11.6198,86.0597,0.4017,0.7069,0.3988,1.0361,0.0521,4.778,0.16,8.2659
182,3.9879,canny_hough,pid,0,1,1,0.45,319.0,,455.7786,159.0,81.159,1.0,STOP,3.975,0.0,0.0,0.0,0.0,38.1008,23.4195,42.6995,0.8312,1.2452,0.5058,1.1148,0.0535,4.8646,0.1508,0.0
183,3.9978,canny_hough,pid,0,0,0,0.0,0.0,,,0.0,56.8113,1.0,STOP,3.975,0.0,0.0,0.0,0.0,17.7067,10.1358,98.6605,0.6205,1.1237,0.4275,1.2513,0.0673,4.9526,0.0085,0.0
184,4.0135,canny_hough,pid,0,0,0,0.0,0.0,,,0.0,39.7679,1.0,STOP,3.975,0.0,0.0,0.0,0.0,33.4068,10.1177,98.8363,0.4195,6.0547,0.4716,1.2518,0.0701,5.7163,0.0091,0.0
185,4.0395,canny_hough,pid,0,0,0,0.0,0.0,,,0.0,27.8375,1.0,STOP,3.975,0.0,0.0,0.0,0.0,45.3498,16.6244,60.1525,0.4648,1.2675,0.4305,2.1748,0.0453,5.0135,0.0154,8.5664
186,4.0501,canny_hough,pid,0,0,0,0.0,0.0,,,0.0,19.4863,1.0,STOP,3.975,0.0,0.0,0.0,0.0,30.5964,24.9737,40.0422,0.3925,1.1336,0.4403,1.2766,0.0521,5.7619,0.0077,0.0
187,4.0629,canny_hough,pid,0,0,0,0.0,0.0,,,0.0,13.6404,1.0,STOP,3.975,0.0,0.0,0.0,0.0,43.396,11.5623,86.4876,0.8007,1.2625,0.425,3.2044,0.042,4.5639,0.0084,0.0
188,4.073,canny_hough,pid,0,1,1,0.6,319.0,,454.1508,159.0,57.2483,1.0,STOP,3.975,0.0,0.0,0.0,0.0,16.0349,11.8334,84.5063,0.4118,1.3753,0.441,0.8824,0.0532,5.2849,0.1564,0.0
189,4.0983,canny_hough,pid,0,1,1,0.6,319.0,,454.1508,159.0,87.7738,1.0,STOP,3.975,0.0,0.0,0.0,0.0,28.0801,10.3407,96.7052,0.4316,1.3177,0.4485,1.5244,0.0853,6.2329,0.1671,8.938
190,4.1091,canny_hough,pid,0,1,1,0.45,319.0,,456.0755,159.0,109.1417,1.0,STOP,3.975,0.0,0.0,0.0,0.0,28.8016,25.3367,39.4685,0.4364,1.1002,0.4342,1.4808,0.0559,5.2277,0.159,0.0
191,4.1208,canny_hough,pid,0,1,1,0.45,319.0,,456.0755,159.0,124.0992,1.0,STOP,3.975,0.0,0.0,0.0,0.0,40.6465,10.9444,91.3706,0.5846,1.0513,0.4382,2.5897,0.0482,4.9965,0.1519,0.0
192,4.1316,canny_hough,pid,0,0,0,0.0,0.0,,,0.0,86.8694,1.0,STOP,3.975,0.0,0.0,0.0,0.0,20.1603,11.2532,88.8637,0.391,1.6967,0.4358,1.3348,0.0507,5.2064,0.0087,0.0
193,4.1556,canny_hough,pid,0,0,0,0.0,0.0,,,0.0,60.8086,1.0,STOP,3.975,0.0,0.0,0.0,0.0,30.4058,10.9373,91.4302,0.5058,1.3017,0.4482,1.3891,0.0665,4.7608,0.0084,8.1327
194,4.1672,canny_hough,pid,0,0,0,0.0,0.0,,,0.0,42.566,1.0,STOP,3.975,0.0,0.0,0.0,0.0,29.0386,24.0174,41.6365,0.5732,1.0415,0.4037,1.2548,0.0592,6.4471,0.0109,0.0
195,4.1784,canny_hough,pid,0,0,0,0.0,0.0,,,0.0,29.7962,1.0,STOP,3.975,0.0,0.0,0.0,0.0,40.2334,11.5963,86.2344,0.4206,1.1742,0.4555,1.8992,0.0462,5.4983,0.0097,0.0
196,4.1906,canny_hough,pid,0,0,0,0.0,0.0,,,0.0,20.8573,1.0,STOP,3.975,0.0,0.0,0.0,0.0,52.4473,12.3554,80.9366,0.781,1.0957,0.4115,1.2307,0.0519,5.7547,0.011,0.0
197,4.215,canny_hough,pid,0,1,1,0.45,319.0,,455.9907,159.0,62.3001,1.0,STOP,3.975,0.0,0.0,0.0,0.0,14.8035,11.0173,90.7663,0.4007,1.1915,0.4449,1.4885,0.0568,5.0034,0.1469,9.1028
198,4.2254,canny_hough,pid,0,0,0,0.0,0.0,,,0.0,43.6101,1.0,STOP,3.975,0.0,0.0,0.0,0.0,18.5817,24.483,40.8447,0.4057,1.1312,0.4305,1.1614,0.0568,5.4193,0.0084,0.0
199,4.2399,canny_hough,pid,0,0,0,0.0,0.0,,,0.0,30.5271,1.0,STOP,3.975,0.0,0.0,0.0,0.0,33.0873,10.1335,98.6823,0.5644,1.1282,0.5583,5.0673,0.0397,5.4666,0.0099,0.0
200,4.2498,canny_hough,pid,0,0,0,0.0,0.0,,,0.0,21.3689,1.0,STOP,3.975,0.0,0.0,0.0,0.0,14.3813,14.7597,67.7522,0.4104,0.91,0.4216,1.3347,0.0547,5.0564,0.0094,0.0
201,4.2752,canny_hough,pid,0,0,0,0.0,0.0,,,0.0,14.9583,1.0,STOP,3.975,0.0,0.0,0.0,0.0,24.5587,9.6704,103.4088,0.398,0.6622,0.415,1.4928,0.0541,5.6533,0.0098,11.2414
202,4.286,canny_hough,pid,0,0,0,0.0,0.0,,,0.0,10.4708,1.0,STOP,3.975,0.0,0.0,0.0,0.0,17.4359,25.5215,39.1826,0.4003,1.1062,0.4395,2.0054,0.0653,5.1061,0.007,0.0
203,4.296,canny_hough,pid,0,0,0,0.0,0.0,,,0.0,7.3295,1.0,STOP,3.975,0.0,0.0,0.0,0.0,27.4813,10.5923,94.4085,0.4015,1.0448,0.4367,1.5788,0.0492,5.1344,0.0088,0.0
204,4.3067,canny_hough,pid,0,0,0,0.0,0.0,,,0.0,5.1307,1.0,STOP,3.975,0.0,0.0,0.0,0.0,38.1765,11.3444,88.1489,0.4169,1.0106,0.4019,1.1714,0.0649,4.9045,0.0083,0.0
205,4.3332,canny_hough,pid,0,1,1,0.45,319.0,,459.4451,159.0,51.2915,1.0,STOP,3.975,0.0,0.0,0.0,0.0,19.7726,9.3226,107.2668,0.389,1.0102,0.4711,1.3234,0.0578,5.6771,0.6764,9.8353
206,4.3432,canny_hough,pid,0,0,0,0.0,0.0,,,0.0,35.904,1.0,STOP,3.975,0.0,0.0,0.0,0.0,18.644,26.8175,37.289,0.4241,1.0638,0.441,1.3098,0.0581,4.9737,0.0086,0.0
207,4.3546,canny_hough,pid,0,0,0,0.0,0.0,,,0.0,25.1328,1.0,STOP,3.975,0.0,0.0,0.0,0.0,30.1044,9.7988,102.0534,0.4295,2.7614,0.5212,1.4854,0.0566,4.6621,0.0097,0.0
208,4.3684,canny_hough,pid,0,0,0,0.0,0.0,,,0.0,17.593,1.0,STOP,3.975,0.0,0.0,0.0,0.0,43.8222,11.4677,87.2013,0.4325,4.1622,0.4494,1.4448,0.0584,5.5596,0.0082,0.0
209,4.4014,canny_hough,pid,0,0,0,0.0,0.0,,,0.0,12.3151,1.0,STOP,3.975,0.0,0.0,0.0,0.0,24.5134,17.8421,56.0474,0.4004,1.3225,0.4317,1.2032,0.0512,5.6977,0.0113,12.7257
210,4.4191,canny_hough,pid,0,1,1,0.45,319.0,,451.766,159.0,56.3206,1.0,STOP,3.975,0.0,0.0,0.0,0.0,23.0015,29.0581,34.4139,0.4085,1.1675,0.4579,3.5363,0.0781,10.1906,0.1632,0.0
211,4.4384,canny_hough,pid,0,1,1,0.45,319.0,,451.766,159.0,87.1244,1.0,STOP,3.975,0.0,0.0,0.0,0.0,42.2835,18.7905,53.2183,0.6887,7.0382,0.4355,2.59,0.0541,5.5972,0.1945,0.0
212,4.452,canny_hough,pid,0,1,1,0.45,319.0,,459.5206,159.0,108.6871,1.0,STOP,3.975,0.0,0.0,0.0,0.0,28.8541,18.0279,55.4695,0.4711,3.1759,0.516,1.2199,0.0673,6.4365,0.1686,0.0
213,4.489,canny_hough,pid,0,1,1,0.45,319.0,,459.5206,159.0,123.781,1.0,STOP,3.975,0.0,0.0,0.0,0.0,48.4395,14.9478,66.8995,3.1775,1.2145,0.4743,6.0045,0.059,5.6061,0.2118,13.0674
214,4.4998,canny_hough,pid,0,1,1,0.6,319.0,,456.9106,159.0,134.3467,1.0,STOP,3.975,0.0,0.0,0.0,0.0,17.2412,35.9052,27.8511,0.4667,0.7615,0.4646,1.2103,0.059,5.9074,0.173,0.0
215,4.5118,canny_hough,pid,0,1,1,0.6,319.0,,456.9106,159.0,141.7427,1.0,STOP,3.975,0.0,0.0,0.0,0.0,29.3234,10.5028,95.2124,0.4984,1.1948,0.4602,1.7636,0.1153,6.3393,0.1696,0.0
216,4.5242,canny_hough,pid,0,1,1,0.6,319.0,,456.9106,159.0,146.9199,1.0,STOP,3.975,0.0,0.0,0.0,0.0,41.7235,12.7007,78.7358,0.72,1.5153,0.8133,1.4499,0.0614,5.5907,0.1699,0.0
217,4.5499,canny_hough,pid,0,1,1,0.45,319.0,,455.7786,159.0,150.5439,1.0,STOP,3.975,0.0,0.0,0.0,0.0,18.8647,11.8659,84.2749,0.4737,1.1403,0.453,1.2684,0.0567,5.3842,0.1673,8.8445
218,4.5607,canny_hough,pid,0,1,1,0.45,319.0,,455.7786,159.0,153.0807,1.0,STOP,3.975,0.0,0.0,0.0,0.0,44.8328,26.0261,38.4229,0.4165,1.0251,0.497,1.3994,0.0596,5.309,0.1537,0.0
219,4.5736,canny_hough,pid,0,1,1,0.45,319.0,,456.8647,159.0,154.8565,1.0,STOP,3.975,0.0,0.0,0.0,0.0,22.9312,10.5001,95.2369,0.4027,1.8003,0.4474,2.0663,0.0658,6.2279,0.1622,0.0
220,4.5887,canny_hough,pid,0,1,1,0.45,319.0,,456.8647,159.0,156.0996,1.0,STOP,3.975,0.0,0.0,0.0,0.0,38.0513,13.3508,74.9016,0.8584,2.3997,0.4047,1.1667,0.0496,8.0309,0.1539,0.0
221,4.6152,canny_hough,pid,0,1,1,0.6,319.0,,454.8758,159.0,156.9697,1.0,STOP,3.975,0.0,0.0,0.0,0.0,12.76,14.4616,69.1486,0.3979,0.6774,0.394,1.2997,0.0535,5.8169,0.1758,11.3874
222,4.6261,canny_hough,pid,0,0,0,0.0,0.0,,,0.0,109.8788,1.0,STOP,3.975,0.0,0.0,0.0,0.0,20.42,26.7983,37.3158,0.4201,1.3133,0.5511,1.3896,0.0623,5.3399,0.0079,0.0
223,4.6379,canny_hough,pid,0,0,0,0.0,0.0,,,0.0,76.9151,1.0,STOP,3.975,0.0,0.0,0.0,0.0,32.2746,10.8766,91.9407,0.4199,1.0745,0.5234,1.3724,0.0882,6.5141,0.0103,0.0
224,4.6502,canny_hough,pid,0,0,0,0.0,0.0,,,0.0,53.8406,1.0,STOP,3.975,0.0,0.0,0.0,0.0,44.5755,12.3169,81.1895,0.5515,1.183,0.8925,1.4748,0.0527,5.9077,0.0091,0.0
225,4.6761,canny_hough,pid,0,0,0,0.0,0.0,,,0.0,37.6884,1.0,STOP,3.975,0.0,0.0,0.0,0.0,14.2684,11.5828,86.3348,0.4042,1.6603,0.4338,1.3128,0.0553,6.227,0.0092,9.6954
226,4.6847,canny_hough,pid,0,1,1,0.6,319.0,,452.2903,159.0,74.0819,1.0,STOP,3.975,0.0,0.0,0.0,0.0,10.2776,25.8003,38.7592,0.4032,0.66,0.4495,0.8619,0.0521,4.6878,0.1466,0.0
227,4.6957,canny_hough,pid,0,1,1,0.6,319.0,,452.2903,159.0,99.5573,1.0,STOP,3.975,0.0,0.0,0.0,0.0,21.2191,8.6545,115.5462,0.3778,0.65,0.4498,1.4054,0.0506,6.4535,0.1883,0.0
228,4.7078,canny_hough,pid,0,1,1,0.6,319.0,,452.2903,159.0,117.3901,1.0,STOP,3.975,0.0,0.0,0.0,0.0,33.2861,11.9498,83.6831,0.4836,1.18,0.5132,1.4905,0.0565,5.7413,0.1779,0.0
229,4.7357,canny_hough,pid,0,1,1,0.6,319.0,,452.2903,159.0,129.8731,1.0,STOP,3.975,0.0,0.0,0.0,0.0,46.3141,12.3619,80.894,0.7677,1.76,0.8012,1.6178,0.0504,5.2166,0.1553,8.8662
230,4.7464,canny_hough,pid,0,0,0,0.0,0.0,,,0.0,90.9112,1.0,STOP,3.975,0.0,0.0,0.0,0.0,32.9443,26.9187,37.1489,0.5029,1.4952,0.4858,1.6738,0.0514,4.7772,0.0083,0.0
231,4.7572,canny_hough,pid,0,0,0,0.0,0.0,,,0.0,63.6378,1.0,STOP,3.975,0.0,0.0,0.0,0.0,17.5779,10.6956,93.4964,0.4209,1.083,0.4235,1.1963,0.0807,5.7194,0.009,0.0
232,4.7678,canny_hough,pid,0,0,0,0.0,0.0,,,0.0,44.5465,1.0,STOP,3.975,0.0,0.0,0.0,0.0,28.1996,10.6376,94.0059,0.4176,1.1641,0.5364,1.3714,0.0697,5.4097,0.0117,0.0
233,4.7922,canny_hough,pid,0,0,0,0.0,0.0,,,0.0,31.1825,1.0,STOP,3.975,0.0,0.0,0.0,0.0,13.2731,10.6653,93.7622,0.4816,1.07,0.4191,1.3247,0.0583,5.238,0.0096,8.4606
234,4.8038,canny_hough,pid,0,0,0,0.0,0.0,,,0.0,21.8278,1.0,STOP,3.975,0.0,0.0,0.0,0.0,38.9976,24.8972,40.1652,0.4352,1.1803,0.4698,1.7816,0.0542,5.2952,0.0087,0.0
235,4.816,canny_hough,pid,0,0,0,0.0,0.0,,,0.0,15.2794,1.0,STOP,3.975,0.0,0.0,0.0,0.0,51.178,12.793,78.1674,0.5275,1.0696,0.7307,1.5993,0.0482,4.8972,0.0087,0.0
236,4.827,canny_hough,pid,0,1,1,0.6,319.0,,453.3385,159.0,58.3956,1.0,STOP,3.975,0.0,0.0,0.0,0.0,17.437,10.5103,95.1444,0.4372,1.0064,0.4058,1.2655,0.0672,5.9826,0.1874,0.0
237,4.8535,canny_hough,pid,0,1,1,0.6,319.0,,453.3385,159.0,88.5769,1.0,STOP,3.975,0.0,0.0,0.0,0.0,30.0636,11.6991,85.4769,0.826,2.3533,0.4634,1.5608,0.0389,4.8534,0.1531,8.4551
238,4.8653,canny_hough,pid,0,0,0,0.0,0.0,,,0.0,62.0038,1.0,STOP,3.975,0.0,0.0,0.0,0.0,31.0983,25.9633,38.5159,0.426,1.7019,0.5125,1.5198,0.0558,5.7134,0.0072,0.0
239,4.8748,canny_hough,pid,0,1,1,0.6,319.0,,458.3483,159.0,91.1027,1.0,STOP,3.975,0.0,0.0,0.0,0.0,12.2774,11.5322,86.7138,0.3994,0.6684,0.4041,0.87,0.0569,5.453,0.1605,0.0
240,4.886,canny_hough,pid,0,1,1,0.6,319.0,,458.3483,159.0,111.4719,1.0,STOP,3.975,0.0,0.0,0.0,0.0,23.531,9.5833,104.3479,0.4018,1.1193,0.4958,1.4199,0.0643,5.9785,0.1909,0.0
241,4.91,canny_hough,pid,0,1,1,0.6,319.0,,458.3483,159.0,125.7303,1.0,STOP,3.975,0.0,0.0,0.0,0.0,34.4513,11.2508,88.8822,0.4004,1.0162,0.686,1.6638,0.0476,5.2525,0.1523,7.858
242,4.9201,canny_hough,pid,0,0,0,0.0,0.0,,,0.0,88.0112,1.0,STOP,3.975,0.0,0.0,0.0,0.0,27.0716,23.9189,41.808,0.3828,0.658,0.4109,1.124,0.0558,5.7482,0.009,0.0
243,4.931,canny_hough,pid,0,0,0,0.0,0.0,,,0.0,61.6079,1.0,STOP,3.975,0.0,0.0,0.0,0.0,37.9597,10.2478,97.582,0.4223,1.1739,0.5258,1.3462,0.0755,5.4524,0.0097,0.0
244,4.9458,canny_hough,pid,0,0,0,0.0,0.0,,,0.0,43.1255,1.0,STOP,3.975,0.0,0.0,0.0,0.0,52.7914,11.6037,86.1794,0.5388,3.9241,0.4782,1.3794,0.0615,5.9249,0.0093,0.0
245,4.9722,canny_hough,pid,0,0,0,0.0,0.0,,,0.0,30.1878,1.0,STOP,3.975,0.0,0.0,0.0,0.0,18.8384,14.0376,71.2372,0.4658,1.344,0.5192,1.4402,0.0774,5.0269,0.009,10.1812
246,4.9848,canny_hough,pid,0,1,1,0.6,319.0,,456.9106,159.0,68.8315,1.0,STOP,3.975,0.0,0.0,0.0,0.0,25.5487,26.5812,37.6206,0.4697,1.1937,0.497,1.8442,0.0631,6.5558,0.1668,0.0
247,4.998,canny_hough,pid,0,1,1,0.6,319.0,,456.9106,159.0,95.882,1.0,STOP,3.975,0.0,0.0,0.0,0.0,38.7319,12.889,77.5856,0.4338,1.2715,0.9155,2.3279,0.0656,5.943,0.1608,0.0
248,5.0111,canny_hough,pid,0,0,0,0.0,0.0,,,0.0,67.1174,1.0,STOP,3.975,0.0,0.0,0.0,0.0,20.0731,12.8689,77.7068,0.4636,1.1838,0.5336,2.6123,0.0741,6.2205,0.014,0.0
249,5.0362,canny_hough,pid,0,0,0,0.0,0.0,,,0.0,46.9822,1.0,STOP,3.975,0.0,0.0,0.0,0.0,31.0399,12.8517,77.8104,0.4073,1.208,0.4384,1.4717,0.0859,5.7083,0.0093,10.0138
250,5.0474,canny_hough,pid,0,1,1,0.6,319.0,,456.3555,159.0,80.5875,1.0,STOP,3.975,0.0,0.0,0.0,0.0,22.9539,25.4423,39.3046,0.4128,1.1633,0.5389,1.4406,0.0992,5.5535,0.1556,0.0
251,5.0588,canny_hough,pid,0,1,1,0.6,319.0,,456.3555,159.0,104.1113,1.0,STOP,3.975,0.0,0.0,0.0,0.0,34.3832,11.0446,90.542,0.5319,1.051,0.4048,1.3433,0.0718,6.1955,0.1535,0.0
252,5.0684,canny_hough,pid,0,0,0,0.0,0.0,,,0.0,72.8779,1.0,STOP,3.975,0.0,0.0,0.0,0.0,12.3676,11.4246,87.5305,0.4063,1.0668,0.4478,1.0646,0.0496,4.8104,0.0087,0.0
253,5.0952,canny_hough,pid,0,0,0,0.0,0.0,,,0.0,51.0145,1.0,STOP,3.975,0.0,0.0,0.0,0.0,22.9438,9.6165,103.9879,0.51,0.7644,0.4247,1.1334,0.0946,5.7565,0.0101,10.5005
254,5.1082,canny_hough,pid,0,0,0,0.0,0.0,,,0.0,35.7102,1.0,STOP,3.975,0.0,0.0,0.0,0.0,23.833,26.9324,37.13,0.4767,0.7087,0.4343,3.976,0.0521,5.4213,0.0117,0.0
255,5.1252,canny_hough,pid,0,0,0,0.0,0.0,,,0.0,24.9971,1.0,STOP,3.975,0.0,0.0,0.0,0.0,40.6466,13.0013,76.9155,0.4585,2.4185,0.4825,5.1333,0.1283,6.202,0.0095,0.0
256,5.1356,canny_hough,pid,0,0,0,0.0,0.0,,,0.0,17.498,1.0,STOP,3.975,0.0,0.0,0.0,0.0,13.2719,16.6678,59.9961,0.3934,0.6811,0.4589,1.4282,0.0603,5.6649,0.0101,0.0
257,5.1625,canny_hough,pid,0,0,0,0.0,0.0,,,0.0,12.2486,1.0,STOP,3.975,0.0,0.0,0.0,0.0,24.2351,10.7408,93.1029,0.4779,1.0425,0.4881,1.4043,0.0577,5.4309,0.0083,10.0295
258,5.1744,canny_hough,pid,0,0,0,0.0,0.0,,,0.0,8.574,1.0,STOP,3.975,0.0,0.0,0.0,0.0,26.3001,26.8198,37.2859,0.4181,1.3295,0.4962,1.5074,0.0666,6.0311,0.009,0.0
259,5.1882,canny_hough,pid,0,0,0,0.0,0.0,,,0.0,6.0018,1.0,STOP,3.975,0.0,0.0,0.0,0.0,40.1521,12.3491,80.9776,0.4167,2.7359,0.4657,2.0521,0.0708,5.7084,0.0094,0.0
260,5.2002,canny_hough,pid,0,0,0,0.0,0.0,,,0.0,4.2013,1.0,STOP,3.975,0.0,0.0,0.0,0.0,15.7037,13.5045,74.0494,0.6036,1.2589,0.4394,2.1776,0.0662,5.3749,0.0106,0.0
261,5.2347,canny_hough,pid,0,0,0,0.0,0.0,,,0.0,2.9409,1.0,STOP,3.975,0.0,0.0,0.0,0.0,36.1003,11.7221,85.3091,0.4372,9.7676,0.4647,2.1447,0.0721,5.7829,0.0087,8.7723
262,5.2471,canny_hough,pid,0,1,1,0.45,319.0,,457.7514,159.0,49.7586,1.0,STOP,3.975,0.0,0.0,0.0,0.0,40.482,34.7456,28.7806,0.5793,1.5317,0.4573,2.0998,0.0665,5.3837,0.1563,0.0
263,5.2583,canny_hough,pid,0,1,1,0.45,319.0,,456.2875,159.0,82.531,1.0,STOP,3.975,0.0,0.0,0.0,0.0,20.1272,12.0878,82.7284,0.4219,1.654,0.4273,1.2528,0.0598,5.5056,0.1717,0.0
264,5.2726,canny_hough,pid,0,1,1,0.45,319.0,,456.2875,159.0,105.4717,1.0,STOP,3.975,0.0,0.0,0.0,0.0,34.5206,11.0997,90.0925,0.4105,2.4593,0.4983,3.9363,0.0545,4.9873,0.1677,0.0
265,5.2966,canny_hough,pid,0,1,1,0.45,319.0,,456.2875,159.0,121.5302,1.0,STOP,3.975,0.0,0.0,0.0,0.0,44.2821,14.4688,69.1143,0.3963,1.0289,0.4034,1.1982,0.0509,4.8479,0.1653,8.1295
266,5.3088,canny_hough,pid,0,0,0,0.0,0.0,,,0.0,85.0711,1.0,STOP,3.975,0.0,0.0,0.0,0.0,35.577,24.3688,41.0361,0.6924,2.6185,0.574,1.3635,0.0611,4.8158,0.0071,0.0
267,5.3184,canny_hough,pid,0,0,0,0.0,0.0,,,0.0,59.5498,1.0,STOP,3.975,0.0,0.0,0.0,0.0,16.5959,11.6298,85.9857,0.3825,1.0321,0.3975,1.2091,0.053,5.0332,0.0088,0.0
268,5.3291,canny_hough,pid,0,0,0,0.0,0.0,,,0.0,41.6849,1.0,STOP,3.975,0.0,0.0,0.0,0.0,27.1269,9.7136,102.948,0.4244,1.0992,0.4388,1.4198,0.1078,5.2556,0.0103,0.0
269,5.3581,canny_hough,pid,0,0,0,0.0,0.0,,,0.0,29.1794,1.0,STOP,3.975,0.0,0.0,0.0,0.0,40.6113,10.7613,92.9258,0.4218,4.0053,0.492,1.3604,0.0529,5.3468,0.0093,9.6697
270,5.3723,canny_hough,pid,0,1,1,0.6,319.0,,450.065,159.0,68.1256,1.0,STOP,3.975,0.0,0.0,0.0,0.0,37.7925,29.2829,34.1496,0.5475,4.3824,0.5459,1.2193,0.0513,5.3552,0.1802,0.0
271,5.3887,canny_hough,pid,0,0,0,0.0,0.0,,,0.0,47.6879,1.0,STOP,3.975,0.0,0.0,0.0,0.0,24.4107,13.7742,72.5994,0.4548,1.3679,0.5961,5.7489,0.0618,6.5289,0.0098,0.0
272,5.4017,canny_hough,pid,0,0,0,0.0,0.0,,,0.0,33.3815,1.0,STOP,3.975,0.0,0.0,0.0,0.0,37.3738,16.5697,60.3512,1.1834,1.179,0.4411,3.0074,0.04,5.4338,0.0094,0.0
273,5.4297,canny_hough,pid,0,1,1,0.6,319.0,,457.298,159.0,71.0671,1.0,STOP,3.975,0.0,0.0,0.0,0.0,18.2169,12.8967,77.5393,0.4574,1.4226,0.5331,1.2788,0.068,6.0402,0.2881,11.7574
274,5.4417,canny_hough,pid,0,1,1,0.6,319.0,,457.298,159.0,97.447,1.0,STOP,3.975,0.0,0.0,0.0,0.0,46.4826,28.8031,34.7185,0.4746,1.2667,0.485,1.3478,0.0623,5.7927,0.1732,0.0
275,5.4518,canny_hough,pid,0,1,1,0.45,319.0,,451.766,159.0,115.9129,1.0,STOP,3.975,0.0,0.0,0.0,0.0,20.7644,11.1467,89.7124,0.4473,1.2143,0.4635,1.5266,0.0566,4.7493,0.1492,0.0
276,5.4631,canny_hough,pid,0,1,1,0.45,319.0,,451.766,159.0,128.839,1.0,STOP,3.975,0.0,0.0,0.0,0.0,32.0895,10.0408,99.594,0.448,1.0732,0.4598,2.4692,0.0426,5.0024,0.17,0.0
277,5.4877,canny_hough,pid,0,0,0,0.0,0.0,,,0.0,90.1873,1.0,STOP,3.975,0.0,0.0,0.0,0.0,13.1516,11.1962,89.3164,0.3907,1.0597,0.4071,1.2915,0.0554,4.7892,0.0084,8.3779
278,5.4978,canny_hough,pid,0,0,0,0.0,0.0,,,0.0,63.1311,1.0,STOP,3.975,0.0,0.0,0.0,0.0,10.3995,24.7891,40.3403,0.5079,0.7378,0.4213,1.3052,0.0605,5.4235,0.0081,0.0
279,5.5084,canny_hough,pid,0,0,0,0.0,0.0,,,0.0,44.1918,1.0,STOP,3.975,0.0,0.0,0.0,0.0,21.0213,10.1948,98.089,0.4183,1.0708,0.4338,1.4839,0.0624,5.3879,0.0092,0.0
280,5.5211,canny_hough,pid,0,0,0,0.0,0.0,,,0.0,30.9342,1.0,STOP,3.975,0.0,0.0,0.0,0.0,33.6262,10.7163,93.3156,0.4978,2.3122,0.4601,1.588,0.0809,5.7064,0.0095,0.0
281,5.5453,canny_hough,pid,0,0,0,0.0,0.0,,,0.0,21.654,1.0,STOP,3.975,0.0,0.0,0.0,0.0,44.1594,13.3213,75.0679,0.4048,1.2645,0.4919,1.2249,0.0489,4.6163,0.0086,8.308
282,5.5645,canny_hough,pid,0,1,1,0.6,319.0,,456.7015,159.0,62.8578,1.0,STOP,3.975,0.0,0.0,0.0,0.0,36.2675,23.4957,42.561,0.4435,6.219,0.5232,1.6291,0.0563,8.4393,0.1999,0.0
283,5.5787,canny_hough,pid,0,0,0,0.0,0.0,,,0.0,44.0004,1.0,STOP,3.975,0.0,0.0,0.0,0.0,28.1535,19.4252,51.4794,0.5962,2.3229,0.5887,1.7862,0.0651,6.8545,0.0095,0.0
284,5.595,canny_hough,pid,0,0,0,0.0,0.0,,,0.0,30.8003,1.0,STOP,3.975,0.0,0.0,0.0,0.0,44.4191,13.9792,71.5347,0.5306,1.8023,0.9264,2.8466,0.081,7.6921,0.0092,0.0
285,5.6261,canny_hough,pid,0,0,0,0.0,0.0,,,0.0,21.5602,1.0,STOP,3.975,0.0,0.0,0.0,0.0,23.0475,16.0945,62.1329,0.4509,1.8604,0.5029,6.0196,0.0565,5.4894,0.0149,11.466
286,5.6401,canny_hough,pid,0,1,1,0.6,319.0,,447.0482,159.0,62.7922,1.0,STOP,3.975,0.0,0.0,0.0,0.0,21.8721,31.1297,32.1237,0.448,1.2294,0.6936,2.6191,0.0657,7.2351,0.2064,0.0
287,5.6517,canny_hough,pid,0,1,1,0.6,319.0,,447.0482,159.0,91.6545,1.0,STOP,3.975,0.0,0.0,0.0,0.0,33.3931,14.3442,69.7145,0.4809,1.2899,0.4801,1.606,0.0757,5.6109,0.1569,0.0
288,5.6673,canny_hough,pid,0,1,1,0.6,319.0,,447.0482,159.0,111.8582,1.0,STOP,3.975,0.0,0.0,0.0,0.0,49.0171,13.5772,73.6529,0.7255,1.8696,0.4677,1.3198,0.0521,7.161,0.1685,0.0
289,5.6939,canny_hough,pid,0,0,0,0.0,0.0,,,0.0,78.3007,1.0,STOP,3.975,0.0,0.0,0.0,0.0,25.6116,13.4679,74.2505,0.4048,4.2788,0.4385,1.4507,0.0447,5.2522,0.0086,7.7481
290,5.7044,canny_hough,pid,0,1,1,0.45,319.0,,451.7143,159.0,102.5105,1.0,STOP,3.975,0.0,0.0,0.0,0.0,27.8738,26.3951,37.8858,0.386,1.0016,0.4005,2.058,0.0539,5.0338,0.1687,0.0
291,5.7154,canny_hough,pid,0,1,1,0.45,319.0,,451.7143,159.0,119.4573,1.0,STOP,3.975,0.0,0.0,0.0,0.0,38.8527,11.1086,90.0203,0.6988,1.9184,0.5065,1.1137,0.0496,4.5517,0.1567,0.0
292,5.7247,canny_hough,pid,0,0,0,0.0,0.0,,,0.0,83.6201,1.0,STOP,3.975,0.0,0.0,0.0,0.0,15.9095,10.2872,97.2085,0.39,1.1312,0.4224,1.1748,0.0544,4.7643,0.0085,0.0
293,5.7488,canny_hough,pid,0,0,0,0.0,0.0,,,0.0,58.5341,1.0,STOP,3.975,0.0,0.0,0.0,0.0,25.865,9.3788,106.6234,0.3846,1.0145,0.4685,1.3113,0.0676,5.064,0.0102,8.897
294,5.7605,canny_hough,pid,0,0,0,0.0,0.0,,,0.0,40.9739,1.0,STOP,3.975,0.0,0.0,0.0,0.0,21.7552,24.3279,41.105,0.42,1.1373,0.49,1.6154,0.0744,6.114,0.0083,0.0
295,5.7724,canny_hough,pid,0,0,0,0.0,0.0,,,0.0,28.6817,1.0,STOP,3.975,0.0,0.0,0.0,0.0,33.7027,11.7404,85.1762,0.4931,1.2869,0.4987,2.3659,0.0578,5.4415,0.0095,0.0
296,5.7901,canny_hough,pid,0,0,0,0.0,0.0,,,0.0,20.0772,1.0,STOP,3.975,0.0,0.0,0.0,0.0,51.322,12.4631,80.2371,0.8434,6.4932,0.557,1.5246,0.0583,5.764,0.0093,0.0
297,5.8141,canny_hough,pid,0,0,0,0.0,0.0,,,0.0,14.054,1.0,STOP,3.975,0.0,0.0,0.0,0.0,18.6693,16.9804,58.8916,0.4895,1.2112,0.5563,1.0197,0.0587,5.4699,0.0089,9.5835
298,5.8241,canny_hough,pid,0,0,0,0.0,0.0,,,0.0,9.8378,1.0,STOP,3.975,0.0,0.0,0.0,0.0,20.4539,23.9205,41.8051,0.4594,0.7249,0.4487,1.1634,0.0623,5.4983,0.0092,0.0
299,5.8354,canny_hough,pid,0,0,0,0.0,0.0,,,0.0,6.8865,1.0,STOP,3.975,0.0,0.0,0.0,0.0,31.7774,10.0342,99.6591,0.4525,0.7752,0.4646,1.2343,0.0649,6.68,0.01,0.0
300,5.8471,canny_hough,pid,0,0,0,0.0,0.0,,,0.0,4.8205,1.0,STOP,3.975,0.0,0.0,0.0,0.0,43.4792,12.073,82.8294,0.5091,1.1942,0.4803,1.6337,0.059,5.4327,0.0097,0.0
301,5.8731,canny_hough,pid,0,1,1,0.45,319.0,,457.8225,159.0,51.0744,1.0,STOP,3.975,0.0,0.0,0.0,0.0,21.0677,10.9204,91.5719,0.4666,1.2458,0.4884,1.3894,0.0574,5.4702,0.1606,9.7564
302,5.8834,canny_hough,pid,0,1,1,0.45,319.0,,454.9751,159.0,83.4521,1.0,STOP,3.975,0.0,0.0,0.0,0.0,20.5012,26.0231,38.4274,0.4014,1.0184,0.4033,1.3317,0.0642,5.4487,0.1602,0.0
303,5.8949,canny_hough,pid,0,1,1,0.45,319.0,,454.9751,159.0,106.1164,1.0,STOP,3.975,0.0,0.0,0.0,0.0,31.8825,10.3015,97.0733,0.4198,1.5912,0.4769,1.434,0.0533,5.6959,0.162,0.0
304,5.9062,canny_hough,pid,0,1,1,0.45,319.0,,454.9751,159.0,121.9815,1.0,STOP,3.975,0.0,0.0,0.0,0.0,43.3276,11.5835,86.3298,0.4178,1.1579,0.43,1.9548,0.0603,5.562,0.1536,0.0
305,5.9332,canny_hough,pid,0,1,1,0.45,319.0,,454.9751,159.0,133.0871,1.0,STOP,3.975,0.0,0.0,0.0,0.0,55.6224,12.2097,81.9022,0.6735,1.3118,0.4331,1.7215,0.0698,5.4721,0.1532,8.8652
306,5.9435,canny_hough,pid,0,0,0,0.0,0.0,,,0.0,93.1609,1.0,STOP,3.975,0.0,0.0,0.0,0.0,30.1897,26.096,38.32,0.4055,1.0709,0.4206,1.5092,0.0417,5.1952,0.0077,0.0
307,5.9539,canny_hough,pid,0,1,1,0.6,319.0,,454.9497,159.0,112.9127,1.0,STOP,3.975,0.0,0.0,0.0,0.0,16.649,10.1317,98.7001,0.3897,1.1573,0.4109,1.3417,0.0499,5.4797,0.1624,0.0
308,5.9675,canny_hough,pid,0,1,1,0.6,319.0,,454.9497,159.0,126.7389,1.0,STOP,3.975,0.0,0.0,0.0,0.0,30.2334,10.4674,95.535,0.4607,1.6934,0.7498,2.7263,0.0465,5.7865,0.1719,0.0
309,5.9985,canny_hough,pid,0,0,0,0.0,0.0,,,0.0,88.7172,1.0,STOP,3.975,0.0,0.0,0.0,0.0,19.6595,13.5849,73.6111,0.6919,1.3674,0.4905,1.4931,0.0578,9.5351,0.0105,11.3725
310,6.0087,canny_hough,pid,0,0,0,0.0,0.0,,,0.0,62.102,1.0,STOP,3.975,0.0,0.0,0.0,0.0,12.7908,31.1301,32.1233,0.46,0.7943,0.5161,1.2777,0.0614,5.3677,0.008,0.0
311,6.0196,canny_hough,pid,0,0,0,0.0,0.0,,,0.0,43.4714,1.0,STOP,3.975,0.0,0.0,0.0,0.0,23.6789,10.1594,98.4314,0.5323,1.26,0.5001,1.3573,0.0559,5.3615,0.01,0.0
312,6.0345,canny_hough,pid,0,0,0,0.0,0.0,,,0.0,30.43,1.0,STOP,3.975,0.0,0.0,0.0,0.0,38.6395,10.7794,92.7691,0.5369,1.2132,0.4745,1.3928,0.0574,9.7261,0.0089,0.0
313,6.0612,canny_hough,pid,0,0,0,0.0,0.0,,,0.0,21.301,1.0,STOP,3.975,0.0,0.0,0.0,0.0,49.9424,15.3491,65.1505,0.8546,1.1954,0.4425,1.2795,0.0719,5.4957,0.0085,9.2375
314,6.0713,canny_hough,pid,0,1,1,0.45,319.0,,457.8768,159.0,62.6107,1.0,STOP,3.975,0.0,0.0,0.0,0.0,19.7321,26.3075,38.012,0.417,1.0595,0.4599,1.406,0.0535,5.071,0.1742,0.0
315,6.0827,canny_hough,pid,0,1,1,0.45,319.0,,457.8768,159.0,91.5275,1.0,STOP,3.975,0.0,0.0,0.0,0.0,31.065,10.1906,98.1301,0.4388,1.2077,0.4458,1.6385,0.0645,5.782,0.1666,0.0
316,6.0938,canny_hough,pid,0,1,1,0.45,319.0,,457.8768,159.0,111.7692,1.0,STOP,3.975,0.0,0.0,0.0,0.0,42.1816,11.7108,85.391,0.4164,1.1193,0.4272,1.2855,0.0523,5.6414,0.1793,0.0
317,6.1202,canny_hough,pid,0,1,1,0.6,319.0,,451.421,159.0,125.9385,1.0,STOP,3.975,0.0,0.0,0.0,0.0,13.0098,10.9507,91.318,0.4059,0.6986,0.4085,1.4187,0.0876,4.9904,0.1484,10.9718
318,6.1305,canny_hough,pid,0,1,1,0.6,319.0,,447.3953,159.0,135.8569,1.0,STOP,3.975,0.0,0.0,0.0,0.0,14.3113,26.3155,38.0005,0.4687,1.0276,0.406,1.1489,0.0745,5.313,0.1515,0.0
319,6.1483,canny_hough,pid,0,1,1,0.6,319.0,,447.3953,159.0,142.7999,1.0,STOP,3.975,0.0,0.0,0.0,0.0,32.1283,9.9781,100.2199,0.3916,1.5527,0.4255,7.8913,0.0695,5.9577,0.1565,0.0
320,6.1621,canny_hough,pid,0,1,1,0.6,319.0,,447.3953,159.0,147.6599,1.0,STOP,3.975,0.0,0.0,0.0,0.0,45.9513,18.4177,54.2956,0.9115,2.9641,0.416,2.1164,0.0541,5.253,0.16,0.0
321,6.1871,canny_hough,pid,0,0,0,0.0,0.0,,,0.0,103.3619,1.0,STOP,3.975,0.0,0.0,0.0,0.0,21.3661,13.4014,74.619,0.422,1.2234,0.482,1.5054,0.0726,5.6265,0.0102,9.9268
322,6.1964,canny_hough,pid,0,0,0,0.0,0.0,,,0.0,72.3533,1.0,STOP,3.975,0.0,0.0,0.0,0.0,15.256,24.8951,40.1686,0.4314,1.1383,0.4172,1.1078,0.0552,4.5944,0.0087,0.0
323,6.21,canny_hough,pid,0,0,0,0.0,0.0,,,0.0,50.6473,1.0,STOP,3.975,0.0,0.0,0.0,0.0,28.845,9.2382,108.2464,0.4099,1.0536,0.4444,1.323,0.1176,8.756,0.0089,0.0
324,6.2267,canny_hough,pid,0,0,0,0.0,0.0,,,0.0,35.4531,1.0,STOP,3.975,0.0,0.0,0.0,0.0,45.544,16.597,60.2518,0.527,1.0381,0.4146,5.2556,0.0614,4.9146,0.0089,0.0
325,6.2525,canny_hough,pid,0,0,0,0.0,0.0,,,0.0,24.8172,1.0,STOP,3.975,0.0,0.0,0.0,0.0,23.9843,13.7088,72.9461,0.3975,1.095,0.4584,1.6166,0.1017,5.5167,0.0131,9.6877
326,6.2639,canny_hough,pid,0,0,0,0.0,0.0,,,0.0,17.372,1.0,STOP,3.975,0.0,0.0,0.0,0.0,20.4465,26.2161,38.1445,0.4297,1.0043,0.4004,1.6175,0.0567,5.9111,0.0085,0.0
327,6.2795,canny_hough,pid,0,0,0,0.0,0.0,,,0.0,12.1604,1.0,STOP,3.975,0.0,0.0,0.0,0.0,36.09,11.4353,87.4488,0.4962,1.3533,0.521,2.8637,0.0476,6.0046,0.0091,0.0
328,6.2973,canny_hough,pid,0,1,1,0.45,319.0,,455.1376,159.0,56.2123,1.0,STOP,3.975,0.0,0.0,0.0,0.0,24.4727,15.2168,65.7166,0.4553,4.0476,0.5156,1.0495,0.054,9.8591,0.2463,0.0
329,6.3282,canny_hough,pid,0,1,1,0.45,319.0,,455.1376,159.0,87.0486,1.0,STOP,3.975,0.0,0.0,0.0,0.0,38.6233,18.3014,54.6407,0.4981,1.2441,0.5541,3.4684,0.0499,6.0942,0.1777,11.3541
330,6.3407,canny_hough,pid,0,0,0,0.0,0.0,,,0.0,60.934,1.0,STOP,3.975,0.0,0.0,0.0,0.0,35.0531,30.8746,32.3891,0.4677,1.3391,0.5071,2.0492,0.0417,5.9237,0.0078,0.0
331,6.352,canny_hough,pid,0,0,0,0.0,0.0,,,0.0,42.6538,1.0,STOP,3.975,0.0,0.0,0.0,0.0,46.3759,12.0847,82.749,0.5337,1.5192,0.4906,1.4868,0.1759,5.4508,0.0094,0.0
332,6.3637,canny_hough,pid,0,0,0,0.0,0.0,,,0.0,29.8577,1.0,STOP,3.975,0.0,0.0,0.0,0.0,19.6014,11.2957,88.5294,0.5131,1.3383,0.5196,1.6523,0.0735,5.709,0.0104,0.0
333,6.3903,canny_hough,pid,0,0,0,0.0,0.0,,,0.0,20.9004,1.0,STOP,3.975,0.0,0.0,0.0,0.0,32.5603,11.9129,83.9429,1.2292,1.6177,0.9752,1.4784,0.0581,5.535,0.0086,8.9672
334,6.4017,canny_hough,pid,0,0,0,0.0,0.0,,,0.0,14.6303,1.0,STOP,3.975,0.0,0.0,0.0,0.0,32.9526,26.5214,37.7054,0.4042,0.7123,0.5487,1.6408,0.0537,6.3067,0.0078,0.0
335,6.4125,canny_hough,pid,0,0,0,0.0,0.0,,,0.0,10.2412,1.0,STOP,3.975,0.0,0.0,0.0,0.0,43.8074,12.4313,80.4422,0.5686,1.1677,0.4184,1.2283,0.054,4.6861,0.0081,0.0
336,6.4225,canny_hough,pid,0,1,1,0.6,319.0,,456.1055,159.0,54.8688,1.0,STOP,3.975,0.0,0.0,0.0,0.0,13.7534,9.537,104.855,0.396,0.8982,0.4148,0.9506,0.0589,5.7102,0.1562,0.0
337,6.4492,canny_hough,pid,0,1,1,0.6,319.0,,456.1055,159.0,86.1082,1.0,STOP,3.975,0.0,0.0,0.0,0.0,26.97,9.9997,100.0033,0.4118,1.6184,2.0929,2.093,0.0345,5.419,0.1604,8.1989
338,6.4601,canny_hough,pid,0,1,1,0.6,319.0,,456.1055,159.0,107.9757,1.0,STOP,3.975,0.0,0.0,0.0,0.0,30.5539,26.8501,37.2438,0.4024,1.1325,0.4333,1.4824,0.0576,5.6272,0.1561,0.0
339,6.4716,canny_hough,pid,0,1,1,0.6,319.0,,456.1055,159.0,123.283,1.0,STOP,3.975,0.0,0.0,0.0,0.0,42.0513,11.0495,90.5019,0.4171,1.1411,0.4509,1.9877,0.063,5.5068,0.1507,0.0
340,6.4853,canny_hough,pid,0,1,1,0.6,319.0,,456.1055,159.0,133.9981,1.0,STOP,3.975,0.0,0.0,0.0,0.0,55.7899,11.7315,85.2409,0.4375,3.3316,0.9212,1.3973,0.0716,5.3159,0.2306,0.0
341,6.5091,canny_hough,pid,0,1,1,0.6,319.0,,458.2404,159.0,141.4987,1.0,STOP,3.975,0.0,0.0,0.0,0.0,18.5478,13.2188,75.65,0.4008,1.1013,0.4164,1.6857,0.067,5.1085,0.1553,8.1597
342,6.5254,canny_hough,pid,0,0,0,0.0,0.0,,,0.0,99.0491,1.0,STOP,3.975,0.0,0.0,0.0,0.0,32.3031,23.7468,42.111,0.4006,1.0425,0.4247,1.8717,0.0504,10.8328,0.0079,0.0
343,6.5393,canny_hough,pid,0,0,0,0.0,0.0,,,0.0,69.3344,1.0,STOP,3.975,0.0,0.0,0.0,0.0,46.2032,17.3351,57.6863,0.4601,2.2819,0.8778,2.1545,0.0528,5.218,0.0084,0.0
344,6.554,canny_hough,pid,0,0,0,0.0,0.0,,,0.0,48.534,1.0,STOP,3.975,0.0,0.0,0.0,0.0,23.5399,12.9699,77.1018,0.4161,4.7631,0.4823,1.384,0.0578,5.9497,0.0128,0.0
345,6.5792,canny_hough,pid,0,0,0,0.0,0.0,,,0.0,33.9738,1.0,STOP,3.975,0.0,0.0,0.0,0.0,35.2432,15.6978,63.7033,0.6785,1.0689,0.401,1.112,0.0514,5.7359,0.0542,9.2934
346,6.5992,canny_hough,pid,0,0,0,0.0,0.0,,,0.0,23.7817,1.0,STOP,3.975,0.0,0.0,0.0,0.0,37.447,24.2167,41.2938,0.4551,1.085,3.7193,1.9754,0.0425,5.6619,0.0081,0.0
347,6.6099,canny_hough,pid,0,0,0,0.0,0.0,,,0.0,16.6472,1.0,STOP,3.975,0.0,0.0,0.0,0.0,22.1003,19.9897,50.0257,0.4687,0.8765,0.4642,1.2586,0.0748,5.8073,0.0094,0.0
348,6.6216,canny_hough,pid,0,0,0,0.0,0.0,,,0.0,11.653,1.0,STOP,3.975,0.0,0.0,0.0,0.0,33.8369,10.5667,94.6365,0.4563,1.1766,0.5664,2.0512,0.0778,5.7856,0.0099,0.0
349,6.6512,canny_hough,pid,0,0,0,0.0,0.0,,,0.0,8.1571,1.0,STOP,3.975,0.0,0.0,0.0,0.0,46.5031,11.8124,84.6565,0.4629,1.1686,0.4756,2.4532,0.0684,6.2144,0.0143,10.0527
350,6.6626,canny_hough,pid,0,0,0,0.0,0.0,,,0.0,5.71,1.0,STOP,3.975,0.0,0.0,0.0,0.0,11.6544,29.6076,33.7751,0.6263,1.6248,0.4881,1.4902,0.0577,5.4328,0.0085,0.0
351,6.6729,canny_hough,pid,0,0,0,0.0,0.0,,,0.0,3.997,1.0,STOP,3.975,0.0,0.0,0.0,0.0,21.9981,11.2944,88.5392,0.4456,1.2203,0.4666,1.4015,0.0539,5.263,0.0091,0.0
352,6.6843,canny_hough,pid,0,0,0,0.0,0.0,,,0.0,2.7979,1.0,STOP,3.975,0.0,0.0,0.0,0.0,33.3369,10.3638,96.4899,0.665,1.2855,1.0067,1.3698,0.0626,5.2898,0.0087,0.0
353,6.714,canny_hough,pid,0,0,0,0.0,0.0,,,0.0,1.9585,1.0,STOP,3.975,0.0,0.0,0.0,0.0,44.0868,11.7227,85.3049,0.4731,1.1788,0.4622,1.4047,0.0679,5.2374,0.0091,13.0988
354,6.7258,canny_hough,pid,0,0,0,0.0,0.0,,,0.0,1.371,1.0,STOP,3.975,0.0,0.0,0.0,0.0,12.4019,29.6813,33.6912,0.4959,1.2758,0.4951,1.4778,0.0603,6.1144,0.0079,0.0
355,6.7368,canny_hough,pid,0,0,0,0.0,0.0,,,0.0,0.9597,1.0,STOP,3.975,0.0,0.0,0.0,0.0,23.371,11.5571,86.527,0.4568,1.2837,0.5568,1.4586,0.0585,5.5392,0.0094,0.0
356,6.7484,canny_hough,pid,0,0,0,0.0,0.0,,,0.0,0.6718,1.0,STOP,3.975,0.0,0.0,0.0,0.0,34.9367,11.0689,90.3435,0.4723,1.2747,0.5185,1.7518,0.0596,5.7439,0.0108,0.0
357,6.7776,canny_hough,pid,0,0,0,0.0,0.0,,,0.0,0.4702,1.0,STOP,3.975,0.0,0.0,0.0,0.0,49.5964,12.6571,79.0069,0.4981,2.8932,0.4752,2.417,0.0984,5.5185,0.009,10.1199
358,6.7878,canny_hough,pid,0,0,0,0.0,0.0,,,0.0,0.3292,1.0,STOP,3.975,0.0,0.0,0.0,0.0,10.4525,27.8868,35.8592,0.4579,1.1811,0.4889,1.6086,0.052,4.9844,0.0076,0.0
359,6.7993,canny_hough,pid,0,0,0,0.0,0.0,,,0.0,0.2304,1.0,STOP,3.975,0.0,0.0,0.0,0.0,21.9245,10.5983,94.3547,0.48,1.1735,0.48,1.5284,0.0565,5.805,0.0103,0.0
360,6.8118,canny_hough,pid,0,0,0,0.0,0.0,,,0.0,0.1613,1.0,STOP,3.975,0.0,0.0,0.0,0.0,34.4511,11.3795,87.877,0.565,1.3278,0.9485,2.2741,0.049,5.5054,0.0097,0.0
361,6.8386,canny_hough,pid,0,0,0,0.0,0.0,,,0.0,0.1129,1.0,STOP,3.975,0.0,0.0,0.0,0.0,16.2742,12.3338,81.0781,0.5251,1.1907,0.4965,1.6064,0.0569,5.634,0.0105,9.5782
362,6.8515,canny_hough,pid,0,0,0,0.0,0.0,,,0.0,0.079,1.0,STOP,3.975,0.0,0.0,0.0,0.0,44.8469,27.3253,36.5962,0.77,1.1907,0.464,2.3709,0.132,5.7035,0.0127,0.0
363,6.8644,canny_hough,pid,0,0,0,0.0,0.0,,,0.0,0.0553,1.0,STOP,3.975,0.0,0.0,0.0,0.0,24.1471,12.4724,80.1772,0.5163,1.4435,0.4724,2.5635,0.0655,5.9945,0.0168,0.0
364,6.8798,canny_hough,pid,0,0,0,0.0,0.0,,,0.0,0.0387,1.0,STOP,3.975,0.0,0.0,0.0,0.0,39.49,13.329,75.0245,3.3974,1.694,0.5254,1.5945,0.0619,5.9472,0.0097,0.0
365,6.909,canny_hough,pid,0,1,1,0.3,319.0,,458.0768,159.0,47.7271,1.0,STOP,3.975,0.0,0.0,0.0,0.0,14.5686,14.8951,67.1362,0.5302,1.2019,0.4935,1.5128,0.0597,5.8013,0.2218,11.3232
366,6.9205,canny_hough,pid,0,0,0,0.0,0.0,,,0.0,33.409,1.0,STOP,3.975,0.0,0.0,0.0,0.0,12.9047,29.8076,33.5485,0.5289,1.2473,0.4717,1.4247,0.0586,5.4739,0.0079,0.0
367,6.9305,canny_hough,pid,0,0,0,0.0,0.0,,,0.0,23.3863,1.0,STOP,3.975,0.0,0.0,0.0,0.0,22.9758,10.9663,91.1887,0.4645,0.8113,0.4688,1.1099,0.0517,5.4398,0.0097,0.0
368,6.9426,canny_hough,pid,0,0,0,0.0,0.0,,,0.0,16.3704,1.0,STOP,3.975,0.0,0.0,0.0,0.0,35.1069,10.0323,99.6783,0.495,1.2547,0.8486,1.8488,0.0766,5.7531,0.0094,0.0
369,6.9685,canny_hough,pid,0,0,0,0.0,0.0,,,0.0,11.4593,1.0,STOP,3.975,0.0,0.0,0.0,0.0,14.442,12.0584,82.9295,0.4701,0.7338,0.498,1.0494,0.0582,5.6294,0.0091,10.9569
370,6.9786,canny_hough,pid,0,0,0,0.0,0.0,,,0.0,8.0215,1.0,STOP,3.975,0.0,0.0,0.0,0.0,11.6078,25.9921,38.4733,0.4567,1.1674,0.4709,1.5166,0.0581,4.7695,0.0077,0.0
371,6.9892,canny_hough,pid,0,0,0,0.0,0.0,,,0.0,5.615,1.0,STOP,3.975,0.0,0.0,0.0,0.0,22.1829,9.9315,100.6892,0.3994,1.0909,0.4082,1.8187,0.0759,5.151,0.0105,0.0
372,7.0003,canny_hough,pid,0,0,0,0.0,0.0,,,0.0,3.9305,1.0,STOP,3.975,0.0,0.0,0.0,0.0,33.2649,10.6867,93.5743,0.4679,1.1968,0.5927,2.115,0.0517,4.9358,0.0082,0.0
373,7.0242,canny_hough,pid,0,0,0,0.0,0.0,,,0.0,2.7514,1.0,STOP,3.975,0.0,0.0,0.0,0.0,14.6241,10.9118,91.6436,0.3886,1.0224,0.3954,1.2375,0.0497,5.1805,0.0081,8.0668
374,7.0366,canny_hough,pid,0,0,0,0.0,0.0,,,0.0,1.926,1.0,STOP,3.975,0.0,0.0,0.0,0.0,40.8377,24.3144,41.1279,0.577,1.1814,0.5544,2.8138,0.0916,5.18,0.0093,0.0
375,7.0472,canny_hough,pid,0,0,0,0.0,0.0,,,0.0,1.3482,1.0,STOP,3.975,0.0,0.0,0.0,0.0,20.0099,12.2429,81.6803,0.4134,1.0701,0.4263,1.3896,0.0575,5.4262,0.0113,0.0
376,7.0589,canny_hough,pid,0,0,0,0.0,0.0,,,0.0,0.9437,1.0,STOP,3.975,0.0,0.0,0.0,0.0,31.7601,10.7585,92.9497,0.5555,1.2513,0.4366,1.3525,0.0936,6.0001,0.0099,0.0
377,7.0868,canny_hough,pid,0,0,0,0.0,0.0,,,0.0,0.6606,1.0,STOP,3.975,0.0,0.0,0.0,0.0,45.0619,11.9676,83.5586,1.2644,1.3525,1.0014,2.6337,0.0647,4.8299,0.0085,9.0223
378,7.1021,canny_hough,pid,0,0,0,0.0,0.0,,,0.0,0.4624,1.0,STOP,3.975,0.0,0.0,0.0,0.0,32.7994,27.963,35.7616,0.9027,4.257,0.4984,1.4993,0.0595,5.7667,0.0089,0.0
379,7.114,canny_hough,pid,0,0,0,0.0,0.0,,,0.0,0.3237,1.0,STOP,3.975,0.0,0.0,0.0,0.0,23.7294,14.8865,67.175,0.4656,1.2497,0.4958,1.5822,0.0646,6.0777,0.0113,0.0
380,7.1254,canny_hough,pid,0,0,0,0.0,0.0,,,0.0,0.2266,1.0,STOP,3.975,0.0,0.0,0.0,0.0,35.1715,11.7848,84.8551,0.4976,1.2104,0.5316,1.5412,0.0594,5.6371,0.0109,0.0
381,7.1506,canny_hough,pid,0,0,0,0.0,0.0,,,0.0,0.1586,1.0,STOP,3.975,0.0,0.0,0.0,0.0,46.2263,11.6947,85.5085,0.4909,1.1733,0.538,1.2249,0.0631,5.5175,0.0115,9.91
382,7.1645,canny_hough,pid,0,1,1,0.6,319.0,,457.3099,159.0,47.811,1.0,STOP,3.975,0.0,0.0,0.0,0.0,36.9291,24.952,40.0769,0.4946,3.1575,0.4712,1.8001,0.0494,6.159,0.1712,0.0
383,7.1752,canny_hough,pid,0,0,0,0.0,0.0,,,0.0,33.4677,1.0,STOP,3.975,0.0,0.0,0.0,0.0,14.3432,13.8901,71.994,0.4602,1.0249,0.5214,1.0623,0.0524,5.8325,0.0086,0.0
384,7.1855,canny_hough,pid,0,0,0,0.0,0.0,,,0.0,23.4274,1.0,STOP,3.975,0.0,0.0,0.0,0.0,24.6101,10.532,94.9487,0.643,0.8328,0.4747,1.2395,0.0729,5.4527,0.0113,0.0
385,7.2131,canny_hough,pid,0,1,1,0.45,319.0,,457.8225,159.0,64.0992,1.0,STOP,3.975,0.0,0.0,0.0,0.0,13.6623,10.1811,98.2209,0.4457,0.9552,0.5307,1.7339,0.0576,5.5712,0.1902,9.4806
386,7.2314,canny_hough,pid,0,1,1,0.45,319.0,,457.8225,159.0,92.5694,1.0,STOP,3.975,0.0,0.0,0.0,0.0,48.6744,30.9336,32.3273,1.0874,2.6498,0.4996,3.6866,0.0584,5.4065,0.1727,0.0
387,7.2443,canny_hough,pid,0,1,1,0.6,319.0,,457.0717,159.0,112.4986,1.0,STOP,3.975,0.0,0.0,0.0,0.0,26.1741,15.1722,65.91,0.4525,1.882,0.4805,1.5214,0.056,6.5486,0.1985,0.0
388,7.2566,canny_hough,pid,0,1,1,0.6,319.0,,457.0717,159.0,126.449,1.0,STOP,3.975,0.0,0.0,0.0,0.0,38.4935,13.3283,75.028,0.4725,1.5132,0.5589,1.1662,0.0597,6.2945,0.1798,0.0
389,7.2878,canny_hough,pid,0,1,1,0.6,319.0,,457.0717,159.0,136.2143,1.0,STOP,3.975,0.0,0.0,0.0,0.0,51.8817,12.1429,82.3526,0.7294,1.1333,0.4367,2.8232,0.0567,6.1882,0.1835,12.3281
390,7.2997,canny_hough,pid,0,0,0,0.0,0.0,,,0.0,95.35,1.0,STOP,3.975,0.0,0.0,0.0,0.0,19.1306,31.0302,32.2266,0.522,1.1289,0.4326,2.1235,0.0519,5.6497,0.0096,0.0
391,7.3147,canny_hough,pid,0,0,0,0.0,0.0,,,0.0,66.745,1.0,STOP,3.975,0.0,0.0,0.0,0.0,34.2103,12.1307,82.4357,0.4203,1.0166,0.4035,6.2506,0.0436,4.7489,0.0086,0.0
392,7.3246,canny_hough,pid,0,1,1,0.45,319.0,,459.4451,159.0,94.4215,1.0,STOP,3.975,0.0,0.0,0.0,0.0,15.1173,14.5375,68.7877,0.3943,1.1013,0.4227,0.8481,0.0535,5.4273,0.1597,0.0
393,7.3483,canny_hough,pid,0,1,1,0.45,319.0,,459.4451,159.0,113.7951,1.0,STOP,3.975,0.0,0.0,0.0,0.0,25.9931,9.9289,100.7162,0.4017,1.0329,0.4023,1.2554,0.0662,5.103,0.1538,8.9268
394,7.3586,canny_hough,pid,0,0,0,0.0,0.0,,,0.0,79.6565,1.0,STOP,3.975,0.0,0.0,0.0,0.0,19.9803,23.9321,41.7849,0.4232,1.0476,0.4256,1.4423,0.0546,5.038,0.0076,0.0
395,7.3688,canny_hough,pid,0,0,0,0.0,0.0,,,0.0,55.7596,1.0,STOP,3.975,0.0,0.0,0.0,0.0,30.1284,10.2703,97.3682,0.4036,1.0961,0.4816,1.2754,0.0543,5.0841,0.0089,0.0
396,7.3798,canny_hough,pid,0,0,0,0.0,0.0,,,0.0,39.0317,1.0,STOP,3.975,0.0,0.0,0.0,0.0,41.1858,10.1554,98.4698,0.4297,1.0359,0.416,1.6158,0.0576,5.3425,0.0111,0.0
397,7.41,canny_hough,pid,0,0,0,0.0,0.0,,,0.0,27.3222,1.0,STOP,3.975,0.0,0.0,0.0,0.0,55.6186,11.3357,88.217,0.6661,3.3746,0.4659,1.4943,0.0558,6.3141,0.0096,10.1768
398,7.4214,canny_hough,pid,0,0,0,0.0,0.0,,,0.0,19.1255,1.0,STOP,3.975,0.0,0.0,0.0,0.0,19.8936,29.7578,33.6047,0.4587,1.1749,0.5104,1.4248,0.0727,6.1267,0.008,0.0
399,7.4329,canny_hough,pid,0,0,0,0.0,0.0,,,0.0,13.3879,1.0,STOP,3.975,0.0,0.0,0.0,0.0,31.3574,11.3382,88.1975,0.4537,1.2235,0.527,1.4953,0.0762,6.1195,0.0105,0.0
400,7.4469,canny_hough,pid,0,0,0,0.0,0.0,,,0.0,9.3715,1.0,STOP,3.975,0.0,0.0,0.0,0.0,45.3552,13.7281,72.8434,0.4999,1.2365,0.512,1.7223,0.0595,6.1513,0.0091,0.0
401,7.4739,canny_hough,pid,0,1,1,0.6,319.0,,448.1413,159.0,54.2601,1.0,STOP,3.975,0.0,0.0,0.0,0.0,15.4685,11.8229,84.5819,0.4823,1.3201,0.4914,1.3955,0.0555,5.8688,0.1946,9.8537
402,7.4863,canny_hough,pid,0,0,0,0.0,0.0,,,0.0,37.982,1.0,STOP,3.975,0.0,0.0,0.0,0.0,13.3708,27.1929,36.7743,0.481,1.2251,0.5755,2.8828,0.0536,5.4065,0.0082,0.0
403,7.4992,canny_hough,pid,0,0,0,0.0,0.0,,,0.0,26.5874,1.0,STOP,3.975,0.0,0.0,0.0,0.0,26.2907,12.3183,81.1799,0.4768,1.2798,0.5034,2.4104,0.0584,6.473,0.009,0.0
404,7.5104,canny_hough,pid,0,0,0,0.0,0.0,,,0.0,18.6112,1.0,STOP,3.975,0.0,0.0,0.0,0.0,37.4704,13.3706,74.791,0.6608,1.2159,0.4551,1.4743,0.0641,5.168,0.0091,0.0
405,7.5416,canny_hough,pid,0,1,1,0.6,319.0,,455.7036,159.0,60.7278,1.0,STOP,3.975,0.0,0.0,0.0,0.0,21.0925,10.4891,95.3367,0.4453,1.1404,0.5047,1.8515,0.0529,6.7538,0.203,14.5913
406,7.5553,canny_hough,pid,0,0,0,0.0,0.0,,,0.0,42.5095,1.0,STOP,3.975,0.0,0.0,0.0,0.0,21.7502,31.3819,31.8655,0.4894,3.7076,0.5124,1.2881,0.0543,5.7706,0.0098,0.0
407,7.5665,canny_hough,pid,0,0,0,0.0,0.0,,,0.0,29.7566,1.0,STOP,3.975,0.0,0.0,0.0,0.0,32.9927,13.7118,72.9297,0.4816,1.3457,0.4732,1.4335,0.0923,5.6756,0.0092,0.0
408,7.5779,canny_hough,pid,0,0,0,0.0,0.0,,,0.0,20.8296,1.0,STOP,3.975,0.0,0.0,0.0,0.0,44.4195,11.4906,87.0274,0.4887,1.1928,0.5808,1.4538,0.0542,5.7563,0.0088,0.0
409,7.6034,canny_hough,pid,0,1,1,0.45,319.0,,452.4371,159.0,62.2808,1.0,STOP,3.975,0.0,0.0,0.0,0.0,18.3792,11.0087,90.8371,0.4793,1.2488,0.5629,1.3975,0.0582,5.4665,0.1555,8.8355
410,7.6145,canny_hough,pid,0,1,1,0.6,319.0,,441.4875,159.0,91.2965,1.0,STOP,3.975,0.0,0.0,0.0,0.0,22.7941,25.727,38.8697,0.4683,1.1352,0.4483,1.3292,0.0581,5.7634,0.1646,0.0
411,7.6263,canny_hough,pid,0,1,1,0.6,319.0,,441.4875,159.0,111.6076,1.0,STOP,3.975,0.0,0.0,0.0,0.0,34.6507,11.1058,90.0427,0.4283,1.2458,0.4885,1.8601,0.0722,5.6797,0.2453,0.0
412,7.6388,canny_hough,pid,0,1,1,0.6,319.0,,441.4875,159.0,125.8253,1.0,STOP,3.975,0.0,0.0,0.0,0.0,47.1634,12.1676,82.1852,0.4581,1.1677,0.4422,2.411,0.0564,5.7634,0.1854,0.0
413,7.6659,canny_hough,pid,0,1,1,0.6,319.0,,441.4875,159.0,135.7777,1.0,STOP,3.975,0.0,0.0,0.0,0.0,58.3765,11.9857,83.433,0.7445,1.2672,1.0441,1.3603,0.0435,5.1186,0.1663,10.8828
414,7.6756,canny_hough,pid,0,0,0,0.0,0.0,,,0.0,95.0444,1.0,STOP,3.975,0.0,0.0,0.0,0.0,17.603,26.981,37.0632,0.3964,0.7647,0.4315,0.9985,0.0534,5.5085,0.0085,0.0
415,7.6867,canny_hough,pid,0,0,0,0.0,0.0,,,0.0,66.5311,1.0,STOP,3.975,0.0,0.0,0.0,0.0,28.6548,9.8751,101.2643,0.4714,1.1118,0.4988,1.4657,0.0648,5.6424,0.0107,0.0
416,7.6998,canny_hough,pid,0,0,0,0.0,0.0,,,0.0,46.5718,1.0,STOP,3.975,0.0,0.0,0.0,0.0,41.7736,12.1424,82.3558,0.5589,1.2133,0.5192,1.4181,0.0611,6.5334,0.0101,0.0
417,7.7277,canny_hough,pid,0,1,1,0.45,319.0,,455.6083,159.0,80.3002,1.0,STOP,3.975,0.0,0.0,0.0,0.0,18.4374,12.0262,83.1515,0.6185,1.2835,0.5419,3.3356,0.0605,5.8674,0.237,10.3471
418,7.7403,canny_hough,pid,0,0,0,0.0,0.0,,,0.0,56.2102,1.0,STOP,3.975,0.0,0.0,0.0,0.0,21.426,27.8444,35.9139,0.51,2.684,0.4694,1.4366,0.053,5.8397,0.0077,0.0
419,7.7513,canny_hough,pid,0,0,0,0.0,0.0,,,0.0,39.3471,1.0,STOP,3.975,0.0,0.0,0.0,0.0,32.454,12.581,79.4851,0.4817,1.3661,0.4996,1.3645,0.0775,5.6214,0.0089,0.0
420,7.7617,canny_hough,pid,0,1,1,0.6,319.0,,455.8255,159.0,75.243,1.0,STOP,3.975,0.0,0.0,0.0,0.0,13.0075,10.879,91.9204,0.4478,1.2388,0.4659,1.1342,0.0524,5.4252,0.2143,0.0
421,7.7912,canny_hough,pid,0,1,1,0.6,319.0,,455.8255,159.0,100.3701,1.0,STOP,3.975,0.0,0.0,0.0,0.0,24.4282,10.5799,94.5187,0.4707,1.1738,0.4701,1.56,0.0565,5.8492,0.1747,12.5962
422,7.8024,canny_hough,pid,0,1,1,0.6,319.0,,450.206,159.0,117.9591,1.0,STOP,3.975,0.0,0.0,0.0,0.0,19.3522,29.6101,33.7723,0.3979,1.1418,0.4573,1.3079,0.0573,5.9152,0.1868,0.0
423,7.8139,canny_hough,pid,0,1,1,0.6,319.0,,450.206,159.0,130.2713,1.0,STOP,3.975,0.0,0.0,0.0,0.0,30.8527,10.9943,90.9559,0.3862,1.1679,0.4928,2.0787,0.0644,5.3583,0.2505,0.0
424,7.8275,canny_hough,pid,0,1,1,0.6,319.0,,450.206,159.0,138.8899,1.0,STOP,3.975,0.0,0.0,0.0,0.0,44.5335,11.9579,83.627,0.5098,3.6903,0.7757,1.4363,0.0539,4.9119,0.32,0.0
425,7.8508,canny_hough,pid,0,0,0,0.0,0.0,,,0.0,97.223,1.0,STOP,3.975,0.0,0.0,0.0,0.0,17.3941,13.0581,76.5805,0.3849,1.0575,0.4039,1.3702,0.0646,4.8327,0.0089,8.5385
426,7.8636,canny_hough,pid,0,0,0,0.0,0.0,,,0.0,68.0561,1.0,STOP,3.975,0.0,0.0,0.0,0.0,43.873,23.533,42.4936,0.4327,2.3872,0.483,1.4334,0.0558,6.2783,0.0076,0.0
427,7.875,canny_hough,pid,0,0,0,0.0,0.0,,,0.0,47.6392,1.0,STOP,3.975,0.0,0.0,0.0,0.0,14.2722,13.4351,74.4318,0.4614,1.1501,0.4555,1.3059,0.0749,5.4355,0.009,0.0
428,7.8866,canny_hough,pid,0,0,0,0.0,0.0,,,0.0,33.3475,1.0,STOP,3.975,0.0,0.0,0.0,0.0,25.9503,12.0282,83.1382,0.8482,1.1574,0.461,1.4007,0.0553,4.8113,0.0081,0.0
429,7.914,canny_hough,pid,0,1,1,0.6,319.0,,457.6558,159.0,71.0432,1.0,STOP,3.975,0.0,0.0,0.0,0.0,20.52,10.1271,98.7448,0.4349,1.3412,0.5325,1.1847,0.0534,6.7751,0.1765,11.1846
430,7.9253,canny_hough,pid,0,0,0,0.0,0.0,,,0.0,49.7303,1.0,STOP,3.975,0.0,0.0,0.0,0.0,20.6537,27.5774,36.2616,0.5109,1.2023,0.513,1.5597,0.0575,5.6507,0.0084,0.0
431,7.9384,canny_hough,pid,0,0,0,0.0,0.0,,,0.0,34.8112,1.0,STOP,3.975,0.0,0.0,0.0,0.0,33.7565,11.5352,86.6911,0.5181,1.4182,0.6158,2.4236,0.0894,6.0894,0.0094,0.0
432,7.9529,canny_hough,pid,0,0,0,0.0,0.0,,,0.0,24.3678,1.0,STOP,3.975,0.0,0.0,0.0,0.0,48.2787,13.9482,71.6937,0.613,2.8074,1.0156,1.7672,0.0469,5.4983,0.0103,0.0
433,7.9802,canny_hough,pid,0,0,0,0.0,0.0,,,0.0,17.0575,1.0,STOP,3.975,0.0,0.0,0.0,0.0,17.4636,13.4744,74.2149,0.4553,1.2026,0.5171,1.5539,0.0718,5.5577,0.0092,10.362
434,7.9916,canny_hough,pid,0,0,0,0.0,0.0,,,0.0,11.9402,1.0,STOP,3.975,0.0,0.0,0.0,0.0,23.2501,27.2759,36.6625,0.4632,1.6671,0.5276,1.3416,0.0572,5.6344,0.0083,0.0
435,8.0028,canny_hough,pid,0,0,0,0.0,0.0,,,0.0,8.3582,1.0,STOP,3.975,0.0,0.0,0.0,0.0,34.4488,11.295,88.5347,0.5253,1.2102,0.5004,1.2759,0.0687,5.9899,0.0088,0.0
436,8.0152,canny_hough,pid,0,0,0,0.0,0.0,,,0.0,5.8507,1.0,STOP,3.975,0.0,0.0,0.0,0.0,15.0666,11.1355,89.8026,0.5111,1.4585,0.4754,2.3617,0.0612,5.9946,0.0096,0.0
437,8.0455,canny_hough,pid,0,0,0,0.0,0.0,,,0.0,4.0955,1.0,STOP,3.975,0.0,0.0,0.0,0.0,28.3885,12.5147,79.9062,0.4753,1.2609,0.479,3.2719,0.0653,6.1058,0.0092,11.4413
438,8.0602,canny_hough,pid,0,1,1,0.6,319.0,,459.4771,159.0,50.5669,1.0,STOP,3.975,0.0,0.0,0.0,0.0,27.2789,30.6538,32.6224,0.5602,3.8434,0.5131,1.5718,0.0556,5.9991,0.1974,0.0
439,8.0724,canny_hough,pid,0,1,1,0.6,319.0,,459.4771,159.0,83.0968,1.0,STOP,3.975,0.0,0.0,0.0,0.0,39.4277,14.8442,67.3664,0.987,0.9329,0.4384,1.5842,0.0479,5.9202,0.1714,0.0
440,8.0826,canny_hough,pid,0,0,0,0.0,0.0,,,0.0,58.1678,1.0,STOP,3.975,0.0,0.0,0.0,0.0,13.8614,11.5973,86.227,0.4732,0.7583,0.4863,0.9571,0.0671,5.8718,0.0091,0.0
441,8.1073,canny_hough,pid,0,0,0,0.0,0.0,,,0.0,40.7174,1.0,STOP,3.975,0.0,0.0,0.0,0.0,25.1177,10.4085,96.0751,0.4907,0.8557,0.4785,1.2901,0.0702,6.2668,0.0148,9.4211
442,8.1175,canny_hough,pid,0,0,0,0.0,0.0,,,0.0,28.5022,1.0,STOP,3.975,0.0,0.0,0.0,0.0,17.1612,24.7062,40.4756,0.4186,1.1124,0.4221,1.0401,0.0497,5.2839,0.0101,0.0
443,8.1287,canny_hough,pid,0,0,0,0.0,0.0,,,0.0,19.9515,1.0,STOP,3.975,0.0,0.0,0.0,0.0,28.3556,10.0717,99.2881,0.4244,1.1247,0.4533,2.1969,0.0477,5.3813,0.0088,0.0
444,8.1422,canny_hough,pid,0,0,0,0.0,0.0,,,0.0,13.9661,1.0,STOP,3.975,0.0,0.0,0.0,0.0,16.4945,14.5754,68.609,0.4169,1.0248,0.4191,1.3304,0.0569,5.2847,0.008,0.0
445,8.1676,canny_hough,pid,0,0,0,0.0,0.0,,,0.0,9.7763,1.0,STOP,3.975,0.0,0.0,0.0,0.0,26.5397,9.8787,101.2275,0.3987,1.1354,0.4701,1.3286,0.0593,5.24,0.0092,9.5017
446,8.1781,canny_hough,pid,0,0,0,0.0,0.0,,,0.0,6.8434,1.0,STOP,3.975,0.0,0.0,0.0,0.0,18.8694,25.6722,38.9526,0.4842,1.047,0.4273,1.3543,0.058,5.4518,0.0075,0.0
447,8.1894,canny_hough,pid,0,0,0,0.0,0.0,,,0.0,4.7904,1.0,STOP,3.975,0.0,0.0,0.0,0.0,30.1381,10.5428,94.8511,0.4049,1.1283,0.6584,1.4605,0.0756,5.6108,0.013,0.0
448,8.2039,canny_hough,pid,0,0,0,0.0,0.0,,,0.0,3.3533,1.0,STOP,3.975,0.0,0.0,0.0,0.0,44.7109,11.7749,84.9264,1.7097,2.4096,0.5354,1.7656,0.0986,5.6394,0.0087,0.0
449,8.2318,canny_hough,pid,0,0,0,0.0,0.0,,,0.0,2.3473,1.0,STOP,3.975,0.0,0.0,0.0,0.0,20.2999,13.9352,71.7609,0.5221,1.2393,0.4932,1.5763,0.0581,6.652,0.0094,10.48
450,8.2455,canny_hough,pid,0,0,0,0.0,0.0,,,0.0,1.6431,1.0,STOP,3.975,0.0,0.0,0.0,0.0,22.1133,28.2053,35.4544,0.5154,1.616,0.5239,2.0671,0.0633,6.6913,0.0115,0.0
451,8.2577,canny_hough,pid,0,0,0,0.0,0.0,,,0.0,1.1502,1.0,STOP,3.975,0.0,0.0,0.0,0.0,34.3398,13.4036,74.6071,0.5004,1.3384,0.6009,1.7047,0.0585,6.2895,0.0109,0.0
452,8.2733,canny_hough,pid,0,0,0,0.0,0.0,,,0.0,0.8051,1.0,STOP,3.975,0.0,0.0,0.0,0.0,49.8832,12.9838,77.0192,0.6316,2.9973,0.5238,2.9811,0.055,5.8688,0.0083,0.0
453,8.2992,canny_hough,pid,0,1,1,0.45,319.0,,452.5587,159.0,48.2636,1.0,STOP,3.975,0.0,0.0,0.0,0.0,25.1062,14.6888,68.0791,0.4368,1.2808,0.4932,1.8849,0.0434,6.9707,0.1726,9.4158
454,8.3095,canny_hough,pid,0,0,0,0.0,0.0,,,0.0,33.7845,1.0,STOP,3.975,0.0,0.0,0.0,0.0,26.6619,25.9846,38.4844,0.4375,1.2249,0.518,1.5437,0.0534,4.9446,0.0078,0.0
455,8.3227,canny_hough,pid,0,0,0,0.0,0.0,,,0.0,23.6492,1.0,STOP,3.975,0.0,0.0,0.0,0.0,39.8072,10.4077,96.0824,0.4073,1.125,0.4416,4.4073,0.0519,4.9351,0.0089,0.0
456,8.3322,canny_hough,pid,0,0,0,0.0,0.0,,,0.0,16.5544,1.0,STOP,3.975,0.0,0.0,0.0,0.0,13.8816,13.0447,76.6594,0.4053,1.095,0.4279,1.1541,0.0582,4.9144,0.0086,0.0
457,8.3578,canny_hough,pid,0,0,0,0.0,0.0,,,0.0,11.5881,1.0,STOP,3.975,0.0,0.0,0.0,0.0,23.7915,9.6795,103.3114,0.4296,1.0583,0.4849,1.2038,0.0645,5.0381,0.0083,9.9672
458,8.3681,canny_hough,pid,0,1,1,0.6,319.0,,459.0403,159.0,55.8117,1.0,STOP,3.975,0.0,0.0,0.0,0.0,21.5934,25.485,39.2388,0.3996,1.0188,0.3991,1.2183,0.0631,5.4872,0.1605,0.0
459,8.3788,canny_hough,pid,0,1,1,0.6,319.0,,459.0403,159.0,86.7682,1.0,STOP,3.975,0.0,0.0,0.0,0.0,32.3524,10.2946,97.1382,0.4124,1.0284,0.491,1.6114,0.0591,5.3873,0.1596,0.0
460,8.3924,canny_hough,pid,0,1,1,0.6,319.0,,458.5485,159.0,108.4377,1.0,STOP,3.975,0.0,0.0,0.0,0.0,16.3261,10.6359,94.0216,0.4646,4.0835,0.457,1.5387,0.0563,5.3868,0.1515,0.0
461,8.4205,canny_hough,pid,0,1,1,0.6,319.0,,458.5485,159.0,123.6064,1.0,STOP,3.975,0.0,0.0,0.0,0.0,27.9734,13.7353,72.8053,0.4204,1.135,0.439,1.7806,0.0712,5.974,0.1742,10.0036
462,8.432,canny_hough,pid,0,0,0,0.0,0.0,,,0.0,86.5245,1.0,STOP,3.975,0.0,0.0,0.0,0.0,11.894,28.2694,35.374,0.4739,1.8759,0.4998,1.3509,0.054,5.4164,0.0093,0.0
463,8.4507,canny_hough,pid,0,0,0,0.0,0.0,,,0.0,60.5671,1.0,STOP,3.975,0.0,0.0,0.0,0.0,30.5768,11.3901,87.7959,0.4606,6.0702,0.7007,4.3822,0.0397,5.2917,0.01,0.0
464,8.4615,canny_hough,pid,0,0,0,0.0,0.0,,,0.0,42.397,1.0,STOP,3.975,0.0,0.0,0.0,0.0,17.101,18.4723,54.135,0.4493,1.198,0.4592,1.353,0.0639,5.7789,0.0121,0.0
465,8.4899,canny_hough,pid,0,0,0,0.0,0.0,,,0.0,29.6779,1.0,STOP,3.975,0.0,0.0,0.0,0.0,29.3064,11.0035,90.8806,0.4799,1.181,0.4722,1.801,0.0829,6.4227,0.0109,12.0348
466,8.5029,canny_hough,pid,0,1,1,0.45,319.0,,449.0836,159.0,68.4745,1.0,STOP,3.975,0.0,0.0,0.0,0.0,22.3504,28.4625,35.134,0.4953,1.4891,0.5311,2.8354,0.0559,5.752,0.1712,0.0
467,8.516,canny_hough,pid,0,1,1,0.45,319.0,,449.0836,159.0,95.6322,1.0,STOP,3.975,0.0,0.0,0.0,0.0,35.4592,13.2536,75.4514,0.5983,2.1372,0.4805,1.7011,0.0545,6.0192,0.1704,0.0
468,8.5275,canny_hough,pid,0,0,0,0.0,0.0,,,0.0,66.9425,1.0,STOP,3.975,0.0,0.0,0.0,0.0,20.941,12.8852,77.6082,0.4976,1.2335,0.4933,1.4726,0.0644,5.854,0.0092,0.0
469,8.5554,canny_hough,pid,0,0,0,0.0,0.0,,,0.0,46.8598,1.0,STOP,3.975,0.0,0.0,0.0,0.0,32.9739,11.685,85.5798,0.8236,1.3327,0.7031,1.5563,0.0592,5.5889,0.0098,10.0133
470,8.5687,canny_hough,pid,0,0,0,0.0,0.0,,,0.0,32.8018,1.0,STOP,3.975,0.0,0.0,0.0,0.0,27.8471,27.7137,36.0832,0.5623,1.2648,0.485,3.4739,0.0612,5.5723,0.0085,0.0
471,8.5808,canny_hough,pid,0,0,0,0.0,0.0,,,0.0,22.9613,1.0,STOP,3.975,0.0,0.0,0.0,0.0,40.0216,13.7883,72.5251,0.484,1.2146,0.5836,2.4495,0.0473,5.0947,0.0093,0.0
472,8.5938,canny_hough,pid,0,0,0,0.0,0.0,,,0.0,16.0729,1.0,STOP,3.975,0.0,0.0,0.0,0.0,19.499,11.4794,87.1123,0.4776,1.3157,0.4918,2.4633,0.0794,6.43,0.0098,0.0
473,8.6193,canny_hough,pid,0,0,0,0.0,0.0,,,0.0,11.251,1.0,STOP,3.975,0.0,0.0,0.0,0.0,31.2546,13.6512,73.2536,0.7564,1.549,0.5133,1.2437,0.0512,5.4059,0.0088,8.6216
474,8.6328,canny_hough,pid,0,1,1,0.6,319.0,,452.4038,159.0,55.5757,1.0,STOP,3.975,0.0,0.0,0.0,0.0,34.7601,24.8371,40.2624,0.4533,1.3141,0.5136,1.562,0.0473,7.8412,0.1979,0.0
475,8.6466,canny_hough,pid,0,1,1,0.6,319.0,,452.4038,159.0,86.603,1.0,STOP,3.975,0.0,0.0,0.0,0.0,48.4882,15.7829,63.3596,0.4984,1.3289,0.5398,1.2195,0.0632,6.05,0.1744,0.0
476,8.6586,canny_hough,pid,0,0,0,0.0,0.0,,,0.0,60.6221,1.0,STOP,3.975,0.0,0.0,0.0,0.0,21.4124,11.5733,86.4059,0.4885,1.4558,0.5296,1.4414,0.071,6.2297,0.0092,0.0
477,8.6848,canny_hough,pid,0,0,0,0.0,0.0,,,0.0,42.4355,1.0,STOP,3.975,0.0,0.0,0.0,0.0,34.0454,12.2463,81.6574,1.1333,1.4655,0.5231,1.5991,0.0467,5.9133,0.0104,9.4817
478,8.699,canny_hough,pid,0,1,1,0.6,319.0,,454.0526,159.0,77.4048,1.0,STOP,3.975,0.0,0.0,0.0,0.0,33.2317,25.9697,38.5064,0.4665,1.1864,1.2595,2.8334,0.0571,6.2034,0.1764,0.0
479,8.7097,canny_hough,pid,0,1,1,0.6,319.0,,454.0526,159.0,101.8834,1.0,STOP,3.975,0.0,0.0,0.0,0.0,43.9377,14.3671,69.6036,0.7745,1.0981,0.465,0.9478,0.0554,5.4143,0.1754,0.0
480,8.7211,canny_hough,pid,0,0,0,0.0,0.0,,,0.0,71.3184,1.0,STOP,3.975,0.0,0.0,0.0,0.0,19.7954,10.5435,94.8455,0.503,1.1736,0.5349,1.2244,0.0652,6.0435,0.0111,0.0
481,8.748,canny_hough,pid,0,0,0,0.0,0.0,,,0.0,49.9229,1.0,STOP,3.975,0.0,0.0,0.0,0.0,31.2453,11.6439,85.8822,0.4766,1.2012,0.475,1.1148,0.0576,6.1071,0.0105,9.4428
482,8.7596,canny_hough,pid,0,0,0,0.0,0.0,,,0.0,34.946,1.0,STOP,3.975,0.0,0.0,0.0,0.0,26.4115,26.9373,37.1233,0.491,1.1977,0.4785,1.6138,0.0703,5.6924,0.0075,0.0
483,8.7776,canny_hough,pid,0,0,0,0.0,0.0,,,0.0,24.4622,1.0,STOP,3.975,0.0,0.0,0.0,0.0,44.433,17.3013,57.7992,0.495,1.2032,0.6419,1.4057,0.0581,6.4324,0.0099,0.0
484,8.7898,canny_hough,pid,0,1,1,0.45,319.0,,455.6083,159.0,64.8235,1.0,STOP,3.975,0.0,0.0,0.0,0.0,23.2757,12.1432,82.3508,0.5208,1.3438,0.5624,1.9287,0.0462,5.7821,0.1734,0.0
485,8.8165,canny_hough,pid,0,1,1,0.3,319.0,,456.7352,159.0,93.0765,1.0,STOP,3.975,0.0,0.0,0.0,0.0,13.9903,11.8425,84.4413,0.4519,1.16,0.5068,1.2732,0.073,5.7935,0.1819,9.8651
486,8.8309,canny_hough,pid,0,1,1,0.3,319.0,,456.7352,159.0,112.8535,1.0,STOP,3.975,0.0,0.0,0.0,0.0,44.1429,27.7955,35.9771,0.7184,1.8592,0.9394,1.6544,0.0619,6.3327,0.1831,0.0
487,8.845,canny_hough,pid,0,1,1,0.45,319.0,,451.766,159.0,126.6975,1.0,STOP,3.975,0.0,0.0,0.0,0.0,23.0596,13.7233,72.8686,0.8056,1.359,1.7513,2.6767,0.0581,5.3746,0.1784,0.0
488,8.8566,canny_hough,pid,0,1,1,0.45,319.0,,451.766,159.0,136.3882,1.0,STOP,3.975,0.0,0.0,0.0,0.0,34.7371,13.8222,72.3474,0.4754,1.4972,0.739,1.2082,0.0547,5.9504,0.1763,0.0
489,8.8846,canny_hough,pid,0,1,1,0.6,319.0,,454.0632,159.0,143.1718,1.0,STOP,3.975,0.0,0.0,0.0,0.0,15.1872,11.7802,84.8882,0.5054,0.7682,0.4757,1.7206,0.0532,6.0476,0.1923,12.2039
490,8.8955,canny_hough,pid,0,0,0,0.0,0.0,,,0.0,100.2202,1.0,STOP,3.975,0.0,0.0,0.0,0.0,16.8375,27.8652,35.887,0.4794,0.7948,0.478,1.696,0.0628,5.6875,0.0076,0.0
491,8.9077,canny_hough,pid,0,0,0,0.0,0.0,,,0.0,70.1542,1.0,STOP,3.975,0.0,0.0,0.0,0.0,29.0265,10.7732,92.8229,0.5251,0.745,0.4481,3.216,0.056,5.6312,0.009,0.0
492,8.9186,canny_hough,pid,0,0,0,0.0,0.0,,,0.0,49.1079,1.0,STOP,3.975,0.0,0.0,0.0,0.0,39.9785,12.2928,81.3484,0.5834,1.0497,0.6823,1.491,0.0625,5.3807,0.0081,0.0
493,8.9425,canny_hough,pid,0,0,0,0.0,0.0,,,0.0,34.3755,1.0,STOP,3.975,0.0,0.0,0.0,0.0,9.3665,11.0704,90.3311,0.4171,1.0527,0.3991,1.3202,0.0505,4.8021,0.0133,8.1723
494,8.9529,canny_hough,pid,0,1,1,0.6,319.0,,456.3477,159.0,71.7629,1.0,STOP,3.975,0.0,0.0,0.0,0.0,10.974,23.5588,42.447,0.3954,1.0719,0.5051,1.5954,0.0711,5.1011,0.1637,0.0
495,8.9632,canny_hough,pid,0,1,1,0.6,319.0,,456.3477,159.0,97.934,1.0,STOP,3.975,0.0,0.0,0.0,0.0,21.3739,10.6064,94.2829,0.4191,1.0251,0.4028,1.3717,0.0632,5.3359,0.1521,0.0
496,8.9737,canny_hough,pid,0,1,1,0.6,319.0,,456.3477,159.0,116.2538,1.0,STOP,3.975,0.0,0.0,0.0,0.0,31.8393,10.1224,98.7905,0.3899,1.0795,0.4516,1.2377,0.0934,5.6322,0.1528,0.0
497,8.9998,canny_hough,pid,0,1,1,0.6,319.0,,456.3477,159.0,129.0777,1.0,STOP,3.975,0.0,0.0,0.0,0.0,43.4862,10.9047,91.7035,0.4085,1.0778,0.4846,1.9424,0.0684,5.6021,0.2302,8.5984
498,9.0131,canny_hough,pid,0,1,1,0.6,319.0,,457.3784,159.0,138.0544,1.0,STOP,3.975,0.0,0.0,0.0,0.0,27.0996,26.1046,38.3075,0.4125,1.1733,0.5131,2.5794,0.0632,6.4282,0.1716,0.0
499,9.0256,canny_hough,pid,0,1,1,0.6,319.0,,457.3784,159.0,144.3381,1.0,STOP,3.975,0.0,0.0,0.0,0.0,39.6059,13.4519,74.3387,0.4626,1.2643,0.5116,2.0098,0.0566,5.9847,0.2034,0.0
500,9.0369,canny_hough,pid,0,0,0,0.0,0.0,,,0.0,101.0366,1.0,STOP,3.975,0.0,0.0,0.0,0.0,22.9694,12.0158,83.2239,0.453,1.3662,0.4922,1.1476,0.082,6.0236,0.0093,0.0
501,9.0613,canny_hough,pid,0,0,0,0.0,0.0,,,0.0,70.7256,1.0,STOP,3.975,0.0,0.0,0.0,0.0,33.7304,11.6155,86.0921,0.7173,0.7092,0.473,1.6202,0.0575,5.3152,0.0091,9.4669
502,9.0736,canny_hough,pid,0,0,0,0.0,0.0,,,0.0,49.508,1.0,STOP,3.975,0.0,0.0,0.0,0.0,35.2501,24.1342,41.435,0.455,0.7662,0.5186,1.5403,0.0643,7.2946,0.0082,0.0
503,9.0859,canny_hough,pid,0,0,0,0.0,0.0,,,0.0,34.6556,1.0,STOP,3.975,0.0,0.0,0.0,0.0,47.5292,12.886,77.6035,0.4784,1.1593,0.5496,1.8578,0.0769,5.8332,0.0093,0.0
504,9.0983,canny_hough,pid,0,1,1,0.45,319.0,,451.7941,159.0,71.9589,1.0,STOP,3.975,0.0,0.0,0.0,0.0,21.0687,11.8648,84.2826,0.496,1.4428,0.5239,2.0979,0.0582,5.8194,0.175,0.0
505,9.1276,canny_hough,pid,0,1,1,0.45,319.0,,451.7941,159.0,98.0712,1.0,STOP,3.975,0.0,0.0,0.0,0.0,35.1592,12.5359,79.7708,0.4675,1.9059,0.4674,3.7781,0.0461,5.4177,0.1708,9.3683
506,9.1419,canny_hough,pid,0,1,1,0.6,319.0,,458.314,159.0,116.3499,1.0,STOP,3.975,0.0,0.0,0.0,0.0,35.9831,29.5831,33.8031,0.8804,1.7336,0.5116,2.7703,0.0661,5.9546,0.1779,0.0
507,9.1552,canny_hough,pid,0,0,0,0.0,0.0,,,0.0,81.4449,1.0,STOP,3.975,0.0,0.0,0.0,0.0,23.4555,13.7999,72.4643,0.4903,1.2551,0.5529,2.6337,0.0595,6.4645,0.0103,0.0
508,9.1678,canny_hough,pid,0,0,0,0.0,0.0,,,0.0,57.0114,1.0,STOP,3.975,0.0,0.0,0.0,0.0,36.0467,13.4481,74.36,0.5616,1.2645,0.4911,2.7217,0.056,5.542,0.0096,0.0
509,9.1956,canny_hough,pid,0,0,0,0.0,0.0,,,0.0,39.908,1.0,STOP,3.975,0.0,0.0,0.0,0.0,48.519,12.9502,77.219,0.6822,1.5299,0.9802,1.7328,0.0595,5.218,0.0091,9.6791
510,9.2068,canny_hough,pid,0,0,0,0.0,0.0,,,0.0,27.9356,1.0,STOP,3.975,0.0,0.0,0.0,0.0,11.8988,27.2555,36.6898,0.566,1.2646,0.4852,1.4987,0.0711,5.572,0.0079,0.0
511,9.2182,canny_hough,pid,0,0,0,0.0,0.0,,,0.0,19.5549,1.0,STOP,3.975,0.0,0.0,0.0,0.0,23.3422,11.1018,90.0756,0.4581,1.2894,0.5272,1.5004,0.0622,5.9538,0.0095,0.0
512,9.2298,canny_hough,pid,0,0,0,0.0,0.0,,,0.0,13.6884,1.0,STOP,3.975,0.0,0.0,0.0,0.0,34.9655,11.5383,86.668,0.456,1.2903,0.5034,1.4396,0.0569,6.1722,0.0096,0.0
513,9.2559,canny_hough,pid,0,0,0,0.0,0.0,,,0.0,9.5819,1.0,STOP,3.975,0.0,0.0,0.0,0.0,46.3655,11.7809,84.8833,0.4711,1.2478,0.5562,1.5243,0.0644,5.6007,0.0095,9.7889
514,9.2664,canny_hough,pid,0,0,0,0.0,0.0,,,0.0,6.7073,1.0,STOP,3.975,0.0,0.0,0.0,0.0,35.9179,26.1723,38.2084,0.473,1.2768,0.4569,1.1657,0.0604,5.1267,0.0074,0.0
515,9.277,canny_hough,pid,0,1,1,0.45,319.0,,457.3245,159.0,52.3951,1.0,STOP,3.975,0.0,0.0,0.0,0.0,18.5881,9.9925,100.0747,0.4553,0.7867,0.5004,1.3266,0.0506,5.8475,0.1954,0.0
516,9.2881,canny_hough,pid,0,1,1,0.45,319.0,,457.3245,159.0,84.3766,1.0,STOP,3.975,0.0,0.0,0.0,0.0,29.7529,10.7885,92.6916,0.4953,0.7485,0.4608,1.0257,0.0712,6.3135,0.1706,0.0
517,9.3169,canny_hough,pid,0,1,1,0.45,319.0,,457.3245,159.0,106.7636,1.0,STOP,3.975,0.0,0.0,0.0,0.0,42.761,11.3449,88.1457,0.7261,2.2064,0.4996,1.8466,0.0579,5.6144,0.1744,9.4161
518,9.3339,canny_hough,pid,0,1,1,0.6,319.0,,452.5269,159.0,122.4345,1.0,STOP,3.975,0.0,0.0,0.0,0.0,44.3599,28.7958,34.7273,0.4635,6.5168,0.5313,1.6386,0.0596,5.8174,0.1794,0.0
519,9.3467,canny_hough,pid,0,0,0,0.0,0.0,,,0.0,85.7042,1.0,STOP,3.975,0.0,0.0,0.0,0.0,21.2547,16.725,59.7906,0.4557,1.1582,0.5071,1.3836,0.0703,7.5331,0.0114,0.0
520,9.3608,canny_hough,pid,0,0,0,0.0,0.0,,,0.0,59.9929,1.0,STOP,3.975,0.0,0.0,0.0,0.0,35.3981,14.4043,69.4236,1.1515,1.9661,0.5617,1.811,0.0551,5.37,0.0095,0.0
521,9.3908,canny_hough,pid,0,1,1,0.45,319.0,,452.6018,159.0,89.695,1.0,STOP,3.975,0.0,0.0,0.0,0.0,21.993,12.5551,79.649,0.4476,1.2664,0.5488,1.6157,0.0555,7.32,0.21,11.1862
522,9.4042,canny_hough,pid,0,0,0,0.0,0.0,,,0.0,62.7865,1.0,STOP,3.975,0.0,0.0,0.0,0.0,21.8494,30.1806,33.1338,0.4958,1.7754,0.5295,2.4964,0.0558,6.147,0.0097,0.0
523,9.4156,canny_hough,pid,0,0,0,0.0,0.0,,,0.0,43.9506,1.0,STOP,3.975,0.0,0.0,0.0,0.0,33.2478,13.3381,74.973,0.4889,0.8083,0.4912,2.1581,0.0576,5.5532,0.016,0.0
524,9.429,canny_hough,pid,0,0,0,0.0,0.0,,,0.0,30.7654,1.0,STOP,3.975,0.0,0.0,0.0,0.0,46.6526,11.2588,88.8193,1.8023,2.2457,0.5077,1.449,0.0543,5.7194,0.0093,0.0
525,9.4548,canny_hough,pid,0,0,0,0.0,0.0,,,0.0,21.5358,1.0,STOP,3.975,0.0,0.0,0.0,0.0,20.6247,13.3589,74.8566,0.491,1.2333,0.5037,1.859,0.0654,6.0665,0.0091,9.8571
526,9.4666,canny_hough,pid,0,0,0,0.0,0.0,,,0.0,15.075,1.0,STOP,3.975,0.0,0.0,0.0,0.0,21.7798,26.1993,38.1689,0.5198,1.3241,0.4849,1.5376,0.0733,5.8042,0.0142,0.0
527,9.4777,canny_hough,pid,0,0,0,0.0,0.0,,,0.0,10.5525,1.0,STOP,3.975,0.0,0.0,0.0,0.0,32.8883,11.4838,87.0795,0.4706,1.2445,0.5059,1.5349,0.0656,5.5967,0.0091,0.0
528,9.4891,canny_hough,pid,0,0,0,0.0,0.0,,,0.0,7.3868,1.0,STOP,3.975,0.0,0.0,0.0,0.0,44.284,11.09,90.1716,0.455,1.1672,0.4701,1.5683,0.0556,6.0155,0.0087,0.0
529,9.5156,canny_hough,pid,0,0,0,0.0,0.0,,,0.0,5.1707,1.0,STOP,3.975,0.0,0.0,0.0,0.0,55.674,11.5792,86.3616,0.4712,1.2477,0.4708,1.7718,0.0579,5.5328,0.0095,9.3183
530,9.5268,canny_hough,pid,0,1,1,0.6,319.0,,453.1774,159.0,51.3195,1.0,STOP,3.975,0.0,0.0,0.0,0.0,21.8449,26.2209,38.1375,0.7033,1.191,0.458,1.354,0.0739,5.6887,0.189,0.0
531,9.5389,canny_hough,pid,0,1,1,0.6,319.0,,453.1774,159.0,83.6237,1.0,STOP,3.975,0.0,0.0,0.0,0.0,33.9246,11.3988,87.7285,0.5049,1.2857,0.4885,1.6581,0.0588,6.1817,0.174,0.0
532,9.553,canny_hough,pid,0,1,1,0.6,319.0,,453.1774,159.0,106.2366,1.0,STOP,3.975,0.0,0.0,0.0,0.0,48.0107,13.0326,76.7308,0.5127,1.2441,0.4971,1.6244,0.1484,6.8527,0.1762,0.0
533,9.5828,canny_hough,pid,0,0,0,0.0,0.0,,,0.0,74.3656,1.0,STOP,3.975,0.0,0.0,0.0,0.0,17.9938,13.1442,76.079,0.5763,1.2403,0.4649,1.7622,0.0715,6.1446,0.0101,11.9955
534,9.5942,canny_hough,pid,0,1,1,0.6,319.0,,446.8693,159.0,99.7559,1.0,STOP,3.975,0.0,0.0,0.0,0.0,22.8603,29.8419,33.5099,0.4642,1.242,0.5327,1.2033,0.0583,5.9517,0.1823,0.0
535,9.6075,canny_hough,pid,0,1,1,0.6,319.0,,446.8693,159.0,117.5291,1.0,STOP,3.975,0.0,0.0,0.0,0.0,36.1625,11.182,89.4291,0.4497,1.6237,0.8366,2.5741,0.0507,5.8618,0.1988,0.0
536,9.6185,canny_hough,pid,0,1,1,0.6,319.0,,446.8693,159.0,129.9704,1.0,STOP,3.975,0.0,0.0,0.0,0.0,47.1563,13.664,73.1849,0.5144,0.7562,0.4721,1.3531,0.0621,5.7347,0.1734,0.0
537,9.6444,canny_hough,pid,0,0,0,0.0,0.0,,,0.0,90.9793,1.0,STOP,3.975,0.0,0.0,0.0,0.0,21.2279,10.633,94.0464,0.4966,1.2447,0.5045,1.6533,0.0538,5.4637,0.0093,10.5271
538,9.6557,canny_hough,pid,0,0,0,0.0,0.0,,,0.0,63.6855,1.0,STOP,3.975,0.0,0.0,0.0,0.0,47.3635,26.2837,38.0463,0.4868,1.1959,0.4819,1.4827,0.0548,5.5865,0.0081,0.0
539,9.6687,canny_hough,pid,0,0,0,0.0,0.0,,,0.0,44.5798,1.0,STOP,3.975,0.0,0.0,0.0,0.0,23.5571,10.9849,91.0344,0.5896,2.0825,0.5109,2.1134,0.0622,5.8976,0.0119,0.0
540,9.6821,canny_hough,pid,0,0,0,0.0,0.0,,,0.0,31.2059,1.0,STOP,3.975,0.0,0.0,0.0,0.0,36.9089,13.2037,75.7365,0.8085,2.7121,0.504,1.8146,0.0524,5.6277,0.0095,0.0
541,9.7086,canny_hough,pid,0,1,1,0.6,319.0,,457.3377,159.0,69.5441,1.0,STOP,3.975,0.0,0.0,0.0,0.0,20.4477,12.9826,77.026,0.453,1.1858,0.5189,1.5114,0.0666,6.3213,0.1774,9.5243
542,9.7194,canny_hough,pid,0,0,0,0.0,0.0,,,0.0,48.6809,1.0,STOP,3.975,0.0,0.0,0.0,0.0,22.1465,26.8482,37.2465,0.4495,1.1709,0.4566,1.419,0.053,5.4873,0.008,0.0
543,9.7298,canny_hough,pid,0,0,0,0.0,0.0,,,0.0,34.0766,1.0,STOP,3.975,0.0,0.0,0.0,0.0,32.5774,10.6276,94.0944,0.4937,1.2292,0.4515,1.2362,0.0539,5.3533,0.0086,0.0
544,9.7422,canny_hough,pid,0,0,0,0.0,0.0,,,0.0,23.8536,1.0,STOP,3.975,0.0,0.0,0.0,0.0,44.9463,11.3573,88.0491,1.1874,1.428,0.4618,1.3572,0.0556,5.3499,0.0089,0.0
545,9.7694,canny_hough,pid,0,1,1,0.6,319.0,,456.7272,159.0,64.3975,1.0,STOP,3.975,0.0,0.0,0.0,0.0,19.7091,11.3461,88.136,0.4592,1.1668,0.5162,1.8025,0.053,6.1309,0.1844,9.8854
546,9.7816,canny_hough,pid,0,0,0,0.0,0.0,,,0.0,45.0783,1.0,STOP,3.975,0.0,0.0,0.0,0.0,23.2756,27.4806,36.3893,0.4611,1.2115,0.5294,1.6031,0.0616,6.284,0.0092,0.0
547,9.7935,canny_hough,pid,0,0,0,0.0,0.0,,,0.0,31.5548,1.0,STOP,3.975,0.0,0.0,0.0,0.0,35.2288,12.1679,82.1838,0.4911,1.3624,0.5506,1.3911,0.0622,6.1378,0.0096,0.0
548,9.8072,canny_hough,pid,0,0,0,0.0,0.0,,,0.0,22.0884,1.0,STOP,3.975,0.0,0.0,0.0,0.0,48.8726,12.5114,79.9268,0.9734,1.7056,0.5243,1.6299,0.0566,6.3968,0.0093,0.0
549,9.8335,canny_hough,pid,0,0,0,0.0,0.0,,,0.0,15.4619,1.0,STOP,3.975,0.0,0.0,0.0,0.0,17.4554,12.8803,77.638,0.5345,1.7913,0.576,1.2418,0.0589,5.6906,0.0089,10.8646
550,9.8446,canny_hough,pid,0,0,0,0.0,0.0,,,0.0,10.8233,1.0,STOP,3.975,0.0,0.0,0.0,0.0,21.9801,26.3254,37.9862,0.6658,1.212,0.4768,1.2182,0.0552,5.8032,0.0117,0.0
551,9.8572,canny_hough,pid,0,0,0,0.0,0.0,,,0.0,7.5763,1.0,STOP,3.975,0.0,0.0,0.0,0.0,34.5316,11.4375,87.432,0.4823,1.2614,0.5088,2.2064,0.0626,5.8852,0.0111,0.0
552,9.8701,canny_hough,pid,0,0,0,0.0,0.0,,,0.0,5.3034,1.0,STOP,3.975,0.0,0.0,0.0,0.0,47.3268,13.2403,75.5271,0.5151,1.7948,0.6414,1.4061,0.0542,5.7935,0.0088,0.0
553,9.8972,canny_hough,pid,0,0,0,0.0,0.0,,,0.0,3.7124,1.0,STOP,3.975,0.0,0.0,0.0,0.0,18.9873,11.8323,84.5141,0.5628,1.2637,0.6183,1.4334,0.0543,5.6811,0.0104,10.2658
554,9.9082,canny_hough,pid,0,0,0,0.0,0.0,,,0.0,2.5987,1.0,STOP,3.975,0.0,0.0,0.0,0.0,19.8471,27.2291,36.7254,0.4703,1.2774,0.49,1.594,0.0769,5.4443,0.0091,0.0
555,9.9196,canny_hough,pid,0,0,0,0.0,0.0,,,0.0,1.8191,1.0,STOP,3.975,0.0,0.0,0.0,0.0,31.1795,11.1187,89.9385,0.5084,1.2878,0.4856,1.9442,0.0638,5.2313,0.0099,0.0
556,9.9317,canny_hough,pid,0,0,0,0.0,0.0,,,0.0,1.2733,1.0,STOP,3.975,0.0,0.0,0.0,0.0,15.3769,11.157,89.6295,0.5105,1.2355,0.5434,2.6136,0.0523,5.5871,0.0112,0.0
557,9.9598,canny_hough,pid,0,0,0,0.0,0.0,,,0.0,0.8913,1.0,STOP,3.975,0.0,0.0,0.0,0.0,27.3822,12.3736,80.817,0.5907,1.2192,0.5512,1.5968,0.1046,6.0822,0.012,10.7303
558,9.9729,canny_hough,pid,0,1,1,0.6,319.0,,450.0581,159.0,48.3239,1.0,STOP,3.975,0.0,0.0,0.0,0.0,23.6629,28.3341,35.2932,0.5032,1.409,0.5489,2.2369,0.0755,6.1203,0.1799,0.0
559,9.9847,canny_hough,pid,0,1,1,0.6,319.0,,450.0581,159.0,81.5268,1.0,STOP,3.975,0.0,0.0,0.0,0.0,35.5524,12.996,76.947,0.4891,1.2993,0.467,1.6579,0.0562,5.8786,0.1792,0.0
560,9.9963,canny_hough,pid,0,1,1,0.6,319.0,,450.0581,159.0,104.7687,1.0,STOP,3.975,0.0,0.0,0.0,0.0,47.1119,12.3151,81.2008,0.502,1.1527,0.4455,1.2004,0.0522,5.7593,0.1781,0.0
561,10.022,canny_hough,pid,0,1,1,0.6,319.0,,457.1982,159.0,121.0381,1.0,STOP,3.975,0.0,0.0,0.0,0.0,21.1785,10.8499,92.1671,0.5184,1.2418,0.5346,1.3423,0.0843,6.0615,0.1725,10.1057
562,10.0339,canny_hough,pid,0,1,1,0.6,319.0,,445.1481,159.0,132.4267,1.0,STOP,3.975,0.0,0.0,0.0,0.0,22.8729,25.7933,38.7697,0.4649,1.2032,0.5312,1.5547,0.0672,6.1988,0.1761,0.0
563,10.0462,canny_hough,pid,0,1,1,0.6,319.0,,445.1481,159.0,140.3987,1.0,STOP,3.975,0.0,0.0,0.0,0.0,35.1618,11.9468,83.7047,0.4984,1.2417,0.5547,1.5482,0.0816,6.4012,0.1751,0.0
564,10.0624,canny_hough,pid,0,1,1,0.6,319.0,,445.1481,159.0,145.9791,1.0,STOP,3.975,0.0,0.0,0.0,0.0,51.288,12.9556,77.1867,0.7903,4.6055,0.4922,1.4998,0.058,6.0616,0.1962,0.0
565,10.0888,canny_hough,pid,0,0,0,0.0,0.0,,,0.0,102.1854,1.0,STOP,3.975,0.0,0.0,0.0,0.0,25.3904,15.2445,65.5976,0.5248,1.2654,0.5471,1.4967,0.0565,5.8663,0.0091,9.5838
566,10.1004,canny_hough,pid,0,0,0,0.0,0.0,,,0.0,71.5297,1.0,STOP,3.975,0.0,0.0,0.0,0.0,22.622,26.6375,37.5411,0.458,1.1695,0.4749,1.2908,0.084,6.1979,0.0094,0.0
567,10.1136,canny_hough,pid,0,0,0,0.0,0.0,,,0.0,50.0708,1.0,STOP,3.975,0.0,0.0,0.0,0.0,35.8769,11.7167,85.3481,0.4987,1.2874,0.6622,2.031,0.0531,6.4943,0.0203,0.0
568,10.1266,canny_hough,pid,0,0,0,0.0,0.0,,,0.0,35.0496,1.0,STOP,3.975,0.0,0.0,0.0,0.0,48.8377,13.2689,75.3644,0.4672,1.279,0.5551,2.4183,0.0515,6.2625,0.01,0.0
569,10.1535,canny_hough,pid,0,0,0,0.0,0.0,,,0.0,24.5347,1.0,STOP,3.975,0.0,0.0,0.0,0.0,17.6063,12.7188,78.6236,0.4607,1.4825,0.5095,2.5052,0.0497,5.6043,0.0094,8.9568
570,10.1662,canny_hough,pid,0,0,0,0.0,0.0,,,0.0,17.1743,1.0,STOP,3.975,0.0,0.0,0.0,0.0,26.7476,27.0655,36.9473,0.5042,1.2772,0.5498,1.7406,0.0663,6.4124,0.0126,0.0
571,10.1794,canny_hough,pid,0,0,0,0.0,0.0,,,0.0,12.022,1.0,STOP,3.975,0.0,0.0,0.0,0.0,39.9736,12.5605,79.6147,0.451,1.1675,0.6623,3.2011,0.0463,5.9214,0.0109,0.0
572,10.1918,canny_hough,pid,0,0,0,0.0,0.0,,,0.0,8.4154,1.0,STOP,3.975,0.0,0.0,0.0,0.0,19.4145,13.239,75.5342,0.5229,1.3221,0.5102,2.5461,0.0559,5.6777,0.0152,0.0
573,10.2178,canny_hough,pid,0,0,0,0.0,0.0,,,0.0,5.8908,1.0,STOP,3.975,0.0,0.0,0.0,0.0,31.5696,12.6401,79.1134,0.7694,1.2986,0.5132,1.6241,0.0572,5.8854,0.0101,10.0778
574,10.2287,canny_hough,pid,0,0,0,0.0,0.0,,,0.0,4.1235,1.0,STOP,3.975,0.0,0.0,0.0,0.0,22.8784,25.7008,38.9093,0.4541,1.1612,0.4511,1.7385,0.0544,5.4003,0.0083,0.0
575,10.2404,canny_hough,pid,0,0,0,0.0,0.0,,,0.0,2.8865,1.0,STOP,3.975,0.0,0.0,0.0,0.0,34.5838,11.2612,88.8004,0.9781,1.9786,0.679,1.085,0.0627,4.9324,0.0091,0.0
576,10.2512,canny_hough,pid,0,1,1,0.6,319.0,,458.314,159.0,49.7205,1.0,STOP,3.975,0.0,0.0,0.0,0.0,17.5979,11.2196,89.1294,0.4556,0.7325,0.4457,1.0906,0.0698,6.2618,0.2106,0.0
577,10.2774,canny_hough,pid,0,1,1,0.6,319.0,,458.314,159.0,82.5044,1.0,STOP,3.975,0.0,0.0,0.0,0.0,28.6069,10.9134,91.6304,0.4556,0.8084,0.4855,1.2579,0.0715,6.0994,0.1752,9.534
578,10.2894,canny_hough,pid,0,0,0,0.0,0.0,,,0.0,57.7531,1.0,STOP,3.975,0.0,0.0,0.0,0.0,24.8829,26.3519,37.9479,0.464,0.8018,0.5203,1.8202,0.0602,6.428,0.0115,0.0
579,10.3006,canny_hough,pid,0,0,0,0.0,0.0,,,0.0,40.4271,1.0,STOP,3.975,0.0,0.0,0.0,0.0,36.0619,12.252,81.6195,0.4702,1.2945,0.5321,1.2496,0.0477,5.5741,0.0099,0.0
580,10.3135,canny_hough,pid,0,0,0,0.0,0.0,,,0.0,28.299,1.0,STOP,3.975,0.0,0.0,0.0,0.0,16.4887,10.7803,92.7615,0.4571,0.7726,0.4903,2.6485,0.0669,6.6592,0.0096,0.0
581,10.3415,canny_hough,pid,0,0,0,0.0,0.0,,,0.0,19.8093,1.0,STOP,3.975,0.0,0.0,0.0,0.0,29.1308,12.9587,77.1684,0.4734,1.5034,0.5357,2.0264,0.0563,6.3323,0.0091,9.8331
582,10.354,canny_hough,pid,0,0,0,0.0,0.0,,,0.0,13.8665,1.0,STOP,3.975,0.0,0.0,0.0,0.0,25.3678,28.1199,35.562,0.5095,1.2572,0.5688,1.6356,0.0771,6.2306,0.0106,0.0
583,10.3704,canny_hough,pid,0,0,0,0.0,0.0,,,0.0,9.7066,1.0,STOP,3.975,0.0,0.0,0.0,0.0,41.8739,12.4817,80.1173,0.4558,1.3634,0.5246,6.4946,0.0455,5.7891,0.0089,0.0
584,10.3882,canny_hough,pid,0,0,0,0.0,0.0,,,0.0,6.7946,1.0,STOP,3.975,0.0,0.0,0.0,0.0,21.1373,16.1182,62.0417,0.4647,6.4477,0.4949,2.2674,0.053,6.6,0.0091,0.0
585,10.4175,canny_hough,pid,0,0,0,0.0,0.0,,,0.0,4.7562,1.0,STOP,3.975,0.0,0.0,0.0,0.0,35.98,18.0464,55.4126,0.4646,4.2352,0.5,2.1306,0.0545,5.6288,0.0094,9.4402
586,10.4296,canny_hough,pid,0,0,0,0.0,0.0,,,0.0,3.3293,1.0,STOP,3.975,0.0,0.0,0.0,0.0,40.8374,29.9311,33.4101,0.4719,1.2656,0.5102,1.3863,0.0568,5.9881,0.0099,0.0
587,10.4407,canny_hough,pid,0,0,0,0.0,0.0,,,0.0,2.3305,1.0,STOP,3.975,0.0,0.0,0.0,0.0,21.8366,11.3376,88.202,0.4623,1.1813,0.4797,1.7144,0.0582,5.4909,0.0117,0.0
588,10.4536,canny_hough,pid,0,0,0,0.0,0.0,,,0.0,1.6314,1.0,STOP,3.975,0.0,0.0,0.0,0.0,34.7887,11.1993,89.2914,0.4714,1.2366,0.5054,2.6373,0.048,6.2006,0.0095,0.0
589,10.4791,canny_hough,pid,0,0,0,0.0,0.0,,,0.0,1.142,1.0,STOP,3.975,0.0,0.0,0.0,0.0,45.3083,12.9246,77.3718,0.4507,1.1549,0.4527,1.2942,0.0865,5.2795,0.0095,9.1381
590,10.4908,canny_hough,pid,0,1,1,0.45,319.0,,456.42,159.0,48.4994,1.0,STOP,3.975,0.0,0.0,0.0,0.0,36.5826,25.7347,38.858,0.695,1.46,0.5307,1.5104,0.0601,5.3794,0.1792,0.0
591,10.5026,canny_hough,pid,0,0,0,0.0,0.0,,,0.0,33.9496,1.0,STOP,3.975,0.0,0.0,0.0,0.0,20.9039,11.2631,88.7856,0.4496,1.2351,0.467,1.1468,0.0591,6.8882,0.009,0.0
592,10.5144,canny_hough,pid,0,0,0,0.0,0.0,,,0.0,23.7647,1.0,STOP,3.975,0.0,0.0,0.0,0.0,32.6564,11.9097,83.9649,0.4453,1.2614,0.5622,1.2343,0.0647,6.323,0.0112,0.0
593,10.5444,canny_hough,pid,0,0,0,0.0,0.0,,,0.0,16.6353,1.0,STOP,3.975,0.0,0.0,0.0,0.0,46.5918,12.3171,81.1878,1.0314,1.3437,1.517,2.1494,0.0507,5.5829,0.0092,10.0242
594,10.5574,canny_hough,pid,0,0,0,0.0,0.0,,,0.0,11.6447,1.0,STOP,3.975,0.0,0.0,0.0,0.0,36.4726,30.0537,33.2738,0.5343,1.2173,0.4966,3.1257,0.0535,5.3797,0.008,0.0
595,10.5681,canny_hough,pid,0,0,0,0.0,0.0,,,0.0,8.1513,1.0,STOP,3.975,0.0,0.0,0.0,0.0,22.882,12.3686,80.85,0.5148,0.7596,0.492,1.225,0.0533,6.1276,0.009,0.0
596,10.5794,canny_hough,pid,0,0,0,0.0,0.0,,,0.0,5.7059,1.0,STOP,3.975,0.0,0.0,0.0,0.0,34.1574,10.8549,92.1246,0.5758,1.2627,0.5101,0.9913,0.055,6.1167,0.0092,0.0
597,10.6081,canny_hough,pid,0,0,0,0.0,0.0,,,0.0,3.9941,1.0,STOP,3.975,0.0,0.0,0.0,0.0,46.164,11.6492,85.843,1.1949,1.2456,0.4723,0.9621,0.0543,5.8796,0.0095,11.4695
598,10.6194,canny_hough,pid,0,1,1,0.45,319.0,,457.5873,159.0,50.4959,1.0,STOP,3.975,0.0,0.0,0.0,0.0,11.4835,28.5563,35.0185,0.5068,0.7693,0.4601,1.4445,0.0559,5.7797,0.1818,0.0
599,10.6299,canny_hough,pid,0,1,1,0.45,319.0,,457.5873,159.0,83.0471,1.0,STOP,3.975,0.0,0.0,0.0,0.0,22.0006,10.8958,91.7785,0.4643,0.8015,0.4625,1.1698,0.0564,5.8565,0.1898,0.0
600,10.6435,canny_hough,pid,0,1,1,0.45,319.0,,457.5873,159.0,105.833,1.0,STOP,3.975,0.0,0.0,0.0,0.0,35.602,10.9634,91.213,0.5211,1.7712,0.4801,1.425,0.0761,7.0747,0.1706,0.0
601,10.6701,canny_hough,pid,0,1,1,0.45,319.0,,457.5873,159.0,121.7831,1.0,STOP,3.975,0.0,0.0,0.0,0.0,47.0346,13.3346,74.9929,0.5072,1.2044,0.4604,1.5645,0.0507,5.802,0.1711,9.1789
602,10.6822,canny_hough,pid,0,1,1,0.45,319.0,,456.2875,159.0,132.9482,1.0,STOP,3.975,0.0,0.0,0.0,0.0,31.9357,26.9077,37.164,0.4853,1.2895,0.4997,1.5698,0.0746,5.916,0.1903,0.0
603,10.694,canny_hough,pid,0,0,0,0.0,0.0,,,0.0,93.0637,1.0,STOP,3.975,0.0,0.0,0.0,0.0,23.1349,11.6996,85.4727,0.4636,1.4451,0.4908,1.5139,0.0561,6.0663,0.012,0.0
604,10.7057,canny_hough,pid,0,0,0,0.0,0.0,,,0.0,65.1446,1.0,STOP,3.975,0.0,0.0,0.0,0.0,34.8958,11.7247,85.2897,0.4945,1.3458,0.8685,1.746,0.0793,5.5112,0.0094,0.0
605,10.7351,canny_hough,pid,0,0,0,0.0,0.0,,,0.0,45.6012,1.0,STOP,3.975,0.0,0.0,0.0,0.0,15.0271,11.7535,85.0807,0.4731,1.3434,0.5745,1.5243,0.0537,5.9785,0.0112,11.8849
606,10.7442,canny_hough,pid,0,0,0,0.0,0.0,,,0.0,31.9209,1.0,STOP,3.975,0.0,0.0,0.0,0.0,10.2426,29.3647,34.0545,0.3943,1.1056,0.4309,0.9056,0.0572,4.6334,0.0069,0.0
607,10.7536,canny_hough,pid,0,0,0,0.0,0.0,,,0.0,22.3446,1.0,STOP,3.975,0.0,0.0,0.0,0.0,19.6829,8.9543,111.6784,0.4,0.652,0.4512,1.2138,0.0502,5.2005,0.0097,0.0
608,10.7645,canny_hough,pid,0,0,0,0.0,0.0,,,0.0,15.6412,1.0,STOP,3.975,0.0,0.0,0.0,0.0,30.6128,9.69,103.1992,0.4101,1.1134,0.561,1.4092,0.0607,5.1758,0.0093,0.0
609,10.7881,canny_hough,pid,0,0,0,0.0,0.0,,,0.0,10.9489,1.0,STOP,3.975,0.0,0.0,0.0,0.0,41.0705,11.2577,88.8279,0.4206,1.0917,0.4317,1.4652,0.0663,4.94,0.0119,8.7455
610,10.7982,canny_hough,pid,0,0,0,0.0,0.0,,,0.0,7.6642,1.0,STOP,3.975,0.0,0.0,0.0,0.0,32.9303,23.2405,43.0283,0.4296,1.0604,0.4246,1.2643,0.0521,5.1755,0.007,0.0
611,10.808,canny_hough,pid,0,0,0,0.0,0.0,,,0.0,5.3649,1.0,STOP,3.975,0.0,0.0,0.0,0.0,42.7776,10.3164,96.9327,0.6055,0.8412,0.4029,1.2582,0.0537,4.8169,0.0148,0.0
612,10.8176,canny_hough,pid,0,0,0,0.0,0.0,,,0.0,3.7555,1.0,STOP,3.975,0.0,0.0,0.0,0.0,17.2799,9.5542,104.6664,0.4383,1.0796,0.4105,0.866,0.0558,5.1451,0.0114,0.0
613,10.8425,canny_hough,pid,0,0,0,0.0,0.0,,,0.0,2.6288,1.0,STOP,3.975,0.0,0.0,0.0,0.0,27.4887,9.429,106.0563,0.3992,1.0609,0.5304,2.1289,0.0476,4.6052,0.0087,9.0281
614,10.8543,canny_hough,pid,0,0,0,0.0,0.0,,,0.0,1.8402,1.0,STOP,3.975,0.0,0.0,0.0,0.0,29.8848,25.1361,39.7834,0.4861,1.2811,0.5351,1.559,0.0611,6.0613,0.0084,0.0
615,10.8675,canny_hough,pid,0,0,0,0.0,0.0,,,0.0,1.2881,1.0,STOP,3.975,0.0,0.0,0.0,0.0,43.0435,11.7973,84.7649,0.4884,1.254,0.5081,2.8552,0.0535,6.1318,0.0122,0.0
616,10.8787,canny_hough,pid,0,0,0,0.0,0.0,,,0.0,0.9017,1.0,STOP,3.975,0.0,0.0,0.0,0.0,14.8131,13.109,76.2833,0.5352,1.2374,0.5063,1.6195,0.066,5.5666,0.0087,0.0
617,10.9052,canny_hough,pid,0,0,0,0.0,0.0,,,0.0,0.6312,1.0,STOP,3.975,0.0,0.0,0.0,0.0,26.468,11.0642,90.3813,0.4481,1.2396,0.4979,1.5769,0.1057,6.0415,0.0157,9.5245
618,10.917,canny_hough,pid,0,0,0,0.0,0.0,,,0.0,0.4418,1.0,STOP,3.975,0.0,0.0,0.0,0.0,22.3584,26.7932,37.3229,0.4919,1.2471,0.4812,1.6831,0.0564,5.908,0.0089,0.0
619,10.9298,canny_hough,pid,0,0,0,0.0,0.0,,,0.0,0.3093,1.0,STOP,3.975,0.0,0.0,0.0,0.0,35.1811,11.6621,85.7476,0.4664,1.1999,0.4883,2.6248,0.0534,6.1888,0.0104,0.0
620,10.941,canny_hough,pid,0,0,0,0.0,0.0,,,0.0,0.2165,1.0,STOP,3.975,0.0,0.0,0.0,0.0,46.3337,12.9116,77.4495,0.4666,1.1899,0.5796,1.2737,0.0541,5.6336,0.0109,0.0
621,10.9673,canny_hough,pid,0,1,1,0.45,319.0,,456.3942,159.0,47.8515,1.0,STOP,3.975,0.0,0.0,0.0,0.0,22.0633,11.1828,89.4228,0.4702,1.2708,0.5422,1.5842,0.0569,5.6171,0.1956,10.6006
622,10.979,canny_hough,pid,0,0,0,0.0,0.0,,,0.0,33.4961,1.0,STOP,3.975,0.0,0.0,0.0,0.0,19.947,26.1307,38.2691,0.45,1.2366,0.5258,1.9897,0.0703,5.7714,0.0083,0.0
623,10.9944,canny_hough,pid,0,0,0,0.0,0.0,,,0.0,23.4473,1.0,STOP,3.975,0.0,0.0,0.0,0.0,35.2659,11.579,86.3635,0.445,1.2894,0.5488,5.4009,0.0495,6.1099,0.0098,0.0
624,11.0052,canny_hough,pid,0,0,0,0.0,0.0,,,0.0,16.4131,1.0,STOP,3.975,0.0,0.0,0.0,0.0,46.1019,15.7958,63.308,0.4644,0.8772,0.4602,1.2165,0.0579,5.7476,0.0094,0.0
625,11.0319,canny_hough,pid,0,0,0,0.0,0.0,,,0.0,11.4892,1.0,STOP,3.975,0.0,0.0,0.0,0.0,21.0783,10.5593,94.7033,0.4515,0.7806,0.5093,1.7591,0.0548,5.6826,0.0096,10.0676
626,11.0432,canny_hough,pid,0,1,1,0.45,319.0,,451.7143,159.0,55.7424,1.0,STOP,3.975,0.0,0.0,0.0,0.0,22.9255,26.9693,37.0792,0.4686,1.2386,0.455,1.9643,0.0512,5.1488,0.1511,0.0
627,11.0556,canny_hough,pid,0,1,1,0.45,319.0,,451.7143,159.0,86.7197,1.0,STOP,3.975,0.0,0.0,0.0,0.0,35.3405,10.865,92.0385,0.4018,2.7156,0.6378,2.0742,0.046,4.9834,0.15,0.0
628,11.0678,canny_hough,pid,0,1,1,0.6,319.0,,458.3954,159.0,108.4038,1.0,STOP,3.975,0.0,0.0,0.0,0.0,18.1605,12.4048,80.6141,0.413,0.9069,0.4012,3.5113,0.0503,5.4466,0.1574,0.0
629,11.0934,canny_hough,pid,0,1,1,0.6,319.0,,458.3954,159.0,123.5826,1.0,STOP,3.975,0.0,0.0,0.0,0.0,29.6561,12.7557,78.3963,0.4097,0.8399,0.4711,2.0048,0.0567,5.5634,0.1592,8.8472
630,11.1064,canny_hough,pid,0,1,1,0.6,319.0,,451.7309,159.0,134.2079,1.0,STOP,3.975,0.0,0.0,0.0,0.0,30.1805,25.299,39.5272,0.4149,0.6941,0.4223,2.8765,0.0629,6.6247,0.2201,0.0
631,11.1202,canny_hough,pid,0,1,1,0.6,319.0,,451.7309,159.0,141.6455,1.0,STOP,3.975,0.0,0.0,0.0,0.0,43.9999,13.7351,72.8064,0.7271,2.5435,0.4824,1.9988,0.0722,5.4369,0.1594,0.0
632,11.1331,canny_hough,pid,0,1,1,0.6,319.0,,453.2816,159.0,146.8518,1.0,STOP,3.975,0.0,0.0,0.0,0.0,18.0506,12.8725,77.6851,0.4718,2.0502,0.4018,2.5066,0.0493,5.6279,0.2167,0.0
633,11.1581,canny_hough,pid,0,1,1,0.6,319.0,,453.2816,159.0,150.4963,1.0,STOP,3.975,0.0,0.0,0.0,0.0,31.1558,13.1359,76.1272,0.5179,3.4857,0.5951,1.5184,0.0424,5.0843,0.1491,8.1091
634,11.1682,canny_hough,pid,0,0,0,0.0,0.0,,,0.0,105.3474,1.0,STOP,3.975,0.0,0.0,0.0,0.0,27.9569,24.8771,40.1976,0.401,1.094,0.5369,1.3137,0.054,4.9885,0.0086,0.0
635,11.1795,canny_hough,pid,0,0,0,0.0,0.0,,,0.0,73.7432,1.0,STOP,3.975,0.0,0.0,0.0,0.0,39.3168,10.223,97.8191,0.4391,1.2162,0.421,2.481,0.0544,4.9413,0.0095,0.0
636,11.1892,canny_hough,pid,0,0,0,0.0,0.0,,,0.0,51.6202,1.0,STOP,3.975,0.0,0.0,0.0,0.0,14.169,11.0128,90.8032,0.3924,1.1165,0.4389,1.3825,0.0732,4.8311,0.0087,0.0
637,11.2141,canny_hough,pid,0,0,0,0.0,0.0,,,0.0,36.1342,1.0,STOP,3.975,0.0,0.0,0.0,0.0,23.8435,9.7835,102.2131,0.4307,1.1064,0.4524,1.3945,0.0498,4.7664,0.0092,9.7749
638,11.2241,canny_hough,pid,0,0,0,0.0,0.0,,,0.0,25.2939,1.0,STOP,3.975,0.0,0.0,0.0,0.0,17.9933,24.9718,40.0451,0.4187,1.0543,0.4527,1.3462,0.0656,5.0022,0.0075,0.0
639,11.2349,canny_hough,pid,0,0,0,0.0,0.0,,,0.0,17.7057,1.0,STOP,3.975,0.0,0.0,0.0,0.0,28.8672,9.9854,100.1467,0.4468,1.1056,0.429,2.0691,0.0576,5.1313,0.0082,0.0
640,11.2468,canny_hough,pid,0,0,0,0.0,0.0,,,0.0,12.394,1.0,STOP,3.975,0.0,0.0,0.0,0.0,40.6678,11.3051,88.456,0.4631,1.3672,0.4961,1.5811,0.0554,5.708,0.0107,0.0
641,11.2754,canny_hough,pid,0,1,1,0.45,319.0,,454.9751,159.0,56.3758,1.0,STOP,3.975,0.0,0.0,0.0,0.0,24.0179,11.5952,86.2425,0.4723,1.6725,0.4996,2.5796,0.0617,5.9275,0.1893,9.8448
642,11.2891,canny_hough,pid,0,1,1,0.6,319.0,,457.1075,159.0,87.1631,1.0,STOP,3.975,0.0,0.0,0.0,0.0,24.7799,28.5676,35.0047,0.6072,1.2271,0.4965,2.6735,0.0573,6.4298,0.2569,0.0
643,11.3036,canny_hough,pid,0,1,1,0.6,319.0,,457.1075,159.0,108.7141,1.0,STOP,3.975,0.0,0.0,0.0,0.0,39.3525,13.4994,74.0774,0.4512,3.9408,0.6434,2.136,0.0419,5.5844,0.1713,0.0
644,11.3146,canny_hough,pid,0,0,0,0.0,0.0,,,0.0,76.0999,1.0,STOP,3.975,0.0,0.0,0.0,0.0,17.7589,14.3496,69.6885,0.4717,1.2227,0.5178,1.6008,0.0562,5.6421,0.009,0.0
645,11.3408,canny_hough,pid,0,0,0,0.0,0.0,,,0.0,53.2699,1.0,STOP,3.975,0.0,0.0,0.0,0.0,28.4011,11.034,90.6288,0.4455,1.2332,0.5467,1.2731,0.062,5.5179,0.0092,11.3838
646,11.3543,canny_hough,pid,0,0,0,0.0,0.0,,,0.0,37.289,1.0,STOP,3.975,0.0,0.0,0.0,0.0,22.0692,26.6459,37.5292,0.5119,3.2429,0.5233,1.4888,0.0601,5.6916,0.0093,0.0
647,11.3652,canny_hough,pid,0,0,0,0.0,0.0,,,0.0,26.1023,1.0,STOP,3.975,0.0,0.0,0.0,0.0,32.9835,13.1979,75.7694,0.4606,1.2681,0.5263,1.2473,0.0555,5.6617,0.0098,0.0
648,11.3775,canny_hough,pid,0,0,0,0.0,0.0,,,0.0,18.2716,1.0,STOP,3.975,0.0,0.0,0.0,0.0,45.276,11.4592,87.2659,0.6393,1.3727,0.649,1.9263,0.042,5.5276,0.009,0.0
649,11.404,canny_hough,pid,0,0,0,0.0,0.0,,,0.0,12.7901,1.0,STOP,3.975,0.0,0.0,0.0,0.0,16.6404,11.5804,86.353,0.4441,1.27,0.5011,1.3951,0.0557,5.1662,0.0093,10.7931
650,11.4146,canny_hough,pid,0,0,0,0.0,0.0,,,0.0,8.9531,1.0,STOP,3.975,0.0,0.0,0.0,0.0,21.5107,26.64,37.5376,0.5013,1.1665,0.4514,1.0908,0.0657,5.6711,0.0096,0.0
651,11.4284,canny_hough,pid,0,0,0,0.0,0.0,,,0.0,6.2672,1.0,STOP,3.975,0.0,0.0,0.0,0.0,35.2632,10.8038,92.5598,0.4732,3.0067,0.6483,1.6193,0.0552,6.0683,0.01,0.0
652,11.44,canny_hough,pid,0,0,0,0.0,0.0,,,0.0,4.387,1.0,STOP,3.975,0.0,0.0,0.0,0.0,46.8645,14.1594,70.6243,0.8568,0.8273,0.4835,1.5313,0.0549,5.6069,0.0094,0.0
653,11.4666,canny_hough,pid,0,1,1,0.45,319.0,,455.5772,159.0,50.7709,1.0,STOP,3.975,0.0,0.0,0.0,0.0,21.7344,11.1568,89.6312,0.5575,0.9879,0.4897,1.5281,0.0768,6.2871,0.1849,9.7552
654,11.478,canny_hough,pid,0,0,0,0.0,0.0,,,0.0,35.5396,1.0,STOP,3.975,0.0,0.0,0.0,0.0,22.1073,26.7475,37.3866,0.4688,1.1957,0.5008,1.5221,0.051,5.7446,0.0105,0.0
655,11.4918,canny_hough,pid,0,0,0,0.0,0.0,,,0.0,24.8777,1.0,STOP,3.975,0.0,0.0,0.0,0.0,35.8594,11.2338,89.017,0.4813,0.9308,0.9301,4.0675,0.0455,5.5605,0.0092,0.0
656,11.5033,canny_hough,pid,0,0,0,0.0,0.0,,,0.0,17.4144,1.0,STOP,3.975,0.0,0.0,0.0,0.0,16.6092,13.7216,72.878,0.6057,1.2379,0.4808,1.4046,0.057,5.9776,0.0095,0.0
657,11.5291,canny_hough,pid,0,0,0,0.0,0.0,,,0.0,12.1901,1.0,STOP,3.975,0.0,0.0,0.0,0.0,28.4144,11.5072,86.9022,0.4779,1.4237,0.5186,1.5582,0.0614,6.0338,0.0097,9.7681
658,11.5403,canny_hough,pid,0,1,1,0.45,319.0,,452.4371,159.0,56.2331,1.0,STOP,3.975,0.0,0.0,0.0,0.0,13.4408,25.7937,38.7692,0.4856,1.2306,0.471,1.4402,0.0532,5.7373,0.1755,0.0
659,11.5506,canny_hough,pid,0,1,1,0.45,319.0,,452.4371,159.0,87.0631,1.0,STOP,3.975,0.0,0.0,0.0,0.0,23.7588,11.3852,87.8336,0.4122,1.0986,0.4184,1.7987,0.0432,4.6802,0.1495,0.0
660,11.5618,canny_hough,pid,0,1,1,0.45,319.0,,452.4371,159.0,108.6442,1.0,STOP,3.975,0.0,0.0,0.0,0.0,35.0394,10.4,96.154,0.7914,1.1057,0.6459,1.6104,0.0424,5.0724,0.1464,0.0
661,11.5867,canny_hough,pid,0,1,1,0.45,319.0,,451.8476,159.0,123.7509,1.0,STOP,3.975,0.0,0.0,0.0,0.0,15.6831,10.7607,92.9303,0.3861,0.9929,0.393,1.3735,0.0484,5.0994,0.1499,9.3384
662,11.598,canny_hough,pid,0,0,0,0.0,0.0,,,0.0,86.6257,1.0,STOP,3.975,0.0,0.0,0.0,0.0,17.3821,25.2398,39.62,0.4359,1.1198,0.418,1.9772,0.0786,5.4462,0.0079,0.0
663,11.6088,canny_hough,pid,0,0,0,0.0,0.0,,,0.0,60.638,1.0,STOP,3.975,0.0,0.0,0.0,0.0,28.1492,11.2751,88.6909,0.4888,1.1311,0.5729,1.4823,0.066,5.256,0.0085,0.0
664,11.6212,canny_hough,pid,0,0,0,0.0,0.0,,,0.0,42.4466,1.0,STOP,3.975,0.0,0.0,0.0,0.0,40.5511,11.2392,88.9741,0.4151,1.0466,0.588,3.1286,0.0447,4.921,0.0082,0.0
665,11.6457,canny_hough,pid,0,0,0,0.0,0.0,,,0.0,29.7126,1.0,STOP,3.975,0.0,0.0,0.0,0.0,13.7857,11.6574,85.7821,0.3844,1.02,0.427,1.5126,0.0495,4.9996,0.0095,8.8499
666,11.6575,canny_hough,pid,0,0,0,0.0,0.0,,,0.0,20.7988,1.0,STOP,3.975,0.0,0.0,0.0,0.0,40.2749,25.3914,39.3835,0.466,1.2797,0.4808,1.2531,0.0539,5.7884,0.0108,0.0
667,11.6697,canny_hough,pid,0,0,0,0.0,0.0,,,0.0,14.5592,1.0,STOP,3.975,0.0,0.0,0.0,0.0,23.3053,11.5651,86.4674,0.472,1.2152,0.54,1.5467,0.083,5.9413,0.0117,0.0
668,11.683,canny_hough,pid,0,0,0,0.0,0.0,,,0.0,10.1914,1.0,STOP,3.975,0.0,0.0,0.0,0.0,36.6241,11.9799,83.4729,0.4856,1.7038,1.0095,1.5679,0.0651,5.7228,0.0091,0.0
669,11.7085,canny_hough,pid,0,0,0,0.0,0.0,,,0.0,7.134,1.0,STOP,3.975,0.0,0.0,0.0,0.0,48.5693,13.13,76.1613,0.4637,1.3572,0.5007,1.5969,0.0557,6.0448,0.0198,9.4794
670,11.7191,canny_hough,pid,0,0,0,0.0,0.0,,,0.0,4.9938,1.0,STOP,3.975,0.0,0.0,0.0,0.0,35.5546,25.5653,39.1156,0.4761,0.7641,0.4511,1.3751,0.0561,5.6208,0.0081,0.0
671,11.7303,canny_hough,pid,0,1,1,0.6,319.0,,449.4819,159.0,51.1957,1.0,STOP,3.975,0.0,0.0,0.0,0.0,21.1201,10.4576,95.6244,0.4509,0.824,0.4575,1.5227,0.052,6.0121,0.2208,0.0
672,11.7423,canny_hough,pid,0,1,1,0.6,319.0,,449.4819,159.0,83.537,1.0,STOP,3.975,0.0,0.0,0.0,0.0,33.1108,11.5308,86.7244,0.7118,1.5161,0.4997,1.0079,0.0571,6.0456,0.1733,0.0
673,11.7666,canny_hough,pid,0,1,1,0.45,319.0,,455.6083,159.0,106.1759,1.0,STOP,3.975,0.0,0.0,0.0,0.0,18.0883,11.6064,86.1593,0.4914,0.849,0.5388,1.2654,0.0619,5.0652,0.1594,8.7644
674,11.7767,canny_hough,pid,0,0,0,0.0,0.0,,,0.0,74.3231,1.0,STOP,3.975,0.0,0.0,0.0,0.0,10.6339,24.367,41.0392,0.4023,1.0984,0.4244,1.3066,0.0626,5.1655,0.0081,0.0
675,11.787,canny_hough,pid,0,0,0,0.0,0.0,,,0.0,52.0262,1.0,STOP,3.975,0.0,0.0,0.0,0.0,20.8742,10.1314,98.7026,0.4115,1.0571,0.4596,1.4673,0.0614,5.1248,0.0089,0.0
676,11.7981,canny_hough,pid,0,0,0,0.0,0.0,,,0.0,36.4183,1.0,STOP,3.975,0.0,0.0,0.0,0.0,31.9343,10.2973,97.1131,0.4305,1.5711,0.5091,1.2935,0.0506,5.4576,0.0089,0.0
677,11.8234,canny_hough,pid,0,0,0,0.0,0.0,,,0.0,25.4928,1.0,STOP,3.975,0.0,0.0,0.0,0.0,43.6889,11.4392,87.4185,0.4103,1.069,0.4306,2.7033,0.0465,5.0428,0.0083,8.1544
678,11.8377,canny_hough,pid,0,0,0,0.0,0.0,,,0.0,17.845,1.0,STOP,3.975,0.0,0.0,0.0,0.0,31.6436,24.9885,40.0184,0.5063,4.1749,0.9028,1.5829,0.061,5.2273,0.0078,0.0
679,11.8478,canny_hough,pid,0,0,0,0.0,0.0,,,0.0,12.4915,1.0,STOP,3.975,0.0,0.0,0.0,0.0,12.8858,14.0398,71.2259,0.4,1.0692,0.4337,1.4849,0.055,5.1696,0.009,0.0
680,11.8622,canny_hough,pid,0,0,0,0.0,0.0,,,0.0,8.744,1.0,STOP,3.975,0.0,0.0,0.0,0.0,27.2385,10.4704,95.5069,0.4809,3.9173,0.5455,1.553,0.0597,5.9062,0.0091,0.0
681,11.8903,canny_hough,pid,0,0,0,0.0,0.0,,,0.0,6.1208,1.0,STOP,3.975,0.0,0.0,0.0,0.0,41.5715,14.4097,69.3978,0.4625,1.3568,0.4889,2.0513,0.0459,8.0605,0.009,9.6029
682,11.9031,canny_hough,pid,0,0,0,0.0,0.0,,,0.0,4.2846,1.0,STOP,3.975,0.0,0.0,0.0,0.0,29.4438,28.0848,35.6065,0.491,1.2152,0.4793,2.9347,0.0609,5.761,0.0082,0.0
683,11.9149,canny_hough,pid,0,0,0,0.0,0.0,,,0.0,2.9992,1.0,STOP,3.975,0.0,0.0,0.0,0.0,21.9713,12.5813,79.4831,0.4836,1.2531,0.4807,1.9732,0.0643,5.8225,0.0115,0.0
684,11.9262,canny_hough,pid,0,0,0,0.0,0.0,,,0.0,2.0994,1.0,STOP,3.975,0.0,0.0,0.0,0.0,33.2791,11.8966,84.0576,0.4599,1.338,0.5075,1.3884,0.0554,5.8305,0.0088,0.0
685,11.9551,canny_hough,pid,0,0,0,0.0,0.0,,,0.0,1.4696,1.0,STOP,3.975,0.0,0.0,0.0,0.0,46.8033,11.6418,85.8976,0.5186,1.6186,2.023,1.8829,0.0461,5.1703,0.0095,9.3906
686,11.9678,canny_hough,pid,0,1,1,0.6,319.0,,455.4052,159.0,48.7287,1.0,STOP,3.975,0.0,0.0,0.0,0.0,33.7558,29.1155,34.346,0.5394,1.2797,0.4994,2.0696,0.0696,5.8112,0.1793,0.0
687,11.979,canny_hough,pid,0,0,0,0.0,0.0,,,0.0,34.1101,1.0,STOP,3.975,0.0,0.0,0.0,0.0,22.5748,11.9004,84.0307,0.5106,1.1885,0.4592,1.1995,0.0521,6.2119,0.0105,0.0
688,11.9933,canny_hough,pid,0,0,0,0.0,0.0,,,0.0,23.8771,1.0,STOP,3.975,0.0,0.0,0.0,0.0,36.8664,11.6158,86.0894,0.4836,3.0055,0.5421,1.8928,0.0515,6.2516,0.0097,0.0
689,12.0214,canny_hough,pid,0,0,0,0.0,0.0,,,0.0,16.714,1.0,STOP,3.975,0.0,0.0,0.0,0.0,13.7956,13.936,71.7566,0.4585,0.7535,0.4522,1.4072,0.0556,5.6561,0.0096,9.9394
690,12.0365,canny_hough,pid,0,1,1,0.45,319.0,,457.8768,159.0,59.3998,1.0,STOP,3.975,0.0,0.0,0.0,0.0,15.5757,28.4708,35.1237,0.4687,3.2524,0.491,2.5584,0.0543,6.3068,0.1699,0.0
691,12.0511,canny_hough,pid,0,1,1,0.45,319.0,,457.8768,159.0,89.2798,1.0,STOP,3.975,0.0,0.0,0.0,0.0,30.1169,14.7536,67.7802,0.4455,3.6025,0.5786,2.1361,0.0628,6.0508,0.1706,0.0
692,12.063,canny_hough,pid,0,1,1,0.45,319.0,,457.8768,159.0,110.1959,1.0,STOP,3.975,0.0,0.0,0.0,0.0,42.0603,14.8424,67.3744,0.4836,1.5933,0.4736,1.7333,0.0592,5.6671,0.1777,0.0
693,12.0922,canny_hough,pid,0,1,1,0.45,319.0,,456.9073,159.0,124.8371,1.0,STOP,3.975,0.0,0.0,0.0,0.0,22.6721,11.6375,85.9291,0.4516,1.8734,0.6265,1.9661,0.1229,6.5849,0.1775,11.7428
694,12.1038,canny_hough,pid,0,0,0,0.0,0.0,,,0.0,87.386,1.0,STOP,3.975,0.0,0.0,0.0,0.0,20.5956,29.4685,33.9346,0.48,1.2396,0.4771,1.569,0.0599,5.9551,0.0117,0.0
695,12.1156,canny_hough,pid,0,0,0,0.0,0.0,,,0.0,61.1702,1.0,STOP,3.975,0.0,0.0,0.0,0.0,32.324,11.7083,85.4093,0.4753,1.3907,0.5094,1.7772,0.0569,5.5374,0.0095,0.0
696,12.1263,canny_hough,pid,0,1,1,0.45,319.0,,458.205,159.0,90.5191,1.0,STOP,3.975,0.0,0.0,0.0,0.0,14.1173,11.2962,88.5257,0.4466,1.2256,0.4737,1.3985,0.0587,5.5315,0.2028,0.0
697,12.1552,canny_hough,pid,0,1,1,0.45,319.0,,458.205,159.0,111.0634,1.0,STOP,3.975,0.0,0.0,0.0,0.0,25.373,10.7856,92.7163,0.4461,1.1476,0.6702,1.5417,0.0532,5.7515,0.1934,11.9348
698,12.1678,canny_hough,pid,0,1,1,0.6,319.0,,452.1566,159.0,125.4444,1.0,STOP,3.975,0.0,0.0,0.0,0.0,19.448,29.1977,34.2493,0.4745,1.3177,0.4775,1.5015,0.0612,6.753,0.1945,0.0
699,12.1805,canny_hough,pid,0,1,1,0.6,319.0,,452.1566,159.0,135.5111,1.0,STOP,3.975,0.0,0.0,0.0,0.0,32.0674,12.7349,78.5245,0.4778,1.3596,0.5546,1.6593,0.0602,6.4398,0.1888,0.0
700,12.194,canny_hough,pid,0,1,1,0.6,319.0,,452.1566,159.0,142.5577,1.0,STOP,3.975,0.0,0.0,0.0,0.0,45.6371,13.6086,73.4829,0.7056,1.4519,0.5768,1.4734,0.0536,6.2814,0.1734,0.0
701,12.2212,canny_hough,pid,0,0,0,0.0,0.0,,,0.0,99.7904,1.0,STOP,3.975,0.0,0.0,0.0,0.0,16.4057,12.2033,81.9452,0.458,1.3906,0.5571,1.6401,0.0574,5.99,0.0099,10.2966
702,12.2327,canny_hough,pid,0,0,0,0.0,0.0,,,0.0,69.8533,1.0,STOP,3.975,0.0,0.0,0.0,0.0,23.0052,27.3172,36.607,0.4529,1.2187,0.4538,1.7575,0.0575,5.8815,0.0096,0.0
703,12.2452,canny_hough,pid,0,0,0,0.0,0.0,,,0.0,48.8973,1.0,STOP,3.975,0.0,0.0,0.0,0.0,35.4837,11.6397,85.9126,0.4678,1.31,0.5214,2.3176,0.0707,5.8945,0.0099,0.0
704,12.2569,canny_hough,pid,0,0,0,0.0,0.0,,,0.0,34.2281,1.0,STOP,3.975,0.0,0.0,0.0,0.0,47.2339,13.023,76.7873,0.4678,1.2243,0.6012,1.6743,0.0564,5.3815,0.0096,0.0
705,12.284,canny_hough,pid,0,0,0,0.0,0.0,,,0.0,23.9597,1.0,STOP,3.975,0.0,0.0,0.0,0.0,24.8503,11.0602,90.4141,0.4319,1.6856,0.4859,4.5039,0.064,5.5546,0.0087,8.8406
706,12.2941,canny_hough,pid,0,1,1,0.6,319.0,,454.8287,159.0,64.4718,1.0,STOP,3.975,0.0,0.0,0.0,0.0,13.7394,27.1713,36.8036,0.4064,1.1023,0.4591,1.1303,0.0574,5.1603,0.1596,0.0
707,12.3042,canny_hough,pid,0,1,1,0.6,319.0,,454.8287,159.0,92.8302,1.0,STOP,3.975,0.0,0.0,0.0,0.0,23.7961,9.8631,101.3884,0.3988,1.0866,0.4966,1.214,0.0691,5.2464,0.1485,0.0
708,12.3149,canny_hough,pid,0,1,1,0.6,319.0,,454.8287,159.0,112.6812,1.0,STOP,3.975,0.0,0.0,0.0,0.0,34.503,10.6629,93.7832,0.5894,1.0615,0.439,1.2275,0.0553,5.1425,0.1556,0.0
709,12.3417,canny_hough,pid,0,1,1,0.6,319.0,,448.0936,159.0,126.5768,1.0,STOP,3.975,0.0,0.0,0.0,0.0,19.9482,10.3261,96.8422,0.4044,1.095,0.4312,1.0904,0.0543,5.5021,0.2187,10.684
710,12.3517,canny_hough,pid,0,0,0,0.0,0.0,,,0.0,88.6038,1.0,STOP,3.975,0.0,0.0,0.0,0.0,19.7615,26.9583,37.0944,0.4042,1.2274,0.476,1.0422,0.0595,4.9703,0.008,0.0
711,12.3648,canny_hough,pid,0,0,0,0.0,0.0,,,0.0,62.0226,1.0,STOP,3.975,0.0,0.0,0.0,0.0,32.7893,9.7799,102.2507,0.5456,1.2272,0.5007,3.2742,0.0823,5.7524,0.0092,0.0
712,12.3813,canny_hough,pid,0,0,0,0.0,0.0,,,0.0,43.4158,1.0,STOP,3.975,0.0,0.0,0.0,0.0,49.3203,14.8503,67.3385,0.5326,4.5936,0.523,1.4849,0.0585,5.8029,0.0093,0.0
713,12.4101,canny_hough,pid,0,1,1,0.6,319.0,,453.578,159.0,78.0911,1.0,STOP,3.975,0.0,0.0,0.0,0.0,21.0699,14.7348,67.8667,0.4649,1.2847,0.5548,1.7461,0.0717,6.3931,0.2031,10.8997
714,12.4226,canny_hough,pid,0,1,1,0.45,319.0,,457.2483,159.0,102.3638,1.0,STOP,3.975,0.0,0.0,0.0,0.0,25.2409,28.9775,34.5096,0.4847,1.4262,0.4873,1.7303,0.0777,6.3208,0.185,0.0
715,12.4354,canny_hough,pid,0,1,1,0.45,319.0,,457.2483,159.0,119.3546,1.0,STOP,3.975,0.0,0.0,0.0,0.0,38.0254,12.5729,79.5362,0.568,1.4006,0.6799,1.5029,0.0614,6.5294,0.1808,0.0
716,12.4465,canny_hough,pid,0,1,1,0.45,319.0,,457.2483,159.0,131.2482,1.0,STOP,3.975,0.0,0.0,0.0,0.0,49.1605,12.6727,78.9095,0.5197,1.3056,0.4591,1.5465,0.0547,5.37,0.1736,0.0
717,12.4732,canny_hough,pid,0,0,0,0.0,0.0,,,0.0,91.8738,1.0,STOP,3.975,0.0,0.0,0.0,0.0,22.678,11.0251,90.7024,0.4724,1.3513,0.4882,1.454,0.0556,6.6737,0.0098,10.2635
718,12.4839,canny_hough,pid,0,0,0,0.0,0.0,,,0.0,64.3116,1.0,STOP,3.975,0.0,0.0,0.0,0.0,14.5143,26.67,37.4953,0.4769,1.1835,0.4795,1.3935,0.0632,5.4547,0.0084,0.0
719,12.4956,canny_hough,pid,0,0,0,0.0,0.0,,,0.0,45.0181,1.0,STOP,3.975,0.0,0.0,0.0,0.0,26.1282,10.9135,91.63,0.4903,1.2,0.4763,1.672,0.0853,5.7998,0.0092,0.0
720,12.5098,canny_hough,pid,0,0,0,0.0,0.0,,,0.0,31.5127,1.0,STOP,3.975,0.0,0.0,0.0,0.0,40.3607,11.9832,83.45,0.8095,2.0936,0.5522,3.296,0.0495,5.2486,0.0097,0.0
721,12.5378,canny_hough,pid,0,0,0,0.0,0.0,,,0.0,22.0589,1.0,STOP,3.975,0.0,0.0,0.0,0.0,20.1542,13.6729,73.1375,0.4819,1.2043,0.5474,1.5356,0.0676,7.0966,0.0105,9.6373
722,12.5501,canny_hough,pid,0,1,1,0.6,319.0,,449.5721,159.0,63.1412,1.0,STOP,3.975,0.0,0.0,0.0,0.0,26.0603,28.1458,35.5293,0.4712,1.2271,0.6012,1.7532,0.0708,6.224,0.1834,0.0
723,12.5632,canny_hough,pid,0,1,1,0.6,319.0,,449.5721,159.0,91.8989,1.0,STOP,3.975,0.0,0.0,0.0,0.0,39.1553,12.3959,80.6717,0.4751,1.3875,0.5374,2.279,0.0457,6.257,0.2475,0.0
724,12.5816,canny_hough,pid,0,1,1,0.6,319.0,,449.5721,159.0,112.0292,1.0,STOP,3.975,0.0,0.0,0.0,0.0,57.5968,13.9098,71.8918,0.8011,5.4137,0.5308,2.608,0.0709,6.1163,0.1903,0.0
725,12.6096,canny_hough,pid,0,0,0,0.0,0.0,,,0.0,78.4204,1.0,STOP,3.975,0.0,0.0,0.0,0.0,27.5116,18.4751,54.1269,0.5074,2.0717,0.4711,1.1109,0.0556,5.8972,0.0084,9.4402
726,12.6244,canny_hough,pid,0,0,0,0.0,0.0,,,0.0,54.8943,1.0,STOP,3.975,0.0,0.0,0.0,0.0,38.7742,27.1733,36.8008,0.4697,3.6567,0.9948,1.8905,0.0924,5.6587,0.0084,0.0
727,12.6355,canny_hough,pid,0,0,0,0.0,0.0,,,0.0,38.426,1.0,STOP,3.975,0.0,0.0,0.0,0.0,17.8093,14.6266,68.3686,0.4768,1.2711,0.4989,1.3123,0.062,5.5094,0.0122,0.0
728,12.6479,canny_hough,pid,0,0,0,0.0,0.0,,,0.0,26.8982,1.0,STOP,3.975,0.0,0.0,0.0,0.0,30.2562,11.1286,89.8589,0.5963,1.296,0.6374,1.6206,0.1312,6.1295,0.0104,0.0
729,12.6744,canny_hough,pid,0,0,0,0.0,0.0,,,0.0,18.8287,1.0,STOP,3.975,0.0,0.0,0.0,0.0,43.9927,13.8953,71.967,0.8588,1.8516,0.5275,1.5848,0.0559,5.5325,0.0091,8.8528
730,12.6865,canny_hough,pid,0,0,0,0.0,0.0,,,0.0,13.1801,1.0,STOP,3.975,0.0,0.0,0.0,0.0,33.3496,24.8081,40.3094,0.4533,1.8994,0.5898,1.2576,0.0707,6.0817,0.0074,0.0
731,12.6966,canny_hough,pid,0,1,1,0.45,319.0,,455.1376,159.0,56.9261,1.0,STOP,3.975,0.0,0.0,0.0,0.0,14.3887,11.9974,83.3511,0.4456,0.7159,0.4932,1.3715,0.0633,5.5154,0.1695,0.0
732,12.7084,canny_hough,pid,0,1,1,0.45,319.0,,455.1376,159.0,87.5483,1.0,STOP,3.975,0.0,0.0,0.0,0.0,26.1242,10.2472,97.5879,0.6848,0.8215,0.4732,1.4929,0.0644,6.4701,0.1935,0.0
733,12.7403,canny_hough,pid,0,1,1,0.45,319.0,,455.1376,159.0,108.9838,1.0,STOP,3.975,0.0,0.0,0.0,0.0,41.5022,12.1464,82.3286,1.8274,3.401,0.5261,1.2604,0.0666,5.9897,0.1772,10.1778
734,12.755,canny_hough,pid,0,1,1,0.3,319.0,,456.7352,159.0,123.9886,1.0,STOP,3.975,0.0,0.0,0.0,0.0,41.6019,32.4045,30.8599,0.7462,2.6367,0.5145,1.4645,0.059,6.6004,0.1918,0.0
735,12.776,canny_hough,pid,0,0,0,0.0,0.0,,,0.0,86.7921,1.0,STOP,3.975,0.0,0.0,0.0,0.0,33.3036,13.8029,72.4484,0.4812,6.8496,0.5267,5.5575,0.0619,5.9346,0.0087,0.0
736,12.788,canny_hough,pid,0,0,0,0.0,0.0,,,0.0,60.7544,1.0,STOP,3.975,0.0,0.0,0.0,0.0,14.5706,21.2164,47.1333,0.476,1.3929,0.4551,2.1386,0.0758,5.5478,0.0092,0.0
737,12.8172,canny_hough,pid,0,0,0,0.0,0.0,,,0.0,42.5281,1.0,STOP,3.975,0.0,0.0,0.0,0.0,26.8738,11.7089,85.4055,0.5379,1.2508,0.4888,2.3407,0.0901,5.9566,0.0104,10.1909
738,12.8308,canny_hough,pid,0,0,0,0.0,0.0,,,0.0,29.7697,1.0,STOP,3.975,0.0,0.0,0.0,0.0,14.2027,29.6495,33.7274,0.4634,3.1268,0.5124,1.5869,0.0681,5.8339,0.0146,0.0
739,12.8494,canny_hough,pid,0,0,0,0.0,0.0,,,0.0,20.8388,1.0,STOP,3.975,0.0,0.0,0.0,0.0,32.7822,13.3649,74.8231,0.4806,8.0175,0.5489,2.0734,0.0527,5.6217,0.0097,0.0
740,12.8606,canny_hough,pid,0,1,1,0.45,319.0,,458.1843,159.0,62.2871,1.0,STOP,3.975,0.0,0.0,0.0,0.0,19.949,18.4057,54.3309,0.4984,1.1891,0.4651,1.7158,0.0514,5.5614,0.2603,0.0
741,12.8882,canny_hough,pid,0,1,1,0.45,319.0,,458.1843,159.0,91.301,1.0,STOP,3.975,0.0,0.0,0.0,0.0,33.788,11.587,86.3034,0.5022,2.2294,0.8975,1.8162,0.0586,6.2824,0.1785,9.5342
742,12.9003,canny_hough,pid,0,0,0,0.0,0.0,,,0.0,63.9107,1.0,STOP,3.975,0.0,0.0,0.0,0.0,25.0431,27.4794,36.3908,0.4676,1.3953,0.5079,1.7162,0.0667,6.0977,0.0078,0.0
743,12.9108,canny_hough,pid,0,0,0,0.0,0.0,,,0.0,44.7375,1.0,STOP,3.975,0.0,0.0,0.0,0.0,13.9007,12.0291,83.1317,0.4837,1.2075,0.4758,1.4222,0.0809,5.0897,0.009,0.0
744,12.9215,canny_hough,pid,0,0,0,0.0,0.0,,,0.0,31.3162,1.0,STOP,3.975,0.0,0.0,0.0,0.0,24.5794,10.3163,96.9341,0.4542,1.1911,0.4495,1.3436,0.0606,5.6206,0.0097,0.0
745,12.9478,canny_hough,pid,0,0,0,0.0,0.0,,,0.0,21.9214,1.0,STOP,3.975,0.0,0.0,0.0,0.0,36.3281,10.7626,92.9146,0.4455,1.8649,0.5613,1.787,0.0568,5.3768,0.0086,8.7411
746,12.9594,canny_hough,pid,0,0,0,0.0,0.0,,,0.0,15.345,1.0,STOP,3.975,0.0,0.0,0.0,0.0,29.1977,26.6469,37.5278,0.476,1.2199,0.5018,1.2613,0.0827,6.0428,0.0095,0.0
747,12.9724,canny_hough,pid,0,0,0,0.0,0.0,,,0.0,10.7415,1.0,STOP,3.975,0.0,0.0,0.0,0.0,42.1832,11.4152,87.6024,0.5669,1.3206,1.1877,3.0249,0.0393,5.1673,0.0089,0.0
748,12.9837,canny_hough,pid,0,0,0,0.0,0.0,,,0.0,7.519,1.0,STOP,3.975,0.0,0.0,0.0,0.0,17.1271,12.9653,77.1287,0.4054,1.1576,0.4232,1.9469,0.0738,5.4965,0.0092,0.0
749,13.0103,canny_hough,pid,0,0,0,0.0,0.0,,,0.0,5.2633,1.0,STOP,3.975,0.0,0.0,0.0,0.0,28.4632,11.2517,88.8752,0.5328,1.149,0.4269,2.341,0.0679,5.1211,0.0077,10.3161
750,13.0217,canny_hough,pid,0,1,1,0.6,319.0,,457.1075,159.0,51.3843,1.0,STOP,3.975,0.0,0.0,0.0,0.0,22.9299,26.41,37.8644,0.4048,2.0583,0.4516,1.7094,0.0695,5.0833,0.1528,0.0
751,13.0334,canny_hough,pid,0,1,1,0.6,319.0,,457.1075,159.0,83.669,1.0,STOP,3.975,0.0,0.0,0.0,0.0,34.628,11.5917,86.2685,0.4113,1.211,0.4906,1.5653,0.1073,5.9016,0.2266,0.0
752,13.0446,canny_hough,pid,0,1,1,0.6,319.0,,457.1075,159.0,106.2683,1.0,STOP,3.975,0.0,0.0,0.0,0.0,45.8227,11.9638,83.5851,0.4239,1.0458,0.4199,1.6758,0.0566,5.5279,0.1524,0.0
753,13.0695,canny_hough,pid,0,0,0,0.0,0.0,,,0.0,74.3878,1.0,STOP,3.975,0.0,0.0,0.0,0.0,21.3173,10.9429,91.3832,0.4171,1.0791,0.4546,1.5938,0.0553,5.4655,0.0093,9.1625
754,13.0824,canny_hough,pid,0,0,0,0.0,0.0,,,0.0,52.0715,1.0,STOP,3.975,0.0,0.0,0.0,0.0,48.2949,24.9861,40.0222,0.4813,2.7809,0.4983,1.5199,0.0655,5.5444,0.011,0.0
755,13.0944,canny_hough,pid,0,0,0,0.0,0.0,,,0.0,36.45,1.0,STOP,3.975,0.0,0.0,0.0,0.0,24.356,13.1801,75.8718,0.9084,1.9012,0.4898,1.4807,0.0541,5.1512,0.0089,0.0
756,13.1042,canny_hough,pid,0,1,1,0.6,319.0,,455.1719,159.0,73.215,1.0,STOP,3.975,0.0,0.0,0.0,0.0,17.292,11.522,86.7906,0.4544,0.7186,0.4933,1.0741,0.0665,5.3351,0.1689,0.0
757,13.1316,canny_hough,pid,0,1,1,0.6,319.0,,455.1719,159.0,98.9505,1.0,STOP,3.975,0.0,0.0,0.0,0.0,28.8066,9.759,102.4695,0.4491,0.7169,0.4817,1.3101,0.0802,6.7965,0.2061,10.1283
758,13.1429,canny_hough,pid,0,0,0,0.0,0.0,,,0.0,69.2654,1.0,STOP,3.975,0.0,0.0,0.0,0.0,23.6619,27.7017,36.0988,0.5311,0.8024,0.4722,1.4968,0.0646,5.9892,0.0089,0.0
759,13.1552,canny_hough,pid,0,0,0,0.0,0.0,,,0.0,48.4858,1.0,STOP,3.975,0.0,0.0,0.0,0.0,36.0324,11.5016,86.9443,0.4904,1.6482,0.5086,1.4175,0.0751,6.0611,0.0116,0.0
760,13.1673,canny_hough,pid,0,0,0,0.0,0.0,,,0.0,33.94,1.0,STOP,3.975,0.0,0.0,0.0,0.0,48.1054,12.3222,81.1545,0.6799,1.2261,0.4662,1.6863,0.0541,5.8721,0.0094,0.0
761,13.1953,canny_hough,pid,0,1,1,0.6,319.0,,450.737,159.0,71.458,1.0,STOP,3.975,0.0,0.0,0.0,0.0,18.354,11.6619,85.7495,0.4884,1.4832,0.4755,1.7651,0.0656,6.3572,0.1791,10.4022
762,13.2087,canny_hough,pid,0,0,0,0.0,0.0,,,0.0,50.0206,1.0,STOP,3.975,0.0,0.0,0.0,0.0,24.0222,28.3523,35.2705,0.5816,2.5203,0.5303,2.1154,0.065,5.5814,0.0082,0.0
763,13.2205,canny_hough,pid,0,0,0,0.0,0.0,,,0.0,35.0144,1.0,STOP,3.975,0.0,0.0,0.0,0.0,35.797,13.2779,75.3132,0.483,1.1968,0.7428,2.0087,0.0567,5.3946,0.0104,0.0
764,13.2323,canny_hough,pid,0,0,0,0.0,0.0,,,0.0,24.5101,1.0,STOP,3.975,0.0,0.0,0.0,0.0,14.4436,11.8492,84.3941,0.4859,1.3483,0.5106,1.5643,0.0539,5.7251,0.0095,0.0
765,13.2571,canny_hough,pid,0,0,0,0.0,0.0,,,0.0,17.1571,1.0,STOP,3.975,0.0,0.0,0.0,0.0,25.5808,11.7833,84.8656,0.5089,1.3283,0.4753,1.5039,0.0668,5.3109,0.0093,9.8598
766,13.2676,canny_hough,pid,0,1,1,0.3,319.0,,456.3747,159.0,59.7099,1.0,STOP,3.975,0.0,0.0,0.0,0.0,20.9529,24.4769,40.8549,0.4436,1.1614,0.5109,1.3603,0.0517,5.3552,0.1893,0.0
767,13.2783,canny_hough,pid,0,1,1,0.3,319.0,,456.3747,159.0,89.497,1.0,STOP,3.975,0.0,0.0,0.0,0.0,31.5884,10.4558,95.6406,0.3899,1.6807,0.4432,1.2777,0.0526,5.2701,0.1562,0.0
768,13.289,canny_hough,pid,0,1,1,0.3,319.0,,456.3747,159.0,110.3479,1.0,STOP,3.975,0.0,0.0,0.0,0.0,42.2923,11.4864,87.0598,0.4131,0.9804,0.4274,1.4755,0.0593,4.958,0.1595,0.0
769,13.3138,canny_hough,pid,0,0,0,0.0,0.0,,,0.0,77.2435,1.0,STOP,3.975,0.0,0.0,0.0,0.0,18.9503,9.9675,100.3262,0.4179,0.6731,0.4045,1.3608,0.0558,5.0286,0.0096,9.6796
770,13.3241,canny_hough,pid,0,0,0,0.0,0.0,,,0.0,54.0705,1.0,STOP,3.975,0.0,0.0,0.0,0.0,19.724,24.8578,40.2289,0.4256,1.0258,0.4091,1.8903,0.058,4.9196,0.007,0.0
771,13.3355,canny_hough,pid,0,0,0,0.0,0.0,,,0.0,37.8493,1.0,STOP,3.975,0.0,0.0,0.0,0.0,31.0917,10.4259,95.9149,0.4568,1.2777,0.4791,1.8189,0.0566,5.4866,0.0103,0.0
772,13.3495,canny_hough,pid,0,0,0,0.0,0.0,,,0.0,26.4945,1.0,STOP,3.975,0.0,0.0,0.0,0.0,45.138,11.6976,85.4876,0.9081,2.7657,0.5418,2.088,0.0455,5.3688,0.0097,0.0
773,13.3749,canny_hough,pid,0,1,1,0.45,319.0,,454.9751,159.0,66.2462,1.0,STOP,3.975,0.0,0.0,0.0,0.0,16.3846,13.5498,73.8021,0.4156,1.033,0.4119,1.4948,0.0558,5.3867,0.1692,8.7504
774,13.387,canny_hough,pid,0,0,0,0.0,0.0,,,0.0,46.3723,1.0,STOP,3.975,0.0,0.0,0.0,0.0,13.4255,25.531,39.1681,0.4655,1.2959,0.5244,1.5493,0.0761,6.4498,0.0092,0.0
775,13.3984,canny_hough,pid,0,0,0,0.0,0.0,,,0.0,32.4606,1.0,STOP,3.975,0.0,0.0,0.0,0.0,24.7612,12.0816,82.7705,0.4998,1.3488,0.5319,1.5472,0.0557,5.6024,0.0094,0.0
776,13.4113,canny_hough,pid,0,0,0,0.0,0.0,,,0.0,22.7224,1.0,STOP,3.975,0.0,0.0,0.0,0.0,37.6867,11.1619,89.5906,0.4416,1.1454,0.8902,1.5122,0.0483,6.9646,0.0094,0.0
777,13.4384,canny_hough,pid,0,0,0,0.0,0.0,,,0.0,15.9057,1.0,STOP,3.975,0.0,0.0,0.0,0.0,49.3621,13.3662,74.8155,0.582,1.1717,0.4692,1.5756,0.0518,5.9,0.0111,11.3582
778,13.4499,canny_hough,pid,0,0,0,0.0,0.0,,,0.0,11.134,1.0,STOP,3.975,0.0,0.0,0.0,0.0,19.0109,26.8451,37.2508,0.456,0.7301,0.5641,1.2274,0.0573,6.7858,0.0114,0.0
779,13.4619,canny_hough,pid,0,0,0,0.0,0.0,,,0.0,7.7938,1.0,STOP,3.975,0.0,0.0,0.0,0.0,31.0384,11.3913,87.7866,0.4587,1.1805,0.6482,1.6317,0.0596,6.4378,0.0095,0.0
780,13.4741,canny_hough,pid,0,0,0,0.0,0.0,,,0.0,5.4557,1.0,STOP,3.975,0.0,0.0,0.0,0.0,43.1682,12.651,79.0453,0.5131,1.3052,0.6259,1.2879,0.0856,5.9477,0.009,0.0
781,13.4999,canny_hough,pid,0,0,0,0.0,0.0,,,0.0,3.819,1.0,STOP,3.975,0.0,0.0,0.0,0.0,15.5144,11.5751,86.3923,0.4548,0.7408,0.4488,1.6318,0.0583,5.7071,0.0089,9.0105
782,13.5123,canny_hough,pid,0,0,0,0.0,0.0,,,0.0,2.6733,1.0,STOP,3.975,0.0,0.0,0.0,0.0,43.0876,25.8234,38.7246,0.7366,1.8668,0.4893,1.3553,0.0549,6.1499,0.0078,0.0
783,13.5243,canny_hough,pid,0,1,1,0.6,319.0,,444.2197,159.0,49.5713,1.0,STOP,3.975,0.0,0.0,0.0,0.0,17.2432,12.4003,80.6429,0.4558,1.4338,0.5104,1.6367,0.065,6.18,0.1848,0.0
784,13.5475,canny_hough,pid,0,1,1,0.6,319.0,,444.2197,159.0,82.3999,1.0,STOP,3.975,0.0,0.0,0.0,0.0,40.3294,15.4425,64.7565,0.8048,1.7166,0.6902,5.1833,0.0586,9.3406,0.2585,0.0
785,13.5877,canny_hough,pid,0,0,0,0.0,0.0,,,0.0,57.6799,1.0,STOP,3.975,0.0,0.0,0.0,0.0,35.025,20.3487,49.1433,0.6357,1.2592,0.5777,2.1436,0.0577,12.354,0.0095,14.6653
786,13.6017,canny_hough,pid,0,0,0,0.0,0.0,,,0.0,40.376,1.0,STOP,3.975,0.0,0.0,0.0,0.0,29.2877,40.2818,24.8251,0.5241,1.8438,0.4932,2.8186,0.0563,5.9505,0.0075,0.0
787,13.6155,canny_hough,pid,0,1,1,0.6,319.0,,450.1955,159.0,75.9632,1.0,STOP,3.975,0.0,0.0,0.0,0.0,24.1972,13.3678,74.8068,0.4454,1.5727,0.558,2.8396,0.0752,6.3186,0.2327,0.0
788,13.63,canny_hough,pid,0,1,1,0.6,319.0,,450.1955,159.0,100.8742,1.0,STOP,3.975,0.0,0.0,0.0,0.0,38.7155,14.9873,66.7231,0.5446,1.5781,0.5236,2.6556,0.0628,6.1169,0.1845,0.0
789,13.6566,canny_hough,pid,0,1,1,0.45,319.0,,457.7524,159.0,118.312,1.0,STOP,3.975,0.0,0.0,0.0,0.0,16.5589,13.4513,74.3422,0.4758,1.387,0.5067,1.4955,0.058,6.3942,0.2134,10.4262
790,13.6691,canny_hough,pid,0,1,1,0.45,319.0,,455.1376,159.0,130.5184,1.0,STOP,3.975,0.0,0.0,0.0,0.0,18.9152,26.3688,37.9235,0.4461,1.1944,0.4693,2.3737,0.0556,6.275,0.1815,0.0
791,13.6819,canny_hough,pid,0,1,1,0.45,319.0,,455.1376,159.0,139.0629,1.0,STOP,3.975,0.0,0.0,0.0,0.0,31.6531,12.5943,79.4013,0.4985,1.1677,0.6295,2.9474,0.0522,5.6907,0.2,0.0
792,13.6946,canny_hough,pid,0,1,1,0.45,319.0,,455.1376,159.0,145.044,1.0,STOP,3.975,0.0,0.0,0.0,0.0,44.374,13.7172,72.9012,0.5173,1.6722,0.4897,1.5493,0.0591,5.7272,0.1749,0.0
793,13.7237,canny_hough,pid,0,0,0,0.0,0.0,,,0.0,101.5308,1.0,STOP,3.975,0.0,0.0,0.0,0.0,21.2899,11.7791,84.896,0.4747,1.2474,0.6581,2.7574,0.0523,5.6706,0.0095,11.0144
794,13.7366,canny_hough,pid,0,0,0,0.0,0.0,,,0.0,71.0716,1.0,STOP,3.975,0.0,0.0,0.0,0.0,24.1273,29.4655,33.9379,0.4775,1.2078,0.4818,2.5077,0.0574,6.0667,0.0085,0.0
795,13.7513,canny_hough,pid,0,0,0,0.0,0.0,,,0.0,49.7501,1.0,STOP,3.975,0.0,0.0,0.0,0.0,38.8402,12.9718,77.0903,0.4771,1.9025,0.752,3.2515,0.0611,6.0823,0.0093,0.0
796,13.7637,canny_hough,pid,0,0,0,0.0,0.0,,,0.0,34.8251,1.0,STOP,3.975,0.0,0.0,0.0,0.0,51.2445,14.3138,69.8624,0.7512,1.2825,0.4857,2.4341,0.0817,5.5575,0.0099,0.0
797,13.7915,canny_hough,pid,0,1,1,0.6,319.0,,449.8694,159.0,72.0775,1.0,STOP,3.975,0.0,0.0,0.0,0.0,22.5581,12.3001,81.3002,0.5076,1.1886,0.5128,2.123,0.0645,6.1267,0.1809,10.2899
798,13.8042,canny_hough,pid,0,0,0,0.0,0.0,,,0.0,50.4543,1.0,STOP,3.975,0.0,0.0,0.0,0.0,21.7115,27.9431,35.787,0.5667,1.2814,0.4898,1.5517,0.0778,6.937,0.0082,0.0
799,13.8155,canny_hough,pid,0,0,0,0.0,0.0,,,0.0,35.318,1.0,STOP,3.975,0.0,0.0,0.0,0.0,32.9544,12.62,79.2391,0.4944,1.2997,0.4781,1.6294,0.0917,5.5691,0.0094,0.0
800,13.8291,canny_hough,pid,0,0,0,0.0,0.0,,,0.0,24.7226,1.0,STOP,3.975,0.0,0.0,0.0,0.0,46.4945,11.7931,84.7952,0.715,2.4293,0.646,1.6259,0.0579,5.8185,0.0089,0.0
801,13.8537,canny_hough,pid,0,0,0,0.0,0.0,,,0.0,17.3058,1.0,STOP,3.975,0.0,0.0,0.0,0.0,19.5044,13.0731,76.493,0.4794,1.1554,0.4455,1.4355,0.0645,5.7226,0.0089,9.6556
802,13.8719,canny_hough,pid,0,1,1,0.6,319.0,,444.9434,159.0,59.8141,1.0,STOP,3.975,0.0,0.0,0.0,0.0,31.2954,24.8863,40.1827,0.4782,5.9192,0.512,1.5969,0.0603,7.5512,0.1831,0.0
803,13.8853,canny_hough,pid,0,1,1,0.6,319.0,,444.9434,159.0,89.5699,1.0,STOP,3.975,0.0,0.0,0.0,0.0,44.6352,18.5512,53.905,0.5298,2.0173,0.5207,2.0146,0.0694,5.5886,0.1934,0.0
804,13.8964,canny_hough,pid,0,0,0,0.0,0.0,,,0.0,62.6989,1.0,STOP,3.975,0.0,0.0,0.0,0.0,20.0301,12.6654,78.9553,0.4413,1.1623,0.4813,1.7343,0.0556,5.6932,0.011,0.0
805,13.9235,canny_hough,pid,0,0,0,0.0,0.0,,,0.0,43.8892,1.0,STOP,3.975,0.0,0.0,0.0,0.0,31.2108,11.1403,89.7644,0.4522,1.1333,0.4616,2.0769,0.0543,5.4356,0.0091,10.418
806,13.9361,canny_hough,pid,0,1,1,0.45,319.0,,454.9751,159.0,78.4225,1.0,STOP,3.975,0.0,0.0,0.0,0.0,22.5772,27.2668,36.6746,0.4944,1.1466,0.444,1.9132,0.0542,6.6052,0.1832,0.0
807,13.9493,canny_hough,pid,0,1,1,0.45,319.0,,454.9751,159.0,102.5957,1.0,STOP,3.975,0.0,0.0,0.0,0.0,35.7572,12.96,77.1607,0.7212,1.507,0.5173,1.7345,0.0549,6.2704,0.1813,0.0
808,13.9609,canny_hough,pid,0,0,0,0.0,0.0,,,0.0,71.817,1.0,STOP,3.975,0.0,0.0,0.0,0.0,19.0448,12.9093,77.4632,0.4549,1.1897,0.4725,1.6207,0.0586,5.9192,0.0094,0.0
809,13.9888,canny_hough,pid,0,0,0,0.0,0.0,,,0.0,50.2719,1.0,STOP,3.975,0.0,0.0,0.0,0.0,31.9756,12.556,79.6434,0.5363,1.7519,0.6197,1.6124,0.0579,5.5579,0.0093,9.3753
810,14.0006,canny_hough,pid,0,0,0,0.0,0.0,,,0.0,35.1903,1.0,STOP,3.975,0.0,0.0,0.0,0.0,34.9484,26.8985,37.1768,0.3932,1.0289,0.5739,1.9185,0.0524,6.0721,0.0078,0.0
811,14.012,canny_hough,pid,0,0,0,0.0,0.0,,,0.0,24.6332,1.0,STOP,3.975,0.0,0.0,0.0,0.0,46.3781,12.1964,81.9914,0.7873,2.2459,0.4639,0.9124,0.0486,4.8536,0.0085,0.0
812,14.0211,canny_hough,pid,0,0,0,0.0,0.0,,,0.0,17.2433,1.0,STOP,3.975,0.0,0.0,0.0,0.0,16.1815,10.6502,93.8951,0.4402,0.6011,0.3769,0.9401,0.0515,5.2737,0.0108,0.0
813,14.0439,canny_hough,pid,0,0,0,0.0,0.0,,,0.0,12.0703,1.0,STOP,3.975,0.0,0.0,0.0,0.0,26.8539,9.5032,105.2274,0.4149,0.8251,0.7839,1.7298,0.046,5.0917,0.01,8.2493
814,14.0565,canny_hough,pid,0,1,1,0.6,319.0,,446.8524,159.0,56.1492,1.0,STOP,3.975,0.0,0.0,0.0,0.0,27.7465,22.5953,44.2569,0.4681,1.0146,0.3888,2.0059,0.0736,6.7643,0.1744,0.0
815,14.068,canny_hough,pid,0,1,1,0.6,319.0,,446.8524,159.0,87.0044,1.0,STOP,3.975,0.0,0.0,0.0,0.0,39.2183,12.8168,78.0226,0.3946,1.0539,0.4612,2.0788,0.0499,5.5835,0.1508,0.0
816,14.078,canny_hough,pid,0,0,0,0.0,0.0,,,0.0,60.9031,1.0,STOP,3.975,0.0,0.0,0.0,0.0,12.6326,11.2973,88.5167,0.4016,1.0119,0.3994,1.2016,0.0534,5.35,0.0091,0.0
817,14.1065,canny_hough,pid,0,0,0,0.0,0.0,,,0.0,42.6322,1.0,STOP,3.975,0.0,0.0,0.0,0.0,24.1947,9.8932,101.0794,0.4092,1.1579,0.5557,1.8754,0.0774,5.8197,0.0113,10.5826
818,14.1214,canny_hough,pid,0,0,0,0.0,0.0,,,0.0,29.8425,1.0,STOP,3.975,0.0,0.0,0.0,0.0,27.6948,28.9649,34.5246,0.4631,1.6799,0.7734,1.5693,0.0594,8.0991,0.01,0.0
819,14.1391,canny_hough,pid,0,0,0,0.0,0.0,,,0.0,20.8898,1.0,STOP,3.975,0.0,0.0,0.0,0.0,45.3866,15.0637,66.3846,0.536,4.3759,0.5282,3.591,0.0869,6.2979,0.0129,0.0
820,14.1577,canny_hough,pid,0,0,0,0.0,0.0,,,0.0,14.6228,1.0,STOP,3.975,0.0,0.0,0.0,0.0,63.9933,17.802,56.1735,0.616,3.2875,0.5942,4.4395,0.0581,7.1653,0.0117,0.0
821,14.1878,canny_hough,pid,0,0,0,0.0,0.0,,,0.0,10.236,1.0,STOP,3.975,0.0,0.0,0.0,0.0,78.9166,18.8327,53.0991,0.6833,2.4732,0.5996,3.1414,0.0579,5.4485,0.0092,9.841
822,14.2042,canny_hough,pid,0,1,1,0.45,319.0,,453.9622,159.0,54.8652,1.0,STOP,3.975,0.0,0.0,0.0,0.0,40.4789,30.5863,32.6944,0.5191,1.3142,0.4901,4.5583,0.0554,6.375,0.1831,0.0
823,14.216,canny_hough,pid,0,0,0,0.0,0.0,,,0.0,38.4056,1.0,STOP,3.975,0.0,0.0,0.0,0.0,21.8531,15.2121,65.7371,0.4851,1.2032,0.5057,1.8881,0.0576,5.8138,0.009,0.0
824,14.2285,canny_hough,pid,0,0,0,0.0,0.0,,,0.0,26.8839,1.0,STOP,3.975,0.0,0.0,0.0,0.0,34.3713,12.3868,80.7314,0.7065,1.2541,0.4657,1.7571,0.0583,5.7583,0.0096,0.0
825,14.2577,canny_hough,pid,0,1,1,0.6,319.0,,458.8925,159.0,66.5188,1.0,STOP,3.975,0.0,0.0,0.0,0.0,20.2494,11.6862,85.5706,0.4611,1.1899,0.4747,1.4787,0.0559,5.6609,0.1778,14.0144
826,14.2706,canny_hough,pid,0,1,1,0.6,319.0,,450.2305,159.0,94.2631,1.0,STOP,3.975,0.0,0.0,0.0,0.0,19.1076,29.3689,34.0496,0.4474,1.1473,0.435,1.4856,0.0669,7.4857,0.187,0.0
827,14.2834,canny_hough,pid,0,1,1,0.6,319.0,,450.2305,159.0,113.6842,1.0,STOP,3.975,0.0,0.0,0.0,0.0,31.8468,13.0161,76.8278,0.5508,1.3081,0.6814,1.5582,0.0744,6.4281,0.2681,0.0
828,14.2962,canny_hough,pid,0,1,1,0.6,319.0,,450.2305,159.0,127.2789,1.0,STOP,3.975,0.0,0.0,0.0,0.0,44.7332,12.8468,77.8401,0.5433,1.2208,0.4553,1.4918,0.0573,6.8951,0.1779,0.0
829,14.327,canny_hough,pid,0,1,1,0.45,319.0,,452.6018,159.0,136.7953,1.0,STOP,3.975,0.0,0.0,0.0,0.0,26.3105,12.7776,78.2618,0.485,1.2787,0.6336,3.1251,0.0576,6.5953,0.1868,11.6011
830,14.3393,canny_hough,pid,0,0,0,0.0,0.0,,,0.0,95.7567,1.0,STOP,3.975,0.0,0.0,0.0,0.0,12.5596,30.5843,32.6965,0.4717,1.1876,0.4817,1.3914,0.0554,6.9742,0.0095,0.0
831,14.3515,canny_hough,pid,0,0,0,0.0,0.0,,,0.0,67.0297,1.0,STOP,3.975,0.0,0.0,0.0,0.0,24.8051,12.4535,80.2989,0.518,1.2725,0.5025,2.3932,0.0433,5.687,0.0093,0.0
832,14.3656,canny_hough,pid,0,0,0,0.0,0.0,,,0.0,46.9208,1.0,STOP,3.975,0.0,0.0,0.0,0.0,38.8996,12.1782,82.1138,0.51,2.5571,0.9198,1.7686,0.0659,6.43,0.0104,0.0
833,14.398,canny_hough,pid,0,0,0,0.0,0.0,,,0.0,32.8445,1.0,STOP,3.975,0.0,0.0,0.0,0.0,24.7089,13.9799,71.5313,0.4587,4.6242,0.4937,1.57,0.0625,6.5774,0.0106,10.0986
834,14.4138,canny_hough,pid,0,0,0,0.0,0.0,,,0.0,22.9912,1.0,STOP,3.975,0.0,0.0,0.0,0.0,36.4183,33.0794,30.2303,0.4943,1.832,0.5445,2.0884,0.0733,8.0882,0.0091,0.0
835,14.4281,canny_hough,pid,0,0,0,0.0,0.0,,,0.0,16.0938,1.0,STOP,3.975,0.0,0.0,0.0,0.0,50.7146,16.8372,59.3922,0.7124,1.3449,0.5397,1.5009,0.0629,6.5318,0.0126,0.0
836,14.4406,canny_hough,pid,0,0,0,0.0,0.0,,,0.0,11.2657,1.0,STOP,3.975,0.0,0.0,0.0,0.0,17.0141,13.3131,75.114,0.448,0.8799,0.4749,2.0502,0.0612,6.0637,0.0097,0.0
837,14.4703,canny_hough,pid,0,0,0,0.0,0.0,,,0.0,7.886,1.0,STOP,3.975,0.0,0.0,0.0,0.0,29.0219,12.0634,82.8952,0.4724,0.7507,0.7618,1.4849,0.0623,6.4237,0.0098,10.8973
838,14.4846,canny_hough,pid,0,0,0,0.0,0.0,,,0.0,5.5202,1.0,STOP,3.975,0.0,0.0,0.0,0.0,30.0232,30.6879,32.5862,0.5668,1.5842,0.5067,1.8201,0.0566,6.7729,0.0086,0.0
839,14.4973,canny_hough,pid,0,1,1,0.45,319.0,,451.867,159.0,51.5641,1.0,STOP,3.975,0.0,0.0,0.0,0.0,25.0641,12.995,76.9528,0.4524,1.2002,0.5255,2.1194,0.0724,6.2973,0.2082,0.0
840,14.5139,canny_hough,pid,0,1,1,0.45,319.0,,451.867,159.0,83.7949,1.0,STOP,3.975,0.0,0.0,0.0,0.0,41.6604,13.2609,75.4099,0.835,5.6664,0.5619,1.5631,0.0597,5.571,0.1742,0.0
841,14.5424,canny_hough,pid,0,1,1,0.6,319.0,,458.314,159.0,106.3564,1.0,STOP,3.975,0.0,0.0,0.0,0.0,22.2584,16.0856,62.1675,0.4796,1.2161,0.6601,1.6524,0.0615,7.4412,0.2725,10.8516
842,14.5551,canny_hough,pid,0,0,0,0.0,0.0,,,0.0,74.4495,1.0,STOP,3.975,0.0,0.0,0.0,0.0,24.2401,28.6381,34.9186,0.4791,1.3898,0.4837,1.8883,0.0664,6.4301,0.0108,0.0
843,14.5669,canny_hough,pid,0,0,0,0.0,0.0,,,0.0,52.1146,1.0,STOP,3.975,0.0,0.0,0.0,0.0,35.9697,12.5254,79.8378,0.4619,1.2519,0.4928,1.6387,0.0583,6.193,0.0099,0.0
844,14.5784,canny_hough,pid,0,0,0,0.0,0.0,,,0.0,36.4803,1.0,STOP,3.975,0.0,0.0,0.0,0.0,47.4528,12.1132,82.5548,0.6306,1.3693,0.4954,1.2572,0.0592,5.6784,0.0087,0.0
845,14.6053,canny_hough,pid,0,0,0,0.0,0.0,,,0.0,25.5362,1.0,STOP,3.975,0.0,0.0,0.0,0.0,19.3028,11.0514,90.4865,0.4524,1.2318,0.498,1.7392,0.0578,5.9472,0.0093,9.5157
846,14.6172,canny_hough,pid,0,0,0,0.0,0.0,,,0.0,17.8753,1.0,STOP,3.975,0.0,0.0,0.0,0.0,22.1754,27.0048,37.0304,0.4522,1.1317,0.4368,1.8315,0.0557,6.2962,0.0089,0.0
847,14.6309,canny_hough,pid,0,0,0,0.0,0.0,,,0.0,12.5127,1.0,STOP,3.975,0.0,0.0,0.0,0.0,35.8929,11.918,83.9069,0.4546,1.2176,0.7139,3.195,0.0473,6.4377,0.0096,0.0
848,14.6429,canny_hough,pid,0,0,0,0.0,0.0,,,0.0,8.7589,1.0,STOP,3.975,0.0,0.0,0.0,0.0,16.1784,13.9959,71.4496,0.464,1.3235,0.4968,1.4596,0.0606,6.2343,0.0104,0.0
849,14.6707,canny_hough,pid,0,0,0,0.0,0.0,,,0.0,6.1312,1.0,STOP,3.975,0.0,0.0,0.0,0.0,27.8528,11.6721,85.6745,0.4426,1.2521,0.5104,1.5956,0.0569,6.1811,0.0095,10.7668
850,14.6832,canny_hough,pid,0,0,0,0.0,0.0,,,0.0,4.2919,1.0,STOP,3.975,0.0,0.0,0.0,0.0,22.1175,27.9184,35.8187,0.464,1.3946,0.4993,1.6235,0.0794,6.7102,0.0074,0.0
851,14.6934,canny_hough,pid,0,0,0,0.0,0.0,,,0.0,3.0043,1.0,STOP,3.975,0.0,0.0,0.0,0.0,32.2975,12.3099,81.2355,0.4844,0.9333,0.4738,1.1613,0.0505,5.5825,0.009,0.0
852,14.7062,canny_hough,pid,0,0,0,0.0,0.0,,,0.0,2.103,1.0,STOP,3.975,0.0,0.0,0.0,0.0,45.0843,11.1104,90.0055,0.746,1.2805,0.5071,1.8981,0.0568,5.8438,0.0092,0.0
853,14.7305,canny_hough,pid,0,1,1,0.6,319.0,,452.817,159.0,49.1721,1.0,STOP,3.975,0.0,0.0,0.0,0.0,15.9611,11.851,84.3812,0.4606,1.2035,0.504,1.1757,0.0704,5.9312,0.2359,9.1847
854,14.7422,canny_hough,pid,0,1,1,0.3,319.0,,458.0102,159.0,82.1205,1.0,STOP,3.975,0.0,0.0,0.0,0.0,21.8581,24.5159,40.7899,0.478,1.2384,0.5013,1.316,0.0589,6.2138,0.1749,0.0
855,14.7527,canny_hough,pid,0,1,1,0.3,319.0,,458.0102,159.0,105.1843,1.0,STOP,3.975,0.0,0.0,0.0,0.0,32.3613,11.5304,86.7275,0.4657,1.1667,0.5448,1.2941,0.0632,5.2667,0.1712,0.0
856,14.7635,canny_hough,pid,0,1,1,0.3,319.0,,458.0102,159.0,121.329,1.0,STOP,3.975,0.0,0.0,0.0,0.0,43.2212,10.5305,94.9618,0.4498,1.1503,0.4566,1.5095,0.0584,5.4962,0.1773,0.0
857,14.7905,canny_hough,pid,0,1,1,0.3,319.0,,458.0102,159.0,132.6303,1.0,STOP,3.975,0.0,0.0,0.0,0.0,54.3474,11.2073,89.2279,0.5174,1.216,0.4682,1.212,0.0538,5.5882,0.1742,9.6849
858,14.8029,canny_hough,pid,0,0,0,0.0,0.0,,,0.0,92.8412,1.0,STOP,3.975,0.0,0.0,0.0,0.0,14.5648,26.9134,37.1563,0.4791,1.3255,0.476,1.6558,0.0852,6.3708,0.0081,0.0
859,14.814,canny_hough,pid,0,0,0,0.0,0.0,,,0.0,64.9889,1.0,STOP,3.975,0.0,0.0,0.0,0.0,25.723,12.0996,82.6475,0.4645,1.2667,0.4761,1.853,0.0607,5.4307,0.0114,0.0
860,14.8257,canny_hough,pid,0,0,0,0.0,0.0,,,0.0,45.4922,1.0,STOP,3.975,0.0,0.0,0.0,0.0,37.4185,12.1535,82.2806,0.4573,1.209,0.4721,1.4129,0.0602,5.4389,0.0093,0.0
861,14.8525,canny_hough,pid,0,0,0,0.0,0.0,,,0.0,31.8445,1.0,STOP,3.975,0.0,0.0,0.0,0.0,22.0087,10.8385,92.2636,0.4575,1.1798,0.5359,1.4479,0.0568,5.4805,0.0091,9.9162
862,14.8686,canny_hough,pid,0,0,0,0.0,0.0,,,0.0,22.2912,1.0,STOP,3.975,0.0,0.0,0.0,0.0,17.4804,26.7898,37.3276,0.4546,2.9326,0.5267,2.3119,0.0556,8.0273,0.0084,0.0
863,14.8818,canny_hough,pid,0,0,0,0.0,0.0,,,0.0,15.6038,1.0,STOP,3.975,0.0,0.0,0.0,0.0,30.6041,16.1262,62.0109,0.6308,1.9856,0.7376,2.5929,0.0522,5.3642,0.0102,0.0
864,14.8976,canny_hough,pid,0,0,0,0.0,0.0,,,0.0,10.9227,1.0,STOP,3.975,0.0,0.0,0.0,0.0,46.4796,15.2899,65.4028,0.5022,1.6287,0.4816,2.7229,0.0548,6.4019,0.0095,0.0
865,14.9268,canny_hough,pid,0,0,0,0.0,0.0,,,0.0,7.6459,1.0,STOP,3.975,0.0,0.0,0.0,0.0,28.5362,13.8256,72.3297,0.4621,2.1215,0.5263,4.148,0.0637,6.0285,0.0097,9.7953
866,14.9413,canny_hough,pid,0,0,0,0.0,0.0,,,0.0,5.3521,1.0,STOP,3.975,0.0,0.0,0.0,0.0,31.3922,29.262,34.1741,0.4733,1.7782,0.4949,2.4585,0.0886,7.1124,0.0079,0.0
867,14.9517,canny_hough,pid,0,0,0,0.0,0.0,,,0.0,3.7465,1.0,STOP,3.975,0.0,0.0,0.0,0.0,41.74,14.3381,69.7442,0.4925,0.7935,0.4716,1.3796,0.0534,5.3441,0.0089,0.0
868,14.9622,canny_hough,pid,0,0,0,0.0,0.0,,,0.0,2.6225,1.0,STOP,3.975,0.0,0.0,0.0,0.0,20.2062,10.0328,99.6731,0.5141,1.131,0.4343,1.1401,0.0534,5.7791,0.0094,0.0
869,14.9896,canny_hough,pid,0,0,0,0.0,0.0,,,0.0,1.8358,1.0,STOP,3.975,0.0,0.0,0.0,0.0,33.1221,10.5853,94.4708,0.6476,2.2338,0.5142,2.1998,0.0432,5.4778,0.009,9.1695
870,15.0026,canny_hough,pid,0,0,0,0.0,0.0,,,0.0,1.285,1.0,STOP,3.975,0.0,0.0,0.0,0.0,31.5687,27.6715,36.1382,0.4653,1.3026,0.5767,1.5134,0.0648,7.167,0.0092,0.0
871,15.0158,canny_hough,pid,0,0,0,0.0,0.0,,,0.0,0.8995,1.0,STOP,3.975,0.0,0.0,0.0,0.0,44.8232,13.6556,73.2298,0.8209,1.6233,0.566,1.6455,0.0637,5.9926,0.0098,0.0
872,15.0283,canny_hough,pid,0,0,0,0.0,0.0,,,0.0,0.6297,1.0,STOP,3.975,0.0,0.0,0.0,0.0,22.6943,12.3765,80.7983,0.5069,1.3318,0.7167,1.6595,0.0718,6.39,0.0117,0.0
873,15.0584,canny_hough,pid,0,0,0,0.0,0.0,,,0.0,0.4408,1.0,STOP,3.975,0.0,0.0,0.0,0.0,37.2765,13.1096,76.2799,0.5855,3.567,0.4741,2.6208,0.0643,4.9846,0.0092,9.9154
874,15.0778,canny_hough,pid,0,1,1,0.6,319.0,,456.3477,159.0,48.0085,1.0,STOP,3.975,0.0,0.0,0.0,0.0,43.8934,29.7868,33.5719,0.4663,1.2565,0.4714,1.4941,0.0487,9.1944,4.5571,0.0
875,15.0941,canny_hough,pid,0,0,0,0.0,0.0,,,0.0,33.606,1.0,STOP,3.975,0.0,0.0,0.0,0.0,24.0399,19.1851,52.1238,0.4343,5.2422,0.5673,1.6779,0.0631,6.5121,0.0097,0.0
876,15.1081,canny_hough,pid,0,0,0,0.0,0.0,,,0.0,23.5242,1.0,STOP,3.975,0.0,0.0,0.0,0.0,38.0987,16.9707,58.9252,0.4859,1.2936,0.5637,3.6318,0.0423,5.6311,0.0158,0.0
877,15.1359,canny_hough,pid,0,1,1,0.45,319.0,,455.7786,159.0,64.1669,1.0,STOP,3.975,0.0,0.0,0.0,0.0,17.6946,13.3276,75.0324,0.4604,1.2106,0.4393,1.471,0.0523,5.5923,0.1698,10.1521
878,15.1469,canny_hough,pid,0,0,0,0.0,0.0,,,0.0,44.9169,1.0,STOP,3.975,0.0,0.0,0.0,0.0,12.8797,27.6253,36.1987,0.5204,1.1254,0.4362,1.3454,0.0567,6.0026,0.0083,0.0
879,15.1582,canny_hough,pid,0,0,0,0.0,0.0,,,0.0,31.4418,1.0,STOP,3.975,0.0,0.0,0.0,0.0,24.0927,11.0764,90.2819,0.4507,1.2628,0.5361,1.4539,0.0579,5.8374,0.0096,0.0
880,15.1714,canny_hough,pid,0,0,0,0.0,0.0,,,0.0,22.0093,1.0,STOP,3.975,0.0,0.0,0.0,0.0,37.2687,11.2112,89.1969,0.4506,1.1683,0.5639,3.7912,0.0392,5.5584,0.0113,0.0
881,15.1988,canny_hough,pid,0,0,0,0.0,0.0,,,0.0,15.4065,1.0,STOP,3.975,0.0,0.0,0.0,0.0,17.7736,13.3776,74.752,0.5557,1.2823,0.4813,1.2814,0.0537,5.8446,0.011,10.0807
882,15.2104,canny_hough,pid,0,0,0,0.0,0.0,,,0.0,10.7845,1.0,STOP,3.975,0.0,0.0,0.0,0.0,12.8351,27.3982,36.4987,0.4651,1.4087,0.4767,1.079,0.0627,6.3104,0.0091,0.0
883,15.2208,canny_hough,pid,0,0,0,0.0,0.0,,,0.0,7.5492,1.0,STOP,3.975,0.0,0.0,0.0,0.0,23.2466,11.5338,86.7016,0.4757,0.8525,0.5606,1.4752,0.0685,5.3026,0.0087,0.0
884,15.2377,canny_hough,pid,0,0,0,0.0,0.0,,,0.0,5.2844,1.0,STOP,3.975,0.0,0.0,0.0,0.0,40.1674,11.0558,90.4499,0.4729,1.2003,0.5392,3.3289,0.0446,9.0184,0.0092,0.0
885,15.2657,canny_hough,pid,0,1,1,0.6,319.0,,452.8902,159.0,51.3991,1.0,STOP,3.975,0.0,0.0,0.0,0.0,22.4122,16.1855,61.7836,0.4619,1.1818,0.4779,1.6637,0.0693,6.2866,0.1788,10.5762
886,15.2839,canny_hough,pid,0,1,1,0.6,319.0,,448.4044,159.0,83.6794,1.0,STOP,3.975,0.0,0.0,0.0,0.0,30.4487,28.3288,35.2997,0.4576,4.5646,0.5297,3.6537,0.0827,6.7781,0.1728,0.0
887,15.2973,canny_hough,pid,0,1,1,0.6,319.0,,448.4044,159.0,106.2756,1.0,STOP,3.975,0.0,0.0,0.0,0.0,43.8507,18.6558,53.6025,0.9632,1.3257,0.5606,1.6473,0.0643,6.2532,0.2024,0.0
888,15.3093,canny_hough,pid,0,0,0,0.0,0.0,,,0.0,74.3929,1.0,STOP,3.975,0.0,0.0,0.0,0.0,21.9114,12.7306,78.5512,0.5266,1.2386,0.4796,1.8227,0.0569,6.0854,0.0103,0.0
889,15.3392,canny_hough,pid,0,0,0,0.0,0.0,,,0.0,52.075,1.0,STOP,3.975,0.0,0.0,0.0,0.0,37.286,12.1211,82.5009,1.9304,1.3623,1.0134,2.7813,0.1542,6.1456,0.0097,10.2722
890,15.352,canny_hough,pid,0,0,0,0.0,0.0,,,0.0,36.4525,1.0,STOP,3.975,0.0,0.0,0.0,0.0,35.7513,30.0246,33.306,0.5468,1.6945,0.5026,1.7525,0.0652,6.2626,0.009,0.0
891,15.3625,canny_hough,pid,0,0,0,0.0,0.0,,,0.0,25.5168,1.0,STOP,3.975,0.0,0.0,0.0,0.0,46.214,12.8325,77.927,0.4528,1.1652,0.4482,1.3875,0.0551,4.881,0.0087,0.0
892,15.3742,canny_hough,pid,0,1,1,0.6,319.0,,455.2946,159.0,65.5617,1.0,STOP,3.975,0.0,0.0,0.0,0.0,21.1824,9.973,100.2712,0.4488,0.6956,0.4822,0.9679,0.0585,6.0001,1.287,0.0
893,15.4036,canny_hough,pid,0,1,1,0.6,319.0,,455.2946,159.0,93.5932,1.0,STOP,3.975,0.0,0.0,0.0,0.0,35.7794,13.0065,76.8844,0.7118,1.7715,0.4718,1.4557,0.3397,6.2803,0.2932,9.3066
894,15.4168,canny_hough,pid,0,1,1,0.45,319.0,,459.4451,159.0,113.2152,1.0,STOP,3.975,0.0,0.0,0.0,0.0,38.3452,28.5221,35.0606,0.5419,1.2385,0.5058,2.0126,0.0576,6.7567,0.1798,0.0
895,15.4282,canny_hough,pid,0,1,1,0.45,319.0,,459.4451,159.0,126.9507,1.0,STOP,3.975,0.0,0.0,0.0,0.0,49.7648,13.1664,75.9511,0.5004,1.1777,0.4785,1.637,0.0476,5.5846,0.1859,0.0
896,15.4475,canny_hough,pid,0,0,0,0.0,0.0,,,0.0,88.8655,1.0,STOP,3.975,0.0,0.0,0.0,0.0,26.1772,11.4718,87.1705,0.5512,6.9339,0.5532,1.6008,0.0632,7.5721,0.0088,0.0
897,15.4789,canny_hough,pid,0,0,0,0.0,0.0,,,0.0,62.2058,1.0,STOP,3.975,0.0,0.0,0.0,0.0,38.3219,20.0468,49.8833,0.4779,1.1447,0.4381,1.5173,0.0532,5.8565,0.0091,13.971
898,15.4932,canny_hough,pid,0,1,1,0.6,319.0,,449.5716,159.0,91.2441,1.0,STOP,3.975,0.0,0.0,0.0,0.0,21.0221,30.6484,32.6281,0.4912,1.2748,0.4785,2.8803,0.0578,6.8538,0.1907,0.0
899,15.5049,canny_hough,pid,0,1,1,0.6,319.0,,449.5716,159.0,111.5709,1.0,STOP,3.975,0.0,0.0,0.0,0.0,32.8953,14.1579,70.6319,0.4824,1.3057,0.5022,1.7583,0.0605,5.6843,0.1785,0.0
900,15.5167,canny_hough,pid,0,1,1,0.6,319.0,,449.5716,159.0,125.7996,1.0,STOP,3.975,0.0,0.0,0.0,0.0,44.7388,11.8867,84.1279,0.6827,1.238,0.9093,1.6111,0.0429,5.3017,0.1707,0.0
901,15.5429,canny_hough,pid,0,1,1,0.6,319.0,,450.065,159.0,135.7597,1.0,STOP,3.975,0.0,0.0,0.0,0.0,18.7036,11.738,85.1932,0.4555,0.7014,0.9662,1.4018,0.0745,6.7247,0.1872,9.7745
902,15.5551,canny_hough,pid,0,0,0,0.0,0.0,,,0.0,95.0318,1.0,STOP,3.975,0.0,0.0,0.0,0.0,21.0516,26.0853,38.3358,0.4568,1.3449,0.4732,1.4541,0.0592,6.4788,0.008,0.0
903,15.5671,canny_hough,pid,0,0,0,0.0,0.0,,,0.0,66.5223,1.0,STOP,3.975,0.0,0.0,0.0,0.0,33.1473,12.0251,83.1594,0.4618,1.2601,0.4654,1.5893,0.0557,6.5405,0.0099,0.0
904,15.5823,canny_hough,pid,0,0,0,0.0,0.0,,,0.0,46.5656,1.0,STOP,3.975,0.0,0.0,0.0,0.0,48.3368,12.4362,80.4105,0.8658,1.9768,1.2415,2.8863,0.0427,5.9219,0.0094,0.0
905,15.6121,canny_hough,pid,0,0,0,0.0,0.0,,,0.0,32.5959,1.0,STOP,3.975,0.0,0.0,0.0,0.0,18.6757,14.7762,67.6765,0.4733,1.2601,0.573,2.3235,0.0632,5.8397,0.0095,12.046
906,15.6239,canny_hough,pid,0,0,0,0.0,0.0,,,0.0,22.8171,1.0,STOP,3.975,0.0,0.0,0.0,0.0,25.7311,30.0215,33.3094,0.4883,1.2794,0.4544,1.5065,0.0602,6.1866,0.0078,0.0
907,15.6372,canny_hough,pid,0,0,0,0.0,0.0,,,0.0,15.972,1.0,STOP,3.975,0.0,0.0,0.0,0.0,39.0462,11.5692,86.4366,0.5287,1.198,0.4716,3.6204,0.0755,5.6497,0.0095,0.0
908,15.6491,canny_hough,pid,0,0,0,0.0,0.0,,,0.0,11.1804,1.0,STOP,3.975,0.0,0.0,0.0,0.0,15.4338,13.4593,74.2979,0.4646,1.3104,0.5256,1.6444,0.0739,6.0127,0.0099,0.0
909,15.6773,canny_hough,pid,0,0,0,0.0,0.0,,,0.0,7.8263,1.0,STOP,3.975,0.0,0.0,0.0,0.0,28.682,11.9499,83.6824,0.4844,1.2585,0.5187,2.6128,0.058,6.4506,0.0091,9.7388
910,15.6915,canny_hough,pid,0,0,0,0.0,0.0,,,0.0,5.4784,1.0,STOP,3.975,0.0,0.0,0.0,0.0,26.5962,28.5698,35.002,0.4868,2.2607,0.5655,2.2544,0.053,6.3807,0.0087,0.0
911,15.7063,canny_hough,pid,0,0,0,0.0,0.0,,,0.0,3.8349,1.0,STOP,3.975,0.0,0.0,0.0,0.0,41.4041,13.6999,72.9935,0.5238,1.7064,0.855,3.2246,0.0699,6.0016,0.0094,0.0
912,15.7177,canny_hough,pid,0,1,1,0.6,319.0,,451.1287,159.0,50.3844,1.0,STOP,3.975,0.0,0.0,0.0,0.0,17.7421,14.7397,67.8439,0.4606,1.2635,0.5435,1.6917,0.0591,5.6703,0.1819,0.0
913,15.7457,canny_hough,pid,0,1,1,0.6,319.0,,451.1287,159.0,82.9691,1.0,STOP,3.975,0.0,0.0,0.0,0.0,31.8671,11.9811,83.4645,1.1189,2.1046,0.5311,2.248,0.054,5.7672,0.1893,9.8678
914,15.7583,canny_hough,pid,0,0,0,0.0,0.0,,,0.0,58.0784,1.0,STOP,3.975,0.0,0.0,0.0,0.0,35.5274,27.6301,36.1924,0.4541,1.2876,0.7899,1.6865,0.0616,6.4695,0.0078,0.0
915,15.7696,canny_hough,pid,0,0,0,0.0,0.0,,,0.0,40.6549,1.0,STOP,3.975,0.0,0.0,0.0,0.0,46.7909,12.8322,77.9289,0.7695,1.2516,0.4714,1.5589,0.0687,5.0649,0.0098,0.0
916,15.7804,canny_hough,pid,0,0,0,0.0,0.0,,,0.0,28.4584,1.0,STOP,3.975,0.0,0.0,0.0,0.0,19.5982,10.722,93.2666,0.451,1.1404,0.4358,1.6928,0.0549,5.5397,0.0091,0.0
917,15.8063,canny_hough,pid,0,0,0,0.0,0.0,,,0.0,19.9209,1.0,STOP,3.975,0.0,0.0,0.0,0.0,31.7148,11.091,90.1636,0.4835,1.6863,0.7335,1.5556,0.063,5.7486,0.0093,8.4409
918,15.8178,canny_hough,pid,0,0,0,0.0,0.0,,,0.0,13.9446,1.0,STOP,3.975,0.0,0.0,0.0,0.0,29.5774,25.8867,38.6299,0.4712,1.2539,0.4744,1.4577,0.0568,5.98,0.0079,0.0
919,15.8287,canny_hough,pid,0,0,0,0.0,0.0,,,0.0,9.7612,1.0,STOP,3.975,0.0,0.0,0.0,0.0,40.5479,11.6035,86.1806,0.5209,1.1863,0.5198,1.4231,0.0535,5.3633,0.0095,0.0
920,15.8407,canny_hough,pid,0,1,1,0.6,319.0,,456.8224,159.0,54.5329,1.0,STOP,3.975,0.0,0.0,0.0,0.0,15.4899,10.6424,93.9641,0.4462,1.8404,0.4863,1.5073,0.0558,5.9501,0.1745,0.0
921,15.868,canny_hough,pid,0,1,1,0.6,319.0,,456.8224,159.0,85.873,1.0,STOP,3.975,0.0,0.0,0.0,0.0,27.7106,12.0673,82.8687,0.4563,1.1895,0.5075,2.0215,0.0509,6.1785,0.1787,9.6196
922,15.8801,canny_hough,pid,0,0,0,0.0,0.0,,,0.0,60.1111,1.0,STOP,3.975,0.0,0.0,0.0,0.0,30.9883,27.5455,36.3035,0.5336,1.2838,0.5172,1.8527,0.058,5.9134,0.0076,0.0
923,15.8928,canny_hough,pid,0,0,0,0.0,0.0,,,0.0,42.0778,1.0,STOP,3.975,0.0,0.0,0.0,0.0,43.6517,11.7268,85.275,0.4646,1.3688,0.4775,2.9152,0.0539,5.7965,0.0093,0.0
924,15.9094,canny_hough,pid,0,0,0,0.0,0.0,,,0.0,29.4544,1.0,STOP,3.975,0.0,0.0,0.0,0.0,60.2799,13.787,72.5322,0.674,3.7866,0.4975,3.4163,0.0537,5.4781,0.0089,0.0
925,15.9356,canny_hough,pid,0,0,0,0.0,0.0,,,0.0,20.6181,1.0,STOP,3.975,0.0,0.0,0.0,0.0,24.712,15.8123,63.2419,0.5396,1.4297,0.6955,1.1164,0.072,5.3111,0.0092,10.6008
926,15.9487,canny_hough,pid,0,0,0,0.0,0.0,,,0.0,14.4327,1.0,STOP,3.975,0.0,0.0,0.0,0.0,35.5106,26.0678,38.3615,0.5182,1.257,0.5019,2.2148,0.0458,6.7727,0.0082,0.0
927,15.9598,canny_hough,pid,0,1,1,0.6,319.0,,452.0198,159.0,57.8029,1.0,STOP,3.975,0.0,0.0,0.0,0.0,15.4117,13.0505,76.6255,0.4637,1.1626,0.4667,1.5685,0.0557,5.5975,0.1721,0.0
928,15.972,canny_hough,pid,0,1,1,0.6,319.0,,452.0198,159.0,88.162,1.0,STOP,3.975,0.0,0.0,0.0,0.0,27.6624,10.9235,91.5457,0.4939,1.1353,0.4391,1.9872,0.0832,6.4425,0.1704,0.0
929,16.0001,canny_hough,pid,0,1,1,0.6,319.0,,452.0198,159.0,109.4134,1.0,STOP,3.975,0.0,0.0,0.0,0.0,41.2143,13.2306,75.5824,0.4985,1.6626,0.6257,2.7631,0.0451,5.3988,0.1702,8.6623
930,16.0118,canny_hough,pid,0,0,0,0.0,0.0,,,0.0,76.5894,1.0,STOP,3.975,0.0,0.0,0.0,0.0,32.9478,27.4973,36.3672,0.4576,0.7535,0.4565,2.0146,0.061,6.0346,0.008,0.0
931,16.0218,canny_hough,pid,0,0,0,0.0,0.0,,,0.0,53.6126,1.0,STOP,3.975,0.0,0.0,0.0,0.0,42.8965,11.411,87.6348,0.7132,0.7435,0.471,1.1771,0.059,5.1959,0.012,0.0
932,16.0328,canny_hough,pid,0,1,1,0.45,319.0,,452.4371,159.0,85.2288,1.0,STOP,3.975,0.0,0.0,0.0,0.0,19.4444,9.88,101.2142,0.4543,0.7559,0.4512,1.5095,0.0643,6.0506,0.2009,0.0
933,16.0612,canny_hough,pid,0,1,1,0.45,319.0,,452.4371,159.0,107.3602,1.0,STOP,3.975,0.0,0.0,0.0,0.0,33.0166,11.8258,84.5607,0.889,1.8714,0.4935,1.6358,0.0587,6.1763,0.1744,9.0226
934,16.0744,canny_hough,pid,0,0,0,0.0,0.0,,,0.0,75.1521,1.0,STOP,3.975,0.0,0.0,0.0,0.0,31.17,27.8977,35.8453,0.4716,1.232,0.553,1.7445,0.0802,7.2077,0.0078,0.0
935,16.0856,canny_hough,pid,0,0,0,0.0,0.0,,,0.0,52.6065,1.0,STOP,3.975,0.0,0.0,0.0,0.0,10.6301,13.2384,75.5381,0.4545,1.1895,0.4432,1.4978,0.0526,5.4895,0.0104,0.0
936,16.0977,canny_hough,pid,0,0,0,0.0,0.0,,,0.0,36.8245,1.0,STOP,3.975,0.0,0.0,0.0,0.0,22.7404,10.9623,91.2221,0.4475,1.7744,0.5649,1.5228,0.0649,5.9535,0.0095,0.0
937,16.1263,canny_hough,pid,0,0,0,0.0,0.0,,,0.0,25.7772,1.0,STOP,3.975,0.0,0.0,0.0,0.0,37.0311,12.0622,82.9038,0.5492,2.4057,2.0155,2.2954,0.0405,5.1499,0.0085,10.0526
938,16.1438,canny_hough,pid,0,1,1,0.45,319.0,,454.6022,159.0,65.744,1.0,STOP,3.975,0.0,0.0,0.0,0.0,37.5684,29.0436,34.431,0.5022,1.8283,0.4964,4.3985,0.046,7.8636,0.1824,0.0
939,16.1551,canny_hough,pid,0,0,0,0.0,0.0,,,0.0,46.0208,1.0,STOP,3.975,0.0,0.0,0.0,0.0,14.4019,17.1215,58.4059,0.5301,1.2005,0.4816,1.5651,0.086,5.6305,0.0092,0.0
940,16.1665,canny_hough,pid,0,0,0,0.0,0.0,,,0.0,32.2146,1.0,STOP,3.975,0.0,0.0,0.0,0.0,25.8049,11.373,87.9277,0.4602,1.2621,0.4983,1.7025,0.0548,5.7294,0.0088,0.0
941,16.1912,canny_hough,pid,0,0,0,0.0,0.0,,,0.0,22.5502,1.0,STOP,3.975,0.0,0.0,0.0,0.0,12.2505,11.158,89.6215,0.4664,0.7169,0.4743,1.3386,0.054,5.0767,0.0088,9.3348
942,16.2043,canny_hough,pid,0,0,0,0.0,0.0,,,0.0,15.7851,1.0,STOP,3.975,0.0,0.0,0.0,0.0,40.4402,25.3632,39.4271,0.624,0.7518,0.4647,1.8205,0.0572,7.1865,0.0089,0.0
943,16.2176,canny_hough,pid,0,0,0,0.0,0.0,,,0.0,11.0496,1.0,STOP,3.975,0.0,0.0,0.0,0.0,18.4708,12.7502,78.4299,0.4678,1.4139,0.5163,2.3724,0.0608,6.3876,0.0106,0.0
944,16.2316,canny_hough,pid,0,0,0,0.0,0.0,,,0.0,7.7347,1.0,STOP,3.975,0.0,0.0,0.0,0.0,32.4434,13.6303,73.3661,0.6493,1.4312,0.5699,2.2854,0.0615,6.7568,0.0094,0.0
945,16.2605,canny_hough,pid,0,0,0,0.0,0.0,,,0.0,5.4143,1.0,STOP,3.975,0.0,0.0,0.0,0.0,44.9297,14.1805,70.5193,0.8009,1.3989,0.4827,1.717,0.0585,5.5683,0.0085,10.3859
946,16.2723,canny_hough,pid,0,0,0,0.0,0.0,,,0.0,3.79,1.0,STOP,3.975,0.0,0.0,0.0,0.0,12.639,28.3933,35.2195,0.4732,0.7682,0.4482,1.2999,0.0592,6.809,0.0078,0.0
947,16.2839,canny_hough,pid,0,0,0,0.0,0.0,,,0.0,2.653,1.0,STOP,3.975,0.0,0.0,0.0,0.0,24.2436,11.5784,86.3678,0.4598,1.1383,0.4793,1.3068,0.0729,6.3046,0.0103,0.0
948,16.2967,canny_hough,pid,0,0,0,0.0,0.0,,,0.0,1.8571,1.0,STOP,3.975,0.0,0.0,0.0,0.0,37.0932,12.0613,82.9098,0.5258,1.2235,0.5305,2.0269,0.0475,6.0499,0.009,0.0
949,16.3223,canny_hough,pid,0,1,1,0.45,319.0,,455.1376,159.0,49.0,1.0,STOP,3.975,0.0,0.0,0.0,0.0,16.8022,12.3793,80.7803,0.4537,1.1627,0.4676,1.7588,0.0549,5.6959,0.1889,9.9264
950,16.339,canny_hough,pid,0,1,1,0.45,319.0,,455.1376,159.0,82.0,1.0,STOP,3.975,0.0,0.0,0.0,0.0,47.7427,25.7401,38.8499,0.4624,1.8988,1.9506,4.1927,0.0486,6.2776,0.171,0.0
951,16.3502,canny_hough,pid,0,0,0,0.0,0.0,,,0.0,57.4,1.0,STOP,3.975,0.0,0.0,0.0,0.0,19.859,16.4432,60.8155,0.478,1.4114,0.5198,1.496,0.0655,5.7621,0.0091,0.0
952,16.3619,canny_hough,pid,0,0,0,0.0,0.0,,,0.0,40.18,1.0,STOP,3.975,0.0,0.0,0.0,0.0,31.4949,11.6265,86.0103,0.5478,2.0689,0.5635,1.484,0.0585,4.999,0.0097,0.0
953,16.3889,canny_hough,pid,0,0,0,0.0,0.0,,,0.0,28.126,1.0,STOP,3.975,0.0,0.0,0.0,0.0,18.2444,11.3314,88.2502,0.4596,1.1711,0.5544,2.0525,0.0692,5.3066,0.0097,9.8894
954,16.4019,canny_hough,pid,0,0,0,0.0,0.0,,,0.0,19.6882,1.0,STOP,3.975,0.0,0.0,0.0,0.0,13.2584,27.5476,36.3008,0.4635,1.7938,0.5779,1.3449,0.0564,6.5652,0.0088,0.0
955,16.4157,canny_hough,pid,0,0,0,0.0,0.0,,,0.0,13.7817,1.0,STOP,3.975,0.0,0.0,0.0,0.0,27.1398,12.545,79.7132,0.5125,3.6383,0.6102,1.7343,0.0577,5.6035,0.0089,0.0
956,16.4283,canny_hough,pid,0,0,0,0.0,0.0,,,0.0,9.6472,1.0,STOP,3.975,0.0,0.0,0.0,0.0,39.6797,14.1756,70.5436,0.6063,2.0624,0.5042,1.5551,0.0518,5.779,0.0089,0.0
957,16.4547,canny_hough,pid,0,0,0,0.0,0.0,,,0.0,6.7531,1.0,STOP,3.975,0.0,0.0,0.0,0.0,19.2475,12.1653,82.2014,0.4902,1.1873,0.4782,1.1961,0.0592,5.2907,0.0103,10.7461
958,16.4678,canny_hough,pid,0,1,1,0.45,319.0,,448.8786,159.0,52.4271,1.0,STOP,3.975,0.0,0.0,0.0,0.0,23.8114,26.4975,37.7394,0.4592,1.5142,0.5848,1.7219,0.0778,6.8382,0.1893,0.0
959,16.48,canny_hough,pid,0,1,1,0.45,319.0,,448.8786,159.0,84.399,1.0,STOP,3.975,0.0,0.0,0.0,0.0,36.0096,13.0917,76.384,0.5337,1.3037,0.5323,1.8508,0.0681,6.0678,0.1813,0.0
960,16.4934,canny_hough,pid,0,1,1,0.45,319.0,,448.8786,159.0,106.7793,1.0,STOP,3.975,0.0,0.0,0.0,0.0,49.4063,12.4776,80.1434,0.9046,1.8459,0.5778,2.0177,0.056,5.7991,0.2466,0.0
961,16.5201,canny_hough,pid,0,0,0,0.0,0.0,,,0.0,74.7455,1.0,STOP,3.975,0.0,0.0,0.0,0.0,15.9281,13.1079,76.2897,0.4662,1.1984,0.4394,2.5637,0.0527,5.3414,0.009,11.1258
962,16.532,canny_hough,pid,0,0,0,0.0,0.0,,,0.0,52.3219,1.0,STOP,3.975,0.0,0.0,0.0,0.0,22.4433,26.7639,37.3637,0.4439,1.1709,0.444,1.4392,0.0521,6.436,0.0101,0.0
963,16.543,canny_hough,pid,0,0,0,0.0,0.0,,,0.0,36.6253,1.0,STOP,3.975,0.0,0.0,0.0,0.0,33.4762,11.6668,85.7135,0.5093,1.1823,0.4993,1.3078,0.0654,5.8905,0.0088,0.0
964,16.5561,canny_hough,pid,0,0,0,0.0,0.0,,,0.0,25.6377,1.0,STOP,3.975,0.0,0.0,0.0,0.0,46.5275,12.1333,82.4176,0.5227,2.0467,0.5036,1.6349,0.0565,5.5862,0.0102,0.0
965,16.5826,canny_hough,pid,0,0,0,0.0,0.0,,,0.0,17.9464,1.0,STOP,3.975,0.0,0.0,0.0,0.0,19.7093,12.0297,83.1274,0.4638,1.1555,0.4602,1.2677,0.0775,5.9742,0.0118,10.2038
966,16.5949,canny_hough,pid,0,1,1,0.6,319.0,,448.9197,159.0,60.2625,1.0,STOP,3.975,0.0,0.0,0.0,0.0,20.3936,26.5168,37.7119,0.4434,1.2608,0.4525,1.4911,0.0528,6.8911,0.1836,0.0
967,16.6076,canny_hough,pid,0,1,1,0.6,319.0,,448.9197,159.0,89.8837,1.0,STOP,3.975,0.0,0.0,0.0,0.0,33.0963,12.4771,80.1467,0.4748,1.3308,0.5463,1.9096,0.0482,6.465,0.1932,0.0
968,16.6205,canny_hough,pid,0,1,1,0.6,319.0,,448.9197,159.0,110.6186,1.0,STOP,3.975,0.0,0.0,0.0,0.0,45.9463,13.0824,76.4388,0.4825,1.2117,0.452,2.3489,0.0849,5.942,0.1767,0.0
969,16.6482,canny_hough,pid,0,0,0,0.0,0.0,,,0.0,77.433,1.0,STOP,3.975,0.0,0.0,0.0,0.0,23.6742,12.3849,80.7436,0.4612,1.2025,0.5238,1.3636,0.073,5.9277,0.0128,10.906
970,16.6599,canny_hough,pid,0,0,0,0.0,0.0,,,0.0,54.2031,1.0,STOP,3.975,0.0,0.0,0.0,0.0,19.8605,27.8875,35.8584,0.4554,0.7301,0.4444,1.5274,0.0599,6.5459,0.0089,0.0
971,16.6707,canny_hough,pid,0,0,0,0.0,0.0,,,0.0,37.9422,1.0,STOP,3.975,0.0,0.0,0.0,0.0,30.6991,11.8452,84.4223,0.5033,1.1556,0.4485,1.1397,0.0605,5.453,0.0095,0.0
972,16.6832,canny_hough,pid,0,0,0,0.0,0.0,,,0.0,26.5595,1.0,STOP,3.975,0.0,0.0,0.0,0.0,43.2412,11.2758,88.6852,0.5818,1.9045,0.5326,1.2992,0.2944,5.3923,0.0093,0.0
973,16.709,canny_hough,pid,0,1,1,0.45,319.0,,450.3005,159.0,66.2917,1.0,STOP,3.975,0.0,0.0,0.0,0.0,18.956,11.6077,86.1496,0.4408,0.9425,0.4455,1.3567,0.0529,5.7904,0.1711,10.7589
974,16.7207,canny_hough,pid,0,0,0,0.0,0.0,,,0.0,46.4042,1.0,STOP,3.975,0.0,0.0,0.0,0.0,21.5794,26.0783,38.346,0.4716,1.1883,0.5013,1.4967,0.0592,6.1313,0.013,0.0
975,16.7318,canny_hough,pid,0,0,0,0.0,0.0,,,0.0,32.4829,1.0,STOP,3.975,0.0,0.0,0.0,0.0,32.6616,11.6109,86.1257,0.4579,1.1746,0.4711,1.4781,0.0534,5.697,0.0105,0.0
976,16.746,canny_hough,pid,0,0,0,0.0,0.0,,,0.0,22.738,1.0,STOP,3.975,0.0,0.0,0.0,0.0,46.813,12.8017,78.1143,0.7421,2.7022,0.4868,1.2569,0.0587,5.4932,0.0089,0.0
977,16.7732,canny_hough,pid,0,0,0,0.0,0.0,,,0.0,15.9166,1.0,STOP,3.975,0.0,0.0,0.0,0.0,15.1894,12.1825,82.085,0.4529,1.1627,0.5386,1.5051,0.0595,5.2162,0.0104,11.4343
978,16.7852,canny_hough,pid,0,0,0,0.0,0.0,,,0.0,11.1416,1.0,STOP,3.975,0.0,0.0,0.0,0.0,23.8429,27.4507,36.4289,0.4522,1.1517,0.4733,1.8922,0.0598,6.1804,0.0088,0.0
979,16.7984,canny_hough,pid,0,0,0,0.0,0.0,,,0.0,7.7991,1.0,STOP,3.975,0.0,0.0,0.0,0.0,37.0059,12.062,82.9052,0.4853,2.2454,0.7464,1.6535,0.0564,5.8336,0.0103,0.0
980,16.8108,canny_hough,pid,0,1,1,0.45,319.0,,448.8786,159.0,53.1594,1.0,STOP,3.975,0.0,0.0,0.0,0.0,18.9333,13.1297,76.1635,0.4563,2.0846,0.503,1.4995,0.0656,5.9342,0.1962,0.0
981,16.8412,canny_hough,pid,0,1,1,0.45,319.0,,448.8786,159.0,84.9116,1.0,STOP,3.975,0.0,0.0,0.0,0.0,33.3224,12.5053,79.9661,0.4617,3.8165,0.5166,1.6619,0.0565,5.8644,0.195,10.7322
982,16.8576,canny_hough,pid,0,0,0,0.0,0.0,,,0.0,59.4381,1.0,STOP,3.975,0.0,0.0,0.0,0.0,24.4084,30.6354,32.642,0.4737,3.6264,0.4931,3.3482,0.0537,6.3055,0.0079,0.0
983,16.8701,canny_hough,pid,0,0,0,0.0,0.0,,,0.0,41.6067,1.0,STOP,3.975,0.0,0.0,0.0,0.0,36.8614,16.6253,60.1494,0.7653,1.6625,0.5588,1.4496,0.0746,5.6095,0.0111,0.0
984,16.8828,canny_hough,pid,0,0,0,0.0,0.0,,,0.0,29.1247,1.0,STOP,3.975,0.0,0.0,0.0,0.0,20.263,12.2373,81.7172,0.4613,1.2433,0.5056,1.8063,0.057,6.5292,0.0099,0.0
985,16.91,canny_hough,pid,0,0,0,0.0,0.0,,,0.0,20.3873,1.0,STOP,3.975,0.0,0.0,0.0,0.0,32.7459,12.7027,78.7232,0.9639,1.3447,0.5775,1.9189,0.0716,5.5508,0.0095,10.5124
986,16.9246,canny_hough,pid,0,0,0,0.0,0.0,,,0.0,14.2711,1.0,STOP,3.975,0.0,0.0,0.0,0.0,35.0537,27.1395,36.8467,0.4777,1.2519,0.5479,4.1121,0.0423,6.2502,0.0102,0.0
987,16.9344,canny_hough,pid,0,0,0,0.0,0.0,,,0.0,9.9898,1.0,STOP,3.975,0.0,0.0,0.0,0.0,16.8894,14.2218,70.3145,0.4457,1.1305,0.4425,1.1408,0.0583,5.0342,0.0091,0.0
988,16.9459,canny_hough,pid,0,0,0,0.0,0.0,,,0.0,6.9928,1.0,STOP,3.975,0.0,0.0,0.0,0.0,28.3813,10.012,99.8805,0.4781,1.2142,0.5559,1.7879,0.0553,5.4372,0.0094,0.0
989,16.9734,canny_hough,pid,0,0,0,0.0,0.0,,,0.0,4.895,1.0,STOP,3.975,0.0,0.0,0.0,0.0,40.7875,11.6496,85.84,0.8535,2.1602,0.5267,1.4445,0.0515,5.4598,0.0099,9.1984
990,16.9872,canny_hough,pid,0,0,0,0.0,0.0,,,0.0,3.4265,1.0,STOP,3.975,0.0,0.0,0.0,0.0,37.4046,27.4858,36.3824,0.4728,1.2188,0.4899,3.5712,0.0551,6.0879,0.0084,0.0
991,17.0004,canny_hough,pid,0,0,0,0.0,0.0,,,0.0,2.3985,1.0,STOP,3.975,0.0,0.0,0.0,0.0,50.5491,14.316,69.852,0.5036,1.2655,0.4879,1.804,0.1004,6.2204,0.0133,0.0
992,17.0125,canny_hough,pid,0,0,0,0.0,0.0,,,0.0,1.679,1.0,STOP,3.975,0.0,0.0,0.0,0.0,17.4895,12.683,78.8457,0.4787,1.3179,0.4776,2.456,0.0662,5.3974,0.009,0.0
993,17.0383,canny_hough,pid,0,0,0,0.0,0.0,,,0.0,1.1753,1.0,STOP,3.975,0.0,0.0,0.0,0.0,28.6944,12.0345,83.0946,0.4599,1.1482,0.4628,1.6415,0.0566,5.612,0.0094,9.4468
994,17.0518,canny_hough,pid,0,0,0,0.0,0.0,,,0.0,0.8227,1.0,STOP,3.975,0.0,0.0,0.0,0.0,38.6734,26.5196,37.7079,0.8687,1.8087,0.4938,1.385,0.0553,6.1557,0.0092,0.0
995,17.0642,canny_hough,pid,0,0,0,0.0,0.0,,,0.0,0.5759,1.0,STOP,3.975,0.0,0.0,0.0,0.0,21.0266,13.1194,76.223,0.5232,1.1848,0.4806,1.9478,0.0596,5.9909,0.0095,0.0
996,17.0755,canny_hough,pid,0,0,0,0.0,0.0,,,0.0,0.4031,1.0,STOP,3.975,0.0,0.0,0.0,0.0,32.3094,11.9906,83.3985,0.4608,1.3123,0.4869,1.6094,0.0707,5.5173,0.0096,0.0
997,17.1026,canny_hough,pid,0,0,0,0.0,0.0,,,0.0,0.2822,1.0,STOP,3.975,0.0,0.0,0.0,0.0,45.248,11.6969,85.4925,0.4811,1.1634,0.5109,3.025,0.0443,5.5434,0.0124,10.1598
998,17.1144,canny_hough,pid,0,0,0,0.0,0.0,,,0.0,0.1975,1.0,STOP,3.975,0.0,0.0,0.0,0.0,24.2474,26.5201,37.7073,0.4481,1.2393,0.9339,1.5156,0.0543,6.0248,0.0078,0.0
999,17.1253,canny_hough,pid,0,0,0,0.0,0.0,,,0.0,0.1383,1.0,STOP,3.975,0.0,0.0,0.0,0.0,14.8037,12.0767,82.8044,0.4538,1.1854,0.4823,1.3316,0.0496,5.4935,0.0097,0.0
1000,17.1359,canny_hough,pid,0,0,0,0.0,0.0,,,0.0,0.0968,1.0,STOP,3.975,0.0,0.0,0.0,0.0,25.4326,10.7121,93.3528,0.4909,1.1874,0.4956,1.3179,0.0537,5.4125,0.0092,0.0
1001,17.1664,canny_hough,pid,0,0,0,0.0,0.0,,,0.0,0.0678,1.0,STOP,3.975,0.0,0.0,0.0,0.0,39.9851,12.7025,78.7248,0.7587,1.2589,0.5533,2.4154,0.0564,5.7181,0.0093,9.9294
1002,17.1794,canny_hough,pid,0,0,0,0.0,0.0,,,0.0,0.0474,1.0,STOP,3.975,0.0,0.0,0.0,0.0,40.1064,28.7364,34.799,0.4535,1.5489,0.4903,1.9176,0.0827,6.3179,0.0093,0.0
1003,17.1908,canny_hough,pid,0,0,0,0.0,0.0,,,0.0,0.0332,1.0,STOP,3.975,0.0,0.0,0.0,0.0,14.7745,12.5496,79.6837,0.4657,1.2292,0.4601,1.4495,0.0579,6.2138,0.0097,0.0
1004,17.2034,canny_hough,pid,0,0,0,0.0,0.0,,,0.0,0.0232,1.0,STOP,3.975,0.0,0.0,0.0,0.0,27.3857,11.5884,86.2929,0.5202,1.2378,0.5727,2.1341,0.0833,6.2578,0.0103,0.0
1005,17.2315,canny_hough,pid,0,0,0,0.0,0.0,,,0.0,0.0163,1.0,STOP,3.975,0.0,0.0,0.0,0.0,39.4873,13.7614,72.667,0.4883,0.7617,0.5134,1.5038,0.0524,5.9277,0.0095,10.3306
1006,17.2437,canny_hough,pid,0,0,0,0.0,0.0,,,0.0,0.0114,1.0,STOP,3.975,0.0,0.0,0.0,0.0,38.4795,26.9779,37.0673,0.5401,1.294,0.5084,1.6175,0.0606,6.3741,0.0148,0.0
1007,17.255,canny_hough,pid,0,0,0,0.0,0.0,,,0.0,0.008,1.0,STOP,3.975,0.0,0.0,0.0,0.0,16.3398,12.0165,83.2189,0.4915,1.1488,0.4633,1.8774,0.053,5.5916,0.0129,0.0
1008,17.2671,canny_hough,pid,0,0,0,0.0,0.0,,,0.0,0.0056,1.0,STOP,3.975,0.0,0.0,0.0,0.0,28.4508,11.4277,87.5066,0.4941,1.2631,0.4987,2.6698,0.0478,5.3903,0.01,0.0
1009,17.293,canny_hough,pid,0,0,0,0.0,0.0,,,0.0,0.0039,1.0,STOP,3.975,0.0,0.0,0.0,0.0,40.3785,12.8899,77.5803,0.4872,1.3418,0.4753,1.7177,0.0564,5.3031,0.0094,9.8367
1010,17.3055,canny_hough,pid,0,0,0,0.0,0.0,,,0.0,0.0027,1.0,STOP,3.975,0.0,0.0,0.0,0.0,34.8943,25.7527,38.8309,0.5426,1.8054,0.4881,1.1187,0.0621,6.1311,0.0082,0.0
1011,17.3159,canny_hough,pid,0,1,1,0.3,319.0,,456.417,159.0,47.7019,1.0,STOP,3.975,0.0,0.0,0.0,0.0,18.535,11.7697,84.964,0.4654,0.7431,0.4424,1.0948,0.0601,5.8397,0.1895,0.0
1012,17.3282,canny_hough,pid,0,1,1,0.3,319.0,,456.417,159.0,81.0913,1.0,STOP,3.975,0.0,0.0,0.0,0.0,30.8513,10.5544,94.7472,0.4773,1.2335,0.4906,2.6186,0.0538,5.5565,0.1793,0.0
1013,17.3543,canny_hough,pid,0,1,1,0.3,319.0,,456.417,159.0,104.4639,1.0,STOP,3.975,0.0,0.0,0.0,0.0,42.2308,13.0193,76.8091,0.4663,1.1733,0.4733,1.3361,0.0542,5.3161,0.1837,8.9745
1014,17.3671,canny_hough,pid,0,1,1,0.3,319.0,,456.8629,159.0,120.8248,1.0,STOP,3.975,0.0,0.0,0.0,0.0,37.2188,26.1319,38.2675,0.7903,1.3647,0.4956,1.1734,0.0585,6.1902,0.1745,0.0
1015,17.3783,canny_hough,pid,0,1,1,0.45,319.0,,448.8786,159.0,132.2773,1.0,STOP,3.975,0.0,0.0,0.0,0.0,20.4929,11.7795,84.893,0.451,0.7857,0.5108,1.2863,0.0556,6.2549,0.2058,0.0
1016,17.3898,canny_hough,pid,0,1,1,0.45,319.0,,448.8786,159.0,140.2941,1.0,STOP,3.975,0.0,0.0,0.0,0.0,31.9274,11.307,88.4409,0.4456,1.2714,0.5107,1.5103,0.0579,5.8497,0.205,0.0
1017,17.4228,canny_hough,pid,0,1,1,0.45,319.0,,448.8786,159.0,145.9059,1.0,STOP,3.975,0.0,0.0,0.0,0.0,48.0295,13.9936,71.461,0.8014,1.1899,0.4893,3.5159,0.0491,5.8159,0.1738,10.6327
1018,17.4386,canny_hough,pid,0,0,0,0.0,0.0,,,0.0,102.1341,1.0,STOP,3.975,0.0,0.0,0.0,0.0,17.3849,30.6139,32.6649,0.4089,3.1644,0.4349,4.1108,0.0552,5.9625,0.007,0.0
1019,17.4491,canny_hough,pid,0,0,0,0.0,0.0,,,0.0,71.4939,1.0,STOP,3.975,0.0,0.0,0.0,0.0,27.8744,15.6753,63.7947,0.4071,1.2535,0.4463,1.6253,0.0514,5.0948,0.0083,0.0
1020,17.4598,canny_hough,pid,0,0,0,0.0,0.0,,,0.0,50.0457,1.0,STOP,3.975,0.0,0.0,0.0,0.0,38.5985,10.9834,91.0469,0.6035,1.0341,0.4095,1.3868,0.0517,5.1711,0.0093,0.0
1021,17.4836,canny_hough,pid,0,0,0,0.0,0.0,,,0.0,35.032,1.0,STOP,3.975,0.0,0.0,0.0,0.0,15.8534,10.1424,98.5962,0.4416,0.6302,0.3915,1.2199,0.0542,5.3842,0.0113,9.3856
1022,17.4947,canny_hough,pid,0,0,0,0.0,0.0,,,0.0,24.5224,1.0,STOP,3.975,0.0,0.0,0.0,0.0,41.1127,23.9471,41.7587,0.467,1.0451,0.4175,1.3267,0.0548,6.175,0.0071,0.0
1023,17.5038,canny_hough,pid,0,0,0,0.0,0.0,,,0.0,17.1657,1.0,STOP,3.975,0.0,0.0,0.0,0.0,11.995,10.9121,91.6414,0.3966,0.917,0.4228,0.9233,0.0557,4.9948,0.0094,0.0
1024,17.5142,canny_hough,pid,0,0,0,0.0,0.0,,,0.0,12.016,1.0,STOP,3.975,0.0,0.0,0.0,0.0,22.3829,9.1894,108.8207,0.4382,0.7983,0.4147,1.5012,0.0685,5.5369,0.0085,0.0
1025,17.5384,canny_hough,pid,0,0,0,0.0,0.0,,,0.0,8.4112,1.0,STOP,3.975,0.0,0.0,0.0,0.0,11.4372,10.4072,96.0877,0.3944,0.6215,0.3846,0.9992,0.0511,4.6449,0.0083,9.4382
1026,17.5523,canny_hough,pid,0,0,0,0.0,0.0,,,0.0,5.8878,1.0,STOP,3.975,0.0,0.0,0.0,0.0,40.8373,24.58,40.6835,0.4924,1.2794,0.5673,2.0818,0.0526,7.3811,0.0083,0.0
1027,17.564,canny_hough,pid,0,0,0,0.0,0.0,,,0.0,4.1215,1.0,STOP,3.975,0.0,0.0,0.0,0.0,52.6025,13.8794,72.0493,0.4678,0.7893,0.4692,2.6042,0.0538,5.4159,0.0098,0.0
1028,17.5764,canny_hough,pid,0,0,0,0.0,0.0,,,0.0,2.885,1.0,STOP,3.975,0.0,0.0,0.0,0.0,23.4867,11.5578,86.5215,0.508,1.2252,0.5221,2.4125,0.0519,5.9036,0.0103,0.0
1029,17.6036,canny_hough,pid,0,0,0,0.0,0.0,,,0.0,2.0195,1.0,STOP,3.975,0.0,0.0,0.0,0.0,34.8941,12.3929,80.6914,0.4498,1.185,0.5611,2.0881,0.0482,5.3531,0.009,10.6143
1030,17.6168,canny_hough,pid,0,1,1,0.6,319.0,,452.5269,159.0,49.1137,1.0,STOP,3.975,0.0,0.0,0.0,0.0,24.9094,28.2821,35.358,0.7618,1.1139,0.4921,1.3573,0.049,6.3141,0.2053,0.0
1031,17.6283,canny_hough,pid,0,1,1,0.45,319.0,,452.5262,159.0,82.0796,1.0,STOP,3.975,0.0,0.0,0.0,0.0,20.2918,11.9441,83.7233,0.456,1.1434,0.4455,2.4078,0.0607,5.2505,0.1839,0.0
1032,17.6447,canny_hough,pid,0,1,1,0.45,319.0,,452.5262,159.0,105.1557,1.0,STOP,3.975,0.0,0.0,0.0,0.0,36.6799,11.8419,84.4457,0.4705,1.3279,0.5856,3.6886,0.0816,8.0561,0.1795,0.0
1033,17.6722,canny_hough,pid,0,1,1,0.45,319.0,,452.4371,159.0,121.309,1.0,STOP,3.975,0.0,0.0,0.0,0.0,14.6372,16.3454,61.1794,0.4624,1.2677,0.4896,1.5797,0.056,5.3995,0.1954,11.5463
1034,17.6854,canny_hough,pid,0,1,1,0.45,319.0,,452.4371,159.0,132.6163,1.0,STOP,3.975,0.0,0.0,0.0,0.0,44.0413,29.083,34.3843,0.5229,1.3416,0.4774,1.4112,0.076,5.7078,0.234,0.0
1035,17.6968,canny_hough,pid,0,0,0,0.0,0.0,,,0.0,92.8314,1.0,STOP,3.975,0.0,0.0,0.0,0.0,21.4145,11.3529,88.083,0.4887,1.1502,0.4435,1.8132,0.0626,5.7732,0.0091,0.0
1036,17.7088,canny_hough,pid,0,0,0,0.0,0.0,,,0.0,64.982,1.0,STOP,3.975,0.0,0.0,0.0,0.0,33.4115,11.7205,85.3204,0.6196,2.1133,0.7718,1.6023,0.0547,4.8909,0.0084,0.0
1037,17.7371,canny_hough,pid,0,0,0,0.0,0.0,,,0.0,45.4874,1.0,STOP,3.975,0.0,0.0,0.0,0.0,18.2527,11.7775,84.9077,0.4777,1.1962,0.4782,1.3224,0.0554,5.6558,0.0105,10.8856
1038,17.7491,canny_hough,pid,0,0,0,0.0,0.0,,,0.0,31.8412,1.0,STOP,3.975,0.0,0.0,0.0,0.0,13.6453,28.4372,35.1652,0.4637,1.2313,0.4552,1.3895,0.056,6.4174,0.0092,0.0
1039,17.7602,canny_hough,pid,0,0,0,0.0,0.0,,,0.0,22.2888,1.0,STOP,3.975,0.0,0.0,0.0,0.0,24.6712,11.7482,85.1192,0.4595,1.1664,0.4391,1.3364,0.0631,5.7575,0.011,0.0
1040,17.7743,canny_hough,pid,0,0,0,0.0,0.0,,,0.0,15.6022,1.0,STOP,3.975,0.0,0.0,0.0,0.0,38.8904,11.7239,85.2962,0.9571,1.5451,1.3291,2.0342,0.0586,5.9311,0.017,0.0
1041,17.804,canny_hough,pid,0,0,0,0.0,0.0,,,0.0,10.9215,1.0,STOP,3.975,0.0,0.0,0.0,0.0,17.3925,13.4637,74.274,0.4593,1.0367,0.5108,1.3897,0.0519,5.5659,0.0106,13.5245
1042,17.8159,canny_hough,pid,0,0,0,0.0,0.0,,,0.0,7.6451,1.0,STOP,3.975,0.0,0.0,0.0,0.0,19.702,30.0638,33.2626,0.4774,0.8738,0.4843,1.4718,0.0588,6.4116,0.0084,0.0
1043,17.8278,canny_hough,pid,0,0,0,0.0,0.0,,,0.0,5.3515,1.0,STOP,3.975,0.0,0.0,0.0,0.0,31.5686,11.9769,83.4943,0.54,1.0027,0.4717,1.6608,0.0589,6.0637,0.0094,0.0
1044,17.8418,canny_hough,pid,0,0,0,0.0,0.0,,,0.0,3.7461,1.0,STOP,3.975,0.0,0.0,0.0,0.0,45.5308,15.6974,63.705,0.4957,0.7021,0.4399,1.1024,0.0582,5.3029,0.0094,0.0
1045,17.8675,canny_hough,pid,0,0,0,0.0,0.0,,,0.0,2.6223,1.0,STOP,3.975,0.0,0.0,0.0,0.0,21.1675,9.8732,101.2841,0.4635,0.7076,0.462,1.6578,0.0523,5.5195,0.0093,11.0603
1046,17.8786,canny_hough,pid,0,1,1,0.6,319.0,,452.0281,159.0,49.5356,1.0,STOP,3.975,0.0,0.0,0.0,0.0,19.373,25.6779,38.944,0.5157,0.7637,0.4474,0.9891,0.0573,6.49,0.1885,0.0
1047,17.8896,canny_hough,pid,0,1,1,0.6,319.0,,452.0281,159.0,82.3749,1.0,STOP,3.975,0.0,0.0,0.0,0.0,30.4183,11.0379,90.5967,0.4558,0.8608,0.5044,1.407,0.0617,5.9779,0.1769,0.0
1048,17.9006,canny_hough,pid,0,1,1,0.6,319.0,,452.0281,159.0,105.3624,1.0,STOP,3.975,0.0,0.0,0.0,0.0,41.4136,10.8989,91.7522,0.4517,1.1398,0.4439,1.5758,0.0577,5.7413,0.1807,0.0
1049,17.9305,canny_hough,pid,0,1,1,0.6,319.0,,452.0281,159.0,121.4537,1.0,STOP,3.975,0.0,0.0,0.0,0.0,55.5855,11.621,86.0508,0.5809,1.6761,0.4747,2.9263,0.0681,6.0225,0.1864,9.9819
1050,17.9452,canny_hough,pid,0,1,1,0.45,319.0,,455.7,159.0,132.7176,1.0,STOP,3.975,0.0,0.0,0.0,0.0,35.7113,30.1606,33.1559,0.4817,2.3077,0.6413,1.4747,0.0577,7.0676,0.1791,0.0
1051,17.9586,canny_hough,pid,0,0,0,0.0,0.0,,,0.0,92.9023,1.0,STOP,3.975,0.0,0.0,0.0,0.0,26.4619,13.8417,72.2456,0.4603,1.1896,0.4785,4.0516,0.0438,5.5695,0.0092,0.0
1052,17.9695,canny_hough,pid,0,1,1,0.45,319.0,,456.9073,159.0,112.7316,1.0,STOP,3.975,0.0,0.0,0.0,0.0,14.4971,13.3409,74.9577,0.4483,1.2248,0.4862,1.1943,0.0669,5.8695,0.1844,0.0
1053,17.9983,canny_hough,pid,0,1,1,0.45,319.0,,456.9073,159.0,126.6121,1.0,STOP,3.975,0.0,0.0,0.0,0.0,26.4568,10.9926,90.9701,0.4507,1.1425,0.4976,1.7293,0.0751,6.238,0.1904,11.1778
1054,18.0106,canny_hough,pid,0,0,0,0.0,0.0,,,0.0,88.6285,1.0,STOP,3.975,0.0,0.0,0.0,0.0,22.0277,28.8847,34.6204,0.498,1.7114,0.499,1.8094,0.073,5.8996,0.0085,0.0
1055,18.0214,canny_hough,pid,0,0,0,0.0,0.0,,,0.0,62.0399,1.0,STOP,3.975,0.0,0.0,0.0,0.0,32.7567,12.1901,82.0335,0.4468,1.201,0.4862,1.4053,0.0532,5.4417,0.0121,0.0
1056,18.0325,canny_hough,pid,0,0,0,0.0,0.0,,,0.0,43.428,1.0,STOP,3.975,0.0,0.0,0.0,0.0,43.9125,11.2768,88.6778,0.553,1.2486,0.5281,1.5071,0.0568,5.1705,0.0087,0.0
1057,18.061,canny_hough,pid,0,1,1,0.6,319.0,,457.3099,159.0,78.0996,1.0,STOP,3.975,0.0,0.0,0.0,0.0,22.2132,10.9919,90.9762,0.4708,2.536,0.5649,1.7798,0.0551,5.8547,0.1819,11.2803
1058,18.0738,canny_hough,pid,0,0,0,0.0,0.0,,,0.0,54.6697,1.0,STOP,3.975,0.0,0.0,0.0,0.0,20.9024,28.3042,35.3305,0.4616,1.2508,0.4495,1.7957,0.0732,6.8718,0.0079,0.0
1059,18.0872,canny_hough,pid,0,0,0,0.0,0.0,,,0.0,38.2688,1.0,STOP,3.975,0.0,0.0,0.0,0.0,34.3629,13.0705,76.5079,0.6905,1.5525,0.5926,2.7759,0.0411,5.6352,0.0172,0.0
1060,18.0984,canny_hough,pid,0,1,1,0.6,319.0,,449.5138,159.0,74.4882,1.0,STOP,3.975,0.0,0.0,0.0,0.0,18.3159,12.9062,77.482,0.4524,1.2221,0.4736,1.8129,0.0568,5.5498,0.1799,0.0
1061,18.1243,canny_hough,pid,0,1,1,0.6,319.0,,449.5138,159.0,99.8417,1.0,STOP,3.975,0.0,0.0,0.0,0.0,29.0684,11.4125,87.6232,0.473,1.2661,0.4565,1.2229,0.0536,5.4044,0.1893,9.5388
1062,18.1354,canny_hough,pid,0,0,0,0.0,0.0,,,0.0,69.8892,1.0,STOP,3.975,0.0,0.0,0.0,0.0,21.8596,25.7646,38.813,0.4528,1.1273,0.4339,1.1041,0.0565,6.3041,0.0078,0.0
1063,18.1468,canny_hough,pid,0,0,0,0.0,0.0,,,0.0,48.9224,1.0,STOP,3.975,0.0,0.0,0.0,0.0,33.3178,11.1331,89.8224,0.4691,1.4191,0.491,1.6885,0.079,5.5871,0.0092,0.0
1064,18.1567,canny_hough,pid,0,0,0,0.0,0.0,,,0.0,34.2457,1.0,STOP,3.975,0.0,0.0,0.0,0.0,14.2948,11.3466,88.1324,0.4543,0.861,0.4434,1.0577,0.0608,5.42,0.0105,0.0
1065,18.1846,canny_hough,pid,0,0,0,0.0,0.0,,,0.0,23.972,1.0,STOP,3.975,0.0,0.0,0.0,0.0,25.4528,10.0439,99.5625,0.4574,1.1863,0.475,1.5723,0.0728,5.6459,0.0101,11.1678
1066,18.1978,canny_hough,pid,0,0,0,0.0,0.0,,,0.0,16.7804,1.0,STOP,3.975,0.0,0.0,0.0,0.0,23.9,28.0958,35.5925,0.4836,1.3103,0.5191,1.6426,0.0657,6.9453,0.0113,0.0
1067,18.21,canny_hough,pid,0,0,0,0.0,0.0,,,0.0,11.7463,1.0,STOP,3.975,0.0,0.0,0.0,0.0,36.2615,13.2716,75.3487,0.4538,1.1649,0.5453,1.5281,0.0709,6.4107,0.0093,0.0
1068,18.2218,canny_hough,pid,0,0,0,0.0,0.0,,,0.0,8.2224,1.0,STOP,3.975,0.0,0.0,0.0,0.0,48.0074,12.1485,82.3148,0.8388,1.3068,0.4596,1.4317,0.0553,5.7077,0.0102,0.0
1069,18.2477,canny_hough,pid,0,1,1,0.6,319.0,,459.6197,159.0,53.4557,1.0,STOP,3.975,0.0,0.0,0.0,0.0,21.8506,11.4368,87.4368,0.4596,1.1204,0.4965,1.669,0.0704,6.5071,0.1935,9.539
1070,18.2625,canny_hough,pid,0,0,0,0.0,0.0,,,0.0,37.419,1.0,STOP,3.975,0.0,0.0,0.0,0.0,25.3744,26.0988,38.3159,0.5487,3.8545,0.5089,1.6406,0.0572,6.2706,0.0091,0.0
1071,18.274,canny_hough,pid,0,0,0,0.0,0.0,,,0.0,26.1933,1.0,STOP,3.975,0.0,0.0,0.0,0.0,36.9348,14.6655,68.1872,0.4635,1.2459,0.5148,1.8031,0.0518,5.8255,0.0089,0.0
1072,18.2845,canny_hough,pid,0,0,0,0.0,0.0,,,0.0,18.3353,1.0,STOP,3.975,0.0,0.0,0.0,0.0,13.4626,11.4544,87.3028,0.4573,0.7633,0.4837,1.5888,0.0559,5.5227,0.0168,0.0
1073,18.3112,canny_hough,pid,0,0,0,0.0,0.0,,,0.0,12.8347,1.0,STOP,3.975,0.0,0.0,0.0,0.0,24.3797,10.5691,94.6155,0.4586,0.8088,0.4663,1.8539,0.0581,5.6189,0.0093,10.2227
1074,18.3235,canny_hough,pid,0,0,0,0.0,0.0,,,0.0,8.9843,1.0,STOP,3.975,0.0,0.0,0.0,0.0,23.6773,26.7015,37.4511,0.4519,1.717,0.5036,1.4156,0.0553,6.471,0.009,0.0
1075,18.3357,canny_hough,pid,0,0,0,0.0,0.0,,,0.0,6.289,1.0,STOP,3.975,0.0,0.0,0.0,0.0,35.8297,12.3937,80.6863,0.5411,1.3368,0.5372,1.5221,0.0618,6.2374,0.0099,0.0
1076,18.3484,canny_hough,pid,0,0,0,0.0,0.0,,,0.0,4.4023,1.0,STOP,3.975,0.0,0.0,0.0,0.0,48.609,12.5966,79.3865,0.9615,1.25,0.485,1.6973,0.0582,6.0788,0.0091,0.0
1077,18.3779,canny_hough,pid,0,0,0,0.0,0.0,,,0.0,3.0816,1.0,STOP,3.975,0.0,0.0,0.0,0.0,24.207,12.4501,80.3204,0.5481,2.0544,0.498,2.3206,0.061,5.7951,0.0092,10.9536
1078,18.3903,canny_hough,pid,0,1,1,0.45,319.0,,448.8786,159.0,49.8571,1.0,STOP,3.975,0.0,0.0,0.0,0.0,21.2332,29.21,34.2349,0.4648,1.2359,0.5299,1.5068,0.0539,6.8807,0.1851,0.0
1079,18.404,canny_hough,pid,0,1,1,0.45,319.0,,448.8786,159.0,82.6,1.0,STOP,3.975,0.0,0.0,0.0,0.0,34.8753,12.5601,79.617,0.4621,2.7444,0.7094,2.2503,0.0505,5.516,0.2119,0.0
1080,18.4154,canny_hough,pid,0,0,0,0.0,0.0,,,0.0,57.82,1.0,STOP,3.975,0.0,0.0,0.0,0.0,15.1375,13.6477,73.2723,0.461,1.1758,0.4774,1.3022,0.056,6.1594,0.0097,0.0
1081,18.4453,canny_hough,pid,0,0,0,0.0,0.0,,,0.0,40.474,1.0,STOP,3.975,0.0,0.0,0.0,0.0,26.5375,11.2757,88.686,0.4621,1.2504,0.5329,1.4364,0.0669,5.9769,0.0174,14.4672
1082,18.4599,canny_hough,pid,0,0,0,0.0,0.0,,,0.0,28.3318,1.0,STOP,3.975,0.0,0.0,0.0,0.0,32.3009,30.3332,32.9671,0.4754,1.1766,0.4508,4.6544,0.0617,5.7819,0.015,0.0
1083,18.4707,canny_hough,pid,0,0,0,0.0,0.0,,,0.0,19.8323,1.0,STOP,3.975,0.0,0.0,0.0,0.0,13.4924,14.2043,70.4011,0.5016,1.15,0.4436,2.1177,0.0522,4.9307,0.0094,0.0
1084,18.4815,canny_hough,pid,0,0,0,0.0,0.0,,,0.0,13.8826,1.0,STOP,3.975,0.0,0.0,0.0,0.0,24.2417,10.6964,93.4896,0.4481,1.1819,0.4424,1.8456,0.057,5.2586,0.0091,0.0
1085,18.5106,canny_hough,pid,0,0,0,0.0,0.0,,,0.0,9.7178,1.0,STOP,3.975,0.0,0.0,0.0,0.0,37.6187,11.1367,89.7929,0.7569,3.2944,0.4836,1.672,0.0551,5.2521,0.0096,9.6684
1086,18.5256,canny_hough,pid,0,0,0,0.0,0.0,,,0.0,6.8025,1.0,STOP,3.975,0.0,0.0,0.0,0.0,39.4042,29.0352,34.441,0.4678,1.2864,0.4717,4.0812,0.0514,6.7937,0.0081,0.0
1087,18.5374,canny_hough,pid,0,0,0,0.0,0.0,,,0.0,4.7617,1.0,STOP,3.975,0.0,0.0,0.0,0.0,51.1881,14.7509,67.7924,0.8059,1.276,0.5132,1.5009,0.0616,5.964,0.0642,0.0
1088,18.5498,canny_hough,pid,0,0,0,0.0,0.0,,,0.0,3.3332,1.0,STOP,3.975,0.0,0.0,0.0,0.0,21.8244,11.9497,83.6839,0.5257,1.2659,0.4807,2.1403,0.087,6.0154,0.0118,0.0
1089,18.579,canny_hough,pid,0,0,0,0.0,0.0,,,0.0,2.3332,1.0,STOP,3.975,0.0,0.0,0.0,0.0,35.1492,12.7787,78.2554,0.6072,2.7907,0.4976,1.4636,0.0519,5.8271,0.0137,10.1662
1090,18.5917,canny_hough,pid,0,0,0,0.0,0.0,,,0.0,1.6333,1.0,STOP,3.975,0.0,0.0,0.0,0.0,36.7813,29.6416,33.7364,0.5299,1.1772,0.4771,1.5138,0.0627,6.397,0.011,0.0
1091,18.6034,canny_hough,pid,0,1,1,0.45,319.0,,452.7378,159.0,48.8433,1.0,STOP,3.975,0.0,0.0,0.0,0.0,22.7033,11.8441,84.4301,0.5782,1.2821,0.4743,1.6666,0.0696,5.6924,0.1744,0.0
1092,18.618,canny_hough,pid,0,1,1,0.45,319.0,,452.7378,159.0,81.8903,1.0,STOP,3.975,0.0,0.0,0.0,0.0,37.344,11.627,86.0065,0.4532,2.9451,0.5169,3.3894,0.059,5.5312,0.1773,0.0
1093,18.6442,canny_hough,pid,0,1,1,0.45,319.0,,452.7378,159.0,105.0232,1.0,STOP,3.975,0.0,0.0,0.0,0.0,47.5229,14.6329,68.3391,0.4513,0.7336,0.4292,1.5222,0.0474,5.2695,0.1704,11.423
1094,18.6576,canny_hough,pid,0,0,0,0.0,0.0,,,0.0,73.5162,1.0,STOP,3.975,0.0,0.0,0.0,0.0,24.0021,26.6233,37.5611,0.4963,2.7283,0.5581,1.2891,0.0627,6.1827,0.0084,0.0
1095,18.6686,canny_hough,pid,0,0,0,0.0,0.0,,,0.0,51.4614,1.0,STOP,3.975,0.0,0.0,0.0,0.0,21.647,12.9102,77.4582,0.4648,1.2116,0.4812,1.4091,0.0583,5.8303,0.0094,0.0
1096,18.6842,canny_hough,pid,0,0,0,0.0,0.0,,,0.0,36.023,1.0,STOP,3.975,0.0,0.0,0.0,0.0,37.2263,11.2317,89.0339,0.4679,1.1947,0.4819,5.3992,0.0553,6.1239,0.0099,0.0
1097,18.7137,canny_hough,pid,0,0,0,0.0,0.0,,,0.0,25.2161,1.0,STOP,3.975,0.0,0.0,0.0,0.0,16.8131,15.5196,64.4346,0.4958,1.2855,0.5006,1.6853,0.0566,5.5615,0.012,12.1051
1098,18.7262,canny_hough,pid,0,0,0,0.0,0.0,,,0.0,17.6513,1.0,STOP,3.975,0.0,0.0,0.0,0.0,20.8092,29.5537,33.8367,0.4858,1.9016,0.4886,1.6744,0.0643,6.0796,0.0079,0.0
1099,18.7384,canny_hough,pid,0,0,0,0.0,0.0,,,0.0,12.3559,1.0,STOP,3.975,0.0,0.0,0.0,0.0,33.0108,12.292,81.354,0.4749,1.1575,0.669,1.6682,0.0653,6.555,0.0086,0.0
1100,18.7496,canny_hough,pid,0,0,0,0.0,0.0,,,0.0,8.6491,1.0,STOP,3.975,0.0,0.0,0.0,0.0,44.2593,12.8472,77.8379,0.7341,1.3034,0.49,1.2172,0.0621,5.2295,0.0088,0.0
1101,18.7781,canny_hough,pid,0,1,1,0.6,319.0,,457.5258,159.0,53.7544,1.0,STOP,3.975,0.0,0.0,0.0,0.0,20.3507,10.5581,94.7136,0.4497,1.1521,0.4463,1.3929,0.062,5.7823,0.1791,12.2179
1102,18.7909,canny_hough,pid,0,1,1,0.45,319.0,,455.3162,159.0,85.3281,1.0,STOP,3.975,0.0,0.0,0.0,0.0,20.0014,28.8362,34.6786,0.474,1.3601,0.5424,1.5716,0.0609,6.6667,0.1931,0.0
1103,18.8025,canny_hough,pid,0,1,1,0.45,319.0,,455.3162,159.0,107.4296,1.0,STOP,3.975,0.0,0.0,0.0,0.0,31.6125,12.6664,78.9491,0.4621,1.2118,0.4763,1.6006,0.0657,5.8856,0.1802,0.0
1104,18.8158,canny_hough,pid,0,1,1,0.45,319.0,,455.3162,159.0,122.9008,1.0,STOP,3.975,0.0,0.0,0.0,0.0,44.9025,11.9195,83.8963,0.4994,1.9546,0.9655,2.1928,0.0531,5.4205,0.1735,0.0
1105,18.8437,canny_hough,pid,0,1,1,0.6,319.0,,446.8495,159.0,133.7305,1.0,STOP,3.975,0.0,0.0,0.0,0.0,20.2066,12.7335,78.5332,0.4969,1.1673,0.4603,1.4497,0.0719,6.2511,0.2296,12.1798
1106,18.8561,canny_hough,pid,0,1,1,0.6,319.0,,449.7847,159.0,141.3114,1.0,STOP,3.975,0.0,0.0,0.0,0.0,19.5474,28.0986,35.589,0.5344,1.179,0.4774,1.729,0.0643,6.5281,0.1759,0.0
1107,18.8697,canny_hough,pid,0,1,1,0.6,319.0,,449.7847,159.0,146.618,1.0,STOP,3.975,0.0,0.0,0.0,0.0,33.1614,12.4359,80.4125,0.4687,1.2158,0.4862,3.8426,0.0416,5.7408,0.1798,0.0
1108,18.8802,canny_hough,pid,0,0,0,0.0,0.0,,,0.0,102.6326,1.0,STOP,3.975,0.0,0.0,0.0,0.0,17.3088,13.4587,74.3016,0.4517,1.1779,0.4741,1.4148,0.0626,5.3186,0.0097,0.0
1109,18.9082,canny_hough,pid,0,0,0,0.0,0.0,,,0.0,71.8428,1.0,STOP,3.975,0.0,0.0,0.0,0.0,28.7539,10.5291,94.9745,0.4649,1.1723,0.4698,2.3115,0.0538,5.3712,0.0095,10.5861
1110,18.9195,canny_hough,pid,0,0,0,0.0,0.0,,,0.0,50.29,1.0,STOP,3.975,0.0,0.0,0.0,0.0,19.398,28.0322,35.6732,0.4574,1.1374,0.4357,1.4863,0.0535,6.015,0.0098,0.0
1111,18.9327,canny_hough,pid,0,0,0,0.0,0.0,,,0.0,35.203,1.0,STOP,3.975,0.0,0.0,0.0,0.0,32.53,11.3254,88.2973,0.5271,1.52,1.0798,2.8361,0.0383,5.4678,0.0095,0.0
1112,18.9436,canny_hough,pid,0,0,0,0.0,0.0,,,0.0,24.6421,1.0,STOP,3.975,0.0,0.0,0.0,0.0,17.4536,13.3049,75.1605,0.5031,0.7567,0.4472,1.5882,0.0541,5.7574,0.0097,0.0
1113,18.9724,canny_hough,pid,0,0,0,0.0,0.0,,,0.0,17.2495,1.0,STOP,3.975,0.0,0.0,0.0,0.0,28.861,10.7909,92.6711,0.5028,0.7808,0.4658,1.9917,0.0553,5.9074,0.0098,11.8122
1114,18.9868,canny_hough,pid,0,0,0,0.0,0.0,,,0.0,12.0746,1.0,STOP,3.975,0.0,0.0,0.0,0.0,22.7862,29.0604,34.411,0.4795,1.3352,0.5041,3.3254,0.0558,6.6964,0.0077,0.0
1115,18.9978,canny_hough,pid,0,0,0,0.0,0.0,,,0.0,8.4522,1.0,STOP,3.975,0.0,0.0,0.0,0.0,33.8189,13.9835,71.5129,0.4554,1.2223,0.4842,1.7482,0.0446,5.519,0.0089,0.0
1116,19.0085,canny_hough,pid,0,0,0,0.0,0.0,,,0.0,5.9166,1.0,STOP,3.975,0.0,0.0,0.0,0.0,14.1167,11.1128,89.9865,0.4987,0.7275,0.4455,1.8411,0.0609,5.5202,0.0088,0.0
1117,19.035,canny_hough,pid,0,0,0,0.0,0.0,,,0.0,4.1416,1.0,STOP,3.975,0.0,0.0,0.0,0.0,24.8785,10.8989,91.7522,0.4768,0.8198,0.4817,1.2751,0.0587,5.7168,0.0095,11.3225
1118,19.0464,canny_hough,pid,0,0,0,0.0,0.0,,,0.0,2.8991,1.0,STOP,3.975,0.0,0.0,0.0,0.0,21.1305,26.2563,38.0861,0.4601,0.8068,0.46,1.5086,0.0549,6.4363,0.0077,0.0
1119,19.0582,canny_hough,pid,0,0,0,0.0,0.0,,,0.0,2.0294,1.0,STOP,3.975,0.0,0.0,0.0,0.0,32.9364,11.5495,86.584,0.4847,1.3815,0.6194,1.3204,0.0526,6.0956,0.0105,0.0
1120,19.0686,canny_hough,pid,0,1,1,0.6,319.0,,449.5138,159.0,49.1206,1.0,STOP,3.975,0.0,0.0,0.0,0.0,14.4847,11.5727,86.4102,0.4574,0.7283,0.4487,1.2986,0.0535,5.7354,0.2216,0.0
1121,19.0955,canny_hough,pid,0,1,1,0.6,319.0,,449.5138,159.0,82.0844,1.0,STOP,3.975,0.0,0.0,0.0,0.0,25.4032,10.4522,95.674,0.4508,0.8688,0.445,1.4935,0.052,5.854,0.1867,10.4584
1122,19.1084,canny_hough,pid,0,0,0,0.0,0.0,,,0.0,57.4591,1.0,STOP,3.975,0.0,0.0,0.0,0.0,24.2994,26.9875,37.0542,0.513,2.2051,0.4847,1.575,0.0548,6.3901,0.008,0.0
1123,19.1216,canny_hough,pid,0,0,0,0.0,0.0,,,0.0,40.2214,1.0,STOP,3.975,0.0,0.0,0.0,0.0,37.4479,13.1265,76.1816,0.4836,1.2273,0.5229,2.0992,0.057,6.7274,0.0127,0.0
1124,19.1345,canny_hough,pid,0,0,0,0.0,0.0,,,0.0,28.1549,1.0,STOP,3.975,0.0,0.0,0.0,0.0,50.3602,13.4493,74.3534,0.4651,1.2315,0.7265,2.3086,0.0593,5.908,0.0092,0.0
1125,19.1612,canny_hough,pid,0,0,0,0.0,0.0,,,0.0,19.7085,1.0,STOP,3.975,0.0,0.0,0.0,0.0,16.1725,12.6407,79.1098,0.4772,1.3245,0.4921,1.252,0.0577,5.4088,0.0117,10.6505
1126,19.1728,canny_hough,pid,0,1,1,0.3,319.0,,456.417,159.0,61.4959,1.0,STOP,3.975,0.0,0.0,0.0,0.0,19.0479,26.5295,37.6939,0.4685,0.7322,0.4515,1.394,0.0691,6.6234,0.1802,0.0
1127,19.1852,canny_hough,pid,0,1,1,0.3,319.0,,456.417,159.0,90.7471,1.0,STOP,3.975,0.0,0.0,0.0,0.0,31.4501,11.8773,84.1939,0.478,0.7616,0.6465,2.6268,0.0455,5.63,0.2036,0.0
1128,19.1957,canny_hough,pid,0,1,1,0.3,319.0,,456.417,159.0,111.223,1.0,STOP,3.975,0.0,0.0,0.0,0.0,41.9597,12.1197,82.5104,0.4519,1.1264,0.4323,1.2486,0.0529,5.3994,0.1759,0.0
1129,19.2236,canny_hough,pid,0,1,1,0.45,319.0,,455.1926,159.0,125.5561,1.0,STOP,3.975,0.0,0.0,0.0,0.0,22.6539,10.4758,95.4585,0.5256,1.2665,0.5232,2.4548,0.072,6.0779,0.178,10.9671
1130,19.2361,canny_hough,pid,0,0,0,0.0,0.0,,,0.0,87.8893,1.0,STOP,3.975,0.0,0.0,0.0,0.0,18.9093,28.093,35.596,0.5051,1.1651,0.4559,1.6918,0.0673,6.6324,0.0093,0.0
1131,19.2491,canny_hough,pid,0,0,0,0.0,0.0,,,0.0,61.5225,1.0,STOP,3.975,0.0,0.0,0.0,0.0,31.8228,13.2212,75.636,0.5176,1.3562,0.7056,1.7197,0.0571,5.9182,0.0109,0.0
1132,19.2596,canny_hough,pid,0,0,0,0.0,0.0,,,0.0,43.0657,1.0,STOP,3.975,0.0,0.0,0.0,0.0,18.6481,12.1409,82.366,0.4721,1.1931,0.4967,1.4763,0.0622,4.9999,0.0096,0.0
1133,19.2879,canny_hough,pid,0,0,0,0.0,0.0,,,0.0,30.146,1.0,STOP,3.975,0.0,0.0,0.0,0.0,30.56,10.5475,94.809,0.5801,1.1983,0.4723,2.2991,0.0561,5.491,0.0092,10.7901
1134,19.3004,canny_hough,pid,0,1,1,0.6,319.0,,456.1777,159.0,68.8022,1.0,STOP,3.975,0.0,0.0,0.0,0.0,22.5316,28.2853,35.3541,0.4731,1.1659,0.4518,1.544,0.0666,6.7037,0.2018,0.0
1135,19.3125,canny_hough,pid,0,1,1,0.6,319.0,,456.1777,159.0,95.8615,1.0,STOP,3.975,0.0,0.0,0.0,0.0,34.637,12.5708,79.5497,0.4844,1.3076,0.5271,1.6491,0.0616,5.9526,0.1772,0.0
1136,19.3268,canny_hough,pid,0,1,1,0.6,319.0,,456.1777,159.0,114.8031,1.0,STOP,3.975,0.0,0.0,0.0,0.0,48.9895,12.6222,79.2254,0.6336,1.694,0.9832,2.6106,0.049,5.8458,0.1753,0.0
1137,19.3535,canny_hough,pid,0,0,0,0.0,0.0,,,0.0,80.3622,1.0,STOP,3.975,0.0,0.0,0.0,0.0,19.2334,13.5003,74.0726,0.4599,1.199,0.4725,2.1411,0.046,5.976,0.0173,9.8276
1138,19.3666,canny_hough,pid,0,0,0,0.0,0.0,,,0.0,56.2535,1.0,STOP,3.975,0.0,0.0,0.0,0.0,27.3023,27.1113,36.885,0.496,1.3253,0.5618,1.3406,0.0734,7.2449,0.0083,0.0
1139,19.3791,canny_hough,pid,0,0,0,0.0,0.0,,,0.0,39.3775,1.0,STOP,3.975,0.0,0.0,0.0,0.0,39.7763,13.7817,72.5601,0.8041,1.2361,0.4886,1.5118,0.0718,5.6043,0.0094,0.0
1140,19.3907,canny_hough,pid,0,0,0,0.0,0.0,,,0.0,27.5642,1.0,STOP,3.975,0.0,0.0,0.0,0.0,20.9595,11.4364,87.44,0.4451,1.3216,0.4856,1.5771,0.0549,5.9933,0.0138,0.0
1141,19.4164,canny_hough,pid,0,0,0,0.0,0.0,,,0.0,19.295,1.0,STOP,3.975,0.0,0.0,0.0,0.0,33.522,11.9044,84.0028,0.4754,1.3033,0.531,1.9338,0.0529,6.35,0.0092,8.8223
1142,19.4292,canny_hough,pid,0,0,0,0.0,0.0,,,0.0,13.5065,1.0,STOP,3.975,0.0,0.0,0.0,0.0,29.3903,25.5647,39.1164,0.4711,1.7665,0.4913,1.9945,0.0532,6.1978,0.0079,0.0
1143,19.4414,canny_hough,pid,0,0,0,0.0,0.0,,,0.0,9.4545,1.0,STOP,3.975,0.0,0.0,0.0,0.0,41.5305,12.8848,77.6107,0.4864,1.3358,0.4978,1.8163,0.0608,5.899,0.0115,0.0
1144,19.4537,canny_hough,pid,0,1,1,0.45,319.0,,460.4995,159.0,54.3182,1.0,STOP,3.975,0.0,0.0,0.0,0.0,23.0341,12.112,82.563,0.4568,1.1878,0.4839,2.2501,0.0564,5.934,0.1988,0.0
1145,19.4803,canny_hough,pid,0,1,1,0.45,319.0,,460.4995,159.0,85.7227,1.0,STOP,3.975,0.0,0.0,0.0,0.0,35.5804,12.2591,81.572,0.4564,1.2085,0.5807,2.3376,0.0534,6.0584,0.1807,10.32
1146,19.4956,canny_hough,pid,1,0,0,0.0,0.0,,,0.0,60.0059,1.0,HOLD,0.0,0.0,0.0,100.0,67.5,25.4799,27.1339,36.8542,0.4759,1.2031,0.4984,1.8928,0.0643,8.2606,0.0099,0.0
1147,19.5146,canny_hough,pid,1,0,0,0.0,0.0,,,0.0,42.0041,1.0,HOLD,0.0,0.0,0.0,100.0,67.5,44.5979,16.167,61.8543,0.5056,3.1551,1.4152,3.2339,0.0522,7.0164,0.0186,0.0
1148,19.5287,canny_hough,pid,1,0,0,0.0,0.0,,,0.0,29.4029,1.0,HOLD,0.0,0.0,0.0,100.0,67.5,23.3623,17.6847,56.5462,0.4768,1.4677,0.6847,2.5609,0.0946,6.5716,0.0101,0.0
1149,19.5652,canny_hough,pid,1,0,0,0.0,0.0,,,0.0,20.582,1.0,HOLD,0.0,0.0,0.0,100.0,67.5,40.2119,14.3442,69.7145,0.5476,1.9488,0.7521,4.6716,0.0689,6.2863,0.0187,11.9785
1150,19.5991,canny_hough,pid,1,0,0,0.0,0.0,,,0.0,14.4074,1.0,HOLD,0.0,0.0,0.0,100.0,67.5,48.1638,38.1667,26.2009,4.6836,1.9879,0.7274,6.3085,0.0862,15.2753,0.0082,0.0
1151,19.6395,canny_hough,pid,1,0,0,0.0,0.0,,,0.0,10.0852,1.0,HOLD,0.0,0.0,0.0,100.0,67.5,88.5907,40.7528,24.5382,0.4953,5.246,1.0369,8.092,0.048,14.5112,0.0096,0.0
1152,19.6606,canny_hough,pid,1,0,0,0.0,0.0,,,0.0,7.0596,1.0,HOLD,0.0,0.0,0.0,100.0,67.5,35.9655,31.5142,31.7317,0.6471,3.8324,0.5915,1.7683,0.0884,6.8184,0.0101,0.0
1153,19.7212,canny_hough,pid,1,0,0,0.0,0.0,,,0.0,4.9417,1.0,HOLD,0.0,0.0,0.0,100.0,67.5,25.1728,25.4657,39.2685,0.4731,6.5313,0.5287,1.6131,0.0746,13.9181,0.0091,27.0825
1154,19.736,canny_hough,pid,1,0,0,0.0,0.0,,,0.0,3.4592,1.0,HOLD,0.0,0.0,0.0,100.0,67.5,27.1449,56.2432,17.7799,0.4547,1.2367,0.4513,3.0887,0.0567,7.6025,0.0083,0.0
1155,19.7484,canny_hough,pid,1,0,0,0.0,0.0,,,0.0,2.4215,1.0,HOLD,0.0,0.0,0.0,100.0,67.5,39.5099,14.8336,67.4146,0.4727,1.9234,0.5073,1.6478,0.0571,5.5211,0.0092,0.0
1156,19.7592,canny_hough,pid,1,0,0,0.0,0.0,,,0.0,1.695,1.0,HOLD,0.0,0.0,0.0,100.0,67.5,14.2792,12.3237,81.1446,0.4559,1.1679,0.5055,1.5654,0.0554,5.1328,0.0092,0.0
1157,19.7863,canny_hough,pid,1,0,0,0.0,0.0,,,0.0,1.1865,1.0,HOLD,0.0,0.0,0.0,100.0,67.5,26.1888,10.865,92.0385,0.4823,1.2014,0.4667,1.9754,0.0573,5.7373,0.0092,9.9933
1158,19.7975,canny_hough,pid,1,0,0,0.0,0.0,,,0.0,0.8306,1.0,HOLD,0.0,0.0,0.0,100.0,67.5,21.0758,27.0009,37.0359,0.4539,1.1372,0.4994,1.3363,0.0578,5.8137,0.0084,0.0
1159,19.8099,canny_hough,pid,1,0,0,0.0,0.0,,,0.0,0.5814,1.0,HOLD,0.0,0.0,0.0,100.0,67.5,33.4571,11.4494,87.3406,0.4594,1.2005,0.5219,2.8676,0.0801,5.1009,0.0092,0.0
1160,19.8204,canny_hough,pid,1,1,1,0.6,0.0,-125.1651,,-160.0,-47.593,-1.0,LEFT,-4.0,0.0,0.0,67.5,100.0,14.3021,12.0829,82.7619,0.448,1.145,0.4473,1.5659,0.0738,4.9018,0.1811,0.0
1161,19.8467,canny_hough,pid,1,1,1,0.6,0.0,-125.1651,,-160.0,-81.3151,-1.0,LEFT,-4.0,0.0,0.0,67.5,100.0,25.1558,10.5605,94.6925,0.4535,1.1428,0.4462,1.3976,0.1073,5.281,0.1938,10.497
1162,19.8587,canny_hough,pid,1,1,1,0.6,19.3168,-98.1832,,-140.6832,-99.1255,-1.0,LEFT,-3.5171,0.0,0.274,67.5,100.0,23.6524,26.4381,37.8243,0.4643,1.2196,0.4564,1.6608,0.0552,6.009,0.2021,0.0
1163,19.8736,canny_hough,pid,1,1,1,0.6,19.3168,-98.1832,,-140.6832,-111.5929,-1.0,LEFT,-3.5171,0.0,0.1918,67.5,100.0,38.5644,11.9916,83.392,0.4442,1.2291,0.477,5.1343,0.0415,5.4902,0.2432,0.0
1164,19.8842,canny_hough,pid,1,1,1,0.6,42.8958,-74.6042,,-117.1042,-113.2463,-1.0,LEFT,-2.9276,0.0,0.7337,67.5,100.0,13.1137,14.7511,67.7917,0.4469,1.1895,0.4354,1.4549,0.0531,5.1543,0.1687,0.0
1165,19.9096,canny_hough,pid,1,1,1,0.6,42.8958,-74.6042,,-117.1042,-114.4036,-1.0,LEFT,-2.9276,0.0,0.5136,67.5,100.0,24.482,10.6041,94.3028,0.4535,1.1917,0.4378,2.0113,0.0567,5.3148,0.1798,10.2863
1166,19.9215,canny_hough,pid,1,1,1,0.6,61.358,-56.142,,-98.642,-109.6752,-1.0,LEFT,-2.4661,0.0,0.6317,67.5,100.0,20.2669,25.4318,39.3209,0.4512,1.1288,0.4366,1.6465,0.0542,6.0539,0.1741,0.0
1167,19.9338,canny_hough,pid,1,1,1,0.6,61.358,-56.142,,-98.642,-106.3652,-1.0,LEFT,-2.4661,0.0,0.4422,67.5,100.0,32.5437,11.9765,83.4968,0.4596,1.195,0.5507,1.9,0.0615,5.816,0.2596,0.0
1168,19.9466,canny_hough,pid,1,1,1,0.6,61.358,-56.142,,-98.642,-104.0483,-1.0,LEFT,-2.4661,0.0,0.3095,67.5,100.0,45.4542,12.7575,78.3851,0.4886,1.2435,0.495,2.0039,0.0451,6.0583,0.1772,0.0
1169,19.9734,canny_hough,pid,1,1,1,0.45,32.7094,-84.7906,,-127.2906,-111.021,-1.0,LEFT,-3.1823,0.0,-0.6456,67.5,100.0,13.4919,12.4596,80.2596,0.4699,0.974,0.4633,1.4814,0.0604,4.1486,0.1775,11.7868
1170,19.9851,canny_hough,pid,1,1,1,0.6,14.7627,-102.7373,,-145.2373,-121.2859,-1.0,LEFT,-3.6309,0.0,-0.7026,67.5,100.0,21.1846,26.8409,37.2566,0.4853,1.2421,0.4961,1.6224,0.0599,5.473,0.1728,0.0
1171,19.9963,canny_hough,pid,1,1,1,0.6,14.7627,-102.7373,,-145.2373,-128.4713,-1.0,LEFT,-3.6309,0.0,-0.4918,67.5,100.0,32.3749,11.9405,83.7485,0.4873,1.2287,0.5094,1.38,0.0623,4.9699,0.1833,0.0
1172,20.0093,canny_hough,pid,1,1,1,0.6,14.7627,-102.7373,,-145.2373,-133.5011,-1.0,LEFT,-3.6309,0.0,-0.3443,67.5,100.0,45.3633,11.6831,85.5939,0.9241,1.2579,1.5185,1.3696,0.0548,4.7979,0.1766,0.0
1173,20.038,canny_hough,pid,1,1,1,0.6,0.0,-121.7699,,-160.0,-141.4507,-1.0,LEFT,-4.0,0.0,-0.7013,67.5,100.0,19.0941,12.028,83.1396,0.4576,1.1786,0.4805,3.0689,0.0539,4.7119,0.1962,11.1359
1174,20.0494,canny_hough,pid,1,1,1,0.6,0.0,-150.8081,,-160.0,-147.0155,-1.0,LEFT,-4.0,0.0,-0.4909,67.5,100.0,22.7409,28.9543,34.5372,0.502,1.2588,0.4847,1.7286,0.059,4.9874,0.1765,0.0
1175,20.0604,canny_hough,pid,1,1,1,0.6,0.0,-150.8081,,-160.0,-150.9109,-1.0,LEFT,-4.0,0.0,-0.3436,67.5,100.0,33.7356,11.5027,86.936,0.4641,1.4247,0.6669,2.0758,0.0535,3.9798,0.1726,0.0
1176,20.0712,canny_hough,pid,1,1,1,0.6,0.0,-150.8081,,-160.0,-153.6376,-1.0,LEFT,-4.0,0.0,-0.2405,67.5,100.0,44.585,11.0956,90.1259,0.6938,1.8596,0.5321,1.3677,0.058,3.8984,0.1799,0.0
1177,20.1023,canny_hough,pid,1,1,1,0.45,0.0,-156.1363,,-160.0,-155.5463,-1.0,LEFT,-4.0,0.0,-0.1684,67.5,100.0,20.9391,10.419,95.9781,0.4546,3.3628,0.5293,2.6242,0.0559,4.8692,0.176,12.5152
1178,20.1125,canny_hough,pid,1,0,0,0.0,0.0,,,0.0,-108.8824,-1.0,HOLD,-4.0,0.0,-0.1684,67.5,100.0,23.0357,31.3157,31.9329,0.4522,0.768,0.4962,1.2945,0.062,4.9676,0.0082,0.0
1179,20.1244,canny_hough,pid,1,0,0,0.0,0.0,,,0.0,-76.2177,-1.0,HOLD,-4.0,0.0,-0.1684,67.5,100.0,34.9674,10.0376,99.625,0.4729,2.3717,0.5794,1.6662,0.0478,4.7712,0.0099,0.0
1180,20.1336,canny_hough,pid,1,1,1,0.45,319.0,,484.3598,159.0,-5.6524,1.0,RIGHT,3.975,0.0,10.0674,100.0,67.5,12.8835,11.7449,85.1434,0.4543,1.1449,0.4818,1.5423,0.0555,3.5411,0.2333,0.0
1181,20.1595,canny_hough,pid,1,1,1,0.45,319.0,,484.3598,159.0,43.7433,1.0,RIGHT,3.975,0.0,7.0472,100.0,67.5,22.7725,9.3962,106.426,0.4506,1.3202,0.5343,1.7056,0.0567,3.714,0.1746,9.6191
1182,20.1706,canny_hough,pid,1,1,1,0.3,319.0,,469.3863,159.0,78.3203,1.0,RIGHT,3.975,0.0,4.933,100.0,67.5,11.3268,25.8543,38.6783,0.5914,1.2984,0.4947,1.3672,0.0661,5.0873,0.1805,0.0
1183,20.182,canny_hough,pid,1,1,1,0.3,319.0,,469.3863,159.0,102.5242,1.0,RIGHT,3.975,0.0,3.4531,100.0,67.5,22.7578,11.2416,88.9555,0.4688,2.0112,0.4876,1.8509,0.0599,4.176,0.1911,0.0
1184,20.1931,canny_hough,pid,1,1,1,0.3,319.0,,469.3863,159.0,119.467,1.0,RIGHT,3.975,0.0,2.4172,100.0,67.5,33.9095,11.6354,85.9449,0.7263,1.6066,0.502,1.6762,0.0402,4.1127,0.171,0.0
1185,20.2216,canny_hough,pid,1,1,1,0.6,319.0,,457.9902,159.0,131.3269,1.0,RIGHT,3.975,0.0,1.692,100.0,67.5,16.8963,10.5785,94.5312,0.4571,1.0254,0.4738,1.5352,0.0579,6.0231,0.202,11.9711
1186,20.2315,canny_hough,pid,1,1,1,0.3,319.0,,454.2352,159.0,139.6288,1.0,RIGHT,3.975,0.0,1.1844,100.0,67.5,18.3513,28.6685,34.8815,0.459,0.7395,0.4446,1.4949,0.0554,4.6151,0.1785,0.0
1187,20.2413,canny_hough,pid,1,1,1,0.3,319.0,,454.2352,159.0,145.4402,1.0,RIGHT,3.975,0.0,0.8291,100.0,67.5,28.0564,9.7161,102.9221,0.4478,1.2071,0.4902,1.4347,0.0676,4.0979,0.1807,0.0
1188,20.2538,canny_hough,pid,1,1,1,0.3,319.0,,454.2352,159.0,149.5081,1.0,RIGHT,3.975,0.0,0.5804,100.0,67.5,40.666,10.3187,96.9112,0.7644,3.3599,0.4985,1.3796,0.0536,4.0032,0.181,0.0
1189,20.2771,canny_hough,pid,1,1,1,0.45,319.0,,467.8482,159.0,152.3557,1.0,RIGHT,3.975,0.0,0.4063,100.0,67.5,16.5708,11.9995,83.3366,0.4499,1.1386,0.4506,1.4347,0.0559,4.472,0.1769,9.133
1190,20.2876,canny_hough,pid,1,1,1,0.45,319.0,,467.8482,159.0,154.349,1.0,RIGHT,3.975,0.0,0.2844,100.0,67.5,40.4579,23.6843,42.222,0.4817,1.1559,0.4471,1.3484,0.0682,4.7017,0.1746,0.0
1191,20.2967,canny_hough,pid,1,1,1,0.45,319.0,,489.3447,159.0,155.7443,1.0,RIGHT,3.975,0.0,0.1991,100.0,67.5,18.0113,10.1087,98.9244,0.4942,1.1495,0.445,1.4165,0.0554,3.5867,0.1981,0.0
1192,20.3076,canny_hough,pid,1,1,1,0.45,319.0,,489.3447,159.0,156.721,1.0,RIGHT,3.975,0.0,0.1393,100.0,67.5,28.9622,9.3728,106.6922,0.4737,1.1788,0.4629,2.6336,0.059,3.9682,0.1704,0.0
1193,20.3299,canny_hough,pid,1,1,1,0.45,319.0,,489.3447,159.0,157.4047,1.0,RIGHT,3.975,0.0,0.0975,100.0,67.5,39.4138,11.0292,90.6686,0.5114,1.3493,0.4684,2.1659,0.0536,3.6423,0.1725,9.1825
1194,20.3403,canny_hough,pid,1,1,1,0.15,319.0,,524.2222,159.0,157.8833,1.0,RIGHT,3.975,0.0,0.0683,100.0,67.5,29.6577,22.0609,45.3291,0.4604,1.2001,0.5444,2.3977,0.0449,3.6785,0.1818,0.0
1195,20.3501,canny_hough,pid,1,1,1,0.15,319.0,,524.2222,159.0,158.2183,1.0,RIGHT,3.975,0.0,0.0478,100.0,67.5,39.4148,11.3502,88.1041,0.4905,1.1524,0.4567,1.6114,0.0573,2.9922,0.1796,0.0
1196,20.3593,canny_hough,pid,1,0,0,0.0,0.0,,,0.0,110.7528,1.0,HOLD,3.975,0.0,0.0478,100.0,67.5,16.6428,8.6318,115.8502,0.4536,1.15,0.4853,1.2614,0.0677,3.9611,0.0167,0.0
1197,20.3858,canny_hough,pid,1,0,0,0.0,0.0,,,0.0,77.527,1.0,HOLD,3.975,0.0,0.0478,100.0,67.5,26.8583,9.378,106.6329,0.4778,1.2555,0.4701,1.4938,0.0571,4.3405,0.0087,10.8082
1198,20.3961,canny_hough,pid,1,1,1,0.45,0.0,-183.8106,,-160.0,6.2689,-1.0,LEFT,-4.0,0.0,-4.4877,67.5,100.0,22.6055,26.4587,37.7947,0.4589,1.1692,0.5436,1.3498,0.0668,4.6573,0.174,0.0
1199,20.4064,canny_hough,pid,1,1,1,0.45,0.0,-183.8106,,-160.0,-43.6118,-1.0,LEFT,-4.0,0.0,-3.1414,67.5,100.0,32.9316,10.2609,97.4572,0.4783,1.3189,0.5411,1.7192,0.0768,4.1262,0.1933,0.0
1200,20.4166,canny_hough,pid,1,1,1,0.45,0.0,-183.8106,,-160.0,-78.5282,-1.0,LEFT,-4.0,0.0,-2.199,67.5,100.0,43.1551,10.3632,96.4952,0.4669,1.5003,0.54,1.4373,0.0601,4.1435,0.1861,0.0
1201,20.4445,canny_hough,pid,1,1,1,0.45,0.0,-183.8106,,-160.0,-102.9698,-1.0,LEFT,-4.0,0.0,-1.5393,67.5,100.0,53.9479,10.2911,97.1711,0.4763,1.5029,0.5948,1.6694,0.0693,4.0056,0.1752,11.8661
1202,20.4561,canny_hough,pid,1,1,1,0.6,39.3591,-78.1409,,-120.6409,-108.2711,-1.0,LEFT,-3.016,0.0,-0.5492,67.5,100.0,24.5486,27.939,35.7923,0.4839,1.1715,0.4643,1.5228,0.0538,5.8113,0.1694,0.0
1203,20.4717,canny_hough,pid,1,1,1,0.6,39.3591,-78.1409,,-120.6409,-111.982,-1.0,LEFT,-3.016,0.0,-0.3845,67.5,100.0,40.1142,11.4868,87.0566,0.4601,1.1784,0.4748,5.8951,0.0645,5.4413,0.187,0.0
1204,20.4844,canny_hough,pid,1,1,1,0.6,39.3591,-78.1409,,-120.6409,-114.5797,-1.0,LEFT,-3.016,0.0,-0.2691,67.5,100.0,52.8082,16.3539,61.1475,0.5012,1.1759,0.4794,1.3549,0.0675,6.0166,0.182,0.0
1205,20.5203,canny_hough,pid,1,1,1,0.6,39.3591,-78.1409,,-120.6409,-116.3981,-1.0,LEFT,-3.016,0.0,-0.1884,67.5,100.0,75.6293,12.4204,80.5127,0.4781,4.8378,0.5313,8.9354,0.0566,5.3209,0.1704,8.6659
1206,20.5336,canny_hough,pid,1,1,1,0.6,29.3385,-88.1615,,-130.6615,-120.6771,-1.0,LEFT,-3.2665,0.0,-0.2375,67.5,100.0,31.4364,35.5633,28.1189,0.461,1.3427,0.5972,2.3328,0.0708,6.2469,0.2293,0.0
1207,20.5437,canny_hough,pid,1,1,1,0.6,0.0,-120.2381,,-160.0,-132.474,-1.0,LEFT,-4.0,0.0,-1.0018,67.5,100.0,13.6617,13.1672,75.9466,0.4729,1.1757,0.4697,1.496,0.0621,4.3106,0.1811,0.0
1208,20.5552,canny_hough,pid,1,1,1,0.6,0.0,-120.2381,,-160.0,-140.7318,-1.0,LEFT,-4.0,0.0,-0.7013,67.5,100.0,25.1583,10.0719,99.286,0.5221,1.1822,0.4796,1.402,0.0711,5.6536,0.2025,0.0
1209,20.5824,canny_hough,pid,1,1,1,0.6,0.0,-120.2381,,-160.0,-146.5122,-1.0,LEFT,-4.0,0.0,-0.4909,67.5,100.0,37.4359,12.3582,80.9182,0.5151,1.2341,1.7815,1.4538,0.0549,4.3165,0.1734,9.409
1210,20.5927,canny_hough,pid,1,1,1,0.45,0.0,-136.694,,-160.0,-150.5586,-1.0,LEFT,-4.0,0.0,-0.3436,67.5,100.0,31.7425,26.3734,37.917,0.4645,1.545,0.5054,1.3746,0.0572,4.3069,0.1803,0.0
1211,20.6033,canny_hough,pid,1,1,1,0.45,0.0,-136.694,,-160.0,-153.391,-1.0,LEFT,-4.0,0.0,-0.2405,67.5,100.0,42.381,10.857,92.1065,0.7858,0.8852,0.5654,2.3179,0.0463,3.4564,0.1705,0.0
1212,20.6113,canny_hough,pid,1,1,1,0.3,0.0,-185.0575,,-160.0,-155.3737,-1.0,LEFT,-4.0,0.0,-0.1684,67.5,100.0,11.0945,9.9105,100.903,0.4547,0.7887,0.4815,1.0587,0.0577,3.2011,0.1864,0.0
1213,20.638,canny_hough,pid,1,1,1,0.3,0.0,-185.0575,,-160.0,-156.7616,-1.0,LEFT,-4.0,0.0,-0.1179,67.5,100.0,20.3026,8.1224,123.1167,0.4666,1.2347,0.4829,1.4376,0.0682,3.4281,0.1721,11.2229
1214,20.6494,canny_hough,pid,1,1,1,0.15,0.0,-201.3226,,-160.0,-157.7331,-1.0,LEFT,-4.0,0.0,-0.0825,67.5,100.0,23.5836,26.6532,37.519,0.4589,1.23,0.5612,2.147,0.0951,4.4159,0.2323,0.0
1215,20.6653,canny_hough,pid,1,1,1,0.15,0.0,-201.3226,,-160.0,-158.4132,-1.0,LEFT,-4.0,0.0,-0.0578,67.5,100.0,39.5329,12.0788,82.7897,0.6744,2.9512,0.8254,3.4731,0.1034,3.3588,0.2027,0.0
1216,20.6745,canny_hough,pid,1,1,1,0.3,0.0,-190.4949,,-160.0,-158.8892,-1.0,LEFT,-4.0,0.0,-0.0404,67.5,100.0,14.5502,15.1274,66.1051,0.5109,1.1795,0.4333,1.4791,0.0531,3.5491,0.1815,0.0
1217,20.6996,canny_hough,pid,1,1,1,0.3,0.0,-190.4949,,-160.0,-159.2225,-1.0,LEFT,-4.0,0.0,-0.0283,67.5,100.0,24.8177,9.3066,107.4504,0.4423,1.2284,0.4843,1.6996,0.1512,4.1266,0.1731,10.9297
1218,20.7103,canny_hough,pid,1,1,1,0.45,319.0,,628.9248,159.0,-63.7557,1.0,RIGHT,3.975,0.0,4.7,100.0,67.5,22.5229,25.3453,39.455,0.5273,1.2984,0.4656,1.6186,0.1071,4.358,0.1794,0.0
1219,20.7209,canny_hough,pid,1,1,1,0.45,319.0,,628.9248,159.0,3.071,1.0,RIGHT,3.975,0.0,3.29,100.0,67.5,33.1211,10.5833,94.4884,0.4742,1.2567,0.6272,2.2129,0.0639,3.7074,0.1846,0.0
1220,20.7302,canny_hough,pid,1,1,1,0.45,319.0,,628.9248,159.0,49.8497,1.0,RIGHT,3.975,0.0,2.303,100.0,67.5,42.4736,10.7457,93.0605,0.4635,1.181,0.4567,1.4248,0.0538,3.4788,0.1743,0.0
1221,20.7553,canny_hough,pid,1,1,1,0.3,319.0,,539.0201,159.0,82.5948,1.0,RIGHT,3.975,0.0,1.6121,100.0,67.5,17.9345,9.0257,110.7949,0.4666,1.2533,0.4705,1.2967,0.0515,3.8197,0.1923,10.5139
1222,20.7661,canny_hough,pid,1,1,1,0.3,319.0,,484.2853,159.0,105.5164,1.0,RIGHT,3.975,0.0,1.1285,100.0,67.5,18.9824,25.0109,39.9826,0.4562,1.3031,0.4921,1.1974,0.0923,5.3231,0.1796,0.0
1223,20.7785,canny_hough,pid,1,1,1,0.3,319.0,,484.2853,159.0,121.5614,1.0,RIGHT,3.975,0.0,0.7899,100.0,67.5,31.3475,11.023,90.7191,0.701,2.3774,0.5901,1.681,0.0543,4.6994,0.1972,0.0
1224,20.7892,canny_hough,pid,1,1,1,0.3,319.0,,484.2853,159.0,132.793,1.0,RIGHT,3.975,0.0,0.5529,100.0,67.5,42.0691,12.3493,80.9765,0.4849,1.192,0.4625,1.2682,0.0564,5.0757,0.1753,0.0
1225,20.8199,canny_hough,pid,1,1,1,0.3,319.0,,484.2853,159.0,140.6551,1.0,RIGHT,3.975,0.0,0.3871,100.0,67.5,55.1598,11.2986,88.5065,0.5859,1.1893,0.503,3.2213,0.0558,4.5314,0.1766,12.0926
1226,20.8338,canny_hough,pid,1,1,1,0.45,319.0,,530.498,159.0,146.1586,1.0,RIGHT,3.975,0.0,0.2709,100.0,67.5,23.7081,30.2721,33.0337,0.4695,3.8957,0.5157,1.4077,0.0556,5.2,0.1863,0.0
1227,20.8464,canny_hough,pid,1,1,1,0.45,319.0,,530.498,159.0,150.011,1.0,RIGHT,3.975,0.0,0.1897,100.0,67.5,36.3865,13.6232,73.404,0.4712,3.0015,0.9553,1.729,0.041,4.4198,0.1726,0.0
1228,20.8558,canny_hough,pid,1,1,1,0.3,319.0,,543.3359,159.0,152.7077,1.0,RIGHT,3.975,0.0,0.1328,100.0,67.5,14.9916,12.5027,79.9828,0.4496,1.2406,0.4958,1.1576,0.0618,4.1336,0.1717,0.0
1229,20.8819,canny_hough,pid,1,1,1,0.3,319.0,,543.3359,159.0,154.5954,1.0,RIGHT,3.975,0.0,0.0929,100.0,67.5,25.2446,9.4713,105.5821,0.5029,1.1654,0.451,1.4959,0.0578,4.6153,0.1881,11.8224
1230,20.8909,canny_hough,pid,1,0,0,0.0,0.0,,,0.0,108.2168,1.0,HOLD,3.975,0.0,0.0929,100.0,67.5,15.7543,26.1141,38.2935,0.4415,1.2288,0.5353,1.2664,0.0534,3.6022,0.0094,0.0
1231,20.9015,canny_hough,pid,1,0,0,0.0,0.0,,,0.0,75.7517,1.0,HOLD,3.975,0.0,0.0929,100.0,67.5,26.2519,8.9686,111.5001,0.4559,2.733,0.5377,1.5124,0.0641,3.2768,0.0106,0.0
1232,20.9106,canny_hough,pid,1,0,0,0.0,0.0,,,0.0,53.0262,1.0,HOLD,3.975,0.0,0.0929,100.0,67.5,35.4108,10.7987,92.604,0.7021,1.5493,0.5095,1.4624,0.0418,2.8445,0.0095,0.0
1233,20.9368,canny_hough,pid,1,1,1,0.45,0.0,-199.1862,,-160.0,-10.8816,-1.0,LEFT,-4.0,0.0,-13.1201,67.5,100.0,15.279,9.0727,110.2206,0.4826,1.1848,0.4484,1.833,0.0526,5.3074,0.1712,9.159
1234,20.9525,canny_hough,pid,1,1,1,0.45,0.0,-176.0785,,-160.0,-55.6172,-1.0,LEFT,-4.0,0.0,-9.1841,67.5,100.0,16.5477,26.2637,38.0754,0.4623,2.8572,0.5054,3.6798,0.0596,5.9409,0.1884,0.0
1235,20.9691,canny_hough,pid,1,1,1,0.45,0.0,-176.0785,,-160.0,-86.932,-1.0,LEFT,-4.0,0.0,-6.4288,67.5,100.0,33.0096,15.8003,63.29,0.4726,1.2132,0.5344,6.4006,0.0537,5.5199,0.1638,0.0
1236,20.9805,canny_hough,pid,1,1,1,0.45,0.0,-176.0785,,-160.0,-108.8524,-1.0,LEFT,-4.0,0.0,-4.5002,67.5,100.0,44.5029,17.0269,58.7306,1.241,0.793,0.5148,1.2782,0.044,4.873,0.1503,0.0
1237,21.0067,canny_hough,pid,1,1,1,0.45,0.0,-176.0785,,-160.0,-124.1967,-1.0,LEFT,-4.0,0.0,-3.1501,67.5,100.0,56.0125,11.6076,86.1508,0.4112,0.6123,0.3864,1.1393,0.051,6.043,0.1599,9.8239
1238,21.0163,canny_hough,pid,1,1,1,0.6,0.0,-140.9357,,-160.0,-134.9377,-1.0,LEFT,-4.0,0.0,-2.2051,67.5,100.0,19.2512,25.2574,39.5924,0.3953,0.6572,0.4562,1.305,0.0606,4.845,0.1533,0.0
1239,21.0269,canny_hough,pid,1,1,1,0.6,0.0,-140.9357,,-160.0,-142.4564,-1.0,LEFT,-4.0,0.0,-1.5436,67.5,100.0,29.8118,9.7387,102.6827,0.4053,0.7694,0.4504,2.2392,0.0607,4.5728,0.1648,0.0
1240,21.0437,canny_hough,pid,1,1,1,0.6,0.0,-140.9357,,-160.0,-147.7195,-1.0,LEFT,-4.0,0.0,-1.0805,67.5,100.0,46.6544,10.4592,95.6097,0.413,1.2289,0.4487,1.1334,0.0545,11.6123,0.1543,0.0
1241,21.0666,canny_hough,pid,1,1,1,0.6,0.0,-140.9357,,-160.0,-151.4036,-1.0,LEFT,-4.0,0.0,-0.7563,67.5,100.0,56.1347,17.0817,58.5423,0.4094,1.0229,0.4108,1.2166,0.0549,4.2059,0.1498,8.7161
1242,21.0758,canny_hough,pid,1,1,1,0.15,0.0,-241.9583,,-160.0,-153.9825,-1.0,LEFT,-4.0,0.0,-0.5294,67.5,100.0,9.7693,22.5877,44.2719,0.4003,1.2924,0.4598,1.6766,0.0611,3.337,0.169,0.0
1243,21.0842,canny_hough,pid,1,1,1,0.15,0.0,-241.9583,,-160.0,-155.7878,-1.0,LEFT,-4.0,0.0,-0.3706,67.5,100.0,18.2155,9.03,110.7425,0.5201,1.1675,0.4458,1.5825,0.051,2.9092,0.1733,0.0
1244,21.0965,canny_hough,pid,1,1,1,0.15,0.0,-241.9583,,-160.0,-157.0514,-1.0,LEFT,-4.0,0.0,-0.2594,67.5,100.0,30.5343,8.5956,116.338,0.476,1.2568,0.5585,5.4731,0.0418,2.5985,0.1703,0.0
1245,21.1231,canny_hough,pid,1,0,0,0.0,0.0,,,0.0,-109.936,-1.0,HOLD,-4.0,0.0,-0.2594,67.5,100.0,15.3936,12.3697,80.8425,0.4585,1.1819,0.4875,1.3749,0.0598,5.3506,0.0096,9.795
1246,21.1351,canny_hough,pid,1,0,0,0.0,0.0,,,0.0,-76.9552,-1.0,HOLD,-4.0,0.0,-0.2594,67.5,100.0,43.1599,27.0297,36.9963,0.5164,1.1869,0.4872,1.4968,0.0654,5.8914,0.0077,0.0
1247,21.1458,canny_hough,pid,1,0,0,0.0,0.0,,,0.0,-53.8686,-1.0,HOLD,-4.0,0.0,-0.2594,67.5,100.0,16.5465,11.4217,87.5524,0.4584,0.7708,0.4377,0.9589,0.0633,5.1697,0.0102,0.0
1248,21.1576,canny_hough,pid,1,0,0,0.0,0.0,,,0.0,-37.7081,-1.0,HOLD,-4.0,0.0,-0.2594,67.5,100.0,28.3234,10.9217,91.5605,0.4867,1.0975,0.5612,1.4639,0.055,6.035,0.0087,0.0
1249,21.1855,canny_hough,pid,1,0,0,0.0,0.0,,,0.0,-26.3956,-1.0,HOLD,-4.0,0.0,-0.2594,67.5,100.0,40.6896,11.918,83.9066,0.4594,1.3372,0.528,2.8823,0.0421,4.7489,0.0093,9.7481
1250,21.1973,canny_hough,pid,1,0,0,0.0,0.0,,,0.0,-18.4769,-1.0,HOLD,-4.0,0.0,-0.2594,67.5,100.0,32.9511,27.9547,35.7721,0.4962,1.1845,0.5548,1.4168,0.059,5.803,0.008,0.0
1251,21.2084,canny_hough,pid,1,1,1,0.6,319.0,,545.2159,159.0,34.7661,1.0,RIGHT,3.975,0.0,10.1482,100.0,67.5,22.3047,11.5806,86.3511,0.4673,1.1634,0.4503,1.6632,0.0626,5.1064,0.2021,0.0
1252,21.224,canny_hough,pid,1,1,1,0.6,319.0,,545.2159,159.0,72.0363,1.0,RIGHT,3.975,0.0,7.1037,100.0,67.5,37.9556,11.1016,90.0773,0.452,1.1979,0.5414,2.984,0.059,8.2854,0.1983,0.0
1253,21.2503,canny_hough,pid,1,1,1,0.6,319.0,,545.2159,159.0,98.1254,1.0,RIGHT,3.975,0.0,4.9726,100.0,67.5,49.21,16.0562,62.2812,0.4913,1.2216,0.4703,1.8696,0.0528,4.6878,0.1768,9.8791
1254,21.2621,canny_hough,pid,1,1,1,0.6,319.0,,519.8755,159.0,116.3878,1.0,RIGHT,3.975,0.0,3.4808,100.0,67.5,36.8919,25.6708,38.9548,0.634,1.5901,0.4943,1.2381,0.0522,5.8852,0.2343,0.0
1255,21.2751,canny_hough,pid,1,1,1,0.6,319.0,,499.4473,159.0,129.1714,1.0,RIGHT,3.975,0.0,2.4366,100.0,67.5,22.1103,11.9539,83.6547,0.5084,1.5895,0.4943,1.6911,0.0565,6.532,0.1884,0.0
1256,21.2894,canny_hough,pid,1,1,1,0.6,319.0,,499.4473,159.0,138.12,1.0,RIGHT,3.975,0.0,1.7056,100.0,67.5,36.4119,13.4123,74.5587,0.6266,1.3266,0.6324,2.0721,0.0593,6.9714,0.1808,0.0
1257,21.3167,canny_hough,pid,1,1,1,0.6,319.0,,459.9304,159.0,144.384,1.0,RIGHT,3.975,0.0,1.1939,100.0,67.5,14.8683,13.9178,71.8506,0.5154,1.2111,0.4859,1.5942,0.057,5.8753,0.172,9.4112
1258,21.3299,canny_hough,pid,1,1,1,0.6,319.0,,459.9304,159.0,148.7688,1.0,RIGHT,3.975,0.0,0.8357,100.0,67.5,43.4522,27.2827,36.6532,0.4524,1.2092,0.4958,1.7888,0.0456,6.7423,0.2394,0.0
1259,21.342,canny_hough,pid,1,1,1,0.6,319.0,,482.2762,159.0,151.8382,1.0,RIGHT,3.975,0.0,0.585,100.0,67.5,18.807,13.063,76.5518,0.5091,1.323,0.5134,2.0897,0.0517,5.2381,0.4446,0.0
1260,21.3588,canny_hough,pid,1,1,1,0.6,319.0,,482.2762,159.0,153.9867,1.0,RIGHT,3.975,0.0,0.4095,100.0,67.5,35.681,12.3149,81.2026,0.5368,2.3119,0.7275,3.9168,0.0816,6.8796,0.1745,0.0
1261,21.3882,canny_hough,pid,1,1,1,0.6,319.0,,618.0534,159.0,155.4907,1.0,RIGHT,3.975,0.0,0.2867,100.0,67.5,16.08,16.8073,59.4978,0.5925,1.2846,0.4755,1.5031,0.1128,4.7974,0.1802,13.0485
1262,21.4018,canny_hough,pid,1,1,1,0.6,319.0,,505.4614,159.0,156.5435,1.0,RIGHT,3.975,0.0,0.2007,100.0,67.5,21.8597,29.3128,34.1148,0.4497,0.7255,0.438,1.5245,0.0575,8.144,0.1795,0.0
1263,21.4152,canny_hough,pid,1,1,1,0.6,319.0,,505.4614,159.0,157.2804,1.0,RIGHT,3.975,0.0,0.1405,100.0,67.5,35.2787,13.664,73.1852,0.7194,0.8821,0.8378,1.1388,0.0702,7.3405,0.2094,0.0
1264,21.4248,canny_hough,pid,1,0,0,0.0,0.0,,,0.0,110.0963,1.0,HOLD,3.975,0.0,0.1405,100.0,67.5,15.8964,13.2174,75.6581,0.5095,0.7619,0.4884,0.9446,0.0535,4.8643,0.0097,0.0
1265,21.4535,canny_hough,pid,1,0,0,0.0,0.0,,,0.0,77.0674,1.0,HOLD,3.975,0.0,0.1405,100.0,67.5,28.1408,9.8301,101.7284,0.5456,0.9428,0.4812,1.7666,0.0614,6.1351,0.0095,12.3825
1266,21.4658,canny_hough,pid,1,0,0,0.0,0.0,,,0.0,53.9472,1.0,HOLD,3.975,0.0,0.1405,100.0,67.5,23.7868,28.6301,34.9282,0.4572,0.7498,0.4747,1.3438,0.0571,7.0395,0.0086,0.0
1267,21.4818,canny_hough,pid,1,0,0,0.0,0.0,,,0.0,37.763,1.0,HOLD,3.975,0.0,0.1405,100.0,67.5,39.8449,13.0365,76.7078,0.5153,5.6275,0.4983,1.399,0.0492,5.1961,0.0098,0.0
1268,21.4929,canny_hough,pid,1,1,1,0.45,0.0,-181.6447,,-160.0,-21.5659,-1.0,LEFT,-4.0,0.0,-7.7269,67.5,100.0,18.0741,15.287,65.415,0.5574,0.7335,0.4759,1.6366,0.0599,5.4403,0.179,0.0
1269,21.5203,canny_hough,pid,1,1,1,0.45,0.0,-181.6447,,-160.0,-63.0961,-1.0,LEFT,-4.0,0.0,-5.4089,67.5,100.0,30.6958,11.1513,89.6755,0.5225,0.7697,0.5441,1.3159,0.0586,7.1072,0.1792,9.1526
1270,21.5321,canny_hough,pid,1,1,1,0.45,0.0,-160.3314,,-160.0,-92.1673,-1.0,LEFT,-4.0,0.0,-3.7862,67.5,100.0,30.9906,27.6862,36.1191,0.4861,1.3774,0.4877,1.6458,0.0559,5.1714,0.2082,0.0
1271,21.5435,canny_hough,pid,1,1,1,0.45,0.0,-160.3314,,-160.0,-112.5171,-1.0,LEFT,-4.0,0.0,-2.6503,67.5,100.0,42.3126,12.2922,81.3522,0.5036,1.271,0.5122,1.5869,0.0585,4.3389,0.1741,0.0
1272,21.5573,canny_hough,pid,1,1,1,0.45,0.0,-160.3314,,-160.0,-126.762,-1.0,LEFT,-4.0,0.0,-1.8552,67.5,100.0,56.1863,10.658,93.8258,0.5241,1.2728,0.4748,5.1277,0.044,4.069,0.1721,0.0
1273,21.5818,canny_hough,pid,1,1,1,0.45,0.0,-177.1825,,-160.0,-136.7334,-1.0,LEFT,-4.0,0.0,-1.2987,67.5,100.0,16.4946,13.5586,73.7539,0.4372,0.7255,0.445,1.2718,0.064,4.2906,0.1936,10.24
1274,21.5939,canny_hough,pid,1,1,1,0.6,0.0,-121.5481,,-160.0,-143.7134,-1.0,LEFT,-4.0,0.0,-0.9091,67.5,100.0,24.1227,24.5207,40.7819,0.453,1.606,0.5237,1.3942,0.0741,5.919,0.1813,0.0
1275,21.6081,canny_hough,pid,1,1,1,0.6,0.0,-121.5481,,-160.0,-148.5994,-1.0,LEFT,-4.0,0.0,-0.6363,67.5,100.0,38.3458,12.2461,81.6584,0.4506,1.2612,0.5819,2.8148,0.0553,6.8372,0.1779,0.0
1276,21.6215,canny_hough,pid,1,1,1,0.6,0.0,-121.5481,,-160.0,-152.0195,-1.0,LEFT,-4.0,0.0,-0.4454,67.5,100.0,51.6804,15.4577,64.6928,0.5728,1.1679,0.4757,1.9261,0.0571,5.5388,0.1877,0.0
1277,21.6525,canny_hough,pid,1,1,1,0.6,0.0,-124.1887,,-160.0,-154.4137,-1.0,LEFT,-4.0,0.0,-0.3118,67.5,100.0,26.8527,12.2984,81.3116,0.95,3.7248,0.7643,1.7116,0.0578,6.6104,0.2305,10.5946
1278,21.6637,canny_hough,pid,1,1,1,0.6,0.0,-149.285,,-160.0,-156.0896,-1.0,LEFT,-4.0,0.0,-0.2183,67.5,100.0,35.5978,30.9127,32.3492,0.469,1.3515,0.4781,1.551,0.0454,5.0029,0.2044,0.0
1279,21.6731,canny_hough,pid,1,1,1,0.45,0.0,-158.3199,,-160.0,-157.2627,-1.0,LEFT,-4.0,0.0,-0.1528,67.5,100.0,12.6785,10.9738,91.126,0.5027,0.7398,0.4528,1.4026,0.0544,4.1165,0.1812,0.0
1280,21.683,canny_hough,pid,1,1,1,0.45,0.0,-158.3199,,-160.0,-158.0839,-1.0,LEFT,-4.0,0.0,-0.107,67.5,100.0,22.7311,9.455,105.7642,0.4883,0.7972,0.4734,1.5962,0.0677,4.3505,0.183,0.0
1281,21.7107,canny_hough,pid,1,1,1,0.45,0.0,-158.3199,,-160.0,-158.6587,-1.0,LEFT,-4.0,0.0,-0.0749,67.5,100.0,34.0113,10.0194,99.8068,0.4737,1.2889,0.5137,1.9511,0.0633,4.7602,0.1868,10.511
1282,21.7275,canny_hough,pid,1,0,0,0.0,0.0,,,0.0,-111.0611,-1.0,HOLD,-4.0,0.0,-0.0749,67.5,100.0,26.3033,27.5975,36.2352,0.4583,2.7586,0.5204,6.3326,0.0481,4.7543,0.0079,0.0
1283,21.7383,canny_hough,pid,1,0,0,0.0,0.0,,,0.0,-77.7428,-1.0,HOLD,-4.0,0.0,-0.0749,67.5,100.0,17.6913,16.7361,59.7509,0.5147,1.1462,0.4403,1.6388,0.0607,5.1489,0.0094,0.0
1284,21.7482,canny_hough,pid,1,0,0,0.0,0.0,,,0.0,-54.4199,-1.0,HOLD,-4.0,0.0,-0.0749,67.5,100.0,27.5903,10.6737,93.688,0.4473,1.0571,0.4983,1.1855,0.0533,4.8949,0.0089,0.0
1285,21.775,canny_hough,pid,1,0,0,0.0,0.0,,,0.0,-38.094,-1.0,HOLD,-4.0,0.0,-0.0749,67.5,100.0,40.2204,10.1999,98.0399,0.5235,1.2449,0.5029,3.3854,0.0394,4.8843,0.0093,9.055
1286,21.7867,canny_hough,pid,1,0,0,0.0,0.0,,,0.0,-26.6658,-1.0,HOLD,-4.0,0.0,-0.0749,67.5,100.0,31.9677,26.7722,37.3522,0.462,1.7288,0.5142,1.4865,0.0741,5.3327,0.0078,0.0
1287,21.7985,canny_hough,pid,1,0,0,0.0,0.0,,,0.0,-18.666,-1.0,HOLD,-4.0,0.0,-0.0749,67.5,100.0,43.7383,11.5045,86.9226,0.4559,1.2971,0.5444,1.4966,0.0544,6.0034,0.0108,0.0
1288,21.8136,canny_hough,pid,1,0,0,0.0,0.0,,,0.0,-13.0662,-1.0,HOLD,-4.0,0.0,-0.0749,67.5,100.0,58.8209,12.6694,78.9306,0.5286,1.3593,0.7415,4.0256,0.0454,5.4499,0.0096,0.0
1289,21.8401,canny_hough,pid,1,1,1,0.45,319.0,,506.409,159.0,38.5536,1.0,RIGHT,3.975,0.0,8.2615,100.0,67.5,19.6378,14.3885,69.4998,0.54,1.2584,0.509,3.3812,0.042,4.7499,0.1796,10.0655
1290,21.8528,canny_hough,pid,1,1,1,0.6,319.0,,475.319,159.0,74.6875,1.0,RIGHT,3.975,0.0,5.7831,100.0,67.5,29.2066,26.6114,37.5778,0.4947,1.229,0.6088,3.022,0.0455,5.0646,0.1827,0.0
1291,21.8635,canny_hough,pid,1,1,1,0.6,319.0,,452.7358,159.0,99.9813,1.0,RIGHT,3.975,0.0,4.0481,100.0,67.5,17.5721,12.4682,80.2043,0.4572,1.1638,0.4944,1.4649,0.0603,5.0746,0.1836,0.0
1292,21.8755,canny_hough,pid,1,1,1,0.6,319.0,,452.7358,159.0,117.6869,1.0,RIGHT,3.975,0.0,2.8337,100.0,67.5,29.5718,10.7279,93.215,0.5129,1.1786,0.517,2.2335,0.0724,5.3699,0.1921,0.0
1293,21.9026,canny_hough,pid,1,1,1,0.6,319.0,,452.7358,159.0,130.0808,1.0,RIGHT,3.975,0.0,1.9836,100.0,67.5,41.8929,12.6274,79.193,0.6377,2.2628,0.4937,1.3679,0.0529,4.8821,0.1789,8.8176
1294,21.916,canny_hough,pid,1,1,1,0.6,292.9709,,410.4709,132.9709,130.9478,1.0,RIGHT,3.3243,0.0,1.0195,100.0,67.5,34.8315,26.4528,37.8032,0.4447,1.2237,0.4888,2.1397,0.0645,7.0965,0.1718,0.0
1295,21.9277,canny_hough,pid,1,1,1,0.6,302.5412,,420.0412,142.5412,134.4258,1.0,RIGHT,3.5635,0.0,0.9813,100.0,67.5,15.2679,13.409,74.5769,0.4637,1.1671,0.4508,1.2188,0.0562,6.3338,0.1811,0.0
1296,21.9396,canny_hough,pid,1,1,1,0.6,302.5412,,420.0412,142.5412,136.8604,1.0,RIGHT,3.5635,0.0,0.6869,100.0,67.5,27.1917,11.7022,85.4541,0.5223,1.2398,0.4822,1.4057,0.0601,6.1747,0.1758,0.0
1297,21.9704,canny_hough,pid,1,1,1,0.6,302.5412,,420.0412,142.5412,138.5646,1.0,RIGHT,3.5635,0.0,0.4808,100.0,67.5,40.4114,11.9993,83.3384,0.5161,1.188,0.4936,2.5575,0.0424,6.3066,0.1834,11.7386
1298,21.9876,canny_hough,pid,1,1,1,0.6,304.2638,,421.7638,144.2638,140.2744,1.0,RIGHT,3.6066,0.0,0.3577,100.0,67.5,29.6271,30.612,32.667,0.4445,4.3715,0.4944,3.6228,0.0431,6.29,0.2092,0.0
1299,21.9998,canny_hough,pid,1,1,1,0.6,300.0869,,417.5869,140.0869,140.2181,1.0,RIGHT,3.5022,0.0,0.1597,100.0,67.5,19.8672,17.2641,57.9237,0.5306,1.5273,0.4705,2.2751,0.0565,5.3037,0.182,0.0
1300,22.0118,canny_hough,pid,1,1,1,0.6,300.0869,,417.5869,140.0869,140.1788,1.0,RIGHT,3.5022,0.0,0.1118,100.0,67.5,31.901,12.802,78.1131,0.5444,1.8371,0.4845,1.3181,0.0539,5.1502,0.1865,0.0
1301,22.0376,canny_hough,pid,1,1,1,0.6,312.9703,,430.4703,152.9703,144.0162,1.0,RIGHT,3.8243,0.0,0.4985,100.0,67.5,19.1102,11.4959,86.9872,0.5392,1.1873,0.4785,1.3849,0.063,4.992,0.178,10.9828
1302,22.0483,canny_hough,pid,1,1,1,0.6,312.9703,,430.4703,152.9703,146.7025,1.0,RIGHT,3.8243,0.0,0.3489,100.0,67.5,44.7598,26.2634,38.0758,0.7782,0.7545,0.4905,1.2828,0.0563,4.7808,0.1755,0.0
1303,22.0607,canny_hough,pid,1,1,1,0.6,290.7408,,408.2408,130.7408,141.914,1.0,RIGHT,3.2685,0.0,-0.5827,100.0,67.5,21.2899,10.0809,99.1978,0.465,3.7863,0.4663,1.3978,0.0616,4.2976,0.1771,0.0
1304,22.0709,canny_hough,pid,1,1,1,0.6,290.7408,,408.2408,130.7408,138.562,1.0,RIGHT,3.2685,0.0,-0.4079,100.0,67.5,31.4977,12.5041,79.9738,0.4843,1.2734,0.4836,1.7303,0.0462,4.186,0.1761,0.0
1305,22.096,canny_hough,pid,1,1,1,0.3,319.0,,438.6387,159.0,144.6934,1.0,RIGHT,3.975,0.0,0.7626,100.0,67.5,12.9019,10.111,98.9024,0.5943,1.2004,0.4461,1.1272,0.0511,4.8949,0.1724,8.715
1306,22.1072,canny_hough,pid,1,1,1,0.3,319.0,,438.6387,159.0,148.9854,1.0,RIGHT,3.975,0.0,0.5338,100.0,67.5,38.9601,25.4828,39.2422,0.4095,1.0826,0.4249,2.3605,0.0579,4.6324,0.1578,0.0
1307,22.1178,canny_hough,pid,1,1,1,0.15,0.0,-194.25,,-160.0,56.2898,-1.0,LEFT,-4.0,0.0,-10.5844,67.5,100.0,21.2619,10.9166,91.6033,0.4085,1.3013,0.4508,1.9852,0.0632,4.4131,0.1587,0.0
1308,22.1305,canny_hough,pid,1,1,1,0.15,0.0,-194.25,,-160.0,-8.5972,-1.0,LEFT,-4.0,0.0,-7.4091,67.5,100.0,33.8885,10.5801,94.5168,0.4087,2.7198,0.4504,2.9792,0.0584,4.1369,0.1619,0.0
1309,22.1571,canny_hough,pid,1,1,1,0.15,0.0,-194.25,,-160.0,-54.018,-1.0,LEFT,-4.0,0.0,-5.1863,67.5,100.0,46.5407,13.0873,76.4099,1.0201,2.9944,0.4806,1.9182,0.0583,3.8122,0.1487,8.6246
1310,22.1682,canny_hough,pid,1,1,1,0.45,0.0,-145.1541,,-160.0,-85.8126,-1.0,LEFT,-4.0,0.0,-3.6304,67.5,100.0,34.2457,27.4356,36.449,0.7137,1.1193,0.4287,1.2231,0.0516,4.3954,0.1481,0.0
1311,22.1781,canny_hough,pid,1,1,1,0.6,0.0,-138.7242,,-160.0,-108.0688,-1.0,LEFT,-4.0,0.0,-2.5413,67.5,100.0,18.549,9.7159,102.9243,0.3968,1.0051,0.4156,1.4236,0.0554,4.844,0.1777,0.0
1312,22.1895,canny_hough,pid,1,1,1,0.6,0.0,-138.7242,,-160.0,-123.6482,-1.0,LEFT,-4.0,0.0,-1.7789,67.5,100.0,29.8656,10.0312,99.6891,0.38,1.0151,0.5739,1.617,0.0653,5.4832,0.2332,0.0
1313,22.2153,canny_hough,pid,1,1,1,0.6,0.0,-138.7242,,-160.0,-134.5537,-1.0,LEFT,-4.0,0.0,-1.2452,67.5,100.0,42.5569,11.6005,86.2034,0.4913,1.4514,1.1322,1.5054,0.083,5.7297,0.1804,8.8362
1314,22.2305,canny_hough,pid,1,1,1,0.6,21.4254,-96.0746,,-138.5746,-135.76,-1.0,LEFT,-3.4644,0.0,-0.5611,67.5,100.0,31.9074,25.8698,38.6551,0.5332,2.0107,0.5089,3.0392,0.0499,6.314,0.1713,0.0
1315,22.2403,canny_hough,pid,1,1,1,0.6,0.0,-119.3295,,-160.0,-143.032,-1.0,LEFT,-4.0,0.0,-0.9346,67.5,100.0,14.3881,14.8282,67.4393,0.4537,1.178,0.443,1.236,0.0615,4.5931,0.1757,0.0
1316,22.2506,canny_hough,pid,1,1,1,0.6,0.0,-119.3295,,-160.0,-148.1224,-1.0,LEFT,-4.0,0.0,-0.6542,67.5,100.0,24.6182,9.9407,100.5969,0.4446,1.1942,0.4828,1.2391,0.0556,4.7482,0.1745,0.0
1317,22.2774,canny_hough,pid,1,1,1,0.6,0.0,-119.3295,,-160.0,-151.6857,-1.0,LEFT,-4.0,0.0,-0.458,67.5,100.0,35.8956,10.392,96.2278,0.4643,1.5181,0.5447,1.8719,0.0498,4.716,0.1775,9.6735
1318,22.286,canny_hough,pid,1,1,1,0.15,0.0,-146.2143,,-160.0,-154.18,-1.0,LEFT,-4.0,0.0,-0.3206,67.5,100.0,16.4945,26.9588,37.0937,0.4534,1.2866,0.6346,1.2778,0.0524,2.5564,0.1814,0.0
1319,22.2944,canny_hough,pid,1,1,1,0.15,0.0,-146.2143,,-160.0,-155.926,-1.0,LEFT,-4.0,0.0,-0.2244,67.5,100.0,24.9434,8.3516,119.7378,0.4672,1.1471,0.7741,1.3077,0.057,2.6449,0.178,0.0
1320,22.3109,canny_hough,pid,1,1,1,0.15,0.0,-146.2143,,-160.0,-157.1482,-1.0,LEFT,-4.0,0.0,-0.1571,67.5,100.0,41.4706,13.976,71.5513,0.6294,3.444,0.5742,1.4254,0.0939,2.6533,0.1761,0.0
1321,22.3397,canny_hough,pid,1,1,1,0.3,0.0,-221.9213,,-160.0,-158.0037,-1.0,LEFT,-4.0,0.0,-0.11,67.5,100.0,22.1962,11.2907,88.5686,0.4832,0.9463,0.4796,0.9225,0.0909,4.1186,0.1868,13.7763
1322,22.3512,canny_hough,pid,1,0,0,0.0,0.0,,,0.0,-110.6026,-1.0,HOLD,-4.0,0.0,-0.11,67.5,100.0,17.9036,29.0011,34.4814,0.475,1.23,0.5265,2.2573,0.0564,4.4582,0.009,0.0
1323,22.3655,canny_hough,pid,1,0,0,0.0,0.0,,,0.0,-77.4218,-1.0,HOLD,-4.0,0.0,-0.11,67.5,100.0,32.2044,12.1032,82.6226,0.8848,2.5688,0.6028,2.6622,0.0639,4.3233,0.0147,0.0
1324,22.3782,canny_hough,pid,1,0,0,0.0,0.0,,,0.0,-54.1953,-1.0,HOLD,-4.0,0.0,-0.11,67.5,100.0,20.9119,13.0786,76.461,0.5173,1.1964,0.4616,1.8278,0.0642,6.6467,0.0089,0.0
1325,22.4066,canny_hough,pid,1,0,0,0.0,0.0,,,0.0,-37.9367,-1.0,HOLD,-4.0,0.0,-0.11,67.5,100.0,35.0573,13.1682,75.9405,0.9806,3.1458,0.4977,1.5309,0.052,5.5096,0.0089,10.1834
1326,22.4169,canny_hough,pid,1,1,1,0.6,254.6238,,372.1238,94.6238,1.8314,1.0,RIGHT,2.3656,0.0,3.3324,100.0,67.5,33.1413,28.0062,35.7064,0.4638,1.2733,0.4942,1.3724,0.0661,4.468,0.1787,0.0
1327,22.4287,canny_hough,pid,1,1,1,0.6,254.6238,,372.1238,94.6238,29.6691,1.0,RIGHT,2.3656,0.0,2.3327,100.0,67.5,44.9598,11.2716,88.7184,0.6305,1.2944,0.9612,1.5484,0.0478,4.2338,0.1731,0.0
1328,22.4386,canny_hough,pid,1,1,1,0.15,315.8913,,433.3913,155.8913,67.5358,1.0,RIGHT,3.8973,0.0,3.746,100.0,67.5,15.6674,10.8725,91.9754,0.4905,1.2345,0.5573,2.1403,0.0686,3.3039,0.1746,0.0
1329,22.4651,canny_hough,pid,1,1,1,0.15,315.8913,,433.3913,155.8913,94.0424,1.0,RIGHT,3.8973,0.0,2.6222,100.0,67.5,27.5443,9.835,101.6772,0.5097,4.5768,0.5201,1.1913,0.0492,3.0569,0.1806,8.6224
1330,22.4753,canny_hough,pid,1,1,1,0.6,285.8478,,403.3478,125.8478,103.584,1.0,RIGHT,3.1462,0.0,1.4105,100.0,67.5,31.6928,26.5072,37.7256,0.4516,1.1494,0.4572,1.4928,0.0608,4.5696,0.1786,0.0
1331,22.4859,canny_hough,pid,1,1,1,0.6,285.8478,,403.3478,125.8478,110.2632,1.0,RIGHT,3.1462,0.0,0.9874,100.0,67.5,42.2696,10.5105,95.1425,0.7813,1.1842,0.4661,1.3017,0.0609,4.426,0.2048,0.0
1332,22.4977,canny_hough,pid,1,1,1,0.6,273.4367,,390.9367,113.4367,111.2152,1.0,RIGHT,2.8359,0.0,0.2316,100.0,67.5,20.7944,10.1278,98.7377,0.4494,1.1787,0.5248,2.6011,0.0609,5.0175,0.2321,0.0
1333,22.5252,canny_hough,pid,1,1,1,0.6,273.4367,,390.9367,113.4367,111.8817,1.0,RIGHT,2.8359,0.0,0.1621,100.0,67.5,33.0648,12.2093,81.9047,0.4755,1.71,0.6134,1.9241,0.0612,4.8966,0.1775,9.7292
1334,22.5436,canny_hough,pid,1,1,1,0.6,276.1883,,393.6883,116.1883,113.1737,1.0,RIGHT,2.9047,0.0,0.1512,100.0,67.5,37.6187,27.349,36.5644,0.4776,2.8692,0.5013,5.1412,0.0443,7.1013,0.2331,0.0
1335,22.5566,canny_hough,pid,1,1,1,0.6,276.1883,,393.6883,116.1883,114.078,1.0,RIGHT,2.9047,0.0,0.1059,100.0,67.5,50.5544,18.7683,53.2812,0.7481,1.4343,0.4826,2.0049,0.0785,5.6677,0.1765,0.0
1336,22.5666,canny_hough,pid,1,1,1,0.6,281.2744,,398.7744,121.2744,116.2369,1.0,RIGHT,3.0319,0.0,0.2274,100.0,67.5,21.2153,12.4436,80.3627,0.4728,1.586,0.4833,1.2472,0.0546,4.1494,0.1848,0.0
1337,22.5911,canny_hough,pid,1,1,1,0.6,281.2744,,398.7744,121.2744,117.7482,1.0,RIGHT,3.0319,0.0,0.1592,100.0,67.5,31.1594,10.0911,99.0974,0.4654,0.7419,0.8854,1.2878,0.0589,4.4087,0.1842,10.1009
1338,22.6013,canny_hough,pid,1,0,0,0.0,0.0,,,0.0,82.4237,1.0,HOLD,3.0319,0.0,0.1592,100.0,67.5,23.9263,24.5338,40.7601,0.4559,2.5548,0.6009,1.7563,0.1614,2.1012,0.0122,0.0
1339,22.6085,canny_hough,pid,1,0,0,0.0,0.0,,,0.0,57.6966,1.0,HOLD,3.0319,0.0,0.1592,100.0,67.5,31.1812,10.1467,98.5542,0.4626,1.163,0.4853,1.3446,0.0519,1.7463,0.0108,0.0
1340,22.6168,canny_hough,pid,1,0,0,0.0,0.0,,,0.0,40.3876,1.0,HOLD,3.0319,0.0,0.1592,100.0,67.5,39.4956,7.0964,140.9164,0.4558,1.1502,0.4658,2.2354,0.0487,1.9047,0.0099,0.0
1341,22.641,canny_hough,pid,1,0,0,0.0,0.0,,,0.0,28.2713,1.0,HOLD,3.0319,0.0,0.1592,100.0,67.5,48.0374,8.6075,116.1775,0.4568,1.1438,0.4714,2.3912,0.0573,1.7822,0.0149,10.4286
1342,22.6517,canny_hough,pid,1,1,1,0.3,0.0,-235.8226,,-160.0,-28.2101,-1.0,LEFT,-4.0,0.0,-4.2948,67.5,100.0,21.1716,23.9383,41.7741,0.4608,1.1497,0.4414,1.5944,0.0611,5.0033,0.189,0.0
1343,22.6644,canny_hough,pid,1,1,1,0.3,0.0,-235.8226,,-160.0,-67.747,-1.0,LEFT,-4.0,0.0,-3.0064,67.5,100.0,33.851,10.8498,92.1675,0.51,1.2278,0.4757,2.6737,0.0585,5.6122,0.1741,0.0
1344,22.6789,canny_hough,pid,1,1,1,0.3,0.0,-235.8226,,-160.0,-95.4229,-1.0,LEFT,-4.0,0.0,-2.1045,67.5,100.0,48.3429,13.582,73.6266,0.4897,3.3046,0.4904,1.8525,0.0736,5.2124,0.1843,0.0
1345,22.7061,canny_hough,pid,1,1,1,0.45,0.0,-233.6454,,-160.0,-114.7961,-1.0,LEFT,-4.0,0.0,-1.4731,67.5,100.0,22.1744,13.3992,74.6314,0.4547,1.2082,0.4721,2.0471,0.0599,5.9296,0.2049,9.8807
1346,22.7183,canny_hough,pid,1,1,1,0.45,0.0,-155.1863,,-160.0,-128.3572,-1.0,LEFT,-4.0,0.0,-1.0312,67.5,100.0,21.0706,27.3278,36.5928,0.4712,1.3329,0.4845,1.4618,0.0605,6.3615,0.18,0.0
1347,22.7315,canny_hough,pid,1,1,1,0.45,0.0,-155.1863,,-160.0,-137.8501,-1.0,LEFT,-4.0,0.0,-0.7218,67.5,100.0,34.2341,12.1945,82.0044,0.6551,1.2873,0.4879,2.2056,0.042,6.4108,0.1741,0.0
1348,22.7436,canny_hough,pid,1,1,1,0.6,0.0,-127.5395,,-160.0,-144.495,-1.0,LEFT,-4.0,0.0,-0.5053,67.5,100.0,16.6846,13.1692,75.9348,0.5187,1.1785,0.4655,1.2414,0.0667,6.5377,0.1854,0.0
1349,22.7713,canny_hough,pid,1,1,1,0.6,0.0,-127.5395,,-160.0,-149.1465,-1.0,LEFT,-4.0,0.0,-0.3537,67.5,100.0,29.7378,12.1875,82.051,0.5235,1.003,0.5462,2.087,0.061,6.6584,0.1741,10.6422
1350,22.7801,canny_hough,pid,1,1,1,0.45,0.0,-161.2472,,-160.0,-152.4026,-1.0,LEFT,-4.0,0.0,-0.2476,67.5,100.0,16.6426,27.7266,36.0664,0.5398,1.153,0.4477,1.2424,0.0519,3.3082,0.1693,0.0
1351,22.7883,canny_hough,pid,1,1,1,0.45,0.0,-161.2472,,-160.0,-154.6818,-1.0,LEFT,-4.0,0.0,-0.1733,67.5,100.0,24.8184,8.6009,116.2669,0.4602,0.7272,0.4539,0.9539,0.0598,3.626,0.1861,0.0
1352,22.7995,canny_hough,pid,1,1,1,0.45,0.0,-161.2472,,-160.0,-156.2773,-1.0,LEFT,-4.0,0.0,-0.1213,67.5,100.0,36.0519,9.4453,105.8726,0.7168,0.8975,1.5697,1.4829,0.0425,3.3995,0.1676,0.0
1353,22.8249,canny_hough,pid,1,1,1,0.15,0.0,-220.0909,,-160.0,-157.3941,-1.0,LEFT,-4.0,0.0,-0.0849,67.5,100.0,11.8654,9.9468,100.5347,0.4493,0.7427,0.4596,0.9667,0.059,2.7507,0.1688,9.8127
1354,22.8422,canny_hough,pid,1,1,1,0.3,0.0,-279.4079,,-160.0,-158.1759,-1.0,LEFT,-4.0,0.0,-0.0594,67.5,100.0,21.2386,25.5641,39.1173,0.4619,6.6357,0.6181,1.4964,0.0564,5.7245,0.3405,0.0
1355,22.8568,canny_hough,pid,1,1,1,0.3,0.0,-279.4079,,-160.0,-158.7231,-1.0,LEFT,-4.0,0.0,-0.0416,67.5,100.0,35.827,17.5009,57.14,0.471,4.3711,0.6095,1.4063,0.0551,5.4034,0.1798,0.0
1356,22.874,canny_hough,pid,1,1,1,0.3,0.0,-279.4079,,-160.0,-159.1062,-1.0,LEFT,-4.0,0.0,-0.0291,67.5,100.0,53.0733,18.1014,55.2444,0.8675,2.4987,0.4946,2.0842,0.2103,5.2915,0.1723,0.0
1357,22.9007,canny_hough,pid,1,1,1,0.15,0.0,-227.0909,,-160.0,-159.3743,-1.0,LEFT,-4.0,0.0,-0.0204,67.5,100.0,21.1988,13.4282,74.4699,0.4615,1.2205,0.5124,2.7035,0.0454,4.9207,0.1773,9.3287
1358,22.9113,canny_hough,pid,1,0,0,0.0,0.0,,,0.0,-111.562,-1.0,HOLD,-4.0,0.0,-0.0204,67.5,100.0,29.2798,26.9577,37.0951,0.4889,1.2093,0.4867,1.9748,0.062,4.0614,0.0119,0.0
1359,22.9264,canny_hough,pid,1,0,0,0.0,0.0,,,0.0,-78.0934,-1.0,HOLD,-4.0,0.0,-0.0204,67.5,100.0,44.3325,11.4483,87.3493,1.1936,3.9122,0.6849,2.7129,0.0505,3.4562,0.0114,0.0
1360,22.9334,canny_hough,pid,1,0,0,0.0,0.0,,,0.0,-54.6654,-1.0,HOLD,-4.0,0.0,-0.0204,67.5,100.0,12.4472,14.1632,70.6056,0.4613,1.2811,0.4936,1.3854,0.0772,1.0712,0.0107,0.0
1361,22.9575,canny_hough,pid,1,0,0,0.0,0.0,,,0.0,-38.2658,-1.0,HOLD,-4.0,0.0,-0.0204,67.5,100.0,20.5511,6.8917,145.1016,0.4573,2.3862,0.4777,1.4128,0.0541,1.109,0.0115,12.1015
1362,22.9674,canny_hough,pid,1,0,0,0.0,0.0,,,0.0,-26.786,-1.0,HOLD,-4.0,0.0,-0.0204,67.5,100.0,19.2485,24.071,41.5438,0.4569,1.1486,0.4532,1.4667,0.0517,4.1249,0.011,0.0
1363,22.9822,canny_hough,pid,1,0,0,0.0,0.0,,,0.0,-18.7502,-1.0,HOLD,-4.0,0.0,-0.0204,67.5,100.0,34.0287,12.736,78.5178,0.4748,2.3609,0.5038,1.631,0.0571,4.2413,0.0092,0.0
1364,22.9935,canny_hough,pid,1,0,0,0.0,0.0,,,0.0,-13.1252,-1.0,HOLD,-4.0,0.0,-0.0204,67.5,100.0,45.4109,13.1501,76.0452,0.591,1.3317,0.4822,1.6269,0.063,3.8376,0.0113,0.0
1365,23.0207,canny_hough,pid,1,1,1,0.45,271.8589,,389.3589,111.8589,24.3701,1.0,RIGHT,2.7965,0.0,9.9571,100.0,67.5,21.1146,10.224,97.8092,0.4626,1.0267,0.9368,1.7326,0.0547,6.0339,0.1751,8.8687
1366,23.0327,canny_hough,pid,1,1,1,0.45,221.2724,,338.7724,61.2724,35.4408,1.0,RIGHT,1.5318,0.0,6.2772,100.0,67.5,23.5167,27.3843,36.5172,0.3952,0.9914,0.3826,1.2092,0.0549,6.5514,0.1505,0.0
1367,23.0481,canny_hough,pid,1,1,1,0.45,221.2724,,338.7724,61.2724,43.1903,1.0,RIGHT,1.5318,0.0,4.3941,100.0,67.5,38.864,12.0453,83.0203,0.4181,0.6646,0.4023,5.115,0.0413,6.4142,0.1585,0.0
1368,23.0606,canny_hough,pid,1,0,0,0.0,0.0,,,0.0,30.2332,1.0,HOLD,1.5318,0.0,4.3941,100.0,67.5,18.9059,15.0022,66.6568,0.3947,0.617,0.3842,1.7315,0.0567,7.3813,0.0134,0.0
1369,23.0873,canny_hough,pid,1,0,0,0.0,0.0,,,0.0,21.1632,1.0,HOLD,1.5318,0.0,4.3941,100.0,67.5,31.0897,12.6744,78.8992,0.4015,0.6675,0.3949,1.0331,0.0759,7.484,0.0098,9.3363
1370,23.1009,canny_hough,pid,1,1,1,0.6,219.3165,,336.8165,59.3165,32.6092,1.0,RIGHT,1.4829,0.0,3.0485,100.0,67.5,31.4894,26.7981,37.3161,0.4613,1.034,0.3921,1.2924,0.0794,8.0752,0.1808,0.0
1371,23.1168,canny_hough,pid,1,1,1,0.6,219.3165,,336.8165,59.3165,40.6214,1.0,RIGHT,1.4829,0.0,2.1339,100.0,67.5,47.3769,14.9165,67.0399,0.7209,2.0964,0.5304,1.6195,0.0539,7.3917,0.1741,0.0
1372,23.1287,canny_hough,pid,1,1,1,0.6,257.6882,,375.1882,97.6882,57.7414,1.0,RIGHT,2.4422,0.0,2.503,100.0,67.5,23.2416,14.2571,70.1406,0.4468,1.1555,0.9061,1.5732,0.0575,5.7376,0.2075,0.0
1373,23.1584,canny_hough,pid,1,1,1,0.6,257.6882,,375.1882,97.6882,69.7255,1.0,RIGHT,2.4422,0.0,1.7521,100.0,67.5,39.0177,12.8399,77.8824,0.471,1.7264,0.6289,2.935,0.0555,5.8918,0.1801,9.4132
1374,23.1713,canny_hough,pid,1,1,1,0.6,221.5919,,339.0919,61.5919,67.2854,1.0,RIGHT,1.5398,0.0,0.7596,100.0,67.5,32.2328,28.9939,34.49,0.4669,1.2256,0.5102,1.4063,0.0542,7.0721,0.1784,0.0
1375,23.1821,canny_hough,pid,1,0,0,0.0,0.0,,,0.0,47.0998,1.0,HOLD,1.5398,0.0,0.7596,100.0,67.5,13.26,12.5709,79.549,0.4502,1.1862,0.4783,1.6795,0.0512,5.2542,0.0092,0.0
1376,23.1932,canny_hough,pid,1,0,0,0.0,0.0,,,0.0,32.9698,1.0,HOLD,1.5398,0.0,0.7596,100.0,67.5,24.3186,10.7846,92.7252,0.4476,1.1231,0.4835,1.9887,0.0561,5.1493,0.0111,0.0
1377,23.222,canny_hough,pid,1,0,0,0.0,0.0,,,0.0,23.0789,1.0,HOLD,1.5398,0.0,0.7596,100.0,67.5,37.7366,11.7582,85.0468,0.6,1.3799,0.7393,2.1976,0.0501,5.6338,0.0098,9.3269
1378,23.2329,canny_hough,pid,1,1,1,0.3,0.0,-306.1652,,-160.0,-31.8448,-1.0,LEFT,-4.0,0.0,-2.388,67.5,100.0,32.9698,28.4601,35.1369,0.4717,1.188,0.5968,1.3251,0.0631,5.1183,0.2233,0.0
1379,23.2534,canny_hough,pid,1,1,1,0.3,0.0,-306.1652,,-160.0,-70.2913,-1.0,LEFT,-4.0,0.0,-1.6716,67.5,100.0,53.4094,15.7594,63.454,0.4714,1.1492,4.5898,1.5422,0.0581,5.5268,0.229,0.0
1380,23.2671,canny_hough,pid,1,1,1,0.15,0.0,-296.9091,,-160.0,-97.2039,-1.0,LEFT,-4.0,0.0,-1.1701,67.5,100.0,28.6261,15.6581,63.8645,0.5011,1.1884,0.466,3.9006,0.0471,5.1918,0.1704,0.0
1381,23.2983,canny_hough,pid,1,1,1,0.45,0.0,-282.9455,,-160.0,-116.0428,-1.0,LEFT,-4.0,0.0,-0.8191,67.5,100.0,18.288,13.6691,73.1576,0.4773,1.3303,0.5242,1.4888,0.056,6.8552,1.271,11.4972
1382,23.3102,canny_hough,pid,1,1,1,0.3,0.0,-244.656,,-160.0,-129.2299,-1.0,LEFT,-4.0,0.0,-0.5734,67.5,100.0,20.3558,31.1872,32.0644,0.4516,1.2384,0.474,1.8677,0.0592,5.6681,0.1848,0.0
1383,23.3213,canny_hough,pid,1,1,1,0.3,0.0,-244.656,,-160.0,-138.461,-1.0,LEFT,-4.0,0.0,-0.4014,67.5,100.0,31.488,11.8883,84.1165,0.4728,1.25,0.5114,1.3495,0.0558,5.3106,0.1747,0.0
1384,23.3329,canny_hough,pid,1,1,1,0.3,0.0,-244.656,,-160.0,-144.9227,-1.0,LEFT,-4.0,0.0,-0.2809,67.5,100.0,43.0477,11.3097,88.4193,0.5443,1.2363,0.473,1.1676,0.0522,5.837,0.1794,0.0
1385,23.3595,canny_hough,pid,1,1,1,0.15,0.0,-166.8333,,-160.0,-149.4459,-1.0,LEFT,-4.0,0.0,-0.1967,67.5,100.0,15.8508,11.3104,88.414,0.4599,3.9006,0.5426,1.2589,0.0544,3.125,0.1743,10.9747
1386,23.3655,canny_hough,pid,1,0,0,0.0,0.0,,,0.0,-104.6121,-1.0,HOLD,-4.0,0.0,-0.1967,67.5,100.0,12.9202,26.6402,37.5372,0.5196,0.7529,0.4537,1.1945,0.0554,0.9101,0.0095,0.0
1387,23.3715,canny_hough,pid,1,0,0,0.0,0.0,,,0.0,-73.2285,-1.0,HOLD,-4.0,0.0,-0.1967,67.5,100.0,18.8971,5.9006,169.4743,0.4605,1.1743,0.4721,1.0229,0.0543,0.877,0.0113,0.0
1388,23.3775,canny_hough,pid,1,0,0,0.0,0.0,,,0.0,-51.2599,-1.0,HOLD,-4.0,0.0,-0.1967,67.5,100.0,24.9295,5.9673,167.5796,0.445,0.7909,0.4812,1.3206,0.0544,0.9123,0.0111,0.0
1389,23.3991,canny_hough,pid,1,0,0,0.0,0.0,,,0.0,-35.882,-1.0,HOLD,-4.0,0.0,-0.1967,67.5,100.0,30.8816,6.2655,159.6045,0.4622,0.7514,0.454,1.3517,0.0512,0.7763,0.0099,9.933
1390,23.4055,canny_hough,pid,1,0,0,0.0,0.0,,,0.0,-25.1174,-1.0,HOLD,-4.0,0.0,-0.1967,67.5,100.0,15.0867,21.5058,46.499,0.4577,1.2127,0.447,1.224,0.0631,0.8203,0.0095,0.0
1391,23.4124,canny_hough,pid,1,0,0,0.0,0.0,,,0.0,-17.5822,-1.0,HOLD,-4.0,0.0,-0.1967,67.5,100.0,22.0402,6.3848,156.6218,0.4723,1.1916,0.533,1.6262,0.0603,0.8606,0.0118,0.0
1392,23.4225,canny_hough,pid,1,0,0,0.0,0.0,,,0.0,-12.3075,-1.0,HOLD,-4.0,0.0,-0.1967,67.5,100.0,32.1275,7.1543,139.7757,0.4812,1.4276,1.3828,3.4361,0.0426,0.9511,0.0107,0.0
1393,23.4457,canny_hough,pid,1,1,1,0.15,2.1429,-115.3571,,-157.8571,-55.9724,-1.0,LEFT,-3.9464,0.0,-0.0564,67.5,100.0,9.7987,9.8857,101.156,0.6834,1.2433,0.4591,1.4491,0.0541,2.596,0.1736,9.138
1394,23.4555,canny_hough,pid,1,1,1,0.15,2.1429,-115.3571,,-157.8571,-86.5378,-1.0,LEFT,-3.9464,0.0,-0.0395,67.5,100.0,34.2505,23.0992,43.2915,0.7413,0.938,1.0502,1.5744,0.1231,3.2481,0.1767,0.0
1395,23.4638,canny_hough,pid,1,1,1,0.15,2.1429,-115.3571,,-157.8571,-107.9336,-1.0,LEFT,-3.9464,0.0,-0.0276,67.5,100.0,42.5119,10.3643,96.485,0.481,0.7261,0.4521,1.3031,0.0582,2.6774,0.1782,0.0
1396,23.4752,canny_hough,pid,1,1,1,0.45,0.0,-236.9808,,-160.0,-123.5535,-1.0,LEFT,-4.0,0.0,-0.1208,67.5,100.0,17.8373,7.9237,126.204,0.5028,0.879,0.4696,1.5864,0.0584,5.7113,0.1786,0.0
1397,23.503,canny_hough,pid,1,1,1,0.45,0.0,-236.9808,,-160.0,-134.4875,-1.0,LEFT,-4.0,0.0,-0.0845,67.5,100.0,31.144,11.2294,89.0517,0.4608,1.2493,0.5316,2.6606,0.0441,5.82,0.1791,9.2193
1398,23.5141,canny_hough,pid,1,1,1,0.45,0.0,-240.9082,,-160.0,-142.1412,-1.0,LEFT,-4.0,0.0,-0.0592,67.5,100.0,29.4254,27.7076,36.0912,0.4487,1.2301,0.5267,1.0139,0.0547,5.8015,0.1778,0.0
1399,23.5266,canny_hough,pid,1,1,1,0.45,0.0,-240.9082,,-160.0,-147.4989,-1.0,LEFT,-4.0,0.0,-0.0414,67.5,100.0,42.0665,11.8479,84.403,0.4754,2.3964,0.5167,1.4743,0.0567,4.8795,0.1756,0.0
1400,23.5398,canny_hough,pid,1,0,0,0.0,0.0,,,0.0,-103.2492,-1.0,HOLD,-4.0,0.0,-0.0414,67.5,100.0,24.6418,11.9216,83.8813,0.4708,1.3275,0.4849,2.6983,0.0586,6.1267,0.0165,0.0
1401,23.5669,canny_hough,pid,1,0,0,0.0,0.0,,,0.0,-72.2744,-1.0,HOLD,-4.0,0.0,-0.0414,67.5,100.0,37.4881,13.418,74.5268,0.9329,1.8098,0.711,1.3198,0.0552,5.7659,0.0093,8.9387
1402,23.581,canny_hough,pid,1,0,0,0.0,0.0,,,0.0,-50.5921,-1.0,HOLD,-4.0,0.0,-0.0414,67.5,100.0,36.5658,26.8654,37.2225,0.4488,2.3994,0.4998,2.458,0.0463,6.3041,0.008,0.0
1403,23.5925,canny_hough,pid,1,0,0,0.0,0.0,,,0.0,-35.4145,-1.0,HOLD,-4.0,0.0,-0.0414,67.5,100.0,15.5221,14.0285,71.2835,0.4564,1.1598,0.453,1.2881,0.0561,6.1359,0.0103,0.0
1404,23.6047,canny_hough,pid,1,0,0,0.0,0.0,,,0.0,-24.7901,-1.0,HOLD,-4.0,0.0,-0.0414,67.5,100.0,27.724,11.4931,87.0089,0.458,1.2153,0.4925,1.3967,0.0708,6.5896,0.0191,0.0
1405,23.6356,canny_hough,pid,1,0,0,0.0,0.0,,,0.0,-17.3531,-1.0,HOLD,-4.0,0.0,-0.0414,67.5,100.0,42.164,12.5281,79.8205,0.4995,1.9399,0.5972,2.2209,0.0581,6.8079,0.0104,10.4599
1406,23.6504,canny_hough,pid,1,0,0,0.0,0.0,,,0.0,-12.1472,-1.0,HOLD,-4.0,0.0,-0.0414,67.5,100.0,36.0367,31.3149,31.9337,0.4781,1.3002,1.0178,1.664,0.0747,7.5424,0.0086,0.0
1407,23.664,canny_hough,pid,1,0,0,0.0,0.0,,,0.0,-8.503,-1.0,HOLD,-4.0,0.0,-0.0414,67.5,100.0,49.6452,14.1914,70.4652,0.4656,1.2803,0.4591,1.4419,0.0513,7.7597,0.0096,0.0
1408,23.6783,canny_hough,pid,1,0,0,0.0,0.0,,,0.0,-5.9521,-1.0,HOLD,-4.0,0.0,-0.0414,67.5,100.0,27.2088,13.5128,74.0041,0.5097,1.3052,0.5811,1.6169,0.0702,8.1529,0.0091,0.0
1409,23.7119,canny_hough,pid,1,0,0,0.0,0.0,,,0.0,-4.1665,-1.0,HOLD,-4.0,0.0,-0.0414,67.5,100.0,23.6104,14.2995,69.9326,0.4604,1.2158,0.5225,1.6141,0.0553,10.9488,0.0147,11.8817
1410,23.727,canny_hough,pid,1,1,1,0.6,196.9594,,314.4594,36.9594,8.1713,1.0,RIGHT,0.924,0.0,2.1615,100.0,67.5,15.3864,33.7184,29.6574,0.4678,1.1486,0.4788,1.3431,0.0512,9.4795,0.1714,0.0
1411,23.7447,canny_hough,pid,1,1,1,0.6,196.9594,,314.4594,36.9594,16.8077,1.0,RIGHT,0.924,0.0,1.513,100.0,67.5,33.1203,15.2147,65.7261,0.5003,1.4029,1.3562,1.9127,0.0411,10.0221,0.1784,0.0
1412,23.7592,canny_hough,pid,1,1,1,0.6,183.9299,,301.4299,23.9299,18.9444,1.0,RIGHT,0.5982,0.0,0.7774,100.0,67.5,25.3696,17.3442,57.6562,0.4492,0.7049,0.435,0.9461,0.0755,9.6182,0.1785,0.0
1413,23.7911,canny_hough,pid,1,1,1,0.6,183.9299,,301.4299,23.9299,20.44,1.0,RIGHT,0.5982,0.0,0.5442,100.0,67.5,41.829,15.0603,66.3996,0.7034,1.8693,0.5051,1.4724,0.0567,9.3511,0.175,9.7558
1414,23.8076,canny_hough,pid,1,1,1,0.6,155.2882,,272.7882,-4.7118,12.8945,-0.0805,LEFT,-0.1178,-0.0014,0.0387,67.7906,75.0358,44.4361,31.3818,31.8657,0.4814,1.2343,0.4734,3.2225,0.0495,8.9978,0.1668,0.0
1415,23.8243,canny_hough,pid,1,1,1,0.6,155.2882,,272.7882,-4.7118,7.6126,-0.0929,LEFT,-0.1178,-0.0022,0.0271,67.0668,75.4255,61.0866,17.4039,57.4584,0.469,1.9742,0.4883,2.8956,0.0832,7.9017,0.1605,0.0
1416,23.8387,canny_hough,pid,1,1,1,0.6,141.1783,,258.6783,-18.8217,-0.3177,-0.7906,LEFT,-0.4705,-0.0049,-0.3151,67.5,97.4041,29.5893,15.8388,63.136,0.8715,1.259,1.051,1.864,0.0474,7.3,0.1613,0.0
1417,23.8735,canny_hough,pid,1,1,1,0.6,191.7063,,309.2063,31.7063,9.2895,1.0,RIGHT,0.7927,-0.0049,1.1006,100.0,67.5,22.5703,14.3422,69.7241,0.4673,1.2232,0.502,1.7079,0.0543,11.187,0.1743,12.6295
1418,23.8881,canny_hough,pid,1,1,1,0.6,184.4466,,301.9466,24.4466,13.8366,1.0,RIGHT,0.6112,-0.0049,0.6924,100.0,67.5,22.8615,34.9149,28.6411,0.4484,1.0634,0.4754,1.6789,0.0589,8.7059,0.2615,0.0
1419,23.9038,canny_hough,pid,1,1,1,0.6,184.4466,,301.9466,24.4466,17.0196,1.0,RIGHT,0.6112,-0.0049,0.4847,100.0,67.5,38.5726,15.0612,66.3959,0.5407,1.5704,0.7717,1.7791,0.0472,8.4911,0.1719,0.0
1420,23.9184,canny_hough,pid,1,1,1,0.6,169.6693,,287.1693,9.6693,14.8145,0.2107,RIGHT,0.2417,-0.0036,-0.0275,79.1355,60.1769,24.8712,15.1083,66.189,0.5066,1.1665,0.6499,1.3656,0.053,8.9234,0.1627,0.0
1421,23.9499,canny_hough,pid,1,1,1,0.6,169.6693,,287.1693,9.6693,13.271,0.2203,RIGHT,0.2417,-0.0022,-0.0193,79.4398,59.6118,41.0514,15.5473,64.3198,0.4501,3.4986,0.4887,1.5038,0.0605,7.3206,0.1526,10.6296
1422,23.9653,canny_hough,pid,1,1,1,0.6,191.4714,,308.9714,31.4714,18.7311,1.0,RIGHT,0.7868,-0.0022,0.2463,100.0,67.5,41.1205,31.4712,31.7751,0.4796,1.2376,0.4761,1.4606,0.0523,8.7711,0.1847,0.0
1423,23.9801,canny_hough,pid,1,1,1,0.6,192.7055,,310.2055,32.7055,22.9234,1.0,RIGHT,0.8176,-0.0022,0.2042,100.0,67.5,28.8399,14.5553,68.7035,0.4517,1.1502,0.48,2.5624,0.0565,7.9145,0.3296,0.0
1424,23.9942,canny_hough,pid,1,1,1,0.6,192.7055,,310.2055,32.7055,25.858,0.9631,RIGHT,0.8176,0.0025,0.1429,100.0,67.5,42.971,15.1361,66.0673,0.5158,1.2938,0.7586,1.4502,0.0523,7.7063,0.1593,0.0
1425,24.0237,canny_hough,pid,1,0,0,0.0,0.0,,,0.0,18.1006,0.9631,HOLD,0.8176,0.0025,0.1429,100.0,67.5,24.0101,13.7706,72.6183,0.4542,1.1696,0.5441,1.5961,0.0581,7.573,0.0097,10.4454
1426,24.0405,canny_hough,pid,1,0,0,0.0,0.0,,,0.0,12.6704,0.9631,HOLD,0.8176,0.0025,0.1429,100.0,67.5,26.4939,29.6482,33.7288,0.5301,4.2276,0.5004,1.8638,0.0586,7.2917,0.0101,0.0
1427,24.0575,canny_hough,pid,1,0,0,0.0,0.0,,,0.0,8.8693,0.9631,HOLD,0.8176,0.0025,0.1429,100.0,67.5,43.5819,16.6982,59.8868,0.4776,2.4508,0.6078,2.8487,0.0573,8.2154,0.0093,0.0
1428,24.0715,canny_hough,pid,1,0,0,0.0,0.0,,,0.0,6.2085,0.9631,HOLD,0.8176,0.0025,0.1429,100.0,67.5,57.4826,17.4605,57.2721,0.4483,1.1552,0.5375,1.4209,0.0577,7.7228,0.0129,0.0
1429,24.0991,canny_hough,pid,1,0,0,0.0,0.0,,,0.0,4.346,0.9631,HOLD,0.8176,0.0025,0.1429,100.0,67.5,26.4629,13.961,71.6281,0.765,2.2114,0.4972,1.7588,0.0558,5.4085,0.0095,9.2001
1430,24.1117,canny_hough,pid,1,0,0,0.0,0.0,,,0.0,3.0422,0.9631,HOLD,0.8176,0.0025,0.1429,100.0,67.5,30.4345,27.2997,36.6304,0.4677,1.2612,0.5651,1.8908,0.0482,6.3395,0.0075,0.0
1431,24.1213,canny_hough,pid,1,0,0,0.0,0.0,,,0.0,2.1295,0.9631,HOLD,0.8176,0.0025,0.1429,100.0,67.5,13.6175,12.3922,80.6961,0.4313,0.9993,0.3928,1.3405,0.0536,4.5812,0.0082,0.0
1432,24.1319,canny_hough,pid,1,0,0,0.0,0.0,,,0.0,1.4907,0.9631,HOLD,0.8176,0.0025,0.1429,100.0,67.5,24.1778,9.4223,106.1313,0.3883,0.9849,0.3837,1.216,0.0488,5.9438,0.0092,0.0
1433,24.1566,canny_hough,pid,1,0,0,0.0,0.0,,,0.0,1.0435,0.9631,HOLD,0.8176,0.0025,0.1429,100.0,67.5,36.1215,11.6696,85.6929,0.7355,0.9076,0.6832,1.6812,0.0369,5.009,0.0086,8.5628
1434,24.167,canny_hough,pid,1,0,0,0.0,0.0,,,0.0,0.7304,0.9631,HOLD,0.8176,0.0025,0.1429,100.0,67.5,28.894,23.7961,42.0236,0.3949,1.0944,0.4879,1.4593,0.0701,4.961,0.0083,0.0
1435,24.1778,canny_hough,pid,1,0,0,0.0,0.0,,,0.0,0.5113,0.9631,HOLD,0.8176,0.0025,0.1429,100.0,67.5,39.6612,10.3723,96.4109,0.3828,1.52,0.6693,1.7744,0.0715,4.434,0.0127,0.0
1436,24.1879,canny_hough,pid,1,0,0,0.0,0.0,,,0.0,0.3579,0.9631,HOLD,0.8176,0.0025,0.1429,100.0,67.5,49.7766,11.0919,90.156,0.5457,1.0855,0.4764,1.4954,0.0588,4.3455,0.0087,0.0
1437,24.2167,canny_hough,pid,1,1,1,0.6,5.6873,-111.8127,,-154.3127,-46.0433,-1.0,LEFT,-3.8578,0.0025,-7.0731,67.5,100.0,20.6708,9.7769,102.2817,0.4342,3.0637,0.449,1.7646,0.0507,5.0936,0.1479,10.2355
1438,24.2298,canny_hough,pid,1,1,1,0.6,49.3374,-68.1626,,-110.6626,-65.4291,-1.0,LEFT,-2.7666,0.0025,-4.3876,67.5,100.0,25.6594,29.0423,34.4326,0.4345,1.1335,0.433,1.7716,0.0537,6.9955,0.1911,0.0
1439,24.2473,canny_hough,pid,1,1,1,0.6,49.3374,-68.1626,,-110.6626,-78.9991,-1.0,LEFT,-2.7666,0.0025,-3.0713,67.5,100.0,43.1409,12.9478,77.233,0.4901,1.2731,0.5609,5.895,0.0694,7.0759,0.1877,0.0
1440,24.2605,canny_hough,pid,1,1,1,0.6,49.3374,-68.1626,,-110.6626,-88.4982,-1.0,LEFT,-2.7666,0.0025,-2.1499,67.5,100.0,56.3739,18.1012,55.2449,0.764,1.1915,0.4756,1.3189,0.0687,6.6025,0.1773,0.0
1441,24.2909,canny_hough,pid,1,1,1,0.6,80.8851,-36.6149,,-79.1149,-85.6832,-1.0,LEFT,-1.9779,0.0025,-0.5789,67.5,100.0,26.2185,12.775,78.278,0.4513,1.1709,0.51,2.8722,0.054,7.4212,0.1719,9.5266
1442,24.3071,canny_hough,pid,1,1,1,0.6,121.7939,4.2939,,-38.2061,-71.4401,-0.8615,LEFT,-0.9552,-0.0084,0.102,67.5,99.6377,37.8657,30.245,33.0633,0.4529,1.8637,0.5247,1.4301,0.0634,9.0788,0.1528,0.0
1443,24.3227,canny_hough,pid,1,1,0,0.25,160.7514,20.5028,301.0,0.7514,-49.7826,0.9786,RIGHT,0.0188,-0.0082,0.9681,100.0,67.5,21.9576,16.2926,61.3777,0.4502,1.1958,0.47,1.5059,0.0556,9.8274,0.1708,0.0
1444,24.3389,canny_hough,pid,1,1,0,0.25,160.7514,20.5028,301.0,0.7514,-34.6224,0.6883,RIGHT,0.0188,-0.0081,0.6777,94.1814,67.5,38.1207,15.7617,63.4448,0.4911,1.3151,0.4895,1.6367,0.0822,9.878,0.1483,0.0
1445,24.3697,canny_hough,pid,1,1,0,0.25,160.7514,20.5028,301.0,0.7514,-24.0103,0.4851,RIGHT,0.0188,-0.008,0.4744,87.7812,55.8794,52.9975,16.2301,61.6139,0.4676,1.2239,0.4632,1.2624,0.0535,9.0466,0.172,11.9149
1446,24.3819,canny_hough,pid,1,1,0,0.25,92.6834,-64.7998,250.1667,-67.3166,-37.0022,-1.0,LEFT,-1.6829,-0.008,-0.507,67.5,100.0,19.1895,30.422,32.8709,0.4474,1.1174,0.4548,1.7605,0.0529,6.1973,0.2406,0.0
1447,24.3961,canny_hough,pid,1,1,0,0.25,92.6834,-64.7998,250.1667,-67.3166,-46.0965,-1.0,LEFT,-1.6829,-0.008,-0.3549,67.5,100.0,33.5993,12.6722,78.9128,0.4508,2.4704,0.7438,1.3735,0.0549,6.713,0.1865,0.0
1448,24.4087,canny_hough,pid,1,1,1,0.6,118.2606,-6.0659,,-41.7394,-44.7894,-0.6156,LEFT,-1.0435,-0.0135,0.4413,63.5154,91.8929,17.9323,13.9061,71.9109,0.4707,1.2015,0.477,1.4668,0.1129,6.7918,0.1504,0.0
1449,24.4384,canny_hough,pid,1,1,1,0.6,118.2606,-6.0659,,-41.7394,-43.8744,-0.7531,LEFT,-1.0435,-0.0185,0.3089,67.5,96.2219,31.4639,12.8725,77.6848,0.4591,1.175,0.4734,1.7195,0.0519,7.2019,0.163,10.1674
1450,24.4521,canny_hough,pid,1,1,1,0.6,110.3923,-13.9343,,-49.6077,-45.5944,-1.0,LEFT,-1.2402,-0.0185,0.1157,67.5,100.0,18.728,29.3591,34.0609,0.4563,1.3164,0.5017,1.3089,0.0501,7.9285,0.1794,0.0
1451,24.4747,canny_hough,pid,1,1,1,0.6,110.3923,-13.9343,,-49.6077,-46.7984,-1.0,LEFT,-1.2402,-0.0185,0.081,67.5,100.0,41.3639,14.0339,71.2563,0.5957,2.4035,0.6032,1.2708,0.0554,15.2355,0.1936,0.0
1452,24.4902,canny_hough,pid,1,1,0,0.25,131.8941,23.4197,240.3684,-28.1059,-41.1906,-0.3109,LEFT,-0.7026,-0.0244,0.4161,54.3114,82.2938,34.4754,22.433,44.5772,0.4547,1.1814,0.4862,1.8869,0.0534,9.2661,0.1516,0.0
1453,24.5248,canny_hough,pid,1,1,0,0.25,131.8941,23.4197,240.3684,-28.1059,-37.2652,-0.4398,LEFT,-0.7026,-0.0284,0.2913,53.2276,86.3533,50.3342,15.2925,65.3914,0.4534,1.1921,0.583,1.7003,0.0579,9.8361,0.1666,13.6506
1454,24.5383,canny_hough,pid,1,1,1,0.6,111.6377,-11.1432,,-48.3623,-40.5943,-1.0,LEFT,-1.2091,-0.0284,-0.0158,67.5,100.0,20.6664,34.5787,28.9195,0.4479,0.8396,0.4949,2.0146,0.0798,7.5697,0.1729,0.0
1455,24.5594,canny_hough,pid,1,1,1,0.6,111.6377,-11.1432,,-48.3623,-42.9247,-1.0,LEFT,-1.2091,-0.0284,-0.011,67.5,100.0,41.782,13.4907,74.1252,0.4907,0.8602,0.6704,1.064,0.0587,15.9359,0.2007,0.0
1456,24.5722,canny_hough,pid,1,1,1,0.6,119.0964,-3.6846,,-40.9036,-42.3184,-0.935,LEFT,-1.0226,-0.0366,0.1242,67.5,100.0,25.746,21.2017,47.166,0.605,1.1908,0.4834,1.3279,0.0703,6.9534,0.17,0.0
1457,24.5975,canny_hough,pid,1,1,1,0.6,119.0964,-3.6846,,-40.9036,-41.894,-0.9772,LEFT,-1.0226,-0.0415,0.0869,67.5,100.0,38.4645,12.921,77.3936,0.4639,1.1821,0.4985,1.5947,0.0623,6.7024,0.1587,8.8524
1458,24.6098,canny_hough,pid,1,1,1,0.6,104.3757,-18.4052,,-55.6243,-46.0131,-1.0,LEFT,-1.3906,-0.0415,-0.1583,67.5,100.0,28.8489,25.1829,39.7094,0.4656,1.1692,0.5237,1.2165,0.0637,6.4884,0.3753,0.0
1459,24.6233,canny_hough,pid,1,1,1,0.6,104.3757,-18.4052,,-55.6243,-48.8964,-1.0,LEFT,-1.3906,-0.0415,-0.1108,67.5,100.0,42.349,12.5037,79.9761,0.5493,1.9043,0.8218,1.718,0.056,6.2059,0.1728,0.0
1460,24.641,canny_hough,pid,1,1,1,0.6,98.9238,-23.8571,,-61.0762,-52.5504,-1.0,LEFT,-1.5269,-0.0415,-0.2329,67.5,100.0,26.3095,13.1674,75.945,5.0053,1.3776,0.5465,1.5784,0.0643,6.9201,0.1847,0.0
1461,24.6728,canny_hough,pid,1,1,1,0.6,98.9238,-23.8571,,-61.0762,-55.1081,-1.0,LEFT,-1.5269,-0.0415,-0.163,67.5,100.0,41.938,18.3078,54.6215,0.477,1.2223,0.4757,1.4326,0.0539,9.2772,0.2053,10.1733
1462,24.6836,canny_hough,pid,1,1,1,0.45,80.8177,-41.9633,,-79.1823,-62.3304,-1.0,LEFT,-1.9796,-0.0415,-0.3281,67.5,100.0,25.4153,31.7256,31.5202,0.46,1.1915,0.4342,1.4469,0.0436,4.7751,0.1792,0.0
1463,24.6963,canny_hough,pid,1,0,0,0.0,0.0,,,0.0,-43.6313,-1.0,HOLD,-1.9796,-0.0415,-0.3281,67.5,100.0,18.9417,10.1791,98.24,0.5094,1.2178,0.5354,2.1037,0.1381,6.3655,0.0098,0.0
1464,24.7105,canny_hough,pid,1,0,0,0.0,0.0,,,0.0,-30.5419,-1.0,HOLD,-1.9796,-0.0415,-0.3281,67.5,100.0,33.1497,12.8791,77.6449,0.4988,2.722,0.8594,2.4087,0.0392,5.8408,0.0089,0.0
1465,24.7448,canny_hough,pid,1,1,0,0.25,24.7449,-88.85,138.3398,-135.2551,-61.9558,-1.0,LEFT,-3.3814,-0.0415,-1.7225,67.5,100.0,20.373,14.0853,70.9962,0.4499,2.2341,0.687,1.578,0.0606,6.5567,0.2566,15.0921
1466,24.7549,canny_hough,pid,1,1,1,0.45,319.0,,449.1599,159.0,4.3309,1.0,RIGHT,3.975,-0.0415,1.982,100.0,67.5,20.378,34.6157,28.8886,0.4629,1.183,0.5129,1.5528,0.0582,3.955,0.1838,0.0
1467,24.7653,canny_hough,pid,1,1,1,0.45,319.0,,449.1599,159.0,50.7316,1.0,RIGHT,3.975,-0.0415,1.3874,100.0,67.5,30.8341,9.955,100.4516,0.4559,1.4235,0.5335,1.7078,0.0556,4.0666,0.187,0.0
1468,24.7777,canny_hough,pid,1,1,1,0.45,319.0,,449.1599,159.0,83.2121,1.0,RIGHT,3.975,-0.0415,0.9712,100.0,67.5,43.2496,10.6496,93.9006,0.7926,1.3587,1.4326,2.5667,0.0485,3.7217,0.1932,0.0
1469,24.8038,canny_hough,pid,1,1,1,0.6,290.4385,,412.7601,130.4385,97.38,1.0,RIGHT,3.261,-0.0415,-0.217,100.0,67.5,17.2431,11.9423,83.7357,0.4566,1.1333,0.438,1.7502,0.054,4.4392,0.1968,11.9834
1470,24.8154,canny_hough,pid,1,1,1,0.6,265.7405,,388.0622,105.7405,99.8882,1.0,RIGHT,2.6435,-0.0415,-0.5047,100.0,67.5,15.8337,26.254,38.0894,0.5133,1.1501,0.476,0.9488,0.0516,6.4015,0.1749,0.0
1471,24.828,canny_hough,pid,1,1,1,0.6,265.7405,,388.0622,105.7405,101.6439,1.0,RIGHT,2.6435,-0.0415,-0.3533,100.0,67.5,28.4191,11.5287,86.74,0.4621,1.1418,0.475,1.557,0.0549,6.8375,0.2015,0.0
1472,24.8413,canny_hough,pid,1,1,1,0.6,265.7405,,388.0622,105.7405,102.8729,1.0,RIGHT,2.6435,-0.0415,-0.2473,100.0,67.5,41.7615,13.6857,73.0688,0.5171,1.4998,0.5,1.1593,0.0605,6.3907,0.1756,0.0
1473,24.8685,canny_hough,pid,1,1,1,0.6,263.159,,385.4806,103.159,102.9587,1.0,RIGHT,2.579,-0.0415,-0.2526,100.0,67.5,21.8148,12.1727,82.151,0.4567,0.7338,0.4452,1.3315,0.0574,7.4325,0.1942,9.1227
1474,24.8838,canny_hough,pid,1,1,1,0.6,263.159,,385.4806,103.159,103.0188,1.0,RIGHT,2.579,-0.0415,-0.1768,100.0,67.5,51.8402,27.6525,36.1631,0.466,1.4957,0.6963,1.3794,0.0624,8.2533,0.2314,0.0
1475,24.8945,canny_hough,pid,1,1,1,0.6,284.6949,,407.0166,124.6949,109.5216,1.0,RIGHT,3.1174,-0.0415,0.4192,100.0,67.5,18.2857,14.8739,67.2317,0.512,0.7464,0.4664,1.2214,0.0734,5.6332,0.1959,0.0
1476,24.9069,canny_hough,pid,1,1,1,0.6,153.4065,,275.7282,-6.5935,74.6871,-1.0,LEFT,-0.1648,-0.0415,-4.292,67.5,100.0,15.4465,10.7368,93.1377,0.4553,1.2133,0.4846,1.1441,0.0736,6.8735,0.2124,0.0
1477,24.9412,canny_hough,pid,1,1,1,0.6,153.4065,,275.7282,-6.5935,50.3029,-1.0,LEFT,-0.1648,-0.0415,-3.0044,67.5,100.0,34.494,12.3681,80.8531,0.4603,3.5409,0.538,4.8768,0.0582,7.5637,0.1869,9.738
1478,24.9527,canny_hough,pid,1,1,1,0.15,119.4931,-2.8286,,-40.5069,23.06,-1.0,LEFT,-1.0127,-0.0415,-2.473,67.5,100.0,29.9156,34.3807,29.0861,0.4543,1.2181,0.4638,2.3521,0.0527,4.9994,0.176,0.0
1479,24.9669,canny_hough,pid,1,1,1,0.15,119.4931,-2.8286,,-40.5069,3.9899,-1.0,LEFT,-1.0127,-0.0415,-1.7311,67.5,100.0,44.1025,11.5167,86.8306,0.4521,3.4665,0.5115,2.2701,0.0449,5.2046,0.1717,0.0
1480,24.9801,canny_hough,pid,1,1,0,0.75,164.5821,6.7384,322.4258,4.5821,4.1676,0.0293,STRAIGHT,0.1146,-0.0409,-0.0443,73.4244,70.7833,17.3617,14.4829,69.0469,0.4997,0.8319,0.4509,0.9334,0.0608,8.0518,0.1582,0.0
1481,25.0129,canny_hough,pid,1,1,0,0.75,164.5821,6.7384,322.4258,4.5821,4.2919,0.0432,STRAIGHT,0.1146,-0.0403,-0.031,73.8607,69.9729,36.3142,13.1066,76.2972,0.7841,5.5784,0.5126,1.5677,0.054,8.1825,0.15,9.6466
1482,25.0245,canny_hough,pid,1,1,1,0.45,130.1673,4.3823,,-29.8327,-5.9455,-1.0,LEFT,-0.7458,-0.0403,-0.4153,67.5,100.0,37.7517,32.7854,30.5014,0.8434,2.6041,0.5438,1.4337,0.0551,3.9278,0.1705,0.0
1483,25.0345,canny_hough,pid,1,1,1,0.15,128.0651,2.28,,-31.9349,-13.7423,-1.0,LEFT,-0.7984,-0.0403,-0.3603,67.5,100.0,16.4793,11.3264,88.2892,0.4521,1.2723,0.4418,1.4818,0.0528,4.399,0.1911,0.0
1484,25.0456,canny_hough,pid,1,1,1,0.15,128.0651,2.28,,-31.9349,-19.2001,-1.0,LEFT,-0.7984,-0.0403,-0.2522,67.5,100.0,27.5533,9.9591,100.4107,0.4466,1.1997,0.4947,2.611,0.0543,4.3151,0.2367,0.0
1485,25.0714,canny_hough,pid,1,1,1,0.15,128.0651,2.28,,-31.9349,-23.0206,-1.0,LEFT,-0.7984,-0.0403,-0.1766,67.5,100.0,38.4142,11.5591,86.5122,0.5339,0.8775,1.3994,1.4342,0.0422,4.2272,0.1933,9.0631
1486,25.0796,canny_hough,pid,1,0,0,0.0,0.0,,,0.0,-16.1144,-1.0,HOLD,-0.7984,-0.0403,-0.1766,67.5,100.0,28.9054,25.444,39.302,0.4551,1.628,0.4871,1.3074,0.0603,2.2175,0.0092,0.0
1487,25.0901,canny_hough,pid,1,0,0,0.0,0.0,,,0.0,-11.2801,-1.0,HOLD,-0.7984,-0.0403,-0.1766,67.5,100.0,39.4615,8.4381,118.5094,0.5704,1.2523,0.5468,3.8153,0.0512,2.0643,0.0103,0.0
1488,25.1007,canny_hough,pid,1,1,1,0.15,319.0,,611.6875,159.0,39.8039,1.0,RIGHT,3.975,-0.0403,6.7691,100.0,67.5,14.0016,10.3879,96.2654,0.4863,1.2599,0.4855,1.4653,0.1064,4.3577,0.1803,0.0
1489,25.1278,canny_hough,pid,1,1,1,0.15,319.0,,611.6875,159.0,75.5628,1.0,RIGHT,3.975,-0.0403,4.7383,100.0,67.5,24.0594,10.6501,93.8956,0.4611,1.1905,0.6193,1.4647,0.0574,3.9883,0.172,11.7645
1490,25.1365,canny_hough,pid,1,0,0,0.0,0.0,,,0.0,52.8939,1.0,HOLD,3.975,-0.0403,4.7383,100.0,67.5,14.6193,26.8726,37.2127,0.5272,1.1899,0.4623,1.5184,0.0639,3.025,0.009,0.0
1491,25.1479,canny_hough,pid,1,0,0,0.0,0.0,,,0.0,37.0258,1.0,HOLD,3.975,-0.0403,4.7383,100.0,67.5,26.0046,9.0433,110.5786,0.4511,3.2341,0.5342,1.7538,0.0826,2.9556,0.0108,0.0
1492,25.1568,canny_hough,pid,1,0,0,0.0,0.0,,,0.0,25.918,1.0,HOLD,3.975,-0.0403,4.7383,100.0,67.5,34.9148,11.667,85.712,0.6957,1.0314,0.4846,1.0341,0.0776,2.9674,0.0111,0.0
1493,25.1818,canny_hough,pid,1,0,0,0.0,0.0,,,0.0,18.1426,1.0,HOLD,3.975,-0.0403,4.7383,100.0,67.5,16.1026,8.5501,116.9574,0.4877,1.1977,0.4872,1.4396,0.0565,3.9307,0.0111,11.033
1494,25.1919,canny_hough,pid,1,1,1,0.6,319.0,,546.2456,159.0,60.3998,1.0,RIGHT,3.975,-0.0403,3.3168,100.0,67.5,18.8319,24.8349,40.2659,0.4776,1.1872,0.5845,1.4108,0.0578,4.3424,0.1802,0.0
1495,25.2034,canny_hough,pid,1,1,1,0.6,319.0,,546.2456,159.0,89.9799,1.0,RIGHT,3.975,-0.0403,2.3218,100.0,67.5,30.2588,9.9524,100.4784,0.5108,1.1426,0.4802,3.1885,0.0527,4.1944,0.191,0.0
1496,25.2154,canny_hough,pid,1,1,1,0.6,319.0,,546.2456,159.0,110.6859,1.0,RIGHT,3.975,-0.0403,1.6253,100.0,67.5,42.3244,11.7598,85.0355,0.6628,1.2995,0.4664,3.0318,0.0455,4.1577,0.4035,0.0
1497,25.2406,canny_hough,pid,1,0,0,0.0,0.0,,,0.0,77.4801,1.0,HOLD,3.975,-0.0403,1.6253,100.0,67.5,15.5674,11.8467,84.4116,0.4563,1.1915,0.4419,1.629,0.06,3.4195,0.0092,10.1604
1498,25.2518,canny_hough,pid,1,0,0,0.0,0.0,,,0.0,54.2361,1.0,HOLD,3.975,-0.0403,1.6253,100.0,67.5,42.8528,26.4577,37.7962,0.7562,1.1937,0.56,1.547,0.0571,3.8323,0.0084,0.0
1499,25.2598,canny_hough,pid,1,0,0,0.0,0.0,,,0.0,37.9653,1.0,HOLD,3.975,-0.0403,1.6253,100.0,67.5,16.5627,9.9584,100.418,0.5246,1.2212,0.4859,1.373,0.0654,2.0634,0.0136,0.0
1500,25.2683,canny_hough,pid,1,0,0,0.0,0.0,,,0.0,26.5757,1.0,HOLD,3.975,-0.0403,1.6253,100.0,67.5,25.2283,8.0449,124.3028,0.5665,1.2715,0.5148,1.9494,0.0737,2.0607,0.0102,0.0
1501,25.2921,canny_hough,pid,1,0,0,0.0,0.0,,,0.0,18.603,1.0,HOLD,3.975,-0.0403,1.6253,100.0,67.5,34.3318,9.0408,110.6098,0.5771,1.3501,0.4842,2.0869,0.054,1.8217,0.012,9.2271
1502,25.304,canny_hough,pid,1,1,1,0.3,104.43,-21.3551,,-55.57,-3.6489,-1.0,LEFT,-1.3893,-0.0403,-2.2841,67.5,100.0,24.5073,23.5152,42.5257,0.658,1.8746,0.5447,2.8416,0.0403,3.6197,0.1785,0.0
1503,25.3141,canny_hough,pid,1,1,1,0.3,104.43,-21.3551,,-55.57,-19.2252,-1.0,LEFT,-1.3893,-0.0403,-1.5989,67.5,100.0,34.6104,11.7216,85.3125,0.7632,1.1445,0.4314,1.8459,0.0905,3.4467,0.1711,0.0
1504,25.3311,canny_hough,pid,1,1,1,0.45,123.8181,-1.9669,,-36.1819,-24.3122,-1.0,LEFT,-0.9045,-0.0403,-0.3801,67.5,100.0,25.7227,9.837,101.6568,0.4434,4.7404,0.5615,5.1591,0.0633,4.1574,0.1832,0.0
1505,25.3566,canny_hough,pid,1,1,1,0.45,123.8181,-1.9669,,-36.1819,-27.8731,-1.0,LEFT,-0.9045,-0.0403,-0.2661,67.5,100.0,36.9051,17.4103,57.4373,0.5636,1.4774,0.6353,1.8448,0.0524,4.0766,0.1767,9.1083
1506,25.3694,canny_hough,pid,1,1,1,0.6,133.3672,7.5821,,-26.6328,-27.501,-0.7586,LEFT,-0.6658,-0.0467,-0.0461,67.5,96.3962,32.1064,25.5441,39.148,0.9165,1.411,0.9099,2.485,0.0408,4.4462,0.1491,0.0
1507,25.3829,canny_hough,pid,1,0,0,0.0,0.0,,,0.0,-19.2507,-0.7586,HOLD,-0.6658,-0.0467,-0.0461,67.5,96.3962,18.9082,12.3726,80.8238,0.4538,1.1366,0.4426,1.3732,0.0561,8.1969,0.0096,0.0
1508,25.3963,canny_hough,pid,1,0,0,0.0,0.0,,,0.0,-13.4755,-0.7586,HOLD,-0.6658,-0.0467,-0.0461,67.5,96.3962,32.2882,13.7084,72.9477,0.4858,0.9905,0.4675,1.0029,0.0815,8.1466,0.0091,0.0
1509,25.4267,canny_hough,pid,1,0,0,0.0,0.0,,,0.0,-9.4329,-0.7586,HOLD,-0.6658,-0.0467,-0.0461,67.5,96.3962,46.1697,13.7006,72.9893,0.4732,0.7575,0.4784,1.6383,0.0606,8.1276,0.0099,10.5934
1510,25.4422,canny_hough,pid,1,1,1,0.6,179.8695,41.6629,,19.8695,-0.6422,0.9972,RIGHT,0.4967,-0.0411,0.5415,100.0,67.5,45.1144,30.3936,32.9016,1.1827,3.4735,0.8961,1.7981,0.0469,5.6742,0.1571,0.0
1511,25.4546,canny_hough,pid,1,1,1,0.6,179.8695,41.6629,,19.8695,5.5113,0.8376,RIGHT,0.4967,-0.0382,0.3791,98.8829,67.5,57.4665,15.1543,65.9877,0.4554,1.2504,0.458,1.6809,0.0533,6.2867,0.2083,0.0
1512,25.4672,canny_hough,pid,1,1,1,0.6,160.389,22.1825,,0.389,3.9746,-0.3392,LEFT,0.0097,-0.0382,-0.3108,52.6552,83.1856,24.3709,12.6804,78.8619,0.5844,1.4417,0.5005,2.9396,0.0507,4.7039,0.1565,0.0
1513,25.4927,canny_hough,pid,1,1,1,0.6,144.8196,6.6131,,-15.1804,-1.7719,-1.0,LEFT,-0.3795,-0.0382,-0.6944,67.5,100.0,13.9354,12.244,81.6723,0.4869,1.3334,0.4636,1.2959,0.0535,4.5213,0.2087,9.5207
1514,25.5071,canny_hough,pid,1,1,1,0.6,249.5774,,387.7839,89.5774,25.6329,1.0,RIGHT,2.2394,-0.0382,1.047,100.0,67.5,14.6084,25.6242,39.0257,0.4613,1.3383,0.5147,2.9352,0.0587,6.9455,0.1781,0.0
1515,25.5224,canny_hough,pid,1,1,1,0.6,249.5774,,387.7839,89.5774,44.8162,1.0,RIGHT,2.2394,-0.0382,0.7329,100.0,67.5,29.9211,14.4033,69.4284,0.4566,1.3981,0.5544,2.9661,0.0698,7.6951,0.1845,0.0
1516,25.5367,canny_hough,pid,1,0,0,0.0,0.0,,,0.0,31.3714,1.0,HOLD,2.2394,-0.0382,0.7329,100.0,67.5,17.0995,15.0261,66.551,0.439,1.8093,0.4955,2.7713,0.0524,6.823,0.0086,0.0
1517,25.5646,canny_hough,pid,1,0,0,0.0,0.0,,,0.0,21.96,1.0,HOLD,2.2394,-0.0382,0.7329,100.0,67.5,30.6965,14.4131,69.3812,0.4471,1.6377,0.4709,1.5685,0.0685,7.4909,0.0096,10.2486
1518,25.5709,canny_hough,pid,1,0,0,0.0,0.0,,,0.0,15.372,1.0,HOLD,2.2394,-0.0382,0.7329,100.0,67.5,16.1302,27.9967,35.7185,0.4609,1.1501,0.4632,1.3443,0.0556,0.8099,0.0118,0.0
1519,25.578,canny_hough,pid,1,0,0,0.0,0.0,,,0.0,10.7604,1.0,HOLD,2.2394,-0.0382,0.7329,100.0,67.5,23.1475,6.5056,153.7141,0.4919,1.2602,0.4863,1.4332,0.0556,0.9201,0.0127,0.0
1520,25.5856,canny_hough,pid,1,0,0,0.0,0.0,,,0.0,7.5323,1.0,HOLD,2.2394,-0.0382,0.7329,100.0,67.5,30.7754,6.8972,144.9855,0.6149,1.2876,0.5258,2.0169,0.0435,0.7811,0.0098,0.0
1521,25.6082,canny_hough,pid,1,1,1,0.15,116.0288,-28.5217,,-43.9712,-7.9188,-1.0,LEFT,-1.0993,-0.0382,-6.2514,67.5,100.0,9.5975,7.4035,135.0706,0.4506,1.2509,0.4751,1.2089,0.0495,2.5498,0.179,8.8669
1522,25.6182,canny_hough,pid,1,1,1,0.15,116.0288,-28.5217,,-43.9712,-18.7345,-1.0,LEFT,-1.0993,-0.0382,-4.376,67.5,100.0,34.2597,22.8852,43.6964,0.4575,1.4333,1.0212,1.8686,0.0448,2.9611,0.1795,0.0
1523,25.6248,canny_hough,pid,1,0,0,0.0,0.0,,,0.0,-13.1142,-1.0,HOLD,-1.0993,-0.0382,-4.376,67.5,100.0,8.8555,9.7873,102.1729,0.4585,1.1562,0.6498,1.4024,0.0518,0.9835,0.0106,0.0
1524,25.6311,canny_hough,pid,1,0,0,0.0,0.0,,,0.0,-9.1799,-1.0,HOLD,-1.0993,-0.0382,-4.376,67.5,100.0,15.1833,6.6184,151.0928,0.4551,1.1326,0.4413,1.173,0.0641,1.0511,0.0113,0.0
1525,25.6543,canny_hough,pid,1,0,0,0.0,0.0,,,0.0,-6.4259,-1.0,HOLD,-1.0993,-0.0382,-4.376,67.5,100.0,22.4949,6.5391,152.9256,0.4872,1.2761,0.4833,1.4238,0.0506,1.3351,0.0122,9.7809
1526,25.6619,canny_hough,pid,1,0,0,0.0,0.0,,,0.0,-4.4982,-1.0,HOLD,-1.0993,-0.0382,-4.376,67.5,100.0,45.9482,23.7718,42.0666,0.4802,1.2244,0.4673,1.3258,0.0592,1.2629,0.0094,0.0
1527,25.6729,canny_hough,pid,1,1,1,0.6,142.6554,-1.8952,,-17.3446,-8.3521,-1.0,LEFT,-0.4336,-0.0382,-1.615,67.5,100.0,17.1843,6.8946,145.0413,0.4659,1.1847,0.5512,1.8145,0.0706,4.7926,0.18,0.0
1528,25.6842,canny_hough,pid,1,1,1,0.6,142.6554,-1.8952,,-17.3446,-11.0499,-1.0,LEFT,-0.4336,-0.0382,-1.1305,67.5,100.0,28.4924,11.9758,83.5019,0.7542,1.3902,0.6423,1.212,0.0532,4.2075,0.173,0.0
1529,25.7093,canny_hough,pid,1,1,1,0.45,145.5797,1.0292,,-14.4203,-12.061,-1.0,LEFT,-0.3605,-0.0382,-0.6845,67.5,100.0,16.8101,10.2676,97.3934,0.4678,1.2664,0.4959,1.7677,0.0578,4.1286,0.1908,10.6535
1530,25.7217,canny_hough,pid,1,1,1,0.45,145.5797,1.0292,,-14.4203,-12.7688,-0.8816,LEFT,-0.3605,-0.0419,-0.4792,67.5,100.0,44.1231,27.3981,36.4988,0.6064,1.3791,0.5047,1.325,0.09,4.1815,0.1575,0.0
1531,25.7333,canny_hough,pid,1,0,0,0.0,0.0,,,0.0,-8.9382,-0.8816,HOLD,-0.3605,-0.0419,-0.4792,67.5,100.0,21.6104,10.0258,99.7425,0.4502,1.1593,0.4991,1.5178,0.0523,6.1105,0.0086,0.0
1532,25.749,canny_hough,pid,1,0,0,0.0,0.0,,,0.0,-6.2567,-0.8816,HOLD,-0.3605,-0.0419,-0.4792,67.5,100.0,37.2532,11.5945,86.2479,0.4537,1.1808,0.6126,4.9399,0.043,6.6352,0.0097,0.0
1533,25.7728,canny_hough,pid,1,0,0,0.0,0.0,,,0.0,-4.3797,-0.8816,HOLD,-0.3605,-0.0419,-0.4792,67.5,100.0,15.9481,15.8369,63.1435,0.4805,1.2122,0.518,1.7479,0.061,2.1016,0.0117,9.9821
1534,25.7817,canny_hough,pid,1,0,0,0.0,0.0,,,0.0,-3.0658,-0.8816,HOLD,-0.3605,-0.0419,-0.4792,67.5,100.0,40.3153,24.304,41.1455,0.7583,1.1832,0.4871,1.6407,0.0582,2.0559,0.0096,0.0
1535,25.7974,canny_hough,pid,1,1,1,0.6,165.297,,315.1892,5.297,-0.557,0.6134,RIGHT,0.1324,-0.0415,0.5225,91.8226,63.3848,22.7592,8.619,116.0231,0.5007,1.1881,0.511,3.8727,0.0507,7.2483,0.1572,0.0
1536,25.8132,canny_hough,pid,1,1,1,0.6,165.297,,315.1892,5.297,1.1992,0.4574,RIGHT,0.1324,-0.0407,0.3657,86.9095,54.2606,38.5373,15.4444,64.7482,0.4581,2.2053,0.6809,2.5616,0.0541,7.6569,0.1548,0.0
1537,25.8415,canny_hough,pid,1,1,1,0.6,130.8735,,280.7657,-29.1265,-7.8985,-1.0,LEFT,-0.7282,-0.0407,-0.5698,67.5,100.0,21.0581,15.632,63.9714,0.6183,1.2576,0.4988,1.3287,0.0521,8.209,0.1793,10.4495
1538,25.8527,canny_hough,pid,1,1,1,0.45,115.9661,,265.8583,-44.0339,-18.7391,-1.0,LEFT,-1.1008,-0.0407,-0.5942,67.5,100.0,11.3806,28.6124,34.9499,0.4853,0.7302,0.4432,1.3397,0.0593,5.9084,0.1786,0.0
1539,25.8653,canny_hough,pid,1,1,1,0.45,115.9661,,265.8583,-44.0339,-26.3275,-1.0,LEFT,-1.1008,-0.0407,-0.416,67.5,100.0,23.9709,11.0288,90.672,0.4599,1.3105,0.528,1.522,0.058,6.5954,0.1879,0.0
1540,25.8766,canny_hough,pid,1,1,1,0.45,115.9661,,265.8583,-44.0339,-31.6394,-1.0,LEFT,-1.1008,-0.0407,-0.2912,67.5,100.0,35.3466,12.8715,77.6908,0.7377,0.7701,0.4667,1.3785,0.0584,5.6627,0.1715,0.0
1541,25.9065,canny_hough,pid,1,1,1,0.6,82.1576,,232.0498,-77.8424,-45.5003,-1.0,LEFT,-1.9461,-0.0407,-1.3601,67.5,100.0,24.2568,10.9643,91.2052,0.4533,1.1579,0.5192,1.5264,0.0631,8.7401,0.1896,9.1049
1542,25.9206,canny_hough,pid,1,1,1,0.6,84.425,,234.3172,-75.575,-54.5227,-1.0,LEFT,-1.8894,-0.0407,-0.9237,67.5,100.0,25.738,29.9231,33.419,0.4539,2.1632,0.465,1.3434,0.0569,7.7175,0.1744,0.0
1543,25.9391,canny_hough,pid,1,1,1,0.6,84.425,,234.3172,-75.575,-60.8384,-1.0,LEFT,-1.8894,-0.0407,-0.6466,67.5,100.0,44.1637,14.2253,70.2972,0.4688,3.2857,0.4849,3.7974,0.067,8.173,0.2182,0.0
1544,25.9477,canny_hough,pid,1,0,0,0.0,0.0,,,0.0,-42.5869,-1.0,HOLD,-1.8894,-0.0407,-0.6466,67.5,100.0,14.3995,18.4297,54.2603,0.4637,1.7167,0.4947,0.979,0.0793,2.7935,0.011,0.0
1545,25.9741,canny_hough,pid,1,0,0,0.0,0.0,,,0.0,-29.8108,-1.0,HOLD,-1.8894,-0.0407,-0.6466,67.5,100.0,23.5894,8.6612,115.4579,0.5077,1.2283,0.5479,1.6985,0.1324,2.888,0.0109,10.8425
1546,25.9875,canny_hough,pid,1,1,1,0.6,32.7986,,182.6909,-127.2014,-59.028,-1.0,LEFT,-3.18,-0.0407,-1.1877,67.5,100.0,13.6479,26.3367,37.9699,0.4467,1.195,0.4992,1.3386,0.0571,7.829,0.1948,0.0
1547,26.0019,canny_hough,pid,1,1,1,0.6,32.7986,,182.6909,-127.2014,-79.48,-1.0,LEFT,-3.18,-0.0407,-0.8314,67.5,100.0,28.0542,13.718,72.8968,0.513,1.1667,0.508,1.6411,0.0637,8.0912,0.1719,0.0
1548,26.0137,canny_hough,pid,1,1,1,0.3,13.1675,,163.0597,-146.8325,-99.6858,-1.0,LEFT,-3.6708,-0.0407,-1.1096,67.5,100.0,16.8093,13.9527,71.6709,0.4619,1.2281,0.5299,0.9603,0.0553,6.5936,0.2675,0.0
1549,26.0405,canny_hough,pid,1,1,1,0.3,13.1675,,163.0597,-146.8325,-113.8298,-1.0,LEFT,-3.6708,-0.0407,-0.7767,67.5,100.0,30.3022,12.0317,83.1137,0.4629,1.185,0.5843,1.5954,0.0645,7.4434,0.1771,9.1519
1550,26.0515,canny_hough,pid,1,1,1,0.15,319.0,,516.0,159.0,-31.9809,1.0,RIGHT,3.975,-0.0407,3.7452,100.0,67.5,28.479,26.7407,37.3962,0.4613,1.2094,0.5673,1.3882,0.0678,5.23,0.1812,0.0
1551,26.0653,canny_hough,pid,1,1,1,0.15,319.0,,516.0,159.0,25.3134,1.0,RIGHT,3.975,-0.0407,2.6216,100.0,67.5,42.2643,13.944,71.7154,0.4695,1.3039,0.4621,1.7732,0.0516,4.7435,0.1795,0.0
1552,26.0757,canny_hough,pid,1,1,1,0.15,319.0,,515.45,159.0,65.4194,1.0,RIGHT,3.975,-0.0407,1.8351,100.0,67.5,18.4942,10.6635,93.7782,0.449,0.8553,0.4734,1.0075,0.0618,5.6052,0.197,0.0
1553,26.1009,canny_hough,pid,1,1,1,0.15,319.0,,515.45,159.0,93.4936,1.0,RIGHT,3.975,-0.0407,1.2846,100.0,67.5,28.8656,10.45,95.6935,0.5438,0.7287,0.4475,0.9366,0.0744,5.6799,0.1784,8.8845
1554,26.1172,canny_hough,pid,1,1,1,0.15,319.0,,484.2,159.0,113.1455,1.0,RIGHT,3.975,-0.0407,0.8992,100.0,67.5,30.5629,25.4769,39.2512,0.4532,1.2697,0.517,5.0076,0.0537,6.6277,0.196,0.0
1555,26.1364,canny_hough,pid,1,1,1,0.15,319.0,,484.2,159.0,126.9018,1.0,RIGHT,3.975,-0.0407,0.6295,100.0,67.5,49.8006,16.5126,60.5598,0.4732,5.8935,0.527,3.6206,0.0575,6.2162,0.1714,0.0
1556,26.1493,canny_hough,pid,1,1,1,0.3,297.647,,447.5393,137.647,130.1254,1.0,RIGHT,3.4412,-0.0407,0.015,100.0,67.5,23.9705,18.8148,53.1497,0.4734,1.3362,0.4633,1.2827,0.0606,7.1845,0.1753,0.0
1557,26.1794,canny_hough,pid,1,1,1,0.3,297.647,,447.5393,137.647,132.3819,1.0,RIGHT,3.4412,-0.0407,0.0105,100.0,67.5,38.9899,13.4041,74.6039,0.7637,2.2888,0.9116,1.2667,0.0457,7.2304,0.1803,9.4161
1558,26.1923,canny_hough,pid,1,1,1,0.3,319.0,,474.1886,159.0,140.3673,1.0,RIGHT,3.975,-0.0407,0.2774,100.0,67.5,37.1458,29.6481,33.7289,0.5219,1.2627,0.5314,1.6915,0.0589,6.6246,0.1759,0.0
1559,26.2037,canny_hough,pid,1,1,1,0.15,319.0,,487.8889,159.0,145.9571,1.0,RIGHT,3.975,-0.0407,0.1942,100.0,67.5,13.9093,12.9246,77.3721,0.5179,0.752,0.4779,1.4836,0.1493,5.7852,0.1778,0.0
1560,26.216,canny_hough,pid,1,1,1,0.15,319.0,,487.8889,159.0,149.87,1.0,RIGHT,3.975,-0.0407,0.1359,100.0,67.5,26.2243,11.6604,85.7602,0.5869,1.2535,0.4931,1.684,0.0649,5.6597,0.3131,0.0
1561,26.2452,canny_hough,pid,1,1,1,0.15,319.0,,487.8889,159.0,152.609,1.0,RIGHT,3.975,-0.0407,0.0952,100.0,67.5,39.649,12.3885,80.7202,0.5304,3.3351,0.4927,1.3009,0.0506,5.2454,0.1796,11.7224
1562,26.2534,canny_hough,pid,1,0,0,0.0,0.0,,,0.0,106.8263,1.0,HOLD,3.975,-0.0407,0.0952,100.0,67.5,11.3273,28.6759,34.8725,0.474,0.7282,0.452,0.9345,0.0566,3.4739,0.011,0.0
1563,26.2623,canny_hough,pid,1,0,0,0.0,0.0,,,0.0,74.7784,1.0,HOLD,3.975,-0.0407,0.0952,100.0,67.5,20.2253,8.2053,121.8719,0.4475,1.1717,0.4772,1.2369,0.0518,3.5702,0.0107,0.0
1564,26.2719,canny_hough,pid,1,0,0,0.0,0.0,,,0.0,52.3449,1.0,HOLD,3.975,-0.0407,0.0952,100.0,67.5,29.8051,9.0882,110.0324,0.4553,1.2395,0.5116,1.5345,0.0603,3.6367,0.0108,0.0
1565,26.2976,canny_hough,pid,1,0,0,0.0,0.0,,,0.0,36.6414,1.0,HOLD,3.975,-0.0407,0.0952,100.0,67.5,40.2653,9.4099,106.2711,0.5055,1.5877,0.5266,1.2941,0.0527,4.4589,0.0107,9.4473
1566,26.3102,canny_hough,pid,1,0,0,0.0,0.0,,,0.0,25.649,1.0,HOLD,3.975,-0.0407,0.0952,100.0,67.5,25.4159,25.7487,38.8369,0.4512,1.8057,0.5474,4.1181,0.0422,3.7083,0.0104,0.0
1567,26.3186,canny_hough,pid,1,0,0,0.0,0.0,,,0.0,17.9543,1.0,HOLD,3.975,-0.0407,0.0952,100.0,67.5,11.6889,12.7124,78.6635,0.4936,0.8342,0.5107,0.8948,0.0562,3.2794,0.0107,0.0
1568,26.3266,canny_hough,pid,1,0,0,0.0,0.0,,,0.0,12.568,1.0,HOLD,3.975,-0.0407,0.0952,100.0,67.5,19.8904,8.204,121.892,0.457,0.7197,0.4803,1.0569,0.0765,3.2094,0.0111,0.0
1569,26.3565,canny_hough,pid,1,0,0,0.0,0.0,,,0.0,8.7976,1.0,HOLD,3.975,-0.0407,0.0952,100.0,67.5,35.3645,8.3531,119.7153,0.5858,1.4,0.5132,1.401,0.0564,9.2466,0.0109,9.2492
1570,26.3667,canny_hough,pid,1,0,0,0.0,0.0,,,0.0,6.1583,1.0,HOLD,3.975,-0.0407,0.0952,100.0,67.5,27.5964,30.4499,32.8408,0.4906,1.2003,0.475,1.5533,0.0608,3.6648,0.009,0.0
1571,26.3786,canny_hough,pid,1,0,0,0.0,0.0,,,0.0,4.3108,1.0,HOLD,3.975,-0.0407,0.0952,100.0,67.5,39.4422,10.536,94.9125,0.5396,1.182,0.5858,2.3726,0.0404,3.6703,0.0094,0.0
1572,26.3866,canny_hough,pid,1,0,0,0.0,0.0,,,0.0,3.0176,1.0,HOLD,3.975,-0.0407,0.0952,100.0,67.5,12.6456,10.5827,94.494,0.4586,1.228,0.4716,1.431,0.0526,2.6599,0.0103,0.0
1573,26.4115,canny_hough,pid,1,0,0,0.0,0.0,,,0.0,2.1123,1.0,HOLD,3.975,-0.0407,0.0952,100.0,67.5,23.3217,8.1052,123.377,0.4647,2.3542,0.5706,1.5937,0.0732,3.4817,0.0171,10.0209
1574,26.4223,canny_hough,pid,1,0,0,0.0,0.0,,,0.0,1.4786,1.0,HOLD,3.975,-0.0407,0.0952,100.0,67.5,20.5943,24.9303,40.1118,0.5073,1.1354,0.4366,2.9893,0.0514,3.8555,0.0086,0.0
1575,26.4314,canny_hough,pid,1,0,0,0.0,0.0,,,0.0,1.035,1.0,HOLD,3.975,-0.0407,0.0952,100.0,67.5,29.6503,10.8613,92.0698,0.4501,0.779,0.5209,1.4951,0.0592,3.8225,0.0096,0.0
1576,26.4409,canny_hough,pid,1,0,0,0.0,0.0,,,0.0,0.7245,1.0,HOLD,3.975,-0.0407,0.0952,100.0,67.5,39.218,9.4378,105.9568,0.8527,1.0658,0.4836,0.9314,0.0546,3.8223,0.0147,0.0
1577,26.465,canny_hough,pid,1,0,0,0.0,0.0,,,0.0,0.5072,1.0,HOLD,3.975,-0.0407,0.0952,100.0,67.5,15.04,9.1271,109.564,0.4488,0.706,0.4513,1.1975,0.0542,3.2915,0.0095,9.6746
1578,26.4762,canny_hough,pid,1,1,1,0.15,31.8922,-118.0,,-128.1078,-38.0773,-1.0,LEFT,-3.2027,-0.0407,-4.3994,67.5,100.0,12.791,24.1078,41.4804,0.4437,3.639,0.4888,0.9941,0.0597,3.4966,0.1818,0.0
1579,26.4859,canny_hough,pid,1,1,1,0.15,31.8922,-118.0,,-128.1078,-65.0865,-1.0,LEFT,-3.2027,-0.0407,-3.0796,67.5,100.0,22.564,11.2324,89.0285,0.4845,0.7622,0.4533,1.8386,0.1398,3.9035,0.2277,0.0
1580,26.5002,canny_hough,pid,1,1,1,0.15,31.8922,-118.0,,-128.1078,-83.9928,-1.0,LEFT,-3.2027,-0.0407,-2.1557,67.5,100.0,36.8626,9.8801,101.2131,0.4648,1.5909,0.506,1.9797,0.0446,7.4721,0.2019,0.0
1581,26.5265,canny_hough,pid,1,1,0,0.25,105.3,-73.4,284.0,-54.7,-75.205,-0.9927,LEFT,-1.3675,-0.048,0.4228,67.5,100.0,12.9274,14.2503,70.1742,0.4825,1.2147,0.4683,1.4708,0.0673,4.8279,0.1488,9.5974
1582,26.5404,canny_hough,pid,1,1,0,0.25,105.3,-73.4,284.0,-54.7,-69.0535,-1.0,LEFT,-1.3675,-0.048,0.2959,67.5,100.0,42.459,26.9695,37.079,0.4813,3.591,0.5685,1.4062,0.0533,4.9751,0.1782,0.0
1583,26.5489,canny_hough,pid,1,1,1,0.3,101.9192,-50.7818,,-58.0808,-65.7617,-1.0,LEFT,-1.452,-0.048,0.1116,67.5,100.0,20.997,13.2666,75.3771,0.4249,1.0719,0.4056,1.1914,0.0554,3.1722,0.174,0.0
1584,26.5575,canny_hough,pid,1,1,1,0.3,101.9192,-50.7818,,-58.0808,-63.4574,-1.0,LEFT,-1.452,-0.048,0.0781,67.5,100.0,29.5842,8.3112,120.32,0.3899,0.9828,0.4312,1.1206,0.1025,3.5898,0.2107,0.0
1585,26.5807,canny_hough,pid,1,1,1,0.3,101.9192,-50.7818,,-58.0808,-61.8445,-1.0,LEFT,-1.452,-0.048,0.0547,67.5,100.0,40.368,8.5573,116.8599,0.4288,2.2438,0.4572,1.1859,0.056,4.5454,0.1467,8.2093
1586,26.5918,canny_hough,pid,1,1,1,0.45,97.0535,-55.6474,,-62.9465,-62.1751,-1.0,LEFT,-1.5737,-0.048,-0.0387,67.5,100.0,23.0958,23.6975,42.1985,0.4191,2.3685,0.5922,1.5888,0.0538,3.6727,0.2323,0.0
1587,26.6005,canny_hough,pid,1,1,1,0.15,35.701,-117.0,,-124.299,-80.8122,-1.0,LEFT,-3.1075,-0.048,-2.151,67.5,100.0,11.7094,10.8327,92.3129,0.4571,1.0996,0.436,1.275,0.0906,3.1281,0.1554,0.0
1588,26.6091,canny_hough,pid,1,1,1,0.15,35.701,-117.0,,-124.299,-93.8583,-1.0,LEFT,-3.1075,-0.048,-1.5057,67.5,100.0,20.3423,8.5934,116.369,0.3999,1.064,0.554,1.44,0.0657,3.0156,0.1818,0.0
1589,26.631,canny_hough,pid,1,1,1,0.15,35.701,-117.0,,-124.299,-102.9905,-1.0,LEFT,-3.1075,-0.048,-1.054,67.5,100.0,27.6148,8.5652,116.7519,0.4066,0.6477,0.3933,1.0184,0.0506,2.9019,0.1481,9.019
1590,26.6395,canny_hough,pid,1,1,1,0.15,31.701,-121.0,,-128.299,-110.5831,-1.0,LEFT,-3.2075,-0.048,-0.8059,67.5,100.0,18.4965,22.0115,45.4308,0.4097,1.8918,0.4413,1.1122,0.0654,2.3972,0.165,0.0
1591,26.6469,canny_hough,pid,1,1,1,0.15,31.701,-121.0,,-128.299,-115.8978,-1.0,LEFT,-3.2075,-0.048,-0.5641,67.5,100.0,25.9055,8.6009,116.2676,0.4642,0.6408,0.3819,0.7803,0.0538,2.7808,0.189,0.0
1592,26.6546,canny_hough,pid,1,1,1,0.15,31.701,-121.0,,-128.299,-119.6182,-1.0,LEFT,-3.2075,-0.048,-0.3949,67.5,100.0,33.6235,7.0698,141.4469,0.4563,0.9495,0.4619,1.1985,0.0577,2.6199,0.1851,0.0
1593,26.6877,canny_hough,pid,1,1,1,0.15,31.701,-121.0,,-128.299,-122.2224,-1.0,LEFT,-3.2075,-0.048,-0.2764,67.5,100.0,42.0416,7.8965,126.6385,0.5133,1.2275,0.4866,1.2749,0.0628,2.6787,0.1759,18.594
1594,26.6964,canny_hough,pid,1,0,0,0.0,0.0,,,0.0,-85.5557,-1.0,HOLD,-3.2075,-0.048,-0.2764,67.5,100.0,16.7582,33.1837,30.1353,0.4782,1.2925,0.4893,1.3112,0.0748,2.7971,0.008,0.0
1595,26.7052,canny_hough,pid,1,0,0,0.0,0.0,,,0.0,-59.889,-1.0,HOLD,-3.2075,-0.048,-0.2764,67.5,100.0,9.7135,8.6472,115.645,0.4676,1.5074,0.466,1.9577,0.0512,2.2165,0.0176,0.0
1596,26.7145,canny_hough,pid,1,0,0,0.0,0.0,,,0.0,-41.9223,-1.0,HOLD,-3.2075,-0.048,-0.2764,67.5,100.0,19.0292,8.6133,116.0995,0.4389,1.1797,0.4616,1.3224,0.055,2.945,0.0091,0.0
1597,26.7357,canny_hough,pid,1,0,0,0.0,0.0,,,0.0,-29.3456,-1.0,HOLD,-3.2075,-0.048,-0.2764,67.5,100.0,26.0925,9.8119,101.9169,0.4859,0.7908,0.4571,1.202,0.0531,1.6252,0.015,9.2316
1598,26.7453,canny_hough,pid,1,0,0,0.0,0.0,,,0.0,-20.5419,-1.0,HOLD,-3.2075,-0.048,-0.2764,67.5,100.0,30.1362,20.8123,48.0484,0.5133,1.2173,0.5083,1.3518,0.0567,3.8686,0.0089,0.0
1599,26.7557,canny_hough,pid,1,0,0,0.0,0.0,,,0.0,-14.3793,-1.0,HOLD,-3.2075,-0.048,-0.2764,67.5,100.0,40.5288,10.3433,96.6808,0.977,1.2938,0.5014,1.3102,0.0555,3.5686,0.0099,0.0
1600,26.7653,canny_hough,pid,1,1,1,0.15,319.0,,613.3488,159.0,37.6345,1.0,RIGHT,3.975,-0.048,11.1374,100.0,67.5,16.0346,9.5083,105.1715,0.5195,0.804,0.454,1.1809,0.0551,4.1682,0.5394,0.0
1601,26.7907,canny_hough,pid,1,1,1,0.15,319.0,,613.3488,159.0,74.0441,1.0,RIGHT,3.975,-0.048,7.7962,100.0,67.5,26.4435,9.8373,101.6541,0.4574,1.1941,0.5045,1.3327,0.0632,4.6902,0.1709,9.3588
1602,26.8019,canny_hough,pid,1,1,1,0.3,319.0,,571.8265,159.0,99.5309,1.0,RIGHT,3.975,-0.048,5.4573,100.0,67.5,23.4702,25.2693,39.5737,0.4795,1.3135,0.4699,1.4635,0.0762,5.2393,0.1978,0.0
1603,26.8159,canny_hough,pid,1,1,1,0.3,319.0,,571.8265,159.0,117.3716,1.0,RIGHT,3.975,-0.048,3.8201,100.0,67.5,37.4663,11.2527,88.8678,0.6312,1.1948,0.9351,1.8101,0.0756,7.2082,0.1851,0.0
1604,26.8266,canny_hough,pid,1,1,1,0.3,319.0,,571.8265,159.0,129.8601,1.0,RIGHT,3.975,-0.048,2.6741,100.0,67.5,48.1964,14.3843,69.5204,0.5157,1.1459,0.4524,1.4708,0.0541,4.6038,0.1761,0.0
1605,26.8545,canny_hough,pid,1,1,1,0.45,319.0,,540.7071,159.0,138.6021,1.0,RIGHT,3.975,-0.048,1.8719,100.0,67.5,16.0528,10.4757,95.4595,0.4742,1.3049,0.5054,1.4774,0.062,5.5137,0.1902,11.0549
1606,26.8655,canny_hough,pid,1,1,1,0.3,319.0,,544.7764,159.0,144.7215,1.0,RIGHT,3.975,-0.048,1.3103,100.0,67.5,21.5714,27.8148,35.9521,0.4622,0.8235,0.4663,1.5193,0.0587,5.3461,0.1995,0.0
1607,26.8768,canny_hough,pid,1,1,1,0.3,319.0,,544.7764,159.0,149.005,1.0,RIGHT,3.975,-0.048,0.9172,100.0,67.5,32.8501,11.5343,86.6977,0.4962,1.3397,0.5047,1.0622,0.0521,5.0636,0.202,0.0
1608,26.8869,canny_hough,pid,1,1,1,0.15,319.0,,540.0161,159.0,152.0035,1.0,RIGHT,3.975,-0.048,0.642,100.0,67.5,17.4816,10.5147,95.1053,0.4514,0.7626,0.4702,1.928,0.0539,4.4742,0.1777,0.0
1609,26.9136,canny_hough,pid,1,1,1,0.15,319.0,,540.0161,159.0,154.1025,1.0,RIGHT,3.975,-0.048,0.4494,100.0,67.5,28.9732,10.0815,99.1911,0.4661,1.2658,0.522,1.651,0.0541,5.4536,0.2167,11.1212
1610,26.9275,canny_hough,pid,1,1,1,0.3,319.0,,547.4123,159.0,155.5717,1.0,RIGHT,3.975,-0.048,0.3146,100.0,67.5,17.7585,27.1046,36.8941,0.4858,2.3517,0.9844,2.5026,0.0889,5.0955,0.1779,0.0
1611,26.9398,canny_hough,pid,1,1,1,0.3,319.0,,547.4123,159.0,156.6002,1.0,RIGHT,3.975,-0.048,0.2202,100.0,67.5,30.0616,13.6574,73.2204,0.6336,1.5274,0.5288,2.5528,0.0492,4.8617,0.1725,0.0
1612,26.9518,canny_hough,pid,1,1,1,0.3,319.0,,547.4123,159.0,157.3201,1.0,RIGHT,3.975,-0.048,0.1542,100.0,67.5,42.0069,12.1108,82.5708,0.6365,2.1375,0.4482,1.8554,0.052,5.0206,0.1725,0.0
1613,26.977,canny_hough,pid,1,1,1,0.15,319.0,,568.6226,159.0,157.8241,1.0,RIGHT,3.975,-0.048,0.1079,100.0,67.5,20.4349,11.9865,83.4275,0.4987,1.346,0.5244,1.0301,0.0546,4.4866,0.2239,9.4658
1614,26.9878,canny_hough,pid,1,1,1,0.15,319.0,,584.2083,159.0,158.1769,1.0,RIGHT,3.975,-0.048,0.0755,100.0,67.5,22.7649,25.5489,39.1407,0.4711,1.1801,0.4762,1.8301,0.1012,4.4759,0.1762,0.0
1615,26.9997,canny_hough,pid,1,1,1,0.15,319.0,,584.2083,159.0,158.4238,1.0,RIGHT,3.975,-0.048,0.0529,100.0,67.5,34.6836,10.6496,93.9006,0.5373,1.2046,0.5127,3.2451,0.0643,4.2731,0.1772,0.0
1616,27.011,canny_hough,pid,1,1,1,0.15,319.0,,584.2083,159.0,158.5967,1.0,RIGHT,3.975,-0.048,0.037,100.0,67.5,46.0139,11.9857,83.4326,0.5102,1.2048,0.4915,1.4248,0.0678,5.5039,0.1729,0.0
1617,27.0391,canny_hough,pid,1,1,1,0.15,319.0,,584.2083,159.0,158.7177,1.0,RIGHT,3.975,-0.048,0.0259,100.0,67.5,55.8435,11.2573,88.8312,0.482,1.1986,0.5032,1.5956,0.0539,3.9756,0.1714,12.5243
1618,27.0475,canny_hough,pid,1,1,1,0.15,319.0,,606.4,159.0,158.8024,1.0,RIGHT,3.975,-0.048,0.0181,100.0,67.5,13.0129,27.9648,35.7592,0.454,0.8938,0.4508,0.8839,0.0514,3.5466,0.1841,0.0
1619,27.0579,canny_hough,pid,1,1,1,0.15,319.0,,606.4,159.0,158.8617,1.0,RIGHT,3.975,-0.048,0.0127,100.0,67.5,23.4749,8.5236,117.3219,0.5374,1.2394,0.5025,1.5339,0.0641,4.3112,0.1873,0.0
1620,27.072,canny_hough,pid,1,1,1,0.15,319.0,,606.4,159.0,158.9032,1.0,RIGHT,3.975,-0.048,0.0089,100.0,67.5,37.6515,11.0709,90.3269,0.653,3.4945,0.628,2.5001,0.0485,3.8134,0.1764,0.0
1621,27.098,canny_hough,pid,1,1,1,0.3,319.0,,619.1053,159.0,158.9322,1.0,RIGHT,3.975,-0.048,0.0062,100.0,67.5,15.179,13.4128,74.5558,0.4556,1.2003,0.4887,1.3471,0.0645,4.3789,0.188,11.798
1622,27.1077,canny_hough,pid,1,0,0,0.0,0.0,,,0.0,111.2525,1.0,HOLD,3.975,-0.048,0.0062,100.0,67.5,15.6273,25.8545,38.678,0.4483,1.1328,0.4955,0.9705,0.0531,4.7659,0.0078,0.0
1623,27.1182,canny_hough,pid,1,0,0,0.0,0.0,,,0.0,77.8768,1.0,HOLD,3.975,-0.048,0.0062,100.0,67.5,26.1833,9.5872,104.3054,0.5744,0.7466,0.4824,1.7627,0.0521,5.2299,0.009,0.0
1624,27.1293,canny_hough,pid,1,0,0,0.0,0.0,,,0.0,54.5137,1.0,HOLD,3.975,-0.048,0.0062,100.0,67.5,37.2232,11.4385,87.4241,0.4954,1.6201,0.488,0.9585,0.0544,4.7549,0.0093,0.0
1625,27.155,canny_hough,pid,1,1,1,0.15,0.0,-199.3333,,-160.0,-9.8404,-1.0,LEFT,-4.0,-0.048,-11.6342,67.5,100.0,17.1198,10.2783,97.2922,0.4635,1.1809,0.4731,1.1196,0.0636,4.9231,0.1734,9.4805
1626,27.1665,canny_hough,pid,1,1,1,0.15,0.0,-199.3333,,-160.0,-54.8883,-1.0,LEFT,-4.0,-0.048,-8.144,67.5,100.0,44.1242,25.8326,38.7108,0.4521,1.2611,0.4895,1.8368,0.0557,5.3438,0.1767,0.0
1627,27.1784,canny_hough,pid,1,1,1,0.15,0.0,-199.3333,,-160.0,-86.4218,-1.0,LEFT,-4.0,-0.048,-5.7008,67.5,100.0,56.0367,12.4314,80.4412,0.5491,1.1602,0.4658,1.5484,0.0523,4.9898,0.2533,0.0
1628,27.1914,canny_hough,pid,1,1,1,0.45,41.3199,-111.381,,-118.6801,-96.0993,-1.0,LEFT,-2.967,-0.048,-2.5892,67.5,100.0,23.0657,11.0576,90.4354,0.4785,1.9205,0.5005,1.6083,0.1093,6.1379,0.1727,0.0
1629,27.2201,canny_hough,pid,1,1,1,0.45,41.3199,-111.381,,-118.6801,-102.8735,-1.0,LEFT,-2.967,-0.048,-1.8125,67.5,100.0,36.3449,13.6727,73.1384,0.5205,1.3077,0.4729,2.7096,0.0613,5.3937,0.1823,9.2822
1630,27.2304,canny_hough,pid,1,1,1,0.45,70.6104,-82.0906,,-89.3896,-98.8283,-1.0,LEFT,-2.2347,-0.048,-0.8772,67.5,100.0,10.4982,28.0541,35.6454,0.4736,1.2891,0.5107,1.5164,0.0624,4.2354,0.1793,0.0
1631,27.2402,canny_hough,pid,1,1,1,0.45,70.6104,-82.0906,,-89.3896,-95.9967,-1.0,LEFT,-2.2347,-0.048,-0.614,67.5,100.0,20.3025,10.1107,98.905,0.4559,0.7635,0.5092,1.3277,0.0669,4.6005,0.1756,0.0
1632,27.2521,canny_hough,pid,1,1,1,0.45,70.6104,-82.0906,,-89.3896,-94.0146,-1.0,LEFT,-2.2347,-0.048,-0.4298,67.5,100.0,32.2662,9.9945,100.0549,0.4556,3.0815,0.5306,1.1869,0.0517,4.4264,0.1856,0.0
1633,27.2759,canny_hough,pid,1,1,1,0.45,70.6104,-82.0906,,-89.3896,-92.6271,-1.0,LEFT,-2.2347,-0.048,-0.3009,67.5,100.0,42.4599,12.1687,82.1778,0.5573,1.219,0.5956,1.3346,0.0544,4.0366,0.1822,8.9625
1634,27.2859,canny_hough,pid,1,1,1,0.45,54.6236,-98.0773,,-105.3764,-96.4518,-1.0,LEFT,-2.6344,-0.048,-0.4646,67.5,100.0,30.1076,23.6036,42.3663,0.4949,1.2198,0.5013,1.2951,0.066,3.9922,0.1816,0.0
1635,27.2991,canny_hough,pid,1,1,1,0.45,54.6236,-98.0773,,-105.3764,-99.1292,-1.0,LEFT,-2.6344,-0.048,-0.3252,67.5,100.0,43.3165,10.1497,98.5254,0.469,2.3834,1.235,2.8946,0.041,3.7452,0.2073,0.0
1636,27.3083,canny_hough,pid,1,1,1,0.6,8.0319,-144.6691,,-151.9681,-114.9809,-1.0,LEFT,-3.7992,-0.048,-1.5921,67.5,100.0,14.2655,12.8055,78.0915,0.4572,1.0898,0.4641,1.1493,0.0544,3.9702,0.181,0.0
1637,27.3371,canny_hough,pid,1,1,1,0.6,8.0319,-144.6691,,-151.9681,-126.077,-1.0,LEFT,-3.7992,-0.048,-1.1144,67.5,100.0,24.6294,9.4931,105.3394,0.4592,1.2421,0.4763,1.4806,0.0504,4.3313,0.1864,10.6587
1638,27.3494,canny_hough,pid,1,1,1,0.15,0.0,-213.8667,,-160.0,-136.2539,-1.0,LEFT,-4.0,-0.048,-0.8853,67.5,100.0,27.6855,28.6427,34.9129,0.4891,2.5976,1.1147,1.5544,0.0621,3.6096,0.1714,0.0
1639,27.3714,canny_hough,pid,1,0,0,0.0,0.0,,,0.0,-95.3778,-1.0,HOLD,-4.0,-0.048,-0.8853,67.5,100.0,26.6985,12.0885,82.7234,0.4566,1.1643,0.4507,4.605,0.0687,13.2402,0.0109,0.0
1640,27.3852,canny_hough,pid,1,0,0,0.0,0.0,,,0.0,-66.7644,-1.0,HOLD,-4.0,-0.048,-0.8853,67.5,100.0,40.5231,22.9675,43.5399,0.7221,3.0853,0.5171,1.4682,0.0836,5.0386,0.0093,0.0
1641,27.418,canny_hough,pid,1,1,1,0.3,319.0,,601.75,159.0,0.9649,1.0,RIGHT,3.975,-0.048,8.669,100.0,67.5,23.7212,12.8786,77.6484,0.4947,3.9364,0.5821,3.1683,0.0571,4.4351,0.175,12.8981
1642,27.4291,canny_hough,pid,1,1,1,0.15,319.0,,584.6889,159.0,48.3754,1.0,RIGHT,3.975,-0.048,6.0683,100.0,67.5,22.1322,32.7813,30.5052,0.4507,1.3886,1.1068,1.3127,0.0653,4.3908,0.4276,0.0
1643,27.4426,canny_hough,pid,1,1,1,0.15,319.0,,584.6889,159.0,81.5628,1.0,RIGHT,3.975,-0.048,4.2478,100.0,67.5,35.7729,11.2792,88.659,0.4737,4.371,0.5192,1.8646,0.0599,4.0664,0.1853,0.0
1644,27.456,canny_hough,pid,1,1,1,0.45,319.0,,586.7662,159.0,104.794,1.0,RIGHT,3.975,-0.048,2.9735,100.0,67.5,22.1963,13.3399,74.963,0.4698,2.7005,0.5274,1.8183,0.0712,5.7853,0.1941,0.0
1645,27.4853,canny_hough,pid,1,1,1,0.45,319.0,,586.7662,159.0,121.0558,1.0,RIGHT,3.975,-0.048,2.0814,100.0,67.5,37.7225,13.7589,72.6804,0.5186,4.1448,0.5352,3.6377,0.0423,4.3448,0.1781,9.7954
1646,27.4955,canny_hough,pid,1,1,1,0.3,319.0,,558.5727,159.0,132.439,1.0,RIGHT,3.975,-0.048,1.457,100.0,67.5,29.5684,28.9085,34.5919,0.4607,1.1985,0.5055,2.3645,0.0548,3.7213,0.1773,0.0
1647,27.5058,canny_hough,pid,1,1,1,0.3,319.0,,558.5727,159.0,140.4073,1.0,RIGHT,3.975,-0.048,1.0199,100.0,67.5,39.8485,10.8357,92.2871,0.6593,1.4737,0.4914,1.2378,0.0424,3.856,0.1915,0.0
1648,27.5148,canny_hough,pid,1,1,1,0.3,319.0,,569.0268,159.0,145.9851,1.0,RIGHT,3.975,-0.048,0.7139,100.0,67.5,14.04,9.793,102.1142,0.4724,1.1599,0.496,1.1231,0.0614,3.5573,0.188,0.0
1649,27.5451,canny_hough,pid,1,1,1,0.3,319.0,,569.0268,159.0,149.8896,1.0,RIGHT,3.975,-0.048,0.4998,100.0,67.5,23.6615,8.8818,112.5894,0.4657,1.2367,0.4886,1.7174,0.0573,3.5996,0.1816,10.7843
1650,27.5636,canny_hough,pid,1,1,1,0.3,319.0,,563.009,159.0,152.6227,1.0,RIGHT,3.975,-0.048,0.3498,100.0,67.5,30.9666,30.283,33.0219,0.4489,2.9388,0.512,6.2408,0.0577,5.7404,0.1966,0.0
1651,27.5823,canny_hough,pid,1,1,1,0.3,319.0,,563.009,159.0,154.5359,1.0,RIGHT,3.975,-0.048,0.2449,100.0,67.5,49.6569,22.6169,44.2147,0.6427,1.68,1.2992,1.5783,0.0552,7.2576,0.1887,0.0
1652,27.5943,canny_hough,pid,1,1,1,0.45,319.0,,580.5555,159.0,155.8751,1.0,RIGHT,3.975,-0.048,0.1714,100.0,67.5,21.6349,14.5412,68.7702,0.4513,1.1324,0.5123,1.5099,0.0649,6.3338,0.1979,0.0
1653,27.6213,canny_hough,pid,1,0,0,0.0,0.0,,,0.0,109.1126,1.0,HOLD,3.975,-0.048,0.1714,100.0,67.5,14.1134,12.0822,82.7662,0.4638,1.2561,0.5127,1.431,0.0619,5.4887,0.0161,9.8399
1654,27.6362,canny_hough,pid,1,0,0,0.0,0.0,,,0.0,76.3788,1.0,HOLD,3.975,-0.048,0.1714,100.0,67.5,44.7359,27.3319,36.5872,0.4541,2.212,0.6661,1.3591,0.0519,7.9089,0.0078,0.0
1655,27.6494,canny_hough,pid,1,0,0,0.0,0.0,,,0.0,53.4652,1.0,HOLD,3.975,-0.048,0.1714,100.0,67.5,57.9279,14.7932,67.5988,0.6981,1.1912,0.4503,1.8543,0.0534,6.369,0.0114,0.0
1656,27.6699,canny_hough,pid,1,0,0,0.0,0.0,,,0.0,37.4256,1.0,HOLD,3.975,-0.048,0.1714,100.0,67.5,33.0694,13.286,75.2675,2.1368,2.1262,0.7425,7.9892,0.0622,5.2652,0.0095,0.0
1657,27.6966,canny_hough,pid,1,1,1,0.3,45.7038,-106.9972,,-114.2962,-8.0909,-1.0,LEFT,-2.8574,-0.048,-4.9607,67.5,100.0,26.3433,20.1718,49.5741,0.4578,1.3425,0.5601,1.4919,0.0521,5.7839,0.5294,10.6501
1658,27.7078,canny_hough,pid,1,1,1,0.6,52.0423,-100.6587,,-107.9577,-38.051,-1.0,LEFT,-2.6989,-0.048,-3.3837,67.5,100.0,20.1503,26.7735,37.3504,0.4609,0.7073,0.4372,1.024,0.0569,6.2152,0.2222,0.0
1659,27.7203,canny_hough,pid,1,1,1,0.6,52.0423,-100.6587,,-107.9577,-59.023,-1.0,LEFT,-2.6989,-0.048,-2.3686,67.5,100.0,32.7885,11.1875,89.3858,0.5025,0.7153,0.4413,1.2335,0.0669,7.3121,0.175,0.0
1660,27.7348,canny_hough,pid,1,1,1,0.6,52.0423,-100.6587,,-107.9577,-73.7034,-1.0,LEFT,-2.6989,-0.048,-1.658,67.5,100.0,47.3122,12.6366,79.1352,0.4594,0.7398,0.4539,1.0722,0.066,6.4239,0.1842,0.0
1661,27.764,canny_hough,pid,1,1,1,0.6,79.2894,-73.4116,,-80.7106,-75.8056,-1.0,LEFT,-2.0178,-0.048,-0.4473,67.5,100.0,26.6417,14.3243,69.8116,0.4656,1.2589,0.537,1.6662,0.0776,6.7103,0.1848,10.7685
1662,27.7758,canny_hough,pid,1,1,1,0.6,97.6985,-55.0025,,-62.3015,-71.7544,-1.0,LEFT,-1.5575,-0.048,-0.0789,67.5,100.0,21.1796,29.4769,33.9248,0.4576,1.1551,0.4447,1.3085,0.0568,6.0797,0.1796,0.0
1663,27.7892,canny_hough,pid,1,1,1,0.6,97.6985,-55.0025,,-62.3015,-68.9185,-1.0,LEFT,-1.5575,-0.048,-0.0552,67.5,100.0,34.4753,11.578,86.3709,0.6967,1.907,0.5456,1.9506,0.0452,6.0659,0.1982,0.0
1664,27.8016,canny_hough,pid,1,1,1,0.6,85.2196,-67.4814,,-74.7804,-70.6771,-1.0,LEFT,-1.8695,-0.048,-0.383,67.5,100.0,15.2755,13.5912,73.577,0.4645,1.1524,0.4474,1.2643,0.0589,6.5813,0.2621,0.0
1665,27.8312,canny_hough,pid,1,1,1,0.6,85.2196,-67.4814,,-74.7804,-71.9081,-1.0,LEFT,-1.8695,-0.048,-0.2681,67.5,100.0,28.5681,12.3414,81.0278,0.4595,1.239,0.5199,2.5379,0.0514,6.2506,0.2011,10.9579
1666,27.8444,canny_hough,pid,1,1,1,0.6,33.0081,-119.6929,,-126.9919,-88.4332,-1.0,LEFT,-3.1748,-0.048,-0.8454,67.5,100.0,27.5051,29.7694,33.5915,0.5714,1.1873,0.4835,1.5062,0.0548,6.9252,0.2202,0.0
1667,27.8589,canny_hough,pid,1,1,1,0.6,33.0081,-119.6929,,-126.9919,-100.0008,-1.0,LEFT,-3.1748,-0.048,-0.5917,67.5,100.0,42.0716,14.1036,70.9037,0.4784,3.8244,0.512,1.1771,0.0556,5.2208,0.1699,0.0
1668,27.8716,canny_hough,pid,1,1,1,0.6,27.0135,-125.6875,,-132.9865,-109.8965,-1.0,LEFT,-3.3247,-0.048,-0.5839,67.5,100.0,20.8754,13.2499,75.4722,0.4818,1.176,0.4414,2.2004,0.0655,6.2825,0.1933,0.0
1669,27.9019,canny_hough,pid,1,1,1,0.6,27.0135,-125.6875,,-132.9865,-116.8235,-1.0,LEFT,-3.3247,-0.048,-0.4087,67.5,100.0,37.2446,13.046,76.6521,0.7067,1.5647,0.8088,5.2185,0.0583,5.6501,0.1773,9.767
1670,27.9144,canny_hough,pid,1,0,0,0.0,0.0,,,0.0,-81.7765,-1.0,HOLD,-3.3247,-0.048,-0.4087,67.5,100.0,38.8188,30.384,32.912,0.7298,1.4705,0.5439,1.4239,0.0667,5.7013,0.0097,0.0
1671,27.9258,canny_hough,pid,1,0,0,0.0,0.0,,,0.0,-57.2435,-1.0,HOLD,-3.3247,-0.048,-0.4087,67.5,100.0,19.375,12.206,81.9271,0.4809,1.5047,0.6317,1.5227,0.066,5.0389,0.0094,0.0
1672,27.9373,canny_hough,pid,1,0,0,0.0,0.0,,,0.0,-40.0705,-1.0,HOLD,-3.3247,-0.048,-0.4087,67.5,100.0,30.94,11.149,89.694,0.4637,1.1874,0.4691,1.5826,0.0533,5.9247,0.0096,0.0
1673,27.9662,canny_hough,pid,1,0,0,0.0,0.0,,,0.0,-28.0493,-1.0,HOLD,-3.3247,-0.048,-0.4087,67.5,100.0,43.8789,11.7347,85.2171,0.6747,1.2322,0.759,1.9878,0.0584,6.1939,0.009,9.6898
1674,27.9758,canny_hough,pid,1,0,0,0.0,0.0,,,0.0,-19.6345,-1.0,HOLD,-3.3247,-0.048,-0.4087,67.5,100.0,24.9265,29.7405,33.6241,0.5005,1.2288,0.4785,1.8166,0.0602,2.5167,0.0094,0.0
1675,27.9844,canny_hough,pid,1,0,0,0.0,0.0,,,0.0,-13.7442,-1.0,HOLD,-3.3247,-0.048,-0.4087,67.5,100.0,33.5295,9.0255,110.7968,0.7618,1.1856,0.5041,1.4211,0.0823,2.232,0.0115,0.0
1676,27.9928,canny_hough,pid,1,0,0,0.0,0.0,,,0.0,-9.6209,-1.0,HOLD,-3.3247,-0.048,-0.4087,67.5,100.0,15.328,8.319,120.2063,0.4779,1.187,0.4813,1.52,0.0704,2.4713,0.0106,0.0
1677,28.0159,canny_hough,pid,1,0,0,0.0,0.0,,,0.0,-6.7346,-1.0,HOLD,-3.3247,-0.048,-0.4087,67.5,100.0,23.4774,8.2474,121.2508,0.4542,1.2673,0.4934,1.6376,0.0584,2.3194,0.0107,9.7043
1678,28.0275,canny_hough,pid,1,1,1,0.45,319.0,,531.9616,159.0,42.9857,1.0,RIGHT,3.975,-0.048,4.4601,100.0,67.5,24.2818,23.07,43.3463,0.5022,1.1762,0.456,1.8014,0.062,5.5303,0.1893,0.0
1679,28.0428,canny_hough,pid,1,1,1,0.45,319.0,,531.9616,159.0,77.79,1.0,RIGHT,3.975,-0.048,3.1221,100.0,67.5,39.6316,12.0403,83.0547,0.5754,3.1725,0.6736,1.6453,0.0511,5.5073,0.1846,0.0
1680,28.0549,canny_hough,pid,1,1,1,0.6,319.0,,518.3835,159.0,102.153,1.0,RIGHT,3.975,-0.048,2.1854,100.0,67.5,16.3771,15.0244,66.5586,0.4806,1.2386,0.4874,1.5585,0.0657,6.16,0.1894,0.0
1681,28.0804,canny_hough,pid,1,1,1,0.6,319.0,,518.3835,159.0,119.2071,1.0,RIGHT,3.975,-0.048,1.5298,100.0,67.5,28.614,12.1407,82.3678,0.4653,1.3974,0.5771,1.595,0.0686,5.9574,0.1809,9.0464
1682,28.0922,canny_hough,pid,1,1,1,0.6,319.0,,493.0245,159.0,131.145,1.0,RIGHT,3.975,-0.048,1.0709,100.0,67.5,22.6277,25.5018,39.2129,0.4545,1.1994,0.5026,1.3361,0.0672,6.1317,0.1912,0.0
1683,28.106,canny_hough,pid,1,1,1,0.6,319.0,,493.0245,159.0,139.5015,1.0,RIGHT,3.975,-0.048,0.7496,100.0,67.5,36.4017,12.0263,83.1511,0.5283,2.0684,1.3904,1.578,0.0561,5.8136,0.1802,0.0
1684,28.1219,canny_hough,pid,1,1,1,0.6,311.0043,,463.7053,151.0043,142.9523,1.0,RIGHT,3.7751,-0.048,0.3032,100.0,67.5,23.1909,13.5331,73.893,0.4742,4.4932,0.5206,1.6086,0.0672,6.5666,0.1912,0.0
1685,28.1496,canny_hough,pid,1,1,1,0.6,311.0043,,463.7053,151.0043,145.3679,1.0,RIGHT,3.7751,-0.048,0.2122,100.0,67.5,36.2774,16.3315,61.2315,0.6826,1.4311,1.2139,1.4738,0.0475,5.7217,0.1684,8.6792
1686,28.1629,canny_hough,pid,1,1,1,0.45,319.0,,492.8646,159.0,149.4575,1.0,RIGHT,3.975,-0.048,0.2588,100.0,67.5,35.0641,27.1979,36.7676,0.4499,1.1757,0.4463,3.2225,0.053,5.958,0.174,0.0
1687,28.1735,canny_hough,pid,1,1,1,0.3,319.0,,496.3054,159.0,152.3203,1.0,RIGHT,3.975,-0.048,0.1812,100.0,67.5,13.1182,13.1619,75.9766,0.4585,1.2529,0.4861,1.3041,0.0529,5.1164,0.1724,0.0
1688,28.1848,canny_hough,pid,1,1,1,0.3,319.0,,496.3054,159.0,154.3242,1.0,RIGHT,3.975,-0.048,0.1268,100.0,67.5,24.3768,10.6137,94.2181,0.4501,1.1868,0.4349,1.3584,0.0544,5.8461,0.1893,0.0
1689,28.2132,canny_hough,pid,1,1,1,0.3,319.0,,496.3054,159.0,155.7269,1.0,RIGHT,3.975,-0.048,0.0888,100.0,67.5,37.0629,11.761,85.0269,0.4775,1.2728,0.4829,1.7608,0.0725,6.0987,0.1752,9.8136
1690,28.2261,canny_hough,pid,1,1,1,0.6,319.0,,508.588,159.0,156.7089,1.0,RIGHT,3.975,-0.048,0.0621,100.0,67.5,26.5573,28.3532,35.2694,0.4776,1.1842,0.8702,2.1255,0.0633,5.791,0.2321,0.0
1691,28.2379,canny_hough,pid,1,1,1,0.6,319.0,,508.588,159.0,157.3962,1.0,RIGHT,3.975,-0.048,0.0435,100.0,67.5,38.2884,13.0698,76.5122,0.7398,1.7358,0.4962,1.2397,0.0509,5.0819,0.1788,0.0
1692,28.251,canny_hough,pid,1,1,1,0.45,319.0,,524.7891,159.0,157.8773,1.0,RIGHT,3.975,-0.048,0.0304,100.0,67.5,20.6268,11.2711,88.7225,0.4447,3.2911,0.5429,1.3788,0.0617,5.3217,0.1892,0.0
1693,28.2773,canny_hough,pid,1,1,1,0.45,319.0,,524.7891,159.0,158.2141,1.0,RIGHT,3.975,-0.048,0.0213,100.0,67.5,32.9359,13.6146,73.4503,0.6964,1.6489,0.5796,2.3269,0.0412,4.5992,0.1713,9.6157
1694,28.2881,canny_hough,pid,1,1,1,0.45,319.0,,543.5501,159.0,158.4499,1.0,RIGHT,3.975,-0.048,0.0149,100.0,67.5,30.9601,25.9057,38.6015,0.4708,0.8559,0.5709,2.0885,0.0519,4.6503,0.215,0.0
1695,28.2983,canny_hough,pid,1,1,1,0.45,319.0,,543.5501,159.0,158.6149,1.0,RIGHT,3.975,-0.048,0.0104,100.0,67.5,41.1997,10.936,91.4411,0.451,1.1824,0.4613,1.1897,0.0603,4.681,0.1908,0.0
1696,28.3079,canny_hough,pid,1,1,1,0.3,319.0,,565.2902,159.0,158.7304,1.0,RIGHT,3.975,-0.048,0.0073,100.0,67.5,19.1434,9.9783,100.2173,0.4493,1.2172,0.4975,1.2213,0.0646,4.1342,0.1741,0.0
1697,28.333,canny_hough,pid,1,1,1,0.3,319.0,,565.2902,159.0,158.8113,1.0,RIGHT,3.975,-0.048,0.0051,100.0,67.5,29.3048,9.8076,101.9618,0.474,1.2097,0.443,1.2297,0.0501,4.5795,0.1791,9.19
1698,28.344,canny_hough,pid,1,0,0,0.0,0.0,,,0.0,111.1679,1.0,HOLD,3.975,-0.048,0.0051,100.0,67.5,23.9815,24.8784,40.1956,0.4827,1.192,0.4771,1.3534,0.0882,5.5152,0.0107,0.0
1699,28.3595,canny_hough,pid,1,0,0,0.0,0.0,,,0.0,77.8175,1.0,HOLD,3.975,-0.048,0.0051,100.0,67.5,39.4828,11.067,90.3583,0.4798,3.7563,0.8662,2.9225,0.0555,5.2719,0.012,0.0
1700,28.371,canny_hough,pid,1,0,0,0.0,0.0,,,0.0,54.4723,1.0,HOLD,3.975,-0.048,0.0051,100.0,67.5,20.3553,15.6133,64.048,0.5076,1.2222,0.4796,1.3564,0.0664,5.5409,0.0094,0.0
1701,28.3979,canny_hough,pid,1,0,0,0.0,0.0,,,0.0,38.1306,1.0,HOLD,3.975,-0.048,0.0051,100.0,67.5,33.6981,11.5526,86.5605,0.4632,1.3912,0.5417,3.1616,0.0449,5.2129,0.009,8.6997
1702,28.4109,canny_hough,pid,1,0,0,0.0,0.0,,,0.0,26.6914,1.0,HOLD,3.975,-0.048,0.0051,100.0,67.5,31.1461,27.1014,36.8984,0.4981,1.2961,0.4814,1.7508,0.0881,6.5428,0.008,0.0
1703,28.4261,canny_hough,pid,1,0,0,0.0,0.0,,,0.0,18.684,1.0,HOLD,3.975,-0.048,0.0051,100.0,67.5,46.3713,13.1497,76.0476,0.7092,2.7179,0.5382,2.1182,0.0583,6.5704,0.0095,0.0
1704,28.4403,canny_hough,pid,1,0,0,0.0,0.0,,,0.0,13.0788,1.0,HOLD,3.975,-0.048,0.0051,100.0,67.5,25.8373,14.7376,67.8535,0.4941,1.3217,0.5383,1.5004,0.0553,8.203,0.0097,0.0
1705,28.4714,canny_hough,pid,1,0,0,0.0,0.0,,,0.0,9.1552,1.0,HOLD,3.975,-0.048,0.0051,100.0,67.5,41.7497,14.9892,66.7147,0.489,1.4428,1.8025,1.3969,0.0733,7.7337,0.0115,10.6824
1706,28.483,canny_hough,pid,1,1,1,0.6,65.6807,-87.0202,,-94.3193,-21.8872,-1.0,LEFT,-2.358,-0.048,-3.0694,67.5,100.0,23.5696,30.9129,32.3489,0.7079,1.3428,0.4533,1.2275,0.1095,5.077,0.1728,0.0
1707,28.4935,canny_hough,pid,1,1,1,0.6,85.8225,-66.8785,,-74.1775,-37.5743,-1.0,LEFT,-1.8544,-0.048,-1.4454,67.5,100.0,18.9311,10.7412,93.0993,0.447,1.1997,0.4948,1.2103,0.0514,4.9458,0.2117,0.0
1708,28.5044,canny_hough,pid,1,1,1,0.6,85.8225,-66.8785,,-74.1775,-48.5552,-1.0,LEFT,-1.8544,-0.048,-1.0118,67.5,100.0,29.8338,10.7669,92.8768,0.4612,1.1593,0.4659,1.4703,0.0897,4.9744,0.1694,0.0
1709,28.5322,canny_hough,pid,1,1,1,0.6,85.8225,-66.8785,,-74.1775,-56.2419,-1.0,LEFT,-1.8544,-0.048,-0.7082,67.5,100.0,41.4577,11.6247,86.0238,0.4773,0.7475,0.4646,2.3294,0.0564,4.7293,0.1825,9.6623
1710,28.5461,canny_hough,pid,1,1,1,0.6,110.431,-42.27,,-49.569,-54.24,-1.0,LEFT,-1.2392,-0.048,-0.1659,67.5,100.0,40.0935,27.972,35.7501,0.6435,1.9029,0.5192,1.8688,0.0583,5.893,0.1846,0.0
1711,28.5586,canny_hough,pid,1,1,1,0.6,131.4471,-21.2539,,-28.5529,-46.5339,-0.2672,LEFT,-0.7138,-0.0514,0.4981,56.8717,80.9152,22.7918,12.8311,77.9355,0.4777,1.236,0.5179,1.2781,0.0545,7.019,0.1656,0.0
1712,28.5737,canny_hough,pid,1,1,1,0.6,131.4471,-21.2539,,-28.5529,-41.1396,-0.4201,LEFT,-0.7138,-0.055,0.3487,52.0759,85.7332,37.8682,13.1343,76.1363,0.4574,2.2828,0.5621,2.71,0.0522,6.4588,0.1656,0.0
1713,28.6035,canny_hough,pid,1,1,1,0.6,131.4471,-21.2539,,-28.5529,-37.3636,-0.5287,LEFT,-0.7138,-0.059,0.2441,58.4306,89.1549,50.2661,15.0346,66.5132,0.4977,1.2401,0.4875,1.2318,0.0587,6.2899,0.1969,11.1669
1714,28.6143,canny_hough,pid,1,1,1,0.6,106.992,-45.709,,-53.008,-42.0569,-1.0,LEFT,-1.3252,-0.059,-0.1428,67.5,100.0,14.3767,29.2396,34.2002,0.5164,1.1755,0.4462,1.1634,0.0529,5.4663,0.1718,0.0
1715,28.6261,canny_hough,pid,1,1,1,0.6,106.992,-45.709,,-53.008,-45.3422,-1.0,LEFT,-1.3252,-0.059,-0.1,67.5,100.0,26.1512,10.985,91.0335,0.4526,1.2277,0.5249,1.1747,0.0564,5.9442,0.1934,0.0
1716,28.6423,canny_hough,pid,1,1,1,0.6,106.992,-45.709,,-53.008,-47.642,-1.0,LEFT,-1.3252,-0.059,-0.07,67.5,100.0,42.4468,11.652,85.8223,0.4836,1.1921,0.5597,3.8684,0.0603,8.0811,0.1735,0.0
1717,28.6737,canny_hough,pid,1,1,1,0.6,86.91,-65.7909,,-73.09,-55.2764,-1.0,LEFT,-1.8272,-0.059,-0.5134,67.5,100.0,25.802,16.2169,61.6639,0.4548,2.6085,0.5023,3.0745,0.078,5.6421,0.1831,12.9698
1718,28.6858,canny_hough,pid,1,0,0,0.0,0.0,,,0.0,-38.6935,-1.0,HOLD,-1.8272,-0.059,-0.5134,67.5,100.0,12.4743,31.344,31.904,0.4523,1.1419,0.4416,1.625,0.0535,6.4566,0.0082,0.0
1719,28.6991,canny_hough,pid,1,0,0,0.0,0.0,,,0.0,-27.0854,-1.0,HOLD,-1.8272,-0.059,-0.5134,67.5,100.0,25.7318,12.3959,80.6717,0.463,0.7609,0.4422,2.6606,0.0648,6.588,0.009,0.0
1720,28.7093,canny_hough,pid,1,0,0,0.0,0.0,,,0.0,-18.9598,-1.0,HOLD,-1.8272,-0.059,-0.5134,67.5,100.0,13.5119,12.9367,77.2995,0.4472,0.7993,0.4421,0.8802,0.0511,5.7208,0.0092,0.0
1721,28.743,canny_hough,pid,1,0,0,0.0,0.0,,,0.0,-13.2719,-1.0,HOLD,-1.8272,-0.059,-0.5134,67.5,100.0,32.0433,10.2743,97.3302,0.4599,1.6495,0.663,1.0252,0.0757,12.6812,0.0106,9.3857
1722,28.7563,canny_hough,pid,1,0,0,0.0,0.0,,,0.0,-9.2903,-1.0,HOLD,-1.8272,-0.059,-0.5134,67.5,100.0,35.479,34.2339,29.2108,0.6017,1.2565,0.5059,2.5537,0.053,5.9088,0.0078,0.0
1723,28.7693,canny_hough,pid,1,0,0,0.0,0.0,,,0.0,-6.5032,-1.0,HOLD,-1.8272,-0.059,-0.5134,67.5,100.0,48.4191,13.0724,76.4973,0.5183,1.2065,0.4664,2.5696,0.0556,5.7999,0.009,0.0
1724,28.7823,canny_hough,pid,1,0,0,0.0,0.0,,,0.0,-4.5522,-1.0,HOLD,-1.8272,-0.059,-0.5134,67.5,100.0,25.2624,12.9702,77.0999,0.4578,1.2296,0.4436,1.5226,0.0802,5.8389,0.0087,0.0
1725,28.811,canny_hough,pid,1,0,0,0.0,0.0,,,0.0,-3.1866,-1.0,HOLD,-1.8272,-0.059,-0.5134,67.5,100.0,38.4271,13.841,72.2489,0.5675,1.9253,0.921,1.3345,0.0433,5.3545,0.0109,9.8202
1726,28.8273,canny_hough,pid,1,0,0,0.0,0.0,,,0.0,-2.2306,-1.0,HOLD,-1.8272,-0.059,-0.5134,67.5,100.0,39.2277,27.9683,35.7548,0.4864,2.0887,0.5686,5.9528,0.0461,4.9625,0.008,0.0
1727,28.8364,canny_hough,pid,1,1,1,0.45,319.0,,517.0458,159.0,46.1386,1.0,RIGHT,3.975,-0.059,5.0858,100.0,67.5,15.0306,15.9837,62.5639,0.4589,0.7845,0.4548,1.149,0.0511,4.2098,0.1783,0.0
1728,28.847,canny_hough,pid,1,1,1,0.45,319.0,,517.0458,159.0,79.997,1.0,RIGHT,3.975,-0.059,3.5601,100.0,67.5,25.6197,9.1143,109.7173,0.4634,1.6744,0.601,1.2523,0.0629,4.5025,0.1752,0.0
1729,28.8725,canny_hough,pid,1,1,1,0.45,319.0,,517.0458,159.0,103.6979,1.0,RIGHT,3.975,-0.059,2.4921,100.0,67.5,37.0773,11.3439,88.1534,0.79,1.1326,0.8299,1.5884,0.0592,4.1777,0.2307,9.4335
1730,28.8842,canny_hough,pid,1,1,1,0.45,319.0,,528.2921,159.0,120.2885,1.0,RIGHT,3.975,-0.059,1.7444,100.0,67.5,31.7933,24.8644,40.2181,0.4533,0.8348,0.498,2.8987,0.0522,4.7053,0.212,0.0
1731,28.898,canny_hough,pid,1,1,1,0.45,319.0,,528.2921,159.0,131.902,1.0,RIGHT,3.975,-0.059,1.2211,100.0,67.5,45.6202,11.9381,83.7653,0.503,2.029,1.0648,2.5294,0.0605,5.1256,0.1922,0.0
1732,28.9115,canny_hough,pid,1,1,1,0.6,319.0,,539.2128,159.0,140.0314,1.0,RIGHT,3.975,-0.059,0.8548,100.0,67.5,22.0106,13.7922,72.5048,0.5944,2.106,0.7155,1.7311,0.0747,5.7501,0.1716,0.0
1733,28.9382,canny_hough,pid,1,1,1,0.6,319.0,,539.2128,159.0,145.722,1.0,RIGHT,3.975,-0.059,0.5983,100.0,67.5,33.8955,13.5986,73.5372,0.4947,2.232,0.5257,1.3962,0.0405,4.7624,0.1812,8.6662
1734,28.9499,canny_hough,pid,1,1,1,0.6,319.0,,490.4221,159.0,149.7054,1.0,RIGHT,3.975,-0.059,0.4188,100.0,67.5,32.4921,26.4491,37.8085,0.4535,1.2411,0.4781,1.0502,0.0677,6.1178,0.1882,0.0
1735,28.9623,canny_hough,pid,1,1,1,0.6,319.0,,490.4221,159.0,152.4938,1.0,RIGHT,3.975,-0.059,0.2932,100.0,67.5,44.9136,12.1779,82.1163,0.4918,1.2599,0.4843,1.5051,0.0573,5.7831,0.2025,0.0
1736,28.9753,canny_hough,pid,1,1,1,0.6,319.0,,545.772,159.0,154.4456,1.0,RIGHT,3.975,-0.059,0.2052,100.0,67.5,18.0165,12.0008,83.3276,0.4745,2.4865,0.5107,1.6326,0.0667,5.3267,0.1971,0.0
1737,29.0047,canny_hough,pid,1,1,1,0.6,319.0,,545.772,159.0,155.8119,1.0,RIGHT,3.975,-0.059,0.1437,100.0,67.5,29.4806,12.8995,77.5224,0.5094,1.1705,0.4972,1.4076,0.064,5.3127,0.2448,11.9486
1738,29.0291,canny_hough,pid,1,1,1,0.6,319.0,,545.772,159.0,156.7684,1.0,RIGHT,3.975,-0.059,0.1006,100.0,67.5,71.7363,29.262,34.174,0.4887,1.4944,0.5459,5.4865,0.0572,10.6592,3.4849,0.0
1739,29.0541,canny_hough,pid,1,1,1,0.45,319.0,,507.6938,159.0,157.4379,1.0,RIGHT,3.975,-0.059,0.0704,100.0,67.5,37.6604,27.1294,36.8603,0.5868,5.8945,6.4777,1.5507,0.0801,5.3107,0.2881,0.0
1740,29.0755,canny_hough,pid,1,0,0,0.0,0.0,,,0.0,110.2065,1.0,HOLD,3.975,-0.059,0.0704,100.0,67.5,26.148,24.322,41.115,0.4985,5.0865,2.5749,3.411,0.1516,5.1223,0.0096,0.0
1741,29.1187,canny_hough,pid,1,0,0,0.0,0.0,,,0.0,77.1445,1.0,HOLD,3.975,-0.059,0.0704,100.0,67.5,46.0941,23.0266,43.428,0.4836,2.6903,0.5238,3.3435,0.0548,6.4645,0.0104,18.731
1742,29.1327,canny_hough,pid,1,0,0,0.0,0.0,,,0.0,54.0012,1.0,HOLD,3.975,-0.059,0.0704,100.0,67.5,31.3875,39.7826,25.1366,0.5055,2.4789,0.605,1.665,0.0737,6.239,0.0103,0.0
1743,29.151,canny_hough,pid,1,0,0,0.0,0.0,,,0.0,37.8008,1.0,HOLD,3.975,-0.059,0.0704,100.0,67.5,49.7338,15.0386,66.4957,0.4871,6.788,0.5347,1.4906,0.0687,5.6079,0.0096,0.0
1744,29.1718,canny_hough,pid,1,1,1,0.45,109.1629,-43.538,,-50.8371,11.2095,-1.0,LEFT,-1.2709,-0.059,-4.5821,67.5,100.0,34.1408,16.9904,58.8568,0.4853,3.1906,0.5105,9.2141,0.0429,5.2683,0.211,0.0
1745,29.2015,canny_hough,pid,1,1,1,0.45,109.1629,-43.538,,-50.8371,-7.4045,-1.0,LEFT,-1.2709,-0.059,-3.2075,67.5,100.0,44.5182,21.0304,47.5502,0.4893,1.2331,0.4997,1.2947,0.0845,4.3826,0.179,13.6934
1746,29.2136,canny_hough,pid,1,1,1,0.6,123.5934,-29.1076,,-36.4066,-16.1051,-1.0,LEFT,-0.9102,-0.059,-2.0613,67.5,100.0,21.0267,29.4232,33.9868,0.4722,2.5272,0.4963,1.2587,0.055,5.1583,0.2314,0.0
1747,29.2307,canny_hough,pid,1,1,1,0.6,123.5934,-29.1076,,-36.4066,-22.1956,-1.0,LEFT,-0.9102,-0.059,-1.4429,67.5,100.0,38.1324,12.3896,80.7127,0.5183,5.3262,0.5603,2.2656,0.0437,5.9978,0.2111,0.0
1748,29.2474,canny_hough,pid,1,1,1,0.6,133.1401,-19.5609,,-26.8599,-23.5949,-1.0,LEFT,-0.6715,-0.059,-0.7968,67.5,100.0,19.7208,16.7889,59.5632,0.4619,3.2374,0.5275,2.2232,0.0644,7.9248,0.3156,0.0
1749,29.2892,canny_hough,pid,1,1,1,0.6,133.1401,-19.5609,,-26.8599,-24.5744,-1.0,LEFT,-0.6715,-0.059,-0.5578,67.5,100.0,42.9749,17.2248,58.0557,0.5568,7.0931,0.5975,4.7282,0.0546,6.7909,0.1982,11.6412
1750,29.3085,canny_hough,pid,1,1,1,0.6,133.7694,-18.9316,,-26.2306,-25.0712,-1.0,LEFT,-0.6558,-0.059,-0.3847,67.5,100.0,42.4112,41.4445,24.1287,0.4768,3.5908,0.5491,6.1499,0.0517,6.1181,0.2095,0.0
1751,29.3276,canny_hough,pid,1,1,1,0.6,127.2277,-25.4733,,-32.7723,-27.3815,-1.0,LEFT,-0.8193,-0.059,-0.395,67.5,100.0,25.5521,19.5198,51.2301,0.4821,2.7613,0.8321,2.6116,0.5289,9.2615,0.2049,0.0
1752,29.345,canny_hough,pid,1,1,1,0.6,120.5526,-32.1484,,-39.4474,-31.0013,-1.0,LEFT,-0.9862,-0.059,-0.4097,67.5,100.0,22.9042,18.7902,53.2192,0.6132,3.7611,0.656,3.9623,0.1638,5.8753,0.2302,0.0
1753,29.375,canny_hough,pid,1,1,1,0.6,120.5526,-32.1484,,-39.4474,-33.5351,-1.0,LEFT,-0.9862,-0.059,-0.2868,67.5,100.0,38.5651,17.6342,56.708,0.5629,2.5586,1.6741,2.5056,0.0671,5.1327,0.1699,10.0792
1754,29.3875,canny_hough,pid,1,1,1,0.6,107.4185,-45.2825,,-52.5815,-39.249,-1.0,LEFT,-1.3145,-0.059,-0.3666,67.5,100.0,30.9627,29.7061,33.6632,0.4485,3.1119,0.756,2.2109,0.0497,3.935,0.1767,0.0
1755,29.3966,canny_hough,pid,1,1,1,0.45,101.1525,-51.5485,,-58.8475,-45.1286,-1.0,LEFT,-1.4712,-0.059,-0.4444,67.5,100.0,14.7348,12.5106,79.9322,0.5089,1.154,0.4853,1.2061,0.0546,3.7111,0.1795,0.0
1756,29.4061,canny_hough,pid,1,1,1,0.45,101.1525,-51.5485,,-58.8475,-49.2442,-1.0,LEFT,-1.4712,-0.059,-0.3111,67.5,100.0,24.1494,9.568,104.5154,0.4695,0.7523,0.4461,1.2604,0.0556,3.9907,0.1825,0.0
1757,29.4329,canny_hough,pid,1,1,1,0.45,101.1525,-51.5485,,-58.8475,-52.1252,-1.0,LEFT,-1.4712,-0.059,-0.2178,67.5,100.0,36.2156,9.0496,110.5016,0.4667,2.0366,1.1816,2.3895,0.0532,3.7805,0.1726,8.9534
1758,29.4437,canny_hough,pid,1,1,1,0.15,80.2161,-72.4848,,-79.7839,-60.4228,-1.0,LEFT,-1.9946,-0.059,-0.4432,67.5,100.0,29.3888,27.0047,37.0306,0.4688,1.8337,0.5405,2.5926,0.0599,3.1352,0.1707,0.0
1759,29.4569,canny_hough,pid,1,1,1,0.15,80.2161,-72.4848,,-79.7839,-66.2311,-1.0,LEFT,-1.9946,-0.059,-0.3102,67.5,100.0,42.5517,11.5703,86.4281,0.7617,4.0808,0.6535,1.5693,0.0544,3.033,0.1855,0.0
1760,29.4662,canny_hough,pid,1,1,1,0.15,80.2161,-72.4848,,-79.7839,-70.2969,-1.0,LEFT,-1.9946,-0.059,-0.2172,67.5,100.0,51.7438,12.4094,80.5843,0.4978,1.3301,0.4749,1.3897,0.0525,3.1065,0.2625,0.0
1761,29.4936,canny_hough,pid,1,0,0,0.0,0.0,,,0.0,-49.2079,-1.0,HOLD,-1.9946,-0.059,-0.2172,67.5,100.0,19.4132,9.1495,109.2958,0.4548,1.203,0.4708,2.3204,0.087,4.2183,0.009,11.1894
1762,29.503,canny_hough,pid,1,1,1,0.15,319.0,,511.4545,159.0,13.2545,1.0,RIGHT,3.975,-0.059,3.1109,100.0,67.5,20.523,27.4428,36.4394,0.4989,1.2768,0.5847,1.2904,0.0885,3.4532,0.1831,0.0
1763,29.5135,canny_hough,pid,1,1,1,0.15,319.0,,511.4545,159.0,56.9781,1.0,RIGHT,3.975,-0.059,2.1776,100.0,67.5,30.983,9.4339,106.0012,0.4789,1.283,0.5104,2.9566,0.0444,2.9423,0.1864,0.0
1764,29.5246,canny_hough,pid,1,1,1,0.15,319.0,,511.4545,159.0,87.5847,1.0,RIGHT,3.975,-0.059,1.5244,100.0,67.5,42.1441,11.3922,87.779,0.7305,1.7658,0.5289,2.1148,0.0521,2.8871,0.1795,0.0
1765,29.5493,canny_hough,pid,1,1,1,0.45,319.0,,490.5969,159.0,109.0093,1.0,RIGHT,3.975,-0.059,1.067,100.0,67.5,17.4346,10.0108,99.8924,0.449,1.1945,0.4687,1.5338,0.0604,3.7597,0.1808,11.4692
1766,29.5605,canny_hough,pid,1,1,1,0.6,319.0,,474.8759,159.0,124.0065,1.0,RIGHT,3.975,-0.059,0.7469,100.0,67.5,18.3809,24.6514,40.5656,0.4446,1.1321,0.4827,2.8139,0.0548,4.238,0.1941,0.0
1767,29.571,canny_hough,pid,1,1,1,0.6,319.0,,474.8759,159.0,134.5046,1.0,RIGHT,3.975,-0.059,0.5229,100.0,67.5,28.9302,11.4533,87.3108,0.4608,1.1775,0.4951,1.6209,0.0786,4.3786,0.1749,0.0
1768,29.5818,canny_hough,pid,1,1,1,0.6,319.0,,474.8759,159.0,141.8532,1.0,RIGHT,3.975,-0.059,0.366,100.0,67.5,39.7707,10.7609,92.9294,0.6245,1.5336,0.4961,1.5511,0.0572,4.1428,0.1802,0.0
1769,29.6094,canny_hough,pid,1,1,1,0.6,287.2958,,439.9968,127.2958,137.486,1.0,RIGHT,3.1824,-0.059,-0.8807,100.0,67.5,17.4537,10.4573,95.6268,0.4646,1.16,0.5175,1.2949,0.0573,4.4708,0.1882,11.6619
1770,29.6191,canny_hough,pid,1,1,1,0.6,289.3676,,442.0686,129.3676,135.0505,1.0,RIGHT,3.2342,-0.059,-0.5883,100.0,67.5,17.6151,27.5477,36.3006,0.4451,1.1545,0.4429,1.3148,0.0527,4.2609,0.1776,0.0
1771,29.6296,canny_hough,pid,1,1,1,0.6,289.3676,,442.0686,129.3676,133.3456,1.0,RIGHT,3.2342,-0.059,-0.4118,100.0,67.5,28.0896,9.5647,104.5513,0.4542,1.237,0.4897,1.8314,0.0603,4.4052,0.2348,0.0
1772,29.6429,canny_hough,pid,1,1,1,0.6,289.3676,,442.0686,129.3676,132.1522,1.0,RIGHT,3.2342,-0.059,-0.2883,100.0,67.5,41.4483,11.1626,89.5851,0.6065,2.9756,0.9805,1.5024,0.0636,4.4859,0.2203,0.0
1773,29.671,canny_hough,pid,1,1,1,0.3,319.0,,480.0788,159.0,140.2066,1.0,RIGHT,3.975,-0.059,0.6536,100.0,67.5,18.2674,12.9909,76.9772,0.5098,1.3538,0.4789,2.8846,0.0586,3.1957,0.314,10.055
1774,29.68,canny_hough,pid,1,1,1,0.15,318.0359,,470.7368,158.0359,145.5553,1.0,RIGHT,3.9509,-0.059,0.4446,100.0,67.5,9.1985,27.9578,35.7682,0.4663,1.2693,0.4754,1.5905,0.0837,3.0762,0.1859,0.0
1775,29.6901,canny_hough,pid,1,1,1,0.15,318.0359,,470.7368,158.0359,149.2995,1.0,RIGHT,3.9509,-0.059,0.3112,100.0,67.5,19.2594,8.9487,111.7486,0.4645,1.1443,0.4465,1.7412,0.1242,4.0158,0.2329,0.0
1776,29.7005,canny_hough,pid,1,1,1,0.15,318.0359,,470.7368,158.0359,151.9204,1.0,RIGHT,3.9509,-0.059,0.2178,100.0,67.5,29.6605,10.1738,98.2918,0.48,1.4692,0.5651,0.8315,0.0657,4.8392,0.197,0.0
1777,29.7244,canny_hough,pid,1,1,1,0.15,318.0359,,470.7368,158.0359,153.755,1.0,RIGHT,3.9509,-0.059,0.1525,100.0,67.5,37.6355,10.8446,92.2122,0.4479,0.6988,0.4361,0.9104,0.054,2.8634,0.1779,11.0701
1778,29.7343,canny_hough,pid,1,0,0,0.0,0.0,,,0.0,107.6285,1.0,HOLD,3.9509,-0.059,0.1525,100.0,67.5,32.6522,23.8649,41.9026,0.4681,1.338,0.5429,3.0613,0.0434,1.9572,0.0095,0.0
1779,29.7426,canny_hough,pid,1,0,0,0.0,0.0,,,0.0,75.34,1.0,HOLD,3.9509,-0.059,0.1525,100.0,67.5,11.3786,9.3504,106.9477,0.4592,2.2723,0.5246,1.3629,0.0592,1.6644,0.0104,0.0
1780,29.7505,canny_hough,pid,1,0,0,0.0,0.0,,,0.0,52.738,1.0,HOLD,3.9509,-0.059,0.1525,100.0,67.5,19.2865,8.3611,119.602,0.465,1.2402,0.5159,1.9894,0.052,1.7122,0.0098,0.0
1781,29.7749,canny_hough,pid,1,0,0,0.0,0.0,,,0.0,36.9166,1.0,HOLD,3.9509,-0.059,0.1525,100.0,67.5,26.1933,7.747,129.0828,0.4498,1.1875,0.4729,1.2524,0.0527,1.588,0.0111,11.8772
1782,29.7825,canny_hough,pid,1,1,1,0.15,100.051,-52.65,,-59.949,7.8569,-1.0,LEFT,-1.4987,-0.059,-3.2373,67.5,100.0,18.8148,24.4446,40.9089,0.4485,0.7516,0.4434,0.7859,0.0526,3.1897,0.1958,0.0
1783,29.791,canny_hough,pid,1,1,1,0.15,100.051,-52.65,,-59.949,-12.4849,-1.0,LEFT,-1.4987,-0.059,-2.2661,67.5,100.0,27.3039,8.0014,124.9776,0.4538,0.8562,0.4754,1.2959,0.0643,3.0052,0.1843,0.0
1784,29.7994,canny_hough,pid,1,1,1,0.15,100.051,-52.65,,-59.949,-26.7241,-1.0,LEFT,-1.4987,-0.059,-1.5863,67.5,100.0,35.6687,8.2229,121.6117,0.4691,1.0203,0.7603,1.0548,0.0583,2.9705,0.193,0.0
1785,29.8293,canny_hough,pid,1,1,1,0.15,100.051,-52.65,,-59.949,-36.6916,-1.0,LEFT,-1.4987,-0.059,-1.1104,67.5,100.0,45.2201,8.4081,118.933,0.5623,1.3323,0.572,1.4826,0.072,3.3747,0.1793,9.9159
1786,29.8387,canny_hough,pid,1,1,1,0.3,105.667,-47.034,,-54.333,-41.984,-1.0,LEFT,-1.3583,-0.059,-0.7085,67.5,100.0,32.5602,30.6203,32.6581,0.4541,1.1274,0.4814,1.0826,0.0534,3.4934,0.1822,0.0
1787,29.8498,canny_hough,pid,1,1,1,0.6,118.4345,-34.2665,,-41.5655,-41.8585,-1.0,LEFT,-1.0391,-0.059,0.0615,67.5,100.0,19.7105,8.5891,116.4269,0.459,0.7527,0.4483,1.5357,0.0671,5.7947,0.2065,0.0
1788,29.8613,canny_hough,pid,1,1,1,0.6,118.4345,-34.2665,,-41.5655,-41.7706,-1.0,LEFT,-1.0391,-0.059,0.043,67.5,100.0,31.2133,11.1626,89.5847,0.4786,1.4874,0.8488,1.4879,0.0561,4.9535,0.1777,0.0
1789,29.8921,canny_hough,pid,1,1,0,0.5,118.9452,-26.3433,264.2338,-41.0548,-41.5558,-1.0,LEFT,-1.0264,-0.059,0.0468,67.5,100.0,22.4016,11.4926,87.0124,0.4598,1.1679,0.4766,1.6813,0.0592,8.7804,0.2087,11.8435
1790,29.9019,canny_hough,pid,1,1,1,0.45,111.6065,-40.7239,,-48.3935,-43.6071,-1.0,LEFT,-1.2098,-0.059,-0.0557,67.5,100.0,16.6196,31.1273,32.1262,0.4661,1.6783,0.484,1.3903,0.0664,3.3428,0.1957,0.0
1791,29.9126,canny_hough,pid,1,1,1,0.45,111.6065,-40.7239,,-48.3935,-45.0431,-1.0,LEFT,-1.2098,-0.059,-0.039,67.5,100.0,27.3677,9.4357,105.9807,0.456,1.1886,0.5983,3.177,0.0582,3.3059,0.1702,0.0
1792,29.9256,canny_hough,pid,1,1,1,0.45,111.6065,-40.7239,,-48.3935,-46.0482,-1.0,LEFT,-1.2098,-0.059,-0.0273,67.5,100.0,40.3049,10.8609,92.0734,0.748,3.4663,0.6995,2.5828,0.0422,3.2741,0.2343,0.0
1793,29.949,canny_hough,pid,1,1,1,0.15,102.7589,-49.5714,,-57.2411,-49.4061,-1.0,LEFT,-1.431,-0.059,-0.2804,67.5,100.0,13.0475,12.6951,78.7703,0.4501,0.7752,0.4584,0.9509,0.0544,4.099,0.1707,8.875
1794,29.9594,canny_hough,pid,1,1,1,0.15,102.7589,-49.5714,,-57.2411,-51.7566,-1.0,LEFT,-1.431,-0.059,-0.1963,67.5,100.0,38.2645,23.8019,42.0134,0.4631,1.1695,0.4793,1.6762,0.0521,4.3122,0.1773,0.0
1795,29.9663,canny_hough,pid,1,0,0,0.0,0.0,,,0.0,-36.2296,-1.0,HOLD,-1.431,-0.059,-0.1963,67.5,100.0,16.6064,10.3469,96.6473,0.5063,1.1954,0.4947,1.619,0.0556,0.8552,0.0104,0.0
1796,29.9737,canny_hough,pid,1,0,0,0.0,0.0,,,0.0,-25.3607,-1.0,HOLD,-1.431,-0.059,-0.1963,67.5,100.0,24.0342,7.0476,141.8922,0.4868,1.4756,0.4871,1.4047,0.0579,0.8828,0.0104,0.0
1797,29.9981,canny_hough,pid,1,0,0,0.0,0.0,,,0.0,-17.7525,-1.0,HOLD,-1.431,-0.059,-0.1963,67.5,100.0,33.5111,7.2912,137.1508,0.4868,1.2311,0.5755,4.1474,0.0495,0.7258,0.0107,9.5308
1798,30.0055,canny_hough,pid,1,0,0,0.0,0.0,,,0.0,-12.4267,-1.0,HOLD,-1.431,-0.059,-0.1963,67.5,100.0,11.1537,24.1813,41.3543,0.4563,1.1642,0.6756,2.0459,0.0523,0.8573,0.0112,0.0
1799,30.0145,canny_hough,pid,1,0,0,0.0,0.0,,,0.0,-8.6987,-1.0,HOLD,-1.431,-0.059,-0.1963,67.5,100.0,20.1879,7.8258,127.7831,0.4695,1.267,0.5683,2.6731,0.0452,1.313,0.0103,0.0
1800,30.0217,canny_hough,pid,1,0,0,0.0,0.0,,,0.0,-6.0891,-1.0,HOLD,-1.431,-0.059,-0.1963,67.5,100.0,27.4452,8.5565,116.8698,0.4606,1.3809,0.6486,1.9305,0.0398,0.8468,0.0098,0.0
1801,30.0435,canny_hough,pid,1,0,0,0.0,0.0,,,0.0,-4.2624,-1.0,HOLD,-1.431,-0.059,-0.1963,67.5,100.0,8.1066,7.0874,141.0945,0.5036,0.8058,0.5163,1.2853,0.0723,0.9177,0.0111,9.7457
1802,30.0509,canny_hough,pid,1,0,0,0.0,0.0,,,0.0,-2.9837,-1.0,HOLD,-1.431,-0.059,-0.1963,67.5,100.0,31.2413,21.8432,45.7808,0.4548,1.8793,0.5411,1.3412,0.0538,1.0773,0.0107,0.0
1803,30.0575,canny_hough,pid,1,0,0,0.0,0.0,,,0.0,-2.0886,-1.0,HOLD,-1.431,-0.059,-0.1963,67.5,100.0,12.2639,7.4921,133.4735,0.4694,1.3796,0.5125,1.2647,0.055,0.8488,0.0105,0.0
1804,30.0644,canny_hough,pid,1,0,0,0.0,0.0,,,0.0,-1.462,-1.0,HOLD,-1.431,-0.059,-0.1963,67.5,100.0,19.0694,6.6241,150.9646,0.4628,1.2248,0.5181,1.4528,0.0702,0.9789,0.0121,0.0
1805,30.0871,canny_hough,pid,1,0,0,0.0,0.0,,,0.0,-1.0234,-1.0,HOLD,-1.431,-0.059,-0.1963,67.5,100.0,27.4421,6.9709,143.4538,0.5381,1.2476,0.4932,2.2622,0.0677,1.0487,0.0099,10.5881
1806,30.096,canny_hough,pid,1,0,0,0.0,0.0,,,0.0,-0.7164,-1.0,HOLD,-1.431,-0.059,-0.1963,67.5,100.0,18.2327,22.7443,43.967,0.512,0.7985,0.4571,1.5043,0.0514,3.2599,0.0093,0.0
1807,30.1044,canny_hough,pid,1,0,0,0.0,0.0,,,0.0,-0.5015,-1.0,HOLD,-1.431,-0.059,-0.1963,67.5,100.0,26.6441,8.7397,114.4204,0.4758,0.783,0.4747,0.9227,0.057,3.7673,0.0101,0.0
1808,30.1138,canny_hough,pid,1,0,0,0.0,0.0,,,0.0,-0.351,-1.0,HOLD,-1.431,-0.059,-0.1963,67.5,100.0,35.9443,9.3104,107.4066,0.7537,0.7215,0.4583,1.4529,0.0511,2.9299,0.0131,0.0
1809,30.1402,canny_hough,pid,1,1,1,0.15,307.5268,,459.8571,147.5268,44.0123,1.0,RIGHT,3.6882,-0.059,8.9689,100.0,67.5,17.8794,8.4324,118.59,0.4733,1.1999,0.5686,1.2697,0.0519,5.1072,0.1764,10.068
1810,30.1517,canny_hough,pid,1,1,1,0.3,234.8527,,387.183,74.8527,53.2644,1.0,RIGHT,1.8713,-0.059,5.2495,100.0,67.5,12.1785,26.4924,37.7467,0.4622,1.1799,0.4554,1.7548,0.0623,5.5529,0.1804,0.0
1811,30.1635,canny_hough,pid,1,1,1,0.3,234.8527,,387.183,74.8527,59.7409,1.0,RIGHT,1.8713,-0.059,3.6747,100.0,67.5,23.9919,11.6522,85.8208,0.4947,1.1762,0.4612,1.5528,0.0572,5.7767,0.184,0.0
1812,30.1765,canny_hough,pid,1,1,1,0.3,234.8527,,387.183,74.8527,64.2744,1.0,RIGHT,1.8713,-0.059,2.5723,100.0,67.5,37.0225,11.7217,85.3121,0.4955,1.229,0.6031,1.8158,0.0561,6.6167,0.1711,0.0
1813,30.2052,canny_hough,pid,1,1,1,0.3,234.8527,,387.183,74.8527,67.4479,1.0,RIGHT,1.8713,-0.059,1.8006,100.0,67.5,49.3203,13.1453,76.0729,0.4882,1.2173,0.6138,2.1661,0.0518,5.4668,0.239,11.8977
1814,30.2158,canny_hough,pid,1,1,1,0.6,216.6626,,368.9929,56.6626,64.2123,1.0,RIGHT,1.4166,-0.059,1.0212,100.0,67.5,15.3484,28.5212,35.0617,0.4494,1.1464,0.48,1.6479,0.0551,4.6383,0.1775,0.0
1815,30.2263,canny_hough,pid,1,1,1,0.6,216.6626,,368.9929,56.6626,61.9474,1.0,RIGHT,1.4166,-0.059,0.7149,100.0,67.5,25.8998,10.5295,94.9717,0.5384,1.2,0.5248,1.2697,0.0709,4.8166,0.1946,0.0
1816,30.2374,canny_hough,pid,1,1,1,0.6,216.6626,,368.9929,56.6626,60.3619,1.0,RIGHT,1.4166,-0.059,0.5004,100.0,67.5,36.9302,11.0553,90.4541,0.796,1.011,0.7444,1.3391,0.0607,4.4905,0.1724,0.0
1817,30.2614,canny_hough,pid,1,1,1,0.45,220.2679,,372.5983,60.2679,60.3337,1.0,RIGHT,1.5067,-0.059,0.4807,100.0,67.5,14.9132,10.3692,96.4395,0.4547,1.1635,0.4583,1.2662,0.0503,3.5934,0.1879,9.1031
1818,30.2702,canny_hough,pid,1,1,1,0.45,220.2679,,372.5983,60.2679,60.314,1.0,RIGHT,1.5067,-0.059,0.3365,100.0,67.5,38.9561,24.0992,41.4952,0.456,1.1453,0.4417,1.291,0.058,3.5464,0.1808,0.0
1819,30.2822,canny_hough,pid,1,1,1,0.15,260.1141,,412.4444,100.1141,72.254,1.0,RIGHT,2.5029,-0.059,1.9221,100.0,67.5,16.8849,8.8597,112.8707,0.4561,1.1926,0.5538,1.7356,0.0693,5.8861,0.1951,0.0
1820,30.2949,canny_hough,pid,1,1,1,0.15,260.1141,,412.4444,100.1141,80.612,1.0,RIGHT,2.5029,-0.059,1.3455,100.0,67.5,29.6118,12.2066,81.9229,0.4574,1.292,0.6238,2.2314,0.0618,5.7941,0.1906,0.0
1821,30.3281,canny_hough,pid,1,1,1,0.15,260.1141,,412.4444,100.1141,86.4626,1.0,RIGHT,2.5029,-0.059,0.9418,100.0,67.5,46.2764,12.735,78.5236,0.5019,2.9387,0.6032,5.0394,0.0542,5.3258,0.1881,11.3079
1822,30.3379,canny_hough,pid,1,0,0,0.0,0.0,,,0.0,60.5239,1.0,HOLD,2.5029,-0.059,0.9418,100.0,67.5,10.5315,33.053,30.2545,0.473,1.1641,0.4563,1.3591,0.0499,4.1497,0.0094,0.0
1823,30.349,canny_hough,pid,1,0,0,0.0,0.0,,,0.0,42.3667,1.0,HOLD,2.5029,-0.059,0.9418,100.0,67.5,21.6426,9.5825,104.3569,0.5898,1.8262,0.4847,2.042,0.0559,4.1644,0.0103,0.0
1824,30.3628,canny_hough,pid,1,0,0,0.0,0.0,,,0.0,29.6567,1.0,HOLD,2.5029,-0.059,0.9418,100.0,67.5,35.4805,11.3192,88.3457,0.482,1.3949,0.5013,5.3545,0.0391,4.0349,0.0113,0.0
1825,30.3861,canny_hough,pid,1,0,0,0.0,0.0,,,0.0,20.7597,1.0,HOLD,2.5029,-0.059,0.9418,100.0,67.5,14.0946,13.6611,73.2005,0.4751,0.8321,0.4869,1.3944,0.0622,3.7704,0.0126,10.2531
1826,30.398,canny_hough,pid,1,0,0,0.0,0.0,,,0.0,14.5318,1.0,HOLD,2.5029,-0.059,0.9418,100.0,67.5,40.3081,23.8731,41.8881,0.7311,1.2164,1.5122,1.7179,0.0469,4.1143,0.0092,0.0
1827,30.4067,canny_hough,pid,1,0,0,0.0,0.0,,,0.0,10.1722,1.0,HOLD,2.5029,-0.059,0.9418,100.0,67.5,13.1563,11.2448,88.93,0.7047,1.1477,0.4888,0.9447,0.0519,3.4802,0.0161,0.0
1828,30.418,canny_hough,pid,1,0,0,0.0,0.0,,,0.0,7.1206,1.0,HOLD,2.5029,-0.059,0.9418,100.0,67.5,24.513,8.8314,113.2328,0.4894,1.3707,0.4805,1.3934,0.0627,5.5641,0.0096,0.0
1829,30.4437,canny_hough,pid,1,0,0,0.0,0.0,,,0.0,4.9844,1.0,HOLD,2.5029,-0.059,0.9418,100.0,67.5,10.6238,11.2772,88.6741,0.5158,1.2174,0.5196,1.3829,0.0579,3.9512,0.0115,9.9055
1830,30.4539,canny_hough,pid,1,0,0,0.0,0.0,,,0.0,3.4891,1.0,HOLD,2.5029,-0.059,0.9418,100.0,67.5,36.844,26.1433,38.2508,0.4997,1.2091,0.7177,1.4881,0.0702,3.7066,0.0103,0.0
1831,30.47,canny_hough,pid,1,0,0,0.0,0.0,,,0.0,2.4424,1.0,HOLD,2.5029,-0.059,0.9418,100.0,67.5,52.9338,10.3028,97.0606,1.6726,2.5604,2.1008,3.0398,0.0419,3.6814,0.0118,0.0
1832,30.4776,canny_hough,pid,1,0,0,0.0,0.0,,,0.0,1.7096,1.0,HOLD,2.5029,-0.059,0.9418,100.0,67.5,12.3721,15.8396,63.1329,0.6336,1.5806,0.5005,1.2566,0.0721,0.9796,0.0144,0.0
1833,30.5043,canny_hough,pid,1,0,0,0.0,0.0,,,0.0,1.1968,1.0,HOLD,2.5029,-0.059,0.9418,100.0,67.5,23.6211,10.7086,93.3832,1.3909,1.2667,0.5277,1.807,0.0544,0.8523,0.0103,9.6144
1834,30.512,canny_hough,pid,1,0,0,0.0,0.0,,,0.0,0.8377,1.0,HOLD,2.5029,-0.059,0.9418,100.0,67.5,28.3886,23.892,41.8551,0.4827,1.1696,0.6965,1.5784,0.0602,1.2051,0.0137,0.0
1835,30.5207,canny_hough,pid,1,0,0,0.0,0.0,,,0.0,0.5864,1.0,HOLD,2.5029,-0.059,0.9418,100.0,67.5,37.021,8.0451,124.2988,0.7321,0.8949,0.95,2.2394,0.043,0.7645,0.009,0.0
1836,30.5271,canny_hough,pid,1,0,0,0.0,0.0,,,0.0,0.4105,1.0,HOLD,2.5029,-0.059,0.9418,100.0,67.5,8.0896,8.0902,123.6058,0.4662,1.1537,0.4395,1.2717,0.078,0.8124,0.0103,0.0
1837,30.5517,canny_hough,pid,1,0,0,0.0,0.0,,,0.0,0.2873,1.0,HOLD,2.5029,-0.059,0.9418,100.0,67.5,14.7699,6.0503,165.2816,0.4481,1.2488,0.4859,1.2651,0.0529,0.9087,0.0141,12.9836
1838,30.5615,canny_hough,pid,1,0,0,0.0,0.0,,,0.0,0.2011,1.0,HOLD,2.5029,-0.059,0.9418,100.0,67.5,14.3848,24.7686,40.3738,0.573,1.2293,0.4854,1.1775,0.0551,3.9183,0.0137,0.0
1839,30.5717,canny_hough,pid,1,0,0,0.0,0.0,,,0.0,0.1408,1.0,HOLD,2.5029,-0.059,0.9418,100.0,67.5,24.6365,9.6984,103.1095,0.4642,1.4587,0.5866,1.5756,0.0697,3.9823,0.0112,0.0
1840,30.5825,canny_hough,pid,1,0,0,0.0,0.0,,,0.0,0.0986,1.0,HOLD,2.5029,-0.059,0.9418,100.0,67.5,35.4455,10.2846,97.2326,0.577,1.8596,0.5152,1.3092,0.0559,4.3232,0.0112,0.0
1841,30.6074,canny_hough,pid,1,0,0,0.0,0.0,,,0.0,0.069,1.0,HOLD,2.5029,-0.059,0.9418,100.0,67.5,12.1204,10.6239,94.1271,0.4818,1.2358,0.4627,1.3944,0.0616,4.0793,0.0108,9.7196
1842,30.6217,canny_hough,pid,1,0,0,0.0,0.0,,,0.0,0.0483,1.0,HOLD,2.5029,-0.059,0.9418,100.0,67.5,41.7066,26.2356,38.1162,0.5917,1.733,2.9315,1.2395,0.0544,4.4001,0.0103,0.0
1843,30.6341,canny_hough,pid,1,1,1,0.15,113.8187,-38.5116,,-46.1813,-13.8206,-1.0,LEFT,-1.1545,-0.059,-3.5305,67.5,100.0,21.7862,13.094,76.3707,0.4795,1.1907,0.5448,1.2104,0.0609,6.2304,0.6392,0.0
1844,30.6492,canny_hough,pid,1,1,1,0.15,113.8187,-38.5116,,-46.1813,-23.5288,-1.0,LEFT,-1.1545,-0.059,-2.4713,67.5,100.0,36.8137,12.5711,79.5477,0.4755,1.2661,0.6935,2.8199,0.0716,7.1711,0.1849,0.0
1845,30.6761,canny_hough,pid,1,1,1,0.3,129.8393,-22.4911,,-30.1607,-25.5184,-1.0,LEFT,-0.754,-0.059,-1.333,67.5,100.0,15.6002,15.1335,66.0787,0.4835,1.2338,0.4544,1.1726,0.0536,6.0135,0.1822,10.5601
1846,30.6877,canny_hough,pid,1,1,1,0.45,147.7084,-4.622,,-12.2916,-21.5503,-1.0,LEFT,-0.3073,-0.059,-0.6814,67.5,100.0,12.366,26.6225,37.5622,0.4607,0.7484,0.6155,1.0441,0.0568,6.6641,0.1859,0.0
1847,30.7015,canny_hough,pid,1,1,1,0.45,147.7084,-4.622,,-12.2916,-18.7727,-0.8446,LEFT,-0.3073,-0.0603,-0.477,67.5,99.1036,26.215,11.5412,86.6461,0.5918,1.3179,0.5988,1.6825,0.2141,7.4349,0.2046,0.0
1848,30.7155,canny_hough,pid,1,1,1,0.45,147.7084,-4.622,,-12.2916,-16.8284,-0.7032,LEFT,-0.3073,-0.062,-0.3339,67.5,94.6509,40.1798,15.0181,66.5863,0.476,1.2372,0.4916,1.2053,0.0724,7.3489,0.1586,0.0
1849,30.7429,canny_hough,pid,1,1,1,0.6,153.2165,0.8862,,-6.7835,-13.8149,-0.3055,LEFT,-0.1696,-0.0629,-0.0731,54.6266,82.1242,16.8731,12.8595,77.7638,0.5261,1.2039,0.4703,1.2041,0.0543,6.6182,0.1538,10.7238
1850,30.7498,canny_hough,pid,1,0,0,0.0,0.0,,,0.0,-9.6704,-0.3055,HOLD,-0.1696,-0.0629,-0.0731,54.6266,82.1242,14.4983,27.4651,36.4099,0.4568,1.7017,0.465,1.3987,0.0535,0.8439,0.0094,0.0
1851,30.7566,canny_hough,pid,1,0,0,0.0,0.0,,,0.0,-6.7693,-0.3055,HOLD,-0.1696,-0.0629,-0.0731,54.6266,82.1242,21.2596,6.8057,146.9349,0.4452,1.238,0.7378,1.3871,0.0708,0.8405,0.0119,0.0
1852,30.764,canny_hough,pid,1,0,0,0.0,0.0,,,0.0,-4.7385,-0.3055,HOLD,-0.1696,-0.0629,-0.0731,54.6266,82.1242,28.6561,6.8594,145.7847,0.46,1.1654,0.455,2.5046,0.0532,0.7989,0.0105,0.0
1853,30.7909,canny_hough,pid,1,0,0,0.0,0.0,,,0.0,-3.317,-0.3055,HOLD,-0.1696,-0.0629,-0.0731,54.6266,82.1242,36.562,7.6042,131.5071,0.4896,1.2859,0.4795,2.2634,0.0573,1.0277,0.011,13.0483
1854,30.8021,canny_hough,pid,1,0,0,0.0,0.0,,,0.0,-2.3219,-0.3055,HOLD,-0.1696,-0.0629,-0.0731,54.6266,82.1242,24.384,26.8557,37.2361,1.6689,1.2887,0.8845,1.8074,0.0624,2.8121,0.0103,0.0
1855,30.8113,canny_hough,pid,1,0,0,0.0,0.0,,,0.0,-1.6253,-0.3055,HOLD,-0.1696,-0.0629,-0.0731,54.6266,82.1242,12.408,11.165,89.5655,0.4875,1.2334,0.4736,0.9006,0.052,3.84,0.0122,0.0
1856,30.8215,canny_hough,pid,1,0,0,0.0,0.0,,,0.0,-1.1377,-0.3055,HOLD,-0.1696,-0.0629,-0.0731,54.6266,82.1242,22.5907,9.2213,108.4445,0.5202,1.4304,0.5312,1.3902,0.0556,4.0092,0.011,0.0
1857,30.846,canny_hough,pid,1,0,0,0.0,0.0,,,0.0,-0.7964,-0.3055,HOLD,-0.1696,-0.0629,-0.0731,54.6266,82.1242,33.328,9.9867,100.1331,1.2346,1.7658,0.4807,1.1504,0.0507,4.1006,0.0102,9.9995
1858,30.8592,canny_hough,pid,1,1,1,0.45,122.8359,,275.1662,-37.1641,-11.7067,-1.0,LEFT,-0.9291,-0.0629,-0.5138,67.5,100.0,28.424,24.6239,40.611,0.7283,0.7831,0.5201,0.9631,0.0681,8.0084,0.1847,0.0
1859,30.8705,canny_hough,pid,1,1,1,0.15,132.6696,,285.0,-27.3304,-16.3938,-0.8272,LEFT,-0.6833,-0.0662,-0.0778,67.5,98.5576,14.241,13.0804,76.4503,0.4705,0.8461,0.48,1.2118,0.0584,6.3376,0.1519,0.0
1860,30.8827,canny_hough,pid,1,1,1,0.15,132.6696,,285.0,-27.3304,-19.6748,-0.8068,LEFT,-0.6833,-0.0691,-0.0544,67.5,97.9146,26.4175,11.3624,88.01,0.4663,1.2126,0.468,1.2807,0.0851,6.6555,0.1573,0.0
1861,30.9096,canny_hough,pid,1,1,1,0.15,132.6696,,285.0,-27.3304,-21.9715,-0.7936,LEFT,-0.6833,-0.0722,-0.0381,67.5,97.4986,38.8795,12.1967,81.9893,0.4557,1.2663,0.5291,1.593,0.0842,6.5151,0.1587,8.9622
1862,30.9168,canny_hough,pid,1,0,0,0.0,0.0,,,0.0,-15.38,-0.7936,HOLD,-0.6833,-0.0722,-0.0381,67.5,97.4986,25.7365,27.2394,36.7115,0.543,1.1972,0.6554,1.2374,0.0575,0.8626,0.0101,0.0
1863,30.9242,canny_hough,pid,1,0,0,0.0,0.0,,,0.0,-10.766,-0.7936,HOLD,-0.6833,-0.0722,-0.0381,67.5,97.4986,33.1272,6.9769,143.3306,0.4598,1.2815,0.6724,1.4682,0.0478,1.4061,0.0089,0.0
1864,30.9301,canny_hough,pid,1,0,0,0.0,0.0,,,0.0,-7.5362,-0.7936,HOLD,-0.6833,-0.0722,-0.0381,67.5,97.4986,6.7772,7.3107,136.7863,0.4749,0.7571,0.4505,1.3132,0.0784,0.8505,0.0107,0.0
1865,30.9509,canny_hough,pid,1,0,0,0.0,0.0,,,0.0,-5.2753,-0.7936,HOLD,-0.6833,-0.0722,-0.0381,67.5,97.4986,12.2968,5.9856,167.0677,0.4646,0.7716,0.4951,0.8523,0.0544,0.8001,0.0101,9.5498
1866,30.9632,canny_hough,pid,1,0,0,0.0,0.0,,,0.0,-3.6927,-0.7936,HOLD,-0.6833,-0.0722,-0.0381,67.5,97.4986,39.8396,21.076,47.4472,0.7484,4.4053,0.481,3.3173,0.0561,0.7974,0.0092,0.0
1867,30.9697,canny_hough,pid,1,0,0,0.0,0.0,,,0.0,-2.5849,-0.7936,HOLD,-0.6833,-0.0722,-0.0381,67.5,97.4986,15.7163,12.1528,82.2859,0.5934,0.81,0.5541,1.2361,0.0594,0.935,0.0508,0.0
1868,30.9774,canny_hough,pid,1,0,0,0.0,0.0,,,0.0,-1.8094,-0.7936,HOLD,-0.6833,-0.0722,-0.0381,67.5,97.4986,23.3992,6.3887,156.5273,0.4931,1.3292,0.8161,1.5269,0.0717,1.0599,0.012,0.0
1869,31.0013,canny_hough,pid,1,0,0,0.0,0.0,,,0.0,-1.2666,-0.7936,HOLD,-0.6833,-0.0722,-0.0381,67.5,97.4986,31.7775,7.7132,129.6476,0.5804,1.2929,0.982,2.0555,0.0494,1.1764,0.018,10.3435
1870,31.0077,canny_hough,pid,1,0,0,0.0,0.0,,,0.0,-0.8866,-0.7936,HOLD,-0.6833,-0.0722,-0.0381,67.5,97.4986,19.417,23.7982,42.0199,0.4663,1.202,0.4803,1.1716,0.0667,0.8748,0.0097,0.0
1871,31.0156,canny_hough,pid,1,0,0,0.0,0.0,,,0.0,-0.6206,-0.7936,HOLD,-0.6833,-0.0722,-0.0381,67.5,97.4986,27.3425,7.0839,141.1661,0.476,0.9178,0.5987,2.0468,0.0616,1.0567,0.0122,0.0
1872,31.0221,canny_hough,pid,1,0,0,0.0,0.0,,,0.0,-0.4344,-0.7936,HOLD,-0.6833,-0.0722,-0.0381,67.5,97.4986,33.8686,7.1521,139.8194,0.5475,1.3306,0.6341,1.1346,0.0501,0.8518,0.0102,0.0
1873,31.0447,canny_hough,pid,0,0,0,0.0,0.0,,,0.0,-0.3041,-0.7936,HOLD,-0.6833,-0.0722,-0.0381,0.0,0.0,43.0008,6.8926,145.083,0.7186,1.2992,2.178,1.4375,0.0568,1.0397,0.0116,10.0089
1874,31.0622,canny_hough,pid,0,0,0,0.0,0.0,,,0.0,-0.2129,-0.7936,STOP,-0.6833,-0.0722,-0.0381,0.0,0.0,28.5957,22.3521,44.7386,0.4642,7.2806,0.6181,1.7552,0.0537,5.3374,0.0084,0.0
1875,31.0724,canny_hough,pid,0,0,0,0.0,0.0,,,0.0,-0.149,-0.7936,STOP,-0.6833,-0.0722,-0.0381,0.0,0.0,11.0539,17.3658,57.5846,0.4824,5.3988,0.5554,1.2444,0.0516,0.7667,0.0092,0.0
1876,31.0829,canny_hough,pid,0,0,0,0.0,0.0,,,0.0,-0.1043,-0.7936,STOP,-0.6833,-0.0722,-0.0381,0.0,0.0,21.5243,10.2046,97.9954,0.4669,1.193,0.452,5.6228,0.0641,0.8772,0.0142,0.0
1877,31.1411,canny_hough,pid,0,0,0,0.0,0.0,,,0.0,-0.073,-0.7936,STOP,-0.6833,-0.0722,-0.0381,0.0,0.0,37.1692,10.3515,96.604,0.4541,1.2492,9.492,1.5377,0.0591,1.116,0.0114,18.6854
1878,31.1642,canny_hough,pid,0,0,0,0.0,0.0,,,0.0,-0.0511,-0.7936,STOP,-0.6833,-0.0722,-0.0381,0.0,0.0,52.8336,58.4757,17.1011,6.7991,1.3268,0.4964,6.2901,0.0749,3.396,0.0114,0.0
1879,31.1965,canny_hough,pid,0,0,0,0.0,0.0,,,0.0,-0.0358,-0.7936,STOP,-0.6833,-0.0722,-0.0381,0.0,0.0,50.8225,28.8394,34.6748,0.733,5.9076,0.7857,4.8913,0.0563,12.2819,0.0114,0.0
1880,31.2135,canny_hough,pid,0,0,0,0.0,0.0,,,0.0,-0.025,-0.7936,STOP,-0.6833,-0.0722,-0.0381,0.0,0.0,18.4038,27.0729,36.9373,0.5342,2.9473,2.9979,2.6746,0.0659,5.1979,0.0135,0.0
1881,31.2458,canny_hough,pid,0,0,0,0.0,0.0,,,0.0,-0.0175,-0.7936,STOP,-0.6833,-0.0722,-0.0381,0.0,0.0,16.9023,16.9593,58.9647,0.5304,2.0019,0.6284,1.6438,0.0594,6.7554,0.0121,13.6018
1882,31.2603,canny_hough,pid,0,0,0,0.0,0.0,,,0.0,-0.0123,-0.7936,STOP,-0.6833,-0.0722,-0.0381,0.0,0.0,24.2348,31.9517,31.2972,0.554,3.4455,0.5411,2.3055,0.5499,4.9393,0.0099,0.0
1883,31.2757,canny_hough,pid,0,0,0,0.0,0.0,,,0.0,-0.0086,-0.7936,STOP,-0.6833,-0.0722,-0.0381,0.0,0.0,38.8491,14.5652,68.6566,0.6794,1.4107,1.8837,1.6805,0.0665,6.523,0.0113,0.0
1884,31.3014,canny_hough,pid,0,0,0,0.0,0.0,,,0.0,-0.006,-0.7936,STOP,-0.6833,-0.0722,-0.0381,0.0,0.0,65.1332,20.5338,48.7002,0.5293,6.7244,0.6327,3.7203,0.0664,6.4642,0.0109,0.0
1885,31.3335,canny_hough,pid,0,0,0,0.0,0.0,,,0.0,-0.0042,-0.7936,STOP,-0.6833,-0.0722,-0.0381,0.0,0.0,15.3102,20.5502,48.6613,0.7255,2.822,0.5779,2.4205,0.0527,4.3357,0.0106,12.7524
1886,31.3458,canny_hough,pid,0,0,0,0.0,0.0,,,0.0,-0.0029,-0.7936,STOP,-0.6833,-0.0722,-0.0381,0.0,0.0,14.2936,31.8003,31.4463,0.5005,2.718,0.5079,2.108,0.0532,4.6437,0.0094,0.0
1887,31.3596,canny_hough,pid,0,0,0,0.0,0.0,,,0.0,-0.0021,-0.7936,STOP,-0.6833,-0.0722,-0.0381,0.0,0.0,27.9951,12.371,80.8344,0.6264,2.9828,0.5864,1.6189,0.4607,5.5794,0.0101,0.0
1888,31.3726,canny_hough,pid,0,0,0,0.0,0.0,,,0.0,-0.0014,-0.7936,STOP,-0.6833,-0.0722,-0.0381,0.0,0.0,41.0727,14.3771,69.5549,0.8664,2.6183,0.6328,1.6251,0.058,4.4192,0.0107,0.0
1889,31.4036,canny_hough,pid,0,0,0,0.0,0.0,,,0.0,-0.001,-0.7936,STOP,-0.6833,-0.0722,-0.0381,0.0,0.0,22.2717,12.7334,78.5338,0.4954,2.1028,0.5454,1.9765,0.0619,4.7941,0.0117,13.4515
1890,31.4144,canny_hough,pid,0,0,0,0.0,0.0,,,0.0,-0.0007,-0.7936,STOP,-0.6833,-0.0722,-0.0381,0.0,0.0,22.7937,30.7923,32.4756,0.5154,1.2089,0.4718,1.7986,0.0637,4.6177,0.0095,0.0
1891,31.4301,canny_hough,pid,0,0,0,0.0,0.0,,,0.0,-0.0005,-0.7936,STOP,-0.6833,-0.0722,-0.0381,0.0,0.0,38.4584,10.723,93.2576,0.4892,1.667,0.5149,6.8261,0.0468,4.1892,0.012,0.0
1892,31.4393,canny_hough,pid,0,0,0,0.0,0.0,,,0.0,-0.0003,-0.7936,STOP,-0.6833,-0.0722,-0.0381,0.0,0.0,14.6407,15.5647,64.2479,0.4485,1.1461,0.4831,1.1163,0.0484,4.3226,0.0109,0.0
1893,31.4675,canny_hough,pid,0,0,0,0.0,0.0,,,0.0,-0.0002,-0.7936,STOP,-0.6833,-0.0722,-0.0381,0.0,0.0,27.9986,9.1512,109.2759,0.4627,5.1805,0.4944,0.9546,0.0594,4.6226,0.0151,10.9589
1894,31.4761,canny_hough,pid,0,0,0,0.0,0.0,,,0.0,-0.0002,-0.7936,STOP,-0.6833,-0.0722,-0.0381,0.0,0.0,14.8753,28.236,35.4158,0.5108,1.1696,0.4413,1.1366,0.0499,3.5712,0.0089,0.0
1895,31.4851,canny_hough,pid,0,0,0,0.0,0.0,,,0.0,-0.0001,-0.7936,STOP,-0.6833,-0.0722,-0.0381,0.0,0.0,23.9037,8.5913,116.3973,0.4563,1.161,0.4524,1.1927,0.0642,3.9544,0.0099,0.0
1896,31.4948,canny_hough,pid,0,0,0,0.0,0.0,,,0.0,-0.0001,-0.7936,STOP,-0.6833,-0.0722,-0.0381,0.0,0.0,33.6015,9.3078,107.4366,0.6483,1.1608,0.4402,1.3271,0.0814,3.9766,0.0108,0.0
1897,31.5202,canny_hough,pid,0,0,0,0.0,0.0,,,0.0,-0.0001,-0.7936,STOP,-0.6833,-0.0722,-0.0381,0.0,0.0,15.0824,9.4948,105.3209,0.4956,1.2921,0.4802,1.3117,0.0529,4.0481,0.0139,10.2291
1898,31.5358,canny_hough,pid,0,0,0,0.0,0.0,,,0.0,-0.0,-0.7936,STOP,-0.6833,-0.0722,-0.0381,0.0,0.0,46.6075,26.177,38.2015,0.5435,2.6751,0.5169,1.2619,0.0819,6.4239,0.0098,0.0
1899,31.5456,canny_hough,pid,0,0,0,0.0,0.0,,,0.0,-0.0,-0.7936,STOP,-0.6833,-0.0722,-0.0381,0.0,0.0,20.5951,15.0438,66.4724,0.5308,1.3081,0.4855,1.1512,0.0517,4.0526,0.0132,0.0
1900,31.5571,canny_hough,pid,0,0,0,0.0,0.0,,,0.0,-0.0,-0.7936,STOP,-0.6833,-0.0722,-0.0381,0.0,0.0,32.142,9.8835,101.1789,0.4826,1.55,0.5006,1.4433,0.0787,5.2838,0.0087,0.0
1901,31.5844,canny_hough,pid,0,0,0,0.0,0.0,,,0.0,-0.0,-0.7936,STOP,-0.6833,-0.0722,-0.0381,0.0,0.0,10.6326,11.2469,88.9135,0.5038,1.2126,0.4661,1.4707,0.0594,4.1817,0.0114,11.414
1902,31.5943,canny_hough,pid,0,0,0,0.0,0.0,,,0.0,-0.0,-0.7936,STOP,-0.6833,-0.0722,-0.0381,0.0,0.0,11.2576,27.3712,36.5348,0.506,1.2241,0.5198,1.5704,0.0557,4.0789,0.0099,0.0
1903,31.6051,canny_hough,pid,0,0,0,0.0,0.0,,,0.0,-0.0,-0.7936,STOP,-0.6833,-0.0722,-0.0381,0.0,0.0,22.055,9.8433,101.5917,0.4561,1.2672,0.5127,1.6698,0.0644,4.6436,0.0206,0.0
1904,31.6164,canny_hough,pid,0,0,0,0.0,0.0,,,0.0,-0.0,-0.7936,STOP,-0.6833,-0.0722,-0.0381,0.0,0.0,33.3782,10.8648,92.0407,0.5369,1.2172,0.5159,1.4395,0.0691,5.4852,0.0119,0.0
1905,31.6408,canny_hough,pid,0,0,0,0.0,0.0,,,0.0,-0.0,-0.7936,STOP,-0.6833,-0.0722,-0.0381,0.0,0.0,10.8558,11.3563,88.0568,0.4543,1.1903,0.4685,1.5289,0.0534,3.6944,0.0109,10.5971
1906,31.6517,canny_hough,pid,0,0,0,0.0,0.0,,,0.0,-0.0,-0.7936,STOP,-0.6833,-0.0722,-0.0381,0.0,0.0,36.8577,24.5549,40.725,1.1829,1.3203,0.5506,1.5659,0.0571,4.078,0.0093,0.0
1907,31.6611,canny_hough,pid,0,0,0,0.0,0.0,,,0.0,-0.0,0.0,STOP,0.0,0.0,0.0,0.0,0.0,16.5702,10.6112,94.2403,0.5247,1.1824,0.4481,1.341,0.0601,3.981,0.0195,0.0
1908,31.6709,canny_hough,pid,0,0,0,0.0,0.0,,,0.0,-0.0,0.0,STOP,0.0,0.0,0.0,0.0,0.0,26.2882,9.2594,107.998,0.4607,1.1605,0.7332,1.5152,0.056,4.0944,0.0228,0.0
1909,31.6942,canny_hough,pid,0,0,0,0.0,0.0,,,0.0,-0.0,0.0,STOP,0.0,0.0,0.0,0.0,0.0,38.3107,10.2487,97.5736,0.6967,2.9484,0.543,1.3571,0.0537,4.2533,0.015,8.8077
1910,31.7057,canny_hough,pid,0,0,0,0.0,0.0,,,0.0,-0.0,0.0,STOP,0.0,0.0,0.0,0.0,0.0,29.3623,23.1722,43.1552,0.5207,2.5708,0.519,1.4474,0.072,3.9496,0.0138,0.0
1911,31.7192,canny_hough,pid,0,0,0,0.0,0.0,,,0.0,-0.0,0.0,STOP,0.0,0.0,0.0,0.0,0.0,42.9887,11.4631,87.2366,0.52,3.6301,0.932,2.6714,0.0565,3.7235,0.0145,0.0
1912,31.7315,canny_hough,pid,0,0,0,0.0,0.0,,,0.0,-0.0,0.0,STOP,0.0,0.0,0.0,0.0,0.0,55.2355,14.1368,70.7373,1.5423,1.7741,0.5955,1.3121,0.057,4.2843,0.018,0.0
1913,31.7585,canny_hough,pid,0,0,0,0.0,0.0,,,0.0,-0.0,0.0,STOP,0.0,0.0,0.0,0.0,0.0,20.2632,11.6622,85.7472,0.5489,1.225,0.4681,1.7335,0.0596,5.5153,0.0141,10.1599
1914,31.7698,canny_hough,pid,0,0,0,0.0,0.0,,,0.0,-0.0,0.0,STOP,0.0,0.0,0.0,0.0,0.0,24.5686,26.8798,37.2026,0.4801,1.2264,0.4638,1.2469,0.0611,5.8892,0.0116,0.0
1915,31.7801,canny_hough,pid,0,0,0,0.0,0.0,,,0.0,-0.0,0.0,STOP,0.0,0.0,0.0,0.0,0.0,34.8701,12.3512,80.9636,0.4822,1.2866,0.4673,1.1683,0.0512,3.9271,0.0143,0.0
1916,31.789,canny_hough,pid,0,0,0,0.0,0.0,,,0.0,-0.0,0.0,STOP,0.0,0.0,0.0,0.0,0.0,17.2738,9.2784,107.7767,0.4607,1.1423,0.436,1.1833,0.0545,3.6687,0.017,0.0
1917,31.814,canny_hough,pid,0,0,0,0.0,0.0,,,0.0,-0.0,0.0,STOP,0.0,0.0,0.0,0.0,0.0,28.3015,8.9102,112.2314,0.4902,1.1996,0.5038,1.3549,0.0644,5.4993,0.0147,8.9077
1918,31.8233,canny_hough,pid,0,0,0,0.0,0.0,,,0.0,-0.0,0.0,STOP,0.0,0.0,0.0,0.0,0.0,24.8189,25.032,39.9489,0.4542,1.1758,0.5425,1.1968,0.0565,3.9492,0.0128,0.0
1919,31.8329,canny_hough,pid,0,0,0,0.0,0.0,,,0.0,-0.0,0.0,STOP,0.0,0.0,0.0,0.0,0.0,34.4511,9.0864,110.0551,0.471,1.2646,0.5046,1.514,0.0421,4.1532,0.0124,0.0
1920,31.8415,canny_hough,pid,0,0,0,0.0,0.0,,,0.0,-0.0,0.0,STOP,0.0,0.0,0.0,0.0,0.0,9.6912,9.632,103.8209,0.452,1.1857,0.4738,1.2587,0.0618,3.451,0.0144,0.0
1921,31.8662,canny_hough,pid,0,0,0,0.0,0.0,,,0.0,-0.0,0.0,STOP,0.0,0.0,0.0,0.0,0.0,18.4117,8.4869,117.8287,0.4589,1.1833,0.4584,1.2145,0.0514,3.7389,0.0142,10.6819
1922,31.8751,canny_hough,pid,0,0,0,0.0,0.0,,,0.0,-0.0,0.0,STOP,0.0,0.0,0.0,0.0,0.0,13.1512,24.8869,40.1818,0.4673,1.2083,0.4501,1.1948,0.0518,3.733,0.0125,0.0
1923,31.8843,canny_hough,pid,0,0,0,0.0,0.0,,,0.0,-0.0,0.0,STOP,0.0,0.0,0.0,0.0,0.0,22.331,8.7671,114.0622,0.4541,1.2086,0.4607,1.1901,0.0508,4.0899,0.0145,0.0
1924,31.8943,canny_hough,pid,0,0,0,0.0,0.0,,,0.0,-0.0,0.0,STOP,0.0,0.0,0.0,0.0,0.0,32.1874,9.2376,108.2531,0.4629,1.1535,0.4471,1.2428,0.067,4.5549,0.0183,0.0
1925,31.9212,canny_hough,pid,0,0,0,0.0,0.0,,,0.0,-0.0,0.0,STOP,0.0,0.0,0.0,0.0,0.0,43.8895,9.9524,100.4784,0.4902,3.0305,0.5395,1.2649,0.0555,4.4832,0.0145,9.6232
1926,31.9325,canny_hough,pid,0,0,0,0.0,0.0,,,0.0,-0.0,0.0,STOP,0.0,0.0,0.0,0.0,0.0,31.1751,27.1674,36.8089,0.495,2.2625,0.5274,1.9092,0.0978,3.9138,0.0138,0.0
1927,31.9418,canny_hough,pid,0,0,0,0.0,0.0,,,0.0,-0.0,0.0,STOP,0.0,0.0,0.0,0.0,0.0,15.2756,11.1266,89.8749,0.4568,1.1966,0.4772,1.4561,0.0529,3.8941,0.0147,0.0
1928,31.9514,canny_hough,pid,0,0,0,0.0,0.0,,,0.0,-0.0,0.0,STOP,0.0,0.0,0.0,0.0,0.0,24.9347,9.1299,109.5302,0.4574,1.1648,0.4552,1.9978,0.0568,3.894,0.0166,0.0
1929,31.9786,canny_hough,pid,0,0,0,0.0,0.0,,,0.0,-0.0,0.0,STOP,0.0,0.0,0.0,0.0,0.0,37.848,9.7073,103.0149,0.4839,4.7584,0.948,0.9859,0.0574,3.835,0.0172,9.2207
1930,31.9979,canny_hough,pid,0,0,0,0.0,0.0,,,0.0,-0.0,0.0,STOP,0.0,0.0,0.0,0.0,0.0,39.473,27.4842,36.3846,0.4671,8.3503,0.5439,3.8517,0.0526,3.9517,0.0159,0.0
1931,32.0076,canny_hough,pid,0,0,0,0.0,0.0,,,0.0,-0.0,0.0,STOP,0.0,0.0,0.0,0.0,0.0,21.382,19.0651,52.4519,0.4674,1.188,0.5451,1.5149,0.0554,4.1626,0.0172,0.0
1932,32.0214,canny_hough,pid,0,0,0,0.0,0.0,,,0.0,-0.0,0.0,STOP,0.0,0.0,0.0,0.0,0.0,35.1461,9.9108,100.8998,0.5674,1.9729,0.5216,2.8971,0.0668,5.6654,0.0128,0.0
1933,32.0449,canny_hough,pid,0,0,0,0.0,0.0,,,0.0,-0.0,0.0,STOP,0.0,0.0,0.0,0.0,0.0,44.1104,13.4414,74.3969,0.4569,1.1583,0.4931,1.5065,0.0445,3.7393,0.0138,10.0134
1934,32.0551,canny_hough,pid,0,0,0,0.0,0.0,,,0.0,-0.0,0.0,STOP,0.0,0.0,0.0,0.0,0.0,29.89,23.6177,42.3411,0.4423,1.2081,0.5147,1.2517,0.0471,5.0609,0.0109,0.0
1935,32.0647,canny_hough,pid,0,0,0,0.0,0.0,,,0.0,-0.0,0.0,STOP,0.0,0.0,0.0,0.0,0.0,10.5899,10.2751,97.3223,0.4699,1.2624,0.4714,1.4364,0.0544,3.984,0.0256,0.0
1936,32.0748,canny_hough,pid,0,0,0,0.0,0.0,,,0.0,-0.0,0.0,STOP,0.0,0.0,0.0,0.0,0.0,20.6563,9.5634,104.5655,0.4687,1.1601,0.485,1.6811,0.0548,4.3641,0.0148,0.0
1937,32.0999,canny_hough,pid,0,0,0,0.0,0.0,,,0.0,-0.0,0.0,STOP,0.0,0.0,0.0,0.0,0.0,31.4742,10.1068,98.9432,0.4796,1.2778,0.4998,1.293,0.0666,5.3208,0.0143,9.0807
1938,32.1094,canny_hough,pid,0,0,0,0.0,0.0,,,0.0,-0.0,0.0,STOP,0.0,0.0,0.0,0.0,0.0,25.5757,25.158,39.7487,0.458,1.2113,0.4644,1.304,0.0631,3.8465,0.0151,0.0
1939,32.1202,canny_hough,pid,0,0,0,0.0,0.0,,,0.0,-0.0,0.0,STOP,0.0,0.0,0.0,0.0,0.0,36.4339,9.3756,106.6601,0.4887,1.2472,0.5154,1.3143,0.0716,5.4622,0.0113,0.0
1940,32.129,canny_hough,pid,0,0,0,0.0,0.0,,,0.0,-0.0,0.0,STOP,0.0,0.0,0.0,0.0,0.0,9.6161,10.8387,92.2623,0.495,1.1571,0.4796,1.2505,0.0776,3.461,0.0135,0.0
1941,32.1558,canny_hough,pid,0,0,0,0.0,0.0,,,0.0,-0.0,0.0,STOP,0.0,0.0,0.0,0.0,0.0,20.3692,8.8044,113.5797,0.4974,1.1981,0.4673,2.4768,0.0568,4.2566,0.0171,10.3011
1942,32.1661,canny_hough,pid,0,0,0,0.0,0.0,,,0.0,-0.0,0.0,STOP,0.0,0.0,0.0,0.0,0.0,15.3123,26.7832,37.3369,0.5426,1.2031,0.4671,1.7532,0.0654,4.3405,0.0131,0.0
1943,32.1808,canny_hough,pid,0,0,0,0.0,0.0,,,0.0,-0.0,0.0,STOP,0.0,0.0,0.0,0.0,0.0,29.9503,10.453,95.6663,0.5027,1.723,0.5341,5.1751,0.0568,4.5909,0.0174,0.0
1944,32.1925,canny_hough,pid,0,0,0,0.0,0.0,,,0.0,-0.0,0.0,STOP,0.0,0.0,0.0,0.0,0.0,41.7691,15.7477,63.5012,0.5139,1.1994,0.9005,1.2037,0.0496,4.9353,0.0132,0.0
1945,32.2157,canny_hough,pid,0,0,0,0.0,0.0,,,0.0,-0.0,0.0,STOP,0.0,0.0,0.0,0.0,0.0,11.6914,10.5138,95.1133,0.4591,1.0904,0.4685,1.1859,0.0499,4.0138,0.0141,10.1705
1946,32.2235,canny_hough,pid,0,0,0,0.0,0.0,,,0.0,-0.0,0.0,STOP,0.0,0.0,0.0,0.0,0.0,12.0221,23.0528,43.3787,0.5248,0.7098,0.4334,0.821,0.0625,3.6295,0.0122,0.0
1947,32.234,canny_hough,pid,0,0,0,0.0,0.0,,,0.0,-0.0,0.0,STOP,0.0,0.0,0.0,0.0,0.0,22.5095,7.7892,128.3837,0.4458,0.9177,0.4973,1.2545,0.0544,5.7261,0.0145,0.0
1948,32.2526,canny_hough,pid,0,0,0,0.0,0.0,,,0.0,-0.0,0.0,STOP,0.0,0.0,0.0,0.0,0.0,41.0597,10.9409,91.4001,0.5847,1.4087,0.7624,2.5798,0.0768,10.4985,0.0233,0.0
1949,32.2922,canny_hough,pid,0,0,0,0.0,0.0,,,0.0,-0.0,0.0,STOP,0.0,0.0,0.0,0.0,0.0,56.0437,19.2184,52.0335,0.5164,1.3853,0.9565,2.4065,0.0725,6.2821,0.0225,15.3919
1950,32.3172,canny_hough,pid,0,0,0,0.0,0.0,,,0.0,-0.0,0.0,STOP,0.0,0.0,0.0,0.0,0.0,33.2842,40.3406,24.7889,0.5935,1.2923,0.7259,5.1325,0.312,13.0769,0.0173,0.0
1951,32.3305,canny_hough,pid,0,0,0,0.0,0.0,,,0.0,-0.0,0.0,STOP,0.0,0.0,0.0,0.0,0.0,46.8632,24.1868,41.3449,0.5146,1.5229,2.0369,1.6216,0.0656,4.7326,0.0233,0.0
1952,32.3403,canny_hough,pid,0,0,0,0.0,0.0,,,0.0,-0.0,0.0,STOP,0.0,0.0,0.0,0.0,0.0,13.3318,12.4336,80.427,0.4458,1.518,0.4823,1.1189,0.0517,4.484,0.0188,0.0
1953,32.3659,canny_hough,pid,0,0,0,0.0,0.0,,,0.0,-0.0,0.0,STOP,0.0,0.0,0.0,0.0,0.0,23.6549,10.4826,95.3959,0.753,1.3318,0.4785,1.3528,0.0542,4.018,0.0136,9.5074
1954,32.3757,canny_hough,pid,0,0,0,0.0,0.0,,,0.0,-0.0,0.0,STOP,0.0,0.0,0.0,0.0,0.0,32.1239,25.0651,39.8961,0.6363,1.5952,0.5142,1.2231,0.0526,3.9007,0.0133,0.0
1955,32.3852,canny_hough,pid,0,0,0,0.0,0.0,,,0.0,-0.0,0.0,STOP,0.0,0.0,0.0,0.0,0.0,16.7798,9.6251,103.895,0.5189,1.1703,0.4503,1.2655,0.0745,4.1076,0.0292,0.0
1956,32.3954,canny_hough,pid,0,0,0,0.0,0.0,,,0.0,-0.0,0.0,STOP,0.0,0.0,0.0,0.0,0.0,27.0375,9.7351,102.7206,0.4936,1.3627,0.7378,1.1981,0.0707,4.3995,0.014,0.0
1957,32.4212,canny_hough,pid,0,0,0,0.0,0.0,,,0.0,-0.0,0.0,STOP,0.0,0.0,0.0,0.0,0.0,37.7186,10.4471,95.7202,0.5594,1.2753,0.6623,1.8874,0.0415,4.1883,0.0136,11.2847
1958,32.4332,canny_hough,pid,0,0,0,0.0,0.0,,,0.0,-0.0,0.0,STOP,0.0,0.0,0.0,0.0,0.0,32.3691,25.8251,38.7221,0.5017,1.5989,1.7892,1.489,0.0461,4.1894,0.013,0.0
1959,32.4425,canny_hough,pid,0,0,0,0.0,0.0,,,0.0,-0.0,0.0,STOP,0.0,0.0,0.0,0.0,0.0,12.1715,11.5082,86.8943,0.493,1.1984,0.4663,1.5124,0.0523,3.8344,0.0189,0.0
1960,32.4524,canny_hough,pid,0,0,0,0.0,0.0,,,0.0,-0.0,0.0,STOP,0.0,0.0,0.0,0.0,0.0,22.1018,9.2916,107.6239,0.4664,1.307,0.4602,1.5388,0.0641,4.3227,0.0149,0.0
1961,32.4782,canny_hough,pid,0,0,0,0.0,0.0,,,0.0,-0.0,0.0,STOP,0.0,0.0,0.0,0.0,0.0,33.0773,10.1786,98.2456,0.5157,1.6717,0.845,1.5306,0.0554,4.1413,0.0141,9.1115
1962,32.4911,canny_hough,pid,0,0,0,0.0,0.0,,,0.0,-0.0,0.0,STOP,0.0,0.0,0.0,0.0,0.0,30.3834,25.6026,39.0585,0.4637,1.3436,0.8812,1.2273,0.0741,6.7064,0.0114,0.0
1963,32.5006,canny_hough,pid,0,0,0,0.0,0.0,,,0.0,-0.0,0.0,STOP,0.0,0.0,0.0,0.0,0.0,10.8141,12.8029,78.1074,0.461,1.2361,0.4603,1.2909,0.052,4.3255,0.0135,0.0
1964,32.5097,canny_hough,pid,0,0,0,0.0,0.0,,,0.0,-0.0,0.0,STOP,0.0,0.0,0.0,0.0,0.0,19.9779,9.4938,105.3319,0.4521,1.1722,0.4704,1.304,0.0555,3.9731,0.023,0.0
1965,32.5358,canny_hough,pid,0,0,0,0.0,0.0,,,0.0,-0.0,0.0,STOP,0.0,0.0,0.0,0.0,0.0,30.1563,9.4384,105.9498,0.527,1.4655,0.5423,1.2455,0.0751,4.2493,0.0145,10.0359
1966,32.5463,canny_hough,pid,0,0,0,0.0,0.0,,,0.0,-0.0,0.0,STOP,0.0,0.0,0.0,0.0,0.0,12.977,26.064,38.3672,0.4941,1.2088,0.485,1.4034,0.0538,4.6685,0.0173,0.0
1967,32.5596,canny_hough,pid,0,0,0,0.0,0.0,,,0.0,-0.0,0.0,STOP,0.0,0.0,0.0,0.0,0.0,26.2898,10.8771,91.9363,0.5252,3.6227,0.5224,1.9871,0.0982,4.0198,0.0138,0.0
1968,32.5728,canny_hough,pid,0,0,0,0.0,0.0,,,0.0,-0.0,0.0,STOP,0.0,0.0,0.0,0.0,0.0,39.5138,13.8866,72.012,1.0274,2.4459,1.0616,1.3987,0.3987,3.8913,0.0133,0.0
1969,32.5993,canny_hough,pid,0,0,0,0.0,0.0,,,0.0,-0.0,0.0,STOP,0.0,0.0,0.0,0.0,0.0,21.953,12.4187,80.5235,0.4942,1.1904,0.4609,1.2686,0.0587,5.0516,0.0123,11.4961
1970,32.6099,canny_hough,pid,0,0,0,0.0,0.0,,,0.0,-0.0,0.0,STOP,0.0,0.0,0.0,0.0,0.0,20.6915,26.18,38.1971,0.4794,1.2165,0.4678,2.3793,0.0521,4.0733,0.0156,0.0
1971,32.6206,canny_hough,pid,0,0,0,0.0,0.0,,,0.0,-0.0,0.0,STOP,0.0,0.0,0.0,0.0,0.0,31.3403,10.7517,93.0087,0.4824,1.1322,0.5885,1.4,0.0602,4.9683,0.0122,0.0
1972,32.6294,canny_hough,pid,0,0,0,0.0,0.0,,,0.0,-0.0,0.0,STOP,0.0,0.0,0.0,0.0,0.0,9.8723,10.4358,95.8244,0.4575,0.7571,0.4545,1.2494,0.0562,4.059,0.0142,0.0
1973,32.6586,canny_hough,pid,0,0,0,0.0,0.0,,,0.0,-0.0,0.0,STOP,0.0,0.0,0.0,0.0,0.0,19.9993,8.7516,114.2651,0.4914,1.3535,0.5287,1.2405,0.0522,4.765,0.0132,12.8133
1974,32.6679,canny_hough,pid,0,0,0,0.0,0.0,,,0.0,-0.0,0.0,STOP,0.0,0.0,0.0,0.0,0.0,14.4326,29.2083,34.2368,0.4603,0.7823,0.506,1.1579,0.051,4.5354,0.0168,0.0
1975,32.6786,canny_hough,pid,0,0,0,0.0,0.0,,,0.0,-0.0,0.0,STOP,0.0,0.0,0.0,0.0,0.0,25.2136,9.3512,106.9382,0.5406,1.3466,0.5487,1.882,0.0637,4.5126,0.0127,0.0
1976,32.6938,canny_hough,pid,0,0,0,0.0,0.0,,,0.0,-0.0,0.0,STOP,0.0,0.0,0.0,0.0,0.0,40.3618,12.2295,81.7694,1.1257,3.961,0.546,1.9795,0.0634,4.096,0.0152,0.0
1977,32.7199,canny_hough,pid,0,0,0,0.0,0.0,,,0.0,-0.0,0.0,STOP,0.0,0.0,0.0,0.0,0.0,17.2069,13.5931,73.5668,0.4605,1.1641,0.4754,1.7195,0.082,4.3455,0.0152,10.7728
1978,32.7313,canny_hough,pid,0,0,0,0.0,0.0,,,0.0,-0.0,0.0,STOP,0.0,0.0,0.0,0.0,0.0,20.1714,26.1379,38.2586,0.5165,1.32,0.4987,1.9564,0.1979,5.041,0.0142,0.0
1979,32.7453,canny_hough,pid,0,0,0,0.0,0.0,,,0.0,-0.0,0.0,STOP,0.0,0.0,0.0,0.0,0.0,34.1128,11.618,86.0732,0.8507,1.1615,0.4479,4.3504,0.047,5.0618,0.0142,0.0
1980,32.7558,canny_hough,pid,0,0,0,0.0,0.0,,,0.0,-0.0,0.0,STOP,0.0,0.0,0.0,0.0,0.0,12.8713,13.7945,72.4927,0.4717,2.505,0.4866,1.2414,0.0534,3.982,0.0145,0.0
1981,32.7804,canny_hough,pid,0,0,0,0.0,0.0,,,0.0,-0.0,0.0,STOP,0.0,0.0,0.0,0.0,0.0,22.7831,10.5585,94.7103,0.5483,1.2339,0.4849,1.3502,0.0604,4.2521,0.0234,9.7532
1982,32.7902,canny_hough,pid,0,0,0,0.0,0.0,,,0.0,-0.0,0.0,STOP,0.0,0.0,0.0,0.0,0.0,47.3018,24.7738,40.3653,0.4654,1.3268,0.4631,1.3671,0.0499,4.072,0.0127,0.0
1983,32.8029,canny_hough,pid,0,0,0,0.0,0.0,,,0.0,-0.0,0.0,STOP,0.0,0.0,0.0,0.0,0.0,21.9359,9.5607,104.5946,0.4556,3.3685,0.5357,1.8327,0.0678,4.818,0.0114,0.0
1984,32.8126,canny_hough,pid,0,0,0,0.0,0.0,,,0.0,-0.0,0.0,STOP,0.0,0.0,0.0,0.0,0.0,10.439,12.8715,77.6911,0.5963,1.2708,0.5077,1.3239,0.0507,4.0485,0.0133,0.0
1985,32.8391,canny_hough,pid,0,0,0,0.0,0.0,,,0.0,-0.0,0.0,STOP,0.0,0.0,0.0,0.0,0.0,19.5668,9.4293,106.0527,0.5244,1.2205,0.4879,1.1374,0.1287,3.997,0.0132,10.6167
1986,32.8498,canny_hough,pid,0,0,0,0.0,0.0,,,0.0,-0.0,0.0,STOP,0.0,0.0,0.0,0.0,0.0,47.5647,26.6734,37.4905,0.4618,1.3114,0.4855,1.4345,0.0619,4.9324,0.0132,0.0
1987,32.8609,canny_hough,pid,0,0,0,0.0,0.0,,,0.0,-0.0,0.0,STOP,0.0,0.0,0.0,0.0,0.0,19.7028,10.7753,92.8046,0.491,1.3415,0.6506,1.5329,0.0631,4.8493,0.0171,0.0
1988,32.8787,canny_hough,pid,0,0,0,0.0,0.0,,,0.0,-0.0,0.0,STOP,0.0,0.0,0.0,0.0,0.0,37.5112,11.3934,87.7698,0.6336,2.3641,0.5973,8.1031,0.0432,3.9156,0.0137,0.0
1989,32.9065,canny_hough,pid,0,0,0,0.0,0.0,,,0.0,-0.0,0.0,STOP,0.0,0.0,0.0,0.0,0.0,14.787,17.4131,57.428,0.4504,1.2032,0.4676,2.4498,0.0501,4.2262,0.0142,11.5085
1990,32.916,canny_hough,pid,0,0,0,0.0,0.0,,,0.0,-0.0,0.0,STOP,0.0,0.0,0.0,0.0,0.0,16.9565,27.782,35.9945,0.4573,1.3597,0.4921,1.4637,0.0591,3.8582,0.0132,0.0
1991,32.9258,canny_hough,pid,0,0,0,0.0,0.0,,,0.0,-0.0,0.0,STOP,0.0,0.0,0.0,0.0,0.0,26.7339,9.5604,104.598,0.4929,1.2454,0.5751,1.5628,0.0709,3.857,0.0184,0.0
1992,32.9378,canny_hough,pid,0,0,0,0.0,0.0,,,0.0,-0.0,0.0,STOP,0.0,0.0,0.0,0.0,0.0,38.7628,11.0984,90.1031,0.707,1.6319,0.5897,1.5316,0.0579,4.2331,0.0148,0.0
1993,32.961,canny_hough,pid,0,0,0,0.0,0.0,,,0.0,-0.0,0.0,STOP,0.0,0.0,0.0,0.0,0.0,16.5507,10.7716,92.8369,0.4934,1.2322,0.5636,1.8236,0.0585,3.5935,0.0178,9.4502
1994,32.972,canny_hough,pid,0,0,0,0.0,0.0,,,0.0,-0.0,0.0,STOP,0.0,0.0,0.0,0.0,0.0,41.0029,23.8804,41.8754,0.616,1.9379,0.5459,1.6681,0.0521,3.6306,0.0128,0.0
1995,32.9813,canny_hough,pid,0,0,0,0.0,0.0,,,0.0,-0.0,0.0,STOP,0.0,0.0,0.0,0.0,0.0,14.9139,10.1559,98.4647,0.4975,1.2045,0.445,1.2242,0.0606,3.8959,0.0169,0.0
1996,32.9911,canny_hough,pid,0,0,0,0.0,0.0,,,0.0,-0.0,0.0,STOP,0.0,0.0,0.0,0.0,0.0,24.7527,9.4177,106.1835,0.4556,1.2165,0.4721,1.361,0.0653,4.2763,0.0219,0.0
1997,33.0174,canny_hough,pid,0,0,0,0.0,0.0,,,0.0,-0.0,0.0,STOP,0.0,0.0,0.0,0.0,0.0,35.9305,10.6641,93.7722,0.6937,1.2323,0.9142,1.3848,0.0587,4.1666,0.0177,9.2179
1998,33.0288,canny_hough,pid,0,0,0,0.0,0.0,,,0.0,-0.0,0.0,STOP,0.0,0.0,0.0,0.0,0.0,32.5677,25.5244,39.1781,0.4725,1.3422,0.5766,2.475,0.0598,4.5707,0.0126,0.0
1999,33.04,canny_hough,pid,0,0,0,0.0,0.0,,,0.0,-0.0,0.0,STOP,0.0,0.0,0.0,0.0,0.0,43.7488,11.5072,86.9018,0.4809,2.6511,0.4823,1.1966,0.0593,4.2493,0.0176,0.0
2000,33.0502,canny_hough,pid,0,0,0,0.0,0.0,,,0.0,-0.0,0.0,STOP,0.0,0.0,0.0,0.0,0.0,20.6668,10.9557,91.2763,0.5186,1.4511,0.57,1.6717,0.0621,4.1438,0.0141,0.0
2001,33.0762,canny_hough,pid,0,0,0,0.0,0.0,,,0.0,-0.0,0.0,STOP,0.0,0.0,0.0,0.0,0.0,31.8313,10.1326,98.6915,0.4944,1.4632,0.5181,1.1986,0.0649,5.4898,0.0265,9.3939
2002,33.092,canny_hough,pid,0,0,0,0.0,0.0,,,0.0,-0.0,0.0,STOP,0.0,0.0,0.0,0.0,0.0,31.9003,26.4057,37.8707,0.4784,3.0236,0.6219,2.5423,0.0622,4.1976,0.0145,0.0
2003,33.1054,canny_hough,pid,0,0,0,0.0,0.0,,,0.0,-0.0,0.0,STOP,0.0,0.0,0.0,0.0,0.0,18.4762,15.7435,63.5185,0.5197,3.7886,0.5225,2.6077,0.0565,3.6471,0.0144,0.0
2004,33.1154,canny_hough,pid,0,0,0,0.0,0.0,,,0.0,-0.0,0.0,STOP,0.0,0.0,0.0,0.0,0.0,28.4562,12.9728,77.0845,0.4519,1.2496,0.488,2.076,0.0793,3.9079,0.0157,0.0
2005,33.1407,canny_hough,pid,0,0,0,0.0,0.0,,,0.0,-0.0,0.0,STOP,0.0,0.0,0.0,0.0,0.0,39.2305,10.5236,95.0248,0.9846,1.4565,0.5097,1.245,0.0667,4.3253,0.0133,10.0183
2006,33.1517,canny_hough,pid,0,0,0,0.0,0.0,,,0.0,-0.0,0.0,STOP,0.0,0.0,0.0,0.0,0.0,29.8727,25.0726,39.8841,0.4745,1.1998,0.5039,1.5619,0.0734,5.2105,0.0117,0.0
2007,33.1607,canny_hough,pid,0,0,0,0.0,0.0,,,0.0,-0.0,0.0,STOP,0.0,0.0,0.0,0.0,0.0,10.9876,10.9063,91.6904,0.5405,0.7692,0.47,1.2443,0.0572,4.0791,0.0152,0.0
2008,33.1705,canny_hough,pid,0,0,0,0.0,0.0,,,0.0,-0.0,0.0,STOP,0.0,0.0,0.0,0.0,0.0,20.7844,8.9161,112.1573,0.4521,1.4779,0.5031,1.4167,0.0546,4.0862,0.0174,0.0
2009,33.1958,canny_hough,pid,0,0,0,0.0,0.0,,,0.0,-0.0,0.0,STOP,0.0,0.0,0.0,0.0,0.0,30.6951,10.0269,99.7316,0.5474,1.2268,0.4727,1.415,0.0515,4.2071,0.018,9.886
2010,33.2047,canny_hough,pid,0,0,0,0.0,0.0,,,0.0,-0.0,0.0,STOP,0.0,0.0,0.0,0.0,0.0,21.6457,25.1024,39.8368,0.5146,0.7142,0.4767,0.8547,0.0601,4.5377,0.0132,0.0
2011,33.2187,canny_hough,pid,0,0,0,0.0,0.0,,,0.0,-0.0,0.0,STOP,0.0,0.0,0.0,0.0,0.0,35.5292,8.9669,111.5215,0.4633,1.866,0.5882,2.9849,0.0468,5.634,0.0144,0.0
2012,33.2367,canny_hough,pid,0,0,0,0.0,0.0,,,0.0,-0.0,0.0,STOP,0.0,0.0,0.0,0.0,0.0,21.5333,13.8816,72.038,5.1454,3.0047,0.5192,2.7471,0.0767,4.689,0.0142,0.0
2013,33.267,canny_hough,pid,0,0,0,0.0,0.0,,,0.0,-0.0,0.0,STOP,0.0,0.0,0.0,0.0,0.0,35.7038,18.0834,55.2993,0.4656,2.3526,1.3291,2.3225,0.0503,5.8312,0.0157,10.5029
2014,33.2793,canny_hough,pid,0,0,0,0.0,0.0,,,0.0,-0.0,0.0,STOP,0.0,0.0,0.0,0.0,0.0,32.8765,30.3659,32.9316,0.4534,3.2,0.4985,1.8282,0.0553,4.3456,0.013,0.0
2015,33.2966,canny_hough,pid,0,0,0,0.0,0.0,,,0.0,-0.0,0.0,STOP,0.0,0.0,0.0,0.0,0.0,50.2304,12.3323,81.0877,1.0992,3.8881,0.4776,1.1236,0.0508,8.7617,0.0165,0.0
2016,33.3113,canny_hough,pid,0,0,0,0.0,0.0,,,0.0,-0.0,0.0,STOP,0.0,0.0,0.0,0.0,0.0,26.6337,17.4653,57.2563,0.5088,2.5958,0.5783,3.9719,0.0408,4.8192,0.0145,0.0
2017,33.3391,canny_hough,pid,0,0,0,0.0,0.0,,,0.0,-0.0,0.0,STOP,0.0,0.0,0.0,0.0,0.0,15.2187,14.5454,68.7502,0.6261,1.792,0.5596,3.9907,0.0547,4.2201,0.0139,9.6524
2018,33.3541,canny_hough,pid,0,0,0,0.0,0.0,,,0.0,-0.0,0.0,STOP,0.0,0.0,0.0,0.0,0.0,44.8255,28.5748,34.9959,0.9278,1.1841,0.4716,1.2014,0.1109,8.396,0.0129,0.0
2019,33.3644,canny_hough,pid,0,0,0,0.0,0.0,,,0.0,-0.0,0.0,STOP,0.0,0.0,0.0,0.0,0.0,22.9449,13.9651,71.607,0.448,1.8731,0.4977,1.2342,0.0616,4.4193,0.0147,0.0
2020,33.3757,canny_hough,pid,0,0,0,0.0,0.0,,,0.0,-0.0,0.0,STOP,0.0,0.0,0.0,0.0,0.0,34.2247,10.518,95.0752,0.8893,1.5157,0.4949,1.7254,0.046,4.7263,0.0136,0.0
2021,33.4017,canny_hough,pid,0,0,0,0.0,0.0,,,0.0,-0.0,0.0,STOP,0.0,0.0,0.0,0.0,0.0,12.0299,11.1268,89.8732,0.501,1.1524,0.4553,1.237,0.0606,4.3405,0.0228,9.2061
2022,33.4171,canny_hough,pid,0,0,0,0.0,0.0,,,0.0,-0.0,0.0,STOP,0.0,0.0,0.0,0.0,0.0,43.9112,25.9595,38.5215,0.4496,1.1981,0.5038,4.1679,0.0499,7.2819,0.013,0.0
2023,33.427,canny_hough,pid,0,0,0,0.0,0.0,,,0.0,-0.0,0.0,STOP,0.0,0.0,0.0,0.0,0.0,22.3517,15.4275,64.8192,0.4542,1.1549,0.451,2.0557,0.0533,4.0157,0.0138,0.0
2024,33.444,canny_hough,pid,0,0,0,0.0,0.0,,,0.0,-0.0,0.0,STOP,0.0,0.0,0.0,0.0,0.0,39.3651,11.762,85.0193,0.8536,3.2194,0.4812,3.0577,0.0541,5.8119,0.0141,0.0
2025,33.4802,canny_hough,pid,0,0,0,0.0,0.0,,,0.0,-0.0,0.0,STOP,0.0,0.0,0.0,0.0,0.0,22.5712,15.0778,66.3227,0.5029,1.6317,1.3278,1.4893,0.0551,4.4337,0.0153,14.2026
2026,33.4917,canny_hough,pid,0,0,0,0.0,0.0,,,0.0,-0.0,0.0,STOP,0.0,0.0,0.0,0.0,0.0,23.9199,36.4401,27.4423,0.4617,1.9375,0.4968,2.5029,0.0694,4.0993,0.0122,0.0
2027,33.5042,canny_hough,pid,0,0,0,0.0,0.0,,,0.0,-0.0,0.0,STOP,0.0,0.0,0.0,0.0,0.0,36.4746,11.8721,84.2309,0.7837,2.5074,1.3541,1.4589,0.0506,4.1926,0.0131,0.0
2028,33.5147,canny_hough,pid,0,0,0,0.0,0.0,,,0.0,-0.0,0.0,STOP,0.0,0.0,0.0,0.0,0.0,17.353,12.0658,82.8791,0.6398,1.9756,0.4734,1.5785,0.0537,3.9847,0.0142,0.0
2029,33.5434,canny_hough,pid,0,0,0,0.0,0.0,,,0.0,-0.0,0.0,STOP,0.0,0.0,0.0,0.0,0.0,32.0599,10.4893,95.3353,0.5176,5.2016,0.5779,1.4078,0.0721,4.9617,0.0139,9.9748
2030,33.5532,canny_hough,pid,0,0,0,0.0,0.0,,,0.0,-0.0,0.0,STOP,0.0,0.0,0.0,0.0,0.0,21.6493,28.6597,34.8922,0.4535,1.3679,0.5013,1.6615,0.0602,3.7924,0.0129,0.0
2031,33.5641,canny_hough,pid,0,0,0,0.0,0.0,,,0.0,-0.0,0.0,STOP,0.0,0.0,0.0,0.0,0.0,32.6003,9.8098,101.9391,0.4645,1.2824,0.4636,3.1515,0.0368,3.5893,0.0145,0.0
2032,33.5741,canny_hough,pid,0,0,0,0.0,0.0,,,0.0,-0.0,0.0,STOP,0.0,0.0,0.0,0.0,0.0,14.2078,10.8287,92.347,0.4765,1.2467,0.5167,1.7705,0.0794,4.0416,0.0165,0.0
2033,33.6024,canny_hough,pid,0,0,0,0.0,0.0,,,0.0,-0.0,0.0,STOP,0.0,0.0,0.0,0.0,0.0,25.0904,9.9558,100.4443,0.6347,1.1664,0.5108,2.6763,0.0551,4.097,0.013,11.5386
2034,33.6134,canny_hough,pid,0,0,0,0.0,0.0,,,0.0,-0.0,0.0,STOP,0.0,0.0,0.0,0.0,0.0,19.0125,28.4954,35.0934,0.4607,1.2418,0.4547,2.5541,0.0546,4.1507,0.014,0.0
2035,33.6361,canny_hough,pid,0,0,0,0.0,0.0,,,0.0,-0.0,0.0,STOP,0.0,0.0,0.0,0.0,0.0,41.7701,11.0624,90.3966,0.5002,4.1507,0.5352,6.984,0.0436,8.4694,0.0141,0.0
2036,33.6466,canny_hough,pid,0,0,0,0.0,0.0,,,0.0,-0.0,0.0,STOP,0.0,0.0,0.0,0.0,0.0,16.7724,22.4976,44.4492,0.4717,1.208,0.4873,1.8379,0.0574,4.2146,0.0145,0.0
2037,33.6731,canny_hough,pid,0,0,0,0.0,0.0,,,0.0,-0.0,0.0,STOP,0.0,0.0,0.0,0.0,0.0,28.9633,12.0249,83.1609,0.6528,1.6929,0.4955,1.3011,0.064,4.7395,0.0145,8.9355
2038,33.6872,canny_hough,pid,0,0,0,0.0,0.0,,,0.0,-0.0,0.0,STOP,0.0,0.0,0.0,0.0,0.0,35.9058,25.386,39.3917,0.4714,1.4786,0.9735,1.4339,0.0631,7.5375,0.0114,0.0
2039,33.6979,canny_hough,pid,0,0,0,0.0,0.0,,,0.0,-0.0,0.0,STOP,0.0,0.0,0.0,0.0,0.0,46.6185,13.8821,72.0353,0.4831,1.2789,0.4837,1.7138,0.088,4.6593,0.0156,0.0
2040,33.7086,canny_hough,pid,0,0,0,0.0,0.0,,,0.0,-0.0,0.0,STOP,0.0,0.0,0.0,0.0,0.0,20.7277,10.6716,93.7063,0.4581,1.2786,0.713,1.5996,0.061,4.4463,0.0151,0.0
2041,33.7323,canny_hough,pid,0,0,0,0.0,0.0,,,0.0,-0.0,0.0,STOP,0.0,0.0,0.0,0.0,0.0,31.0667,10.7818,92.749,0.4796,1.2131,0.5049,1.3943,0.0518,4.7372,0.012,9.2452
2042,33.7414,canny_hough,pid,0,0,0,0.0,0.0,,,0.0,-0.0,0.0,STOP,0.0,0.0,0.0,0.0,0.0,23.3721,23.4746,42.5992,0.4501,1.1438,0.4697,1.1509,0.0492,4.0344,0.0131,0.0
2043,33.7526,canny_hough,pid,0,0,0,0.0,0.0,,,0.0,-0.0,0.0,STOP,0.0,0.0,0.0,0.0,0.0,34.5568,9.111,109.7569,0.4694,0.7411,0.683,3.3364,0.0404,4.1465,0.0173,0.0
2044,33.7618,canny_hough,pid,0,0,0,0.0,0.0,,,0.0,-0.0,0.0,STOP,0.0,0.0,0.0,0.0,0.0,12.8221,11.1679,89.5421,0.4659,1.1922,0.4874,1.3301,0.0552,3.943,0.0145,0.0
2045,33.7887,canny_hough,pid,0,0,0,0.0,0.0,,,0.0,-0.0,0.0,STOP,0.0,0.0,0.0,0.0,0.0,22.3495,9.162,109.146,0.4653,1.1659,0.4866,1.4534,0.0587,4.1764,0.0238,11.5986
2046,33.7985,canny_hough,pid,0,0,0,0.0,0.0,,,0.0,-0.0,0.0,STOP,0.0,0.0,0.0,0.0,0.0,17.1404,27.1477,36.8356,0.4686,1.193,0.4384,1.7016,0.0522,4.0419,0.0156,0.0
2047,33.8094,canny_hough,pid,0,0,0,0.0,0.0,,,0.0,-0.0,0.0,STOP,0.0,0.0,0.0,0.0,0.0,28.0253,9.6412,103.7216,0.4597,1.3547,0.4938,1.5823,0.0555,5.1785,0.0185,0.0
2048,33.8207,canny_hough,pid,0,0,0,0.0,0.0,,,0.0,-0.0,0.0,STOP,0.0,0.0,0.0,0.0,0.0,39.3189,11.8806,84.1711,0.8311,1.2595,0.5646,1.6121,0.0666,4.2225,0.0137,0.0
2049,33.8485,canny_hough,pid,0,0,0,0.0,0.0,,,0.0,-0.0,0.0,STOP,0.0,0.0,0.0,0.0,0.0,17.5804,10.3876,96.2683,0.4568,1.1489,0.4936,1.3314,0.0531,3.9362,0.0183,12.8648
2050,33.8578,canny_hough,pid,0,0,0,0.0,0.0,,,0.0,-0.0,0.0,STOP,0.0,0.0,0.0,0.0,0.0,16.9823,27.8042,35.9658,0.4456,1.1545,0.4444,1.2985,0.0635,3.9638,0.013,0.0
2051,33.8689,canny_hough,pid,0,0,0,0.0,0.0,,,0.0,-0.0,0.0,STOP,0.0,0.0,0.0,0.0,0.0,28.0533,9.1984,108.7147,0.4634,1.1698,0.6615,2.214,0.0542,4.6976,0.0183,0.0
2052,33.8813,canny_hough,pid,0,0,0,0.0,0.0,,,0.0,-0.0,0.0,STOP,0.0,0.0,0.0,0.0,0.0,40.4526,11.337,88.2069,0.457,3.5678,0.5069,1.2994,0.0761,4.3866,0.0124,0.0
2053,33.905,canny_hough,pid,0,0,0,0.0,0.0,,,0.0,-0.0,0.0,STOP,0.0,0.0,0.0,0.0,0.0,10.0776,12.0063,83.2896,0.4504,1.1461,0.4366,1.4443,0.0536,4.1087,0.0159,9.7906
2054,33.916,canny_hough,pid,0,0,0,0.0,0.0,,,0.0,-0.0,0.0,STOP,0.0,0.0,0.0,0.0,0.0,35.6656,24.6233,40.612,0.4695,1.2089,0.5309,2.0606,0.0524,4.2563,0.0123,0.0
2055,33.9258,canny_hough,pid,0,0,0,0.0,0.0,,,0.0,-0.0,0.0,STOP,0.0,0.0,0.0,0.0,0.0,18.7647,10.2895,97.1868,0.4615,1.2119,0.4639,1.4602,0.0572,4.2347,0.0145,0.0
2056,33.9356,canny_hough,pid,0,0,0,0.0,0.0,,,0.0,-0.0,0.0,STOP,0.0,0.0,0.0,0.0,0.0,28.5913,9.8336,101.6923,0.4675,1.1812,0.5577,1.2814,0.0593,4.3972,0.0178,0.0
2057,33.9624,canny_hough,pid,0,0,0,0.0,0.0,,,0.0,-0.0,0.0,STOP,0.0,0.0,0.0,0.0,0.0,40.1161,10.1978,98.0604,1.0186,1.3778,0.5214,2.4771,0.0553,3.854,0.0146,9.297
2058,33.9724,canny_hough,pid,0,0,0,0.0,0.0,,,0.0,-0.0,0.0,STOP,0.0,0.0,0.0,0.0,0.0,34.0225,26.2906,38.0364,0.4597,1.2422,0.5,1.2393,0.0639,4.8214,0.012,0.0
2059,33.9826,canny_hough,pid,0,0,0,0.0,0.0,,,0.0,-0.0,0.0,STOP,0.0,0.0,0.0,0.0,0.0,12.223,9.971,100.2906,0.4425,1.1822,0.4764,2.1477,0.0545,4.2561,0.0136,0.0
2060,33.9921,canny_hough,pid,0,0,0,0.0,0.0,,,0.0,-0.0,0.0,STOP,0.0,0.0,0.0,0.0,0.0,21.7065,10.2164,97.8815,0.4571,1.1895,0.4527,1.2682,0.0637,4.3799,0.014,0.0
2061,34.0184,canny_hough,pid,0,0,0,0.0,0.0,,,0.0,-0.0,0.0,STOP,0.0,0.0,0.0,0.0,0.0,33.0355,9.6618,103.5002,0.4933,1.3014,0.6258,2.0818,0.0586,4.7276,0.0143,9.4331
2062,34.0287,canny_hough,pid,0,0,0,0.0,0.0,,,0.0,-0.0,0.0,STOP,0.0,0.0,0.0,0.0,0.0,27.4271,26.3468,37.9553,0.4581,1.4061,0.4896,1.2773,0.0562,4.6782,0.0152,0.0
2063,34.0467,canny_hough,pid,0,0,0,0.0,0.0,,,0.0,-0.0,0.0,STOP,0.0,0.0,0.0,0.0,0.0,45.3822,11.7006,85.4655,0.4747,3.6908,0.703,3.0759,0.0422,6.3674,0.0621,0.0
2064,34.0596,canny_hough,pid,0,0,0,0.0,0.0,,,0.0,-0.0,0.0,STOP,0.0,0.0,0.0,0.0,0.0,20.0696,16.4365,60.8404,0.467,2.716,0.4956,1.3134,0.0783,4.8192,0.0235,0.0
2065,34.0891,canny_hough,pid,0,0,0,0.0,0.0,,,0.0,-0.0,0.0,STOP,0.0,0.0,0.0,0.0,0.0,33.1595,13.5412,73.8486,1.5661,3.0143,0.5084,1.2087,0.0549,4.3591,0.0136,11.3746
2066,34.1007,canny_hough,pid,0,0,0,0.0,0.0,,,0.0,-0.0,0.0,STOP,0.0,0.0,0.0,0.0,0.0,34.9686,29.163,34.29,0.5023,1.2533,0.4794,1.4475,0.0748,5.737,0.0116,0.0
2067,34.1103,canny_hough,pid,0,0,0,0.0,0.0,,,0.0,-0.0,0.0,STOP,0.0,0.0,0.0,0.0,0.0,44.6372,11.3414,88.1724,0.4487,1.165,0.4687,1.7949,0.0429,3.9666,0.014,0.0
2068,34.1204,canny_hough,pid,0,0,0,0.0,0.0,,,0.0,-0.0,0.0,STOP,0.0,0.0,0.0,0.0,0.0,14.9568,9.5318,104.9123,0.4659,1.8219,0.5545,1.4924,0.0823,4.0157,0.0129,0.0
2069,34.1451,canny_hough,pid,0,0,0,0.0,0.0,,,0.0,-0.0,0.0,STOP,0.0,0.0,0.0,0.0,0.0,25.0632,10.6174,94.1853,0.6484,1.747,0.4792,0.9889,0.0553,4.0105,0.0134,9.1468
2070,34.1546,canny_hough,pid,0,0,0,0.0,0.0,,,0.0,-0.0,0.0,STOP,0.0,0.0,0.0,0.0,0.0,30.6054,24.2394,41.2551,0.4401,0.7789,0.4504,1.6286,0.0573,4.3852,0.0117,0.0
2071,34.1629,canny_hough,pid,0,0,0,0.0,0.0,,,0.0,-0.0,0.0,STOP,0.0,0.0,0.0,0.0,0.0,9.3032,9.3508,106.9423,0.448,0.7571,0.4772,1.1545,0.0536,3.8054,0.0141,0.0
2072,34.1718,canny_hough,pid,0,0,0,0.0,0.0,,,0.0,-0.0,0.0,STOP,0.0,0.0,0.0,0.0,0.0,18.2003,8.3668,119.5201,0.4559,1.2345,0.4604,1.1607,0.0551,3.8628,0.0141,0.0
2073,34.1979,canny_hough,pid,0,0,0,0.0,0.0,,,0.0,-0.0,0.0,STOP,0.0,0.0,0.0,0.0,0.0,27.9757,8.8565,112.9118,0.4977,1.2014,0.5386,1.557,0.0722,4.0003,0.0155,10.7243
2074,34.2083,canny_hough,pid,0,0,0,0.0,0.0,,,0.0,-0.0,0.0,STOP,0.0,0.0,0.0,0.0,0.0,22.9013,26.4125,37.8608,0.4727,1.1723,0.5201,1.6932,0.0591,4.4902,0.0131,0.0
2075,34.2183,canny_hough,pid,0,0,0,0.0,0.0,,,0.0,-0.0,0.0,STOP,0.0,0.0,0.0,0.0,0.0,32.9804,10.1957,98.081,0.4618,1.2556,0.6345,1.4726,0.0659,4.3476,0.013,0.0
2076,34.2286,canny_hough,pid,0,0,0,0.0,0.0,,,0.0,-0.0,0.0,STOP,0.0,0.0,0.0,0.0,0.0,43.2314,10.02,99.8005,0.4482,1.8729,0.5638,1.1295,0.0528,4.4823,0.0127,0.0
2077,34.2535,canny_hough,pid,0,0,0,0.0,0.0,,,0.0,-0.0,0.0,STOP,0.0,0.0,0.0,0.0,0.0,12.1806,10.2506,97.5552,0.47,1.0669,0.4717,1.0376,0.0766,4.4865,0.0172,9.5233
2078,34.2629,canny_hough,pid,0,0,0,0.0,0.0,,,0.0,-0.0,0.0,STOP,0.0,0.0,0.0,0.0,0.0,10.0135,24.9885,40.0184,0.4573,1.1702,0.4831,1.4874,0.0546,3.8895,0.0127,0.0
2079,34.2726,canny_hough,pid,0,0,0,0.0,0.0,,,0.0,-0.0,0.0,STOP,0.0,0.0,0.0,0.0,0.0,19.7498,9.2414,108.2092,0.4432,1.2458,0.4827,1.2413,0.0574,4.4859,0.0223,0.0
2080,34.283,canny_hough,pid,0,0,0,0.0,0.0,,,0.0,-0.0,0.0,STOP,0.0,0.0,0.0,0.0,0.0,30.1122,9.8276,101.7538,0.4652,1.2007,0.5256,1.394,0.074,4.8892,0.0137,0.0
2081,34.307,canny_hough,pid,0,0,0,0.0,0.0,,,0.0,-0.0,0.0,STOP,0.0,0.0,0.0,0.0,0.0,38.9497,10.2316,97.7365,0.4681,1.2537,0.4661,1.177,0.0583,3.7484,0.0145,8.9685
2082,34.3197,canny_hough,pid,0,0,0,0.0,0.0,,,0.0,-0.0,0.0,STOP,0.0,0.0,0.0,0.0,0.0,34.466,24.1601,41.3906,0.463,1.23,0.6993,4.2663,0.0378,4.2194,0.0123,0.0
2083,34.329,canny_hough,pid,0,0,0,0.0,0.0,,,0.0,-0.0,0.0,STOP,0.0,0.0,0.0,0.0,0.0,11.7684,12.547,79.7006,0.5117,1.1546,0.4482,1.4469,0.055,4.031,0.0142,0.0
2084,34.3393,canny_hough,pid,0,0,0,0.0,0.0,,,0.0,-0.0,0.0,STOP,0.0,0.0,0.0,0.0,0.0,22.0564,9.5567,104.6385,0.4505,1.1916,0.5306,1.8665,0.0658,4.0799,0.0184,0.0
2085,34.3662,canny_hough,pid,0,0,0,0.0,0.0,,,0.0,-0.0,0.0,STOP,0.0,0.0,0.0,0.0,0.0,34.103,11.3624,88.0095,0.8215,1.6241,0.532,1.2988,0.051,4.7226,0.0153,9.5244
2086,34.378,canny_hough,pid,0,0,0,0.0,0.0,,,0.0,-0.0,0.0,STOP,0.0,0.0,0.0,0.0,0.0,29.9796,25.8565,38.6751,0.4926,1.3723,0.5216,1.4001,0.0566,6.0586,0.0121,0.0
2087,34.3886,canny_hough,pid,0,0,0,0.0,0.0,,,0.0,-0.0,0.0,STOP,0.0,0.0,0.0,0.0,0.0,40.558,11.7092,85.4028,0.8394,1.7994,0.5137,1.2188,0.0495,4.3553,0.0138,0.0
2088,34.3986,canny_hough,pid,0,0,0,0.0,0.0,,,0.0,-0.0,0.0,STOP,0.0,0.0,0.0,0.0,0.0,13.365,10.656,93.8442,0.4745,1.1954,0.4562,1.6549,0.0509,4.2976,0.0159,0.0
