frame,t_rel,algorithm,controller,armed,detected,inferred,confidence,lane_center,left_x,right_x,error_px,smoothed_error_px,steer,command,p_term,i_term,d_term,left_duty,right_duty,latency_ms,loop_ms,fps,t_grayscale,t_blur,t_threshold,t_canny,t_roi,t_detect,t_control,t_render
1,5.5667,histogram,bangbang,0,1,0,0.1639,158.3378,9.5286,307.1469,-1.6622,-0.4987,0.0,STOP,0.0,0.0,0.0,0.0,0.0,233.2924,0.0,0.0,34.3367,64.4599,12.9022,47.1026,0.0621,28.8973,0.0273,5291.3375
2,5.5807,histogram,bangbang,0,1,0,0.1639,157.7834,9.328,306.2388,-2.2166,-1.0141,0.0,STOP,0.0,0.0,0.0,0.0,0.0,34.1981,5531.8209,0.1808,0.5619,1.7144,0.5221,1.6185,0.0804,7.2753,0.0152,0.0
3,5.5915,histogram,bangbang,0,1,0,0.1639,157.7834,9.328,306.2388,-2.2166,-1.3748,0.0,STOP,0.0,0.0,0.0,0.0,0.0,45.0147,14.8972,67.1266,0.6904,1.0947,0.4384,1.1742,0.1408,4.3015,0.0091,0.0
4,5.6005,histogram,bangbang,0,1,0,0.1639,157.7222,9.2107,306.2337,-2.2778,-1.6457,0.0,STOP,0.0,0.0,0.0,0.0,0.0,17.1678,9.3289,107.1937,0.3949,1.0777,0.4672,1.3677,0.0508,4.1675,0.0089,0.0
5,5.6282,histogram,bangbang,0,1,0,0.1639,157.7222,9.2107,306.2337,-2.2778,-1.8353,0.0,STOP,0.0,0.0,0.0,0.0,0.0,28.333,9.0931,109.9731,0.4941,1.1501,0.4791,1.9222,0.0763,5.326,0.0087,10.2973
6,5.6376,histogram,bangbang,0,1,0,0.1639,157.7394,9.2867,306.1922,-2.2606,-1.9629,0.0,STOP,0.0,0.0,0.0,0.0,0.0,23.5371,27.6784,36.1292,0.4011,1.0888,0.4158,1.4322,0.0607,4.4095,0.0111,0.0
7,5.6487,histogram,bangbang,0,1,0,0.1639,157.7394,9.2867,306.1922,-2.2606,-2.0522,0.0,STOP,0.0,0.0,0.0,0.0,0.0,34.6558,9.5245,104.9927,0.4335,1.6434,0.7034,2.667,0.0367,3.9848,0.0104,0.0
8,5.6614,histogram,bangbang,0,1,0,0.1639,157.7305,9.2223,306.2388,-2.2695,-2.1174,0.0,STOP,0.0,0.0,0.0,0.0,0.0,17.5483,10.91,91.6589,0.392,1.085,0.44,1.1478,0.051,5.1799,0.0111,0.0
9,5.69,histogram,bangbang,0,1,0,0.1639,157.7305,9.2223,306.2388,-2.2695,-2.163,0.0,STOP,0.0,0.0,0.0,0.0,0.0,28.4337,12.9907,76.9781,0.4671,1.0816,0.4519,1.354,0.0616,5.6058,0.0104,12.5978
10,5.703,histogram,bangbang,0,1,0,0.1639,157.7315,9.3003,306.1627,-2.2685,-2.1946,0.0,STOP,0.0,0.0,0.0,0.0,0.0,24.6424,28.9028,34.5987,0.4684,2.0057,0.5391,1.9922,0.0705,5.6347,0.0121,0.0
11,5.717,histogram,bangbang,0,1,0,0.1639,157.7315,9.3003,306.1627,-2.2685,-2.2168,0.0,STOP,0.0,0.0,0.0,0.0,0.0,38.6723,12.7986,78.1334,0.95,2.3348,0.7318,2.6682,0.0733,5.2329,0.0113,0.0
12,5.7333,histogram,bangbang,0,1,0,0.1639,158.1332,9.2037,307.0627,-1.8668,-2.1118,0.0,STOP,0.0,0.0,0.0,0.0,0.0,23.9337,13.8825,72.0334,0.593,1.9481,0.54,5.7187,0.0723,5.4885,0.0107,0.0
13,5.7961,histogram,bangbang,0,1,0,0.1639,158.1332,9.2037,307.0627,-1.8668,-2.0383,0.0,STOP,0.0,0.0,0.0,0.0,0.0,49.3881,16.6449,60.0783,0.5302,6.1055,0.7809,2.1651,0.0587,13.3191,0.0119,16.2212
14,5.8197,histogram,bangbang,0,1,0,0.1639,157.7574,9.276,306.2388,-2.2426,-2.0996,0.0,STOP,0.0,0.0,0.0,0.0,0.0,24.8454,63.3509,15.7851,0.7629,5.0111,1.8754,5.2254,0.0555,7.8373,0.0158,0.0
15,5.8484,histogram,bangbang,0,1,0,0.1639,157.7574,9.276,306.2388,-2.2426,-2.1425,0.0,STOP,0.0,0.0,0.0,0.0,0.0,53.4152,22.5994,44.2489,0.4096,6.3676,0.5956,6.688,0.0908,12.5115,0.0213,0.0
16,5.8672,histogram,bangbang,0,1,0,0.1639,157.7153,9.2607,306.17,-2.2847,-2.1851,0.0,STOP,0.0,0.0,0.0,0.0,0.0,22.9492,29.325,34.1006,0.6245,2.894,0.5808,2.9324,0.0711,8.8376,0.0208,0.0
17,5.9102,histogram,bangbang,0,1,0,0.1639,157.7153,9.2607,306.17,-2.2847,-2.215,0.0,STOP,0.0,0.0,0.0,0.0,0.0,48.2522,19.1674,52.1718,1.0727,1.7669,0.5584,10.5065,0.0762,8.2852,0.0098,12.4944
18,5.9248,histogram,bangbang,0,1,0,0.1639,157.795,9.3758,306.2143,-2.205,-2.212,0.0,STOP,0.0,0.0,0.0,0.0,0.0,28.4699,42.4644,23.5491,0.4693,1.2037,0.5852,1.5828,0.0855,8.1174,0.0185,0.0
19,5.9425,histogram,bangbang,0,1,0,0.1639,157.795,9.3758,306.2143,-2.205,-2.2099,0.0,STOP,0.0,0.0,0.0,0.0,0.0,46.1452,16.427,60.8755,0.5655,1.7337,0.4954,2.0345,0.1334,8.4353,0.0155,0.0
20,5.9569,histogram,bangbang,0,1,0,0.1639,157.6504,9.4168,305.8841,-2.3496,-2.2518,0.0,STOP,0.0,0.0,0.0,0.0,0.0,16.4995,17.2962,57.8161,0.7481,1.207,0.4635,1.3775,0.1568,6.3726,0.0118,0.0
21,5.9873,histogram,bangbang,0,1,0,0.1639,157.6504,9.4168,305.8841,-2.3496,-2.2811,0.0,STOP,0.0,0.0,0.0,0.0,0.0,32.0548,18.9618,52.7377,0.4485,1.2383,0.7225,0.9384,0.0516,4.082,0.0084,9.3466
22,5.9964,histogram,bangbang,0,1,0,0.1639,157.5756,9.1257,306.0256,-2.4244,-2.3241,0.0,STOP,0.0,0.0,0.0,0.0,0.0,29.7128,24.3526,41.0634,0.4108,1.0126,0.4436,1.1837,0.0501,4.0437,0.0085,0.0
23,6.0051,histogram,bangbang,0,1,0,0.1639,157.6407,9.2466,306.0347,-2.3593,-2.3347,0.0,STOP,0.0,0.0,0.0,0.0,0.0,16.605,8.5303,117.2287,0.3836,1.0866,0.4193,1.3365,0.0543,3.9987,0.0091,0.0
24,6.0142,histogram,bangbang,0,1,0,0.1639,157.6407,9.2466,306.0347,-2.3593,-2.3421,0.0,STOP,0.0,0.0,0.0,0.0,0.0,25.7177,8.7718,114.0012,0.4396,1.0332,0.4167,1.3181,0.0597,4.3042,0.0089,0.0
25,6.051,histogram,bangbang,0,1,0,0.1639,157.6407,9.2466,306.0347,-2.3593,-2.3473,0.0,STOP,0.0,0.0,0.0,0.0,0.0,37.238,9.2156,108.5119,0.4241,1.0715,0.5609,2.5825,0.0557,5.1718,0.0107,14.6618
26,6.0654,histogram,bangbang,0,1,0,0.1639,157.6815,9.2866,306.0763,-2.3185,-2.3386,0.0,STOP,0.0,0.0,0.0,0.0,0.0,41.0388,40.9964,24.3924,0.9009,1.4116,0.6354,1.5907,0.0506,4.0109,0.0091,0.0
27,6.0745,histogram,bangbang,0,1,0,0.1639,157.7382,9.2182,306.2581,-2.2618,-2.3156,0.0,STOP,0.0,0.0,0.0,0.0,0.0,16.2717,10.1126,98.8867,0.3946,1.0362,0.4036,1.2276,0.0555,4.4072,0.0097,0.0
28,6.084,histogram,bangbang,0,1,0,0.1639,157.7382,9.2182,306.2581,-2.2618,-2.2995,0.0,STOP,0.0,0.0,0.0,0.0,0.0,25.7788,9.1155,109.7029,0.3961,1.0341,0.4573,1.2105,0.0623,4.8291,0.0089,0.0
29,6.1085,histogram,bangbang,0,1,0,0.1639,157.7382,9.2182,306.2581,-2.2618,-2.2882,0.0,STOP,0.0,0.0,0.0,0.0,0.0,35.8182,9.6681,103.4333,0.6046,1.1478,1.1286,1.4051,0.0475,4.0588,0.0091,9.0183
30,6.122,histogram,bangbang,0,1,0,0.1639,157.5726,9.176,305.9692,-2.4274,-2.3299,0.0,STOP,0.0,0.0,0.0,0.0,0.0,32.6697,24.3586,41.0533,0.4242,1.1258,0.4868,1.6086,0.0912,7.9053,0.0249,0.0
31,6.1372,histogram,bangbang,0,1,0,0.1639,157.5726,9.176,305.9692,-2.4274,-2.3592,0.0,STOP,0.0,0.0,0.0,0.0,0.0,47.8911,15.2434,65.6021,0.6336,2.1535,0.5901,2.635,0.0493,5.3402,0.0121,0.0
32,6.1526,histogram,bangbang,0,1,0,0.1639,157.6714,9.2918,306.051,-2.3286,-2.35,0.0,STOP,0.0,0.0,0.0,0.0,0.0,20.9708,13.9812,71.5246,0.6152,4.3404,0.4679,1.4211,0.065,6.1731,0.0119,0.0
33,6.1939,histogram,bangbang,0,1,0,0.1639,157.6714,9.2918,306.051,-2.3286,-2.3436,0.0,STOP,0.0,0.0,0.0,0.0,0.0,38.8873,15.848,63.0995,0.4322,1.1107,0.411,1.4669,0.0697,8.7458,0.0094,17.1385
34,6.2055,histogram,bangbang,0,1,0,0.1639,157.6311,9.3782,305.8841,-2.3689,-2.3512,0.0,STOP,0.0,0.0,0.0,0.0,0.0,21.337,41.3574,24.1795,0.4983,1.1522,0.452,1.5205,0.062,5.2944,0.0088,0.0
35,6.2159,histogram,bangbang,0,1,0,0.1639,157.6311,9.3782,305.8841,-2.3689,-2.3565,0.0,STOP,0.0,0.0,0.0,0.0,0.0,31.6734,10.8852,91.8681,0.6545,1.2267,0.7553,1.861,0.0394,3.9765,0.0087,0.0
36,6.2248,histogram,bangbang,0,1,0,0.1639,157.6216,9.3592,305.8841,-2.3784,-2.363,0.0,STOP,0.0,0.0,0.0,0.0,0.0,13.7889,9.8632,101.3868,0.3873,1.1207,0.4832,1.2612,0.0483,4.1845,0.0087,0.0
37,6.2528,histogram,bangbang,0,1,0,0.1639,157.6216,9.3592,305.8841,-2.3784,-2.3676,0.0,STOP,0.0,0.0,0.0,0.0,0.0,24.0931,8.8777,112.6415,0.3857,1.1115,0.402,1.2351,0.0637,5.625,0.0122,12.3607
38,6.264,histogram,bangbang,0,1,0,0.1639,157.6973,9.3436,306.051,-2.3027,-2.3482,0.0,STOP,0.0,0.0,0.0,0.0,0.0,19.8492,28.3174,35.314,0.5172,1.2318,0.4473,1.8971,0.1332,5.0124,0.0121,0.0
39,6.275,histogram,bangbang,0,1,0,0.1639,157.6973,9.3436,306.051,-2.3027,-2.3345,0.0,STOP,0.0,0.0,0.0,0.0,0.0,30.8961,11.4866,87.0578,0.4659,1.7188,0.4579,1.9424,0.0576,4.3587,0.0124,0.0
40,6.2883,histogram,bangbang,0,1,0,0.1639,157.6973,9.3436,306.051,-2.3027,-2.325,0.0,STOP,0.0,0.0,0.0,0.0,0.0,44.1729,10.7262,93.2295,0.4441,2.7096,0.6697,2.8032,0.0419,4.9643,0.0093,0.0
41,6.313,histogram,bangbang,0,1,0,0.1639,157.6672,9.1931,306.1413,-2.3328,-2.3273,0.0,STOP,0.0,0.0,0.0,0.0,0.0,16.5502,13.102,76.3242,0.8444,1.177,0.4695,1.3461,0.0612,5.454,0.0098,9.7616
42,6.3226,histogram,bangbang,0,1,0,0.1639,157.5777,9.2714,305.8841,-2.4223,-2.3558,0.0,STOP,0.0,0.0,0.0,0.0,0.0,19.0919,24.7989,40.3243,0.4401,1.0144,0.4122,2.1109,0.0554,3.9623,0.0086,0.0
43,6.3329,histogram,bangbang,0,1,0,0.1639,157.5777,9.2714,305.8841,-2.4223,-2.3757,0.0,STOP,0.0,0.0,0.0,0.0,0.0,29.3861,9.8689,101.3279,0.4141,1.0801,0.4443,1.533,0.0564,4.9169,0.0093,0.0
44,6.343,histogram,bangbang,0,1,0,0.1639,157.5777,9.2714,305.8841,-2.4223,-2.3897,0.0,STOP,0.0,0.0,0.0,0.0,0.0,39.467,10.1276,98.7397,0.9395,1.3756,0.416,1.3204,0.0518,4.2431,0.0091,0.0
45,6.3666,histogram,bangbang,0,1,0,0.1639,157.6011,9.3182,305.8841,-2.3989,-2.3925,0.0,STOP,0.0,0.0,0.0,0.0,0.0,15.4514,9.8189,101.8439,0.4043,1.0217,0.4072,1.4178,0.0732,3.9808,0.0085,9.5613
46,6.3755,histogram,bangbang,0,1,0,0.1639,157.741,9.312,306.17,-2.259,-2.3524,0.0,STOP,0.0,0.0,0.0,0.0,0.0,9.1168,23.6648,42.2568,0.3936,1.0215,0.409,1.5199,0.056,4.039,0.0089,0.0
47,6.3841,histogram,bangbang,0,1,0,0.1639,157.741,9.312,306.17,-2.259,-2.3244,0.0,STOP,0.0,0.0,0.0,0.0,0.0,17.7762,8.8517,112.9729,0.393,1.0123,0.4091,1.3679,0.0678,3.9875,0.0089,0.0
48,6.3946,histogram,bangbang,0,1,0,0.1639,157.741,9.312,306.17,-2.259,-2.3048,0.0,STOP,0.0,0.0,0.0,0.0,0.0,28.1428,8.6601,115.4725,0.4065,1.0843,0.4623,1.563,0.0512,5.1078,0.0196,0.0
49,6.418,histogram,bangbang,0,1,0,0.1639,157.741,9.312,306.17,-2.259,-2.2911,0.0,STOP,0.0,0.0,0.0,0.0,0.0,38.9241,11.34,88.1834,0.4716,2.128,0.4285,1.2587,0.0497,4.0588,0.0086,9.0177
50,6.4278,histogram,bangbang,0,1,0,0.1639,157.718,9.271,306.1649,-2.282,-2.2884,0.0,STOP,0.0,0.0,0.0,0.0,0.0,28.9715,22.7757,43.9064,0.4216,1.0197,0.4124,1.3391,0.0666,4.8722,0.0082,0.0
51,6.4376,histogram,bangbang,0,1,0,0.1639,157.718,9.271,306.1649,-2.282,-2.2865,0.0,STOP,0.0,0.0,0.0,0.0,0.0,38.7025,9.8552,101.4693,0.5297,1.1048,0.6996,1.1434,0.0518,4.512,0.0082,0.0
52,6.4468,histogram,bangbang,0,1,0,0.1639,157.6533,9.4225,305.8841,-2.3467,-2.3045,0.0,STOP,0.0,0.0,0.0,0.0,0.0,15.1897,9.5615,104.586,0.4166,1.0165,0.3968,1.6414,0.0511,4.1545,0.0096,0.0
53,6.4719,histogram,bangbang,0,1,0,0.1639,157.6533,9.4225,305.8841,-2.3467,-2.3172,0.0,STOP,0.0,0.0,0.0,0.0,0.0,24.3503,9.1042,109.8398,0.3909,0.6686,0.3941,0.972,0.0527,5.2107,0.009,10.1316
54,6.481,histogram,bangbang,0,1,0,0.1639,157.6141,9.273,305.9552,-2.3859,-2.3378,0.0,STOP,0.0,0.0,0.0,0.0,0.0,12.4995,25.2379,39.6229,0.3904,1.1016,0.4207,1.2709,0.0511,4.3191,0.0095,0.0
55,6.4909,histogram,bangbang,0,1,0,0.1639,157.6141,9.273,305.9552,-2.3859,-2.3522,0.0,STOP,0.0,0.0,0.0,0.0,0.0,22.3291,9.1983,108.7153,0.4711,1.0233,0.4038,1.3495,0.0587,4.9156,0.0089,0.0
56,6.5021,histogram,bangbang,0,1,0,0.1639,157.6141,9.273,305.9552,-2.3859,-2.3623,0.0,STOP,0.0,0.0,0.0,0.0,0.0,33.5801,10.0285,99.7155,0.5045,2.5538,0.7857,1.1241,0.0774,4.3276,0.0098,0.0
57,6.5275,histogram,bangbang,0,1,0,0.1639,157.6992,9.4432,305.9552,-2.3008,-2.3439,0.0,STOP,0.0,0.0,0.0,0.0,0.0,15.3752,10.9856,91.0283,0.4055,1.0424,0.4085,1.0369,0.0526,4.2776,0.0097,10.8039
58,6.5366,histogram,bangbang,0,1,0,0.1639,157.7041,9.281,306.1271,-2.2959,-2.3295,0.0,STOP,0.0,0.0,0.0,0.0,0.0,10.7165,25.5415,39.152,0.4249,1.0366,0.4846,1.0983,0.0555,4.2734,0.0092,0.0
59,6.5477,histogram,bangbang,0,1,0,0.1639,157.7041,9.281,306.1271,-2.2959,-2.3194,0.0,STOP,0.0,0.0,0.0,0.0,0.0,21.7923,9.2925,107.6136,0.6549,1.4997,0.4294,1.3684,0.0556,4.9897,0.0119,0.0
60,6.5571,histogram,bangbang,0,1,0,0.1639,157.7041,9.281,306.1271,-2.2959,-2.3124,0.0,STOP,0.0,0.0,0.0,0.0,0.0,31.2257,10.764,92.9024,0.4146,1.0057,0.605,1.0367,0.0555,4.7212,0.0089,0.0
61,6.583,histogram,bangbang,0,1,0,0.1639,157.7041,9.281,306.1271,-2.2959,-2.3074,0.0,STOP,0.0,0.0,0.0,0.0,0.0,43.1119,9.7049,103.0403,0.4282,1.3637,0.4432,2.5522,0.0542,5.124,0.0135,9.9075
62,6.5933,histogram,bangbang,0,1,0,0.1639,157.6732,9.2501,306.0964,-2.3268,-2.3132,0.0,STOP,0.0,0.0,0.0,0.0,0.0,25.5858,25.6552,38.9784,0.5111,1.0698,0.4167,2.3314,0.082,4.2224,0.009,0.0
63,6.6023,histogram,bangbang,0,1,0,0.1639,157.6589,9.2188,306.0989,-2.3411,-2.3216,0.0,STOP,0.0,0.0,0.0,0.0,0.0,16.7611,10.1218,98.7966,0.4409,1.0332,0.4101,1.5735,0.0536,4.0235,0.0086,0.0
64,6.6115,histogram,bangbang,0,1,0,0.1639,157.6589,9.2188,306.0989,-2.3411,-2.3275,0.0,STOP,0.0,0.0,0.0,0.0,0.0,25.9619,9.0004,111.1059,0.3959,1.0085,0.4051,1.541,0.0543,4.337,0.0096,0.0
65,6.6363,histogram,bangbang,0,1,0,0.1639,157.6589,9.2188,306.0989,-2.3411,-2.3316,0.0,STOP,0.0,0.0,0.0,0.0,0.0,36.5213,9.3098,107.4138,0.4197,1.5204,0.4908,1.7892,0.0667,4.6808,0.0096,9.4677
66,6.6458,histogram,bangbang,0,1,0,0.1639,157.6284,9.2595,305.9974,-2.3716,-2.3436,0.0,STOP,0.0,0.0,0.0,0.0,0.0,23.0982,24.875,40.201,0.4151,1.1347,0.4634,1.3279,0.0542,4.5138,0.0087,0.0
67,6.6561,histogram,bangbang,0,1,0,0.1639,157.6284,9.2595,305.9974,-2.3716,-2.352,0.0,STOP,0.0,0.0,0.0,0.0,0.0,33.3667,9.5525,104.6841,0.6176,1.2227,0.5282,1.9651,0.0373,4.0562,0.0087,0.0
68,6.6646,histogram,bangbang,0,1,0,0.1639,157.6843,9.2761,306.0925,-2.3157,-2.3411,0.0,STOP,0.0,0.0,0.0,0.0,0.0,13.0779,10.0789,99.2168,0.3984,1.0717,0.4273,1.133,0.0554,3.9964,0.0085,0.0
69,6.6886,histogram,bangbang,0,1,0,0.1639,157.6843,9.2761,306.0925,-2.3157,-2.3335,0.0,STOP,0.0,0.0,0.0,0.0,0.0,22.1387,8.5332,117.1894,0.3864,1.0585,0.4106,1.3091,0.072,4.3377,0.0091,11.1573
70,6.697,histogram,bangbang,0,1,0,0.1639,157.6818,9.2621,306.1015,-2.3182,-2.3289,0.0,STOP,0.0,0.0,0.0,0.0,0.0,16.3447,24.0165,41.638,0.3822,1.0699,0.426,1.0307,0.0577,3.9665,0.0092,0.0
71,6.7069,histogram,bangbang,0,1,0,0.1639,157.6818,9.2621,306.1015,-2.3182,-2.3257,0.0,STOP,0.0,0.0,0.0,0.0,0.0,26.1614,8.4044,118.9846,0.5518,1.4521,0.4583,1.4513,0.0531,4.355,0.0105,0.0
72,6.7176,histogram,bangbang,0,1,0,0.1639,157.6818,9.2621,306.1015,-2.3182,-2.3234,0.0,STOP,0.0,0.0,0.0,0.0,0.0,36.8603,10.8045,92.554,0.5042,1.6038,0.4392,1.2562,0.0522,4.3032,0.0104,0.0
73,6.7591,histogram,bangbang,0,1,0,0.1639,157.5579,9.203,305.9127,-2.4421,-2.359,0.0,STOP,0.0,0.0,0.0,0.0,0.0,25.1746,9.9287,100.7183,0.4041,1.0202,0.4101,1.2481,0.0508,13.8202,0.011,13.8833
74,6.7729,histogram,bangbang,0,1,0,0.1639,157.7526,9.3786,306.1265,-2.2474,-2.3256,0.0,STOP,0.0,0.0,0.0,0.0,0.0,26.5172,41.4051,24.1516,0.405,1.9252,1.4857,1.4549,0.0699,6.7084,0.0096,0.0
75,6.785,histogram,bangbang,0,1,0,0.1639,157.7526,9.3786,306.1265,-2.2474,-2.3021,0.0,STOP,0.0,0.0,0.0,0.0,0.0,38.6269,15.0396,66.4911,0.7523,1.1646,0.5305,2.2396,0.0682,4.4984,0.0097,0.0
76,6.794,histogram,bangbang,0,1,0,0.1639,157.684,9.1292,306.2388,-2.316,-2.3063,0.0,STOP,0.0,0.0,0.0,0.0,0.0,16.0846,10.7029,93.4327,0.3913,1.5257,0.4335,1.0325,0.0589,4.2082,0.0087,0.0
77,6.8192,histogram,bangbang,0,1,0,0.1639,157.684,9.1292,306.2388,-2.316,-2.3092,0.0,STOP,0.0,0.0,0.0,0.0,0.0,25.8406,9.2772,107.7913,0.4116,1.0808,0.4285,1.0791,0.0611,4.9692,0.0091,10.5692
78,6.8286,histogram,bangbang,0,1,0,0.1639,157.6798,9.1649,306.1947,-2.3202,-2.3125,0.0,STOP,0.0,0.0,0.0,0.0,0.0,22.3054,25.0909,39.8551,0.3978,1.0216,0.4124,1.3614,0.0511,4.5753,0.0098,0.0
79,6.8387,histogram,bangbang,0,1,0,0.1639,157.6798,9.1649,306.1947,-2.3202,-2.3148,0.0,STOP,0.0,0.0,0.0,0.0,0.0,32.3962,9.2993,107.5353,0.4126,1.1115,0.4441,2.0107,0.0484,4.5398,0.0099,0.0
80,6.8481,histogram,bangbang,0,1,0,0.1639,157.6798,9.1649,306.1947,-2.3202,-2.3164,0.0,STOP,0.0,0.0,0.0,0.0,0.0,41.8557,10.719,93.2925,0.4084,1.1114,0.4511,1.3446,0.0512,3.9765,0.0083,0.0
81,6.8722,histogram,bangbang,0,1,0,0.1639,157.6841,9.1565,306.2118,-2.3159,-2.3163,0.0,STOP,0.0,0.0,0.0,0.0,0.0,16.9823,8.7881,113.7897,0.3889,1.0794,0.42,1.3265,0.0517,4.0257,0.0086,11.617
82,6.8812,histogram,bangbang,0,1,0,0.1639,158.1259,9.2822,306.9697,-1.8741,-2.1836,0.0,STOP,0.0,0.0,0.0,0.0,0.0,14.0662,24.2007,41.3212,0.4227,1.2533,0.4254,1.2492,0.0585,4.0029,0.0086,0.0
83,6.89,histogram,bangbang,0,1,0,0.1639,158.1259,9.2822,306.9697,-1.8741,-2.0908,0.0,STOP,0.0,0.0,0.0,0.0,0.0,22.8238,8.842,113.096,0.4376,1.0164,0.4095,1.0496,0.0522,4.3069,0.0096,0.0
84,6.9049,histogram,bangbang,0,1,0,0.1639,158.1259,9.2822,306.9697,-1.8741,-2.0257,0.0,STOP,0.0,0.0,0.0,0.0,0.0,37.8224,8.88,112.6131,0.6244,1.0446,0.4072,6.0522,0.0584,5.2299,0.0112,0.0
85,6.9346,histogram,bangbang,0,1,0,0.1639,158.1259,9.2822,306.9697,-1.8741,-1.9802,0.0,STOP,0.0,0.0,0.0,0.0,0.0,48.0238,15.5634,64.2533,0.6834,1.175,0.4236,1.3284,0.052,4.382,0.0097,11.4152
86,6.9455,histogram,bangbang,0,1,0,0.1639,158.0368,9.244,306.8297,-1.9632,-1.9751,0.0,STOP,0.0,0.0,0.0,0.0,0.0,38.796,30.074,33.2513,0.6319,1.0423,0.463,1.2949,0.0549,4.908,0.0092,0.0
87,6.9576,histogram,bangbang,0,1,0,0.1639,158.1176,9.1725,307.0627,-1.8824,-1.9473,0.0,STOP,0.0,0.0,0.0,0.0,0.0,20.1075,10.3003,97.0841,0.4151,3.0921,0.523,1.5848,0.0506,4.4845,0.0095,0.0
88,6.968,histogram,bangbang,0,1,0,0.1639,158.1176,9.1725,307.0627,-1.8824,-1.9278,0.0,STOP,0.0,0.0,0.0,0.0,0.0,30.0683,11.9645,83.5808,0.4399,1.0864,0.4304,1.1413,0.0553,4.9236,0.0123,0.0
89,6.9971,histogram,bangbang,0,1,0,0.1639,158.1176,9.1725,307.0627,-1.8824,-1.9142,0.0,STOP,0.0,0.0,0.0,0.0,0.0,42.7845,10.8594,92.0862,0.4103,2.4226,0.6992,1.671,0.0509,4.7737,0.0093,10.3645
90,7.0074,histogram,bangbang,0,1,0,0.1625,158.0968,9.3213,306.8723,-1.9032,-1.9109,0.0,STOP,0.0,0.0,0.0,0.0,0.0,12.2738,28.4124,35.1959,0.5035,1.1659,0.4628,1.7317,0.0661,4.7656,0.01,0.0
91,7.0179,histogram,bangbang,0,1,0,0.1625,158.0968,9.3213,306.8723,-1.9032,-1.9086,0.0,STOP,0.0,0.0,0.0,0.0,0.0,22.7632,10.513,95.1199,0.4053,1.1137,0.5218,1.9144,0.0536,4.7269,0.0097,0.0
92,7.0287,histogram,bangbang,0,1,0,0.1625,158.0968,9.3213,306.8723,-1.9032,-1.907,0.0,STOP,0.0,0.0,0.0,0.0,0.0,33.5789,10.4049,96.1083,0.4247,1.0519,0.4922,1.74,0.0562,5.3599,0.0106,0.0
93,7.0547,histogram,bangbang,0,1,0,0.1625,158.0968,9.3213,306.8723,-1.9032,-1.9058,0.0,STOP,0.0,0.0,0.0,0.0,0.0,43.9565,10.5506,94.7813,0.4011,1.4071,0.4674,1.302,0.0544,5.2691,0.0126,10.1426
94,7.0759,histogram,bangbang,0,1,0,0.1625,158.0778,9.3256,306.83,-1.9222,-1.9107,0.0,STOP,0.0,0.0,0.0,0.0,0.0,38.2451,26.5953,37.6006,0.5024,6.9739,0.4447,1.7596,0.0543,4.512,0.0092,0.0
95,7.0859,histogram,bangbang,0,1,0,0.1639,158.1567,9.2751,307.0383,-1.8433,-1.8905,0.0,STOP,0.0,0.0,0.0,0.0,0.0,23.2982,20.7922,48.095,0.4366,1.2943,0.4802,1.1902,0.0681,4.8971,0.0088,0.0
96,7.0985,histogram,bangbang,0,1,0,0.1639,158.1567,9.2751,307.0383,-1.8433,-1.8764,0.0,STOP,0.0,0.0,0.0,0.0,0.0,35.7631,10.4114,96.0487,0.4257,3.6475,0.4511,1.3677,0.073,4.4597,0.0086,0.0
97,7.1238,histogram,bangbang,0,1,0,0.1639,158.1058,9.3621,306.8496,-1.8942,-1.8817,0.0,STOP,0.0,0.0,0.0,0.0,0.0,16.7987,12.0063,83.2893,0.4001,1.2164,0.421,1.6632,0.052,4.4341,0.0104,11.9355
98,7.1348,histogram,bangbang,0,1,0,0.1639,158.1702,9.1681,307.1724,-1.8298,-1.8661,0.0,STOP,0.0,0.0,0.0,0.0,0.0,16.9369,25.3711,39.415,0.4209,0.9961,0.4589,3.1443,0.0494,4.3966,0.0094,0.0
99,7.1444,histogram,bangbang,0,1,0,0.1639,158.1702,9.1681,307.1724,-1.8298,-1.8552,0.0,STOP,0.0,0.0,0.0,0.0,0.0,26.5466,10.9287,91.5021,0.3999,1.1427,0.4654,1.3794,0.0568,4.6787,0.012,0.0
100,7.1545,histogram,bangbang,0,1,0,0.1639,158.1702,9.1681,307.1724,-1.8298,-1.8476,0.0,STOP,0.0,0.0,0.0,0.0,0.0,36.5856,9.6447,103.6835,0.4143,1.1266,0.4352,1.1463,0.0708,5.3169,0.009,0.0
101,7.1804,histogram,bangbang,0,1,0,0.1639,158.1702,9.1681,307.1724,-1.8298,-1.8422,0.0,STOP,0.0,0.0,0.0,0.0,0.0,46.6965,10.9105,91.6545,0.6293,1.0768,0.5231,1.2733,0.055,4.2035,0.0088,9.4912
102,7.1902,histogram,bangbang,0,1,0,0.1639,158.1457,9.1339,307.1576,-1.8543,-1.8458,0.0,STOP,0.0,0.0,0.0,0.0,0.0,33.1046,25.5467,39.144,0.8944,1.2954,0.4345,1.1201,0.0687,4.0649,0.0096,0.0
103,7.1989,histogram,bangbang,0,1,0,0.1639,158.2346,9.3134,307.1558,-1.7654,-1.8217,0.0,STOP,0.0,0.0,0.0,0.0,0.0,15.1111,9.4596,105.7129,0.4058,1.0485,0.4065,1.3324,0.0548,3.9202,0.0089,0.0
104,7.2092,histogram,bangbang,0,1,0,0.1639,158.2346,9.3134,307.1558,-1.7654,-1.8048,0.0,STOP,0.0,0.0,0.0,0.0,0.0,25.3564,8.5579,116.8513,0.3988,1.0202,0.4037,2.3581,0.0589,4.515,0.0098,0.0
105,7.2399,histogram,bangbang,0,1,0,0.1639,158.2346,9.3134,307.1558,-1.7654,-1.793,0.0,STOP,0.0,0.0,0.0,0.0,0.0,40.2882,10.8719,91.9799,0.4118,1.6921,0.5447,5.4817,0.0448,4.6803,0.0094,9.669
106,7.2511,histogram,bangbang,0,1,0,0.1639,158.2177,9.3015,307.1339,-1.7823,-1.7898,0.0,STOP,0.0,0.0,0.0,0.0,0.0,31.7013,30.5662,32.7159,0.4497,1.4112,0.5196,1.4479,0.0529,5.4204,0.0093,0.0
107,7.2622,histogram,bangbang,0,1,0,0.1639,158.2177,9.3015,307.1339,-1.7823,-1.7875,0.0,STOP,0.0,0.0,0.0,0.0,0.0,42.8282,12.0627,82.9002,0.5431,1.3377,0.4192,1.3521,0.0914,4.5568,0.0093,0.0
108,7.2723,histogram,bangbang,0,1,0,0.1611,158.0919,9.2031,306.9807,-1.9081,-1.8237,0.0,STOP,0.0,0.0,0.0,0.0,0.0,17.2311,9.9472,100.5311,0.4166,1.0563,0.4353,1.8794,0.0552,4.6191,0.0105,0.0
109,7.2991,histogram,bangbang,0,1,0,0.1611,158.0919,9.2031,306.9807,-1.9081,-1.849,0.0,STOP,0.0,0.0,0.0,0.0,0.0,28.5998,10.0474,99.5279,0.555,1.4335,0.425,1.1634,0.0713,6.0985,0.0119,10.5265
110,7.3093,histogram,bangbang,0,1,0,0.1625,158.155,9.4355,306.8746,-1.845,-1.8478,0.0,STOP,0.0,0.0,0.0,0.0,0.0,30.0404,27.0322,36.9929,0.4176,1.2072,0.5593,1.4934,0.0524,4.6374,0.0092,0.0
111,7.3214,histogram,bangbang,0,1,0,0.1625,158.155,9.4355,306.8746,-1.845,-1.8469,0.0,STOP,0.0,0.0,0.0,0.0,0.0,42.1685,9.9013,100.9964,1.3212,1.4482,0.4654,3.1426,0.0386,4.0017,0.0095,0.0
112,7.3309,histogram,bangbang,0,1,0,0.1625,158.2045,9.4325,306.9764,-1.7955,-1.8315,0.0,STOP,0.0,0.0,0.0,0.0,0.0,13.934,12.0095,83.2672,0.4393,1.0135,0.4011,1.3586,0.073,4.6984,0.0093,0.0
113,7.362,histogram,bangbang,0,1,0,0.1625,158.2045,9.4325,306.9764,-1.7955,-1.8207,0.0,STOP,0.0,0.0,0.0,0.0,0.0,24.1877,9.5094,105.1594,0.4058,0.9348,0.4702,1.9393,0.0416,5.0538,0.0091,13.5381
114,7.3769,histogram,bangbang,0,1,0,0.1639,158.2574,9.3634,307.1514,-1.7426,-1.7973,0.0,STOP,0.0,0.0,0.0,0.0,0.0,34.7144,31.5462,31.6996,0.4192,3.9106,0.6415,2.39,0.0468,5.6431,0.0096,0.0
115,7.3869,histogram,bangbang,0,1,0,0.1625,158.1794,9.2782,307.0806,-1.8206,-1.8043,0.0,STOP,0.0,0.0,0.0,0.0,0.0,11.5822,14.5861,68.5585,0.4049,1.3854,0.4711,1.3273,0.0554,4.8159,0.0098,0.0
116,7.4,histogram,bangbang,0,1,0,0.1625,158.1794,9.2782,307.0806,-1.8206,-1.8092,0.0,STOP,0.0,0.0,0.0,0.0,0.0,23.9191,10.0465,99.5367,0.4449,3.0203,0.4564,1.892,0.0562,4.7861,0.0138,0.0
117,7.4275,histogram,bangbang,0,1,0,0.1625,158.1794,9.2782,307.0806,-1.8206,-1.8126,0.0,STOP,0.0,0.0,0.0,0.0,0.0,34.8083,13.4958,74.0969,0.701,1.1446,0.8061,1.1978,0.0557,4.2372,0.0091,9.4571
118,7.4461,histogram,bangbang,0,1,0,0.1639,158.1344,9.2933,306.9755,-1.8656,-1.8285,0.0,STOP,0.0,0.0,0.0,0.0,0.0,41.7494,27.1018,36.8979,0.4209,1.0544,4.694,1.435,0.0536,9.323,0.0093,0.0
119,7.4601,histogram,bangbang,0,1,0,0.1639,158.1344,9.2933,306.9755,-1.8656,-1.8396,0.0,STOP,0.0,0.0,0.0,0.0,0.0,55.766,19.657,50.8724,0.4845,1.3453,0.6527,4.2987,0.0466,4.5178,0.0143,0.0
120,7.4713,histogram,bangbang,0,1,0,0.1611,158.2324,9.4566,307.0082,-1.7676,-1.818,0.0,STOP,0.0,0.0,0.0,0.0,0.0,15.5303,12.919,77.4055,0.4089,0.8881,0.4185,2.3214,0.0445,5.5699,0.0097,0.0
121,7.5008,histogram,bangbang,0,1,0,0.1611,158.2324,9.4566,307.0082,-1.7676,-1.8029,0.0,STOP,0.0,0.0,0.0,0.0,0.0,28.0314,11.5386,86.6656,0.7984,0.7821,0.472,4.2563,0.0581,4.2701,0.0092,12.9583
122,7.5111,histogram,bangbang,0,1,0,0.1639,158.2306,9.3718,307.0894,-1.7694,-1.7929,0.0,STOP,0.0,0.0,0.0,0.0,0.0,17.4789,29.2012,34.2452,0.4105,1.2305,0.4494,2.0933,0.053,4.4025,0.0141,0.0
123,7.5212,histogram,bangbang,0,1,0,0.1639,158.2306,9.3718,307.0894,-1.7694,-1.7858,0.0,STOP,0.0,0.0,0.0,0.0,0.0,27.6143,10.3946,96.2042,0.3909,1.0613,0.4263,1.4402,0.0594,5.0393,0.0103,0.0
124,7.5364,histogram,bangbang,0,1,0,0.1639,158.2306,9.3718,307.0894,-1.7694,-1.7809,0.0,STOP,0.0,0.0,0.0,0.0,0.0,42.8282,10.2946,97.1387,4.0775,1.9409,0.7902,1.9605,0.0742,4.3894,0.0087,0.0
125,7.5612,histogram,bangbang,0,1,0,0.1625,158.0952,9.3338,306.8565,-1.9048,-1.8181,0.0,STOP,0.0,0.0,0.0,0.0,0.0,15.3804,14.7206,67.932,0.4366,1.2373,0.4201,1.1532,0.07,3.9416,0.0089,9.9605
126,7.5692,histogram,bangbang,0,1,0,0.1625,158.0752,9.3272,306.8232,-1.9248,-1.8501,0.0,STOP,0.0,0.0,0.0,0.0,0.0,8.9277,24.8459,40.2481,0.4678,0.6969,0.4242,0.9213,0.0507,4.0097,0.0088,0.0
127,7.578,histogram,bangbang,0,1,0,0.1625,158.0752,9.3272,306.8232,-1.9248,-1.8725,0.0,STOP,0.0,0.0,0.0,0.0,0.0,17.7766,7.9858,125.2221,0.4368,1.0363,0.4192,1.3531,0.0563,4.1086,0.0089,0.0
128,7.5884,histogram,bangbang,0,1,0,0.1625,158.0752,9.3272,306.8232,-1.9248,-1.8882,0.0,STOP,0.0,0.0,0.0,0.0,0.0,28.078,8.8893,112.4944,0.4162,1.3649,0.4814,1.4668,0.0657,4.9904,0.0096,0.0
129,7.6171,histogram,bangbang,0,1,0,0.1625,158.0752,9.3272,306.8232,-1.9248,-1.8992,0.0,STOP,0.0,0.0,0.0,0.0,0.0,40.1586,10.6151,94.2052,0.9439,1.6513,0.512,1.9561,0.0589,5.1107,0.0143,10.2425
130,7.6312,histogram,bangbang,0,1,0,0.1639,158.1695,9.2984,307.0406,-1.8305,-1.8786,0.0,STOP,0.0,0.0,0.0,0.0,0.0,37.9899,28.9044,34.5968,0.4691,1.7194,0.489,3.6359,0.054,5.6819,0.0114,0.0
131,7.6416,histogram,bangbang,0,1,0,0.1639,158.1695,9.2984,307.0406,-1.8305,-1.8641,0.0,STOP,0.0,0.0,0.0,0.0,0.0,48.4174,14.3758,69.5615,0.4305,1.5444,0.4303,1.5507,0.0695,4.0933,0.0102,0.0
132,7.656,histogram,bangbang,0,1,0,0.1625,158.1919,9.327,307.0569,-1.8081,-1.8473,0.0,STOP,0.0,0.0,0.0,0.0,0.0,22.4074,10.0314,99.6865,0.413,1.7001,0.4318,1.5649,0.0502,8.4021,0.0083,0.0
133,7.6867,histogram,bangbang,0,1,0,0.1625,158.0831,9.2849,306.8812,-1.9169,-1.8682,0.0,STOP,0.0,0.0,0.0,0.0,0.0,12.25,13.8871,72.0091,0.3828,1.0162,2.2683,1.1808,0.0537,4.7724,0.0102,14.5231
134,7.6989,histogram,bangbang,0,1,0,0.1639,158.0961,9.2101,306.982,-1.9039,-1.8789,0.0,STOP,0.0,0.0,0.0,0.0,0.0,12.5098,30.8903,32.3727,0.4446,1.0199,0.4211,4.8969,0.0543,3.8414,0.0092,0.0
135,7.7096,histogram,bangbang,0,1,0,0.1639,158.0961,9.2101,306.982,-1.9039,-1.8864,0.0,STOP,0.0,0.0,0.0,0.0,0.0,23.1726,12.106,82.6038,0.4534,1.0104,0.4097,1.3665,0.071,5.5015,0.0093,0.0
136,7.7209,histogram,bangbang,0,1,0,0.1639,158.0961,9.2101,306.982,-1.9039,-1.8917,0.0,STOP,0.0,0.0,0.0,0.0,0.0,34.5217,11.2378,88.9852,1.0081,1.2144,0.5201,2.142,0.0411,4.4413,0.0086,0.0
137,7.7506,histogram,bangbang,0,1,0,0.1625,158.1951,9.2564,307.1337,-1.8049,-1.8657,0.0,STOP,0.0,0.0,0.0,0.0,0.0,15.6378,10.6952,93.5001,0.3844,1.2448,0.436,2.1453,0.05,4.3905,0.0095,9.7594
138,7.7616,histogram,bangbang,0,1,0,0.1625,158.1951,9.2564,307.1337,-1.8049,-1.8474,0.0,STOP,0.0,0.0,0.0,0.0,0.0,46.31,30.0223,33.3086,0.438,1.371,0.4598,1.6744,0.057,5.2921,0.0102,0.0
139,7.7722,histogram,bangbang,0,1,0,0.1625,158.1951,9.2564,307.1337,-1.8049,-1.8347,0.0,STOP,0.0,0.0,0.0,0.0,0.0,56.8244,11.4995,86.9604,0.5384,1.1516,0.5282,1.3174,0.0492,4.7216,0.0107,0.0
140,7.787,histogram,bangbang,0,1,0,0.1625,158.1839,9.2552,307.1126,-1.8161,-1.8291,0.0,STOP,0.0,0.0,0.0,0.0,0.0,23.4105,10.2681,97.3894,0.4169,1.36,0.4679,5.221,0.0494,5.326,0.0089,0.0
141,7.8126,histogram,bangbang,0,1,0,0.1625,158.0965,9.3364,306.8565,-1.9035,-1.8514,0.0,STOP,0.0,0.0,0.0,0.0,0.0,13.9379,14.2824,70.0163,0.3894,1.001,0.4058,1.8724,0.051,3.8619,0.0087,10.6563
142,7.8221,histogram,bangbang,0,1,0,0.1625,158.0965,9.3364,306.8565,-1.9035,-1.8671,0.0,STOP,0.0,0.0,0.0,0.0,0.0,40.1183,25.969,38.5075,0.42,1.1504,0.4493,1.2001,0.0529,4.4697,0.0094,0.0
143,7.8321,histogram,bangbang,0,1,0,0.1625,158.1365,9.3217,306.9513,-1.8635,-1.866,0.0,STOP,0.0,0.0,0.0,0.0,0.0,18.9299,9.5269,104.9662,0.4278,1.0576,0.4413,1.5245,0.0568,4.757,0.0102,0.0
144,7.8471,histogram,bangbang,0,1,0,0.1625,158.1365,9.3217,306.9513,-1.8635,-1.8652,0.0,STOP,0.0,0.0,0.0,0.0,0.0,33.9514,9.8094,101.9434,0.3996,1.699,0.4659,2.1365,0.0616,8.6799,0.0099,0.0
145,7.8735,histogram,bangbang,0,1,0,0.1625,158.1365,9.3217,306.9513,-1.8635,-1.8647,0.0,STOP,0.0,0.0,0.0,0.0,0.0,46.2519,15.5539,64.2925,0.4726,1.0785,0.7876,3.3744,0.0395,4.5054,0.0092,9.9764
146,7.8842,histogram,bangbang,0,1,0,0.1625,158.1635,9.4036,306.9233,-1.8365,-1.8563,0.0,STOP,0.0,0.0,0.0,0.0,0.0,30.7768,26.1705,38.2109,0.7965,1.4696,0.4415,1.465,0.0494,4.5277,0.0096,0.0
147,7.8943,histogram,bangbang,0,1,0,0.1625,158.2156,9.3012,307.1301,-1.7844,-1.8347,0.0,STOP,0.0,0.0,0.0,0.0,0.0,17.3051,10.3889,96.2562,0.4075,1.1472,0.4387,1.9081,0.0521,4.4869,0.0096,0.0
148,7.905,histogram,bangbang,0,1,0,0.1625,158.2156,9.3012,307.1301,-1.7844,-1.8196,0.0,STOP,0.0,0.0,0.0,0.0,0.0,28.067,10.326,96.8427,0.4109,1.0609,0.4541,1.704,0.0598,5.1929,0.0132,0.0
149,7.93,histogram,bangbang,0,1,0,0.1625,158.2156,9.3012,307.1301,-1.7844,-1.809,0.0,STOP,0.0,0.0,0.0,0.0,0.0,37.801,10.8804,91.9081,0.8943,1.2036,0.4273,1.2505,0.0489,3.9027,0.0096,9.5124
150,7.9413,histogram,bangbang,0,1,0,0.1639,158.1943,9.3479,307.0406,-1.8057,-1.808,0.0,STOP,0.0,0.0,0.0,0.0,0.0,33.212,24.7132,40.4642,0.4128,1.0625,0.4388,1.8533,0.039,5.749,0.0107,0.0
151,7.9546,histogram,bangbang,0,1,0,0.1639,158.1943,9.3479,307.0406,-1.8057,-1.8073,0.0,STOP,0.0,0.0,0.0,0.0,0.0,46.5239,12.1622,82.2221,0.5277,1.1195,0.4446,3.9358,0.0519,4.5252,0.0103,0.0
152,7.9656,histogram,bangbang,0,1,0,0.1625,158.1727,9.4204,306.9251,-1.8273,-1.8133,0.0,STOP,0.0,0.0,0.0,0.0,0.0,21.4192,12.4167,80.537,0.4514,1.1665,0.5039,1.3128,0.0587,5.66,0.0173,0.0
153,7.9897,histogram,bangbang,0,1,0,0.1625,158.1727,9.4204,306.9251,-1.8273,-1.8175,0.0,STOP,0.0,0.0,0.0,0.0,0.0,31.5655,11.3146,88.381,0.9679,1.1283,0.4214,1.1923,0.0558,4.3984,0.0093,9.046
154,8.0021,histogram,bangbang,0,1,0,0.1625,158.1342,9.2683,307.0,-1.8658,-1.832,0.0,STOP,0.0,0.0,0.0,0.0,0.0,33.4338,23.7697,42.0703,0.4088,1.3096,0.4858,3.6774,0.0609,4.8217,0.0088,0.0
155,8.011,histogram,bangbang,0,1,0,0.1625,158.1342,9.2683,307.0,-1.8658,-1.8422,0.0,STOP,0.0,0.0,0.0,0.0,0.0,42.3594,12.4119,80.5678,0.4198,1.3164,0.4126,1.2182,0.0494,3.8786,0.0088,0.0
156,8.021,histogram,bangbang,0,1,0,0.1639,158.1385,9.2389,307.0381,-1.8615,-1.848,0.0,STOP,0.0,0.0,0.0,0.0,0.0,16.1611,8.7293,114.5569,0.3945,1.0005,0.395,1.6933,0.0536,4.9399,0.01,0.0
157,8.047,histogram,bangbang,0,1,0,0.1639,158.1385,9.2389,307.0381,-1.8615,-1.852,0.0,STOP,0.0,0.0,0.0,0.0,0.0,27.0758,10.0728,99.2768,0.4949,1.1212,0.5009,1.6851,0.0718,5.4296,0.0102,11.3862
158,8.0568,histogram,bangbang,0,1,0,0.1625,158.1298,9.264,306.9956,-1.8702,-1.8575,0.0,STOP,0.0,0.0,0.0,0.0,0.0,13.351,25.9522,38.5323,0.406,1.0553,0.4237,1.5205,0.0557,4.6938,0.0109,0.0
159,8.0671,histogram,bangbang,0,1,0,0.1625,158.1298,9.264,306.9956,-1.8702,-1.8613,0.0,STOP,0.0,0.0,0.0,0.0,0.0,23.7484,9.6117,104.0403,0.3912,1.1056,0.4185,1.3548,0.0536,5.6573,0.0098,0.0
160,8.0767,histogram,bangbang,0,1,0,0.1625,158.1298,9.264,306.9956,-1.8702,-1.864,0.0,STOP,0.0,0.0,0.0,0.0,0.0,33.3495,11.0339,90.6296,0.4308,1.1039,0.4644,1.237,0.0581,4.3114,0.0092,0.0
161,8.1037,histogram,bangbang,0,1,0,0.1625,158.143,9.286,307.0,-1.857,-1.8619,0.0,STOP,0.0,0.0,0.0,0.0,0.0,17.0023,8.9702,111.4807,0.3882,1.0632,0.4449,1.2109,0.0578,4.5879,0.0107,12.0014
162,8.113,histogram,bangbang,0,1,0,0.1611,158.1795,9.2383,307.1207,-1.8205,-1.8495,0.0,STOP,0.0,0.0,0.0,0.0,0.0,17.1618,27.1382,36.8484,0.4128,1.0291,0.4845,1.4181,0.0645,4.3121,0.0097,0.0
163,8.1233,histogram,bangbang,0,1,0,0.1611,158.1795,9.2383,307.1207,-1.8205,-1.8408,0.0,STOP,0.0,0.0,0.0,0.0,0.0,27.4653,9.3242,107.2476,0.4691,1.2509,0.4493,1.7412,0.0816,4.5961,0.0091,0.0
164,8.1361,histogram,bangbang,0,1,0,0.1611,158.1795,9.2383,307.1207,-1.8205,-1.8347,0.0,STOP,0.0,0.0,0.0,0.0,0.0,40.2434,10.2301,97.7504,0.4274,1.1531,0.5417,3.6026,0.0461,5.4518,0.0089,0.0
165,8.1622,histogram,bangbang,0,1,0,0.1611,158.1795,9.2383,307.1207,-1.8205,-1.8304,0.0,STOP,0.0,0.0,0.0,0.0,0.0,50.551,13.2024,75.744,0.5298,1.7018,0.407,0.9497,0.0909,4.6056,0.0089,10.3143
166,8.1716,histogram,bangbang,0,1,0,0.1625,158.1573,9.3146,307.0,-1.8427,-1.8341,0.0,STOP,0.0,0.0,0.0,0.0,0.0,10.8884,25.8986,38.6121,0.4072,1.1111,0.4336,1.3868,0.0609,4.2697,0.0093,0.0
167,8.1825,histogram,bangbang,0,1,0,0.1625,158.1573,9.3146,307.0,-1.8427,-1.8367,0.0,STOP,0.0,0.0,0.0,0.0,0.0,21.6811,9.1858,108.8632,0.395,1.1328,0.7386,1.8999,0.0535,4.9042,0.0152,0.0
168,8.1996,histogram,bangbang,0,1,0,0.1625,158.1573,9.3146,307.0,-1.8427,-1.8385,0.0,STOP,0.0,0.0,0.0,0.0,0.0,38.8984,11.3021,88.4792,0.4259,3.0043,0.4834,1.7878,0.0584,9.3775,0.0086,0.0
169,8.2293,histogram,bangbang,0,1,0,0.1625,158.1573,9.3146,307.0,-1.8427,-1.8398,0.0,STOP,0.0,0.0,0.0,0.0,0.0,49.7892,17.3084,57.7755,0.5522,1.1376,0.4392,1.4483,0.0476,5.0604,0.0094,14.927
170,8.2382,histogram,bangbang,0,1,0,0.1625,158.1062,9.1907,307.0216,-1.8938,-1.856,0.0,STOP,0.0,0.0,0.0,0.0,0.0,15.8113,29.1315,34.3271,0.5719,0.7043,0.4137,1.1823,0.0507,4.415,0.0091,0.0
171,8.2478,histogram,bangbang,0,1,0,0.1625,158.1062,9.1907,307.0216,-1.8938,-1.8673,0.0,STOP,0.0,0.0,0.0,0.0,0.0,25.4654,9.0615,110.3568,0.4615,0.9161,0.4938,1.3135,0.0566,4.6734,0.0099,0.0
172,8.2595,histogram,bangbang,0,1,0,0.1625,158.1062,9.1907,307.0216,-1.8938,-1.8753,0.0,STOP,0.0,0.0,0.0,0.0,0.0,37.1501,10.0183,99.8171,0.4132,2.4521,0.4433,1.4725,0.0493,4.7079,0.0092,0.0
173,8.2861,histogram,bangbang,0,1,0,0.1625,158.1462,9.225,307.0674,-1.8538,-1.8688,0.0,STOP,0.0,0.0,0.0,0.0,0.0,16.692,11.0161,90.7766,0.4054,2.1348,0.4405,0.9223,0.0542,4.3124,0.015,9.6238
174,8.2961,histogram,bangbang,0,1,0,0.1611,158.1044,9.2267,306.982,-1.8956,-1.8769,0.0,STOP,0.0,0.0,0.0,0.0,0.0,11.2662,26.7447,37.3906,0.4053,1.6853,0.5667,1.4964,0.0498,4.1927,0.0092,0.0
175,8.3059,histogram,bangbang,0,1,0,0.1611,158.1044,9.2267,306.982,-1.8956,-1.8825,0.0,STOP,0.0,0.0,0.0,0.0,0.0,21.0967,10.0138,99.8618,0.5687,1.3988,0.4262,1.0254,0.0677,4.6799,0.0097,0.0
176,8.3165,histogram,bangbang,0,1,0,0.1611,158.1044,9.2267,306.982,-1.8956,-1.8864,0.0,STOP,0.0,0.0,0.0,0.0,0.0,31.705,9.9488,100.5142,0.5928,1.1349,0.5116,1.6209,0.0676,4.8318,0.0116,0.0
177,8.3507,histogram,bangbang,0,1,0,0.1611,158.1044,9.2267,306.982,-1.8956,-1.8892,0.0,STOP,0.0,0.0,0.0,0.0,0.0,42.566,10.6198,94.1636,0.4403,1.5237,0.4437,1.3108,0.0542,5.2861,0.0107,10.721
178,8.3675,histogram,bangbang,1,1,0,0.1639,158.0983,9.2211,306.9755,-1.9017,-1.893,0.0,STRAIGHT,0.0,0.0,0.0,72.5,72.5,22.602,33.91,29.4898,0.3985,1.0064,0.4004,5.449,0.0544,6.4447,0.0169,0.0
179,8.3843,histogram,bangbang,1,1,0,0.1639,158.0983,9.2211,306.9755,-1.9017,-1.8956,0.0,STRAIGHT,0.0,0.0,0.0,72.5,72.5,39.4321,18.0482,55.4072,0.5163,1.6558,0.808,2.1976,0.0766,8.3015,0.014,0.0
180,8.4236,histogram,bangbang,1,1,0,0.1639,158.0983,9.2211,306.9755,-1.9017,-1.8974,0.0,STRAIGHT,0.0,0.0,0.0,72.5,72.5,78.755,21.3312,46.8796,2.4083,8.9995,0.5586,3.9854,0.0644,15.6912,0.0096,0.0
181,8.4647,histogram,bangbang,1,1,0,0.1611,158.0796,9.2354,306.9239,-1.9204,-1.9043,0.0,STRAIGHT,0.0,0.0,0.0,72.5,72.5,47.3162,40.234,24.8546,0.5188,1.8793,0.4269,4.5898,0.0605,4.8007,0.0091,13.3599
182,8.4794,histogram,bangbang,1,1,0,0.2,159.5116,11.0207,308.0024,-0.4884,-1.4795,0.0,STRAIGHT,0.0,0.0,0.0,72.5,72.5,29.8946,34.8476,28.6964,0.4849,1.6467,2.8348,3.5887,0.0515,3.9547,0.0091,0.0
183,8.4882,histogram,bangbang,1,1,0,0.2222,159.7535,11.4151,308.092,-0.2465,-1.1096,0.0,STRAIGHT,0.0,0.0,0.0,72.5,72.5,16.8312,14.1744,70.5499,0.3919,1.0121,0.4068,1.2324,0.0544,4.1303,0.0084,0.0
184,8.4979,histogram,bangbang,1,1,0,0.2222,159.7535,11.4151,308.092,-0.2465,-0.8507,0.0,STRAIGHT,0.0,0.0,0.0,72.5,72.5,26.431,8.8544,112.9384,0.4006,1.1225,0.4486,1.4216,0.0627,4.4373,0.0104,0.0
185,8.5235,histogram,bangbang,1,1,0,0.2222,159.7535,11.4151,308.092,-0.2465,-0.6694,0.0,STRAIGHT,0.0,0.0,0.0,72.5,72.5,38.3536,10.5723,94.5871,0.7316,2.1607,0.4537,1.3663,0.0494,4.55,0.0097,9.5689
186,8.5343,histogram,bangbang,1,1,0,0.1792,159.176,10.8768,307.4752,-0.824,-0.7158,0.0,STRAIGHT,0.0,0.0,0.0,72.5,72.5,31.4464,24.8821,40.1895,0.458,1.1063,0.4844,2.1761,0.0468,4.4986,0.0084,0.0
187,8.5454,histogram,bangbang,1,1,0,0.1792,159.176,10.8768,307.4752,-0.824,-0.7483,0.0,STRAIGHT,0.0,0.0,0.0,72.5,72.5,42.5785,11.0271,90.6853,0.5394,2.0991,0.7772,1.3257,0.0507,4.3062,0.0086,0.0
188,8.5552,histogram,bangbang,1,1,0,0.1681,157.5828,8.7266,306.439,-2.4172,-1.2489,0.0,STRAIGHT,0.0,0.0,0.0,72.5,72.5,16.6974,10.9037,91.7123,0.4286,1.0512,0.431,1.5595,0.0505,4.4515,0.0094,0.0
189,8.5825,histogram,bangbang,1,1,0,0.1681,157.5828,8.7266,306.439,-2.4172,-1.5994,0.0,STRAIGHT,0.0,0.0,0.0,72.5,72.5,30.3884,9.8683,101.3349,0.4347,1.3738,0.5547,4.5352,0.0519,4.749,0.0122,9.4588
190,8.5941,histogram,bangbang,1,1,0,0.1708,158.8334,10.7164,306.9505,-1.1666,-1.4696,0.0,STRAIGHT,0.0,0.0,0.0,72.5,72.5,29.8888,27.3647,36.5434,0.4493,2.0351,0.595,1.4151,0.0619,5.0742,0.0089,0.0
191,8.6042,histogram,bangbang,1,1,0,0.1708,158.8334,10.7164,306.9505,-1.1666,-1.3787,0.0,STRAIGHT,0.0,0.0,0.0,72.5,72.5,39.9435,11.7004,85.4674,0.5512,1.2336,0.5868,1.5114,0.054,4.0818,0.0098,0.0
192,8.6132,histogram,bangbang,1,1,0,0.1708,157.135,10.7958,303.4742,-2.865,-1.8246,0.0,STRAIGHT,0.0,0.0,0.0,72.5,72.5,15.5067,9.6489,103.6388,0.3958,1.0674,0.4098,1.3435,0.0511,4.09,0.0087,0.0
193,8.6353,histogram,bangbang,1,1,0,0.1708,157.135,10.7958,303.4742,-2.865,-2.1367,0.0,STRAIGHT,0.0,0.0,0.0,72.5,72.5,25.336,8.9824,111.3288,0.4337,1.0374,0.4522,1.634,0.0611,4.5058,0.0114,9.7255
194,8.6465,histogram,bangbang,1,1,0,0.1903,159.1898,10.9081,307.4715,-0.8102,-1.7387,0.0,STRAIGHT,0.0,0.0,0.0,72.5,72.5,19.7523,22.186,45.0734,0.4011,1.0279,0.4224,3.4482,0.0532,4.0975,0.0081,0.0
195,8.6556,histogram,bangbang,1,1,0,0.1903,159.1898,10.9081,307.4715,-0.8102,-1.4602,0.0,STRAIGHT,0.0,0.0,0.0,72.5,72.5,28.8438,11.1298,89.8488,0.3861,1.0741,0.4103,1.3152,0.0507,4.1928,0.0091,0.0
196,8.6659,histogram,bangbang,1,1,0,0.1903,159.1898,10.9081,307.4715,-0.8102,-1.2652,0.0,STRAIGHT,0.0,0.0,0.0,72.5,72.5,39.2194,9.0845,110.0772,0.3862,1.0622,0.4843,2.017,0.0504,4.7528,0.009,0.0
197,8.6972,histogram,bangbang,1,1,0,0.1903,159.1898,10.9081,307.4715,-0.8102,-1.1287,0.0,STRAIGHT,0.0,0.0,0.0,72.5,72.5,54.6349,10.4984,95.253,0.3945,1.6245,0.4027,1.5323,0.0485,6.2485,0.009,10.8268
198,8.7102,histogram,bangbang,1,1,0,0.1861,159.0698,10.8004,307.3392,-0.9302,-1.0692,0.0,STRAIGHT,0.0,0.0,0.0,72.5,72.5,21.3209,31.2032,32.048,0.4612,3.7992,0.4675,1.2015,0.0525,5.1025,0.0101,0.0
199,8.7232,histogram,bangbang,1,1,0,0.1861,159.0698,10.8004,307.3392,-0.9302,-1.0275,0.0,STRAIGHT,0.0,0.0,0.0,72.5,72.5,34.3007,13.475,74.2114,0.504,1.13,0.4652,1.3233,0.0598,7.0509,0.0097,0.0
200,8.7349,histogram,bangbang,1,1,0,0.1861,159.0698,10.8004,307.3392,-0.9302,-0.9983,0.0,STRAIGHT,0.0,0.0,0.0,72.5,72.5,46.0147,13.0779,76.4647,0.4671,2.1998,0.5265,1.3803,0.0795,4.5783,0.0121,0.0
201,8.7642,histogram,bangbang,1,1,0,0.1861,159.0698,10.8004,307.3392,-0.9302,-0.9779,0.0,STRAIGHT,0.0,0.0,0.0,72.5,72.5,56.8084,11.599,86.2142,0.7184,1.0355,0.5091,1.2876,0.052,4.9866,0.0123,13.0618
202,8.775,histogram,bangbang,1,1,0,0.1819,158.9633,10.4947,307.4319,-1.0367,-0.9955,0.0,STRAIGHT,0.0,0.0,0.0,72.5,72.5,18.8907,29.0621,34.4091,0.418,1.171,0.4421,1.4164,0.0493,5.0796,0.01,0.0
203,8.7898,histogram,bangbang,1,1,0,0.1819,158.9633,10.4947,307.4319,-1.0367,-1.0079,0.0,STRAIGHT,0.0,0.0,0.0,72.5,72.5,33.6856,10.7503,93.0208,0.4126,1.2534,0.5271,5.0362,0.0406,5.5139,0.0097,0.0
204,8.8023,histogram,bangbang,1,1,0,0.1819,158.9633,10.4947,307.4319,-1.0367,-1.0165,0.0,STRAIGHT,0.0,0.0,0.0,72.5,72.5,46.2175,15.1657,65.9382,0.5387,1.2128,0.449,2.8121,0.0628,4.968,0.0113,0.0
205,8.8337,histogram,bangbang,1,1,0,0.175,158.6487,9.6455,307.652,-1.3513,-1.1169,0.0,STRAIGHT,0.0,0.0,0.0,72.5,72.5,19.339,12.3826,80.7586,0.4616,1.2239,0.5335,2.6885,0.0652,5.837,0.0097,14.4476
206,8.8459,histogram,bangbang,1,1,0,0.1625,160.0403,11.3292,308.7513,0.0403,-0.7698,0.0,STRAIGHT,0.0,0.0,0.0,72.5,72.5,22.531,31.0724,32.1829,0.4079,2.4482,0.4751,1.6925,0.0549,5.3444,0.009,0.0
207,8.8579,histogram,bangbang,1,1,0,0.1625,160.0403,11.3292,308.7513,0.0403,-0.5268,0.0,STRAIGHT,0.0,0.0,0.0,72.5,72.5,34.5054,12.4725,80.1765,1.488,1.4026,0.4801,1.9062,0.0507,4.5972,0.009,0.0
208,8.8674,histogram,bangbang,1,1,0,0.1861,160.6838,12.1857,309.182,0.6838,-0.1636,0.0,STRAIGHT,0.0,0.0,0.0,72.5,72.5,17.3153,11.6628,85.743,0.6015,1.0488,0.4139,1.1857,0.0514,4.2817,0.0144,0.0
209,8.8908,histogram,bangbang,1,1,0,0.1861,160.6838,12.1857,309.182,0.6838,0.0906,0.0,STRAIGHT,0.0,0.0,0.0,72.5,72.5,27.4602,9.5058,105.1992,0.4276,1.0239,0.415,1.2672,0.0692,5.1268,0.009,9.5815
210,8.9009,histogram,bangbang,1,1,0,0.1292,160.0949,12.0083,308.1815,0.0949,0.0919,0.0,STRAIGHT,0.0,0.0,0.0,72.5,72.5,21.2126,23.4822,42.5855,0.4007,1.0178,0.4072,1.9518,0.059,4.4192,0.0092,0.0
211,8.9111,histogram,bangbang,1,1,0,0.1292,160.0949,12.0083,308.1815,0.0949,0.0928,0.0,STRAIGHT,0.0,0.0,0.0,72.5,72.5,31.4675,9.9732,100.2686,0.4005,1.2823,0.4524,1.1245,0.0571,5.145,0.0098,0.0
212,8.922,histogram,bangbang,1,1,0,0.1292,160.0949,12.0083,308.1815,0.0949,0.0935,0.0,STRAIGHT,0.0,0.0,0.0,72.5,72.5,42.344,10.4876,95.3504,0.5772,1.8038,0.4421,1.208,0.0536,4.7936,0.0089,0.0
213,8.9497,histogram,bangbang,1,1,0,0.1139,159.3276,11.8515,306.8037,-0.6724,-0.1363,0.0,STRAIGHT,0.0,0.0,0.0,72.5,72.5,11.5518,10.84,92.2508,0.4084,1.1049,0.4262,1.4123,0.0503,4.6609,0.0103,12.2195
214,8.9596,histogram,bangbang,1,1,0,0.1139,159.423,11.663,307.1829,-0.577,-0.2685,0.0,STRAIGHT,0.0,0.0,0.0,72.5,72.5,18.3045,27.6344,36.1867,0.4324,1.0578,0.411,1.5311,0.1244,4.4145,0.0096,0.0
215,8.9702,histogram,bangbang,1,1,0,0.1139,159.423,11.663,307.1829,-0.577,-0.3611,0.0,STRAIGHT,0.0,0.0,0.0,72.5,72.5,28.8941,9.7695,102.3592,0.4383,1.1542,0.4545,1.8702,0.0515,4.8514,0.0097,0.0
216,8.9808,histogram,bangbang,1,1,0,0.1139,159.423,11.663,307.1829,-0.577,-0.4259,0.0,STRAIGHT,0.0,0.0,0.0,72.5,72.5,39.4934,10.58,94.5182,0.4315,1.2007,0.6432,1.647,0.0801,4.7872,0.0092,0.0
217,9.0083,histogram,bangbang,1,1,0,0.1139,159.423,11.663,307.1829,-0.577,-0.4712,0.0,STRAIGHT,0.0,0.0,0.0,72.5,72.5,49.711,11.3176,88.3579,0.4364,1.0711,0.4072,1.5438,0.0731,4.1767,0.009,12.4444
218,9.0172,histogram,bangbang,1,1,0,0.1417,159.3127,11.2921,307.3332,-0.6873,-0.5361,0.0,STRAIGHT,0.0,0.0,0.0,72.5,72.5,13.6043,26.7749,37.3484,0.4044,1.0677,0.4051,1.1451,0.0512,4.107,0.009,0.0
219,9.0268,histogram,bangbang,1,1,0,0.1417,159.3127,11.2921,307.3332,-0.6873,-0.5814,0.0,STRAIGHT,0.0,0.0,0.0,72.5,72.5,23.2033,8.7994,113.6443,0.4383,1.0724,0.4073,1.2944,0.0512,4.6239,0.0102,0.0
220,9.0395,histogram,bangbang,1,1,0,0.1417,159.3127,11.2921,307.3332,-0.6873,-0.6132,0.0,STRAIGHT,0.0,0.0,0.0,72.5,72.5,35.9581,9.6615,103.5041,0.3915,1.8482,0.8089,2.4746,0.0428,5.2317,0.0096,0.0
221,9.0622,histogram,bangbang,1,1,0,0.2778,159.7047,11.7601,307.6494,-0.2953,-0.5178,0.0,STRAIGHT,0.0,0.0,0.0,72.5,72.5,10.4703,12.74,78.4928,0.396,1.0287,0.4529,1.2514,0.0512,4.111,0.0084,9.3951
222,9.0728,histogram,bangbang,1,1,0,0.2778,159.7047,11.7601,307.6494,-0.2953,-0.4511,0.0,STRAIGHT,0.0,0.0,0.0,72.5,72.5,34.8114,23.1937,43.1152,0.4647,1.7447,0.5069,1.4253,0.0528,4.2117,0.0094,0.0
223,9.0818,histogram,bangbang,1,1,0,0.1375,158.139,10.3323,305.9457,-1.861,-0.874,0.0,STRAIGHT,0.0,0.0,0.0,72.5,72.5,15.9638,10.0581,99.4228,0.3972,1.0793,0.4242,1.3467,0.0524,4.0076,0.0093,0.0
224,9.0918,histogram,bangbang,1,1,0,0.1375,158.139,10.3323,305.9457,-1.861,-1.1701,0.0,STRAIGHT,0.0,0.0,0.0,72.5,72.5,26.0202,8.9796,111.3636,0.3995,1.0166,0.4032,1.402,0.0518,5.0305,0.013,0.0
225,9.1139,histogram,bangbang,1,1,0,0.1375,158.139,10.3323,305.9457,-1.861,-1.3774,0.0,STRAIGHT,0.0,0.0,0.0,72.5,72.5,35.8077,10.1974,98.0644,0.4527,1.1451,0.4175,1.1767,0.0488,4.7372,0.0088,9.8005
226,9.1237,histogram,bangbang,1,1,0,0.1514,157.4924,9.8233,305.1614,-2.5076,-1.7164,0.0,STRAIGHT,0.0,0.0,0.0,72.5,72.5,19.3376,21.9728,45.5108,0.4049,1.03,0.4066,1.9565,0.0793,4.1852,0.0094,0.0
227,9.1355,histogram,bangbang,1,1,0,0.1514,157.4924,9.8233,305.1614,-2.5076,-1.9538,0.0,STRAIGHT,0.0,0.0,0.0,72.5,72.5,31.0797,9.9724,100.2769,0.4597,1.3971,1.0865,1.4652,0.0444,5.1628,0.0153,0.0
228,9.1464,histogram,bangbang,1,1,0,0.1514,157.4924,9.8233,305.1614,-2.5076,-2.1199,0.0,STRAIGHT,0.0,0.0,0.0,72.5,72.5,41.9805,12.1561,82.263,0.4147,1.197,0.4181,1.7105,0.0621,4.721,0.0103,0.0
229,9.1731,histogram,bangbang,1,1,0,0.1542,150.2045,9.0335,291.3755,-9.7955,-4.4226,0.0,STRAIGHT,0.0,0.0,0.0,72.5,72.5,19.7484,10.366,96.4695,0.4037,1.0208,0.4288,1.3972,0.0604,4.9702,0.0116,11.0787
230,9.1845,histogram,bangbang,1,1,0,0.2083,152.2927,9.4689,295.1166,-7.7073,-5.408,0.0,STRAIGHT,0.0,0.0,0.0,72.5,72.5,21.6656,26.836,37.2634,0.4935,1.1535,0.4683,2.3382,0.0758,4.968,0.0095,0.0
231,9.1946,histogram,bangbang,1,1,0,0.2083,152.2927,9.4689,295.1166,-7.7073,-6.0978,0.0,STRAIGHT,0.0,0.0,0.0,72.5,72.5,31.7872,11.3731,87.9265,0.4357,1.1977,0.4623,1.2751,0.0746,4.6348,0.0094,0.0
232,9.2072,histogram,bangbang,1,1,0,0.2083,152.2927,9.4689,295.1166,-7.7073,-6.5806,0.0,STRAIGHT,0.0,0.0,0.0,72.5,72.5,44.4196,11.1214,89.917,0.5579,2.347,0.5374,2.1525,0.0388,3.9551,0.009,0.0
233,9.2403,histogram,bangbang,1,1,0,0.2361,156.2479,7.9005,304.5953,-3.7521,-5.7321,0.0,STRAIGHT,0.0,0.0,0.0,72.5,72.5,16.0057,11.4282,87.503,0.4217,2.5357,0.4525,1.4155,0.1128,4.5425,0.01,16.1547
234,9.254,histogram,bangbang,1,1,0,0.2056,157.9507,7.6794,308.222,-2.0493,-4.6272,0.0,STRAIGHT,0.0,0.0,0.0,72.5,72.5,19.1291,33.4588,29.8875,0.4131,4.0546,0.4909,1.1774,0.0568,5.4087,0.0088,0.0
235,9.2654,histogram,bangbang,1,1,0,0.2056,157.9507,7.6794,308.222,-2.0493,-3.8539,0.0,STRAIGHT,0.0,0.0,0.0,72.5,72.5,30.5459,14.0229,71.3121,0.6182,1.7611,0.5587,1.3276,0.0549,4.3235,0.0093,0.0
236,9.2743,histogram,bangbang,1,1,0,0.1819,161.0414,10.4849,311.5979,1.0414,-2.3853,0.0,STRAIGHT,0.0,0.0,0.0,72.5,72.5,13.4469,10.6764,93.6643,0.4459,1.2964,0.4371,1.097,0.0516,3.9167,0.0093,0.0
237,9.301,histogram,bangbang,1,1,0,0.1819,161.0414,10.4849,311.5979,1.0414,-1.3573,0.0,STRAIGHT,0.0,0.0,0.0,72.5,72.5,24.4601,9.0223,110.8365,0.4104,1.0567,0.4492,2.0968,0.0552,4.2656,0.0129,11.5608
238,9.3115,histogram,bangbang,1,1,0,0.0194,162.4766,9.731,315.2222,2.4766,-0.2071,0.0,STRAIGHT,0.0,0.0,0.0,72.5,72.5,16.8207,26.7718,37.3527,0.4915,1.1038,0.4411,1.2757,0.0539,5.2971,0.0098,0.0
239,9.3239,histogram,bangbang,1,1,0,0.0194,162.4766,9.731,315.2222,2.4766,0.598,0.0,STRAIGHT,0.0,0.0,0.0,72.5,72.5,29.2503,11.6929,85.5219,0.875,3.1468,0.4554,1.2711,0.0484,3.6172,0.0096,0.0
240,9.3338,histogram,bangbang,1,1,0,0.0097,79.8425,8.3134,151.3717,-80.1575,-23.6286,-1.0,LEFT,0.0,0.0,0.0,67.5,100.0,15.6914,11.1756,89.4808,0.511,1.2641,0.4842,1.7505,0.057,3.9415,0.0109,0.0
241,9.3633,histogram,bangbang,1,1,0,0.0097,79.8425,8.3134,151.3717,-80.1575,-40.5873,-1.0,LEFT,0.0,0.0,0.0,67.5,100.0,25.3976,9.6892,103.2076,0.5631,1.0372,0.4031,1.3971,0.0472,4.6422,0.0107,13.9957
242,9.3737,histogram,bangbang,1,1,0,0.0375,161.8486,10.6745,313.0227,1.8486,-27.8565,0.0,STRAIGHT,0.0,0.0,0.0,72.5,72.5,23.0877,29.8713,33.477,0.4217,1.0561,0.5357,1.3717,0.0718,4.8595,0.0121,0.0
243,9.385,histogram,bangbang,1,1,0,0.0375,161.8486,10.6745,313.0227,1.8486,-18.945,0.0,STRAIGHT,0.0,0.0,0.0,72.5,72.5,34.3967,10.4598,95.6044,0.4579,1.1087,0.4773,1.2682,0.0786,5.7422,0.0091,0.0
244,9.3973,histogram,bangbang,1,1,0,0.0375,161.8486,10.6745,313.0227,1.8486,-12.7069,0.0,STRAIGHT,0.0,0.0,0.0,72.5,72.5,46.7007,11.3444,88.1489,0.691,1.9263,0.458,1.3656,0.0925,5.5327,0.0104,0.0
245,9.4267,histogram,bangbang,1,1,0,0.0347,162.9834,12.281,313.6859,2.9834,-7.9998,0.0,STRAIGHT,0.0,0.0,0.0,72.5,72.5,19.9288,11.8965,84.0587,0.4918,2.8276,0.4399,1.9163,0.0709,4.3947,0.0101,11.7939
246,9.4373,histogram,bangbang,1,1,0,0.0486,161.258,11.5759,310.94,1.258,-5.2225,0.0,STRAIGHT,0.0,0.0,0.0,72.5,72.5,21.3566,29.7586,33.6037,0.4338,1.0852,0.4357,1.4442,0.1293,4.9201,0.0097,0.0
247,9.4486,histogram,bangbang,1,1,0,0.0486,161.258,11.5759,310.94,1.258,-3.2783,0.0,STRAIGHT,0.0,0.0,0.0,72.5,72.5,32.6548,10.2981,97.1057,0.5767,1.2255,0.4521,1.2389,0.0761,5.7774,0.0139,0.0
248,9.4604,histogram,bangbang,1,1,0,0.0486,161.258,11.5759,310.94,1.258,-1.9174,0.0,STRAIGHT,0.0,0.0,0.0,72.5,72.5,44.4418,12.4463,80.3449,0.6251,1.2821,0.4758,1.8995,0.0551,4.5934,0.009,0.0
249,9.4862,histogram,bangbang,1,1,0,0.0236,80.6387,9.6674,151.61,-79.3613,-25.1506,-1.0,LEFT,0.0,0.0,0.0,67.5,100.0,19.1425,10.5883,94.4438,0.452,1.5938,0.468,1.1635,0.0568,5.2769,0.011,11.0935
250,9.4959,histogram,bangbang,1,1,0,0.0639,81.4447,10.0059,152.8835,-78.5553,-41.172,-1.0,LEFT,0.0,0.0,0.0,67.5,100.0,20.448,26.0256,38.4237,0.4029,1.0318,0.4122,1.384,0.0518,4.4439,0.0111,0.0
251,9.5057,histogram,bangbang,1,1,0,0.0639,81.4447,10.0059,152.8835,-78.5553,-52.387,-1.0,LEFT,0.0,0.0,0.0,67.5,100.0,30.3059,9.6984,103.11,0.4157,0.7319,0.5074,0.9065,0.0612,5.14,0.0133,0.0
252,9.5179,histogram,bangbang,1,1,0,0.0639,81.4447,10.0059,152.8835,-78.5553,-60.2375,-1.0,LEFT,0.0,0.0,0.0,67.5,100.0,42.5156,10.1157,98.8566,0.7363,1.0958,0.8681,2.105,0.0443,4.8128,0.0097,0.0
253,9.5467,histogram,bangbang,1,1,0,0.1347,83.7661,11.2901,156.242,-76.2339,-65.0364,-1.0,LEFT,0.0,0.0,0.0,67.5,100.0,16.8132,11.9597,83.6139,0.4691,1.1821,0.5054,1.6124,0.0526,5.3292,0.0102,11.6708
254,9.5577,histogram,bangbang,1,1,0,0.1653,84.8876,12.1844,157.5909,-75.1124,-68.0592,-1.0,LEFT,0.0,0.0,0.0,67.5,100.0,19.5216,28.6398,34.9165,0.4596,1.463,0.5097,1.53,0.0556,5.045,0.0103,0.0
255,9.5698,histogram,bangbang,1,1,0,0.1653,84.8876,12.1844,157.5909,-75.1124,-70.1751,-1.0,LEFT,0.0,0.0,0.0,67.5,100.0,31.6568,11.1711,89.5167,0.4841,1.1975,0.4756,1.5932,0.0653,6.2025,0.0108,0.0
256,9.5822,histogram,bangbang,1,1,0,0.1653,84.8876,12.1844,157.5909,-75.1124,-71.6563,-1.0,LEFT,0.0,0.0,0.0,67.5,100.0,44.0437,13.0384,76.6968,0.9049,1.1835,0.5603,1.424,0.0534,5.25,0.0106,0.0
257,9.6151,histogram,bangbang,1,1,0,0.1514,83.7491,12.0533,155.445,-76.2509,-73.0347,-1.0,LEFT,0.0,0.0,0.0,67.5,100.0,20.2481,11.3491,88.1125,0.4648,1.188,0.4593,1.3787,0.0667,5.3141,0.0099,13.903
258,9.6278,histogram,bangbang,1,1,0,0.2125,83.3928,12.0346,154.7509,-76.6072,-74.1064,-1.0,LEFT,0.0,0.0,0.0,67.5,100.0,27.2346,33.0756,30.2338,0.4142,4.2104,0.4856,0.9128,0.0577,4.5157,0.009,0.0
259,9.641,histogram,bangbang,1,1,0,0.2125,83.3928,12.0346,154.7509,-76.6072,-74.8567,-1.0,LEFT,0.0,0.0,0.0,67.5,100.0,40.4906,12.6814,78.8554,0.423,3.3006,0.7565,2.5825,0.0403,4.1576,0.0085,0.0
260,9.6497,histogram,bangbang,1,1,1,0.23,242.5122,129.8205,,82.5122,-27.646,1.0,RIGHT,0.0,0.0,0.0,100.0,67.5,13.8263,12.8367,77.9014,0.4795,1.043,0.4144,1.1383,0.049,3.9738,0.0108,0.0
261,9.6766,histogram,bangbang,1,1,1,0.23,242.5122,129.8205,,82.5122,5.4015,1.0,RIGHT,0.0,0.0,0.0,100.0,67.5,24.0864,8.7813,113.8782,0.4066,1.0933,0.4412,1.6102,0.1287,4.7026,0.0214,12.5607
262,9.6851,histogram,bangbang,1,1,1,0.2425,126.8094,14.1176,,-33.1906,-6.1762,-1.0,LEFT,0.0,0.0,0.0,67.5,100.0,14.9413,27.0097,37.0237,0.4036,1.1227,0.4491,1.1487,0.0623,3.4452,0.0094,0.0
263,9.694,histogram,bangbang,1,1,1,0.2425,126.8094,14.1176,,-33.1906,-14.2805,-1.0,LEFT,0.0,0.0,0.0,67.5,100.0,23.8338,8.3881,119.2158,0.4672,1.0746,0.4734,1.2831,0.0521,3.7207,0.0103,0.0
264,9.7032,histogram,bangbang,1,1,1,0.2425,126.8094,14.1176,,-33.1906,-19.9536,-1.0,LEFT,0.0,0.0,0.0,67.5,100.0,33.0799,9.2144,108.5254,0.8864,1.0562,0.4153,1.2491,0.0562,3.5388,0.0085,0.0
265,9.7333,histogram,bangbang,1,1,0,0.0056,188.4959,62.238,314.7538,28.4959,-5.4187,0.0,STRAIGHT,0.0,0.0,0.0,72.5,72.5,10.3951,8.9508,111.722,0.4374,1.0262,0.4018,1.1627,0.0494,4.2018,0.0106,14.4925
266,9.7436,histogram,bangbang,1,1,0,0.0333,168.7807,24.7556,312.8058,8.7807,-1.1589,0.0,STRAIGHT,0.0,0.0,0.0,72.5,72.5,11.5069,30.2448,33.0635,0.4344,1.0237,0.4213,1.1968,0.0661,5.0389,0.0096,0.0
267,9.7549,histogram,bangbang,1,1,0,0.0333,168.7807,24.7556,312.8058,8.7807,1.823,0.0,STRAIGHT,0.0,0.0,0.0,72.5,72.5,22.794,10.2616,97.4502,0.431,1.1903,0.5404,1.5375,0.0582,5.4913,0.0112,0.0
268,9.7669,histogram,bangbang,1,1,0,0.0333,168.7807,24.7556,312.8058,8.7807,3.9103,0.0,STRAIGHT,0.0,0.0,0.0,72.5,72.5,34.7791,11.388,87.8115,0.531,1.1994,0.5189,1.5117,0.0856,5.8321,0.0089,0.0
269,9.7966,histogram,bangbang,1,1,0,0.0333,168.7807,24.7556,312.8058,8.7807,5.3714,0.0,STRAIGHT,0.0,0.0,0.0,72.5,72.5,48.4686,12.3534,80.9496,0.501,2.6495,0.4254,2.0103,0.0486,5.6963,0.0094,11.1036
270,9.8061,histogram,bangbang,1,1,0,0.1333,156.2002,4.6544,307.7459,-3.7998,2.6201,0.0,STRAIGHT,0.0,0.0,0.0,72.5,72.5,17.4664,29.3478,34.0741,0.4201,1.1295,0.4277,1.3181,0.0595,4.0507,0.0102,0.0
271,9.8174,histogram,bangbang,1,1,0,0.1333,156.2002,4.6544,307.7459,-3.7998,0.6941,0.0,STRAIGHT,0.0,0.0,0.0,72.5,72.5,28.7449,9.8641,101.3777,0.4737,1.2485,0.5356,1.401,0.0692,4.9987,0.0139,0.0
272,9.8343,histogram,bangbang,1,1,0,0.1333,156.2002,4.6544,307.7459,-3.7998,-0.6541,0.0,STRAIGHT,0.0,0.0,0.0,72.5,72.5,45.6501,11.5864,86.308,1.032,4.9797,1.1808,1.429,0.0542,5.2462,0.0115,0.0
273,9.8626,histogram,bangbang,1,1,1,0.0825,184.0618,,307.752,24.0618,6.7607,0.0,STRAIGHT,0.0,0.0,0.0,72.5,72.5,19.7849,16.2375,61.586,0.5257,1.3267,0.5847,1.6449,0.0711,4.6988,0.0097,12.6964
274,9.8742,histogram,bangbang,1,1,1,0.0708,165.9353,,289.6255,5.9353,6.5131,0.0,STRAIGHT,0.0,0.0,0.0,72.5,72.5,16.4683,28.4666,35.1289,0.5444,1.2175,0.6933,2.2756,0.0789,4.5967,0.0095,0.0
275,9.89,histogram,bangbang,1,1,1,0.0708,165.9353,,289.6255,5.9353,6.3397,0.0,STRAIGHT,0.0,0.0,0.0,72.5,72.5,32.2772,11.3106,88.4124,0.5889,4.9291,0.702,2.3107,0.0572,5.3415,0.0093,0.0
276,9.9022,histogram,bangbang,1,1,1,0.0758,173.9323,,297.6225,13.9323,8.6175,0.0,STRAIGHT,0.0,0.0,0.0,72.5,72.5,17.3272,16.8169,59.4639,0.469,2.5907,0.5348,1.3867,0.056,4.2332,0.0104,0.0
277,9.9313,histogram,bangbang,1,1,1,0.0758,173.9323,,297.6225,13.9323,10.212,0.0,STRAIGHT,0.0,0.0,0.0,72.5,72.5,27.319,11.415,87.604,0.4854,1.2501,0.5122,1.3565,0.0565,4.1267,0.0114,11.04
278,9.9447,histogram,bangbang,1,1,1,0.0833,183.4509,,307.1411,23.4509,14.1837,0.0,STRAIGHT,0.0,0.0,0.0,72.5,72.5,28.6062,29.4703,33.9325,0.9801,1.6478,0.8506,1.6003,0.0533,4.7401,0.0081,0.0
279,9.9545,histogram,bangbang,1,1,1,0.0833,183.4509,,307.1411,23.4509,16.9638,0.0,STRAIGHT,0.0,0.0,0.0,72.5,72.5,38.3547,13.4407,74.4009,0.5185,1.2243,0.5977,1.1,0.0646,3.6259,0.0098,0.0
280,9.9648,histogram,bangbang,1,1,0,0.0222,235.7291,163.7335,307.7246,75.7291,34.5934,1.0,RIGHT,0.0,0.0,0.0,100.0,67.5,17.1998,9.0691,110.2649,0.4314,1.2671,0.5709,1.5013,0.0538,4.6558,0.0117,0.0
281,9.9924,histogram,bangbang,1,1,0,0.0222,235.7291,163.7335,307.7246,75.7291,46.9341,1.0,RIGHT,0.0,0.0,0.0,100.0,67.5,28.3232,10.4907,95.3225,0.5073,2.0934,0.4638,1.5158,0.0499,4.5344,0.0095,10.7375
282,10.001,histogram,bangbang,1,1,1,0.065,189.1097,,307.7597,29.1097,41.5868,0.0,STRAIGHT,0.0,0.0,0.0,72.5,72.5,9.8805,27.4738,36.3983,0.4213,0.8115,0.4143,0.8393,0.0568,4.1162,0.0106,0.0
283,10.0103,histogram,bangbang,1,1,1,0.065,189.1097,,307.7597,29.1097,37.8437,0.0,STRAIGHT,0.0,0.0,0.0,72.5,72.5,19.1483,9.1385,109.4272,0.4375,1.1371,0.4537,1.5939,0.1025,3.1651,0.0086,0.0
284,10.0221,histogram,bangbang,1,1,1,0.065,189.1097,,307.7597,29.1097,35.2235,0.0,STRAIGHT,0.0,0.0,0.0,72.5,72.5,30.9558,8.9709,111.471,0.4454,1.3605,0.4419,2.1507,0.0408,5.3232,0.0092,0.0
285,10.0523,histogram,bangbang,1,1,1,0.065,189.1097,,307.7597,29.1097,33.3894,0.0,STRAIGHT,0.0,0.0,0.0,72.5,72.5,39.7733,11.5456,86.6133,0.4383,1.0209,0.4101,1.722,0.0476,3.3482,0.0595,16.2695
286,10.0619,histogram,bangbang,1,1,1,0.0625,136.9531,,255.603,-23.0469,16.4585,0.0,STRAIGHT,0.0,0.0,0.0,72.5,72.5,13.7157,30.3944,32.9008,0.4342,1.21,0.43,1.0987,0.0527,4.2863,0.0266,0.0
287,10.0732,histogram,bangbang,1,1,1,0.0625,136.9531,,255.603,-23.0469,4.6068,0.0,STRAIGHT,0.0,0.0,0.0,72.5,72.5,25.0235,9.7423,102.6448,0.4947,2.5122,0.4975,1.4013,0.061,4.1286,0.0096,0.0
288,10.0837,histogram,bangbang,1,1,1,0.0625,136.9531,,255.603,-23.0469,-3.6893,0.0,STRAIGHT,0.0,0.0,0.0,72.5,72.5,35.5278,11.0719,90.3184,0.8474,1.0707,0.4003,1.4517,0.051,4.6702,0.0091,0.0
289,10.1118,histogram,bangbang,1,1,1,0.0625,136.9531,,255.603,-23.0469,-9.4966,0.0,STRAIGHT,0.0,0.0,0.0,72.5,72.5,43.8773,10.23,97.7514,0.4019,1.1018,0.4481,0.8022,0.0648,3.8244,0.0106,11.7526
290,10.123,histogram,bangbang,1,1,1,0.0733,187.8172,,306.4672,27.8172,1.6976,0.0,STRAIGHT,0.0,0.0,0.0,72.5,72.5,20.8149,28.3137,35.3186,0.4559,2.2111,0.5141,1.8181,0.0561,4.0603,0.0136,0.0
291,10.1429,histogram,bangbang,1,1,1,0.0733,187.8172,,306.4672,27.8172,9.5335,0.0,STRAIGHT,0.0,0.0,0.0,72.5,72.5,40.6534,11.9676,83.5589,0.5457,1.9588,0.5292,2.1784,0.0614,11.6642,0.0117,0.0
292,10.1645,histogram,bangbang,1,1,1,0.0733,187.8172,,306.4672,27.8172,15.0186,0.0,STRAIGHT,0.0,0.0,0.0,72.5,72.5,62.3667,19.6757,50.8242,0.8167,5.0847,0.5016,7.6197,0.0597,5.1441,0.0094,0.0
293,10.1937,histogram,bangbang,1,1,0,0.0486,232.9884,159.0241,306.9527,72.9884,32.4095,1.0,RIGHT,0.0,0.0,0.0,100.0,67.5,30.2914,21.987,45.4814,1.3401,1.2425,0.5004,1.6598,0.053,5.039,0.01,11.1335
294,10.2066,histogram,bangbang,1,1,0,0.0861,223.3745,139.8465,306.9025,63.3745,41.699,1.0,RIGHT,0.0,0.0,0.0,100.0,67.5,38.472,29.3549,34.0658,0.7552,1.658,1.0436,1.2914,0.0587,5.0323,0.0108,0.0
295,10.2177,histogram,bangbang,1,1,0,0.025,236.0456,166.1335,305.9577,76.0456,52.003,1.0,RIGHT,0.0,0.0,0.0,100.0,67.5,18.1077,11.7978,84.7615,0.5031,1.2153,0.4928,1.528,0.0618,5.3846,0.0111,0.0
296,10.2298,histogram,bangbang,1,1,0,0.025,236.0456,166.1335,305.9577,76.0456,59.2158,1.0,RIGHT,0.0,0.0,0.0,100.0,67.5,30.1827,11.4382,87.4265,0.4837,1.2041,0.4919,2.1291,0.0834,5.4382,0.0096,0.0
297,10.2588,histogram,bangbang,1,1,0,0.025,236.0456,166.1335,305.9577,76.0456,64.2647,1.0,RIGHT,0.0,0.0,0.0,100.0,67.5,42.3442,11.9304,83.8198,0.485,1.2321,0.4645,1.9203,0.0435,5.9383,0.0098,12.523
298,10.2697,histogram,bangbang,1,1,0,0.0306,236.3072,165.8561,306.7583,76.3072,67.8774,1.0,RIGHT,0.0,0.0,0.0,100.0,67.5,25.2708,29.5431,33.8488,0.4825,0.76,0.5471,1.0164,0.0617,5.4033,0.0106,0.0
299,10.279,histogram,bangbang,1,1,1,0.1175,200.3678,,306.845,40.3678,59.6245,1.0,RIGHT,0.0,0.0,0.0,100.0,67.5,18.5825,10.3179,96.9185,0.5636,0.7758,0.4738,1.3685,0.0533,3.8849,0.013,0.0
300,10.2885,histogram,bangbang,1,1,1,0.1175,200.3678,,306.845,40.3678,53.8475,1.0,RIGHT,0.0,0.0,0.0,100.0,67.5,28.0603,9.2853,107.6975,0.5269,0.9399,0.4767,1.0232,0.0643,4.3921,0.0107,0.0
301,10.3163,histogram,bangbang,1,1,1,0.1175,200.3678,,306.845,40.3678,49.8036,1.0,RIGHT,0.0,0.0,0.0,100.0,67.5,39.8041,9.6835,103.2681,0.5419,0.9515,0.8475,1.6497,0.051,5.5039,0.0103,10.2202
302,10.3269,histogram,bangbang,1,1,0,0.0111,155.2043,3.844,306.5647,-4.7957,33.4238,0.0,STRAIGHT,0.0,0.0,0.0,72.5,72.5,28.3234,27.7277,36.065,0.4259,1.2129,0.4397,1.5938,0.0533,4.7118,0.0095,0.0
303,10.3368,histogram,bangbang,1,1,0,0.0111,155.2043,3.844,306.5647,-4.7957,21.958,0.0,STRAIGHT,0.0,0.0,0.0,72.5,72.5,38.1903,10.6878,93.5643,1.0375,1.3659,0.4138,1.0945,0.053,3.7871,0.0093,0.0
304,10.347,histogram,bangbang,1,1,0,0.1556,191.1356,75.2506,307.0207,31.1356,24.7113,1.0,RIGHT,0.0,0.0,0.0,100.0,67.5,17.4612,9.4429,105.8995,0.4004,1.2361,0.4732,1.4777,0.0642,4.7883,0.0127,0.0
305,10.3852,histogram,bangbang,1,1,0,0.1556,191.1356,75.2506,307.0207,31.1356,26.6386,1.0,RIGHT,0.0,0.0,0.0,100.0,67.5,33.93,10.4584,95.6168,0.4128,1.0928,0.4432,1.3654,0.0551,11.1496,0.0098,15.7796
306,10.3991,histogram,bangbang,1,1,0,0.1708,156.5711,6.9285,306.2136,-3.4289,17.6183,0.0,STRAIGHT,0.0,0.0,0.0,72.5,72.5,14.1623,37.9084,26.3794,0.4426,4.1484,0.565,1.3132,0.0689,5.6151,0.0112,0.0
307,10.411,histogram,bangbang,1,1,0,0.1708,156.5711,6.9285,306.2136,-3.4289,11.3041,0.0,STRAIGHT,0.0,0.0,0.0,72.5,72.5,26.0848,14.0308,71.2716,0.488,1.2976,0.7928,2.2315,0.0618,5.1695,0.0092,0.0
308,10.4254,histogram,bangbang,1,1,0,0.1708,156.5711,6.9285,306.2136,-3.4289,6.8842,0.0,STRAIGHT,0.0,0.0,0.0,72.5,72.5,40.4951,11.9584,83.623,0.6677,1.3218,4.3578,1.3777,0.0431,4.7434,0.0118,0.0
309,10.4497,histogram,bangbang,1,1,0,0.1694,157.0905,7.1834,306.9975,-2.9095,3.9461,0.0,STRAIGHT,0.0,0.0,0.0,72.5,72.5,11.3111,14.5447,68.7534,0.4189,1.0309,0.425,1.3633,0.0526,4.3953,0.0108,10.5379
310,10.4617,histogram,bangbang,1,1,0,0.1694,157.0905,7.1834,306.9975,-2.9095,1.8894,0.0,STRAIGHT,0.0,0.0,0.0,72.5,72.5,37.8953,24.2515,41.2345,0.4083,1.9818,0.4379,3.185,0.038,4.0654,0.0087,0.0
311,10.4715,histogram,bangbang,1,1,0,0.1903,158.8923,9.3358,308.4487,-1.1077,0.9903,0.0,STRAIGHT,0.0,0.0,0.0,72.5,72.5,14.7165,11.8033,84.7222,0.4007,1.0044,0.3961,1.1246,0.054,4.8327,0.0128,0.0
312,10.4817,histogram,bangbang,1,1,0,0.1903,158.8923,9.3358,308.4487,-1.1077,0.3609,0.0,STRAIGHT,0.0,0.0,0.0,72.5,72.5,25.0143,9.6868,103.2331,0.4035,1.0793,0.451,1.1363,0.0479,5.4867,0.009,0.0
313,10.5089,histogram,bangbang,1,1,0,0.1903,158.8923,9.3358,308.4487,-1.1077,-0.0797,0.0,STRAIGHT,0.0,0.0,0.0,72.5,72.5,34.8631,10.6063,94.2833,0.5843,0.8205,0.4368,0.9184,0.0758,4.9708,0.0105,10.6527
314,10.5211,histogram,bangbang,1,1,0,0.2097,159.396,10.0197,308.7723,-0.604,-0.237,0.0,STRAIGHT,0.0,0.0,0.0,72.5,72.5,37.273,28.4903,35.0997,0.7417,0.6523,0.4286,1.3481,0.0512,5.5701,0.0099,0.0
315,10.5327,histogram,bangbang,1,1,0,0.1875,159.0729,9.4273,308.7184,-0.9271,-0.444,0.0,STRAIGHT,0.0,0.0,0.0,72.5,72.5,20.962,10.646,93.9323,0.7214,1.2448,0.4904,1.5089,0.0532,5.3692,0.0154,0.0
316,10.547,histogram,bangbang,1,1,0,0.1875,159.0729,9.4273,308.7184,-0.9271,-0.589,0.0,STRAIGHT,0.0,0.0,0.0,72.5,72.5,35.2492,12.0586,82.9285,0.7107,2.5838,0.5146,1.6059,0.0569,6.2801,0.0099,0.0
317,10.5797,histogram,bangbang,1,1,0,0.1875,159.0729,9.4273,308.7184,-0.9271,-0.6904,0.0,STRAIGHT,0.0,0.0,0.0,72.5,72.5,49.1985,14.0541,71.1538,0.5299,3.5787,0.5243,1.9681,0.0528,5.1935,0.0098,12.8138
318,10.5975,histogram,bangbang,1,1,0,0.2292,159.0977,9.5611,308.6344,-0.9023,-0.754,0.0,STRAIGHT,0.0,0.0,0.0,72.5,72.5,44.8505,32.9306,30.3669,0.4984,1.62,3.3073,1.5389,0.0572,8.3925,0.0147,0.0
319,10.6124,histogram,bangbang,1,1,0,0.1847,159.1284,9.6042,308.6525,-0.8716,-0.7893,0.0,STRAIGHT,0.0,0.0,0.0,72.5,72.5,25.4929,17.8843,55.915,0.4997,3.24,0.5147,3.2515,0.042,4.7475,0.0094,0.0
320,10.6237,histogram,bangbang,1,1,0,0.175,159.1814,9.7798,308.5831,-0.8186,-0.7981,0.0,STRAIGHT,0.0,0.0,0.0,72.5,72.5,16.7938,14.4928,68.9998,0.4577,2.0922,0.5072,1.1592,0.0536,4.8079,0.0087,0.0
321,10.657,histogram,bangbang,1,1,0,0.175,159.1814,9.7798,308.5831,-0.8186,-0.8042,0.0,STRAIGHT,0.0,0.0,0.0,72.5,72.5,29.972,11.0349,90.6215,0.4358,1.5073,0.4211,1.1059,0.0497,8.0282,0.0081,16.272
322,10.6693,histogram,bangbang,1,1,0,0.2917,159.4989,10.4941,308.5037,-0.5011,-0.7133,0.0,STRAIGHT,0.0,0.0,0.0,72.5,72.5,20.1481,33.6633,29.7059,0.4686,1.9687,0.4681,2.8008,0.0652,4.5655,0.0098,0.0
323,10.6859,histogram,bangbang,1,1,0,0.2917,159.4989,10.4941,308.5037,-0.5011,-0.6496,0.0,STRAIGHT,0.0,0.0,0.0,72.5,72.5,36.7025,12.0791,82.7876,4.4849,3.2953,0.4619,2.1275,0.0495,4.429,0.0089,0.0
324,10.6962,histogram,bangbang,1,1,0,0.1528,158.6437,9.3899,307.8974,-1.3563,-0.8616,0.0,STRAIGHT,0.0,0.0,0.0,72.5,72.5,23.12,16.4918,60.6361,0.4182,1.0713,0.4323,1.7557,0.0696,4.8554,0.0093,0.0
325,10.7201,histogram,bangbang,1,1,0,0.1528,158.6437,9.3899,307.8974,-1.3563,-1.0101,0.0,STRAIGHT,0.0,0.0,0.0,72.5,72.5,33.2154,10.6751,93.6762,0.6038,1.4385,0.4484,1.1197,0.0473,4.4317,0.0086,8.7243
326,10.7299,histogram,bangbang,1,1,0,0.175,159.2073,10.1432,308.2715,-0.7927,-0.9448,0.0,STRAIGHT,0.0,0.0,0.0,72.5,72.5,30.1176,23.7493,42.1066,0.4322,0.7774,0.4222,1.1713,0.0536,5.0611,0.0089,0.0
327,10.7404,histogram,bangbang,1,1,0,0.175,159.2073,10.1432,308.2715,-0.7927,-0.8992,0.0,STRAIGHT,0.0,0.0,0.0,72.5,72.5,40.6011,9.9579,100.4227,0.5503,1.7206,0.4394,1.3339,0.052,4.3363,0.0091,0.0
328,10.7494,histogram,bangbang,1,1,0,0.1806,158.9816,10.0633,307.8998,-1.0184,-0.935,0.0,STRAIGHT,0.0,0.0,0.0,72.5,72.5,16.0244,10.0525,99.4774,0.3939,1.0688,0.4327,1.1858,0.0584,4.2701,0.0086,0.0
329,10.7748,histogram,bangbang,1,1,0,0.1806,158.9816,10.0633,307.8998,-1.0184,-0.96,0.0,STRAIGHT,0.0,0.0,0.0,72.5,72.5,25.9112,9.0274,110.7738,0.5013,1.0789,0.4618,1.1977,0.0556,4.8579,0.0119,10.2806
330,10.7849,histogram,bangbang,1,1,0,0.1486,150.6343,9.7268,291.5418,-9.3657,-3.4817,0.0,STRAIGHT,0.0,0.0,0.0,72.5,72.5,18.6366,25.509,39.2019,0.4097,1.0494,0.4318,1.3481,0.0679,5.0659,0.0099,0.0
331,10.7968,histogram,bangbang,1,1,0,0.1486,150.6343,9.7268,291.5418,-9.3657,-5.2469,0.0,STRAIGHT,0.0,0.0,0.0,72.5,72.5,30.5428,10.2278,97.7728,0.4496,1.0607,0.43,1.1478,0.0529,6.8886,0.0096,0.0
332,10.8087,histogram,bangbang,1,1,0,0.1486,150.6343,9.7268,291.5418,-9.3657,-6.4825,0.0,STRAIGHT,0.0,0.0,0.0,72.5,72.5,42.4029,12.7676,78.3234,1.0081,1.2928,0.4258,1.3001,0.0759,4.8631,0.0089,0.0
333,10.8347,histogram,bangbang,1,1,0,0.1528,147.4658,9.7768,285.1549,-12.5342,-8.298,0.0,STRAIGHT,0.0,0.0,0.0,72.5,72.5,19.8781,10.7801,92.7633,0.389,1.0983,0.4017,1.3417,0.1283,5.7211,0.0098,11.2288
334,10.8445,histogram,bangbang,1,1,0,0.1708,151.8411,9.8523,293.8299,-8.1589,-8.2563,0.0,STRAIGHT,0.0,0.0,0.0,72.5,72.5,19.9226,26.2367,38.1146,0.4164,1.0383,0.4263,1.3314,0.051,4.7238,0.0094,0.0
335,10.8601,histogram,bangbang,1,1,0,0.1708,151.8411,9.8523,293.8299,-8.1589,-8.2271,0.0,STRAIGHT,0.0,0.0,0.0,72.5,72.5,35.5635,9.6832,103.2714,0.4039,4.6277,0.4364,1.2414,0.2452,6.9185,0.0104,0.0
336,10.87,histogram,bangbang,1,1,0,0.1708,151.8411,9.8523,293.8299,-8.1589,-8.2066,0.0,STRAIGHT,0.0,0.0,0.0,72.5,72.5,45.4816,16.0013,62.4951,0.7884,1.0808,0.4048,1.5414,0.0512,4.0016,0.0084,0.0
337,10.8948,histogram,bangbang,1,1,0,0.1917,156.393,8.7186,304.0675,-3.607,-6.8267,0.0,STRAIGHT,0.0,0.0,0.0,72.5,72.5,16.7774,9.4498,105.8219,0.6077,1.0201,0.4013,1.2615,0.0491,4.224,0.0088,10.1806
338,10.9039,histogram,bangbang,1,1,0,0.2,157.36,7.6753,307.0447,-2.64,-5.5707,0.0,STRAIGHT,0.0,0.0,0.0,72.5,72.5,17.5828,24.82,40.2901,0.3996,1.021,0.4068,1.4762,0.0526,4.0757,0.0083,0.0
339,10.9132,histogram,bangbang,1,1,0,0.2,157.36,7.6753,307.0447,-2.64,-4.6915,0.0,STRAIGHT,0.0,0.0,0.0,72.5,72.5,26.9114,9.0435,110.5767,0.3997,1.0318,0.4679,1.3903,0.0659,4.2955,0.0097,0.0
340,10.9275,histogram,bangbang,1,1,0,0.2,157.36,7.6753,307.0447,-2.64,-4.076,0.0,STRAIGHT,0.0,0.0,0.0,72.5,72.5,41.1789,9.3689,106.7366,0.6129,1.0285,0.5209,6.2642,0.0417,4.098,0.0129,0.0
341,10.9527,histogram,bangbang,1,1,0,0.2486,158.6808,9.0053,308.3564,-1.3192,-3.249,0.0,STRAIGHT,0.0,0.0,0.0,72.5,72.5,14.5512,14.2435,70.2073,0.4104,1.0405,0.4024,1.1413,0.0559,4.2715,0.0093,11.1289
342,10.964,histogram,bangbang,1,1,0,0.2486,158.6808,9.0053,308.3564,-1.3192,-2.67,0.0,STRAIGHT,0.0,0.0,0.0,72.5,72.5,42.0688,25.3483,39.4504,0.4269,1.8376,0.5165,1.2653,0.0759,5.2999,0.0097,0.0
343,10.9751,histogram,bangbang,1,1,0,0.2722,159.0571,9.0899,309.0244,-0.9429,-2.1519,0.0,STRAIGHT,0.0,0.0,0.0,72.5,72.5,15.692,11.1694,89.5304,0.3902,1.0096,0.457,1.485,0.049,5.6003,0.1046,0.0
344,10.9902,histogram,bangbang,1,1,0,0.2722,159.0571,9.0899,309.0244,-0.9429,-1.7892,0.0,STRAIGHT,0.0,0.0,0.0,72.5,72.5,30.7981,11.1973,89.3076,0.3997,1.0223,0.9186,4.4857,0.0396,6.4171,0.0097,0.0
345,11.0155,histogram,bangbang,1,1,0,0.2722,159.0571,9.0899,309.0244,-0.9429,-1.5353,0.0,STRAIGHT,0.0,0.0,0.0,72.5,72.5,41.056,15.8401,63.1311,0.4136,1.0551,0.4329,1.3722,0.0507,4.4053,0.0099,10.5835
346,11.0268,histogram,bangbang,1,1,0,0.4417,160.1477,10.1268,310.1685,0.1477,-1.0304,0.0,STRAIGHT,0.0,0.0,0.0,72.5,72.5,35.2475,25.0178,39.9716,1.1716,1.2629,0.6218,1.1786,0.0743,4.4234,0.0094,0.0
347,11.0364,histogram,bangbang,1,1,0,0.6528,160.4126,11.4066,309.4186,0.4126,-0.5975,0.0,STRAIGHT,0.0,0.0,0.0,72.5,72.5,16.1152,10.7245,93.2444,0.4489,0.737,0.4708,1.3025,0.0531,4.9088,0.0099,0.0
348,11.0491,histogram,bangbang,1,1,0,0.6528,160.4126,11.4066,309.4186,0.4126,-0.2945,0.0,STRAIGHT,0.0,0.0,0.0,72.5,72.5,28.801,10.1305,98.7123,0.4834,0.9153,0.9975,1.4359,0.0632,6.5117,0.0098,0.0
349,11.0832,histogram,bangbang,0,1,0,0.6528,160.4126,11.4066,309.4186,0.4126,-0.0823,0.0,STRAIGHT,0.0,0.0,0.0,0.0,0.0,39.601,12.7503,78.4296,1.1943,0.7362,0.4357,0.8375,0.0554,5.1562,0.0097,14.3978
350,11.1263,histogram,bangbang,0,1,0,0.3083,160.3119,10.8534,309.7704,0.3119,0.0359,0.0,STOP,0.0,0.0,0.0,0.0,0.0,47.136,33.8848,29.5117,0.4922,2.9018,0.5036,5.2561,0.0799,30.1612,0.0314,0.0
351,11.1464,histogram,bangbang,0,1,0,0.3083,160.3119,10.8534,309.7704,0.3119,0.1187,0.0,STOP,0.0,0.0,0.0,0.0,0.0,67.3333,45.5494,21.9542,0.9991,3.629,0.4411,1.7525,0.0593,5.7201,0.0093,0.0
352,11.1602,histogram,bangbang,0,1,0,0.2431,160.469,10.5098,310.4283,0.469,0.2238,0.0,STOP,0.0,0.0,0.0,0.0,0.0,26.1373,21.0729,47.4543,0.5943,1.1689,0.5472,1.4972,0.0584,4.6955,0.0099,0.0
353,11.1862,histogram,bangbang,0,1,0,0.2,160.0984,10.3641,309.8326,0.0984,0.1862,0.0,STOP,0.0,0.0,0.0,0.0,0.0,20.0857,10.3144,96.9518,0.4199,1.1373,0.4676,1.2786,0.0623,4.7956,0.0097,11.5964
354,11.1959,histogram,bangbang,0,1,0,0.1625,160.4468,10.2368,310.6568,0.4468,0.2644,0.0,STOP,0.0,0.0,0.0,0.0,0.0,17.2602,26.1647,38.2195,0.4264,1.0517,0.4229,1.4431,0.0704,4.2641,0.0097,0.0
355,11.2065,histogram,bangbang,0,1,0,0.1625,160.4468,10.2368,310.6568,0.4468,0.3191,0.0,STOP,0.0,0.0,0.0,0.0,0.0,27.795,9.2715,107.8579,0.4241,1.4411,0.6959,1.3272,0.0607,5.0356,0.0101,0.0
356,11.2167,histogram,bangbang,0,1,0,0.1625,160.4468,10.2368,310.6568,0.4468,0.3574,0.0,STOP,0.0,0.0,0.0,0.0,0.0,38.124,11.478,87.1234,0.4148,1.4822,0.5594,1.1128,0.0516,4.2423,0.0101,0.0
357,11.242,histogram,bangbang,0,1,0,0.2097,160.4718,10.8005,310.1432,0.4718,0.3917,0.0,STOP,0.0,0.0,0.0,0.0,0.0,18.1601,9.3186,107.3123,0.393,1.0897,0.4393,1.5274,0.0596,4.463,0.0098,10.7247
358,11.2506,histogram,bangbang,0,1,0,0.2611,160.0445,11.2021,308.8868,0.0445,0.2876,0.0,STOP,0.0,0.0,0.0,0.0,0.0,15.9928,25.3269,39.4837,0.41,1.0197,0.3973,1.1788,0.0547,4.0037,0.009,0.0
359,11.2597,histogram,bangbang,0,1,0,0.2611,160.0445,11.2021,308.8868,0.0445,0.2146,0.0,STOP,0.0,0.0,0.0,0.0,0.0,25.031,8.5576,116.8549,0.3864,1.0231,0.4547,1.2878,0.0597,4.3461,0.0112,0.0
360,11.2709,histogram,bangbang,0,1,0,0.2611,160.0445,11.2021,308.8868,0.0445,0.1636,0.0,STOP,0.0,0.0,0.0,0.0,0.0,36.3188,9.2145,108.5242,0.5767,1.3362,0.4209,2.6165,0.0528,4.6634,0.009,0.0
361,11.295,histogram,bangbang,0,1,0,0.2222,160.3895,11.1825,309.5965,0.3895,0.2314,0.0,STOP,0.0,0.0,0.0,0.0,0.0,10.2287,11.0799,90.2539,0.3906,1.031,0.4122,1.1713,0.0558,4.119,0.009,9.8806
362,11.3037,histogram,bangbang,0,1,0,0.1667,160.6146,11.0227,310.2065,0.6146,0.3463,0.0,STOP,0.0,0.0,0.0,0.0,0.0,8.8729,24.0951,41.5022,0.3939,1.0178,0.4097,1.1796,0.0526,4.2225,0.0086,0.0
363,11.3125,histogram,bangbang,0,1,0,0.1667,160.6146,11.0227,310.2065,0.6146,0.4268,0.0,STOP,0.0,0.0,0.0,0.0,0.0,17.6426,8.6803,115.203,0.3868,1.0295,0.4561,1.2447,0.0667,4.1019,0.0095,0.0
364,11.3218,histogram,bangbang,0,1,0,0.1667,160.6146,11.0227,310.2065,0.6146,0.4831,0.0,STOP,0.0,0.0,0.0,0.0,0.0,26.9936,8.7745,113.9667,0.387,1.3488,0.4506,1.1638,0.0757,4.405,0.0113,0.0
365,11.3483,histogram,bangbang,0,1,0,0.1667,160.6146,11.0227,310.2065,0.6146,0.5226,0.0,STOP,0.0,0.0,0.0,0.0,0.0,39.2216,9.5938,104.234,0.6014,1.2643,0.6148,2.4283,0.0509,5.4885,0.0122,10.3511
366,11.3622,histogram,bangbang,0,1,0,0.1222,160.0166,10.7792,309.2541,0.0166,0.3708,0.0,STOP,0.0,0.0,0.0,0.0,0.0,30.1573,26.4399,37.8217,0.4575,1.2542,0.477,1.5772,0.0573,8.4612,0.0097,0.0
367,11.3748,histogram,bangbang,0,1,0,0.1222,160.0166,10.7792,309.2541,0.0166,0.2646,0.0,STOP,0.0,0.0,0.0,0.0,0.0,42.7082,14.0956,70.944,0.8951,1.3186,1.2712,1.3442,0.0544,5.7015,0.0119,0.0
368,11.3865,histogram,bangbang,0,1,0,0.1028,118.9819,10.8895,227.0744,-41.0181,-12.1202,-1.0,STOP,0.0,0.0,0.0,0.0,0.0,16.5495,12.3227,81.1507,0.4442,1.2122,0.4499,2.0565,0.0626,5.6706,0.0094,0.0
369,11.4202,histogram,bangbang,0,1,0,0.1028,118.9819,10.8895,227.0744,-41.0181,-20.7896,-1.0,STOP,0.0,0.0,0.0,0.0,0.0,32.7051,16.7358,59.7522,0.5691,1.2872,0.7336,1.6685,0.0571,5.0754,0.0093,11.3961
370,11.4317,histogram,bangbang,0,1,0,0.1111,159.8523,10.8586,308.846,-0.1477,-14.597,0.0,STOP,0.0,0.0,0.0,0.0,0.0,38.9147,29.151,34.3042,0.4706,1.4372,0.4658,1.1833,0.0586,5.5966,0.0108,0.0
371,11.4416,histogram,bangbang,0,1,0,0.1111,160.0751,10.9173,309.2329,0.0751,-10.1954,0.0,STOP,0.0,0.0,0.0,0.0,0.0,20.7442,11.1999,89.2865,0.5303,1.174,0.4248,1.1184,0.0732,4.7087,0.0104,0.0
372,11.4539,histogram,bangbang,0,1,0,0.1111,160.0751,10.9173,309.2329,0.0751,-7.1142,0.0,STOP,0.0,0.0,0.0,0.0,0.0,32.9395,9.9625,100.3765,0.4387,1.2054,0.4953,1.255,0.1294,6.6724,0.0098,0.0
373,11.4851,histogram,bangbang,0,1,0,0.1111,160.0751,10.9173,309.2329,0.0751,-4.9574,0.0,STOP,0.0,0.0,0.0,0.0,0.0,46.711,12.4899,80.0648,0.8022,3.5769,0.4996,1.2777,0.0566,5.3529,0.0156,11.5324
374,11.496,histogram,bangbang,0,1,0,0.1111,127.5021,10.9072,244.0969,-32.4979,-13.2196,-1.0,STOP,0.0,0.0,0.0,0.0,0.0,35.9545,31.1351,32.1181,0.4369,1.194,0.498,1.3587,0.0607,5.397,0.0105,0.0
375,11.5056,histogram,bangbang,0,1,0,0.1111,128.0536,11.0102,245.0969,-31.9464,-18.8376,-1.0,STOP,0.0,0.0,0.0,0.0,0.0,19.819,10.6283,94.0888,0.4251,1.2401,0.4337,1.0604,0.0535,4.6716,0.0101,0.0
376,11.5174,histogram,bangbang,0,1,0,0.1111,128.0536,11.0102,245.0969,-31.9464,-22.7703,-1.0,STOP,0.0,0.0,0.0,0.0,0.0,31.6155,9.4523,105.7939,0.4061,1.0803,0.4409,2.615,0.0553,5.646,0.0087,0.0
377,11.5406,histogram,bangbang,0,1,0,0.1111,128.0536,11.0102,245.0969,-31.9464,-25.5231,-1.0,STOP,0.0,0.0,0.0,0.0,0.0,41.5795,12.0838,82.7555,0.5258,1.062,0.4386,1.3369,0.0466,4.4767,0.0088,9.1454
378,11.5508,histogram,bangbang,0,1,0,0.1042,125.4165,10.8428,239.9902,-34.5835,-28.2412,-1.0,STOP,0.0,0.0,0.0,0.0,0.0,28.5419,23.0371,43.4082,0.4064,1.1198,0.4123,1.2289,0.0762,5.3213,0.0096,0.0
379,11.5617,histogram,bangbang,0,1,0,0.1042,125.4165,10.8428,239.9902,-34.5835,-30.1439,-1.0,STOP,0.0,0.0,0.0,0.0,0.0,39.4026,10.4052,96.1059,1.0354,1.0601,0.4512,1.924,0.0455,4.3828,0.0083,0.0
380,11.5711,histogram,bangbang,0,1,0,0.1083,125.5735,10.9444,240.2026,-34.4265,-31.4287,-1.0,STOP,0.0,0.0,0.0,0.0,0.0,14.2494,10.5838,94.4842,0.401,1.0052,0.4105,1.1126,0.0534,4.9131,0.0094,0.0
381,11.5938,histogram,bangbang,0,1,0,0.1083,125.5735,10.9444,240.2026,-34.4265,-32.328,-1.0,STOP,0.0,0.0,0.0,0.0,0.0,24.5251,9.4811,105.4725,0.4107,1.0672,0.8293,1.1465,0.0523,5.1572,0.0086,9.9293
382,11.6032,histogram,bangbang,0,1,0,0.1069,124.5777,10.9291,238.2262,-35.4223,-33.2563,-1.0,STOP,0.0,0.0,0.0,0.0,0.0,20.1159,22.6497,44.1508,0.3978,1.0097,0.4085,1.0552,0.0536,4.9397,0.0094,0.0
383,11.613,histogram,bangbang,0,1,0,0.1069,124.5777,10.9291,238.2262,-35.4223,-33.9061,-1.0,STOP,0.0,0.0,0.0,0.0,0.0,29.9661,9.4932,105.3388,0.4138,1.3003,0.4959,1.1414,0.0687,4.7908,0.0091,0.0
384,11.6243,histogram,bangbang,0,1,0,0.1069,124.5777,10.9291,238.2262,-35.4223,-34.361,-1.0,STOP,0.0,0.0,0.0,0.0,0.0,41.1919,9.6784,103.3225,0.5288,2.3202,0.4952,1.2224,0.0577,5.1187,0.0092,0.0
385,11.6551,histogram,bangbang,0,1,0,0.1042,125.4217,10.8026,240.0409,-34.5783,-34.4262,-1.0,STOP,0.0,0.0,0.0,0.0,0.0,11.8764,11.2442,88.9349,0.399,1.1523,0.4657,1.2175,0.0588,5.4276,0.0104,11.4364
386,11.6676,histogram,bangbang,0,1,0,0.1042,125.4217,10.8026,240.0409,-34.5783,-34.4718,-1.0,STOP,0.0,0.0,0.0,0.0,0.0,44.8904,31.4754,31.7708,0.5015,1.4314,0.5331,1.5309,0.0949,6.1647,0.011,0.0
387,11.681,histogram,bangbang,0,1,0,0.1056,125.0338,10.9499,239.1178,-34.9662,-34.6201,-1.0,STOP,0.0,0.0,0.0,0.0,0.0,19.1714,12.4569,80.2771,0.5276,1.8536,0.5331,2.0217,0.0477,6.226,0.0089,0.0
388,11.693,histogram,bangbang,0,1,0,0.1056,125.0338,10.9499,239.1178,-34.9662,-34.7239,-1.0,STOP,0.0,0.0,0.0,0.0,0.0,31.0562,13.0616,76.5601,0.5248,1.3324,0.4671,1.3079,0.0521,6.1692,0.0095,0.0
389,11.7216,histogram,bangbang,0,1,0,0.1042,122.5628,10.815,234.3106,-37.4372,-35.5379,-1.0,STOP,0.0,0.0,0.0,0.0,0.0,23.5258,12.0841,82.7533,0.5889,1.3881,0.5109,1.2442,0.0582,6.1952,0.0093,11.3667
390,11.7329,histogram,bangbang,0,1,0,0.1042,123.5487,10.8266,236.2708,-36.4513,-35.8119,-1.0,STOP,0.0,0.0,0.0,0.0,0.0,25.3164,28.4808,35.1113,0.4566,1.2839,0.5742,1.462,0.0687,5.5925,0.0102,0.0
391,11.7448,histogram,bangbang,0,1,0,0.1042,123.5487,10.8266,236.2708,-36.4513,-36.0037,-1.0,STOP,0.0,0.0,0.0,0.0,0.0,37.1873,11.713,85.3751,0.997,1.4995,0.4914,1.3401,0.0979,5.3362,0.0089,0.0
392,11.7552,histogram,bangbang,0,1,0,0.1042,123.0662,10.8615,235.2708,-36.9338,-36.2828,-1.0,STOP,0.0,0.0,0.0,0.0,0.0,18.3506,11.3488,88.1154,0.4552,1.2768,0.5027,1.2871,0.054,5.2044,0.0093,0.0
393,11.7816,histogram,bangbang,0,1,0,0.1042,123.0662,10.8615,235.2708,-36.9338,-36.4781,-1.0,STOP,0.0,0.0,0.0,0.0,0.0,30.3386,10.6986,93.47,0.5056,1.2583,0.5235,1.3902,0.0726,6.2474,0.0092,10.5941
394,11.7925,histogram,bangbang,0,1,0,0.1042,123.0882,10.871,235.3053,-36.9118,-36.6082,-1.0,STOP,0.0,0.0,0.0,0.0,0.0,22.9684,26.2033,38.1632,0.4556,1.1726,0.4586,1.4258,0.1332,5.4286,0.0114,0.0
395,11.8054,histogram,bangbang,0,1,0,0.1042,123.0882,10.871,235.3053,-36.9118,-36.6993,-1.0,STOP,0.0,0.0,0.0,0.0,0.0,35.8621,11.3477,88.1239,0.902,1.2373,0.5275,3.1008,0.039,4.8984,0.0102,0.0
396,11.8164,histogram,bangbang,0,1,0,0.1042,123.0906,10.8896,235.2915,-36.9094,-36.7623,-1.0,STOP,0.0,0.0,0.0,0.0,0.0,16.6231,12.6896,78.8046,0.4596,1.3041,0.4707,1.2257,0.0509,5.3624,0.0095,0.0
397,11.8484,histogram,bangbang,0,1,0,0.1042,123.0906,10.8896,235.2915,-36.9094,-36.8065,-1.0,STOP,0.0,0.0,0.0,0.0,0.0,29.9791,10.7633,92.9087,0.479,3.1597,0.494,1.3656,0.0519,5.9737,0.0181,13.1354
398,11.8607,histogram,bangbang,0,1,0,0.1042,123.1041,10.8929,235.3153,-36.8959,-36.8333,-1.0,STOP,0.0,0.0,0.0,0.0,0.0,13.3868,31.9408,31.3079,0.5225,1.3872,0.5287,2.1083,0.0583,5.8233,0.0108,0.0
399,11.8758,histogram,bangbang,0,1,0,0.1042,123.1041,10.8929,235.3153,-36.8959,-36.8521,-1.0,STOP,0.0,0.0,0.0,0.0,0.0,28.5914,12.3189,81.1758,0.5168,2.9329,0.6806,3.7398,0.0426,5.4531,0.0106,0.0
400,11.8873,histogram,bangbang,0,1,0,0.1042,123.1464,10.9485,235.3443,-36.8536,-36.8525,-1.0,STOP,0.0,0.0,0.0,0.0,0.0,17.6858,15.0486,66.4513,0.4491,1.2954,0.515,1.2298,0.052,6.1031,0.0121,0.0
401,11.9188,histogram,bangbang,0,1,0,0.1042,123.1464,10.9485,235.3443,-36.8536,-36.8529,-1.0,STOP,0.0,0.0,0.0,0.0,0.0,30.6208,11.5845,86.322,0.4773,2.0146,0.7194,2.6297,0.0836,5.3453,0.0103,11.593
402,11.933,histogram,bangbang,0,1,0,0.1042,123.1103,10.8805,235.3401,-36.8897,-36.8639,-1.0,STOP,0.0,0.0,0.0,0.0,0.0,39.0493,31.7987,31.4478,0.5571,2.8034,0.6496,1.4105,0.0594,6.6368,0.0108,0.0
403,11.9456,histogram,bangbang,0,1,0,0.1042,123.1103,10.8805,235.3401,-36.8897,-36.8717,-1.0,STOP,0.0,0.0,0.0,0.0,0.0,51.6744,13.9266,71.8049,1.107,1.2738,0.7696,2.9155,0.0395,4.8068,0.0108,0.0
404,11.9568,histogram,bangbang,0,1,0,0.1042,123.0598,10.8488,235.2708,-36.9402,-36.8922,-1.0,STOP,0.0,0.0,0.0,0.0,0.0,17.7334,12.4875,80.0799,0.4187,1.0561,0.4024,1.5475,0.052,6.0338,0.0098,0.0
405,11.9821,histogram,bangbang,0,1,0,0.1042,123.0598,10.8488,235.2708,-36.9402,-36.9066,-1.0,STOP,0.0,0.0,0.0,0.0,0.0,28.4726,11.3754,87.9092,0.9748,1.4245,0.6496,0.8868,0.0492,4.9545,0.0091,10.2115
406,11.9943,histogram,bangbang,0,1,0,0.1042,122.6386,10.8981,234.3792,-37.3614,-37.043,-1.0,STOP,0.0,0.0,0.0,0.0,0.0,33.6708,25.2446,39.6124,0.5089,1.7652,1.0395,1.9453,0.0406,4.9519,0.0106,0.0
407,12.0043,histogram,bangbang,0,1,0,0.1042,122.6366,10.8761,234.3971,-37.3634,-37.1391,-1.0,STOP,0.0,0.0,0.0,0.0,0.0,15.4264,12.2229,81.814,0.4,1.046,0.4229,1.4895,0.0513,4.8479,0.0093,0.0
408,12.0145,histogram,bangbang,0,1,0,0.1042,122.6366,10.8761,234.3971,-37.3634,-37.2064,-1.0,STOP,0.0,0.0,0.0,0.0,0.0,25.6183,9.6975,103.1189,0.4006,1.1312,0.4743,1.5988,0.0617,4.9671,0.0137,0.0
409,12.0396,histogram,bangbang,0,1,0,0.1042,122.6366,10.8761,234.3971,-37.3634,-37.2535,-1.0,STOP,0.0,0.0,0.0,0.0,0.0,36.8752,11.0563,90.446,0.7256,1.0777,0.8649,1.3596,0.0581,4.8981,0.0084,8.6166
410,12.0504,histogram,bangbang,0,1,0,0.1042,122.6342,10.9213,234.3471,-37.3658,-37.2872,-1.0,STOP,0.0,0.0,0.0,0.0,0.0,31.205,24.3443,41.0775,0.3998,1.3877,0.4481,1.3984,0.0626,5.4755,0.0101,0.0
411,12.0622,histogram,bangbang,0,1,0,0.1042,122.6342,10.9213,234.3471,-37.3658,-37.3108,-1.0,STOP,0.0,0.0,0.0,0.0,0.0,43.0911,11.8152,84.6367,0.6037,2.6743,0.4576,1.1061,0.0476,4.4476,0.0089,0.0
412,12.0714,histogram,bangbang,0,1,0,0.1042,122.5702,10.8334,234.3071,-37.4298,-37.3465,-1.0,STOP,0.0,0.0,0.0,0.0,0.0,15.3978,10.7837,92.7328,0.4025,0.6524,0.3921,1.0772,0.0514,5.0857,0.0093,0.0
413,12.0985,histogram,bangbang,0,1,0,0.1042,122.5702,10.8334,234.3071,-37.4298,-37.3715,-1.0,STOP,0.0,0.0,0.0,0.0,0.0,25.5069,9.2291,108.3527,0.4003,0.7959,0.5115,1.3762,0.064,5.3021,0.0097,11.6941
414,12.1087,histogram,bangbang,0,1,0,0.1042,123.0556,10.8424,235.2689,-36.9444,-37.2433,-1.0,STOP,0.0,0.0,0.0,0.0,0.0,17.9066,27.1625,36.8155,0.4412,1.2026,0.51,1.2764,0.0561,5.0676,0.0108,0.0
415,12.1198,histogram,bangbang,0,1,0,0.1042,123.0556,10.8424,235.2689,-36.9444,-37.1536,-1.0,STOP,0.0,0.0,0.0,0.0,0.0,28.9789,10.2498,97.5631,0.4266,1.1808,0.6386,1.3238,0.0642,5.7295,0.0135,0.0
416,12.1313,histogram,bangbang,0,1,0,0.1042,123.0556,10.8424,235.2689,-36.9444,-37.0909,-1.0,STOP,0.0,0.0,0.0,0.0,0.0,40.5121,12.7904,78.1837,0.4248,1.366,0.5352,1.1651,0.0503,4.6064,0.0089,0.0
417,12.1566,histogram,bangbang,0,1,0,0.1042,122.6283,10.9194,234.3372,-37.3717,-37.1751,-1.0,STOP,0.0,0.0,0.0,0.0,0.0,16.2483,9.6359,103.7782,0.4165,1.3463,0.4809,0.9384,0.0592,4.9603,0.0099,11.2399
418,12.1676,histogram,bangbang,0,1,0,0.1042,123.089,10.8726,235.3053,-36.911,-37.0959,-1.0,STOP,0.0,0.0,0.0,0.0,0.0,22.4034,25.5098,39.2006,0.4833,1.2901,0.4894,1.3642,0.058,5.5132,0.0103,0.0
419,12.1787,histogram,bangbang,0,1,0,0.1042,123.089,10.8726,235.3053,-36.911,-37.0404,-1.0,STOP,0.0,0.0,0.0,0.0,0.0,33.5434,10.9413,91.3971,0.4846,1.2626,0.5222,1.3876,0.0623,5.5962,0.0097,0.0
420,12.1902,histogram,bangbang,0,1,0,0.1042,123.089,10.8726,235.3053,-36.911,-37.0016,-1.0,STOP,0.0,0.0,0.0,0.0,0.0,45.0799,11.593,86.2592,0.5587,1.2293,0.5325,1.3038,0.0538,5.6898,0.0107,0.0
421,12.2193,histogram,bangbang,0,1,0,0.1042,123.089,10.8726,235.3053,-36.911,-36.9744,-1.0,STOP,0.0,0.0,0.0,0.0,0.0,56.6287,11.0885,90.1839,0.4771,1.1961,0.4832,1.4273,0.0743,5.9878,0.0088,11.7945
422,12.2313,histogram,bangbang,0,1,0,0.1042,125.9652,10.9604,240.97,-34.0348,-36.0925,-1.0,STOP,0.0,0.0,0.0,0.0,0.0,17.5993,29.0272,34.4504,0.4682,1.3969,0.6948,1.717,0.0551,5.9567,0.0107,0.0
423,12.245,histogram,bangbang,0,1,0,0.1042,125.9652,10.9604,240.97,-34.0348,-35.4752,-1.0,STOP,0.0,0.0,0.0,0.0,0.0,31.2731,11.9537,83.6562,0.5073,1.5426,0.5123,1.6571,0.0789,7.6427,0.0104,0.0
424,12.2625,histogram,bangbang,0,1,0,0.1042,125.9652,10.9604,240.97,-34.0348,-35.0431,-1.0,STOP,0.0,0.0,0.0,0.0,0.0,48.7242,13.761,72.6692,0.6354,1.399,0.5697,6.7097,0.0445,6.3843,0.0105,0.0
425,12.2936,histogram,bangbang,0,1,0,0.1042,123.0493,10.8298,235.2689,-36.9507,-35.6154,-1.0,STOP,0.0,0.0,0.0,0.0,0.0,21.9571,17.7475,56.3459,0.6197,1.5819,0.9397,2.3842,0.0651,6.7375,0.0158,11.0954
426,12.3061,histogram,bangbang,0,1,0,0.1042,123.0941,10.8829,235.3053,-36.9059,-36.0025,-1.0,STOP,0.0,0.0,0.0,0.0,0.0,35.0892,31.0737,32.1816,0.4727,1.2132,0.7627,1.5711,0.0578,6.4587,0.0113,0.0
427,12.3167,histogram,bangbang,0,1,0,0.1042,123.0941,10.8829,235.3053,-36.9059,-36.2735,-1.0,STOP,0.0,0.0,0.0,0.0,0.0,45.6952,12.5016,79.9898,0.7255,0.8584,0.4697,1.3739,0.0534,5.2009,0.0098,0.0
428,12.3276,histogram,bangbang,0,1,0,0.1042,123.5411,10.8375,236.2447,-36.4589,-36.3291,-1.0,STOP,0.0,0.0,0.0,0.0,0.0,19.9541,10.3864,96.2794,0.469,0.8195,0.4672,1.3102,0.057,6.0134,0.0097,0.0
429,12.3574,histogram,bangbang,0,1,0,0.1042,123.5411,10.8375,236.2447,-36.4589,-36.3681,-1.0,STOP,0.0,0.0,0.0,0.0,0.0,33.5338,11.0895,90.175,0.4746,2.0593,0.5988,1.6671,0.0657,6.7714,0.0098,11.9111
430,12.3696,histogram,bangbang,0,1,0,0.1042,123.1084,10.9014,235.3153,-36.8916,-36.5251,-1.0,STOP,0.0,0.0,0.0,0.0,0.0,26.9035,29.8619,33.4874,0.4775,1.1706,0.4596,2.0326,0.0569,6.0248,0.0104,0.0
431,12.3817,histogram,bangbang,0,1,0,0.1042,123.1084,10.9014,235.3153,-36.8916,-36.6351,-1.0,STOP,0.0,0.0,0.0,0.0,0.0,38.9271,12.556,79.6431,0.7207,1.3166,0.7924,1.4761,0.0608,5.2733,0.0103,0.0
432,12.3961,histogram,bangbang,0,1,0,0.1042,123.5542,10.8276,236.2809,-36.4458,-36.5783,-1.0,STOP,0.0,0.0,0.0,0.0,0.0,22.0569,11.3015,88.4837,0.4718,1.1795,0.4758,1.2936,0.058,9.1989,0.0136,0.0
433,12.427,histogram,bangbang,0,1,0,0.1042,123.5542,10.8276,236.2809,-36.4458,-36.5385,-1.0,STOP,0.0,0.0,0.0,0.0,0.0,35.4232,14.8523,67.3295,0.6101,1.4428,0.5089,2.1631,0.0546,6.3998,0.0132,11.5566
434,12.4377,histogram,bangbang,0,1,0,0.1069,125.0479,10.8939,239.2018,-34.9521,-36.0626,-1.0,STOP,0.0,0.0,0.0,0.0,0.0,29.783,30.7713,32.4978,0.4755,1.1357,0.5057,1.2007,0.0549,5.4369,0.0113,0.0
435,12.4482,histogram,bangbang,0,1,0,0.1069,125.5648,10.8389,240.2907,-34.4352,-35.5744,-1.0,STOP,0.0,0.0,0.0,0.0,0.0,19.0273,10.6814,93.6204,0.4764,0.8002,0.4588,1.2512,0.0557,5.6768,0.0091,0.0
436,12.4588,histogram,bangbang,0,1,0,0.1069,125.5648,10.8389,240.2907,-34.4352,-35.2326,-1.0,STOP,0.0,0.0,0.0,0.0,0.0,29.5175,10.1365,98.6529,0.4446,1.0937,0.4748,1.2395,0.0538,5.6587,0.0101,0.0
437,12.4879,histogram,bangbang,0,1,0,0.1069,125.5648,10.8389,240.2907,-34.4352,-34.9934,-1.0,STOP,0.0,0.0,0.0,0.0,0.0,42.3195,12.0741,82.8222,0.8001,1.2876,0.6202,1.3183,0.0515,5.5494,0.0097,10.675
438,12.5011,histogram,bangbang,0,1,0,0.1056,125.1067,10.908,239.3054,-34.8933,-34.9634,-1.0,STOP,0.0,0.0,0.0,0.0,0.0,37.5544,27.917,35.8205,0.4537,1.3492,0.7811,3.112,0.0437,5.6928,0.0106,0.0
439,12.5125,histogram,bangbang,0,1,0,0.1069,125.5165,10.7424,240.2907,-34.4835,-34.8194,-1.0,STOP,0.0,0.0,0.0,0.0,0.0,18.7659,13.0464,76.6496,0.5534,1.2211,0.49,1.4875,0.0551,5.9943,0.0103,0.0
440,12.5255,histogram,bangbang,0,1,0,0.1069,125.5165,10.7424,240.2907,-34.4835,-34.7186,-1.0,STOP,0.0,0.0,0.0,0.0,0.0,31.7168,11.5649,86.4685,0.48,1.7529,0.6224,1.6243,0.0928,6.4218,0.0107,0.0
441,12.5607,histogram,bangbang,0,1,0,0.1069,125.5165,10.7424,240.2907,-34.4835,-34.6481,-1.0,STOP,0.0,0.0,0.0,0.0,0.0,50.6764,21.1059,47.38,0.4601,0.8108,0.4687,1.1746,0.0524,5.8732,0.1276,12.4243
442,12.5706,histogram,bangbang,0,1,0,0.1139,159.582,10.9665,308.1975,-0.418,-24.3791,0.0,STOP,0.0,0.0,0.0,0.0,0.0,17.474,26.8746,37.2099,0.4494,0.8147,0.5188,1.2395,0.0518,5.1936,0.0139,0.0
443,12.5812,histogram,bangbang,0,1,0,0.1139,159.582,10.9665,308.1975,-0.418,-17.1907,0.0,STOP,0.0,0.0,0.0,0.0,0.0,28.0566,9.9276,100.7288,0.4756,1.2421,0.4866,1.4589,0.058,5.2426,0.0109,0.0
444,12.5943,histogram,bangbang,0,1,0,0.1139,159.582,10.9665,308.1975,-0.418,-12.1589,0.0,STOP,0.0,0.0,0.0,0.0,0.0,41.1384,10.7062,93.4036,0.5389,1.217,0.557,3.9611,0.0444,5.0762,0.0188,0.0
445,12.6231,histogram,bangbang,0,1,0,0.1181,129.6494,10.9413,248.3575,-30.3506,-17.6164,-1.0,STOP,0.0,0.0,0.0,0.0,0.0,17.4478,13.03,76.7458,0.4581,1.1937,0.4635,1.5716,0.0552,5.7263,0.0118,11.782
446,12.6337,histogram,bangbang,0,1,0,0.1111,126.7241,10.8749,242.5732,-33.2759,-22.3143,-1.0,STOP,0.0,0.0,0.0,0.0,0.0,18.2441,28.8725,34.635,0.4576,1.1847,0.5619,1.3707,0.0646,5.2196,0.0107,0.0
447,12.6451,histogram,bangbang,0,1,0,0.1111,126.7241,10.8749,242.5732,-33.2759,-25.6028,-1.0,STOP,0.0,0.0,0.0,0.0,0.0,29.6776,10.6253,94.1147,0.4963,1.2852,0.5454,1.4329,0.0586,5.8379,0.0095,0.0
448,12.6593,histogram,bangbang,0,1,0,0.1111,126.7241,10.8749,242.5732,-33.2759,-27.9047,-1.0,STOP,0.0,0.0,0.0,0.0,0.0,43.8181,11.5801,86.355,0.8108,1.8901,0.5089,3.1505,0.0542,5.7392,0.0156,0.0
449,12.6908,histogram,bangbang,0,1,0,0.1153,159.4836,10.867,308.1002,-0.5164,-19.6882,0.0,STOP,0.0,0.0,0.0,0.0,0.0,23.1519,13.8952,71.9672,0.4687,1.1853,0.524,2.79,0.0543,5.5394,0.0111,13.6908
450,12.7015,histogram,bangbang,0,1,0,0.1194,159.5803,10.8888,308.2718,-0.4197,-13.9077,0.0,STOP,0.0,0.0,0.0,0.0,0.0,18.8803,31.9114,31.3367,0.5479,1.2356,0.5239,1.3,0.0535,5.0511,0.0101,0.0
451,12.7157,histogram,bangbang,0,1,0,0.1194,159.5803,10.8888,308.2718,-0.4197,-9.8613,0.0,STOP,0.0,0.0,0.0,0.0,0.0,33.0146,10.4311,95.867,0.476,1.3101,3.5711,1.3261,0.05,5.6829,0.0141,0.0
452,12.7259,histogram,bangbang,0,1,0,0.1181,159.5759,10.806,308.3459,-0.4241,-7.0301,0.0,STOP,0.0,0.0,0.0,0.0,0.0,18.0356,13.9,71.9427,0.4471,1.1793,0.551,1.6452,0.0553,4.982,0.0098,0.0
453,12.7541,histogram,bangbang,0,1,0,0.1181,159.5759,10.806,308.3459,-0.4241,-5.0483,0.0,STOP,0.0,0.0,0.0,0.0,0.0,29.373,10.4405,95.7804,0.4541,1.1652,0.4964,1.746,0.0595,5.8009,0.0106,12.8761
454,12.7649,histogram,bangbang,0,1,0,0.1125,159.6799,10.869,308.4908,-0.3201,-3.6298,0.0,STOP,0.0,0.0,0.0,0.0,0.0,19.9074,28.2453,35.4041,0.4579,1.347,0.5019,1.5053,0.0545,5.1896,0.0096,0.0
455,12.7758,histogram,bangbang,0,1,0,0.1125,159.6799,10.869,308.4908,-0.3201,-2.6369,0.0,STOP,0.0,0.0,0.0,0.0,0.0,30.7878,10.6656,93.7594,0.5358,1.2348,0.5247,1.5338,0.0573,5.3953,0.0101,0.0
456,12.7908,histogram,bangbang,0,1,0,0.1125,159.6799,10.869,308.4908,-0.3201,-1.9419,0.0,STOP,0.0,0.0,0.0,0.0,0.0,45.8435,10.9063,91.6899,0.4686,1.5973,5.4221,1.2537,0.0502,4.6668,0.0097,0.0
457,12.8194,histogram,bangbang,0,1,0,0.1111,127.0245,10.8318,243.2172,-32.9755,-11.252,-1.0,STOP,0.0,0.0,0.0,0.0,0.0,18.9685,15.1527,65.9947,0.4867,1.343,0.4889,2.1826,0.0644,6.0673,0.0099,10.7322
458,12.8311,histogram,bangbang,0,1,0,0.1097,126.5049,10.8308,242.1791,-33.4951,-17.9249,-1.0,STOP,0.0,0.0,0.0,0.0,0.0,25.7473,28.5145,35.0698,0.4724,1.1959,0.5594,1.5777,0.0617,6.0064,0.0189,0.0
459,12.845,histogram,bangbang,0,1,0,0.1097,126.5049,10.8308,242.1791,-33.4951,-22.596,-1.0,STOP,0.0,0.0,0.0,0.0,0.0,39.7054,11.8449,84.4242,0.4575,1.3519,1.0489,1.4401,0.07,7.6159,0.0104,0.0
460,12.8615,histogram,bangbang,0,1,0,0.1097,126.5049,10.8308,242.1791,-33.4951,-25.8657,-1.0,STOP,0.0,0.0,0.0,0.0,0.0,56.2071,18.6416,53.6434,0.8718,1.0085,0.4041,2.1914,0.0715,5.361,0.0122,0.0
461,12.8888,histogram,bangbang,0,1,0,0.1111,127.475,10.831,244.1189,-32.525,-27.8635,-1.0,STOP,0.0,0.0,0.0,0.0,0.0,22.3158,12.3778,80.7898,0.7923,2.9109,0.4291,1.0792,0.049,4.4509,0.0087,9.8937
462,12.8986,histogram,bangbang,0,1,0,0.1139,159.8043,10.8711,308.7375,-0.1957,-19.5632,0.0,STOP,0.0,0.0,0.0,0.0,0.0,32.7936,26.6215,37.5636,0.4975,1.0911,0.4395,1.4358,0.0496,4.4685,0.0115,0.0
463,12.911,histogram,bangbang,0,1,0,0.1139,159.8043,10.8711,308.7375,-0.1957,-13.7529,0.0,STOP,0.0,0.0,0.0,0.0,0.0,45.1828,11.7071,85.418,0.4429,1.2262,0.4583,1.4418,0.0574,5.1152,0.0097,0.0
464,12.9222,histogram,bangbang,0,1,0,0.1139,159.8043,10.8711,308.7375,-0.1957,-9.6858,0.0,STOP,0.0,0.0,0.0,0.0,0.0,56.4192,11.2056,89.2408,0.6076,1.0977,0.4378,1.6413,0.0733,4.8955,0.0098,0.0
465,12.9487,histogram,bangbang,0,1,0,0.1139,159.6979,10.8442,308.5516,-0.3021,-6.8707,0.0,STOP,0.0,0.0,0.0,0.0,0.0,16.5804,10.556,94.7332,0.4255,1.217,0.4835,1.5998,0.0649,5.1112,0.0093,12.0628
466,12.9591,histogram,bangbang,0,1,0,0.1069,159.7678,10.8758,308.6599,-0.2322,-4.8791,0.0,STOP,0.0,0.0,0.0,0.0,0.0,16.5398,26.3437,37.9597,0.4136,1.2101,0.4155,1.3347,0.0815,5.3486,0.0091,0.0
467,12.9696,histogram,bangbang,0,1,0,0.1069,159.7678,10.8758,308.6599,-0.2322,-3.485,0.0,STOP,0.0,0.0,0.0,0.0,0.0,27.0777,10.6578,93.8277,0.9837,1.08,0.4143,1.4516,0.0436,4.7462,0.0088,0.0
468,12.9792,histogram,bangbang,0,1,0,0.1083,123.9945,10.8165,237.1725,-36.0055,-13.2412,-1.0,STOP,0.0,0.0,0.0,0.0,0.0,15.1322,10.1103,98.9091,0.3911,1.1882,0.4599,1.1067,0.0615,4.9329,0.0095,0.0
469,13.007,histogram,bangbang,0,1,0,0.1083,123.9945,10.8165,237.1725,-36.0055,-20.0705,-1.0,STOP,0.0,0.0,0.0,0.0,0.0,27.2044,9.8596,101.4243,0.4318,2.0598,0.4672,1.4171,0.0565,5.8623,0.0098,10.2635
470,13.0178,histogram,bangbang,0,1,0,0.1069,123.958,10.8174,237.0987,-36.042,-24.8619,-1.0,STOP,0.0,0.0,0.0,0.0,0.0,24.1342,27.7713,36.0085,0.4027,1.942,0.4596,1.119,0.0544,5.0651,0.0093,0.0
471,13.0299,histogram,bangbang,0,1,0,0.1069,123.958,10.8174,237.0987,-36.042,-28.2159,-1.0,STOP,0.0,0.0,0.0,0.0,0.0,36.2529,10.6665,93.7512,0.4601,1.3049,0.7812,1.5217,0.0471,6.3375,0.0088,0.0
472,13.0403,histogram,bangbang,0,1,0,0.1153,159.6399,10.7821,308.4977,-0.3601,-19.8592,0.0,STOP,0.0,0.0,0.0,0.0,0.0,9.9081,12.4271,80.4692,0.4176,1.0769,0.7817,1.2025,0.0553,4.8674,0.0149,0.0
473,13.0674,histogram,bangbang,0,1,0,0.1153,159.6399,10.7821,308.4977,-0.3601,-14.0094,0.0,STOP,0.0,0.0,0.0,0.0,0.0,20.9549,10.1328,98.6889,0.426,1.2339,0.4807,1.8485,0.0649,5.2748,0.0101,10.6749
474,13.0798,histogram,bangbang,0,1,0,0.1153,159.6399,10.7821,308.4977,-0.3601,-9.9146,0.0,STOP,0.0,0.0,0.0,0.0,0.0,49.3531,27.3378,36.5794,0.471,1.9533,0.5372,1.4312,0.0582,5.9285,0.0105,0.0
475,13.0937,histogram,bangbang,0,1,0,0.1083,124.4982,10.833,238.1635,-35.5018,-17.5908,-1.0,STOP,0.0,0.0,0.0,0.0,0.0,22.2618,12.2002,81.9655,0.4733,2.8276,0.5085,2.705,0.0516,5.6245,0.0107,0.0
476,13.1072,histogram,bangbang,0,1,0,0.1083,124.4982,10.833,238.1635,-35.5018,-22.9641,-1.0,STOP,0.0,0.0,0.0,0.0,0.0,35.7322,14.1494,70.6743,1.0094,1.6842,0.7225,2.6403,0.0529,5.3704,0.0109,0.0
477,13.1349,histogram,bangbang,0,1,0,0.1083,125.0199,10.8762,239.1635,-34.9801,-26.5689,-1.0,STOP,0.0,0.0,0.0,0.0,0.0,21.009,13.1527,76.0301,0.4817,1.1704,0.5241,3.0568,0.0403,5.6904,0.0101,10.9087
478,13.1466,histogram,bangbang,0,1,0,0.1083,124.4857,10.8079,238.1635,-35.5143,-29.2525,-1.0,STOP,0.0,0.0,0.0,0.0,0.0,26.1295,27.748,36.0387,0.4797,1.2134,0.4684,2.224,0.0602,5.4818,0.0101,0.0
479,13.1587,histogram,bangbang,0,1,0,0.1083,124.4857,10.8079,238.1635,-35.5143,-31.131,-1.0,STOP,0.0,0.0,0.0,0.0,0.0,38.2334,11.6238,86.0304,0.4637,1.1885,0.4847,1.7859,0.0594,6.3349,0.0106,0.0
480,13.17,histogram,bangbang,0,1,0,0.1083,124.4857,10.8079,238.1635,-35.5143,-32.446,-1.0,STOP,0.0,0.0,0.0,0.0,0.0,49.5871,12.3888,80.7182,0.6743,1.3602,0.7601,1.4145,0.0553,5.147,0.0099,0.0
481,13.198,histogram,bangbang,0,1,0,0.1069,124.4868,10.9117,238.0619,-35.5132,-33.3662,-1.0,STOP,0.0,0.0,0.0,0.0,0.0,19.3165,10.9967,90.9365,0.4668,1.2765,0.4842,1.504,0.0709,6.1927,0.0095,11.0414
482,13.209,histogram,bangbang,0,1,0,0.1083,124.9852,10.8438,239.1266,-35.0148,-33.8608,-1.0,STOP,0.0,0.0,0.0,0.0,0.0,24.0869,28.0624,35.6349,0.4592,1.1788,0.5006,1.5436,0.0586,5.6501,0.0097,0.0
483,13.2213,histogram,bangbang,0,1,0,0.1083,124.9852,10.8438,239.1266,-35.0148,-34.207,-1.0,STOP,0.0,0.0,0.0,0.0,0.0,36.3516,11.1866,89.3929,0.6977,1.3341,0.9172,2.1637,0.0479,5.0192,0.0087,0.0
484,13.2325,histogram,bangbang,0,1,0,0.1069,123.9865,10.8713,237.1016,-36.0135,-34.7489,-1.0,STOP,0.0,0.0,0.0,0.0,0.0,16.7794,12.0088,83.2719,0.6079,1.301,0.4727,1.2613,0.0678,5.8224,0.0128,0.0
485,13.2633,histogram,bangbang,0,1,0,0.1069,123.9865,10.8713,237.1016,-36.0135,-35.1283,-1.0,STOP,0.0,0.0,0.0,0.0,0.0,30.1187,11.5289,86.7385,0.4687,1.2927,0.4837,2.9106,0.0507,6.2442,0.0096,11.8086
486,13.2759,histogram,bangbang,0,1,0,0.1083,125.0872,10.9914,239.1829,-34.9128,-35.0637,-1.0,STOP,0.0,0.0,0.0,0.0,0.0,26.9789,30.6402,32.6369,0.4681,1.3298,0.6439,2.172,0.0548,6.2549,0.0098,0.0
487,13.2889,histogram,bangbang,0,1,0,0.1083,125.0872,10.9914,239.1829,-34.9128,-35.0184,-1.0,STOP,0.0,0.0,0.0,0.0,0.0,39.995,13.0293,76.7501,1.5303,2.1585,0.4676,1.4127,0.0566,5.2334,0.0088,0.0
488,13.3002,histogram,bangbang,0,1,0,0.1069,124.4386,10.8482,238.029,-35.5614,-35.1813,-1.0,STOP,0.0,0.0,0.0,0.0,0.0,20.9743,12.4438,80.3614,0.5422,1.1752,0.465,1.2766,0.0617,6.1331,0.0108,0.0
489,13.3318,histogram,bangbang,0,1,0,0.1069,124.4386,10.8482,238.029,-35.5614,-35.2953,-1.0,STOP,0.0,0.0,0.0,0.0,0.0,37.3776,11.4171,87.588,0.6213,1.245,0.4989,5.4176,0.0545,6.6268,0.0099,10.7995
490,13.3459,histogram,bangbang,0,1,0,0.1069,124.4392,10.7797,238.0987,-35.5608,-35.375,-1.0,STOP,0.0,0.0,0.0,0.0,0.0,27.255,31.7428,31.5032,0.4899,1.4038,0.6397,2.768,0.0484,6.6934,0.0098,0.0
491,13.3559,histogram,bangbang,0,1,0,0.1069,124.5013,10.8398,238.1629,-35.4987,-35.4121,-1.0,STOP,0.0,0.0,0.0,0.0,0.0,11.5645,13.8777,72.058,0.4609,1.2548,0.5084,1.2381,0.0616,4.896,0.0091,0.0
492,13.368,histogram,bangbang,0,1,0,0.1069,124.5013,10.8398,238.1629,-35.4987,-35.4381,-1.0,STOP,0.0,0.0,0.0,0.0,0.0,23.6298,9.9936,100.0642,0.4646,1.2331,0.4824,1.7464,0.0573,6.3238,0.0095,0.0
493,13.3969,histogram,bangbang,0,1,0,0.1069,124.5013,10.8398,238.1629,-35.4987,-35.4562,-1.0,STOP,0.0,0.0,0.0,0.0,0.0,34.7077,12.2927,81.3488,0.8916,1.5156,0.4622,1.5294,0.0618,4.8455,0.0089,11.1887
494,13.413,histogram,bangbang,0,1,0,0.1069,123.9616,10.8576,237.0655,-36.0384,-35.6309,-1.0,STOP,0.0,0.0,0.0,0.0,0.0,41.9525,29.4908,33.9089,0.5824,1.2885,0.5287,2.105,0.0432,9.0583,0.0099,0.0
495,13.427,histogram,bangbang,0,1,0,0.1069,123.9616,10.8576,237.0655,-36.0384,-35.7531,-1.0,STOP,0.0,0.0,0.0,0.0,0.0,55.9589,16.1159,62.0504,0.7002,1.8932,0.5598,1.6982,0.0715,6.5477,0.0105,0.0
496,13.4406,histogram,bangbang,0,1,0,0.1083,124.4948,10.8594,238.1302,-35.5052,-35.6788,-1.0,STOP,0.0,0.0,0.0,0.0,0.0,22.8373,13.6733,73.1353,1.0239,2.9844,0.6784,1.4479,0.0504,5.244,0.0094,0.0
497,13.4691,histogram,bangbang,0,1,0,0.1069,124.0429,10.998,237.0877,-35.9571,-35.7623,-1.0,STOP,0.0,0.0,0.0,0.0,0.0,18.7478,13.4861,74.1507,0.5201,1.1793,0.46,1.3854,0.071,5.3939,0.0102,11.9624
498,13.4806,histogram,bangbang,0,1,0,0.1069,124.5036,10.9086,238.0987,-35.4964,-35.6825,-1.0,STOP,0.0,0.0,0.0,0.0,0.0,19.7557,28.2422,35.408,0.5643,1.3197,0.6785,1.3321,0.0553,5.5832,0.0122,0.0
499,13.4927,histogram,bangbang,0,1,0,0.1069,124.5036,10.9086,238.0987,-35.4964,-35.6267,-1.0,STOP,0.0,0.0,0.0,0.0,0.0,31.869,11.5206,86.8008,0.4836,1.9043,0.5434,1.3852,0.061,5.9152,0.0096,0.0
500,13.5043,histogram,bangbang,0,1,0,0.1069,124.5036,10.9086,238.0987,-35.4964,-35.5876,-1.0,STOP,0.0,0.0,0.0,0.0,0.0,43.4917,12.0079,83.2784,0.4782,1.3308,0.4914,1.3239,0.0556,6.2502,0.0094,0.0
501,13.5326,histogram,bangbang,0,1,0,0.1069,124.5036,10.9086,238.0987,-35.4964,-35.5602,-1.0,STOP,0.0,0.0,0.0,0.0,0.0,54.9108,12.2714,81.4903,0.8049,1.1441,0.4539,1.1498,0.0514,5.4678,0.0118,12.9705
502,13.5435,histogram,bangbang,0,1,0,0.1083,124.5219,10.9447,238.099,-35.4781,-35.5356,-1.0,STOP,0.0,0.0,0.0,0.0,0.0,17.4547,27.5486,36.2995,0.4531,1.4259,0.4962,1.4401,0.0553,5.4543,0.0105,0.0
503,13.555,histogram,bangbang,0,1,0,0.1083,124.5219,10.9447,238.099,-35.4781,-35.5184,-1.0,STOP,0.0,0.0,0.0,0.0,0.0,28.9766,11.0244,90.7075,0.4723,1.3735,0.5241,1.3202,0.0706,6.0403,0.0101,0.0
504,13.5672,histogram,bangbang,0,1,0,0.1083,124.5219,10.9447,238.099,-35.4781,-35.5063,-1.0,STOP,0.0,0.0,0.0,0.0,0.0,41.128,11.5014,86.9459,0.4682,1.1969,0.4973,2.192,0.0445,6.0666,0.0107,0.0
505,13.5966,histogram,bangbang,0,1,0,0.1083,124.5219,10.9447,238.099,-35.4781,-35.4978,-1.0,STOP,0.0,0.0,0.0,0.0,0.0,52.7651,12.7712,78.301,0.4738,1.2298,0.4781,1.4986,0.0555,5.5941,0.0094,12.0073
506,13.607,histogram,bangbang,0,1,0,0.1069,124.0184,10.8686,237.1682,-35.9816,-35.643,-1.0,STOP,0.0,0.0,0.0,0.0,0.0,18.8218,28.6725,34.8766,0.457,1.2239,0.501,1.4669,0.0545,5.2028,0.0097,0.0
507,13.6183,histogram,bangbang,0,1,0,0.1069,124.0184,10.8686,237.1682,-35.9816,-35.7446,-1.0,STOP,0.0,0.0,0.0,0.0,0.0,30.0597,10.5409,94.8689,0.4938,1.2306,0.572,1.3077,0.0599,5.8846,0.01,0.0
508,13.6316,histogram,bangbang,0,1,0,0.1069,124.0184,10.8686,237.1682,-35.9816,-35.8157,-1.0,STOP,0.0,0.0,0.0,0.0,0.0,43.4268,11.7405,85.1751,1.9408,1.5752,0.5262,1.1993,0.0715,5.8423,0.0105,0.0
509,13.6593,histogram,bangbang,0,1,0,0.1069,124.4718,10.8781,238.0655,-35.5282,-35.7294,-1.0,STOP,0.0,0.0,0.0,0.0,0.0,19.6027,12.7916,78.176,0.4733,1.2102,0.5356,1.3553,0.0557,5.3534,0.0106,11.4519
510,13.6758,histogram,bangbang,0,1,0,0.1069,124.4718,10.8781,238.0655,-35.5282,-35.669,-1.0,STOP,0.0,0.0,0.0,0.0,0.0,53.1738,28.4796,35.1129,0.5233,4.756,0.5419,1.343,0.0559,6.7442,0.0122,0.0
511,13.6885,histogram,bangbang,0,1,0,0.1069,123.9707,10.8174,237.1239,-36.0293,-35.7771,-1.0,STOP,0.0,0.0,0.0,0.0,0.0,14.3706,15.8685,63.0179,0.89,1.9112,0.7831,1.3293,0.0501,5.9974,0.0088,0.0
512,13.6993,histogram,bangbang,0,1,0,0.1083,124.4807,10.8625,238.099,-35.5193,-35.6998,-1.0,STOP,0.0,0.0,0.0,0.0,0.0,18.8013,12.5413,79.7367,0.4983,0.8222,0.4867,1.4204,0.0612,5.6982,0.0094,0.0
513,13.7289,histogram,bangbang,0,1,0,0.1083,124.4807,10.8625,238.099,-35.5193,-35.6456,-1.0,STOP,0.0,0.0,0.0,0.0,0.0,32.3332,10.8223,92.4022,0.4577,0.7692,0.4647,3.3856,0.0656,6.5237,0.0092,12.0017
514,13.7411,histogram,bangbang,0,1,0,0.1083,124.4296,10.8301,238.0291,-35.5704,-35.623,-1.0,STOP,0.0,0.0,0.0,0.0,0.0,25.4479,29.9306,33.4106,0.5676,1.1856,0.4805,2.3079,0.0555,5.57,0.0108,0.0
515,13.7543,histogram,bangbang,0,1,0,0.1083,124.4296,10.8301,238.0291,-35.5704,-35.6072,-1.0,STOP,0.0,0.0,0.0,0.0,0.0,38.7401,12.476,80.1541,0.6694,1.2608,0.5358,3.0577,0.0455,5.4737,0.0091,0.0
516,13.7646,histogram,bangbang,0,1,0,0.1069,123.9887,10.8093,237.1682,-36.0113,-35.7285,-1.0,STOP,0.0,0.0,0.0,0.0,0.0,11.9694,12.5526,79.6645,0.4513,1.1585,0.4968,1.4643,0.056,5.1125,0.0097,0.0
517,13.7941,histogram,bangbang,0,1,0,0.1069,123.9887,10.8093,237.1682,-36.0113,-35.8133,-1.0,STOP,0.0,0.0,0.0,0.0,0.0,23.7812,10.3592,96.5321,0.4767,1.2997,0.4981,1.3807,0.0551,6.4365,0.011,11.7972
518,13.806,histogram,bangbang,0,1,0,0.1083,124.4278,10.8004,238.0552,-35.5722,-35.741,-1.0,STOP,0.0,0.0,0.0,0.0,0.0,22.5912,29.6342,33.7448,0.4745,1.2723,0.5631,1.5266,0.0665,5.9832,0.0109,0.0
519,13.8205,histogram,bangbang,0,1,0,0.1083,124.4278,10.8004,238.0552,-35.5722,-35.6903,-1.0,STOP,0.0,0.0,0.0,0.0,0.0,37.2043,12.0829,82.7615,0.9761,2.3845,0.5241,2.1388,0.0548,6.456,0.0096,0.0
520,13.8332,histogram,bangbang,0,1,0,0.1083,124.4278,10.8004,238.0552,-35.5722,-35.6549,-1.0,STOP,0.0,0.0,0.0,0.0,0.0,49.8362,14.5852,68.5627,0.9434,1.2818,0.4813,1.4616,0.0694,6.2157,0.0115,0.0
521,13.8618,histogram,bangbang,0,1,0,0.1056,124.0108,10.8388,237.1828,-35.9892,-35.7552,-1.0,STOP,0.0,0.0,0.0,0.0,0.0,22.0967,12.4943,80.0368,0.521,1.3453,0.562,2.0315,0.0451,5.714,0.009,10.6702
522,13.8748,histogram,bangbang,0,1,0,0.1056,123.9933,10.9029,237.0837,-36.0067,-35.8306,-1.0,STOP,0.0,0.0,0.0,0.0,0.0,28.4408,28.8015,34.7204,0.482,1.3572,0.576,2.3207,0.0659,5.9976,0.0127,0.0
523,13.887,histogram,bangbang,0,1,0,0.1056,123.9933,10.9029,237.0837,-36.0067,-35.8834,-1.0,STOP,0.0,0.0,0.0,0.0,0.0,40.6651,13.3782,74.7482,0.4995,1.3909,0.4946,1.4544,0.0559,5.9276,0.0095,0.0
524,13.8983,histogram,bangbang,0,1,0,0.1056,123.9933,10.9029,237.0837,-36.0067,-35.9204,-1.0,STOP,0.0,0.0,0.0,0.0,0.0,51.9024,11.8828,84.1552,0.7765,1.2534,0.5379,1.3104,0.0563,5.2392,0.011,0.0
525,13.9252,histogram,bangbang,0,1,0,0.1069,123.9164,10.7672,237.0655,-36.0836,-35.9694,-1.0,STOP,0.0,0.0,0.0,0.0,0.0,21.446,10.9454,91.3623,0.492,1.2455,0.6133,1.5466,0.0601,6.0775,0.0121,11.0125
526,13.9374,histogram,bangbang,0,1,0,0.1056,123.9754,10.867,237.0837,-36.0246,-35.986,-1.0,STOP,0.0,0.0,0.0,0.0,0.0,24.7097,27.0427,36.9785,0.5147,2.1665,0.4757,1.7093,0.0501,5.428,0.0098,0.0
527,13.9507,histogram,bangbang,0,1,0,0.1056,123.9754,10.867,237.0837,-36.0246,-35.9976,-1.0,STOP,0.0,0.0,0.0,0.0,0.0,38.0024,13.8405,72.2516,0.5998,1.2183,0.5606,1.462,0.0558,5.8382,0.0103,0.0
528,13.9626,histogram,bangbang,0,1,0,0.1056,123.9754,10.867,237.0837,-36.0246,-36.0057,-1.0,STOP,0.0,0.0,0.0,0.0,0.0,49.8492,11.7131,85.3747,0.4884,1.22,0.5291,1.6189,0.0722,5.89,0.0099,0.0
529,13.9923,histogram,bangbang,0,1,0,0.1069,124.49,10.918,238.0619,-35.51,-35.857,-1.0,STOP,0.0,0.0,0.0,0.0,0.0,15.4512,12.0208,83.1893,0.6045,1.1723,0.5158,3.0838,0.0432,5.4923,0.0095,10.3622
530,14.0042,histogram,bangbang,0,1,0,0.1069,123.952,10.8164,237.0877,-36.048,-35.9143,-1.0,STOP,0.0,0.0,0.0,0.0,0.0,34.4013,29.5726,33.8151,0.7306,0.9756,0.5816,1.4254,0.0476,6.0978,0.0122,0.0
531,14.0143,histogram,bangbang,0,1,0,0.1083,124.4909,10.8828,238.099,-35.5091,-35.7927,-1.0,STOP,0.0,0.0,0.0,0.0,0.0,15.138,11.5017,86.9439,0.469,1.2295,0.4748,1.3979,0.0609,4.925,0.0088,0.0
532,14.026,histogram,bangbang,0,1,0,0.1083,124.4909,10.8828,238.099,-35.5091,-35.7076,-1.0,STOP,0.0,0.0,0.0,0.0,0.0,26.8733,10.3419,96.694,0.4661,1.2584,0.4823,1.7442,0.0857,5.7463,0.0128,0.0
533,14.0592,histogram,bangbang,0,1,0,0.1083,124.4909,10.8828,238.099,-35.5091,-35.6481,-1.0,STOP,0.0,0.0,0.0,0.0,0.0,41.2605,12.0185,83.2048,0.4801,1.2402,0.5161,2.7171,0.0535,7.1797,0.0165,12.0237
534,14.0707,histogram,bangbang,0,1,0,0.1069,123.9846,10.8814,237.0877,-36.0154,-35.7583,-1.0,STOP,0.0,0.0,0.0,0.0,0.0,29.6978,33.6975,29.6758,0.5019,1.3765,0.5017,1.1809,0.0532,5.2525,0.0121,0.0
535,14.0822,histogram,bangbang,0,1,0,0.1083,124.5345,10.9699,238.099,-35.4655,-35.6705,-1.0,STOP,0.0,0.0,0.0,0.0,0.0,21.6247,10.4846,95.3779,0.4459,1.2206,0.4891,1.7624,0.0589,5.9566,0.0097,0.0
536,14.0949,histogram,bangbang,0,1,0,0.1083,124.5345,10.9699,238.099,-35.4655,-35.609,-1.0,STOP,0.0,0.0,0.0,0.0,0.0,34.3236,11.4879,87.0483,0.4464,1.4571,0.4984,2.3759,0.0575,6.241,0.0123,0.0
537,14.1276,histogram,bangbang,0,1,0,0.1083,124.5345,10.9699,238.099,-35.4655,-35.5659,-1.0,STOP,0.0,0.0,0.0,0.0,0.0,46.5929,13.3694,74.7974,1.0883,1.3317,0.494,1.5215,0.0565,5.4763,0.0116,12.1063
538,14.1412,histogram,bangbang,0,1,0,0.1083,124.4526,10.9126,237.9927,-35.5474,-35.5604,-1.0,STOP,0.0,0.0,0.0,0.0,0.0,43.3131,35.5793,28.1063,0.676,1.1887,0.5198,1.1799,0.0559,4.918,0.0097,0.0
539,14.1536,histogram,bangbang,0,1,0,0.1069,124.0384,10.953,237.1239,-35.9616,-35.6807,-1.0,STOP,0.0,0.0,0.0,0.0,0.0,21.1746,10.1692,98.3361,0.5316,1.43,0.5081,1.2594,0.061,6.695,0.0149,0.0
540,14.1659,histogram,bangbang,0,1,0,0.1069,124.0384,10.953,237.1239,-35.9616,-35.765,-1.0,STOP,0.0,0.0,0.0,0.0,0.0,33.4651,12.8003,78.1232,0.5695,1.8795,0.5553,1.2642,0.0513,5.7063,0.0109,0.0
