frame,t_rel,algorithm,controller,armed,detected,inferred,confidence,lane_center,left_x,right_x,error_px,smoothed_error_px,steer,command,p_term,i_term,d_term,left_duty,right_duty,latency_ms,loop_ms,fps,t_grayscale,t_blur,t_threshold,t_canny,t_roi,t_detect,t_control,t_render
1,3.8897,histogram,pid,0,1,0,0.375,159.2416,11.0793,307.404,-0.7584,-0.2275,-0.019,STOP,-0.019,-0.0,0.0,0.0,0.0,190.6112,0.0,0.0,19.5191,53.3323,13.4563,50.3884,0.0607,15.7631,0.2166,3694.9954
2,3.9005,histogram,pid,0,1,0,0.375,159.181,10.9493,307.4128,-0.819,-0.4049,-0.0244,STOP,-0.0205,-0.0038,-0.0,0.0,0.0,13.8231,3862.173,0.2589,0.43,1.1758,0.4341,2.4067,0.0612,4.3805,0.1882,0.0
3,3.9123,histogram,pid,0,1,0,0.375,159.181,10.9493,307.4128,-0.819,-0.5291,-0.0244,STOP,-0.0205,-0.0039,-0.0,0.0,0.0,25.5707,10.5605,94.6926,0.4379,1.0215,0.3987,2.8639,0.05,5.3969,0.1473,0.0
4,3.9233,histogram,pid,0,1,0,0.375,159.181,10.9493,307.4128,-0.819,-0.6161,-0.0245,STOP,-0.0205,-0.004,-0.0,0.0,0.0,36.5392,11.813,84.6523,0.5677,1.1233,0.4657,1.3298,0.0546,5.7394,0.1585,0.0
5,4.0129,histogram,pid,0,1,0,0.375,159.181,10.9493,307.4128,-0.819,-0.677,-0.0246,STOP,-0.0205,-0.0041,-0.0,0.0,0.0,48.381,11.8283,84.5427,0.425,1.0594,0.4161,1.0774,0.0564,6.0643,0.2567,63.3275
6,4.0259,histogram,pid,0,1,0,0.375,159.207,10.9936,307.4204,-0.793,-0.7118,-0.0245,STOP,-0.0198,-0.0048,0.0001,0.0,0.0,22.5515,89.3584,11.1909,0.4878,0.7438,0.4072,2.253,0.0635,6.5193,0.2448,0.0
7,4.0369,histogram,pid,0,1,0,0.375,159.207,10.9936,307.4204,-0.793,-0.7361,-0.0246,STOP,-0.0198,-0.0049,0.0001,0.0,0.0,33.6725,13.6,73.5292,0.4741,0.7272,0.4582,0.8326,0.0585,5.5541,0.1785,0.0
8,4.0548,histogram,pid,0,1,0,0.3736,159.254,11.0952,307.4128,-0.746,-0.7391,-0.0218,STOP,-0.0186,-0.0049,0.0018,0.0,0.0,19.5478,10.0194,99.8064,0.4468,3.6254,0.4796,1.5514,0.061,9.6312,0.2278,0.0
9,4.1646,histogram,pid,0,1,0,0.3736,159.254,11.0952,307.4128,-0.746,-0.7412,-0.0225,STOP,-0.0186,-0.0051,0.0013,0.0,0.0,36.251,17.8682,55.9652,0.4355,1.1796,0.4741,2.6944,0.0848,4.8331,0.1841,48.7678
10,4.176,histogram,pid,0,1,0,0.3764,159.2094,11.0179,307.4009,-0.7906,-0.756,-0.0249,STOP,-0.0198,-0.0059,0.0007,0.0,0.0,29.4626,109.9114,9.0982,0.452,1.3309,0.476,1.6499,0.0762,5.4006,0.1568,0.0
11,4.1882,histogram,pid,0,1,0,0.3764,159.2094,11.0179,307.4009,-0.7906,-0.7664,-0.0252,STOP,-0.0198,-0.006,0.0005,0.0,0.0,41.6663,12.7256,78.5819,1.5951,1.1044,0.462,1.3343,0.0499,4.4291,0.1481,0.0
12,4.2007,histogram,pid,0,1,0,0.3778,159.2247,11.0485,307.4009,-0.7753,-0.769,-0.0245,STOP,-0.0194,-0.0061,0.0009,0.0,0.0,19.6562,10.559,94.7057,0.4291,1.2413,0.4912,2.4961,0.0524,6.2104,0.1737,0.0
13,4.2515,histogram,pid,0,1,0,0.3778,159.2247,11.0485,307.4009,-0.7753,-0.7709,-0.0249,STOP,-0.0194,-0.0062,0.0006,0.0,0.0,30.5681,13.5298,73.911,1.256,1.0797,0.4094,1.3346,0.0499,4.1992,0.1446,32.151
14,4.2623,histogram,pid,0,1,0,0.3736,159.2107,11.0086,307.4128,-0.7893,-0.7764,-0.0259,STOP,-0.0197,-0.0065,0.0003,0.0,0.0,28.3822,49.9043,20.0384,0.4333,1.5349,0.4408,1.2262,0.0544,5.3415,0.1594,0.0
15,4.2725,histogram,pid,0,1,0,0.3736,159.2107,11.0086,307.4128,-0.7893,-0.7803,-0.0261,STOP,-0.0197,-0.0066,0.0002,0.0,0.0,38.5641,10.9885,91.0046,1.2213,1.1094,0.4058,1.2234,0.0508,4.2432,0.1423,0.0
16,4.2813,histogram,pid,0,1,0,0.375,159.1976,10.9824,307.4128,-0.8024,-0.7869,-0.0271,STOP,-0.0201,-0.0067,-0.0003,0.0,0.0,16.2485,9.7412,102.6571,0.4477,1.0293,0.398,1.2124,0.0525,4.1836,0.1491,0.0
17,4.3409,histogram,pid,0,1,0,0.375,159.1976,10.9824,307.4128,-0.8024,-0.7916,-0.027,STOP,-0.0201,-0.0067,-0.0002,0.0,0.0,26.0059,8.916,112.1577,0.3922,1.0318,0.4422,1.4765,0.1378,4.603,0.1671,37.9988
18,4.3556,histogram,pid,0,1,0,0.375,159.2292,11.0443,307.4141,-0.7708,-0.7853,-0.0264,STOP,-0.0193,-0.0072,0.0,0.0,0.0,25.818,60.2312,16.6027,0.5049,1.193,0.42,1.4222,0.0685,8.3263,0.3805,0.0
19,4.3686,histogram,pid,0,1,0,0.375,159.2292,11.0443,307.4141,-0.7708,-0.781,-0.0265,STOP,-0.0193,-0.0073,0.0,0.0,0.0,38.8851,14.6702,68.1652,0.6975,1.2683,0.4379,1.7232,0.0392,6.4389,0.2584,0.0
20,4.3818,histogram,pid,0,1,0,0.375,159.2292,11.0443,307.4141,-0.7708,-0.7779,-0.0266,STOP,-0.0193,-0.0074,0.0,0.0,0.0,52.0617,13.0299,76.7463,0.904,1.0992,0.4159,1.3912,0.0611,6.7694,0.2618,0.0
21,4.4633,histogram,pid,0,1,0,0.375,159.2065,11.0001,307.4128,-0.7935,-0.7826,-0.0279,STOP,-0.0198,-0.0075,-0.0006,0.0,0.0,30.4873,13.4937,74.1084,0.5296,6.0702,0.8913,3.5611,0.0648,5.2738,0.2049,56.7298
22,4.4785,histogram,pid,0,1,0,0.3736,159.2491,11.0929,307.4053,-0.7509,-0.7731,-0.0271,STOP,-0.0188,-0.008,-0.0002,0.0,0.0,25.0064,80.5949,12.4077,0.3986,5.6218,0.4504,2.0738,0.0617,4.8823,0.1972,0.0
23,4.4961,histogram,pid,0,1,0,0.3736,159.2491,11.0929,307.4053,-0.7509,-0.7664,-0.0271,STOP,-0.0188,-0.0082,-0.0002,0.0,0.0,42.6104,15.2923,65.3925,0.4058,4.059,0.4559,5.229,0.0978,5.5631,0.1601,0.0
24,4.5059,histogram,pid,0,1,0,0.375,159.2158,11.0307,307.4009,-0.7842,-0.7718,-0.0287,STOP,-0.0196,-0.0083,-0.0008,0.0,0.0,11.2884,17.4566,57.285,0.4586,1.213,0.4443,1.2779,0.0521,4.7665,0.1628,0.0
25,4.5614,histogram,pid,0,1,0,0.375,159.2158,11.0307,307.4009,-0.7842,-0.7755,-0.0285,STOP,-0.0196,-0.0084,-0.0006,0.0,0.0,25.0369,9.8991,101.0194,0.3928,4.9157,0.6607,1.6854,0.0563,4.3618,0.147,35.0685
26,4.5716,histogram,pid,0,1,0,0.3764,159.2399,11.0729,307.4068,-0.7601,-0.7709,-0.028,STOP,-0.019,-0.0088,-0.0002,0.0,0.0,24.9725,55.5484,18.0023,0.3928,1.0976,0.4155,1.7676,0.0773,4.6229,0.1491,0.0
27,4.5853,histogram,pid,0,1,0,0.3764,159.2399,11.0729,307.4068,-0.7601,-0.7677,-0.028,STOP,-0.019,-0.0088,-0.0002,0.0,0.0,38.7391,10.8867,91.8549,0.5996,1.4091,0.5594,2.5844,0.0796,5.9145,0.1692,0.0
28,4.5971,histogram,pid,0,1,0,0.3764,159.2399,11.0729,307.4068,-0.7601,-0.7654,-0.028,STOP,-0.019,-0.0089,-0.0001,0.0,0.0,50.5637,13.7291,72.838,0.6447,1.3218,0.4001,2.0828,0.0467,4.7058,0.3746,0.0
29,4.6529,histogram,pid,0,1,0,0.3764,159.2362,11.0685,307.404,-0.7638,-0.7649,-0.0283,STOP,-0.0191,-0.009,-0.0002,0.0,0.0,17.534,11.1458,89.72,0.435,1.5629,0.481,1.436,0.0705,4.529,0.173,37.5276
30,4.6635,histogram,pid,0,1,0,0.3764,159.2135,11.0067,307.4204,-0.7865,-0.7714,-0.0294,STOP,-0.0197,-0.0094,-0.0003,0.0,0.0,19.5034,55.8985,17.8896,0.4269,1.0593,0.4402,1.4269,0.0737,5.14,0.1643,0.0
31,4.6748,histogram,pid,0,1,0,0.3764,159.2135,11.0067,307.4204,-0.7865,-0.7759,-0.0294,STOP,-0.0197,-0.0095,-0.0002,0.0,0.0,30.8852,10.4744,95.4709,0.426,1.1144,0.4533,1.6423,0.0669,5.7829,0.1849,0.0
32,4.6872,histogram,pid,0,1,0,0.3764,159.2135,11.0067,307.4204,-0.7865,-0.7791,-0.0294,STOP,-0.0197,-0.0096,-0.0001,0.0,0.0,43.2408,12.1199,82.5089,0.4581,1.1646,0.4317,1.9721,0.0686,5.6626,0.1949,0.0
33,4.7462,histogram,pid,0,1,0,0.3764,159.2135,11.0067,307.4204,-0.7865,-0.7813,-0.0294,STOP,-0.0197,-0.0097,-0.0001,0.0,0.0,54.9301,11.9368,83.7747,0.7938,1.085,0.4172,2.2995,0.0701,4.8744,0.1583,40.6292
34,4.7555,histogram,pid,0,1,0,0.3736,159.2193,11.0258,307.4128,-0.7807,-0.7811,-0.0297,STOP,-0.0195,-0.0101,-0.0,0.0,0.0,20.7568,58.5096,17.0912,0.414,1.0857,0.4208,1.3668,0.0638,4.2964,0.1908,0.0
35,4.7658,histogram,pid,0,1,0,0.3736,159.2193,11.0258,307.4128,-0.7807,-0.781,-0.0297,STOP,-0.0195,-0.0102,-0.0,0.0,0.0,31.0852,9.4633,105.6719,0.4187,1.1058,0.4162,1.2595,0.0547,5.2326,0.1505,0.0
36,4.7767,histogram,pid,0,1,0,0.3736,159.2193,11.0258,307.4128,-0.7807,-0.7809,-0.0298,STOP,-0.0195,-0.0103,-0.0,0.0,0.0,41.9761,10.8159,92.4565,0.5151,2.1756,0.4361,1.332,0.0495,4.1718,0.145,0.0
37,4.83,histogram,pid,0,1,0,0.3764,159.2368,11.0696,307.404,-0.7632,-0.7756,-0.0288,STOP,-0.0191,-0.0103,0.0006,0.0,0.0,15.1823,10.2096,97.9475,0.502,1.034,0.4061,1.0879,0.05,4.1824,0.1483,37.647
38,4.8403,histogram,pid,0,1,0,0.3764,159.2324,11.058,307.4068,-0.7676,-0.7732,-0.0295,STOP,-0.0192,-0.0107,0.0004,0.0,0.0,44.7047,53.4133,18.7219,0.3898,1.0153,0.3962,1.9647,0.0583,4.7001,0.1585,0.0
39,4.8492,histogram,pid,0,1,0,0.3764,159.2324,11.058,307.4068,-0.7676,-0.7715,-0.0297,STOP,-0.0192,-0.0108,0.0003,0.0,0.0,53.6538,10.2464,97.5955,0.461,1.0157,0.3906,1.1885,0.0494,4.1675,0.1584,0.0
40,4.8601,histogram,pid,0,1,0,0.3736,159.2334,11.0541,307.4128,-0.7666,-0.77,-0.0298,STOP,-0.0192,-0.0108,0.0002,0.0,0.0,19.2722,8.9571,111.6431,0.4195,1.0513,0.4096,1.3677,0.0526,5.8119,0.1601,0.0
41,4.92,histogram,pid,0,1,0,0.3736,159.2334,11.0541,307.4128,-0.7666,-0.769,-0.0299,STOP,-0.0192,-0.0109,0.0002,0.0,0.0,32.0082,12.1572,82.2558,0.7281,2.3006,0.5087,1.2187,0.068,4.86,0.1755,40.5582
42,4.9314,histogram,pid,0,1,0,0.3764,159.2374,11.062,307.4128,-0.7626,-0.7671,-0.0303,STOP,-0.0191,-0.0114,0.0001,0.0,0.0,31.7246,59.6981,16.751,0.7669,1.0916,0.4364,1.7889,0.042,4.5729,0.1473,0.0
43,4.9405,histogram,pid,0,1,0,0.375,159.209,11.0052,307.4128,-0.791,-0.7743,-0.0322,STOP,-0.0198,-0.0114,-0.0009,0.0,0.0,14.6155,10.2074,97.9685,0.3901,1.1051,0.4789,1.1558,0.0541,4.3618,0.1429,0.0
44,4.9501,histogram,pid,0,1,0,0.375,159.209,11.0052,307.4128,-0.791,-0.7793,-0.0319,STOP,-0.0198,-0.0115,-0.0007,0.0,0.0,24.1908,9.2913,107.6278,0.5077,1.0573,0.4646,1.1141,0.0503,4.5061,0.2344,0.0
45,5.0078,histogram,pid,0,1,0,0.375,159.209,11.0052,307.4128,-0.791,-0.7828,-0.0318,STOP,-0.0198,-0.0116,-0.0005,0.0,0.0,35.7599,9.6398,103.737,1.237,1.2312,1.0091,1.2451,0.0557,4.4722,0.145,39.4272
46,5.0185,histogram,pid,0,1,0,0.375,159.2322,11.0591,307.4053,-0.7678,-0.7783,-0.0314,STOP,-0.0192,-0.012,-0.0002,0.0,0.0,31.9044,57.564,17.372,0.4011,1.0906,0.4415,1.4747,0.0555,5.1742,0.1508,0.0
47,5.0283,histogram,pid,0,1,0,0.375,159.2322,11.0591,307.4053,-0.7678,-0.7751,-0.0314,STOP,-0.0192,-0.0121,-0.0001,0.0,0.0,41.7953,11.1309,89.8396,0.7499,1.0599,0.4397,1.2551,0.0519,4.2134,0.1443,0.0
48,5.0383,histogram,pid,0,1,0,0.375,159.2544,11.0959,307.4128,-0.7456,-0.7663,-0.03,STOP,-0.0186,-0.0121,0.0008,0.0,0.0,18.1334,9.2734,107.8358,0.3788,1.075,0.4057,1.2187,0.0566,5.2176,0.1841,0.0
49,5.1007,histogram,pid,0,1,0,0.375,159.2544,11.0959,307.4128,-0.7456,-0.7601,-0.0303,STOP,-0.0186,-0.0122,0.0006,0.0,0.0,29.3791,10.1322,98.6957,0.4034,1.0801,0.4097,1.8227,0.0506,5.748,0.1658,43.6317
50,5.1168,histogram,pid,0,1,0,0.375,159.2466,11.0804,307.4128,-0.7534,-0.7581,-0.0311,STOP,-0.0188,-0.0127,0.0004,0.0,0.0,25.2923,62.8488,15.9112,0.6495,1.6764,0.6257,3.0536,0.0883,7.4934,0.2436,0.0
51,5.1312,histogram,pid,0,1,0,0.375,159.2466,11.0804,307.4128,-0.7534,-0.7567,-0.0314,STOP,-0.0188,-0.0128,0.0002,0.0,0.0,39.7661,16.0302,62.3821,0.6567,1.5631,0.6384,3.1899,0.0647,6.0514,0.2097,0.0
52,5.1453,histogram,pid,0,1,0,0.375,159.1477,10.8825,307.4128,-0.8523,-0.7854,-0.0366,STOP,-0.0213,-0.0129,-0.0024,0.0,0.0,25.1774,14.2007,70.419,0.6291,1.9365,0.63,1.7685,0.0682,6.9169,0.2199,0.0
53,5.221,histogram,pid,0,1,0,0.375,159.1477,10.8825,307.4128,-0.8523,-0.8055,-0.036,STOP,-0.0213,-0.013,-0.0017,0.0,0.0,40.067,14.4672,69.1218,0.6426,3.1757,0.6433,1.7842,0.0683,6.1381,0.2283,55.3345
54,5.2321,histogram,pid,0,1,0,0.3736,159.2741,11.1277,307.4204,-0.7259,-0.7816,-0.0322,STOP,-0.0181,-0.0135,-0.0006,0.0,0.0,23.1881,75.2208,13.2942,0.3985,1.0133,0.407,1.2195,0.0522,6.1734,0.1552,0.0
55,5.2446,histogram,pid,0,1,0,0.3736,159.2741,11.1277,307.4204,-0.7259,-0.7649,-0.0321,STOP,-0.0181,-0.0136,-0.0004,0.0,0.0,35.7458,11.0061,90.8591,1.3552,1.4477,1.068,2.4088,0.043,4.5065,0.1497,0.0
56,5.2547,histogram,pid,0,1,0,0.3736,159.1559,10.8964,307.4153,-0.8441,-0.7887,-0.0384,STOP,-0.0211,-0.0137,-0.0037,0.0,0.0,14.7864,13.0975,76.3505,0.4793,1.2215,0.4179,1.2476,0.1043,4.3253,0.1785,0.0
57,5.3185,histogram,pid,0,1,0,0.3736,159.1559,10.8964,307.4153,-0.8441,-0.8053,-0.0374,STOP,-0.0211,-0.0138,-0.0026,0.0,0.0,25.423,9.4423,105.9062,0.4141,1.0774,0.5573,1.3106,0.0703,5.5183,0.2098,45.7875
58,5.3311,histogram,pid,0,1,0,0.375,159.2369,11.067,307.4068,-0.7631,-0.7927,-0.0346,STOP,-0.0191,-0.0142,-0.0013,0.0,0.0,25.012,63.9106,15.6469,0.4091,1.1019,0.4858,4.0647,0.0881,4.5943,0.185,0.0
59,5.342,histogram,pid,0,1,0,0.375,159.2369,11.067,307.4068,-0.7631,-0.7838,-0.0343,STOP,-0.0191,-0.0143,-0.0009,0.0,0.0,35.9283,13.1716,75.9209,0.6741,1.7434,0.4142,1.2643,0.0488,4.3458,0.167,0.0
60,5.3518,histogram,pid,0,1,0,0.375,159.216,11.0223,307.4097,-0.784,-0.7838,-0.0354,STOP,-0.0196,-0.0144,-0.0014,0.0,0.0,16.7947,10.2512,97.5499,0.41,1.2241,0.4366,1.3835,0.0559,4.6213,0.1653,0.0
61,5.4154,histogram,pid,0,1,0,0.375,159.216,11.0223,307.4097,-0.784,-0.7839,-0.035,STOP,-0.0196,-0.0145,-0.001,0.0,0.0,27.7512,9.9259,100.7465,0.442,1.1398,0.4342,1.5624,0.0591,5.4504,0.1992,45.9542
62,5.4271,histogram,pid,0,1,0,0.375,159.2329,11.053,307.4128,-0.7671,-0.7788,-0.0347,STOP,-0.0192,-0.0149,-0.0006,0.0,0.0,33.8368,63.5684,15.7311,0.5015,1.2721,0.441,2.0605,0.0562,5.5756,0.1502,0.0
63,5.4389,histogram,pid,0,1,0,0.375,159.2329,11.053,307.4128,-0.7671,-0.7753,-0.0346,STOP,-0.0192,-0.015,-0.0004,0.0,0.0,45.6442,11.8554,84.3496,1.1234,1.1168,0.4471,1.3668,0.0752,5.6385,0.17,0.0
64,5.4489,histogram,pid,0,1,0,0.375,159.2437,11.0746,307.4128,-0.7563,-0.7696,-0.0339,STOP,-0.0189,-0.0151,0.0001,0.0,0.0,11.6733,11.5792,86.3619,0.4093,1.1328,0.4986,1.4284,0.0598,4.7654,0.1562,0.0
65,5.509,histogram,pid,0,1,0,0.375,159.2437,11.0746,307.4128,-0.7563,-0.7656,-0.034,STOP,-0.0189,-0.0152,0.0,0.0,0.0,22.2427,10.3372,96.7384,0.4237,1.1634,0.5068,1.5104,0.0582,4.787,0.1951,43.9997
66,5.519,histogram,pid,0,1,0,0.3764,159.205,10.9972,307.4128,-0.795,-0.7744,-0.0357,STOP,-0.0199,-0.0156,-0.0002,0.0,0.0,32.7314,59.7519,16.7359,0.4044,1.0867,0.4257,1.3244,0.053,4.9955,0.1767,0.0
67,5.5301,histogram,pid,0,1,0,0.3764,159.205,10.9972,307.4128,-0.795,-0.7806,-0.0357,STOP,-0.0199,-0.0157,-0.0001,0.0,0.0,43.8038,10.5224,95.0357,1.0349,1.1485,0.4395,1.4616,0.0655,4.6358,0.2348,0.0
68,5.5404,histogram,pid,0,1,0,0.375,159.2187,11.0247,307.4128,-0.7813,-0.7808,-0.0349,STOP,-0.0195,-0.0158,0.0004,0.0,0.0,18.4823,10.4978,95.2578,0.4107,1.1191,0.443,1.9095,0.0585,4.6805,0.2045,0.0
69,5.6039,histogram,pid,0,1,0,0.375,159.2187,11.0247,307.4128,-0.7813,-0.7809,-0.0351,STOP,-0.0195,-0.0158,0.0003,0.0,0.0,29.6297,10.5552,94.7403,0.5102,1.1294,0.4531,1.3513,0.0626,5.7231,0.1801,44.6748
70,5.6141,histogram,pid,0,1,0,0.375,159.2243,11.0417,307.4068,-0.7757,-0.7794,-0.0355,STOP,-0.0194,-0.0163,0.0002,0.0,0.0,28.5804,63.2717,15.8049,0.397,1.1972,0.4315,1.378,0.0603,5.069,0.2261,0.0
71,5.6242,histogram,pid,0,1,0,0.375,159.2243,11.0417,307.4068,-0.7757,-0.7783,-0.0356,STOP,-0.0194,-0.0164,0.0002,0.0,0.0,38.6469,10.4841,95.3827,0.5842,1.178,0.7094,1.4722,0.052,4.2206,0.1454,0.0
72,5.6364,histogram,pid,0,1,0,0.375,159.2249,11.0458,307.404,-0.7751,-0.7773,-0.0357,STOP,-0.0194,-0.0164,0.0001,0.0,0.0,19.0917,10.1446,98.5751,0.5689,1.2045,0.4142,3.476,0.0488,4.3951,0.2245,0.0
73,5.7057,histogram,pid,0,1,0,0.375,159.2249,11.0458,307.404,-0.7751,-0.7767,-0.0358,STOP,-0.0194,-0.0165,0.0001,0.0,0.0,30.7495,12.0128,83.2444,0.4664,2.3735,0.557,1.5471,0.0553,4.8792,0.1603,50.1304
74,5.7171,histogram,pid,0,1,0,0.375,159.2391,11.0667,307.4115,-0.7609,-0.7719,-0.0359,STOP,-0.019,-0.017,0.0001,0.0,0.0,31.6497,70.8192,14.1205,0.8199,1.3309,0.4281,1.1005,0.0484,4.1551,0.1758,0.0
75,5.727,histogram,pid,0,1,0,0.3736,159.2293,11.0346,307.4239,-0.7707,-0.7716,-0.0367,STOP,-0.0193,-0.0171,-0.0003,0.0,0.0,16.3091,9.8499,101.5237,0.4076,1.0456,0.4248,1.4056,0.057,4.7674,0.1612,0.0
76,5.7367,histogram,pid,0,1,0,0.3736,159.2293,11.0346,307.4239,-0.7707,-0.7713,-0.0366,STOP,-0.0193,-0.0172,-0.0002,0.0,0.0,25.942,9.7411,102.6576,0.427,1.1394,0.4872,1.2863,0.0649,4.63,0.1606,0.0
77,5.8042,histogram,pid,0,1,0,0.3736,159.2293,11.0346,307.4239,-0.7707,-0.7711,-0.0367,STOP,-0.0193,-0.0172,-0.0001,0.0,0.0,38.5372,9.9445,100.5581,0.8618,2.4173,0.8729,1.4795,0.0574,4.9867,0.1808,47.2115
78,5.8139,histogram,pid,0,1,0,0.375,159.2077,11.0026,307.4128,-0.7923,-0.7775,-0.0378,STOP,-0.0198,-0.0177,-0.0002,0.0,0.0,11.2807,67.2181,14.8769,0.3906,1.4734,0.4534,1.0693,0.0526,4.5952,0.1678,0.0
79,5.8243,histogram,pid,0,1,0,0.375,159.2077,11.0026,307.4128,-0.7923,-0.7819,-0.0378,STOP,-0.0198,-0.0178,-0.0002,0.0,0.0,21.7902,9.9695,100.3059,0.4247,1.1819,0.4751,1.4385,0.0624,4.918,0.1846,0.0
80,5.835,histogram,pid,0,1,0,0.375,159.2077,11.0026,307.4128,-0.7923,-0.785,-0.0378,STOP,-0.0198,-0.0179,-0.0001,0.0,0.0,32.4799,10.3159,96.9377,0.5177,1.0957,0.438,1.4024,0.0572,5.4091,0.1693,0.0
81,5.9011,histogram,pid,0,1,0,0.375,159.2077,11.0026,307.4128,-0.7923,-0.7872,-0.0379,STOP,-0.0198,-0.018,-0.0001,0.0,0.0,45.2714,11.4901,87.0313,0.4298,3.0383,0.4423,1.6886,0.0512,4.6083,0.1567,48.0672
82,5.9109,histogram,pid,0,1,0,0.375,159.2353,11.0596,307.411,-0.7647,-0.7805,-0.0375,STOP,-0.0191,-0.0185,0.0001,0.0,0.0,16.1188,65.1751,15.3433,0.3884,1.0249,0.4334,1.5905,0.0627,4.6743,0.1588,0.0
83,5.9213,histogram,pid,0,1,0,0.375,159.2353,11.0596,307.411,-0.7647,-0.7757,-0.0376,STOP,-0.0191,-0.0185,0.0001,0.0,0.0,26.5219,10.079,99.2164,0.3963,1.0452,0.496,1.3728,0.055,5.1721,0.158,0.0
84,5.9324,histogram,pid,0,1,0,0.375,159.2353,11.0596,307.411,-0.7647,-0.7724,-0.0377,STOP,-0.0191,-0.0186,0.0001,0.0,0.0,37.5435,10.469,95.5203,0.4428,1.0752,0.9011,1.787,0.0417,4.885,0.1586,0.0
85,5.9981,histogram,pid,0,1,0,0.375,159.2353,11.0596,307.411,-0.7647,-0.7701,-0.0378,STOP,-0.0191,-0.0187,0.0,0.0,0.0,48.0272,10.7561,92.9709,0.4796,1.052,0.4308,1.5005,0.0599,5.3209,0.1669,47.9195
86,6.0072,histogram,pid,0,1,0,0.3736,159.2243,11.0357,307.4128,-0.7757,-0.7718,-0.0386,STOP,-0.0194,-0.0192,-0.0,0.0,0.0,16.6239,65.6466,15.2331,0.3993,1.1029,0.4103,1.3569,0.0491,4.2551,0.1517,0.0
87,6.0165,histogram,pid,0,1,0,0.3736,159.2243,11.0357,307.4128,-0.7757,-0.773,-0.0386,STOP,-0.0194,-0.0192,-0.0,0.0,0.0,25.9256,9.1053,109.8257,0.3959,1.0267,0.4625,1.3246,0.059,4.4666,0.1859,0.0
88,6.0272,histogram,pid,0,1,0,0.3736,159.2243,11.0357,307.4128,-0.7757,-0.7738,-0.0387,STOP,-0.0194,-0.0193,-0.0,0.0,0.0,36.6022,9.34,107.0661,0.4868,1.2122,0.536,1.3198,0.0481,5.4671,0.1673,0.0
89,6.0955,histogram,pid,0,1,0,0.3736,159.2243,11.0357,307.4128,-0.7757,-0.7744,-0.0388,STOP,-0.0194,-0.0194,-0.0,0.0,0.0,46.8699,10.6927,93.5215,0.4096,1.4743,0.4907,1.2067,0.0518,4.9859,0.161,51.383
90,6.1048,histogram,pid,0,1,0,0.375,159.2041,10.9926,307.4157,-0.7959,-0.7808,-0.0399,STOP,-0.0199,-0.0199,-0.0001,0.0,0.0,16.7947,68.3763,14.625,0.4261,1.1234,0.4255,1.0366,0.0482,4.5669,0.1552,0.0
91,6.1145,histogram,pid,0,1,0,0.375,159.2041,10.9926,307.4157,-0.7959,-0.7853,-0.0399,STOP,-0.0199,-0.0199,-0.0001,0.0,0.0,26.5003,9.1919,108.792,0.4404,1.0291,0.4112,1.0843,0.0495,5.0544,0.1512,0.0
92,6.1256,histogram,pid,0,1,0,0.375,159.2041,10.9926,307.4157,-0.7959,-0.7885,-0.04,STOP,-0.0199,-0.02,-0.0001,0.0,0.0,37.6086,10.3024,97.0651,0.797,1.3812,0.4245,1.2898,0.0514,4.9623,0.1647,0.0
93,6.1958,histogram,pid,0,1,0,0.375,159.2398,11.0698,307.4097,-0.7602,-0.78,-0.0379,STOP,-0.019,-0.0201,0.0012,0.0,0.0,20.6565,10.9605,91.2364,0.62,2.9834,0.4723,2.0369,0.0572,4.9104,0.1515,51.5519
94,6.2043,histogram,pid,0,1,0,0.375,159.2107,11.0072,307.4141,-0.7893,-0.7828,-0.0397,STOP,-0.0197,-0.0206,0.0007,0.0,0.0,18.8959,69.7278,14.3415,0.3919,0.7024,0.4275,0.9085,0.0553,4.4642,0.1399,0.0
95,6.2143,histogram,pid,0,1,0,0.375,159.2107,11.0072,307.4141,-0.7893,-0.7848,-0.0399,STOP,-0.0197,-0.0207,0.0005,0.0,0.0,28.8527,8.587,116.4556,0.5094,0.7777,0.4809,1.6193,0.0423,4.9508,0.1554,0.0
96,6.225,histogram,pid,0,1,0,0.375,159.2107,11.0072,307.4141,-0.7893,-0.7861,-0.0402,STOP,-0.0197,-0.0208,0.0003,0.0,0.0,39.5893,10.089,99.1181,0.4484,1.0674,0.4221,2.3619,0.0518,4.6394,0.1497,0.0
97,6.2958,histogram,pid,0,1,0,0.3764,159.2413,11.0789,307.4037,-0.7587,-0.7779,-0.0385,STOP,-0.019,-0.0208,0.0013,0.0,0.0,20.3811,10.6677,93.7407,0.415,1.0493,0.4338,1.3702,0.0547,5.1871,0.1642,53.0647
98,6.3077,histogram,pid,0,1,0,0.375,159.2293,11.0505,307.4082,-0.7707,-0.7757,-0.0398,STOP,-0.0193,-0.0213,0.0009,0.0,0.0,26.8383,70.7673,14.1308,0.4015,1.1341,0.4595,2.9964,0.0451,5.1707,0.1469,0.0
99,6.3173,histogram,pid,0,1,0,0.375,159.2429,11.0729,307.4128,-0.7571,-0.7701,-0.0393,STOP,-0.0189,-0.0214,0.001,0.0,0.0,11.0313,11.8267,84.5543,0.396,1.0878,0.4267,1.1631,0.0541,4.9389,0.1485,0.0
100,6.3267,histogram,pid,0,1,0,0.375,159.2429,11.0729,307.4128,-0.7571,-0.7662,-0.0397,STOP,-0.0189,-0.0215,0.0007,0.0,0.0,20.3373,9.5743,104.4458,0.3886,1.0091,0.3947,1.2447,0.047,4.6001,0.2329,0.0
101,6.3984,histogram,pid,0,1,0,0.375,159.2429,11.0729,307.4128,-0.7571,-0.7635,-0.04,STOP,-0.0189,-0.0216,0.0005,0.0,0.0,31.8329,9.5909,104.266,0.4089,1.0693,0.5232,1.7252,0.0562,5.7735,0.2389,52.4382
102,6.4079,histogram,pid,0,1,0,0.3764,159.2449,11.0821,307.4077,-0.7551,-0.761,-0.0406,STOP,-0.0189,-0.0221,0.0004,0.0,0.0,32.0677,72.0895,13.8717,0.4083,1.0426,0.5318,1.0616,0.0661,4.3078,0.1469,0.0
103,6.4174,histogram,pid,0,1,0,0.375,159.2305,11.0482,307.4128,-0.7695,-0.7635,-0.0417,STOP,-0.0192,-0.0221,-0.0003,0.0,0.0,17.8457,8.962,111.5821,0.5741,1.0599,0.4026,1.2558,0.0484,4.5461,0.1781,0.0
104,6.4283,histogram,pid,0,1,0,0.375,159.2305,11.0482,307.4128,-0.7695,-0.7653,-0.0417,STOP,-0.0192,-0.0222,-0.0002,0.0,0.0,28.7792,9.6544,103.5797,0.4258,1.9519,0.4429,1.4676,0.0656,4.7633,0.178,0.0
105,6.4999,histogram,pid,0,1,0,0.375,159.2305,11.0482,307.4128,-0.7695,-0.7666,-0.0417,STOP,-0.0192,-0.0223,-0.0002,0.0,0.0,39.2875,10.9867,91.0193,0.5054,1.1297,0.4295,1.1242,0.0543,5.393,0.1645,54.3507
106,6.5094,histogram,pid,0,1,0,0.375,159.2509,11.0814,307.4204,-0.7491,-0.7613,-0.0415,STOP,-0.0187,-0.0228,-0.0,0.0,0.0,17.1478,71.3387,14.0176,0.4003,1.0905,0.4186,1.0723,0.0568,4.8937,0.1866,0.0
107,6.5205,histogram,pid,0,1,0,0.375,159.2509,11.0814,307.4204,-0.7491,-0.7577,-0.0416,STOP,-0.0187,-0.0229,-0.0,0.0,0.0,28.2419,9.7564,102.4965,0.4235,1.0914,0.461,1.7092,0.0702,5.3862,0.2141,0.0
108,6.5355,histogram,pid,0,1,0,0.375,159.2509,11.0814,307.4204,-0.7491,-0.7551,-0.0417,STOP,-0.0187,-0.0229,-0.0,0.0,0.0,43.2237,11.0487,90.5087,0.5133,1.0885,0.6202,1.6865,0.0633,9.1633,0.1666,0.0
109,6.6076,histogram,pid,0,1,0,0.375,159.2509,11.0814,307.4204,-0.7491,-0.7533,-0.0418,STOP,-0.0187,-0.023,-0.0,0.0,0.0,53.6804,15.4261,64.8251,0.4232,1.093,0.4273,1.4146,0.0888,4.6415,0.1553,55.1785
110,6.6193,histogram,pid,0,1,0,0.375,159.2532,11.0924,307.4141,-0.7468,-0.7513,-0.0422,STOP,-0.0187,-0.0235,0.0,0.0,0.0,26.6487,71.9109,13.9061,0.4708,1.1206,0.4281,1.2868,0.083,6.1782,0.1605,0.0
111,6.6299,histogram,pid,0,1,0,0.375,159.2532,11.0924,307.4141,-0.7468,-0.75,-0.0423,STOP,-0.0187,-0.0236,0.0,0.0,0.0,37.3121,11.75,85.1063,0.7177,1.3377,0.4782,1.2368,0.0504,4.6437,0.1693,0.0
112,6.6403,histogram,pid,0,1,0,0.3778,159.1973,10.9907,307.404,-0.8027,-0.7658,-0.0458,STOP,-0.0201,-0.0237,-0.002,0.0,0.0,17.2243,10.2667,97.4024,0.4371,1.0767,0.4498,1.468,0.0602,5.0365,0.2115,0.0
113,6.7143,histogram,pid,0,1,0,0.3778,159.1973,10.9907,307.404,-0.8027,-0.7768,-0.0453,STOP,-0.0201,-0.0238,-0.0014,0.0,0.0,28.3702,10.3618,96.5079,0.5094,1.0558,0.4251,2.0413,0.0647,5.12,0.2017,56.5608
114,6.7256,histogram,pid,0,1,0,0.3736,159.2238,11.0334,307.4141,-0.7762,-0.7767,-0.0446,STOP,-0.0194,-0.0243,-0.0009,0.0,0.0,33.3594,74.5155,13.42,0.7592,1.4797,0.4344,1.5199,0.0528,4.8018,0.1605,0.0
115,6.7359,histogram,pid,0,1,0,0.3736,159.2465,11.0802,307.4128,-0.7535,-0.7697,-0.0431,STOP,-0.0188,-0.0244,0.0002,0.0,0.0,19.0437,10.8052,92.5483,0.4162,1.0631,0.4374,1.6246,0.0515,5.0068,0.1694,0.0
116,6.7468,histogram,pid,0,1,0,0.3736,159.2465,11.0802,307.4128,-0.7535,-0.7648,-0.0432,STOP,-0.0188,-0.0245,0.0001,0.0,0.0,29.9437,10.2829,97.2485,0.4001,1.3042,0.4925,1.4387,0.0538,5.5357,0.1535,0.0
117,6.8194,histogram,pid,0,1,0,0.3736,159.2465,11.0802,307.4128,-0.7535,-0.7614,-0.0433,STOP,-0.0188,-0.0246,0.0001,0.0,0.0,40.4016,11.7752,84.9245,0.6885,1.0879,0.4131,1.5568,0.0518,4.1523,0.1469,54.6952
118,6.8286,histogram,pid,0,1,0,0.375,159.2385,11.0729,307.404,-0.7615,-0.7615,-0.0441,STOP,-0.019,-0.0251,0.0,0.0,0.0,18.6729,71.6293,13.9608,0.3985,1.0792,0.4123,1.0872,0.0525,4.5091,0.2079,0.0
119,6.8387,histogram,pid,0,1,0,0.375,159.2385,11.0729,307.404,-0.7615,-0.7615,-0.0442,STOP,-0.019,-0.0251,0.0,0.0,0.0,28.808,9.2765,107.7994,0.4572,1.0509,0.4178,1.1709,0.0503,5.255,0.1507,0.0
120,6.8495,histogram,pid,0,1,0,0.375,159.2385,11.0729,307.404,-0.7615,-0.7615,-0.0442,STOP,-0.019,-0.0252,0.0,0.0,0.0,39.5445,11.6657,85.7215,0.6207,1.0286,0.4519,1.2812,0.0541,4.1193,0.149,0.0
121,6.9242,histogram,pid,0,1,0,0.375,159.2102,11.0076,307.4128,-0.7898,-0.77,-0.0462,STOP,-0.0197,-0.0253,-0.0011,0.0,0.0,16.3951,9.2311,108.3292,0.4049,1.0371,0.453,1.4662,0.0567,4.9089,0.2021,58.4828
122,6.9348,histogram,pid,0,1,0,0.375,159.2167,11.0206,307.4128,-0.7833,-0.774,-0.0462,STOP,-0.0196,-0.0258,-0.0008,0.0,0.0,15.9097,74.6574,13.3945,0.3915,1.1423,0.5064,1.8856,0.0404,5.0227,0.1452,0.0
123,6.9441,histogram,pid,0,1,0,0.375,159.2167,11.0206,307.4128,-0.7833,-0.7768,-0.046,STOP,-0.0196,-0.0259,-0.0005,0.0,0.0,25.2757,10.8129,92.4819,0.5888,1.2759,0.4153,1.126,0.0504,4.0838,0.1516,0.0
124,6.9552,histogram,pid,0,1,0,0.3736,159.2294,11.0477,307.411,-0.7706,-0.7749,-0.0451,STOP,-0.0193,-0.026,0.0002,0.0,0.0,18.3887,8.9766,111.4008,0.3967,2.2139,0.449,1.2486,0.0537,5.1341,0.1829,0.0
125,7.0315,histogram,pid,0,1,0,0.3736,159.2294,11.0477,307.411,-0.7706,-0.7737,-0.0452,STOP,-0.0193,-0.0261,0.0001,0.0,0.0,29.4018,11.4946,86.9974,0.4056,1.1755,0.5006,1.3207,0.0558,5.4638,0.2429,56.7933
126,7.0406,histogram,pid,0,1,0,0.3736,159.2391,11.0654,307.4128,-0.7609,-0.7698,-0.0455,STOP,-0.019,-0.0266,0.0001,0.0,0.0,12.1707,75.9902,13.1596,0.3975,1.0858,0.4202,1.3294,0.0547,4.2593,0.1454,0.0
127,7.0507,histogram,pid,0,1,0,0.3736,159.2391,11.0654,307.4128,-0.7609,-0.7672,-0.0456,STOP,-0.019,-0.0267,0.0001,0.0,0.0,22.215,9.0882,110.0327,0.4666,1.0291,0.4055,1.298,0.0528,5.1762,0.1827,0.0
128,7.0635,histogram,pid,0,1,0,0.3736,159.2391,11.0654,307.4128,-0.7609,-0.7653,-0.0457,STOP,-0.019,-0.0267,0.0001,0.0,0.0,34.9753,10.0463,99.5389,0.3848,1.0137,0.3978,1.5704,0.049,7.6957,0.1911,0.0
129,7.1419,histogram,pid,0,1,0,0.3736,159.2391,11.0654,307.4128,-0.7609,-0.764,-0.0458,STOP,-0.019,-0.0268,0.0,0.0,0.0,46.8513,13.617,73.4378,0.796,1.3154,0.6841,1.6505,0.0618,4.5693,0.1686,61.2078
130,7.1516,histogram,pid,0,1,0,0.3736,159.2354,11.0568,307.4141,-0.7646,-0.7641,-0.0465,STOP,-0.0191,-0.0274,0.0,0.0,0.0,24.9246,77.7487,12.862,0.3996,1.0064,0.4005,1.1637,0.0657,4.9591,0.1649,0.0
131,7.1635,histogram,pid,0,1,0,0.3736,159.2354,11.0568,307.4141,-0.7646,-0.7643,-0.0466,STOP,-0.0191,-0.0275,0.0,0.0,0.0,36.8334,9.7643,102.4139,0.4104,1.0803,1.068,1.5517,0.067,5.8772,0.1809,0.0
132,7.174,histogram,pid,0,1,0,0.3736,159.2354,11.0568,307.4141,-0.7646,-0.7644,-0.0467,STOP,-0.0191,-0.0275,0.0,0.0,0.0,47.2235,12.0811,82.7739,0.4201,1.1039,0.4317,1.5409,0.0564,4.8032,0.2022,0.0
133,7.2522,histogram,pid,0,1,0,0.3722,159.2459,11.079,307.4128,-0.7541,-0.7613,-0.0461,STOP,-0.0189,-0.0276,0.0004,0.0,0.0,19.7723,10.2505,97.5558,0.4062,1.0463,0.4201,1.7845,0.053,4.588,0.1583,60.6064
134,7.2621,histogram,pid,0,1,0,0.3736,159.2496,11.0953,307.404,-0.7504,-0.758,-0.0466,STOP,-0.0188,-0.0282,0.0003,0.0,0.0,16.7147,78.0745,12.8083,0.3943,1.0985,0.4162,2.1335,0.0534,4.1785,0.224,0.0
135,7.2713,histogram,pid,0,1,0,0.3736,159.2496,11.0953,307.404,-0.7504,-0.7557,-0.0468,STOP,-0.0188,-0.0282,0.0002,0.0,0.0,25.9333,9.8881,101.1312,0.3942,1.0113,0.3925,1.1956,0.048,4.6395,0.1495,0.0
136,7.2844,histogram,pid,0,1,0,0.3736,159.2496,11.0953,307.404,-0.7504,-0.7541,-0.0469,STOP,-0.0188,-0.0283,0.0001,0.0,0.0,38.9697,9.4021,106.3591,0.428,1.5067,0.9156,1.5584,0.0795,6.708,0.1454,0.0
137,7.3666,histogram,pid,0,1,0,0.375,159.2369,11.0656,307.4082,-0.7631,-0.7568,-0.0478,STOP,-0.0191,-0.0284,-0.0003,0.0,0.0,11.8031,12.8335,77.9211,0.39,1.167,0.3972,2.0245,0.0507,4.8295,0.185,65.7682
138,7.3783,histogram,pid,0,1,0,0.3722,159.257,11.1043,307.4097,-0.743,-0.7527,-0.0476,STOP,-0.0186,-0.029,-0.0001,0.0,0.0,34.9783,82.3959,12.1365,0.4192,1.3967,0.7454,2.3033,0.0477,5.1274,0.1655,0.0
139,7.3885,histogram,pid,0,1,0,0.3736,159.2092,11.0056,307.4128,-0.7908,-0.7641,-0.0504,STOP,-0.0198,-0.0291,-0.0016,0.0,0.0,12.3521,11.7199,85.3249,0.4206,1.0225,0.4337,1.8969,0.0559,4.6395,0.1631,0.0
140,7.3993,histogram,pid,0,1,0,0.3736,159.2092,11.0056,307.4128,-0.7908,-0.7721,-0.05,STOP,-0.0198,-0.0291,-0.0011,0.0,0.0,23.0916,10.1168,98.8456,0.4828,1.0552,0.4289,2.0101,0.0507,4.9048,0.202,0.0
141,7.4789,histogram,pid,0,1,0,0.3736,159.2092,11.0056,307.4128,-0.7908,-0.7777,-0.0498,STOP,-0.0198,-0.0292,-0.0008,0.0,0.0,35.4029,11.9254,83.8545,0.7159,1.4028,0.5077,2.1766,0.0429,4.6868,0.1611,59.8671
142,7.4886,histogram,pid,0,1,0,0.3736,159.2199,11.0246,307.4153,-0.7801,-0.7784,-0.0498,STOP,-0.0195,-0.0298,-0.0005,0.0,0.0,19.1991,78.4628,12.7449,0.3975,1.0292,0.4842,1.4254,0.0598,4.6534,0.1645,0.0
143,7.4996,histogram,pid,0,1,0,0.3736,159.2199,11.0246,307.4153,-0.7801,-0.7789,-0.0497,STOP,-0.0195,-0.0299,-0.0003,0.0,0.0,30.2661,9.6729,103.3817,0.5033,1.0553,0.423,1.5661,0.0577,5.8379,0.1445,0.0
144,7.5111,histogram,pid,0,1,0,0.3736,159.2199,11.0246,307.4153,-0.7801,-0.7792,-0.0497,STOP,-0.0195,-0.03,-0.0002,0.0,0.0,41.7135,11.6323,85.9675,0.6499,2.2518,0.4212,1.1203,0.1127,4.7089,0.1589,0.0
145,7.5891,histogram,pid,0,1,0,0.3764,159.1782,10.936,307.4204,-0.8218,-0.792,-0.0522,STOP,-0.0205,-0.03,-0.0016,0.0,0.0,18.4294,10.8825,91.8905,0.4119,0.6713,0.4062,1.3764,0.0523,4.839,0.1618,62.9267
146,7.5995,histogram,pid,0,1,0,0.375,159.1849,10.957,307.4128,-0.8151,-0.7989,-0.0521,STOP,-0.0204,-0.0306,-0.0011,0.0,0.0,22.3236,78.247,12.78,0.5997,1.3626,0.4424,1.7561,0.0479,4.3191,0.156,0.0
147,7.6095,histogram,pid,0,1,0,0.3736,159.229,11.0451,307.4128,-0.771,-0.7906,-0.0491,STOP,-0.0193,-0.0307,0.0009,0.0,0.0,17.0208,10.2246,97.8038,0.4184,1.2071,0.448,1.5111,0.0516,4.6649,0.185,0.0
148,7.62,histogram,pid,0,1,0,0.3736,159.229,11.0451,307.4128,-0.771,-0.7847,-0.0495,STOP,-0.0193,-0.0308,0.0006,0.0,0.0,27.4783,10.0612,99.3915,0.4126,1.1807,0.4773,1.8333,0.0619,4.7643,0.1587,0.0
149,7.7016,histogram,pid,0,1,0,0.3736,159.229,11.0451,307.4128,-0.771,-0.7806,-0.0497,STOP,-0.0193,-0.0309,0.0004,0.0,0.0,37.7178,10.3623,96.5041,0.4025,1.125,0.8332,1.5301,0.0435,4.5412,0.2085,64.2247
150,7.7133,histogram,pid,0,1,0,0.3778,159.2179,11.0154,307.4204,-0.7821,-0.781,-0.0508,STOP,-0.0196,-0.0315,0.0002,0.0,0.0,27.8142,81.714,12.2378,0.3919,1.0195,0.3987,3.5429,0.0523,4.5864,0.173,0.0
151,7.7245,histogram,pid,0,1,0,0.3778,159.2179,11.0154,307.4204,-0.7821,-0.7814,-0.0509,STOP,-0.0196,-0.0315,0.0002,0.0,0.0,38.9959,12.0362,83.0827,0.6119,1.4659,0.4483,1.6741,0.0454,4.8833,0.167,0.0
152,7.7336,histogram,pid,0,1,0,0.375,159.1933,10.9724,307.4141,-0.8067,-0.789,-0.0525,STOP,-0.0202,-0.0316,-0.0008,0.0,0.0,15.8241,10.6171,94.1877,0.444,1.0664,0.3977,1.2403,0.0479,4.4178,0.1745,0.0
153,7.8148,histogram,pid,0,1,0,0.375,159.1933,10.9724,307.4141,-0.8067,-0.7943,-0.0524,STOP,-0.0202,-0.0317,-0.0005,0.0,0.0,25.7314,9.3611,106.8254,0.3891,1.0228,0.4018,1.4384,0.0739,4.7737,0.1734,64.3726
154,7.8242,histogram,pid,0,1,0,0.375,159.236,11.0591,307.4128,-0.764,-0.7852,-0.0515,STOP,-0.0191,-0.0323,-0.0002,0.0,0.0,11.5795,80.9857,12.3479,0.3924,1.0071,0.4096,1.2247,0.049,4.8199,0.1584,0.0
155,7.8342,histogram,pid,0,1,0,0.375,159.236,11.0591,307.4128,-0.764,-0.7789,-0.0516,STOP,-0.0191,-0.0323,-0.0001,0.0,0.0,21.5898,9.5722,104.4691,0.4026,1.0882,0.4284,1.3355,0.0504,4.8916,0.1989,0.0
156,7.8481,histogram,pid,0,1,0,0.375,159.236,11.0591,307.4128,-0.764,-0.7744,-0.0516,STOP,-0.0191,-0.0324,-0.0001,0.0,0.0,35.4753,10.0611,99.3931,0.4081,1.0608,0.4601,5.1613,0.0446,4.8156,0.1631,0.0
157,7.9293,histogram,pid,0,1,0,0.3764,159.2227,11.0281,307.4173,-0.7773,-0.7753,-0.0524,STOP,-0.0194,-0.0325,-0.0004,0.0,0.0,11.3437,13.7437,72.7607,0.3896,1.1107,0.4389,1.2857,0.0512,4.5269,0.1628,64.5045
158,7.9398,histogram,pid,0,1,0,0.3736,159.23,11.062,307.3979,-0.77,-0.7737,-0.0526,STOP,-0.0193,-0.0331,-0.0003,0.0,0.0,28.348,81.3661,12.2901,0.3865,1.0497,0.4164,1.7548,0.0477,5.1567,0.1451,0.0
159,7.9516,histogram,pid,0,1,0,0.3736,159.23,11.062,307.3979,-0.77,-0.7726,-0.0526,STOP,-0.0193,-0.0332,-0.0002,0.0,0.0,40.0349,10.626,94.1087,1.1942,1.0698,1.0505,1.6815,0.055,4.6419,0.2831,0.0
160,7.9643,histogram,pid,0,1,0,0.3778,159.2087,11.0058,307.4115,-0.7913,-0.7782,-0.0539,STOP,-0.0198,-0.0333,-0.0008,0.0,0.0,19.7496,11.3777,87.8915,0.386,1.0655,0.4112,4.0364,0.0539,5.1333,0.2651,0.0
161,8.052,histogram,pid,0,1,0,0.3778,159.2087,11.0058,307.4115,-0.7913,-0.7822,-0.0537,STOP,-0.0198,-0.0334,-0.0006,0.0,0.0,31.686,13.4372,74.4201,0.8456,1.1101,1.3517,1.4473,0.0486,4.9129,0.1735,69.947
162,8.0639,histogram,pid,0,1,0,0.375,159.2387,11.0646,307.4128,-0.7613,-0.7759,-0.0533,STOP,-0.019,-0.034,-0.0003,0.0,0.0,27.6449,87.2304,11.4639,0.3989,1.1029,0.4355,2.1654,0.0519,5.8872,0.2276,0.0
163,8.0743,histogram,pid,0,1,0,0.375,159.2387,11.0646,307.4128,-0.7613,-0.7715,-0.0533,STOP,-0.019,-0.0341,-0.0002,0.0,0.0,38.0777,11.78,84.8896,0.4197,1.1806,0.4406,1.1724,0.0585,5.2963,0.257,0.0
164,8.0863,histogram,pid,0,1,0,0.375,159.2387,11.0646,307.4128,-0.7613,-0.7685,-0.0533,STOP,-0.019,-0.0341,-0.0001,0.0,0.0,50.095,10.7234,93.254,0.4336,1.0666,0.4205,2.609,0.0494,5.1758,0.1908,0.0
165,8.1712,histogram,pid,0,1,0,0.3764,159.2188,11.0447,307.3929,-0.7812,-0.7723,-0.0545,STOP,-0.0195,-0.0342,-0.0007,0.0,0.0,18.0382,11.8331,84.5085,0.4335,1.9451,1.1624,1.9913,0.058,4.7576,0.1617,65.3065
166,8.1807,histogram,pid,0,1,0,0.375,159.2381,11.0544,307.4217,-0.7619,-0.7692,-0.0543,STOP,-0.019,-0.0348,-0.0004,0.0,0.0,17.9414,84.9187,11.776,0.3936,1.0961,0.4303,1.2117,0.0515,4.5845,0.1542,0.0
167,8.1908,histogram,pid,0,1,0,0.375,159.2381,11.0544,307.4217,-0.7619,-0.767,-0.0543,STOP,-0.019,-0.0349,-0.0003,0.0,0.0,27.9362,9.5016,105.245,0.4231,1.0169,0.4022,1.1488,0.0493,5.1922,0.1576,0.0
168,8.2015,histogram,pid,0,1,0,0.375,159.2381,11.0544,307.4217,-0.7619,-0.7655,-0.0542,STOP,-0.019,-0.035,-0.0002,0.0,0.0,38.7,10.8545,92.1277,0.633,1.5071,0.4272,1.2516,0.0485,4.2983,0.1685,0.0
169,8.2957,histogram,pid,0,1,0,0.375,159.19,10.9596,307.4204,-0.81,-0.7788,-0.0573,STOP,-0.0202,-0.0351,-0.0019,0.0,0.0,16.5045,9.9845,100.1552,0.4215,1.0328,0.4057,1.3126,0.0528,5.0051,0.166,70.135
170,8.3111,histogram,pid,1,1,0,0.375,159.2389,11.0636,307.4141,-0.7611,-0.7735,-0.0197,STRAIGHT,-0.019,-0.0007,0.0,71.3475,73.1206,29.1166,94.3106,10.6033,0.4536,2.1309,0.4952,2.2219,0.0511,7.2233,0.3533,0.0
171,8.3275,histogram,pid,1,1,0,0.375,159.2389,11.0636,307.4141,-0.7611,-0.7698,-0.0198,STRAIGHT,-0.019,-0.0008,0.0,71.3409,73.1241,45.5662,15.8664,63.0263,0.5488,1.3461,0.5105,2.5796,0.0444,8.6439,0.1618,0.0
172,8.3533,histogram,pid,1,1,0,0.375,159.2505,11.0942,307.4068,-0.7495,-0.7637,-0.0193,STRAIGHT,-0.0187,-0.0009,0.0003,71.368,73.1095,27.8488,15.4927,64.5466,0.4202,5.248,0.7886,7.2118,0.0892,10.2344,0.1693,0.0
173,8.4505,histogram,pid,1,1,0,0.375,159.2505,11.0942,307.4068,-0.7495,-0.7594,-0.0196,STRAIGHT,-0.0187,-0.0011,0.0002,71.3521,73.1181,46.5992,26.679,37.4827,0.4378,1.0666,0.4447,1.8105,0.0567,11.7284,0.2333,71.4154
174,8.4599,histogram,pid,1,1,0,0.4472,159.2816,11.1425,307.4207,-0.7184,-0.7471,-0.0194,STRAIGHT,-0.018,-0.0017,0.0003,71.3631,73.1122,17.1482,96.5049,10.3622,0.3927,1.0281,0.4082,1.4521,0.0504,4.2086,0.1445,0.0
175,8.471,histogram,pid,1,1,0,0.4472,159.2816,11.1425,307.4207,-0.7184,-0.7385,-0.0196,STRAIGHT,-0.018,-0.0018,0.0002,71.3548,73.1166,28.1998,9.604,104.1235,0.5206,1.0504,0.412,1.6559,0.0555,4.9922,0.1535,0.0
176,8.4809,histogram,pid,1,1,0,0.4472,159.2816,11.1425,307.4207,-0.7184,-0.7325,-0.0197,STRAIGHT,-0.018,-0.0019,0.0001,71.3474,73.1206,38.0745,10.7528,92.9988,0.4012,1.1756,0.6473,1.5026,0.0477,4.314,0.1437,0.0
177,8.5677,histogram,pid,1,1,0,0.4514,159.3265,11.1818,307.4711,-0.6735,-0.7148,-0.017,STRAIGHT,-0.0168,-0.0019,0.0018,71.5054,73.0355,15.2962,10.0129,99.8713,0.4028,1.0175,0.4028,1.4103,0.0496,4.2138,0.1944,71.9437
178,8.5841,histogram,pid,1,1,0,0.4083,159.3018,11.1016,307.502,-0.6982,-0.7098,-0.0188,STRAIGHT,-0.0175,-0.0025,0.0011,71.3989,73.0929,83.4978,86.6346,11.5427,0.3873,1.2943,5.6935,2.7944,0.039,4.5829,0.1457,0.0
179,8.5958,histogram,pid,1,1,0,0.4542,159.3359,11.1926,307.4792,-0.6641,-0.6961,-0.0176,STRAIGHT,-0.0166,-0.0026,0.0016,71.4681,73.0556,13.7135,16.5152,60.5502,0.3987,1.2416,0.6546,1.9326,0.0744,5.6219,0.1466,0.0
180,8.6091,histogram,pid,1,1,0,0.4542,159.3359,11.1926,307.4792,-0.6641,-0.6865,-0.0182,STRAIGHT,-0.0166,-0.0027,0.0011,71.4361,73.0729,26.9213,12.4505,80.3179,0.7111,1.2576,1.8154,1.6852,0.0636,4.7658,0.161,0.0
181,8.7068,histogram,pid,1,1,0,0.4625,159.3482,11.2069,307.4895,-0.6518,-0.6761,-0.0179,STRAIGHT,-0.0163,-0.0028,0.0011,71.4516,73.0645,16.6162,12.7145,78.6505,0.4208,1.1433,0.4345,1.4115,0.1165,5.2862,0.2126,80.2215
182,8.7173,histogram,pid,1,1,0,0.4861,159.442,11.3936,307.4903,-0.558,-0.6407,-0.0161,STRAIGHT,-0.014,-0.0033,0.0012,71.5601,73.0061,28.1426,97.5968,10.2462,0.3877,1.0163,0.4039,1.8399,0.0521,4.7727,0.2035,0.0
183,8.7288,histogram,pid,1,1,0,0.4861,159.442,11.3936,307.4903,-0.558,-0.6159,-0.0165,STRAIGHT,-0.014,-0.0033,0.0008,71.5365,73.0188,39.7151,11.0073,90.8492,0.6912,1.1022,0.4261,1.1292,0.0517,4.7557,0.1498,0.0
184,8.7439,histogram,pid,1,1,0,0.4903,159.3189,11.1964,307.4413,-0.6811,-0.6355,-0.0239,STRAIGHT,-0.017,-0.0034,-0.0035,71.1003,73.2537,17.1575,11.3615,88.0168,0.519,1.2258,0.4155,1.7586,0.0516,8.6836,0.1718,0.0
185,8.839,histogram,pid,1,1,0,0.4903,159.3189,11.1964,307.4413,-0.6811,-0.6492,-0.023,STRAIGHT,-0.017,-0.0035,-0.0024,71.1562,73.2236,29.1775,14.8295,67.4333,0.4534,1.1379,0.4452,1.9963,0.051,5.9014,0.1695,77.3012
186,8.8501,histogram,pid,1,1,0,0.4722,159.141,11.2565,307.0255,-0.859,-0.7121,-0.0282,STRAIGHT,-0.0215,-0.0043,-0.0024,70.8532,73.3868,29.8456,95.0648,10.5191,0.4024,1.0443,0.4906,2.4175,0.043,4.7241,0.1501,0.0
187,8.8609,histogram,pid,1,1,0,0.4722,159.141,11.2565,307.0255,-0.859,-0.7562,-0.0275,STRAIGHT,-0.0215,-0.0043,-0.0017,70.8902,73.3668,40.6858,11.3134,88.3904,0.5602,2.1638,0.4221,1.2742,0.0508,4.2138,0.1432,0.0
188,8.8706,histogram,pid,1,1,0,0.4875,159.3183,11.3741,307.2625,-0.6817,-0.7338,-0.0163,STRAIGHT,-0.017,-0.0044,0.0052,71.5469,73.0132,17.0339,10.4742,95.4723,0.3903,1.0119,0.4083,1.3909,0.0511,4.6268,0.1698,0.0
189,8.9727,histogram,pid,1,1,0,0.4875,159.3183,11.3741,307.2625,-0.6817,-0.7182,-0.0179,STRAIGHT,-0.017,-0.0045,0.0036,71.4526,73.064,29.6071,9.7546,102.5162,0.402,1.2497,0.5139,3.2421,0.0443,5.3197,0.152,81.0985
190,8.9832,histogram,pid,1,1,0,0.4389,159.3452,11.2516,307.4388,-0.6548,-0.6992,-0.0188,STRAIGHT,-0.0164,-0.0051,0.0026,71.3976,73.0936,31.0634,102.0302,9.801,0.7314,1.8213,0.4108,1.1218,0.0483,4.4512,0.1508,0.0
191,8.9927,histogram,pid,1,1,0,0.4694,159.293,11.1626,307.4233,-0.707,-0.7015,-0.0229,STRAIGHT,-0.0177,-0.0052,-0.0,71.1625,73.2202,16.8912,10.5747,94.5653,0.4028,1.0153,0.4441,1.5507,0.0475,4.2156,0.1507,0.0
192,9.0039,histogram,pid,1,1,0,0.4694,159.293,11.1626,307.4233,-0.707,-0.7032,-0.0229,STRAIGHT,-0.0177,-0.0052,-0.0,71.159,73.2221,28.0904,9.4317,106.0255,0.5014,1.2407,0.4377,1.3015,0.063,5.8821,0.1451,0.0
193,9.097,histogram,pid,1,1,0,0.4694,159.293,11.1626,307.4233,-0.707,-0.7043,-0.023,STRAIGHT,-0.0177,-0.0053,-0.0,71.1547,73.2244,40.5699,11.4219,87.5508,0.4976,2.4461,0.4274,2.3751,0.0544,4.6621,0.169,74.1683
194,9.1098,histogram,pid,1,1,0,0.4861,159.1515,11.2648,307.0383,-0.8485,-0.7476,-0.0278,STRAIGHT,-0.0212,-0.0061,-0.0006,70.8714,73.377,30.9902,93.2861,10.7197,0.4468,0.7004,0.5102,4.4548,0.0455,4.3926,0.1519,0.0
195,9.1205,histogram,pid,1,1,0,0.5056,159.2135,11.3371,307.0899,-0.7865,-0.7593,-0.0243,STRAIGHT,-0.0197,-0.0061,0.0015,71.0759,73.2668,17.84,12.434,80.4246,0.4157,1.1079,0.4284,1.5308,0.0596,5.1552,0.2166,0.0
196,9.1336,histogram,pid,1,1,0,0.5056,159.2135,11.3371,307.0899,-0.7865,-0.7674,-0.0249,STRAIGHT,-0.0197,-0.0062,0.001,71.0455,73.2832,30.9575,10.8413,92.2401,0.4984,1.0558,0.4382,4.0567,0.0421,5.0485,0.1524,0.0
197,9.2252,histogram,pid,1,1,0,0.5056,159.2135,11.3371,307.0899,-0.7865,-0.7732,-0.0253,STRAIGHT,-0.0197,-0.0063,0.0007,71.0217,73.296,41.8963,13.3087,75.1386,0.4607,1.1001,0.4331,2.1947,0.039,4.4978,0.1762,72.4515
198,9.2352,histogram,pid,1,1,0,0.4583,159.1142,11.2263,307.0021,-0.8858,-0.807,-0.0291,STRAIGHT,-0.0221,-0.0071,0.0001,70.7957,73.4177,10.8108,91.2411,10.96,0.399,1.0312,0.3953,2.0547,0.0535,4.216,0.1508,0.0
199,9.2449,histogram,pid,1,1,0,0.4583,159.1142,11.2263,307.0021,-0.8858,-0.8306,-0.0292,STRAIGHT,-0.0221,-0.0072,0.0001,70.7892,73.4212,20.4567,9.9013,100.9971,0.4052,1.0151,0.4559,1.4555,0.0517,4.2427,0.2783,0.0
200,9.2554,histogram,pid,1,1,0,0.4583,159.1142,11.2263,307.0021,-0.8858,-0.8472,-0.0293,STRAIGHT,-0.0221,-0.0073,0.0,70.783,73.4245,31.0876,10.3093,96.9999,0.4105,1.2601,0.4545,1.4543,0.0529,4.5718,0.1495,0.0
201,9.352,histogram,pid,1,1,0,0.4583,159.1142,11.2263,307.0021,-0.8858,-0.8588,-0.0295,STRAIGHT,-0.0221,-0.0073,0.0,70.777,73.4278,43.4193,10.7464,93.0547,0.8428,1.1653,0.6892,2.3722,0.0508,4.626,0.1644,77.5136
202,9.3622,histogram,pid,1,1,0,0.4375,159.3835,11.4625,307.3045,-0.6165,-0.7861,-0.0222,STRAIGHT,-0.0154,-0.0079,0.0011,71.1993,73.2004,30.5869,96.0717,10.4089,0.4165,1.1439,0.4625,1.1542,0.0542,4.7869,0.1878,0.0
203,9.3727,histogram,pid,1,1,0,0.4556,159.3976,11.3228,307.4724,-0.6024,-0.731,-0.0217,STRAIGHT,-0.0151,-0.008,0.0013,71.2286,73.1846,19.9677,10.0348,99.6536,0.4104,1.0905,0.424,1.4631,0.0852,5.0068,0.2071,0.0
204,9.3828,histogram,pid,1,1,0,0.4556,159.3976,11.3228,307.4724,-0.6024,-0.6924,-0.0222,STRAIGHT,-0.0151,-0.008,0.0009,71.2027,73.1985,30.0938,10.4153,96.0123,0.4754,1.0472,0.4579,1.5754,0.0527,4.6613,0.1565,0.0
205,9.4752,histogram,pid,1,1,0,0.4556,159.3976,11.3228,307.4724,-0.6024,-0.6654,-0.0225,STRAIGHT,-0.0151,-0.0081,0.0006,71.1832,73.209,41.5616,11.4596,87.2627,0.8422,1.3204,0.7407,1.0858,0.0467,4.2197,0.1921,72.7023
206,9.4842,histogram,pid,1,1,0,0.4194,159.3388,11.1456,307.532,-0.6612,-0.6641,-0.025,STRAIGHT,-0.0165,-0.0086,0.0002,71.039,73.2867,9.1759,90.9673,10.993,0.3965,1.0192,0.4535,1.0115,0.0481,4.3405,0.148,0.0
207,9.4931,histogram,pid,1,1,0,0.4194,159.3388,11.1456,307.532,-0.6612,-0.6633,-0.0251,STRAIGHT,-0.0165,-0.0087,0.0001,71.0323,73.2903,18.088,9.0021,111.0857,0.4001,1.0895,0.4183,0.9863,0.056,4.2231,0.1537,0.0
208,9.5029,histogram,pid,1,1,0,0.4194,159.3388,11.1456,307.532,-0.6612,-0.6627,-0.0252,STRAIGHT,-0.0165,-0.0088,0.0001,71.0267,73.2933,27.8319,8.9057,112.2875,0.4087,1.2318,0.5162,1.2845,0.0619,4.402,0.1452,0.0
209,9.5969,histogram,pid,1,1,0,0.4194,159.3388,11.1456,307.532,-0.6612,-0.6622,-0.0253,STRAIGHT,-0.0165,-0.0088,0.0001,71.0214,73.2962,38.1745,9.9098,100.9101,0.4292,1.0441,0.5603,1.3085,0.0593,4.9783,0.1792,77.1109
210,9.6089,histogram,pid,1,1,0,0.3833,159.5503,11.7866,307.3141,-0.4497,-0.5985,-0.0196,STRAIGHT,-0.0112,-0.0092,0.0009,71.3556,73.1162,30.1513,94.2453,10.6106,0.4488,1.0474,0.4371,2.0916,0.0611,5.6745,0.1695,0.0
211,9.6206,histogram,pid,1,1,0,0.3833,159.5503,11.7866,307.3141,-0.4497,-0.5538,-0.0199,STRAIGHT,-0.0112,-0.0093,0.0006,71.3369,73.1263,41.9132,12.5544,79.6532,0.4531,1.8802,0.7994,1.1051,0.0485,4.7657,0.1514,0.0
212,9.6315,histogram,pid,1,1,0,0.3736,159.7325,11.8678,307.5972,-0.2675,-0.4679,-0.0093,STRAIGHT,-0.0067,-0.0093,0.0067,71.958,72.7918,18.204,10.8809,91.9042,0.4746,1.4278,0.4605,1.5293,0.0601,4.993,0.1643,0.0
213,9.7226,histogram,pid,1,1,0,0.3736,159.7325,11.8678,307.5972,-0.2675,-0.4078,-0.0113,STRAIGHT,-0.0067,-0.0093,0.0047,71.8385,72.8562,29.404,11.5913,86.2715,0.7754,1.0472,0.4477,1.5786,0.0393,4.514,0.1593,71.9289
214,9.7359,histogram,pid,1,1,0,0.1333,85.0769,11.9948,158.159,-74.9231,-22.7624,-1.0,LEFT,-1.8731,-0.0093,-0.306,67.5,100.0,33.2875,90.5273,11.0464,0.6911,1.1468,0.8181,2.3094,0.0583,6.324,0.1734,0.0
215,9.7464,histogram,pid,1,1,0,0.1333,85.0769,11.9948,158.159,-74.9231,-38.4106,-1.0,LEFT,-1.8731,-0.0093,-0.2142,67.5,100.0,43.7409,13.3601,74.8497,0.4132,1.0749,0.4088,1.5549,0.0489,4.9047,0.2373,0.0
216,9.757,histogram,pid,1,1,0,0.1917,85.3513,12.0192,158.6835,-74.6487,-49.282,-1.0,LEFT,-1.8662,-0.0093,-0.1398,67.5,100.0,20.4956,10.2008,98.032,0.4092,1.2445,0.42,1.4139,0.1044,5.1202,0.2037,0.0
217,9.853,histogram,pid,1,1,0,0.1917,85.3513,12.0192,158.6835,-74.6487,-56.892,-1.0,LEFT,-1.8662,-0.0093,-0.0979,67.5,100.0,32.6987,11.8177,84.6187,0.4409,1.0436,0.4248,1.912,0.0534,5.3387,0.1944,77.6369
218,9.8649,histogram,pid,1,1,0,0.4639,109.4232,59.8299,159.0165,-50.5768,-54.9975,-1.0,LEFT,-1.2644,-0.0093,0.0257,67.5,100.0,41.624,95.7606,10.4427,0.7678,1.1636,0.425,1.345,0.0584,5.2976,0.1873,0.0
219,9.8757,histogram,pid,1,1,0,0.525,92.0504,25.0691,159.0317,-67.9496,-58.8831,-1.0,LEFT,-1.6987,-0.0093,-0.5679,67.5,100.0,19.0373,11.1195,89.9322,0.4127,1.0277,0.4317,1.3221,0.0577,5.5749,0.1897,0.0
220,9.8871,histogram,pid,1,1,0,0.525,92.0504,25.0691,159.0317,-67.9496,-61.6031,-1.0,LEFT,-1.6987,-0.0093,-0.3975,67.5,100.0,30.4428,10.7482,93.0389,0.4128,1.1908,0.4707,1.6675,0.0534,5.7185,0.1681,0.0
221,9.9819,histogram,pid,1,1,0,0.525,92.0504,25.0691,159.0317,-67.9496,-63.507,-1.0,LEFT,-1.6987,-0.0093,-0.2783,67.5,100.0,41.0467,11.7395,85.1822,0.6678,1.3715,0.4494,1.1997,0.0506,4.6762,0.1674,75.5763
222,9.9896,histogram,pid,1,0,0,0.0,0.0,,,0.0,-44.4549,-1.0,HOLD,-1.6987,-0.0093,-0.2783,67.5,100.0,10.61,94.33,10.6011,0.4053,1.0661,0.4097,1.1104,0.0544,3.0708,0.009,0.0
223,9.9974,histogram,pid,1,0,0,0.0,0.0,,,0.0,-31.1184,-1.0,HOLD,-1.6987,-0.0093,-0.2783,67.5,100.0,18.3703,7.8045,128.1317,0.3988,1.0195,0.407,1.051,0.0531,3.0843,0.011,0.0
224,10.006,histogram,pid,1,0,0,0.0,0.0,,,0.0,-21.7829,-1.0,HOLD,-1.6987,-0.0093,-0.2783,67.5,100.0,26.9649,7.8047,128.1275,0.4223,1.6512,0.4599,1.1651,0.0656,3.017,0.0071,0.0
225,10.1088,histogram,pid,1,0,0,0.0,0.0,,,0.0,-15.248,-1.0,HOLD,-1.6987,-0.0093,-0.2783,67.5,100.0,38.0286,8.6594,115.482,0.7879,1.5573,0.5007,2.1919,0.053,3.9537,0.0082,83.8012
226,10.12,histogram,pid,1,1,0,0.2597,92.3061,29.7991,154.8131,-67.6939,-30.9818,-1.0,LEFT,-1.6923,-0.0093,-0.1938,67.5,100.0,11.8455,102.8658,9.7214,0.4447,1.0512,0.4447,1.8777,0.057,5.2262,0.1905,0.0
227,10.1311,histogram,pid,1,1,0,0.2597,92.3061,29.7991,154.8131,-67.6939,-41.9954,-1.0,LEFT,-1.6923,-0.0093,-0.1357,67.5,100.0,22.9475,11.0952,90.1293,0.4235,1.235,0.4889,1.2431,0.0579,5.6891,0.1848,0.0
228,10.1442,histogram,pid,1,1,0,0.2597,92.3061,29.7991,154.8131,-67.6939,-49.705,-1.0,LEFT,-1.6923,-0.0093,-0.095,67.5,100.0,36.1105,11.3454,88.1416,0.4319,2.103,0.5204,2.2227,0.0925,5.616,0.1789,0.0
229,10.2418,histogram,pid,1,1,0,0.2597,92.3061,29.7991,154.8131,-67.6939,-55.1016,-1.0,LEFT,-1.6923,-0.0093,-0.0665,67.5,100.0,46.2376,13.0768,76.4712,0.4603,1.0369,0.4443,1.4331,0.0521,4.5764,0.2293,79.9736
230,10.2513,histogram,pid,1,1,0,0.4264,159.7574,11.5595,307.9553,-0.2426,-38.6439,0.1979,RIGHT,-0.0061,-0.0095,0.2135,78.7329,60.9247,17.9278,97.2791,10.2797,0.3954,1.023,0.4077,1.2926,0.0496,4.4213,0.2054,0.0
231,10.2622,histogram,pid,1,1,0,0.4264,159.7574,11.5595,307.9553,-0.2426,-27.1235,0.1338,RIGHT,-0.0061,-0.0096,0.1494,76.7148,64.6724,28.8568,9.5148,105.0992,0.4046,1.1059,0.433,1.4186,0.0495,5.6239,0.1503,0.0
232,10.2767,histogram,pid,1,1,0,0.4264,159.7574,11.5595,307.9553,-0.2426,-19.0593,0.0889,RIGHT,-0.0061,-0.0096,0.1046,75.3018,67.2967,43.4282,13.296,75.2107,0.8495,1.5315,1.0858,1.8527,0.0664,4.93,0.1541,0.0
233,10.3835,histogram,pid,1,1,0,0.3375,158.3194,8.8005,307.8382,-1.6806,-13.8457,-0.0218,STRAIGHT,-0.042,-0.0098,0.03,71.2258,73.1861,12.3772,12.4824,80.1128,0.4286,1.0456,0.432,1.3714,0.066,4.676,0.1586,90.3162
234,10.3952,histogram,pid,1,1,0,0.1139,158.8956,11.0474,306.7438,-1.1044,-10.0233,-0.0155,STRAIGHT,-0.0276,-0.0109,0.023,71.5953,72.9872,31.4413,106.7634,9.3665,0.4482,1.5796,0.8714,1.6679,0.0585,4.6608,0.1605,0.0
235,10.4051,histogram,pid,1,1,0,0.1319,158.6982,11.2769,306.1195,-1.3018,-7.4068,-0.0339,STRAIGHT,-0.0325,-0.011,0.0097,70.5183,73.5671,15.401,11.5186,86.8161,0.4101,1.1007,0.4428,1.2385,0.0521,4.6565,0.15,0.0
236,10.4156,histogram,pid,1,1,0,0.1319,158.6982,11.2769,306.1195,-1.3018,-5.5753,-0.0369,STRAIGHT,-0.0325,-0.0112,0.0068,70.341,73.6626,25.9214,9.8203,101.8295,0.4335,1.0754,0.4798,1.3753,0.0627,4.9627,0.219,0.0
237,10.5112,histogram,pid,1,1,0,0.1319,158.6982,11.2769,306.1195,-1.3018,-4.2932,-0.0391,STRAIGHT,-0.0325,-0.0113,0.0048,70.214,73.7309,36.728,10.859,92.0893,0.4094,1.1944,0.5989,1.2313,0.0531,5.1137,0.1553,77.0221
238,10.5204,histogram,pid,1,1,0,0.1444,157.2518,11.4006,303.103,-2.7482,-3.8297,-0.0848,LEFT,-0.0687,-0.0137,-0.0024,67.5383,75.1717,9.6773,95.1451,10.5103,0.3986,1.0246,0.4611,1.0932,0.0503,4.4256,0.1491,0.0
239,10.5296,histogram,pid,1,1,0,0.1444,157.2518,11.4006,303.103,-2.7482,-3.5053,-0.0843,LEFT,-0.0687,-0.014,-0.0017,67.566,75.1568,18.8415,9.2299,108.3439,0.4421,1.025,0.4024,1.1012,0.0555,4.3454,0.1462,0.0
240,10.5402,histogram,pid,1,1,0,0.1444,157.2518,11.4006,303.103,-2.7482,-3.2781,-0.0841,LEFT,-0.0687,-0.0142,-0.0012,67.5814,75.1485,29.3962,9.1671,109.0856,0.3908,1.0036,0.4035,2.0315,0.0549,4.685,0.2545,0.0
241,10.6427,histogram,pid,1,1,0,0.1444,157.2518,11.4006,303.103,-2.7482,-3.1191,-0.084,LEFT,-0.0687,-0.0145,-0.0008,67.5843,75.1469,40.8714,11.5822,86.3394,0.4341,1.0729,0.4334,1.1898,0.0515,5.3802,0.1731,84.387
242,10.655,histogram,pid,1,1,0,0.1694,152.9435,11.5364,294.3506,-7.0565,-4.3003,-0.2141,LEFT,-0.1764,-0.0212,-0.0165,59.9742,79.2447,16.8598,101.5882,9.8437,0.4226,2.0972,0.4612,1.5892,0.282,5.4993,0.1658,0.0
243,10.6679,histogram,pid,1,1,0,0.1694,152.9435,11.5364,294.3506,-7.0565,-5.1272,-0.21,LEFT,-0.1764,-0.0221,-0.0115,60.2147,79.1152,29.7563,12.5498,79.6826,0.4795,1.5522,0.5666,1.6818,0.0515,5.8842,0.1645,0.0
244,10.6855,histogram,pid,1,1,0,0.1694,152.9435,11.5364,294.3506,-7.0565,-5.706,-0.2074,LEFT,-0.1764,-0.0229,-0.0081,60.3673,79.033,47.3786,12.8612,77.7533,0.4574,1.6512,2.1938,2.7472,0.0374,5.8601,0.1977,0.0
245,10.7877,histogram,pid,1,1,0,0.1083,159.8596,11.5509,308.1683,-0.1404,-4.0363,0.1156,RIGHT,-0.0035,-0.0229,0.1421,76.1424,65.7356,18.9571,17.5563,56.9597,0.3912,1.0941,0.3934,1.8825,0.0521,4.2765,0.1477,81.1742
246,10.7994,histogram,pid,1,1,1,0.1533,136.7502,11.7555,,-23.2498,-9.8004,-0.6119,LEFT,-0.5812,-0.0452,0.0145,63.2978,91.7757,35.2759,101.9887,9.805,0.3953,1.5874,0.4721,2.4616,0.0443,4.7635,0.1598,0.0
247,10.8077,histogram,pid,1,1,1,0.1533,136.7502,11.7555,,-23.2498,-13.8352,-0.6188,LEFT,-0.5812,-0.0477,0.0101,63.7008,91.9927,43.6359,11.6747,85.6549,0.4879,1.0411,0.4096,0.83,0.0503,3.7511,0.1476,0.0
248,10.8164,histogram,pid,1,1,1,0.13,136.5938,11.5991,,-23.4062,-16.7065,-0.6347,LEFT,-0.5852,-0.0495,-0.0,64.6302,92.4932,15.2028,8.2259,121.5669,0.3893,1.105,0.4023,0.8748,0.0559,3.9862,0.2487,0.0
249,10.9292,histogram,pid,1,1,1,0.13,136.5938,11.5991,,-23.4062,-18.7164,-0.6367,LEFT,-0.5852,-0.0515,-0.0,64.7448,92.5549,28.3852,8.9778,111.3853,0.6079,1.2019,0.4452,3.2104,0.0502,5.644,0.1771,93.7949
250,10.9385,histogram,pid,1,1,1,0.1633,136.6358,11.641,,-23.3642,-20.1107,-0.6602,LEFT,-0.5841,-0.0762,0.0001,66.12,93.2954,16.9131,112.7829,8.8666,0.4254,1.093,0.4292,1.7498,0.0497,3.4829,0.1887,0.0
251,10.9479,histogram,pid,1,1,1,0.1633,136.6358,11.641,,-23.3642,-21.0868,-0.6622,LEFT,-0.5841,-0.0782,0.0001,66.2398,93.3599,26.1615,9.1809,108.9216,0.4134,1.139,0.5123,1.4737,0.0503,3.7497,0.1845,0.0
252,10.9609,histogram,pid,1,1,1,0.1633,136.6358,11.641,,-23.3642,-21.77,-0.6643,LEFT,-0.5841,-0.0803,0.0001,66.3626,93.426,39.3281,9.4584,105.7266,0.4295,1.2752,0.4529,5.6172,0.0366,3.1015,0.1555,0.0
253,11.0655,histogram,pid,1,1,0,0.0347,85.1487,11.5155,158.7818,-74.8513,-37.6944,-1.0,LEFT,-1.8713,-0.0803,-1.5013,67.5,100.0,13.708,12.8606,77.757,0.4013,1.0988,0.3964,1.1842,0.0597,4.8315,0.1643,85.4962
254,11.0777,histogram,pid,1,1,0,0.0431,84.5729,10.8909,158.2549,-75.4271,-49.0142,-1.0,LEFT,-1.8857,-0.0803,-1.0529,67.5,100.0,23.588,104.8246,9.5397,0.4308,1.5863,0.4477,1.4387,0.0581,6.2411,0.1757,0.0
255,11.089,histogram,pid,1,1,0,0.0431,84.5729,10.8909,158.2549,-75.4271,-56.9381,-1.0,LEFT,-1.8857,-0.0803,-0.7371,67.5,100.0,34.9347,12.4727,80.175,0.8362,1.0673,0.4392,1.8051,0.0585,4.855,0.1714,0.0
256,11.0999,histogram,pid,1,1,0,0.0139,83.3624,12.4443,154.2805,-76.6376,-62.8479,-1.0,LEFT,-1.9159,-0.0803,-0.5559,67.5,100.0,18.6968,11.3545,88.0705,0.4348,1.166,0.4098,1.0946,0.0548,5.2949,0.2285,0.0
257,11.2055,histogram,pid,1,1,0,0.0139,83.3624,12.4443,154.2805,-76.6376,-66.9848,-1.0,LEFT,-1.9159,-0.0803,-0.3891,67.5,100.0,29.9457,10.573,94.5807,0.4168,1.3405,0.4896,1.1793,0.0582,5.7239,0.1805,88.3121
258,11.2157,histogram,pid,1,1,1,0.0758,124.0064,10.8911,,-35.9936,-57.6874,-1.0,LEFT,-0.8998,-0.0803,-0.1286,67.5,100.0,34.0738,105.9757,9.4361,0.4244,1.1807,0.421,1.5064,0.0447,3.8907,0.1914,0.0
259,11.2249,histogram,pid,1,1,1,0.0758,124.0064,10.8911,,-35.9936,-51.1793,-1.0,LEFT,-0.8998,-0.0803,-0.09,67.5,100.0,43.2099,9.9736,100.2645,0.4209,1.1006,0.4343,1.0907,0.0539,3.6397,0.2408,0.0
260,11.2331,histogram,pid,1,1,1,0.0867,124.8951,11.7797,,-35.1049,-46.357,-0.9867,LEFT,-0.8776,-0.0832,-0.0258,67.5,100.0,16.8091,8.966,111.5322,0.4253,1.052,0.4375,1.1845,0.0576,3.133,0.1628,0.0
261,11.3333,histogram,pid,1,1,1,0.0867,124.8951,11.7797,,-35.1049,-42.9814,-0.9816,LEFT,-0.8776,-0.0859,-0.0181,67.5,100.0,26.783,8.1622,122.5164,0.4129,1.2623,0.6248,1.4986,0.0687,4.1556,0.1588,82.0824
262,11.3417,histogram,pid,1,1,1,0.0567,124.2768,11.1615,,-35.7232,-40.8039,-0.994,LEFT,-0.8931,-0.0859,-0.015,67.5,100.0,11.9412,100.2085,9.9792,0.398,1.0442,0.4128,1.3135,0.0582,3.1746,0.1742,0.0
263,11.3507,histogram,pid,1,1,1,0.0567,124.2768,11.1615,,-35.7232,-39.2797,-0.9923,LEFT,-0.8931,-0.0887,-0.0105,67.5,100.0,20.9026,8.3134,120.2874,0.3986,1.0358,0.4136,1.4792,0.0522,3.4219,0.4056,0.0
264,11.3593,histogram,pid,1,1,1,0.0567,124.2768,11.1615,,-35.7232,-38.2127,-0.9922,LEFT,-0.8931,-0.0918,-0.0073,67.5,100.0,29.5571,9.136,109.4575,0.3979,1.3258,0.4695,1.0093,0.0559,3.4315,0.153,0.0
265,11.4719,histogram,pid,1,1,1,0.0567,124.2768,11.1615,,-35.7232,-37.4659,-0.9928,LEFT,-0.8931,-0.0946,-0.0051,67.5,100.0,45.5004,8.3819,119.3053,2.8941,3.6564,0.7333,1.6275,0.0651,5.1942,0.1814,90.6137
266,11.4808,histogram,pid,1,1,1,0.0167,122.2185,9.1032,,-37.7815,-37.5605,-1.0,LEFT,-0.9445,-0.0946,-0.0104,67.5,100.0,11.9675,112.8247,8.8633,0.4198,1.1537,0.4381,1.375,0.0519,3.492,0.1918,0.0
267,11.4903,histogram,pid,1,1,1,0.0167,122.2185,9.1032,,-37.7815,-37.6268,-1.0,LEFT,-0.9445,-0.0946,-0.0073,67.5,100.0,21.421,8.8881,112.5099,0.4331,1.0728,0.4473,1.4147,0.0536,4.0065,0.2477,0.0
268,11.4997,histogram,pid,1,1,1,0.0167,122.2185,9.1032,,-37.7815,-37.6732,-1.0,LEFT,-0.9445,-0.0946,-0.0051,67.5,100.0,30.8475,9.7796,102.2541,1.0089,1.0942,0.4325,1.359,0.0614,3.1933,0.1868,0.0
269,11.6025,histogram,pid,1,1,1,0.0125,120.4291,7.3138,,-39.5709,-38.2425,-1.0,LEFT,-0.9893,-0.0946,-0.077,67.5,100.0,15.3538,9.1387,109.425,0.4081,1.0832,0.4391,1.2973,0.0509,3.1549,0.1745,86.8837
270,11.6117,histogram,pid,1,1,1,0.2442,194.9193,,308.0346,34.9193,-16.294,0.9964,RIGHT,0.873,-0.0946,0.218,100.0,67.5,30.7752,102.7485,9.7325,0.4002,1.0359,0.4173,1.2993,0.0598,4.0726,0.1811,0.0
271,11.6206,histogram,pid,1,1,1,0.2442,194.9193,,308.0346,34.9193,-0.93,0.9341,RIGHT,0.873,-0.0915,0.1526,100.0,67.5,39.6971,9.4536,105.7796,1.0084,1.0526,0.4108,1.0443,0.0472,3.2338,0.1553,0.0
272,11.6292,histogram,pid,1,1,0,0.0069,157.5186,7.8063,307.2309,-2.4814,-1.3954,-1.0,LEFT,-0.062,-0.0915,-1.5451,67.5,100.0,14.9615,8.4904,117.7801,0.4623,1.0241,0.4037,1.0111,0.0538,3.9146,0.1737,0.0
273,11.7406,histogram,pid,1,1,0,0.0069,157.5186,7.8063,307.2309,-2.4814,-1.7212,-1.0,LEFT,-0.062,-0.0915,-1.0816,67.5,100.0,24.9153,8.6822,115.1779,0.3987,1.0505,0.4685,1.1689,0.0593,4.9517,0.1919,95.1712
274,11.751,histogram,pid,1,1,0,0.2292,234.1823,162.0141,306.3505,74.1823,21.0498,1.0,RIGHT,1.8546,-0.0915,-0.4994,100.0,67.5,14.651,111.5565,8.9641,0.4435,1.1034,0.4448,1.3872,0.0522,4.813,0.1923,0.0
275,11.7613,histogram,pid,1,1,0,0.2292,234.1823,162.0141,306.3505,74.1823,36.9896,1.0,RIGHT,1.8546,-0.0915,-0.3496,100.0,67.5,24.9722,10.2306,97.7455,0.4236,1.0231,0.461,1.3451,0.0552,5.1173,0.1905,0.0
276,11.7755,histogram,pid,1,1,0,0.2292,234.1823,162.0141,306.3505,74.1823,48.1474,1.0,RIGHT,1.8546,-0.0915,-0.2447,100.0,67.5,39.2149,10.4756,95.46,0.4481,1.068,0.4645,4.8032,0.0479,5.3151,0.1811,0.0
277,11.882,histogram,pid,1,1,0,0.3083,226.3434,160.3802,292.3066,66.3434,53.6062,1.0,RIGHT,1.6586,-0.0915,-0.3809,100.0,67.5,15.1026,14.0268,71.2923,0.4129,1.1094,0.422,1.2952,0.0485,4.7572,0.1763,89.3081
278,11.8922,histogram,pid,1,1,0,0.2875,226.4425,160.5931,292.2918,66.4425,57.4571,1.0,RIGHT,1.6611,-0.0915,-0.2663,100.0,67.5,32.2529,106.5587,9.3845,0.407,1.0635,0.4504,1.2429,0.0669,5.0798,0.2136,0.0
279,11.9031,histogram,pid,1,1,0,0.2875,226.4425,160.5931,292.2918,66.4425,60.1527,1.0,RIGHT,1.6611,-0.0915,-0.1864,100.0,67.5,43.1339,10.5962,94.3733,0.6656,1.3733,0.4696,1.2003,0.0494,4.907,0.1751,0.0
280,11.9125,histogram,pid,1,1,0,0.1819,233.6195,161.3741,305.865,73.6195,64.1928,1.0,RIGHT,1.8405,-0.0915,0.1286,100.0,67.5,16.6027,10.388,96.265,0.3956,0.6818,0.4069,1.2579,0.0492,4.8974,0.1659,0.0
281,12.023,histogram,pid,1,1,0,0.1819,233.6195,161.3741,305.865,73.6195,67.0208,1.0,RIGHT,1.8405,-0.0915,0.09,100.0,67.5,26.3922,9.373,106.6889,0.4584,0.7771,0.4097,1.1722,0.0495,5.0509,0.2654,94.8656
282,12.0336,histogram,pid,1,1,0,0.0222,157.6058,7.3066,307.9051,-2.3942,46.1963,-0.3481,LEFT,-0.0599,-0.094,-0.1943,52.1342,83.4662,32.2438,110.763,9.0283,0.4146,1.0936,0.7392,1.2005,0.0535,5.045,0.167,0.0
283,12.0436,histogram,pid,1,1,0,0.0222,157.6058,7.3066,307.9051,-2.3942,31.6192,-0.2901,LEFT,-0.0599,-0.0942,-0.136,55.5309,81.6372,42.2858,10.4796,95.4239,0.4067,1.0364,0.4257,1.1629,0.1082,4.9336,0.1716,0.0
284,12.0562,histogram,pid,1,1,0,0.0264,160.9559,9.4769,312.4348,0.9559,22.4202,-0.0408,STRAIGHT,0.0239,-0.0941,0.0294,70.1139,73.7848,17.8986,10.0798,99.2087,0.436,1.2673,0.8193,1.2512,0.0523,6.1073,0.2807,0.0
285,12.1627,histogram,pid,1,1,1,0.0167,118.5583,10.5542,,-41.4417,3.2616,-1.0,LEFT,-1.036,-0.0941,-1.2532,67.5,100.0,11.2601,12.4814,80.1192,0.4008,1.0955,0.4497,1.4407,0.0769,4.0491,0.1931,89.7874
286,12.1715,histogram,pid,1,1,1,0.0317,116.3733,8.3692,,-43.6267,-10.8049,-1.0,LEFT,-1.0907,-0.0941,-0.8849,67.5,100.0,16.9214,106.678,9.374,0.3843,1.0558,0.4784,1.3539,0.051,3.3512,0.2162,0.0
287,12.1807,histogram,pid,1,1,1,0.0317,116.3733,8.3692,,-43.6267,-20.6514,-1.0,LEFT,-1.0907,-0.0941,-0.6195,67.5,100.0,26.1815,8.5432,117.052,0.4037,1.2342,0.6359,1.1494,0.0446,3.9838,0.1828,0.0
288,12.1889,histogram,pid,1,1,1,0.0317,116.3733,8.3692,,-43.6267,-27.544,-1.0,LEFT,-1.0907,-0.0941,-0.4336,67.5,100.0,34.3659,9.528,104.9539,0.4186,1.0098,0.3918,1.0024,0.0481,3.2545,0.1794,0.0
289,12.3002,histogram,pid,1,1,1,0.025,119.1118,11.1078,,-40.8882,-31.5473,-1.0,LEFT,-1.0222,-0.0941,-0.1813,67.5,100.0,16.3351,8.4001,119.0456,0.5062,1.1471,0.4187,0.9499,0.0467,3.3148,0.2116,95.9297
290,12.3104,histogram,pid,1,1,1,0.0517,119.672,11.6679,,-40.328,-34.1815,-1.0,LEFT,-1.0082,-0.0941,-0.125,67.5,100.0,33.054,111.3055,8.9843,1.0688,1.0534,0.4357,1.2288,0.0568,3.8704,0.275,0.0
291,12.3186,histogram,pid,1,1,1,0.0633,119.6034,11.5993,,-40.3966,-36.046,-1.0,LEFT,-1.0099,-0.0941,-0.0901,67.5,100.0,12.5707,9.7723,102.3299,0.4162,0.6814,0.4071,1.2354,0.054,3.5512,0.2107,0.0
292,12.3276,histogram,pid,1,1,1,0.0633,119.6034,11.5993,,-40.3966,-37.3512,-1.0,LEFT,-1.0099,-0.0941,-0.0631,67.5,100.0,21.5017,8.2671,120.9619,0.416,1.0343,0.4154,1.4601,0.068,3.5281,0.1872,0.0
293,12.4384,histogram,pid,1,1,1,0.0633,119.6034,11.5993,,-40.3966,-38.2649,-1.0,LEFT,-1.0099,-0.0941,-0.0442,67.5,100.0,32.1007,8.9451,111.7932,0.4337,1.3071,0.4806,1.922,0.0687,4.392,0.1733,92.7271
294,12.4465,histogram,pid,1,1,1,0.0458,118.9178,10.9138,,-41.0822,-39.11,-1.0,LEFT,-1.0271,-0.0941,-0.0332,67.5,100.0,16.4931,110.7657,9.0281,0.4036,1.0181,0.3985,1.1897,0.0468,3.2166,0.1907,0.0
295,12.455,histogram,pid,1,1,1,0.0458,118.9178,10.9138,,-41.0822,-39.7017,-1.0,LEFT,-1.0271,-0.0941,-0.0233,67.5,100.0,24.9651,8.1229,123.1095,0.4175,1.0065,0.3931,1.3256,0.059,3.3754,0.1789,0.0
296,12.4646,histogram,pid,1,1,1,0.0458,118.9178,10.9138,,-41.0822,-40.1158,-1.0,LEFT,-1.0271,-0.0941,-0.0163,67.5,100.0,34.6309,8.3887,119.2075,0.3995,1.0326,0.4697,2.074,0.0636,3.8038,0.1848,0.0
297,12.5763,histogram,pid,1,1,1,0.0458,118.9178,10.9138,,-41.0822,-40.4057,-1.0,LEFT,-1.0271,-0.0941,-0.0114,67.5,100.0,44.1574,9.9573,100.4287,0.406,1.0107,0.3979,2.5066,0.0554,3.0515,0.1795,95.8513
298,12.5864,histogram,pid,1,1,1,0.0283,117.2651,9.261,,-42.7349,-41.1045,-1.0,LEFT,-1.0684,-0.0941,-0.0135,67.5,100.0,18.877,111.5789,8.9623,0.4994,1.4909,0.4935,1.4083,0.0553,4.0425,0.2555,0.0
299,12.5958,histogram,pid,1,1,1,0.0283,117.2651,9.261,,-42.7349,-41.5936,-1.0,LEFT,-1.0684,-0.0941,-0.0095,67.5,100.0,28.2755,10.3847,96.2954,1.0529,1.126,0.4423,1.1655,0.0529,3.2557,0.189,0.0
300,12.6049,histogram,pid,1,1,0,0.0347,158.3782,6.9742,309.7821,-1.6218,-29.6021,1.0,RIGHT,-0.0405,-0.0942,1.7164,100.0,67.5,10.9166,8.9481,111.7562,0.4241,1.0937,0.4286,1.2387,0.0505,3.9868,0.2033,0.0
301,12.7157,histogram,pid,1,1,0,0.0347,158.3782,6.9742,309.7821,-1.6218,-21.208,1.0,RIGHT,-0.0405,-0.0944,1.2015,100.0,67.5,21.4089,9.4873,105.4038,0.4298,1.2278,0.4404,1.1293,0.0603,4.9379,0.1666,92.9356
302,12.7246,histogram,pid,1,1,1,0.6,149.3223,,261.5579,-10.6777,-18.0489,0.4379,RIGHT,-0.2669,-0.1054,0.8102,86.2932,53.1159,17.0993,110.358,9.0614,0.4039,1.1977,0.4015,1.7369,0.0493,3.3154,0.16,0.0
303,12.7329,histogram,pid,1,1,1,0.6,149.3223,,261.5579,-10.6777,-15.8375,0.1939,RIGHT,-0.2669,-0.1063,0.5672,78.6083,61.1561,25.4039,8.9115,112.214,0.4477,1.0186,0.3972,1.2032,0.0486,3.4002,0.1577,0.0
304,12.7416,histogram,pid,1,1,1,0.6,149.3223,,261.5579,-10.6777,-14.2896,0.0229,STRAIGHT,-0.2669,-0.1071,0.397,73.2224,71.1584,34.0879,8.2785,120.7952,0.4107,1.0276,0.4206,1.3644,0.0515,3.5673,0.168,0.0
305,12.8603,histogram,pid,1,1,1,0.6,149.3223,,261.5579,-10.6777,-13.206,-0.0972,LEFT,-0.2669,-0.1082,0.2779,66.8117,75.563,48.1281,10.6263,94.1059,0.6966,3.9388,0.4289,1.3257,0.0694,3.7566,0.1883,98.5231
306,12.8702,histogram,pid,1,1,1,0.0067,117.4019,5.1664,,-42.5981,-22.0236,-1.0,LEFT,-1.065,-0.1082,0.0922,67.5,100.0,33.598,116.9844,8.5482,0.6039,1.6613,0.4355,1.1342,0.052,3.9326,0.1857,0.0
307,12.8794,histogram,pid,1,1,1,0.0067,117.4019,5.1664,,-42.5981,-28.196,-1.0,LEFT,-1.065,-0.1082,0.0646,67.5,100.0,42.8376,10.7079,93.3887,0.6048,1.0862,0.4207,1.0637,0.0596,3.1662,0.1923,0.0
308,12.8877,histogram,pid,1,1,1,0.015,119.5917,7.3562,,-40.4083,-31.8597,-0.9775,LEFT,-1.0102,-0.1114,0.1441,67.5,100.0,14.7821,8.3016,120.4587,0.4131,1.1091,0.4306,1.1361,0.0873,3.1576,0.2031,0.0
309,12.9986,histogram,pid,1,1,1,0.015,119.5917,7.3562,,-40.4083,-34.4242,-1.0,LEFT,-1.0102,-0.1114,0.1009,67.5,100.0,24.1948,8.6227,115.9724,0.472,1.0785,0.4367,1.2972,0.086,3.7695,0.1954,94.1373
310,13.0042,histogram,pid,1,0,0,0.0,0.0,,,0.0,-24.097,-1.0,HOLD,-1.0102,-0.1114,0.1009,67.5,100.0,13.8213,110.5622,9.0447,0.399,1.0072,0.4041,1.1445,0.0525,0.8282,0.0089,0.0
311,13.0095,histogram,pid,1,0,0,0.0,0.0,,,0.0,-16.8679,-1.0,HOLD,-1.0102,-0.1114,0.1009,67.5,100.0,19.1902,5.4764,182.6012,0.4016,1.071,0.3996,0.9721,0.0483,0.8468,0.0086,0.0
312,13.016,histogram,pid,1,0,0,0.0,0.0,,,0.0,-11.8075,-1.0,HOLD,-1.0102,-0.1114,0.1009,67.5,100.0,25.605,5.4396,183.8356,0.407,1.0705,0.4094,1.8875,0.0515,0.8939,0.0072,0.0
313,13.1307,histogram,pid,1,0,0,0.0,0.0,,,0.0,-8.2653,-1.0,HOLD,-1.0102,-0.1114,0.1009,67.5,100.0,32.4668,6.4422,155.2268,0.4054,1.0971,0.418,1.8262,0.0455,0.9881,0.0073,101.7183
314,13.1399,histogram,pid,1,1,1,0.4917,196.0455,,308.2811,36.0455,5.028,1.0,RIGHT,0.9011,-0.1114,0.3202,100.0,67.5,16.3628,114.8712,8.7054,0.4185,1.0506,0.5006,1.307,0.0553,3.8249,0.2035,0.0
315,13.1498,histogram,pid,1,1,1,0.4917,196.0455,,308.2811,36.0455,14.3332,1.0,RIGHT,0.9011,-0.1114,0.2241,100.0,67.5,26.1454,9.1901,108.8123,0.423,1.1661,0.4954,1.5357,0.0702,3.9668,0.255,0.0
316,13.1599,histogram,pid,1,1,1,0.4917,196.0455,,308.2811,36.0455,20.8469,0.95,RIGHT,0.9011,-0.108,0.1569,100.0,67.5,36.3362,9.8148,101.8873,0.4256,1.1578,0.4729,2.1333,0.0432,3.9762,0.1685,0.0
317,13.2752,histogram,pid,1,1,1,0.4917,196.0455,,308.2811,36.0455,25.4065,0.9068,RIGHT,0.9011,-0.1041,0.1098,100.0,67.5,46.6739,11.5529,86.5585,0.5796,1.0436,0.4147,1.1108,0.0584,3.5156,0.2037,96.9869
318,13.2834,histogram,pid,1,1,1,0.6,140.8206,,253.0561,-19.1794,12.0307,-0.7092,LEFT,-0.4795,-0.1246,-0.1051,67.5,94.8403,9.0485,113.7765,8.7892,0.4011,1.0166,0.4529,1.0606,0.0521,3.4562,0.1505,0.0
319,13.2918,histogram,pid,1,1,1,0.6,140.8206,,253.0561,-19.1794,2.6677,-0.6791,LEFT,-0.4795,-0.1261,-0.0736,67.2302,93.8932,17.4415,8.2055,121.8701,0.3996,1.1484,0.4236,1.249,0.0499,3.3431,0.1665,0.0
320,13.3014,histogram,pid,1,1,1,0.6,140.8206,,253.0561,-19.1794,-3.8865,-0.6586,LEFT,-0.4795,-0.1276,-0.0515,66.0262,93.2449,27.0665,8.3306,120.0392,0.3982,1.1759,0.4379,1.9617,0.0672,3.8202,0.1478,0.0
321,13.4245,histogram,pid,1,1,1,0.6,140.8206,,253.0561,-19.1794,-8.4744,-0.6449,LEFT,-0.4795,-0.1293,-0.0361,65.2252,92.8136,38.0678,9.8036,102.0037,0.3999,1.0638,0.3966,1.9706,0.0614,5.1652,0.1752,105.5376
322,13.4354,histogram,pid,1,1,1,0.44,195.2719,,307.5075,35.2719,4.6495,0.9338,RIGHT,0.8818,-0.0886,0.1406,100.0,67.5,34.2495,123.0913,8.1241,0.4946,1.0696,0.4423,1.9613,0.0649,4.7013,0.1915,0.0
323,13.4449,histogram,pid,1,1,1,0.44,195.2719,,307.5075,35.2719,13.8363,0.8955,RIGHT,0.8818,-0.0847,0.0985,100.0,67.5,43.8085,11.7327,85.2321,0.6407,1.0281,0.4042,1.1367,0.0499,3.5145,0.1665,0.0
324,13.4533,histogram,pid,1,1,1,0.5225,194.761,,306.9966,34.761,20.1137,0.834,RIGHT,0.869,-0.0819,0.0469,98.7717,67.5,14.9005,8.7039,114.8905,0.4055,1.0293,0.4289,1.1647,0.0481,3.3043,0.1845,0.0
325,13.5674,histogram,pid,1,1,1,0.5225,194.761,,306.9966,34.761,24.5079,0.8226,RIGHT,0.869,-0.0792,0.0328,98.4127,67.5,23.2785,8.2073,121.8431,0.3951,1.4044,0.4122,1.1513,0.0459,3.1095,0.1571,98.388
326,13.5765,histogram,pid,1,1,0,0.0236,152.8299,7.2188,298.441,-7.1701,15.0045,-0.3809,LEFT,-0.1793,-0.0869,-0.1148,0.0,84.4989,17.3643,114.1572,8.7599,0.3983,1.4164,0.4147,0.8266,0.0576,4.1999,0.1459,0.0
327,13.5865,histogram,pid,1,1,0,0.0236,152.8299,7.2188,298.441,-7.1701,8.3521,-0.3471,LEFT,-0.1793,-0.0875,-0.0803,52.1947,83.4336,27.2817,9.0731,110.2165,0.4507,1.463,0.4624,1.2662,0.0492,4.3017,0.2311,0.0
328,13.602,histogram,pid,1,1,0,0.0236,152.8299,7.2188,298.441,-7.1701,3.6955,-0.3237,LEFT,-0.1793,-0.0883,-0.0562,53.5611,82.6978,42.847,11.0358,90.6138,0.6038,5.0764,0.4772,1.6438,0.0495,4.7375,0.1691,0.0
329,13.7258,histogram,pid,1,1,0,0.0431,158.4313,9.1187,307.7439,-1.5687,2.1162,-0.0223,STRAIGHT,-0.0392,-0.0885,0.1054,71.1956,73.2024,17.4146,14.5111,68.9126,0.4029,2.0887,0.505,1.2377,0.0552,4.5913,0.1576,106.0753
330,13.7355,histogram,pid,1,1,0,0.0375,158.6972,8.7435,308.6509,-1.3028,1.0905,-0.048,STRAIGHT,-0.0326,-0.09,0.0746,69.6936,74.0111,10.0574,123.7713,8.0794,0.4294,1.0602,0.4211,1.5049,0.0553,4.3494,0.1898,0.0
331,13.7459,histogram,pid,1,1,0,0.0375,158.6972,8.7435,308.6509,-1.3028,0.3725,-0.0705,STRAIGHT,-0.0326,-0.0901,0.0522,68.3777,74.7197,20.4108,9.8548,101.4738,0.4352,1.1845,0.4547,1.9327,0.0641,4.1903,0.162,0.0
332,13.7562,histogram,pid,1,1,0,0.0375,158.6972,8.7435,308.6509,-1.3028,-0.13,-0.0863,LEFT,-0.0326,-0.0902,0.0365,67.454,75.2171,30.7423,10.5177,95.0776,0.7164,1.2399,0.4338,1.3033,0.0674,4.4266,0.151,0.0
333,13.884,histogram,pid,1,1,0,0.0375,158.6972,8.7435,308.6509,-1.3028,-0.4819,-0.0973,LEFT,-0.0326,-0.0904,0.0256,66.8054,75.5663,39.9669,10.1249,98.7662,0.4028,1.0647,0.4002,1.5327,0.0497,3.769,0.1685,111.253
334,13.8939,histogram,pid,1,1,0,0.0208,159.421,6.8495,311.9925,-0.579,-0.511,-0.0855,LEFT,-0.0145,-0.091,0.02,67.4987,75.193,18.1605,127.6737,7.8325,0.3963,1.0937,0.4145,2.1362,0.0521,3.8512,0.1856,0.0
335,13.9074,histogram,pid,1,1,0,0.0208,159.421,6.8495,311.9925,-0.579,-0.5314,-0.0916,LEFT,-0.0145,-0.0911,0.014,67.144,75.384,31.6889,9.9022,100.9881,0.4052,1.2322,0.4179,2.5918,0.055,6.6163,0.1446,0.0
336,13.9189,histogram,pid,1,1,0,0.0139,158.8191,5.1887,312.4495,-1.1809,-0.7263,-0.1277,LEFT,-0.0295,-0.0913,-0.0069,65.0292,76.5227,15.2641,13.4771,74.2,0.3994,1.1432,0.4871,3.8487,0.0503,3.765,0.1846,0.0
337,14.0415,histogram,pid,1,1,0,0.0139,158.8191,5.1887,312.4495,-1.1809,-0.8626,-0.1258,LEFT,-0.0295,-0.0914,-0.0049,65.1434,76.4612,24.9226,11.5715,86.4191,0.4182,1.1312,0.4645,1.4563,0.0544,4.1943,0.1689,106.6512
338,14.0497,histogram,pid,1,1,1,0.01,135.322,5.5725,,-24.678,-8.0072,-0.8119,LEFT,-0.6169,-0.1198,-0.0752,67.5,98.0761,12.3106,122.6622,8.1525,0.4159,1.0489,0.4179,1.1357,0.0524,3.0548,0.2039,0.0
339,14.0592,histogram,pid,1,1,1,0.01,135.322,5.5725,,-24.678,-13.0085,-0.7913,LEFT,-0.6169,-0.1217,-0.0527,67.5,97.4256,21.7649,8.2967,120.5298,0.4267,1.0643,0.4453,1.3883,0.0598,3.9819,0.1905,0.0
340,14.0682,histogram,pid,1,1,1,0.01,135.322,5.5725,,-24.678,-16.5093,-0.7777,LEFT,-0.6169,-0.1239,-0.0369,67.5,96.9971,30.8024,9.4968,105.2986,0.8418,1.1318,0.4542,1.393,0.0533,3.0502,0.1673,0.0
341,14.1865,histogram,pid,1,1,1,0.005,134.459,4.7095,,-25.541,-19.2188,-0.8264,LEFT,-0.6385,-0.126,-0.0618,67.5,98.5303,14.8451,8.9896,111.2401,0.446,0.6765,0.4418,1.2995,0.0469,3.1818,0.1652,102.2231
342,14.1916,histogram,pid,1,0,0,0.0,0.0,,,0.0,-13.4532,-0.8264,HOLD,-0.6385,-0.126,-0.0618,67.5,98.5303,5.9381,118.0272,8.4726,0.3947,0.6474,0.4003,1.1129,0.0503,0.8765,0.007,0.0
343,14.1976,histogram,pid,1,0,0,0.0,0.0,,,0.0,-9.4172,-0.8264,HOLD,-0.6385,-0.126,-0.0618,67.5,98.5303,11.9213,5.1389,194.5935,0.3892,1.1122,0.4095,1.5012,0.0494,0.8766,0.0071,0.0
344,14.2027,histogram,pid,1,0,0,0.0,0.0,,,0.0,-6.5921,-0.8264,HOLD,-0.6385,-0.126,-0.0618,67.5,98.5303,17.0873,5.9595,167.7998,0.399,0.6811,0.4017,1.0749,0.0521,0.9075,0.0079,0.0
345,14.3254,histogram,pid,1,0,0,0.0,0.0,,,0.0,-4.6144,-0.8264,HOLD,-0.6385,-0.126,-0.0618,67.5,98.5303,22.5398,5.1613,193.7511,0.3868,0.6753,0.3974,1.253,0.06,0.9779,0.0078,106.0896
346,14.3348,histogram,pid,1,1,1,0.1467,177.9911,,307.7407,17.9911,2.1672,0.4341,RIGHT,0.4498,-0.1053,0.0896,86.1733,52.8933,39.5375,122.868,8.1388,0.4065,1.043,0.4281,1.9302,0.0372,3.6372,0.1912,0.0
347,14.3496,histogram,pid,1,1,1,0.2358,177.5936,,307.3431,17.5936,6.7951,0.3829,RIGHT,0.4398,-0.1038,0.0468,84.5614,0.0,19.4843,9.3756,106.6598,0.4097,4.1059,0.4529,1.9564,0.0526,5.8435,0.1808,0.0
348,14.3596,histogram,pid,1,1,1,0.2917,162.7285,,292.478,2.7285,5.5751,-0.3798,LEFT,0.0682,-0.1034,-0.3446,0.0,84.4638,11.6804,14.7702,67.7037,0.4052,2.1068,0.4468,1.3986,0.0496,3.7175,0.1737,0.0
349,14.4833,histogram,pid,1,1,1,0.2917,162.7285,,292.478,2.7285,4.7211,-0.2762,LEFT,0.0682,-0.1031,-0.2412,56.3448,81.199,21.0168,10.0169,99.8313,0.414,1.0962,0.4219,1.1718,0.0478,4.3216,0.152,107.2007
350,14.4957,histogram,pid,1,1,1,0.57,103.2806,,233.0301,-56.7194,-13.711,-1.0,LEFT,-1.418,-0.1031,-0.3492,67.5,100.0,20.4661,123.5995,8.0906,0.3945,3.7942,0.4822,1.2605,0.049,4.5545,0.1898,0.0
351,14.5054,histogram,pid,1,1,1,0.57,103.2806,,233.0301,-56.7194,-26.6136,-1.0,LEFT,-1.418,-0.1031,-0.2445,67.5,100.0,30.2477,12.4631,80.237,0.4306,1.2987,0.4313,1.1654,0.0617,4.4685,0.1978,0.0
352,14.5157,histogram,pid,1,1,1,0.57,103.2806,,233.0301,-56.7194,-35.6453,-1.0,LEFT,-1.418,-0.1031,-0.1711,67.5,100.0,40.4471,9.7227,102.8517,0.8484,1.0568,0.4717,1.3912,0.0948,4.3276,0.1799,0.0
353,14.6426,histogram,pid,1,1,1,0.6,100.6778,,230.4273,-59.3222,-42.7484,-1.0,LEFT,-1.4831,-0.1031,-0.2145,67.5,100.0,17.4986,10.3101,96.9925,0.4204,0.7718,0.4081,1.1961,0.051,5.0255,0.2132,110.9798
354,14.6539,histogram,pid,1,1,1,0.6,45.0467,,174.7962,-114.9533,-64.4099,-1.0,LEFT,-2.8738,-0.1031,-0.3146,67.5,100.0,15.8703,126.8367,7.8842,0.4165,1.0448,0.4443,2.5275,0.0484,4.8909,0.2194,0.0
355,14.6643,histogram,pid,1,1,1,0.6,45.0467,,174.7962,-114.9533,-79.5729,-1.0,LEFT,-2.8738,-0.1031,-0.2202,67.5,100.0,26.2853,11.6124,86.1148,0.5775,1.4072,0.4432,1.1389,0.049,4.6593,0.1751,0.0
356,14.6742,histogram,pid,1,1,1,0.6,30.5827,,160.3322,-129.4173,-94.5262,-1.0,LEFT,-3.2354,-0.1031,-0.6965,67.5,100.0,16.7091,10.0013,99.9873,0.4167,1.1016,0.4095,1.0838,0.0481,4.9603,0.1799,0.0
357,14.7937,histogram,pid,1,1,1,0.6,30.5827,,160.3322,-129.4173,-104.9935,-1.0,LEFT,-3.2354,-0.1031,-0.4875,67.5,100.0,26.5375,9.8017,102.0227,0.3919,0.998,0.4232,1.2891,0.0573,4.9108,0.2,102.1642
358,14.8036,histogram,pid,1,1,0,0.0625,197.7107,88.148,307.2735,37.7107,-62.1823,1.0,RIGHT,0.9428,-0.1031,0.1823,100.0,67.5,18.3459,119.7134,8.3533,0.3966,1.0307,0.4092,1.4789,0.0511,4.5915,0.1959,0.0
359,14.8145,histogram,pid,1,1,0,0.0625,197.7107,88.148,307.2735,37.7107,-32.2144,0.9707,RIGHT,0.9428,-0.0996,0.1276,100.0,67.5,29.1762,9.9649,100.352,0.4143,1.1036,0.4287,1.4671,0.0494,5.3024,0.1809,0.0
360,14.8256,histogram,pid,1,1,0,0.0625,197.7107,88.148,307.2735,37.7107,-11.2368,0.9366,RIGHT,0.9428,-0.0955,0.0893,100.0,67.5,40.3801,11.5542,86.5484,0.9036,1.0495,0.4062,1.0823,0.0485,5.0499,0.1757,0.0
361,14.9528,histogram,pid,1,1,0,0.0833,186.0901,65.1301,307.0501,26.0901,-0.0388,0.2095,RIGHT,0.6523,-0.0929,-0.3498,79.1007,60.2415,13.1023,10.5697,94.6105,0.4178,1.0341,0.4223,1.5506,0.0558,5.3683,0.2063,110.3698
362,14.9627,histogram,pid,1,1,0,0.1458,158.9262,11.2863,306.5662,-1.0738,-0.3493,-0.4461,LEFT,-0.0268,-0.0942,-0.325,53.5961,86.5517,16.7149,127.0259,7.8724,0.4344,1.0245,0.42,1.2422,0.0496,4.8067,0.1662,0.0
363,14.9749,histogram,pid,1,1,0,0.1458,158.9262,11.2863,306.5662,-1.0738,-0.5666,-0.3487,LEFT,-0.0268,-0.0943,-0.2275,52.1025,83.4833,28.9416,9.8397,101.6295,0.3999,1.4112,0.491,2.5837,0.0452,5.4697,0.1496,0.0
364,14.9844,histogram,pid,1,1,0,0.1458,158.9262,11.2863,306.5662,-1.0738,-0.7188,-0.2805,LEFT,-0.0268,-0.0944,-0.1593,56.0881,81.3372,38.4181,12.5216,79.8622,0.6442,1.0233,0.3993,1.0285,0.0472,4.096,0.1878,0.0
365,15.1088,histogram,pid,1,1,0,0.1417,159.0198,11.0042,307.0355,-0.9802,-0.7972,-0.2267,LEFT,-0.0245,-0.0945,-0.1076,59.2408,79.6396,18.208,9.1028,109.8558,0.3952,1.045,0.4363,1.5621,0.0475,4.7299,0.2785,106.8113
366,15.1171,histogram,pid,1,1,0,0.2,158.4245,9.7953,307.0538,-1.5755,-1.0307,-0.2129,LEFT,-0.0394,-0.0964,-0.0771,60.0466,79.2057,16.8101,124.3967,8.0388,0.3985,0.6555,0.3944,0.9896,0.0557,3.9891,0.1566,0.0
367,15.1272,histogram,pid,1,1,0,0.2,158.4245,9.7953,307.0538,-1.5755,-1.1941,-0.1899,LEFT,-0.0394,-0.0965,-0.054,61.3931,78.4806,26.9235,8.4499,118.3441,0.4028,0.6649,0.411,1.5812,0.0904,5.0194,0.1474,0.0
368,15.1427,histogram,pid,1,1,0,0.2,158.4245,9.7953,307.0538,-1.5755,-1.3085,-0.1738,LEFT,-0.0394,-0.0966,-0.0378,62.3319,77.9752,42.451,10.247,97.5895,0.4871,2.4091,0.4328,6.1742,0.0546,3.9571,0.1577,0.0
369,15.2709,histogram,pid,1,1,0,0.2111,158.277,9.7204,306.8336,-1.723,-1.4329,-0.17,LEFT,-0.0431,-0.0969,-0.03,62.5548,77.8551,20.3524,15.4189,64.8553,0.3931,1.1155,0.4812,0.9061,0.0507,4.3,0.1475,113.8312
370,15.2808,histogram,pid,1,1,1,0.2275,66.3454,,200.2056,-93.6546,-29.0994,-1.0,LEFT,-2.3414,-0.0969,-0.2905,67.5,100.0,15.9215,127.9463,7.8158,0.3906,0.636,0.3936,1.9769,0.0484,4.6631,0.1987,0.0
371,15.2911,histogram,pid,1,1,1,0.2275,66.3454,,200.2056,-93.6546,-48.4659,-1.0,LEFT,-2.3414,-0.0969,-0.2033,67.5,100.0,26.3043,10.7861,92.7118,0.6405,1.168,0.4116,0.9893,0.0499,4.4996,0.1796,0.0
372,15.2997,histogram,pid,1,1,1,0.2583,76.1079,,209.968,-83.8921,-59.0938,-1.0,LEFT,-2.0973,-0.0969,0.2471,67.5,100.0,15.4669,9.4006,106.3767,0.3907,0.6447,0.3929,1.0328,0.0553,4.4041,0.1704,0.0
373,15.422,histogram,pid,1,1,1,0.2583,76.1079,,209.968,-83.8921,-66.5333,-1.0,LEFT,-2.0973,-0.0969,0.173,67.5,100.0,24.2965,8.5968,116.323,0.3936,0.6416,0.4556,0.9035,0.0495,4.7057,0.1711,105.898
374,15.4308,histogram,pid,1,1,1,0.5342,68.4979,,202.3581,-91.5021,-74.0239,-1.0,LEFT,-2.2876,-0.0969,0.0978,67.5,100.0,17.2702,122.4125,8.1691,0.401,0.67,0.3949,0.8131,0.0543,4.6195,0.1819,0.0
375,15.4408,histogram,pid,1,1,1,0.5342,68.4979,,202.3581,-91.5021,-79.2674,-1.0,LEFT,-2.2876,-0.0969,0.0684,67.5,100.0,27.3312,8.9715,111.4642,0.4389,0.6806,0.4119,1.1789,0.0594,5.2759,0.1787,0.0
376,15.4512,histogram,pid,1,1,1,0.5342,68.4979,,202.3581,-91.5021,-82.9378,-1.0,LEFT,-2.2876,-0.0969,0.0479,67.5,100.0,37.668,9.8708,101.3088,0.6556,0.79,0.7041,1.3004,0.04,5.0671,0.1771,0.0
377,15.5849,histogram,pid,1,1,1,0.5142,55.4194,,189.2795,-104.5806,-89.4306,-1.0,LEFT,-2.6145,-0.0969,-0.4441,67.5,100.0,15.3572,10.2679,97.3905,0.3906,0.6648,0.401,1.1945,0.0491,4.6635,0.2336,118.8611
378,15.5949,histogram,pid,1,1,0,0.6528,86.0939,12.3523,159.8356,-73.9061,-84.7733,-1.0,LEFT,-1.8477,-0.0969,-0.2249,67.5,100.0,16.1133,133.8662,7.4701,0.4169,0.6737,0.4545,1.3077,0.0528,5.1118,0.2083,0.0
379,15.605,histogram,pid,1,1,0,0.6528,86.0939,12.3523,159.8356,-73.9061,-81.5131,-1.0,LEFT,-1.8477,-0.0969,-0.1575,67.5,100.0,26.2637,10.0004,99.9961,0.4395,0.6938,0.4245,1.2178,0.0494,5.3682,0.1806,0.0
380,15.6165,histogram,pid,1,1,0,0.6528,86.0939,12.3523,159.8356,-73.9061,-79.231,-1.0,LEFT,-1.8477,-0.0969,-0.1102,67.5,100.0,37.7163,10.87,91.9966,0.8727,1.1511,0.8405,1.2281,0.0519,4.6399,0.1761,0.0
381,15.7471,histogram,pid,1,1,0,0.5903,86.1165,12.3645,159.8684,-73.8835,-77.6267,-1.0,LEFT,-1.8471,-0.0969,-0.0764,67.5,100.0,17.3449,10.6801,93.6323,0.4522,1.0566,0.4992,1.1651,0.061,5.1238,0.2057,112.8936
382,15.7624,histogram,pid,1,1,0,0.2639,86.7507,13.628,159.8733,-73.2493,-76.3135,-1.0,LEFT,-1.8312,-0.0969,-0.0516,67.5,100.0,23.5983,130.6578,7.6536,0.4019,1.4786,0.4672,3.893,0.041,7.0723,0.1855,0.0
383,15.773,histogram,pid,1,1,0,0.2639,86.7507,13.628,159.8733,-73.2493,-75.3943,-1.0,LEFT,-1.8312,-0.0969,-0.0361,67.5,100.0,34.2581,15.551,64.3045,0.6734,1.0146,0.4462,1.3837,0.0478,4.9511,0.177,0.0
384,15.7856,histogram,pid,1,1,0,0.1625,85.7596,11.8895,159.6298,-74.2404,-75.0481,-1.0,LEFT,-1.856,-0.0969,-0.0616,67.5,100.0,21.747,10.2272,97.7784,0.3958,1.0013,0.4159,3.4808,0.0883,5.3763,0.2241,0.0
385,15.9239,histogram,pid,1,1,0,0.1625,85.7596,11.8895,159.6298,-74.2404,-74.8058,-1.0,LEFT,-1.856,-0.0969,-0.0431,67.5,100.0,36.1622,13.2909,75.2392,0.896,2.749,1.5602,1.5413,0.0597,5.0829,0.1859,118.1938
386,15.9334,histogram,pid,1,1,0,0.1861,134.5401,12.3099,256.7702,-25.4599,-60.002,-0.6636,LEFT,-0.6365,-0.1297,0.1027,66.3184,93.4022,16.1459,137.6647,7.264,0.3935,1.0635,0.4081,1.3924,0.0473,4.3814,0.1693,0.0
387,15.9435,histogram,pid,1,1,0,0.1861,134.5401,12.3099,256.7702,-25.4599,-49.6394,-0.6967,LEFT,-0.6365,-0.132,0.0719,67.5,94.4449,26.2816,9.6285,103.8582,0.4342,1.0203,0.4085,1.2787,0.108,4.948,0.155,0.0
388,15.9565,histogram,pid,1,1,0,0.1861,134.5401,12.3099,256.7702,-25.4599,-42.3856,-0.7208,LEFT,-0.6365,-0.1346,0.0503,67.5,95.205,39.217,10.7601,92.9357,0.6343,1.0789,1.7079,2.0513,0.0458,4.5836,0.1426,0.0
389,16.0826,histogram,pid,1,1,0,0.1875,126.4478,12.2815,240.6141,-33.5522,-39.7356,-1.0,LEFT,-0.8388,-0.1346,-0.2129,67.5,100.0,14.8237,12.2303,81.764,0.4547,0.6457,0.396,0.9223,0.0504,4.9006,0.2281,109.8665
390,16.0917,histogram,pid,1,1,0,0.2597,85.8943,12.1938,159.5948,-74.1057,-50.0466,-1.0,LEFT,-1.8526,-0.1346,-0.2697,67.5,100.0,11.6669,126.0034,7.9363,0.4016,0.6663,0.4034,1.004,0.0554,4.7543,0.2098,0.0
391,16.1024,histogram,pid,1,1,0,0.2597,85.8943,12.1938,159.5948,-74.1057,-57.2643,-1.0,LEFT,-1.8526,-0.1346,-0.1888,67.5,100.0,22.3519,9.1521,109.265,0.4185,0.8977,0.4215,1.3231,0.0514,5.6948,0.2235,0.0
392,16.1123,histogram,pid,1,1,0,0.2597,85.8943,12.1938,159.5948,-74.1057,-62.3167,-1.0,LEFT,-1.8526,-0.1346,-0.1322,67.5,100.0,32.3417,11.2906,88.5689,0.4783,1.135,0.4717,1.0758,0.0488,4.3707,0.163,0.0
393,16.2466,histogram,pid,1,1,0,0.2542,85.8336,12.1678,159.4993,-74.1664,-65.8716,-1.0,LEFT,-1.8542,-0.1346,-0.095,67.5,100.0,15.0767,9.254,108.0615,0.3875,0.6815,0.4114,0.9356,0.0501,4.3459,0.1648,120.5211
394,16.2565,histogram,pid,1,1,0,0.2847,85.7162,12.0593,159.3731,-74.2838,-68.3953,-1.0,LEFT,-1.8571,-0.1346,-0.0668,67.5,100.0,16.0929,134.4388,7.4383,0.4202,0.681,0.4437,1.2668,0.0499,5.2178,0.1671,0.0
395,16.2662,histogram,pid,1,1,0,0.2847,85.7162,12.0593,159.3731,-74.2838,-70.1618,-1.0,LEFT,-1.8571,-0.1346,-0.0468,67.5,100.0,25.7597,10.0892,99.1155,0.9384,0.8022,0.3981,0.9009,0.0481,4.4633,0.222,0.0
396,16.2748,histogram,pid,1,1,0,0.2736,85.6989,12.0891,159.3087,-74.3011,-71.4036,-1.0,LEFT,-1.8575,-0.1346,-0.0334,67.5,100.0,15.8639,9.316,107.342,0.381,0.6501,0.3951,1.0114,0.0529,4.3603,0.171,0.0
397,16.4021,histogram,pid,1,1,0,0.2736,85.6989,12.0891,159.3087,-74.3011,-72.2729,-1.0,LEFT,-1.8575,-0.1346,-0.0234,67.5,100.0,24.7621,8.5773,116.5871,0.3908,0.6419,0.3984,1.0423,0.0672,4.6452,0.1637,110.9906
398,16.4126,histogram,pid,1,1,0,0.1861,85.5282,12.3044,158.752,-74.4718,-72.9326,-1.0,LEFT,-1.8618,-0.1346,-0.0169,67.5,100.0,18.9784,127.4648,7.8453,0.4047,1.0278,0.4437,1.9322,0.0576,4.7793,0.1952,0.0
399,16.4228,histogram,pid,1,1,0,0.1861,85.5282,12.3044,158.752,-74.4718,-73.3943,-1.0,LEFT,-1.8618,-0.1346,-0.0118,67.5,100.0,29.1802,10.996,90.9421,0.4298,1.1437,0.4238,1.2847,0.0515,4.5688,0.1719,0.0
400,16.4334,histogram,pid,1,1,0,0.1861,85.5282,12.3044,158.752,-74.4718,-73.7176,-1.0,LEFT,-1.8618,-0.1346,-0.0083,67.5,100.0,39.7506,10.3252,96.8501,0.414,1.0596,0.4327,1.5756,0.0478,4.6335,0.1648,0.0
401,16.5762,histogram,pid,1,1,0,0.1597,85.7729,12.1784,159.3674,-74.2271,-73.8704,-1.0,LEFT,-1.8557,-0.1346,0.0034,67.5,100.0,23.2661,9.9541,100.4607,0.4046,3.2127,0.45,3.8272,0.0542,5.4299,0.1886,120.8062
402,16.586,histogram,pid,1,1,0,0.0389,82.5974,11.9116,153.2833,-77.4026,-74.9301,-1.0,LEFT,-1.9351,-0.1346,-0.0059,67.5,100.0,10.0239,142.9657,6.9947,0.4618,1.0488,0.418,1.2654,0.047,4.4728,0.1819,0.0
403,16.5957,histogram,pid,1,1,0,0.0389,82.5974,11.9116,153.2833,-77.4026,-75.6718,-1.0,LEFT,-1.9351,-0.1346,-0.0042,67.5,100.0,19.7865,9.6326,103.8138,0.4241,1.038,0.4304,1.5167,0.0497,4.4734,0.1695,0.0
404,16.6068,histogram,pid,1,1,0,0.0389,82.5974,11.9116,153.2833,-77.4026,-76.191,-1.0,LEFT,-1.9351,-0.1346,-0.0029,67.5,100.0,30.8927,9.6838,103.2655,0.4057,1.1509,0.4336,1.3031,0.0582,5.9373,0.1672,0.0
405,16.7388,histogram,pid,1,1,0,0.0389,82.5974,11.9116,153.2833,-77.4026,-76.5545,-1.0,LEFT,-1.9351,-0.1346,-0.002,67.5,100.0,41.4817,11.8436,84.4341,0.5684,1.0993,0.4091,1.5444,0.0477,4.4359,0.1708,113.9115
406,16.7481,histogram,pid,1,1,0,0.2694,129.0269,11.3057,246.748,-30.9731,-62.8801,-0.8158,LEFT,-0.7743,-0.1727,0.1312,67.5,98.1991,16.6422,131.2737,7.6177,0.3958,1.0557,0.405,1.1048,0.0576,4.4751,0.1477,0.0
407,16.7583,histogram,pid,1,1,0,0.2694,129.0269,11.3057,246.748,-30.9731,-53.308,-0.8579,LEFT,-0.7743,-0.1754,0.0918,67.5,99.5237,26.8438,9.2582,108.0129,0.4178,0.7111,0.4069,1.9915,0.0478,4.7572,0.2367,0.0
408,16.7708,histogram,pid,1,1,0,0.2694,129.0269,11.3057,246.748,-30.9731,-46.6075,-0.8884,LEFT,-0.7743,-0.1784,0.0643,67.5,100.0,39.3551,10.2332,97.7211,1.5517,0.8018,0.5836,2.6516,0.0397,5.1296,0.1498,0.0
409,16.9108,histogram,pid,1,1,0,0.2,118.9114,11.3316,226.4912,-41.0886,-44.9519,-1.0,LEFT,-1.0272,-0.1784,-0.2601,67.5,100.0,16.1529,12.4339,80.4252,0.3957,1.0071,0.4031,1.1664,0.0746,4.8912,0.2073,124.2376
410,16.9229,histogram,pid,1,1,1,0.6,247.845,152.2675,,87.845,-5.1128,1.0,RIGHT,2.1961,-0.1784,0.1622,100.0,67.5,19.2323,140.4455,7.1202,0.4547,1.2283,0.5601,1.3764,0.0494,5.9796,0.2925,0.0
411,16.9334,histogram,pid,1,1,1,0.6,247.845,152.2675,,87.845,22.7746,1.0,RIGHT,2.1961,-0.1784,0.1135,100.0,67.5,29.7665,12.0903,82.7108,0.9887,1.1327,0.4055,1.2298,0.053,4.5101,0.1698,0.0
412,16.9432,histogram,pid,1,1,1,0.6,228.8138,133.2362,,68.8138,36.5863,0.9173,RIGHT,1.7203,-0.1719,-0.6312,100.0,67.5,17.7043,10.0423,99.5791,0.3948,1.0106,0.3983,1.0286,0.0476,5.1775,0.1644,0.0
413,17.0766,histogram,pid,1,1,1,0.6,228.8138,133.2362,,68.8138,46.2546,1.0,RIGHT,1.7203,-0.1719,-0.4418,100.0,67.5,28.7661,10.0464,99.5384,0.6006,1.0887,0.446,1.4912,0.0509,5.2423,0.1972,115.4802
414,17.0862,histogram,pid,1,0,0,0.0,0.0,,,0.0,32.3782,1.0,HOLD,1.7203,-0.1719,-0.4418,100.0,67.5,37.3467,133.2064,7.5071,0.7232,1.276,0.5681,1.5501,0.1036,3.6339,0.0074,0.0
415,17.0942,histogram,pid,1,0,0,0.0,0.0,,,0.0,22.6647,1.0,HOLD,1.7203,-0.1719,-0.4418,100.0,67.5,45.3814,9.9114,100.8941,0.4393,1.1859,0.4426,1.0654,0.0477,2.8136,0.0071,0.0
416,17.1045,histogram,pid,1,1,1,0.6,194.9213,99.3437,,34.9213,26.3417,-1.0,LEFT,0.873,-0.1694,-1.956,67.5,100.0,17.6139,7.7184,129.5609,0.4202,1.1606,0.4382,1.1642,0.0506,5.254,0.1802,0.0
417,17.2425,histogram,pid,1,1,1,0.6,194.9213,99.3437,,34.9213,28.9156,-0.6621,LEFT,0.873,-0.1659,-1.3692,66.2316,93.3555,27.4624,10.5025,95.2157,0.5801,1.0966,0.4086,1.2063,0.0489,4.4733,0.2073,122.919
418,17.2521,histogram,pid,1,1,1,0.6,226.8431,131.2655,,66.8431,40.2939,0.7199,RIGHT,1.6711,-0.0796,-0.8715,95.1782,67.5,15.779,137.746,7.2597,0.3932,0.9942,0.565,1.4576,0.0487,4.3913,0.1718,0.0
419,17.2618,histogram,pid,1,1,1,0.6,226.8431,131.2655,,66.8431,48.2586,0.9875,RIGHT,1.6711,-0.0735,-0.6101,100.0,67.5,25.3973,9.7273,102.8032,0.4166,1.0545,0.407,1.2156,0.0486,4.6052,0.1554,0.0
420,17.2723,histogram,pid,1,1,1,0.6,226.8431,131.2655,,66.8431,53.834,1.0,RIGHT,1.6711,-0.0735,-0.427,100.0,67.5,36.0393,10.1088,98.924,0.4225,0.9899,0.39,1.2865,0.0473,5.1686,0.1749,0.0
421,17.4058,histogram,pid,1,1,1,0.6,226.8431,131.2655,,66.8431,57.7367,1.0,RIGHT,1.6711,-0.0735,-0.2989,100.0,67.5,45.9026,10.5444,94.8371,0.6519,0.9963,0.384,1.0304,0.0478,4.4497,0.2183,116.1084
422,17.4167,histogram,pid,1,1,1,0.6,222.7577,127.1801,,62.7577,59.243,1.0,RIGHT,1.5689,-0.0735,-0.2208,100.0,67.5,19.3431,132.9912,7.5193,0.4017,1.0281,0.4224,2.2224,0.0486,4.9629,0.1916,0.0
423,17.4274,histogram,pid,1,1,1,0.6,222.7577,127.1801,,62.7577,60.2974,1.0,RIGHT,1.5689,-0.0735,-0.1545,100.0,67.5,30.0487,10.8997,91.746,0.5707,1.2616,0.4366,1.2328,0.0719,5.2572,0.1835,0.0
424,17.4378,histogram,pid,1,1,1,0.6,222.7577,127.1801,,62.7577,61.0355,1.0,RIGHT,1.5689,-0.0735,-0.1082,100.0,67.5,40.3583,11.0018,90.8939,0.6535,1.026,0.3851,1.2456,0.0467,4.8564,0.1979,0.0
425,17.5816,histogram,pid,1,1,1,0.6,234.8179,139.2403,,74.8179,65.1702,1.0,RIGHT,1.8704,-0.0735,0.3663,100.0,67.5,20.0589,10.2309,97.7435,0.4267,1.061,0.4248,1.5568,0.0691,5.4742,0.2295,125.9256
426,17.5919,histogram,pid,1,1,1,0.6,106.1599,,201.7375,-53.8401,29.4671,-1.0,LEFT,-1.346,-0.0735,-0.0784,67.5,100.0,17.4038,144.1123,6.939,0.4141,1.1956,0.4781,1.5792,0.0498,4.3862,0.1701,0.0
427,17.6021,histogram,pid,1,1,0,0.1528,116.0364,11.2245,220.8483,-43.9636,7.4379,-0.8546,LEFT,-1.0991,-0.0776,0.3221,67.5,99.4188,19.6502,9.8254,101.7766,0.3933,1.0519,0.4035,1.5556,0.0503,4.8408,0.1774,0.0
428,17.6142,histogram,pid,1,1,0,0.1528,116.0364,11.2245,220.8483,-43.9636,-7.9826,-0.9554,LEFT,-1.0991,-0.0818,0.2255,67.5,100.0,31.728,10.2215,97.8332,0.4221,1.3916,0.4142,2.3272,0.1748,5.37,0.1524,0.0
429,17.7528,histogram,pid,1,1,0,0.1528,116.0364,11.2245,220.8483,-43.9636,-18.7769,-1.0,LEFT,-1.0991,-0.0818,0.1578,67.5,100.0,42.711,12.4819,80.1158,0.4731,1.5076,0.4536,1.5904,0.0478,4.5007,0.1665,120.4482
430,17.7647,histogram,pid,1,1,0,0.2833,134.5732,11.4337,257.7128,-25.4268,-20.7718,-0.5897,LEFT,-0.6357,-0.1148,0.1607,61.996,91.0748,19.9931,138.2913,7.2311,0.4528,2.2506,0.4365,1.1565,0.0536,5.6747,0.1544,0.0
431,17.7753,histogram,pid,1,1,0,0.2833,134.5732,11.4337,257.7128,-25.4268,-22.1683,-0.6409,LEFT,-0.6357,-0.1177,0.1125,64.9898,92.6868,30.5762,12.3824,80.7601,0.4564,1.3059,0.7163,1.3676,0.0434,4.0935,0.1493,0.0
432,17.7849,histogram,pid,1,1,0,0.2069,127.1182,11.6242,242.6122,-32.8818,-25.3824,-1.0,LEFT,-0.822,-0.1177,-0.2016,67.5,100.0,14.5519,9.9726,100.2745,0.4041,1.0061,0.442,1.2093,0.053,4.785,0.1657,0.0
433,17.9294,histogram,pid,1,1,0,0.2069,127.1182,11.6242,242.6122,-32.8818,-27.6322,-1.0,LEFT,-0.822,-0.1177,-0.1411,67.5,100.0,25.0517,9.7273,102.8032,0.4011,1.0744,0.4156,1.7073,0.0522,4.8377,0.2144,128.1795
434,17.9398,histogram,pid,1,1,1,0.6,249.7557,148.7382,,89.7557,7.5842,1.0,RIGHT,2.2439,-0.1177,0.2194,100.0,67.5,17.223,144.5472,6.9182,0.4073,1.0407,0.4367,1.6884,0.0492,4.8033,0.2051,0.0
435,17.9506,histogram,pid,1,1,1,0.6,249.7557,148.7382,,89.7557,32.2356,1.0,RIGHT,2.2439,-0.1177,0.1536,100.0,67.5,28.0103,10.2864,97.216,0.4104,1.1199,0.4607,1.671,0.0687,5.1303,0.208,0.0
436,17.9613,histogram,pid,1,1,1,0.6,249.7557,148.7382,,89.7557,49.4917,1.0,RIGHT,2.2439,-0.1177,0.1075,100.0,67.5,38.7576,11.0416,90.5667,0.9023,1.1139,0.4024,1.2816,0.0564,4.931,0.1856,0.0
437,18.103,histogram,pid,1,1,1,0.6,249.7557,148.7382,,89.7557,61.5709,1.0,RIGHT,2.2439,-0.1177,0.0753,100.0,67.5,50.1311,10.8278,92.355,0.7279,1.1169,0.4077,2.3936,0.052,4.5474,0.1798,122.4347
438,18.115,histogram,pid,1,1,1,0.6,227.4121,126.3946,,67.4121,63.3232,1.0,RIGHT,1.6853,-0.1177,-0.0066,100.0,67.5,19.8155,141.2672,7.0788,0.3894,1.0234,0.4765,2.2089,0.0435,6.1503,0.1739,0.0
439,18.1262,histogram,pid,1,1,1,0.6,227.4121,126.3946,,67.4121,64.5499,1.0,RIGHT,1.6853,-0.1177,-0.0046,100.0,67.5,30.9524,12.648,79.0641,0.4821,1.6962,0.4142,1.4188,0.0507,4.6122,0.1738,0.0
440,18.1376,histogram,pid,1,1,1,0.6,243.5198,142.5023,,83.5198,70.2408,1.0,RIGHT,2.088,-0.1177,0.5573,100.0,67.5,19.6328,10.7761,92.7978,0.459,1.1726,0.4598,1.9109,0.0672,5.2322,0.2556,0.0
441,18.2841,histogram,pid,1,1,1,0.6,243.5198,142.5023,,83.5198,74.2245,1.0,RIGHT,2.088,-0.1177,0.3901,100.0,67.5,31.7945,12.1415,82.362,0.7583,1.4016,1.5181,1.1573,0.0474,4.5881,0.1773,129.143
442,18.2931,histogram,pid,1,1,0,0.2236,126.7136,12.7601,240.6671,-33.2864,41.9712,-0.9778,LEFT,-0.8322,-0.1177,-0.0279,67.5,100.0,15.0076,145.522,6.8718,0.3886,1.0481,0.3978,1.0134,0.0483,4.3487,0.1759,0.0
443,18.3032,histogram,pid,1,1,0,0.2236,126.7136,12.7601,240.6671,-33.2864,19.394,-0.9723,LEFT,-0.8322,-0.1206,-0.0196,67.5,100.0,25.1442,9.1209,109.6387,0.4278,1.0962,0.5539,1.6661,0.0506,4.4874,0.1462,0.0
444,18.312,histogram,pid,1,1,0,0.2778,138.3898,11.0585,265.7212,-21.6102,7.0927,-0.2373,LEFT,-0.5403,-0.1226,0.4256,58.6202,79.9737,10.3735,9.9683,100.3179,0.4154,1.0099,0.4489,1.2234,0.0471,3.9626,0.143,0.0
445,18.4488,histogram,pid,1,1,0,0.2778,138.3898,11.0585,265.7212,-21.6102,-1.5181,-0.3667,LEFT,-0.5403,-0.1243,0.2979,0.0,84.0513,19.4556,8.778,113.9211,0.3926,1.0534,0.3999,1.2204,0.0489,4.245,0.1752,120.2171
446,18.4589,histogram,pid,1,1,0,0.3569,160.3155,11.5933,309.0378,0.3155,-0.968,0.1525,RIGHT,0.0079,-0.1239,0.2685,77.3024,63.5813,18.5617,137.0702,7.2955,0.4096,1.2621,0.466,1.2118,0.059,4.7817,0.148,0.0
447,18.4686,histogram,pid,1,1,0,0.3569,160.3155,11.5933,309.0378,0.3155,-0.583,0.0719,STRAIGHT,0.0079,-0.1239,0.188,74.7659,68.2919,28.2013,10.2694,97.3767,0.4994,1.338,0.4291,1.1543,0.0501,4.1037,0.1455,0.0
448,18.478,histogram,pid,1,1,0,0.4056,160.2846,11.5606,309.0087,0.2846,-0.3227,0.0136,STRAIGHT,0.0071,-0.1239,0.1303,72.9268,71.7073,16.0152,9.2906,107.6356,0.443,1.0238,0.3944,0.9699,0.0519,4.4119,0.2747,0.0
449,18.633,histogram,pid,1,1,0,0.4056,160.2846,11.5606,309.0087,0.2846,-0.1405,-0.0255,STRAIGHT,0.0071,-0.1239,0.0912,71.0071,73.3039,26.7309,9.9552,100.4497,0.3921,1.0013,0.4039,1.4452,0.0606,4.9986,0.1536,138.5853
450,18.6461,histogram,pid,1,1,0,0.4194,159.8746,11.7326,308.0167,-0.1254,-0.136,-0.0643,STRAIGHT,-0.0031,-0.124,0.0629,68.7378,74.5258,22.92,155.0347,6.4502,0.5837,1.1876,0.4546,1.3983,0.0555,7.0314,0.1519,0.0
451,18.6576,histogram,pid,1,1,0,0.4194,159.8746,11.7326,308.0167,-0.1254,-0.1328,-0.0832,LEFT,-0.0031,-0.1241,0.044,67.6336,75.1204,34.4486,13.0931,76.3763,0.757,1.852,0.6049,1.2936,0.0467,4.6727,0.1445,0.0
452,18.6694,histogram,pid,1,1,0,0.4139,160.1707,11.916,308.4254,0.1707,-0.0417,-0.0793,STRAIGHT,0.0043,-0.124,0.0405,67.8631,74.9968,18.7095,11.4389,87.4212,0.4258,1.0475,0.4252,2.5661,0.0465,5.0032,0.1459,0.0
453,18.8131,histogram,pid,1,1,0,0.4139,160.1707,11.916,308.4254,0.1707,0.022,-0.0914,LEFT,0.0043,-0.124,0.0284,67.1533,75.379,30.8573,11.7165,85.3499,0.4253,1.4143,0.5844,2.3278,0.0404,5.1947,0.1534,124.4626
454,18.8229,histogram,pid,1,1,0,0.1278,85.0734,12.0449,158.102,-74.9266,-22.4626,-1.0,LEFT,-1.8732,-0.124,-0.1765,67.5,100.0,17.8098,143.4549,6.9708,0.4071,1.0149,0.4064,1.2109,0.0653,4.5918,0.2144,0.0
455,18.8332,histogram,pid,1,1,0,0.1278,85.0734,12.0449,158.102,-74.9266,-38.2018,-1.0,LEFT,-1.8732,-0.124,-0.1235,67.5,100.0,28.1755,9.7439,102.6285,0.3995,1.0372,0.461,1.5146,0.0575,4.9686,0.1708,0.0
456,18.8441,histogram,pid,1,1,0,0.1278,85.0734,12.0449,158.102,-74.9266,-49.2192,-1.0,LEFT,-1.8732,-0.124,-0.0865,67.5,100.0,39.0511,10.4685,95.525,0.4253,1.2431,0.4145,1.0878,0.0795,5.3981,0.1667,0.0
457,18.9949,histogram,pid,1,1,0,0.1278,85.0734,12.0449,158.102,-74.9266,-56.9314,-1.0,LEFT,-1.8732,-0.124,-0.0605,67.5,100.0,50.2622,11.2404,88.9645,0.473,1.0043,0.4007,1.2831,0.0861,5.4507,0.2675,133.8697
458,19.0075,histogram,pid,1,1,0,0.1542,85.1732,11.8932,158.4531,-74.8268,-62.3,-1.0,LEFT,-1.8707,-0.124,-0.0421,67.5,100.0,18.2371,150.3316,6.652,0.389,1.0011,0.4594,4.5428,0.0482,4.3077,0.1698,0.0
459,19.0181,histogram,pid,1,1,0,0.1542,85.1732,11.8932,158.4531,-74.8268,-66.0581,-1.0,LEFT,-1.8707,-0.124,-0.0295,67.5,100.0,28.8392,12.6143,79.2753,0.498,1.1105,0.4333,1.6019,0.0511,4.9438,0.1679,0.0
460,19.0291,histogram,pid,1,1,0,0.1542,85.1732,11.8932,158.4531,-74.8268,-68.6887,-1.0,LEFT,-1.8707,-0.124,-0.0206,67.5,100.0,39.8538,10.9336,91.4615,0.8489,1.7704,0.4817,1.1833,0.0432,4.4739,0.1961,0.0
461,19.173,histogram,pid,1,1,0,0.1139,85.1935,11.7962,158.5909,-74.8065,-70.524,-1.0,LEFT,-1.8702,-0.124,-0.0137,67.5,100.0,15.1283,10.5381,94.8933,0.397,1.0042,0.3969,1.2189,0.0515,4.386,0.226,126.8611
462,19.1835,histogram,pid,1,1,0,0.2861,157.0958,11.8867,302.3049,-2.9042,-50.2381,-0.023,STRAIGHT,-0.0726,-0.1279,0.1775,71.152,73.2259,19.5254,144.1019,6.9395,1.1656,1.4346,0.433,1.1447,0.0467,4.2761,0.1759,0.0
463,19.193,histogram,pid,1,1,0,0.3139,216.7921,161.1455,272.4388,56.7921,-18.129,1.0,RIGHT,1.4198,-0.1279,2.3048,100.0,67.5,16.0232,10.2662,97.4068,0.4039,1.0718,0.4032,1.1514,0.0471,4.6971,0.1707,0.0
464,19.2034,histogram,pid,1,1,0,0.3139,216.7921,161.1455,272.4388,56.7921,4.3473,1.0,RIGHT,1.4198,-0.1279,1.6134,100.0,67.5,26.4284,9.5403,104.8186,0.4113,1.0134,0.3961,1.2353,0.0495,5.3021,0.1866,0.0
465,19.3561,histogram,pid,1,1,0,0.3139,216.7921,161.1455,272.4388,56.7921,20.0808,1.0,RIGHT,1.4198,-0.1279,1.1294,100.0,67.5,36.581,10.5349,94.9224,0.4398,1.1881,0.4864,1.067,0.0536,4.9496,0.1827,137.0108
466,19.3684,histogram,pid,1,1,0,0.5972,207.4943,159.9856,255.003,47.4943,28.3048,1.0,RIGHT,1.1874,-0.1279,0.7677,100.0,67.5,18.981,152.8435,6.5426,0.4777,2.3202,0.6574,1.5519,0.0543,5.1807,0.1687,0.0
467,19.3786,histogram,pid,1,1,0,0.5972,207.4943,159.9856,255.003,47.4943,34.0617,1.0,RIGHT,1.1874,-0.1279,0.5374,100.0,67.5,29.1206,11.9614,83.6021,0.3987,1.1867,0.6526,1.4263,0.0444,4.7339,0.1792,0.0
468,19.3892,histogram,pid,1,1,0,0.4583,208.8632,160.6801,257.0463,48.8632,38.5021,1.0,RIGHT,1.2216,-0.1279,0.4258,100.0,67.5,16.4788,10.3484,96.6332,0.3962,1.0518,0.458,1.4012,0.069,5.0738,0.2232,0.0
469,19.5347,histogram,pid,1,1,0,0.4583,208.8632,160.6801,257.0463,48.8632,41.6105,1.0,RIGHT,1.2216,-0.1279,0.2981,100.0,67.5,27.7001,10.4809,95.4121,0.3964,1.0953,0.4245,2.1166,0.0545,5.3394,0.1646,126.9592
470,19.5438,histogram,pid,1,1,0,0.5042,159.971,12.1147,307.8274,-0.029,29.1186,-0.0461,STRAIGHT,-0.0007,-0.128,0.0827,69.8057,73.9508,17.3036,145.5265,6.8716,0.3924,1.0105,0.3967,1.3245,0.0497,4.1631,0.1555,0.0
471,19.5542,histogram,pid,1,1,0,0.5042,159.971,12.1147,307.8274,-0.029,20.3743,-0.0709,STRAIGHT,-0.0007,-0.128,0.0579,68.355,74.7319,27.6715,9.2766,107.7976,0.5745,1.1095,0.4122,1.2904,0.0559,4.9216,0.1548,0.0
472,19.5651,histogram,pid,1,1,0,0.5042,159.971,12.1147,307.8274,-0.029,14.2533,-0.0882,LEFT,-0.0007,-0.128,0.0405,67.3395,75.2787,38.6018,10.1723,98.3065,0.3886,1.4559,0.6255,1.3132,0.0524,5.3761,0.1568,0.0
473,19.7199,histogram,pid,1,1,0,0.5042,159.971,12.1147,307.8274,-0.029,9.9686,-0.1004,LEFT,-0.0007,-0.128,0.0284,66.6285,75.6616,49.5629,11.7389,85.1867,0.6538,1.0358,0.3853,1.6047,0.0514,4.5876,0.2187,137.8919
474,19.7295,histogram,pid,1,1,0,0.4347,85.5322,12.2933,158.7712,-74.4678,-15.3623,-1.0,LEFT,-1.8617,-0.128,-0.1613,67.5,100.0,16.45,154.0602,6.491,0.409,1.1413,0.4215,1.266,0.081,4.4366,0.1707,0.0
475,19.7389,histogram,pid,1,1,0,0.4347,85.5322,12.2933,158.7712,-74.4678,-33.0939,-1.0,LEFT,-1.8617,-0.128,-0.1129,67.5,100.0,25.8661,9.4623,105.6823,0.3908,1.0134,0.406,1.251,0.0472,4.5562,0.2156,0.0
476,19.7498,histogram,pid,1,1,0,0.4347,85.5322,12.2933,158.7712,-74.4678,-45.5061,-1.0,LEFT,-1.8617,-0.128,-0.0791,67.5,100.0,36.7503,9.554,104.6683,0.482,1.1096,0.6261,1.3029,0.0529,5.4149,0.1646,0.0
477,19.8951,histogram,pid,1,1,0,0.4347,85.5322,12.2933,158.7712,-74.4678,-54.1946,-1.0,LEFT,-1.8617,-0.128,-0.0553,67.5,100.0,47.2198,11.1524,89.6667,0.667,1.1645,0.4296,1.5214,0.0473,4.5342,0.1721,127.393
478,19.9034,histogram,pid,1,0,0,0.0,0.0,,,0.0,-37.9362,-1.0,HOLD,-1.8617,-0.128,-0.0553,67.5,100.0,16.6147,145.0575,6.8938,0.4025,1.2363,0.4466,1.2791,0.0536,3.1168,0.0072,0.0
479,19.9124,histogram,pid,1,0,0,0.0,0.0,,,0.0,-26.5553,-1.0,HOLD,-1.8617,-0.128,-0.0553,67.5,100.0,25.6544,8.5258,117.2915,0.716,1.4782,0.6551,1.0596,0.0479,3.1069,0.0071,0.0
480,19.9222,histogram,pid,1,1,0,0.4,111.5194,63.8904,159.1483,-48.4806,-33.1329,-0.2578,LEFT,-1.212,-0.1319,1.0862,57.4202,80.6199,15.1364,8.6631,115.4327,0.3944,1.067,0.4056,1.1592,0.0497,4.9115,0.1598,0.0
481,20.0772,histogram,pid,1,1,0,0.4,111.5194,63.8904,159.1483,-48.4806,-37.7372,-0.5881,LEFT,-1.212,-0.1364,0.7603,61.9022,91.0242,25.9753,9.7798,102.2519,0.395,1.1238,0.4377,1.2333,0.0821,5.7631,0.1449,137.0525
482,20.0924,histogram,pid,1,1,0,0.0181,83.0971,12.2489,153.9454,-76.9029,-49.4869,-1.0,LEFT,-1.9226,-0.1364,0.4636,67.5,100.0,18.6181,155.3875,6.4355,0.4193,5.127,0.5041,1.5538,0.0675,5.4066,0.1696,0.0
483,20.1027,histogram,pid,1,1,0,0.0181,83.0971,12.2489,153.9454,-76.9029,-57.7117,-1.0,LEFT,-1.9226,-0.1364,0.3245,67.5,100.0,28.8308,15.6535,63.8834,0.4441,1.039,0.3947,1.1701,0.0468,4.5953,0.1895,0.0
484,20.1139,histogram,pid,1,1,0,0.0181,83.0971,12.2489,153.9454,-76.9029,-63.4691,-1.0,LEFT,-1.9226,-0.1364,0.2272,67.5,100.0,40.0461,9.7574,102.4866,0.8625,1.3518,0.4159,1.1701,0.0482,5.2742,0.1652,0.0
485,20.263,histogram,pid,1,1,1,0.3817,99.5502,11.8141,,-60.4498,-62.5633,-0.9416,LEFT,-1.5112,-0.1427,0.7124,67.5,100.0,18.979,11.1501,89.6855,0.417,1.4994,0.6928,1.6767,0.0604,3.7239,0.1529,131.5935
486,20.2726,histogram,pid,1,1,0,0.1569,119.8437,11.1565,228.5308,-40.1563,-55.8412,-0.6529,LEFT,-1.0039,-0.1987,0.5498,65.6928,93.0654,17.8755,148.8752,6.717,0.3963,1.0276,0.4495,1.3848,0.0557,4.4389,0.1497,0.0
487,20.282,histogram,pid,1,1,0,0.1569,119.8437,11.1565,228.5308,-40.1563,-51.1357,-0.8214,LEFT,-1.0039,-0.2024,0.3848,67.5,98.375,27.3501,9.6319,103.8216,0.4295,1.007,0.3994,1.2963,0.0505,4.2111,0.1471,0.0
488,20.2928,histogram,pid,1,1,0,0.1569,119.8437,11.1565,228.5308,-40.1563,-47.8419,-0.9405,LEFT,-1.0039,-0.2059,0.2694,67.5,100.0,38.1202,9.4795,105.4907,0.5516,1.2217,0.4669,1.8724,0.0386,4.6691,0.2649,0.0
489,20.45,histogram,pid,1,1,0,0.1375,119.2918,11.5268,227.0569,-40.7082,-45.7018,-1.0,LEFT,-1.0177,-0.2059,0.1692,67.5,100.0,15.9476,10.6575,93.8305,0.4506,1.0158,0.4021,1.1517,0.0501,5.1031,0.4117,141.2693
490,20.4598,histogram,pid,1,1,0,0.4111,233.3653,159.9136,306.8171,73.3653,-9.9817,1.0,RIGHT,1.8341,-0.2059,0.3904,100.0,67.5,16.7029,157.2969,6.3574,0.3973,1.0239,0.4105,1.2575,0.0736,4.7797,0.1768,0.0
491,20.4719,histogram,pid,1,1,0,0.4111,233.3653,159.9136,306.8171,73.3653,15.0224,1.0,RIGHT,1.8341,-0.2059,0.2733,100.0,67.5,28.801,9.8295,101.7345,0.823,2.0353,0.4112,2.0752,0.0459,4.8633,0.1946,0.0
492,20.4813,histogram,pid,1,1,0,0.4236,232.9555,159.096,306.8149,72.9555,32.4024,1.0,RIGHT,1.8239,-0.2059,0.1785,100.0,67.5,17.7901,12.0455,83.0187,0.4017,1.0523,0.4104,1.1125,0.0501,4.6052,0.1894,0.0
493,20.6307,histogram,pid,1,1,0,0.4236,232.9555,159.096,306.8149,72.9555,44.5683,1.0,RIGHT,1.8239,-0.2059,0.125,100.0,67.5,28.7315,9.8527,101.4952,0.4669,1.2016,0.5851,1.4243,0.0509,4.9438,0.2012,131.1213
494,20.6426,histogram,pid,1,1,0,0.2778,233.0321,159.1509,306.9133,73.0321,53.1074,1.0,RIGHT,1.8258,-0.2059,0.0877,100.0,67.5,18.4726,148.9695,6.7128,0.4006,0.6521,0.3996,4.0582,0.0541,4.5607,0.1798,0.0
495,20.6528,histogram,pid,1,1,0,0.2778,233.0321,159.1509,306.9133,73.0321,59.0848,1.0,RIGHT,1.8258,-0.2059,0.0614,100.0,67.5,28.6139,11.8608,84.3114,0.3973,1.0496,0.4243,1.6375,0.0585,4.7758,0.1934,0.0
496,20.6635,histogram,pid,1,1,0,0.2778,233.0321,159.1509,306.9133,73.0321,63.269,1.0,RIGHT,1.8258,-0.2059,0.043,100.0,67.5,39.3317,10.5736,94.575,0.4979,1.2572,0.4235,1.2199,0.0517,5.0299,0.1648,0.0
497,20.8221,histogram,pid,1,1,0,0.2778,233.0321,159.1509,306.9133,73.0321,66.1979,1.0,RIGHT,1.8258,-0.2059,0.0301,100.0,67.5,50.3629,10.8317,92.3213,0.7514,1.1113,0.4171,1.1314,0.0542,5.0379,0.3513,142.3903
498,20.8306,histogram,pid,1,1,1,0.0808,97.0657,11.4778,,-62.9343,27.4583,-1.0,LEFT,-1.5734,-0.2059,-0.3002,67.5,100.0,39.4408,158.7258,6.3002,0.6594,0.6196,0.3903,0.9371,0.0511,3.4049,0.1763,0.0
499,20.8394,histogram,pid,1,1,1,0.0975,97.1817,11.5937,,-62.8183,0.3753,-1.0,LEFT,-1.5705,-0.2059,-0.2047,67.5,100.0,15.6196,7.9934,125.1036,0.4786,1.081,0.44,1.1013,0.0557,3.6052,0.2572,0.0
500,20.8494,histogram,pid,1,1,1,0.0975,97.1817,11.5937,,-62.8183,-18.5828,-1.0,LEFT,-1.5705,-0.2059,-0.1433,67.5,100.0,25.5794,8.9995,111.1171,0.6787,2.3495,0.4163,0.8499,0.0508,3.5698,0.1729,0.0
501,20.9964,histogram,pid,1,1,1,0.1108,97.3202,11.7323,,-62.6798,-31.8119,-1.0,LEFT,-1.567,-0.2059,-0.095,67.5,100.0,13.506,9.7505,102.5589,0.4086,0.9421,0.4095,0.8369,0.0522,3.1099,0.174,131.8985
502,21.0068,histogram,pid,1,1,1,0.1225,97.3164,11.7285,,-62.6836,-41.0734,-1.0,LEFT,-1.5671,-0.2059,-0.0665,67.5,100.0,41.5926,147.042,6.8008,0.4591,1.0706,0.4309,2.0091,0.046,4.4537,0.1822,0.0
503,21.0155,histogram,pid,1,1,1,0.1225,97.3164,11.7285,,-62.6836,-47.5564,-1.0,LEFT,-1.5671,-0.2059,-0.0465,67.5,100.0,50.2697,10.6855,93.5849,0.4206,1.0289,0.4644,1.262,0.0547,3.2246,0.1785,0.0
504,21.0265,histogram,pid,1,1,1,0.12,97.3324,11.7445,,-62.6676,-52.0898,-1.0,LEFT,-1.5667,-0.2059,-0.0318,67.5,100.0,18.0694,8.2313,121.4876,0.3981,1.0756,0.4959,3.8475,0.0489,3.2533,0.28,0.0
505,21.1872,histogram,pid,1,1,1,0.12,97.3324,11.7445,,-62.6676,-55.2631,-1.0,LEFT,-1.5667,-0.2059,-0.0223,67.5,100.0,28.689,11.3474,88.1258,0.9032,1.7498,0.6937,1.2975,0.0516,3.7177,0.2455,143.3308
506,21.1955,histogram,pid,1,1,1,0.0825,96.7766,11.1887,,-63.2234,-57.6512,-1.0,LEFT,-1.5806,-0.2059,-0.0169,67.5,100.0,17.5146,160.6942,6.223,0.3985,1.0672,0.4124,1.1495,0.0472,3.1811,0.1754,0.0
507,21.204,histogram,pid,1,1,1,0.0708,96.5466,10.9586,,-63.4534,-59.3919,-1.0,LEFT,-1.5863,-0.2059,-0.0228,67.5,100.0,16.1413,7.9022,126.5466,0.3989,1.1421,0.4253,1.6304,0.0643,3.1951,0.1687,0.0
508,21.2125,histogram,pid,1,1,1,0.0708,96.5466,10.9586,,-63.4534,-60.6103,-1.0,LEFT,-1.5863,-0.2059,-0.0159,67.5,100.0,24.5791,8.6726,115.3058,0.4081,1.0637,0.4036,1.2712,0.061,3.3939,0.1708,0.0
509,21.3648,histogram,pid,1,1,1,0.0708,96.5466,10.9586,,-63.4534,-61.4633,-1.0,LEFT,-1.5863,-0.2059,-0.0111,67.5,100.0,34.1565,8.4385,118.5048,0.4846,1.3961,0.6162,1.2439,0.041,3.9052,0.1726,135.4697
510,21.373,histogram,pid,1,1,1,0.0067,90.3614,4.7734,,-69.6386,-63.9159,-1.0,LEFT,-1.741,-0.2059,-0.023,67.5,100.0,16.3514,152.5971,6.5532,0.422,1.0757,0.4099,1.1593,0.0567,2.9803,0.1853,0.0
511,21.3823,histogram,pid,1,1,1,0.0067,90.3614,4.7734,,-69.6386,-65.6327,-1.0,LEFT,-1.741,-0.2059,-0.0161,67.5,100.0,25.6257,8.0224,124.6512,0.4327,1.4048,0.6325,1.8626,0.0366,2.7484,0.2403,0.0
512,21.3899,histogram,pid,1,1,1,0.0083,93.0185,7.4306,,-66.9815,-66.0373,-1.0,LEFT,-1.6745,-0.2059,0.0982,67.5,100.0,11.2721,9.1016,109.8708,0.4019,1.0191,0.4014,1.1628,0.0477,2.8474,0.1796,0.0
513,21.5493,histogram,pid,1,1,1,0.0083,93.0185,7.4306,,-66.9815,-66.3206,-1.0,LEFT,-1.6745,-0.2059,0.0687,67.5,100.0,19.8242,7.6269,131.1154,0.3918,1.0197,0.4227,1.5226,0.0481,3.3206,0.2049,145.2519
514,21.5578,histogram,pid,1,1,1,0.0208,96.35,10.7621,,-63.65,-65.5194,-1.0,LEFT,-1.5912,-0.2059,0.0559,67.5,100.0,15.0171,159.6523,6.2636,0.4087,1.0023,0.392,1.1399,0.0598,3.4125,0.1809,0.0
515,21.5679,histogram,pid,1,1,1,0.0208,96.35,10.7621,,-63.65,-64.9586,-1.0,LEFT,-1.5912,-0.2059,0.0392,67.5,100.0,25.1813,8.2783,120.7982,0.3956,1.1714,0.4492,1.9676,0.0391,4.345,0.176,0.0
516,21.5767,histogram,pid,1,1,0,0.0347,160.5895,10.4033,310.7757,0.5895,-45.2941,1.0,RIGHT,0.0147,-0.2059,2.4364,100.0,67.5,10.1784,9.9999,100.0008,0.3884,1.0858,0.455,1.31,0.0476,3.846,0.1746,0.0
517,21.7291,histogram,pid,1,1,0,0.0347,160.5895,10.4033,310.7757,0.5895,-31.5291,1.0,RIGHT,0.0147,-0.2059,1.7055,100.0,67.5,18.5919,8.7721,113.9975,0.4389,1.0031,0.3958,1.1956,0.0495,3.6609,0.1721,136.8227
518,21.7373,histogram,pid,1,1,1,0.0517,103.4707,11.5844,,-56.5293,-39.0291,-0.6466,LEFT,-1.4132,-0.2868,1.0535,65.3243,92.8669,16.3145,152.5831,6.5538,0.3991,1.0181,0.399,1.3608,0.0506,3.1907,0.151,0.0
519,21.7456,histogram,pid,1,1,1,0.0517,103.4707,11.5844,,-56.5293,-44.2792,-0.9669,LEFT,-1.4132,-0.2911,0.7374,67.5,100.0,24.6141,8.1814,122.2285,0.4026,1.0304,0.4103,1.112,0.0461,3.5204,0.164,0.0
520,21.7552,histogram,pid,1,1,1,0.0517,103.4707,11.5844,,-56.5293,-47.9542,-1.0,LEFT,-1.4132,-0.2911,0.5162,67.5,100.0,34.2307,8.3432,119.8586,0.4079,1.0691,0.4318,1.1937,0.0637,4.1163,0.1905,0.0
521,21.9151,histogram,pid,1,1,1,0.0517,103.4707,11.5844,,-56.5293,-50.5267,-1.0,LEFT,-1.4132,-0.2911,0.3613,67.5,100.0,43.2463,9.7841,102.2062,0.4872,1.4873,0.4548,1.4294,0.0473,3.0909,0.1679,142.3919
522,21.9233,histogram,pid,1,1,1,0.075,103.7002,11.8139,,-56.2998,-52.2586,-1.0,LEFT,-1.4075,-0.2911,0.2535,67.5,100.0,42.7444,160.317,6.2376,0.4076,0.6948,0.4027,0.9947,0.05,3.1945,0.1836,0.0
523,21.9315,histogram,pid,1,1,1,0.0792,103.7659,11.8796,,-56.2341,-53.4513,-1.0,LEFT,-1.4059,-0.2911,0.1807,67.5,100.0,15.1606,7.4324,134.5453,0.3992,0.849,0.4474,0.7797,0.068,3.8634,0.2237,0.0
524,21.9396,histogram,pid,1,1,1,0.0792,103.7659,11.8796,,-56.2341,-54.2861,-1.0,LEFT,-1.4059,-0.2911,0.1265,67.5,100.0,23.3375,8.3198,120.1955,0.3975,0.6568,0.4526,0.8707,0.0548,3.9362,0.1805,0.0
525,22.0969,histogram,pid,1,1,1,0.0792,103.7659,11.8796,,-56.2341,-54.8705,-1.0,LEFT,-1.4059,-0.2911,0.0886,67.5,100.0,32.4244,8.383,119.2897,0.8674,1.0431,0.4539,1.1787,0.0486,3.4593,0.1819,140.3077
526,22.1051,histogram,pid,1,1,1,0.0767,103.631,11.7447,,-56.369,-55.3201,-1.0,LEFT,-1.4092,-0.2911,0.0617,67.5,100.0,17.2047,157.645,6.3434,0.664,0.638,0.3847,0.8343,0.0507,3.2312,0.177,0.0
527,22.113,histogram,pid,1,1,1,0.0825,103.703,11.8167,,-56.297,-55.6131,-1.0,LEFT,-1.4074,-0.2911,0.0468,67.5,100.0,14.3366,7.5334,132.7416,0.4113,0.6475,0.3977,0.9111,0.049,3.7119,0.1678,0.0
528,22.1205,histogram,pid,1,1,1,0.0825,103.703,11.8167,,-56.297,-55.8183,-1.0,LEFT,-1.4074,-0.2911,0.0327,67.5,100.0,21.8327,7.8451,127.4682,0.4045,0.63,0.3947,0.807,0.052,3.4488,0.219,0.0
529,22.2774,histogram,pid,1,1,1,0.0825,103.703,11.8167,,-56.297,-55.9619,-1.0,LEFT,-1.4074,-0.2911,0.0229,67.5,100.0,30.1293,7.5088,133.1762,0.444,0.6693,0.4046,0.8703,0.0615,4.0799,0.1796,143.2238
530,22.2858,histogram,pid,1,1,1,0.0575,102.9867,11.1004,,-57.0133,-56.2773,-1.0,LEFT,-1.4253,-0.2911,0.0143,67.5,100.0,15.1783,157.0543,6.3672,0.3878,0.6548,0.4066,1.0241,0.0621,3.9634,0.1778,0.0
531,22.2947,histogram,pid,1,1,1,0.0575,102.9867,11.1004,,-57.0133,-56.4981,-1.0,LEFT,-1.4253,-0.2911,0.01,67.5,100.0,24.1474,8.8894,112.4941,0.5797,0.9703,0.4058,1.3986,0.047,3.1908,0.1705,0.0
532,22.3018,histogram,pid,1,1,1,0.0517,103.5043,11.618,,-56.4957,-56.4974,-1.0,LEFT,-1.4124,-0.2911,0.0306,67.5,100.0,13.5237,8.2245,121.5876,0.3892,0.6386,0.3973,0.8635,0.0557,3.0552,0.179,0.0
533,22.456,histogram,pid,1,1,1,0.0517,103.5043,11.618,,-56.4957,-56.4969,-1.0,LEFT,-1.4124,-0.2911,0.0214,67.5,100.0,21.0812,7.1206,140.4372,0.3911,0.6459,0.3968,0.9072,0.0516,3.4375,0.1792,139.293
534,22.4633,histogram,pid,1,1,1,0.0333,101.9678,10.0816,,-58.0322,-56.9575,-1.0,LEFT,-1.4508,-0.2911,0.0113,67.5,100.0,15.6198,154.3274,6.4797,0.3991,0.6959,0.4066,0.8263,0.0515,3.143,0.1778,0.0
535,22.4718,histogram,pid,1,1,1,0.0333,101.9678,10.0816,,-58.0322,-57.2799,-1.0,LEFT,-1.4508,-0.2911,0.0079,67.5,100.0,24.1202,7.5755,132.0052,0.4389,0.6978,0.4634,1.5186,0.0549,3.2005,0.1992,0.0
536,22.4813,histogram,pid,1,1,1,0.0333,101.9678,10.0816,,-58.0322,-57.5056,-1.0,LEFT,-1.4508,-0.2911,0.0055,67.5,100.0,33.6414,8.3161,120.2489,0.4242,1.8139,0.5793,1.4644,0.0529,3.2748,0.1792,0.0
537,22.6423,histogram,pid,1,1,1,0.0192,102.4279,10.5416,,-57.5721,-57.5255,-1.0,LEFT,-1.4393,-0.2911,0.022,67.5,100.0,12.3986,9.5089,105.1648,0.4042,0.7113,0.4156,1.5825,0.0493,3.8664,0.2697,146.1209
538,22.6504,histogram,pid,1,1,1,0.0592,103.1608,11.2746,,-56.8392,-57.3196,-1.0,LEFT,-1.421,-0.2911,0.0171,67.5,100.0,12.8832,160.9019,6.215,0.3984,0.6641,0.4012,1.3321,0.0606,3.3804,0.1889,0.0
539,22.6589,histogram,pid,1,1,1,0.0592,103.1608,11.2746,,-56.8392,-57.1755,-1.0,LEFT,-1.421,-0.2911,0.012,67.5,100.0,21.3638,8.0187,124.7087,0.43,1.2704,0.4385,1.0094,0.0585,3.4746,0.2204,0.0
540,22.6692,histogram,pid,1,1,1,0.0592,103.1608,11.2746,,-56.8392,-57.0746,-1.0,LEFT,-1.421,-0.2911,0.0084,67.5,100.0,31.6224,9.1021,109.8652,0.7724,1.75,0.5093,1.7362,0.0382,3.1603,0.1821,0.0
541,22.8235,histogram,pid,1,1,1,0.0617,103.1839,11.2976,,-56.8161,-56.997,-1.0,LEFT,-1.4204,-0.2911,0.0067,67.5,100.0,11.9334,9.8884,101.129,0.4038,0.7131,0.4383,0.7526,0.0497,3.1091,0.1706,138.7206
542,22.8312,histogram,pid,1,1,0,0.0139,163.0366,10.1545,315.9187,3.0366,-38.9869,-0.0605,STRAIGHT,0.0759,-0.2867,0.1503,68.9613,74.4054,10.0222,154.1336,6.4879,0.394,0.686,0.4683,0.8096,0.0529,3.59,0.1527,0.0
543,22.8389,histogram,pid,1,1,0,0.0139,163.0366,10.1545,315.9187,3.0366,-26.3799,-0.1054,LEFT,0.0759,-0.2865,0.1052,66.3357,75.8192,17.6791,7.7136,129.6414,0.3987,0.6872,0.3975,0.794,0.0545,3.5985,0.1542,0.0
544,22.8482,histogram,pid,1,1,0,0.0139,163.0366,10.1545,315.9187,3.0366,-17.5549,-0.1367,LEFT,0.0759,-0.2863,0.0737,64.5015,76.8069,26.9655,7.638,130.925,0.4,1.6251,0.4555,1.1024,0.0535,3.8927,0.1774,0.0
545,23.0166,histogram,pid,1,1,0,0.0139,163.0366,10.1545,315.9187,3.0366,-11.3775,-0.1586,LEFT,0.0759,-0.286,0.0516,63.2247,77.4944,37.1983,9.6708,103.4045,0.7304,1.4498,0.44,1.1943,0.0525,4.2547,0.1586,151.9516
546,23.0254,histogram,pid,1,1,0,0.0083,149.4315,4.7318,294.1312,-10.5685,-11.1348,-0.5612,LEFT,-0.2642,-0.3027,0.0058,60.3275,90.1763,11.8726,168.126,5.9479,0.4657,0.7612,0.4067,1.1903,0.0495,4.0975,0.1593,0.0
547,23.0341,histogram,pid,1,1,0,0.0083,149.4315,4.7318,294.1312,-10.5685,-10.9649,-0.5638,LEFT,-0.2642,-0.3036,0.004,60.4798,90.2583,20.6007,8.8653,112.7987,0.4075,0.7365,0.4029,0.7886,0.091,4.2955,0.1534,0.0
548,23.0444,histogram,pid,1,1,0,0.0083,149.4315,4.7318,294.1312,-10.5685,-10.846,-0.5658,LEFT,-0.2642,-0.3044,0.0028,60.6009,90.3235,30.8794,8.7029,114.9042,0.419,0.7435,0.5072,1.3366,0.0457,5.1061,0.2657,0.0
549,23.2042,histogram,pid,1,1,0,0.0083,149.4315,4.7318,294.1312,-10.5685,-10.7627,-0.5677,LEFT,-0.2642,-0.3055,0.002,60.7105,90.3826,39.7769,10.3885,96.2602,0.4769,1.1334,0.4364,0.8773,0.0541,3.9174,0.1785,143.371
550,23.2124,histogram,pid,1,1,1,0.6,194.4672,,305.3656,34.4672,2.8063,0.715,RIGHT,0.8617,-0.2539,0.1072,95.0217,67.5,14.9775,159.6323,6.2644,0.3914,0.7083,0.4075,1.5986,0.0497,3.2546,0.1584,0.0
551,23.2202,histogram,pid,1,1,1,0.6,194.4672,,305.3656,34.4672,12.3045,0.6855,RIGHT,0.8617,-0.2513,0.075,94.0917,67.5,22.8096,8.1369,122.8975,0.4004,0.723,0.4046,0.9566,0.052,3.5386,0.169,0.0
552,23.2294,histogram,pid,1,1,1,0.6,194.4672,,305.3656,34.4672,18.9533,0.6655,RIGHT,0.8617,-0.2487,0.0525,93.4635,66.4322,31.9755,7.9326,126.0613,0.3995,0.7611,0.4368,1.5679,0.0518,4.08,0.1862,0.0
553,23.3941,histogram,pid,1,1,1,0.6,194.4672,,305.3656,34.4672,23.6075,0.653,RIGHT,0.8617,-0.2455,0.0368,93.0682,65.6982,41.557,9.9244,100.7623,0.5295,1.0196,0.6725,1.0334,0.0526,3.6256,0.1787,149.2464
554,23.4012,histogram,pid,1,1,1,0.6,196.0214,,306.9198,36.0214,27.3316,0.7397,RIGHT,0.9005,-0.1901,0.0293,95.7999,67.5,14.3139,163.8636,6.1026,0.3906,0.6695,0.4102,0.7849,0.0478,3.1058,0.1547,0.0
555,23.4095,histogram,pid,1,1,1,0.6,196.0214,,306.9198,36.0214,29.9386,0.7334,RIGHT,0.9005,-0.1876,0.0205,95.602,67.5,22.5953,7.4171,134.824,0.4628,0.7173,0.4025,0.8408,0.0507,3.79,0.157,0.0
556,23.4182,histogram,pid,1,1,1,0.6,196.0214,,306.9198,36.0214,31.7634,0.73,RIGHT,0.9005,-0.1849,0.0144,95.494,67.5,31.2262,8.0619,124.0408,0.4119,1.0726,0.4502,0.8093,0.0597,3.9461,0.1609,0.0
557,23.5777,histogram,pid,1,1,1,0.6,196.0214,,306.9198,36.0214,33.0408,0.7286,RIGHT,0.9005,-0.182,0.01,95.4518,67.5,39.5045,8.7815,113.8758,0.4493,1.0424,0.4148,1.3936,0.0481,3.028,0.1563,143.0143
558,23.5859,histogram,pid,1,1,1,0.0275,120.2774,9.3789,,-39.7226,11.2118,-1.0,LEFT,-0.9931,-0.182,-0.1712,67.5,100.0,10.8582,159.3565,6.2752,0.4133,1.0372,0.4062,1.5697,0.0499,2.9109,0.1762,0.0
559,23.5936,histogram,pid,1,1,1,0.0275,120.2774,9.3789,,-39.7226,-4.0686,-1.0,LEFT,-0.9931,-0.182,-0.1198,67.5,100.0,18.5559,8.1719,122.3703,0.3947,1.0147,0.407,1.1977,0.0487,2.8875,0.1741,0.0
560,23.6025,histogram,pid,1,1,1,0.0275,120.2774,9.3789,,-39.7226,-14.7648,-1.0,LEFT,-0.9931,-0.182,-0.0839,67.5,100.0,27.4705,7.8909,126.7286,0.441,1.0814,0.4498,1.5916,0.0529,3.3224,0.1816,0.0
561,23.7735,histogram,pid,1,1,1,0.0275,120.2774,9.3789,,-39.7226,-22.2521,-1.0,LEFT,-0.9931,-0.182,-0.0587,67.5,100.0,37.4239,9.6229,103.9183,1.0701,1.3953,0.4856,1.3167,0.0524,2.9837,0.1651,155.4069
562,23.782,histogram,pid,1,1,1,0.0442,121.3832,10.4847,,-38.6168,-27.1615,-1.0,LEFT,-0.9654,-0.182,-0.0387,67.5,100.0,13.3096,170.1371,5.8776,0.3959,1.0117,0.4049,1.2852,0.0729,3.4239,0.1848,0.0
563,23.7908,histogram,pid,1,1,1,0.0442,121.3832,10.4847,,-38.6168,-30.5981,-1.0,LEFT,-0.9654,-0.182,-0.0271,67.5,100.0,22.044,8.6035,116.2321,0.4536,1.4082,0.4432,1.062,0.0609,3.396,0.1841,0.0
564,23.8002,histogram,pid,1,1,1,0.0442,121.3832,10.4847,,-38.6168,-33.0037,-1.0,LEFT,-0.9654,-0.182,-0.0189,67.5,100.0,31.4601,9.2726,107.8448,0.7076,1.2481,0.4169,1.2329,0.0761,3.3438,0.1736,0.0
565,23.9637,histogram,pid,1,1,1,0.0467,121.505,10.6066,,-38.495,-34.6511,-1.0,LEFT,-0.9624,-0.182,-0.008,67.5,100.0,14.4467,8.7147,114.7483,0.451,1.0948,0.4073,1.5763,0.0576,3.0584,0.1699,147.6464
566,23.9721,histogram,pid,1,1,1,0.0892,199.2079,,310.1064,39.2079,-12.4934,0.9707,RIGHT,0.9802,-0.182,0.1725,100.0,67.5,16.8447,163.6291,6.1114,0.3924,1.1101,0.4165,1.3438,0.0618,3.1365,0.2257,0.0
567,23.9808,histogram,pid,1,1,1,0.0892,199.2079,,310.1064,39.2079,3.017,0.9221,RIGHT,0.9802,-0.1788,0.1207,100.0,67.5,25.5631,8.4526,118.3069,0.4091,1.108,0.4265,1.4457,0.0627,3.3544,0.1544,0.0
568,23.9928,histogram,pid,1,1,1,0.0892,199.2079,,310.1064,39.2079,13.8743,0.8902,RIGHT,0.9802,-0.1745,0.0845,100.0,67.5,37.5673,11.8294,84.5348,0.4158,1.0899,0.3942,1.8851,0.0516,3.1589,0.1701,0.0
569,24.1752,histogram,pid,1,1,1,0.1875,197.6268,,308.5253,37.6268,21.0,0.7621,RIGHT,0.9407,-0.1713,-0.0073,96.5047,67.5,17.1017,8.926,112.0326,0.5301,1.0559,0.418,1.4944,0.0544,3.8189,0.2593,167.0498
570,24.1832,histogram,pid,1,1,0,0.0556,161.3983,9.0107,313.786,1.3983,15.1195,-0.2136,LEFT,0.035,-0.169,-0.0796,60.0031,79.2291,9.2601,182.279,5.4861,0.3841,0.9919,0.446,0.9827,0.051,3.4501,0.1455,0.0
571,24.1913,histogram,pid,1,1,0,0.0556,161.3983,9.0107,313.786,1.3983,11.0032,-0.1896,LEFT,0.035,-0.1689,-0.0557,61.4066,78.4734,17.3205,7.9715,125.4469,0.3904,0.9937,0.4431,1.0542,0.0471,3.4354,0.1619,0.0
572,24.2006,histogram,pid,1,1,0,0.0556,161.3983,9.0107,313.786,1.3983,8.1217,-0.1728,LEFT,0.035,-0.1687,-0.039,62.3911,77.9433,26.615,8.211,121.7874,0.4216,1.0605,0.4069,1.1382,0.0495,4.3907,0.1449,0.0
573,24.366,histogram,pid,1,1,0,0.0556,161.3983,9.0107,313.786,1.3983,6.1047,-0.161,LEFT,0.035,-0.1686,-0.0273,63.0831,77.5707,35.5852,9.4811,105.4733,0.9028,1.0165,0.3958,1.1128,0.0491,3.5005,0.144,149.0582
574,24.3751,histogram,pid,1,1,1,0.0558,129.3072,10.7127,,-30.6928,-4.9346,-1.0,LEFT,-0.7673,-0.1686,-0.092,67.5,100.0,17.3033,165.1108,6.0565,0.3999,1.0282,0.4106,2.1977,0.0573,3.1913,0.1759,0.0
575,24.3835,histogram,pid,1,1,1,0.0558,129.3072,10.7127,,-30.6928,-12.662,-1.0,LEFT,-0.7673,-0.1686,-0.0644,67.5,100.0,25.7678,9.0298,110.7441,0.3936,1.0297,0.4617,1.3405,0.0632,3.3371,0.2139,0.0
576,24.3924,histogram,pid,1,1,1,0.0558,129.3072,10.7127,,-30.6928,-18.0713,-0.9835,LEFT,-0.7673,-0.1711,-0.0451,67.5,100.0,34.697,8.685,115.1412,0.3962,1.0917,0.5579,1.2012,0.0459,3.6213,0.1965,0.0
577,24.5706,histogram,pid,1,1,1,0.0558,129.3072,10.7127,,-30.6928,-21.8577,-0.9728,LEFT,-0.7673,-0.1739,-0.0316,67.5,100.0,48.5452,9.7064,103.0244,0.4186,1.8736,0.4258,4.835,0.0399,3.4107,0.2524,158.5229
578,24.5776,histogram,pid,1,0,0,0.0,0.0,,,0.0,-15.3004,-0.9728,HOLD,-0.7673,-0.1739,-0.0316,67.5,100.0,13.76,177.1846,5.6438,0.3975,1.1199,0.4635,1.2482,0.0657,2.0572,0.0069,0.0
579,24.5843,histogram,pid,1,0,0,0.0,0.0,,,0.0,-10.7103,-0.9728,HOLD,-0.7673,-0.1739,-0.0316,67.5,100.0,20.3906,7.5722,132.0614,0.4461,1.416,0.4512,1.2256,0.0495,0.8337,0.0082,0.0
580,24.5923,histogram,pid,1,1,1,0.0342,194.2048,,312.7993,34.2048,2.7642,1.0,RIGHT,0.8551,-0.1739,4.0399,100.0,67.5,11.0629,5.9914,166.907,0.394,1.0834,0.4064,1.6919,0.0464,2.7582,0.1816,0.0
581,24.7588,histogram,pid,1,1,1,0.0342,194.2048,,312.7993,34.2048,12.1964,1.0,RIGHT,0.8551,-0.1739,2.8279,100.0,67.5,19.3581,8.1022,123.4236,0.3814,1.0909,0.3982,1.6019,0.0459,2.9617,0.2142,150.818
582,24.7691,histogram,pid,1,1,0,0.0125,158.2287,6.1283,310.3292,-1.7713,8.0061,1.0,RIGHT,-0.0443,-0.1767,1.8985,100.0,67.5,18.6065,166.5664,6.0036,0.403,1.1995,0.519,1.8597,0.0408,4.4692,0.1728,0.0
583,24.7778,histogram,pid,1,1,0,0.0125,158.2287,6.1283,310.3292,-1.7713,5.0729,1.0,RIGHT,-0.0443,-0.1769,1.329,100.0,67.5,27.2645,10.4599,95.6035,0.408,1.0324,0.4267,1.1275,0.0485,3.6362,0.1749,0.0
584,24.7866,histogram,pid,1,1,0,0.025,159.8402,6.2205,313.4599,-0.1598,3.5031,0.8209,RIGHT,-0.004,-0.1769,1.0017,98.3573,67.5,16.932,8.4584,118.2261,0.3931,1.0157,0.4092,1.1089,0.0521,3.8322,0.2623,0.0
585,24.9631,histogram,pid,1,1,0,0.025,159.8402,6.2205,313.4599,-0.1598,2.4042,0.5203,RIGHT,-0.004,-0.1769,0.7012,88.8905,57.9396,25.2197,8.8437,113.0744,0.4047,0.9941,0.3947,1.2486,0.0561,3.4066,0.1736,162.768
586,24.9716,histogram,pid,1,1,1,0.115,136.3832,11.4255,,-23.6168,-5.4021,-0.3654,LEFT,-0.5904,-0.216,0.441,0.0,84.0091,14.7322,176.4838,5.6662,0.3948,1.1222,0.4689,1.1133,0.0489,3.3845,0.1624,0.0
587,24.9803,histogram,pid,1,1,1,0.115,136.3832,11.4255,,-23.6168,-10.8665,-0.4995,LEFT,-0.5904,-0.2178,0.3087,56.7231,88.2355,23.5338,8.446,118.3988,0.4065,1.0601,0.4038,1.3304,0.0558,3.7182,0.1594,0.0
588,24.9901,histogram,pid,1,1,1,0.115,136.3832,11.4255,,-23.6168,-14.6916,-0.5941,LEFT,-0.5904,-0.2198,0.2161,62.2555,91.2145,33.3638,8.8546,112.9361,0.4684,1.2356,0.708,1.3312,0.0439,4.1121,0.1594,0.0
589,25.1558,histogram,pid,1,1,1,0.115,136.3832,11.4255,,-23.6168,-17.3691,-0.6612,LEFT,-0.5904,-0.222,0.1513,66.1801,93.3278,42.2357,10.2093,97.9499,0.4121,1.0097,0.3912,1.3629,0.049,3.4206,0.1549,149.5484
590,25.1666,histogram,pid,1,1,1,0.1475,136.4739,11.5162,,-23.5261,-19.2162,-0.7405,LEFT,-0.5882,-0.2585,0.1061,67.5,95.8272,18.9146,165.2171,6.0526,0.4145,1.0648,0.4043,3.4311,0.0565,3.5891,0.1871,0.0
591,25.1756,histogram,pid,1,1,1,0.1475,136.4739,11.5162,,-23.5261,-20.5092,-0.7748,LEFT,-0.5882,-0.2609,0.0743,67.5,96.9048,27.9897,10.8036,92.562,0.4099,1.0717,0.4375,1.3062,0.0552,3.9212,0.1566,0.0
592,25.1849,histogram,pid,1,1,1,0.1475,136.4739,11.5162,,-23.5261,-21.4142,-0.7991,LEFT,-0.5882,-0.2629,0.052,67.5,97.6707,37.2842,9.2358,108.2748,0.5556,1.9405,0.4964,1.1262,0.0495,3.1534,0.153,0.0
593,25.3603,histogram,pid,1,1,1,0.1225,136.2515,11.2937,,-23.7485,-22.1145,-0.8314,LEFT,-0.5937,-0.2649,0.0272,67.5,98.69,14.4317,9.0915,109.9923,0.4049,0.9996,0.3968,1.1682,0.054,3.6479,0.1722,161.3452
594,25.3704,histogram,pid,1,1,1,0.0392,133.8808,8.9231,,-26.1192,-23.3159,-0.947,LEFT,-0.653,-0.308,0.014,67.5,100.0,18.5665,175.9357,5.6839,0.5839,2.4778,0.5765,1.0615,0.0542,3.0196,0.1603,0.0
595,25.3778,histogram,pid,1,1,1,0.0267,132.9086,7.9509,,-27.0914,-24.4486,-1.0,LEFT,-0.6773,-0.308,-0.0288,67.5,100.0,12.483,9.4407,105.9248,0.446,0.7245,0.4286,0.9896,0.0508,3.0336,0.1722,0.0
596,25.3853,histogram,pid,1,1,1,0.0267,132.9086,7.9509,,-27.0914,-25.2414,-1.0,LEFT,-0.6773,-0.308,-0.0202,67.5,100.0,19.9687,7.3848,135.4126,0.3903,0.6594,0.5636,0.8554,0.0533,3.2099,0.2059,0.0
597,25.5539,histogram,pid,1,1,1,0.0267,132.9086,7.9509,,-27.0914,-25.7964,-0.9994,LEFT,-0.6773,-0.308,-0.0141,67.5,100.0,28.0107,7.5552,132.3591,0.3924,0.661,0.4038,0.8698,0.0602,3.8654,0.1866,152.2902
598,25.5615,histogram,pid,1,1,0,0.0208,160.5216,6.8961,314.1471,0.5216,-17.901,-0.2426,LEFT,0.013,-0.3072,0.0515,58.3061,80.1429,9.1298,168.6509,5.9294,0.3961,0.6624,0.397,0.8997,0.0703,3.4185,0.1486,0.0
599,25.5698,histogram,pid,1,1,0,0.0208,160.5216,6.8961,314.1471,0.5216,-12.3742,-0.258,LEFT,0.013,-0.3071,0.0361,57.4042,80.6285,17.3878,7.6156,131.3091,0.3939,1.0372,0.4135,1.1398,0.0551,3.446,0.1484,0.0
600,25.579,histogram,pid,1,1,0,0.0208,160.5216,6.8961,314.1471,0.5216,-8.5055,-0.2688,LEFT,0.013,-0.3071,0.0252,56.7737,80.968,26.5727,8.2442,121.2973,0.3982,0.6831,0.4016,1.2019,0.0543,4.4075,0.3305,0.0
601,25.7604,histogram,pid,1,1,0,0.0208,160.5216,6.8961,314.1471,0.5216,-5.7973,-0.2764,LEFT,0.013,-0.3071,0.0177,56.3335,81.205,38.2967,9.7058,103.0316,0.7165,1.2951,1.0497,2.5224,0.0389,3.7882,0.1846,163.7214
602,25.7698,histogram,pid,1,1,0,0.0056,155.6213,3.9844,307.2583,-4.3787,-5.3717,-0.4217,LEFT,-0.1095,-0.3145,0.0022,52.1717,85.7848,15.3084,181.0589,5.5231,0.5153,1.2301,0.4331,0.9254,0.0642,4.2582,0.1547,0.0
603,25.7795,histogram,pid,1,1,0,0.0056,155.6213,3.9844,307.2583,-4.3787,-5.0738,-0.4228,LEFT,-0.1095,-0.3149,0.0016,52.234,85.8183,24.9544,9.6983,103.1107,0.6199,1.3736,0.6906,0.8664,0.0559,3.9103,0.1471,0.0
604,25.7874,histogram,pid,1,1,0,0.0208,157.0647,6.9064,307.2229,-2.9353,-4.4323,-0.3284,LEFT,-0.0734,-0.3151,0.0602,53.2905,82.8436,14.0222,9.1625,109.1401,0.3855,0.6541,0.4504,0.8949,0.0545,3.8171,0.142,0.0
605,25.9595,histogram,pid,1,1,0,0.0208,157.0647,6.9064,307.2229,-2.9353,-3.9832,-0.3466,LEFT,-0.0734,-0.3154,0.0421,52.2221,83.4189,22.1466,7.873,127.017,0.3887,0.6538,0.3959,0.8205,0.0513,4.1552,0.1477,155.9807
606,25.9692,histogram,pid,1,1,0,0.0597,159.1077,10.3388,307.8766,-0.8923,-3.0559,-0.3052,LEFT,-0.0223,-0.3168,0.0339,54.6449,82.1143,18.0563,173.2227,5.7729,0.7593,0.6519,0.3881,0.7485,0.0612,4.2996,0.1476,0.0
607,25.9815,histogram,pid,1,1,0,0.0597,160.4604,10.4202,310.5006,0.4604,-2.001,-0.2234,LEFT,0.0115,-0.3168,0.0819,59.4319,79.5366,19.8534,8.7243,114.623,0.4019,3.7205,0.4391,1.0915,0.0508,4.5255,0.3065,0.0
608,25.9911,histogram,pid,1,1,0,0.0597,160.4604,10.4202,310.5006,0.4604,-1.2626,-0.2479,LEFT,0.0115,-0.3167,0.0573,57.9982,80.3087,29.544,12.4421,80.372,0.4185,1.0608,0.4019,1.109,0.0562,4.5744,0.1496,0.0
609,26.1861,histogram,pid,1,1,0,0.0597,160.4604,10.4202,310.5006,0.4604,-0.7457,-0.265,LEFT,0.0115,-0.3167,0.0401,56.9948,80.849,39.7456,9.5982,104.1867,0.4072,1.0286,0.8393,1.2328,0.0519,4.743,0.1649,179.4556
610,26.1941,histogram,pid,1,1,1,0.0658,147.8555,10.8584,,-12.1445,-4.1653,-0.6386,LEFT,-0.3036,-0.3389,0.0038,64.8608,92.6174,13.5187,194.9615,5.1292,0.3988,0.9958,0.453,1.1679,0.0486,3.0256,0.1486,0.0
611,26.2026,histogram,pid,1,1,1,0.0658,147.8555,10.8584,,-12.1445,-6.5591,-0.6407,LEFT,-0.3036,-0.3398,0.0027,64.98,92.6816,22.0576,7.7842,128.466,0.382,1.0201,0.395,1.613,0.0473,3.39,0.2035,0.0
612,26.2116,histogram,pid,1,1,1,0.0658,147.8555,10.8584,,-12.1445,-8.2347,-0.6425,LEFT,-0.3036,-0.3407,0.0019,65.0843,92.7377,31.054,8.5818,116.5262,0.3941,1.0026,0.4168,1.4933,0.0516,3.9355,0.1506,0.0
613,26.3826,histogram,pid,1,1,1,0.0658,147.8555,10.8584,,-12.1445,-9.4076,-0.6441,LEFT,-0.3036,-0.3418,0.0013,65.1791,92.7887,39.6242,9.2699,107.8757,0.8721,1.0461,0.3956,1.1394,0.0541,3.072,0.1567,155.0524
614,26.3911,histogram,pid,1,1,1,0.0442,146.682,9.6848,,-13.318,-10.5807,-0.6977,LEFT,-0.333,-0.3631,-0.0017,67.5,94.4781,16.8599,170.7526,5.8564,0.3954,1.034,0.4123,1.4364,0.0515,3.4023,0.182,0.0
615,26.3996,histogram,pid,1,1,1,0.0442,146.682,9.6848,,-13.318,-11.4019,-0.6983,LEFT,-0.333,-0.3642,-0.0012,67.5,94.4962,25.3662,8.5871,116.4534,0.4039,1.0378,0.4837,1.4563,0.0497,3.2297,0.1801,0.0
616,26.4103,histogram,pid,1,1,1,0.0442,146.682,9.6848,,-13.318,-11.9767,-0.6991,LEFT,-0.333,-0.3653,-0.0008,67.5,94.5216,36.0029,9.2517,108.0882,2.4307,1.0531,0.4318,1.1796,0.0511,2.8895,0.2079,0.0
617,26.5924,histogram,pid,1,1,1,0.0292,147.9865,10.9894,,-12.0135,-11.9878,-0.6182,LEFT,-0.3003,-0.3665,0.0486,63.6666,91.9743,13.8229,9.9571,100.4313,0.4082,1.0378,0.4098,1.16,0.0709,3.5989,0.1664,167.3178
618,26.6011,histogram,pid,1,1,1,0.0492,148.2899,11.2927,,-11.7101,-11.9045,-0.6446,LEFT,-0.2928,-0.3865,0.0346,65.2097,92.8052,17.441,182.3248,5.4847,0.4727,1.0264,0.4132,1.2073,0.047,3.4211,0.1846,0.0
619,26.6104,histogram,pid,1,1,0,0.075,160.295,10.9336,309.6564,0.295,-8.2446,0.1861,RIGHT,0.0074,-0.3865,0.5652,78.362,61.6134,17.3903,8.3224,120.1571,0.3993,0.9921,0.3928,1.3293,0.0487,4.3639,0.2012,0.0
620,26.6215,histogram,pid,1,1,0,0.075,160.295,10.9336,309.6564,0.295,-5.6827,0.0166,STRAIGHT,0.0074,-0.3864,0.3956,73.0219,71.5307,28.5039,9.3406,107.06,0.3943,1.006,0.4015,2.6346,0.0455,4.9063,0.1456,0.0
621,26.7934,histogram,pid,1,1,0,0.075,160.295,10.9336,309.6564,0.295,-3.8894,-0.1021,LEFT,0.0074,-0.3864,0.2769,66.528,75.7157,37.5191,11.2761,88.683,0.3992,0.9963,0.3942,1.4908,0.05,3.8417,0.1512,155.5334
622,26.8036,histogram,pid,1,1,0,0.0972,159.1167,11.441,306.7924,-0.8833,-2.9876,-0.2186,LEFT,-0.0221,-0.3878,0.1913,59.7108,79.3865,18.4129,171.8773,5.8181,0.4077,1.017,0.3956,1.9423,0.0527,4.4424,0.1583,0.0
623,26.8157,histogram,pid,1,1,0,0.0972,159.1167,11.441,306.7924,-0.8833,-2.3563,-0.2761,LEFT,-0.0221,-0.3879,0.1339,56.3489,81.1967,30.5395,10.0726,99.2789,0.393,3.2772,0.4872,1.4129,0.059,4.6483,0.1557,0.0
624,26.8261,histogram,pid,1,1,0,0.0972,159.1167,11.441,306.7924,-0.8833,-1.9144,-0.3164,LEFT,-0.0221,-0.388,0.0937,53.993,82.4653,40.947,12.3777,80.7903,0.6762,1.0666,0.3928,1.2497,0.0558,4.875,0.1442,0.0
625,27.0167,histogram,pid,1,1,0,0.1319,159.3187,11.8012,306.8361,-0.6813,-1.5445,-0.332,LEFT,-0.017,-0.3881,0.0731,53.0799,82.957,21.9658,10.0685,99.3195,0.3925,3.6912,0.4486,1.528,0.0553,5.0,0.2115,172.0639
626,27.027,histogram,pid,1,1,0,0.3458,158.9732,11.9065,306.04,-1.0268,-1.3892,-0.3651,LEFT,-0.0257,-0.3899,0.0505,0.0,83.9994,16.74,190.6794,5.2444,0.5313,1.0876,0.4197,1.4122,0.0519,4.9765,0.145,0.0
627,27.037,histogram,pid,1,1,0,0.3458,158.9732,11.9065,306.04,-1.0268,-1.2804,-0.3803,LEFT,-0.0257,-0.39,0.0354,0.0,84.4801,26.7465,10.9703,91.1549,0.6235,1.058,0.3996,1.2348,0.0493,4.1851,0.1407,0.0
628,27.046,histogram,pid,1,1,0,0.3556,159.2243,11.8783,306.5702,-0.7757,-1.129,-0.3745,LEFT,-0.0194,-0.3901,0.0349,0.0,84.2975,16.5456,9.2326,108.312,0.3961,0.993,0.3936,1.3351,0.0477,4.1202,0.1442,0.0
629,27.224,histogram,pid,1,1,0,0.3556,159.2243,11.8783,306.5702,-0.7757,-1.023,-0.3851,LEFT,-0.0194,-0.3901,0.0245,0.0,84.6298,25.598,8.9572,111.6417,0.3861,1.0342,0.4402,1.1274,0.0491,4.3449,0.1748,161.3519
630,27.2336,histogram,pid,1,1,1,0.5642,281.3924,139.7233,,121.3924,35.7016,1.0,RIGHT,3.0348,-0.3901,0.2742,100.0,67.5,18.0721,178.1854,5.6121,0.4061,1.1034,0.4034,1.2599,0.0501,4.4969,0.1755,0.0
631,27.2447,histogram,pid,1,1,1,0.5642,281.3924,139.7233,,121.3924,61.4088,1.0,RIGHT,3.0348,-0.3901,0.192,100.0,67.5,29.1501,9.5564,104.6421,0.3995,1.0176,0.4136,2.4657,0.0462,4.915,0.1859,0.0
632,27.2565,histogram,pid,1,1,1,0.5642,281.3924,139.7233,,121.3924,79.4039,1.0,RIGHT,3.0348,-0.3901,0.1344,100.0,67.5,40.989,11.4205,87.5619,0.4096,1.4374,0.417,1.4915,0.064,5.7857,0.1802,0.0
633,27.4459,histogram,pid,0,1,1,0.5642,281.3924,139.7233,,121.3924,92.0005,1.0,RIGHT,3.0348,-0.3901,0.0941,0.0,0.0,53.3472,11.5698,86.4322,0.4527,2.6856,0.4341,1.6867,0.0533,5.0531,0.2303,170.2135
634,27.4587,histogram,pid,0,1,1,0.475,71.2545,,212.9236,-88.7455,37.7767,-1.0,STOP,-2.2186,-0.3901,-0.3502,0.0,0.0,20.5302,189.419,5.2793,0.4105,1.9589,0.5546,1.1447,0.0635,6.8765,0.2141,0.0
635,27.4718,histogram,pid,0,1,1,0.475,71.2545,,212.9236,-88.7455,-0.18,-1.0,STOP,-2.2186,-0.3901,-0.2451,0.0,0.0,33.577,13.2598,75.4157,0.4657,1.2107,0.5014,1.1169,0.064,7.288,0.2845,0.0
636,27.4883,histogram,pid,0,1,1,0.475,71.2545,,212.9236,-88.7455,-26.7496,-1.0,STOP,-2.2186,-0.3901,-0.1716,0.0,0.0,50.1366,13.8305,72.3041,0.6852,1.2246,1.0888,4.8761,0.0456,5.354,0.3142,0.0
637,27.6808,histogram,pid,0,1,0,0.5431,210.6751,159.4436,261.9066,50.6751,-3.5222,1.0,STOP,1.2669,-0.3901,2.9729,0.0,0.0,26.589,16.9037,59.1587,0.708,1.1005,0.4415,0.9358,0.0563,9.6619,0.2177,168.3869
638,27.6906,histogram,pid,0,1,0,0.3208,159.81,12.2244,307.3956,-0.19,-2.5226,1.0,STOP,-0.0048,-0.3905,1.981,0.0,0.0,18.5056,190.7409,5.2427,0.4191,1.0891,0.4005,2.071,0.0683,4.1237,0.1701,0.0
639,27.7032,histogram,pid,0,1,0,0.3208,159.81,12.2244,307.3956,-0.19,-1.8228,0.9915,STOP,-0.0048,-0.3905,1.3867,0.0,0.0,31.1155,10.3808,96.3321,0.527,1.4035,0.6044,1.1884,0.0508,6.6926,0.1422,0.0
640,27.7139,histogram,pid,0,1,0,0.3069,159.8478,12.2169,307.4788,-0.1522,-1.3216,0.5776,STOP,-0.0038,-0.3905,0.9719,0.0,0.0,12.1118,11.9292,83.8277,0.3878,1.0745,0.4328,2.411,0.0471,4.7712,0.1772,0.0
641,27.9123,histogram,pid,0,1,0,0.3069,159.8478,12.2169,307.4788,-0.1522,-0.9708,0.286,STOP,-0.0038,-0.3905,0.6803,0.0,0.0,24.5077,11.2904,88.5709,0.4391,1.2685,0.4475,2.5549,0.0688,5.315,0.2052,179.0373
642,27.923,histogram,pid,0,1,0,0.3111,159.9119,12.2032,307.6205,-0.0881,-0.706,0.0834,STOP,-0.0022,-0.3907,0.4763,0.0,0.0,18.8038,198.297,5.0429,0.4815,1.12,0.4598,2.4424,0.0572,4.1767,0.1545,0.0
643,27.933,histogram,pid,0,1,0,0.3083,159.9367,12.2169,307.6565,-0.0633,-0.5132,-0.0579,STOP,-0.0016,-0.3907,0.3343,0.0,0.0,20.1425,10.2476,97.5835,0.3933,1.0644,0.4537,2.141,0.0509,4.3786,0.2008,0.0
644,27.9445,histogram,pid,0,1,0,0.3083,159.9367,12.2169,307.6565,-0.0633,-0.3782,-0.1582,STOP,-0.0016,-0.3907,0.234,0.0,0.0,31.6101,10.276,97.3145,0.4345,1.9086,0.4344,2.102,0.0529,4.7893,0.1473,0.0
645,28.1288,histogram,pid,0,1,0,0.3083,159.9367,12.2169,307.6565,-0.0633,-0.2837,-0.2285,STOP,-0.0016,-0.3907,0.1638,0.0,0.0,42.654,11.5735,86.4046,0.7356,1.1643,0.4079,2.3935,0.0605,4.2923,0.1724,165.9349
646,28.1379,histogram,pid,0,1,0,0.3083,159.9254,12.2018,307.6491,-0.0746,-0.221,-0.2781,STOP,-0.0019,-0.3908,0.1147,0.0,0.0,9.8214,183.9831,5.4353,0.4631,1.0973,0.4331,1.2157,0.0494,4.2451,0.1544,0.0
647,28.1474,histogram,pid,0,1,0,0.3083,159.9254,12.2018,307.6491,-0.0746,-0.1771,-0.3125,STOP,-0.0019,-0.3909,0.0803,0.0,0.0,19.3622,9.1057,109.8212,0.3899,1.1228,0.415,1.7793,0.0595,4.1832,0.1727,0.0
648,28.1593,histogram,pid,0,1,0,0.3083,159.9254,12.2018,307.6491,-0.0746,-0.1463,-0.3365,STOP,-0.0019,-0.3909,0.0562,0.0,0.0,31.2278,9.7409,102.6603,0.4311,1.2679,0.4171,2.8639,0.0618,4.9741,0.1555,0.0
649,28.3412,histogram,pid,0,1,0,0.3083,159.9254,12.2018,307.6491,-0.0746,-0.1248,-0.3534,STOP,-0.0019,-0.3909,0.0393,0.0,0.0,40.7289,11.9424,83.7352,0.5281,1.2244,0.4225,1.238,0.0578,4.1702,0.1473,166.4501
650,28.3512,histogram,pid,0,1,0,0.3083,159.9274,12.2032,307.6516,-0.0726,-0.1091,-0.3653,STOP,-0.0018,-0.391,0.0275,0.0,0.0,17.0779,181.7831,5.5011,1.0037,1.3736,0.6012,1.3501,0.0461,4.0304,0.1422,0.0
651,28.3599,histogram,pid,0,1,0,0.3069,159.9395,12.2202,307.6588,-0.0605,-0.0945,-0.3728,STOP,-0.0015,-0.391,0.0197,0.0,0.0,14.3534,9.8679,101.3382,0.4199,1.1125,0.4461,1.1512,0.0524,4.0456,0.1549,0.0
652,28.3689,histogram,pid,0,1,0,0.3069,159.9395,12.2202,307.6588,-0.0605,-0.0843,-0.3787,STOP,-0.0015,-0.391,0.0138,0.0,0.0,23.2934,8.6334,115.8296,0.3922,1.1022,0.4023,1.1506,0.052,4.4182,0.1583,0.0
653,28.5512,histogram,pid,0,1,0,0.3069,159.9395,12.2202,307.6588,-0.0605,-0.0772,-0.3828,STOP,-0.0015,-0.391,0.0097,0.0,0.0,32.9459,9.0715,110.2354,0.4108,1.0771,0.4169,1.2789,0.0726,4.8371,0.1428,165.212
654,28.5605,histogram,pid,0,1,0,0.3069,159.9428,12.1968,307.6889,-0.0572,-0.0712,-0.3858,STOP,-0.0014,-0.3911,0.0068,0.0,0.0,17.6356,182.3055,5.4853,0.3961,1.0156,0.4689,1.1348,0.0576,4.6441,0.1481,0.0
655,28.5704,histogram,pid,0,1,0,0.3069,159.9428,12.1968,307.6889,-0.0572,-0.067,-0.3878,STOP,-0.0014,-0.3911,0.0047,0.0,0.0,27.4897,9.4239,106.1127,0.4949,1.0628,0.4099,1.5704,0.0421,4.5955,0.1607,0.0
656,28.5805,histogram,pid,0,1,0,0.3069,159.9428,12.1968,307.6889,-0.0572,-0.064,-0.3892,STOP,-0.0014,-0.3911,0.0033,0.0,0.0,37.5528,10.1424,98.5963,0.5131,1.2288,0.455,1.1767,0.0557,4.4498,0.2666,0.0
657,28.7735,histogram,pid,0,1,0,0.3069,159.9214,12.2007,307.642,-0.0786,-0.0684,-0.3916,STOP,-0.002,-0.3911,0.0015,0.0,0.0,16.3123,9.781,102.2394,0.453,1.0534,0.4007,1.1443,0.0533,4.4397,0.1444,178.2134
658,28.7838,histogram,pid,0,1,0,0.3083,159.9118,12.2116,307.6121,-0.0882,-0.0743,-0.3925,STOP,-0.0022,-0.3913,0.001,0.0,0.0,17.0833,193.1643,5.1769,0.4027,1.0713,0.4597,1.9788,0.0704,4.4806,0.1696,0.0
659,28.7937,histogram,pid,0,1,0,0.3083,159.9118,12.2116,307.6121,-0.0882,-0.0785,-0.3928,STOP,-0.0022,-0.3913,0.0007,0.0,0.0,26.9671,10.5543,94.7481,0.7427,1.3631,0.4306,1.1802,0.0565,4.1283,0.1558,0.0
660,28.8025,histogram,pid,0,1,0,0.3069,159.9251,12.2025,307.6476,-0.0749,-0.0774,-0.3921,STOP,-0.0019,-0.3913,0.001,0.0,0.0,14.9381,9.3849,106.5544,0.3921,1.0084,0.3916,1.3004,0.1315,4.0613,0.1474,0.0
661,28.9848,histogram,pid,0,1,0,0.3069,159.9251,12.2025,307.6476,-0.0749,-0.0767,-0.3925,STOP,-0.0019,-0.3913,0.0007,0.0,0.0,24.0537,8.7069,114.8513,0.3948,0.9937,0.3917,1.4138,0.0542,4.3897,0.1636,165.7093
662,28.9934,histogram,pid,0,1,0,0.3083,159.9366,12.2152,307.658,-0.0634,-0.0727,-0.3925,STOP,-0.0016,-0.3914,0.0005,0.0,0.0,16.2809,182.5863,5.4769,0.4054,0.6696,0.3996,1.1887,0.0505,4.1854,0.1423,0.0
663,29.0025,histogram,pid,0,1,0,0.3083,159.9366,12.2152,307.658,-0.0634,-0.0699,-0.3926,STOP,-0.0016,-0.3914,0.0004,0.0,0.0,25.3601,8.4077,118.9386,0.3939,1.0954,0.4436,1.0293,0.0587,4.4659,0.1695,0.0
664,29.0133,histogram,pid,0,1,0,0.3083,159.9366,12.2152,307.658,-0.0634,-0.0679,-0.3927,STOP,-0.0016,-0.3914,0.0003,0.0,0.0,36.1911,9.9984,100.0159,0.7179,1.2941,0.4108,1.1179,0.0493,4.8051,0.143,0.0
665,29.206,histogram,pid,0,1,0,0.3111,159.933,12.2159,307.65,-0.067,-0.0677,-0.3931,STOP,-0.0017,-0.3914,0.0,0.0,0.0,16.1425,9.9483,100.5201,0.3884,0.7236,0.4045,1.2068,0.0516,4.6197,0.1811,177.6556
666,29.2146,histogram,pid,0,1,0,0.3083,159.9323,12.2177,307.647,-0.0677,-0.0677,-0.3932,STOP,-0.0017,-0.3916,0.0,0.0,0.0,15.9235,192.7241,5.1888,0.4031,0.6798,0.4365,1.285,0.0533,4.1909,0.1502,0.0
667,29.2238,histogram,pid,0,1,0,0.3083,159.9323,12.2177,307.647,-0.0677,-0.0677,-0.3932,STOP,-0.0017,-0.3916,0.0,0.0,0.0,25.1122,8.5226,117.3345,0.3861,1.0379,0.4258,1.4476,0.0641,4.3239,0.1451,0.0
668,29.2354,histogram,pid,0,1,0,0.3083,159.9323,12.2177,307.647,-0.0677,-0.0677,-0.3932,STOP,-0.0017,-0.3916,0.0,0.0,0.0,36.6826,9.3457,107.0016,0.43,1.1369,1.2314,1.8619,0.0619,5.0981,0.1515,0.0
669,29.4212,histogram,pid,0,1,0,0.3083,159.9323,12.2177,307.647,-0.0677,-0.0677,-0.3933,STOP,-0.0017,-0.3916,0.0,0.0,0.0,46.0547,11.5648,86.4692,0.3919,1.3272,0.4251,1.3433,0.0492,4.2033,0.1507,169.2696
670,29.4299,histogram,pid,0,1,0,0.3069,159.9374,12.2176,307.6573,-0.0626,-0.0662,-0.3932,STOP,-0.0016,-0.3917,0.0,0.0,0.0,17.2145,185.812,5.3818,0.4012,0.6678,0.4057,1.2857,0.0523,4.2417,0.1432,0.0
671,29.4393,histogram,pid,0,1,0,0.3069,159.9374,12.2176,307.6573,-0.0626,-0.0651,-0.3932,STOP,-0.0016,-0.3917,0.0,0.0,0.0,26.5628,8.6254,115.9373,0.3982,1.0178,0.4035,1.2322,0.0508,4.7237,0.153,0.0
672,29.4539,histogram,pid,0,1,0,0.3069,159.9374,12.2176,307.6573,-0.0626,-0.0643,-0.3932,STOP,-0.0016,-0.3917,0.0,0.0,0.0,41.1882,9.4761,105.5284,0.4556,1.3469,0.5141,5.0986,0.0387,5.2518,0.1699,0.0
673,29.6471,histogram,pid,0,1,0,0.3069,159.9374,12.2176,307.6573,-0.0626,-0.0638,-0.3933,STOP,-0.0016,-0.3917,0.0,0.0,0.0,51.2364,14.9203,67.0228,0.704,1.0623,0.4147,1.2582,0.0635,4.5598,0.1722,177.062
674,29.6565,histogram,pid,0,1,0,0.3069,159.9382,12.2236,307.6529,-0.0618,-0.0632,-0.3933,STOP,-0.0015,-0.3918,0.0,0.0,0.0,16.3847,192.8116,5.1864,0.5766,1.0834,0.4181,1.0979,0.0576,4.5346,0.1551,0.0
675,29.6675,histogram,pid,0,1,0,0.3069,159.9382,12.2236,307.6529,-0.0618,-0.0628,-0.3934,STOP,-0.0015,-0.3918,0.0,0.0,0.0,27.3808,9.3657,106.7731,0.4436,1.0169,0.4173,2.7838,0.0409,4.5447,0.1386,0.0
676,29.676,histogram,pid,0,1,0,0.3069,159.9485,12.237,307.6601,-0.0515,-0.0594,-0.3928,STOP,-0.0013,-0.3918,0.0004,0.0,0.0,12.4329,10.8788,91.9217,0.3865,1.0071,0.4544,1.2265,0.0481,4.0714,0.1409,0.0
677,29.8628,histogram,pid,0,1,0,0.3069,159.9485,12.237,307.6601,-0.0515,-0.057,-0.3929,STOP,-0.0013,-0.3918,0.0002,0.0,0.0,20.9643,8.5785,116.5708,0.3833,1.0612,0.4045,1.1504,0.0487,4.0774,0.1409,170.8833
678,29.8717,histogram,pid,0,1,0,0.3069,159.9389,12.1993,307.6784,-0.0611,-0.0582,-0.3933,STOP,-0.0015,-0.3919,0.0002,0.0,0.0,16.3863,186.9274,5.3497,0.3979,1.0054,0.3975,1.1531,0.0557,4.2363,0.1496,0.0
679,29.8811,histogram,pid,0,1,0,0.3069,159.9389,12.1993,307.6784,-0.0611,-0.0591,-0.3934,STOP,-0.0015,-0.3919,0.0001,0.0,0.0,25.8065,8.7758,113.9501,0.3965,1.0725,0.4589,1.2671,0.0478,4.6388,0.1749,0.0
680,29.8915,histogram,pid,0,1,0,0.3069,159.9389,12.1993,307.6784,-0.0611,-0.0597,-0.3934,STOP,-0.0015,-0.3919,0.0001,0.0,0.0,36.206,9.7525,102.5375,0.7533,1.3826,0.4304,0.936,0.0503,5.0072,0.1469,0.0
681,30.0848,histogram,pid,0,1,0,0.3069,159.9082,12.1973,307.6191,-0.0918,-0.0693,-0.3953,STOP,-0.0023,-0.392,-0.0011,0.0,0.0,14.8047,9.9992,100.008,0.3844,0.7404,0.4631,0.7806,0.0501,4.1252,0.1519,178.5364
682,30.0936,histogram,pid,0,1,0,0.3042,159.9078,12.1969,307.6188,-0.0922,-0.0762,-0.3952,STOP,-0.0023,-0.3921,-0.0008,0.0,0.0,12.1875,193.5226,5.1674,0.4166,0.6926,0.3899,1.1044,0.0497,4.5382,0.1581,0.0
683,30.1023,histogram,pid,0,1,0,0.3042,159.9078,12.1969,307.6188,-0.0922,-0.081,-0.395,STOP,-0.0023,-0.3921,-0.0005,0.0,0.0,20.8868,8.8502,112.9912,0.416,0.6677,0.409,0.8032,0.049,4.6806,0.1558,0.0
684,30.1117,histogram,pid,0,1,0,0.3042,159.9078,12.1969,307.6188,-0.0922,-0.0843,-0.3948,STOP,-0.0023,-0.3921,-0.0004,0.0,0.0,30.2671,9.092,109.9872,0.6388,1.1434,0.4619,0.8532,0.0518,4.1957,0.1492,0.0
685,30.2998,histogram,pid,0,1,0,0.3042,159.9376,12.2131,307.6621,-0.0624,-0.0778,-0.3927,STOP,-0.0016,-0.3921,0.001,0.0,0.0,14.2079,8.7774,113.9285,0.3771,0.6703,0.4417,0.8556,0.0567,4.0786,0.144,172.9337
686,30.3084,histogram,pid,0,1,0,0.3111,159.6905,11.9215,307.4595,-0.3095,-0.1473,-0.4002,STOP,-0.0077,-0.3927,0.0002,0.0,0.0,16.7262,188.1514,5.3149,0.3825,1.0982,0.4346,0.8168,0.0508,4.2979,0.1489,0.0
687,30.3173,histogram,pid,0,1,0,0.3111,159.6905,11.9215,307.4595,-0.3095,-0.196,-0.4003,STOP,-0.0077,-0.3927,0.0001,0.0,0.0,25.6171,8.6218,115.9856,0.4623,0.6833,0.4008,1.1571,0.0487,4.6032,0.1584,0.0
688,30.3276,histogram,pid,0,1,0,0.3111,159.6905,11.9215,307.4595,-0.3095,-0.23,-0.4004,STOP,-0.0077,-0.3927,0.0001,0.0,0.0,35.9183,9.0032,111.0721,0.4021,0.6936,0.4441,1.0945,0.0524,5.9507,0.1483,0.0
689,30.5247,histogram,pid,0,1,0,0.3111,159.6905,11.9215,307.4595,-0.3095,-0.2539,-0.4004,STOP,-0.0077,-0.3928,0.0001,0.0,0.0,45.9877,10.8357,92.2875,0.6493,1.0935,0.3977,1.0783,0.0522,4.6068,0.1746,181.7566
690,30.5328,histogram,pid,0,1,0,0.325,159.7258,12.0464,307.4052,-0.2742,-0.26,-0.4,STOP,-0.0069,-0.3933,0.0001,0.0,0.0,13.1767,196.4167,5.0912,0.456,0.7447,0.4238,0.7541,0.0499,4.1051,0.1491,0.0
691,30.5415,histogram,pid,0,1,0,0.325,159.7258,12.0464,307.4052,-0.2742,-0.2642,-0.4001,STOP,-0.0069,-0.3933,0.0001,0.0,0.0,21.907,8.1964,122.0041,0.4493,0.7667,0.4339,0.9013,0.0563,4.4897,0.1462,0.0
692,30.5509,histogram,pid,0,1,0,0.325,159.7258,12.0464,307.4052,-0.2742,-0.2672,-0.4001,STOP,-0.0069,-0.3933,0.0001,0.0,0.0,31.3301,8.9566,111.6495,0.6235,1.3881,0.4399,0.8756,0.0499,4.1994,0.1484,0.0
693,30.7402,histogram,pid,0,1,0,0.325,159.7107,12.0246,307.3969,-0.2893,-0.2738,-0.4012,STOP,-0.0072,-0.3933,-0.0006,0.0,0.0,13.8747,9.0105,110.9822,0.3921,0.6331,0.3998,0.9109,0.0538,4.1078,0.1447,173.991
694,30.7484,histogram,pid,0,1,0,0.3347,159.6842,11.9627,307.4056,-0.3158,-0.2864,-0.4023,STOP,-0.0079,-0.3939,-0.0005,0.0,0.0,16.4824,189.4309,5.279,0.3971,0.7149,0.3993,0.8332,0.0583,4.2291,0.1518,0.0
695,30.7569,histogram,pid,0,1,0,0.3347,159.6842,11.9627,307.4056,-0.3158,-0.2953,-0.4021,STOP,-0.0079,-0.3939,-0.0003,0.0,0.0,24.9697,8.1679,122.4304,0.4601,0.677,0.3914,0.7639,0.0519,4.6009,0.1479,0.0
696,30.7671,histogram,pid,0,1,0,0.3347,159.6842,11.9627,307.4056,-0.3158,-0.3014,-0.4021,STOP,-0.0079,-0.394,-0.0002,0.0,0.0,35.0451,8.5936,116.3659,0.4193,0.8637,0.4319,1.292,0.0539,5.1624,0.3005,0.0
697,30.9725,histogram,pid,0,1,0,0.3347,159.6842,11.9627,307.4056,-0.3158,-0.3058,-0.402,STOP,-0.0079,-0.394,-0.0002,0.0,0.0,44.5516,10.7426,93.0875,0.7038,0.7058,0.404,1.1436,0.0493,4.1685,0.1457,190.6622
698,30.9812,histogram,pid,0,1,0,0.3389,159.6797,11.974,307.3854,-0.3203,-0.3101,-0.4027,STOP,-0.008,-0.3946,-0.0001,0.0,0.0,15.0,204.8583,4.8814,0.4824,0.8338,0.4317,0.7957,0.0511,4.4767,0.1441,0.0
699,30.9912,histogram,pid,0,1,0,0.3389,159.6797,11.974,307.3854,-0.3203,-0.3132,-0.4027,STOP,-0.008,-0.3946,-0.0001,0.0,0.0,24.9368,9.6808,103.2971,0.6405,1.2366,0.4008,0.8233,0.0486,4.2027,0.1415,0.0
700,30.9992,histogram,pid,0,1,0,0.3375,159.6752,11.985,307.3653,-0.3248,-0.3167,-0.403,STOP,-0.0081,-0.3947,-0.0003,0.0,0.0,14.1981,8.7494,114.2934,0.3765,0.6395,0.3958,1.0506,0.0478,4.1095,0.1475,0.0
701,31.1931,histogram,pid,0,1,0,0.3375,159.6752,11.985,307.3653,-0.3248,-0.3191,-0.403,STOP,-0.0081,-0.3947,-0.0002,0.0,0.0,22.3867,8.0269,124.5816,0.3804,0.6719,0.4012,0.8493,0.0508,4.4227,0.1488,178.1598
702,31.2026,histogram,pid,0,1,0,0.3389,159.6625,11.971,307.3539,-0.3375,-0.3246,-0.4039,STOP,-0.0084,-0.3953,-0.0001,0.0,0.0,17.9126,194.2446,5.1481,0.4286,0.6987,0.4044,0.7675,0.0522,5.3059,0.1461,0.0
703,31.2122,histogram,pid,0,1,0,0.3389,159.6625,11.971,307.3539,-0.3375,-0.3285,-0.4039,STOP,-0.0084,-0.3953,-0.0001,0.0,0.0,27.5169,9.6279,103.8648,0.9629,0.8218,0.4542,1.0631,0.0499,4.3242,0.1433,0.0
704,31.2206,histogram,pid,0,1,0,0.3361,159.6807,11.985,307.3764,-0.3193,-0.3258,-0.4027,STOP,-0.008,-0.3954,0.0007,0.0,0.0,15.5793,9.1593,109.1786,0.3924,0.7149,0.3983,0.716,0.0501,4.7343,0.1451,0.0
705,31.4266,histogram,pid,0,1,0,0.3361,159.6807,11.985,307.3764,-0.3193,-0.3238,-0.4029,STOP,-0.008,-0.3954,0.0005,0.0,0.0,27.041,8.4742,118.0059,0.4278,2.7845,0.4322,1.2397,0.0487,4.9835,0.1976,188.484
706,31.4346,histogram,pid,0,1,0,0.3319,159.6612,11.9671,307.3552,-0.3388,-0.3283,-0.4042,STOP,-0.0085,-0.396,0.0003,0.0,0.0,9.4922,205.9278,4.8561,0.3874,0.7055,0.4233,0.8306,0.0542,4.1091,0.1492,0.0
707,31.4425,histogram,pid,0,1,0,0.3319,159.6612,11.9671,307.3552,-0.3388,-0.3315,-0.4043,STOP,-0.0085,-0.3961,0.0002,0.0,0.0,17.4758,7.9661,125.5321,0.3945,0.7113,0.4007,0.8596,0.053,4.1311,0.1449,0.0
708,31.4514,histogram,pid,0,1,0,0.3319,159.6612,11.9671,307.3552,-0.3388,-0.3337,-0.4044,STOP,-0.0085,-0.3961,0.0001,0.0,0.0,26.3389,7.9681,125.5001,0.3868,0.9782,0.4649,1.1596,0.0542,4.3298,0.1728,0.0
709,31.6474,histogram,pid,0,1,0,0.3319,159.6612,11.9671,307.3552,-0.3388,-0.3352,-0.4045,STOP,-0.0085,-0.3961,0.0001,0.0,0.0,36.6866,9.2671,107.909,0.9097,2.0686,0.425,0.8498,0.0574,4.219,0.1454,177.3074
710,31.6558,histogram,pid,0,1,0,0.3486,159.6498,11.9689,307.3307,-0.3502,-0.3397,-0.4055,STOP,-0.0088,-0.3968,0.0,0.0,0.0,11.2852,195.8315,5.1064,0.4185,0.7265,0.4447,0.843,0.0497,4.2527,0.1534,0.0
711,31.6639,histogram,pid,0,1,0,0.3486,159.6498,11.9689,307.3307,-0.3502,-0.3429,-0.4055,STOP,-0.0088,-0.3968,0.0,0.0,0.0,19.3652,8.2508,121.2,0.3876,0.7436,0.3968,0.7115,0.0496,4.263,0.1564,0.0
712,31.6735,histogram,pid,0,1,0,0.3486,159.6498,11.9689,307.3307,-0.3502,-0.3451,-0.4055,STOP,-0.0088,-0.3968,0.0,0.0,0.0,28.9372,8.2281,121.5353,0.4733,0.7913,0.4229,0.9215,0.0522,5.2226,0.1524,0.0
713,31.8797,histogram,pid,0,1,0,0.3486,159.6498,11.9689,307.3307,-0.3502,-0.3466,-0.4056,STOP,-0.0088,-0.3968,0.0,0.0,0.0,40.3448,9.7593,102.4663,0.6764,2.6963,0.408,1.0998,0.0469,4.5898,0.1693,188.8061
714,31.8879,histogram,pid,0,1,0,0.3403,159.6585,11.9773,307.3397,-0.3415,-0.3451,-0.406,STOP,-0.0085,-0.3975,0.0,0.0,0.0,11.2384,205.8459,4.858,0.3848,0.6435,0.4351,0.7485,0.0492,4.5001,0.1428,0.0
715,31.8975,histogram,pid,0,1,0,0.3403,159.6585,11.9773,307.3397,-0.3415,-0.344,-0.406,STOP,-0.0085,-0.3975,0.0,0.0,0.0,20.8688,8.3313,120.0294,0.4195,0.7156,0.4298,1.4443,0.0374,5.0238,0.1436,0.0
716,31.9055,histogram,pid,0,1,0,0.3403,159.6585,11.9773,307.3397,-0.3415,-0.3433,-0.4061,STOP,-0.0085,-0.3976,0.0,0.0,0.0,28.8608,9.6941,103.1556,0.3947,0.6404,0.4098,0.7308,0.0558,4.1169,0.1449,0.0
717,32.0992,histogram,pid,0,1,0,0.3417,159.6731,11.9787,307.3675,-0.3269,-0.3383,-0.405,STOP,-0.0082,-0.3976,0.0007,0.0,0.0,15.2266,7.8213,127.856,0.3787,0.6243,0.4007,0.7294,0.0558,4.1297,0.1431,178.4422
718,32.1077,histogram,pid,0,1,0,0.3333,159.654,11.9734,307.3345,-0.346,-0.3406,-0.4064,STOP,-0.0087,-0.3982,0.0005,0.0,0.0,16.7617,193.6789,5.1632,0.3917,0.6427,0.4046,0.8519,0.0514,4.6058,0.1863,0.0
719,32.1192,histogram,pid,0,1,0,0.3333,159.654,11.9734,307.3345,-0.346,-0.3423,-0.4066,STOP,-0.0087,-0.3982,0.0003,0.0,0.0,28.2649,8.6101,116.1421,0.4055,0.8498,0.6404,2.5712,0.0631,5.0885,0.1518,0.0
720,32.1278,histogram,pid,0,1,0,0.3319,159.6754,11.99,307.3607,-0.3246,-0.337,-0.4055,STOP,-0.0081,-0.3983,0.0009,0.0,0.0,10.1063,11.3551,88.0664,0.3843,1.0097,0.4387,1.2058,0.0505,4.067,0.1397,0.0
721,32.3249,histogram,pid,0,1,0,0.3319,159.6754,11.99,307.3607,-0.3246,-0.3333,-0.4058,STOP,-0.0081,-0.3983,0.0007,0.0,0.0,19.4512,8.5905,116.4075,0.4008,1.0749,0.4153,1.2529,0.0543,4.6713,0.1589,182.472
722,32.3374,histogram,pid,0,1,0,0.3347,159.6597,11.9861,307.3334,-0.3403,-0.3354,-0.407,STOP,-0.0085,-0.3989,0.0004,0.0,0.0,18.671,197.2871,5.0688,0.4022,1.0099,0.4031,3.8866,0.0511,4.8108,0.1478,0.0
723,32.3462,histogram,pid,0,1,0,0.3347,159.6597,11.9861,307.3334,-0.3403,-0.3368,-0.4072,STOP,-0.0085,-0.399,0.0003,0.0,0.0,27.4671,13.0233,76.7855,0.6864,0.6342,0.3894,0.7229,0.0545,4.16,0.1509,0.0
724,32.354,histogram,pid,0,1,0,0.3333,159.6441,11.9869,307.3013,-0.3559,-0.3426,-0.4084,STOP,-0.0089,-0.399,-0.0005,0.0,0.0,14.9403,8.0845,123.6931,0.3912,0.6365,0.3985,0.7544,0.0494,4.1226,0.2044,0.0
725,32.5501,histogram,pid,0,1,0,0.3333,159.6441,11.9869,307.3013,-0.3559,-0.3466,-0.4083,STOP,-0.0089,-0.399,-0.0004,0.0,0.0,23.7094,8.0156,124.7573,0.4156,0.87,0.4091,0.8355,0.0586,4.3667,0.1905,179.499
726,32.5621,histogram,pid,0,1,0,0.3278,159.7125,11.9865,307.4384,-0.2875,-0.3288,-0.4069,STOP,-0.0072,-0.3996,-0.0001,0.0,0.0,21.8753,196.1331,5.0986,0.4261,2.4845,0.5023,1.3667,0.0393,5.4679,0.2091,0.0
727,32.5706,histogram,pid,0,1,0,0.325,159.6822,11.9409,307.4235,-0.3178,-0.3255,-0.4086,STOP,-0.0079,-0.3996,-0.001,0.0,0.0,9.9707,11.8398,84.4612,0.4105,0.6555,0.4018,1.1759,0.1134,4.208,0.1458,0.0
728,32.5798,histogram,pid,0,1,0,0.325,159.6822,11.9409,307.4235,-0.3178,-0.3232,-0.4083,STOP,-0.0079,-0.3996,-0.0007,0.0,0.0,19.1411,8.4586,118.2224,0.3904,0.6285,0.4023,0.7863,0.0733,5.2897,0.1589,0.0
729,32.788,histogram,pid,0,1,0,0.325,159.6822,11.9409,307.4235,-0.3178,-0.3216,-0.4081,STOP,-0.0079,-0.3996,-0.0005,0.0,0.0,28.8652,9.2269,108.3793,0.3953,0.8819,0.4313,1.1971,0.0621,5.15,0.1713,193.2369
730,32.7962,histogram,pid,0,1,0,0.3319,159.6512,11.9206,307.3818,-0.3488,-0.3297,-0.4091,STOP,-0.0087,-0.4,-0.0004,0.0,0.0,14.4617,208.1181,4.805,0.3853,0.6815,0.3984,0.7486,0.0505,4.4754,0.1647,0.0
731,32.805,histogram,pid,0,1,0,0.3319,159.6512,11.9206,307.3818,-0.3488,-0.3355,-0.409,STOP,-0.0087,-0.4,-0.0003,0.0,0.0,23.3356,8.2446,121.2919,0.3892,0.714,0.4093,0.7742,0.0787,4.9754,0.1417,0.0
732,32.8142,histogram,pid,0,1,0,0.3319,159.6512,11.9206,307.3818,-0.3488,-0.3395,-0.4089,STOP,-0.0087,-0.4,-0.0002,0.0,0.0,32.4483,9.1948,108.7574,0.8766,0.9997,0.3986,0.725,0.0646,4.1808,0.1531,0.0
733,33.0124,histogram,pid,0,1,0,0.3347,159.6492,11.9336,307.3649,-0.3508,-0.3429,-0.409,STOP,-0.0088,-0.4,-0.0002,0.0,0.0,14.8227,8.7585,114.1751,0.3908,0.7047,0.389,0.8379,0.0535,4.1075,0.1523,182.8199
734,33.0216,histogram,pid,0,1,0,0.3375,159.656,11.9457,307.3663,-0.344,-0.3432,-0.4087,STOP,-0.0086,-0.4,-0.0001,0.0,0.0,17.412,198.3176,5.0424,0.456,0.9081,0.4398,1.1381,0.0546,4.4951,0.1916,0.0
735,33.0316,histogram,pid,0,1,0,0.3375,159.656,11.9457,307.3663,-0.344,-0.3434,-0.4087,STOP,-0.0086,-0.4,-0.0001,0.0,0.0,27.4703,10.0258,99.7426,0.7436,1.1953,0.4715,0.7877,0.049,4.3594,0.1459,0.0
736,33.0405,histogram,pid,0,1,0,0.3389,159.6514,11.9443,307.3586,-0.3486,-0.345,-0.409,STOP,-0.0087,-0.4,-0.0003,0.0,0.0,15.3557,9.0746,110.1975,0.3938,0.6618,0.435,1.0736,0.0514,4.8675,0.1515,0.0
737,33.2525,histogram,pid,0,1,0,0.3389,159.6514,11.9443,307.3586,-0.3486,-0.3461,-0.4089,STOP,-0.0087,-0.4,-0.0002,0.0,0.0,24.8604,8.9439,111.8081,0.4406,1.012,0.3923,1.1255,0.0482,4.924,0.2312,196.6485
738,33.2603,histogram,pid,0,1,0,0.3361,159.6529,11.9541,307.3517,-0.3471,-0.3464,-0.4088,STOP,-0.0087,-0.4,-0.0001,0.0,0.0,9.6483,211.9397,4.7183,0.3871,0.7097,0.3967,0.7421,0.0509,4.1261,0.1418,0.0
739,33.2686,histogram,pid,0,1,0,0.3361,159.6529,11.9541,307.3517,-0.3471,-0.3466,-0.4088,STOP,-0.0087,-0.4,-0.0001,0.0,0.0,17.8989,7.8408,127.5384,0.3893,0.7865,0.4059,0.7748,0.0508,4.4088,0.1441,0.0
740,33.2781,histogram,pid,0,1,0,0.3361,159.6529,11.9541,307.3517,-0.3471,-0.3467,-0.4087,STOP,-0.0087,-0.4,-0.0001,0.0,0.0,27.3683,8.5056,117.5701,0.4504,0.6407,0.4068,1.2688,0.047,4.9321,0.1955,0.0
741,33.4756,histogram,pid,0,1,0,0.3361,159.6529,11.9541,307.3517,-0.3471,-0.3468,-0.4087,STOP,-0.0087,-0.4,-0.0,0.0,0.0,36.3026,9.5702,104.4911,0.8317,0.694,0.4968,0.9315,0.0504,4.1226,0.1501,181.3156
742,33.4845,histogram,pid,0,1,0,0.3389,159.652,11.9306,307.3734,-0.348,-0.3472,-0.4087,STOP,-0.0087,-0.4,-0.0,0.0,0.0,17.0487,197.3644,5.0668,0.389,0.6732,0.4593,1.1546,0.0566,4.4725,0.1441,0.0
743,33.4943,histogram,pid,0,1,0,0.3389,159.652,11.9306,307.3734,-0.348,-0.3474,-0.4087,STOP,-0.0087,-0.4,-0.0,0.0,0.0,26.8306,8.9806,111.3516,0.4891,0.7852,0.4313,1.1006,0.0516,5.0505,0.1554,0.0
744,33.505,histogram,pid,0,1,0,0.3389,159.652,11.9306,307.3734,-0.348,-0.3476,-0.4087,STOP,-0.0087,-0.4,-0.0,0.0,0.0,37.5746,9.7917,102.1273,0.8004,0.7288,0.4237,1.5036,0.042,5.5302,0.1423,0.0
745,33.7208,histogram,pid,0,1,0,0.3389,159.652,11.9306,307.3734,-0.348,-0.3477,-0.4087,STOP,-0.0087,-0.4,-0.0,0.0,0.0,47.7796,11.0171,90.7679,0.3996,1.095,0.4351,1.2338,0.0484,4.8415,0.2167,200.1373
746,33.7293,histogram,pid,0,1,0,0.3361,159.6375,11.945,307.3301,-0.3625,-0.3521,-0.4091,STOP,-0.0091,-0.4,-0.0,0.0,0.0,12.8334,215.2496,4.6458,0.4626,0.9998,0.3907,1.094,0.0479,4.0963,0.1411,0.0
747,33.7388,histogram,pid,0,1,0,0.3361,159.6375,11.945,307.3301,-0.3625,-0.3552,-0.4091,STOP,-0.0091,-0.4,-0.0,0.0,0.0,22.3661,8.5439,117.0419,0.3864,1.0086,0.3966,1.872,0.0486,4.354,0.1445,0.0
748,33.7483,histogram,pid,0,1,0,0.3361,159.6375,11.945,307.3301,-0.3625,-0.3574,-0.4091,STOP,-0.0091,-0.4,-0.0,0.0,0.0,31.7917,9.5368,104.8575,0.3867,1.0335,0.4349,1.15,0.0534,4.8961,0.1451,0.0
749,33.9501,histogram,pid,0,1,0,0.3361,159.6375,11.945,307.3301,-0.3625,-0.3589,-0.4091,STOP,-0.0091,-0.4,-0.0,0.0,0.0,41.8967,9.7085,103.0023,0.5396,1.1126,0.398,2.18,0.0889,4.0446,0.1478,184.3457
750,33.9595,histogram,pid,0,1,0,0.3375,160.0427,11.963,308.1224,0.0427,-0.2384,-0.3981,STOP,0.0011,-0.3999,0.0007,0.0,0.0,17.7543,201.5955,4.9604,0.3944,1.0236,0.4116,1.4466,0.0501,4.5644,0.1532,0.0
751,33.9706,histogram,pid,0,1,0,0.3375,160.0427,11.963,308.1224,0.0427,-0.1541,-0.3983,STOP,0.0011,-0.3999,0.0005,0.0,0.0,28.8497,9.4861,105.4177,0.3948,1.9219,0.4349,1.2412,0.0644,5.4002,0.1609,0.0
752,33.9809,histogram,pid,0,1,0,0.3375,160.0427,11.963,308.1224,0.0427,-0.0951,-0.3985,STOP,0.0011,-0.3999,0.0004,0.0,0.0,39.0688,11.688,85.5576,0.727,1.297,0.4023,1.0444,0.0457,4.4892,0.1581,0.0
753,34.1965,histogram,pid,0,1,0,0.3361,159.9904,11.9655,308.0153,-0.0096,-0.0694,-0.4019,STOP,-0.0002,-0.3999,-0.0017,0.0,0.0,16.5063,9.8372,101.6553,0.424,0.6646,0.409,1.1812,0.0753,4.5306,0.2122,200.8586
754,34.2049,histogram,pid,0,1,0,0.7806,189.6445,140.1288,239.1602,29.6445,8.8447,0.4515,STOP,0.7411,-0.3401,0.0504,0.0,0.0,12.7588,215.3667,4.6432,0.4534,0.6435,0.3852,0.7166,0.0573,4.6549,0.1484,0.0
755,34.2142,histogram,pid,0,1,0,0.7806,189.6445,140.1288,239.1602,29.6445,15.0847,0.4387,STOP,0.7411,-0.3377,0.0353,0.0,0.0,22.0713,8.4118,118.8804,0.3892,0.6333,0.4104,1.2277,0.0618,4.9569,0.22,0.0
756,34.225,histogram,pid,0,1,0,0.7806,189.6445,140.1288,239.1602,29.6445,19.4526,0.4308,STOP,0.7411,-0.335,0.0247,0.0,0.0,32.8665,9.6787,103.3193,0.6232,1.4574,0.9924,1.0405,0.0471,4.7739,0.1446,0.0
757,34.427,histogram,pid,0,1,0,0.8375,165.2092,30.7596,299.6589,5.2092,15.1796,-1.0,STOP,0.1302,-0.3345,-0.8604,0.0,0.0,15.3397,10.4398,95.7876,0.3927,0.645,0.3935,0.6968,0.0576,4.3543,0.1643,186.455
758,34.4357,histogram,pid,0,1,0,0.3389,159.9194,12.4473,307.3916,-0.0806,10.6016,-0.9488,STOP,-0.002,-0.3347,-0.6121,0.0,0.0,17.0326,202.1457,4.9469,0.4146,0.6909,0.4159,0.8266,0.0507,4.5585,0.2016,0.0
759,34.4458,histogram,pid,0,1,0,0.3389,159.9194,12.4473,307.3916,-0.0806,7.3969,-0.7652,STOP,-0.002,-0.3347,-0.4285,0.0,0.0,27.1027,8.5616,116.8013,0.5438,1.2244,0.5353,0.99,0.0448,5.197,0.1527,0.0
760,34.4539,histogram,pid,0,1,0,0.3389,159.9114,12.4473,307.3756,-0.0886,5.1513,-0.6371,STOP,-0.0022,-0.3347,-0.3002,0.0,0.0,12.1316,10.0796,99.2101,0.3948,0.697,0.3971,0.7606,0.0598,4.171,0.1465,0.0
761,34.6672,histogram,pid,0,1,0,0.3389,159.9114,12.4473,307.3756,-0.0886,3.5793,-0.5471,STOP,-0.0022,-0.3347,-0.2102,0.0,0.0,21.081,8.0247,124.6156,0.3952,0.6593,0.4029,0.7949,0.0686,5.0774,0.1494,198.7459
762,34.6751,histogram,pid,0,1,0,0.3347,159.9168,12.4473,307.3863,-0.0832,2.4806,-0.484,STOP,-0.0021,-0.3349,-0.1471,0.0,0.0,13.4447,213.3954,4.6861,0.385,0.6411,0.3932,0.7745,0.0495,4.1217,0.1475,0.0
763,34.6835,histogram,pid,0,1,0,0.3347,159.9168,12.4473,307.3863,-0.0832,1.7114,-0.4399,STOP,-0.0021,-0.3349,-0.103,0.0,0.0,21.8834,7.7974,128.2472,0.3876,0.6361,0.3952,1.2964,0.0511,4.2391,0.1473,0.0
764,34.6933,histogram,pid,0,1,0,0.3347,159.9168,12.4473,307.3863,-0.0832,1.173,-0.409,STOP,-0.0021,-0.3349,-0.0721,0.0,0.0,31.638,8.563,116.7814,0.4159,1.2983,0.4137,1.0414,0.0642,4.9182,0.1428,0.0
765,34.8938,histogram,pid,0,1,0,0.3333,159.9199,12.4473,307.3925,-0.0801,0.7971,-0.3872,STOP,-0.002,-0.3349,-0.0503,0.0,0.0,9.2136,9.769,102.3642,0.4136,0.6441,0.3957,0.7191,0.0503,4.0922,0.1416,185.1889
766,34.9023,histogram,pid,0,1,0,0.325,159.9422,12.4473,307.437,-0.0578,0.5406,-0.3716,STOP,-0.0014,-0.335,-0.0352,0.0,0.0,16.8426,200.4532,4.9887,0.3902,0.7049,0.4005,0.7769,0.0571,4.6112,0.1535,0.0
767,34.9114,histogram,pid,0,1,0,0.325,159.9422,12.4473,307.437,-0.0578,0.3611,-0.3611,STOP,-0.0014,-0.335,-0.0246,0.0,0.0,25.9802,8.5224,117.3373,0.4052,0.7348,0.4323,1.1628,0.0567,4.7895,0.1496,0.0
768,34.9206,histogram,pid,0,1,0,0.325,159.9422,12.4473,307.437,-0.0578,0.2354,-0.3537,STOP,-0.0014,-0.335,-0.0172,0.0,0.0,35.1529,9.0613,110.359,0.3949,1.2454,0.6385,1.1776,0.0395,4.1698,0.1658,0.0
769,35.1446,histogram,pid,0,1,0,0.7833,83.3937,12.4473,154.3401,-76.6063,-22.8171,-1.0,STOP,-1.9152,-0.335,-3.0639,0.0,0.0,15.8561,9.4059,106.316,0.74,1.9709,0.4232,1.0791,0.0494,4.3328,0.1915,208.2343
770,35.1533,histogram,pid,0,1,0,0.3389,159.9163,12.4473,307.3854,-0.0837,-15.9971,-1.0,STOP,-0.0021,-0.335,-2.0165,0.0,0.0,14.8612,223.7213,4.4698,0.4431,1.0045,0.3917,0.9866,0.0492,4.4138,0.1634,0.0
771,35.1641,histogram,pid,0,1,0,0.3389,159.9163,12.4473,307.3854,-0.0837,-11.2231,-1.0,STOP,-0.0021,-0.335,-1.4115,0.0,0.0,25.624,8.8497,112.9978,0.4223,1.4937,0.7067,1.4109,0.0661,5.0016,0.1623,0.0
772,35.1728,histogram,pid,0,1,0,0.3389,159.9163,12.4473,307.3854,-0.0837,-7.8812,-1.0,STOP,-0.0021,-0.335,-0.9881,0.0,0.0,34.3276,10.9034,91.7144,0.415,1.0597,0.3948,1.0482,0.0495,4.0235,0.1621,0.0
773,35.3782,histogram,pid,0,1,0,0.3389,159.9092,12.4473,307.371,-0.0908,-5.5441,-1.0,STOP,-0.0023,-0.335,-0.692,0.0,0.0,16.7309,8.4383,118.507,0.4432,1.0046,0.3946,1.0994,0.0484,4.1159,0.1933,189.1935
774,35.3887,histogram,pid,0,1,0,0.3333,159.9413,12.4473,307.4354,-0.0587,-3.8985,-0.8209,STOP,-0.0015,-0.3351,-0.4843,0.0,0.0,19.7456,205.6614,4.8624,0.7656,1.1937,0.4231,1.5758,0.0522,4.7266,0.1496,0.0
775,35.3974,histogram,pid,0,1,0,0.3333,159.9325,12.4473,307.4177,-0.0675,-2.7492,-0.6762,STOP,-0.0017,-0.3351,-0.3394,0.0,0.0,10.4401,10.28,97.276,0.4503,1.0255,0.4021,1.073,0.0608,4.1597,0.1561,0.0
776,35.4072,histogram,pid,0,1,0,0.3333,159.9325,12.4473,307.4177,-0.0675,-1.9447,-0.5744,STOP,-0.0017,-0.3351,-0.2375,0.0,0.0,20.3103,8.7209,114.6667,0.3969,1.0264,0.532,2.0425,0.0543,4.2409,0.1756,0.0
777,35.6247,histogram,pid,0,1,0,0.3333,159.9325,12.4473,307.4177,-0.0675,-1.3815,-0.5031,STOP,-0.0017,-0.3351,-0.1663,0.0,0.0,30.8556,9.8966,101.0443,0.3984,1.0061,0.4746,1.3273,0.0531,5.6764,0.1494,200.9293
778,35.6357,histogram,pid,0,1,0,0.3319,159.9134,12.4473,307.3795,-0.0866,-0.9931,-0.4539,STOP,-0.0022,-0.3353,-0.1164,0.0,0.0,18.0102,217.4596,4.5986,0.4673,1.592,0.7105,1.3526,0.0607,5.23,0.1433,0.0
779,35.6437,histogram,pid,0,1,0,0.3306,159.9152,12.4473,307.3831,-0.0848,-0.7206,-0.4189,STOP,-0.0021,-0.3353,-0.0814,0.0,0.0,9.3226,11.0004,90.9059,0.3945,0.7575,0.4017,0.8283,0.0513,4.0508,0.1436,0.0
780,35.6517,histogram,pid,0,1,0,0.3306,159.9152,12.4473,307.3831,-0.0848,-0.5299,-0.3945,STOP,-0.0021,-0.3353,-0.057,0.0,0.0,17.242,7.9809,125.2995,0.3826,0.6864,0.4526,0.7593,0.0486,4.0739,0.1512,0.0
781,35.8619,histogram,pid,0,1,0,0.3306,159.9152,12.4473,307.3831,-0.0848,-0.3964,-0.3774,STOP,-0.0021,-0.3353,-0.0399,0.0,0.0,26.4916,8.2687,120.9374,0.4194,0.7695,0.4045,0.8687,0.0611,4.8634,0.1412,193.4284
782,35.8703,histogram,pid,0,1,0,0.3069,159.7474,12.0028,307.4919,-0.2526,-0.3532,-0.3704,STOP,-0.0063,-0.3358,-0.0282,0.0,0.0,17.1872,209.9697,4.7626,0.3986,0.6624,0.4018,1.0598,0.0503,4.2436,0.1507,0.0
783,35.8796,histogram,pid,0,1,0,0.3069,159.7474,12.0028,307.4919,-0.2526,-0.323,-0.3619,STOP,-0.0063,-0.3358,-0.0198,0.0,0.0,26.5328,8.3668,119.5206,0.4068,1.0751,0.4419,1.2959,0.0548,4.4934,0.1489,0.0
784,35.8911,histogram,pid,0,1,0,0.3069,159.7474,12.0028,307.4919,-0.2526,-0.3019,-0.356,STOP,-0.0063,-0.3359,-0.0138,0.0,0.0,38.0305,10.9323,91.4719,0.6219,1.4562,0.4336,0.861,0.052,4.8614,0.1445,0.0
785,36.1123,histogram,pid,0,1,0,0.3139,159.7643,11.8943,307.6343,-0.2357,-0.2821,-0.3508,STOP,-0.0059,-0.3359,-0.009,0.0,0.0,14.6358,9.8267,101.7636,0.3802,0.7324,0.411,0.8309,0.057,4.1021,0.1531,207.7406
786,36.1206,histogram,pid,0,1,0,0.3153,159.8652,12.0948,307.6356,-0.1348,-0.2379,-0.3457,STOP,-0.0034,-0.3362,-0.0062,0.0,0.0,12.7218,221.2702,4.5194,0.3845,0.7376,0.3923,1.1576,0.0503,4.0171,0.1398,0.0
787,36.1309,histogram,pid,0,1,0,0.3153,159.8652,12.0948,307.6356,-0.1348,-0.207,-0.3439,STOP,-0.0034,-0.3362,-0.0043,0.0,0.0,23.0151,8.1781,122.2783,0.481,1.3648,0.4335,1.2291,0.0469,5.2399,0.1667,0.0
788,36.1421,histogram,pid,0,1,0,0.3153,159.8652,12.0948,307.6356,-0.1348,-0.1853,-0.3426,STOP,-0.0034,-0.3362,-0.003,0.0,0.0,34.2297,10.4215,95.9556,0.4291,1.1403,0.9587,2.1019,0.0462,4.8838,0.2047,0.0
789,36.354,histogram,pid,0,1,0,0.3153,159.8652,12.0948,307.6356,-0.1348,-0.1702,-0.3417,STOP,-0.0034,-0.3362,-0.0021,0.0,0.0,43.3804,11.529,86.738,0.6768,1.0074,0.3926,0.9303,0.0516,4.1891,0.154,194.9686
790,36.3633,histogram,pid,0,1,0,0.3139,159.8668,12.0719,307.6617,-0.1332,-0.1591,-0.3413,STOP,-0.0033,-0.3365,-0.0015,0.0,0.0,19.4461,212.1698,4.7132,0.4021,1.0211,0.4016,1.0474,0.0569,4.1888,0.1482,0.0
791,36.3714,histogram,pid,0,1,0,0.3153,159.8695,12.069,307.6699,-0.1305,-0.1505,-0.3407,STOP,-0.0033,-0.3365,-0.0009,0.0,0.0,16.3119,8.6863,115.1239,0.3939,0.7108,0.4497,0.8005,0.0587,4.1764,0.1446,0.0
792,36.3803,histogram,pid,0,1,0,0.3153,159.8695,12.069,307.6699,-0.1305,-0.1445,-0.3404,STOP,-0.0033,-0.3365,-0.0006,0.0,0.0,25.1356,8.1086,123.3253,0.3917,0.66,0.4778,1.4793,0.0526,4.2591,0.1438,0.0
793,36.6,histogram,pid,0,1,0,0.3153,159.8695,12.069,307.6699,-0.1305,-0.1403,-0.3402,STOP,-0.0033,-0.3365,-0.0004,0.0,0.0,35.0859,9.0761,110.1791,0.4695,1.0176,0.3913,1.1339,0.0497,5.0819,0.1793,204.0197
794,36.6107,histogram,pid,0,1,0,0.3153,159.8492,12.0494,307.6491,-0.1508,-0.1435,-0.3409,STOP,-0.0038,-0.3368,-0.0003,0.0,0.0,17.4763,219.6322,4.5531,0.5477,1.2631,0.5271,1.9806,0.0428,4.2977,0.1439,0.0
795,36.6193,histogram,pid,0,1,0,0.3153,159.8642,12.051,307.6773,-0.1358,-0.1412,-0.3399,STOP,-0.0034,-0.3368,0.0003,0.0,0.0,13.1591,10.5236,95.0243,0.3811,0.9971,0.3912,1.3235,0.048,4.0338,0.1406,0.0
796,36.6283,histogram,pid,0,1,0,0.3153,159.8642,12.051,307.6773,-0.1358,-0.1396,-0.34,STOP,-0.0034,-0.3368,0.0002,0.0,0.0,22.076,8.5934,116.3687,0.3878,0.9917,0.4522,1.2479,0.0522,4.3655,0.1544,0.0
797,36.8419,histogram,pid,0,1,0,0.3153,159.8642,12.051,307.6773,-0.1358,-0.1384,-0.3401,STOP,-0.0034,-0.3369,0.0001,0.0,0.0,33.161,9.0333,110.7019,0.4041,1.0922,0.4462,2.6726,0.0701,4.8157,0.1465,195.039
798,36.8512,histogram,pid,0,1,0,0.3167,159.873,12.0805,307.6656,-0.127,-0.135,-0.3402,STOP,-0.0032,-0.3371,0.0001,0.0,0.0,17.6998,213.6583,4.6804,0.3947,1.0316,0.4136,1.373,0.0525,4.3859,0.1638,0.0
799,36.8619,histogram,pid,0,1,0,0.3167,159.873,12.0805,307.6656,-0.127,-0.1326,-0.3402,STOP,-0.0032,-0.3371,0.0001,0.0,0.0,28.4507,9.8246,101.7857,0.783,1.2241,0.4427,1.8767,0.0382,4.2175,0.1502,0.0
800,36.8712,histogram,pid,0,1,0,0.3194,159.9353,12.1882,307.6824,-0.0647,-0.1122,-0.3364,STOP,-0.0016,-0.3371,0.0024,0.0,0.0,14.4458,10.1316,98.7007,0.4015,1.0107,0.3949,1.0601,0.0781,4.6898,0.1394,0.0
801,37.0949,histogram,pid,0,1,0,0.3194,159.9353,12.1882,307.6824,-0.0647,-0.098,-0.3371,STOP,-0.0016,-0.3371,0.0017,0.0,0.0,24.0531,9.2456,108.1594,0.3966,1.0155,0.4726,1.1728,0.0493,4.9628,0.1667,208.9448
802,37.1047,histogram,pid,0,1,0,0.3069,177.4026,47.3984,307.4068,17.4026,5.1522,0.1649,STOP,0.4351,-0.3006,0.0304,0.0,0.0,15.8957,223.774,4.4688,0.4078,1.0637,0.4946,1.0576,0.0517,5.2051,0.144,0.0
803,37.1142,histogram,pid,0,1,0,0.3069,177.4026,47.3984,307.4068,17.4026,8.8273,0.1574,STOP,0.4351,-0.299,0.0213,0.0,0.0,25.3902,10.0429,99.5729,0.4803,1.1107,0.4025,1.1449,0.0467,4.5637,0.1492,0.0
804,37.1232,histogram,pid,0,1,0,0.2708,187.9799,68.5417,307.4181,27.9799,14.5731,0.8495,STOP,0.6995,-0.2966,0.4465,0.0,0.0,16.1676,9.1894,108.8215,0.393,1.0007,0.391,1.245,0.0502,4.4313,0.1589,0.0
805,37.3381,histogram,pid,0,1,0,0.2708,187.9799,68.5417,307.4181,27.9799,18.5951,0.7179,STOP,0.6995,-0.2942,0.3126,0.0,0.0,25.4618,8.9804,111.3542,0.3912,0.9874,0.4442,1.2361,0.063,4.6798,0.1425,198.043
806,37.3471,histogram,pid,0,1,0,0.3111,159.7736,12.1134,307.4337,-0.2264,12.9487,-0.1307,STOP,-0.0057,-0.2947,0.1696,0.0,0.0,17.5624,215.0562,4.6499,0.3845,1.0304,0.4041,1.2619,0.052,4.2667,0.1547,0.0
807,37.3573,histogram,pid,0,1,0,0.3111,159.7736,12.1134,307.4337,-0.2264,8.9961,-0.1816,STOP,-0.0057,-0.2947,0.1187,0.0,0.0,27.7187,8.9506,111.7242,0.4115,1.0269,0.5066,1.5625,0.0499,4.8994,0.262,0.0
808,37.367,histogram,pid,0,1,0,0.3111,159.7736,12.1134,307.4337,-0.2264,6.2294,-0.2173,STOP,-0.0057,-0.2947,0.0831,0.0,0.0,37.379,10.3593,96.5316,0.4025,0.9965,0.3949,1.2806,0.0513,4.6052,0.2537,0.0
809,37.5933,histogram,pid,0,1,0,0.3111,159.7736,12.1134,307.4337,-0.2264,4.2926,-0.2422,STOP,-0.0057,-0.2947,0.0582,0.0,0.0,49.8918,9.499,105.2737,0.4028,1.0312,0.9275,2.2127,0.064,6.1814,0.1523,208.6374
810,37.6015,histogram,pid,0,1,0,0.3139,159.9193,12.2202,307.6184,-0.0807,2.9806,-0.256,STOP,-0.002,-0.2949,0.041,0.0,0.0,14.3139,226.3238,4.4184,0.3925,0.6247,0.3937,0.7631,0.0488,4.448,0.1487,0.0
811,37.6116,histogram,pid,0,1,0,0.3139,159.9193,12.2202,307.6184,-0.0807,2.0622,-0.2683,STOP,-0.002,-0.2949,0.0287,0.0,0.0,24.4004,8.2326,121.4684,0.3956,0.9725,0.4222,1.3637,0.0415,5.2345,0.1413,0.0
812,37.6199,histogram,pid,0,1,0,0.3139,159.9193,12.2202,307.6184,-0.0807,1.4193,-0.2769,STOP,-0.002,-0.2949,0.0201,0.0,0.0,32.6456,10.165,98.377,0.3967,0.626,0.4446,1.009,0.049,4.104,0.1432,0.0
813,37.8351,histogram,pid,0,1,0,0.3125,159.9109,12.2245,307.5972,-0.0891,0.9668,-0.2835,STOP,-0.0022,-0.2949,0.0137,0.0,0.0,15.7781,8.125,123.0762,0.3882,0.7436,0.3949,0.8399,0.0497,4.1145,0.1418,199.0977
814,37.8455,histogram,pid,0,1,0,0.3056,159.8217,12.2038,307.4396,-0.1783,0.6233,-0.2903,STOP,-0.0045,-0.2953,0.0094,0.0,0.0,14.2263,215.3025,4.6446,0.3988,1.7885,0.4123,1.9877,0.0498,4.1824,0.1459,0.0
815,37.854,histogram,pid,0,1,0,0.3056,159.8217,12.2038,307.4396,-0.1783,0.3828,-0.2932,STOP,-0.0045,-0.2953,0.0066,0.0,0.0,22.7076,10.3951,96.1989,0.3901,0.6862,0.4,0.794,0.056,4.517,0.154,0.0
816,37.8628,histogram,pid,0,1,0,0.3056,159.8217,12.2038,307.4396,-0.1783,0.2145,-0.2952,STOP,-0.0045,-0.2953,0.0046,0.0,0.0,31.455,8.5119,117.4823,0.4019,0.6773,0.3997,1.1732,0.119,4.281,0.1901,0.0
817,38.1182,histogram,pid,0,1,0,0.3056,159.8217,12.2038,307.4396,-0.1783,0.0966,-0.2966,STOP,-0.0045,-0.2953,0.0032,0.0,0.0,42.1141,8.9534,111.6898,0.3966,1.1343,0.4397,1.8026,0.0529,4.9967,0.1659,239.2978
818,38.1268,histogram,pid,0,1,0,0.3097,159.9196,12.2176,307.6217,-0.0804,0.0435,-0.2951,STOP,-0.002,-0.2955,0.0024,0.0,0.0,13.2305,255.1336,3.9195,0.3818,0.9885,0.3941,1.1715,0.0497,4.1307,0.1404,0.0
819,38.1356,histogram,pid,0,1,0,0.3097,159.9196,12.2176,307.6217,-0.0804,0.0064,-0.2959,STOP,-0.002,-0.2955,0.0017,0.0,0.0,22.0359,8.5315,117.2127,0.3896,1.0115,0.4169,1.1434,0.0479,4.362,0.1491,0.0
820,38.1458,histogram,pid,0,1,0,0.3097,159.9196,12.2176,307.6217,-0.0804,-0.0197,-0.2964,STOP,-0.002,-0.2955,0.0012,0.0,0.0,32.2271,8.8555,112.9241,0.3975,1.0888,0.4391,1.4644,0.0436,5.0282,0.1441,0.0
821,38.3589,histogram,pid,0,1,0,0.3069,159.9303,12.2089,307.6517,-0.0697,-0.0347,-0.2961,STOP,-0.0017,-0.2955,0.0012,0.0,0.0,9.947,10.1998,98.0409,0.392,1.0053,0.4146,1.0685,0.0529,4.0765,0.1464,196.9543
822,38.3696,histogram,pid,0,1,0,0.3069,160.0149,12.4473,307.5825,0.0149,-0.0198,-0.2941,STOP,0.0004,-0.2955,0.001,0.0,0.0,19.204,213.6297,4.681,0.4072,1.1687,0.4616,1.134,0.0619,5.4033,0.1478,0.0
823,38.38,histogram,pid,0,1,0,0.3069,160.0149,12.4473,307.5825,0.0149,-0.0094,-0.2944,STOP,0.0004,-0.2955,0.0007,0.0,0.0,29.599,10.5827,94.4935,0.5659,1.3625,0.4144,1.3011,0.0494,4.6713,0.2159,0.0
824,38.3896,histogram,pid,0,1,0,0.3083,160.0183,12.4473,307.5893,0.0183,-0.0011,-0.2944,STOP,0.0005,-0.2955,0.0006,0.0,0.0,16.9999,10.0903,99.1052,0.3943,1.0663,0.4069,1.3631,0.0572,4.7354,0.1498,0.0
825,38.6174,histogram,pid,0,1,0,0.3083,160.0183,12.4473,307.5893,0.0183,0.0047,-0.2946,STOP,0.0005,-0.2955,0.0004,0.0,0.0,28.4184,9.8682,101.3355,0.4572,1.1437,0.4899,1.3569,0.0733,5.5281,0.1985,210.6095
826,38.6261,histogram,pid,0,1,0,0.3042,160.0444,12.4473,307.6415,0.0444,0.0166,-0.294,STOP,0.0011,-0.2954,0.0003,0.0,0.0,12.0092,227.572,4.3942,0.3873,1.0108,0.4028,1.1278,0.0563,4.0399,0.1956,0.0
827,38.6347,histogram,pid,0,1,0,0.3042,160.0444,12.4473,307.6415,0.0444,0.0249,-0.2941,STOP,0.0011,-0.2954,0.0002,0.0,0.0,20.6282,8.52,117.3703,0.3973,0.9985,0.3966,1.2581,0.0545,4.0424,0.1638,0.0
828,38.6445,histogram,pid,0,1,0,0.3042,160.0444,12.4473,307.6415,0.0444,0.0308,-0.2941,STOP,0.0011,-0.2954,0.0002,0.0,0.0,30.4263,8.8374,113.155,0.4306,1.0435,0.4039,1.266,0.0496,4.9195,0.1418,0.0
829,38.8614,histogram,pid,0,1,0,0.3042,160.0444,12.4473,307.6415,0.0444,0.0349,-0.2942,STOP,0.0011,-0.2954,0.0001,0.0,0.0,39.2687,9.798,102.0616,0.4785,1.0605,0.4105,1.0878,0.0478,4.1048,0.1421,200.2765
830,38.8718,histogram,pid,0,1,0,0.2556,160.0202,12.4473,307.5931,0.0202,0.0305,-0.2948,STOP,0.0005,-0.2954,0.0,0.0,0.0,19.1254,217.097,4.6062,0.4162,1.053,0.403,1.4839,0.0396,5.1552,0.1552,0.0
831,38.8819,histogram,pid,0,1,0,0.2556,160.0202,12.4473,307.5931,0.0202,0.0274,-0.2948,STOP,0.0005,-0.2954,0.0,0.0,0.0,29.1444,10.7953,92.633,0.4779,1.0176,0.3847,1.6931,0.0507,4.1435,0.1544,0.0
832,38.8917,histogram,pid,0,1,0,0.2556,160.0072,12.4473,307.5671,0.0072,0.0213,-0.2957,STOP,0.0002,-0.2954,-0.0005,0.0,0.0,18.7128,9.3542,106.9038,0.394,1.0178,0.3928,1.7185,0.0498,4.7528,0.143,0.0
833,39.1262,histogram,pid,0,1,0,0.2556,160.0072,12.4473,307.5671,0.0072,0.0171,-0.2955,STOP,0.0002,-0.2954,-0.0003,0.0,0.0,28.5819,9.8921,101.0911,0.3934,1.1945,0.4256,1.0373,0.047,5.1441,0.1707,218.7794
834,39.1348,histogram,pid,0,1,0,0.2403,160.0168,12.4473,307.5862,0.0168,0.017,-0.2951,STOP,0.0004,-0.2953,-0.0002,0.0,0.0,11.0422,234.4226,4.2658,0.3899,0.9956,0.3916,1.2813,0.0489,4.0272,0.1476,0.0
835,39.1436,histogram,pid,0,1,0,0.2403,160.0168,12.4473,307.5862,0.0168,0.0169,-0.2951,STOP,0.0004,-0.2953,-0.0002,0.0,0.0,19.7541,8.5826,116.5142,0.3881,1.0015,0.4162,1.1914,0.0527,4.2024,0.1519,0.0
836,39.1529,histogram,pid,0,1,0,0.2403,160.0168,12.4473,307.5862,0.0168,0.0169,-0.295,STOP,0.0004,-0.2953,-0.0001,0.0,0.0,29.0739,8.8313,113.2337,0.3986,1.178,0.5899,1.0875,0.0474,4.4208,0.1541,0.0
837,39.3754,histogram,pid,0,1,0,0.2403,160.0168,12.4473,307.5862,0.0168,0.0168,-0.295,STOP,0.0004,-0.2953,-0.0001,0.0,0.0,38.3641,9.6426,103.7066,0.6918,0.9828,0.3815,1.2138,0.0481,4.0452,0.1448,205.8881
838,39.3843,histogram,pid,0,1,0,0.2833,159.9447,12.4473,307.4421,-0.0553,-0.0048,-0.297,STOP,-0.0014,-0.2954,-0.0002,0.0,0.0,16.1461,222.2778,4.4989,0.3937,1.0724,0.4082,1.1339,0.0621,4.1838,0.1472,0.0
839,39.3935,histogram,pid,0,1,0,0.2833,159.9447,12.4473,307.4421,-0.0553,-0.02,-0.2969,STOP,-0.0014,-0.2954,-0.0001,0.0,0.0,25.2864,8.8076,113.5377,0.3877,1.0844,0.409,1.1593,0.0616,4.4342,0.1559,0.0
840,39.4063,histogram,pid,0,1,0,0.2833,159.9447,12.4473,307.4421,-0.0553,-0.0306,-0.2969,STOP,-0.0014,-0.2954,-0.0001,0.0,0.0,38.1049,9.2791,107.7691,0.4294,1.0774,1.5118,1.8317,0.0582,6.0393,0.1642,0.0
841,39.6332,histogram,pid,0,1,0,0.2861,159.9883,12.4473,307.5293,-0.0117,-0.0249,-0.2945,STOP,-0.0003,-0.2954,0.0012,0.0,0.0,10.6485,12.6321,79.1634,0.4002,1.0923,0.4289,1.2364,0.048,4.5903,0.1589,212.321
842,39.642,histogram,pid,0,1,0,0.3542,160.0803,12.4473,307.7134,0.0803,0.0067,-0.2923,STOP,0.002,-0.2953,0.001,0.0,0.0,14.9981,226.9822,4.4056,0.404,0.9944,0.3958,1.0507,0.0481,4.3128,0.1435,0.0
843,39.6517,histogram,pid,0,1,0,0.3542,160.0803,12.4473,307.7134,0.0803,0.0288,-0.2925,STOP,0.002,-0.2953,0.0007,0.0,0.0,24.7187,8.7484,114.3063,0.3972,1.0356,0.4454,1.2832,0.0413,5.021,0.143,0.0
844,39.6608,histogram,pid,0,1,0,0.3542,160.0803,12.4473,307.7134,0.0803,0.0442,-0.2928,STOP,0.002,-0.2953,0.0005,0.0,0.0,33.841,10.2883,97.1977,0.4036,1.0676,0.3946,1.1228,0.0501,4.0348,0.1451,0.0
845,39.8822,histogram,pid,0,1,0,0.3556,160.0823,12.4473,307.7174,0.0823,0.0557,-0.2928,STOP,0.0021,-0.2953,0.0004,0.0,0.0,16.5208,8.5032,117.6032,0.4691,1.0034,0.3868,1.1266,0.0491,4.0348,0.1396,205.4628
846,39.8911,histogram,pid,0,1,0,0.3569,160.0884,12.4473,307.7295,0.0884,0.0655,-0.2925,STOP,0.0022,-0.2951,0.0003,0.0,0.0,17.2249,221.4845,4.515,0.3918,1.016,0.4016,1.2239,0.0533,4.2088,0.196,0.0
847,39.9009,histogram,pid,0,1,0,0.3569,160.0884,12.4473,307.7295,0.0884,0.0724,-0.2926,STOP,0.0022,-0.2951,0.0002,0.0,0.0,27.0265,8.9108,112.2238,0.3995,1.0691,0.4806,1.1426,0.0582,5.0755,0.1524,0.0
848,39.9115,histogram,pid,0,1,0,0.3569,160.0884,12.4473,307.7295,0.0884,0.0772,-0.2927,STOP,0.0022,-0.2951,0.0002,0.0,0.0,37.6457,10.1186,98.8282,0.5639,2.0483,0.6069,1.3682,0.0569,4.0799,0.1456,0.0
849,40.1444,histogram,pid,0,1,0,0.3556,160.0709,12.4166,307.7252,0.0709,0.0753,-0.2938,STOP,0.0018,-0.295,-0.0005,0.0,0.0,14.9121,10.2872,97.2085,0.4072,1.0469,0.3991,1.2191,0.0604,4.602,0.1519,218.078
850,40.1545,histogram,pid,0,1,0,0.3569,159.8297,11.9755,307.6839,-0.1703,0.0016,-0.3004,STOP,-0.0043,-0.2954,-0.0008,0.0,0.0,16.5058,232.8791,4.2941,0.4816,1.061,0.4278,1.6044,0.0376,4.9551,0.1482,0.0
851,40.1636,histogram,pid,0,1,0,0.3569,159.8297,11.9755,307.6839,-0.1703,-0.05,-0.3002,STOP,-0.0043,-0.2954,-0.0005,0.0,0.0,25.5805,10.3459,96.657,0.6494,0.9828,0.44,1.1263,0.0466,4.0636,0.1419,0.0
852,40.1721,histogram,pid,0,1,0,0.3583,159.463,11.1832,307.7428,-0.537,-0.1961,-0.325,STOP,-0.0134,-0.2955,-0.0161,0.0,0.0,16.1914,8.7429,114.3791,0.379,1.0398,0.4004,1.1051,0.0481,4.0468,0.1437,0.0
853,40.3945,histogram,pid,0,1,0,0.3583,159.463,11.1832,307.7428,-0.537,-0.2984,-0.3202,STOP,-0.0134,-0.2955,-0.0113,0.0,0.0,25.0421,8.5151,117.4378,0.4037,1.1004,0.4278,1.0673,0.0598,4.276,0.146,206.2172
854,40.4045,histogram,pid,0,1,0,0.3597,159.9476,12.2255,307.6696,-0.0524,-0.2246,-0.304,STOP,-0.0013,-0.2956,-0.0071,0.0,0.0,18.2667,222.5123,4.4941,0.4099,1.0416,0.4182,1.2323,0.0562,5.1889,0.1498,0.0
855,40.4146,histogram,pid,0,1,0,0.3597,159.9476,12.2255,307.6696,-0.0524,-0.1729,-0.3019,STOP,-0.0013,-0.2956,-0.005,0.0,0.0,28.3528,10.347,96.6463,0.5162,1.6142,0.4444,1.2768,0.0466,4.1781,0.1474,0.0
856,40.4237,histogram,pid,0,1,0,0.3597,159.9584,12.2074,307.7094,-0.0416,-0.1335,-0.2997,STOP,-0.001,-0.2956,-0.003,0.0,0.0,14.6453,9.6613,103.5059,0.3869,1.0471,0.5333,1.5034,0.05,4.0772,0.1448,0.0
857,40.662,histogram,pid,0,1,0,0.3597,159.9584,12.2074,307.7094,-0.0416,-0.106,-0.2988,STOP,-0.001,-0.2956,-0.0021,0.0,0.0,25.055,9.291,107.6307,0.4165,1.2451,0.4325,1.1921,0.0971,5.1362,0.2312,222.5784
858,40.6705,histogram,pid,0,1,0,0.3639,159.9586,12.2396,307.6775,-0.0414,-0.0866,-0.2983,STOP,-0.001,-0.2957,-0.0015,0.0,0.0,13.6971,238.0752,4.2004,0.388,1.0056,0.3995,1.132,0.0489,4.0586,0.1434,0.0
859,40.6794,histogram,pid,0,1,0,0.3639,159.9586,12.2396,307.6775,-0.0414,-0.0731,-0.2978,STOP,-0.001,-0.2957,-0.001,0.0,0.0,22.6029,8.5029,117.6068,0.3786,1.0033,0.3912,1.1644,0.0482,4.4669,0.144,0.0
860,40.6899,histogram,pid,0,1,0,0.3639,159.9586,12.2396,307.6775,-0.0414,-0.0636,-0.2975,STOP,-0.001,-0.2957,-0.0007,0.0,0.0,33.1425,8.9334,111.9398,0.4105,1.4725,1.103,1.3369,0.0524,4.4614,0.1414,0.0
861,40.9126,histogram,pid,0,1,0,0.3639,159.9614,12.2419,307.6809,-0.0386,-0.0561,-0.2971,STOP,-0.001,-0.2957,-0.0004,0.0,0.0,12.6302,10.4716,95.496,0.3791,1.0669,0.4083,1.0608,0.0502,4.0741,0.1435,206.5559
862,40.9214,histogram,pid,0,1,0,0.3639,159.955,12.2265,307.6835,-0.045,-0.0528,-0.2973,STOP,-0.0011,-0.2958,-0.0003,0.0,0.0,11.211,222.86,4.4871,0.4592,1.0206,0.3925,1.0755,0.0479,4.2109,0.1489,0.0
863,40.9309,histogram,pid,0,1,0,0.3639,159.955,12.2265,307.6835,-0.045,-0.0504,-0.2972,STOP,-0.0011,-0.2958,-0.0002,0.0,0.0,20.6837,8.9654,111.5399,0.3966,1.0135,0.3991,1.1758,0.0503,4.5739,0.1503,0.0
864,40.9417,histogram,pid,0,1,0,0.3639,159.955,12.2265,307.6835,-0.045,-0.0488,-0.2971,STOP,-0.0011,-0.2959,-0.0001,0.0,0.0,31.4619,9.2999,107.5277,0.3893,1.1487,0.8127,1.9485,0.0499,4.756,0.1494,0.0
865,41.1787,histogram,pid,0,1,0,0.3667,159.9497,12.2359,307.6636,-0.0503,-0.0492,-0.2974,STOP,-0.0013,-0.2959,-0.0003,0.0,0.0,14.5149,10.9327,91.4689,0.413,1.1267,0.4804,2.0526,0.0486,4.051,0.1443,221.5708
866,41.1884,histogram,pid,0,1,0,0.3625,159.9602,12.2419,307.6785,-0.0398,-0.0464,-0.2971,STOP,-0.001,-0.2959,-0.0002,0.0,0.0,14.3586,236.8331,4.2224,0.3952,1.006,0.3967,1.3661,0.0663,4.9557,0.1468,0.0
867,41.1979,histogram,pid,0,1,0,0.3625,159.9602,12.2419,307.6785,-0.0398,-0.0444,-0.2971,STOP,-0.001,-0.2959,-0.0001,0.0,0.0,23.8436,9.9475,100.528,0.5309,1.0618,0.5149,1.3775,0.0462,4.1414,0.1502,0.0
868,41.2066,histogram,pid,0,1,0,0.3625,159.97,12.2476,307.6925,-0.03,-0.0401,-0.2964,STOP,-0.0007,-0.296,0.0003,0.0,0.0,14.7232,9.1458,109.3396,0.3907,0.99,0.3882,1.3664,0.0531,4.1051,0.1517,0.0
869,41.4335,histogram,pid,0,1,0,0.3625,159.97,12.2476,307.6925,-0.03,-0.037,-0.2965,STOP,-0.0007,-0.296,0.0002,0.0,0.0,23.6211,8.7696,114.03,0.3929,1.0325,0.4246,1.1337,0.0567,4.3456,0.1477,210.6779
870,41.4455,histogram,pid,0,1,0,0.3639,159.9651,12.2419,307.6882,-0.0349,-0.0364,-0.2968,STOP,-0.0009,-0.296,0.0001,0.0,0.0,20.2221,227.0799,4.4037,0.3972,1.0237,0.4146,3.179,0.0388,5.1172,0.1681,0.0
871,41.4555,histogram,pid,0,1,0,0.3639,159.9651,12.2419,307.6882,-0.0349,-0.036,-0.2968,STOP,-0.0009,-0.296,0.0001,0.0,0.0,30.2358,12.1252,82.4727,0.4212,1.2001,0.4008,1.8914,0.0522,4.1772,0.1462,0.0
872,41.4645,histogram,pid,0,1,0,0.3625,159.9619,12.2359,307.6879,-0.0381,-0.0366,-0.297,STOP,-0.001,-0.296,-0.0001,0.0,0.0,16.3156,9.6301,103.8407,0.3953,1.0565,0.3985,1.0837,0.0508,4.5454,0.1442,0.0
873,41.7038,histogram,pid,0,1,0,0.3625,159.9619,12.2359,307.6879,-0.0381,-0.0371,-0.297,STOP,-0.001,-0.296,-0.0,0.0,0.0,26.2305,9.1266,109.5698,0.4461,1.0565,0.4387,1.2098,0.0589,5.0136,0.1722,223.3296
874,41.7127,histogram,pid,0,1,0,0.3625,159.9583,12.2372,307.6794,-0.0417,-0.0385,-0.2972,STOP,-0.001,-0.2961,-0.0,0.0,0.0,10.3623,239.1848,4.1809,0.3874,1.0401,0.4013,1.1893,0.0507,4.274,0.1655,0.0
875,41.7226,histogram,pid,0,1,0,0.3625,159.9583,12.2372,307.6794,-0.0417,-0.0394,-0.2972,STOP,-0.001,-0.2961,-0.0,0.0,0.0,20.3593,8.8894,112.4933,0.4472,1.0092,0.4005,1.7673,0.0482,4.8214,0.1424,0.0
876,41.7325,histogram,pid,0,1,0,0.3625,159.9583,12.2372,307.6794,-0.0417,-0.0401,-0.2972,STOP,-0.001,-0.2961,-0.0,0.0,0.0,30.2626,10.2702,97.3692,0.9697,1.0866,0.4049,1.5262,0.0499,4.0912,0.1389,0.0
877,41.9596,histogram,pid,0,1,0,0.3639,159.9565,12.2462,307.6668,-0.0435,-0.0411,-0.2973,STOP,-0.0011,-0.2961,-0.0001,0.0,0.0,16.1272,9.5864,104.314,0.4395,0.9906,0.3906,1.1738,0.0478,4.1052,0.1392,211.0876
878,41.9689,histogram,pid,0,1,0,0.3625,159.9631,12.2503,307.676,-0.0369,-0.0399,-0.2972,STOP,-0.0009,-0.2962,-0.0,0.0,0.0,17.5311,227.1364,4.4026,0.3862,1.0775,0.4094,1.2603,0.0523,4.5073,0.1499,0.0
879,41.9803,histogram,pid,0,1,0,0.3625,159.9631,12.2503,307.676,-0.0369,-0.039,-0.2972,STOP,-0.0009,-0.2962,-0.0,0.0,0.0,28.9116,9.3831,106.5745,0.4101,1.0533,0.4375,1.8338,0.0692,5.4261,0.1485,0.0
880,41.9901,histogram,pid,0,1,0,0.3625,159.9631,12.2503,307.676,-0.0369,-0.0383,-0.2972,STOP,-0.0009,-0.2962,-0.0,0.0,0.0,38.7357,11.4283,87.5025,0.4684,1.0514,0.3961,1.2657,0.0555,4.8067,0.1993,0.0
