algorithm,threshold,hist_source,frame,detected,inferred,confidence,lane_center,error_px,detect_ms,total_ms,t_blur,t_threshold,t_canny
canny_hough,fixed,edges,0,1,1,0.3,253.8,93.8,10.061,33.145,20.528,0.25,1.356
canny_hough,fixed,edges,1,1,1,0.45,253.87,93.87,7.45,14.732,1.354,0.533,3.967
canny_hough,fixed,edges,2,1,1,0.45,253.87,93.87,2.968,5.925,1.016,0.108,1.036
canny_hough,fixed,edges,3,1,1,0.45,253.89,93.89,3.079,6.136,1.021,0.111,1.166
canny_hough,fixed,edges,4,1,1,0.3,254.1,94.1,2.917,5.685,1.004,0.107,0.946
canny_hough,fixed,edges,5,1,1,0.3,254.1,94.1,3.757,7.471,1.095,0.255,1.491
canny_hough,fixed,edges,6,1,1,0.3,253.48,93.48,2.656,6.511,1.159,0.249,1.59
canny_hough,fixed,edges,7,1,1,0.3,253.65,93.65,2.747,5.637,0.995,0.103,1.02
canny_hough,fixed,edges,8,1,1,0.3,253.65,93.65,2.673,5.648,1.004,0.101,1.176
canny_hough,fixed,edges,9,1,1,0.45,254.27,94.27,2.841,5.702,1.051,0.11,1.003
canny_hough,fixed,edges,10,1,1,0.3,254.1,94.1,2.613,5.638,1.032,0.107,1.117
canny_hough,fixed,edges,11,1,1,0.45,254.46,94.46,2.907,5.795,1.061,0.115,0.989
canny_hough,fixed,edges,12,1,1,0.45,254.46,94.46,2.872,5.739,1.007,0.107,1.013
canny_hough,fixed,edges,13,1,1,0.3,256.13,96.13,2.786,5.784,1.007,0.152,1.142
canny_hough,fixed,edges,14,1,1,0.3,253.65,93.65,2.765,5.702,0.999,0.1,1.143
canny_hough,fixed,edges,15,1,1,0.3,253.65,93.65,2.641,5.625,1.005,0.102,1.172
canny_hough,fixed,edges,16,1,1,0.45,254.39,94.39,2.801,5.69,0.987,0.101,1.055
canny_hough,fixed,edges,17,1,1,0.45,254.39,94.39,2.751,5.593,0.999,0.107,1.04
canny_hough,fixed,edges,18,1,1,0.45,251.2,91.2,2.834,5.721,1.068,0.107,1.01
canny_hough,fixed,edges,19,1,1,0.3,253.79,93.79,2.718,5.659,1.016,0.106,1.116
canny_hough,fixed,edges,20,1,1,0.3,253.79,93.79,2.705,5.573,1.05,0.116,1.005
canny_hough,fixed,edges,21,1,1,0.3,253.79,93.79,2.694,5.471,1.003,0.106,0.967
canny_hough,fixed,edges,22,1,1,0.3,253.48,93.48,2.663,5.561,1.005,0.101,1.063
canny_hough,fixed,edges,23,1,1,0.3,253.48,93.48,2.712,5.641,1.057,0.107,1.064
canny_hough,fixed,edges,24,1,1,0.45,252.69,92.69,2.824,5.705,1.001,0.103,1.086
canny_hough,fixed,edges,25,1,1,0.3,253.48,93.48,2.723,5.628,1.055,0.108,1.044
canny_hough,fixed,edges,26,1,1,0.45,254.03,94.03,2.915,5.722,1.01,0.102,0.98
canny_hough,fixed,edges,27,1,1,0.3,253.65,93.65,2.661,5.49,1.009,0.102,1.021
canny_hough,fixed,edges,28,1,1,0.45,253.4,93.4,2.865,5.76,0.997,0.106,1.012
canny_hough,fixed,edges,29,1,1,0.45,253.84,93.84,2.832,5.777,1.006,0.108,1.136
canny_hough,fixed,edges,30,1,1,0.3,253.48,93.48,2.699,5.596,1.072,0.108,1.003
canny_hough,fixed,edges,31,1,1,0.3,254.15,94.15,2.605,5.595,1.012,0.136,1.09
canny_hough,fixed,edges,32,1,1,0.3,254.15,94.15,2.835,5.953,1.111,0.119,1.158
canny_hough,fixed,edges,33,1,1,0.45,249.69,89.69,2.797,5.668,1.008,0.107,1.084
canny_hough,fixed,edges,34,1,1,0.45,253.89,93.89,2.826,5.66,1.096,0.099,0.97
canny_hough,fixed,edges,35,1,1,0.45,253.89,93.89,2.799,5.654,0.995,0.093,1.077
canny_hough,fixed,edges,36,1,1,0.45,253.3,93.3,2.742,5.673,1.055,0.097,1.127
canny_hough,fixed,edges,37,1,1,0.3,253.65,93.65,2.975,8.445,1.122,0.316,1.326
canny_hough,fixed,edges,38,1,1,0.3,253.65,93.65,3.666,7.322,1.12,0.22,1.425
canny_hough,fixed,edges,39,1,1,0.3,251.12,91.12,3.885,8.532,1.149,0.254,2.159
canny_hough,fixed,edges,40,1,1,0.45,253.42,93.42,4.224,8.372,1.136,0.227,1.618
canny_hough,fixed,edges,41,1,1,0.3,253.79,93.79,8.264,12.007,1.091,0.218,1.489
canny_hough,fixed,edges,42,1,1,0.3,253.79,93.79,4.011,9.843,1.238,0.313,3.118
canny_hough,fixed,edges,43,1,1,0.45,247.89,87.89,5.73,10.269,1.483,0.256,1.837
canny_hough,fixed,edges,44,1,1,0.45,247.89,87.89,4.979,14.846,4.857,0.285,3.709
canny_hough,fixed,edges,45,1,1,0.45,247.89,87.89,6.805,13.491,2.353,0.376,2.896
canny_hough,fixed,edges,46,1,1,0.3,253.96,93.96,10.55,15.403,1.49,0.402,1.991
canny_hough,fixed,edges,47,1,1,0.3,253.96,93.96,4.253,8.769,1.206,0.341,1.904
canny_hough,fixed,edges,48,1,1,0.3,253.79,93.79,4.139,8.713,1.592,0.224,1.66
canny_hough,fixed,edges,49,1,1,0.3,253.79,93.79,2.941,6.137,1.156,0.149,1.192
canny_hough,fixed,edges,50,1,1,0.3,256.2,96.2,2.801,5.777,1.064,0.099,1.12
canny_hough,fixed,edges,51,1,1,0.3,256.2,96.2,2.925,5.701,1.021,0.102,0.946
canny_hough,fixed,edges,52,1,1,0.45,253.3,93.3,3.347,6.241,1.011,0.11,1.026
canny_hough,fixed,edges,53,1,1,0.45,252.75,92.75,2.93,7.047,1.968,0.24,1.199
canny_hough,fixed,edges,54,1,1,0.45,252.75,92.75,2.697,5.592,0.999,0.095,1.107
canny_hough,fixed,edges,55,1,1,0.45,254.04,94.04,2.813,10.859,1.033,0.102,2.159
canny_hough,fixed,edges,56,1,1,0.45,254.04,94.04,2.825,5.96,1.171,0.188,1.082
canny_hough,fixed,edges,57,1,1,0.45,253.6,93.6,2.816,5.698,0.995,0.102,1.077
canny_hough,fixed,edges,58,1,1,0.3,253.79,93.79,2.664,5.615,0.993,0.108,1.168
canny_hough,fixed,edges,59,1,1,0.3,253.65,93.65,2.712,5.506,0.996,0.101,0.996
canny_hough,fixed,edges,60,1,1,0.3,253.65,93.65,2.662,5.531,1.005,0.099,1.052
canny_hough,fixed,edges,61,1,1,0.45,252.53,92.53,2.911,5.742,1.046,0.114,0.974
canny_hough,fixed,edges,62,1,1,0.45,252.53,92.53,2.821,5.725,1.006,0.102,1.074
canny_hough,fixed,edges,63,1,1,0.45,252.53,92.53,2.826,5.668,1.047,0.11,0.977
canny_hough,fixed,edges,64,1,1,0.3,253.65,93.65,2.697,5.571,1.001,0.102,1.068
canny_hough,fixed,edges,65,1,1,0.45,254.46,94.46,2.889,5.895,1.008,0.105,1.187
canny_hough,fixed,edges,66,1,1,0.45,249.61,89.61,2.852,5.793,1.003,0.101,1.128
canny_hough,fixed,edges,67,1,1,0.45,253.83,93.83,2.761,5.724,1.003,0.106,1.176
canny_hough,fixed,edges,68,1,1,0.3,253.65,93.65,2.691,5.611,0.998,0.1,1.072
canny_hough,fixed,edges,69,1,1,0.3,253.65,93.65,2.848,6.183,0.998,0.103,1.439
canny_hough,fixed,edges,70,1,1,0.45,253.11,93.11,2.836,5.744,0.994,0.104,1.068
canny_hough,fixed,edges,71,1,1,0.45,253.11,93.11,2.796,5.65,1.016,0.103,1.031
canny_hough,fixed,edges,72,1,1,0.3,253.79,93.79,2.732,5.619,1.045,0.108,0.995
canny_hough,fixed,edges,73,1,1,0.3,254.1,94.1,2.692,5.43,0.986,0.101,0.975
canny_hough,fixed,edges,74,1,1,0.45,252.9,92.9,5.186,8.087,1.008,0.105,1.105
canny_hough,fixed,edges,75,1,1,0.45,252.9,92.9,2.852,5.728,1.006,0.16,0.996
canny_hough,fixed,edges,76,1,1,0.45,254.3,94.3,2.837,5.737,1.007,0.101,1.072
canny_hough,fixed,edges,77,1,1,0.45,254.3,94.3,2.852,5.707,1.008,0.105,1.069
canny_hough,fixed,edges,78,1,1,0.3,253.96,93.96,2.642,5.502,1.0,0.095,1.024
canny_hough,fixed,edges,79,1,1,0.3,251.29,91.29,2.596,5.352,0.992,0.091,0.931
canny_hough,fixed,edges,80,1,1,0.3,251.29,91.29,2.633,5.455,1.023,0.098,1.021
canny_hough,fixed,edges,81,1,1,0.3,251.29,91.29,2.627,5.401,0.988,0.09,1.024
canny_hough,fixed,edges,82,1,1,0.3,253.96,93.96,2.601,5.494,0.99,0.093,1.102
canny_hough,fixed,edges,83,1,1,0.3,255.76,95.76,2.649,4.833,0.661,0.098,0.733
canny_hough,fixed,edges,84,1,1,0.3,255.76,95.76,2.631,4.746,0.63,0.093,0.707
canny_hough,fixed,edges,85,1,1,0.45,253.06,93.06,2.773,4.939,0.638,0.096,0.74
canny_hough,fixed,edges,86,1,1,0.45,253.06,93.06,2.707,4.911,0.633,0.095,0.726
canny_hough,fixed,edges,87,1,1,0.15,258.0,98.0,2.424,4.613,0.68,0.102,0.713
canny_hough,fixed,edges,88,1,1,0.3,253.79,93.79,2.641,4.818,0.619,0.092,0.71
canny_hough,fixed,edges,89,1,1,0.45,247.48,87.48,2.746,4.889,0.636,0.097,0.72
canny_hough,fixed,edges,90,1,1,0.45,255.02,95.02,2.783,4.978,0.66,0.097,0.746
canny_hough,fixed,edges,91,1,1,0.3,253.65,93.65,2.588,4.804,0.648,0.097,0.787
canny_hough,fixed,edges,92,1,1,0.45,253.53,93.53,2.764,4.967,0.676,0.096,0.72
canny_hough,fixed,edges,93,1,1,0.45,253.53,93.53,2.774,4.89,0.633,0.093,0.717
canny_hough,fixed,edges,94,1,1,0.45,253.41,93.41,2.794,4.928,0.638,0.094,0.714
canny_hough,fixed,edges,95,1,1,0.45,253.83,93.83,2.709,4.951,0.656,0.091,0.821
canny_hough,fixed,edges,96,1,1,0.45,253.83,93.83,2.77,4.926,0.675,0.095,0.705
canny_hough,fixed,edges,97,1,1,0.3,253.79,93.79,2.622,4.767,0.639,0.091,0.721
canny_hough,fixed,edges,98,1,1,0.3,253.79,93.79,2.641,4.767,0.64,0.092,0.714
canny_hough,fixed,edges,99,1,1,0.3,253.65,93.65,2.612,4.827,0.639,0.096,0.72
canny_hough,fixed,edges,100,1,1,0.3,253.8,93.8,2.56,4.717,0.633,0.093,0.744
canny_hough,fixed,edges,101,1,1,0.3,253.8,93.8,2.633,4.824,0.691,0.097,0.709
canny_hough,fixed,edges,102,1,1,0.45,253.3,93.3,2.775,4.918,0.634,0.093,0.695
canny_hough,fixed,edges,103,1,1,0.3,253.96,93.96,2.658,4.789,0.641,0.093,0.714
canny_hough,fixed,edges,104,1,1,0.3,253.96,93.96,2.584,4.782,0.642,0.092,0.794
canny_hough,fixed,edges,105,1,1,0.45,253.53,93.53,2.667,4.845,0.675,0.097,0.723
canny_hough,fixed,edges,106,1,1,0.45,252.53,92.53,2.804,4.995,0.627,0.097,0.72
canny_hough,fixed,edges,107,1,1,0.45,252.4,92.4,2.858,5.009,0.638,0.097,0.728
canny_hough,fixed,edges,108,1,1,0.45,252.4,92.4,2.929,5.217,0.635,0.092,0.809
canny_hough,fixed,edges,109,1,1,0.3,253.79,93.79,2.658,4.868,0.692,0.096,0.729
canny_hough,fixed,edges,110,1,1,0.3,253.79,93.79,2.61,4.755,0.649,0.093,0.705
canny_hough,fixed,edges,111,1,1,0.3,253.79,93.79,2.689,4.842,0.648,0.095,0.721
canny_hough,fixed,edges,112,1,1,0.45,252.47,92.47,2.682,5.004,0.647,0.094,0.739
canny_hough,fixed,edges,113,1,1,0.45,249.84,89.84,2.684,4.877,0.675,0.098,0.724
canny_hough,fixed,edges,114,1,1,0.45,249.84,89.84,2.837,5.051,0.641,0.094,0.727
canny_hough,fixed,edges,115,1,1,0.3,254.94,94.94,2.585,4.71,0.632,0.094,0.716
canny_hough,fixed,edges,116,1,1,0.3,254.94,94.94,2.589,4.713,0.641,0.092,0.71
canny_hough,fixed,edges,117,1,1,0.45,253.32,93.32,2.722,4.937,0.636,0.093,0.804
canny_hough,fixed,edges,118,1,1,0.45,256.04,96.04,2.804,5.012,0.621,0.096,0.741
canny_hough,fixed,edges,119,1,1,0.45,256.04,96.04,2.802,4.954,0.642,0.096,0.733
canny_hough,fixed,edges,120,1,1,0.45,254.47,94.47,2.848,5.008,0.632,0.098,0.738
canny_hough,fixed,edges,121,1,1,0.3,253.96,93.96,2.574,4.767,0.643,0.092,0.766
canny_hough,fixed,edges,122,1,1,0.3,253.96,93.96,2.645,4.854,0.634,0.092,0.705
canny_hough,fixed,edges,123,1,1,0.45,252.68,92.68,2.744,4.873,0.641,0.091,0.724
canny_hough,fixed,edges,124,1,1,0.3,253.48,93.48,2.647,4.773,0.635,0.095,0.71
canny_hough,fixed,edges,125,1,1,0.3,253.48,93.48,2.615,4.807,0.636,0.093,0.791
canny_hough,fixed,edges,126,1,1,0.45,254.91,94.91,2.739,4.972,0.671,0.096,0.717
canny_hough,fixed,edges,127,1,1,0.45,249.61,89.61,2.769,4.896,0.641,0.092,0.711
canny_hough,fixed,edges,128,1,1,0.45,249.61,89.61,3.072,5.211,0.647,0.093,0.719
canny_hough,fixed,edges,129,1,1,0.3,253.65,93.65,2.604,4.863,0.636,0.097,0.834
canny_hough,fixed,edges,130,1,1,0.3,253.65,93.65,2.643,4.862,0.684,0.099,0.75
canny_hough,fixed,edges,131,1,1,0.3,253.65,93.65,2.641,4.777,0.632,0.091,0.724
canny_hough,fixed,edges,132,1,1,0.3,253.65,93.65,2.659,4.782,0.628,0.09,0.714
canny_hough,fixed,edges,133,1,1,0.45,249.82,89.82,2.786,4.942,0.643,0.097,0.73
canny_hough,fixed,edges,134,1,1,0.45,249.82,89.82,2.727,4.917,0.643,0.136,0.721
canny_hough,fixed,edges,135,1,1,0.3,253.96,93.96,2.607,4.826,0.646,0.093,0.723
canny_hough,fixed,edges,136,1,1,0.45,253.11,93.11,2.803,4.982,0.677,0.093,0.727
canny_hough,fixed,edges,137,1,1,0.45,253.11,93.11,2.836,4.951,0.633,0.093,0.711
canny_hough,fixed,edges,138,1,1,0.3,253.79,93.79,2.569,4.742,0.633,0.092,0.77
canny_hough,fixed,edges,139,1,1,0.3,254.1,94.1,2.602,4.782,0.686,0.094,0.719
canny_hough,fixed,edges,140,1,1,0.3,254.1,94.1,2.594,4.752,0.656,0.093,0.73
canny_hough,fixed,edges,141,1,1,0.45,253.22,93.22,2.801,4.932,0.636,0.093,0.721
canny_hough,fixed,edges,142,1,1,0.3,253.65,93.65,2.57,4.78,0.627,0.092,0.789
canny_hough,fixed,edges,143,1,1,0.3,253.65,93.65,2.574,4.747,0.678,0.096,0.718
canny_hough,fixed,edges,144,1,1,0.45,253.19,93.19,2.74,4.948,0.637,0.096,0.714
canny_hough,fixed,edges,145,1,1,0.45,252.4,92.4,2.758,4.919,0.637,0.096,0.741
canny_hough,fixed,edges,146,1,1,0.45,252.4,92.4,2.781,4.907,0.642,0.092,0.717
canny_hough,fixed,edges,147,1,1,0.3,254.05,94.05,2.576,4.759,0.636,0.091,0.771
canny_hough,fixed,edges,148,1,1,0.3,253.48,93.48,2.636,4.825,0.685,0.094,0.725
canny_hough,fixed,edges,149,1,1,0.3,253.48,93.48,2.628,4.769,0.641,0.093,0.724
canny_hough,fixed,edges,150,1,1,0.3,253.65,93.65,2.642,4.782,0.638,0.092,0.726
canny_hough,fixed,edges,151,1,1,0.45,253.26,93.26,2.699,4.917,0.638,0.091,0.731
canny_hough,fixed,edges,152,1,1,0.45,249.82,89.82,2.719,5.015,0.674,0.101,0.733
canny_hough,fixed,edges,153,1,1,0.45,249.82,89.82,2.766,4.919,0.629,0.095,0.736
canny_hough,fixed,edges,154,1,1,0.45,253.8,93.8,2.766,4.932,0.641,0.096,0.739
canny_hough,fixed,edges,155,1,1,0.45,252.41,92.41,2.672,4.927,0.663,0.098,0.799
canny_hough,fixed,edges,156,1,1,0.45,252.41,92.41,2.708,4.901,0.674,0.1,0.726
canny_hough,fixed,edges,157,1,1,0.45,253.32,93.32,2.785,4.947,0.641,0.096,0.73
canny_hough,fixed,edges,158,1,1,0.45,253.32,93.32,2.807,4.937,0.638,0.095,0.727
canny_hough,fixed,edges,159,1,1,0.45,253.32,93.32,2.681,4.909,0.64,0.093,0.746
canny_hough,fixed,edges,160,1,1,0.45,254.1,94.1,2.902,5.087,0.67,0.1,0.736
canny_hough,fixed,edges,161,1,1,0.45,254.1,94.1,3.063,5.428,0.717,0.096,0.796
canny_hough,fixed,edges,162,1,1,0.3,253.65,93.65,2.862,5.355,0.725,0.1,0.791
canny_hough,fixed,edges,163,1,1,0.45,253.53,93.53,3.04,5.466,0.77,0.102,0.801
canny_hough,fixed,edges,164,1,1,0.45,253.6,93.6,3.027,5.383,0.717,0.099,0.786
canny_hough,fixed,edges,165,1,1,0.45,253.6,93.6,2.959,5.4,0.717,0.1,0.867
canny_hough,fixed,edges,166,1,1,0.15,260.85,100.85,2.745,5.162,0.77,0.096,0.787
canny_hough,fixed,edges,167,1,1,0.15,260.85,100.85,2.793,5.156,0.717,0.099,0.793
canny_hough,fixed,edges,168,1,1,0.15,260.85,100.85,2.68,5.139,0.723,0.103,0.862
canny_hough,fixed,edges,169,1,1,0.3,253.8,93.8,2.912,5.328,0.761,0.101,0.798
canny_hough,fixed,edges,170,1,1,0.3,253.8,93.8,2.906,5.287,0.733,0.098,0.79
canny_hough,fixed,edges,171,1,1,0.3,253.65,93.65,2.857,5.342,0.722,0.098,0.89
canny_hough,fixed,edges,172,1,1,0.3,253.48,93.48,2.942,5.439,0.773,0.101,0.815
canny_hough,fixed,edges,173,1,1,0.3,253.65,93.65,2.972,5.354,0.724,0.099,0.802
canny_hough,fixed,edges,174,1,1,0.3,253.65,93.65,2.846,5.292,0.73,0.1,0.867
canny_hough,fixed,edges,175,1,1,0.45,252.34,92.34,3.054,5.509,0.712,0.1,0.823
canny_hough,fixed,edges,176,1,1,0.45,252.34,92.34,3.063,5.458,0.728,0.102,0.801
canny_hough,fixed,edges,177,1,1,0.3,252.92,92.92,2.856,5.273,0.727,0.097,0.835
canny_hough,fixed,edges,178,1,1,0.45,249.84,89.84,3.098,5.543,0.726,0.1,0.799
canny_hough,fixed,edges,179,1,1,0.45,249.84,89.84,2.943,5.31,0.717,0.099,0.803
canny_hough,fixed,edges,180,1,1,0.3,254.1,94.1,2.548,4.745,0.68,0.097,0.73
canny_hough,fixed,edges,181,1,1,0.3,253.96,93.96,2.648,4.828,0.625,0.094,0.71
canny_hough,fixed,edges,182,1,1,0.45,252.88,92.88,2.717,4.873,0.634,0.094,0.719
canny_hough,fixed,edges,183,1,1,0.45,252.88,92.88,2.736,4.878,0.639,0.091,0.726
canny_hough,fixed,edges,184,1,1,0.15,258.0,98.0,2.442,4.647,0.638,0.093,0.8
canny_hough,fixed,edges,185,1,1,0.15,258.0,98.0,2.5,4.727,0.686,0.094,0.733
canny_hough,fixed,edges,186,1,1,0.45,253.44,93.44,2.736,5.798,1.16,0.176,0.956
canny_hough,fixed,edges,187,1,1,0.3,253.48,93.48,2.668,4.806,0.638,0.094,0.731
canny_hough,fixed,edges,188,1,1,0.3,253.79,93.79,2.565,4.752,0.631,0.092,0.795
canny_hough,fixed,edges,189,1,1,0.3,253.79,93.79,2.687,4.909,0.679,0.099,0.718
canny_hough,fixed,edges,190,1,1,0.3,253.65,93.65,2.619,4.744,0.629,0.094,0.72
canny_hough,fixed,edges,191,1,1,0.3,253.65,93.65,2.648,4.797,0.654,0.092,0.724
canny_hough,fixed,edges,192,1,1,0.45,254.1,94.1,2.699,4.988,0.642,0.093,0.724
canny_hough,fixed,edges,193,1,1,0.3,253.65,93.65,2.565,4.752,0.68,0.096,0.736
canny_hough,fixed,edges,194,1,1,0.3,254.1,94.1,2.63,4.836,0.63,0.095,0.732
canny_hough,fixed,edges,195,1,1,0.3,254.1,94.1,2.633,4.774,0.646,0.094,0.718
canny_hough,fixed,edges,196,1,1,0.45,253.41,93.41,2.79,4.93,0.649,0.092,0.703
canny_hough,fixed,edges,197,1,1,0.45,253.41,93.41,2.727,4.914,0.645,0.094,0.775
canny_hough,fixed,edges,198,1,1,0.45,253.3,93.3,2.77,4.933,0.624,0.092,0.703
canny_hough,fixed,edges,199,1,1,0.45,253.84,93.84,2.771,4.901,0.642,0.093,0.712
canny_hough,fixed,edges,200,1,1,0.45,253.84,93.84,2.789,4.951,0.657,0.093,0.726
canny_hough,fixed,edges,201,1,1,0.45,253.84,93.84,2.726,4.939,0.634,0.094,0.813
canny_hough,fixed,edges,202,1,1,0.45,254.03,94.03,2.792,4.996,0.682,0.094,0.718
canny_hough,fixed,edges,203,1,1,0.3,253.96,93.96,2.641,4.762,0.639,0.093,0.703
canny_hough,fixed,edges,204,1,1,0.3,253.96,93.96,2.653,4.788,0.636,0.094,0.715
canny_hough,fixed,edges,205,1,1,0.45,250.51,90.51,2.764,4.997,0.64,0.094,0.81
canny_hough,fixed,edges,206,1,1,0.45,250.51,90.51,2.804,4.991,0.688,0.094,0.719
canny_hough,fixed,edges,207,1,1,0.45,253.33,93.33,2.747,4.871,0.639,0.091,0.707
canny_hough,fixed,edges,208,1,1,0.3,253.48,93.48,2.664,4.823,0.652,0.094,0.721
canny_hough,fixed,edges,209,1,1,0.45,249.45,89.45,2.65,4.874,0.633,0.096,0.804
canny_hough,fixed,edges,210,1,1,0.45,251.11,91.11,2.685,4.878,0.683,0.097,0.733
canny_hough,fixed,edges,211,1,1,0.3,253.96,93.96,2.659,4.804,0.637,0.092,0.729
canny_hough,fixed,edges,212,1,1,0.45,253.32,93.32,2.749,4.876,0.625,0.092,0.692
canny_hough,fixed,edges,213,1,1,0.45,253.32,93.32,2.763,4.902,0.653,0.093,0.711
canny_hough,fixed,edges,214,1,1,0.45,253.4,93.4,2.703,4.877,0.639,0.092,0.73
canny_hough,fixed,edges,215,1,1,0.45,253.4,93.4,2.772,4.969,0.632,0.093,0.71
canny_hough,fixed,edges,216,1,1,0.3,254.1,94.1,2.623,4.762,0.639,0.094,0.714
canny_hough,fixed,edges,217,1,1,0.3,253.48,93.48,2.66,4.801,0.636,0.092,0.729
canny_hough,fixed,edges,218,1,1,0.45,253.23,93.23,2.711,4.918,0.638,0.092,0.8
canny_hough,fixed,edges,219,1,1,0.45,253.49,93.49,2.769,4.919,0.651,0.096,0.714
canny_hough,fixed,edges,220,1,1,0.45,253.9,93.9,2.997,5.133,0.642,0.091,0.715
canny_hough,fixed,edges,221,1,1,0.45,251.02,91.02,3.114,5.526,0.742,0.099,0.802
canny_hough,fixed,edges,222,1,1,0.45,251.02,91.02,3.075,5.518,0.756,0.104,0.795
canny_hough,fixed,edges,223,1,1,0.45,253.3,93.3,3.092,5.478,0.733,0.101,0.798
canny_hough,fixed,edges,224,1,1,0.45,253.78,93.78,2.947,5.399,0.723,0.098,0.877
canny_hough,fixed,edges,225,1,1,0.45,253.78,93.78,2.997,5.425,0.714,0.099,0.785
canny_hough,fixed,edges,226,1,1,0.45,253.49,93.49,3.154,5.535,0.725,0.1,0.799
canny_hough,fixed,edges,227,1,1,0.45,253.49,93.49,3.173,5.67,0.82,0.106,0.81
canny_hough,fixed,edges,228,1,1,0.45,252.17,92.17,3.062,5.457,0.717,0.099,0.802
canny_hough,fixed,edges,229,1,1,0.45,249.86,89.86,2.989,5.448,0.72,0.098,0.882
canny_hough,fixed,edges,230,1,1,0.45,249.86,89.86,3.046,5.445,0.688,0.1,0.785
canny_hough,fixed,edges,231,1,1,0.3,254.1,94.1,2.891,5.263,0.723,0.101,0.79
canny_hough,fixed,edges,232,1,1,0.3,253.65,93.65,2.862,5.339,0.717,0.099,0.872
canny_hough,fixed,edges,233,1,1,0.3,253.65,93.65,2.918,5.334,0.695,0.1,0.792
canny_hough,fixed,edges,234,1,1,0.3,253.65,93.65,2.946,5.327,0.716,0.1,0.803
canny_hough,fixed,edges,235,1,1,0.45,250.58,90.58,3.102,5.506,0.724,0.1,0.827
canny_hough,fixed,edges,236,1,1,0.45,250.58,90.58,3.154,5.516,0.709,0.099,0.792
canny_hough,fixed,edges,237,1,1,0.45,253.08,93.08,3.004,5.493,0.74,0.1,0.814
canny_hough,fixed,edges,238,1,1,0.3,253.96,93.96,2.901,5.325,0.759,0.104,0.796
canny_hough,fixed,edges,239,1,1,0.45,249.64,89.64,2.771,5.083,0.719,0.099,0.742
canny_hough,fixed,edges,240,1,1,0.45,253.08,93.08,2.792,4.943,0.64,0.093,0.723
canny_hough,fixed,edges,241,1,1,0.45,252.34,92.34,2.705,4.89,0.647,0.133,0.724
canny_hough,fixed,edges,242,1,1,0.45,252.34,92.34,2.768,4.987,0.639,0.093,0.701
canny_hough,fixed,edges,243,1,1,0.45,252.34,92.34,2.765,4.925,0.656,0.094,0.716
canny_hough,fixed,edges,244,1,1,0.45,253.18,93.18,3.076,5.228,0.653,0.094,0.719
canny_hough,fixed,edges,245,1,1,0.45,253.18,93.18,2.831,6.171,1.387,0.186,1.064
canny_hough,fixed,edges,246,1,1,0.3,253.65,93.65,2.725,4.892,0.658,0.096,0.725
canny_hough,fixed,edges,247,1,1,0.3,253.65,93.65,2.647,5.274,0.67,0.099,1.144
canny_hough,fixed,edges,248,1,1,0.3,253.65,93.65,2.681,4.867,0.606,0.098,0.714
canny_hough,fixed,edges,249,1,1,0.3,253.65,93.65,2.719,4.884,0.648,0.094,0.728
canny_hough,fixed,edges,250,1,1,0.45,254.46,94.46,2.772,5.607,1.003,0.1,0.97
canny_hough,fixed,edges,251,1,1,0.45,254.46,94.46,2.806,5.045,0.701,0.102,0.738
canny_hough,fixed,edges,252,1,1,0.3,253.65,93.65,2.672,4.872,0.651,0.096,0.716
canny_hough,fixed,edges,253,1,1,0.45,249.14,89.14,2.863,5.347,0.652,0.101,1.033
canny_hough,fixed,edges,254,1,1,0.45,249.14,89.14,2.812,5.756,1.007,0.162,1.073
canny_hough,fixed,edges,255,1,1,0.45,253.3,93.3,3.149,6.047,1.047,0.134,0.985
canny_hough,fixed,edges,256,1,1,0.45,253.22,93.22,2.914,6.222,1.188,0.19,1.118
canny_hough,fixed,edges,257,1,1,0.45,253.22,93.22,2.842,5.726,0.996,0.104,1.078
canny_hough,fixed,edges,258,1,1,0.45,254.03,94.03,3.22,6.284,1.13,0.124,1.101
canny_hough,fixed,edges,259,1,1,0.45,253.92,93.92,3.087,6.38,1.209,0.13,1.101
canny_hough,fixed,edges,260,1,1,0.45,253.92,93.92,3.166,6.371,1.207,0.116,1.106
canny_hough,fixed,edges,261,1,1,0.45,249.41,89.41,3.184,6.547,1.157,0.11,1.325
canny_hough,fixed,edges,262,1,1,0.3,255.97,95.97,3.04,6.223,1.161,0.109,1.1
canny_hough,fixed,edges,263,1,1,0.3,255.97,95.97,3.082,6.385,1.215,0.119,1.199
canny_hough,fixed,edges,264,1,1,0.3,253.48,93.48,2.922,6.157,1.149,0.111,1.131
canny_hough,fixed,edges,265,1,1,0.3,253.48,93.48,3.007,6.372,1.209,0.121,1.25
canny_hough,fixed,edges,266,1,1,0.3,253.48,93.48,3.064,6.781,1.153,0.107,1.598
canny_hough,fixed,edges,267,1,1,0.3,253.79,93.79,3.05,6.272,1.153,0.107,1.188
canny_hough,fixed,edges,268,1,1,0.45,254.4,94.4,3.121,6.331,1.205,0.119,1.114
canny_hough,fixed,edges,269,1,1,0.45,253.18,93.18,3.099,6.327,1.152,0.111,1.195
canny_hough,fixed,edges,270,1,1,0.45,253.18,93.18,3.161,6.381,1.156,0.11,1.119
canny_hough,fixed,edges,271,1,1,0.3,253.48,93.48,3.29,6.577,1.157,0.108,1.236
canny_hough,fixed,edges,272,1,1,0.3,253.48,93.48,2.973,6.119,1.148,0.103,1.083
canny_hough,fixed,edges,273,1,1,0.3,253.48,93.48,2.942,6.046,1.186,0.104,1.061
canny_hough,fixed,edges,274,1,1,0.45,254.87,94.87,2.807,5.728,1.074,0.094,1.012
canny_hough,fixed,edges,275,1,1,0.45,254.87,94.87,2.818,5.631,1.034,0.099,1.021
canny_hough,fixed,edges,276,1,1,0.3,253.96,93.96,2.735,5.436,0.984,0.091,0.945
canny_hough,fixed,edges,277,1,1,0.3,253.48,93.48,2.539,5.459,0.998,0.093,1.147
canny_hough,fixed,edges,278,1,1,0.3,253.48,93.48,2.636,5.387,1.045,0.093,0.943
canny_hough,fixed,edges,279,1,1,0.3,253.48,93.48,2.612,5.318,0.984,0.091,0.959
canny_hough,fixed,edges,280,1,1,0.3,253.79,93.79,2.584,5.135,0.982,0.097,0.798
canny_hough,fixed,edges,281,1,1,0.3,253.79,93.79,2.642,4.833,0.694,0.093,0.72
canny_hough,fixed,edges,282,1,1,0.3,253.48,93.48,2.665,4.8,0.63,0.094,0.705
canny_hough,fixed,edges,283,1,1,0.45,252.34,92.34,2.765,4.909,0.641,0.093,0.724
canny_hough,fixed,edges,284,1,1,0.45,252.34,92.34,2.695,4.895,0.635,0.096,0.797
canny_hough,fixed,edges,285,1,1,0.45,255.02,95.02,2.783,4.987,0.688,0.095,0.732
canny_hough,fixed,edges,286,1,1,0.3,254.1,94.1,2.585,4.725,0.641,0.094,0.715
canny_hough,fixed,edges,287,1,1,0.3,253.79,93.79,2.647,4.764,0.638,0.093,0.7
canny_hough,fixed,edges,288,1,1,0.3,253.79,93.79,2.655,4.777,0.645,0.094,0.701
canny_hough,fixed,edges,289,1,1,0.45,254.28,94.28,2.743,4.941,0.634,0.094,0.788
canny_hough,fixed,edges,290,1,1,0.45,254.28,94.28,2.802,5.004,0.63,0.092,0.724
canny_hough,fixed,edges,291,1,1,0.45,252.87,92.87,2.762,4.892,0.632,0.096,0.711
canny_hough,fixed,edges,292,1,1,0.15,258.0,98.0,2.535,4.715,0.643,0.097,0.717
canny_hough,fixed,edges,293,1,1,0.45,252.95,92.95,2.723,4.945,0.636,0.093,0.815
canny_hough,fixed,edges,294,1,1,0.45,252.95,92.95,3.101,5.532,0.772,0.107,0.788
canny_hough,fixed,edges,295,1,1,0.45,253.72,93.72,3.16,5.532,0.723,0.101,0.786
canny_hough,fixed,edges,296,1,1,0.45,253.72,93.72,3.112,5.516,0.722,0.099,0.83
canny_hough,fixed,edges,297,1,1,0.3,253.65,93.65,2.9,5.278,0.714,0.097,0.822
canny_hough,fixed,edges,298,1,1,0.45,253.22,93.22,3.066,5.446,0.729,0.1,0.8
canny_hough,fixed,edges,299,1,1,0.45,253.38,93.38,3.083,5.498,0.761,0.103,0.808
canny_hough,fixed,edges,300,1,1,0.45,254.66,94.66,3.127,5.486,0.714,0.1,0.792
canny_hough,fixed,edges,301,1,1,0.45,254.1,94.1,2.979,5.429,0.719,0.099,0.864
canny_hough,fixed,edges,302,1,1,0.45,254.1,94.1,3.063,5.548,0.712,0.099,0.809
canny_hough,fixed,edges,303,1,1,0.45,254.68,94.68,3.052,5.439,0.717,0.102,0.808
canny_hough,fixed,edges,304,1,1,0.45,253.82,93.82,3.109,5.54,0.717,0.143,0.805
canny_hough,fixed,edges,305,1,1,0.45,253.82,93.82,3.098,5.489,0.719,0.099,0.809
canny_hough,fixed,edges,306,1,1,0.45,249.47,89.47,2.959,5.405,0.722,0.101,0.864
canny_hough,fixed,edges,307,1,1,0.45,254.46,94.46,3.21,5.674,0.797,0.105,0.804
canny_hough,fixed,edges,308,1,1,0.45,254.46,94.46,3.162,5.669,0.728,0.1,0.856
canny_hough,fixed,edges,309,1,1,0.3,256.01,96.01,2.943,5.397,0.762,0.105,0.824
canny_hough,fixed,edges,310,1,1,0.45,249.71,89.71,3.135,5.506,0.731,0.1,0.781
canny_hough,fixed,edges,311,1,1,0.45,249.71,89.71,2.985,5.467,0.717,0.101,0.797
canny_hough,fixed,edges,312,1,1,0.45,249.61,89.61,3.148,5.6,0.74,0.106,0.798
canny_hough,fixed,edges,313,1,1,0.45,253.3,93.3,3.165,5.561,0.716,0.1,0.815
canny_hough,fixed,edges,314,1,1,0.45,253.3,93.3,3.086,5.495,0.722,0.101,0.833
canny_hough,fixed,edges,315,1,1,0.3,253.94,93.94,2.912,5.277,0.72,0.099,0.792
canny_hough,fixed,edges,316,1,1,0.45,253.49,93.49,3.073,5.46,0.719,0.099,0.804
canny_hough,fixed,edges,317,1,1,0.45,253.49,93.49,3.097,5.527,0.762,0.101,0.813
canny_hough,fixed,edges,318,1,1,0.45,253.4,93.4,3.041,5.431,0.739,0.1,0.8
canny_hough,fixed,edges,319,1,1,0.3,253.48,93.48,2.86,5.312,0.729,0.099,0.876
canny_hough,fixed,edges,320,1,1,0.3,256.64,96.64,2.942,5.434,0.743,0.099,0.818
canny_hough,fixed,edges,321,1,1,0.3,256.64,96.64,2.931,5.315,0.735,0.1,0.79
canny_hough,fixed,edges,322,1,1,0.45,253.41,93.41,3.027,5.5,0.719,0.101,0.87
canny_hough,fixed,edges,323,1,1,0.45,253.41,93.41,3.126,5.578,0.726,0.099,0.8
canny_hough,fixed,edges,324,1,1,0.45,249.61,89.61,3.11,5.492,0.722,0.101,0.802
canny_hough,fixed,edges,325,1,1,0.3,253.79,93.79,2.924,5.354,0.759,0.107,0.803
canny_hough,fixed,edges,326,1,1,0.45,255.28,95.28,3.18,5.629,0.714,0.098,0.889
canny_hough,fixed,edges,327,1,1,0.15,258.0,98.0,2.699,5.135,0.716,0.105,0.857
canny_hough,fixed,edges,328,1,1,0.45,253.41,93.41,3.085,5.509,0.774,0.101,0.79
canny_hough,fixed,edges,329,1,1,0.45,253.19,93.19,3.12,5.504,0.727,0.098,0.802
canny_hough,fixed,edges,330,1,1,0.3,253.96,93.96,2.813,5.215,0.726,0.099,0.836
canny_hough,fixed,edges,331,1,1,0.45,253.3,93.3,2.755,4.938,0.625,0.097,0.719
canny_hough,fixed,edges,332,1,1,0.45,253.89,93.89,2.789,4.96,0.637,0.092,0.714
canny_hough,fixed,edges,333,1,1,0.45,253.89,93.89,2.789,4.924,0.641,0.092,0.717
canny_hough,fixed,edges,334,1,1,0.45,252.33,92.33,2.737,4.904,0.636,0.092,0.755
canny_hough,fixed,edges,335,1,1,0.3,253.83,93.83,2.629,4.823,0.624,0.091,0.711
canny_hough,fixed,edges,336,1,1,0.3,253.83,93.83,2.683,4.813,0.638,0.093,0.711
canny_hough,fixed,edges,337,1,1,0.3,255.91,95.91,2.631,4.765,0.64,0.097,0.72
canny_hough,fixed,edges,338,1,1,0.3,255.91,95.91,2.583,4.801,0.648,0.091,0.805
canny_hough,fixed,edges,339,1,1,0.15,258.0,98.0,2.461,4.642,0.683,0.096,0.721
canny_hough,fixed,edges,340,1,1,0.45,253.0,93.0,2.747,4.942,0.628,0.093,0.724
canny_hough,fixed,edges,341,1,1,0.45,253.0,93.0,2.732,4.857,0.636,0.095,0.718
canny_hough,fixed,edges,342,1,1,0.3,253.48,93.48,2.657,4.812,0.639,0.095,0.701
canny_hough,fixed,edges,343,1,1,0.45,253.72,93.72,2.732,4.948,0.644,0.093,0.798
canny_hough,fixed,edges,344,1,1,0.45,253.72,93.72,2.789,4.993,0.635,0.094,0.719
canny_hough,fixed,edges,345,1,1,0.45,254.4,94.4,2.739,4.87,0.641,0.092,0.715
canny_hough,fixed,edges,346,1,1,0.45,252.29,92.29,2.783,4.914,0.646,0.094,0.713
canny_hough,fixed,edges,347,1,1,0.3,253.65,93.65,2.55,4.762,0.636,0.095,0.806
canny_hough,fixed,edges,348,1,1,0.3,253.65,93.65,2.605,4.764,0.67,0.097,0.709
canny_hough,fixed,edges,349,1,1,0.3,254.79,94.79,2.598,4.737,0.637,0.092,0.718
canny_hough,fixed,edges,350,1,1,0.3,254.79,94.79,2.602,4.749,0.643,0.094,0.726
canny_hough,fixed,edges,351,1,1,0.15,258.0,98.0,2.71,4.867,0.632,0.096,0.748
canny_hough,fixed,edges,352,1,1,0.3,253.96,93.96,2.936,5.394,0.734,0.144,0.79
canny_hough,fixed,edges,353,1,1,0.3,253.96,93.96,2.958,5.34,0.718,0.1,0.8
canny_hough,fixed,edges,354,1,1,0.3,253.8,93.8,2.875,5.342,0.73,0.104,0.808
canny_hough,fixed,edges,355,1,1,0.45,253.1,93.1,3.092,5.558,0.757,0.1,0.853
canny_hough,fixed,edges,356,1,1,0.45,253.1,93.1,3.084,5.469,0.721,0.103,0.804
canny_hough,fixed,edges,357,1,1,0.45,253.41,93.41,3.024,5.509,0.738,0.104,0.877
canny_hough,fixed,edges,358,1,1,0.3,253.48,93.48,2.937,5.372,0.713,0.098,0.793
canny_hough,fixed,edges,359,1,1,0.3,253.79,93.79,2.911,5.308,0.731,0.101,0.793
canny_hough,fixed,edges,360,1,1,0.3,253.79,93.79,2.812,5.248,0.718,0.1,0.854
canny_hough,fixed,edges,361,1,1,0.45,253.6,93.6,3.059,5.487,0.711,0.099,0.799
canny_hough,fixed,edges,362,1,1,0.3,253.65,93.65,2.926,5.336,0.724,0.099,0.798
canny_hough,fixed,edges,363,1,1,0.3,253.65,93.65,2.904,5.321,0.719,0.144,0.805
canny_hough,otsu,edges,0,1,1,0.3,253.8,93.8,3.014,6.309,1.165,0.471,0.893
canny_hough,otsu,edges,1,1,1,0.45,253.87,93.87,3.806,6.59,0.748,0.443,0.798
canny_hough,otsu,edges,2,1,1,0.45,253.87,93.87,3.654,7.069,1.305,0.474,0.811
canny_hough,otsu,edges,3,1,1,0.45,253.89,93.89,3.864,6.894,0.815,0.448,0.889
canny_hough,otsu,edges,4,1,1,0.3,254.1,94.1,3.766,6.557,0.743,0.438,0.83
canny_hough,otsu,edges,5,1,1,0.3,254.1,94.1,3.591,6.539,0.765,0.446,0.825
canny_hough,otsu,edges,6,1,1,0.3,253.48,93.48,8.131,14.441,1.046,0.654,3.247
canny_hough,otsu,edges,7,1,1,0.3,253.65,93.65,6.861,10.362,1.046,0.473,0.842
canny_hough,otsu,edges,8,1,1,0.3,253.65,93.65,3.279,6.484,0.78,0.447,1.181
canny_hough,otsu,edges,9,1,1,0.45,254.27,94.27,4.088,8.22,1.2,0.572,1.504
canny_hough,otsu,edges,10,1,1,0.3,254.1,94.1,3.99,7.832,1.227,0.482,1.136
canny_hough,otsu,edges,11,1,1,0.45,254.46,94.46,3.174,7.072,1.282,0.494,1.282
canny_hough,otsu,edges,12,1,1,0.45,254.46,94.46,3.166,6.964,1.23,0.444,1.357
canny_hough,otsu,edges,13,1,1,0.3,256.13,96.13,3.113,6.659,1.14,0.437,1.199
canny_hough,otsu,edges,14,1,1,0.3,253.65,93.65,3.008,6.593,1.239,0.452,1.113
canny_hough,otsu,edges,15,1,1,0.3,253.65,93.65,2.982,6.537,1.148,0.433,1.203
canny_hough,otsu,edges,16,1,1,0.45,254.39,94.39,3.172,6.674,1.15,0.431,1.142
canny_hough,otsu,edges,17,1,1,0.45,254.39,94.39,3.09,6.73,1.196,0.439,1.193
canny_hough,otsu,edges,18,1,1,0.45,251.2,91.2,3.203,6.827,1.155,0.426,1.27
canny_hough,otsu,edges,19,1,1,0.3,253.79,93.79,2.901,6.453,1.157,0.437,1.124
canny_hough,otsu,edges,20,1,1,0.3,253.79,93.79,2.98,6.5,1.208,0.438,1.106
canny_hough,otsu,edges,21,1,1,0.3,253.79,93.79,2.996,6.529,1.146,0.432,1.185
canny_hough,otsu,edges,22,1,1,0.3,253.48,93.48,3.013,6.565,1.135,0.434,1.197
canny_hough,otsu,edges,23,1,1,0.3,253.48,93.48,2.986,6.504,1.194,0.436,1.108
canny_hough,otsu,edges,24,1,1,0.45,252.69,92.69,3.132,6.81,1.148,0.436,1.319
canny_hough,otsu,edges,25,1,1,0.3,253.48,93.48,2.984,6.461,1.156,0.431,1.114
canny_hough,otsu,edges,26,1,1,0.45,254.03,94.03,3.184,6.727,1.204,0.443,1.117
canny_hough,otsu,edges,27,1,1,0.3,253.65,93.65,3.021,6.78,1.158,0.43,1.34
canny_hough,otsu,edges,28,1,1,0.45,253.4,93.4,3.239,6.702,1.139,0.434,1.117
canny_hough,otsu,edges,29,1,1,0.45,253.84,93.84,3.234,6.813,1.248,0.447,1.102
canny_hough,otsu,edges,30,1,1,0.3,253.48,93.48,3.009,6.583,1.154,0.501,1.122
canny_hough,otsu,edges,31,1,1,0.3,254.15,94.15,2.937,6.495,1.151,0.43,1.113
canny_hough,otsu,edges,32,1,1,0.3,254.15,94.15,3.148,6.854,1.203,0.468,1.269
canny_hough,otsu,edges,33,1,1,0.45,249.69,89.69,3.244,6.898,1.24,0.502,1.098
canny_hough,otsu,edges,34,1,1,0.45,253.89,93.89,3.034,6.734,1.212,0.427,1.316
canny_hough,otsu,edges,35,1,1,0.45,253.89,93.89,3.154,6.785,1.143,0.427,1.226
canny_hough,otsu,edges,36,1,1,0.45,253.3,93.3,3.105,7.226,1.253,0.43,1.685
canny_hough,otsu,edges,37,1,1,0.3,253.65,93.65,2.949,6.454,1.139,0.475,1.095
canny_hough,otsu,edges,38,1,1,0.3,253.65,93.65,2.878,6.387,1.126,0.426,1.14
canny_hough,otsu,edges,39,1,1,0.3,251.12,91.12,2.93,6.523,1.225,0.435,1.174
canny_hough,otsu,edges,40,1,1,0.45,253.42,93.42,3.069,6.638,1.145,0.426,1.239
canny_hough,otsu,edges,41,1,1,0.3,253.79,93.79,2.985,6.373,1.143,0.425,1.065
canny_hough,otsu,edges,42,1,1,0.3,253.79,93.79,3.192,14.992,9.241,0.494,1.26
canny_hough,otsu,edges,43,1,1,0.45,247.89,87.89,3.331,7.014,1.168,0.455,1.275
canny_hough,otsu,edges,44,1,1,0.45,247.89,87.89,3.231,7.094,1.154,0.454,1.46
canny_hough,otsu,edges,45,1,1,0.45,247.89,87.89,3.255,6.859,1.166,0.46,1.184
canny_hough,otsu,edges,46,1,1,0.3,253.96,93.96,2.933,6.257,1.061,0.412,1.137
canny_hough,otsu,edges,47,1,1,0.3,253.96,93.96,3.523,6.993,1.066,0.419,1.141
canny_hough,otsu,edges,48,1,1,0.3,253.79,93.79,2.921,6.728,1.219,0.433,1.235
canny_hough,otsu,edges,49,1,1,0.3,253.79,93.79,3.122,6.485,1.119,0.411,1.096
canny_hough,otsu,edges,50,1,1,0.3,256.2,96.2,2.884,6.472,1.062,0.42,1.364
canny_hough,otsu,edges,51,1,1,0.3,256.2,96.2,2.773,6.088,1.156,0.386,1.067
canny_hough,otsu,edges,52,1,1,0.45,253.3,93.3,2.868,6.945,1.215,0.42,1.729
canny_hough,otsu,edges,53,1,1,0.45,252.75,92.75,2.746,5.833,0.994,0.37,1.023
canny_hough,otsu,edges,54,1,1,0.45,252.75,92.75,2.884,5.634,0.694,0.379,0.986
canny_hough,otsu,edges,55,1,1,0.45,254.04,94.04,2.847,6.013,1.006,0.379,0.973
canny_hough,otsu,edges,56,1,1,0.45,254.04,94.04,2.837,5.998,1.073,0.39,0.979
canny_hough,otsu,edges,57,1,1,0.45,253.6,93.6,2.748,6.072,0.991,0.385,1.191
canny_hough,otsu,edges,58,1,1,0.3,253.79,93.79,2.727,6.037,1.206,0.389,1.02
canny_hough,otsu,edges,59,1,1,0.3,253.65,93.65,2.63,5.907,1.006,0.381,1.193
canny_hough,otsu,edges,60,1,1,0.3,253.65,93.65,2.782,5.911,1.052,0.388,0.985
canny_hough,otsu,edges,61,1,1,0.45,252.53,92.53,2.744,5.882,1.009,0.374,1.041
canny_hough,otsu,edges,62,1,1,0.45,252.53,92.53,3.105,6.595,1.15,0.438,1.184
canny_hough,otsu,edges,63,1,1,0.45,252.53,92.53,3.13,6.643,1.142,0.432,1.151
canny_hough,otsu,edges,64,1,1,0.3,253.65,93.65,2.899,6.545,1.163,0.44,1.184
canny_hough,otsu,edges,65,1,1,0.45,254.46,94.46,3.212,6.712,1.197,0.437,1.079
canny_hough,otsu,edges,66,1,1,0.45,249.61,89.61,3.205,6.727,1.149,0.513,1.083
canny_hough,otsu,edges,67,1,1,0.45,253.83,93.83,3.305,6.992,1.172,0.434,1.267
canny_hough,otsu,edges,68,1,1,0.3,253.65,93.65,3.25,7.02,1.235,0.449,1.206
canny_hough,otsu,edges,69,1,1,0.3,253.65,93.65,2.991,6.534,1.219,0.437,1.103
canny_hough,otsu,edges,70,1,1,0.45,253.11,93.11,3.263,6.939,1.152,0.433,1.304
canny_hough,otsu,edges,71,1,1,0.45,253.11,93.11,3.383,7.242,1.226,0.444,1.267
canny_hough,otsu,edges,72,1,1,0.3,253.79,93.79,3.142,6.696,1.173,0.435,1.1
canny_hough,otsu,edges,73,1,1,0.3,254.1,94.1,2.913,6.366,1.189,0.436,1.063
canny_hough,otsu,edges,74,1,1,0.45,252.9,92.9,3.017,6.518,1.136,0.424,1.195
canny_hough,otsu,edges,75,1,1,0.45,252.9,92.9,3.071,6.626,1.144,0.425,1.16
canny_hough,otsu,edges,76,1,1,0.45,254.3,94.3,3.112,6.67,1.153,0.473,1.179
canny_hough,otsu,edges,77,1,1,0.45,254.3,94.3,3.018,6.59,1.166,0.435,1.187
canny_hough,otsu,edges,78,1,1,0.3,253.96,93.96,2.924,5.663,0.712,0.425,0.771
canny_hough,otsu,edges,79,1,1,0.3,251.29,91.29,2.852,5.637,0.725,0.427,0.804
canny_hough,otsu,edges,80,1,1,0.3,251.29,91.29,2.924,5.678,0.769,0.429,0.794
canny_hough,otsu,edges,81,1,1,0.3,251.29,91.29,3.197,5.9,0.726,0.426,0.796
canny_hough,otsu,edges,82,1,1,0.3,253.96,93.96,2.974,5.743,0.71,0.465,0.797
canny_hough,otsu,edges,83,1,1,0.3,255.76,95.76,2.949,5.638,0.713,0.425,0.788
canny_hough,otsu,edges,84,1,1,0.3,255.76,95.76,2.862,5.629,0.747,0.426,0.834
canny_hough,otsu,edges,85,1,1,0.45,253.06,93.06,3.117,5.963,0.701,0.426,0.797
canny_hough,otsu,edges,86,1,1,0.45,253.06,93.06,2.996,5.77,0.723,0.425,0.865
canny_hough,otsu,edges,87,1,1,0.15,258.0,98.0,2.766,5.575,0.705,0.423,0.798
canny_hough,otsu,edges,88,1,1,0.3,253.79,93.79,2.856,5.655,0.735,0.425,0.797
canny_hough,otsu,edges,89,1,1,0.45,247.48,87.48,3.053,5.788,0.755,0.428,0.791
canny_hough,otsu,edges,90,1,1,0.45,255.02,95.02,3.154,5.865,0.722,0.428,0.798
canny_hough,otsu,edges,91,1,1,0.3,253.65,93.65,2.995,5.817,0.76,0.424,0.854
canny_hough,otsu,edges,92,1,1,0.45,253.53,93.53,3.056,5.768,0.704,0.426,0.788
canny_hough,otsu,edges,93,1,1,0.45,253.53,93.53,3.102,5.873,0.731,0.469,0.81
canny_hough,otsu,edges,94,1,1,0.45,253.41,93.41,3.138,5.834,0.725,0.422,0.789
canny_hough,otsu,edges,95,1,1,0.45,253.83,93.83,3.102,5.867,0.722,0.465,0.819
canny_hough,otsu,edges,96,1,1,0.45,253.83,93.83,3.118,5.812,0.71,0.426,0.805
canny_hough,otsu,edges,97,1,1,0.3,253.79,93.79,2.867,5.736,0.716,0.424,0.934
canny_hough,otsu,edges,98,1,1,0.3,253.79,93.79,2.91,5.613,0.719,0.426,0.795
canny_hough,otsu,edges,99,1,1,0.3,253.65,93.65,2.843,5.62,0.72,0.426,0.877
canny_hough,otsu,edges,100,1,1,0.3,253.8,93.8,2.906,5.684,0.785,0.424,0.802
canny_hough,otsu,edges,101,1,1,0.3,253.8,93.8,2.913,5.6,0.723,0.425,0.773
canny_hough,otsu,edges,102,1,1,0.45,253.3,93.3,3.098,5.831,0.758,0.428,0.787
canny_hough,otsu,edges,103,1,1,0.3,253.96,93.96,2.958,5.672,0.722,0.425,0.811
canny_hough,otsu,edges,104,1,1,0.3,253.96,93.96,2.939,5.706,0.739,0.466,0.799
canny_hough,otsu,edges,105,1,1,0.45,253.53,93.53,3.024,5.716,0.717,0.426,0.792
canny_hough,otsu,edges,106,1,1,0.45,252.53,92.53,3.041,5.811,0.717,0.426,0.864
canny_hough,otsu,edges,107,1,1,0.45,252.4,92.4,3.083,5.876,0.712,0.419,0.791
canny_hough,otsu,edges,108,1,1,0.45,252.4,92.4,3.019,5.811,0.714,0.426,0.904
canny_hough,otsu,edges,109,1,1,0.3,253.79,93.79,2.928,5.683,0.702,0.423,0.809
canny_hough,otsu,edges,110,1,1,0.3,253.79,93.79,2.847,5.618,0.722,0.422,0.782
canny_hough,otsu,edges,111,1,1,0.3,253.79,93.79,2.915,5.659,0.773,0.426,0.786
canny_hough,otsu,edges,112,1,1,0.45,252.47,92.47,3.073,5.764,0.717,0.426,0.789
canny_hough,otsu,edges,113,1,1,0.45,249.84,89.84,3.08,5.837,0.719,0.469,0.812
canny_hough,otsu,edges,114,1,1,0.45,249.84,89.84,3.124,5.833,0.718,0.425,0.796
canny_hough,otsu,edges,115,1,1,0.3,254.94,94.94,2.851,5.616,0.722,0.46,0.812
canny_hough,otsu,edges,116,1,1,0.3,254.94,94.94,2.836,5.506,0.71,0.424,0.778
canny_hough,otsu,edges,117,1,1,0.45,253.32,93.32,3.033,5.874,0.734,0.424,0.89
canny_hough,otsu,edges,118,1,1,0.45,256.04,96.04,3.103,5.855,0.709,0.425,0.791
canny_hough,otsu,edges,119,1,1,0.45,256.04,96.04,3.042,5.854,0.739,0.425,0.89
canny_hough,otsu,edges,120,1,1,0.45,254.47,94.47,3.121,5.909,0.789,0.426,0.808
canny_hough,otsu,edges,121,1,1,0.3,253.96,93.96,2.853,5.645,0.736,0.428,0.809
canny_hough,otsu,edges,122,1,1,0.3,253.96,93.96,2.93,5.669,0.762,0.424,0.801
canny_hough,otsu,edges,123,1,1,0.45,252.68,92.68,3.049,5.736,0.719,0.424,0.785
canny_hough,otsu,edges,124,1,1,0.3,253.48,93.48,2.933,5.694,0.716,0.467,0.814
canny_hough,otsu,edges,125,1,1,0.3,253.48,93.48,2.94,5.652,0.733,0.424,0.793
canny_hough,otsu,edges,126,1,1,0.45,254.91,94.91,3.049,5.817,0.716,0.424,0.877
canny_hough,otsu,edges,127,1,1,0.45,249.61,89.61,3.079,5.81,0.708,0.426,0.802
canny_hough,otsu,edges,128,1,1,0.45,249.61,89.61,3.067,5.854,0.734,0.425,0.874
canny_hough,otsu,edges,129,1,1,0.3,253.65,93.65,2.905,5.646,0.704,0.425,0.788
canny_hough,otsu,edges,130,1,1,0.3,253.65,93.65,2.875,5.658,0.723,0.428,0.88
canny_hough,otsu,edges,131,1,1,0.3,253.65,93.65,2.951,5.697,0.755,0.426,0.805
canny_hough,otsu,edges,132,1,1,0.3,253.65,93.65,2.949,5.649,0.718,0.425,0.801
canny_hough,otsu,edges,133,1,1,0.45,249.82,89.82,3.104,5.852,0.736,0.428,0.785
canny_hough,otsu,edges,134,1,1,0.45,249.82,89.82,3.123,5.814,0.728,0.422,0.783
canny_hough,otsu,edges,135,1,1,0.3,253.96,93.96,2.967,5.715,0.731,0.466,0.792
canny_hough,otsu,edges,136,1,1,0.45,253.11,93.11,3.138,5.868,0.713,0.425,0.818
canny_hough,otsu,edges,137,1,1,0.45,253.11,93.11,3.134,5.938,0.718,0.42,0.861
canny_hough,otsu,edges,138,1,1,0.3,253.79,93.79,2.936,5.667,0.719,0.422,0.812
canny_hough,otsu,edges,139,1,1,0.3,254.1,94.1,2.822,5.586,0.722,0.424,0.869
canny_hough,otsu,edges,140,1,1,0.3,254.1,94.1,2.886,5.639,0.714,0.42,0.787
canny_hough,otsu,edges,141,1,1,0.45,253.22,93.22,2.998,5.783,0.722,0.426,0.81
canny_hough,otsu,edges,142,1,1,0.3,253.65,93.65,2.931,5.669,0.768,0.429,0.787
canny_hough,otsu,edges,143,1,1,0.3,253.65,93.65,2.937,5.619,0.719,0.424,0.785
canny_hough,otsu,edges,144,1,1,0.45,253.19,93.19,3.174,6.135,0.724,0.469,1.009
canny_hough,otsu,edges,145,1,1,0.45,252.4,92.4,3.073,5.775,0.717,0.425,0.792
canny_hough,otsu,edges,146,1,1,0.45,252.4,92.4,3.077,5.838,0.715,0.464,0.821
canny_hough,otsu,edges,147,1,1,0.3,254.05,94.05,2.993,5.725,0.712,0.424,0.799
canny_hough,otsu,edges,148,1,1,0.3,253.48,93.48,2.854,5.606,0.716,0.426,0.833
canny_hough,otsu,edges,149,1,1,0.3,253.48,93.48,2.906,5.662,0.714,0.428,0.788
canny_hough,otsu,edges,150,1,1,0.3,253.65,93.65,2.847,5.698,0.725,0.425,0.942
canny_hough,otsu,edges,151,1,1,0.45,253.26,93.26,3.044,5.796,0.772,0.426,0.804
canny_hough,otsu,edges,152,1,1,0.45,249.82,89.82,3.11,5.839,0.738,0.424,0.799
canny_hough,otsu,edges,153,1,1,0.45,249.82,89.82,3.092,5.851,0.758,0.423,0.813
canny_hough,otsu,edges,154,1,1,0.45,253.8,93.8,3.076,5.776,0.725,0.427,0.786
canny_hough,otsu,edges,155,1,1,0.45,252.41,92.41,3.025,5.779,0.772,0.429,0.798
canny_hough,otsu,edges,156,1,1,0.45,252.41,92.41,3.075,5.803,0.721,0.426,0.803
canny_hough,otsu,edges,157,1,1,0.45,253.32,93.32,3.095,5.898,0.723,0.466,0.811
canny_hough,otsu,edges,158,1,1,0.45,253.32,93.32,3.101,5.795,0.711,0.424,0.808
canny_hough,otsu,edges,159,1,1,0.45,253.32,93.32,3.063,5.802,0.726,0.464,0.798
canny_hough,otsu,edges,160,1,1,0.45,254.1,94.1,3.097,5.808,0.724,0.425,0.791
canny_hough,otsu,edges,161,1,1,0.45,254.1,94.1,3.002,5.769,0.721,0.422,0.851
canny_hough,otsu,edges,162,1,1,0.3,253.65,93.65,2.905,5.574,0.713,0.429,0.773
canny_hough,otsu,edges,163,1,1,0.45,253.53,93.53,2.982,5.79,0.726,0.421,0.899
canny_hough,otsu,edges,164,1,1,0.45,253.6,93.6,3.031,5.779,0.702,0.427,0.789
canny_hough,otsu,edges,165,1,1,0.45,253.6,93.6,2.971,5.745,0.721,0.424,0.793
canny_hough,otsu,edges,166,1,1,0.15,260.85,100.85,2.757,5.493,0.756,0.429,0.798
canny_hough,otsu,edges,167,1,1,0.15,260.85,100.85,2.757,5.486,0.72,0.424,0.791
canny_hough,otsu,edges,168,1,1,0.15,260.85,100.85,2.685,5.431,0.724,0.426,0.839
canny_hough,otsu,edges,169,1,1,0.3,253.8,93.8,2.893,5.657,0.712,0.425,0.801
canny_hough,otsu,edges,170,1,1,0.3,253.8,93.8,2.822,5.589,0.719,0.421,0.804
canny_hough,otsu,edges,171,1,1,0.3,253.65,93.65,2.925,5.671,0.762,0.43,0.802
canny_hough,otsu,edges,172,1,1,0.3,253.48,93.48,2.952,5.679,0.735,0.427,0.811
canny_hough,otsu,edges,173,1,1,0.3,253.65,93.65,2.913,5.67,0.737,0.466,0.79
canny_hough,otsu,edges,174,1,1,0.3,253.65,93.65,2.933,5.62,0.72,0.425,0.791
canny_hough,otsu,edges,175,1,1,0.45,252.34,92.34,2.976,5.754,0.72,0.424,0.879
canny_hough,otsu,edges,176,1,1,0.45,252.34,92.34,3.086,5.85,0.715,0.425,0.796
canny_hough,otsu,edges,177,1,1,0.3,252.92,92.92,2.843,5.638,0.717,0.426,0.863
canny_hough,otsu,edges,178,1,1,0.45,249.84,89.84,3.097,5.866,0.771,0.425,0.809
canny_hough,otsu,edges,179,1,1,0.45,249.84,89.84,3.042,5.811,0.726,0.424,0.792
canny_hough,otsu,edges,180,1,1,0.3,254.1,94.1,2.896,5.645,0.756,0.432,0.804
canny_hough,otsu,edges,181,1,1,0.3,253.96,93.96,2.969,5.668,0.719,0.42,0.808
canny_hough,otsu,edges,182,1,1,0.45,252.88,92.88,3.034,5.771,0.721,0.469,0.797
canny_hough,otsu,edges,183,1,1,0.45,252.88,92.88,3.046,5.771,0.722,0.423,0.813
canny_hough,otsu,edges,184,1,1,0.15,258.0,98.0,2.709,5.466,0.717,0.426,0.856
canny_hough,otsu,edges,185,1,1,0.15,258.0,98.0,2.777,5.544,0.71,0.422,0.806
canny_hough,otsu,edges,186,1,1,0.45,253.44,93.44,2.987,5.77,0.74,0.428,0.787
canny_hough,otsu,edges,187,1,1,0.3,253.48,93.48,2.925,5.683,0.755,0.427,0.783
canny_hough,otsu,edges,188,1,1,0.3,253.79,93.79,2.921,5.627,0.733,0.424,0.795
canny_hough,otsu,edges,189,1,1,0.3,253.79,93.79,2.912,5.676,0.719,0.466,0.817
canny_hough,otsu,edges,190,1,1,0.3,253.65,93.65,2.916,5.605,0.722,0.425,0.789
canny_hough,otsu,edges,191,1,1,0.3,253.65,93.65,2.831,5.687,0.726,0.425,0.951
canny_hough,otsu,edges,192,1,1,0.45,254.1,94.1,3.074,5.838,0.71,0.426,0.791
canny_hough,otsu,edges,193,1,1,0.3,253.65,93.65,2.798,5.592,0.719,0.423,0.887
canny_hough,otsu,edges,194,1,1,0.3,254.1,94.1,2.909,5.657,0.787,0.426,0.791
canny_hough,otsu,edges,195,1,1,0.3,254.1,94.1,2.911,5.618,0.718,0.423,0.819
canny_hough,otsu,edges,196,1,1,0.45,253.41,93.41,3.098,5.85,0.771,0.43,0.787
canny_hough,otsu,edges,197,1,1,0.45,253.41,93.41,3.105,5.867,0.715,0.421,0.821
canny_hough,otsu,edges,198,1,1,0.45,253.3,93.3,3.09,5.848,0.72,0.472,0.805
canny_hough,otsu,edges,199,1,1,0.45,253.84,93.84,3.082,5.769,0.715,0.425,0.799
canny_hough,otsu,edges,200,1,1,0.45,253.84,93.84,3.101,5.86,0.734,0.465,0.81
canny_hough,otsu,edges,201,1,1,0.45,253.84,93.84,3.076,5.785,0.719,0.431,0.797
canny_hough,otsu,edges,202,1,1,0.45,254.03,94.03,3.03,5.801,0.723,0.427,0.856
canny_hough,otsu,edges,203,1,1,0.3,253.96,93.96,2.914,5.596,0.707,0.425,0.796
canny_hough,otsu,edges,204,1,1,0.3,253.96,93.96,2.852,5.657,0.726,0.426,0.889
canny_hough,otsu,edges,205,1,1,0.45,250.51,90.51,3.089,5.848,0.773,0.428,0.803
canny_hough,otsu,edges,206,1,1,0.45,250.51,90.51,3.046,5.813,0.722,0.427,0.792
canny_hough,otsu,edges,207,1,1,0.45,253.33,93.33,3.112,5.903,0.753,0.425,0.815
canny_hough,otsu,edges,208,1,1,0.3,253.48,93.48,2.942,5.639,0.713,0.421,0.813
canny_hough,otsu,edges,209,1,1,0.45,249.45,89.45,3.027,5.763,0.753,0.428,0.803
canny_hough,otsu,edges,210,1,1,0.45,251.11,91.11,3.047,5.736,0.715,0.426,0.799
canny_hough,otsu,edges,211,1,1,0.3,253.96,93.96,2.951,5.697,0.712,0.464,0.812
canny_hough,otsu,edges,212,1,1,0.45,253.32,93.32,3.056,5.753,0.71,0.425,0.798
canny_hough,otsu,edges,213,1,1,0.45,253.32,93.32,2.998,5.773,0.719,0.424,0.874
canny_hough,otsu,edges,214,1,1,0.45,253.4,93.4,3.06,5.817,0.709,0.42,0.804
canny_hough,otsu,edges,215,1,1,0.45,253.4,93.4,3.001,5.791,0.737,0.427,0.872
canny_hough,otsu,edges,216,1,1,0.3,254.1,94.1,3.42,6.727,0.719,0.442,1.299
canny_hough,otsu,edges,217,1,1,0.3,253.48,93.48,3.052,6.372,1.217,0.441,0.832
canny_hough,otsu,edges,218,1,1,0.45,253.23,93.23,3.093,6.744,1.146,0.434,1.302
canny_hough,otsu,edges,219,1,1,0.45,253.49,93.49,3.163,6.815,1.168,0.438,1.198
canny_hough,otsu,edges,220,1,1,0.45,253.9,93.9,3.235,6.764,1.208,0.443,1.106
canny_hough,otsu,edges,221,1,1,0.45,251.02,91.02,3.141,6.775,1.142,0.436,1.289
canny_hough,otsu,edges,222,1,1,0.45,251.02,91.02,3.13,6.619,1.14,0.435,1.137
canny_hough,otsu,edges,223,1,1,0.45,253.3,93.3,3.183,6.788,1.277,0.444,1.102
canny_hough,otsu,edges,224,1,1,0.45,253.78,93.78,3.287,6.834,1.152,0.435,1.183
canny_hough,otsu,edges,225,1,1,0.45,253.78,93.78,3.035,6.776,1.158,0.444,1.317
canny_hough,otsu,edges,226,1,1,0.45,253.49,93.49,3.149,6.79,1.157,0.434,1.22
canny_hough,otsu,edges,227,1,1,0.45,253.49,93.49,3.143,6.717,1.213,0.44,1.097
canny_hough,otsu,edges,228,1,1,0.45,252.17,92.17,3.105,6.654,1.154,0.434,1.182
canny_hough,otsu,edges,229,1,1,0.45,249.86,89.86,3.139,6.753,1.16,0.429,1.192
canny_hough,otsu,edges,230,1,1,0.45,249.86,89.86,3.188,6.908,1.209,0.61,1.127
canny_hough,otsu,edges,231,1,1,0.3,254.1,94.1,2.961,6.588,1.149,0.434,1.263
canny_hough,otsu,edges,232,1,1,0.3,253.65,93.65,3.029,6.517,1.157,0.433,1.12
canny_hough,otsu,edges,233,1,1,0.3,253.65,93.65,2.989,6.592,1.198,0.436,1.197
canny_hough,otsu,edges,234,1,1,0.3,253.65,93.65,3.018,6.659,1.151,0.43,1.296
canny_hough,otsu,edges,235,1,1,0.45,250.58,90.58,3.223,6.68,1.152,0.43,1.083
canny_hough,otsu,edges,236,1,1,0.45,250.58,90.58,3.177,6.696,1.2,0.435,1.114
canny_hough,otsu,edges,237,1,1,0.45,253.08,93.08,3.157,6.71,1.163,0.434,1.147
canny_hough,otsu,edges,238,1,1,0.3,253.96,93.96,2.883,6.745,1.147,0.435,1.495
canny_hough,otsu,edges,239,1,1,0.45,249.64,89.64,3.107,6.563,1.215,0.427,1.063
canny_hough,otsu,edges,240,1,1,0.45,253.08,93.08,3.149,6.593,1.131,0.425,1.134
canny_hough,otsu,edges,241,1,1,0.45,252.34,92.34,3.097,6.455,1.128,0.423,1.051
canny_hough,otsu,edges,242,1,1,0.45,252.34,92.34,3.157,6.921,1.357,0.493,1.163
canny_hough,otsu,edges,243,1,1,0.45,252.34,92.34,3.091,6.627,1.135,0.472,1.174
canny_hough,otsu,edges,244,1,1,0.45,253.18,93.18,3.019,6.46,1.136,0.424,1.06
canny_hough,otsu,edges,245,1,1,0.45,253.18,93.18,3.07,5.866,0.815,0.428,0.797
canny_hough,otsu,edges,246,1,1,0.3,253.65,93.65,2.952,5.654,0.731,0.427,0.787
canny_hough,otsu,edges,247,1,1,0.3,253.65,93.65,2.935,5.727,0.761,0.43,0.809
canny_hough,otsu,edges,248,1,1,0.3,253.65,93.65,2.936,5.629,0.718,0.424,0.793
canny_hough,otsu,edges,249,1,1,0.3,253.65,93.65,2.845,5.674,0.729,0.467,0.796
canny_hough,otsu,edges,250,1,1,0.45,254.46,94.46,3.041,5.727,0.713,0.425,0.794
canny_hough,otsu,edges,251,1,1,0.45,254.46,94.46,2.977,5.761,0.726,0.425,0.878
canny_hough,otsu,edges,252,1,1,0.3,253.65,93.65,2.916,5.69,0.722,0.421,0.803
canny_hough,otsu,edges,253,1,1,0.45,249.14,89.14,2.974,5.739,0.723,0.424,0.791
canny_hough,otsu,edges,254,1,1,0.45,249.14,89.14,3.045,5.809,0.761,0.424,0.813
canny_hough,otsu,edges,255,1,1,0.45,253.3,93.3,3.119,5.821,0.721,0.426,0.799
canny_hough,otsu,edges,256,1,1,0.45,253.22,93.22,3.079,5.824,0.757,0.426,0.807
canny_hough,otsu,edges,257,1,1,0.45,253.22,93.22,3.086,5.85,0.723,0.424,0.819
canny_hough,otsu,edges,258,1,1,0.45,254.03,94.03,3.111,5.853,0.756,0.429,0.798
canny_hough,otsu,edges,259,1,1,0.45,253.92,93.92,3.08,5.783,0.723,0.425,0.791
canny_hough,otsu,edges,260,1,1,0.45,253.92,93.92,3.098,5.845,0.717,0.465,0.815
canny_hough,otsu,edges,261,1,1,0.45,249.41,89.41,3.124,5.822,0.718,0.424,0.793
canny_hough,otsu,edges,262,1,1,0.3,255.97,95.97,2.868,5.697,0.719,0.48,0.801
canny_hough,otsu,edges,263,1,1,0.3,255.97,95.97,2.944,5.642,0.724,0.424,0.801
canny_hough,otsu,edges,264,1,1,0.3,253.48,93.48,2.854,5.636,0.727,0.425,0.865
canny_hough,otsu,edges,265,1,1,0.3,253.48,93.48,2.92,5.691,0.716,0.427,0.792
canny_hough,otsu,edges,266,1,1,0.3,253.48,93.48,2.943,5.653,0.734,0.422,0.798
canny_hough,otsu,edges,267,1,1,0.3,253.79,93.79,2.94,5.711,0.759,0.43,0.788
canny_hough,otsu,edges,268,1,1,0.45,254.4,94.4,3.063,5.776,0.735,0.422,0.799
canny_hough,otsu,edges,269,1,1,0.45,253.18,93.18,3.099,5.88,0.735,0.464,0.82
canny_hough,otsu,edges,270,1,1,0.45,253.18,93.18,3.134,5.825,0.725,0.42,0.789
canny_hough,otsu,edges,271,1,1,0.3,253.48,93.48,2.936,5.66,0.715,0.463,0.796
canny_hough,otsu,edges,272,1,1,0.3,253.48,93.48,2.905,5.6,0.711,0.426,0.795
canny_hough,otsu,edges,273,1,1,0.3,253.48,93.48,2.849,5.63,0.731,0.425,0.874
canny_hough,otsu,edges,274,1,1,0.45,254.87,94.87,3.111,5.864,0.715,0.421,0.797
canny_hough,otsu,edges,275,1,1,0.45,254.87,94.87,3.044,5.848,0.739,0.424,0.797
canny_hough,otsu,edges,276,1,1,0.3,253.96,93.96,2.934,5.697,0.775,0.428,0.811
canny_hough,otsu,edges,277,1,1,0.3,253.48,93.48,2.892,5.636,0.718,0.421,0.802
canny_hough,otsu,edges,278,1,1,0.3,253.48,93.48,2.909,5.646,0.755,0.429,0.797
canny_hough,otsu,edges,279,1,1,0.3,253.48,93.48,2.891,5.581,0.716,0.429,0.796
canny_hough,otsu,edges,280,1,1,0.3,253.79,93.79,2.86,5.632,0.708,0.424,0.896
canny_hough,otsu,edges,281,1,1,0.3,253.79,93.79,2.914,5.665,0.709,0.426,0.795
canny_hough,otsu,edges,282,1,1,0.3,253.48,93.48,2.883,5.688,0.731,0.426,0.883
canny_hough,otsu,edges,283,1,1,0.45,252.34,92.34,3.082,5.814,0.76,0.429,0.787
canny_hough,otsu,edges,284,1,1,0.45,252.34,92.34,3.14,5.832,0.722,0.426,0.785
canny_hough,otsu,edges,285,1,1,0.45,255.02,95.02,3.111,5.998,0.889,0.439,0.804
canny_hough,otsu,edges,286,1,1,0.3,254.1,94.1,2.905,5.605,0.724,0.426,0.792
canny_hough,otsu,edges,287,1,1,0.3,253.79,93.79,2.938,5.726,0.762,0.427,0.806
canny_hough,otsu,edges,288,1,1,0.3,253.79,93.79,2.942,5.631,0.719,0.427,0.778
canny_hough,otsu,edges,289,1,1,0.45,254.28,94.28,3.136,5.898,0.726,0.425,0.856
canny_hough,otsu,edges,290,1,1,0.45,254.28,94.28,3.121,5.806,0.711,0.425,0.794
canny_hough,otsu,edges,291,1,1,0.45,252.87,92.87,3.022,5.803,0.73,0.425,0.874
canny_hough,otsu,edges,292,1,1,0.15,258.0,98.0,2.779,5.543,0.713,0.422,0.802
canny_hough,otsu,edges,293,1,1,0.45,252.95,92.95,3.033,5.822,0.735,0.428,0.859
canny_hough,otsu,edges,294,1,1,0.45,252.95,92.95,3.098,5.853,0.776,0.43,0.794
canny_hough,otsu,edges,295,1,1,0.45,253.72,93.72,3.038,5.798,0.723,0.426,0.788
canny_hough,otsu,edges,296,1,1,0.45,253.72,93.72,3.109,5.859,0.756,0.428,0.8
canny_hough,otsu,edges,297,1,1,0.3,253.65,93.65,2.923,5.663,0.725,0.423,0.798
canny_hough,otsu,edges,298,1,1,0.45,253.22,93.22,3.087,5.841,0.764,0.432,0.794
canny_hough,otsu,edges,299,1,1,0.45,253.38,93.38,3.108,5.829,0.718,0.424,0.816
canny_hough,otsu,edges,300,1,1,0.45,254.66,94.66,3.123,5.864,0.711,0.466,0.805
canny_hough,otsu,edges,301,1,1,0.45,254.1,94.1,3.059,5.74,0.71,0.423,0.798
canny_hough,otsu,edges,302,1,1,0.45,254.1,94.1,3.059,5.812,0.727,0.469,0.798
canny_hough,otsu,edges,303,1,1,0.45,254.68,94.68,3.04,5.747,0.712,0.424,0.804
canny_hough,otsu,edges,304,1,1,0.45,253.82,93.82,3.035,5.801,0.722,0.425,0.864
canny_hough,otsu,edges,305,1,1,0.45,253.82,93.82,3.085,5.872,0.712,0.425,0.795
canny_hough,otsu,edges,306,1,1,0.45,249.47,89.47,2.957,5.739,0.722,0.424,0.874
canny_hough,otsu,edges,307,1,1,0.45,254.46,94.46,3.178,5.98,0.702,0.419,0.816
canny_hough,otsu,edges,308,1,1,0.45,254.46,94.46,3.063,5.831,0.716,0.421,0.872
canny_hough,otsu,edges,309,1,1,0.3,256.01,96.01,2.911,5.666,0.708,0.423,0.803
canny_hough,otsu,edges,310,1,1,0.45,249.71,89.71,3.033,5.729,0.727,0.427,0.779
canny_hough,otsu,edges,311,1,1,0.45,249.71,89.71,3.034,5.756,0.761,0.426,0.78
canny_hough,otsu,edges,312,1,1,0.45,249.61,89.61,3.145,5.854,0.732,0.425,0.794
canny_hough,otsu,edges,313,1,1,0.45,253.3,93.3,3.103,5.854,0.764,0.435,0.797
canny_hough,otsu,edges,314,1,1,0.45,253.3,93.3,3.098,5.811,0.733,0.424,0.8
canny_hough,otsu,edges,315,1,1,0.3,253.94,93.94,3.067,5.834,0.737,0.467,0.802
canny_hough,otsu,edges,316,1,1,0.45,253.49,93.49,3.172,5.89,0.707,0.429,0.796
canny_hough,otsu,edges,317,1,1,0.45,253.49,93.49,3.087,5.884,0.724,0.466,0.811
canny_hough,otsu,edges,318,1,1,0.45,253.4,93.4,3.062,5.755,0.731,0.425,0.785
canny_hough,otsu,edges,319,1,1,0.3,253.48,93.48,2.867,5.604,0.727,0.428,0.827
canny_hough,otsu,edges,320,1,1,0.3,256.64,96.64,2.905,5.66,0.716,0.424,0.784
canny_hough,otsu,edges,321,1,1,0.3,256.64,96.64,2.85,5.698,0.724,0.424,0.928
canny_hough,otsu,edges,322,1,1,0.45,253.41,93.41,3.093,5.79,0.733,0.426,0.783
canny_hough,otsu,edges,323,1,1,0.45,253.41,93.41,3.101,5.82,0.727,0.421,0.809
canny_hough,otsu,edges,324,1,1,0.45,249.61,89.61,3.104,5.835,0.755,0.427,0.793
canny_hough,otsu,edges,325,1,1,0.3,253.79,93.79,2.924,5.655,0.737,0.425,0.819
canny_hough,otsu,edges,326,1,1,0.45,255.28,95.28,3.116,5.884,0.718,0.484,0.802
canny_hough,otsu,edges,327,1,1,0.15,258.0,98.0,2.789,5.511,0.723,0.421,0.785
canny_hough,otsu,edges,328,1,1,0.45,253.41,93.41,3.088,5.862,0.729,0.426,0.849
canny_hough,otsu,edges,329,1,1,0.45,253.19,93.19,3.099,5.801,0.716,0.424,0.801
canny_hough,otsu,edges,330,1,1,0.3,253.96,93.96,2.854,5.624,0.72,0.428,0.873
canny_hough,otsu,edges,331,1,1,0.45,253.3,93.3,3.067,5.833,0.703,0.425,0.815
canny_hough,otsu,edges,332,1,1,0.45,253.89,93.89,3.003,5.785,0.717,0.424,0.885
canny_hough,otsu,edges,333,1,1,0.45,253.89,93.89,3.072,5.814,0.762,0.427,0.802
canny_hough,otsu,edges,334,1,1,0.45,252.33,92.33,3.046,5.827,0.74,0.426,0.789
canny_hough,otsu,edges,335,1,1,0.3,253.83,93.83,2.919,5.72,0.814,0.428,0.798
canny_hough,otsu,edges,336,1,1,0.3,253.83,93.83,2.961,5.662,0.724,0.427,0.801
canny_hough,otsu,edges,337,1,1,0.3,255.91,95.91,2.915,5.706,0.733,0.466,0.802
canny_hough,otsu,edges,338,1,1,0.3,255.91,95.91,2.888,5.589,0.731,0.427,0.788
canny_hough,otsu,edges,339,1,1,0.15,258.0,98.0,2.727,5.489,0.719,0.425,0.865
canny_hough,otsu,edges,340,1,1,0.45,253.0,93.0,3.029,5.777,0.709,0.425,0.785
canny_hough,otsu,edges,341,1,1,0.45,253.0,93.0,3.003,5.779,0.724,0.425,0.789
canny_hough,otsu,edges,342,1,1,0.3,253.48,93.48,2.914,5.652,0.756,0.428,0.79
canny_hough,otsu,edges,343,1,1,0.45,253.72,93.72,3.092,5.789,0.731,0.424,0.783
canny_hough,otsu,edges,344,1,1,0.45,253.72,93.72,3.102,5.848,0.766,0.428,0.783
canny_hough,otsu,edges,345,1,1,0.45,254.4,94.4,3.067,5.771,0.723,0.421,0.805
canny_hough,otsu,edges,346,1,1,0.45,252.29,92.29,3.094,5.842,0.716,0.473,0.806
canny_hough,otsu,edges,347,1,1,0.3,253.65,93.65,2.929,5.66,0.714,0.427,0.794
canny_hough,otsu,edges,348,1,1,0.3,253.65,93.65,2.864,5.604,0.718,0.424,0.839
canny_hough,otsu,edges,349,1,1,0.3,254.79,94.79,2.872,5.643,0.713,0.426,0.785
canny_hough,otsu,edges,350,1,1,0.3,254.79,94.79,2.817,5.563,0.72,0.425,0.849
canny_hough,otsu,edges,351,1,1,0.15,258.0,98.0,2.766,5.512,0.767,0.423,0.807
canny_hough,otsu,edges,352,1,1,0.3,253.96,93.96,2.953,5.645,0.717,0.421,0.794
canny_hough,otsu,edges,353,1,1,0.3,253.96,93.96,2.941,5.67,0.723,0.466,0.782
canny_hough,otsu,edges,354,1,1,0.3,253.8,93.8,2.91,5.597,0.713,0.426,0.788
canny_hough,otsu,edges,355,1,1,0.45,253.1,93.1,3.046,5.814,0.721,0.424,0.869
canny_hough,otsu,edges,356,1,1,0.45,253.1,93.1,3.061,5.817,0.704,0.426,0.791
canny_hough,otsu,edges,357,1,1,0.45,253.41,93.41,3.03,5.884,0.722,0.426,0.885
canny_hough,otsu,edges,358,1,1,0.3,253.48,93.48,2.928,5.676,0.715,0.424,0.787
canny_hough,otsu,edges,359,1,1,0.3,253.79,93.79,2.836,5.605,0.723,0.427,0.792
canny_hough,otsu,edges,360,1,1,0.3,253.79,93.79,2.893,5.624,0.752,0.424,0.793
canny_hough,otsu,edges,361,1,1,0.45,253.6,93.6,3.059,5.756,0.721,0.426,0.779
canny_hough,otsu,edges,362,1,1,0.3,253.65,93.65,2.979,5.72,0.718,0.467,0.804
canny_hough,otsu,edges,363,1,1,0.3,253.65,93.65,2.903,5.594,0.706,0.425,0.795
canny_hough,adaptive,edges,0,1,1,0.3,253.8,93.8,3.992,16.177,0.706,8.877,1.761
canny_hough,adaptive,edges,1,1,1,0.45,253.87,93.87,8.262,25.479,1.374,10.87,3.677
canny_hough,adaptive,edges,2,1,1,0.45,253.87,93.87,4.008,18.268,1.796,9.56,1.617
canny_hough,adaptive,edges,3,1,1,0.45,253.89,93.89,3.174,15.685,1.528,8.748,1.378
canny_hough,adaptive,edges,4,1,1,0.3,254.1,94.1,3.149,15.067,1.186,8.436,1.431
canny_hough,adaptive,edges,5,1,1,0.3,254.1,94.1,3.024,14.759,1.153,8.393,1.397
canny_hough,adaptive,edges,6,1,1,0.3,253.48,93.48,2.944,14.995,1.151,8.445,1.678
canny_hough,adaptive,edges,7,1,1,0.3,253.65,93.65,3.01,14.667,1.149,8.391,1.266
canny_hough,adaptive,edges,8,1,1,0.3,253.65,93.65,3.02,14.737,1.212,8.391,1.336
canny_hough,adaptive,edges,9,1,1,0.45,254.27,94.27,3.122,14.862,1.15,8.363,1.456
canny_hough,adaptive,edges,10,1,1,0.3,254.1,94.1,2.979,14.526,1.141,8.386,1.241
canny_hough,adaptive,edges,11,1,1,0.45,254.46,94.46,3.161,14.838,1.251,8.4,1.258
canny_hough,adaptive,edges,12,1,1,0.45,254.46,94.46,3.262,15.302,1.153,8.407,1.583
canny_hough,adaptive,edges,13,1,1,0.3,256.13,96.13,2.898,14.558,1.242,8.285,1.376
canny_hough,adaptive,edges,14,1,1,0.3,253.65,93.65,2.933,14.385,1.144,8.304,1.168
canny_hough,adaptive,edges,15,1,1,0.3,253.65,93.65,2.923,14.452,1.206,8.35,1.212
canny_hough,adaptive,edges,16,1,1,0.45,254.39,94.39,3.391,14.933,1.139,8.229,1.324
canny_hough,adaptive,edges,17,1,1,0.45,254.39,94.39,3.33,15.125,1.167,8.697,1.052
canny_hough,adaptive,edges,18,1,1,0.45,251.2,91.2,3.361,15.132,1.29,8.62,1.034
canny_hough,adaptive,edges,19,1,1,0.3,253.79,93.79,3.251,15.846,1.187,8.878,1.594
canny_hough,adaptive,edges,20,1,1,0.3,253.79,93.79,3.191,15.316,1.179,8.754,1.364
canny_hough,adaptive,edges,21,1,1,0.3,253.79,93.79,3.329,15.534,1.302,8.704,1.37
canny_hough,adaptive,edges,22,1,1,0.3,253.48,93.48,2.922,14.674,1.168,8.425,1.352
canny_hough,adaptive,edges,23,1,1,0.3,253.48,93.48,3.459,15.794,1.146,8.785,1.42
canny_hough,adaptive,edges,24,1,1,0.45,252.69,92.69,3.169,17.587,1.269,10.994,1.241
canny_hough,adaptive,edges,25,1,1,0.3,253.48,93.48,2.924,14.535,1.148,8.375,1.324
canny_hough,adaptive,edges,26,1,1,0.45,254.03,94.03,3.182,15.08,1.217,8.409,1.384
canny_hough,adaptive,edges,27,1,1,0.3,253.65,93.65,2.904,14.612,1.301,8.367,1.278
canny_hough,adaptive,edges,28,1,1,0.45,253.4,93.4,3.071,14.571,1.141,8.215,1.394
canny_hough,adaptive,edges,29,1,1,0.45,253.84,93.84,3.143,14.715,1.151,8.387,1.25
canny_hough,adaptive,edges,30,1,1,0.3,253.48,93.48,2.968,14.643,1.225,8.405,1.26
canny_hough,adaptive,edges,31,1,1,0.3,254.15,94.15,3.001,14.616,1.147,8.383,1.311
canny_hough,adaptive,edges,32,1,1,0.3,254.15,94.15,2.988,14.584,1.142,8.327,1.318
canny_hough,adaptive,edges,33,1,1,0.45,249.69,89.69,3.218,14.857,1.201,8.421,1.229
canny_hough,adaptive,edges,34,1,1,0.45,253.89,93.89,3.18,14.873,1.143,8.345,1.417
canny_hough,adaptive,edges,35,1,1,0.45,253.89,93.89,3.126,14.854,1.156,8.359,1.435
canny_hough,adaptive,edges,36,1,1,0.45,253.3,93.3,3.198,14.89,1.147,8.352,1.361
canny_hough,adaptive,edges,37,1,1,0.3,253.65,93.65,3.002,14.783,1.199,8.469,1.339
canny_hough,adaptive,edges,38,1,1,0.3,253.65,93.65,2.993,15.169,1.146,8.838,1.369
canny_hough,adaptive,edges,39,1,1,0.3,251.12,91.12,2.855,14.303,1.142,8.245,1.237
canny_hough,adaptive,edges,40,1,1,0.45,253.42,93.42,3.053,14.536,1.179,8.267,1.29
canny_hough,adaptive,edges,41,1,1,0.3,253.79,93.79,2.912,14.405,1.131,8.238,1.371
canny_hough,adaptive,edges,42,1,1,0.3,253.79,93.79,2.891,14.236,1.125,8.201,1.228
canny_hough,adaptive,edges,43,1,1,0.45,247.89,87.89,3.031,14.505,1.177,8.249,1.302
canny_hough,adaptive,edges,44,1,1,0.45,247.89,87.89,2.978,14.471,1.142,8.208,1.378
canny_hough,adaptive,edges,45,1,1,0.45,247.89,87.89,3.065,14.601,1.142,8.28,1.299
canny_hough,adaptive,edges,46,1,1,0.3,253.96,93.96,2.963,14.362,1.147,8.281,1.207
canny_hough,adaptive,edges,47,1,1,0.3,253.96,93.96,2.851,14.365,1.129,8.247,1.332
canny_hough,adaptive,edges,48,1,1,0.3,253.79,93.79,2.896,14.27,1.19,8.224,1.217
canny_hough,adaptive,edges,49,1,1,0.3,253.79,93.79,2.826,14.321,1.136,8.22,1.397
canny_hough,adaptive,edges,50,1,1,0.3,256.2,96.2,2.884,14.309,1.142,8.22,1.24
canny_hough,adaptive,edges,51,1,1,0.3,256.2,96.2,2.893,14.281,1.13,8.295,1.215
canny_hough,adaptive,edges,52,1,1,0.45,253.3,93.3,3.129,14.546,1.13,8.201,1.301
canny_hough,adaptive,edges,53,1,1,0.45,252.75,92.75,3.037,14.441,1.194,8.258,1.194
canny_hough,adaptive,edges,54,1,1,0.45,252.75,92.75,3.034,14.524,1.135,8.205,1.391
canny_hough,adaptive,edges,55,1,1,0.45,254.04,94.04,3.037,14.357,1.139,8.233,1.196
canny_hough,adaptive,edges,56,1,1,0.45,254.04,94.04,3.037,14.535,1.184,8.241,1.315
canny_hough,adaptive,edges,57,1,1,0.45,253.6,93.6,2.974,14.36,1.149,8.205,1.283
canny_hough,adaptive,edges,58,1,1,0.3,253.79,93.79,2.938,14.426,1.128,8.209,1.308
canny_hough,adaptive,edges,59,1,1,0.3,253.65,93.65,2.915,14.31,1.133,8.293,1.215
canny_hough,adaptive,edges,60,1,1,0.3,253.65,93.65,2.933,14.219,1.131,8.195,1.221
canny_hough,adaptive,edges,61,1,1,0.45,252.53,92.53,3.025,14.431,1.179,8.258,1.222
canny_hough,adaptive,edges,62,1,1,0.45,252.53,92.53,2.724,12.691,0.99,7.119,1.11
canny_hough,adaptive,edges,63,1,1,0.45,252.53,92.53,2.729,12.612,0.996,7.136,1.069
canny_hough,adaptive,edges,64,1,1,0.3,253.65,93.65,2.556,12.524,1.033,7.083,1.171
canny_hough,adaptive,edges,65,1,1,0.45,254.46,94.46,2.806,12.874,1.033,7.112,1.257
canny_hough,adaptive,edges,66,1,1,0.45,249.61,89.61,2.801,12.686,0.981,7.141,1.089
canny_hough,adaptive,edges,67,1,1,0.45,253.83,93.83,2.706,12.704,0.996,7.146,1.172
canny_hough,adaptive,edges,68,1,1,0.3,253.65,93.65,2.636,12.509,0.994,7.149,1.076
canny_hough,adaptive,edges,69,1,1,0.3,253.65,93.65,2.599,12.608,0.982,7.125,1.164
canny_hough,adaptive,edges,70,1,1,0.45,253.11,93.11,3.071,14.559,1.191,8.239,1.308
canny_hough,adaptive,edges,71,1,1,0.45,253.11,93.11,3.062,14.573,1.135,8.232,1.392
canny_hough,adaptive,edges,72,1,1,0.3,253.79,93.79,2.896,14.324,1.141,8.203,1.295
canny_hough,adaptive,edges,73,1,1,0.3,254.1,94.1,2.885,14.241,1.189,8.241,1.191
canny_hough,adaptive,edges,74,1,1,0.45,252.9,92.9,3.006,14.465,1.139,8.194,1.372
canny_hough,adaptive,edges,75,1,1,0.45,252.9,92.9,3.086,14.901,1.231,8.558,1.271
canny_hough,adaptive,edges,76,1,1,0.45,254.3,94.3,3.105,14.46,1.135,8.287,1.173
canny_hough,adaptive,edges,77,1,1,0.45,254.3,94.3,2.99,14.481,1.141,8.256,1.338
canny_hough,adaptive,edges,78,1,1,0.3,253.96,93.96,2.93,14.413,1.19,8.217,1.323
canny_hough,adaptive,edges,79,1,1,0.3,251.29,91.29,2.92,14.309,1.133,8.236,1.265
canny_hough,adaptive,edges,80,1,1,0.3,251.29,91.29,2.903,14.365,1.126,8.267,1.307
canny_hough,adaptive,edges,81,1,1,0.3,251.29,91.29,2.901,14.473,1.184,8.347,1.282
canny_hough,adaptive,edges,82,1,1,0.3,253.96,93.96,2.841,14.268,1.133,8.21,1.301
canny_hough,adaptive,edges,83,1,1,0.3,255.76,95.76,2.921,14.339,1.148,8.25,1.209
canny_hough,adaptive,edges,84,1,1,0.3,255.76,95.76,2.933,14.317,1.129,8.207,1.301
canny_hough,adaptive,edges,85,1,1,0.45,253.06,93.06,3.099,14.466,1.138,8.257,1.215
canny_hough,adaptive,edges,86,1,1,0.45,253.06,93.06,3.05,14.538,1.18,8.247,1.305
canny_hough,adaptive,edges,87,1,1,0.15,258.0,98.0,2.689,14.162,1.142,8.25,1.327
canny_hough,adaptive,edges,88,1,1,0.3,253.79,93.79,2.897,14.275,1.135,8.213,1.208
canny_hough,adaptive,edges,89,1,1,0.45,247.48,87.48,3.06,14.429,1.138,8.217,1.26
canny_hough,adaptive,edges,90,1,1,0.45,255.02,95.02,3.043,14.642,1.139,8.473,1.18
canny_hough,adaptive,edges,91,1,1,0.3,253.65,93.65,2.937,14.358,1.195,8.237,1.24
canny_hough,adaptive,edges,92,1,1,0.45,253.53,93.53,2.98,14.475,1.133,8.201,1.316
canny_hough,adaptive,edges,93,1,1,0.45,253.53,93.53,3.028,14.465,1.132,8.249,1.304
canny_hough,adaptive,edges,94,1,1,0.45,253.41,93.41,3.088,14.462,1.195,8.223,1.198
canny_hough,adaptive,edges,95,1,1,0.45,253.83,93.83,3.014,14.41,1.141,8.224,1.281
canny_hough,adaptive,edges,96,1,1,0.45,253.83,93.83,3.075,14.549,1.146,8.214,1.294
canny_hough,adaptive,edges,97,1,1,0.3,253.79,93.79,2.925,14.339,1.152,8.293,1.213
canny_hough,adaptive,edges,98,1,1,0.3,253.79,93.79,2.907,14.233,1.142,8.197,1.234
canny_hough,adaptive,edges,99,1,1,0.3,253.65,93.65,2.905,14.351,1.195,8.274,1.229
canny_hough,adaptive,edges,100,1,1,0.3,253.8,93.8,2.839,14.23,1.135,8.196,1.309
canny_hough,adaptive,edges,101,1,1,0.3,253.8,93.8,2.939,14.485,1.143,8.266,1.314
canny_hough,adaptive,edges,102,1,1,0.45,253.3,93.3,3.08,14.601,1.131,8.298,1.305
canny_hough,adaptive,edges,103,1,1,0.3,253.96,93.96,2.89,14.381,1.148,8.24,1.213
canny_hough,adaptive,edges,104,1,1,0.3,253.96,93.96,2.92,14.293,1.186,8.214,1.214
canny_hough,adaptive,edges,105,1,1,0.45,253.53,93.53,3.035,14.542,1.14,8.225,1.387
canny_hough,adaptive,edges,106,1,1,0.45,252.53,92.53,3.1,14.522,1.146,8.204,1.31
canny_hough,adaptive,edges,107,1,1,0.45,252.4,92.4,3.067,14.551,1.19,8.251,1.298
canny_hough,adaptive,edges,108,1,1,0.45,252.4,92.4,3.009,14.466,1.133,8.201,1.375
canny_hough,adaptive,edges,109,1,1,0.3,253.79,93.79,2.964,14.364,1.14,8.215,1.218
canny_hough,adaptive,edges,110,1,1,0.3,253.79,93.79,2.931,14.303,1.184,8.216,1.219
canny_hough,adaptive,edges,111,1,1,0.3,253.79,93.79,2.841,14.21,1.125,8.231,1.208
canny_hough,adaptive,edges,112,1,1,0.45,252.47,92.47,3.011,14.425,1.192,8.224,1.206
canny_hough,adaptive,edges,113,1,1,0.45,249.84,89.84,3.009,14.431,1.15,8.237,1.277
canny_hough,adaptive,edges,114,1,1,0.45,249.84,89.84,3.065,14.548,1.127,8.226,1.308
canny_hough,adaptive,edges,115,1,1,0.3,254.94,94.94,2.853,14.275,1.197,8.258,1.217
canny_hough,adaptive,edges,116,1,1,0.3,254.94,94.94,2.766,14.182,1.135,8.22,1.296
canny_hough,adaptive,edges,117,1,1,0.45,253.32,93.32,3.108,14.571,1.225,8.269,1.211
canny_hough,adaptive,edges,118,1,1,0.45,256.04,96.04,3.091,14.566,1.14,8.208,1.371
canny_hough,adaptive,edges,119,1,1,0.45,256.04,96.04,2.795,12.833,0.994,7.168,1.162
canny_hough,adaptive,edges,120,1,1,0.45,254.47,94.47,2.792,12.757,0.997,7.117,1.168
canny_hough,adaptive,edges,121,1,1,0.3,253.96,93.96,2.582,12.538,0.993,7.135,1.097
canny_hough,adaptive,edges,122,1,1,0.3,253.96,93.96,2.572,12.557,1.034,7.082,1.166
canny_hough,adaptive,edges,123,1,1,0.45,252.68,92.68,2.676,12.75,1.03,7.109,1.216
canny_hough,adaptive,edges,124,1,1,0.3,253.48,93.48,2.64,12.536,0.982,7.146,1.082
canny_hough,adaptive,edges,125,1,1,0.3,253.48,93.48,2.631,12.596,0.993,7.147,1.159
canny_hough,adaptive,edges,126,1,1,0.45,254.91,94.91,2.801,12.747,0.994,7.129,1.152
canny_hough,adaptive,edges,127,1,1,0.45,249.61,89.61,3.091,14.57,1.135,8.298,1.299
canny_hough,adaptive,edges,128,1,1,0.45,249.61,89.61,3.025,14.484,1.146,8.187,1.316
canny_hough,adaptive,edges,129,1,1,0.3,253.65,93.65,2.912,14.351,1.19,8.275,1.219
canny_hough,adaptive,edges,130,1,1,0.3,253.65,93.65,2.867,14.234,1.142,8.207,1.26
canny_hough,adaptive,edges,131,1,1,0.3,253.65,93.65,2.938,14.371,1.136,8.24,1.307
canny_hough,adaptive,edges,132,1,1,0.3,253.65,93.65,2.943,14.463,1.181,8.239,1.314
canny_hough,adaptive,edges,133,1,1,0.45,249.82,89.82,3.072,14.489,1.146,8.231,1.289
canny_hough,adaptive,edges,134,1,1,0.45,249.82,89.82,2.79,12.835,1.031,7.135,1.066
canny_hough,adaptive,edges,135,1,1,0.3,253.96,93.96,2.672,12.655,0.992,7.15,1.167
canny_hough,adaptive,edges,136,1,1,0.45,253.11,93.11,2.796,12.762,0.992,7.12,1.165
canny_hough,adaptive,edges,137,1,1,0.45,253.11,93.11,2.809,12.755,0.997,7.157,1.112
canny_hough,adaptive,edges,138,1,1,0.3,253.79,93.79,2.56,12.736,1.038,7.121,1.346
canny_hough,adaptive,edges,139,1,1,0.3,254.1,94.1,2.596,12.593,0.984,7.177,1.091
canny_hough,adaptive,edges,140,1,1,0.3,254.1,94.1,2.606,12.509,0.993,7.154,1.067
canny_hough,adaptive,edges,141,1,1,0.45,253.22,93.22,2.736,12.722,0.994,7.155,1.154
canny_hough,adaptive,edges,142,1,1,0.3,253.65,93.65,2.643,12.632,0.996,7.119,1.171
canny_hough,adaptive,edges,143,1,1,0.3,253.65,93.65,2.578,12.53,0.988,7.133,1.098
canny_hough,adaptive,edges,144,1,1,0.45,253.19,93.19,2.674,12.663,1.032,7.086,1.183
canny_hough,adaptive,edges,145,1,1,0.45,252.4,92.4,2.768,12.731,0.992,7.165,1.07
canny_hough,adaptive,edges,146,1,1,0.45,252.4,92.4,3.234,13.397,0.983,7.138,1.321
canny_hough,adaptive,edges,147,1,1,0.3,254.05,94.05,2.666,12.544,1.074,7.226,0.874
canny_hough,adaptive,edges,148,1,1,0.3,253.48,93.48,2.67,12.018,0.629,7.166,0.859
canny_hough,adaptive,edges,149,1,1,0.3,253.48,93.48,2.673,12.004,0.635,7.15,0.863
canny_hough,adaptive,edges,150,1,1,0.3,253.65,93.65,2.9,13.517,0.716,8.202,1.002
canny_hough,adaptive,edges,151,1,1,0.45,253.26,93.26,3.05,13.698,0.718,8.244,0.922
canny_hough,adaptive,edges,152,1,1,0.45,249.82,89.82,3.034,13.808,0.715,8.215,1.047
canny_hough,adaptive,edges,153,1,1,0.45,249.82,89.82,3.077,13.799,0.713,8.246,0.939
canny_hough,adaptive,edges,154,1,1,0.45,253.8,93.8,3.034,13.711,0.724,8.207,0.922
canny_hough,adaptive,edges,155,1,1,0.45,252.41,92.41,3.021,13.807,0.775,8.326,0.925
canny_hough,adaptive,edges,156,1,1,0.45,252.41,92.41,3.045,13.704,0.748,8.201,0.943
canny_hough,adaptive,edges,157,1,1,0.45,253.32,93.32,3.108,13.826,0.755,8.274,0.936
canny_hough,adaptive,edges,158,1,1,0.45,253.32,93.32,3.102,13.746,0.719,8.219,0.947
canny_hough,adaptive,edges,159,1,1,0.45,253.32,93.32,3.035,13.721,0.724,8.286,0.924
canny_hough,adaptive,edges,160,1,1,0.45,254.1,94.1,3.08,13.734,0.724,8.218,0.946
canny_hough,adaptive,edges,161,1,1,0.45,254.1,94.1,3.005,13.764,0.714,8.224,1.003
canny_hough,adaptive,edges,162,1,1,0.3,253.65,93.65,2.881,13.528,0.715,8.207,0.933
canny_hough,adaptive,edges,163,1,1,0.45,253.53,93.53,2.993,13.725,0.743,8.237,1.001
canny_hough,adaptive,edges,164,1,1,0.45,253.6,93.6,3.395,14.094,0.707,8.223,0.934
canny_hough,adaptive,edges,165,1,1,0.45,253.6,93.6,2.962,13.715,0.725,8.233,1.024
canny_hough,adaptive,edges,166,1,1,0.15,260.85,100.85,2.749,13.476,0.775,8.265,0.932
canny_hough,adaptive,edges,167,1,1,0.15,260.85,100.85,2.781,13.413,0.722,8.205,0.948
canny_hough,adaptive,edges,168,1,1,0.15,260.85,100.85,2.663,13.368,0.729,8.215,0.997
canny_hough,adaptive,edges,169,1,1,0.3,253.8,93.8,2.899,13.619,0.729,8.242,0.927
canny_hough,adaptive,edges,170,1,1,0.3,253.8,93.8,2.837,13.522,0.719,8.208,0.937
canny_hough,adaptive,edges,171,1,1,0.3,253.65,93.65,2.924,13.628,0.758,8.256,0.928
canny_hough,adaptive,edges,172,1,1,0.3,253.48,93.48,2.937,13.611,0.726,8.204,0.945
canny_hough,adaptive,edges,173,1,1,0.3,253.65,93.65,2.967,13.66,0.723,8.214,0.993
canny_hough,adaptive,edges,174,1,1,0.3,253.65,93.65,2.908,13.535,0.715,8.205,0.951
canny_hough,adaptive,edges,175,1,1,0.45,252.34,92.34,2.98,13.723,0.729,8.246,1.014
canny_hough,adaptive,edges,176,1,1,0.45,252.34,92.34,3.046,13.744,0.72,8.225,0.92
canny_hough,adaptive,edges,177,1,1,0.3,252.92,92.92,2.853,13.576,0.734,8.221,0.938
canny_hough,adaptive,edges,178,1,1,0.45,249.84,89.84,3.084,13.785,0.768,8.228,0.942
canny_hough,adaptive,edges,179,1,1,0.45,249.84,89.84,3.158,13.785,0.715,8.204,0.949
canny_hough,adaptive,edges,180,1,1,0.3,254.1,94.1,2.874,13.558,0.715,8.27,0.939
canny_hough,adaptive,edges,181,1,1,0.3,253.96,93.96,2.924,13.594,0.717,8.254,0.945
canny_hough,adaptive,edges,182,1,1,0.45,252.88,92.88,2.954,13.671,0.717,8.202,1.007
canny_hough,adaptive,edges,183,1,1,0.45,252.88,92.88,3.0,13.714,0.724,8.232,0.935
canny_hough,adaptive,edges,184,1,1,0.15,258.0,98.0,2.7,13.447,0.743,8.227,0.944
canny_hough,adaptive,edges,185,1,1,0.15,258.0,98.0,2.757,13.486,0.756,8.264,0.937
canny_hough,adaptive,edges,186,1,1,0.45,253.44,93.44,3.054,13.691,0.722,8.218,0.939
canny_hough,adaptive,edges,187,1,1,0.3,253.48,93.48,2.646,12.001,0.636,7.139,0.877
canny_hough,adaptive,edges,188,1,1,0.3,253.79,93.79,2.628,11.904,0.651,7.101,0.856
canny_hough,adaptive,edges,189,1,1,0.3,253.79,93.79,2.637,11.969,0.635,7.142,0.871
canny_hough,adaptive,edges,190,1,1,0.3,253.65,93.65,2.637,11.914,0.633,7.122,0.862
canny_hough,adaptive,edges,191,1,1,0.3,253.65,93.65,2.65,11.947,0.637,7.126,0.865
canny_hough,adaptive,edges,192,1,1,0.45,254.1,94.1,2.755,12.102,0.645,7.112,0.869
canny_hough,adaptive,edges,193,1,1,0.3,253.65,93.65,2.68,11.982,0.642,7.125,0.856
canny_hough,adaptive,edges,194,1,1,0.3,254.1,94.1,2.65,11.984,0.638,7.136,0.876
canny_hough,adaptive,edges,195,1,1,0.3,254.1,94.1,2.64,11.955,0.632,7.133,0.873
canny_hough,adaptive,edges,196,1,1,0.45,253.41,93.41,2.83,12.153,0.652,7.121,0.869
canny_hough,adaptive,edges,197,1,1,0.45,253.41,93.41,2.791,12.074,0.635,7.132,0.837
canny_hough,adaptive,edges,198,1,1,0.45,253.3,93.3,2.692,12.079,0.654,7.122,0.856
canny_hough,adaptive,edges,199,1,1,0.45,253.84,93.84,2.708,12.106,0.675,7.111,0.934
canny_hough,adaptive,edges,200,1,1,0.45,253.84,93.84,2.708,12.098,0.673,7.102,0.937
canny_hough,adaptive,edges,201,1,1,0.45,253.84,93.84,2.703,12.081,0.675,7.112,0.918
canny_hough,adaptive,edges,202,1,1,0.45,254.03,94.03,2.726,12.115,0.659,7.101,0.921
canny_hough,adaptive,edges,203,1,1,0.3,253.96,93.96,2.843,12.271,0.637,7.095,0.931
canny_hough,adaptive,edges,204,1,1,0.3,253.96,93.96,2.917,13.618,0.724,8.232,0.925
canny_hough,adaptive,edges,205,1,1,0.45,250.51,90.51,3.03,13.739,0.723,8.235,0.991
canny_hough,adaptive,edges,206,1,1,0.45,250.51,90.51,3.091,13.799,0.779,8.238,0.932
canny_hough,adaptive,edges,207,1,1,0.45,253.33,93.33,3.092,13.767,0.726,8.241,0.95
canny_hough,adaptive,edges,208,1,1,0.3,253.48,93.48,2.921,13.614,0.757,8.243,0.925
canny_hough,adaptive,edges,209,1,1,0.45,249.45,89.45,3.007,13.641,0.714,8.219,0.949
canny_hough,adaptive,edges,210,1,1,0.45,251.11,91.11,3.022,13.734,0.735,8.211,1.004
canny_hough,adaptive,edges,211,1,1,0.3,253.96,93.96,2.919,13.639,0.717,8.292,0.956
canny_hough,adaptive,edges,212,1,1,0.45,253.32,93.32,3.016,13.765,0.734,8.196,1.019
canny_hough,adaptive,edges,213,1,1,0.45,253.32,93.32,3.05,13.79,0.713,8.256,0.94
canny_hough,adaptive,edges,214,1,1,0.45,253.4,93.4,2.991,13.712,0.72,8.227,1.026
canny_hough,adaptive,edges,215,1,1,0.45,253.4,93.4,3.087,13.869,0.777,8.269,0.924
canny_hough,adaptive,edges,216,1,1,0.3,254.1,94.1,2.936,13.579,0.722,8.21,0.936
canny_hough,adaptive,edges,217,1,1,0.3,253.48,93.48,2.909,13.581,0.761,8.244,0.913
canny_hough,adaptive,edges,218,1,1,0.45,253.23,93.23,3.096,13.708,0.718,8.191,0.947
canny_hough,adaptive,edges,219,1,1,0.45,253.49,93.49,3.043,13.745,0.719,8.223,1.003
canny_hough,adaptive,edges,220,1,1,0.45,253.9,93.9,3.091,13.709,0.719,8.208,0.939
canny_hough,adaptive,edges,221,1,1,0.45,251.02,91.02,3.473,14.203,0.734,8.212,1.016
canny_hough,adaptive,edges,222,1,1,0.45,251.02,91.02,3.068,14.386,1.183,8.344,0.943
canny_hough,adaptive,edges,223,1,1,0.45,253.3,93.3,3.082,13.795,0.717,8.323,0.908
canny_hough,adaptive,edges,224,1,1,0.45,253.78,93.78,3.014,13.694,0.714,8.241,0.961
canny_hough,adaptive,edges,225,1,1,0.45,253.78,93.78,2.932,13.653,0.74,8.226,1.004
canny_hough,adaptive,edges,226,1,1,0.45,253.49,93.49,3.04,13.808,0.709,8.375,0.929
canny_hough,adaptive,edges,227,1,1,0.45,253.49,93.49,3.021,13.818,0.721,8.234,1.081
canny_hough,adaptive,edges,228,1,1,0.45,252.17,92.17,3.054,13.748,0.714,8.2,0.937
canny_hough,adaptive,edges,229,1,1,0.45,249.86,89.86,2.977,13.708,0.72,8.249,1.004
canny_hough,adaptive,edges,230,1,1,0.45,249.86,89.86,3.026,13.725,0.78,8.224,0.935
canny_hough,adaptive,edges,231,1,1,0.3,254.1,94.1,2.866,13.539,0.727,8.248,0.946
canny_hough,adaptive,edges,232,1,1,0.3,253.65,93.65,2.915,13.685,0.807,8.242,0.927
canny_hough,adaptive,edges,233,1,1,0.3,253.65,93.65,2.941,13.611,0.736,8.238,0.934
canny_hough,adaptive,edges,234,1,1,0.3,253.65,93.65,2.853,13.53,0.716,8.204,0.994
canny_hough,adaptive,edges,235,1,1,0.45,250.58,90.58,3.09,13.808,0.717,8.233,0.935
canny_hough,adaptive,edges,236,1,1,0.45,250.58,90.58,3.03,13.76,0.719,8.2,1.024
canny_hough,adaptive,edges,237,1,1,0.45,253.08,93.08,3.083,13.803,0.778,8.243,0.93
canny_hough,adaptive,edges,238,1,1,0.3,253.96,93.96,2.913,13.533,0.721,8.201,0.939
canny_hough,adaptive,edges,239,1,1,0.45,249.64,89.64,3.088,13.787,0.753,8.249,0.936
canny_hough,adaptive,edges,240,1,1,0.45,253.08,93.08,3.077,13.73,0.723,8.223,0.94
canny_hough,adaptive,edges,241,1,1,0.45,252.34,92.34,3.078,14.54,0.725,8.359,1.61
canny_hough,adaptive,edges,242,1,1,0.45,252.34,92.34,3.077,13.75,0.725,8.223,0.928
canny_hough,adaptive,edges,243,1,1,0.45,252.34,92.34,3.108,13.828,0.765,8.272,0.923
canny_hough,adaptive,edges,244,1,1,0.45,253.18,93.18,3.078,13.748,0.723,8.239,0.953
canny_hough,adaptive,edges,245,1,1,0.45,253.18,93.18,3.068,13.762,0.712,8.292,0.938
canny_hough,adaptive,edges,246,1,1,0.3,253.65,93.65,2.935,13.588,0.726,8.215,0.956
canny_hough,adaptive,edges,247,1,1,0.3,253.65,93.65,2.851,13.569,0.724,8.228,1.017
canny_hough,adaptive,edges,248,1,1,0.3,253.65,93.65,2.907,13.602,0.718,8.204,0.946
canny_hough,adaptive,edges,249,1,1,0.3,253.65,93.65,2.85,13.602,0.724,8.239,0.957
canny_hough,adaptive,edges,250,1,1,0.45,254.46,94.46,3.035,13.736,0.761,8.242,0.95
canny_hough,adaptive,edges,251,1,1,0.45,254.46,94.46,3.064,13.731,0.716,8.233,0.957
canny_hough,adaptive,edges,252,1,1,0.3,253.65,93.65,2.958,13.665,0.709,8.264,0.922
canny_hough,adaptive,edges,253,1,1,0.45,249.14,89.14,3.037,13.677,0.71,8.222,0.944
canny_hough,adaptive,edges,254,1,1,0.45,249.14,89.14,2.966,13.676,0.726,8.218,1.008
canny_hough,adaptive,edges,255,1,1,0.45,253.3,93.3,3.055,13.767,0.719,8.217,0.944
canny_hough,adaptive,edges,256,1,1,0.45,253.22,93.22,2.983,13.684,0.716,8.216,1.006
canny_hough,adaptive,edges,257,1,1,0.45,253.22,93.22,3.047,13.829,0.769,8.316,0.933
canny_hough,adaptive,edges,258,1,1,0.45,254.03,94.03,3.032,13.783,0.741,8.236,0.939
canny_hough,adaptive,edges,259,1,1,0.45,253.92,93.92,3.095,13.818,0.761,8.27,0.927
canny_hough,adaptive,edges,260,1,1,0.45,253.92,93.92,3.073,13.708,0.727,8.194,0.954
canny_hough,adaptive,edges,261,1,1,0.45,249.41,89.41,3.092,13.798,0.756,8.259,0.933
canny_hough,adaptive,edges,262,1,1,0.3,255.97,95.97,2.963,13.632,0.715,8.208,0.952
canny_hough,adaptive,edges,263,1,1,0.3,255.97,95.97,2.87,13.67,0.723,8.24,1.011
canny_hough,adaptive,edges,264,1,1,0.3,253.48,93.48,2.911,13.542,0.712,8.211,0.946
canny_hough,adaptive,edges,265,1,1,0.3,253.48,93.48,2.872,13.576,0.725,8.217,1.005
canny_hough,adaptive,edges,266,1,1,0.3,253.48,93.48,2.897,13.581,0.752,8.244,0.918
canny_hough,adaptive,edges,267,1,1,0.3,253.79,93.79,2.941,13.597,0.716,8.237,0.945
canny_hough,adaptive,edges,268,1,1,0.45,254.4,94.4,3.049,13.733,0.737,8.257,0.932
canny_hough,adaptive,edges,269,1,1,0.45,253.18,93.18,2.989,13.683,0.711,8.289,0.938
canny_hough,adaptive,edges,270,1,1,0.45,253.18,93.18,2.772,12.077,0.641,7.117,0.857
canny_hough,adaptive,edges,271,1,1,0.3,253.48,93.48,2.686,12.002,0.63,7.141,0.849
canny_hough,adaptive,edges,272,1,1,0.3,253.48,93.48,2.631,11.969,0.636,7.127,0.854
canny_hough,adaptive,edges,273,1,1,0.3,253.48,93.48,2.628,11.927,0.633,7.139,0.848
canny_hough,adaptive,edges,274,1,1,0.45,254.87,94.87,2.824,12.111,0.636,7.118,0.844
canny_hough,adaptive,edges,275,1,1,0.45,254.87,94.87,2.803,12.109,0.643,7.128,0.863
canny_hough,adaptive,edges,276,1,1,0.3,253.96,93.96,2.598,11.987,0.642,7.119,0.876
canny_hough,adaptive,edges,277,1,1,0.3,253.48,93.48,2.53,11.956,0.641,7.161,0.865
canny_hough,adaptive,edges,278,1,1,0.3,253.48,93.48,2.815,13.005,0.637,7.857,1.003
canny_hough,adaptive,edges,279,1,1,0.3,253.48,93.48,2.867,13.562,0.712,8.231,0.934
canny_hough,adaptive,edges,280,1,1,0.3,253.79,93.79,2.85,13.59,0.743,8.215,0.952
canny_hough,adaptive,edges,281,1,1,0.3,253.79,93.79,2.926,13.647,0.767,8.267,0.931
canny_hough,adaptive,edges,282,1,1,0.3,253.48,93.48,2.931,13.586,0.717,8.19,0.951
canny_hough,adaptive,edges,283,1,1,0.45,252.34,92.34,3.073,13.814,0.743,8.23,1.009
canny_hough,adaptive,edges,284,1,1,0.45,252.34,92.34,3.05,13.675,0.717,8.205,0.936
canny_hough,adaptive,edges,285,1,1,0.45,255.02,95.02,3.05,13.805,0.724,8.226,1.035
canny_hough,adaptive,edges,286,1,1,0.3,254.1,94.1,2.879,13.64,0.716,8.306,0.907
canny_hough,adaptive,edges,287,1,1,0.3,253.79,93.79,2.851,13.596,0.72,8.235,1.034
canny_hough,adaptive,edges,288,1,1,0.3,253.79,93.79,2.952,13.641,0.749,8.25,0.926
canny_hough,adaptive,edges,289,1,1,0.45,254.28,94.28,3.126,13.772,0.721,8.236,0.929
canny_hough,adaptive,edges,290,1,1,0.45,254.28,94.28,3.12,13.813,0.76,8.246,0.93
canny_hough,adaptive,edges,291,1,1,0.45,252.87,92.87,3.107,13.816,0.738,8.253,0.959
canny_hough,adaptive,edges,292,1,1,0.15,258.0,98.0,2.71,13.472,0.713,8.272,0.924
canny_hough,adaptive,edges,293,1,1,0.45,252.95,92.95,3.084,13.741,0.715,8.247,0.939
canny_hough,adaptive,edges,294,1,1,0.45,252.95,92.95,3.018,13.734,0.72,8.212,1.027
canny_hough,adaptive,edges,295,1,1,0.45,253.72,93.72,3.204,14.737,0.708,8.488,1.441
canny_hough,adaptive,edges,296,1,1,0.45,253.72,93.72,3.118,13.856,0.73,8.226,0.938
canny_hough,adaptive,edges,297,1,1,0.3,253.65,93.65,2.932,13.595,0.72,8.237,0.937
canny_hough,adaptive,edges,298,1,1,0.45,253.22,93.22,2.979,13.68,0.739,8.199,1.013
canny_hough,adaptive,edges,299,1,1,0.45,253.38,93.38,3.067,13.812,0.715,8.252,0.938
canny_hough,adaptive,edges,300,1,1,0.45,254.66,94.66,2.829,12.866,0.723,7.704,0.866
canny_hough,adaptive,edges,301,1,1,0.45,254.1,94.1,2.801,12.147,0.633,7.167,0.87
canny_hough,adaptive,edges,302,1,1,0.45,254.1,94.1,2.692,12.112,0.63,7.128,0.871
canny_hough,adaptive,edges,303,1,1,0.45,254.68,94.68,2.663,12.163,0.675,7.2,0.93
canny_hough,adaptive,edges,304,1,1,0.45,253.82,93.82,2.713,12.04,0.668,7.075,0.934
canny_hough,adaptive,edges,305,1,1,0.45,253.82,93.82,2.712,12.145,0.69,7.126,0.928
canny_hough,adaptive,edges,306,1,1,0.45,249.47,89.47,2.648,12.028,0.703,7.078,0.901
canny_hough,adaptive,edges,307,1,1,0.45,254.46,94.46,2.753,12.138,0.627,7.1,0.91
canny_hough,adaptive,edges,308,1,1,0.45,254.46,94.46,3.126,12.631,0.63,7.207,0.9
canny_hough,adaptive,edges,309,1,1,0.3,256.01,96.01,2.929,13.58,0.728,8.217,0.952
canny_hough,adaptive,edges,310,1,1,0.45,249.71,89.71,2.945,13.664,0.72,8.223,1.023
canny_hough,adaptive,edges,311,1,1,0.45,249.71,89.71,3.01,13.762,0.713,8.274,0.938
canny_hough,adaptive,edges,312,1,1,0.45,249.61,89.61,3.025,13.763,0.717,8.223,1.003
canny_hough,adaptive,edges,313,1,1,0.45,253.3,93.3,3.076,13.804,0.773,8.257,0.938
canny_hough,adaptive,edges,314,1,1,0.45,253.3,93.3,3.101,13.722,0.726,8.202,0.94
canny_hough,adaptive,edges,315,1,1,0.3,253.94,93.94,2.908,13.61,0.753,8.267,0.928
canny_hough,adaptive,edges,316,1,1,0.45,253.49,93.49,3.1,13.71,0.721,8.189,0.944
canny_hough,adaptive,edges,317,1,1,0.45,253.49,93.49,3.208,14.164,0.72,8.3,1.089
canny_hough,adaptive,edges,318,1,1,0.45,253.4,93.4,3.079,13.72,0.738,8.211,0.94
canny_hough,adaptive,edges,319,1,1,0.3,253.48,93.48,2.92,13.659,0.736,8.297,0.945
canny_hough,adaptive,edges,320,1,1,0.3,256.64,96.64,2.893,13.518,0.713,8.222,0.931
canny_hough,adaptive,edges,321,1,1,0.3,256.64,96.64,2.838,13.577,0.727,8.242,1.019
canny_hough,adaptive,edges,322,1,1,0.45,253.41,93.41,3.081,13.838,0.709,8.233,0.957
canny_hough,adaptive,edges,323,1,1,0.45,253.41,93.41,3.022,13.752,0.724,8.242,0.941
canny_hough,adaptive,edges,324,1,1,0.45,249.61,89.61,3.07,13.792,0.774,8.254,0.933
canny_hough,adaptive,edges,325,1,1,0.3,253.79,93.79,2.932,13.589,0.722,8.228,0.949
canny_hough,adaptive,edges,326,1,1,0.45,255.28,95.28,3.079,13.77,0.717,8.275,0.935
canny_hough,adaptive,edges,327,1,1,0.15,258.0,98.0,2.767,13.4,0.721,8.222,0.94
canny_hough,adaptive,edges,328,1,1,0.45,253.41,93.41,3.012,13.711,0.729,8.204,1.009
canny_hough,adaptive,edges,329,1,1,0.45,253.19,93.19,3.085,13.82,0.71,8.263,0.929
canny_hough,adaptive,edges,330,1,1,0.3,253.96,93.96,2.882,13.595,0.74,8.204,1.006
canny_hough,adaptive,edges,331,1,1,0.45,253.3,93.3,3.048,13.766,0.763,8.266,0.925
canny_hough,adaptive,edges,332,1,1,0.45,253.89,93.89,3.093,13.786,0.729,8.227,0.942
canny_hough,adaptive,edges,333,1,1,0.45,253.89,93.89,3.101,13.812,0.758,8.268,0.925
canny_hough,adaptive,edges,334,1,1,0.45,252.33,92.33,3.108,13.734,0.725,8.194,0.947
canny_hough,adaptive,edges,335,1,1,0.3,253.83,93.83,2.917,13.625,0.724,8.293,0.937
canny_hough,adaptive,edges,336,1,1,0.3,253.83,93.83,2.905,13.545,0.734,8.211,0.932
canny_hough,adaptive,edges,337,1,1,0.3,255.91,95.91,2.813,13.553,0.72,8.238,1.035
canny_hough,adaptive,edges,338,1,1,0.3,255.91,95.91,2.889,13.684,0.713,8.308,0.954
canny_hough,adaptive,edges,339,1,1,0.15,258.0,98.0,2.798,13.441,0.729,8.222,0.935
canny_hough,adaptive,edges,340,1,1,0.45,253.0,93.0,3.034,13.718,0.755,8.265,0.908
canny_hough,adaptive,edges,341,1,1,0.45,253.0,93.0,3.037,13.728,0.733,8.255,0.94
canny_hough,adaptive,edges,342,1,1,0.3,253.48,93.48,2.847,13.549,0.719,8.192,1.001
canny_hough,adaptive,edges,343,1,1,0.45,253.72,93.72,3.078,13.797,0.716,8.227,0.945
canny_hough,adaptive,edges,344,1,1,0.45,253.72,93.72,3.056,13.769,0.732,8.212,1.014
canny_hough,adaptive,edges,345,1,1,0.45,254.4,94.4,3.025,13.796,0.723,8.305,0.918
canny_hough,adaptive,edges,346,1,1,0.45,252.29,92.29,3.006,13.706,0.725,8.192,0.956
canny_hough,adaptive,edges,347,1,1,0.3,253.65,93.65,2.903,13.618,0.751,8.276,0.927
canny_hough,adaptive,edges,348,1,1,0.3,253.65,93.65,2.898,13.5,0.716,8.187,0.935
canny_hough,adaptive,edges,349,1,1,0.3,254.79,94.79,2.87,13.543,0.717,8.221,0.978
canny_hough,adaptive,edges,350,1,1,0.3,254.79,94.79,2.864,13.527,0.737,8.255,0.917
canny_hough,adaptive,edges,351,1,1,0.15,258.0,98.0,2.669,13.379,0.721,8.227,1.002
canny_hough,adaptive,edges,352,1,1,0.3,253.96,93.96,2.929,13.641,0.757,8.222,0.928
canny_hough,adaptive,edges,353,1,1,0.3,253.96,93.96,2.941,13.622,0.741,8.229,0.945
canny_hough,adaptive,edges,354,1,1,0.3,253.8,93.8,2.908,13.589,0.732,8.204,0.932
canny_hough,adaptive,edges,355,1,1,0.45,253.1,93.1,3.072,13.723,0.714,8.242,0.934
canny_hough,adaptive,edges,356,1,1,0.45,253.1,93.1,2.992,13.69,0.719,8.218,1.016
canny_hough,adaptive,edges,357,1,1,0.45,253.41,93.41,3.1,13.832,0.716,8.245,0.933
canny_hough,adaptive,edges,358,1,1,0.3,253.48,93.48,2.858,13.576,0.731,8.209,1.015
canny_hough,adaptive,edges,359,1,1,0.3,253.79,93.79,2.898,13.704,0.765,8.368,0.923
canny_hough,adaptive,edges,360,1,1,0.3,253.79,93.79,2.903,13.532,0.725,8.201,0.943
canny_hough,adaptive,edges,361,1,1,0.45,253.6,93.6,3.064,13.78,0.723,8.292,0.937
canny_hough,adaptive,edges,362,1,1,0.3,253.65,93.65,2.927,13.6,0.718,8.219,0.937
canny_hough,adaptive,edges,363,1,1,0.3,253.65,93.65,2.834,13.594,0.73,8.257,1.018
canny_hough,fixed,binary,0,1,1,0.3,253.8,93.8,3.201,6.494,1.159,0.139,1.207
canny_hough,fixed,binary,1,1,1,0.45,253.87,93.87,3.728,6.436,0.918,0.148,0.821
canny_hough,fixed,binary,2,1,1,0.45,253.87,93.87,4.105,7.66,0.881,0.201,1.577
canny_hough,fixed,binary,3,1,1,0.45,253.89,93.89,4.264,8.552,1.271,0.297,1.775
canny_hough,fixed,binary,4,1,1,0.3,254.1,94.1,7.9,15.217,1.926,0.52,3.371
canny_hough,fixed,binary,5,1,1,0.3,254.1,94.1,2.925,8.842,1.923,0.536,2.303
canny_hough,fixed,binary,6,1,1,0.3,253.48,93.48,3.355,6.473,1.038,0.154,1.168
canny_hough,fixed,binary,7,1,1,0.3,253.65,93.65,4.066,7.772,1.266,0.25,1.362
canny_hough,fixed,binary,8,1,1,0.3,253.65,93.65,3.348,6.774,1.202,0.121,1.105
canny_hough,fixed,binary,9,1,1,0.45,254.27,94.27,2.805,5.716,1.089,0.102,1.024
canny_hough,fixed,binary,10,1,1,0.3,254.1,94.1,2.626,5.554,0.999,0.096,1.044
canny_hough,fixed,binary,11,1,1,0.45,254.46,94.46,2.841,6.22,1.111,0.104,1.489
canny_hough,fixed,binary,12,1,1,0.45,254.46,94.46,2.79,5.732,0.99,0.1,1.1
canny_hough,fixed,binary,13,1,1,0.3,256.13,96.13,2.735,6.127,1.102,0.104,1.518
canny_hough,fixed,binary,14,1,1,0.3,253.65,93.65,2.745,5.466,1.0,0.094,0.945
canny_hough,fixed,binary,15,1,1,0.3,253.65,93.65,2.729,5.584,1.052,0.114,0.981
canny_hough,fixed,binary,16,1,1,0.45,254.39,94.39,2.803,5.611,0.996,0.101,1.0
canny_hough,fixed,binary,17,1,1,0.45,254.39,94.39,2.761,5.662,1.006,0.102,1.076
canny_hough,fixed,binary,18,1,1,0.45,251.2,91.2,2.963,6.247,1.299,0.137,1.083
canny_hough,fixed,binary,19,1,1,0.3,253.79,93.79,2.776,6.004,1.01,0.105,1.258
canny_hough,fixed,binary,20,1,1,0.3,253.79,93.79,2.698,6.416,1.737,0.169,1.079
canny_hough,fixed,binary,21,1,1,0.3,253.79,93.79,3.02,6.002,1.048,0.114,1.11
canny_hough,fixed,binary,22,1,1,0.3,253.48,93.48,2.988,6.12,1.143,0.111,1.101
canny_hough,fixed,binary,23,1,1,0.3,253.48,93.48,2.997,6.186,1.195,0.117,1.107
canny_hough,fixed,binary,24,1,1,0.45,252.69,92.69,3.133,6.485,1.146,0.119,1.279
canny_hough,fixed,binary,25,1,1,0.3,253.48,93.48,3.197,6.384,1.153,0.109,1.084
canny_hough,fixed,binary,26,1,1,0.45,254.03,94.03,3.207,6.408,1.148,0.112,1.172
canny_hough,fixed,binary,27,1,1,0.3,253.65,93.65,3.005,6.36,1.164,0.108,1.251
canny_hough,fixed,binary,28,1,1,0.45,253.4,93.4,3.156,6.367,1.213,0.115,1.117
canny_hough,fixed,binary,29,1,1,0.45,253.84,93.84,3.082,6.264,1.14,0.109,1.171
canny_hough,fixed,binary,30,1,1,0.3,253.48,93.48,2.981,6.259,1.148,0.107,1.196
canny_hough,fixed,binary,31,1,1,0.3,254.15,94.15,3.025,6.4,1.145,0.108,1.343
canny_hough,fixed,binary,32,1,1,0.3,254.15,94.15,3.003,6.152,1.16,0.107,1.109
canny_hough,fixed,binary,33,1,1,0.45,249.69,89.69,3.157,6.448,1.196,0.115,1.214
canny_hough,fixed,binary,34,1,1,0.45,253.89,93.89,3.078,6.407,1.162,0.108,1.3
canny_hough,fixed,binary,35,1,1,0.45,253.89,93.89,3.859,7.504,1.193,0.189,1.392
canny_hough,fixed,binary,36,1,1,0.45,253.3,93.3,3.267,6.762,1.235,0.139,1.306
canny_hough,fixed,binary,37,1,1,0.3,253.65,93.65,3.111,6.553,1.142,0.1,1.369
canny_hough,fixed,binary,38,1,1,0.3,253.65,93.65,2.939,6.011,1.133,0.105,1.069
canny_hough,fixed,binary,39,1,1,0.3,251.12,91.12,2.975,6.126,1.204,0.115,1.081
canny_hough,fixed,binary,40,1,1,0.45,253.42,93.42,3.045,6.203,1.141,0.109,1.1
canny_hough,fixed,binary,41,1,1,0.3,253.79,93.79,2.924,6.131,1.189,0.104,1.169
canny_hough,fixed,binary,42,1,1,0.3,253.79,93.79,2.929,6.976,1.145,0.097,2.044
canny_hough,fixed,binary,43,1,1,0.45,247.89,87.89,3.326,6.431,1.128,0.101,1.096
canny_hough,fixed,binary,44,1,1,0.45,247.89,87.89,3.279,6.987,1.227,0.163,1.412
canny_hough,fixed,binary,45,1,1,0.45,247.89,87.89,3.56,6.951,1.182,0.165,1.198
canny_hough,fixed,binary,46,1,1,0.3,253.96,93.96,3.306,7.207,1.347,0.207,1.421
canny_hough,fixed,binary,47,1,1,0.3,253.96,93.96,3.22,6.915,1.284,0.169,1.364
canny_hough,fixed,binary,48,1,1,0.3,253.79,93.79,3.277,6.968,1.336,0.169,1.377
canny_hough,fixed,binary,49,1,1,0.3,253.79,93.79,3.241,7.094,1.372,0.189,1.438
canny_hough,fixed,binary,50,1,1,0.3,256.2,96.2,3.327,7.074,1.283,0.166,1.483
canny_hough,fixed,binary,51,1,1,0.3,256.2,96.2,3.169,6.95,1.296,0.178,1.45
canny_hough,fixed,binary,52,1,1,0.45,253.3,93.3,3.435,7.182,1.26,0.165,1.423
canny_hough,fixed,binary,53,1,1,0.45,252.75,92.75,3.356,7.107,1.394,0.212,1.343
canny_hough,fixed,binary,54,1,1,0.45,252.75,92.75,3.301,8.502,2.966,0.174,1.284
canny_hough,fixed,binary,55,1,1,0.45,254.04,94.04,3.172,9.293,3.77,0.201,1.369
canny_hough,fixed,binary,56,1,1,0.45,254.04,94.04,3.559,7.143,1.409,0.142,1.1
canny_hough,fixed,binary,57,1,1,0.45,253.6,93.6,3.135,6.227,0.969,0.123,1.09
canny_hough,fixed,binary,58,1,1,0.3,253.79,93.79,3.005,5.397,0.718,0.103,0.796
canny_hough,fixed,binary,59,1,1,0.3,253.65,93.65,3.042,6.233,1.203,0.119,1.105
canny_hough,fixed,binary,60,1,1,0.3,253.65,93.65,3.108,6.334,1.149,0.113,1.179
canny_hough,fixed,binary,61,1,1,0.45,252.53,92.53,3.114,6.344,1.163,0.121,1.096
canny_hough,fixed,binary,62,1,1,0.45,252.53,92.53,3.168,6.55,1.157,0.108,1.349
canny_hough,fixed,binary,63,1,1,0.45,252.53,92.53,3.106,6.259,1.146,0.108,1.115
canny_hough,fixed,binary,64,1,1,0.3,253.65,93.65,3.024,6.309,1.206,0.12,1.188
canny_hough,fixed,binary,65,1,1,0.45,254.46,94.46,3.107,6.413,1.143,0.11,1.288
canny_hough,fixed,binary,66,1,1,0.45,249.61,89.61,3.178,6.371,1.163,0.106,1.084
canny_hough,fixed,binary,67,1,1,0.45,253.83,93.83,3.202,6.523,1.162,0.107,1.239
canny_hough,fixed,binary,68,1,1,0.3,253.65,93.65,2.936,6.423,1.407,0.112,1.15
canny_hough,fixed,binary,69,1,1,0.3,253.65,93.65,2.911,6.264,1.333,0.107,1.17
canny_hough,fixed,binary,70,1,1,0.45,253.11,93.11,3.028,6.176,1.147,0.102,1.163
canny_hough,fixed,binary,71,1,1,0.45,253.11,93.11,3.126,6.305,1.15,0.099,1.108
canny_hough,fixed,binary,72,1,1,0.3,253.79,93.79,2.92,6.16,1.168,0.112,1.2
canny_hough,fixed,binary,73,1,1,0.3,254.1,94.1,2.949,5.988,1.143,0.097,1.053
canny_hough,fixed,binary,74,1,1,0.45,252.9,92.9,3.08,6.205,1.193,0.103,1.07
canny_hough,fixed,binary,75,1,1,0.45,252.9,92.9,3.087,6.219,1.146,0.103,1.136
canny_hough,fixed,binary,76,1,1,0.45,254.3,94.3,3.083,6.206,1.19,0.114,1.08
canny_hough,fixed,binary,77,1,1,0.45,254.3,94.3,3.01,6.174,1.141,0.098,1.139
canny_hough,fixed,binary,78,1,1,0.3,253.96,93.96,2.936,6.026,1.197,0.101,1.053
canny_hough,fixed,binary,79,1,1,0.3,251.29,91.29,2.849,6.072,1.135,0.1,1.238
canny_hough,fixed,binary,80,1,1,0.3,251.29,91.29,2.903,6.02,1.133,0.098,1.07
canny_hough,fixed,binary,81,1,1,0.3,251.29,91.29,2.853,6.111,1.141,0.1,1.275
canny_hough,fixed,binary,82,1,1,0.3,253.96,93.96,2.889,6.003,1.14,0.099,1.057
canny_hough,fixed,binary,83,1,1,0.3,255.76,95.76,2.94,6.108,1.144,0.097,1.187
canny_hough,fixed,binary,84,1,1,0.3,255.76,95.76,2.939,5.988,1.137,0.099,1.051
canny_hough,fixed,binary,85,1,1,0.45,253.06,93.06,3.076,6.273,1.145,0.097,1.212
canny_hough,fixed,binary,86,1,1,0.45,253.06,93.06,3.061,6.209,1.142,0.097,1.161
canny_hough,fixed,binary,87,1,1,0.15,258.0,98.0,2.764,6.033,1.186,0.103,1.199
canny_hough,fixed,binary,88,1,1,0.3,253.79,93.79,2.859,6.064,1.134,0.099,1.159
canny_hough,fixed,binary,89,1,1,0.45,247.48,87.48,3.103,6.296,1.192,0.105,1.151
canny_hough,fixed,binary,90,1,1,0.45,255.02,95.02,3.028,6.25,1.151,0.1,1.226
canny_hough,fixed,binary,91,1,1,0.3,253.65,93.65,2.945,6.145,1.133,0.103,1.154
canny_hough,fixed,binary,92,1,1,0.45,253.53,93.53,3.072,6.369,1.135,0.097,1.301
canny_hough,fixed,binary,93,1,1,0.45,253.53,93.53,3.049,6.188,1.142,0.102,1.151
canny_hough,fixed,binary,94,1,1,0.45,253.41,93.41,3.085,6.28,1.18,0.105,1.167
canny_hough,fixed,binary,95,1,1,0.45,253.83,93.83,3.025,6.294,1.134,0.1,1.215
canny_hough,fixed,binary,96,1,1,0.45,253.83,93.83,3.073,6.172,1.186,0.109,1.056
canny_hough,fixed,binary,97,1,1,0.3,253.79,93.79,2.86,6.024,1.133,0.098,1.151
canny_hough,fixed,binary,98,1,1,0.3,253.79,93.79,2.921,6.019,1.134,0.099,1.045
canny_hough,fixed,binary,99,1,1,0.3,253.65,93.65,2.57,5.711,1.132,0.098,1.183
canny_hough,fixed,binary,100,1,1,0.3,253.8,93.8,2.633,5.466,1.044,0.097,1.018
canny_hough,fixed,binary,101,1,1,0.3,253.8,93.8,2.629,5.292,0.987,0.092,0.912
canny_hough,fixed,binary,102,1,1,0.45,253.3,93.3,2.722,5.478,0.999,0.092,0.981
canny_hough,fixed,binary,103,1,1,0.3,253.96,93.96,2.665,5.513,1.0,0.094,1.008
canny_hough,fixed,binary,104,1,1,0.3,253.96,93.96,2.604,5.379,0.994,0.091,0.955
canny_hough,fixed,binary,105,1,1,0.45,253.53,93.53,2.779,5.53,1.025,0.095,0.94
canny_hough,fixed,binary,106,1,1,0.45,252.53,92.53,2.794,5.503,0.995,0.09,0.939
canny_hough,fixed,binary,107,1,1,0.45,252.4,92.4,2.712,5.59,0.984,0.091,1.108
canny_hough,fixed,binary,108,1,1,0.45,252.4,92.4,2.775,5.599,0.985,0.092,1.007
canny_hough,fixed,binary,109,1,1,0.3,253.79,93.79,2.59,5.425,0.988,0.095,1.014
canny_hough,fixed,binary,110,1,1,0.3,253.79,93.79,2.626,5.371,1.041,0.097,0.929
canny_hough,fixed,binary,111,1,1,0.3,253.79,93.79,2.602,5.303,0.991,0.091,0.947
canny_hough,fixed,binary,112,1,1,0.45,252.47,92.47,2.679,5.445,0.987,0.092,1.018
canny_hough,fixed,binary,113,1,1,0.45,249.84,89.84,2.772,5.532,1.044,0.094,0.931
canny_hough,fixed,binary,114,1,1,0.45,249.84,89.84,2.784,5.469,0.977,0.095,0.926
canny_hough,fixed,binary,115,1,1,0.3,254.94,94.94,2.504,5.381,0.986,0.091,1.136
canny_hough,fixed,binary,116,1,1,0.3,254.94,94.94,2.577,5.434,0.987,0.093,1.011
canny_hough,fixed,binary,117,1,1,0.45,253.32,93.32,2.893,5.635,1.002,0.091,0.931
canny_hough,fixed,binary,118,1,1,0.45,256.04,96.04,3.125,6.264,1.193,0.103,1.096
canny_hough,fixed,binary,119,1,1,0.45,256.04,96.04,3.093,6.416,1.14,0.103,1.331
canny_hough,fixed,binary,120,1,1,0.45,254.47,94.47,3.13,6.341,1.14,0.1,1.147
canny_hough,fixed,binary,121,1,1,0.3,253.96,93.96,2.857,5.956,1.141,0.097,1.114
canny_hough,fixed,binary,122,1,1,0.3,253.96,93.96,2.92,6.054,1.135,0.101,1.153
canny_hough,fixed,binary,123,1,1,0.45,252.68,92.68,3.053,6.165,1.15,0.1,1.115
canny_hough,fixed,binary,124,1,1,0.3,253.48,93.48,2.943,6.084,1.142,0.099,1.156
canny_hough,fixed,binary,125,1,1,0.3,253.48,93.48,2.94,6.02,1.189,0.106,1.036
canny_hough,fixed,binary,126,1,1,0.45,254.91,94.91,3.12,6.144,1.129,0.098,1.043
canny_hough,fixed,binary,127,1,1,0.45,249.61,89.61,3.087,6.318,1.187,0.103,1.158
canny_hough,fixed,binary,128,1,1,0.45,249.61,89.61,3.08,6.178,1.142,0.099,1.114
canny_hough,fixed,binary,129,1,1,0.3,253.65,93.65,2.916,5.997,1.192,0.098,1.049
canny_hough,fixed,binary,130,1,1,0.3,253.65,93.65,2.953,6.854,1.129,0.1,1.926
canny_hough,fixed,binary,131,1,1,0.3,253.65,93.65,2.959,5.993,1.129,0.1,1.069
canny_hough,fixed,binary,132,1,1,0.3,253.65,93.65,2.948,6.111,1.18,0.106,1.129
canny_hough,fixed,binary,133,1,1,0.45,249.82,89.82,3.105,6.158,1.141,0.099,1.065
canny_hough,fixed,binary,134,1,1,0.45,249.82,89.82,3.114,6.275,1.175,0.104,1.142
canny_hough,fixed,binary,135,1,1,0.3,253.96,93.96,2.845,5.93,1.136,0.1,1.037
canny_hough,fixed,binary,136,1,1,0.45,253.11,93.11,3.154,6.342,1.176,0.103,1.161
canny_hough,fixed,binary,137,1,1,0.45,253.11,93.11,3.063,6.298,1.13,0.099,1.234
canny_hough,fixed,binary,138,1,1,0.3,253.79,93.79,2.899,6.009,1.134,0.1,1.063
canny_hough,fixed,binary,139,1,1,0.3,254.1,94.1,2.899,6.116,1.149,0.097,1.225
canny_hough,fixed,binary,140,1,1,0.3,254.1,94.1,2.899,6.029,1.137,0.098,1.14
canny_hough,fixed,binary,141,1,1,0.45,253.22,93.22,3.092,6.19,1.13,0.145,1.074
canny_hough,fixed,binary,142,1,1,0.3,253.65,93.65,2.915,6.048,1.131,0.1,1.158
canny_hough,fixed,binary,143,1,1,0.3,253.65,93.65,2.952,6.129,1.183,0.105,1.145
canny_hough,fixed,binary,144,1,1,0.45,253.19,93.19,3.024,6.164,1.133,0.104,1.157
canny_hough,fixed,binary,145,1,1,0.45,252.4,92.4,3.075,6.228,1.244,0.107,1.052
canny_hough,fixed,binary,146,1,1,0.45,252.4,92.4,3.001,6.21,1.134,0.104,1.204
canny_hough,fixed,binary,147,1,1,0.3,254.05,94.05,2.92,6.047,1.132,0.098,1.049
canny_hough,fixed,binary,148,1,1,0.3,253.48,93.48,2.856,5.989,1.143,0.099,1.146
canny_hough,fixed,binary,149,1,1,0.3,253.48,93.48,2.918,6.131,1.141,0.097,1.153
canny_hough,fixed,binary,150,1,1,0.3,253.65,93.65,2.918,6.148,1.14,0.098,1.252
canny_hough,fixed,binary,151,1,1,0.45,253.26,93.26,3.09,6.139,1.133,0.098,1.062
canny_hough,fixed,binary,152,1,1,0.45,249.82,89.82,3.122,6.236,1.143,0.154,1.061
canny_hough,fixed,binary,153,1,1,0.45,249.82,89.82,3.114,6.16,1.139,0.099,1.056
canny_hough,fixed,binary,154,1,1,0.45,253.8,93.8,3.055,7.105,1.183,0.102,2.02
canny_hough,fixed,binary,155,1,1,0.45,252.41,92.41,3.049,6.354,1.13,0.098,1.331
canny_hough,fixed,binary,156,1,1,0.45,252.41,92.41,3.038,6.179,1.141,0.098,1.151
canny_hough,fixed,binary,157,1,1,0.45,253.32,93.32,3.117,6.214,1.178,0.104,1.032
canny_hough,fixed,binary,158,1,1,0.45,253.32,93.32,3.12,6.143,1.132,0.099,1.048
canny_hough,fixed,binary,159,1,1,0.45,253.32,93.32,3.053,6.144,1.192,0.102,1.041
canny_hough,fixed,binary,160,1,1,0.45,254.1,94.1,3.023,6.239,1.141,0.098,1.226
canny_hough,fixed,binary,161,1,1,0.45,254.1,94.1,3.083,6.214,1.144,0.098,1.062
canny_hough,fixed,binary,162,1,1,0.3,253.65,93.65,2.842,6.037,1.131,0.1,1.227
canny_hough,fixed,binary,163,1,1,0.45,253.53,93.53,3.056,6.202,1.124,0.1,1.169
canny_hough,fixed,binary,164,1,1,0.45,253.6,93.6,3.062,6.269,1.147,0.149,1.162
canny_hough,fixed,binary,165,1,1,0.45,253.6,93.6,3.055,6.107,1.147,0.097,1.063
canny_hough,fixed,binary,166,1,1,0.15,260.85,100.85,2.759,5.869,1.19,0.103,1.061
canny_hough,fixed,binary,167,1,1,0.15,260.85,100.85,2.903,7.563,2.209,0.236,1.354
canny_hough,fixed,binary,168,1,1,0.15,260.85,100.85,2.821,5.971,1.14,0.108,1.115
canny_hough,fixed,binary,169,1,1,0.3,253.8,93.8,3.058,6.428,1.22,0.118,1.255
canny_hough,fixed,binary,170,1,1,0.3,253.8,93.8,2.919,6.206,1.14,0.11,1.186
canny_hough,fixed,binary,171,1,1,0.3,253.65,93.65,2.998,6.222,1.204,0.117,1.138
canny_hough,fixed,binary,172,1,1,0.3,253.48,93.48,2.948,6.164,1.156,0.108,1.179
canny_hough,fixed,binary,173,1,1,0.3,253.65,93.65,2.993,6.165,1.146,0.107,1.086
canny_hough,fixed,binary,174,1,1,0.3,253.65,93.65,3.017,6.363,1.156,0.109,1.317
canny_hough,fixed,binary,175,1,1,0.45,252.34,92.34,3.125,6.283,1.157,0.109,1.116
canny_hough,fixed,binary,176,1,1,0.45,252.34,92.34,3.17,6.493,1.216,0.12,1.201
canny_hough,fixed,binary,177,1,1,0.3,252.92,92.92,2.935,6.222,1.149,0.115,1.218
canny_hough,fixed,binary,178,1,1,0.45,249.84,89.84,3.177,6.384,1.15,0.109,1.103
canny_hough,fixed,binary,179,1,1,0.45,249.84,89.84,3.198,6.605,1.14,0.106,1.389
canny_hough,fixed,binary,180,1,1,0.3,254.1,94.1,2.986,6.214,1.15,0.11,1.191
canny_hough,fixed,binary,181,1,1,0.3,253.96,93.96,3.021,6.214,1.202,0.115,1.104
canny_hough,fixed,binary,182,1,1,0.45,252.88,92.88,2.734,5.908,1.152,0.114,1.15
canny_hough,fixed,binary,183,1,1,0.45,252.88,92.88,2.851,5.689,1.045,0.106,0.985
canny_hough,fixed,binary,184,1,1,0.15,258.0,98.0,2.653,5.457,1.004,0.108,1.0
canny_hough,fixed,binary,185,1,1,0.15,258.0,98.0,2.533,5.458,1.003,0.104,1.128
canny_hough,fixed,binary,186,1,1,0.45,253.44,93.44,3.081,6.258,1.167,0.139,1.098
canny_hough,fixed,binary,187,1,1,0.3,253.48,93.48,2.844,6.128,1.162,0.176,1.192
canny_hough,fixed,binary,188,1,1,0.3,253.79,93.79,2.687,5.559,1.0,0.107,1.064
canny_hough,fixed,binary,189,1,1,0.3,253.79,93.79,2.659,5.531,1.014,0.101,1.06
canny_hough,fixed,binary,190,1,1,0.3,253.65,93.65,2.737,5.625,1.009,0.101,1.015
canny_hough,fixed,binary,191,1,1,0.3,253.65,93.65,2.603,5.498,1.038,0.116,0.929
canny_hough,fixed,binary,192,1,1,0.45,254.1,94.1,2.763,5.605,1.033,0.099,1.038
canny_hough,fixed,binary,193,1,1,0.3,253.65,93.65,2.614,5.399,1.002,0.09,1.017
canny_hough,fixed,binary,194,1,1,0.3,254.1,94.1,2.572,5.36,0.991,0.091,1.036
canny_hough,fixed,binary,195,1,1,0.3,254.1,94.1,2.636,5.378,1.046,0.096,0.935
canny_hough,fixed,binary,196,1,1,0.45,253.41,93.41,2.8,5.669,0.989,0.092,1.04
canny_hough,fixed,binary,197,1,1,0.45,253.41,93.41,2.804,5.629,1.051,0.101,0.962
canny_hough,fixed,binary,198,1,1,0.45,253.3,93.3,2.765,5.537,0.978,0.093,1.027
canny_hough,fixed,binary,199,1,1,0.45,253.84,93.84,2.764,5.529,0.992,0.091,1.007
canny_hough,fixed,binary,200,1,1,0.45,253.84,93.84,2.782,5.555,1.045,0.094,0.931
canny_hough,fixed,binary,201,1,1,0.45,253.84,93.84,2.794,5.482,0.992,0.093,0.925
canny_hough,fixed,binary,202,1,1,0.45,254.03,94.03,2.85,5.612,0.988,0.147,0.947
canny_hough,fixed,binary,203,1,1,0.3,253.96,93.96,2.65,5.436,0.994,0.091,1.019
canny_hough,fixed,binary,204,1,1,0.3,253.96,93.96,2.588,5.41,1.0,0.092,1.06
canny_hough,fixed,binary,205,1,1,0.45,250.51,90.51,2.789,5.677,1.037,0.096,1.084
canny_hough,fixed,binary,206,1,1,0.45,250.51,90.51,2.808,5.584,0.994,0.092,1.014
canny_hough,fixed,binary,207,1,1,0.45,253.33,93.33,2.755,5.64,1.001,0.101,1.033
canny_hough,fixed,binary,208,1,1,0.3,253.48,93.48,2.654,5.349,0.989,0.092,0.93
canny_hough,fixed,binary,209,1,1,0.45,249.45,89.45,2.648,5.488,0.982,0.093,1.09
canny_hough,fixed,binary,210,1,1,0.45,251.11,91.11,2.745,5.495,1.028,0.096,0.941
canny_hough,fixed,binary,211,1,1,0.3,253.96,93.96,2.658,5.371,0.991,0.092,0.949
canny_hough,fixed,binary,212,1,1,0.45,253.32,93.32,2.702,5.549,0.998,0.091,1.09
canny_hough,fixed,binary,213,1,1,0.45,253.32,93.32,2.75,5.547,0.993,0.091,0.962
canny_hough,fixed,binary,214,1,1,0.45,253.4,93.4,2.713,5.559,0.998,0.094,1.01
canny_hough,fixed,binary,215,1,1,0.45,253.4,93.4,2.816,5.585,1.037,0.101,0.957
canny_hough,fixed,binary,216,1,1,0.3,254.1,94.1,2.642,5.351,0.986,0.092,0.958
canny_hough,fixed,binary,217,1,1,0.3,253.48,93.48,2.586,5.504,1.003,0.094,1.122
canny_hough,fixed,binary,218,1,1,0.45,253.23,93.23,3.074,5.867,0.995,0.092,0.952
canny_hough,fixed,binary,219,1,1,0.45,253.49,93.49,3.075,7.05,1.128,0.102,1.997
canny_hough,fixed,binary,220,1,1,0.45,253.9,93.9,3.114,6.174,1.134,0.098,1.067
canny_hough,fixed,binary,221,1,1,0.45,251.02,91.02,3.073,6.192,1.189,0.104,1.082
canny_hough,fixed,binary,222,1,1,0.45,251.02,91.02,2.999,6.113,1.139,0.097,1.069
canny_hough,fixed,binary,223,1,1,0.45,253.3,93.3,3.068,6.314,1.354,0.107,1.035
canny_hough,fixed,binary,224,1,1,0.45,253.78,93.78,3.197,7.044,1.124,0.099,1.852
canny_hough,fixed,binary,225,1,1,0.45,253.78,93.78,3.023,6.191,1.141,0.104,1.068
canny_hough,fixed,binary,226,1,1,0.45,253.49,93.49,3.052,6.153,1.175,0.105,1.076
canny_hough,fixed,binary,227,1,1,0.45,253.49,93.49,2.988,6.149,1.132,0.099,1.138
canny_hough,fixed,binary,228,1,1,0.45,252.17,92.17,3.063,6.196,1.205,0.102,1.065
canny_hough,fixed,binary,229,1,1,0.45,249.86,89.86,2.993,6.116,1.139,0.1,1.139
canny_hough,fixed,binary,230,1,1,0.45,249.86,89.86,3.051,6.172,1.142,0.1,1.065
canny_hough,fixed,binary,231,1,1,0.3,254.1,94.1,2.865,6.166,1.132,0.098,1.309
canny_hough,fixed,binary,232,1,1,0.3,253.65,93.65,2.969,6.016,1.128,0.1,1.064
canny_hough,fixed,binary,233,1,1,0.3,253.65,93.65,2.933,6.047,1.177,0.104,1.088
canny_hough,fixed,binary,234,1,1,0.3,253.65,93.65,2.925,6.082,1.135,0.098,1.172
canny_hough,fixed,binary,235,1,1,0.45,250.58,90.58,3.127,6.313,1.184,0.105,1.147
canny_hough,fixed,binary,236,1,1,0.45,250.58,90.58,3.061,6.166,1.13,0.101,1.052
canny_hough,fixed,binary,237,1,1,0.45,253.08,93.08,3.047,6.211,1.193,0.101,1.08
canny_hough,fixed,binary,238,1,1,0.3,253.96,93.96,2.836,6.041,1.143,0.103,1.218
canny_hough,fixed,binary,239,1,1,0.45,249.64,89.64,3.081,6.282,1.149,0.099,1.138
canny_hough,fixed,binary,240,1,1,0.45,253.08,93.08,3.091,6.219,1.146,0.1,1.133
canny_hough,fixed,binary,241,1,1,0.45,252.34,92.34,3.065,6.132,1.144,0.099,1.075
canny_hough,fixed,binary,242,1,1,0.45,252.34,92.34,3.079,6.173,1.182,0.104,1.066
canny_hough,fixed,binary,243,1,1,0.45,252.34,92.34,3.082,6.122,1.139,0.1,1.05
canny_hough,fixed,binary,244,1,1,0.45,253.18,93.18,3.087,6.201,1.182,0.103,1.075
canny_hough,fixed,binary,245,1,1,0.45,253.18,93.18,3.021,6.152,1.14,0.102,1.066
canny_hough,fixed,binary,246,1,1,0.3,253.65,93.65,2.934,6.059,1.191,0.101,1.09
canny_hough,fixed,binary,247,1,1,0.3,253.65,93.65,2.861,6.103,1.144,0.099,1.22
canny_hough,fixed,binary,248,1,1,0.3,253.65,93.65,2.948,6.043,1.139,0.1,1.047
canny_hough,fixed,binary,249,1,1,0.3,253.65,93.65,2.93,6.662,1.134,0.098,1.745
canny_hough,fixed,binary,250,1,1,0.45,254.46,94.46,3.063,6.119,1.135,0.1,1.068
canny_hough,fixed,binary,251,1,1,0.45,254.46,94.46,3.073,6.198,1.186,0.104,1.077
canny_hough,fixed,binary,252,1,1,0.3,253.65,93.65,2.876,6.192,1.149,0.101,1.242
canny_hough,fixed,binary,253,1,1,0.45,249.14,89.14,3.043,6.138,1.185,0.101,1.057
canny_hough,fixed,binary,254,1,1,0.45,249.14,89.14,2.97,6.199,1.136,0.102,1.249
canny_hough,fixed,binary,255,1,1,0.45,253.3,93.3,3.105,6.379,1.137,0.1,1.214
canny_hough,fixed,binary,256,1,1,0.45,253.22,93.22,3.066,6.355,1.144,0.099,1.302
canny_hough,fixed,binary,257,1,1,0.45,253.22,93.22,3.071,6.143,1.133,0.099,1.059
canny_hough,fixed,binary,258,1,1,0.45,254.03,94.03,3.113,6.219,1.18,0.103,1.073
canny_hough,fixed,binary,259,1,1,0.45,253.92,93.92,3.085,6.14,1.151,0.099,1.046
canny_hough,fixed,binary,260,1,1,0.45,253.92,93.92,3.1,6.211,1.186,0.102,1.067
canny_hough,fixed,binary,261,1,1,0.45,249.41,89.41,3.045,6.168,1.142,0.102,1.123
canny_hough,fixed,binary,262,1,1,0.3,255.97,95.97,2.95,6.136,1.126,0.099,1.148
canny_hough,fixed,binary,263,1,1,0.3,255.97,95.97,2.925,6.149,1.135,0.104,1.246
canny_hough,fixed,binary,264,1,1,0.3,253.48,93.48,2.937,6.103,1.142,0.1,1.101
canny_hough,fixed,binary,265,1,1,0.3,253.48,93.48,2.935,6.018,1.147,0.098,1.098
canny_hough,fixed,binary,266,1,1,0.3,253.48,93.48,2.925,5.969,1.133,0.1,1.062
canny_hough,fixed,binary,267,1,1,0.3,253.79,93.79,2.958,6.182,1.147,0.099,1.201
canny_hough,fixed,binary,268,1,1,0.45,254.4,94.4,3.051,6.123,1.149,0.105,1.064
canny_hough,fixed,binary,269,1,1,0.45,253.18,93.18,3.102,6.198,1.182,0.103,1.07
canny_hough,fixed,binary,270,1,1,0.45,253.18,93.18,3.113,6.171,1.15,0.099,1.055
canny_hough,fixed,binary,271,1,1,0.3,253.48,93.48,2.943,6.035,1.18,0.101,1.064
canny_hough,fixed,binary,272,1,1,0.3,253.48,93.48,2.924,7.173,1.142,0.099,2.258
canny_hough,fixed,binary,273,1,1,0.3,253.48,93.48,2.926,5.98,1.137,0.098,1.064
canny_hough,fixed,binary,274,1,1,0.45,254.87,94.87,3.13,6.333,1.194,0.108,1.158
canny_hough,fixed,binary,275,1,1,0.45,254.87,94.87,3.109,6.138,1.136,0.097,1.051
canny_hough,fixed,binary,276,1,1,0.3,253.96,93.96,2.936,6.057,1.192,0.103,1.083
canny_hough,fixed,binary,277,1,1,0.3,253.48,93.48,2.835,5.972,1.129,0.1,1.121
canny_hough,fixed,binary,278,1,1,0.3,253.48,93.48,2.885,6.074,1.193,0.102,1.147
canny_hough,fixed,binary,279,1,1,0.3,253.48,93.48,2.839,5.952,1.147,0.097,1.13
canny_hough,fixed,binary,280,1,1,0.3,253.79,93.79,2.921,6.025,1.203,0.101,1.064
canny_hough,fixed,binary,281,1,1,0.3,253.79,93.79,2.848,6.068,1.146,0.1,1.234
canny_hough,fixed,binary,282,1,1,0.3,253.48,93.48,2.926,6.17,1.151,0.099,1.177
canny_hough,fixed,binary,283,1,1,0.45,252.34,92.34,2.999,6.103,1.136,0.097,1.134
canny_hough,fixed,binary,284,1,1,0.45,252.34,92.34,3.064,6.128,1.147,0.103,1.057
canny_hough,fixed,binary,285,1,1,0.45,255.02,95.02,3.107,6.213,1.125,0.147,1.076
canny_hough,fixed,binary,286,1,1,0.3,254.1,94.1,2.94,6.002,1.143,0.102,1.062
canny_hough,fixed,binary,287,1,1,0.3,253.79,93.79,2.941,6.189,1.205,0.104,1.161
canny_hough,fixed,binary,288,1,1,0.3,253.79,93.79,2.93,6.059,1.132,0.101,1.15
canny_hough,fixed,binary,289,1,1,0.45,254.28,94.28,3.122,6.202,1.181,0.105,1.054
canny_hough,fixed,binary,290,1,1,0.45,254.28,94.28,3.096,6.22,1.145,0.099,1.122
canny_hough,fixed,binary,291,1,1,0.45,252.87,92.87,3.1,6.308,1.15,0.103,1.149
canny_hough,fixed,binary,292,1,1,0.15,258.0,98.0,2.716,5.837,1.14,0.1,1.137
canny_hough,fixed,binary,293,1,1,0.45,252.95,92.95,3.107,6.199,1.13,0.097,1.06
canny_hough,fixed,binary,294,1,1,0.45,252.95,92.95,3.122,6.38,1.13,0.1,1.279
canny_hough,fixed,binary,295,1,1,0.45,253.72,93.72,3.106,6.134,1.14,0.096,1.046
canny_hough,fixed,binary,296,1,1,0.45,253.72,93.72,3.11,6.207,1.179,0.11,1.053
canny_hough,fixed,binary,297,1,1,0.3,253.65,93.65,2.854,6.058,1.131,0.098,1.127
canny_hough,fixed,binary,298,1,1,0.45,253.22,93.22,3.064,6.186,1.194,0.107,1.076
canny_hough,fixed,binary,299,1,1,0.45,253.38,93.38,2.768,6.941,1.126,0.101,2.202
canny_hough,fixed,binary,300,1,1,0.45,254.66,94.66,2.789,5.502,0.994,0.092,0.949
canny_hough,fixed,binary,301,1,1,0.45,254.1,94.1,2.708,6.094,0.98,0.096,1.646
canny_hough,fixed,binary,302,1,1,0.45,254.1,94.1,2.76,5.495,0.993,0.092,0.962
canny_hough,fixed,binary,303,1,1,0.45,254.68,94.68,2.666,5.452,0.988,0.092,1.025
canny_hough,fixed,binary,304,1,1,0.45,253.82,93.82,2.808,5.537,1.029,0.099,0.933
canny_hough,fixed,binary,305,1,1,0.45,253.82,93.82,2.829,5.553,1.0,0.091,0.961
canny_hough,fixed,binary,306,1,1,0.45,249.47,89.47,2.662,5.432,0.998,0.091,1.009
canny_hough,fixed,binary,307,1,1,0.45,254.46,94.46,2.879,5.689,0.985,0.095,0.952
canny_hough,fixed,binary,308,1,1,0.45,254.46,94.46,2.764,5.544,0.987,0.095,1.011
canny_hough,fixed,binary,309,1,1,0.3,256.01,96.01,2.642,5.354,1.026,0.095,0.918
canny_hough,fixed,binary,310,1,1,0.45,249.71,89.71,2.722,5.497,0.991,0.093,1.02
canny_hough,fixed,binary,311,1,1,0.45,249.71,89.71,2.66,5.501,0.989,0.091,1.085
canny_hough,fixed,binary,312,1,1,0.45,249.61,89.61,2.772,5.617,0.994,0.091,1.011
canny_hough,fixed,binary,313,1,1,0.45,253.3,93.3,2.737,5.499,0.998,0.094,0.924
canny_hough,fixed,binary,314,1,1,0.45,253.3,93.3,2.831,5.637,1.031,0.102,1.014
canny_hough,fixed,binary,315,1,1,0.3,253.94,93.94,2.647,5.327,0.989,0.093,0.923
canny_hough,fixed,binary,316,1,1,0.45,253.49,93.49,2.71,5.566,0.991,0.096,1.097
canny_hough,fixed,binary,317,1,1,0.45,253.49,93.49,3.018,5.821,0.985,0.093,0.948
canny_hough,fixed,binary,318,1,1,0.45,253.4,93.4,2.986,6.101,1.147,0.101,1.122
canny_hough,fixed,binary,319,1,1,0.3,253.48,93.48,2.992,6.136,1.137,0.097,1.069
canny_hough,fixed,binary,320,1,1,0.3,256.64,96.64,2.903,6.032,1.146,0.101,1.139
canny_hough,fixed,binary,321,1,1,0.3,256.64,96.64,2.914,6.121,1.142,0.097,1.152
canny_hough,fixed,binary,322,1,1,0.45,253.41,93.41,3.096,6.301,1.146,0.099,1.214
canny_hough,fixed,binary,323,1,1,0.45,253.41,93.41,3.078,6.225,1.148,0.099,1.149
canny_hough,fixed,binary,324,1,1,0.45,249.61,89.61,3.099,6.315,1.197,0.11,1.155
canny_hough,fixed,binary,325,1,1,0.3,253.79,93.79,2.847,6.03,1.142,0.099,1.201
canny_hough,fixed,binary,326,1,1,0.45,255.28,95.28,3.084,6.207,1.188,0.109,1.082
canny_hough,fixed,binary,327,1,1,0.15,258.0,98.0,2.763,6.811,1.137,0.098,2.037
canny_hough,fixed,binary,328,1,1,0.45,253.41,93.41,3.118,6.177,1.128,0.105,1.08
canny_hough,fixed,binary,329,1,1,0.45,253.19,93.19,3.086,6.273,1.184,0.103,1.147
canny_hough,fixed,binary,330,1,1,0.3,253.96,93.96,2.849,6.045,1.149,0.098,1.146
canny_hough,fixed,binary,331,1,1,0.45,253.3,93.3,3.119,6.307,1.178,0.102,1.154
canny_hough,fixed,binary,332,1,1,0.45,253.89,93.89,3.401,7.246,1.277,0.175,1.566
canny_hough,fixed,binary,333,1,1,0.45,253.89,93.89,3.166,5.592,0.725,0.107,0.816
canny_hough,fixed,binary,334,1,1,0.45,252.33,92.33,3.036,5.506,0.739,0.101,0.873
canny_hough,fixed,binary,335,1,1,0.3,253.83,93.83,2.935,5.457,0.712,0.103,0.869
canny_hough,fixed,binary,336,1,1,0.3,253.83,93.83,2.946,5.365,0.752,0.104,0.801
canny_hough,fixed,binary,337,1,1,0.3,255.91,95.91,2.891,5.365,0.769,0.104,0.807
canny_hough,fixed,binary,338,1,1,0.3,255.91,95.91,2.892,5.353,0.791,0.117,0.799
canny_hough,fixed,binary,339,1,1,0.15,258.0,98.0,2.73,5.188,0.737,0.098,0.793
canny_hough,fixed,binary,340,1,1,0.45,253.0,93.0,3.047,5.466,0.752,0.11,0.792
canny_hough,fixed,binary,341,1,1,0.45,253.0,93.0,3.024,5.397,0.717,0.103,0.792
canny_hough,fixed,binary,342,1,1,0.3,253.48,93.48,2.882,5.509,0.717,0.105,1.053
canny_hough,fixed,binary,343,1,1,0.45,253.72,93.72,3.107,5.535,0.774,0.102,0.794
canny_hough,fixed,binary,344,1,1,0.45,253.72,93.72,3.12,5.506,0.732,0.102,0.793
canny_hough,fixed,binary,345,1,1,0.45,254.4,94.4,3.039,5.457,0.73,0.099,0.835
canny_hough,fixed,binary,346,1,1,0.45,252.29,92.29,3.077,5.446,0.724,0.1,0.79
canny_hough,fixed,binary,347,1,1,0.3,253.65,93.65,2.842,5.349,0.731,0.099,0.803
canny_hough,fixed,binary,348,1,1,0.3,253.65,93.65,2.944,5.351,0.754,0.105,0.8
canny_hough,fixed,binary,349,1,1,0.3,254.79,94.79,2.865,5.223,0.715,0.102,0.772
canny_hough,fixed,binary,350,1,1,0.3,254.79,94.79,2.823,5.266,0.734,0.098,0.768
canny_hough,fixed,binary,351,1,1,0.15,258.0,98.0,2.778,5.21,0.775,0.103,0.798
canny_hough,fixed,binary,352,1,1,0.3,253.96,93.96,2.935,5.407,0.802,0.108,0.793
canny_hough,fixed,binary,353,1,1,0.3,253.96,93.96,2.866,5.316,0.724,0.098,0.787
canny_hough,fixed,binary,354,1,1,0.3,253.8,93.8,2.934,5.349,0.762,0.102,0.8
canny_hough,fixed,binary,355,1,1,0.45,253.1,93.1,3.07,5.44,0.728,0.098,0.79
canny_hough,fixed,binary,356,1,1,0.45,253.1,93.1,3.018,5.457,0.722,0.1,0.866
canny_hough,fixed,binary,357,1,1,0.45,253.41,93.41,3.083,5.54,0.705,0.099,0.784
canny_hough,fixed,binary,358,1,1,0.3,253.48,93.48,2.997,5.369,0.74,0.099,0.785
canny_hough,fixed,binary,359,1,1,0.3,253.79,93.79,2.805,5.247,0.728,0.14,0.82
canny_hough,fixed,binary,360,1,1,0.3,253.79,93.79,2.874,5.248,0.725,0.099,0.793
canny_hough,fixed,binary,361,1,1,0.45,253.6,93.6,3.077,5.458,0.738,0.099,0.787
canny_hough,fixed,binary,362,1,1,0.3,253.65,93.65,2.948,5.396,0.781,0.104,0.8
canny_hough,fixed,binary,363,1,1,0.3,253.65,93.65,2.882,5.228,0.713,0.098,0.773
canny_hough,otsu,binary,0,1,1,0.3,253.8,93.8,3.31,6.959,1.164,0.525,1.198
canny_hough,otsu,binary,1,1,1,0.45,253.87,93.87,4.074,8.427,1.27,0.575,1.57
canny_hough,otsu,binary,2,1,1,0.45,253.87,93.87,4.076,8.525,1.294,0.66,1.521
canny_hough,otsu,binary,3,1,1,0.45,253.89,93.89,8.089,15.584,1.437,0.971,3.843
canny_hough,otsu,binary,4,1,1,0.3,254.1,94.1,3.203,10.481,1.897,1.038,3.238
canny_hough,otsu,binary,5,1,1,0.3,254.1,94.1,3.702,7.502,1.179,0.475,1.307
canny_hough,otsu,binary,6,1,1,0.3,253.48,93.48,3.686,7.908,1.259,0.565,1.537
canny_hough,otsu,binary,7,1,1,0.3,253.65,93.65,2.884,7.056,1.275,0.568,1.491
canny_hough,otsu,binary,8,1,1,0.3,253.65,93.65,2.989,6.628,1.192,0.428,1.256
canny_hough,otsu,binary,9,1,1,0.45,254.27,94.27,3.124,6.574,1.14,0.473,1.081
canny_hough,otsu,binary,10,1,1,0.3,254.1,94.1,2.923,6.399,1.139,0.428,1.07
canny_hough,otsu,binary,11,1,1,0.45,254.46,94.46,3.163,6.061,0.909,0.432,0.792
canny_hough,otsu,binary,12,1,1,0.45,254.46,94.46,3.137,6.035,0.758,0.442,0.828
canny_hough,otsu,binary,13,1,1,0.3,256.13,96.13,2.983,5.747,0.761,0.43,0.806
canny_hough,otsu,binary,14,1,1,0.3,253.65,93.65,2.937,6.11,0.73,0.427,1.242
canny_hough,otsu,binary,15,1,1,0.3,253.65,93.65,2.983,6.477,1.203,0.432,1.087
canny_hough,otsu,binary,16,1,1,0.45,254.39,94.39,3.136,6.771,1.153,0.491,1.197
canny_hough,otsu,binary,17,1,1,0.45,254.39,94.39,3.039,6.56,1.144,0.432,1.096
canny_hough,otsu,binary,18,1,1,0.45,251.2,91.2,3.157,6.799,1.222,0.431,1.217
canny_hough,otsu,binary,19,1,1,0.3,253.79,93.79,2.986,6.682,1.149,0.497,1.277
canny_hough,otsu,binary,20,1,1,0.3,253.79,93.79,2.905,6.503,1.142,0.43,1.257
canny_hough,otsu,binary,21,1,1,0.3,253.79,93.79,2.984,6.493,1.144,0.434,1.089
canny_hough,otsu,binary,22,1,1,0.3,253.48,93.48,3.003,6.579,1.154,0.497,1.14
canny_hough,otsu,binary,23,1,1,0.3,253.48,93.48,2.934,6.625,1.151,0.43,1.34
canny_hough,otsu,binary,24,1,1,0.45,252.69,92.69,3.086,6.657,1.206,0.428,1.152
canny_hough,otsu,binary,25,1,1,0.3,253.48,93.48,3.001,7.371,1.157,0.562,1.894
canny_hough,otsu,binary,26,1,1,0.45,254.03,94.03,3.194,6.721,1.154,0.428,1.17
canny_hough,otsu,binary,27,1,1,0.3,253.65,93.65,3.009,6.546,1.148,0.435,1.182
canny_hough,otsu,binary,28,1,1,0.45,253.4,93.4,3.173,6.779,1.212,0.438,1.179
canny_hough,otsu,binary,29,1,1,0.45,253.84,93.84,3.149,6.675,1.145,0.433,1.167
canny_hough,otsu,binary,30,1,1,0.3,253.48,93.48,2.941,6.61,1.16,0.429,1.23
canny_hough,otsu,binary,31,1,1,0.3,254.15,94.15,3.15,9.773,1.365,0.443,4.059
canny_hough,otsu,binary,32,1,1,0.3,254.15,94.15,2.924,6.74,1.272,0.444,1.313
canny_hough,otsu,binary,33,1,1,0.45,249.69,89.69,3.105,6.822,1.208,0.424,1.272
canny_hough,otsu,binary,34,1,1,0.45,253.89,93.89,3.09,6.759,1.264,0.433,1.225
canny_hough,otsu,binary,35,1,1,0.45,253.89,93.89,3.13,6.823,1.232,0.429,1.283
canny_hough,otsu,binary,36,1,1,0.45,253.3,93.3,3.057,6.774,1.217,0.429,1.23
canny_hough,otsu,binary,37,1,1,0.3,253.65,93.65,2.938,6.462,1.194,0.431,1.139
canny_hough,otsu,binary,38,1,1,0.3,253.65,93.65,2.947,6.475,1.137,0.428,1.203
canny_hough,otsu,binary,39,1,1,0.3,251.12,91.12,3.245,6.824,1.137,0.426,1.224
canny_hough,otsu,binary,40,1,1,0.45,253.42,93.42,3.15,6.617,1.199,0.438,1.053
canny_hough,otsu,binary,41,1,1,0.3,253.79,93.79,3.057,6.814,1.162,0.53,1.261
canny_hough,otsu,binary,42,1,1,0.3,253.79,93.79,3.04,6.768,1.169,0.448,1.276
canny_hough,otsu,binary,43,1,1,0.45,247.89,87.89,3.289,7.056,1.171,0.462,1.282
canny_hough,otsu,binary,44,1,1,0.45,247.89,87.89,3.27,7.172,1.244,0.481,1.378
canny_hough,otsu,binary,45,1,1,0.45,247.89,87.89,3.309,7.018,1.148,0.502,1.254
canny_hough,otsu,binary,46,1,1,0.3,253.96,93.96,3.184,7.067,1.168,0.468,1.434
canny_hough,otsu,binary,47,1,1,0.3,253.96,93.96,3.173,6.859,1.201,0.462,1.155
canny_hough,otsu,binary,48,1,1,0.3,253.79,93.79,3.17,6.891,1.231,0.468,1.223
canny_hough,otsu,binary,49,1,1,0.3,253.79,93.79,3.18,6.907,1.165,0.526,1.165
canny_hough,otsu,binary,50,1,1,0.3,256.2,96.2,2.851,6.784,1.222,0.432,1.524
canny_hough,otsu,binary,51,1,1,0.3,256.2,96.2,3.064,6.688,1.231,0.466,1.077
canny_hough,otsu,binary,52,1,1,0.45,253.3,93.3,3.202,6.786,1.235,0.446,1.075
canny_hough,otsu,binary,53,1,1,0.45,252.75,92.75,3.142,6.728,1.155,0.434,1.194
canny_hough,otsu,binary,54,1,1,0.45,252.75,92.75,2.971,7.178,1.235,0.442,1.747
canny_hough,otsu,binary,55,1,1,0.45,254.04,94.04,3.038,6.466,1.134,0.425,1.057
canny_hough,otsu,binary,56,1,1,0.45,254.04,94.04,3.043,6.242,1.148,0.477,0.809
canny_hough,otsu,binary,57,1,1,0.45,253.6,93.6,3.042,6.128,0.728,0.427,1.163
canny_hough,otsu,binary,58,1,1,0.3,253.79,93.79,2.93,5.676,0.721,0.465,0.803
canny_hough,otsu,binary,59,1,1,0.3,253.65,93.65,2.924,5.628,0.717,0.423,0.796
canny_hough,otsu,binary,60,1,1,0.3,253.65,93.65,2.843,5.605,0.719,0.427,0.854
canny_hough,otsu,binary,61,1,1,0.45,252.53,92.53,3.063,5.888,0.704,0.423,0.846
canny_hough,otsu,binary,62,1,1,0.45,252.53,92.53,2.969,5.804,0.72,0.427,0.862
canny_hough,otsu,binary,63,1,1,0.45,252.53,92.53,3.018,5.765,0.773,0.428,0.788
canny_hough,otsu,binary,64,1,1,0.3,253.65,93.65,2.92,5.596,0.717,0.421,0.777
canny_hough,otsu,binary,65,1,1,0.45,254.46,94.46,3.093,5.852,0.779,0.429,0.786
canny_hough,otsu,binary,66,1,1,0.45,249.61,89.61,3.115,5.82,0.72,0.42,0.806
canny_hough,otsu,binary,67,1,1,0.45,253.83,93.83,3.033,5.766,0.721,0.47,0.794
canny_hough,otsu,binary,68,1,1,0.3,253.65,93.65,2.945,5.639,0.724,0.427,0.789
canny_hough,otsu,binary,69,1,1,0.3,253.65,93.65,2.853,5.595,0.716,0.427,0.852
canny_hough,otsu,binary,70,1,1,0.45,253.11,93.11,3.095,5.881,0.72,0.425,0.786
canny_hough,otsu,binary,71,1,1,0.45,253.11,93.11,3.017,5.772,0.717,0.426,0.861
canny_hough,otsu,binary,72,1,1,0.3,253.79,93.79,2.902,5.689,0.713,0.425,0.781
canny_hough,otsu,binary,73,1,1,0.3,254.1,94.1,2.824,5.595,0.719,0.428,0.795
canny_hough,otsu,binary,74,1,1,0.45,252.9,92.9,3.074,5.828,0.762,0.429,0.805
canny_hough,otsu,binary,75,1,1,0.45,252.9,92.9,3.13,5.846,0.739,0.426,0.798
canny_hough,otsu,binary,76,1,1,0.45,254.3,94.3,3.072,5.8,0.76,0.428,0.781
canny_hough,otsu,binary,77,1,1,0.45,254.3,94.3,3.084,5.787,0.717,0.426,0.801
canny_hough,otsu,binary,78,1,1,0.3,253.96,93.96,2.942,5.679,0.714,0.469,0.784
canny_hough,otsu,binary,79,1,1,0.3,251.29,91.29,2.895,5.6,0.736,0.426,0.791
canny_hough,otsu,binary,80,1,1,0.3,251.29,91.29,2.847,5.615,0.714,0.427,0.871
canny_hough,otsu,binary,81,1,1,0.3,251.29,91.29,2.952,5.725,0.723,0.425,0.79
canny_hough,otsu,binary,82,1,1,0.3,253.96,93.96,2.845,5.62,0.72,0.426,0.771
canny_hough,otsu,binary,83,1,1,0.3,255.76,95.76,2.939,5.698,0.762,0.428,0.802
canny_hough,otsu,binary,84,1,1,0.3,255.76,95.76,2.942,5.637,0.721,0.426,0.794
canny_hough,otsu,binary,85,1,1,0.45,253.06,93.06,3.079,5.868,0.716,0.505,0.8
canny_hough,otsu,binary,86,1,1,0.45,253.06,93.06,3.077,5.768,0.715,0.426,0.785
canny_hough,otsu,binary,87,1,1,0.15,258.0,98.0,2.683,5.412,0.723,0.428,0.828
canny_hough,otsu,binary,88,1,1,0.3,253.79,93.79,2.906,5.676,0.729,0.425,0.786
canny_hough,otsu,binary,89,1,1,0.45,247.48,87.48,2.993,5.765,0.725,0.422,0.785
canny_hough,otsu,binary,90,1,1,0.45,255.02,95.02,3.096,5.833,0.759,0.432,0.794
canny_hough,otsu,binary,91,1,1,0.3,253.65,93.65,2.979,5.684,0.727,0.425,0.795
canny_hough,otsu,binary,92,1,1,0.45,253.53,93.53,3.072,5.871,0.76,0.427,0.816
canny_hough,otsu,binary,93,1,1,0.45,253.53,93.53,3.041,5.737,0.721,0.424,0.793
canny_hough,otsu,binary,94,1,1,0.45,253.41,93.41,3.09,5.822,0.714,0.47,0.794
canny_hough,otsu,binary,95,1,1,0.45,253.83,93.83,3.102,5.798,0.717,0.426,0.798
canny_hough,otsu,binary,96,1,1,0.45,253.83,93.83,3.074,5.822,0.721,0.464,0.8
canny_hough,otsu,binary,97,1,1,0.3,253.79,93.79,2.911,5.621,0.712,0.421,0.808
canny_hough,otsu,binary,98,1,1,0.3,253.79,93.79,2.853,5.614,0.72,0.426,0.865
canny_hough,otsu,binary,99,1,1,0.3,253.65,93.65,2.9,5.679,0.729,0.42,0.803
canny_hough,otsu,binary,100,1,1,0.3,253.8,93.8,2.841,5.597,0.723,0.426,0.769
canny_hough,otsu,binary,101,1,1,0.3,253.8,93.8,2.906,5.62,0.756,0.428,0.769
canny_hough,otsu,binary,102,1,1,0.45,253.3,93.3,3.083,5.799,0.717,0.424,0.786
canny_hough,otsu,binary,103,1,1,0.3,253.96,93.96,2.936,5.666,0.716,0.469,0.792
canny_hough,otsu,binary,104,1,1,0.3,253.96,93.96,2.929,5.665,0.734,0.425,0.806
canny_hough,otsu,binary,105,1,1,0.45,253.53,93.53,2.967,5.74,0.719,0.426,0.873
canny_hough,otsu,binary,106,1,1,0.45,252.53,92.53,3.09,5.85,0.716,0.424,0.799
canny_hough,otsu,binary,107,1,1,0.45,252.4,92.4,3.05,5.941,0.726,0.422,0.981
canny_hough,otsu,binary,108,1,1,0.45,252.4,92.4,3.064,5.821,0.708,0.419,0.799
canny_hough,otsu,binary,109,1,1,0.3,253.79,93.79,2.854,5.613,0.72,0.426,0.855
canny_hough,otsu,binary,110,1,1,0.3,253.79,93.79,2.899,5.638,0.756,0.426,0.794
canny_hough,otsu,binary,111,1,1,0.3,253.79,93.79,2.91,5.603,0.718,0.426,0.796
canny_hough,otsu,binary,112,1,1,0.45,252.47,92.47,3.079,5.855,0.719,0.465,0.801
canny_hough,otsu,binary,113,1,1,0.45,249.84,89.84,3.091,5.806,0.721,0.428,0.807
canny_hough,otsu,binary,114,1,1,0.45,249.84,89.84,3.111,5.861,0.736,0.466,0.793
canny_hough,otsu,binary,115,1,1,0.3,254.94,94.94,2.878,5.584,0.712,0.429,0.805
canny_hough,otsu,binary,116,1,1,0.3,254.94,94.94,2.78,5.539,0.724,0.422,0.853
canny_hough,otsu,binary,117,1,1,0.45,253.32,93.32,3.073,5.847,0.716,0.424,0.805
canny_hough,otsu,binary,118,1,1,0.45,256.04,96.04,3.039,5.828,0.724,0.42,0.817
canny_hough,otsu,binary,119,1,1,0.45,256.04,96.04,3.109,5.857,0.774,0.426,0.797
canny_hough,otsu,binary,120,1,1,0.45,254.47,94.47,3.069,5.829,0.729,0.426,0.79
canny_hough,otsu,binary,121,1,1,0.3,253.96,93.96,2.907,5.647,0.76,0.427,0.793
canny_hough,otsu,binary,122,1,1,0.3,253.96,93.96,2.924,5.649,0.715,0.427,0.798
canny_hough,otsu,binary,123,1,1,0.45,252.68,92.68,3.115,5.889,0.737,0.465,0.804
canny_hough,otsu,binary,124,1,1,0.3,253.48,93.48,2.927,5.632,0.717,0.421,0.798
canny_hough,otsu,binary,125,1,1,0.3,253.48,93.48,2.856,5.586,0.721,0.426,0.829
canny_hough,otsu,binary,126,1,1,0.45,254.91,94.91,3.095,5.832,0.71,0.424,0.775
canny_hough,otsu,binary,127,1,1,0.45,249.61,89.61,3.016,5.79,0.719,0.427,0.878
canny_hough,otsu,binary,128,1,1,0.45,249.61,89.61,3.161,10.615,3.73,0.601,2.28
canny_hough,otsu,binary,129,1,1,0.3,253.65,93.65,2.984,7.62,1.284,0.443,2.13
canny_hough,otsu,binary,130,1,1,0.3,253.65,93.65,2.985,11.87,1.155,0.538,6.425
canny_hough,otsu,binary,131,1,1,0.3,253.65,93.65,3.021,6.612,1.137,0.487,1.206
canny_hough,otsu,binary,132,1,1,0.3,253.65,93.65,2.965,6.64,1.161,0.431,1.184
canny_hough,otsu,binary,133,1,1,0.45,249.82,89.82,3.184,6.7,1.216,0.438,1.082
canny_hough,otsu,binary,134,1,1,0.45,249.82,89.82,3.177,6.808,1.154,0.495,1.2
canny_hough,otsu,binary,135,1,1,0.3,253.96,93.96,2.902,6.442,1.16,0.432,1.173
canny_hough,otsu,binary,136,1,1,0.45,253.11,93.11,3.201,6.726,1.205,0.435,1.115
canny_hough,otsu,binary,137,1,1,0.45,253.11,93.11,3.204,6.912,1.15,0.5,1.284
canny_hough,otsu,binary,138,1,1,0.3,253.79,93.79,2.918,6.467,1.148,0.434,1.2
canny_hough,otsu,binary,139,1,1,0.3,254.1,94.1,2.972,6.572,1.157,0.432,1.18
canny_hough,otsu,binary,140,1,1,0.3,254.1,94.1,3.002,6.614,1.206,0.441,1.19
canny_hough,otsu,binary,141,1,1,0.45,253.22,93.22,3.069,6.67,1.152,0.435,1.24
canny_hough,otsu,binary,142,1,1,0.3,253.65,93.65,2.998,6.516,1.147,0.426,1.08
canny_hough,otsu,binary,143,1,1,0.3,253.65,93.65,3.006,6.501,1.155,0.442,1.076
canny_hough,otsu,binary,144,1,1,0.45,253.19,93.19,3.012,6.589,1.152,0.44,1.216
canny_hough,otsu,binary,145,1,1,0.45,252.4,92.4,3.188,6.696,1.157,0.433,1.077
canny_hough,otsu,binary,146,1,1,0.45,252.4,92.4,3.142,6.683,1.165,0.488,1.106
canny_hough,otsu,binary,147,1,1,0.3,254.05,94.05,2.933,6.466,1.154,0.434,1.168
canny_hough,otsu,binary,148,1,1,0.3,253.48,93.48,2.982,6.706,1.155,0.434,1.28
canny_hough,otsu,binary,149,1,1,0.3,253.48,93.48,2.945,6.388,1.144,0.475,1.07
canny_hough,otsu,binary,150,1,1,0.3,253.65,93.65,2.836,6.319,1.141,0.428,1.1
canny_hough,otsu,binary,151,1,1,0.45,253.26,93.26,3.041,6.556,1.198,0.429,1.138
canny_hough,otsu,binary,152,1,1,0.45,249.82,89.82,3.185,6.689,1.145,0.424,1.149
canny_hough,otsu,binary,153,1,1,0.45,249.82,89.82,3.082,6.476,1.13,0.426,1.079
canny_hough,otsu,binary,154,1,1,0.45,253.8,93.8,3.063,6.561,1.186,0.427,1.137
canny_hough,otsu,binary,155,1,1,0.45,252.41,92.41,3.073,6.495,1.132,0.425,1.117
canny_hough,otsu,binary,156,1,1,0.45,252.41,92.41,3.039,6.496,1.142,0.425,1.136
canny_hough,otsu,binary,157,1,1,0.45,253.32,93.32,3.098,5.844,0.76,0.428,0.804
canny_hough,otsu,binary,158,1,1,0.45,253.32,93.32,3.122,5.839,0.739,0.425,0.797
canny_hough,otsu,binary,159,1,1,0.45,253.32,93.32,3.051,5.788,0.714,0.466,0.795
canny_hough,otsu,binary,160,1,1,0.45,254.1,94.1,3.105,5.807,0.713,0.425,0.796
canny_hough,otsu,binary,161,1,1,0.45,254.1,94.1,3.065,5.834,0.742,0.428,0.843
canny_hough,otsu,binary,162,1,1,0.3,253.65,93.65,2.887,5.606,0.723,0.426,0.777
canny_hough,otsu,binary,163,1,1,0.45,253.53,93.53,2.977,5.749,0.724,0.427,0.872
canny_hough,otsu,binary,164,1,1,0.45,253.6,93.6,3.009,5.764,0.708,0.425,0.778
canny_hough,otsu,binary,165,1,1,0.45,253.6,93.6,2.971,5.764,0.72,0.426,0.802
canny_hough,otsu,binary,166,1,1,0.15,260.85,100.85,2.751,5.488,0.752,0.428,0.805
canny_hough,otsu,binary,167,1,1,0.15,260.85,100.85,2.836,5.535,0.724,0.427,0.792
canny_hough,otsu,binary,168,1,1,0.15,260.85,100.85,2.69,5.422,0.725,0.467,0.79
canny_hough,otsu,binary,169,1,1,0.3,253.8,93.8,2.907,5.684,0.718,0.421,0.807
canny_hough,otsu,binary,170,1,1,0.3,253.8,93.8,2.839,5.611,0.723,0.426,0.872
canny_hough,otsu,binary,171,1,1,0.3,253.65,93.65,2.93,5.659,0.752,0.427,0.799
canny_hough,otsu,binary,172,1,1,0.3,253.48,93.48,2.974,5.705,0.723,0.422,0.777
canny_hough,otsu,binary,173,1,1,0.3,253.65,93.65,2.941,5.706,0.764,0.434,0.793
canny_hough,otsu,binary,174,1,1,0.3,253.65,93.65,2.945,5.644,0.716,0.426,0.794
canny_hough,otsu,binary,175,1,1,0.45,252.34,92.34,2.981,5.795,0.735,0.425,0.833
canny_hough,otsu,binary,176,1,1,0.45,252.34,92.34,3.041,5.751,0.733,0.425,0.789
canny_hough,otsu,binary,177,1,1,0.3,252.92,92.92,2.851,5.612,0.724,0.426,0.861
canny_hough,otsu,binary,178,1,1,0.45,249.84,89.84,3.086,5.829,0.714,0.425,0.783
canny_hough,otsu,binary,179,1,1,0.45,249.84,89.84,3.034,5.815,0.726,0.421,0.801
canny_hough,otsu,binary,180,1,1,0.3,254.1,94.1,2.875,5.615,0.772,0.428,0.782
canny_hough,otsu,binary,181,1,1,0.3,253.96,93.96,2.937,5.627,0.717,0.423,0.79
canny_hough,otsu,binary,182,1,1,0.45,252.88,92.88,3.025,5.797,0.72,0.471,0.795
canny_hough,otsu,binary,183,1,1,0.45,252.88,92.88,3.029,5.726,0.719,0.425,0.791
canny_hough,otsu,binary,184,1,1,0.15,258.0,98.0,2.709,5.465,0.733,0.464,0.806
canny_hough,otsu,binary,185,1,1,0.15,258.0,98.0,2.764,5.517,0.713,0.426,0.791
canny_hough,otsu,binary,186,1,1,0.45,253.44,93.44,2.973,5.756,0.729,0.423,0.799
canny_hough,otsu,binary,187,1,1,0.3,253.48,93.48,2.926,5.649,0.754,0.429,0.786
canny_hough,otsu,binary,188,1,1,0.3,253.79,93.79,2.96,5.662,0.731,0.421,0.797
canny_hough,otsu,binary,189,1,1,0.3,253.79,93.79,3.071,5.818,0.714,0.465,0.813
canny_hough,otsu,binary,190,1,1,0.3,253.65,93.65,2.903,5.742,0.746,0.431,0.789
canny_hough,otsu,binary,191,1,1,0.3,253.65,93.65,2.834,5.639,0.726,0.465,0.799
canny_hough,otsu,binary,192,1,1,0.45,254.1,94.1,3.048,5.76,0.713,0.422,0.783
canny_hough,otsu,binary,193,1,1,0.3,253.65,93.65,2.797,5.6,0.716,0.427,0.901
canny_hough,otsu,binary,194,1,1,0.3,254.1,94.1,2.906,5.656,0.713,0.423,0.781
canny_hough,otsu,binary,195,1,1,0.3,254.1,94.1,2.906,5.672,0.718,0.426,0.797
canny_hough,otsu,binary,196,1,1,0.45,253.41,93.41,3.127,5.868,0.76,0.422,0.795
canny_hough,otsu,binary,197,1,1,0.45,253.41,93.41,3.105,5.789,0.721,0.428,0.784
canny_hough,otsu,binary,198,1,1,0.45,253.3,93.3,3.085,5.796,0.757,0.429,0.77
canny_hough,otsu,binary,199,1,1,0.45,253.84,93.84,3.089,5.792,0.724,0.423,0.797
canny_hough,otsu,binary,200,1,1,0.45,253.84,93.84,3.1,5.841,0.726,0.469,0.786
canny_hough,otsu,binary,201,1,1,0.45,253.84,93.84,3.115,5.802,0.71,0.425,0.805
canny_hough,otsu,binary,202,1,1,0.45,254.03,94.03,3.104,5.885,0.731,0.428,0.827
canny_hough,otsu,binary,203,1,1,0.3,253.96,93.96,2.918,5.622,0.731,0.425,0.78
canny_hough,otsu,binary,204,1,1,0.3,253.96,93.96,2.888,5.646,0.716,0.425,0.866
canny_hough,otsu,binary,205,1,1,0.45,250.51,90.51,3.088,5.853,0.713,0.425,0.795
canny_hough,otsu,binary,206,1,1,0.45,250.51,90.51,3.035,5.812,0.725,0.427,0.865
canny_hough,otsu,binary,207,1,1,0.45,253.33,93.33,3.059,5.819,0.771,0.433,0.806
canny_hough,otsu,binary,208,1,1,0.3,253.48,93.48,2.943,5.642,0.728,0.425,0.789
canny_hough,otsu,binary,209,1,1,0.45,249.45,89.45,3.064,5.813,0.759,0.43,0.804
canny_hough,otsu,binary,210,1,1,0.45,251.11,91.11,3.059,5.743,0.719,0.424,0.781
canny_hough,otsu,binary,211,1,1,0.3,253.96,93.96,2.933,5.686,0.722,0.463,0.808
canny_hough,otsu,binary,212,1,1,0.45,253.32,93.32,3.063,5.786,0.713,0.424,0.796
canny_hough,otsu,binary,213,1,1,0.45,253.32,93.32,3.065,5.819,0.732,0.427,0.839
canny_hough,otsu,binary,214,1,1,0.45,253.4,93.4,3.05,5.78,0.746,0.42,0.806
canny_hough,otsu,binary,215,1,1,0.45,253.4,93.4,2.994,5.759,0.726,0.427,0.851
canny_hough,otsu,binary,216,1,1,0.3,254.1,94.1,2.906,5.662,0.712,0.425,0.783
canny_hough,otsu,binary,217,1,1,0.3,253.48,93.48,2.861,5.659,0.722,0.426,0.798
canny_hough,otsu,binary,218,1,1,0.45,253.23,93.23,3.069,5.804,0.759,0.43,0.798
canny_hough,otsu,binary,219,1,1,0.45,253.49,93.49,3.094,5.804,0.737,0.425,0.788
canny_hough,otsu,binary,220,1,1,0.45,253.9,93.9,3.104,5.864,0.771,0.428,0.795
canny_hough,otsu,binary,221,1,1,0.45,251.02,91.02,3.083,5.788,0.719,0.422,0.806
canny_hough,otsu,binary,222,1,1,0.45,251.02,91.02,3.078,5.848,0.715,0.466,0.792
canny_hough,otsu,binary,223,1,1,0.45,253.3,93.3,3.058,5.757,0.739,0.428,0.783
canny_hough,otsu,binary,224,1,1,0.45,253.78,93.78,3.009,5.754,0.722,0.462,0.797
canny_hough,otsu,binary,225,1,1,0.45,253.78,93.78,3.002,5.708,0.739,0.426,0.785
canny_hough,otsu,binary,226,1,1,0.45,253.49,93.49,2.973,5.728,0.73,0.424,0.85
canny_hough,otsu,binary,227,1,1,0.45,253.49,93.49,3.049,5.839,0.73,0.42,0.813
canny_hough,otsu,binary,228,1,1,0.45,252.17,92.17,3.056,5.895,0.715,0.426,0.937
canny_hough,otsu,binary,229,1,1,0.45,249.86,89.86,3.053,5.805,0.715,0.424,0.795
canny_hough,otsu,binary,230,1,1,0.45,249.86,89.86,2.973,5.75,0.728,0.426,0.856
canny_hough,otsu,binary,231,1,1,0.3,254.1,94.1,2.86,5.568,0.734,0.421,0.802
canny_hough,otsu,binary,232,1,1,0.3,253.65,93.65,2.924,5.667,0.73,0.425,0.793
canny_hough,otsu,binary,233,1,1,0.3,253.65,93.65,2.923,5.662,0.715,0.468,0.8
canny_hough,otsu,binary,234,1,1,0.3,253.65,93.65,2.92,5.627,0.734,0.425,0.789
canny_hough,otsu,binary,235,1,1,0.45,250.58,90.58,3.074,5.857,0.756,0.427,0.839
canny_hough,otsu,binary,236,1,1,0.45,250.58,90.58,3.093,5.768,0.711,0.424,0.777
canny_hough,otsu,binary,237,1,1,0.45,253.08,93.08,2.983,5.745,0.715,0.42,0.869
canny_hough,otsu,binary,238,1,1,0.3,253.96,93.96,2.886,5.645,0.72,0.429,0.787
canny_hough,otsu,binary,239,1,1,0.45,249.64,89.64,3.023,5.823,0.739,0.426,0.786
canny_hough,otsu,binary,240,1,1,0.45,253.08,93.08,3.088,5.834,0.763,0.425,0.799
canny_hough,otsu,binary,241,1,1,0.45,252.34,92.34,3.081,5.761,0.724,0.426,0.766
canny_hough,otsu,binary,242,1,1,0.45,252.34,92.34,3.077,5.849,0.753,0.424,0.792
canny_hough,otsu,binary,243,1,1,0.45,252.34,92.34,3.075,5.769,0.719,0.427,0.784
canny_hough,otsu,binary,244,1,1,0.45,253.18,93.18,3.083,5.836,0.755,0.429,0.793
canny_hough,otsu,binary,245,1,1,0.45,253.18,93.18,3.085,5.771,0.723,0.426,0.775
canny_hough,otsu,binary,246,1,1,0.3,253.65,93.65,2.942,5.703,0.728,0.458,0.813
canny_hough,otsu,binary,247,1,1,0.3,253.65,93.65,2.91,5.602,0.72,0.426,0.787
canny_hough,otsu,binary,248,1,1,0.3,253.65,93.65,2.844,5.631,0.723,0.426,0.891
canny_hough,otsu,binary,249,1,1,0.3,253.65,93.65,2.905,5.659,0.711,0.425,0.791
canny_hough,otsu,binary,250,1,1,0.45,254.46,94.46,2.98,5.751,0.719,0.426,0.803
canny_hough,otsu,binary,251,1,1,0.45,254.46,94.46,3.076,5.834,0.767,0.428,0.796
canny_hough,otsu,binary,252,1,1,0.3,253.65,93.65,2.918,5.69,0.737,0.428,0.796
canny_hough,otsu,binary,253,1,1,0.45,249.14,89.14,3.05,5.776,0.751,0.427,0.791
canny_hough,otsu,binary,254,1,1,0.45,249.14,89.14,3.048,5.754,0.727,0.424,0.793
canny_hough,otsu,binary,255,1,1,0.45,253.3,93.3,3.133,5.881,0.726,0.469,0.798
canny_hough,otsu,binary,256,1,1,0.45,253.22,93.22,3.067,5.762,0.719,0.426,0.788
canny_hough,otsu,binary,257,1,1,0.45,253.22,93.22,2.991,5.737,0.725,0.427,0.838
canny_hough,otsu,binary,258,1,1,0.45,254.03,94.03,3.098,5.868,0.713,0.426,0.794
canny_hough,otsu,binary,259,1,1,0.45,253.92,93.92,3.003,5.794,0.719,0.426,0.89
canny_hough,otsu,binary,260,1,1,0.45,253.92,93.92,3.064,5.809,0.702,0.426,0.793
canny_hough,otsu,binary,261,1,1,0.45,249.41,89.41,3.025,5.807,0.725,0.425,0.864
canny_hough,otsu,binary,262,1,1,0.3,255.97,95.97,2.942,5.804,0.726,0.426,0.793
canny_hough,otsu,binary,263,1,1,0.3,255.97,95.97,2.903,5.694,0.727,0.425,0.799
canny_hough,otsu,binary,264,1,1,0.3,253.48,93.48,2.936,5.669,0.758,0.431,0.789
canny_hough,otsu,binary,265,1,1,0.3,253.48,93.48,2.94,5.67,0.738,0.427,0.807
canny_hough,otsu,binary,266,1,1,0.3,253.48,93.48,2.923,5.671,0.73,0.466,0.791
canny_hough,otsu,binary,267,1,1,0.3,253.79,93.79,2.969,5.674,0.715,0.426,0.811
canny_hough,otsu,binary,268,1,1,0.45,254.4,94.4,2.978,5.723,0.717,0.425,0.857
canny_hough,otsu,binary,269,1,1,0.45,253.18,93.18,3.073,5.864,0.724,0.426,0.803
canny_hough,otsu,binary,270,1,1,0.45,253.18,93.18,3.011,5.794,0.722,0.421,0.879
canny_hough,otsu,binary,271,1,1,0.3,253.48,93.48,2.93,5.668,0.704,0.427,0.787
canny_hough,otsu,binary,272,1,1,0.3,253.48,93.48,2.877,5.777,0.724,0.425,0.791
canny_hough,otsu,binary,273,1,1,0.3,253.48,93.48,2.972,5.737,0.784,0.426,0.801
canny_hough,otsu,binary,274,1,1,0.45,254.87,94.87,3.111,5.795,0.719,0.427,0.774
canny_hough,otsu,binary,275,1,1,0.45,254.87,94.87,3.115,5.856,0.752,0.429,0.799
canny_hough,otsu,binary,276,1,1,0.3,253.96,93.96,2.938,5.615,0.722,0.42,0.782
canny_hough,otsu,binary,277,1,1,0.3,253.48,93.48,2.806,5.552,0.722,0.47,0.788
canny_hough,otsu,binary,278,1,1,0.3,253.48,93.48,2.88,5.567,0.712,0.426,0.79
canny_hough,otsu,binary,279,1,1,0.3,253.48,93.48,2.811,5.648,0.717,0.427,0.937
canny_hough,otsu,binary,280,1,1,0.3,253.79,93.79,2.913,5.664,0.773,0.427,0.797
canny_hough,otsu,binary,281,1,1,0.3,253.79,93.79,2.984,5.688,0.722,0.425,0.804
canny_hough,otsu,binary,282,1,1,0.3,253.48,93.48,2.93,5.705,0.772,0.429,0.773
canny_hough,otsu,binary,283,1,1,0.45,252.34,92.34,3.091,5.8,0.729,0.425,0.797
canny_hough,otsu,binary,284,1,1,0.45,252.34,92.34,3.07,5.817,0.725,0.464,0.795
canny_hough,otsu,binary,285,1,1,0.45,255.02,95.02,3.098,5.797,0.714,0.427,0.804
canny_hough,otsu,binary,286,1,1,0.3,254.1,94.1,2.817,5.552,0.725,0.424,0.826
canny_hough,otsu,binary,287,1,1,0.3,253.79,93.79,2.915,5.668,0.71,0.425,0.79
canny_hough,otsu,binary,288,1,1,0.3,253.79,93.79,2.85,5.633,0.728,0.427,0.869
canny_hough,otsu,binary,289,1,1,0.45,254.28,94.28,3.107,5.838,0.76,0.427,0.792
canny_hough,otsu,binary,290,1,1,0.45,254.28,94.28,3.128,5.832,0.73,0.428,0.781
canny_hough,otsu,binary,291,1,1,0.45,252.87,92.87,3.088,5.822,0.757,0.428,0.798
canny_hough,otsu,binary,292,1,1,0.15,258.0,98.0,2.786,5.528,0.729,0.425,0.803
canny_hough,otsu,binary,293,1,1,0.45,252.95,92.95,3.128,5.889,0.723,0.465,0.808
canny_hough,otsu,binary,294,1,1,0.45,252.95,92.95,3.389,6.087,0.719,0.421,0.792
canny_hough,otsu,binary,295,1,1,0.45,253.72,93.72,3.212,6.638,0.773,0.545,1.308
canny_hough,otsu,binary,296,1,1,0.45,253.72,93.72,3.135,5.963,0.735,0.427,0.785
canny_hough,otsu,binary,297,1,1,0.3,253.65,93.65,2.997,6.59,1.202,0.44,1.177
canny_hough,otsu,binary,298,1,1,0.45,253.22,93.22,3.179,6.719,1.15,0.489,1.13
canny_hough,otsu,binary,299,1,1,0.45,253.38,93.38,3.077,6.696,1.145,0.436,1.266
canny_hough,otsu,binary,300,1,1,0.45,254.66,94.66,3.184,6.781,1.159,0.435,1.172
canny_hough,otsu,binary,301,1,1,0.45,254.1,94.1,3.132,6.757,1.204,0.438,1.205
canny_hough,otsu,binary,302,1,1,0.45,254.1,94.1,3.069,6.744,1.149,0.433,1.272
canny_hough,otsu,binary,303,1,1,0.45,254.68,94.68,3.126,6.665,1.166,0.437,1.169
canny_hough,otsu,binary,304,1,1,0.45,253.82,93.82,3.184,6.79,1.201,0.44,1.189
canny_hough,otsu,binary,305,1,1,0.45,253.82,93.82,3.195,6.719,1.142,0.432,1.155
canny_hough,otsu,binary,306,1,1,0.45,249.47,89.47,3.106,6.58,1.14,0.435,1.122
canny_hough,otsu,binary,307,1,1,0.45,254.46,94.46,3.196,6.701,1.203,0.441,1.079
canny_hough,otsu,binary,308,1,1,0.45,254.46,94.46,3.253,6.761,1.15,0.433,1.156
canny_hough,otsu,binary,309,1,1,0.3,256.01,96.01,2.936,6.526,1.14,0.433,1.18
canny_hough,otsu,binary,310,1,1,0.45,249.71,89.71,3.102,6.625,1.21,0.432,1.094
canny_hough,otsu,binary,311,1,1,0.45,249.71,89.71,3.102,6.627,1.142,0.497,1.113
canny_hough,otsu,binary,312,1,1,0.45,249.61,89.61,3.105,6.862,1.151,0.434,1.368
canny_hough,otsu,binary,313,1,1,0.45,253.3,93.3,3.153,6.672,1.14,0.434,1.111
canny_hough,otsu,binary,314,1,1,0.45,253.3,93.3,3.166,6.699,1.158,0.491,1.107
canny_hough,otsu,binary,315,1,1,0.3,253.94,93.94,2.918,6.481,1.158,0.434,1.195
canny_hough,otsu,binary,316,1,1,0.45,253.49,93.49,3.14,6.679,1.157,0.435,1.117
canny_hough,otsu,binary,317,1,1,0.45,253.49,93.49,3.083,6.654,1.249,0.477,1.079
canny_hough,otsu,binary,318,1,1,0.45,253.4,93.4,2.986,6.429,1.131,0.424,1.136
canny_hough,otsu,binary,319,1,1,0.3,253.48,93.48,2.916,6.444,1.128,0.426,1.156
canny_hough,otsu,binary,320,1,1,0.3,256.64,96.64,2.939,6.357,1.125,0.473,1.066
canny_hough,otsu,binary,321,1,1,0.3,256.64,96.64,2.964,6.422,1.134,0.425,1.156
canny_hough,otsu,binary,322,1,1,0.45,253.41,93.41,3.14,6.586,1.185,0.429,1.051
canny_hough,otsu,binary,323,1,1,0.45,253.41,93.41,3.099,6.548,1.135,0.426,1.131
canny_hough,otsu,binary,324,1,1,0.45,249.61,89.61,3.129,6.678,1.135,0.426,1.234
canny_hough,otsu,binary,325,1,1,0.3,253.79,93.79,2.91,6.054,1.161,0.43,0.807
canny_hough,otsu,binary,326,1,1,0.45,255.28,95.28,3.094,5.81,0.722,0.428,0.803
canny_hough,otsu,binary,327,1,1,0.15,258.0,98.0,2.783,5.493,0.755,0.425,0.776
canny_hough,otsu,binary,328,1,1,0.45,253.41,93.41,3.095,5.771,0.716,0.421,0.785
canny_hough,otsu,binary,329,1,1,0.45,253.19,93.19,3.088,5.817,0.717,0.426,0.83
canny_hough,otsu,binary,330,1,1,0.3,253.96,93.96,2.903,5.584,0.71,0.426,0.784
canny_hough,otsu,binary,331,1,1,0.45,253.3,93.3,2.987,5.763,0.742,0.424,0.867
canny_hough,otsu,binary,332,1,1,0.45,253.89,93.89,3.049,5.842,0.703,0.423,0.783
canny_hough,otsu,binary,333,1,1,0.45,253.89,93.89,2.991,5.76,0.721,0.425,0.868
canny_hough,otsu,binary,334,1,1,0.45,252.33,92.33,3.1,5.848,0.774,0.427,0.799
canny_hough,otsu,binary,335,1,1,0.3,253.83,93.83,2.936,5.637,0.725,0.425,0.797
canny_hough,otsu,binary,336,1,1,0.3,253.83,93.83,2.948,5.709,0.749,0.423,0.812
canny_hough,otsu,binary,337,1,1,0.3,255.91,95.91,2.914,5.612,0.718,0.426,0.804
canny_hough,otsu,binary,338,1,1,0.3,255.91,95.91,2.818,5.538,0.712,0.468,0.793
canny_hough,otsu,binary,339,1,1,0.15,258.0,98.0,2.824,5.521,0.714,0.425,0.793
canny_hough,otsu,binary,340,1,1,0.45,253.0,93.0,2.97,5.738,0.726,0.426,0.867
canny_hough,otsu,binary,341,1,1,0.45,253.0,93.0,3.015,5.775,0.776,0.421,0.797
canny_hough,otsu,binary,342,1,1,0.3,253.48,93.48,2.867,5.664,0.72,0.426,0.792
canny_hough,otsu,binary,343,1,1,0.45,253.72,93.72,3.105,5.872,0.785,0.429,0.799
canny_hough,otsu,binary,344,1,1,0.45,253.72,93.72,3.107,5.796,0.728,0.421,0.782
canny_hough,otsu,binary,345,1,1,0.45,254.4,94.4,3.05,5.811,0.761,0.434,0.804
canny_hough,otsu,binary,346,1,1,0.45,252.29,92.29,3.093,5.803,0.716,0.426,0.798
canny_hough,otsu,binary,347,1,1,0.3,253.65,93.65,2.889,5.621,0.719,0.463,0.802
canny_hough,otsu,binary,348,1,1,0.3,253.65,93.65,2.882,5.581,0.714,0.426,0.803
canny_hough,otsu,binary,349,1,1,0.3,254.79,94.79,2.812,5.595,0.742,0.424,0.862
canny_hough,otsu,binary,350,1,1,0.3,254.79,94.79,2.856,5.598,0.709,0.424,0.782
canny_hough,otsu,binary,351,1,1,0.15,258.0,98.0,2.76,5.443,0.72,0.426,0.779
canny_hough,otsu,binary,352,1,1,0.3,253.96,93.96,2.976,5.747,0.716,0.465,0.795
canny_hough,otsu,binary,353,1,1,0.3,253.96,93.96,2.968,5.679,0.713,0.422,0.8
canny_hough,otsu,binary,354,1,1,0.3,253.8,93.8,2.844,5.561,0.721,0.424,0.833
canny_hough,otsu,binary,355,1,1,0.45,253.1,93.1,3.063,5.825,0.715,0.424,0.794
canny_hough,otsu,binary,356,1,1,0.45,253.1,93.1,2.997,5.777,0.724,0.426,0.873
canny_hough,otsu,binary,357,1,1,0.45,253.41,93.41,3.075,5.832,0.713,0.426,0.782
canny_hough,otsu,binary,358,1,1,0.3,253.48,93.48,2.868,5.648,0.722,0.42,0.805
canny_hough,otsu,binary,359,1,1,0.3,253.79,93.79,2.884,5.615,0.76,0.428,0.786
canny_hough,otsu,binary,360,1,1,0.3,253.79,93.79,2.884,5.572,0.715,0.427,0.791
canny_hough,otsu,binary,361,1,1,0.45,253.6,93.6,3.158,5.956,0.722,0.468,0.831
canny_hough,otsu,binary,362,1,1,0.3,253.65,93.65,2.905,5.823,0.776,0.434,0.799
canny_hough,otsu,binary,363,1,1,0.3,253.65,93.65,2.949,5.714,0.72,0.464,0.829
canny_hough,adaptive,binary,0,1,1,0.3,253.8,93.8,3.991,16.769,1.163,8.96,1.804
canny_hough,adaptive,binary,1,1,1,0.45,253.87,93.87,8.049,26.38,1.286,12.102,3.578
canny_hough,adaptive,binary,2,1,1,0.45,253.87,93.87,4.14,17.633,1.598,8.722,1.951
canny_hough,adaptive,binary,3,1,1,0.45,253.89,93.89,3.137,15.005,1.232,8.505,1.296
canny_hough,adaptive,binary,4,1,1,0.3,254.1,94.1,2.921,14.652,1.14,8.35,1.479
canny_hough,adaptive,binary,5,1,1,0.3,254.1,94.1,3.003,14.913,1.218,8.46,1.39
canny_hough,adaptive,binary,6,1,1,0.3,253.48,93.48,2.996,14.723,1.21,8.398,1.342
canny_hough,adaptive,binary,7,1,1,0.3,253.65,93.65,3.001,14.733,1.158,8.344,1.425
canny_hough,adaptive,binary,8,1,1,0.3,253.65,93.65,2.938,14.669,1.157,8.395,1.343
canny_hough,adaptive,binary,9,1,1,0.45,254.27,94.27,3.096,14.796,1.196,8.375,1.343
canny_hough,adaptive,binary,10,1,1,0.3,254.1,94.1,2.987,14.685,1.145,8.353,1.42
canny_hough,adaptive,binary,11,1,1,0.45,254.46,94.46,3.081,14.878,1.145,8.407,1.47
canny_hough,adaptive,binary,12,1,1,0.45,254.46,94.46,3.227,15.041,1.146,8.438,1.398
canny_hough,adaptive,binary,13,1,1,0.3,256.13,96.13,2.963,14.549,1.248,8.281,1.287
canny_hough,adaptive,binary,14,1,1,0.3,253.65,93.65,2.861,14.429,1.204,8.25,1.352
canny_hough,adaptive,binary,15,1,1,0.3,253.65,93.65,2.911,14.339,1.134,8.257,1.218
canny_hough,adaptive,binary,16,1,1,0.45,254.39,94.39,7.824,19.45,1.21,8.301,1.359
canny_hough,adaptive,binary,17,1,1,0.45,254.39,94.39,3.259,15.399,1.272,8.541,1.465
canny_hough,adaptive,binary,18,1,1,0.45,251.2,91.2,3.258,15.092,1.182,8.427,1.428
canny_hough,adaptive,binary,19,1,1,0.3,253.79,93.79,3.068,14.979,1.164,8.472,1.409
canny_hough,adaptive,binary,20,1,1,0.3,253.79,93.79,3.25,15.136,1.217,8.534,1.34
canny_hough,adaptive,binary,21,1,1,0.3,253.79,93.79,3.039,14.713,1.19,8.456,1.2
canny_hough,adaptive,binary,22,1,1,0.3,253.48,93.48,2.862,14.374,1.138,8.481,1.091
canny_hough,adaptive,binary,23,1,1,0.3,253.48,93.48,2.893,13.658,0.717,8.289,0.924
canny_hough,adaptive,binary,24,1,1,0.45,252.69,92.69,2.977,13.733,0.719,8.277,0.938
canny_hough,adaptive,binary,25,1,1,0.3,253.48,93.48,2.912,13.652,0.761,8.287,0.931
canny_hough,adaptive,binary,26,1,1,0.45,254.03,94.03,3.102,13.754,0.721,8.237,0.932
canny_hough,adaptive,binary,27,1,1,0.3,253.65,93.65,3.002,13.854,0.842,8.283,0.93
canny_hough,adaptive,binary,28,1,1,0.45,253.4,93.4,3.081,13.735,0.719,8.208,0.971
canny_hough,adaptive,binary,29,1,1,0.45,253.84,93.84,3.056,13.795,0.72,8.317,0.929
canny_hough,adaptive,binary,30,1,1,0.3,253.48,93.48,2.945,13.612,0.726,8.221,0.947
canny_hough,adaptive,binary,31,1,1,0.3,254.15,94.15,2.856,13.582,0.725,8.225,1.019
canny_hough,adaptive,binary,32,1,1,0.3,254.15,94.15,2.941,13.642,0.72,8.232,0.936
canny_hough,adaptive,binary,33,1,1,0.45,249.69,89.69,3.025,13.747,0.72,8.237,0.932
canny_hough,adaptive,binary,34,1,1,0.45,253.89,93.89,3.101,13.84,0.772,8.25,0.955
canny_hough,adaptive,binary,35,1,1,0.45,253.89,93.89,3.145,13.81,0.721,8.245,0.947
canny_hough,adaptive,binary,36,1,1,0.45,253.3,93.3,3.097,13.822,0.786,8.247,0.934
canny_hough,adaptive,binary,37,1,1,0.3,253.65,93.65,3.159,13.83,0.736,8.197,0.927
canny_hough,adaptive,binary,38,1,1,0.3,253.65,93.65,2.979,15.513,1.875,8.523,1.34
canny_hough,adaptive,binary,39,1,1,0.3,251.12,91.12,2.971,14.762,1.231,8.424,1.355
canny_hough,adaptive,binary,40,1,1,0.45,253.42,93.42,3.073,14.677,1.157,8.353,1.318
canny_hough,adaptive,binary,41,1,1,0.3,253.79,93.79,2.969,14.625,1.159,8.377,1.279
canny_hough,adaptive,binary,42,1,1,0.3,253.79,93.79,3.014,14.792,1.208,8.419,1.354
canny_hough,adaptive,binary,43,1,1,0.45,247.89,87.89,3.115,14.892,1.151,8.377,1.475
canny_hough,adaptive,binary,44,1,1,0.45,247.89,87.89,3.053,14.74,1.148,8.34,1.357
canny_hough,adaptive,binary,45,1,1,0.45,247.89,87.89,3.11,14.858,1.216,8.403,1.339
canny_hough,adaptive,binary,46,1,1,0.3,253.96,93.96,3.011,14.624,1.151,8.429,1.248
canny_hough,adaptive,binary,47,1,1,0.3,253.96,93.96,2.848,14.527,1.155,8.32,1.411
canny_hough,adaptive,binary,48,1,1,0.3,253.79,93.79,2.943,14.375,1.202,8.263,1.216
canny_hough,adaptive,binary,49,1,1,0.3,253.79,93.79,2.887,14.287,1.143,8.251,1.257
canny_hough,adaptive,binary,50,1,1,0.3,256.2,96.2,2.883,14.23,1.14,8.215,1.237
canny_hough,adaptive,binary,51,1,1,0.3,256.2,96.2,2.861,14.378,1.191,8.277,1.294
canny_hough,adaptive,binary,52,1,1,0.45,253.3,93.3,3.031,14.538,1.142,8.218,1.387
canny_hough,adaptive,binary,53,1,1,0.45,252.75,92.75,3.042,14.465,1.16,8.246,1.194
canny_hough,adaptive,binary,54,1,1,0.45,252.75,92.75,3.035,14.535,1.14,8.241,1.37
canny_hough,adaptive,binary,55,1,1,0.45,254.04,94.04,2.98,14.468,1.14,8.213,1.322
canny_hough,adaptive,binary,56,1,1,0.45,254.04,94.04,3.034,14.403,1.189,8.225,1.192
canny_hough,adaptive,binary,57,1,1,0.45,253.6,93.6,3.025,14.567,1.128,8.237,1.387
canny_hough,adaptive,binary,58,1,1,0.3,253.79,93.79,2.906,14.359,1.142,8.234,1.324
canny_hough,adaptive,binary,59,1,1,0.3,253.65,93.65,2.888,14.453,1.232,8.281,1.303
canny_hough,adaptive,binary,60,1,1,0.3,253.65,93.65,2.846,14.343,1.143,8.212,1.383
canny_hough,adaptive,binary,61,1,1,0.45,252.53,92.53,3.032,14.547,1.152,8.228,1.324
canny_hough,adaptive,binary,62,1,1,0.45,252.53,92.53,3.041,14.472,1.128,8.308,1.239
canny_hough,adaptive,binary,63,1,1,0.45,252.53,92.53,2.999,14.412,1.142,8.232,1.225
canny_hough,adaptive,binary,64,1,1,0.3,253.65,93.65,2.879,14.383,1.18,8.249,1.321
canny_hough,adaptive,binary,65,1,1,0.45,254.46,94.46,3.111,14.561,1.147,8.234,1.302
canny_hough,adaptive,binary,66,1,1,0.45,249.61,89.61,3.093,14.502,1.131,8.213,1.312
canny_hough,adaptive,binary,67,1,1,0.45,253.83,93.83,3.341,14.868,1.183,8.264,1.281
canny_hough,adaptive,binary,68,1,1,0.3,253.65,93.65,2.921,14.456,1.142,8.244,1.381
canny_hough,adaptive,binary,69,1,1,0.3,253.65,93.65,2.912,14.369,1.131,8.245,1.323
canny_hough,adaptive,binary,70,1,1,0.45,253.11,93.11,3.082,14.481,1.186,8.239,1.228
canny_hough,adaptive,binary,71,1,1,0.45,253.11,93.11,3.015,14.556,1.138,8.249,1.397
canny_hough,adaptive,binary,72,1,1,0.3,253.79,93.79,2.918,14.401,1.141,8.198,1.314
canny_hough,adaptive,binary,73,1,1,0.3,254.1,94.1,2.89,14.28,1.136,8.289,1.211
canny_hough,adaptive,binary,74,1,1,0.45,252.9,92.9,3.085,14.409,1.146,8.207,1.218
canny_hough,adaptive,binary,75,1,1,0.45,252.9,92.9,3.053,14.533,1.176,8.249,1.302
canny_hough,adaptive,binary,76,1,1,0.45,254.3,94.3,3.08,14.584,1.144,8.226,1.377
canny_hough,adaptive,binary,77,1,1,0.45,254.3,94.3,3.046,14.506,1.133,8.225,1.31
canny_hough,adaptive,binary,78,1,1,0.3,253.96,93.96,2.926,14.342,1.192,8.266,1.201
canny_hough,adaptive,binary,79,1,1,0.3,251.29,91.29,2.848,14.313,1.155,8.235,1.326
canny_hough,adaptive,binary,80,1,1,0.3,251.29,91.29,2.937,14.358,1.143,8.223,1.223
canny_hough,adaptive,binary,81,1,1,0.3,251.29,91.29,2.902,14.307,1.144,8.304,1.189
canny_hough,adaptive,binary,82,1,1,0.3,253.96,93.96,2.905,14.313,1.125,8.215,1.319
canny_hough,adaptive,binary,83,1,1,0.3,255.76,95.76,2.906,14.396,1.187,8.279,1.275
canny_hough,adaptive,binary,84,1,1,0.3,255.76,95.76,2.864,14.238,1.146,8.205,1.264
canny_hough,adaptive,binary,85,1,1,0.45,253.06,93.06,3.051,14.464,1.13,8.229,1.222
canny_hough,adaptive,binary,86,1,1,0.45,253.06,93.06,3.061,14.528,1.127,8.236,1.278
canny_hough,adaptive,binary,87,1,1,0.15,258.0,98.0,2.681,14.201,1.134,8.224,1.321
canny_hough,adaptive,binary,88,1,1,0.3,253.79,93.79,2.904,14.311,1.193,8.261,1.191
canny_hough,adaptive,binary,89,1,1,0.45,247.48,87.48,2.981,14.467,1.126,8.226,1.383
canny_hough,adaptive,binary,90,1,1,0.45,255.02,95.02,3.07,14.561,1.138,8.234,1.286
canny_hough,adaptive,binary,91,1,1,0.3,253.65,93.65,2.922,14.443,1.193,8.27,1.309
canny_hough,adaptive,binary,92,1,1,0.45,253.53,93.53,2.968,14.384,1.14,8.211,1.306
canny_hough,adaptive,binary,93,1,1,0.45,253.53,93.53,3.039,14.468,1.204,8.242,1.222
canny_hough,adaptive,binary,94,1,1,0.45,253.41,93.41,3.076,14.591,1.146,8.255,1.363
canny_hough,adaptive,binary,95,1,1,0.45,253.83,93.83,3.045,14.514,1.136,8.21,1.307
canny_hough,adaptive,binary,96,1,1,0.45,253.83,93.83,3.068,14.556,1.173,8.351,1.212
canny_hough,adaptive,binary,97,1,1,0.3,253.79,93.79,2.925,14.376,1.144,8.23,1.288
canny_hough,adaptive,binary,98,1,1,0.3,253.79,93.79,2.921,14.265,1.133,8.217,1.236
canny_hough,adaptive,binary,99,1,1,0.3,253.65,93.65,2.923,14.332,1.189,8.27,1.192
canny_hough,adaptive,binary,100,1,1,0.3,253.8,93.8,2.831,14.253,1.131,8.233,1.303
canny_hough,adaptive,binary,101,1,1,0.3,253.8,93.8,2.883,14.374,1.198,8.251,1.293
canny_hough,adaptive,binary,102,1,1,0.45,253.3,93.3,3.077,14.58,1.144,8.236,1.373
canny_hough,adaptive,binary,103,1,1,0.3,253.96,93.96,2.93,14.232,1.139,8.22,1.188
canny_hough,adaptive,binary,104,1,1,0.3,253.96,93.96,2.922,14.419,1.183,8.26,1.302
canny_hough,adaptive,binary,105,1,1,0.45,253.53,93.53,2.961,14.477,1.15,8.239,1.365
canny_hough,adaptive,binary,106,1,1,0.45,252.53,92.53,3.341,15.087,1.135,8.289,1.466
canny_hough,adaptive,binary,107,1,1,0.45,252.4,92.4,3.174,14.977,1.201,8.418,1.363
canny_hough,adaptive,binary,108,1,1,0.45,252.4,92.4,3.147,14.779,1.148,8.354,1.354
canny_hough,adaptive,binary,109,1,1,0.3,253.79,93.79,2.928,14.659,1.147,8.35,1.45
canny_hough,adaptive,binary,110,1,1,0.3,253.79,93.79,3.029,14.615,1.219,8.371,1.218
canny_hough,adaptive,binary,111,1,1,0.3,253.79,93.79,2.991,15.042,1.186,8.826,1.245
canny_hough,adaptive,binary,112,1,1,0.45,252.47,92.47,3.054,14.794,1.153,8.364,1.456
canny_hough,adaptive,binary,113,1,1,0.45,249.84,89.84,3.181,14.835,1.146,8.392,1.335
canny_hough,adaptive,binary,114,1,1,0.45,249.84,89.84,3.137,14.874,1.23,8.387,1.345
canny_hough,adaptive,binary,115,1,1,0.3,254.94,94.94,2.932,14.573,1.161,8.37,1.338
canny_hough,adaptive,binary,116,1,1,0.3,254.94,94.94,2.863,14.269,1.15,8.277,1.212
canny_hough,adaptive,binary,117,1,1,0.45,253.32,93.32,3.087,14.549,1.176,8.311,1.187
canny_hough,adaptive,binary,118,1,1,0.45,256.04,96.04,3.046,14.438,1.134,8.218,1.285
canny_hough,adaptive,binary,119,1,1,0.45,256.04,96.04,3.096,14.594,1.127,8.235,1.322
canny_hough,adaptive,binary,120,1,1,0.45,254.47,94.47,3.113,14.521,1.197,8.255,1.211
canny_hough,adaptive,binary,121,1,1,0.3,253.96,93.96,2.837,14.242,1.137,8.223,1.294
canny_hough,adaptive,binary,122,1,1,0.3,253.96,93.96,2.892,14.307,1.132,8.226,1.219
canny_hough,adaptive,binary,123,1,1,0.45,252.68,92.68,3.041,14.43,1.132,8.258,1.25
canny_hough,adaptive,binary,124,1,1,0.3,253.48,93.48,2.922,14.33,1.131,8.211,1.322
canny_hough,adaptive,binary,125,1,1,0.3,253.48,93.48,2.921,14.414,1.182,8.272,1.285
canny_hough,adaptive,binary,126,1,1,0.45,254.91,94.91,3.039,14.483,1.136,8.235,1.327
canny_hough,adaptive,binary,127,1,1,0.45,249.61,89.61,3.116,14.568,1.15,8.24,1.198
canny_hough,adaptive,binary,128,1,1,0.45,249.61,89.61,3.096,14.573,1.179,8.241,1.315
canny_hough,adaptive,binary,129,1,1,0.3,253.65,93.65,2.869,14.427,1.13,8.271,1.4
canny_hough,adaptive,binary,130,1,1,0.3,253.65,93.65,2.931,14.417,1.162,8.251,1.245
canny_hough,adaptive,binary,131,1,1,0.3,253.65,93.65,2.931,14.325,1.133,8.237,1.271
canny_hough,adaptive,binary,132,1,1,0.3,253.65,93.65,2.931,14.346,1.143,8.204,1.322
canny_hough,adaptive,binary,133,1,1,0.45,249.82,89.82,3.077,14.578,1.191,8.259,1.296
canny_hough,adaptive,binary,134,1,1,0.45,249.82,89.82,3.042,14.52,1.127,8.218,1.4
canny_hough,adaptive,binary,135,1,1,0.3,253.96,93.96,2.914,14.366,1.135,8.233,1.323
canny_hough,adaptive,binary,136,1,1,0.45,253.11,93.11,3.118,14.603,1.176,8.241,1.312
canny_hough,adaptive,binary,137,1,1,0.45,253.11,93.11,3.06,14.52,1.134,8.232,1.305
canny_hough,adaptive,binary,138,1,1,0.3,253.79,93.79,2.927,14.523,1.143,8.418,1.224
canny_hough,adaptive,binary,139,1,1,0.3,254.1,94.1,2.879,14.312,1.148,8.308,1.225
canny_hough,adaptive,binary,140,1,1,0.3,254.1,94.1,2.9,14.212,1.143,8.226,1.192
canny_hough,adaptive,binary,141,1,1,0.45,253.22,93.22,3.026,14.492,1.213,8.28,1.211
canny_hough,adaptive,binary,142,1,1,0.3,253.65,93.65,2.862,14.251,1.143,8.238,1.261
canny_hough,adaptive,binary,143,1,1,0.3,253.65,93.65,2.896,14.389,1.145,8.227,1.305
canny_hough,adaptive,binary,144,1,1,0.45,253.19,93.19,3.054,14.451,1.147,8.284,1.216
canny_hough,adaptive,binary,145,1,1,0.45,252.4,92.4,2.986,14.466,1.148,8.209,1.298
canny_hough,adaptive,binary,146,1,1,0.45,252.4,92.4,3.058,14.477,1.195,8.239,1.23
canny_hough,adaptive,binary,147,1,1,0.3,254.05,94.05,2.933,14.356,1.139,8.229,1.264
canny_hough,adaptive,binary,148,1,1,0.3,253.48,93.48,2.925,14.363,1.138,8.225,1.326
canny_hough,adaptive,binary,149,1,1,0.3,253.48,93.48,2.894,14.445,1.178,8.276,1.336
canny_hough,adaptive,binary,150,1,1,0.3,253.65,93.65,2.829,14.318,1.132,8.205,1.404
canny_hough,adaptive,binary,151,1,1,0.45,253.26,93.26,3.043,14.562,1.146,8.249,1.301
canny_hough,adaptive,binary,152,1,1,0.45,249.82,89.82,3.105,14.494,1.129,8.288,1.226
canny_hough,adaptive,binary,153,1,1,0.45,249.82,89.82,3.034,14.554,1.144,8.215,1.327
canny_hough,adaptive,binary,154,1,1,0.45,253.8,93.8,3.054,14.442,1.2,8.243,1.189
canny_hough,adaptive,binary,155,1,1,0.45,252.41,92.41,3.035,14.455,1.142,8.236,1.288
canny_hough,adaptive,binary,156,1,1,0.45,252.41,92.41,3.023,14.438,1.14,8.228,1.293
canny_hough,adaptive,binary,157,1,1,0.45,253.32,93.32,3.06,14.591,1.185,8.264,1.3
canny_hough,adaptive,binary,158,1,1,0.45,253.32,93.32,3.039,14.457,1.148,8.233,1.281
canny_hough,adaptive,binary,159,1,1,0.45,253.32,93.32,3.067,14.394,1.129,8.231,1.216
canny_hough,adaptive,binary,160,1,1,0.45,254.1,94.1,3.071,14.545,1.186,8.233,1.3
canny_hough,adaptive,binary,161,1,1,0.45,254.1,94.1,3.006,14.427,1.13,8.232,1.306
canny_hough,adaptive,binary,162,1,1,0.3,253.65,93.65,2.883,14.31,1.141,8.224,1.238
canny_hough,adaptive,binary,163,1,1,0.45,253.53,93.53,3.097,14.48,1.145,8.222,1.256
canny_hough,adaptive,binary,164,1,1,0.45,253.6,93.6,3.108,14.439,1.129,8.207,1.235
canny_hough,adaptive,binary,165,1,1,0.45,253.6,93.6,3.013,14.439,1.189,8.284,1.192
canny_hough,adaptive,binary,166,1,1,0.15,260.85,100.85,2.689,14.058,1.14,8.204,1.283
canny_hough,adaptive,binary,167,1,1,0.15,260.85,100.85,2.747,14.244,1.132,8.231,1.202
canny_hough,adaptive,binary,168,1,1,0.15,260.85,100.85,2.669,14.096,1.14,8.215,1.255
canny_hough,adaptive,binary,169,1,1,0.3,253.8,93.8,2.899,14.334,1.144,8.235,1.305
canny_hough,adaptive,binary,170,1,1,0.3,253.8,93.8,2.9,14.337,1.193,8.264,1.229
canny_hough,adaptive,binary,171,1,1,0.3,253.65,93.65,2.835,14.232,1.143,8.209,1.285
canny_hough,adaptive,binary,172,1,1,0.3,253.48,93.48,2.918,14.274,1.182,8.24,1.187
canny_hough,adaptive,binary,173,1,1,0.3,253.65,93.65,2.838,14.367,1.138,8.256,1.388
canny_hough,adaptive,binary,174,1,1,0.3,253.65,93.65,2.917,14.425,1.147,8.23,1.312
canny_hough,adaptive,binary,175,1,1,0.45,252.34,92.34,3.171,14.917,1.183,8.531,1.263
canny_hough,adaptive,binary,176,1,1,0.45,252.34,92.34,3.085,14.668,1.151,8.239,1.436
canny_hough,adaptive,binary,177,1,1,0.3,252.92,92.92,2.953,14.426,1.135,8.228,1.319
canny_hough,adaptive,binary,178,1,1,0.45,249.84,89.84,3.094,14.491,1.189,8.228,1.225
canny_hough,adaptive,binary,179,1,1,0.45,249.84,89.84,3.028,14.433,1.133,8.207,1.314
canny_hough,adaptive,binary,180,1,1,0.3,254.1,94.1,2.875,14.264,1.146,8.253,1.172
canny_hough,adaptive,binary,181,1,1,0.3,253.96,93.96,2.958,14.467,1.131,8.237,1.385
canny_hough,adaptive,binary,182,1,1,0.45,252.88,92.88,3.02,14.46,1.126,8.229,1.327
canny_hough,adaptive,binary,183,1,1,0.45,252.88,92.88,3.001,14.406,1.18,8.243,1.229
canny_hough,adaptive,binary,184,1,1,0.15,258.0,98.0,2.711,14.144,1.128,8.225,1.327
canny_hough,adaptive,binary,185,1,1,0.15,258.0,98.0,2.747,14.226,1.129,8.233,1.29
canny_hough,adaptive,binary,186,1,1,0.45,253.44,93.44,3.042,14.5,1.138,8.22,1.352
canny_hough,adaptive,binary,187,1,1,0.3,253.48,93.48,2.628,13.298,1.141,7.685,1.07
canny_hough,adaptive,binary,188,1,1,0.3,253.79,93.79,2.616,12.589,0.988,7.14,1.171
canny_hough,adaptive,binary,189,1,1,0.3,253.79,93.79,2.566,12.52,0.981,7.173,1.12
canny_hough,adaptive,binary,190,1,1,0.3,253.65,93.65,2.557,12.615,1.027,7.115,1.229
canny_hough,adaptive,binary,191,1,1,0.3,253.65,93.65,2.61,12.694,0.998,7.17,1.156
canny_hough,adaptive,binary,192,1,1,0.45,254.1,94.1,2.774,12.734,0.981,7.153,1.156
canny_hough,adaptive,binary,193,1,1,0.3,253.65,93.65,2.588,12.476,0.986,7.142,1.067
canny_hough,adaptive,binary,194,1,1,0.3,254.1,94.1,2.64,12.529,0.988,7.125,1.097
canny_hough,adaptive,binary,195,1,1,0.3,254.1,94.1,2.843,13.481,0.997,7.685,1.27
canny_hough,adaptive,binary,196,1,1,0.45,253.41,93.41,3.09,14.492,1.141,8.206,1.246
canny_hough,adaptive,binary,197,1,1,0.45,253.41,93.41,3.081,14.594,1.184,8.238,1.293
canny_hough,adaptive,binary,198,1,1,0.45,253.3,93.3,3.011,14.474,1.14,8.207,1.364
canny_hough,adaptive,binary,199,1,1,0.45,253.84,93.84,3.068,14.466,1.135,8.249,1.188
canny_hough,adaptive,binary,200,1,1,0.45,253.84,93.84,3.08,14.465,1.13,8.286,1.216
canny_hough,adaptive,binary,201,1,1,0.45,253.84,93.84,3.021,14.546,1.129,8.272,1.365
canny_hough,adaptive,binary,202,1,1,0.45,254.03,94.03,3.094,14.612,1.196,8.257,1.31
canny_hough,adaptive,binary,203,1,1,0.3,253.96,93.96,2.911,14.428,1.146,8.232,1.387
canny_hough,adaptive,binary,204,1,1,0.3,253.96,93.96,2.929,14.313,1.145,8.182,1.304
canny_hough,adaptive,binary,205,1,1,0.45,250.51,90.51,3.112,14.651,1.182,8.279,1.322
canny_hough,adaptive,binary,206,1,1,0.45,250.51,90.51,3.097,14.507,1.136,8.212,1.296
canny_hough,adaptive,binary,207,1,1,0.45,253.33,93.33,3.079,14.551,1.142,8.226,1.31
canny_hough,adaptive,binary,208,1,1,0.3,253.48,93.48,2.899,14.286,1.177,8.267,1.181
canny_hough,adaptive,binary,209,1,1,0.45,249.45,89.45,2.929,14.456,1.136,8.227,1.417
canny_hough,adaptive,binary,210,1,1,0.45,251.11,91.11,3.007,14.727,1.141,8.449,1.31
canny_hough,adaptive,binary,211,1,1,0.3,253.96,93.96,2.926,14.347,1.198,8.265,1.197
canny_hough,adaptive,binary,212,1,1,0.45,253.32,93.32,2.987,14.399,1.131,8.223,1.233
canny_hough,adaptive,binary,213,1,1,0.45,253.32,93.32,3.048,14.49,1.199,8.265,1.226
canny_hough,adaptive,binary,214,1,1,0.45,253.4,93.4,3.076,14.563,1.139,8.222,1.375
canny_hough,adaptive,binary,215,1,1,0.45,253.4,93.4,3.066,14.519,1.133,8.229,1.336
canny_hough,adaptive,binary,216,1,1,0.3,254.1,94.1,2.909,14.443,1.192,8.261,1.318
canny_hough,adaptive,binary,217,1,1,0.3,253.48,93.48,2.843,14.386,1.139,8.251,1.362
canny_hough,adaptive,binary,218,1,1,0.45,253.23,93.23,3.076,14.51,1.144,8.246,1.285
canny_hough,adaptive,binary,219,1,1,0.45,253.49,93.49,3.037,14.568,1.186,8.272,1.322
canny_hough,adaptive,binary,220,1,1,0.45,253.9,93.9,3.037,14.407,1.134,8.216,1.267
canny_hough,adaptive,binary,221,1,1,0.45,251.02,91.02,3.055,14.554,1.128,8.232,1.315
canny_hough,adaptive,binary,222,1,1,0.45,251.02,91.02,3.051,14.501,1.183,8.264,1.247
canny_hough,adaptive,binary,223,1,1,0.45,253.3,93.3,2.784,13.245,1.132,7.529,1.059
canny_hough,adaptive,binary,224,1,1,0.45,253.78,93.78,2.651,12.679,0.981,7.12,1.181
canny_hough,adaptive,binary,225,1,1,0.45,253.78,93.78,2.651,12.737,1.032,7.106,1.28
canny_hough,adaptive,binary,226,1,1,0.45,253.49,93.49,2.771,12.792,0.998,7.169,1.082
canny_hough,adaptive,binary,227,1,1,0.45,253.49,93.49,2.732,12.751,0.979,7.157,1.175
canny_hough,adaptive,binary,228,1,1,0.45,252.17,92.17,2.758,12.651,0.986,7.128,1.099
canny_hough,adaptive,binary,229,1,1,0.45,249.86,89.86,2.764,12.66,0.995,7.144,1.069
canny_hough,adaptive,binary,230,1,1,0.45,249.86,89.86,2.671,12.743,1.035,7.108,1.25
canny_hough,adaptive,binary,231,1,1,0.3,254.1,94.1,2.846,13.793,0.984,8.017,1.189
canny_hough,adaptive,binary,232,1,1,0.3,253.65,93.65,2.842,14.286,1.135,8.227,1.332
canny_hough,adaptive,binary,233,1,1,0.3,253.65,93.65,2.911,14.322,1.14,8.259,1.197
canny_hough,adaptive,binary,234,1,1,0.3,253.65,93.65,2.922,14.38,1.137,8.267,1.31
canny_hough,adaptive,binary,235,1,1,0.45,250.58,90.58,3.031,14.53,1.141,8.233,1.322
canny_hough,adaptive,binary,236,1,1,0.45,250.58,90.58,3.102,14.513,1.191,8.236,1.231
canny_hough,adaptive,binary,237,1,1,0.45,253.08,93.08,3.051,14.557,1.146,8.325,1.241
canny_hough,adaptive,binary,238,1,1,0.3,253.96,93.96,2.88,14.306,1.135,8.213,1.323
canny_hough,adaptive,binary,239,1,1,0.45,249.64,89.64,3.106,14.544,1.184,8.29,1.22
canny_hough,adaptive,binary,240,1,1,0.45,253.08,93.08,3.332,14.835,1.141,8.223,1.39
canny_hough,adaptive,binary,241,1,1,0.45,252.34,92.34,3.076,14.404,1.146,8.237,1.179
canny_hough,adaptive,binary,242,1,1,0.45,252.34,92.34,3.061,14.463,1.192,8.243,1.216
canny_hough,adaptive,binary,243,1,1,0.45,252.34,92.34,2.998,14.476,1.145,8.194,1.388
canny_hough,adaptive,binary,244,1,1,0.45,253.18,93.18,3.059,14.438,1.133,8.198,1.236
canny_hough,adaptive,binary,245,1,1,0.45,253.18,93.18,2.688,13.326,1.139,7.513,1.24
canny_hough,adaptive,binary,246,1,1,0.3,253.65,93.65,2.784,13.062,0.991,7.424,1.11
canny_hough,adaptive,binary,247,1,1,0.3,253.65,93.65,2.671,12.639,0.988,7.173,1.092
canny_hough,adaptive,binary,248,1,1,0.3,253.65,93.65,2.617,12.601,0.992,7.136,1.176
canny_hough,adaptive,binary,249,1,1,0.3,253.65,93.65,2.554,12.607,0.999,7.139,1.186
canny_hough,adaptive,binary,250,1,1,0.45,254.46,94.46,2.678,12.65,1.041,7.09,1.165
canny_hough,adaptive,binary,251,1,1,0.45,254.46,94.46,2.734,12.71,1.047,7.158,1.092
canny_hough,adaptive,binary,252,1,1,0.3,253.65,93.65,2.62,12.505,0.996,7.153,1.056
canny_hough,adaptive,binary,253,1,1,0.45,249.14,89.14,3.049,14.047,0.983,7.99,1.326
canny_hough,adaptive,binary,254,1,1,0.45,249.14,89.14,3.028,14.538,1.196,8.233,1.334
canny_hough,adaptive,binary,255,1,1,0.45,253.3,93.3,3.03,14.455,1.145,8.246,1.283
canny_hough,adaptive,binary,256,1,1,0.45,253.22,93.22,3.062,14.435,1.133,8.188,1.299
canny_hough,adaptive,binary,257,1,1,0.45,253.22,93.22,3.036,14.492,1.192,8.258,1.22
canny_hough,adaptive,binary,258,1,1,0.45,254.03,94.03,3.032,14.385,1.137,8.216,1.248
canny_hough,adaptive,binary,259,1,1,0.45,253.92,93.92,3.043,14.527,1.14,8.197,1.33
canny_hough,adaptive,binary,260,1,1,0.45,253.92,93.92,3.054,14.507,1.149,8.256,1.304
canny_hough,adaptive,binary,261,1,1,0.45,249.41,89.41,3.024,14.424,1.143,8.224,1.197
canny_hough,adaptive,binary,262,1,1,0.3,255.97,95.97,2.921,14.414,1.192,8.229,1.33
canny_hough,adaptive,binary,263,1,1,0.3,255.97,95.97,2.874,14.257,1.142,8.221,1.275
canny_hough,adaptive,binary,264,1,1,0.3,253.48,93.48,2.917,14.328,1.134,8.219,1.307
canny_hough,adaptive,binary,265,1,1,0.3,253.48,93.48,2.899,14.299,1.18,8.253,1.207
canny_hough,adaptive,binary,266,1,1,0.3,253.48,93.48,2.865,14.237,1.137,8.217,1.199
canny_hough,adaptive,binary,267,1,1,0.3,253.79,93.79,2.919,14.477,1.187,8.275,1.312
canny_hough,adaptive,binary,268,1,1,0.45,254.4,94.4,3.043,14.528,1.128,8.221,1.387
canny_hough,adaptive,binary,269,1,1,0.45,253.18,93.18,3.098,14.532,1.145,8.224,1.302
canny_hough,adaptive,binary,270,1,1,0.45,253.18,93.18,3.071,14.474,1.189,8.253,1.201
canny_hough,adaptive,binary,271,1,1,0.3,253.48,93.48,2.875,14.319,1.153,8.215,1.326
canny_hough,adaptive,binary,272,1,1,0.3,253.48,93.48,2.909,14.353,1.138,8.238,1.236
canny_hough,adaptive,binary,273,1,1,0.3,253.48,93.48,2.906,14.367,1.137,8.371,1.185
canny_hough,adaptive,binary,274,1,1,0.45,254.87,94.87,3.102,14.447,1.125,8.217,1.251
canny_hough,adaptive,binary,275,1,1,0.45,254.87,94.87,3.092,14.588,1.182,8.254,1.309
canny_hough,adaptive,binary,276,1,1,0.3,253.96,93.96,2.934,14.462,1.148,8.255,1.37
canny_hough,adaptive,binary,277,1,1,0.3,253.48,93.48,2.861,14.244,1.142,8.213,1.237
canny_hough,adaptive,binary,278,1,1,0.3,253.48,93.48,2.898,14.272,1.186,8.239,1.194
canny_hough,adaptive,binary,279,1,1,0.3,253.48,93.48,2.803,14.181,1.129,8.22,1.275
canny_hough,adaptive,binary,280,1,1,0.3,253.79,93.79,2.897,14.37,1.192,8.222,1.314
canny_hough,adaptive,binary,281,1,1,0.3,253.79,93.79,2.848,14.274,1.142,8.245,1.282
canny_hough,adaptive,binary,282,1,1,0.3,253.48,93.48,3.161,14.66,1.142,8.232,1.304
canny_hough,adaptive,binary,283,1,1,0.45,252.34,92.34,3.1,14.528,1.178,8.267,1.233
canny_hough,adaptive,binary,284,1,1,0.45,252.34,92.34,2.998,14.374,1.137,8.219,1.266
canny_hough,adaptive,binary,285,1,1,0.45,255.02,95.02,3.082,14.592,1.141,8.231,1.316
canny_hough,adaptive,binary,286,1,1,0.3,254.1,94.1,2.858,14.375,1.13,8.321,1.318
canny_hough,adaptive,binary,287,1,1,0.3,253.79,93.79,2.856,14.292,1.143,8.234,1.209
canny_hough,adaptive,binary,288,1,1,0.3,253.79,93.79,2.913,14.321,1.183,8.236,1.238
canny_hough,adaptive,binary,289,1,1,0.45,254.28,94.28,3.119,14.636,1.13,8.259,1.375
canny_hough,adaptive,binary,290,1,1,0.45,254.28,94.28,3.142,14.549,1.127,8.21,1.321
canny_hough,adaptive,binary,291,1,1,0.45,252.87,92.87,3.069,14.47,1.19,8.272,1.189
canny_hough,adaptive,binary,292,1,1,0.15,258.0,98.0,2.709,14.126,1.134,8.22,1.319
canny_hough,adaptive,binary,293,1,1,0.45,252.95,92.95,3.078,14.483,1.146,8.238,1.184
canny_hough,adaptive,binary,294,1,1,0.45,252.95,92.95,3.095,14.494,1.128,8.235,1.281
canny_hough,adaptive,binary,295,1,1,0.45,253.72,93.72,3.088,14.377,1.136,8.22,1.179
canny_hough,adaptive,binary,296,1,1,0.45,253.72,93.72,3.077,14.591,1.185,8.27,1.313
canny_hough,adaptive,binary,297,1,1,0.3,253.65,93.65,2.817,14.291,1.133,8.241,1.31
canny_hough,adaptive,binary,298,1,1,0.45,253.22,93.22,3.082,14.4,1.131,8.23,1.188
canny_hough,adaptive,binary,299,1,1,0.45,253.38,93.38,3.048,14.478,1.186,8.269,1.221
canny_hough,adaptive,binary,300,1,1,0.45,254.66,94.66,3.031,14.517,1.141,8.225,1.361
canny_hough,adaptive,binary,301,1,1,0.45,254.1,94.1,3.041,14.424,1.144,8.223,1.189
canny_hough,adaptive,binary,302,1,1,0.45,254.1,94.1,2.694,13.15,1.141,7.388,1.194
canny_hough,adaptive,binary,303,1,1,0.45,254.68,94.68,2.722,12.707,1.042,7.132,1.071
canny_hough,adaptive,binary,304,1,1,0.45,253.82,93.82,2.8,12.714,0.977,7.155,1.096
canny_hough,adaptive,binary,305,1,1,0.45,253.82,93.82,2.769,12.687,0.997,7.155,1.09
canny_hough,adaptive,binary,306,1,1,0.45,249.47,89.47,2.712,12.592,0.995,7.124,1.076
canny_hough,adaptive,binary,307,1,1,0.45,254.46,94.46,2.745,12.894,0.982,7.2,1.26
canny_hough,adaptive,binary,308,1,1,0.45,254.46,94.46,2.736,12.682,1.046,7.098,1.122
canny_hough,adaptive,binary,309,1,1,0.3,256.01,96.01,2.676,12.676,0.986,7.176,1.171
canny_hough,adaptive,binary,310,1,1,0.45,249.71,89.71,3.037,14.138,0.994,8.137,1.28
canny_hough,adaptive,binary,311,1,1,0.45,249.71,89.71,3.023,14.527,1.194,8.264,1.289
canny_hough,adaptive,binary,312,1,1,0.45,249.61,89.61,3.087,14.605,1.14,8.256,1.369
canny_hough,adaptive,binary,313,1,1,0.45,253.3,93.3,3.076,14.387,1.137,8.209,1.213
canny_hough,adaptive,binary,314,1,1,0.45,253.3,93.3,3.07,14.579,1.189,8.251,1.319
canny_hough,adaptive,binary,315,1,1,0.3,253.94,93.94,2.847,14.225,1.138,8.212,1.28
canny_hough,adaptive,binary,316,1,1,0.45,253.49,93.49,3.05,14.545,1.144,8.206,1.323
canny_hough,adaptive,binary,317,1,1,0.45,253.49,93.49,3.074,14.756,1.137,8.546,1.205
canny_hough,adaptive,binary,318,1,1,0.45,253.4,93.4,2.976,14.367,1.141,8.229,1.267
canny_hough,adaptive,binary,319,1,1,0.3,253.48,93.48,2.923,14.344,1.182,8.285,1.205
canny_hough,adaptive,binary,320,1,1,0.3,256.64,96.64,2.911,14.281,1.143,8.218,1.257
canny_hough,adaptive,binary,321,1,1,0.3,256.64,96.64,2.923,14.391,1.128,8.267,1.321
canny_hough,adaptive,binary,322,1,1,0.45,253.41,93.41,3.083,14.518,1.188,8.303,1.193
canny_hough,adaptive,binary,323,1,1,0.45,253.41,93.41,3.023,14.448,1.144,8.258,1.269
canny_hough,adaptive,binary,324,1,1,0.45,249.61,89.61,3.088,14.568,1.139,8.21,1.316
canny_hough,adaptive,binary,325,1,1,0.3,253.79,93.79,2.907,14.269,1.134,8.293,1.18
canny_hough,adaptive,binary,326,1,1,0.45,255.28,95.28,3.124,14.405,1.129,8.196,1.2
canny_hough,adaptive,binary,327,1,1,0.15,258.0,98.0,2.746,14.276,1.178,8.255,1.321
canny_hough,adaptive,binary,328,1,1,0.45,253.41,93.41,3.024,14.418,1.15,8.2,1.296
canny_hough,adaptive,binary,329,1,1,0.45,253.19,93.19,3.09,14.605,1.135,8.227,1.333
canny_hough,adaptive,binary,330,1,1,0.3,253.96,93.96,2.911,14.395,1.176,8.256,1.307
canny_hough,adaptive,binary,331,1,1,0.45,253.3,93.3,2.981,14.409,1.142,8.231,1.301
canny_hough,adaptive,binary,332,1,1,0.45,253.89,93.89,3.05,14.438,1.148,8.229,1.184
canny_hough,adaptive,binary,333,1,1,0.45,253.89,93.89,3.062,14.555,1.141,8.218,1.384
canny_hough,adaptive,binary,334,1,1,0.45,252.33,92.33,3.109,14.393,1.145,8.195,1.186
canny_hough,adaptive,binary,335,1,1,0.3,253.83,93.83,2.896,14.367,1.178,8.238,1.316
canny_hough,adaptive,binary,336,1,1,0.3,253.83,93.83,2.84,14.256,1.146,8.242,1.276
canny_hough,adaptive,binary,337,1,1,0.3,255.91,95.91,2.868,14.31,1.126,8.239,1.221
canny_hough,adaptive,binary,338,1,1,0.3,255.91,95.91,2.889,14.265,1.138,8.313,1.182
canny_hough,adaptive,binary,339,1,1,0.15,258.0,98.0,2.778,14.179,1.14,8.265,1.237
canny_hough,adaptive,binary,340,1,1,0.45,253.0,93.0,3.068,14.498,1.196,8.252,1.227
canny_hough,adaptive,binary,341,1,1,0.45,253.0,93.0,2.957,14.47,1.139,8.222,1.398
canny_hough,adaptive,binary,342,1,1,0.3,253.48,93.48,2.915,14.27,1.129,8.217,1.195
canny_hough,adaptive,binary,343,1,1,0.45,253.72,93.72,3.072,14.464,1.13,8.315,1.197
canny_hough,adaptive,binary,344,1,1,0.45,253.72,93.72,3.041,14.4,1.134,8.227,1.191
canny_hough,adaptive,binary,345,1,1,0.45,254.4,94.4,3.032,14.499,1.184,8.315,1.217
canny_hough,adaptive,binary,346,1,1,0.45,252.29,92.29,3.108,14.579,1.151,8.195,1.372
canny_hough,adaptive,binary,347,1,1,0.3,253.65,93.65,2.869,14.268,1.141,8.228,1.244
canny_hough,adaptive,binary,348,1,1,0.3,253.65,93.65,2.868,14.378,1.201,8.272,1.284
canny_hough,adaptive,binary,349,1,1,0.3,254.79,94.79,2.824,14.199,1.15,8.212,1.254
canny_hough,adaptive,binary,350,1,1,0.3,254.79,94.79,2.867,14.287,1.203,8.234,1.224
canny_hough,adaptive,binary,351,1,1,0.15,258.0,98.0,2.685,14.148,1.129,8.23,1.355
canny_hough,adaptive,binary,352,1,1,0.3,253.96,93.96,2.922,14.373,1.143,8.231,1.244
canny_hough,adaptive,binary,353,1,1,0.3,253.96,93.96,2.918,14.402,1.188,8.252,1.281
canny_hough,adaptive,binary,354,1,1,0.3,253.8,93.8,2.883,14.585,1.135,8.43,1.391
canny_hough,adaptive,binary,355,1,1,0.45,253.1,93.1,3.086,14.457,1.131,8.246,1.179
canny_hough,adaptive,binary,356,1,1,0.45,253.1,93.1,3.117,14.516,1.131,8.233,1.275
canny_hough,adaptive,binary,357,1,1,0.45,253.41,93.41,3.103,14.473,1.136,8.243,1.203
canny_hough,adaptive,binary,358,1,1,0.3,253.48,93.48,2.926,14.361,1.184,8.253,1.238
canny_hough,adaptive,binary,359,1,1,0.3,253.79,93.79,2.592,12.913,1.129,7.367,1.081
canny_hough,adaptive,binary,360,1,1,0.3,253.79,93.79,2.533,12.584,0.985,7.153,1.244
canny_hough,adaptive,binary,361,1,1,0.45,253.6,93.6,2.676,12.707,1.034,7.104,1.217
canny_hough,adaptive,binary,362,1,1,0.3,253.65,93.65,2.626,12.623,0.983,7.171,1.104
canny_hough,adaptive,binary,363,1,1,0.3,253.65,93.65,2.605,12.535,0.983,7.168,1.091
canny_hough,fixed,combined,0,1,1,0.3,253.8,93.8,2.654,5.814,1.083,0.144,1.25
canny_hough,fixed,combined,1,1,1,0.45,253.87,93.87,3.92,7.221,1.052,0.131,1.334
canny_hough,fixed,combined,2,1,1,0.45,253.87,93.87,3.499,6.565,1.115,0.135,1.037
canny_hough,fixed,combined,3,1,1,0.45,253.89,93.89,3.826,7.51,1.048,0.211,1.594
canny_hough,fixed,combined,4,1,1,0.3,254.1,94.1,4.184,6.997,0.999,0.1,0.962
canny_hough,fixed,combined,5,1,1,0.3,254.1,94.1,7.61,11.754,1.308,0.15,1.201
canny_hough,fixed,combined,6,1,1,0.3,253.48,93.48,7.436,11.421,1.462,0.158,1.178
canny_hough,fixed,combined,7,1,1,0.3,253.65,93.65,3.239,6.542,1.21,0.108,1.052
canny_hough,fixed,combined,8,1,1,0.3,253.65,93.65,3.508,7.007,1.186,0.16,1.32
canny_hough,fixed,combined,9,1,1,0.45,254.27,94.27,3.897,7.906,1.418,0.267,1.457
canny_hough,fixed,combined,10,1,1,0.3,254.1,94.1,2.981,6.788,1.273,0.244,1.451
canny_hough,fixed,combined,11,1,1,0.45,254.46,94.46,3.166,6.504,1.15,0.109,1.232
canny_hough,fixed,combined,12,1,1,0.45,254.46,94.46,3.199,6.412,1.203,0.111,1.069
canny_hough,fixed,combined,13,1,1,0.3,256.13,96.13,2.949,6.171,1.164,0.118,1.108
canny_hough,fixed,combined,14,1,1,0.3,253.65,93.65,2.972,6.091,1.2,0.108,1.053
canny_hough,fixed,combined,15,1,1,0.3,253.65,93.65,3.003,7.241,1.139,0.102,2.216
canny_hough,fixed,combined,16,1,1,0.45,254.39,94.39,3.159,6.511,1.232,0.12,1.228
canny_hough,fixed,combined,17,1,1,0.45,254.39,94.39,3.119,6.29,1.193,0.111,1.091
canny_hough,fixed,combined,18,1,1,0.45,251.2,91.2,3.038,6.325,1.141,0.112,1.267
canny_hough,fixed,combined,19,1,1,0.3,253.79,93.79,2.984,6.209,1.157,0.11,1.113
canny_hough,fixed,combined,20,1,1,0.3,253.79,93.79,3.068,6.358,1.156,0.113,1.233
canny_hough,fixed,combined,21,1,1,0.3,253.79,93.79,3.094,6.25,1.156,0.114,1.107
canny_hough,fixed,combined,22,1,1,0.3,253.48,93.48,2.979,6.316,1.22,0.13,1.18
canny_hough,fixed,combined,23,1,1,0.3,253.48,93.48,2.928,6.228,1.15,0.107,1.263
canny_hough,fixed,combined,24,1,1,0.45,252.69,92.69,3.112,6.399,1.155,0.116,1.18
canny_hough,fixed,combined,25,1,1,0.3,253.48,93.48,3.067,6.365,1.155,0.113,1.242
canny_hough,fixed,combined,26,1,1,0.45,254.03,94.03,3.199,6.304,1.138,0.111,1.076
canny_hough,fixed,combined,27,1,1,0.3,253.65,93.65,3.022,6.237,1.197,0.115,1.12
canny_hough,fixed,combined,28,1,1,0.45,253.4,93.4,3.094,6.426,1.181,0.183,1.19
canny_hough,fixed,combined,29,1,1,0.45,253.84,93.84,3.157,6.473,1.163,0.11,1.195
canny_hough,fixed,combined,30,1,1,0.3,253.48,93.48,3.011,6.367,1.161,0.111,1.307
canny_hough,fixed,combined,31,1,1,0.3,254.15,94.15,3.046,6.189,1.148,0.112,1.085
canny_hough,fixed,combined,32,1,1,0.3,254.15,94.15,3.04,6.254,1.205,0.121,1.078
canny_hough,fixed,combined,33,1,1,0.45,249.69,89.69,3.111,6.451,1.148,0.109,1.29
canny_hough,fixed,combined,34,1,1,0.45,253.89,93.89,3.447,6.659,1.151,0.115,1.109
canny_hough,fixed,combined,35,1,1,0.45,253.89,93.89,3.065,6.246,1.058,0.243,1.126
canny_hough,fixed,combined,36,1,1,0.45,253.3,93.3,2.81,5.652,0.994,0.099,1.063
canny_hough,fixed,combined,37,1,1,0.3,253.65,93.65,2.633,5.491,0.989,0.096,1.102
canny_hough,fixed,combined,38,1,1,0.3,253.65,93.65,2.664,5.554,0.989,0.107,1.064
canny_hough,fixed,combined,39,1,1,0.3,251.12,91.12,2.579,5.533,1.058,0.094,1.147
canny_hough,fixed,combined,40,1,1,0.45,253.42,93.42,2.795,5.794,1.164,0.1,1.074
canny_hough,fixed,combined,41,1,1,0.3,253.79,93.79,2.695,5.588,1.058,0.095,1.06
canny_hough,fixed,combined,42,1,1,0.3,253.79,93.79,2.648,5.617,1.115,0.109,1.017
canny_hough,fixed,combined,43,1,1,0.45,247.89,87.89,2.76,5.534,0.994,0.097,1.001
canny_hough,fixed,combined,44,1,1,0.45,247.89,87.89,2.86,6.298,0.985,0.097,1.662
canny_hough,fixed,combined,45,1,1,0.45,247.89,87.89,2.914,6.009,1.053,0.127,1.178
canny_hough,fixed,combined,46,1,1,0.3,253.96,93.96,2.936,5.6,1.019,0.104,0.827
canny_hough,fixed,combined,47,1,1,0.3,253.96,93.96,2.772,5.008,0.624,0.095,0.727
canny_hough,fixed,combined,48,1,1,0.3,253.79,93.79,2.899,5.536,0.649,0.106,1.129
canny_hough,fixed,combined,49,1,1,0.3,253.79,93.79,2.82,5.533,1.082,0.132,0.796
canny_hough,fixed,combined,50,1,1,0.3,256.2,96.2,3.431,6.164,0.712,0.138,1.144
canny_hough,fixed,combined,51,1,1,0.3,256.2,96.2,2.861,6.31,1.04,0.297,1.229
canny_hough,fixed,combined,52,1,1,0.45,253.3,93.3,3.417,6.274,1.004,0.105,0.982
canny_hough,fixed,combined,53,1,1,0.45,252.75,92.75,3.317,7.03,1.466,0.152,1.293
canny_hough,fixed,combined,54,1,1,0.45,252.75,92.75,3.412,6.787,1.173,0.215,1.206
canny_hough,fixed,combined,55,1,1,0.45,254.04,94.04,3.484,7.197,1.289,0.165,1.433
canny_hough,fixed,combined,56,1,1,0.45,254.04,94.04,3.409,6.981,1.2,0.146,1.382
canny_hough,fixed,combined,57,1,1,0.45,253.6,93.6,3.5,7.186,1.337,0.163,1.337
canny_hough,fixed,combined,58,1,1,0.3,253.79,93.79,3.348,7.108,1.412,0.175,1.346
canny_hough,fixed,combined,59,1,1,0.3,253.65,93.65,3.069,6.568,1.244,0.115,1.349
canny_hough,fixed,combined,60,1,1,0.3,253.65,93.65,3.236,6.759,1.315,0.163,1.254
canny_hough,fixed,combined,61,1,1,0.45,252.53,92.53,3.472,6.917,1.285,0.125,1.23
canny_hough,fixed,combined,62,1,1,0.45,252.53,92.53,3.498,7.144,1.34,0.189,1.302
canny_hough,fixed,combined,63,1,1,0.45,252.53,92.53,3.032,6.479,1.222,0.116,1.327
canny_hough,fixed,combined,64,1,1,0.3,253.65,93.65,2.997,6.151,1.148,0.116,1.094
canny_hough,fixed,combined,65,1,1,0.45,254.46,94.46,3.198,6.49,1.144,0.186,1.182
canny_hough,fixed,combined,66,1,1,0.45,249.61,89.61,3.227,6.355,1.139,0.118,1.086
canny_hough,fixed,combined,67,1,1,0.45,253.83,93.83,3.124,6.41,1.24,0.148,1.11
canny_hough,fixed,combined,68,1,1,0.3,253.65,93.65,3.008,6.456,1.147,0.109,1.429
canny_hough,fixed,combined,69,1,1,0.3,253.65,93.65,3.025,6.16,1.15,0.11,1.091
canny_hough,fixed,combined,70,1,1,0.45,253.11,93.11,3.179,6.465,1.202,0.12,1.191
canny_hough,fixed,combined,71,1,1,0.45,253.11,93.11,3.089,6.325,1.152,0.11,1.111
canny_hough,fixed,combined,72,1,1,0.3,253.79,93.79,2.991,6.271,1.227,0.125,1.086
canny_hough,fixed,combined,73,1,1,0.3,254.1,94.1,2.901,6.238,1.163,0.11,1.284
canny_hough,fixed,combined,74,1,1,0.45,252.9,92.9,3.156,6.291,1.154,0.11,1.09
canny_hough,fixed,combined,75,1,1,0.45,252.9,92.9,3.402,6.697,1.21,0.12,1.175
canny_hough,fixed,combined,76,1,1,0.45,254.3,94.3,3.006,6.168,1.14,0.105,1.124
canny_hough,fixed,combined,77,1,1,0.45,254.3,94.3,3.084,6.197,1.186,0.103,1.063
canny_hough,fixed,combined,78,1,1,0.3,253.96,93.96,2.997,6.747,1.125,0.102,1.779
canny_hough,fixed,combined,79,1,1,0.3,251.29,91.29,2.924,5.959,1.132,0.099,1.043
canny_hough,fixed,combined,80,1,1,0.3,251.29,91.29,2.994,6.1,1.174,0.105,1.072
canny_hough,fixed,combined,81,1,1,0.3,251.29,91.29,2.951,6.096,1.158,0.102,1.136
canny_hough,fixed,combined,82,1,1,0.3,253.96,93.96,2.916,6.02,1.176,0.107,1.037
canny_hough,fixed,combined,83,1,1,0.3,255.76,95.76,2.881,6.069,1.136,0.099,1.141
canny_hough,fixed,combined,84,1,1,0.3,255.76,95.76,2.977,6.081,1.193,0.107,1.051
canny_hough,fixed,combined,85,1,1,0.45,253.06,93.06,3.005,6.126,1.137,0.099,1.067
canny_hough,fixed,combined,86,1,1,0.45,253.06,93.06,3.075,6.269,1.183,0.103,1.152
canny_hough,fixed,combined,87,1,1,0.15,258.0,98.0,2.703,5.927,1.148,0.099,1.222
canny_hough,fixed,combined,88,1,1,0.3,253.79,93.79,2.918,6.138,1.144,0.099,1.146
canny_hough,fixed,combined,89,1,1,0.45,247.48,87.48,3.059,6.255,1.128,0.099,1.225
canny_hough,fixed,combined,90,1,1,0.45,255.02,95.02,3.106,6.143,1.126,0.099,1.066
canny_hough,fixed,combined,91,1,1,0.3,253.65,93.65,2.961,6.147,1.185,0.104,1.147
canny_hough,fixed,combined,92,1,1,0.45,253.53,93.53,3.059,6.247,1.131,0.099,1.162
canny_hough,fixed,combined,93,1,1,0.45,253.53,93.53,3.069,6.271,1.19,0.106,1.153
canny_hough,fixed,combined,94,1,1,0.45,253.41,93.41,3.025,6.161,1.141,0.099,1.146
canny_hough,fixed,combined,95,1,1,0.45,253.83,93.83,3.077,6.179,1.195,0.106,1.049
canny_hough,fixed,combined,96,1,1,0.45,253.83,93.83,3.024,6.248,1.142,0.102,1.229
canny_hough,fixed,combined,97,1,1,0.3,253.79,93.79,2.936,6.136,1.14,0.102,1.149
canny_hough,fixed,combined,98,1,1,0.3,253.79,93.79,2.958,6.155,1.134,0.101,1.211
canny_hough,fixed,combined,99,1,1,0.3,253.65,93.65,2.929,5.976,1.13,0.098,1.054
canny_hough,fixed,combined,100,1,1,0.3,253.8,93.8,2.968,6.09,1.189,0.11,1.07
canny_hough,fixed,combined,101,1,1,0.3,253.8,93.8,2.912,6.09,1.132,0.1,1.182
canny_hough,fixed,combined,102,1,1,0.45,253.3,93.3,3.096,6.253,1.196,0.11,1.064
canny_hough,fixed,combined,103,1,1,0.3,253.96,93.96,2.887,6.038,1.144,0.103,1.059
canny_hough,fixed,combined,104,1,1,0.3,253.96,93.96,2.931,6.128,1.186,0.105,1.154
canny_hough,fixed,combined,105,1,1,0.45,253.53,93.53,2.98,6.075,1.128,0.103,1.105
canny_hough,fixed,combined,106,1,1,0.45,252.53,92.53,3.103,6.22,1.203,0.102,1.059
canny_hough,fixed,combined,107,1,1,0.45,252.4,92.4,3.023,6.332,1.143,0.102,1.237
canny_hough,fixed,combined,108,1,1,0.45,252.4,92.4,3.099,6.138,1.122,0.103,1.057
canny_hough,fixed,combined,109,1,1,0.3,253.79,93.79,2.946,6.155,1.143,0.16,1.15
canny_hough,fixed,combined,110,1,1,0.3,253.79,93.79,2.923,5.966,1.142,0.101,1.043
canny_hough,fixed,combined,111,1,1,0.3,253.79,93.79,2.913,6.103,1.183,0.102,1.152
canny_hough,fixed,combined,112,1,1,0.45,252.47,92.47,3.041,6.128,1.129,0.104,1.065
canny_hough,fixed,combined,113,1,1,0.45,249.84,89.84,3.084,6.183,1.175,0.105,1.069
canny_hough,fixed,combined,114,1,1,0.45,249.84,89.84,3.023,6.244,1.131,0.099,1.238
canny_hough,fixed,combined,115,1,1,0.3,254.94,94.94,2.837,5.934,1.176,0.102,1.062
canny_hough,fixed,combined,116,1,1,0.3,254.94,94.94,2.838,5.947,1.13,0.099,1.118
canny_hough,fixed,combined,117,1,1,0.45,253.32,93.32,3.195,6.306,1.201,0.101,1.042
canny_hough,fixed,combined,118,1,1,0.45,256.04,96.04,3.178,6.381,1.139,0.099,1.207
canny_hough,fixed,combined,119,1,1,0.45,256.04,96.04,3.112,6.239,1.13,0.104,1.142
canny_hough,fixed,combined,120,1,1,0.45,254.47,94.47,3.135,6.21,1.176,0.106,1.042
canny_hough,fixed,combined,121,1,1,0.3,253.96,93.96,2.934,5.946,1.136,0.1,1.027
canny_hough,fixed,combined,122,1,1,0.3,253.96,93.96,2.955,6.168,1.178,0.106,1.147
canny_hough,fixed,combined,123,1,1,0.45,252.68,92.68,3.019,6.131,1.133,0.1,1.033
canny_hough,fixed,combined,124,1,1,0.3,253.48,93.48,2.934,6.015,1.186,0.106,1.035
canny_hough,fixed,combined,125,1,1,0.3,253.48,93.48,2.882,6.004,1.136,0.1,1.121
canny_hough,fixed,combined,126,1,1,0.45,254.91,94.91,3.113,6.196,1.2,0.102,1.028
canny_hough,fixed,combined,127,1,1,0.45,249.61,89.61,3.045,6.258,1.144,0.1,1.216
canny_hough,fixed,combined,128,1,1,0.45,249.61,89.61,3.107,6.311,1.13,0.101,1.148
canny_hough,fixed,combined,129,1,1,0.3,253.65,93.65,2.94,6.026,1.177,0.107,1.053
canny_hough,fixed,combined,130,1,1,0.3,253.65,93.65,2.952,6.096,1.136,0.099,1.159
canny_hough,fixed,combined,131,1,1,0.3,253.65,93.65,2.951,6.146,1.187,0.108,1.148
canny_hough,fixed,combined,132,1,1,0.3,253.65,93.65,2.981,6.152,1.137,0.101,1.143
canny_hough,fixed,combined,133,1,1,0.45,249.82,89.82,3.106,6.397,1.34,0.109,1.073
canny_hough,fixed,combined,134,1,1,0.45,249.82,89.82,3.064,6.252,1.125,0.105,1.208
canny_hough,fixed,combined,135,1,1,0.3,253.96,93.96,2.903,6.07,1.139,0.097,1.121
canny_hough,fixed,combined,136,1,1,0.45,253.11,93.11,3.148,6.255,1.128,0.099,1.13
canny_hough,fixed,combined,137,1,1,0.45,253.11,93.11,3.124,6.272,1.128,0.099,1.168
canny_hough,fixed,combined,138,1,1,0.3,253.79,93.79,2.945,6.804,1.214,0.16,1.73
canny_hough,fixed,combined,139,1,1,0.3,254.1,94.1,2.834,5.964,1.138,0.099,1.143
canny_hough,fixed,combined,140,1,1,0.3,254.1,94.1,2.894,5.971,1.188,0.102,1.037
canny_hough,fixed,combined,141,1,1,0.45,253.22,93.22,3.007,6.102,1.137,0.098,1.101
canny_hough,fixed,combined,142,1,1,0.3,253.65,93.65,2.92,6.17,1.143,0.097,1.147
canny_hough,fixed,combined,143,1,1,0.3,253.65,93.65,2.935,6.228,1.14,0.097,1.306
canny_hough,fixed,combined,144,1,1,0.45,253.19,93.19,3.042,6.169,1.122,0.103,1.149
canny_hough,fixed,combined,145,1,1,0.45,252.4,92.4,3.075,6.143,1.179,0.112,1.029
canny_hough,fixed,combined,146,1,1,0.45,252.4,92.4,3.081,6.209,1.145,0.102,1.126
canny_hough,fixed,combined,147,1,1,0.3,254.05,94.05,2.938,6.072,1.192,0.109,1.075
canny_hough,fixed,combined,148,1,1,0.3,253.48,93.48,2.918,6.027,1.143,0.099,1.05
canny_hough,fixed,combined,149,1,1,0.3,253.48,93.48,2.933,6.041,1.182,0.103,1.066
canny_hough,fixed,combined,150,1,1,0.3,253.65,93.65,2.86,5.97,1.139,0.099,1.115
canny_hough,fixed,combined,151,1,1,0.45,253.26,93.26,3.066,6.154,1.183,0.103,1.045
canny_hough,fixed,combined,152,1,1,0.45,249.82,89.82,3.051,6.304,1.139,0.104,1.207
canny_hough,fixed,combined,153,1,1,0.45,249.82,89.82,3.091,6.287,1.137,0.102,1.137
canny_hough,fixed,combined,154,1,1,0.45,253.8,93.8,3.09,6.272,1.143,0.101,1.18
canny_hough,fixed,combined,155,1,1,0.45,252.41,92.41,3.047,6.18,1.134,0.099,1.13
canny_hough,fixed,combined,156,1,1,0.45,252.41,92.41,3.053,6.229,1.169,0.106,1.153
canny_hough,fixed,combined,157,1,1,0.45,253.32,93.32,3.053,6.162,1.14,0.1,1.046
canny_hough,fixed,combined,158,1,1,0.45,253.32,93.32,3.118,6.177,1.177,0.106,1.025
canny_hough,fixed,combined,159,1,1,0.45,253.32,93.32,2.989,6.09,1.134,0.1,1.106
canny_hough,fixed,combined,160,1,1,0.45,254.1,94.1,3.092,6.269,1.123,0.1,1.136
canny_hough,fixed,combined,161,1,1,0.45,254.1,94.1,3.097,6.203,1.132,0.103,1.116
canny_hough,fixed,combined,162,1,1,0.3,253.65,93.65,2.912,6.003,1.127,0.101,1.076
canny_hough,fixed,combined,163,1,1,0.45,253.53,93.53,3.14,6.328,1.134,0.144,1.151
canny_hough,fixed,combined,164,1,1,0.45,253.6,93.6,2.866,5.927,1.13,0.106,1.074
canny_hough,fixed,combined,165,1,1,0.45,253.6,93.6,2.742,5.494,1.034,0.096,0.931
canny_hough,fixed,combined,166,1,1,0.15,260.85,100.85,2.493,5.28,0.993,0.09,1.02
canny_hough,fixed,combined,167,1,1,0.15,260.85,100.85,2.445,5.217,0.984,0.097,0.929
canny_hough,fixed,combined,168,1,1,0.15,260.85,100.85,2.506,5.327,1.035,0.102,1.007
canny_hough,fixed,combined,169,1,1,0.3,253.8,93.8,2.631,5.346,0.985,0.092,0.953
canny_hough,fixed,combined,170,1,1,0.3,253.8,93.8,2.583,5.312,0.979,0.093,0.919
canny_hough,fixed,combined,171,1,1,0.3,253.65,93.65,2.683,5.443,1.033,0.096,0.939
canny_hough,fixed,combined,172,1,1,0.3,253.48,93.48,2.66,5.388,0.978,0.094,0.942
canny_hough,fixed,combined,173,1,1,0.3,253.65,93.65,2.577,6.07,0.992,0.095,1.707
canny_hough,fixed,combined,174,1,1,0.3,253.65,93.65,2.662,5.492,0.993,0.095,1.003
canny_hough,fixed,combined,175,1,1,0.45,252.34,92.34,2.703,5.488,0.993,0.093,0.98
canny_hough,fixed,combined,176,1,1,0.45,252.34,92.34,2.76,5.59,1.046,0.099,1.003
canny_hough,fixed,combined,177,1,1,0.3,252.92,92.92,2.637,5.379,0.98,0.095,0.99
canny_hough,fixed,combined,178,1,1,0.45,249.84,89.84,2.732,5.528,0.99,0.094,1.022
canny_hough,fixed,combined,179,1,1,0.45,249.84,89.84,2.82,5.681,0.993,0.096,1.022
canny_hough,fixed,combined,180,1,1,0.3,254.1,94.1,2.565,5.337,0.981,0.095,0.938
canny_hough,fixed,combined,181,1,1,0.3,253.96,93.96,2.665,5.399,1.027,0.097,0.936
canny_hough,fixed,combined,182,1,1,0.45,252.88,92.88,2.768,5.525,0.986,0.099,0.952
canny_hough,fixed,combined,183,1,1,0.45,252.88,92.88,3.036,6.294,1.128,0.099,1.318
canny_hough,fixed,combined,184,1,1,0.15,258.0,98.0,2.778,5.906,1.141,0.099,1.132
canny_hough,fixed,combined,185,1,1,0.15,258.0,98.0,2.789,5.892,1.139,0.102,1.106
canny_hough,fixed,combined,186,1,1,0.45,253.44,93.44,3.074,6.099,1.138,0.101,1.038
canny_hough,fixed,combined,187,1,1,0.3,253.48,93.48,2.954,6.16,1.135,0.15,1.156
canny_hough,fixed,combined,188,1,1,0.3,253.79,93.79,2.933,5.948,1.127,0.099,1.042
canny_hough,fixed,combined,189,1,1,0.3,253.79,93.79,2.933,6.051,1.189,0.104,1.068
canny_hough,fixed,combined,190,1,1,0.3,253.65,93.65,2.917,5.935,1.138,0.101,1.033
canny_hough,fixed,combined,191,1,1,0.3,253.65,93.65,2.996,6.104,1.187,0.104,1.057
canny_hough,fixed,combined,192,1,1,0.45,254.1,94.1,3.096,6.158,1.139,0.1,1.043
canny_hough,fixed,combined,193,1,1,0.3,253.65,93.65,2.884,5.99,1.189,0.102,1.05
canny_hough,fixed,combined,194,1,1,0.3,254.1,94.1,2.858,5.948,1.141,0.101,1.028
canny_hough,fixed,combined,195,1,1,0.3,254.1,94.1,2.928,6.108,1.176,0.104,1.137
canny_hough,fixed,combined,196,1,1,0.45,253.41,93.41,3.087,6.199,1.141,0.1,1.113
canny_hough,fixed,combined,197,1,1,0.45,253.41,93.41,3.1,6.229,1.138,0.1,1.061
canny_hough,fixed,combined,198,1,1,0.45,253.3,93.3,3.088,6.39,1.125,0.102,1.331
canny_hough,fixed,combined,199,1,1,0.45,253.84,93.84,3.09,6.204,1.127,0.099,1.132
canny_hough,fixed,combined,200,1,1,0.45,253.84,93.84,3.121,6.312,1.195,0.105,1.104
canny_hough,fixed,combined,201,1,1,0.45,253.84,93.84,3.048,6.309,1.131,0.103,1.198
canny_hough,fixed,combined,202,1,1,0.45,254.03,94.03,3.099,6.26,1.227,0.108,1.045
canny_hough,fixed,combined,203,1,1,0.3,253.96,93.96,2.867,6.022,1.134,0.098,1.168
canny_hough,fixed,combined,204,1,1,0.3,253.96,93.96,2.925,6.135,1.13,0.103,1.164
canny_hough,fixed,combined,205,1,1,0.45,250.51,90.51,3.12,6.247,1.141,0.103,1.134
canny_hough,fixed,combined,206,1,1,0.45,250.51,90.51,3.115,6.241,1.131,0.101,1.142
canny_hough,fixed,combined,207,1,1,0.45,253.33,93.33,3.099,6.283,1.185,0.108,1.137
canny_hough,fixed,combined,208,1,1,0.3,253.48,93.48,2.924,5.997,1.143,0.101,1.074
canny_hough,fixed,combined,209,1,1,0.45,249.45,89.45,3.034,6.115,1.187,0.104,1.037
canny_hough,fixed,combined,210,1,1,0.45,251.11,91.11,2.986,6.089,1.138,0.101,1.048
canny_hough,fixed,combined,211,1,1,0.3,253.96,93.96,3.431,6.828,1.175,0.119,1.308
canny_hough,fixed,combined,212,1,1,0.45,253.32,93.32,3.202,6.461,1.158,0.115,1.188
canny_hough,fixed,combined,213,1,1,0.45,253.32,93.32,3.158,6.403,1.157,0.11,1.188
canny_hough,fixed,combined,214,1,1,0.45,253.4,93.4,3.158,6.474,1.213,0.123,1.202
canny_hough,fixed,combined,215,1,1,0.45,253.4,93.4,3.093,6.306,1.157,0.114,1.162
canny_hough,fixed,combined,216,1,1,0.3,254.1,94.1,2.99,6.203,1.151,0.115,1.175
canny_hough,fixed,combined,217,1,1,0.3,253.48,93.48,3.003,6.287,1.152,0.175,1.19
canny_hough,fixed,combined,218,1,1,0.45,253.23,93.23,3.177,6.426,1.163,0.114,1.189
canny_hough,fixed,combined,219,1,1,0.45,253.49,93.49,3.146,6.52,1.215,0.114,1.266
canny_hough,fixed,combined,220,1,1,0.45,253.9,93.9,3.19,6.417,1.158,0.112,1.185
canny_hough,fixed,combined,221,1,1,0.45,251.02,91.02,3.166,6.285,1.142,0.112,1.079
canny_hough,fixed,combined,222,1,1,0.45,251.02,91.02,3.153,6.475,1.201,0.127,1.172
canny_hough,fixed,combined,223,1,1,0.45,253.3,93.3,3.092,6.326,1.156,0.112,1.07
canny_hough,fixed,combined,224,1,1,0.45,253.78,93.78,3.063,6.299,1.214,0.122,1.124
canny_hough,fixed,combined,225,1,1,0.45,253.78,93.78,3.094,6.295,1.155,0.109,1.157
canny_hough,fixed,combined,226,1,1,0.45,253.49,93.49,3.158,6.399,1.146,0.113,1.198
canny_hough,fixed,combined,227,1,1,0.45,253.49,93.49,3.14,6.459,1.214,0.117,1.198
canny_hough,fixed,combined,228,1,1,0.45,252.17,92.17,3.094,6.519,1.15,0.114,1.38
canny_hough,fixed,combined,229,1,1,0.45,249.86,89.86,3.136,6.409,1.15,0.113,1.169
canny_hough,fixed,combined,230,1,1,0.45,249.86,89.86,3.186,6.389,1.148,0.161,1.079
canny_hough,fixed,combined,231,1,1,0.3,254.1,94.1,2.946,6.17,1.145,0.11,1.191
canny_hough,fixed,combined,232,1,1,0.3,253.65,93.65,2.993,6.251,1.211,0.116,1.119
canny_hough,fixed,combined,233,1,1,0.3,253.65,93.65,2.946,6.357,1.157,0.109,1.363
canny_hough,fixed,combined,234,1,1,0.3,253.65,93.65,2.924,6.208,1.188,0.178,1.093
canny_hough,fixed,combined,235,1,1,0.45,250.58,90.58,3.112,6.378,1.128,0.103,1.275
canny_hough,fixed,combined,236,1,1,0.45,250.58,90.58,3.12,6.157,1.139,0.103,1.041
canny_hough,fixed,combined,237,1,1,0.45,253.08,93.08,3.108,6.224,1.196,0.108,1.06
canny_hough,fixed,combined,238,1,1,0.3,253.96,93.96,2.976,6.047,1.129,0.105,1.084
canny_hough,fixed,combined,239,1,1,0.45,249.64,89.64,3.122,6.327,1.187,0.104,1.142
canny_hough,fixed,combined,240,1,1,0.45,253.08,93.08,3.016,6.15,1.13,0.102,1.157
canny_hough,fixed,combined,241,1,1,0.45,252.34,92.34,3.081,6.351,1.129,0.099,1.205
canny_hough,fixed,combined,242,1,1,0.45,252.34,92.34,3.119,6.339,1.132,0.101,1.197
canny_hough,fixed,combined,243,1,1,0.45,252.34,92.34,3.088,6.138,1.141,0.104,1.038
canny_hough,fixed,combined,244,1,1,0.45,253.18,93.18,3.088,6.295,1.187,0.105,1.161
canny_hough,fixed,combined,245,1,1,0.45,253.18,93.18,3.083,6.138,1.129,0.106,1.064
canny_hough,fixed,combined,246,1,1,0.3,253.65,93.65,2.984,6.178,1.184,0.102,1.149
canny_hough,fixed,combined,247,1,1,0.3,253.65,93.65,2.862,6.069,1.146,0.104,1.206
canny_hough,fixed,combined,248,1,1,0.3,253.65,93.65,2.927,6.064,1.2,0.107,1.086
canny_hough,fixed,combined,249,1,1,0.3,253.65,93.65,2.861,5.98,1.14,0.103,1.128
canny_hough,fixed,combined,250,1,1,0.45,254.46,94.46,3.046,6.245,1.149,0.099,1.139
canny_hough,fixed,combined,251,1,1,0.45,254.46,94.46,3.053,6.326,1.135,0.098,1.282
canny_hough,fixed,combined,252,1,1,0.3,253.65,93.65,2.929,6.001,1.144,0.1,1.036
canny_hough,fixed,combined,253,1,1,0.45,249.14,89.14,3.06,6.243,1.176,0.105,1.153
canny_hough,fixed,combined,254,1,1,0.45,249.14,89.14,3.053,6.104,1.144,0.099,1.053
canny_hough,fixed,combined,255,1,1,0.45,253.3,93.3,3.091,6.253,1.173,0.102,1.131
canny_hough,fixed,combined,256,1,1,0.45,253.22,93.22,3.004,6.27,1.173,0.102,1.235
canny_hough,fixed,combined,257,1,1,0.45,253.22,93.22,3.08,6.267,1.204,0.101,1.136
canny_hough,fixed,combined,258,1,1,0.45,254.03,94.03,3.15,6.361,1.136,0.101,1.223
canny_hough,fixed,combined,259,1,1,0.45,253.92,93.92,3.094,6.234,1.138,0.1,1.139
canny_hough,fixed,combined,260,1,1,0.45,253.92,93.92,3.095,6.287,1.187,0.105,1.153
canny_hough,fixed,combined,261,1,1,0.45,249.41,89.41,3.095,6.153,1.129,0.1,1.066
canny_hough,fixed,combined,262,1,1,0.3,255.97,95.97,2.945,6.109,1.186,0.109,1.086
canny_hough,fixed,combined,263,1,1,0.3,255.97,95.97,2.891,6.105,1.137,0.097,1.219
canny_hough,fixed,combined,264,1,1,0.3,253.48,93.48,2.927,6.125,1.191,0.102,1.153
canny_hough,fixed,combined,265,1,1,0.3,253.48,93.48,2.865,6.041,1.126,0.102,1.205
canny_hough,fixed,combined,266,1,1,0.3,253.48,93.48,2.907,6.098,1.133,0.1,1.14
canny_hough,fixed,combined,267,1,1,0.3,253.79,93.79,2.868,6.201,1.136,0.098,1.285
canny_hough,fixed,combined,268,1,1,0.45,254.4,94.4,3.04,6.171,1.138,0.101,1.141
canny_hough,fixed,combined,269,1,1,0.45,253.18,93.18,3.102,6.313,1.193,0.112,1.154
canny_hough,fixed,combined,270,1,1,0.45,253.18,93.18,3.104,6.153,1.141,0.101,1.057
canny_hough,fixed,combined,271,1,1,0.3,253.48,93.48,2.956,6.06,1.196,0.103,1.055
canny_hough,fixed,combined,272,1,1,0.3,253.48,93.48,2.867,6.013,1.127,0.102,1.057
canny_hough,fixed,combined,273,1,1,0.3,253.48,93.48,2.973,6.061,1.176,0.103,1.049
canny_hough,fixed,combined,274,1,1,0.45,254.87,94.87,3.059,6.156,1.127,0.1,1.117
canny_hough,fixed,combined,275,1,1,0.45,254.87,94.87,3.115,6.213,1.202,0.099,1.04
canny_hough,fixed,combined,276,1,1,0.3,253.96,93.96,2.876,6.116,1.139,0.099,1.254
canny_hough,fixed,combined,277,1,1,0.3,253.48,93.48,2.874,6.086,1.146,0.1,1.146
canny_hough,fixed,combined,278,1,1,0.3,253.48,93.48,2.902,6.082,1.142,0.099,1.192
canny_hough,fixed,combined,279,1,1,0.3,253.48,93.48,2.938,5.999,1.151,0.103,1.04
canny_hough,fixed,combined,280,1,1,0.3,253.79,93.79,2.945,6.077,1.135,0.149,1.09
canny_hough,fixed,combined,281,1,1,0.3,253.79,93.79,2.928,5.963,1.141,0.101,1.041
canny_hough,fixed,combined,282,1,1,0.3,253.48,93.48,2.942,6.091,1.182,0.108,1.069
canny_hough,fixed,combined,283,1,1,0.45,252.34,92.34,3.127,6.164,1.14,0.1,1.039
canny_hough,fixed,combined,284,1,1,0.45,252.34,92.34,3.078,6.188,1.186,0.106,1.068
canny_hough,fixed,combined,285,1,1,0.45,255.02,95.02,3.049,6.16,1.138,0.101,1.047
canny_hough,fixed,combined,286,1,1,0.3,254.1,94.1,2.882,6.06,1.183,0.105,1.153
canny_hough,fixed,combined,287,1,1,0.3,253.79,93.79,2.906,6.03,1.149,0.102,1.125
canny_hough,fixed,combined,288,1,1,0.3,253.79,93.79,2.936,6.115,1.125,0.102,1.132
canny_hough,fixed,combined,289,1,1,0.45,254.28,94.28,3.169,6.897,1.128,0.1,1.754
canny_hough,fixed,combined,290,1,1,0.45,254.28,94.28,3.135,6.267,1.142,0.104,1.14
canny_hough,fixed,combined,291,1,1,0.45,252.87,92.87,3.086,6.217,1.185,0.105,1.093
canny_hough,fixed,combined,292,1,1,0.15,258.0,98.0,2.72,5.875,1.135,0.104,1.126
canny_hough,fixed,combined,293,1,1,0.45,252.95,92.95,3.107,6.293,1.176,0.104,1.147
canny_hough,fixed,combined,294,1,1,0.45,252.95,92.95,3.05,6.149,1.134,0.102,1.112
canny_hough,fixed,combined,295,1,1,0.45,253.72,93.72,3.105,6.217,1.146,0.1,1.039
canny_hough,fixed,combined,296,1,1,0.45,253.72,93.72,3.115,6.227,1.141,0.102,1.124
canny_hough,fixed,combined,297,1,1,0.3,253.65,93.65,2.91,6.057,1.144,0.099,1.148
canny_hough,fixed,combined,298,1,1,0.45,253.22,93.22,3.075,6.252,1.19,0.103,1.142
canny_hough,fixed,combined,299,1,1,0.45,253.38,93.38,3.082,6.145,1.134,0.099,1.081
canny_hough,fixed,combined,300,1,1,0.45,254.66,94.66,3.116,6.204,1.184,0.104,1.052
canny_hough,fixed,combined,301,1,1,0.45,254.1,94.1,3.046,6.157,1.143,0.1,1.044
canny_hough,fixed,combined,302,1,1,0.45,254.1,94.1,3.05,6.186,1.214,0.102,1.034
canny_hough,fixed,combined,303,1,1,0.45,254.68,94.68,2.984,6.186,1.141,0.104,1.198
canny_hough,fixed,combined,304,1,1,0.45,253.82,93.82,3.1,6.474,1.279,0.121,1.057
canny_hough,fixed,combined,305,1,1,0.45,253.82,93.82,3.116,6.237,1.191,0.107,1.065
canny_hough,fixed,combined,306,1,1,0.45,249.47,89.47,3.036,6.177,1.141,0.103,1.146
canny_hough,fixed,combined,307,1,1,0.45,254.46,94.46,3.129,6.31,1.179,0.103,1.142
canny_hough,fixed,combined,308,1,1,0.45,254.46,94.46,3.079,6.193,1.137,0.101,1.122
canny_hough,fixed,combined,309,1,1,0.3,256.01,96.01,2.919,6.011,1.132,0.1,1.039
canny_hough,fixed,combined,310,1,1,0.45,249.71,89.71,3.097,6.837,1.137,0.1,1.754
canny_hough,fixed,combined,311,1,1,0.45,249.71,89.71,3.017,6.056,1.127,0.1,1.059
canny_hough,fixed,combined,312,1,1,0.45,249.61,89.61,3.118,6.25,1.187,0.104,1.051
canny_hough,fixed,combined,313,1,1,0.45,253.3,93.3,3.032,6.235,1.131,0.104,1.142
canny_hough,fixed,combined,314,1,1,0.45,253.3,93.3,3.094,6.176,1.182,0.103,1.039
canny_hough,fixed,combined,315,1,1,0.3,253.94,93.94,2.941,6.843,1.133,0.105,1.888
canny_hough,fixed,combined,316,1,1,0.45,253.49,93.49,3.114,6.146,1.136,0.101,1.047
canny_hough,fixed,combined,317,1,1,0.45,253.49,93.49,3.081,6.186,1.191,0.103,1.042
canny_hough,fixed,combined,318,1,1,0.45,253.4,93.4,3.062,6.191,1.135,0.099,1.147
canny_hough,fixed,combined,319,1,1,0.3,253.48,93.48,2.932,6.042,1.194,0.104,1.039
canny_hough,fixed,combined,320,1,1,0.3,256.64,96.64,2.856,6.065,1.143,0.101,1.217
canny_hough,fixed,combined,321,1,1,0.3,256.64,96.64,2.914,6.102,1.182,0.102,1.151
canny_hough,fixed,combined,322,1,1,0.45,253.41,93.41,3.11,7.072,1.127,0.103,1.904
canny_hough,fixed,combined,323,1,1,0.45,253.41,93.41,3.105,6.138,1.13,0.098,1.062
canny_hough,fixed,combined,324,1,1,0.45,249.61,89.61,3.108,6.206,1.183,0.104,1.058
canny_hough,fixed,combined,325,1,1,0.3,253.79,93.79,2.847,5.941,1.129,0.1,1.053
canny_hough,fixed,combined,326,1,1,0.45,255.28,95.28,3.102,6.199,1.188,0.104,1.058
canny_hough,fixed,combined,327,1,1,0.15,258.0,98.0,2.711,5.818,1.131,0.101,1.121
canny_hough,fixed,combined,328,1,1,0.45,253.41,93.41,3.089,6.29,1.183,0.105,1.165
canny_hough,fixed,combined,329,1,1,0.45,253.19,93.19,3.071,6.273,1.132,0.101,1.218
canny_hough,fixed,combined,330,1,1,0.3,253.96,93.96,2.924,6.125,1.138,0.103,1.144
canny_hough,fixed,combined,331,1,1,0.45,253.3,93.3,3.095,6.276,1.13,0.102,1.194
canny_hough,fixed,combined,332,1,1,0.45,253.89,93.89,3.081,6.158,1.141,0.101,1.037
canny_hough,fixed,combined,333,1,1,0.45,253.89,93.89,3.092,6.28,1.193,0.105,1.128
canny_hough,fixed,combined,334,1,1,0.45,252.33,92.33,3.057,6.163,1.14,0.098,1.044
canny_hough,fixed,combined,335,1,1,0.3,253.83,93.83,2.926,6.01,1.189,0.102,1.043
canny_hough,fixed,combined,336,1,1,0.3,253.83,93.83,2.856,5.973,1.134,0.1,1.137
canny_hough,fixed,combined,337,1,1,0.3,255.91,95.91,2.903,6.078,1.175,0.104,1.142
canny_hough,fixed,combined,338,1,1,0.3,255.91,95.91,2.845,6.053,1.129,0.1,1.237
canny_hough,fixed,combined,339,1,1,0.15,258.0,98.0,2.807,5.938,1.128,0.104,1.077
canny_hough,fixed,combined,340,1,1,0.45,253.0,93.0,2.974,6.217,1.148,0.106,1.237
canny_hough,fixed,combined,341,1,1,0.45,253.0,93.0,3.044,6.143,1.136,0.097,1.046
canny_hough,fixed,combined,342,1,1,0.3,253.48,93.48,2.934,6.231,1.139,0.101,1.266
canny_hough,fixed,combined,343,1,1,0.45,253.72,93.72,3.145,6.175,1.125,0.101,1.042
canny_hough,fixed,combined,344,1,1,0.45,253.72,93.72,3.107,6.188,1.18,0.108,1.041
canny_hough,fixed,combined,345,1,1,0.45,254.4,94.4,3.064,6.191,1.138,0.1,1.139
canny_hough,fixed,combined,346,1,1,0.45,252.29,92.29,3.072,6.18,1.176,0.11,1.073
canny_hough,fixed,combined,347,1,1,0.3,253.65,93.65,2.825,6.048,1.136,0.1,1.23
canny_hough,fixed,combined,348,1,1,0.3,253.65,93.65,2.892,5.996,1.198,0.102,1.052
canny_hough,fixed,combined,349,1,1,0.3,254.79,94.79,2.835,5.94,1.136,0.097,1.118
canny_hough,fixed,combined,350,1,1,0.3,254.79,94.79,2.889,6.069,1.28,0.103,1.054
canny_hough,fixed,combined,351,1,1,0.15,258.0,98.0,2.698,5.918,1.131,0.104,1.234
canny_hough,fixed,combined,352,1,1,0.3,253.96,93.96,2.947,6.076,1.136,0.1,1.041
canny_hough,fixed,combined,353,1,1,0.3,253.96,93.96,2.89,6.119,1.132,0.1,1.236
canny_hough,fixed,combined,354,1,1,0.3,253.8,93.8,2.912,6.109,1.144,0.098,1.144
canny_hough,fixed,combined,355,1,1,0.45,253.1,93.1,3.088,6.314,1.14,0.1,1.233
canny_hough,fixed,combined,356,1,1,0.45,253.1,93.1,3.106,6.14,1.129,0.102,1.046
canny_hough,fixed,combined,357,1,1,0.45,253.41,93.41,3.128,6.317,1.182,0.105,1.153
canny_hough,fixed,combined,358,1,1,0.3,253.48,93.48,2.877,5.984,1.139,0.1,1.059
canny_hough,fixed,combined,359,1,1,0.3,253.79,93.79,2.896,6.086,1.197,0.103,1.135
canny_hough,fixed,combined,360,1,1,0.3,253.79,93.79,2.829,5.977,1.147,0.11,1.132
canny_hough,fixed,combined,361,1,1,0.45,253.6,93.6,3.072,6.252,1.184,0.107,1.132
canny_hough,fixed,combined,362,1,1,0.3,253.65,93.65,2.855,6.015,1.15,0.101,1.133
canny_hough,fixed,combined,363,1,1,0.3,253.65,93.65,2.9,5.992,1.127,0.1,1.039
canny_hough,otsu,combined,0,1,1,0.3,253.8,93.8,3.361,7.233,1.299,0.468,1.325
canny_hough,otsu,combined,1,1,1,0.45,253.87,93.87,3.759,7.399,1.206,0.45,1.15
canny_hough,otsu,combined,2,1,1,0.45,253.87,93.87,4.03,8.833,1.221,0.462,2.22
canny_hough,otsu,combined,3,1,1,0.45,253.89,93.89,3.915,7.623,1.216,0.505,1.158
canny_hough,otsu,combined,4,1,1,0.3,254.1,94.1,6.418,11.286,1.231,0.555,1.911
canny_hough,otsu,combined,5,1,1,0.3,254.1,94.1,8.265,12.219,1.19,0.457,1.385
canny_hough,otsu,combined,6,1,1,0.3,253.48,93.48,6.07,11.226,1.535,0.55,1.745
canny_hough,otsu,combined,7,1,1,0.3,253.65,93.65,3.178,6.816,1.165,0.434,1.173
canny_hough,otsu,combined,8,1,1,0.3,253.65,93.65,3.311,6.866,1.152,0.442,1.138
canny_hough,otsu,combined,9,1,1,0.45,254.27,94.27,3.856,9.644,2.329,0.57,2.069
canny_hough,otsu,combined,10,1,1,0.3,254.1,94.1,3.394,7.419,1.248,0.436,1.329
canny_hough,otsu,combined,11,1,1,0.45,254.46,94.46,3.2,6.746,1.142,0.421,1.174
canny_hough,otsu,combined,12,1,1,0.45,254.46,94.46,3.26,10.113,1.527,0.522,4.039
canny_hough,otsu,combined,13,1,1,0.3,256.13,96.13,3.024,8.706,3.258,0.466,1.177
canny_hough,otsu,combined,14,1,1,0.3,253.65,93.65,2.995,6.523,1.145,0.435,1.173
canny_hough,otsu,combined,15,1,1,0.3,253.65,93.65,3.008,6.564,1.148,0.432,1.197
canny_hough,otsu,combined,16,1,1,0.45,254.39,94.39,3.119,6.756,1.213,0.446,1.198
canny_hough,otsu,combined,17,1,1,0.45,254.39,94.39,3.128,6.683,1.139,0.44,1.161
canny_hough,otsu,combined,18,1,1,0.45,251.2,91.2,3.139,6.568,1.139,0.433,1.067
canny_hough,otsu,combined,19,1,1,0.3,253.79,93.79,2.97,6.593,1.2,0.435,1.203
canny_hough,otsu,combined,20,1,1,0.3,253.79,93.79,2.983,6.502,1.155,0.443,1.142
canny_hough,otsu,combined,21,1,1,0.3,253.79,93.79,2.991,6.447,1.151,0.438,1.082
canny_hough,otsu,combined,22,1,1,0.3,253.48,93.48,2.969,6.597,1.202,0.442,1.194
canny_hough,otsu,combined,23,1,1,0.3,253.48,93.48,2.936,6.483,1.159,0.435,1.18
canny_hough,otsu,combined,24,1,1,0.45,252.69,92.69,3.154,6.635,1.14,0.436,1.077
canny_hough,otsu,combined,25,1,1,0.3,253.48,93.48,2.975,6.569,1.196,0.433,1.199
canny_hough,otsu,combined,26,1,1,0.45,254.03,94.03,3.136,6.675,1.158,0.436,1.183
canny_hough,otsu,combined,27,1,1,0.3,253.65,93.65,2.997,6.622,1.151,0.434,1.168
canny_hough,otsu,combined,28,1,1,0.45,253.4,93.4,3.153,6.754,1.198,0.439,1.194
canny_hough,otsu,combined,29,1,1,0.45,253.84,93.84,3.134,6.708,1.152,0.434,1.207
canny_hough,otsu,combined,30,1,1,0.3,253.48,93.48,3.0,6.588,1.159,0.436,1.203
canny_hough,otsu,combined,31,1,1,0.3,254.15,94.15,3.002,6.496,1.188,0.439,1.091
canny_hough,otsu,combined,32,1,1,0.3,254.15,94.15,3.004,10.228,1.146,0.43,4.894
canny_hough,otsu,combined,33,1,1,0.45,249.69,89.69,3.127,6.731,1.136,0.423,1.224
canny_hough,otsu,combined,34,1,1,0.45,253.89,93.89,3.149,7.597,2.06,0.436,1.19
canny_hough,otsu,combined,35,1,1,0.45,253.89,93.89,3.16,6.704,1.145,0.468,1.172
canny_hough,otsu,combined,36,1,1,0.45,253.3,93.3,3.123,6.172,0.692,0.428,1.158
canny_hough,otsu,combined,37,1,1,0.3,253.65,93.65,2.943,6.39,1.173,0.428,1.043
canny_hough,otsu,combined,38,1,1,0.3,253.65,93.65,2.881,6.344,1.143,0.426,1.133
canny_hough,otsu,combined,39,1,1,0.3,251.12,91.12,2.921,6.311,1.14,0.422,1.048
canny_hough,otsu,combined,40,1,1,0.45,253.42,93.42,3.126,6.593,1.194,0.433,1.079
canny_hough,otsu,combined,41,1,1,0.3,253.79,93.79,3.08,14.468,1.194,0.445,6.24
canny_hough,otsu,combined,42,1,1,0.3,253.79,93.79,3.14,6.861,1.181,0.467,1.185
canny_hough,otsu,combined,43,1,1,0.45,247.89,87.89,3.272,7.106,1.239,0.456,1.331
canny_hough,otsu,combined,44,1,1,0.45,247.89,87.89,3.321,7.038,1.168,0.457,1.288
canny_hough,otsu,combined,45,1,1,0.45,247.89,87.89,3.239,7.012,1.159,0.465,1.354
canny_hough,otsu,combined,46,1,1,0.3,253.96,93.96,3.168,6.873,1.2,0.463,1.174
canny_hough,otsu,combined,47,1,1,0.3,253.96,93.96,3.152,6.953,1.244,0.478,1.183
canny_hough,otsu,combined,48,1,1,0.3,253.79,93.79,3.156,6.811,1.164,0.513,1.173
canny_hough,otsu,combined,49,1,1,0.3,253.79,93.79,3.066,6.792,1.165,0.464,1.26
canny_hough,otsu,combined,50,1,1,0.3,256.2,96.2,3.219,6.903,1.265,0.468,1.111
canny_hough,otsu,combined,51,1,1,0.3,256.2,96.2,2.991,6.875,1.208,0.696,1.212
canny_hough,otsu,combined,52,1,1,0.45,253.3,93.3,4.289,8.132,1.132,0.425,1.534
canny_hough,otsu,combined,53,1,1,0.45,252.75,92.75,3.76,7.389,1.142,0.427,1.204
canny_hough,otsu,combined,54,1,1,0.45,252.75,92.75,3.052,7.389,1.134,0.427,2.012
canny_hough,otsu,combined,55,1,1,0.45,254.04,94.04,3.023,6.557,1.142,0.426,1.144
canny_hough,otsu,combined,56,1,1,0.45,254.04,94.04,3.092,6.654,1.229,0.433,1.147
canny_hough,otsu,combined,57,1,1,0.45,253.6,93.6,3.049,6.682,1.279,0.494,1.059
canny_hough,otsu,combined,58,1,1,0.3,253.79,93.79,2.894,6.309,1.153,0.423,1.032
canny_hough,otsu,combined,59,1,1,0.3,253.65,93.65,2.913,6.35,1.203,0.427,1.056
canny_hough,otsu,combined,60,1,1,0.3,253.65,93.65,2.855,6.404,1.126,0.424,1.243
canny_hough,otsu,combined,61,1,1,0.45,252.53,92.53,3.09,6.619,1.139,0.425,1.142
canny_hough,otsu,combined,62,1,1,0.45,252.53,92.53,3.02,6.55,1.189,0.432,1.151
canny_hough,otsu,combined,63,1,1,0.45,252.53,92.53,3.023,6.468,1.143,0.424,1.116
canny_hough,otsu,combined,64,1,1,0.3,253.65,93.65,2.911,6.367,1.138,0.429,1.072
canny_hough,otsu,combined,65,1,1,0.45,254.46,94.46,3.126,6.656,1.14,0.47,1.159
canny_hough,otsu,combined,66,1,1,0.45,249.61,89.61,3.042,6.573,1.139,0.426,1.214
canny_hough,otsu,combined,67,1,1,0.45,253.83,93.83,3.022,6.574,1.197,0.425,1.139
canny_hough,otsu,combined,68,1,1,0.3,253.65,93.65,2.936,6.39,1.14,0.472,1.085
canny_hough,otsu,combined,69,1,1,0.3,253.65,93.65,2.873,6.498,1.147,0.424,1.229
canny_hough,otsu,combined,70,1,1,0.45,253.11,93.11,3.099,6.605,1.194,0.429,1.127
canny_hough,otsu,combined,71,1,1,0.45,253.11,93.11,3.141,6.654,1.15,0.42,1.192
canny_hough,otsu,combined,72,1,1,0.3,253.79,93.79,2.93,6.37,1.142,0.427,1.124
canny_hough,otsu,combined,73,1,1,0.3,254.1,94.1,2.939,6.376,1.184,0.43,1.069
canny_hough,otsu,combined,74,1,1,0.45,252.9,92.9,3.019,6.485,1.149,0.425,1.146
canny_hough,otsu,combined,75,1,1,0.45,252.9,92.9,3.09,6.649,1.145,0.422,1.158
canny_hough,otsu,combined,76,1,1,0.45,254.3,94.3,3.083,6.601,1.183,0.43,1.16
canny_hough,otsu,combined,77,1,1,0.45,254.3,94.3,3.017,6.668,1.14,0.424,1.291
canny_hough,otsu,combined,78,1,1,0.3,253.96,93.96,2.94,6.3,1.127,0.426,1.047
canny_hough,otsu,combined,79,1,1,0.3,251.29,91.29,2.924,6.445,1.184,0.428,1.151
canny_hough,otsu,combined,80,1,1,0.3,251.29,91.29,2.849,6.414,1.146,0.426,1.248
canny_hough,otsu,combined,81,1,1,0.3,251.29,91.29,2.922,6.352,1.193,0.428,1.046
canny_hough,otsu,combined,82,1,1,0.3,253.96,93.96,2.908,6.325,1.141,0.426,1.082
canny_hough,otsu,combined,83,1,1,0.3,255.76,95.76,2.946,6.395,1.129,0.423,1.145
canny_hough,otsu,combined,84,1,1,0.3,255.76,95.76,2.921,6.428,1.173,0.43,1.152
canny_hough,otsu,combined,85,1,1,0.45,253.06,93.06,3.013,6.446,1.141,0.422,1.108
canny_hough,otsu,combined,86,1,1,0.45,253.06,93.06,3.073,6.511,1.121,0.423,1.062
canny_hough,otsu,combined,87,1,1,0.15,258.0,98.0,2.78,6.216,1.126,0.473,1.046
canny_hough,otsu,combined,88,1,1,0.3,253.79,93.79,2.975,6.359,1.142,0.428,1.059
canny_hough,otsu,combined,89,1,1,0.45,247.48,87.48,3.055,6.575,1.183,0.427,1.157
canny_hough,otsu,combined,90,1,1,0.45,255.02,95.02,3.202,6.923,1.14,0.423,1.328
canny_hough,otsu,combined,91,1,1,0.3,253.65,93.65,2.953,6.309,1.131,0.425,1.039
canny_hough,otsu,combined,92,1,1,0.45,253.53,93.53,3.054,6.471,1.182,0.43,1.05
canny_hough,otsu,combined,93,1,1,0.45,253.53,93.53,2.984,6.55,1.129,0.437,1.245
canny_hough,otsu,combined,94,1,1,0.45,253.41,93.41,3.099,6.483,1.133,0.425,1.069
canny_hough,otsu,combined,95,1,1,0.45,253.83,93.83,3.078,6.472,1.179,0.429,1.038
canny_hough,otsu,combined,96,1,1,0.45,253.83,93.83,3.012,6.481,1.139,0.424,1.152
canny_hough,otsu,combined,97,1,1,0.3,253.79,93.79,2.911,6.488,1.135,0.423,1.156
canny_hough,otsu,combined,98,1,1,0.3,253.79,93.79,2.935,6.445,1.147,0.475,1.142
canny_hough,otsu,combined,99,1,1,0.3,253.65,93.65,2.863,6.405,1.145,0.422,1.22
canny_hough,otsu,combined,100,1,1,0.3,253.8,93.8,2.904,6.39,1.176,0.425,1.139
canny_hough,otsu,combined,101,1,1,0.3,253.8,93.8,2.925,6.42,1.129,0.423,1.198
canny_hough,otsu,combined,102,1,1,0.45,253.3,93.3,3.079,6.487,1.137,0.428,1.083
canny_hough,otsu,combined,103,1,1,0.3,253.96,93.96,2.968,6.481,1.175,0.43,1.157
canny_hough,otsu,combined,104,1,1,0.3,253.96,93.96,2.887,6.34,1.123,0.428,1.154
canny_hough,otsu,combined,105,1,1,0.45,253.53,93.53,3.032,6.555,1.136,0.425,1.137
canny_hough,otsu,combined,106,1,1,0.45,252.53,92.53,3.109,6.641,1.144,0.476,1.164
canny_hough,otsu,combined,107,1,1,0.45,252.4,92.4,3.025,6.577,1.138,0.426,1.207
canny_hough,otsu,combined,108,1,1,0.45,252.4,92.4,3.092,6.602,1.141,0.426,1.128
canny_hough,otsu,combined,109,1,1,0.3,253.79,93.79,2.947,6.406,1.143,0.471,1.083
canny_hough,otsu,combined,110,1,1,0.3,253.79,93.79,2.847,6.295,1.15,0.426,1.054
canny_hough,otsu,combined,111,1,1,0.3,253.79,93.79,2.896,6.396,1.184,0.428,1.13
canny_hough,otsu,combined,112,1,1,0.45,252.47,92.47,2.974,6.425,1.126,0.426,1.146
canny_hough,otsu,combined,113,1,1,0.45,249.84,89.84,3.09,6.567,1.141,0.426,1.138
canny_hough,otsu,combined,114,1,1,0.45,249.84,89.84,3.097,6.608,1.191,0.431,1.144
canny_hough,otsu,combined,115,1,1,0.3,254.94,94.94,2.788,6.346,1.14,0.424,1.242
canny_hough,otsu,combined,116,1,1,0.3,254.94,94.94,2.856,6.37,1.126,0.425,1.152
canny_hough,otsu,combined,117,1,1,0.45,253.32,93.32,3.11,6.556,1.134,0.471,1.045
canny_hough,otsu,combined,118,1,1,0.45,256.04,96.04,3.045,6.572,1.14,0.426,1.213
canny_hough,otsu,combined,119,1,1,0.45,256.04,96.04,3.133,6.648,1.197,0.426,1.137
canny_hough,otsu,combined,120,1,1,0.45,254.47,94.47,3.13,6.574,1.139,0.474,1.073
canny_hough,otsu,combined,121,1,1,0.3,253.96,93.96,2.859,6.308,1.133,0.425,1.045
canny_hough,otsu,combined,122,1,1,0.3,253.96,93.96,2.902,6.349,1.184,0.429,1.073
canny_hough,otsu,combined,123,1,1,0.45,252.68,92.68,2.973,6.508,1.139,0.424,1.151
canny_hough,otsu,combined,124,1,1,0.3,253.48,93.48,3.073,6.543,1.141,0.425,1.146
canny_hough,otsu,combined,125,1,1,0.3,253.48,93.48,2.93,6.372,1.177,0.43,1.074
canny_hough,otsu,combined,126,1,1,0.45,254.91,94.91,3.049,6.47,1.129,0.427,1.108
canny_hough,otsu,combined,127,1,1,0.45,249.61,89.61,3.102,6.57,1.14,0.424,1.04
canny_hough,otsu,combined,128,1,1,0.45,249.61,89.61,3.105,6.518,1.139,0.474,1.041
canny_hough,otsu,combined,129,1,1,0.3,253.65,93.65,2.859,6.302,1.136,0.421,1.101
canny_hough,otsu,combined,130,1,1,0.3,253.65,93.65,2.941,6.352,1.173,0.428,1.054
canny_hough,otsu,combined,131,1,1,0.3,253.65,93.65,2.877,6.389,1.134,0.426,1.125
canny_hough,otsu,combined,132,1,1,0.3,253.65,93.65,2.942,6.395,1.133,0.428,1.136
canny_hough,otsu,combined,133,1,1,0.45,249.82,89.82,3.107,6.54,1.184,0.429,1.077
canny_hough,otsu,combined,134,1,1,0.45,249.82,89.82,3.05,6.498,1.141,0.425,1.132
canny_hough,otsu,combined,135,1,1,0.3,253.96,93.96,2.937,6.468,1.141,0.424,1.146
canny_hough,otsu,combined,136,1,1,0.45,253.11,93.11,3.161,6.579,1.139,0.473,1.054
canny_hough,otsu,combined,137,1,1,0.45,253.11,93.11,3.112,6.568,1.134,0.426,1.101
canny_hough,otsu,combined,138,1,1,0.3,253.79,93.79,2.917,6.338,1.128,0.425,1.048
canny_hough,otsu,combined,139,1,1,0.3,254.1,94.1,2.9,6.398,1.128,0.425,1.19
canny_hough,otsu,combined,140,1,1,0.3,254.1,94.1,2.925,6.405,1.142,0.427,1.146
canny_hough,otsu,combined,141,1,1,0.45,253.22,93.22,3.047,6.565,1.173,0.43,1.155
canny_hough,otsu,combined,142,1,1,0.3,253.65,93.65,2.862,6.387,1.127,0.427,1.227
canny_hough,otsu,combined,143,1,1,0.3,253.65,93.65,2.934,6.35,1.13,0.425,1.037
canny_hough,otsu,combined,144,1,1,0.45,253.19,93.19,3.04,6.54,1.129,0.473,1.146
canny_hough,otsu,combined,145,1,1,0.45,252.4,92.4,2.998,6.548,1.139,0.423,1.23
canny_hough,otsu,combined,146,1,1,0.45,252.4,92.4,3.068,6.582,1.142,0.427,1.134
canny_hough,otsu,combined,147,1,1,0.3,254.05,94.05,2.928,6.484,1.147,0.474,1.148
canny_hough,otsu,combined,148,1,1,0.3,253.48,93.48,2.86,6.394,1.137,0.422,1.162
canny_hough,otsu,combined,149,1,1,0.3,253.48,93.48,2.924,6.477,1.309,0.434,1.052
canny_hough,otsu,combined,150,1,1,0.3,253.65,93.65,3.502,7.026,1.14,0.42,1.154
canny_hough,otsu,combined,151,1,1,0.45,253.26,93.26,3.049,6.851,1.237,0.442,1.343
canny_hough,otsu,combined,152,1,1,0.45,249.82,89.82,3.174,6.849,1.144,0.43,1.24
canny_hough,otsu,combined,153,1,1,0.45,249.82,89.82,3.199,6.708,1.193,0.426,1.122
canny_hough,otsu,combined,154,1,1,0.45,253.8,93.8,3.15,6.806,1.147,0.43,1.306
canny_hough,otsu,combined,155,1,1,0.45,252.41,92.41,3.13,6.688,1.14,0.436,1.204
canny_hough,otsu,combined,156,1,1,0.45,252.41,92.41,3.105,6.704,1.198,0.436,1.186
canny_hough,otsu,combined,157,1,1,0.45,253.32,93.32,3.196,6.779,1.161,0.434,1.143
canny_hough,otsu,combined,158,1,1,0.45,253.32,93.32,3.113,6.635,1.15,0.44,1.082
canny_hough,otsu,combined,159,1,1,0.45,253.32,93.32,3.141,6.755,1.199,0.433,1.184
canny_hough,otsu,combined,160,1,1,0.45,254.1,94.1,3.199,6.995,1.149,0.669,1.201
canny_hough,otsu,combined,161,1,1,0.45,254.1,94.1,3.08,6.716,1.143,0.435,1.277
canny_hough,otsu,combined,162,1,1,0.3,253.65,93.65,2.99,6.609,1.145,0.433,1.187
canny_hough,otsu,combined,163,1,1,0.45,253.53,93.53,3.142,6.751,1.202,0.436,1.182
canny_hough,otsu,combined,164,1,1,0.45,253.6,93.6,3.126,6.754,1.145,0.429,1.275
canny_hough,otsu,combined,165,1,1,0.45,253.6,93.6,3.115,6.615,1.179,0.436,1.099
canny_hough,otsu,combined,166,1,1,0.15,260.85,100.85,2.847,6.441,1.195,0.442,1.183
canny_hough,otsu,combined,167,1,1,0.15,260.85,100.85,2.754,6.365,1.149,0.432,1.216
canny_hough,otsu,combined,168,1,1,0.15,260.85,100.85,2.855,6.368,1.147,0.429,1.1
canny_hough,otsu,combined,169,1,1,0.3,253.8,93.8,3.047,6.658,1.157,0.491,1.185
canny_hough,otsu,combined,170,1,1,0.3,253.8,93.8,2.922,6.451,1.145,0.433,1.18
canny_hough,otsu,combined,171,1,1,0.3,253.65,93.65,3.008,6.69,1.215,0.434,1.252
canny_hough,otsu,combined,172,1,1,0.3,253.48,93.48,3.168,6.681,1.14,0.492,1.102
canny_hough,otsu,combined,173,1,1,0.3,253.65,93.65,2.864,6.362,1.152,0.431,1.141
canny_hough,otsu,combined,174,1,1,0.3,253.65,93.65,2.948,6.4,1.208,0.431,1.051
canny_hough,otsu,combined,175,1,1,0.45,252.34,92.34,3.078,6.499,1.138,0.424,1.102
canny_hough,otsu,combined,176,1,1,0.45,252.34,92.34,3.069,6.431,1.127,0.428,1.057
canny_hough,otsu,combined,177,1,1,0.3,252.92,92.92,2.924,6.518,1.181,0.431,1.204
canny_hough,otsu,combined,178,1,1,0.45,249.84,89.84,3.117,6.67,1.127,0.427,1.254
canny_hough,otsu,combined,179,1,1,0.45,249.84,89.84,3.105,6.506,1.141,0.423,1.092
canny_hough,otsu,combined,180,1,1,0.3,254.1,94.1,2.888,6.41,1.193,0.43,1.159
canny_hough,otsu,combined,181,1,1,0.3,253.96,93.96,2.873,6.434,1.135,0.423,1.248
canny_hough,otsu,combined,182,1,1,0.45,252.88,92.88,3.032,6.449,1.128,0.423,1.036
canny_hough,otsu,combined,183,1,1,0.45,252.88,92.88,3.073,6.488,1.138,0.48,1.043
canny_hough,otsu,combined,184,1,1,0.15,258.0,98.0,2.716,6.152,1.139,0.424,1.066
canny_hough,otsu,combined,185,1,1,0.15,258.0,98.0,2.759,6.269,1.173,0.429,1.137
canny_hough,otsu,combined,186,1,1,0.45,253.44,93.44,2.996,6.518,1.126,0.425,1.214
canny_hough,otsu,combined,187,1,1,0.3,253.48,93.48,2.936,6.485,1.136,0.426,1.132
canny_hough,otsu,combined,188,1,1,0.3,253.79,93.79,2.959,6.367,1.191,0.431,1.033
canny_hough,otsu,combined,189,1,1,0.3,253.79,93.79,2.856,6.398,1.136,0.427,1.216
canny_hough,otsu,combined,190,1,1,0.3,253.65,93.65,2.899,6.287,1.179,0.433,1.026
canny_hough,otsu,combined,191,1,1,0.3,253.65,93.65,2.861,6.287,1.145,0.422,1.107
canny_hough,otsu,combined,192,1,1,0.45,254.1,94.1,3.065,6.472,1.154,0.426,1.071
canny_hough,otsu,combined,193,1,1,0.3,253.65,93.65,2.868,6.318,1.18,0.43,1.079
canny_hough,otsu,combined,194,1,1,0.3,254.1,94.1,2.855,6.295,1.146,0.426,1.117
canny_hough,otsu,combined,195,1,1,0.3,254.1,94.1,2.913,6.338,1.2,0.422,1.042
canny_hough,otsu,combined,196,1,1,0.45,253.41,93.41,3.113,6.552,1.14,0.425,1.113
canny_hough,otsu,combined,197,1,1,0.45,253.41,93.41,3.129,6.617,1.139,0.424,1.137
canny_hough,otsu,combined,198,1,1,0.45,253.3,93.3,3.117,6.511,1.179,0.43,1.039
canny_hough,otsu,combined,199,1,1,0.45,253.84,93.84,3.096,6.632,1.134,0.426,1.214
canny_hough,otsu,combined,200,1,1,0.45,253.84,93.84,3.099,6.467,1.141,0.426,1.041
canny_hough,otsu,combined,201,1,1,0.45,253.84,93.84,3.143,6.642,1.177,0.427,1.143
canny_hough,otsu,combined,202,1,1,0.45,254.03,94.03,3.041,6.532,1.131,0.426,1.114
canny_hough,otsu,combined,203,1,1,0.3,253.96,93.96,2.916,6.313,1.126,0.427,1.086
canny_hough,otsu,combined,204,1,1,0.3,253.96,93.96,2.927,6.508,1.181,0.436,1.204
canny_hough,otsu,combined,205,1,1,0.45,250.51,90.51,3.058,6.504,1.128,0.425,1.143
canny_hough,otsu,combined,206,1,1,0.45,250.51,90.51,3.097,6.631,1.142,0.425,1.148
canny_hough,otsu,combined,207,1,1,0.45,253.33,93.33,3.104,6.655,1.139,0.475,1.149
canny_hough,otsu,combined,208,1,1,0.3,253.48,93.48,2.86,6.392,1.136,0.425,1.221
canny_hough,otsu,combined,209,1,1,0.45,249.45,89.45,3.015,6.448,1.128,0.425,1.056
canny_hough,otsu,combined,210,1,1,0.45,251.11,91.11,3.048,6.456,1.141,0.476,1.043
canny_hough,otsu,combined,211,1,1,0.3,253.96,93.96,2.933,6.314,1.129,0.423,1.076
canny_hough,otsu,combined,212,1,1,0.45,253.32,93.32,3.065,6.582,1.193,0.43,1.139
canny_hough,otsu,combined,213,1,1,0.45,253.32,93.32,3.078,6.557,1.129,0.424,1.166
canny_hough,otsu,combined,214,1,1,0.45,253.4,93.4,3.111,6.565,1.129,0.426,1.146
canny_hough,otsu,combined,215,1,1,0.45,253.4,93.4,3.075,6.503,1.183,0.43,1.052
canny_hough,otsu,combined,216,1,1,0.3,254.1,94.1,2.872,6.368,1.124,0.426,1.161
canny_hough,otsu,combined,217,1,1,0.3,253.48,93.48,2.917,6.386,1.146,0.427,1.048
canny_hough,otsu,combined,218,1,1,0.45,253.23,93.23,3.094,6.612,1.132,0.475,1.159
canny_hough,otsu,combined,219,1,1,0.45,253.49,93.49,2.996,6.426,1.132,0.427,1.103
canny_hough,otsu,combined,220,1,1,0.45,253.9,93.9,3.103,6.531,1.185,0.427,1.06
canny_hough,otsu,combined,221,1,1,0.45,251.02,91.02,3.083,6.507,1.139,0.474,1.053
canny_hough,otsu,combined,222,1,1,0.45,251.02,91.02,3.076,6.43,1.137,0.425,1.038
canny_hough,otsu,combined,223,1,1,0.45,253.3,93.3,3.067,6.473,1.183,0.429,1.034
canny_hough,otsu,combined,224,1,1,0.45,253.78,93.78,3.017,6.551,1.129,0.427,1.225
canny_hough,otsu,combined,225,1,1,0.45,253.78,93.78,3.019,6.47,1.131,0.421,1.15
canny_hough,otsu,combined,226,1,1,0.45,253.49,93.49,3.088,6.519,1.177,0.429,1.081
canny_hough,otsu,combined,227,1,1,0.45,253.49,93.49,2.995,6.575,1.142,0.423,1.224
canny_hough,otsu,combined,228,1,1,0.45,252.17,92.17,3.081,6.531,1.144,0.427,1.043
canny_hough,otsu,combined,229,1,1,0.45,249.86,89.86,3.059,6.565,1.179,0.431,1.142
canny_hough,otsu,combined,230,1,1,0.45,249.86,89.86,3.033,6.567,1.144,0.427,1.215
canny_hough,otsu,combined,231,1,1,0.3,254.1,94.1,2.874,6.305,1.138,0.427,1.034
canny_hough,otsu,combined,232,1,1,0.3,253.65,93.65,2.948,6.464,1.139,0.472,1.147
canny_hough,otsu,combined,233,1,1,0.3,253.65,93.65,2.86,6.389,1.138,0.425,1.131
canny_hough,otsu,combined,234,1,1,0.3,253.65,93.65,2.916,6.42,1.183,0.43,1.14
canny_hough,otsu,combined,235,1,1,0.45,250.58,90.58,3.13,6.653,1.139,0.422,1.205
canny_hough,otsu,combined,236,1,1,0.45,250.58,90.58,3.109,6.57,1.141,0.421,1.145
canny_hough,otsu,combined,237,1,1,0.45,253.08,93.08,3.058,6.509,1.181,0.433,1.045
canny_hough,otsu,combined,238,1,1,0.3,253.96,93.96,2.837,6.371,1.131,0.427,1.235
canny_hough,otsu,combined,239,1,1,0.45,249.64,89.64,3.107,6.544,1.134,0.424,1.066
canny_hough,otsu,combined,240,1,1,0.45,253.08,93.08,3.091,6.599,1.185,0.43,1.148
canny_hough,otsu,combined,241,1,1,0.45,252.34,92.34,3.01,6.462,1.133,0.425,1.141
canny_hough,otsu,combined,242,1,1,0.45,252.34,92.34,3.073,6.614,1.143,0.428,1.15
canny_hough,otsu,combined,243,1,1,0.45,252.34,92.34,3.077,6.525,1.126,0.479,1.089
canny_hough,otsu,combined,244,1,1,0.45,253.18,93.18,3.01,6.464,1.145,0.424,1.136
canny_hough,otsu,combined,245,1,1,0.45,253.18,93.18,3.102,6.621,1.193,0.427,1.147
canny_hough,otsu,combined,246,1,1,0.3,253.65,93.65,3.086,6.721,1.14,0.524,1.14
canny_hough,otsu,combined,247,1,1,0.3,253.65,93.65,2.896,6.351,1.128,0.425,1.101
canny_hough,otsu,combined,248,1,1,0.3,253.65,93.65,2.926,6.337,1.18,0.43,1.034
canny_hough,otsu,combined,249,1,1,0.3,253.65,93.65,2.935,6.448,1.136,0.425,1.2
canny_hough,otsu,combined,250,1,1,0.45,254.46,94.46,3.037,6.431,1.123,0.427,1.084
canny_hough,otsu,combined,251,1,1,0.45,254.46,94.46,3.047,6.566,1.192,0.428,1.148
canny_hough,otsu,combined,252,1,1,0.3,253.65,93.65,2.864,6.406,1.127,0.427,1.239
canny_hough,otsu,combined,253,1,1,0.45,249.14,89.14,3.047,6.491,1.141,0.423,1.069
canny_hough,otsu,combined,254,1,1,0.45,249.14,89.14,3.053,6.581,1.135,0.433,1.165
canny_hough,otsu,combined,255,1,1,0.45,253.3,93.3,3.003,6.441,1.137,0.423,1.121
canny_hough,otsu,combined,256,1,1,0.45,253.22,93.22,3.056,6.587,1.202,0.422,1.152
canny_hough,otsu,combined,257,1,1,0.45,253.22,93.22,3.079,6.522,1.128,0.471,1.054
canny_hough,otsu,combined,258,1,1,0.45,254.03,94.03,3.052,6.481,1.14,0.426,1.031
canny_hough,otsu,combined,259,1,1,0.45,253.92,93.92,3.068,6.528,1.195,0.424,1.097
canny_hough,otsu,combined,260,1,1,0.45,253.92,93.92,3.096,6.603,1.128,0.422,1.217
canny_hough,otsu,combined,261,1,1,0.45,249.41,89.41,3.132,6.618,1.132,0.426,1.161
canny_hough,otsu,combined,262,1,1,0.3,255.97,95.97,2.938,6.442,1.178,0.432,1.148
canny_hough,otsu,combined,263,1,1,0.3,255.97,95.97,2.891,6.391,1.145,0.424,1.112
canny_hough,otsu,combined,264,1,1,0.3,253.48,93.48,2.993,6.452,1.138,0.424,1.144
canny_hough,otsu,combined,265,1,1,0.3,253.48,93.48,2.926,6.387,1.185,0.428,1.09
canny_hough,otsu,combined,266,1,1,0.3,253.48,93.48,2.867,6.497,1.141,0.429,1.313
canny_hough,otsu,combined,267,1,1,0.3,253.79,93.79,2.926,6.482,1.138,0.423,1.142
canny_hough,otsu,combined,268,1,1,0.45,254.4,94.4,3.064,6.499,1.136,0.474,1.072
canny_hough,otsu,combined,269,1,1,0.45,253.18,93.18,3.021,6.559,1.136,0.422,1.155
canny_hough,otsu,combined,270,1,1,0.45,253.18,93.18,3.102,6.541,1.203,0.43,1.06
canny_hough,otsu,combined,271,1,1,0.3,253.48,93.48,2.956,6.435,1.13,0.47,1.133
canny_hough,otsu,combined,272,1,1,0.3,253.48,93.48,2.922,6.383,1.139,0.425,1.145
canny_hough,otsu,combined,273,1,1,0.3,253.48,93.48,2.927,6.369,1.18,0.426,1.081
canny_hough,otsu,combined,274,1,1,0.45,254.87,94.87,3.059,6.514,1.149,0.427,1.135
canny_hough,otsu,combined,275,1,1,0.45,254.87,94.87,3.117,6.565,1.142,0.427,1.069
canny_hough,otsu,combined,276,1,1,0.3,253.96,93.96,2.971,6.473,1.182,0.43,1.15
canny_hough,otsu,combined,277,1,1,0.3,253.48,93.48,2.813,6.301,1.139,0.425,1.14
canny_hough,otsu,combined,278,1,1,0.3,253.48,93.48,2.887,6.407,1.203,0.428,1.141
canny_hough,otsu,combined,279,1,1,0.3,253.48,93.48,2.892,6.417,1.143,0.421,1.206
canny_hough,otsu,combined,280,1,1,0.3,253.79,93.79,3.047,6.584,1.139,0.426,1.219
canny_hough,otsu,combined,281,1,1,0.3,253.79,93.79,2.922,6.327,1.177,0.427,1.05
canny_hough,otsu,combined,282,1,1,0.3,253.48,93.48,2.876,6.322,1.141,0.421,1.132
canny_hough,otsu,combined,283,1,1,0.45,252.34,92.34,3.079,6.513,1.128,0.424,1.051
canny_hough,otsu,combined,284,1,1,0.45,252.34,92.34,3.089,6.529,1.145,0.428,1.074
canny_hough,otsu,combined,285,1,1,0.45,255.02,95.02,3.037,6.573,1.13,0.422,1.231
canny_hough,otsu,combined,286,1,1,0.3,254.1,94.1,2.875,6.268,1.126,0.426,1.034
canny_hough,otsu,combined,287,1,1,0.3,253.79,93.79,2.926,6.42,1.146,0.421,1.138
canny_hough,otsu,combined,288,1,1,0.3,253.79,93.79,2.933,6.403,1.128,0.421,1.162
canny_hough,otsu,combined,289,1,1,0.45,254.28,94.28,3.112,6.514,1.183,0.423,1.034
canny_hough,otsu,combined,290,1,1,0.45,254.28,94.28,3.151,6.701,1.131,0.422,1.247
canny_hough,otsu,combined,291,1,1,0.45,252.87,92.87,3.084,6.469,1.139,0.422,1.056
canny_hough,otsu,combined,292,1,1,0.15,258.0,98.0,2.793,6.212,1.181,0.427,1.06
canny_hough,otsu,combined,293,1,1,0.45,252.95,92.95,3.037,6.588,1.141,0.431,1.217
canny_hough,otsu,combined,294,1,1,0.45,252.95,92.95,3.094,6.647,1.152,0.425,1.147
canny_hough,otsu,combined,295,1,1,0.45,253.72,93.72,3.119,6.524,1.143,0.476,1.031
canny_hough,otsu,combined,296,1,1,0.45,253.72,93.72,3.039,6.569,1.127,0.424,1.227
canny_hough,otsu,combined,297,1,1,0.3,253.65,93.65,2.919,6.396,1.131,0.424,1.065
canny_hough,otsu,combined,298,1,1,0.45,253.22,93.22,3.071,6.5,1.139,0.472,1.055
canny_hough,otsu,combined,299,1,1,0.45,253.38,93.38,3.021,6.55,1.14,0.423,1.155
canny_hough,otsu,combined,300,1,1,0.45,254.66,94.66,3.115,6.538,1.181,0.428,1.06
canny_hough,otsu,combined,301,1,1,0.45,254.1,94.1,3.06,6.487,1.137,0.425,1.114
canny_hough,otsu,combined,302,1,1,0.45,254.1,94.1,3.313,6.69,1.145,0.424,1.045
canny_hough,otsu,combined,303,1,1,0.45,254.68,94.68,3.11,7.138,1.603,0.484,1.137
canny_hough,otsu,combined,304,1,1,0.45,253.82,93.82,3.264,6.785,1.15,0.504,1.089
canny_hough,otsu,combined,305,1,1,0.45,253.82,93.82,3.118,6.653,1.144,0.429,1.18
canny_hough,otsu,combined,306,1,1,0.45,249.47,89.47,3.126,6.738,1.145,0.436,1.187
canny_hough,otsu,combined,307,1,1,0.45,254.46,94.46,3.216,6.78,1.212,0.443,1.097
canny_hough,otsu,combined,308,1,1,0.45,254.46,94.46,3.207,6.823,1.132,0.433,1.275
canny_hough,otsu,combined,309,1,1,0.3,256.01,96.01,2.999,6.483,1.151,0.43,1.116
canny_hough,otsu,combined,310,1,1,0.45,249.71,89.71,3.1,6.611,1.209,0.44,1.089
canny_hough,otsu,combined,311,1,1,0.45,249.71,89.71,3.118,6.772,1.155,0.432,1.29
canny_hough,otsu,combined,312,1,1,0.45,249.61,89.61,3.2,6.704,1.148,0.433,1.142
canny_hough,otsu,combined,313,1,1,0.45,253.3,93.3,3.166,6.719,1.208,0.44,1.115
canny_hough,otsu,combined,314,1,1,0.45,253.3,93.3,3.187,6.7,1.146,0.494,1.098
canny_hough,otsu,combined,315,1,1,0.3,253.94,93.94,2.942,6.577,1.147,0.439,1.262
canny_hough,otsu,combined,316,1,1,0.45,253.49,93.49,3.153,6.761,1.212,0.433,1.183
canny_hough,otsu,combined,317,1,1,0.45,253.49,93.49,3.135,6.769,1.143,0.493,1.181
canny_hough,otsu,combined,318,1,1,0.45,253.4,93.4,3.085,6.665,1.16,0.434,1.221
canny_hough,otsu,combined,319,1,1,0.3,253.48,93.48,3.022,6.753,1.165,0.436,1.282
canny_hough,otsu,combined,320,1,1,0.3,256.64,96.64,2.982,6.599,1.209,0.439,1.19
canny_hough,otsu,combined,321,1,1,0.3,256.64,96.64,2.916,6.596,1.149,0.434,1.325
canny_hough,otsu,combined,322,1,1,0.45,253.41,93.41,3.183,6.681,1.148,0.43,1.08
canny_hough,otsu,combined,323,1,1,0.45,253.41,93.41,3.161,6.681,1.209,0.44,1.077
canny_hough,otsu,combined,324,1,1,0.45,249.61,89.61,3.208,6.949,1.156,0.439,1.337
canny_hough,otsu,combined,325,1,1,0.3,253.79,93.79,2.922,6.331,1.145,0.425,1.079
canny_hough,otsu,combined,326,1,1,0.45,255.28,95.28,3.087,6.554,1.19,0.433,1.085
canny_hough,otsu,combined,327,1,1,0.15,258.0,98.0,2.718,6.379,1.148,0.424,1.306
canny_hough,otsu,combined,328,1,1,0.45,253.41,93.41,3.197,6.631,1.148,0.421,1.035
canny_hough,otsu,combined,329,1,1,0.45,253.19,93.19,3.115,6.644,1.184,0.433,1.15
canny_hough,otsu,combined,330,1,1,0.3,253.96,93.96,2.867,6.287,1.141,0.424,1.106
canny_hough,otsu,combined,331,1,1,0.45,253.3,93.3,3.053,6.506,1.138,0.422,1.072
canny_hough,otsu,combined,332,1,1,0.45,253.89,93.89,3.128,6.559,1.133,0.472,1.074
canny_hough,otsu,combined,333,1,1,0.45,253.89,93.89,3.021,6.631,1.132,0.424,1.291
canny_hough,otsu,combined,334,1,1,0.45,252.33,92.33,3.112,6.646,1.205,0.431,1.143
canny_hough,otsu,combined,335,1,1,0.3,253.83,93.83,2.932,6.39,1.145,0.473,1.096
canny_hough,otsu,combined,336,1,1,0.3,253.83,93.83,2.938,6.321,1.138,0.422,1.073
canny_hough,otsu,combined,337,1,1,0.3,255.91,95.91,2.908,6.426,1.175,0.428,1.132
canny_hough,otsu,combined,338,1,1,0.3,255.91,95.91,2.849,6.403,1.131,0.427,1.256
canny_hough,otsu,combined,339,1,1,0.15,258.0,98.0,2.809,6.312,1.141,0.424,1.127
canny_hough,otsu,combined,340,1,1,0.45,253.0,93.0,3.053,6.477,1.138,0.473,1.059
canny_hough,otsu,combined,341,1,1,0.45,253.0,93.0,2.97,6.432,1.137,0.426,1.08
canny_hough,otsu,combined,342,1,1,0.3,253.48,93.48,2.919,6.311,1.177,0.427,1.033
canny_hough,otsu,combined,343,1,1,0.45,253.72,93.72,3.112,6.506,1.129,0.425,1.095
canny_hough,otsu,combined,344,1,1,0.45,253.72,93.72,3.101,6.454,1.126,0.427,1.045
canny_hough,otsu,combined,345,1,1,0.45,254.4,94.4,3.062,6.455,1.172,0.43,1.04
canny_hough,otsu,combined,346,1,1,0.45,252.29,92.29,3.048,6.612,1.142,0.425,1.241
canny_hough,otsu,combined,347,1,1,0.3,253.65,93.65,2.897,6.527,1.131,0.423,1.229
canny_hough,otsu,combined,348,1,1,0.3,253.65,93.65,2.901,6.36,1.213,0.431,1.06
canny_hough,otsu,combined,349,1,1,0.3,254.79,94.79,2.803,6.371,1.134,0.423,1.249
canny_hough,otsu,combined,350,1,1,0.3,254.79,94.79,2.88,6.435,1.208,0.429,1.164
canny_hough,otsu,combined,351,1,1,0.15,258.0,98.0,2.697,6.102,1.133,0.424,1.102
canny_hough,otsu,combined,352,1,1,0.3,253.96,93.96,2.927,6.392,1.132,0.425,1.148
canny_hough,otsu,combined,353,1,1,0.3,253.96,93.96,2.932,6.549,1.183,0.431,1.244
canny_hough,otsu,combined,354,1,1,0.3,253.8,93.8,2.857,6.401,1.142,0.428,1.225
canny_hough,otsu,combined,355,1,1,0.45,253.1,93.1,3.074,6.504,1.126,0.424,1.063
canny_hough,otsu,combined,356,1,1,0.45,253.1,93.1,3.081,6.66,1.133,0.473,1.224
canny_hough,otsu,combined,357,1,1,0.45,253.41,93.41,3.034,6.619,1.147,0.424,1.223
canny_hough,otsu,combined,358,1,1,0.3,253.48,93.48,2.946,6.482,1.138,0.425,1.153
canny_hough,otsu,combined,359,1,1,0.3,253.79,93.79,2.904,6.321,1.136,0.473,1.054
canny_hough,otsu,combined,360,1,1,0.3,253.79,93.79,2.903,6.256,1.131,0.426,1.047
canny_hough,otsu,combined,361,1,1,0.45,253.6,93.6,3.088,6.498,1.19,0.427,1.038
canny_hough,otsu,combined,362,1,1,0.3,253.65,93.65,2.838,6.4,1.147,0.427,1.238
canny_hough,otsu,combined,363,1,1,0.3,253.65,93.65,2.907,6.425,1.128,0.423,1.136
canny_hough,adaptive,combined,0,1,1,0.3,253.8,93.8,3.967,16.74,1.223,8.98,1.734
canny_hough,adaptive,combined,1,1,1,0.45,253.87,93.87,7.998,25.771,1.284,11.428,3.743
canny_hough,adaptive,combined,2,1,1,0.45,253.87,93.87,4.009,17.765,1.874,9.077,1.567
canny_hough,adaptive,combined,3,1,1,0.45,253.89,93.89,3.21,15.339,1.234,8.602,1.391
canny_hough,adaptive,combined,4,1,1,0.3,254.1,94.1,2.987,14.804,1.193,8.484,1.37
canny_hough,adaptive,combined,5,1,1,0.3,254.1,94.1,2.981,14.751,1.154,8.465,1.377
canny_hough,adaptive,combined,6,1,1,0.3,253.48,93.48,2.929,14.804,1.157,8.45,1.492
canny_hough,adaptive,combined,7,1,1,0.3,253.65,93.65,3.013,14.683,1.218,8.439,1.238
canny_hough,adaptive,combined,8,1,1,0.3,253.65,93.65,3.094,14.924,1.143,8.523,1.387
canny_hough,adaptive,combined,9,1,1,0.45,254.27,94.27,3.115,14.923,1.152,8.42,1.439
canny_hough,adaptive,combined,10,1,1,0.3,254.1,94.1,2.991,14.734,1.139,8.447,1.376
canny_hough,adaptive,combined,11,1,1,0.45,254.46,94.46,3.231,14.934,1.222,8.426,1.271
canny_hough,adaptive,combined,12,1,1,0.45,254.46,94.46,3.249,15.086,1.158,8.607,1.228
canny_hough,adaptive,combined,13,1,1,0.3,256.13,96.13,2.893,14.59,1.204,8.319,1.417
canny_hough,adaptive,combined,14,1,1,0.3,253.65,93.65,2.931,14.416,1.132,8.324,1.221
canny_hough,adaptive,combined,15,1,1,0.3,253.65,93.65,3.044,14.953,1.209,8.534,1.313
canny_hough,adaptive,combined,16,1,1,0.45,254.39,94.39,3.347,15.164,1.15,8.353,1.534
canny_hough,adaptive,combined,17,1,1,0.45,254.39,94.39,3.188,15.282,1.261,8.514,1.521
canny_hough,adaptive,combined,18,1,1,0.45,251.2,91.2,3.273,15.313,1.202,8.491,1.447
canny_hough,adaptive,combined,19,1,1,0.3,253.79,93.79,3.148,15.117,1.236,8.521,1.409
canny_hough,adaptive,combined,20,1,1,0.3,253.79,93.79,3.148,15.24,1.267,8.541,1.42
canny_hough,adaptive,combined,21,1,1,0.3,253.79,93.79,3.084,15.169,1.159,8.586,1.395
canny_hough,adaptive,combined,22,1,1,0.3,253.48,93.48,2.856,14.752,1.13,8.579,1.406
canny_hough,adaptive,combined,23,1,1,0.3,253.48,93.48,2.904,14.555,1.158,8.291,1.322
canny_hough,adaptive,combined,24,1,1,0.45,252.69,92.69,3.128,14.725,1.126,8.407,1.26
canny_hough,adaptive,combined,25,1,1,0.3,253.48,93.48,2.849,14.333,1.133,8.287,1.305
canny_hough,adaptive,combined,26,1,1,0.45,254.03,94.03,3.13,14.602,1.128,8.299,1.224
canny_hough,adaptive,combined,27,1,1,0.3,253.65,93.65,2.952,14.511,1.134,8.358,1.313
canny_hough,adaptive,combined,28,1,1,0.45,253.4,93.4,3.042,14.521,1.138,8.312,1.221
canny_hough,adaptive,combined,29,1,1,0.45,253.84,93.84,3.059,14.652,1.187,8.336,1.324
canny_hough,adaptive,combined,30,1,1,0.3,253.48,93.48,2.573,12.998,1.079,7.364,1.237
canny_hough,adaptive,combined,31,1,1,0.3,254.15,94.15,2.588,12.634,1.031,7.16,1.172
canny_hough,adaptive,combined,32,1,1,0.3,254.15,94.15,2.655,12.731,0.99,7.226,1.094
canny_hough,adaptive,combined,33,1,1,0.45,249.69,89.69,2.772,12.716,0.993,7.189,1.071
canny_hough,adaptive,combined,34,1,1,0.45,253.89,93.89,2.799,12.886,0.993,7.224,1.191
canny_hough,adaptive,combined,35,1,1,0.45,253.89,93.89,2.735,12.875,1.013,7.197,1.236
canny_hough,adaptive,combined,36,1,1,0.45,253.3,93.3,2.783,12.939,1.045,7.189,1.241
canny_hough,adaptive,combined,37,1,1,0.3,253.65,93.65,2.664,12.648,0.992,7.221,1.086
canny_hough,adaptive,combined,38,1,1,0.3,253.65,93.65,2.852,14.45,1.143,8.307,1.399
canny_hough,adaptive,combined,39,1,1,0.3,251.12,91.12,3.196,15.004,1.214,8.316,1.477
canny_hough,adaptive,combined,40,1,1,0.45,253.42,93.42,3.127,15.048,1.217,8.541,1.379
canny_hough,adaptive,combined,41,1,1,0.3,253.79,93.79,3.002,14.782,1.145,8.438,1.421
canny_hough,adaptive,combined,42,1,1,0.3,253.79,93.79,2.923,14.717,1.148,8.463,1.307
canny_hough,adaptive,combined,43,1,1,0.45,247.89,87.89,3.145,14.945,1.208,8.444,1.356
canny_hough,adaptive,combined,44,1,1,0.45,247.89,87.89,3.094,14.928,1.143,8.537,1.378
canny_hough,adaptive,combined,45,1,1,0.45,247.89,87.89,3.1,14.884,1.164,8.41,1.429
canny_hough,adaptive,combined,46,1,1,0.3,253.96,93.96,3.001,14.716,1.148,8.43,1.361
canny_hough,adaptive,combined,47,1,1,0.3,253.96,93.96,2.991,14.692,1.205,8.452,1.261
canny_hough,adaptive,combined,48,1,1,0.3,253.79,93.79,3.019,14.75,1.151,8.441,1.356
canny_hough,adaptive,combined,49,1,1,0.3,253.79,93.79,2.906,14.422,1.177,8.306,1.229
canny_hough,adaptive,combined,50,1,1,0.3,256.2,96.2,2.876,14.399,1.19,8.346,1.234
canny_hough,adaptive,combined,51,1,1,0.3,256.2,96.2,2.832,14.447,1.155,8.293,1.405
canny_hough,adaptive,combined,52,1,1,0.45,253.3,93.3,3.092,14.716,1.13,8.328,1.322
canny_hough,adaptive,combined,53,1,1,0.45,252.75,92.75,3.034,14.513,1.185,8.33,1.205
canny_hough,adaptive,combined,54,1,1,0.45,252.75,92.75,2.982,14.483,1.14,8.304,1.31
canny_hough,adaptive,combined,55,1,1,0.45,254.04,94.04,3.061,14.545,1.148,8.273,1.238
canny_hough,adaptive,combined,56,1,1,0.45,254.04,94.04,3.043,14.589,1.182,8.309,1.299
canny_hough,adaptive,combined,57,1,1,0.45,253.6,93.6,2.963,14.477,1.145,8.295,1.313
canny_hough,adaptive,combined,58,1,1,0.3,253.79,93.79,2.921,14.453,1.13,8.284,1.295
canny_hough,adaptive,combined,59,1,1,0.3,253.65,93.65,2.911,14.405,1.145,8.339,1.243
canny_hough,adaptive,combined,60,1,1,0.3,253.65,93.65,2.893,14.462,1.132,8.302,1.32
canny_hough,adaptive,combined,61,1,1,0.45,252.53,92.53,3.043,14.622,1.186,8.309,1.329
canny_hough,adaptive,combined,62,1,1,0.45,252.53,92.53,3.035,14.567,1.133,8.318,1.295
canny_hough,adaptive,combined,63,1,1,0.45,252.53,92.53,3.031,14.515,1.135,8.272,1.33
canny_hough,adaptive,combined,64,1,1,0.3,253.65,93.65,2.896,14.412,1.185,8.35,1.228
canny_hough,adaptive,combined,65,1,1,0.45,254.46,94.46,3.04,14.548,1.136,8.293,1.324
canny_hough,adaptive,combined,66,1,1,0.45,249.61,89.61,3.093,14.531,1.141,8.294,1.25
canny_hough,adaptive,combined,67,1,1,0.45,253.83,93.83,3.006,14.473,1.183,8.318,1.201
canny_hough,adaptive,combined,68,1,1,0.3,253.65,93.65,2.862,14.433,1.124,8.299,1.395
canny_hough,adaptive,combined,69,1,1,0.3,253.65,93.65,2.91,14.403,1.13,8.29,1.248
canny_hough,adaptive,combined,70,1,1,0.45,253.11,93.11,3.07,14.638,1.133,8.379,1.296
canny_hough,adaptive,combined,71,1,1,0.45,253.11,93.11,3.017,14.616,1.146,8.308,1.387
canny_hough,adaptive,combined,72,1,1,0.3,253.79,93.79,2.918,14.523,1.147,8.312,1.295
canny_hough,adaptive,combined,73,1,1,0.3,254.1,94.1,2.902,14.364,1.146,8.338,1.229
canny_hough,adaptive,combined,74,1,1,0.45,252.9,92.9,3.069,14.516,1.149,8.314,1.229
canny_hough,adaptive,combined,75,1,1,0.45,252.9,92.9,3.105,14.566,1.192,8.286,1.23
canny_hough,adaptive,combined,76,1,1,0.45,254.3,94.3,3.075,14.559,1.14,8.32,1.28
canny_hough,adaptive,combined,77,1,1,0.45,254.3,94.3,3.067,14.461,1.128,8.294,1.21
canny_hough,adaptive,combined,78,1,1,0.3,253.96,93.96,2.933,14.5,1.172,8.337,1.304
canny_hough,adaptive,combined,79,1,1,0.3,251.29,91.29,2.866,14.452,1.134,8.298,1.399
canny_hough,adaptive,combined,80,1,1,0.3,251.29,91.29,2.908,14.494,1.132,8.301,1.322
canny_hough,adaptive,combined,81,1,1,0.3,251.29,91.29,2.902,14.419,1.176,8.334,1.256
canny_hough,adaptive,combined,82,1,1,0.3,253.96,93.96,2.823,14.391,1.129,8.309,1.345
canny_hough,adaptive,combined,83,1,1,0.3,255.76,95.76,2.911,14.475,1.204,8.287,1.319
canny_hough,adaptive,combined,84,1,1,0.3,255.76,95.76,2.927,14.534,1.157,8.316,1.382
canny_hough,adaptive,combined,85,1,1,0.45,253.06,93.06,3.005,14.488,1.143,8.28,1.245
canny_hough,adaptive,combined,86,1,1,0.45,253.06,93.06,2.758,13.971,1.274,8.083,1.114
canny_hough,adaptive,combined,87,1,1,0.15,258.0,98.0,2.493,12.552,0.996,7.198,1.184
canny_hough,adaptive,combined,88,1,1,0.3,253.79,93.79,2.644,12.732,0.999,7.221,1.189
canny_hough,adaptive,combined,89,1,1,0.45,247.48,87.48,2.696,12.759,0.997,7.204,1.19
canny_hough,adaptive,combined,90,1,1,0.45,255.02,95.02,2.797,12.85,1.043,7.234,1.092
canny_hough,adaptive,combined,91,1,1,0.3,253.65,93.65,2.685,12.674,0.996,7.227,1.088
canny_hough,adaptive,combined,92,1,1,0.45,253.53,93.53,2.787,12.799,0.978,7.208,1.125
canny_hough,adaptive,combined,93,1,1,0.45,253.53,93.53,2.745,12.799,0.991,7.192,1.177
canny_hough,adaptive,combined,94,1,1,0.45,253.41,93.41,3.103,13.885,1.028,7.758,1.308
canny_hough,adaptive,combined,95,1,1,0.45,253.83,93.83,3.011,14.534,1.136,8.264,1.305
canny_hough,adaptive,combined,96,1,1,0.45,253.83,93.83,3.07,14.643,1.187,8.323,1.316
canny_hough,adaptive,combined,97,1,1,0.3,253.79,93.79,2.945,14.411,1.141,8.282,1.283
canny_hough,adaptive,combined,98,1,1,0.3,253.79,93.79,2.917,14.425,1.142,8.278,1.341
canny_hough,adaptive,combined,99,1,1,0.3,253.65,93.65,2.894,14.464,1.182,8.318,1.317
canny_hough,adaptive,combined,100,1,1,0.3,253.8,93.8,2.841,14.445,1.137,8.307,1.41
canny_hough,adaptive,combined,101,1,1,0.3,253.8,93.8,2.897,14.479,1.14,8.293,1.32
canny_hough,adaptive,combined,102,1,1,0.45,253.3,93.3,3.083,14.781,1.192,8.489,1.233
canny_hough,adaptive,combined,103,1,1,0.3,253.96,93.96,2.868,14.385,1.147,8.29,1.328
canny_hough,adaptive,combined,104,1,1,0.3,253.96,93.96,2.935,14.502,1.135,8.312,1.31
canny_hough,adaptive,combined,105,1,1,0.45,253.53,93.53,3.023,14.579,1.143,8.355,1.307
canny_hough,adaptive,combined,106,1,1,0.45,252.53,92.53,3.074,14.571,1.149,8.295,1.296
canny_hough,adaptive,combined,107,1,1,0.45,252.4,92.4,3.086,14.665,1.126,8.311,1.317
canny_hough,adaptive,combined,108,1,1,0.45,252.4,92.4,3.081,14.666,1.143,8.383,1.313
canny_hough,adaptive,combined,109,1,1,0.3,253.79,93.79,2.989,15.103,1.294,8.579,1.454
canny_hough,adaptive,combined,110,1,1,0.3,253.79,93.79,3.009,14.665,1.146,8.464,1.253
canny_hough,adaptive,combined,111,1,1,0.3,253.79,93.79,2.969,14.77,1.2,8.454,1.351
canny_hough,adaptive,combined,112,1,1,0.45,252.47,92.47,3.108,14.838,1.146,8.455,1.325
canny_hough,adaptive,combined,113,1,1,0.45,249.84,89.84,3.066,14.783,1.144,8.445,1.363
canny_hough,adaptive,combined,114,1,1,0.45,249.84,89.84,3.148,14.923,1.152,8.445,1.335
canny_hough,adaptive,combined,115,1,1,0.3,254.94,94.94,2.914,14.686,1.217,8.477,1.299
canny_hough,adaptive,combined,116,1,1,0.3,254.94,94.94,2.839,14.62,1.16,8.473,1.372
canny_hough,adaptive,combined,117,1,1,0.45,253.32,93.32,3.15,14.834,1.148,8.446,1.249
canny_hough,adaptive,combined,118,1,1,0.45,256.04,96.04,3.108,14.716,1.207,8.433,1.203
canny_hough,adaptive,combined,119,1,1,0.45,256.04,96.04,3.124,14.631,1.142,8.315,1.287
canny_hough,adaptive,combined,120,1,1,0.45,254.47,94.47,3.121,14.626,1.136,8.306,1.316
canny_hough,adaptive,combined,121,1,1,0.3,253.96,93.96,2.902,14.364,1.179,8.308,1.212
canny_hough,adaptive,combined,122,1,1,0.3,253.96,93.96,2.841,14.378,1.139,8.305,1.315
canny_hough,adaptive,combined,123,1,1,0.45,252.68,92.68,3.05,14.635,1.136,8.302,1.319
canny_hough,adaptive,combined,124,1,1,0.3,253.48,93.48,2.937,14.542,1.191,8.374,1.288
canny_hough,adaptive,combined,125,1,1,0.3,253.48,93.48,2.862,14.341,1.14,8.285,1.299
canny_hough,adaptive,combined,126,1,1,0.45,254.91,94.91,3.108,14.563,1.13,8.306,1.21
canny_hough,adaptive,combined,127,1,1,0.45,249.61,89.61,3.081,14.632,1.126,8.359,1.309
canny_hough,adaptive,combined,128,1,1,0.45,249.61,89.61,3.017,14.588,1.141,8.331,1.355
canny_hough,adaptive,combined,129,1,1,0.3,253.65,93.65,2.895,14.445,1.196,8.304,1.302
canny_hough,adaptive,combined,130,1,1,0.3,253.65,93.65,2.919,14.457,1.126,8.29,1.371
canny_hough,adaptive,combined,131,1,1,0.3,253.65,93.65,2.934,14.381,1.138,8.287,1.273
canny_hough,adaptive,combined,132,1,1,0.3,253.65,93.65,2.932,14.526,1.192,8.33,1.282
canny_hough,adaptive,combined,133,1,1,0.45,249.82,89.82,3.106,14.573,1.148,8.287,1.276
canny_hough,adaptive,combined,134,1,1,0.45,249.82,89.82,3.105,14.625,1.136,8.306,1.322
canny_hough,adaptive,combined,135,1,1,0.3,253.96,93.96,2.9,14.405,1.196,8.32,1.237
canny_hough,adaptive,combined,136,1,1,0.45,253.11,93.11,3.062,14.551,1.128,8.301,1.313
canny_hough,adaptive,combined,137,1,1,0.45,253.11,93.11,3.114,14.674,1.147,8.265,1.311
canny_hough,adaptive,combined,138,1,1,0.3,253.79,93.79,2.958,14.477,1.186,8.33,1.252
canny_hough,adaptive,combined,139,1,1,0.3,254.1,94.1,2.862,14.336,1.128,8.287,1.296
canny_hough,adaptive,combined,140,1,1,0.3,254.1,94.1,2.867,14.438,1.13,8.308,1.31
canny_hough,adaptive,combined,141,1,1,0.45,253.22,93.22,3.068,14.555,1.148,8.363,1.211
canny_hough,adaptive,combined,142,1,1,0.3,253.65,93.65,2.857,14.379,1.135,8.327,1.231
canny_hough,adaptive,combined,143,1,1,0.3,253.65,93.65,2.927,14.389,1.181,8.29,1.239
canny_hough,adaptive,combined,144,1,1,0.45,253.19,93.19,3.03,14.607,1.145,8.316,1.363
canny_hough,adaptive,combined,145,1,1,0.45,252.4,92.4,3.071,14.438,1.142,8.259,1.21
canny_hough,adaptive,combined,146,1,1,0.45,252.4,92.4,3.047,14.623,1.179,8.327,1.314
canny_hough,adaptive,combined,147,1,1,0.3,254.05,94.05,2.848,14.409,1.133,8.294,1.378
canny_hough,adaptive,combined,148,1,1,0.3,253.48,93.48,2.918,14.458,1.132,8.345,1.245
canny_hough,adaptive,combined,149,1,1,0.3,253.48,93.48,2.926,14.428,1.184,8.343,1.211
canny_hough,adaptive,combined,150,1,1,0.3,253.65,93.65,2.856,14.403,1.141,8.344,1.307
canny_hough,adaptive,combined,151,1,1,0.45,253.26,93.26,3.04,14.615,1.208,8.285,1.327
canny_hough,adaptive,combined,152,1,1,0.45,249.82,89.82,3.091,14.596,1.136,8.369,1.206
canny_hough,adaptive,combined,153,1,1,0.45,249.82,89.82,3.03,14.584,1.128,8.297,1.321
canny_hough,adaptive,combined,154,1,1,0.45,253.8,93.8,3.114,14.671,1.199,8.311,1.298
canny_hough,adaptive,combined,155,1,1,0.45,252.41,92.41,3.036,14.585,1.128,8.298,1.3
canny_hough,adaptive,combined,156,1,1,0.45,252.41,92.41,2.97,14.483,1.132,8.324,1.245
canny_hough,adaptive,combined,157,1,1,0.45,253.32,93.32,3.088,14.857,1.253,8.427,1.327
canny_hough,adaptive,combined,158,1,1,0.45,253.32,93.32,3.098,14.566,1.142,8.385,1.186
canny_hough,adaptive,combined,159,1,1,0.45,253.32,93.32,2.975,14.453,1.136,8.271,1.23
canny_hough,adaptive,combined,160,1,1,0.45,254.1,94.1,3.056,14.621,1.192,8.311,1.31
canny_hough,adaptive,combined,161,1,1,0.45,254.1,94.1,3.084,14.541,1.143,8.285,1.264
canny_hough,adaptive,combined,162,1,1,0.3,253.65,93.65,2.849,14.535,1.144,8.315,1.32
canny_hough,adaptive,combined,163,1,1,0.45,253.53,93.53,2.745,14.052,1.186,8.278,1.094
canny_hough,adaptive,combined,164,1,1,0.45,253.6,93.6,2.738,12.818,0.994,7.234,1.179
canny_hough,adaptive,combined,165,1,1,0.45,253.6,93.6,2.681,12.71,0.998,7.174,1.108
canny_hough,adaptive,combined,166,1,1,0.15,260.85,100.85,2.442,12.515,1.033,7.177,1.191
canny_hough,adaptive,combined,167,1,1,0.15,260.85,100.85,2.501,12.645,1.042,7.253,1.153
canny_hough,adaptive,combined,168,1,1,0.15,260.85,100.85,2.505,12.581,0.98,7.247,1.173
canny_hough,adaptive,combined,169,1,1,0.3,253.8,93.8,2.615,12.649,0.993,7.179,1.174
canny_hough,adaptive,combined,170,1,1,0.3,253.8,93.8,2.616,12.697,0.997,7.22,1.194
canny_hough,adaptive,combined,171,1,1,0.3,253.65,93.65,2.897,13.296,0.995,7.352,1.355
canny_hough,adaptive,combined,172,1,1,0.3,253.48,93.48,2.922,14.547,1.135,8.328,1.318
canny_hough,adaptive,combined,173,1,1,0.3,253.65,93.65,2.926,14.494,1.143,8.449,1.214
canny_hough,adaptive,combined,174,1,1,0.3,253.65,93.65,2.86,14.355,1.138,8.312,1.247
canny_hough,adaptive,combined,175,1,1,0.45,252.34,92.34,3.044,14.598,1.192,8.308,1.305
canny_hough,adaptive,combined,176,1,1,0.45,252.34,92.34,3.064,14.542,1.145,8.289,1.295
canny_hough,adaptive,combined,177,1,1,0.3,252.92,92.92,2.919,14.29,1.133,8.264,1.225
canny_hough,adaptive,combined,178,1,1,0.45,249.84,89.84,2.904,14.605,1.181,8.55,1.207
canny_hough,adaptive,combined,179,1,1,0.45,249.84,89.84,2.818,12.814,1.0,7.209,1.105
canny_hough,adaptive,combined,180,1,1,0.3,254.1,94.1,2.551,12.699,0.994,7.247,1.236
canny_hough,adaptive,combined,181,1,1,0.3,253.96,93.96,2.585,12.708,1.039,7.18,1.234
canny_hough,adaptive,combined,182,1,1,0.45,252.88,92.88,2.732,12.954,0.994,7.254,1.174
canny_hough,adaptive,combined,183,1,1,0.45,252.88,92.88,2.73,12.925,0.991,7.42,1.103
canny_hough,adaptive,combined,184,1,1,0.15,258.0,98.0,2.544,12.542,0.995,7.238,1.094
canny_hough,adaptive,combined,185,1,1,0.15,258.0,98.0,2.45,12.598,0.989,7.211,1.266
canny_hough,adaptive,combined,186,1,1,0.45,253.44,93.44,3.067,13.512,1.05,7.417,1.292
canny_hough,adaptive,combined,187,1,1,0.3,253.48,93.48,2.889,14.48,1.141,8.314,1.324
canny_hough,adaptive,combined,188,1,1,0.3,253.79,93.79,2.897,14.469,1.187,8.317,1.323
canny_hough,adaptive,combined,189,1,1,0.3,253.79,93.79,2.907,14.443,1.138,8.269,1.378
canny_hough,adaptive,combined,190,1,1,0.3,253.65,93.65,2.912,14.296,1.129,8.311,1.195
canny_hough,adaptive,combined,191,1,1,0.3,253.65,93.65,2.895,14.348,1.184,8.304,1.207
canny_hough,adaptive,combined,192,1,1,0.45,254.1,94.1,2.988,14.588,1.144,8.302,1.375
canny_hough,adaptive,combined,193,1,1,0.3,253.65,93.65,2.877,14.354,1.136,8.301,1.225
canny_hough,adaptive,combined,194,1,1,0.3,254.1,94.1,2.915,14.478,1.131,8.313,1.379
canny_hough,adaptive,combined,195,1,1,0.3,254.1,94.1,2.92,14.296,1.134,8.272,1.209
canny_hough,adaptive,combined,196,1,1,0.45,253.41,93.41,3.093,14.663,1.171,8.339,1.308
canny_hough,adaptive,combined,197,1,1,0.45,253.41,93.41,3.11,14.574,1.13,8.272,1.313
canny_hough,adaptive,combined,198,1,1,0.45,253.3,93.3,3.082,14.455,1.129,8.291,1.205
canny_hough,adaptive,combined,199,1,1,0.45,253.84,93.84,3.064,14.632,1.187,8.313,1.305
canny_hough,adaptive,combined,200,1,1,0.45,253.84,93.84,2.718,13.967,1.138,8.156,1.222
canny_hough,adaptive,combined,201,1,1,0.45,253.84,93.84,2.782,12.856,1.041,7.203,1.155
canny_hough,adaptive,combined,202,1,1,0.45,254.03,94.03,2.811,12.806,0.994,7.221,1.07
canny_hough,adaptive,combined,203,1,1,0.3,253.96,93.96,2.646,12.687,0.984,7.195,1.18
canny_hough,adaptive,combined,204,1,1,0.3,253.96,93.96,2.581,12.701,0.991,7.212,1.182
canny_hough,adaptive,combined,205,1,1,0.45,250.51,90.51,2.733,12.884,1.039,7.164,1.267
canny_hough,adaptive,combined,206,1,1,0.45,250.51,90.51,2.79,12.919,0.996,7.215,1.182
canny_hough,adaptive,combined,207,1,1,0.45,253.33,93.33,2.744,12.804,0.992,7.198,1.187
canny_hough,adaptive,combined,208,1,1,0.3,253.48,93.48,2.866,13.596,0.988,7.664,1.333
canny_hough,adaptive,combined,209,1,1,0.45,249.45,89.45,3.01,14.55,1.173,8.291,1.328
canny_hough,adaptive,combined,210,1,1,0.45,251.11,91.11,3.045,14.578,1.141,8.303,1.345
canny_hough,adaptive,combined,211,1,1,0.3,253.96,93.96,2.92,14.32,1.129,8.26,1.249
canny_hough,adaptive,combined,212,1,1,0.45,253.32,93.32,3.042,14.677,1.19,8.35,1.312
canny_hough,adaptive,combined,213,1,1,0.45,253.32,93.32,3.059,14.632,1.138,8.291,1.39
canny_hough,adaptive,combined,214,1,1,0.45,253.4,93.4,3.127,14.549,1.126,8.299,1.238
canny_hough,adaptive,combined,215,1,1,0.45,253.4,93.4,3.062,14.589,1.186,8.351,1.239
canny_hough,adaptive,combined,216,1,1,0.3,254.1,94.1,2.863,14.362,1.145,8.322,1.281
canny_hough,adaptive,combined,217,1,1,0.3,253.48,93.48,2.927,14.485,1.139,8.291,1.312
canny_hough,adaptive,combined,218,1,1,0.45,253.23,93.23,3.132,14.607,1.171,8.338,1.212
canny_hough,adaptive,combined,219,1,1,0.45,253.49,93.49,2.997,14.448,1.144,8.26,1.298
canny_hough,adaptive,combined,220,1,1,0.45,253.9,93.9,3.088,14.644,1.133,8.301,1.296
canny_hough,adaptive,combined,221,1,1,0.45,251.02,91.02,3.062,14.529,1.147,8.379,1.183
canny_hough,adaptive,combined,222,1,1,0.45,251.02,91.02,2.988,14.547,1.138,8.324,1.315
canny_hough,adaptive,combined,223,1,1,0.45,253.3,93.3,3.045,14.604,1.145,8.292,1.296
canny_hough,adaptive,combined,224,1,1,0.45,253.78,93.78,3.004,14.608,1.159,8.375,1.305
canny_hough,adaptive,combined,225,1,1,0.45,253.78,93.78,2.939,14.426,1.139,8.289,1.302
canny_hough,adaptive,combined,226,1,1,0.45,253.49,93.49,3.049,14.634,1.198,8.32,1.317
canny_hough,adaptive,combined,227,1,1,0.45,253.49,93.49,3.053,14.553,1.151,8.278,1.313
canny_hough,adaptive,combined,228,1,1,0.45,252.17,92.17,3.001,14.562,1.135,8.294,1.322
canny_hough,adaptive,combined,229,1,1,0.45,249.86,89.86,2.756,13.463,1.19,7.673,1.104
canny_hough,adaptive,combined,230,1,1,0.45,249.86,89.86,2.74,12.875,0.988,7.386,1.081
canny_hough,adaptive,combined,231,1,1,0.3,254.1,94.1,2.587,12.533,0.982,7.197,1.075
canny_hough,adaptive,combined,232,1,1,0.3,253.65,93.65,2.575,12.753,0.99,7.225,1.25
canny_hough,adaptive,combined,233,1,1,0.3,253.65,93.65,2.569,12.712,1.028,7.202,1.237
canny_hough,adaptive,combined,234,1,1,0.3,253.65,93.65,2.634,12.781,0.992,7.247,1.174
canny_hough,adaptive,combined,235,1,1,0.45,250.58,90.58,2.818,12.862,0.986,7.202,1.18
canny_hough,adaptive,combined,236,1,1,0.45,250.58,90.58,2.804,12.873,0.996,7.207,1.197
canny_hough,adaptive,combined,237,1,1,0.45,253.08,93.08,3.058,14.133,0.992,8.12,1.227
canny_hough,adaptive,combined,238,1,1,0.3,253.96,93.96,2.817,14.379,1.128,8.323,1.355
canny_hough,adaptive,combined,239,1,1,0.45,249.64,89.64,3.086,14.561,1.199,8.314,1.216
canny_hough,adaptive,combined,240,1,1,0.45,253.08,93.08,3.092,14.696,1.138,8.315,1.392
canny_hough,adaptive,combined,241,1,1,0.45,252.34,92.34,3.013,14.571,1.14,8.286,1.313
canny_hough,adaptive,combined,242,1,1,0.45,252.34,92.34,3.051,14.728,1.249,8.334,1.318
canny_hough,adaptive,combined,243,1,1,0.45,252.34,92.34,3.071,14.55,1.133,8.291,1.296
canny_hough,adaptive,combined,244,1,1,0.45,253.18,93.18,2.758,13.188,1.132,7.456,1.115
canny_hough,adaptive,combined,245,1,1,0.45,253.18,93.18,2.786,12.77,0.998,7.197,1.101
canny_hough,adaptive,combined,246,1,1,0.3,253.65,93.65,2.579,12.735,1.034,7.175,1.267
canny_hough,adaptive,combined,247,1,1,0.3,253.65,93.65,2.65,12.692,1.05,7.229,1.082
canny_hough,adaptive,combined,248,1,1,0.3,253.65,93.65,2.619,12.641,0.979,7.253,1.119
canny_hough,adaptive,combined,249,1,1,0.3,253.65,93.65,2.624,12.652,0.983,7.191,1.176
canny_hough,adaptive,combined,250,1,1,0.45,254.46,94.46,3.078,13.485,0.984,7.33,1.32
canny_hough,adaptive,combined,251,1,1,0.45,254.46,94.46,2.733,12.938,1.078,7.187,1.233
canny_hough,adaptive,combined,252,1,1,0.3,253.65,93.65,2.919,14.242,1.012,8.354,1.236
canny_hough,adaptive,combined,253,1,1,0.45,249.14,89.14,3.033,14.618,1.195,8.324,1.315
canny_hough,adaptive,combined,254,1,1,0.45,249.14,89.14,2.983,14.491,1.134,8.306,1.314
canny_hough,adaptive,combined,255,1,1,0.45,253.3,93.3,3.098,15.345,1.144,9.091,1.182
canny_hough,adaptive,combined,256,1,1,0.45,253.22,93.22,3.061,14.774,1.329,8.327,1.303
canny_hough,adaptive,combined,257,1,1,0.45,253.22,93.22,3.083,14.536,1.128,8.253,1.319
canny_hough,adaptive,combined,258,1,1,0.45,254.03,94.03,3.112,14.546,1.144,8.325,1.208
canny_hough,adaptive,combined,259,1,1,0.45,253.92,93.92,3.065,14.628,1.188,8.335,1.287
canny_hough,adaptive,combined,260,1,1,0.45,253.92,93.92,3.084,14.558,1.146,8.308,1.268
canny_hough,adaptive,combined,261,1,1,0.45,249.41,89.41,3.096,14.566,1.129,8.263,1.329
canny_hough,adaptive,combined,262,1,1,0.3,255.97,95.97,2.943,14.569,1.175,8.347,1.319
canny_hough,adaptive,combined,263,1,1,0.3,255.97,95.97,2.952,14.546,1.147,8.309,1.385
canny_hough,adaptive,combined,264,1,1,0.3,253.48,93.48,2.93,14.444,1.142,8.297,1.324
canny_hough,adaptive,combined,265,1,1,0.3,253.48,93.48,2.917,14.422,1.187,8.318,1.245
canny_hough,adaptive,combined,266,1,1,0.3,253.48,93.48,2.899,14.372,1.133,8.307,1.289
canny_hough,adaptive,combined,267,1,1,0.3,253.79,93.79,2.92,14.475,1.138,8.276,1.319
canny_hough,adaptive,combined,268,1,1,0.45,254.4,94.4,3.039,14.536,1.134,8.367,1.248
canny_hough,adaptive,combined,269,1,1,0.45,253.18,93.18,3.014,14.612,1.139,8.28,1.418
canny_hough,adaptive,combined,270,1,1,0.45,253.18,93.18,3.081,14.588,1.197,8.309,1.248
canny_hough,adaptive,combined,271,1,1,0.3,253.48,93.48,2.956,14.505,1.145,8.352,1.298
canny_hough,adaptive,combined,272,1,1,0.3,253.48,93.48,2.84,14.358,1.134,8.292,1.255
canny_hough,adaptive,combined,273,1,1,0.3,253.48,93.48,2.919,14.373,1.187,8.333,1.196
canny_hough,adaptive,combined,274,1,1,0.45,254.87,94.87,3.111,14.682,1.131,8.308,1.387
canny_hough,adaptive,combined,275,1,1,0.45,254.87,94.87,3.098,14.506,1.128,8.276,1.244
canny_hough,adaptive,combined,276,1,1,0.3,253.96,93.96,2.914,14.467,1.178,8.337,1.29
canny_hough,adaptive,combined,277,1,1,0.3,253.48,93.48,2.812,14.321,1.142,8.291,1.318
canny_hough,adaptive,combined,278,1,1,0.3,253.48,93.48,2.891,14.412,1.145,8.303,1.261
canny_hough,adaptive,combined,279,1,1,0.3,253.48,93.48,2.888,14.439,1.147,8.329,1.306
canny_hough,adaptive,combined,280,1,1,0.3,253.79,93.79,2.894,14.476,1.148,8.305,1.378
canny_hough,adaptive,combined,281,1,1,0.3,253.79,93.79,2.919,14.392,1.191,8.27,1.228
canny_hough,adaptive,combined,282,1,1,0.3,253.48,93.48,2.961,14.574,1.133,8.322,1.376
canny_hough,adaptive,combined,283,1,1,0.45,252.34,92.34,3.065,14.483,1.146,8.279,1.232
canny_hough,adaptive,combined,284,1,1,0.45,252.34,92.34,3.059,14.646,1.173,8.328,1.332
canny_hough,adaptive,combined,285,1,1,0.45,255.02,95.02,3.095,14.668,1.142,8.29,1.387
canny_hough,adaptive,combined,286,1,1,0.3,254.1,94.1,2.876,14.299,1.137,8.306,1.232
canny_hough,adaptive,combined,287,1,1,0.3,253.79,93.79,2.913,14.511,1.179,8.343,1.314
canny_hough,adaptive,combined,288,1,1,0.3,253.79,93.79,2.863,14.39,1.144,8.304,1.331
canny_hough,adaptive,combined,289,1,1,0.45,254.28,94.28,3.125,14.592,1.137,8.276,1.236
canny_hough,adaptive,combined,290,1,1,0.45,254.28,94.28,3.135,14.609,1.185,8.333,1.21
canny_hough,adaptive,combined,291,1,1,0.45,252.87,92.87,3.019,14.504,1.139,8.287,1.294
canny_hough,adaptive,combined,292,1,1,0.15,258.0,98.0,2.77,14.38,1.137,8.305,1.319
canny_hough,adaptive,combined,293,1,1,0.45,252.95,92.95,2.886,14.423,1.133,8.275,1.363
canny_hough,adaptive,combined,294,1,1,0.45,252.95,92.95,2.766,12.866,0.996,7.232,1.187
canny_hough,adaptive,combined,295,1,1,0.45,253.72,93.72,2.817,12.796,0.992,7.194,1.101
canny_hough,adaptive,combined,296,1,1,0.45,253.72,93.72,2.739,12.757,0.978,7.204,1.155
canny_hough,adaptive,combined,297,1,1,0.3,253.65,93.65,2.56,12.653,1.031,7.149,1.237
canny_hough,adaptive,combined,298,1,1,0.45,253.22,93.22,2.747,12.775,0.987,7.23,1.086
canny_hough,adaptive,combined,299,1,1,0.45,253.38,93.38,2.75,12.724,0.99,7.206,1.083
canny_hough,adaptive,combined,300,1,1,0.45,254.66,94.66,2.783,12.89,0.991,7.259,1.176
canny_hough,adaptive,combined,301,1,1,0.45,254.1,94.1,2.681,12.77,0.984,7.195,1.229
canny_hough,adaptive,combined,302,1,1,0.45,254.1,94.1,2.743,12.913,1.04,7.186,1.235
canny_hough,adaptive,combined,303,1,1,0.45,254.68,94.68,2.734,13.019,0.992,7.436,1.165
canny_hough,adaptive,combined,304,1,1,0.45,253.82,93.82,2.79,12.798,0.983,7.217,1.129
canny_hough,adaptive,combined,305,1,1,0.45,253.82,93.82,2.73,12.828,0.99,7.209,1.173
canny_hough,adaptive,combined,306,1,1,0.45,249.47,89.47,2.669,12.819,1.041,7.197,1.236
canny_hough,adaptive,combined,307,1,1,0.45,254.46,94.46,2.859,12.909,0.996,7.204,1.081
canny_hough,adaptive,combined,308,1,1,0.45,254.46,94.46,2.806,12.803,0.991,7.203,1.123
canny_hough,adaptive,combined,309,1,1,0.3,256.01,96.01,2.65,12.606,0.984,7.193,1.098
canny_hough,adaptive,combined,310,1,1,0.45,249.71,89.71,2.666,12.692,0.989,7.197,1.166
canny_hough,adaptive,combined,311,1,1,0.45,249.71,89.71,2.673,12.696,1.037,7.16,1.138
canny_hough,adaptive,combined,312,1,1,0.45,249.61,89.61,2.785,12.952,0.984,7.222,1.189
canny_hough,adaptive,combined,313,1,1,0.45,253.3,93.3,2.769,12.804,0.994,7.249,1.096
canny_hough,adaptive,combined,314,1,1,0.45,253.3,93.3,2.785,12.874,0.99,7.231,1.184
canny_hough,adaptive,combined,315,1,1,0.3,253.94,93.94,2.579,12.663,1.04,7.164,1.199
canny_hough,adaptive,combined,316,1,1,0.45,253.49,93.49,2.763,12.79,1.043,7.18,1.126
canny_hough,adaptive,combined,317,1,1,0.45,253.49,93.49,3.064,13.641,0.991,7.666,1.222
canny_hough,adaptive,combined,318,1,1,0.45,253.4,93.4,3.057,14.5,1.135,8.303,1.266
canny_hough,adaptive,combined,319,1,1,0.3,253.48,93.48,2.925,14.355,1.138,8.276,1.271
canny_hough,adaptive,combined,320,1,1,0.3,256.64,96.64,2.9,14.498,1.177,8.45,1.22
canny_hough,adaptive,combined,321,1,1,0.3,256.64,96.64,2.852,14.295,1.143,8.25,1.302
canny_hough,adaptive,combined,322,1,1,0.45,253.41,93.41,3.145,14.866,1.15,8.538,1.179
canny_hough,adaptive,combined,323,1,1,0.45,253.41,93.41,3.094,14.571,1.179,8.352,1.193
canny_hough,adaptive,combined,324,1,1,0.45,249.61,89.61,3.016,14.625,1.145,8.32,1.396
canny_hough,adaptive,combined,325,1,1,0.3,253.79,93.79,2.915,14.375,1.127,8.32,1.205
canny_hough,adaptive,combined,326,1,1,0.45,255.28,95.28,3.067,14.664,1.196,8.325,1.327
canny_hough,adaptive,combined,327,1,1,0.15,258.0,98.0,2.707,14.243,1.13,8.269,1.376
canny_hough,adaptive,combined,328,1,1,0.45,253.41,93.41,3.077,14.635,1.196,8.288,1.325
canny_hough,adaptive,combined,329,1,1,0.45,253.19,93.19,3.067,14.63,1.133,8.359,1.318
canny_hough,adaptive,combined,330,1,1,0.3,253.96,93.96,2.842,14.412,1.133,8.302,1.386
canny_hough,adaptive,combined,331,1,1,0.45,253.3,93.3,3.048,14.633,1.193,8.328,1.306
canny_hough,adaptive,combined,332,1,1,0.45,253.89,93.89,3.069,14.529,1.142,8.288,1.242
canny_hough,adaptive,combined,333,1,1,0.45,253.89,93.89,2.999,14.582,1.13,8.326,1.312
canny_hough,adaptive,combined,334,1,1,0.45,252.33,92.33,3.102,14.587,1.18,8.321,1.233
canny_hough,adaptive,combined,335,1,1,0.3,253.83,93.83,2.941,14.457,1.125,8.28,1.354
canny_hough,adaptive,combined,336,1,1,0.3,253.83,93.83,2.909,14.362,1.129,8.324,1.253
canny_hough,adaptive,combined,337,1,1,0.3,255.91,95.91,2.914,14.389,1.194,8.317,1.207
canny_hough,adaptive,combined,338,1,1,0.3,255.91,95.91,2.823,14.321,1.133,8.301,1.312
canny_hough,adaptive,combined,339,1,1,0.15,258.0,98.0,2.791,14.269,1.137,8.293,1.219
canny_hough,adaptive,combined,340,1,1,0.45,253.0,93.0,3.045,14.501,1.141,8.275,1.289
canny_hough,adaptive,combined,341,1,1,0.45,253.0,93.0,3.042,14.527,1.133,8.28,1.325
canny_hough,adaptive,combined,342,1,1,0.3,253.48,93.48,2.91,14.508,1.188,8.311,1.313
canny_hough,adaptive,combined,343,1,1,0.45,253.72,93.72,3.094,14.566,1.142,8.291,1.291
canny_hough,adaptive,combined,344,1,1,0.45,253.72,93.72,3.106,14.594,1.137,8.299,1.306
canny_hough,adaptive,combined,345,1,1,0.45,254.4,94.4,3.04,14.624,1.188,8.331,1.318
canny_hough,adaptive,combined,346,1,1,0.45,252.29,92.29,3.125,14.619,1.135,8.31,1.295
canny_hough,adaptive,combined,347,1,1,0.3,253.65,93.65,2.872,14.381,1.137,8.299,1.318
canny_hough,adaptive,combined,348,1,1,0.3,253.65,93.65,2.857,14.42,1.183,8.329,1.305
canny_hough,adaptive,combined,349,1,1,0.3,254.79,94.79,2.811,14.399,1.146,8.271,1.419
canny_hough,adaptive,combined,350,1,1,0.3,254.79,94.79,2.892,14.374,1.137,8.297,1.23
canny_hough,adaptive,combined,351,1,1,0.15,258.0,98.0,2.803,14.356,1.14,8.347,1.309
canny_hough,adaptive,combined,352,1,1,0.3,253.96,93.96,2.64,13.304,1.14,7.607,1.146
canny_hough,adaptive,combined,353,1,1,0.3,253.96,93.96,2.659,12.668,1.002,7.206,1.127
canny_hough,adaptive,combined,354,1,1,0.3,253.8,93.8,2.57,12.735,1.048,7.187,1.251
canny_hough,adaptive,combined,355,1,1,0.45,253.1,93.1,2.769,12.875,1.044,7.206,1.175
canny_hough,adaptive,combined,356,1,1,0.45,253.1,93.1,2.756,12.803,0.997,7.212,1.161
canny_hough,adaptive,combined,357,1,1,0.45,253.41,93.41,2.766,12.719,0.98,7.193,1.092
canny_hough,adaptive,combined,358,1,1,0.3,253.48,93.48,2.602,12.735,0.994,7.218,1.188
canny_hough,adaptive,combined,359,1,1,0.3,253.79,93.79,2.543,12.631,1.046,7.171,1.184
canny_hough,adaptive,combined,360,1,1,0.3,253.79,93.79,2.868,13.947,1.049,8.149,1.201
canny_hough,adaptive,combined,361,1,1,0.45,253.6,93.6,3.047,14.656,1.148,8.306,1.402
canny_hough,adaptive,combined,362,1,1,0.3,253.65,93.65,2.907,14.347,1.147,8.273,1.231
canny_hough,adaptive,combined,363,1,1,0.3,253.65,93.65,2.894,14.481,1.194,8.317,1.324
histogram,fixed,edges,0,1,1,0.015,191.01,31.01,3.728,7.231,1.232,0.142,1.32
histogram,fixed,edges,1,1,1,0.015,190.53,30.53,4.655,8.923,1.287,0.291,1.765
histogram,fixed,edges,2,1,1,0.015,190.53,30.53,4.832,8.927,1.276,0.373,1.52
histogram,fixed,edges,3,1,1,0.015,191.01,31.01,9.221,16.121,1.743,0.5,3.028
histogram,fixed,edges,4,1,1,0.0142,190.8,30.8,3.553,7.828,1.682,0.224,1.203
histogram,fixed,edges,5,1,1,0.0142,190.8,30.8,4.112,7.626,1.247,0.174,1.257
histogram,fixed,edges,6,1,1,0.0142,191.0,31.0,4.045,8.092,1.315,0.259,1.509
histogram,fixed,edges,7,1,1,0.015,191.11,31.11,3.187,6.625,1.293,0.116,1.154
histogram,fixed,edges,8,1,1,0.015,191.11,31.11,3.072,6.238,1.145,0.1,1.156
histogram,fixed,edges,9,1,1,0.0142,191.12,31.12,3.124,6.19,1.135,0.102,1.071
histogram,fixed,edges,10,1,1,0.0142,190.12,30.12,3.148,6.35,1.202,0.122,1.089
histogram,fixed,edges,11,1,1,0.0142,190.96,30.96,3.087,6.317,1.147,0.113,1.105
histogram,fixed,edges,12,1,1,0.0142,190.96,30.96,3.235,6.457,1.202,0.12,1.128
histogram,fixed,edges,13,1,1,0.015,190.4,30.4,3.166,6.484,1.146,0.107,1.275
histogram,fixed,edges,14,1,1,0.0142,190.64,30.64,3.136,6.37,1.139,0.114,1.209
histogram,fixed,edges,15,1,1,0.0142,190.64,30.64,3.155,6.444,1.198,0.121,1.187
histogram,fixed,edges,16,1,1,0.015,191.07,31.07,3.09,7.191,1.141,0.108,2.073
histogram,fixed,edges,17,1,1,0.015,191.07,31.07,3.179,6.345,1.158,0.112,1.083
histogram,fixed,edges,18,1,1,0.0142,191.23,31.23,3.125,6.299,1.197,0.117,1.09
histogram,fixed,edges,19,1,1,0.0142,190.98,30.98,3.06,6.306,1.151,0.11,1.204
histogram,fixed,edges,20,1,1,0.0142,190.98,30.98,3.15,6.443,1.156,0.109,1.203
histogram,fixed,edges,21,1,1,0.0142,190.98,30.98,3.146,6.431,1.143,0.171,1.197
histogram,fixed,edges,22,1,1,0.0142,190.1,30.1,3.038,6.326,1.149,0.109,1.194
histogram,fixed,edges,23,1,1,0.0142,190.1,30.1,3.535,6.903,1.195,0.115,1.284
histogram,fixed,edges,24,1,1,0.0142,190.77,30.77,3.135,6.426,1.16,0.11,1.254
histogram,fixed,edges,25,1,1,0.0142,190.52,30.52,3.13,6.282,1.15,0.107,1.131
histogram,fixed,edges,26,1,1,0.0142,190.14,30.14,3.174,6.396,1.216,0.12,1.101
histogram,fixed,edges,27,1,1,0.0142,190.88,30.88,3.114,7.242,1.141,0.115,2.067
histogram,fixed,edges,28,1,1,0.0142,190.06,30.06,3.118,6.288,1.148,0.113,1.145
histogram,fixed,edges,29,1,1,0.0142,189.96,29.96,3.148,6.379,1.204,0.112,1.141
histogram,fixed,edges,30,1,1,0.0142,190.02,30.02,3.145,6.784,1.221,0.205,1.412
histogram,fixed,edges,31,1,1,0.015,190.63,30.63,3.172,7.767,2.565,0.104,1.162
histogram,fixed,edges,32,1,1,0.015,190.63,30.63,3.142,6.429,1.208,0.1,1.227
histogram,fixed,edges,33,1,1,0.015,190.51,30.51,3.122,6.41,1.194,0.11,1.235
histogram,fixed,edges,34,1,1,0.0142,190.81,30.81,2.629,5.847,1.202,0.1,1.18
histogram,fixed,edges,35,1,1,0.0142,190.81,30.81,2.738,5.632,1.034,0.098,1.071
histogram,fixed,edges,36,1,1,0.0142,190.67,30.67,2.741,5.58,0.994,0.098,1.086
histogram,fixed,edges,37,1,1,0.0142,189.85,29.85,2.708,5.633,1.058,0.134,1.014
histogram,fixed,edges,38,1,1,0.0142,189.85,29.85,2.73,5.533,0.985,0.094,1.053
histogram,fixed,edges,39,1,1,0.015,191.12,31.12,2.639,5.477,1.0,0.094,1.046
histogram,fixed,edges,40,1,1,0.0142,190.14,30.14,2.961,6.054,1.06,0.153,1.195
histogram,fixed,edges,41,1,1,0.0142,190.03,30.03,2.923,5.997,1.005,0.115,1.242
histogram,fixed,edges,42,1,1,0.0142,190.03,30.03,3.144,6.285,1.125,0.143,1.178
histogram,fixed,edges,43,1,1,0.0142,189.8,29.8,3.238,6.548,1.095,0.129,1.392
histogram,fixed,edges,44,1,1,0.0142,189.8,29.8,3.051,6.075,1.008,0.135,1.142
histogram,fixed,edges,45,1,1,0.0142,189.8,29.8,3.086,6.305,1.076,0.227,1.095
histogram,fixed,edges,46,1,1,0.0142,190.56,30.56,2.995,6.105,1.017,0.137,1.205
histogram,fixed,edges,47,1,1,0.0142,190.56,30.56,3.088,6.202,1.088,0.211,1.048
histogram,fixed,edges,48,1,1,0.015,190.82,30.82,2.839,5.896,1.008,0.133,1.226
histogram,fixed,edges,49,1,1,0.0133,190.02,30.02,3.153,6.251,1.111,0.148,1.095
histogram,fixed,edges,50,1,1,0.0133,190.59,30.59,3.103,6.168,1.019,0.148,1.21
histogram,fixed,edges,51,1,1,0.0133,190.59,30.59,3.351,6.688,1.185,0.103,1.303
histogram,fixed,edges,52,1,1,0.015,190.56,30.56,3.368,6.593,1.187,0.111,1.157
histogram,fixed,edges,53,1,1,0.015,190.5,30.5,3.146,7.166,1.342,0.143,1.796
histogram,fixed,edges,54,1,1,0.015,190.5,30.5,3.164,6.466,1.314,0.123,1.087
histogram,fixed,edges,55,1,1,0.015,191.29,31.29,3.057,6.163,1.176,0.106,1.074
histogram,fixed,edges,56,1,1,0.015,191.29,31.29,3.002,7.013,1.138,0.099,2.023
histogram,fixed,edges,57,1,1,0.0142,189.79,29.79,3.29,6.36,1.13,0.097,1.063
histogram,fixed,edges,58,1,1,0.0142,190.01,30.01,3.241,6.352,1.179,0.107,1.076
histogram,fixed,edges,59,1,1,0.015,191.07,31.07,3.218,7.836,2.281,0.348,1.177
histogram,fixed,edges,60,1,1,0.015,191.07,31.07,3.04,6.291,1.146,0.111,1.232
histogram,fixed,edges,61,1,1,0.0133,190.11,30.11,3.496,6.763,1.165,0.109,1.152
histogram,fixed,edges,62,1,1,0.0133,190.11,30.11,3.537,6.783,1.235,0.134,1.115
histogram,fixed,edges,63,1,1,0.0133,190.11,30.11,3.361,6.69,1.161,0.107,1.294
histogram,fixed,edges,64,1,1,0.0142,190.24,30.24,3.145,6.531,1.147,0.115,1.269
histogram,fixed,edges,65,1,1,0.0142,190.29,30.29,3.204,6.516,1.212,0.117,1.205
histogram,fixed,edges,66,1,1,0.0142,190.26,30.26,2.698,5.917,1.163,0.11,1.181
histogram,fixed,edges,67,1,1,0.0125,190.16,30.16,3.072,6.056,1.056,0.11,1.081
histogram,fixed,edges,68,1,1,0.015,190.68,30.68,3.007,6.062,0.997,0.109,1.129
histogram,fixed,edges,69,1,1,0.015,190.68,30.68,3.165,6.451,1.2,0.117,1.197
histogram,fixed,edges,70,1,1,0.0142,190.03,30.03,3.137,6.519,1.158,0.109,1.347
histogram,fixed,edges,71,1,1,0.0142,190.03,30.03,3.141,6.288,1.149,0.109,1.117
histogram,fixed,edges,72,1,1,0.0142,189.99,29.99,3.178,6.369,1.201,0.119,1.1
histogram,fixed,edges,73,1,1,0.015,190.76,30.76,3.076,6.298,1.151,0.109,1.184
histogram,fixed,edges,74,1,1,0.015,190.76,30.76,3.129,6.337,1.154,0.112,1.103
histogram,fixed,edges,75,1,1,0.015,190.76,30.76,3.127,6.37,1.144,0.106,1.221
histogram,fixed,edges,76,1,1,0.0142,190.36,30.36,3.095,6.315,1.146,0.112,1.199
histogram,fixed,edges,77,1,1,0.0142,190.36,30.36,3.119,6.532,1.203,0.12,1.265
histogram,fixed,edges,78,1,1,0.015,190.71,30.71,3.057,6.367,1.155,0.108,1.279
histogram,fixed,edges,79,1,1,0.0142,191.06,31.06,3.122,6.367,1.156,0.12,1.117
histogram,fixed,edges,80,1,1,0.0142,191.06,31.06,3.145,6.351,1.142,0.181,1.124
histogram,fixed,edges,81,1,1,0.0142,191.06,31.06,3.103,6.331,1.189,0.183,1.087
histogram,fixed,edges,82,1,1,0.0133,190.22,30.22,3.121,6.307,1.192,0.103,1.146
histogram,fixed,edges,83,1,1,0.015,190.75,30.75,2.955,6.101,1.137,0.099,1.165
histogram,fixed,edges,84,1,1,0.015,190.75,30.75,3.048,6.283,1.147,0.102,1.161
histogram,fixed,edges,85,1,1,0.015,190.74,30.74,3.147,6.356,1.142,0.098,1.222
histogram,fixed,edges,86,1,1,0.015,190.74,30.74,3.047,6.115,1.148,0.1,1.077
histogram,fixed,edges,87,1,1,0.0142,190.04,30.04,3.073,6.227,1.196,0.104,1.061
histogram,fixed,edges,88,1,1,0.015,190.91,30.91,2.952,6.181,1.136,0.098,1.159
histogram,fixed,edges,89,1,1,0.0133,189.98,29.98,3.394,6.517,1.191,0.101,1.07
histogram,fixed,edges,90,1,1,0.0142,189.93,29.93,2.963,6.111,1.145,0.102,1.152
histogram,fixed,edges,91,1,1,0.0142,190.43,30.43,3.034,6.167,1.14,0.098,1.074
histogram,fixed,edges,92,1,1,0.0142,191.31,31.31,3.012,6.163,1.186,0.101,1.123
histogram,fixed,edges,93,1,1,0.0142,191.31,31.31,3.031,6.094,1.138,0.099,1.073
histogram,fixed,edges,94,1,1,0.0142,190.14,30.14,3.071,6.182,1.198,0.106,1.057
histogram,fixed,edges,95,1,1,0.0142,190.56,30.56,3.046,6.186,1.138,0.099,1.159
histogram,fixed,edges,96,1,1,0.0142,190.56,30.56,3.065,6.236,1.176,0.107,1.141
histogram,fixed,edges,97,1,1,0.0142,190.89,30.89,3.051,7.176,1.127,0.1,2.109
histogram,fixed,edges,98,1,1,0.0142,190.89,30.89,3.048,6.11,1.144,0.101,1.071
histogram,fixed,edges,99,1,1,0.0142,190.85,30.85,3.044,6.208,1.178,0.107,1.125
histogram,fixed,edges,100,1,1,0.015,190.43,30.43,2.977,6.083,1.136,0.1,1.067
histogram,fixed,edges,101,1,1,0.015,190.43,30.43,3.055,6.154,1.19,0.101,1.061
histogram,fixed,edges,102,1,1,0.0142,191.38,31.38,2.96,6.134,1.137,0.1,1.21
histogram,fixed,edges,103,1,1,0.0142,190.08,30.08,3.039,6.154,1.136,0.099,1.065
histogram,fixed,edges,104,1,1,0.0142,190.08,30.08,2.966,6.112,1.136,0.1,1.169
histogram,fixed,edges,105,1,1,0.0142,191.02,31.02,3.035,6.146,1.13,0.098,1.069
histogram,fixed,edges,106,1,1,0.0142,190.03,30.03,3.049,6.255,1.141,0.098,1.206
histogram,fixed,edges,107,1,1,0.0142,189.87,29.87,3.063,6.255,1.146,0.099,1.171
histogram,fixed,edges,108,1,1,0.0142,189.87,29.87,3.072,6.169,1.179,0.106,1.059
histogram,fixed,edges,109,1,1,0.015,190.69,30.69,2.977,6.102,1.128,0.103,1.069
histogram,fixed,edges,110,1,1,0.0142,189.97,29.97,3.05,6.273,1.203,0.109,1.167
histogram,fixed,edges,111,1,1,0.0142,189.97,29.97,3.042,6.875,1.138,0.098,1.838
histogram,fixed,edges,112,1,1,0.0142,191.02,31.02,3.042,6.168,1.133,0.099,1.155
histogram,fixed,edges,113,1,1,0.015,190.34,30.34,3.095,6.281,1.179,0.102,1.164
histogram,fixed,edges,114,1,1,0.015,190.34,30.34,2.975,6.076,1.132,0.099,1.053
histogram,fixed,edges,115,1,1,0.0142,191.1,31.1,3.046,6.237,1.186,0.104,1.144
histogram,fixed,edges,116,1,1,0.0142,191.1,31.1,3.043,7.016,1.134,0.099,2.014
histogram,fixed,edges,117,1,1,0.015,191.37,31.37,3.025,6.123,1.136,0.098,1.071
histogram,fixed,edges,118,1,1,0.0142,189.63,29.63,3.096,6.196,1.181,0.108,1.062
histogram,fixed,edges,119,1,1,0.0142,189.63,29.63,2.982,6.101,1.139,0.098,1.065
histogram,fixed,edges,120,1,1,0.015,191.24,31.24,3.063,6.17,1.179,0.104,1.084
histogram,fixed,edges,121,1,1,0.0142,190.87,30.87,3.024,7.097,1.139,0.098,2.089
histogram,fixed,edges,122,1,1,0.0142,190.87,30.87,3.041,6.178,1.139,0.099,1.151
histogram,fixed,edges,123,1,1,0.0142,189.61,29.61,3.163,6.381,1.194,0.103,1.168
histogram,fixed,edges,124,1,1,0.0142,190.14,30.14,2.969,6.084,1.14,0.103,1.129
histogram,fixed,edges,125,1,1,0.0142,190.14,30.14,3.051,6.263,1.203,0.1,1.162
histogram,fixed,edges,126,1,1,0.0142,190.22,30.22,2.982,6.099,1.153,0.097,1.134
histogram,fixed,edges,127,1,1,0.0142,189.96,29.96,3.031,6.211,1.148,0.099,1.078
histogram,fixed,edges,128,1,1,0.0142,189.96,29.96,3.149,6.27,1.149,0.1,1.132
histogram,fixed,edges,129,1,1,0.0142,191.27,31.27,3.073,6.141,1.131,0.101,1.095
histogram,fixed,edges,130,1,1,0.015,190.98,30.98,3.046,6.256,1.19,0.105,1.174
histogram,fixed,edges,131,1,1,0.015,190.98,30.98,2.96,6.103,1.14,0.102,1.075
histogram,fixed,edges,132,1,1,0.015,190.98,30.98,3.041,6.231,1.186,0.104,1.151
histogram,fixed,edges,133,1,1,0.015,190.56,30.56,2.978,6.188,1.14,0.099,1.221
histogram,fixed,edges,134,1,1,0.015,190.56,30.56,3.051,6.255,1.132,0.098,1.151
histogram,fixed,edges,135,1,1,0.0142,190.61,30.61,3.07,6.361,1.13,0.103,1.303
histogram,fixed,edges,136,1,1,0.015,190.71,30.71,3.048,6.114,1.142,0.101,1.077
histogram,fixed,edges,137,1,1,0.015,190.71,30.71,3.061,6.291,1.184,0.102,1.167
histogram,fixed,edges,138,1,1,0.015,190.66,30.66,2.964,6.103,1.145,0.104,1.088
histogram,fixed,edges,139,1,1,0.015,190.96,30.96,3.038,6.248,1.193,0.104,1.166
histogram,fixed,edges,140,1,1,0.015,190.96,30.96,2.948,6.155,1.147,0.103,1.219
histogram,fixed,edges,141,1,1,0.015,190.56,30.56,3.038,6.249,1.139,0.097,1.153
histogram,fixed,edges,142,1,1,0.015,190.99,30.99,3.042,6.248,1.154,0.104,1.209
histogram,fixed,edges,143,1,1,0.015,190.99,30.99,3.028,6.067,1.139,0.098,1.053
histogram,fixed,edges,144,1,1,0.0142,190.17,30.17,3.1,6.227,1.184,0.11,1.09
histogram,fixed,edges,145,1,1,0.0142,190.2,30.2,3.128,6.175,1.129,0.097,1.066
histogram,fixed,edges,146,1,1,0.0142,190.2,30.2,3.058,6.266,1.18,0.107,1.176
histogram,fixed,edges,147,1,1,0.0142,190.26,30.26,2.962,6.196,1.131,0.098,1.233
histogram,fixed,edges,148,1,1,0.0142,190.03,30.03,3.057,6.28,1.149,0.099,1.162
histogram,fixed,edges,149,1,1,0.0142,190.03,30.03,3.056,6.26,1.139,0.1,1.222
histogram,fixed,edges,150,1,1,0.0142,190.71,30.71,3.065,6.191,1.127,0.099,1.156
histogram,fixed,edges,151,1,1,0.0142,190.04,30.04,3.07,6.263,1.182,0.102,1.159
histogram,fixed,edges,152,1,1,0.0142,191.0,31.0,3.032,6.155,1.136,0.101,1.145
histogram,fixed,edges,153,1,1,0.0142,191.0,31.0,3.058,6.237,1.184,0.104,1.145
histogram,fixed,edges,154,1,1,0.0142,190.54,30.54,3.03,7.147,1.145,0.098,2.131
histogram,fixed,edges,155,1,1,0.0142,191.07,31.07,2.993,6.121,1.123,0.098,1.161
histogram,fixed,edges,156,1,1,0.0142,191.07,31.07,2.992,6.115,1.193,0.103,1.07
histogram,fixed,edges,157,1,1,0.0142,191.17,31.17,2.98,6.141,1.129,0.097,1.074
histogram,fixed,edges,158,1,1,0.0142,191.17,31.17,3.061,6.186,1.177,0.108,1.055
histogram,fixed,edges,159,1,1,0.0142,190.39,30.39,2.971,6.087,1.13,0.099,1.133
histogram,fixed,edges,160,1,1,0.015,190.74,30.74,3.049,6.159,1.142,0.098,1.06
histogram,fixed,edges,161,1,1,0.015,190.74,30.74,3.119,6.429,1.136,0.1,1.327
histogram,fixed,edges,162,1,1,0.0142,190.61,30.61,3.055,6.105,1.136,0.1,1.071
histogram,fixed,edges,163,1,1,0.015,190.45,30.45,3.066,6.247,1.189,0.104,1.139
histogram,fixed,edges,164,1,1,0.0142,189.92,29.92,3.093,6.135,1.137,0.1,1.067
histogram,fixed,edges,165,1,1,0.0142,189.92,29.92,3.059,6.163,1.172,0.103,1.081
histogram,fixed,edges,166,1,1,0.0142,190.8,30.8,2.971,6.183,1.14,0.1,1.239
histogram,fixed,edges,167,1,1,0.0142,190.8,30.8,3.032,6.179,1.191,0.097,1.073
histogram,fixed,edges,168,1,1,0.0142,190.8,30.8,2.94,6.181,1.143,0.102,1.252
histogram,fixed,edges,169,1,1,0.015,191.0,31.0,3.054,6.155,1.132,0.098,1.05
histogram,fixed,edges,170,1,1,0.015,191.0,31.0,3.052,6.306,1.131,0.098,1.279
histogram,fixed,edges,171,1,1,0.0142,191.14,31.14,3.051,6.108,1.126,0.098,1.074
histogram,fixed,edges,172,1,1,0.0142,190.02,30.02,3.058,6.175,1.19,0.103,1.082
histogram,fixed,edges,173,1,1,0.0133,188.86,28.86,3.352,6.468,1.132,0.1,1.073
histogram,fixed,edges,174,1,1,0.0133,188.86,28.86,3.413,6.52,1.206,0.101,1.054
histogram,fixed,edges,175,1,1,0.0142,191.2,31.2,3.051,6.255,1.131,0.098,1.228
histogram,fixed,edges,176,1,1,0.0142,191.2,31.2,3.038,6.09,1.136,0.097,1.08
histogram,fixed,edges,177,1,1,0.0142,190.51,30.51,3.098,6.314,1.185,0.103,1.143
histogram,fixed,edges,178,1,1,0.0142,190.64,30.64,3.028,6.079,1.144,0.099,1.066
histogram,fixed,edges,179,1,1,0.0142,190.64,30.64,3.062,6.168,1.182,0.102,1.077
histogram,fixed,edges,180,1,1,0.0142,190.37,30.37,3.002,6.214,1.146,0.1,1.219
histogram,fixed,edges,181,1,1,0.015,190.99,30.99,3.029,6.211,1.135,0.098,1.125
histogram,fixed,edges,182,1,1,0.0142,190.77,30.77,3.044,6.24,1.133,0.098,1.218
histogram,fixed,edges,183,1,1,0.0142,190.77,30.77,3.04,6.178,1.13,0.097,1.158
histogram,fixed,edges,184,1,1,0.0142,190.88,30.88,3.285,6.393,1.195,0.103,1.057
histogram,fixed,edges,185,1,1,0.0142,190.88,30.88,2.98,6.295,1.146,0.101,1.148
histogram,fixed,edges,186,1,1,0.0142,190.25,30.25,3.007,6.091,1.19,0.102,1.051
histogram,fixed,edges,187,1,1,0.0142,190.97,30.97,2.987,6.147,1.14,0.098,1.138
histogram,fixed,edges,188,1,1,0.0142,190.14,30.14,3.037,6.164,1.141,0.104,1.056
histogram,fixed,edges,189,1,1,0.0142,190.14,30.14,2.972,6.249,1.135,0.096,1.229
histogram,fixed,edges,190,1,1,0.0142,190.77,30.77,3.031,6.156,1.134,0.098,1.151
histogram,fixed,edges,191,1,1,0.0142,190.77,30.77,3.065,6.188,1.135,0.111,1.077
histogram,fixed,edges,192,1,1,0.0142,190.23,30.23,3.035,6.079,1.136,0.097,1.075
histogram,fixed,edges,193,1,1,0.0142,190.66,30.66,3.116,6.31,1.191,0.104,1.146
histogram,fixed,edges,194,1,1,0.0142,190.48,30.48,2.99,6.102,1.141,0.099,1.06
histogram,fixed,edges,195,1,1,0.0142,190.48,30.48,3.065,6.174,1.177,0.101,1.076
histogram,fixed,edges,196,1,1,0.0142,190.0,30.0,2.975,6.194,1.14,0.1,1.233
histogram,fixed,edges,197,1,1,0.0142,190.0,30.0,3.061,6.198,1.127,0.098,1.062
histogram,fixed,edges,198,1,1,0.0142,189.97,29.97,3.059,6.145,1.144,0.1,1.106
histogram,fixed,edges,199,1,1,0.0142,190.1,30.1,3.051,6.098,1.13,0.1,1.061
histogram,fixed,edges,200,1,1,0.0142,190.1,30.1,3.062,6.348,1.269,0.108,1.158
histogram,fixed,edges,201,1,1,0.0142,190.1,30.1,3.046,6.106,1.143,0.098,1.079
histogram,fixed,edges,202,1,1,0.0142,190.64,30.64,3.106,6.328,1.204,0.104,1.162
histogram,fixed,edges,203,1,1,0.0142,190.08,30.08,2.97,6.106,1.134,0.097,1.158
histogram,fixed,edges,204,1,1,0.0142,190.08,30.08,3.039,6.252,1.138,0.099,1.166
histogram,fixed,edges,205,1,1,0.0142,190.17,30.17,3.033,6.297,1.138,0.098,1.287
histogram,fixed,edges,206,1,1,0.0142,190.17,30.17,3.03,6.075,1.129,0.101,1.068
histogram,fixed,edges,207,1,1,0.0142,189.97,29.97,3.082,6.243,1.179,0.105,1.096
histogram,fixed,edges,208,1,1,0.0142,191.05,31.05,3.026,6.178,1.137,0.112,1.156
histogram,fixed,edges,209,1,1,0.0142,191.23,31.23,3.082,6.326,1.19,0.107,1.197
histogram,fixed,edges,210,1,1,0.0142,191.06,31.06,3.019,7.214,1.14,0.098,2.215
histogram,fixed,edges,211,1,1,0.0142,190.39,30.39,3.053,6.198,1.13,0.098,1.171
histogram,fixed,edges,212,1,1,0.0142,190.61,30.61,3.068,6.183,1.197,0.105,1.062
histogram,fixed,edges,213,1,1,0.0142,190.61,30.61,2.978,6.118,1.143,0.098,1.082
histogram,fixed,edges,214,1,1,0.0142,190.09,30.09,3.058,6.159,1.188,0.102,1.062
histogram,fixed,edges,215,1,1,0.0142,190.09,30.09,2.977,6.185,1.135,0.098,1.229
histogram,fixed,edges,216,1,1,0.015,190.78,30.78,3.313,6.53,1.143,0.099,1.156
histogram,fixed,edges,217,1,1,0.0142,189.79,29.79,3.15,6.806,1.223,0.184,1.418
histogram,fixed,edges,218,1,1,0.0142,190.28,30.28,3.037,6.291,1.151,0.114,1.226
histogram,fixed,edges,219,1,1,0.0142,189.94,29.94,3.185,6.495,1.152,0.114,1.208
histogram,fixed,edges,220,1,1,0.015,190.66,30.66,3.146,6.509,1.166,0.115,1.298
histogram,fixed,edges,221,1,1,0.0142,190.26,30.26,3.098,6.386,1.145,0.115,1.249
histogram,fixed,edges,222,1,1,0.0142,190.26,30.26,3.097,6.394,1.21,0.117,1.198
histogram,fixed,edges,223,1,1,0.015,190.85,30.85,3.053,6.282,1.151,0.111,1.189
histogram,fixed,edges,224,1,1,0.0142,190.9,30.9,3.105,6.3,1.139,0.109,1.104
histogram,fixed,edges,225,1,1,0.0142,190.9,30.9,3.179,6.392,1.206,0.121,1.111
histogram,fixed,edges,226,1,1,0.0142,190.97,30.97,3.312,6.465,1.148,0.111,1.127
histogram,fixed,edges,227,1,1,0.0142,190.97,30.97,3.126,6.448,1.255,0.116,1.143
histogram,fixed,edges,228,1,1,0.0142,190.09,30.09,3.135,6.407,1.165,0.107,1.228
histogram,fixed,edges,229,1,1,0.0142,190.47,30.47,3.15,6.306,1.146,0.11,1.126
histogram,fixed,edges,230,1,1,0.0142,190.47,30.47,3.167,6.454,1.203,0.121,1.198
histogram,fixed,edges,231,1,1,0.0142,190.48,30.48,3.051,6.275,1.153,0.111,1.187
histogram,fixed,edges,232,1,1,0.0142,190.33,30.33,3.123,6.427,1.149,0.11,1.213
histogram,fixed,edges,233,1,1,0.0142,190.33,30.33,3.156,6.442,1.149,0.11,1.253
histogram,fixed,edges,234,1,1,0.0142,190.33,30.33,3.116,6.269,1.146,0.11,1.131
histogram,fixed,edges,235,1,1,0.0142,190.59,30.59,3.138,6.344,1.205,0.118,1.102
histogram,fixed,edges,236,1,1,0.0142,190.59,30.59,3.021,6.237,1.141,0.113,1.187
histogram,fixed,edges,237,1,1,0.0142,190.66,30.66,3.078,7.405,1.141,0.108,2.21
histogram,fixed,edges,238,1,1,0.0142,191.24,31.24,3.141,6.348,1.209,0.118,1.107
histogram,fixed,edges,239,1,1,0.0142,190.07,30.07,2.971,6.386,1.194,0.17,1.304
histogram,fixed,edges,240,1,1,0.015,190.37,30.37,3.122,6.233,1.149,0.098,1.054
histogram,fixed,edges,241,1,1,0.0142,190.08,30.08,3.124,6.213,1.135,0.098,1.11
histogram,fixed,edges,242,1,1,0.0142,190.08,30.08,3.116,6.271,1.15,0.098,1.174
histogram,fixed,edges,243,1,1,0.0142,190.08,30.08,3.239,6.349,1.183,0.102,1.081
histogram,fixed,edges,244,1,1,0.0133,190.11,30.11,3.349,6.47,1.126,0.099,1.129
histogram,fixed,edges,245,1,1,0.0133,190.11,30.11,3.37,6.594,1.143,0.099,1.154
histogram,fixed,edges,246,1,1,0.015,191.05,31.05,3.054,6.183,1.196,0.109,1.072
histogram,fixed,edges,247,1,1,0.0133,190.96,30.96,3.334,6.506,1.14,0.097,1.145
histogram,fixed,edges,248,1,1,0.0142,190.66,30.66,3.073,6.254,1.181,0.103,1.154
histogram,fixed,edges,249,1,1,0.0142,190.66,30.66,2.971,6.112,1.138,0.1,1.152
histogram,fixed,edges,250,1,1,0.0142,191.06,31.06,3.028,6.19,1.137,0.102,1.11
histogram,fixed,edges,251,1,1,0.0142,191.06,31.06,3.058,6.203,1.135,0.097,1.16
histogram,fixed,edges,252,1,1,0.015,190.45,30.45,3.026,6.074,1.143,0.097,1.068
histogram,fixed,edges,253,1,1,0.0142,190.11,30.11,3.05,6.234,1.188,0.104,1.141
histogram,fixed,edges,254,1,1,0.0142,190.11,30.11,3.026,6.159,1.135,0.104,1.157
histogram,fixed,edges,255,1,1,0.0142,190.42,30.42,3.083,6.273,1.186,0.101,1.151
histogram,fixed,edges,256,1,1,0.0142,190.52,30.52,2.988,6.075,1.14,0.098,1.103
histogram,fixed,edges,257,1,1,0.0142,190.52,30.52,3.032,6.185,1.197,0.105,1.065
histogram,fixed,edges,258,1,1,0.015,190.68,30.68,2.957,6.193,1.138,0.103,1.251
histogram,fixed,edges,259,1,1,0.0142,190.42,30.42,3.021,6.229,1.131,0.099,1.158
histogram,fixed,edges,260,1,1,0.0142,190.42,30.42,3.043,6.248,1.147,0.102,1.206
histogram,fixed,edges,261,1,1,0.015,190.93,30.93,3.047,6.083,1.129,0.097,1.062
histogram,fixed,edges,262,1,1,0.015,190.97,30.97,3.056,6.263,1.181,0.109,1.17
histogram,fixed,edges,263,1,1,0.015,190.97,30.97,2.962,6.175,1.137,0.099,1.167
histogram,fixed,edges,264,1,1,0.0142,190.14,30.14,3.023,6.286,1.205,0.103,1.207
histogram,fixed,edges,265,1,1,0.0142,190.05,30.05,3.061,6.901,1.134,0.098,1.845
histogram,fixed,edges,266,1,1,0.0142,190.05,30.05,3.045,6.174,1.126,0.1,1.162
histogram,fixed,edges,267,1,1,0.015,190.76,30.76,3.061,6.276,1.185,0.101,1.154
histogram,fixed,edges,268,1,1,0.0142,190.12,30.12,2.96,6.059,1.134,0.099,1.061
histogram,fixed,edges,269,1,1,0.015,190.62,30.62,3.05,6.156,1.181,0.103,1.063
histogram,fixed,edges,270,1,1,0.015,190.62,30.62,2.987,6.173,1.143,0.098,1.222
histogram,fixed,edges,271,1,1,0.0142,190.1,30.1,3.106,6.291,1.132,0.098,1.142
histogram,fixed,edges,272,1,1,0.0142,190.32,30.32,3.058,6.133,1.135,0.101,1.114
histogram,fixed,edges,273,1,1,0.0142,190.32,30.32,3.04,6.194,1.14,0.096,1.171
histogram,fixed,edges,274,1,1,0.0142,190.11,30.11,3.038,6.145,1.194,0.104,1.066
histogram,fixed,edges,275,1,1,0.0142,190.11,30.11,3.014,6.162,1.133,0.099,1.177
histogram,fixed,edges,276,1,1,0.015,190.66,30.66,3.066,6.156,1.188,0.107,1.052
histogram,fixed,edges,277,1,1,0.0142,190.49,30.49,2.96,6.197,1.141,0.097,1.216
histogram,fixed,edges,278,1,1,0.0142,190.14,30.14,3.027,6.235,1.206,0.1,1.164
histogram,fixed,edges,279,1,1,0.0142,190.14,30.14,2.949,6.332,1.131,0.097,1.342
histogram,fixed,edges,280,1,1,0.0142,190.09,30.09,3.066,6.207,1.135,0.099,1.158
histogram,fixed,edges,281,1,1,0.0142,190.09,30.09,3.059,6.263,1.178,0.108,1.173
histogram,fixed,edges,282,1,1,0.0142,190.72,30.72,3.046,6.177,1.13,0.098,1.159
histogram,fixed,edges,283,1,1,0.0142,191.03,31.03,3.019,6.22,1.191,0.105,1.151
histogram,fixed,edges,284,1,1,0.0142,191.03,31.03,2.943,6.154,1.151,0.1,1.224
histogram,fixed,edges,285,1,1,0.0142,191.2,31.2,3.099,6.312,1.208,0.1,1.149
histogram,fixed,edges,286,1,1,0.015,190.36,30.36,3.034,6.142,1.134,0.1,1.142
histogram,fixed,edges,287,1,1,0.015,190.67,30.67,3.014,6.112,1.139,0.097,1.074
histogram,fixed,edges,288,1,1,0.015,190.67,30.67,3.04,6.16,1.136,0.143,1.1
histogram,fixed,edges,289,1,1,0.0142,189.98,29.98,3.069,6.118,1.138,0.097,1.067
histogram,fixed,edges,290,1,1,0.0142,189.98,29.98,3.067,6.157,1.191,0.102,1.05
histogram,fixed,edges,291,1,1,0.0142,191.35,31.35,3.028,6.095,1.138,0.098,1.077
histogram,fixed,edges,292,1,1,0.0133,189.95,29.95,3.374,6.494,1.186,0.101,1.085
histogram,fixed,edges,293,1,1,0.0133,190.1,30.1,3.109,6.311,1.138,0.099,1.223
histogram,fixed,edges,294,1,1,0.0133,190.1,30.1,3.171,6.188,1.128,0.099,1.048
histogram,fixed,edges,295,1,1,0.015,190.58,30.58,3.048,6.164,1.147,0.148,1.06
histogram,fixed,edges,296,1,1,0.015,190.58,30.58,3.058,6.182,1.14,0.099,1.147
histogram,fixed,edges,297,1,1,0.0142,190.85,30.85,3.033,6.191,1.187,0.103,1.096
histogram,fixed,edges,298,1,1,0.0142,191.0,31.0,2.978,6.08,1.14,0.099,1.058
histogram,fixed,edges,299,1,1,0.015,190.74,30.74,3.1,6.281,1.173,0.106,1.146
histogram,fixed,edges,300,1,1,0.0142,190.75,30.75,2.965,6.091,1.14,0.099,1.152
histogram,fixed,edges,301,1,1,0.0142,189.89,29.89,3.043,6.155,1.131,0.097,1.066
histogram,fixed,edges,302,1,1,0.0142,189.89,29.89,3.039,6.185,1.133,0.101,1.164
histogram,fixed,edges,303,1,1,0.0142,190.4,30.4,3.03,6.105,1.131,0.102,1.093
histogram,fixed,edges,304,1,1,0.0133,189.98,29.98,3.375,6.507,1.15,0.152,1.088
histogram,fixed,edges,305,1,1,0.0133,189.98,29.98,3.294,6.576,1.129,0.099,1.226
histogram,fixed,edges,306,1,1,0.0142,189.77,29.77,3.044,6.19,1.144,0.098,1.105
histogram,fixed,edges,307,1,1,0.0142,190.74,30.74,3.068,6.34,1.147,0.1,1.242
histogram,fixed,edges,308,1,1,0.0142,190.74,30.74,3.05,6.187,1.134,0.104,1.156
histogram,fixed,edges,309,1,1,0.0142,191.24,31.24,2.989,6.181,1.181,0.104,1.168
histogram,fixed,edges,310,1,1,0.0142,190.54,30.54,3.041,6.08,1.144,0.104,1.046
histogram,fixed,edges,311,1,1,0.0142,190.54,30.54,3.046,6.227,1.186,0.103,1.135
histogram,fixed,edges,312,1,1,0.0142,191.04,31.04,2.957,6.084,1.13,0.1,1.083
histogram,fixed,edges,313,1,1,0.0142,190.38,30.38,3.095,6.212,1.182,0.101,1.093
histogram,fixed,edges,314,1,1,0.0142,190.38,30.38,2.96,6.178,1.146,0.099,1.233
histogram,fixed,edges,315,1,1,0.015,190.64,30.64,3.042,6.243,1.131,0.098,1.153
histogram,fixed,edges,316,1,1,0.015,190.86,30.86,3.106,6.372,1.134,0.099,1.285
histogram,fixed,edges,317,1,1,0.015,190.86,30.86,3.054,6.128,1.139,0.099,1.06
histogram,fixed,edges,318,1,1,0.0142,189.98,29.98,3.066,6.138,1.176,0.104,1.056
histogram,fixed,edges,319,1,1,0.0142,190.35,30.35,3.037,6.097,1.135,0.102,1.069
histogram,fixed,edges,320,1,1,0.0142,190.3,30.3,3.051,6.166,1.192,0.102,1.077
histogram,fixed,edges,321,1,1,0.0142,190.3,30.3,2.971,6.181,1.14,0.097,1.228
histogram,fixed,edges,322,1,1,0.015,190.66,30.66,3.034,6.151,1.15,0.1,1.054
histogram,fixed,edges,323,1,1,0.015,190.66,30.66,3.022,6.301,1.131,0.098,1.309
histogram,fixed,edges,324,1,1,0.0142,190.44,30.44,3.022,6.149,1.135,0.098,1.152
histogram,fixed,edges,325,1,1,0.015,191.12,31.12,3.052,6.257,1.19,0.107,1.158
histogram,fixed,edges,326,1,1,0.0142,190.31,30.31,3.051,6.093,1.137,0.1,1.058
histogram,fixed,edges,327,1,1,0.0133,189.93,29.93,3.423,6.563,1.201,0.106,1.062
histogram,fixed,edges,328,1,1,0.015,190.85,30.85,2.969,6.085,1.136,0.101,1.14
histogram,fixed,edges,329,1,1,0.015,190.67,30.67,3.025,6.169,1.134,0.097,1.077
histogram,fixed,edges,330,1,1,0.0142,190.41,30.41,3.015,6.238,1.139,0.099,1.248
histogram,fixed,edges,331,1,1,0.015,190.51,30.51,3.048,6.104,1.127,0.097,1.081
histogram,fixed,edges,332,1,1,0.0142,190.5,30.5,3.029,6.288,1.135,0.15,1.219
histogram,fixed,edges,333,1,1,0.0142,190.5,30.5,2.983,6.122,1.141,0.1,1.157
histogram,fixed,edges,334,1,1,0.0142,190.08,30.08,3.049,6.229,1.191,0.104,1.15
histogram,fixed,edges,335,1,1,0.0142,190.85,30.85,2.972,6.169,1.133,0.098,1.224
histogram,fixed,edges,336,1,1,0.0142,190.85,30.85,3.044,6.169,1.202,0.101,1.084
histogram,fixed,edges,337,1,1,0.015,190.49,30.49,3.03,6.931,1.134,0.098,1.875
histogram,fixed,edges,338,1,1,0.015,190.49,30.49,3.041,6.075,1.134,0.099,1.049
histogram,fixed,edges,339,1,1,0.015,190.58,30.58,3.066,6.189,1.18,0.105,1.086
histogram,fixed,edges,340,1,1,0.015,190.55,30.55,2.974,6.072,1.139,0.096,1.076
histogram,fixed,edges,341,1,1,0.015,190.55,30.55,3.045,6.142,1.172,0.1,1.074
histogram,fixed,edges,342,1,1,0.0142,190.09,30.09,2.944,6.095,1.134,0.103,1.136
histogram,fixed,edges,343,1,1,0.0142,190.24,30.24,3.013,6.14,1.139,0.097,1.076
histogram,fixed,edges,344,1,1,0.0142,190.24,30.24,3.046,6.82,1.128,0.098,1.789
histogram,fixed,edges,345,1,1,0.015,191.04,31.04,3.03,6.067,1.125,0.097,1.062
histogram,fixed,edges,346,1,1,0.0142,190.37,30.37,3.399,6.602,1.193,0.109,1.153
histogram,fixed,edges,347,1,1,0.0142,190.89,30.89,2.953,6.134,1.143,0.1,1.141
histogram,fixed,edges,348,1,1,0.0142,190.89,30.89,3.03,6.135,1.137,0.098,1.059
histogram,fixed,edges,349,1,1,0.0133,190.14,30.14,2.989,6.118,1.143,0.102,1.147
histogram,fixed,edges,350,1,1,0.0133,190.14,30.14,3.039,6.181,1.141,0.099,1.084
histogram,fixed,edges,351,1,1,0.0142,190.98,30.98,3.052,6.281,1.132,0.097,1.242
histogram,fixed,edges,352,1,1,0.0142,190.17,30.17,3.047,6.09,1.128,0.101,1.066
histogram,fixed,edges,353,1,1,0.0142,190.17,30.17,3.059,6.186,1.201,0.105,1.07
histogram,fixed,edges,354,1,1,0.0142,189.98,29.98,2.983,6.188,1.135,0.098,1.169
histogram,fixed,edges,355,1,1,0.0142,190.46,30.46,3.068,6.175,1.185,0.1,1.056
histogram,fixed,edges,356,1,1,0.0142,190.46,30.46,2.96,6.208,1.14,0.1,1.233
histogram,fixed,edges,357,1,1,0.0142,191.0,31.0,3.037,6.392,1.147,0.1,1.083
histogram,fixed,edges,358,1,1,0.0142,190.42,30.42,3.048,6.255,1.15,0.099,1.209
histogram,fixed,edges,359,1,1,0.0133,189.87,29.87,3.386,6.516,1.144,0.097,1.141
histogram,fixed,edges,360,1,1,0.0133,189.87,29.87,3.383,6.495,1.191,0.101,1.082
histogram,fixed,edges,361,1,1,0.0142,190.49,30.49,2.964,6.165,1.129,0.099,1.219
histogram,fixed,edges,362,1,1,0.015,190.45,30.45,3.029,6.171,1.141,0.101,1.091
histogram,fixed,edges,363,1,1,0.015,190.45,30.45,3.06,6.338,1.135,0.102,1.276
histogram,otsu,edges,0,1,1,0.015,191.01,31.01,3.292,6.977,1.172,0.459,1.295
histogram,otsu,edges,1,1,1,0.015,190.53,30.53,4.428,8.987,1.271,0.575,1.832
histogram,otsu,edges,2,1,1,0.015,190.53,30.53,4.419,8.958,1.272,0.606,1.699
histogram,otsu,edges,3,1,1,0.015,191.01,31.01,9.599,17.334,1.857,0.908,3.491
histogram,otsu,edges,4,1,1,0.0142,190.8,30.8,3.464,8.165,1.689,0.527,1.298
histogram,otsu,edges,5,1,1,0.0142,190.8,30.8,4.471,8.31,1.195,0.493,1.317
histogram,otsu,edges,6,1,1,0.0142,191.0,31.0,4.815,9.238,1.286,0.589,1.594
histogram,otsu,edges,7,1,1,0.015,191.11,31.11,3.118,6.797,1.155,0.491,1.199
histogram,otsu,edges,8,1,1,0.015,191.11,31.11,2.939,6.612,1.152,0.435,1.325
histogram,otsu,edges,9,1,1,0.0142,191.12,31.12,3.124,6.761,1.221,0.441,1.198
histogram,otsu,edges,10,1,1,0.0142,190.12,30.12,3.153,6.671,1.151,0.497,1.109
histogram,otsu,edges,11,1,1,0.0142,190.96,30.96,3.063,6.592,1.142,0.435,1.175
histogram,otsu,edges,12,1,1,0.0142,190.96,30.96,3.13,6.742,1.198,0.447,1.085
histogram,otsu,edges,13,1,1,0.015,190.4,30.4,3.16,6.882,1.297,0.448,1.209
histogram,otsu,edges,14,1,1,0.0142,190.64,30.64,3.146,6.78,1.157,0.439,1.272
histogram,otsu,edges,15,1,1,0.0142,190.64,30.64,3.187,6.739,1.147,0.434,1.195
histogram,otsu,edges,16,1,1,0.015,191.07,31.07,3.146,6.766,1.201,0.444,1.209
histogram,otsu,edges,17,1,1,0.015,191.07,31.07,3.17,6.809,1.151,0.501,1.201
histogram,otsu,edges,18,1,1,0.0142,191.23,31.23,3.01,6.628,1.144,0.435,1.279
histogram,otsu,edges,19,1,1,0.0142,190.98,30.98,3.15,6.758,1.207,0.436,1.189
histogram,otsu,edges,20,1,1,0.0142,190.98,30.98,3.137,6.681,1.154,0.497,1.13
histogram,otsu,edges,21,1,1,0.0142,190.98,30.98,3.094,6.717,1.147,0.435,1.266
histogram,otsu,edges,22,1,1,0.0142,190.1,30.1,3.163,6.726,1.15,0.428,1.122
histogram,otsu,edges,23,1,1,0.0142,190.1,30.1,3.185,6.727,1.2,0.44,1.121
histogram,otsu,edges,24,1,1,0.0142,190.77,30.77,3.101,6.745,1.158,0.433,1.293
histogram,otsu,edges,25,1,1,0.0142,190.52,30.52,3.117,6.562,1.153,0.434,1.085
histogram,otsu,edges,26,1,1,0.0142,190.14,30.14,3.121,6.611,1.206,0.451,1.073
histogram,otsu,edges,27,1,1,0.0142,190.88,30.88,3.117,6.734,1.155,0.432,1.253
histogram,otsu,edges,28,1,1,0.0142,190.06,30.06,3.474,7.073,1.173,0.467,1.175
histogram,otsu,edges,29,1,1,0.0142,189.96,29.96,3.059,6.577,1.142,0.43,1.122
histogram,otsu,edges,30,1,1,0.0142,190.02,30.02,3.103,6.615,1.143,0.483,1.13
histogram,otsu,edges,31,1,1,0.015,190.63,30.63,3.036,6.604,1.128,0.432,1.252
histogram,otsu,edges,32,1,1,0.015,190.63,30.63,3.15,6.781,1.216,0.431,1.199
histogram,otsu,edges,33,1,1,0.015,190.51,30.51,3.072,6.56,1.133,0.503,1.088
histogram,otsu,edges,34,1,1,0.0142,190.81,30.81,2.973,6.451,1.136,0.428,1.157
histogram,otsu,edges,35,1,1,0.0142,190.81,30.81,3.066,6.588,1.183,0.428,1.16
histogram,otsu,edges,36,1,1,0.0142,190.67,30.67,3.296,6.998,1.167,0.509,1.258
histogram,otsu,edges,37,1,1,0.0142,189.85,29.85,3.172,6.965,1.147,0.465,1.337
histogram,otsu,edges,38,1,1,0.0142,189.85,29.85,3.346,7.091,1.186,0.473,1.222
histogram,otsu,edges,39,1,1,0.015,191.12,31.12,3.463,7.192,1.247,0.461,1.236
histogram,otsu,edges,40,1,1,0.0142,190.14,30.14,3.639,7.982,1.272,0.478,1.793
histogram,otsu,edges,41,1,1,0.0142,190.03,30.03,4.853,8.814,1.292,0.489,1.355
histogram,otsu,edges,42,1,1,0.0142,190.03,30.03,3.519,7.701,1.472,0.476,1.327
histogram,otsu,edges,43,1,1,0.0142,189.8,29.8,3.516,7.327,1.274,0.472,1.183
histogram,otsu,edges,44,1,1,0.0142,189.8,29.8,3.569,7.612,1.247,0.502,1.39
histogram,otsu,edges,45,1,1,0.0142,189.8,29.8,3.493,7.266,1.225,0.464,1.215
histogram,otsu,edges,46,1,1,0.0142,190.56,30.56,3.286,7.482,1.22,0.539,1.514
histogram,otsu,edges,47,1,1,0.0142,190.56,30.56,3.3,6.981,1.171,0.439,1.254
histogram,otsu,edges,48,1,1,0.015,190.82,30.82,3.482,6.662,0.729,0.438,1.2
histogram,otsu,edges,49,1,1,0.0133,190.02,30.02,3.705,6.851,0.78,0.434,1.087
histogram,otsu,edges,50,1,1,0.0133,190.59,30.59,3.543,6.934,0.896,0.442,1.23
histogram,otsu,edges,51,1,1,0.0133,190.59,30.59,3.144,6.814,1.163,0.434,1.294
histogram,otsu,edges,52,1,1,0.015,190.56,30.56,3.115,6.742,1.134,0.433,1.187
histogram,otsu,edges,53,1,1,0.015,190.5,30.5,3.188,6.81,1.216,0.436,1.2
histogram,otsu,edges,54,1,1,0.015,190.5,30.5,3.136,6.882,1.205,0.456,1.244
histogram,otsu,edges,55,1,1,0.015,191.29,31.29,3.039,6.577,1.156,0.427,1.102
histogram,otsu,edges,56,1,1,0.015,191.29,31.29,3.124,6.751,1.214,0.442,1.19
histogram,otsu,edges,57,1,1,0.0142,189.79,29.79,3.153,6.716,1.154,0.495,1.147
histogram,otsu,edges,58,1,1,0.0142,190.01,30.01,3.053,6.658,1.149,0.437,1.25
histogram,otsu,edges,59,1,1,0.015,191.07,31.07,3.102,6.745,1.156,0.432,1.218
histogram,otsu,edges,60,1,1,0.015,191.07,31.07,3.145,6.851,1.207,0.445,1.287
histogram,otsu,edges,61,1,1,0.0133,190.11,30.11,3.475,7.013,1.146,0.436,1.186
histogram,otsu,edges,62,1,1,0.0133,190.11,30.11,3.264,7.242,1.141,0.437,1.611
histogram,otsu,edges,63,1,1,0.0133,190.11,30.11,3.362,6.911,1.137,0.426,1.156
histogram,otsu,edges,64,1,1,0.0142,190.24,30.24,3.119,6.297,1.19,0.435,0.795
histogram,otsu,edges,65,1,1,0.0142,190.29,30.29,3.098,5.779,0.719,0.426,0.777
histogram,otsu,edges,66,1,1,0.0142,190.26,30.26,3.069,5.847,0.792,0.429,0.8
histogram,otsu,edges,67,1,1,0.0125,190.16,30.16,3.373,6.064,0.702,0.436,0.788
histogram,otsu,edges,68,1,1,0.015,190.68,30.68,3.102,5.852,0.768,0.424,0.797
histogram,otsu,edges,69,1,1,0.015,190.68,30.68,3.112,5.806,0.729,0.426,0.779
histogram,otsu,edges,70,1,1,0.0142,190.03,30.03,3.098,5.843,0.721,0.467,0.809
histogram,otsu,edges,71,1,1,0.0142,190.03,30.03,3.133,5.819,0.722,0.426,0.775
histogram,otsu,edges,72,1,1,0.0142,189.99,29.99,3.064,5.848,0.717,0.467,0.817
histogram,otsu,edges,73,1,1,0.015,190.76,30.76,3.111,5.786,0.716,0.423,0.784
histogram,otsu,edges,74,1,1,0.015,190.76,30.76,2.989,5.723,0.729,0.429,0.831
histogram,otsu,edges,75,1,1,0.015,190.76,30.76,3.052,5.724,0.711,0.425,0.783
histogram,otsu,edges,76,1,1,0.0142,190.36,30.36,2.944,5.725,0.727,0.423,0.882
histogram,otsu,edges,77,1,1,0.0142,190.36,30.36,3.029,5.776,0.711,0.425,0.79
histogram,otsu,edges,78,1,1,0.015,190.71,30.71,2.979,5.752,0.729,0.426,0.799
histogram,otsu,edges,79,1,1,0.0142,191.06,31.06,3.083,5.771,0.733,0.428,0.779
histogram,otsu,edges,80,1,1,0.0142,191.06,31.06,3.07,5.776,0.726,0.422,0.807
histogram,otsu,edges,81,1,1,0.0142,191.06,31.06,3.061,5.787,0.767,0.43,0.775
histogram,otsu,edges,82,1,1,0.0133,190.22,30.22,3.135,5.863,0.727,0.426,0.785
histogram,otsu,edges,83,1,1,0.015,190.75,30.75,3.049,5.781,0.767,0.431,0.784
histogram,otsu,edges,84,1,1,0.015,190.75,30.75,3.049,5.746,0.719,0.424,0.792
histogram,otsu,edges,85,1,1,0.015,190.74,30.74,3.1,5.835,0.722,0.468,0.79
histogram,otsu,edges,86,1,1,0.015,190.74,30.74,3.051,5.731,0.715,0.426,0.804
histogram,otsu,edges,87,1,1,0.0142,190.04,30.04,2.987,5.742,0.723,0.427,0.848
histogram,otsu,edges,88,1,1,0.015,190.91,30.91,3.043,5.786,0.708,0.425,0.792
histogram,otsu,edges,89,1,1,0.0133,189.98,29.98,3.314,6.116,0.722,0.427,0.894
histogram,otsu,edges,90,1,1,0.0142,189.93,29.93,3.074,5.833,0.717,0.426,0.8
histogram,otsu,edges,91,1,1,0.0142,190.43,30.43,2.983,5.741,0.726,0.426,0.867
histogram,otsu,edges,92,1,1,0.0142,191.31,31.31,3.012,5.831,0.723,0.425,0.812
histogram,otsu,edges,93,1,1,0.0142,191.31,31.31,2.958,5.706,0.72,0.427,0.838
histogram,otsu,edges,94,1,1,0.0142,190.14,30.14,3.061,5.795,0.753,0.432,0.794
histogram,otsu,edges,95,1,1,0.0142,190.56,30.56,3.076,5.781,0.728,0.424,0.797
histogram,otsu,edges,96,1,1,0.0142,190.56,30.56,3.084,5.816,0.753,0.431,0.798
histogram,otsu,edges,97,1,1,0.0142,190.89,30.89,3.08,5.764,0.721,0.424,0.781
histogram,otsu,edges,98,1,1,0.0142,190.89,30.89,3.058,5.808,0.729,0.473,0.791
histogram,otsu,edges,99,1,1,0.0142,190.85,30.85,3.053,5.74,0.716,0.427,0.791
histogram,otsu,edges,100,1,1,0.015,190.43,30.43,3.041,5.771,0.722,0.466,0.793
histogram,otsu,edges,101,1,1,0.015,190.43,30.43,3.212,5.903,0.72,0.429,0.778
histogram,otsu,edges,102,1,1,0.0142,191.38,31.38,2.959,5.756,0.737,0.427,0.847
histogram,otsu,edges,103,1,1,0.0142,190.08,30.08,3.089,5.756,0.716,0.424,0.781
histogram,otsu,edges,104,1,1,0.0142,190.08,30.08,2.981,5.774,0.76,0.428,0.854
histogram,otsu,edges,105,1,1,0.0142,191.02,31.02,3.068,5.834,0.707,0.427,0.793
histogram,otsu,edges,106,1,1,0.0142,190.03,30.03,2.966,5.723,0.722,0.424,0.857
histogram,otsu,edges,107,1,1,0.0142,189.87,29.87,3.062,5.796,0.774,0.424,0.784
histogram,otsu,edges,108,1,1,0.0142,189.87,29.87,2.991,5.753,0.72,0.424,0.8
histogram,otsu,edges,109,1,1,0.015,190.69,30.69,3.071,5.788,0.758,0.428,0.774
histogram,otsu,edges,110,1,1,0.0142,189.97,29.97,3.089,5.755,0.731,0.427,0.773
histogram,otsu,edges,111,1,1,0.0142,189.97,29.97,3.069,5.79,0.769,0.426,0.773
histogram,otsu,edges,112,1,1,0.0142,191.02,31.02,3.049,5.798,0.733,0.429,0.8
histogram,otsu,edges,113,1,1,0.015,190.34,30.34,3.068,5.815,0.728,0.465,0.8
histogram,otsu,edges,114,1,1,0.015,190.34,30.34,3.071,5.775,0.723,0.427,0.798
histogram,otsu,edges,115,1,1,0.0142,191.1,31.1,2.955,5.703,0.719,0.42,0.842
histogram,otsu,edges,116,1,1,0.0142,191.1,31.1,3.022,5.703,0.72,0.428,0.788
histogram,otsu,edges,117,1,1,0.015,191.37,31.37,3.003,5.789,0.73,0.425,0.871
histogram,otsu,edges,118,1,1,0.0142,189.63,29.63,3.088,5.862,0.722,0.422,0.813
histogram,otsu,edges,119,1,1,0.0142,189.63,29.63,2.975,5.717,0.72,0.425,0.849
histogram,otsu,edges,120,1,1,0.015,191.24,31.24,3.031,5.808,0.799,0.427,0.8
histogram,otsu,edges,121,1,1,0.0142,190.87,30.87,3.058,5.759,0.719,0.424,0.803
histogram,otsu,edges,122,1,1,0.0142,190.87,30.87,3.084,5.874,0.761,0.431,0.807
histogram,otsu,edges,123,1,1,0.0142,189.61,29.61,3.178,5.861,0.715,0.426,0.791
histogram,otsu,edges,124,1,1,0.0142,190.14,30.14,3.08,5.824,0.767,0.431,0.789
histogram,otsu,edges,125,1,1,0.0142,190.14,30.14,3.079,5.775,0.725,0.427,0.78
histogram,otsu,edges,126,1,1,0.0142,190.22,30.22,3.063,5.807,0.723,0.468,0.799
histogram,otsu,edges,127,1,1,0.0142,189.96,29.96,3.083,5.763,0.728,0.426,0.776
histogram,otsu,edges,128,1,1,0.0142,189.96,29.96,3.064,5.835,0.736,0.469,0.814
histogram,otsu,edges,129,1,1,0.0142,191.27,31.27,3.059,5.768,0.721,0.425,0.802
histogram,otsu,edges,130,1,1,0.015,190.98,30.98,2.963,5.733,0.728,0.421,0.865
histogram,otsu,edges,131,1,1,0.015,190.98,30.98,3.064,5.826,0.728,0.425,0.791
histogram,otsu,edges,132,1,1,0.015,190.98,30.98,2.961,5.78,0.732,0.429,0.882
histogram,otsu,edges,133,1,1,0.015,190.56,30.56,3.107,5.859,0.714,0.423,0.779
histogram,otsu,edges,134,1,1,0.015,190.56,30.56,3.036,5.8,0.727,0.427,0.864
histogram,otsu,edges,135,1,1,0.0142,190.61,30.61,3.063,5.804,0.783,0.425,0.779
histogram,otsu,edges,136,1,1,0.015,190.71,30.71,2.985,5.751,0.724,0.424,0.799
histogram,otsu,edges,137,1,1,0.015,190.71,30.71,3.084,5.864,0.783,0.43,0.8
histogram,otsu,edges,138,1,1,0.015,190.66,30.66,3.092,5.801,0.725,0.428,0.801
histogram,otsu,edges,139,1,1,0.015,190.96,30.96,3.363,6.097,0.76,0.428,0.788
histogram,otsu,edges,140,1,1,0.015,190.96,30.96,3.056,5.785,0.718,0.422,0.789
histogram,otsu,edges,141,1,1,0.015,190.56,30.56,3.089,5.804,0.761,0.426,0.778
histogram,otsu,edges,142,1,1,0.015,190.99,30.99,3.038,5.764,0.724,0.425,0.794
histogram,otsu,edges,143,1,1,0.015,190.99,30.99,3.06,5.814,0.72,0.469,0.803
histogram,otsu,edges,144,1,1,0.0142,190.17,30.17,3.083,5.785,0.728,0.429,0.798
histogram,otsu,edges,145,1,1,0.0142,190.2,30.2,3.093,5.948,0.719,0.576,0.804
histogram,otsu,edges,146,1,1,0.0142,190.2,30.2,3.107,5.79,0.717,0.426,0.801
histogram,otsu,edges,147,1,1,0.0142,190.26,30.26,2.962,5.687,0.721,0.425,0.822
histogram,otsu,edges,148,1,1,0.0142,190.03,30.03,3.066,5.764,0.719,0.426,0.792
histogram,otsu,edges,149,1,1,0.0142,190.03,30.03,3.051,5.855,0.743,0.421,0.879
histogram,otsu,edges,150,1,1,0.0142,190.71,30.71,3.062,5.819,0.713,0.42,0.805
histogram,otsu,edges,151,1,1,0.0142,190.04,30.04,2.976,5.75,0.722,0.428,0.87
histogram,otsu,edges,152,1,1,0.0142,191.0,31.0,3.079,5.874,0.722,0.426,0.783
histogram,otsu,edges,153,1,1,0.0142,191.0,31.0,2.987,5.759,0.735,0.423,0.785
histogram,otsu,edges,154,1,1,0.0142,190.54,30.54,3.058,5.783,0.761,0.428,0.793
histogram,otsu,edges,155,1,1,0.0142,191.07,31.07,3.014,5.712,0.718,0.427,0.802
histogram,otsu,edges,156,1,1,0.0142,191.07,31.07,3.003,5.765,0.764,0.432,0.812
histogram,otsu,edges,157,1,1,0.0142,191.17,31.17,3.063,5.748,0.708,0.428,0.785
histogram,otsu,edges,158,1,1,0.0142,191.17,31.17,3.06,5.82,0.729,0.467,0.811
histogram,otsu,edges,159,1,1,0.0142,190.39,30.39,3.082,5.749,0.713,0.424,0.781
histogram,otsu,edges,160,1,1,0.015,190.74,30.74,2.991,5.801,0.723,0.426,0.842
histogram,otsu,edges,161,1,1,0.015,190.74,30.74,3.042,5.727,0.715,0.423,0.783
histogram,otsu,edges,162,1,1,0.0142,190.61,30.61,2.975,5.772,0.741,0.421,0.854
histogram,otsu,edges,163,1,1,0.015,190.45,30.45,3.057,5.813,0.723,0.424,0.784
histogram,otsu,edges,164,1,1,0.0142,189.92,29.92,2.977,5.752,0.723,0.427,0.876
histogram,otsu,edges,165,1,1,0.0142,189.92,29.92,3.187,5.953,0.78,0.428,0.794
histogram,otsu,edges,166,1,1,0.0142,190.8,30.8,3.349,6.892,1.204,0.53,1.022
histogram,otsu,edges,167,1,1,0.0142,190.8,30.8,3.161,6.273,0.737,0.434,1.166
histogram,otsu,edges,168,1,1,0.0142,190.8,30.8,3.171,6.303,0.819,0.435,1.105
histogram,otsu,edges,169,1,1,0.015,191.0,31.0,3.11,5.822,0.716,0.422,0.811
histogram,otsu,edges,170,1,1,0.015,191.0,31.0,3.096,6.11,1.022,0.434,0.798
histogram,otsu,edges,171,1,1,0.0142,191.14,31.14,3.06,6.175,0.753,0.435,1.157
histogram,otsu,edges,172,1,1,0.0142,190.02,30.02,3.13,5.926,0.76,0.428,0.808
histogram,otsu,edges,173,1,1,0.0133,188.86,28.86,3.424,6.235,0.737,0.429,0.796
histogram,otsu,edges,174,1,1,0.0133,188.86,28.86,3.498,6.227,0.696,0.428,0.787
histogram,otsu,edges,175,1,1,0.0142,191.2,31.2,3.136,6.342,0.74,0.434,1.257
histogram,otsu,edges,176,1,1,0.0142,191.2,31.2,3.119,5.809,0.715,0.428,0.797
histogram,otsu,edges,177,1,1,0.0142,190.51,30.51,3.181,6.385,0.766,0.566,1.096
histogram,otsu,edges,178,1,1,0.0142,190.64,30.64,3.129,5.807,0.698,0.431,0.793
histogram,otsu,edges,179,1,1,0.0142,190.64,30.64,3.15,6.321,0.756,0.476,1.169
histogram,otsu,edges,180,1,1,0.0142,190.37,30.37,3.164,5.852,0.709,0.428,0.794
histogram,otsu,edges,181,1,1,0.015,190.99,30.99,3.136,5.883,0.733,0.433,0.805
histogram,otsu,edges,182,1,1,0.0142,190.77,30.77,3.017,6.68,1.149,0.434,1.284
histogram,otsu,edges,183,1,1,0.0142,190.77,30.77,3.143,6.799,1.148,0.431,1.246
histogram,otsu,edges,184,1,1,0.0142,190.88,30.88,3.135,6.668,1.198,0.442,1.102
histogram,otsu,edges,185,1,1,0.0142,190.88,30.88,3.043,6.59,1.142,0.428,1.202
histogram,otsu,edges,186,1,1,0.0142,190.25,30.25,3.076,6.59,1.143,0.435,1.098
histogram,otsu,edges,187,1,1,0.0142,190.97,30.97,3.179,6.715,1.198,0.445,1.11
histogram,otsu,edges,188,1,1,0.0142,190.14,30.14,3.1,6.738,1.14,0.435,1.303
histogram,otsu,edges,189,1,1,0.0142,190.14,30.14,3.144,6.619,1.145,0.435,1.118
histogram,otsu,edges,190,1,1,0.0142,190.77,30.77,3.125,6.645,1.207,0.438,1.105
histogram,otsu,edges,191,1,1,0.0142,190.77,30.77,3.132,6.656,1.149,0.437,1.172
histogram,otsu,edges,192,1,1,0.0142,190.23,30.23,3.134,6.715,1.15,0.438,1.182
histogram,otsu,edges,193,1,1,0.0142,190.66,30.66,3.317,6.941,1.203,0.437,1.198
histogram,otsu,edges,194,1,1,0.0142,190.48,30.48,3.094,6.571,1.149,0.485,1.065
histogram,otsu,edges,195,1,1,0.0142,190.48,30.48,3.01,6.435,1.13,0.424,1.048
histogram,otsu,edges,196,1,1,0.0142,190.0,30.0,3.098,6.621,1.196,0.428,1.146
histogram,otsu,edges,197,1,1,0.0142,190.0,30.0,3.094,6.506,1.125,0.424,1.103
histogram,otsu,edges,198,1,1,0.0142,189.97,29.97,3.027,6.425,1.129,0.421,1.11
histogram,otsu,edges,199,1,1,0.0142,190.1,30.1,3.097,6.204,1.135,0.431,0.791
histogram,otsu,edges,200,1,1,0.0142,190.1,30.1,3.053,5.753,0.737,0.428,0.798
histogram,otsu,edges,201,1,1,0.0142,190.1,30.1,3.094,5.826,0.762,0.43,0.783
histogram,otsu,edges,202,1,1,0.0142,190.64,30.64,3.054,5.806,0.733,0.426,0.804
histogram,otsu,edges,203,1,1,0.0142,190.08,30.08,3.075,5.802,0.766,0.431,0.776
histogram,otsu,edges,204,1,1,0.0142,190.08,30.08,3.061,5.748,0.727,0.426,0.792
histogram,otsu,edges,205,1,1,0.0142,190.17,30.17,3.034,5.77,0.724,0.465,0.777
histogram,otsu,edges,206,1,1,0.0142,190.17,30.17,3.029,5.713,0.716,0.43,0.792
histogram,otsu,edges,207,1,1,0.0142,189.97,29.97,2.998,5.781,0.73,0.427,0.874
histogram,otsu,edges,208,1,1,0.0142,191.05,31.05,3.047,5.797,0.71,0.423,0.796
histogram,otsu,edges,209,1,1,0.0142,191.23,31.23,2.945,5.742,0.739,0.426,0.87
histogram,otsu,edges,210,1,1,0.0142,191.06,31.06,3.037,5.783,0.713,0.421,0.797
histogram,otsu,edges,211,1,1,0.0142,190.39,30.39,2.969,5.749,0.726,0.425,0.793
histogram,otsu,edges,212,1,1,0.0142,190.61,30.61,3.144,5.93,0.772,0.428,0.803
histogram,otsu,edges,213,1,1,0.0142,190.61,30.61,3.056,5.746,0.727,0.426,0.776
histogram,otsu,edges,214,1,1,0.0142,190.09,30.09,3.064,5.809,0.77,0.428,0.798
histogram,otsu,edges,215,1,1,0.0142,190.09,30.09,3.085,5.766,0.719,0.426,0.786
histogram,otsu,edges,216,1,1,0.015,190.78,30.78,3.057,5.807,0.777,0.428,0.791
histogram,otsu,edges,217,1,1,0.0142,189.79,29.79,3.08,5.792,0.739,0.421,0.801
histogram,otsu,edges,218,1,1,0.0142,190.28,30.28,3.052,5.816,0.738,0.468,0.816
histogram,otsu,edges,219,1,1,0.0142,189.94,29.94,3.081,5.783,0.724,0.427,0.792
histogram,otsu,edges,220,1,1,0.015,190.66,30.66,2.979,5.709,0.731,0.426,0.812
histogram,otsu,edges,221,1,1,0.0142,190.26,30.26,3.037,5.706,0.71,0.424,0.781
histogram,otsu,edges,222,1,1,0.0142,190.26,30.26,2.948,5.756,0.742,0.427,0.866
histogram,otsu,edges,223,1,1,0.015,190.85,30.85,3.056,5.806,0.708,0.426,0.787
histogram,otsu,edges,224,1,1,0.0142,190.9,30.9,2.952,5.723,0.723,0.426,0.802
histogram,otsu,edges,225,1,1,0.0142,190.9,30.9,3.053,5.787,0.765,0.432,0.779
histogram,otsu,edges,226,1,1,0.0142,190.97,30.97,3.063,5.765,0.717,0.422,0.812
histogram,otsu,edges,227,1,1,0.0142,190.97,30.97,3.093,5.831,0.756,0.428,0.794
histogram,otsu,edges,228,1,1,0.0142,190.09,30.09,3.102,5.802,0.726,0.427,0.791
histogram,otsu,edges,229,1,1,0.0142,190.47,30.47,3.073,5.841,0.728,0.47,0.805
histogram,otsu,edges,230,1,1,0.0142,190.47,30.47,3.079,5.805,0.729,0.423,0.817
histogram,otsu,edges,231,1,1,0.0142,190.48,30.48,3.07,5.803,0.723,0.468,0.788
histogram,otsu,edges,232,1,1,0.0142,190.33,30.33,3.075,5.81,0.723,0.424,0.796
histogram,otsu,edges,233,1,1,0.0142,190.33,30.33,2.976,5.718,0.725,0.42,0.834
histogram,otsu,edges,234,1,1,0.0142,190.33,30.33,3.046,5.723,0.713,0.425,0.791
histogram,otsu,edges,235,1,1,0.0142,190.59,30.59,2.962,5.753,0.733,0.425,0.888
histogram,otsu,edges,236,1,1,0.0142,190.59,30.59,3.033,5.803,0.709,0.423,0.81
histogram,otsu,edges,237,1,1,0.0142,190.66,30.66,2.981,5.74,0.727,0.425,0.849
histogram,otsu,edges,238,1,1,0.0142,191.24,31.24,3.062,5.815,0.767,0.427,0.804
histogram,otsu,edges,239,1,1,0.0142,190.07,30.07,2.991,5.786,0.722,0.425,0.805
histogram,otsu,edges,240,1,1,0.015,190.37,30.37,3.06,5.856,0.814,0.431,0.785
histogram,otsu,edges,241,1,1,0.0142,190.08,30.08,3.142,5.82,0.722,0.428,0.785
histogram,otsu,edges,242,1,1,0.0142,190.08,30.08,3.126,5.901,0.766,0.431,0.792
histogram,otsu,edges,243,1,1,0.0142,190.08,30.08,3.135,5.831,0.728,0.425,0.776
histogram,otsu,edges,244,1,1,0.0133,190.11,30.11,3.428,6.203,0.773,0.43,0.813
histogram,otsu,edges,245,1,1,0.0133,190.11,30.11,3.395,6.074,0.713,0.424,0.796
histogram,otsu,edges,246,1,1,0.015,191.05,31.05,3.077,5.822,0.764,0.425,0.802
histogram,otsu,edges,247,1,1,0.0133,190.96,30.96,3.32,6.024,0.725,0.427,0.792
histogram,otsu,edges,248,1,1,0.0142,190.66,30.66,3.067,5.825,0.769,0.427,0.805
histogram,otsu,edges,249,1,1,0.0142,190.66,30.66,3.085,5.769,0.734,0.425,0.777
histogram,otsu,edges,250,1,1,0.0142,191.06,31.06,3.092,5.849,0.764,0.431,0.802
histogram,otsu,edges,251,1,1,0.0142,191.06,31.06,3.069,5.762,0.724,0.425,0.781
histogram,otsu,edges,252,1,1,0.015,190.45,30.45,3.061,5.861,0.737,0.468,0.808
histogram,otsu,edges,253,1,1,0.0142,190.11,30.11,3.053,5.744,0.725,0.425,0.787
histogram,otsu,edges,254,1,1,0.0142,190.11,30.11,3.048,5.812,0.73,0.461,0.814
histogram,otsu,edges,255,1,1,0.0142,190.42,30.42,3.058,5.738,0.71,0.426,0.786
histogram,otsu,edges,256,1,1,0.0142,190.52,30.52,2.973,5.749,0.729,0.425,0.873
histogram,otsu,edges,257,1,1,0.0142,190.52,30.52,3.053,5.796,0.708,0.422,0.794
histogram,otsu,edges,258,1,1,0.015,190.68,30.68,2.976,5.751,0.725,0.425,0.879
histogram,otsu,edges,259,1,1,0.0142,190.42,30.42,3.025,5.793,0.707,0.426,0.798
histogram,otsu,edges,260,1,1,0.0142,190.42,30.42,2.995,5.762,0.724,0.423,0.797
histogram,otsu,edges,261,1,1,0.015,190.93,30.93,3.072,5.801,0.76,0.43,0.785
histogram,otsu,edges,262,1,1,0.015,190.97,30.97,3.055,5.796,0.723,0.424,0.804
histogram,otsu,edges,263,1,1,0.015,190.97,30.97,3.069,5.816,0.75,0.427,0.802
histogram,otsu,edges,264,1,1,0.0142,190.14,30.14,3.064,5.75,0.723,0.428,0.789
histogram,otsu,edges,265,1,1,0.0142,190.05,30.05,3.053,5.792,0.718,0.464,0.799
histogram,otsu,edges,266,1,1,0.0142,190.05,30.05,3.069,5.796,0.744,0.424,0.802
histogram,otsu,edges,267,1,1,0.015,190.76,30.76,3.051,5.791,0.719,0.466,0.802
histogram,otsu,edges,268,1,1,0.0142,190.12,30.12,3.04,5.725,0.714,0.427,0.795
histogram,otsu,edges,269,1,1,0.015,190.62,30.62,2.983,5.743,0.728,0.426,0.844
histogram,otsu,edges,270,1,1,0.015,190.62,30.62,3.124,5.89,0.71,0.42,0.803
histogram,otsu,edges,271,1,1,0.0142,190.1,30.1,2.968,5.754,0.726,0.427,0.877
histogram,otsu,edges,272,1,1,0.0142,190.32,30.32,3.05,5.838,0.71,0.425,0.789
histogram,otsu,edges,273,1,1,0.0142,190.32,30.32,2.972,5.747,0.723,0.425,0.794
histogram,otsu,edges,274,1,1,0.0142,190.11,30.11,3.071,5.829,0.774,0.431,0.797
histogram,otsu,edges,275,1,1,0.0142,190.11,30.11,3.049,5.741,0.722,0.419,0.795
histogram,otsu,edges,276,1,1,0.015,190.66,30.66,3.06,5.812,0.773,0.432,0.798
histogram,otsu,edges,277,1,1,0.0142,190.49,30.49,3.062,5.734,0.715,0.427,0.772
histogram,otsu,edges,278,1,1,0.0142,190.14,30.14,3.038,5.793,0.721,0.468,0.807
histogram,otsu,edges,279,1,1,0.0142,190.14,30.14,3.06,5.716,0.711,0.423,0.782
histogram,otsu,edges,280,1,1,0.0142,190.09,30.09,3.038,5.793,0.744,0.424,0.83
histogram,otsu,edges,281,1,1,0.0142,190.09,30.09,3.067,5.742,0.716,0.421,0.785
histogram,otsu,edges,282,1,1,0.0142,190.72,30.72,2.986,5.769,0.722,0.427,0.855
histogram,otsu,edges,283,1,1,0.0142,191.03,31.03,3.042,5.795,0.707,0.426,0.785
histogram,otsu,edges,284,1,1,0.0142,191.03,31.03,2.949,5.726,0.721,0.42,0.881
histogram,otsu,edges,285,1,1,0.0142,191.2,31.2,3.046,5.785,0.773,0.429,0.784
histogram,otsu,edges,286,1,1,0.015,190.36,30.36,3.033,5.734,0.727,0.425,0.786
histogram,otsu,edges,287,1,1,0.015,190.67,30.67,3.064,5.79,0.767,0.424,0.782
histogram,otsu,edges,288,1,1,0.015,190.67,30.67,3.069,5.769,0.733,0.425,0.796
histogram,otsu,edges,289,1,1,0.0142,189.98,29.98,3.079,5.826,0.758,0.43,0.797
histogram,otsu,edges,290,1,1,0.0142,189.98,29.98,3.052,5.753,0.72,0.421,0.805
histogram,otsu,edges,291,1,1,0.0142,191.35,31.35,3.057,5.785,0.716,0.468,0.788
histogram,otsu,edges,292,1,1,0.0133,189.95,29.95,3.384,6.111,0.721,0.425,0.798
histogram,otsu,edges,293,1,1,0.0133,190.1,30.1,3.215,5.948,0.72,0.468,0.795
histogram,otsu,edges,294,1,1,0.0133,190.1,30.1,3.204,5.875,0.716,0.424,0.8
histogram,otsu,edges,295,1,1,0.015,190.58,30.58,3.077,5.797,0.729,0.464,0.778
histogram,otsu,edges,296,1,1,0.015,190.58,30.58,3.047,5.709,0.717,0.428,0.771
histogram,otsu,edges,297,1,1,0.0142,190.85,30.85,2.966,5.769,0.725,0.426,0.907
histogram,otsu,edges,298,1,1,0.0142,191.0,31.0,3.064,5.857,0.719,0.426,0.819
histogram,otsu,edges,299,1,1,0.015,190.74,30.74,2.964,5.73,0.725,0.429,0.86
histogram,otsu,edges,300,1,1,0.0142,190.75,30.75,3.061,5.808,0.707,0.425,0.803
histogram,otsu,edges,301,1,1,0.0142,189.89,29.89,2.977,5.747,0.73,0.425,0.79
histogram,otsu,edges,302,1,1,0.0142,189.89,29.89,3.084,5.878,0.767,0.428,0.806
histogram,otsu,edges,303,1,1,0.0142,190.4,30.4,3.044,5.768,0.768,0.427,0.781
histogram,otsu,edges,304,1,1,0.0133,189.98,29.98,3.388,6.131,0.763,0.428,0.805
histogram,otsu,edges,305,1,1,0.0133,189.98,29.98,3.389,6.075,0.733,0.427,0.782
histogram,otsu,edges,306,1,1,0.0142,189.77,29.77,3.04,5.801,0.781,0.428,0.79
histogram,otsu,edges,307,1,1,0.0142,190.74,30.74,3.066,5.742,0.721,0.426,0.778
histogram,otsu,edges,308,1,1,0.0142,190.74,30.74,3.076,5.814,0.761,0.428,0.806
histogram,otsu,edges,309,1,1,0.0142,191.24,31.24,3.01,5.704,0.72,0.426,0.788
histogram,otsu,edges,310,1,1,0.0142,190.54,30.54,3.262,5.996,0.761,0.429,0.787
histogram,otsu,edges,311,1,1,0.0142,190.54,30.54,3.099,5.839,0.704,0.424,0.777
histogram,otsu,edges,312,1,1,0.0142,191.04,31.04,3.08,5.873,0.727,0.428,0.798
histogram,otsu,edges,313,1,1,0.0142,190.38,30.38,3.078,5.759,0.723,0.425,0.786
histogram,otsu,edges,314,1,1,0.0142,190.38,30.38,3.051,5.792,0.727,0.467,0.794
histogram,otsu,edges,315,1,1,0.015,190.64,30.64,3.087,5.763,0.718,0.423,0.783
histogram,otsu,edges,316,1,1,0.015,190.86,30.86,3.091,5.973,0.726,0.428,0.987
histogram,otsu,edges,317,1,1,0.015,190.86,30.86,3.08,5.766,0.711,0.429,0.793
histogram,otsu,edges,318,1,1,0.0142,189.98,29.98,2.976,5.793,0.746,0.426,0.88
histogram,otsu,edges,319,1,1,0.0142,190.35,30.35,3.062,5.793,0.717,0.423,0.777
histogram,otsu,edges,320,1,1,0.0142,190.3,30.3,2.961,5.739,0.732,0.428,0.866
histogram,otsu,edges,321,1,1,0.0142,190.3,30.3,3.057,5.809,0.716,0.421,0.795
histogram,otsu,edges,322,1,1,0.015,190.66,30.66,2.975,5.784,0.72,0.426,0.813
histogram,otsu,edges,323,1,1,0.015,190.66,30.66,3.08,5.822,0.762,0.429,0.794
histogram,otsu,edges,324,1,1,0.0142,190.44,30.44,3.059,5.814,0.751,0.432,0.811
histogram,otsu,edges,325,1,1,0.015,191.12,31.12,3.13,5.862,0.762,0.428,0.789
histogram,otsu,edges,326,1,1,0.0142,190.31,30.31,3.042,5.707,0.712,0.426,0.793
histogram,otsu,edges,327,1,1,0.0133,189.93,29.93,3.407,6.138,0.727,0.467,0.782
histogram,otsu,edges,328,1,1,0.015,190.85,30.85,3.066,5.772,0.724,0.426,0.809
histogram,otsu,edges,329,1,1,0.015,190.67,30.67,3.047,5.787,0.759,0.432,0.794
histogram,otsu,edges,330,1,1,0.0142,190.41,30.41,3.04,5.744,0.729,0.423,0.806
histogram,otsu,edges,331,1,1,0.015,190.51,30.51,3.115,5.861,0.722,0.466,0.796
histogram,otsu,edges,332,1,1,0.0142,190.5,30.5,3.304,6.04,0.718,0.424,0.8
histogram,otsu,edges,333,1,1,0.0142,190.5,30.5,3.303,6.77,0.75,0.514,1.406
histogram,otsu,edges,334,1,1,0.0142,190.08,30.08,2.998,5.812,0.721,0.428,0.81
histogram,otsu,edges,335,1,1,0.0142,190.85,30.85,3.09,5.862,0.794,0.433,0.794
histogram,otsu,edges,336,1,1,0.0142,190.85,30.85,3.084,5.821,0.739,0.43,0.797
histogram,otsu,edges,337,1,1,0.015,190.49,30.49,3.124,5.887,0.781,0.431,0.789
histogram,otsu,edges,338,1,1,0.015,190.49,30.49,3.181,5.89,0.735,0.429,0.797
histogram,otsu,edges,339,1,1,0.015,190.58,30.58,3.065,5.813,0.774,0.43,0.781
histogram,otsu,edges,340,1,1,0.015,190.55,30.55,3.061,5.758,0.725,0.43,0.798
histogram,otsu,edges,341,1,1,0.015,190.55,30.55,3.059,5.776,0.728,0.468,0.768
histogram,otsu,edges,342,1,1,0.0142,190.09,30.09,3.051,5.786,0.716,0.425,0.811
histogram,otsu,edges,343,1,1,0.0142,190.24,30.24,3.344,6.295,0.72,0.425,1.049
histogram,otsu,edges,344,1,1,0.0142,190.24,30.24,3.111,6.754,1.035,0.491,1.282
histogram,otsu,edges,345,1,1,0.015,191.04,31.04,3.102,5.877,0.729,0.424,0.801
histogram,otsu,edges,346,1,1,0.0142,190.37,30.37,2.977,5.781,0.735,0.426,0.781
histogram,otsu,edges,347,1,1,0.0142,190.89,30.89,3.062,5.783,0.762,0.427,0.782
histogram,otsu,edges,348,1,1,0.0142,190.89,30.89,3.201,5.911,0.727,0.427,0.808
histogram,otsu,edges,349,1,1,0.0133,190.14,30.14,3.064,5.929,0.886,0.433,0.778
histogram,otsu,edges,350,1,1,0.0133,190.14,30.14,3.093,5.776,0.721,0.422,0.797
histogram,otsu,edges,351,1,1,0.0142,190.98,30.98,3.064,5.794,0.766,0.428,0.783
histogram,otsu,edges,352,1,1,0.0142,190.17,30.17,3.071,5.803,0.727,0.426,0.791
histogram,otsu,edges,353,1,1,0.0142,190.17,30.17,3.061,5.796,0.716,0.464,0.801
histogram,otsu,edges,354,1,1,0.0142,189.98,29.98,3.064,5.745,0.72,0.426,0.793
histogram,otsu,edges,355,1,1,0.0142,190.46,30.46,3.111,5.853,0.717,0.466,0.81
histogram,otsu,edges,356,1,1,0.0142,190.46,30.46,3.031,5.781,0.756,0.427,0.815
histogram,otsu,edges,357,1,1,0.0142,191.0,31.0,2.986,5.774,0.732,0.42,0.874
histogram,otsu,edges,358,1,1,0.0142,190.42,30.42,3.041,5.813,0.727,0.426,0.804
histogram,otsu,edges,359,1,1,0.0133,189.87,29.87,3.349,6.147,0.745,0.427,0.882
histogram,otsu,edges,360,1,1,0.0133,189.87,29.87,3.387,6.077,0.715,0.421,0.797
histogram,otsu,edges,361,1,1,0.0142,190.49,30.49,3.057,5.828,0.733,0.426,0.85
histogram,otsu,edges,362,1,1,0.015,190.45,30.45,3.055,5.807,0.75,0.427,0.786
histogram,otsu,edges,363,1,1,0.015,190.45,30.45,2.998,5.771,0.745,0.425,0.849
histogram,adaptive,edges,0,1,1,0.015,191.01,31.01,4.363,17.287,1.167,8.964,1.967
histogram,adaptive,edges,1,1,1,0.015,190.53,30.53,8.551,27.311,1.265,12.689,3.62
histogram,adaptive,edges,2,1,1,0.015,190.53,30.53,4.448,17.11,1.164,8.846,1.753
histogram,adaptive,edges,3,1,1,0.015,191.01,31.01,3.093,15.356,1.508,8.576,1.327
histogram,adaptive,edges,4,1,1,0.0142,190.8,30.8,3.117,14.902,1.151,8.522,1.344
histogram,adaptive,edges,5,1,1,0.0142,190.8,30.8,3.061,14.885,1.159,8.547,1.344
histogram,adaptive,edges,6,1,1,0.0142,191.0,31.0,3.129,14.975,1.155,8.458,1.369
histogram,adaptive,edges,7,1,1,0.015,191.11,31.11,3.068,14.858,1.197,8.464,1.354
histogram,adaptive,edges,8,1,1,0.015,191.11,31.11,3.059,14.849,1.151,8.514,1.35
histogram,adaptive,edges,9,1,1,0.0142,191.12,31.12,3.082,14.85,1.151,8.413,1.436
histogram,adaptive,edges,10,1,1,0.0142,190.12,30.12,3.128,14.922,1.151,8.444,1.358
histogram,adaptive,edges,11,1,1,0.0142,190.96,30.96,3.143,14.974,1.201,8.503,1.351
histogram,adaptive,edges,12,1,1,0.0142,190.96,30.96,3.117,15.675,2.041,8.567,1.193
histogram,adaptive,edges,13,1,1,0.015,190.4,30.4,3.067,14.708,1.14,8.363,1.375
histogram,adaptive,edges,14,1,1,0.0142,190.64,30.64,3.056,14.638,1.141,8.37,1.317
histogram,adaptive,edges,15,1,1,0.0142,190.64,30.64,3.079,14.602,1.188,8.332,1.25
histogram,adaptive,edges,16,1,1,0.015,191.07,31.07,3.426,15.346,1.216,8.491,1.409
histogram,adaptive,edges,17,1,1,0.015,191.07,31.07,3.422,15.539,1.17,8.563,1.599
histogram,adaptive,edges,18,1,1,0.0142,191.23,31.23,3.314,15.408,1.162,8.573,1.568
histogram,adaptive,edges,19,1,1,0.0142,190.98,30.98,3.251,15.271,1.181,8.546,1.431
histogram,adaptive,edges,20,1,1,0.0142,190.98,30.98,3.229,15.091,1.174,8.576,1.294
histogram,adaptive,edges,21,1,1,0.0142,190.98,30.98,3.647,15.327,1.184,8.527,1.201
histogram,adaptive,edges,22,1,1,0.0142,190.1,30.1,3.055,14.717,1.173,8.548,1.184
histogram,adaptive,edges,23,1,1,0.0142,190.1,30.1,3.007,14.493,1.135,8.35,1.248
histogram,adaptive,edges,24,1,1,0.0142,190.77,30.77,3.059,14.544,1.207,8.326,1.207
histogram,adaptive,edges,25,1,1,0.0142,190.52,30.52,3.065,14.613,1.136,8.289,1.374
histogram,adaptive,edges,26,1,1,0.0142,190.14,30.14,2.955,14.542,1.145,8.297,1.303
histogram,adaptive,edges,27,1,1,0.0142,190.88,30.88,3.048,14.467,1.188,8.297,1.176
histogram,adaptive,edges,28,1,1,0.0142,190.06,30.06,3.043,14.504,1.142,8.313,1.26
histogram,adaptive,edges,29,1,1,0.0142,189.96,29.96,3.04,14.449,1.135,8.277,1.245
histogram,adaptive,edges,30,1,1,0.0142,190.02,30.02,3.053,14.621,1.205,8.318,1.296
histogram,adaptive,edges,31,1,1,0.015,190.63,30.63,3.105,14.637,1.14,8.337,1.308
histogram,adaptive,edges,32,1,1,0.015,190.63,30.63,3.099,14.581,1.132,8.287,1.306
histogram,adaptive,edges,33,1,1,0.015,190.51,30.51,3.025,14.602,1.188,8.339,1.298
histogram,adaptive,edges,34,1,1,0.0142,190.81,30.81,3.036,14.588,1.14,8.292,1.373
histogram,adaptive,edges,35,1,1,0.0142,190.81,30.81,3.046,14.512,1.128,8.286,1.309
histogram,adaptive,edges,36,1,1,0.0142,190.67,30.67,3.013,14.512,1.184,8.34,1.192
histogram,adaptive,edges,37,1,1,0.0142,189.85,29.85,2.954,14.506,1.131,8.293,1.375
histogram,adaptive,edges,38,1,1,0.0142,189.85,29.85,3.043,14.555,1.146,8.322,1.23
histogram,adaptive,edges,39,1,1,0.015,191.12,31.12,3.046,14.586,1.186,8.317,1.289
histogram,adaptive,edges,40,1,1,0.0142,190.14,30.14,2.965,14.464,1.134,8.324,1.295
histogram,adaptive,edges,41,1,1,0.0142,190.03,30.03,3.073,14.648,1.126,8.331,1.303
histogram,adaptive,edges,42,1,1,0.0142,190.03,30.03,3.047,14.526,1.204,8.34,1.19
histogram,adaptive,edges,43,1,1,0.0142,189.8,29.8,2.987,14.441,1.139,8.264,1.295
histogram,adaptive,edges,44,1,1,0.0142,189.8,29.8,3.056,14.541,1.144,8.293,1.216
histogram,adaptive,edges,45,1,1,0.0142,189.8,29.8,3.053,14.632,1.142,8.365,1.31
histogram,adaptive,edges,46,1,1,0.0142,190.56,30.56,3.226,15.083,1.134,8.61,1.331
histogram,adaptive,edges,47,1,1,0.0142,190.56,30.56,3.051,14.548,1.128,8.299,1.31
histogram,adaptive,edges,48,1,1,0.015,190.82,30.82,3.038,14.681,1.196,8.393,1.302
histogram,adaptive,edges,49,1,1,0.0133,190.02,30.02,3.133,14.639,1.141,8.286,1.317
histogram,adaptive,edges,50,1,1,0.0133,190.59,30.59,3.103,14.596,1.143,8.3,1.302
histogram,adaptive,edges,51,1,1,0.0133,190.59,30.59,3.118,14.591,1.188,8.312,1.224
histogram,adaptive,edges,52,1,1,0.015,190.56,30.56,2.97,14.446,1.136,8.299,1.289
histogram,adaptive,edges,53,1,1,0.015,190.5,30.5,3.113,14.809,1.131,8.519,1.233
histogram,adaptive,edges,54,1,1,0.015,190.5,30.5,3.106,14.944,1.285,8.525,1.251
histogram,adaptive,edges,55,1,1,0.015,191.29,31.29,3.097,14.791,1.146,8.448,1.322
histogram,adaptive,edges,56,1,1,0.015,191.29,31.29,3.002,14.729,1.161,8.441,1.315
histogram,adaptive,edges,57,1,1,0.0142,189.79,29.79,3.197,15.207,1.141,8.65,1.357
histogram,adaptive,edges,58,1,1,0.0142,190.01,30.01,3.145,14.875,1.227,8.481,1.255
histogram,adaptive,edges,59,1,1,0.015,191.07,31.07,3.124,14.814,1.153,8.426,1.321
histogram,adaptive,edges,60,1,1,0.015,191.07,31.07,3.04,14.755,1.152,8.45,1.34
histogram,adaptive,edges,61,1,1,0.0133,190.11,30.11,3.435,15.347,1.204,8.574,1.358
histogram,adaptive,edges,62,1,1,0.0133,190.11,30.11,3.363,15.225,1.213,8.591,1.302
histogram,adaptive,edges,63,1,1,0.0133,190.11,30.11,3.384,14.949,1.14,8.407,1.271
histogram,adaptive,edges,64,1,1,0.0142,190.24,30.24,2.998,14.562,1.147,8.311,1.368
histogram,adaptive,edges,65,1,1,0.0142,190.29,30.29,3.036,14.593,1.134,8.298,1.315
histogram,adaptive,edges,66,1,1,0.0142,190.26,30.26,3.057,14.57,1.224,8.314,1.197
histogram,adaptive,edges,67,1,1,0.0125,190.16,30.16,3.273,14.857,1.146,8.31,1.375
histogram,adaptive,edges,68,1,1,0.015,190.68,30.68,3.019,14.565,1.141,8.291,1.301
histogram,adaptive,edges,69,1,1,0.015,190.68,30.68,3.035,14.627,1.184,8.345,1.311
histogram,adaptive,edges,70,1,1,0.0142,190.03,30.03,2.97,14.52,1.137,8.289,1.38
histogram,adaptive,edges,71,1,1,0.0142,190.03,30.03,3.038,14.501,1.134,8.29,1.233
histogram,adaptive,edges,72,1,1,0.0142,189.99,29.99,3.057,14.654,1.221,8.344,1.292
histogram,adaptive,edges,73,1,1,0.015,190.76,30.76,3.033,14.482,1.138,8.284,1.273
histogram,adaptive,edges,74,1,1,0.015,190.76,30.76,3.027,14.514,1.143,8.313,1.223
histogram,adaptive,edges,75,1,1,0.015,190.76,30.76,3.043,14.473,1.134,8.36,1.193
histogram,adaptive,edges,76,1,1,0.0142,190.36,30.36,2.934,14.43,1.135,8.32,1.209
histogram,adaptive,edges,77,1,1,0.0142,190.36,30.36,3.022,14.497,1.18,8.316,1.227
histogram,adaptive,edges,78,1,1,0.015,190.71,30.71,3.039,14.471,1.132,8.312,1.24
histogram,adaptive,edges,79,1,1,0.0142,191.06,31.06,3.026,14.515,1.137,8.278,1.31
histogram,adaptive,edges,80,1,1,0.0142,191.06,31.06,3.023,14.562,1.178,8.349,1.272
histogram,adaptive,edges,81,1,1,0.0142,191.06,31.06,3.053,14.507,1.144,8.284,1.279
histogram,adaptive,edges,82,1,1,0.0133,190.22,30.22,3.096,14.476,1.141,8.285,1.216
histogram,adaptive,edges,83,1,1,0.015,190.75,30.75,3.096,14.602,1.186,8.351,1.217
histogram,adaptive,edges,84,1,1,0.015,190.75,30.75,2.943,14.563,1.171,8.293,1.409
histogram,adaptive,edges,85,1,1,0.015,190.74,30.74,3.032,14.435,1.131,8.292,1.22
histogram,adaptive,edges,86,1,1,0.015,190.74,30.74,3.066,14.558,1.188,8.318,1.204
histogram,adaptive,edges,87,1,1,0.0142,190.04,30.04,2.959,14.425,1.149,8.292,1.279
histogram,adaptive,edges,88,1,1,0.015,190.91,30.91,3.007,14.548,1.131,8.287,1.307
histogram,adaptive,edges,89,1,1,0.0133,189.98,29.98,3.419,14.896,1.142,8.382,1.201
histogram,adaptive,edges,90,1,1,0.0142,189.93,29.93,2.972,14.452,1.133,8.306,1.3
histogram,adaptive,edges,91,1,1,0.0142,190.43,30.43,3.038,14.618,1.138,8.299,1.317
histogram,adaptive,edges,92,1,1,0.0142,191.31,31.31,3.018,14.489,1.203,8.325,1.195
histogram,adaptive,edges,93,1,1,0.0142,191.31,31.31,2.923,14.356,1.137,8.258,1.285
histogram,adaptive,edges,94,1,1,0.0142,190.14,30.14,3.034,14.572,1.2,8.295,1.303
histogram,adaptive,edges,95,1,1,0.0142,190.56,30.56,3.037,14.568,1.136,8.293,1.285
histogram,adaptive,edges,96,1,1,0.0142,190.56,30.56,2.982,14.481,1.133,8.294,1.238
histogram,adaptive,edges,97,1,1,0.0142,190.89,30.89,3.029,14.624,1.183,8.344,1.319
histogram,adaptive,edges,98,1,1,0.0142,190.89,30.89,3.033,14.541,1.153,8.272,1.34
histogram,adaptive,edges,99,1,1,0.0142,190.85,30.85,3.016,14.417,1.142,8.27,1.242
histogram,adaptive,edges,100,1,1,0.015,190.43,30.43,3.032,14.583,1.188,8.323,1.291
histogram,adaptive,edges,101,1,1,0.015,190.43,30.43,3.047,14.523,1.137,8.304,1.284
histogram,adaptive,edges,102,1,1,0.0142,191.38,31.38,3.02,14.421,1.126,8.305,1.231
histogram,adaptive,edges,103,1,1,0.0142,190.08,30.08,3.033,14.481,1.187,8.317,1.203
histogram,adaptive,edges,104,1,1,0.0142,190.08,30.08,2.952,14.517,1.143,8.303,1.372
histogram,adaptive,edges,105,1,1,0.0142,191.02,31.02,3.089,14.554,1.141,8.291,1.216
histogram,adaptive,edges,106,1,1,0.0142,190.03,30.03,3.02,14.649,1.197,8.34,1.3
histogram,adaptive,edges,107,1,1,0.0142,189.87,29.87,2.954,14.498,1.138,8.279,1.382
histogram,adaptive,edges,108,1,1,0.0142,189.87,29.87,3.023,14.593,1.14,8.313,1.313
histogram,adaptive,edges,109,1,1,0.015,190.69,30.69,3.029,14.522,1.187,8.343,1.203
histogram,adaptive,edges,110,1,1,0.0142,189.97,29.97,2.963,14.508,1.14,8.281,1.38
histogram,adaptive,edges,111,1,1,0.0142,189.97,29.97,3.018,14.442,1.124,8.289,1.202
histogram,adaptive,edges,112,1,1,0.0142,191.02,31.02,3.024,14.474,1.131,8.391,1.185
histogram,adaptive,edges,113,1,1,0.015,190.34,30.34,2.978,14.615,1.133,8.269,1.341
histogram,adaptive,edges,114,1,1,0.015,190.34,30.34,3.015,14.582,1.197,8.325,1.307
histogram,adaptive,edges,115,1,1,0.0142,191.1,31.1,3.162,14.638,1.142,8.298,1.291
histogram,adaptive,edges,116,1,1,0.0142,191.1,31.1,2.935,14.547,1.138,8.319,1.205
histogram,adaptive,edges,117,1,1,0.015,191.37,31.37,2.991,14.442,1.175,8.295,1.219
histogram,adaptive,edges,118,1,1,0.0142,189.63,29.63,3.044,14.544,1.145,8.328,1.26
histogram,adaptive,edges,119,1,1,0.0142,189.63,29.63,3.044,14.521,1.133,8.273,1.324
histogram,adaptive,edges,120,1,1,0.015,191.24,31.24,3.026,14.581,1.182,8.314,1.316
histogram,adaptive,edges,121,1,1,0.0142,190.87,30.87,3.146,15.056,1.137,8.475,1.505
histogram,adaptive,edges,122,1,1,0.0142,190.87,30.87,3.031,14.752,1.159,8.465,1.335
histogram,adaptive,edges,123,1,1,0.0142,189.61,29.61,3.244,14.921,1.144,8.424,1.254
histogram,adaptive,edges,124,1,1,0.0142,190.14,30.14,3.111,14.816,1.212,8.485,1.235
histogram,adaptive,edges,125,1,1,0.0142,190.14,30.14,3.17,15.306,1.152,8.421,1.787
histogram,adaptive,edges,126,1,1,0.0142,190.22,30.22,3.032,14.881,1.148,8.45,1.455
histogram,adaptive,edges,127,1,1,0.0142,189.96,29.96,3.158,14.841,1.155,8.425,1.27
histogram,adaptive,edges,128,1,1,0.0142,189.96,29.96,3.138,14.91,1.21,8.474,1.32
histogram,adaptive,edges,129,1,1,0.0142,191.27,31.27,3.127,14.834,1.142,8.442,1.342
histogram,adaptive,edges,130,1,1,0.015,190.98,30.98,2.921,15.35,1.147,8.455,2.077
histogram,adaptive,edges,131,1,1,0.015,190.98,30.98,3.034,14.662,1.138,8.315,1.236
histogram,adaptive,edges,132,1,1,0.015,190.98,30.98,3.007,14.63,1.192,8.357,1.319
histogram,adaptive,edges,133,1,1,0.015,190.56,30.56,2.98,14.468,1.133,8.289,1.316
histogram,adaptive,edges,134,1,1,0.015,190.56,30.56,3.029,14.47,1.135,8.288,1.208
histogram,adaptive,edges,135,1,1,0.0142,190.61,30.61,3.042,14.592,1.179,8.319,1.303
histogram,adaptive,edges,136,1,1,0.015,190.71,30.71,2.975,14.574,1.152,8.298,1.373
histogram,adaptive,edges,137,1,1,0.015,190.71,30.71,3.075,14.632,1.138,8.288,1.314
histogram,adaptive,edges,138,1,1,0.015,190.66,30.66,3.037,14.546,1.186,8.351,1.217
histogram,adaptive,edges,139,1,1,0.015,190.96,30.96,2.933,14.39,1.13,8.292,1.281
histogram,adaptive,edges,140,1,1,0.015,190.96,30.96,2.997,14.486,1.143,8.306,1.213
histogram,adaptive,edges,141,1,1,0.015,190.56,30.56,3.05,14.505,1.129,8.302,1.2
histogram,adaptive,edges,142,1,1,0.015,190.99,30.99,2.957,14.456,1.149,8.331,1.214
histogram,adaptive,edges,143,1,1,0.015,190.99,30.99,3.022,14.589,1.187,8.314,1.32
histogram,adaptive,edges,144,1,1,0.0142,190.17,30.17,3.068,14.521,1.136,8.314,1.25
histogram,adaptive,edges,145,1,1,0.0142,190.2,30.2,3.065,14.532,1.124,8.283,1.307
histogram,adaptive,edges,146,1,1,0.0142,190.2,30.2,3.049,14.555,1.194,8.327,1.203
histogram,adaptive,edges,147,1,1,0.0142,190.26,30.26,3.02,14.496,1.134,8.311,1.286
histogram,adaptive,edges,148,1,1,0.0142,190.03,30.03,3.035,14.558,1.133,8.323,1.316
histogram,adaptive,edges,149,1,1,0.0142,190.03,30.03,3.035,14.53,1.177,8.34,1.221
histogram,adaptive,edges,150,1,1,0.0142,190.71,30.71,3.017,14.586,1.138,8.289,1.403
histogram,adaptive,edges,151,1,1,0.0142,190.04,30.04,3.039,14.414,1.127,8.284,1.208
histogram,adaptive,edges,152,1,1,0.0142,191.0,31.0,3.059,14.507,1.184,8.334,1.187
histogram,adaptive,edges,153,1,1,0.0142,191.0,31.0,2.956,14.481,1.126,8.286,1.369
histogram,adaptive,edges,154,1,1,0.0142,190.54,30.54,3.036,14.488,1.146,8.303,1.193
histogram,adaptive,edges,155,1,1,0.0142,191.07,31.07,2.961,14.438,1.141,8.362,1.209
histogram,adaptive,edges,156,1,1,0.0142,191.07,31.07,2.877,14.481,1.141,8.298,1.383
histogram,adaptive,edges,157,1,1,0.0142,191.17,31.17,3.023,14.49,1.184,8.329,1.201
histogram,adaptive,edges,158,1,1,0.0142,191.17,31.17,3.039,14.579,1.131,8.301,1.36
histogram,adaptive,edges,159,1,1,0.0142,190.39,30.39,3.048,14.452,1.139,8.299,1.213
histogram,adaptive,edges,160,1,1,0.015,190.74,30.74,3.024,14.579,1.188,8.31,1.311
histogram,adaptive,edges,161,1,1,0.015,190.74,30.74,3.058,14.537,1.134,8.277,1.322
histogram,adaptive,edges,162,1,1,0.0142,190.61,30.61,3.042,14.529,1.138,8.275,1.333
histogram,adaptive,edges,163,1,1,0.015,190.45,30.45,3.044,14.527,1.178,8.338,1.216
histogram,adaptive,edges,164,1,1,0.0142,189.92,29.92,3.059,14.632,1.15,8.308,1.363
histogram,adaptive,edges,165,1,1,0.0142,189.92,29.92,3.065,14.485,1.133,8.306,1.227
histogram,adaptive,edges,166,1,1,0.0142,190.8,30.8,3.034,14.67,1.193,8.337,1.323
histogram,adaptive,edges,167,1,1,0.0142,190.8,30.8,2.964,14.526,1.138,8.275,1.396
histogram,adaptive,edges,168,1,1,0.0142,190.8,30.8,3.071,14.48,1.143,8.299,1.222
histogram,adaptive,edges,169,1,1,0.015,191.0,31.0,3.046,14.499,1.172,8.313,1.219
histogram,adaptive,edges,170,1,1,0.015,191.0,31.0,2.938,14.363,1.129,8.28,1.274
histogram,adaptive,edges,171,1,1,0.0142,191.14,31.14,3.028,14.504,1.139,8.3,1.227
histogram,adaptive,edges,172,1,1,0.0142,190.02,30.02,3.018,14.471,1.143,8.35,1.217
histogram,adaptive,edges,173,1,1,0.0133,188.86,28.86,3.34,14.809,1.144,8.272,1.227
histogram,adaptive,edges,174,1,1,0.0133,188.86,28.86,3.406,14.855,1.143,8.289,1.206
histogram,adaptive,edges,175,1,1,0.0142,191.2,31.2,3.048,14.532,1.185,8.347,1.206
histogram,adaptive,edges,176,1,1,0.0142,191.2,31.2,2.949,14.464,1.14,8.287,1.296
histogram,adaptive,edges,177,1,1,0.0142,190.51,30.51,3.035,14.596,1.139,8.287,1.312
histogram,adaptive,edges,178,1,1,0.0142,190.64,30.64,3.022,14.603,1.151,8.373,1.312
histogram,adaptive,edges,179,1,1,0.0142,190.64,30.64,2.96,14.479,1.138,8.349,1.287
histogram,adaptive,edges,180,1,1,0.0142,190.37,30.37,3.005,14.596,1.215,8.302,1.326
histogram,adaptive,edges,181,1,1,0.015,190.99,30.99,3.017,14.575,1.14,8.451,1.212
histogram,adaptive,edges,182,1,1,0.0142,190.77,30.77,2.941,14.489,1.143,8.3,1.359
histogram,adaptive,edges,183,1,1,0.0142,190.77,30.77,3.032,14.535,1.186,8.348,1.215
histogram,adaptive,edges,184,1,1,0.0142,190.88,30.88,3.064,14.482,1.136,8.27,1.266
histogram,adaptive,edges,185,1,1,0.0142,190.88,30.88,3.396,14.796,1.141,8.291,1.22
histogram,adaptive,edges,186,1,1,0.0142,190.25,30.25,2.961,14.56,1.195,8.321,1.304
histogram,adaptive,edges,187,1,1,0.0142,190.97,30.97,3.045,14.505,1.137,8.291,1.287
histogram,adaptive,edges,188,1,1,0.0142,190.14,30.14,3.023,14.433,1.146,8.289,1.228
histogram,adaptive,edges,189,1,1,0.0142,190.14,30.14,3.631,15.383,1.182,8.348,1.435
histogram,adaptive,edges,190,1,1,0.0142,190.77,30.77,3.049,15.121,1.405,8.561,1.346
histogram,adaptive,edges,191,1,1,0.0142,190.77,30.77,3.08,14.688,1.131,8.321,1.393
histogram,adaptive,edges,192,1,1,0.0142,190.23,30.23,3.025,14.486,1.149,8.323,1.223
histogram,adaptive,edges,193,1,1,0.0142,190.66,30.66,3.011,14.516,1.2,8.351,1.198
histogram,adaptive,edges,194,1,1,0.0142,190.48,30.48,2.977,14.436,1.139,8.316,1.269
histogram,adaptive,edges,195,1,1,0.0142,190.48,30.48,3.07,14.456,1.127,8.293,1.211
histogram,adaptive,edges,196,1,1,0.0142,190.0,30.0,3.042,14.684,1.185,8.38,1.299
histogram,adaptive,edges,197,1,1,0.0142,190.0,30.0,2.966,14.449,1.13,8.305,1.299
histogram,adaptive,edges,198,1,1,0.0142,189.97,29.97,3.022,14.533,1.145,8.278,1.275
histogram,adaptive,edges,199,1,1,0.0142,190.1,30.1,3.04,14.526,1.194,8.344,1.203
histogram,adaptive,edges,200,1,1,0.0142,190.1,30.1,2.981,14.431,1.133,8.287,1.29
histogram,adaptive,edges,201,1,1,0.0142,190.1,30.1,3.041,14.615,1.131,8.299,1.215
histogram,adaptive,edges,202,1,1,0.0142,190.64,30.64,3.037,14.482,1.134,8.353,1.209
histogram,adaptive,edges,203,1,1,0.0142,190.08,30.08,2.962,14.426,1.13,8.292,1.222
histogram,adaptive,edges,204,1,1,0.0142,190.08,30.08,3.027,14.619,1.187,8.321,1.325
histogram,adaptive,edges,205,1,1,0.0142,190.17,30.17,3.02,14.468,1.14,8.286,1.276
histogram,adaptive,edges,206,1,1,0.0142,190.17,30.17,2.951,14.551,1.132,8.307,1.315
histogram,adaptive,edges,207,1,1,0.0142,189.97,29.97,3.036,14.521,1.188,8.336,1.218
histogram,adaptive,edges,208,1,1,0.0142,191.05,31.05,3.017,14.465,1.146,8.294,1.267
histogram,adaptive,edges,209,1,1,0.0142,191.23,31.23,3.027,14.42,1.142,8.282,1.224
histogram,adaptive,edges,210,1,1,0.0142,191.06,31.06,3.038,14.571,1.183,8.306,1.307
histogram,adaptive,edges,211,1,1,0.0142,190.39,30.39,2.958,14.53,1.142,8.299,1.378
histogram,adaptive,edges,212,1,1,0.0142,190.61,30.61,3.036,14.541,1.146,8.322,1.219
histogram,adaptive,edges,213,1,1,0.0142,190.61,30.61,3.083,14.647,1.176,8.326,1.312
histogram,adaptive,edges,214,1,1,0.0142,190.09,30.09,2.996,14.561,1.153,8.293,1.382
histogram,adaptive,edges,215,1,1,0.0142,190.09,30.09,3.032,14.578,1.141,8.269,1.324
histogram,adaptive,edges,216,1,1,0.015,190.78,30.78,3.063,14.603,1.208,8.352,1.199
histogram,adaptive,edges,217,1,1,0.0142,189.79,29.79,2.968,14.513,1.128,8.301,1.369
histogram,adaptive,edges,218,1,1,0.0142,190.28,30.28,3.002,14.443,1.137,8.284,1.204
histogram,adaptive,edges,219,1,1,0.0142,189.94,29.94,3.052,14.512,1.134,8.373,1.199
histogram,adaptive,edges,220,1,1,0.015,190.66,30.66,2.948,14.424,1.14,8.305,1.283
histogram,adaptive,edges,221,1,1,0.0142,190.26,30.26,3.016,14.595,1.183,8.332,1.311
histogram,adaptive,edges,222,1,1,0.0142,190.26,30.26,3.014,14.46,1.144,8.297,1.267
histogram,adaptive,edges,223,1,1,0.015,190.85,30.85,3.025,14.479,1.138,8.282,1.292
histogram,adaptive,edges,224,1,1,0.0142,190.9,30.9,3.011,14.651,1.197,8.36,1.331
histogram,adaptive,edges,225,1,1,0.0142,190.9,30.9,3.008,14.578,1.139,8.317,1.361
histogram,adaptive,edges,226,1,1,0.0142,190.97,30.97,3.023,14.545,1.136,8.308,1.301
histogram,adaptive,edges,227,1,1,0.0142,190.97,30.97,3.033,14.482,1.18,8.309,1.206
histogram,adaptive,edges,228,1,1,0.0142,190.09,30.09,2.973,14.434,1.147,8.277,1.293
histogram,adaptive,edges,229,1,1,0.0142,190.47,30.47,3.045,14.422,1.136,8.273,1.22
histogram,adaptive,edges,230,1,1,0.0142,190.47,30.47,3.04,14.62,1.182,8.329,1.325
histogram,adaptive,edges,231,1,1,0.0142,190.48,30.48,2.955,14.436,1.136,8.295,1.299
histogram,adaptive,edges,232,1,1,0.0142,190.33,30.33,3.066,14.544,1.134,8.313,1.226
histogram,adaptive,edges,233,1,1,0.0142,190.33,30.33,3.046,14.54,1.198,8.337,1.208
histogram,adaptive,edges,234,1,1,0.0142,190.33,30.33,2.948,14.519,1.143,8.305,1.379
histogram,adaptive,edges,235,1,1,0.0142,190.59,30.59,2.988,14.534,1.131,8.301,1.297
histogram,adaptive,edges,236,1,1,0.0142,190.59,30.59,3.01,14.507,1.143,8.359,1.211
histogram,adaptive,edges,237,1,1,0.0142,190.66,30.66,2.966,14.413,1.131,8.288,1.218
histogram,adaptive,edges,238,1,1,0.0142,191.24,31.24,3.029,14.516,1.188,8.318,1.239
histogram,adaptive,edges,239,1,1,0.0142,190.07,30.07,3.05,14.494,1.14,8.286,1.268
histogram,adaptive,edges,240,1,1,0.015,190.37,30.37,3.034,14.463,1.133,8.346,1.208
histogram,adaptive,edges,241,1,1,0.0142,190.08,30.08,3.087,14.673,1.2,8.363,1.279
histogram,adaptive,edges,242,1,1,0.0142,190.08,30.08,3.102,14.675,1.146,8.3,1.379
histogram,adaptive,edges,243,1,1,0.0142,190.08,30.08,3.101,14.525,1.14,8.309,1.22
histogram,adaptive,edges,244,1,1,0.0133,190.11,30.11,3.361,14.811,1.19,8.309,1.201
histogram,adaptive,edges,245,1,1,0.0133,190.11,30.11,3.384,14.84,1.133,8.293,1.271
histogram,adaptive,edges,246,1,1,0.015,191.05,31.05,2.947,14.412,1.143,8.284,1.205
histogram,adaptive,edges,247,1,1,0.0133,190.96,30.96,3.278,14.758,1.196,8.336,1.192
histogram,adaptive,edges,248,1,1,0.0142,190.66,30.66,3.088,14.557,1.15,8.366,1.203
histogram,adaptive,edges,249,1,1,0.0142,190.66,30.66,2.987,14.483,1.136,8.292,1.251
histogram,adaptive,edges,250,1,1,0.0142,191.06,31.06,3.017,14.496,1.187,8.331,1.211
histogram,adaptive,edges,251,1,1,0.0142,191.06,31.06,3.042,14.662,1.132,8.367,1.367
histogram,adaptive,edges,252,1,1,0.015,190.45,30.45,3.039,14.426,1.148,8.283,1.212
histogram,adaptive,edges,253,1,1,0.0142,190.11,30.11,3.013,14.572,1.184,8.319,1.308
histogram,adaptive,edges,254,1,1,0.0142,190.11,30.11,2.685,13.066,1.141,7.4,1.102
histogram,adaptive,edges,255,1,1,0.0142,190.42,30.42,2.629,12.78,1.035,7.178,1.259
histogram,adaptive,edges,256,1,1,0.0142,190.52,30.52,2.695,13.014,0.999,7.411,1.138
histogram,adaptive,edges,257,1,1,0.0142,190.52,30.52,2.683,12.634,0.989,7.19,1.088
histogram,adaptive,edges,258,1,1,0.015,190.68,30.68,3.199,13.49,0.982,7.332,1.256
histogram,adaptive,edges,259,1,1,0.0142,190.42,30.42,2.632,12.774,1.092,7.222,1.14
histogram,adaptive,edges,260,1,1,0.0142,190.42,30.42,2.679,12.736,0.985,7.249,1.075
histogram,adaptive,edges,261,1,1,0.015,190.93,30.93,2.686,12.684,0.99,7.233,1.092
histogram,adaptive,edges,262,1,1,0.015,190.97,30.97,2.96,14.391,1.079,8.274,1.382
histogram,adaptive,edges,263,1,1,0.015,190.97,30.97,3.093,14.578,1.137,8.302,1.221
histogram,adaptive,edges,264,1,1,0.0142,190.14,30.14,3.035,14.511,1.187,8.329,1.214
histogram,adaptive,edges,265,1,1,0.0142,190.05,30.05,2.98,14.478,1.146,8.295,1.299
histogram,adaptive,edges,266,1,1,0.0142,190.05,30.05,3.018,14.591,1.206,8.284,1.305
histogram,adaptive,edges,267,1,1,0.015,190.76,30.76,3.066,14.53,1.137,8.373,1.216
histogram,adaptive,edges,268,1,1,0.0142,190.12,30.12,2.944,14.437,1.136,8.29,1.275
histogram,adaptive,edges,269,1,1,0.015,190.62,30.62,3.036,14.58,1.195,8.303,1.296
histogram,adaptive,edges,270,1,1,0.015,190.62,30.62,3.022,14.469,1.149,8.29,1.252
histogram,adaptive,edges,271,1,1,0.0142,190.1,30.1,3.031,14.542,1.125,8.303,1.325
histogram,adaptive,edges,272,1,1,0.0142,190.32,30.32,3.041,14.625,1.236,8.325,1.28
histogram,adaptive,edges,273,1,1,0.0142,190.32,30.32,3.05,14.617,1.142,8.299,1.38
histogram,adaptive,edges,274,1,1,0.0142,190.11,30.11,3.026,14.411,1.137,8.294,1.21
histogram,adaptive,edges,275,1,1,0.0142,190.11,30.11,3.037,14.511,1.173,8.337,1.213
histogram,adaptive,edges,276,1,1,0.015,190.66,30.66,3.001,14.537,1.149,8.315,1.287
histogram,adaptive,edges,277,1,1,0.0142,190.49,30.49,3.084,14.559,1.12,8.28,1.313
histogram,adaptive,edges,278,1,1,0.0142,190.14,30.14,3.075,14.635,1.185,8.326,1.305
histogram,adaptive,edges,279,1,1,0.0142,190.14,30.14,2.948,14.427,1.125,8.317,1.295
histogram,adaptive,edges,280,1,1,0.0142,190.09,30.09,3.046,14.535,1.134,8.313,1.228
histogram,adaptive,edges,281,1,1,0.0142,190.09,30.09,3.054,14.525,1.171,8.331,1.212
histogram,adaptive,edges,282,1,1,0.0142,190.72,30.72,2.956,14.417,1.14,8.292,1.275
histogram,adaptive,edges,283,1,1,0.0142,191.03,31.03,3.002,14.48,1.138,8.316,1.213
histogram,adaptive,edges,284,1,1,0.0142,191.03,31.03,3.047,14.512,1.133,8.372,1.202
histogram,adaptive,edges,285,1,1,0.0142,191.2,31.2,2.961,14.427,1.139,8.303,1.214
histogram,adaptive,edges,286,1,1,0.015,190.36,30.36,3.005,14.576,1.193,8.319,1.278
histogram,adaptive,edges,287,1,1,0.015,190.67,30.67,3.029,14.485,1.136,8.293,1.279
histogram,adaptive,edges,288,1,1,0.015,190.67,30.67,3.012,14.432,1.135,8.311,1.227
histogram,adaptive,edges,289,1,1,0.0142,189.98,29.98,2.896,14.451,1.179,8.331,1.297
histogram,adaptive,edges,290,1,1,0.0142,189.98,29.98,2.727,12.687,0.988,7.225,1.068
histogram,adaptive,edges,291,1,1,0.0142,191.35,31.35,2.616,12.706,0.986,7.19,1.183
histogram,adaptive,edges,292,1,1,0.0133,189.95,29.95,2.908,13.07,1.028,7.179,1.249
histogram,adaptive,edges,293,1,1,0.0133,190.1,30.1,2.85,12.785,0.984,7.223,1.057
histogram,adaptive,edges,294,1,1,0.0133,190.1,30.1,2.809,12.766,0.99,7.205,1.092
histogram,adaptive,edges,295,1,1,0.015,190.58,30.58,2.707,12.737,0.984,7.187,1.178
histogram,adaptive,edges,296,1,1,0.015,190.58,30.58,2.615,12.878,0.983,7.431,1.156
histogram,adaptive,edges,297,1,1,0.0142,190.85,30.85,3.02,13.056,1.043,7.208,1.101
histogram,adaptive,edges,298,1,1,0.0142,191.0,31.0,2.933,14.498,1.155,8.293,1.313
histogram,adaptive,edges,299,1,1,0.015,190.74,30.74,3.059,14.528,1.191,8.304,1.226
histogram,adaptive,edges,300,1,1,0.0142,190.75,30.75,3.024,14.586,1.143,8.302,1.37
histogram,adaptive,edges,301,1,1,0.0142,189.89,29.89,3.044,14.468,1.136,8.301,1.236
histogram,adaptive,edges,302,1,1,0.0142,189.89,29.89,3.039,14.584,1.183,8.324,1.283
histogram,adaptive,edges,303,1,1,0.0142,190.4,30.4,3.057,14.621,1.131,8.311,1.374
histogram,adaptive,edges,304,1,1,0.0133,189.98,29.98,3.35,14.702,1.131,8.271,1.198
histogram,adaptive,edges,305,1,1,0.0133,189.98,29.98,3.396,14.841,1.171,8.313,1.207
histogram,adaptive,edges,306,1,1,0.0142,189.77,29.77,3.017,14.583,1.136,8.273,1.365
histogram,adaptive,edges,307,1,1,0.0142,190.74,30.74,3.031,14.403,1.126,8.282,1.213
histogram,adaptive,edges,308,1,1,0.0142,190.74,30.74,3.023,14.57,1.181,8.332,1.297
histogram,adaptive,edges,309,1,1,0.0142,191.24,31.24,2.973,14.51,1.137,8.298,1.351
histogram,adaptive,edges,310,1,1,0.0142,190.54,30.54,3.001,14.469,1.136,8.281,1.305
histogram,adaptive,edges,311,1,1,0.0142,190.54,30.54,3.002,14.571,1.189,8.331,1.299
histogram,adaptive,edges,312,1,1,0.0142,191.04,31.04,3.04,14.733,1.138,8.302,1.515
histogram,adaptive,edges,313,1,1,0.0142,190.38,30.38,3.064,14.446,1.123,8.29,1.224
histogram,adaptive,edges,314,1,1,0.0142,190.38,30.38,3.028,14.527,1.196,8.335,1.212
histogram,adaptive,edges,315,1,1,0.015,190.64,30.64,2.974,14.444,1.124,8.303,1.299
histogram,adaptive,edges,316,1,1,0.015,190.86,30.86,3.042,14.487,1.135,8.279,1.193
histogram,adaptive,edges,317,1,1,0.015,190.86,30.86,3.018,14.481,1.175,8.328,1.208
histogram,adaptive,edges,318,1,1,0.0142,189.98,29.98,2.603,13.865,1.147,8.241,1.076
histogram,adaptive,edges,319,1,1,0.0142,190.35,30.35,2.635,12.683,1.036,7.175,1.161
histogram,adaptive,edges,320,1,1,0.0142,190.3,30.3,2.719,12.825,0.995,7.219,1.134
histogram,adaptive,edges,321,1,1,0.0142,190.3,30.3,2.7,12.758,0.982,7.314,1.085
histogram,adaptive,edges,322,1,1,0.015,190.66,30.66,2.706,12.684,0.994,7.221,1.087
histogram,adaptive,edges,323,1,1,0.015,190.66,30.66,2.634,12.658,0.988,7.215,1.089
histogram,adaptive,edges,324,1,1,0.0142,190.44,30.44,2.633,12.667,1.029,7.168,1.161
histogram,adaptive,edges,325,1,1,0.015,191.12,31.12,2.713,12.752,1.053,7.226,1.085
histogram,adaptive,edges,326,1,1,0.0142,190.31,30.31,2.994,13.246,0.987,7.354,1.195
histogram,adaptive,edges,327,1,1,0.0133,189.93,29.93,3.386,14.851,1.135,8.3,1.28
histogram,adaptive,edges,328,1,1,0.015,190.85,30.85,3.378,14.757,1.148,8.285,1.196
histogram,adaptive,edges,329,1,1,0.015,190.67,30.67,3.183,14.967,1.198,8.566,1.249
histogram,adaptive,edges,330,1,1,0.0142,190.41,30.41,3.058,14.57,1.197,8.326,1.248
histogram,adaptive,edges,331,1,1,0.015,190.51,30.51,2.956,14.609,1.145,8.298,1.436
histogram,adaptive,edges,332,1,1,0.0142,190.5,30.5,2.982,14.438,1.132,8.311,1.207
histogram,adaptive,edges,333,1,1,0.0142,190.5,30.5,3.024,14.787,1.136,8.59,1.284
histogram,adaptive,edges,334,1,1,0.0142,190.08,30.08,2.999,14.484,1.148,8.306,1.289
histogram,adaptive,edges,335,1,1,0.0142,190.85,30.85,3.023,14.493,1.134,8.293,1.229
histogram,adaptive,edges,336,1,1,0.0142,190.85,30.85,3.041,14.657,1.147,8.365,1.325
histogram,adaptive,edges,337,1,1,0.015,190.49,30.49,2.958,14.436,1.14,8.287,1.294
histogram,adaptive,edges,338,1,1,0.015,190.49,30.49,3.024,14.464,1.194,8.283,1.22
histogram,adaptive,edges,339,1,1,0.015,190.58,30.58,3.042,14.595,1.132,8.289,1.375
histogram,adaptive,edges,340,1,1,0.015,190.55,30.55,2.958,14.529,1.139,8.306,1.311
histogram,adaptive,edges,341,1,1,0.015,190.55,30.55,3.072,14.637,1.176,8.325,1.313
histogram,adaptive,edges,342,1,1,0.0142,190.09,30.09,3.02,14.531,1.148,8.293,1.326
histogram,adaptive,edges,343,1,1,0.0142,190.24,30.24,2.998,14.463,1.136,8.288,1.3
histogram,adaptive,edges,344,1,1,0.0142,190.24,30.24,2.993,14.615,1.269,8.329,1.277
histogram,adaptive,edges,345,1,1,0.015,191.04,31.04,3.011,14.553,1.133,8.309,1.351
histogram,adaptive,edges,346,1,1,0.0142,190.37,30.37,3.017,14.558,1.143,8.31,1.298
histogram,adaptive,edges,347,1,1,0.0142,190.89,30.89,3.037,14.49,1.174,8.326,1.207
histogram,adaptive,edges,348,1,1,0.0142,190.89,30.89,3.02,14.492,1.149,8.298,1.282
histogram,adaptive,edges,349,1,1,0.0133,190.14,30.14,3.042,14.435,1.127,8.288,1.221
histogram,adaptive,edges,350,1,1,0.0133,190.14,30.14,3.02,14.468,1.184,8.32,1.191
histogram,adaptive,edges,351,1,1,0.0142,190.98,30.98,2.947,14.496,1.147,8.282,1.371
histogram,adaptive,edges,352,1,1,0.0142,190.17,30.17,3.006,14.544,1.142,8.294,1.291
histogram,adaptive,edges,353,1,1,0.0142,190.17,30.17,3.032,14.518,1.131,8.395,1.209
histogram,adaptive,edges,354,1,1,0.0142,189.98,29.98,2.956,14.535,1.137,8.314,1.375
histogram,adaptive,edges,355,1,1,0.0142,190.46,30.46,3.031,14.543,1.198,8.338,1.217
histogram,adaptive,edges,356,1,1,0.0142,190.46,30.46,3.014,14.507,1.148,8.37,1.201
histogram,adaptive,edges,357,1,1,0.0142,191.0,31.0,2.96,14.541,1.135,8.325,1.306
histogram,adaptive,edges,358,1,1,0.0142,190.42,30.42,3.011,14.59,1.198,8.332,1.305
histogram,adaptive,edges,359,1,1,0.0133,189.87,29.87,3.354,14.921,1.132,8.318,1.36
histogram,adaptive,edges,360,1,1,0.0133,189.87,29.87,3.277,14.752,1.133,8.325,1.272
histogram,adaptive,edges,361,1,1,0.0142,190.49,30.49,3.044,14.547,1.133,8.319,1.218
histogram,adaptive,edges,362,1,1,0.015,190.45,30.45,3.083,14.568,1.143,8.391,1.195
histogram,adaptive,edges,363,1,1,0.015,190.45,30.45,2.985,14.567,1.13,8.31,1.389
histogram,fixed,binary,0,1,0,1.0,86.22,-73.78,5.193,8.71,1.24,0.138,1.388
histogram,fixed,binary,1,1,0,1.0,86.22,-73.78,6.544,9.961,1.224,0.139,1.183
histogram,fixed,binary,2,1,0,1.0,86.22,-73.78,6.252,9.555,1.279,0.133,1.077
histogram,fixed,binary,3,1,0,1.0,86.22,-73.78,13.426,18.433,1.252,0.251,2.633
histogram,fixed,binary,4,1,0,1.0,86.22,-73.78,6.759,12.455,1.639,0.532,2.5
histogram,fixed,binary,5,1,0,1.0,86.22,-73.78,4.977,7.971,1.033,0.104,1.034
histogram,fixed,binary,6,1,0,1.0,86.22,-73.78,5.964,9.608,1.158,0.256,1.343
histogram,fixed,binary,7,1,0,1.0,86.22,-73.78,4.217,7.049,0.992,0.107,1.03
histogram,fixed,binary,8,1,0,1.0,86.22,-73.78,4.248,7.11,0.997,0.101,1.062
histogram,fixed,binary,9,1,0,1.0,86.22,-73.78,4.209,7.068,1.005,0.106,0.966
histogram,fixed,binary,10,1,0,1.0,86.22,-73.78,4.183,7.215,1.063,0.14,1.141
histogram,fixed,binary,11,1,0,1.0,86.22,-73.78,4.234,7.258,0.988,0.108,1.189
histogram,fixed,binary,12,1,0,1.0,86.22,-73.78,4.209,7.086,1.002,0.104,1.073
histogram,fixed,binary,13,1,0,1.0,86.22,-73.78,4.204,7.013,1.001,0.102,0.998
histogram,fixed,binary,14,1,0,1.0,86.22,-73.78,4.254,7.152,0.998,0.103,1.04
histogram,fixed,binary,15,1,0,1.0,86.22,-73.78,4.209,7.064,1.045,0.114,0.998
histogram,fixed,binary,16,1,0,1.0,86.22,-73.78,4.231,7.074,0.995,0.106,1.051
histogram,fixed,binary,17,1,0,1.0,86.22,-73.78,4.196,7.097,0.995,0.102,1.038
histogram,fixed,binary,18,1,0,1.0,86.22,-73.78,4.836,7.798,1.028,0.107,1.111
histogram,fixed,binary,19,1,0,1.0,86.22,-73.78,4.843,7.994,1.15,0.111,1.116
histogram,fixed,binary,20,1,0,1.0,86.22,-73.78,4.851,8.002,1.145,0.109,1.104
histogram,fixed,binary,21,1,0,1.0,86.22,-73.78,4.862,8.027,1.139,0.109,1.097
histogram,fixed,binary,22,1,0,1.0,86.22,-73.78,4.871,8.095,1.15,0.106,1.196
histogram,fixed,binary,23,1,0,1.0,86.22,-73.78,4.865,7.987,1.149,0.111,1.088
histogram,fixed,binary,24,1,0,1.0,86.22,-73.78,5.157,8.297,1.156,0.109,1.087
histogram,fixed,binary,25,1,0,1.0,86.22,-73.78,5.082,8.279,1.143,0.108,1.072
histogram,fixed,binary,26,1,0,1.0,86.22,-73.78,4.708,8.122,1.211,0.103,1.349
histogram,fixed,binary,27,1,0,1.0,86.22,-73.78,4.697,8.015,1.129,0.101,1.345
histogram,fixed,binary,28,1,0,1.0,86.22,-73.78,4.734,8.046,1.144,0.099,1.318
histogram,fixed,binary,29,1,0,1.0,86.22,-73.78,4.682,7.977,1.133,0.102,1.309
histogram,fixed,binary,30,1,0,1.0,86.22,-73.78,4.678,7.95,1.206,0.099,1.208
histogram,fixed,binary,31,1,0,1.0,86.22,-73.78,4.679,8.085,1.22,0.108,1.293
histogram,fixed,binary,32,1,0,1.0,86.22,-73.78,5.238,8.452,1.225,0.102,1.092
histogram,fixed,binary,33,1,0,1.0,86.22,-73.78,5.092,9.215,1.323,0.15,1.83
histogram,fixed,binary,34,1,0,1.0,86.22,-73.78,5.123,8.522,1.157,0.15,1.258
histogram,fixed,binary,35,1,0,1.0,86.22,-73.78,5.251,8.619,1.185,0.128,1.273
histogram,fixed,binary,36,1,0,1.0,86.22,-73.78,5.079,8.482,1.169,0.148,1.199
histogram,fixed,binary,37,1,0,1.0,86.22,-73.78,5.128,8.726,1.188,0.13,1.43
histogram,fixed,binary,38,1,0,1.0,86.22,-73.78,5.079,8.661,1.251,0.189,1.276
histogram,fixed,binary,39,1,0,1.0,86.22,-73.78,5.18,8.638,1.249,0.163,1.158
histogram,fixed,binary,40,1,0,1.0,86.22,-73.78,5.121,8.514,1.18,0.103,1.273
histogram,fixed,binary,41,1,0,1.0,86.22,-73.78,5.333,8.535,1.126,0.101,1.146
histogram,fixed,binary,42,1,0,1.0,86.22,-73.78,4.801,8.106,1.131,0.099,1.286
histogram,fixed,binary,43,1,0,1.0,86.22,-73.78,4.648,8.741,1.17,0.109,1.85
histogram,fixed,binary,44,1,0,1.0,86.22,-73.78,4.703,7.964,1.149,0.098,1.275
histogram,fixed,binary,45,1,0,1.0,86.22,-73.78,4.896,8.005,1.122,0.097,1.136
histogram,fixed,binary,46,1,0,1.0,86.22,-73.78,4.656,7.843,1.145,0.153,1.144
histogram,fixed,binary,47,1,0,1.0,86.22,-73.78,4.68,7.871,1.138,0.098,1.205
histogram,fixed,binary,48,1,0,1.0,86.22,-73.78,4.661,7.891,1.136,0.104,1.248
histogram,fixed,binary,49,1,0,1.0,86.22,-73.78,4.696,7.958,1.127,0.104,1.281
histogram,fixed,binary,50,1,0,1.0,86.22,-73.78,4.655,7.92,1.139,0.102,1.273
histogram,fixed,binary,51,1,0,1.0,86.22,-73.78,4.684,7.899,1.135,0.098,1.205
histogram,fixed,binary,52,1,0,1.0,86.22,-73.78,4.671,7.765,1.133,0.098,1.121
histogram,fixed,binary,53,1,0,1.0,86.22,-73.78,4.66,7.874,1.134,0.101,1.223
histogram,fixed,binary,54,1,0,1.0,86.22,-73.78,4.662,7.871,1.141,0.096,1.224
histogram,fixed,binary,55,1,0,1.0,86.22,-73.78,4.69,7.933,1.134,0.099,1.262
histogram,fixed,binary,56,1,0,1.0,86.22,-73.78,4.65,7.949,1.134,0.099,1.318
histogram,fixed,binary,57,1,0,1.0,86.22,-73.78,4.662,7.951,1.128,0.102,1.319
histogram,fixed,binary,58,1,0,1.0,86.22,-73.78,5.421,8.736,1.145,0.097,1.276
histogram,fixed,binary,59,1,0,1.0,86.22,-73.78,4.801,8.098,1.198,0.135,1.189
histogram,fixed,binary,60,1,0,1.0,86.22,-73.78,4.83,8.759,1.88,0.165,1.101
histogram,fixed,binary,61,1,0,1.0,86.22,-73.78,4.793,8.066,1.15,0.115,1.115
histogram,fixed,binary,62,1,0,1.0,86.22,-73.78,4.773,7.986,1.155,0.11,1.116
histogram,fixed,binary,63,1,0,1.0,86.22,-73.78,4.78,7.965,1.155,0.108,1.078
histogram,fixed,binary,64,1,0,1.0,86.22,-73.78,4.81,8.092,1.144,0.111,1.184
histogram,fixed,binary,65,1,0,1.0,86.22,-73.78,4.875,8.11,1.147,0.109,1.186
histogram,fixed,binary,66,1,0,1.0,86.22,-73.78,5.619,8.821,1.161,0.117,1.103
histogram,fixed,binary,67,1,0,1.0,86.22,-73.78,4.789,8.195,1.143,0.117,1.376
histogram,fixed,binary,68,1,0,1.0,86.22,-73.78,4.759,8.985,1.153,0.106,2.205
histogram,fixed,binary,69,1,0,1.0,86.22,-73.78,4.796,8.005,1.198,0.121,1.122
histogram,fixed,binary,70,1,0,1.0,86.22,-73.78,4.822,8.001,1.207,0.125,1.074
histogram,fixed,binary,71,1,0,1.0,86.22,-73.78,4.792,8.023,1.199,0.124,1.098
histogram,fixed,binary,72,1,0,1.0,86.22,-73.78,4.77,7.985,1.228,0.124,1.088
histogram,fixed,binary,73,1,0,1.0,86.22,-73.78,4.792,8.095,1.208,0.124,1.187
histogram,fixed,binary,74,1,0,1.0,86.22,-73.78,4.753,7.979,1.216,0.114,1.118
histogram,fixed,binary,75,1,0,1.0,86.22,-73.78,5.012,8.29,1.206,0.117,1.185
histogram,fixed,binary,76,1,0,1.0,86.22,-73.78,4.716,7.831,1.198,0.103,1.062
histogram,fixed,binary,77,1,0,1.0,86.22,-73.78,4.681,7.806,1.187,0.111,1.08
histogram,fixed,binary,78,1,0,1.0,86.22,-73.78,4.67,7.78,1.211,0.106,1.043
histogram,fixed,binary,79,1,0,1.0,86.22,-73.78,4.691,7.986,1.303,0.136,1.107
histogram,fixed,binary,80,1,0,1.0,86.22,-73.78,4.66,7.767,1.19,0.107,1.055
histogram,fixed,binary,81,1,0,1.0,86.22,-73.78,4.677,7.811,1.182,0.104,1.064
histogram,fixed,binary,82,1,0,1.0,86.22,-73.78,4.654,7.878,1.213,0.106,1.156
histogram,fixed,binary,83,1,0,1.0,86.22,-73.78,4.675,7.869,1.181,0.106,1.15
histogram,fixed,binary,84,1,0,1.0,86.22,-73.78,4.65,7.861,1.198,0.109,1.157
histogram,fixed,binary,85,1,0,1.0,86.22,-73.78,4.691,7.789,1.182,0.107,1.057
histogram,fixed,binary,86,1,0,1.0,86.22,-73.78,4.673,7.873,1.14,0.146,1.167
histogram,fixed,binary,87,1,0,1.0,86.22,-73.78,4.812,7.908,1.133,0.152,1.06
histogram,fixed,binary,88,1,0,1.0,86.22,-73.78,4.665,7.842,1.141,0.144,1.146
histogram,fixed,binary,89,1,0,1.0,86.22,-73.78,4.662,7.82,1.137,0.099,1.167
histogram,fixed,binary,90,1,0,1.0,86.22,-73.78,4.659,7.943,1.141,0.102,1.284
histogram,fixed,binary,91,1,0,1.0,86.22,-73.78,4.664,7.92,1.136,0.103,1.213
histogram,fixed,binary,92,1,0,1.0,86.22,-73.78,4.7,8.013,1.136,0.101,1.317
histogram,fixed,binary,93,1,0,1.0,86.22,-73.78,4.672,7.917,1.138,0.101,1.252
histogram,fixed,binary,94,1,0,1.0,86.22,-73.78,4.673,7.876,1.136,0.099,1.213
histogram,fixed,binary,95,1,0,1.0,86.22,-73.78,4.801,7.898,1.138,0.102,1.112
histogram,fixed,binary,96,1,0,1.0,86.22,-73.78,4.703,7.807,1.134,0.097,1.122
histogram,fixed,binary,97,1,0,1.0,86.22,-73.78,4.654,7.884,1.141,0.1,1.231
histogram,fixed,binary,98,1,0,1.0,86.22,-73.78,4.664,7.892,1.14,0.102,1.242
histogram,fixed,binary,99,1,0,1.0,86.22,-73.78,4.67,7.808,1.129,0.104,1.163
histogram,fixed,binary,100,1,0,1.0,86.22,-73.78,4.67,7.878,1.144,0.098,1.223
histogram,fixed,binary,101,1,0,1.0,86.22,-73.78,4.68,7.904,1.126,0.099,1.22
histogram,fixed,binary,102,1,0,1.0,86.22,-73.78,4.687,7.892,1.145,0.1,1.223
histogram,fixed,binary,103,1,0,1.0,86.22,-73.78,4.694,7.846,1.135,0.1,1.168
histogram,fixed,binary,104,1,0,1.0,86.22,-73.78,4.712,7.939,1.14,0.099,1.24
histogram,fixed,binary,105,1,0,1.0,86.22,-73.78,4.648,8.569,1.141,0.099,1.921
histogram,fixed,binary,106,1,0,1.0,86.22,-73.78,4.68,7.887,1.131,0.101,1.225
histogram,fixed,binary,107,1,0,1.0,86.22,-73.78,4.698,7.976,1.126,0.099,1.307
histogram,fixed,binary,108,1,0,1.0,86.22,-73.78,4.793,8.054,1.139,0.098,1.275
histogram,fixed,binary,109,1,0,1.0,86.22,-73.78,4.673,7.792,1.131,0.098,1.134
histogram,fixed,binary,110,1,0,1.0,86.22,-73.78,4.667,7.78,1.142,0.098,1.116
histogram,fixed,binary,111,1,0,1.0,86.22,-73.78,4.669,7.941,1.133,0.1,1.257
histogram,fixed,binary,112,1,0,1.0,86.22,-73.78,4.665,7.918,1.136,0.097,1.276
histogram,fixed,binary,113,1,0,1.0,86.22,-73.78,4.657,7.847,1.132,0.097,1.207
histogram,fixed,binary,114,1,0,1.0,86.22,-73.78,4.661,7.87,1.141,0.098,1.234
histogram,fixed,binary,115,1,0,1.0,86.22,-73.78,4.688,8.01,1.145,0.111,1.321
histogram,fixed,binary,116,1,0,1.0,86.22,-73.78,4.661,7.936,1.145,0.098,1.285
histogram,fixed,binary,117,1,0,1.0,86.22,-73.78,4.68,7.958,1.122,0.101,1.313
histogram,fixed,binary,118,1,0,1.0,86.22,-73.78,4.689,7.963,1.142,0.098,1.289
histogram,fixed,binary,119,1,0,1.0,86.22,-73.78,4.676,7.948,1.127,0.099,1.303
histogram,fixed,binary,120,1,0,1.0,86.22,-73.78,4.671,7.864,1.126,0.097,1.223
histogram,fixed,binary,121,1,0,1.0,86.22,-73.78,4.678,8.003,1.125,0.101,1.32
histogram,fixed,binary,122,1,0,1.0,86.22,-73.78,4.672,7.937,1.143,0.099,1.274
histogram,fixed,binary,123,1,0,1.0,86.22,-73.78,4.677,7.805,1.137,0.101,1.14
histogram,fixed,binary,124,1,0,1.0,86.22,-73.78,4.703,7.842,1.141,0.101,1.145
histogram,fixed,binary,125,1,0,1.0,86.22,-73.78,4.669,8.079,1.128,0.1,1.435
histogram,fixed,binary,126,1,0,1.0,86.22,-73.78,4.679,7.812,1.14,0.1,1.143
histogram,fixed,binary,127,1,0,1.0,86.22,-73.78,4.674,8.05,1.138,0.1,1.394
histogram,fixed,binary,128,1,0,1.0,86.22,-73.78,4.692,7.831,1.13,0.101,1.161
histogram,fixed,binary,129,1,0,1.0,86.22,-73.78,4.682,7.918,1.142,0.101,1.241
histogram,fixed,binary,130,1,0,1.0,86.22,-73.78,4.663,8.408,1.13,0.104,1.763
histogram,fixed,binary,131,1,0,1.0,86.22,-73.78,4.671,7.869,1.125,0.103,1.184
histogram,fixed,binary,132,1,0,1.0,86.22,-73.78,4.668,7.928,1.13,0.1,1.28
histogram,fixed,binary,133,1,0,1.0,86.22,-73.78,4.677,7.879,1.137,0.1,1.213
histogram,fixed,binary,134,1,0,1.0,86.22,-73.78,4.676,7.971,1.13,0.1,1.306
histogram,fixed,binary,135,1,0,1.0,86.22,-73.78,4.694,7.961,1.131,0.098,1.28
histogram,fixed,binary,136,1,0,1.0,86.22,-73.78,4.67,7.979,1.14,0.097,1.312
histogram,fixed,binary,137,1,0,1.0,86.22,-73.78,4.677,7.793,1.139,0.103,1.131
histogram,fixed,binary,138,1,0,1.0,86.22,-73.78,4.671,7.921,1.145,0.097,1.265
histogram,fixed,binary,139,1,0,1.0,86.22,-73.78,4.658,7.851,1.127,0.1,1.22
histogram,fixed,binary,140,1,0,1.0,86.22,-73.78,4.694,7.901,1.139,0.1,1.222
histogram,fixed,binary,141,1,0,1.0,86.22,-73.78,4.674,7.91,1.127,0.098,1.234
histogram,fixed,binary,142,1,0,1.0,86.22,-73.78,4.666,7.89,1.136,0.097,1.238
histogram,fixed,binary,143,1,0,1.0,86.22,-73.78,4.712,7.985,1.132,0.1,1.297
histogram,fixed,binary,144,1,0,1.0,86.22,-73.78,4.674,7.942,1.146,0.1,1.284
histogram,fixed,binary,145,1,0,1.0,86.22,-73.78,4.657,7.918,1.136,0.099,1.294
histogram,fixed,binary,146,1,0,1.0,86.22,-73.78,4.662,7.896,1.147,0.099,1.235
histogram,fixed,binary,147,1,0,1.0,86.22,-73.78,4.66,7.947,1.129,0.099,1.307
histogram,fixed,binary,148,1,0,1.0,86.22,-73.78,4.656,7.942,1.129,0.099,1.317
histogram,fixed,binary,149,1,0,1.0,86.22,-73.78,4.678,7.915,1.14,0.101,1.254
histogram,fixed,binary,150,1,0,1.0,86.22,-73.78,4.667,7.953,1.13,0.098,1.308
histogram,fixed,binary,151,1,0,1.0,86.22,-73.78,4.676,8.03,1.14,0.1,1.336
histogram,fixed,binary,152,1,0,1.0,86.22,-73.78,4.649,7.831,1.131,0.097,1.203
histogram,fixed,binary,153,1,0,1.0,86.22,-73.78,4.672,7.947,1.132,0.101,1.299
histogram,fixed,binary,154,1,0,1.0,86.22,-73.78,4.657,7.867,1.144,0.098,1.222
histogram,fixed,binary,155,1,0,1.0,86.22,-73.78,4.68,7.99,1.129,0.1,1.331
histogram,fixed,binary,156,1,0,1.0,86.22,-73.78,4.7,7.927,1.147,0.099,1.23
histogram,fixed,binary,157,1,0,1.0,86.22,-73.78,4.684,7.794,1.14,0.099,1.122
histogram,fixed,binary,158,1,0,1.0,86.22,-73.78,4.68,7.882,1.138,0.1,1.218
histogram,fixed,binary,159,1,0,1.0,86.22,-73.78,4.689,7.805,1.134,0.099,1.14
histogram,fixed,binary,160,1,0,1.0,86.22,-73.78,4.653,8.674,1.139,0.098,2.031
histogram,fixed,binary,161,1,0,1.0,86.22,-73.78,4.672,7.783,1.124,0.101,1.1
histogram,fixed,binary,162,1,0,1.0,86.22,-73.78,4.678,7.782,1.142,0.097,1.113
histogram,fixed,binary,163,1,0,1.0,86.22,-73.78,4.665,7.9,1.142,0.101,1.237
histogram,fixed,binary,164,1,0,1.0,86.22,-73.78,4.665,7.882,1.138,0.097,1.229
histogram,fixed,binary,165,1,0,1.0,86.22,-73.78,4.664,7.959,1.129,0.105,1.309
histogram,fixed,binary,166,1,0,1.0,86.22,-73.78,4.656,7.887,1.146,0.098,1.229
histogram,fixed,binary,167,1,0,1.0,86.22,-73.78,4.76,7.97,1.127,0.1,1.236
histogram,fixed,binary,168,1,0,1.0,86.22,-73.78,4.699,7.998,1.139,0.101,1.311
histogram,fixed,binary,169,1,0,1.0,86.22,-73.78,4.675,7.963,1.129,0.105,1.307
histogram,fixed,binary,170,1,0,1.0,86.22,-73.78,4.674,7.953,1.142,0.097,1.292
histogram,fixed,binary,171,1,0,1.0,86.22,-73.78,4.699,7.944,1.127,0.102,1.231
histogram,fixed,binary,172,1,0,1.0,86.22,-73.78,4.706,7.975,1.143,0.097,1.273
histogram,fixed,binary,173,1,0,1.0,86.22,-73.78,4.66,7.902,1.126,0.1,1.273
histogram,fixed,binary,174,1,0,1.0,86.22,-73.78,4.651,7.902,1.134,0.099,1.274
histogram,fixed,binary,175,1,0,1.0,86.22,-73.78,4.67,7.884,1.132,0.102,1.23
histogram,fixed,binary,176,1,0,1.0,86.22,-73.78,4.681,7.894,1.136,0.099,1.226
histogram,fixed,binary,177,1,0,1.0,86.22,-73.78,4.679,7.969,1.137,0.101,1.31
histogram,fixed,binary,178,1,0,1.0,86.22,-73.78,4.648,7.831,1.127,0.1,1.21
histogram,fixed,binary,179,1,0,1.0,86.22,-73.78,4.684,7.905,1.135,0.1,1.238
histogram,fixed,binary,180,1,0,1.0,86.22,-73.78,4.699,7.807,1.138,0.098,1.128
histogram,fixed,binary,181,1,0,1.0,86.22,-73.78,4.685,7.834,1.123,0.1,1.154
histogram,fixed,binary,182,1,0,1.0,86.22,-73.78,4.766,7.957,1.139,0.097,1.209
histogram,fixed,binary,183,1,0,1.0,86.22,-73.78,4.842,8.504,1.209,0.197,1.435
histogram,fixed,binary,184,1,0,1.0,86.22,-73.78,4.776,7.967,1.148,0.115,1.158
histogram,fixed,binary,185,1,0,1.0,86.22,-73.78,4.802,7.993,1.147,0.113,1.161
histogram,fixed,binary,186,1,0,1.0,86.22,-73.78,4.772,8.014,1.161,0.109,1.192
histogram,fixed,binary,187,1,0,1.0,86.22,-73.78,5.249,8.459,1.145,0.174,1.116
histogram,fixed,binary,188,1,0,1.0,86.22,-73.78,4.815,8.027,1.212,0.116,1.104
histogram,fixed,binary,189,1,0,1.0,86.22,-73.78,4.782,7.96,1.194,0.116,1.091
histogram,fixed,binary,190,1,0,1.0,86.22,-73.78,4.795,8.054,1.188,0.116,1.188
histogram,fixed,binary,191,1,0,1.0,86.22,-73.78,4.794,8.012,1.199,0.119,1.091
histogram,fixed,binary,192,1,0,1.0,86.22,-73.78,4.839,8.131,1.195,0.114,1.194
histogram,fixed,binary,193,1,0,1.0,86.22,-73.78,4.772,8.061,1.206,0.122,1.184
histogram,fixed,binary,194,1,0,1.0,86.22,-73.78,4.772,7.965,1.218,0.109,1.085
histogram,fixed,binary,195,1,0,1.0,86.22,-73.78,4.797,7.968,1.146,0.112,1.081
histogram,fixed,binary,196,1,0,1.0,86.22,-73.78,4.787,8.113,1.154,0.109,1.212
histogram,fixed,binary,197,1,0,1.0,86.22,-73.78,4.804,7.987,1.14,0.117,1.096
histogram,fixed,binary,198,1,0,1.0,86.22,-73.78,4.774,7.96,1.149,0.109,1.085
histogram,fixed,binary,199,1,0,1.0,86.22,-73.78,4.778,7.961,1.151,0.11,1.091
histogram,fixed,binary,200,1,0,1.0,86.22,-73.78,4.698,8.032,1.16,0.134,1.201
histogram,fixed,binary,201,1,0,1.0,86.22,-73.78,4.682,7.906,1.138,0.097,1.145
histogram,fixed,binary,202,1,0,1.0,86.22,-73.78,4.693,7.779,1.142,0.1,1.039
histogram,fixed,binary,203,1,0,1.0,86.22,-73.78,4.748,7.846,1.131,0.103,1.044
histogram,fixed,binary,204,1,0,1.0,86.22,-73.78,4.714,7.804,1.129,0.099,1.064
histogram,fixed,binary,205,1,0,1.0,86.22,-73.78,4.668,7.764,1.126,0.098,1.066
histogram,fixed,binary,206,1,0,1.0,86.22,-73.78,4.656,7.861,1.216,0.101,1.14
histogram,fixed,binary,207,1,0,1.0,86.22,-73.78,4.69,7.779,1.188,0.106,1.045
histogram,fixed,binary,208,1,0,1.0,86.22,-73.78,4.662,7.833,1.188,0.103,1.132
histogram,fixed,binary,209,1,0,1.0,86.22,-73.78,4.682,7.79,1.188,0.107,1.062
histogram,fixed,binary,210,1,0,1.0,86.22,-73.78,4.647,7.748,1.19,0.102,1.064
histogram,fixed,binary,211,1,0,1.0,86.22,-73.78,4.692,7.829,1.176,0.105,1.073
histogram,fixed,binary,212,1,0,1.0,86.22,-73.78,4.676,7.791,1.196,0.104,1.063
histogram,fixed,binary,213,1,0,1.0,86.22,-73.78,4.682,7.87,1.181,0.111,1.15
histogram,fixed,binary,214,1,0,1.0,86.22,-73.78,4.677,7.784,1.187,0.101,1.062
histogram,fixed,binary,215,1,0,1.0,86.22,-73.78,4.778,7.865,1.142,0.099,1.095
histogram,fixed,binary,216,1,0,1.0,86.22,-73.78,4.671,7.928,1.141,0.097,1.263
histogram,fixed,binary,217,1,0,1.0,86.22,-73.78,4.671,7.927,1.136,0.101,1.267
histogram,fixed,binary,218,1,0,1.0,86.22,-73.78,4.661,7.844,1.132,0.098,1.197
histogram,fixed,binary,219,1,0,1.0,86.22,-73.78,4.671,7.873,1.124,0.104,1.217
histogram,fixed,binary,220,1,0,1.0,86.22,-73.78,4.703,7.854,1.127,0.097,1.18
histogram,fixed,binary,221,1,0,1.0,86.22,-73.78,4.691,7.965,1.13,0.097,1.273
histogram,fixed,binary,222,1,0,1.0,86.22,-73.78,4.675,7.854,1.138,0.097,1.198
histogram,fixed,binary,223,1,0,1.0,86.22,-73.78,4.669,7.944,1.123,0.099,1.311
histogram,fixed,binary,224,1,0,1.0,86.22,-73.78,4.677,8.02,1.128,0.099,1.371
histogram,fixed,binary,225,1,0,1.0,86.22,-73.78,4.67,7.894,1.127,0.099,1.265
histogram,fixed,binary,226,1,0,1.0,86.22,-73.78,4.672,7.849,1.134,0.1,1.192
histogram,fixed,binary,227,1,0,1.0,86.22,-73.78,4.677,7.887,1.137,0.1,1.229
histogram,fixed,binary,228,1,0,1.0,86.22,-73.78,4.654,7.961,1.143,0.099,1.324
histogram,fixed,binary,229,1,0,1.0,86.22,-73.78,4.651,7.952,1.133,0.1,1.325
histogram,fixed,binary,230,1,0,1.0,86.22,-73.78,4.661,7.932,1.144,0.098,1.291
histogram,fixed,binary,231,1,0,1.0,86.22,-73.78,4.699,8.017,1.139,0.1,1.31
histogram,fixed,binary,232,1,0,1.0,86.22,-73.78,4.661,7.914,1.125,0.097,1.284
histogram,fixed,binary,233,1,0,1.0,86.22,-73.78,4.682,7.902,1.132,0.099,1.246
histogram,fixed,binary,234,1,0,1.0,86.22,-73.78,4.669,7.949,1.128,0.099,1.314
histogram,fixed,binary,235,1,0,1.0,86.22,-73.78,4.671,7.952,1.126,0.101,1.31
histogram,fixed,binary,236,1,0,1.0,86.22,-73.78,4.691,7.89,1.14,0.096,1.218
histogram,fixed,binary,237,1,0,1.0,86.22,-73.78,4.663,7.945,1.136,0.101,1.305
histogram,fixed,binary,238,1,0,1.0,86.22,-73.78,4.661,7.94,1.137,0.098,1.3
histogram,fixed,binary,239,1,0,1.0,86.22,-73.78,4.693,7.892,1.124,0.1,1.23
histogram,fixed,binary,240,1,0,1.0,86.22,-73.78,4.65,7.878,1.146,0.098,1.231
histogram,fixed,binary,241,1,0,1.0,86.22,-73.78,4.662,7.898,1.124,0.107,1.226
histogram,fixed,binary,242,1,0,1.0,86.22,-73.78,4.661,7.943,1.142,0.098,1.288
histogram,fixed,binary,243,1,0,1.0,86.22,-73.78,4.687,7.799,1.137,0.104,1.133
histogram,fixed,binary,244,1,0,1.0,86.22,-73.78,4.678,7.797,1.136,0.099,1.135
histogram,fixed,binary,245,1,0,1.0,86.22,-73.78,4.685,7.796,1.129,0.098,1.138
histogram,fixed,binary,246,1,0,1.0,86.22,-73.78,4.698,7.972,1.142,0.097,1.283
histogram,fixed,binary,247,1,0,1.0,86.22,-73.78,4.639,8.63,1.137,0.099,1.999
histogram,fixed,binary,248,1,0,1.0,86.22,-73.78,4.672,7.94,1.138,0.099,1.279
histogram,fixed,binary,249,1,0,1.0,86.22,-73.78,4.675,7.76,1.136,0.1,1.106
histogram,fixed,binary,250,1,0,1.0,86.22,-73.78,4.681,7.934,1.139,0.098,1.267
histogram,fixed,binary,251,1,0,1.0,86.22,-73.78,4.701,7.978,1.134,0.099,1.266
histogram,fixed,binary,252,1,0,1.0,86.22,-73.78,4.67,7.864,1.141,0.098,1.199
histogram,fixed,binary,253,1,0,1.0,86.22,-73.78,4.673,7.959,1.137,0.1,1.299
histogram,fixed,binary,254,1,0,1.0,86.22,-73.78,4.658,7.88,1.135,0.1,1.236
histogram,fixed,binary,255,1,0,1.0,86.22,-73.78,4.656,7.928,1.137,0.099,1.278
histogram,fixed,binary,256,1,0,1.0,86.22,-73.78,4.685,7.97,1.143,0.102,1.282
histogram,fixed,binary,257,1,0,1.0,86.22,-73.78,4.67,7.892,1.127,0.103,1.25
histogram,fixed,binary,258,1,0,1.0,86.22,-73.78,4.667,7.967,1.131,0.099,1.328
histogram,fixed,binary,259,1,0,1.0,86.22,-73.78,4.671,7.947,1.127,0.1,1.308
histogram,fixed,binary,260,1,0,1.0,86.22,-73.78,4.667,7.86,1.131,0.098,1.209
histogram,fixed,binary,261,1,0,1.0,86.22,-73.78,4.674,8.005,1.126,0.1,1.315
histogram,fixed,binary,262,1,0,1.0,86.22,-73.78,4.67,7.917,1.13,0.098,1.278
histogram,fixed,binary,263,1,0,1.0,86.22,-73.78,4.702,8.0,1.135,0.1,1.329
histogram,fixed,binary,264,1,0,1.0,86.22,-73.78,4.654,7.811,1.139,0.098,1.169
histogram,fixed,binary,265,1,0,1.0,86.22,-73.78,4.658,7.982,1.134,0.098,1.349
histogram,fixed,binary,266,1,0,1.0,86.22,-73.78,4.698,7.973,1.142,0.098,1.29
histogram,fixed,binary,267,1,0,1.0,86.22,-73.78,4.674,7.862,1.122,0.099,1.226
histogram,fixed,binary,268,1,0,1.0,86.22,-73.78,4.67,7.945,1.143,0.098,1.285
histogram,fixed,binary,269,1,0,1.0,86.22,-73.78,4.682,8.004,1.136,0.1,1.344
histogram,fixed,binary,270,1,0,1.0,86.22,-73.78,4.678,7.94,1.138,0.097,1.283
histogram,fixed,binary,271,1,0,1.0,86.22,-73.78,4.706,7.85,1.135,0.099,1.132
histogram,fixed,binary,272,1,0,1.0,86.22,-73.78,4.663,8.003,1.141,0.097,1.356
histogram,fixed,binary,273,1,0,1.0,86.22,-73.78,4.695,7.992,1.125,0.102,1.329
histogram,fixed,binary,274,1,0,1.0,86.22,-73.78,4.674,7.919,1.128,0.099,1.273
histogram,fixed,binary,275,1,0,1.0,86.22,-73.78,4.679,7.933,1.131,0.098,1.286
histogram,fixed,binary,276,1,0,1.0,86.22,-73.78,4.672,7.935,1.138,0.099,1.279
histogram,fixed,binary,277,1,0,1.0,86.22,-73.78,4.659,7.918,1.136,0.101,1.271
histogram,fixed,binary,278,1,0,1.0,86.22,-73.78,4.671,7.918,1.127,0.099,1.285
histogram,fixed,binary,279,1,0,1.0,86.22,-73.78,4.655,7.761,1.132,0.1,1.124
histogram,fixed,binary,280,1,0,1.0,86.22,-73.78,4.7,7.863,1.148,0.099,1.156
histogram,fixed,binary,281,1,0,1.0,86.22,-73.78,4.66,8.092,1.132,0.102,1.408
histogram,fixed,binary,282,1,0,1.0,86.22,-73.78,4.655,7.874,1.141,0.1,1.237
histogram,fixed,binary,283,1,0,1.0,86.22,-73.78,4.668,7.953,1.127,0.102,1.314
histogram,fixed,binary,284,1,0,1.0,86.22,-73.78,4.661,7.902,1.145,0.098,1.244
histogram,fixed,binary,285,1,0,1.0,86.22,-73.78,4.655,7.992,1.14,0.102,1.358
histogram,fixed,binary,286,1,0,1.0,86.22,-73.78,4.671,7.803,1.146,0.098,1.136
histogram,fixed,binary,287,1,0,1.0,86.22,-73.78,4.66,8.399,1.135,0.104,1.752
histogram,fixed,binary,288,1,0,1.0,86.22,-73.78,4.698,7.899,1.137,0.102,1.2
histogram,fixed,binary,289,1,0,1.0,86.22,-73.78,4.666,7.874,1.134,0.1,1.219
histogram,fixed,binary,290,1,0,1.0,86.22,-73.78,4.675,7.938,1.14,0.096,1.273
histogram,fixed,binary,291,1,0,1.0,86.22,-73.78,4.665,7.96,1.127,0.099,1.294
histogram,fixed,binary,292,1,0,1.0,86.22,-73.78,4.669,7.941,1.131,0.099,1.288
histogram,fixed,binary,293,1,0,1.0,86.22,-73.78,4.657,7.839,1.124,0.099,1.209
histogram,fixed,binary,294,1,0,1.0,86.22,-73.78,4.594,7.839,1.13,0.099,1.28
histogram,fixed,binary,295,1,0,1.0,86.22,-73.78,4.288,7.126,0.98,0.094,1.089
histogram,fixed,binary,296,1,0,1.0,86.22,-73.78,4.107,6.853,0.986,0.092,0.999
histogram,fixed,binary,297,1,0,1.0,86.22,-73.78,4.089,6.919,0.984,0.093,1.013
histogram,fixed,binary,298,1,0,1.0,86.22,-73.78,4.101,6.846,1.036,0.1,0.941
histogram,fixed,binary,299,1,0,1.0,86.22,-73.78,4.099,7.522,0.979,0.093,1.675
histogram,fixed,binary,300,1,0,1.0,86.22,-73.78,4.079,6.909,0.99,0.095,1.003
histogram,fixed,binary,301,1,0,1.0,86.22,-73.78,4.1,6.832,0.989,0.094,0.94
histogram,fixed,binary,302,1,0,1.0,86.22,-73.78,4.097,6.851,1.031,0.096,0.929
histogram,fixed,binary,303,1,0,1.0,86.22,-73.78,4.198,7.09,0.987,0.094,1.124
histogram,fixed,binary,304,1,0,1.0,86.22,-73.78,4.101,6.962,0.986,0.091,1.036
histogram,fixed,binary,305,1,0,1.0,86.22,-73.78,4.119,6.874,0.975,0.091,1.015
histogram,fixed,binary,306,1,0,1.0,86.22,-73.78,4.12,6.887,1.052,0.099,0.944
histogram,fixed,binary,307,1,0,1.0,86.22,-73.78,4.119,7.027,0.98,0.091,1.161
histogram,fixed,binary,308,1,0,1.0,86.22,-73.78,4.11,6.855,0.985,0.096,0.942
histogram,fixed,binary,309,1,0,1.0,86.22,-73.78,5.45,8.165,0.983,0.091,0.951
histogram,fixed,binary,310,1,0,1.0,86.22,-73.78,4.814,8.162,1.162,0.12,1.249
histogram,fixed,binary,311,1,0,1.0,86.22,-73.78,4.765,7.943,1.146,0.1,1.15
histogram,fixed,binary,312,1,0,1.0,86.22,-73.78,4.772,7.826,1.132,0.105,1.061
histogram,fixed,binary,313,1,0,1.0,86.22,-73.78,4.765,7.817,1.136,0.103,1.066
histogram,fixed,binary,314,1,0,1.0,86.22,-73.78,4.747,7.913,1.131,0.101,1.167
histogram,fixed,binary,315,1,0,1.0,86.22,-73.78,4.757,7.79,1.125,0.103,1.056
histogram,fixed,binary,316,1,0,1.0,86.22,-73.78,4.742,7.772,1.13,0.1,1.049
histogram,fixed,binary,317,1,0,1.0,86.22,-73.78,5.128,8.174,1.133,0.1,1.062
histogram,fixed,binary,318,1,0,1.0,86.22,-73.78,4.743,7.79,1.13,0.098,1.069
histogram,fixed,binary,319,1,0,1.0,86.22,-73.78,4.73,7.832,1.127,0.098,1.129
histogram,fixed,binary,320,1,0,1.0,86.22,-73.78,4.633,7.856,1.145,0.097,1.168
histogram,fixed,binary,321,1,0,1.0,86.22,-73.78,4.665,7.765,1.133,0.101,1.089
histogram,fixed,binary,322,1,0,1.0,86.22,-73.78,4.736,7.928,1.124,0.099,1.147
histogram,fixed,binary,323,1,0,1.0,86.22,-73.78,4.724,7.896,1.13,0.099,1.138
histogram,fixed,binary,324,1,0,1.0,86.22,-73.78,4.667,7.781,1.148,0.1,1.054
histogram,fixed,binary,325,1,0,1.0,86.22,-73.78,4.671,7.851,1.131,0.099,1.144
histogram,fixed,binary,326,1,0,1.0,86.22,-73.78,4.666,7.859,1.129,0.099,1.158
histogram,fixed,binary,327,1,0,1.0,86.22,-73.78,4.723,7.833,1.133,0.1,1.076
histogram,fixed,binary,328,1,0,1.0,86.22,-73.78,4.659,7.793,1.146,0.099,1.071
histogram,fixed,binary,329,1,0,1.0,86.22,-73.78,4.664,7.774,1.2,0.105,1.055
histogram,fixed,binary,330,1,0,1.0,86.22,-73.78,4.672,7.769,1.189,0.103,1.053
histogram,fixed,binary,331,1,0,1.0,86.22,-73.78,4.665,7.79,1.179,0.105,1.057
histogram,fixed,binary,332,1,0,1.0,86.22,-73.78,4.683,7.792,1.181,0.102,1.071
histogram,fixed,binary,333,1,0,1.0,86.22,-73.78,4.666,7.77,1.18,0.104,1.071
histogram,fixed,binary,334,1,0,1.0,86.22,-73.78,4.664,7.844,1.175,0.103,1.155
histogram,fixed,binary,335,1,0,1.0,86.22,-73.78,4.654,7.833,1.183,0.106,1.142
histogram,fixed,binary,336,1,0,1.0,86.22,-73.78,4.682,7.798,1.196,0.103,1.066
histogram,fixed,binary,337,1,0,1.0,86.22,-73.78,4.737,7.795,1.121,0.099,1.091
histogram,fixed,binary,338,1,0,1.0,86.22,-73.78,4.681,7.755,1.145,0.099,1.091
histogram,fixed,binary,339,1,0,1.0,86.22,-73.78,4.677,7.783,1.134,0.098,1.13
histogram,fixed,binary,340,1,0,1.0,86.22,-73.78,4.671,7.804,1.142,0.099,1.145
histogram,fixed,binary,341,1,0,1.0,86.22,-73.78,4.66,7.832,1.131,0.1,1.157
histogram,fixed,binary,342,1,0,1.0,86.22,-73.78,4.677,7.776,1.128,0.101,1.122
histogram,fixed,binary,343,1,0,1.0,86.22,-73.78,4.627,8.641,1.12,0.1,2.03
histogram,fixed,binary,344,1,0,1.0,86.22,-73.78,4.661,7.918,1.143,0.099,1.257
histogram,fixed,binary,345,1,0,1.0,86.22,-73.78,4.804,8.067,1.14,0.098,1.271
histogram,fixed,binary,346,1,0,1.0,86.22,-73.78,4.669,7.843,1.136,0.099,1.195
histogram,fixed,binary,347,1,0,1.0,86.22,-73.78,4.671,7.938,1.135,0.098,1.282
histogram,fixed,binary,348,1,0,1.0,86.22,-73.78,4.676,7.782,1.141,0.1,1.107
histogram,fixed,binary,349,1,0,1.0,86.22,-73.78,4.664,7.873,1.127,0.106,1.226
histogram,fixed,binary,350,1,0,1.0,86.22,-73.78,4.655,7.865,1.141,0.098,1.228
histogram,fixed,binary,351,1,0,1.0,86.22,-73.78,4.684,8.015,1.125,0.098,1.33
histogram,fixed,binary,352,1,0,1.0,86.22,-73.78,4.669,7.936,1.128,0.097,1.294
histogram,fixed,binary,353,1,0,1.0,86.22,-73.78,4.67,7.927,1.12,0.098,1.291
histogram,fixed,binary,354,1,0,1.0,86.22,-73.78,4.69,7.938,1.134,0.098,1.272
histogram,fixed,binary,355,1,0,1.0,86.22,-73.78,4.661,7.935,1.124,0.1,1.308
histogram,fixed,binary,356,1,0,1.0,86.22,-73.78,4.651,7.842,1.136,0.098,1.203
histogram,fixed,binary,357,1,0,1.0,86.22,-73.78,4.654,7.869,1.125,0.1,1.25
histogram,fixed,binary,358,1,0,1.0,86.22,-73.78,4.648,7.946,1.139,0.097,1.322
histogram,fixed,binary,359,1,0,1.0,86.22,-73.78,4.694,8.002,1.138,0.096,1.322
histogram,fixed,binary,360,1,0,1.0,86.22,-73.78,4.66,7.86,1.145,0.096,1.203
histogram,fixed,binary,361,1,0,1.0,86.22,-73.78,4.648,7.972,1.135,0.099,1.317
histogram,fixed,binary,362,1,0,1.0,86.22,-73.78,4.665,7.959,1.148,0.099,1.302
histogram,fixed,binary,363,1,0,1.0,86.22,-73.78,4.646,7.85,1.131,0.099,1.231
histogram,otsu,binary,0,1,0,1.0,152.45,-7.55,5.616,9.501,1.312,0.471,1.339
histogram,otsu,binary,1,1,0,1.0,152.96,-7.04,6.242,9.895,1.199,0.449,1.084
histogram,otsu,binary,2,1,0,1.0,152.96,-7.04,6.98,11.302,1.224,0.53,1.662
histogram,otsu,binary,3,1,0,1.0,155.91,-4.09,12.206,16.412,1.476,0.55,1.101
histogram,otsu,binary,4,1,0,1.0,153.04,-6.96,5.187,13.385,1.675,0.917,4.469
histogram,otsu,binary,5,1,0,1.0,153.04,-6.96,6.015,9.576,1.222,0.441,1.078
histogram,otsu,binary,6,1,0,1.0,152.23,-7.77,5.603,10.046,1.288,0.588,1.578
histogram,otsu,binary,7,1,0,1.0,154.26,-5.74,4.825,8.446,1.202,0.443,1.21
histogram,otsu,binary,8,1,0,1.0,154.26,-5.74,4.87,8.405,1.159,0.433,1.097
histogram,otsu,binary,9,1,0,1.0,154.18,-5.82,4.885,8.519,1.141,0.435,1.161
histogram,otsu,binary,10,1,0,1.0,154.26,-5.74,4.803,8.429,1.149,0.438,1.273
histogram,otsu,binary,11,1,0,1.0,152.68,-7.32,4.775,8.407,1.146,0.434,1.288
histogram,otsu,binary,12,1,0,1.0,152.68,-7.32,4.773,8.314,1.161,0.435,1.166
histogram,otsu,binary,13,1,0,1.0,153.04,-6.96,4.813,8.331,1.141,0.492,1.101
histogram,otsu,binary,14,1,0,1.0,153.86,-6.14,4.792,8.318,1.212,0.441,1.095
histogram,otsu,binary,15,1,0,1.0,153.86,-6.14,4.82,8.343,1.204,0.439,1.099
histogram,otsu,binary,16,1,0,1.0,154.66,-5.34,4.8,8.404,1.24,0.438,1.113
histogram,otsu,binary,17,1,0,1.0,154.66,-5.34,4.891,8.564,1.149,0.431,1.252
histogram,otsu,binary,18,1,0,1.0,153.38,-6.62,4.867,8.344,1.143,0.433,1.09
histogram,otsu,binary,19,1,0,1.0,155.16,-4.84,4.77,8.298,1.145,0.439,1.169
histogram,otsu,binary,20,1,0,1.0,155.16,-4.84,4.734,8.322,1.147,0.434,1.223
histogram,otsu,binary,21,1,0,1.0,155.16,-4.84,4.761,8.292,1.156,0.429,1.166
histogram,otsu,binary,22,1,0,1.0,155.05,-4.95,4.786,8.341,1.177,0.492,1.091
histogram,otsu,binary,23,1,0,1.0,155.05,-4.95,4.964,8.742,1.193,0.468,1.357
histogram,otsu,binary,24,1,0,1.0,154.18,-5.82,4.726,8.355,1.206,0.434,1.232
histogram,otsu,binary,25,1,0,1.0,154.57,-5.43,4.727,8.335,1.14,0.423,1.242
histogram,otsu,binary,26,1,0,1.0,153.85,-6.15,4.797,8.394,1.139,0.427,1.256
histogram,otsu,binary,27,1,0,1.0,153.05,-6.95,4.729,8.392,1.14,0.425,1.232
histogram,otsu,binary,28,1,0,1.0,155.18,-4.82,4.739,8.372,1.138,0.426,1.318
histogram,otsu,binary,29,1,0,1.0,153.33,-6.67,4.705,8.231,1.134,0.427,1.215
histogram,otsu,binary,30,1,0,1.0,153.11,-6.89,5.079,8.852,1.256,0.526,1.215
histogram,otsu,binary,31,1,0,1.0,153.81,-6.19,5.135,8.92,1.268,0.469,1.255
histogram,otsu,binary,32,1,0,1.0,153.81,-6.19,5.33,9.076,1.158,0.458,1.269
histogram,otsu,binary,33,1,0,1.0,152.23,-7.77,5.143,8.881,1.186,0.462,1.301
histogram,otsu,binary,34,1,0,1.0,153.74,-6.26,5.193,8.991,1.192,0.459,1.356
histogram,otsu,binary,35,1,0,1.0,153.74,-6.26,5.193,9.045,1.232,0.461,1.371
histogram,otsu,binary,36,1,0,1.0,155.09,-4.91,5.109,9.014,1.183,0.466,1.255
histogram,otsu,binary,37,1,0,1.0,154.38,-5.62,5.171,8.892,1.181,0.47,1.28
histogram,otsu,binary,38,1,0,1.0,154.38,-5.62,5.247,8.959,1.194,0.487,1.246
histogram,otsu,binary,39,1,0,1.0,154.33,-5.67,4.987,8.437,1.185,0.43,1.049
histogram,otsu,binary,40,1,0,1.0,153.85,-6.15,5.11,8.844,1.193,0.454,1.177
histogram,otsu,binary,41,1,0,1.0,153.85,-6.15,4.697,8.31,1.143,0.427,1.226
histogram,otsu,binary,42,1,0,1.0,153.85,-6.15,4.711,8.244,1.135,0.422,1.226
histogram,otsu,binary,43,1,0,1.0,154.52,-5.48,4.849,8.392,1.137,0.426,1.24
histogram,otsu,binary,44,1,0,1.0,154.52,-5.48,4.686,8.153,1.152,0.428,1.145
histogram,otsu,binary,45,1,0,1.0,154.52,-5.48,4.655,8.192,1.14,0.426,1.217
histogram,otsu,binary,46,1,0,1.0,154.78,-5.22,4.663,8.144,1.151,0.475,1.076
histogram,otsu,binary,47,1,0,1.0,154.78,-5.22,4.669,8.186,1.128,0.546,1.097
histogram,otsu,binary,48,1,0,1.0,153.43,-6.57,4.706,8.164,1.22,0.431,1.052
histogram,otsu,binary,49,1,0,1.0,153.52,-6.48,4.646,8.073,1.184,0.427,1.073
histogram,otsu,binary,50,1,0,1.0,152.74,-7.26,4.667,8.087,1.18,0.429,1.064
histogram,otsu,binary,51,1,0,1.0,152.74,-7.26,4.661,8.248,1.249,0.432,1.155
histogram,otsu,binary,52,1,0,1.0,155.97,-4.03,4.599,8.046,1.215,0.429,1.052
histogram,otsu,binary,53,1,0,1.0,154.67,-5.33,4.657,8.167,1.135,0.426,1.128
histogram,otsu,binary,54,1,0,1.0,154.67,-5.33,4.662,8.198,1.152,0.423,1.153
histogram,otsu,binary,55,1,0,1.0,155.07,-4.93,4.714,8.071,1.126,0.425,1.042
histogram,otsu,binary,56,1,0,1.0,155.07,-4.93,4.72,8.107,1.143,0.423,1.03
histogram,otsu,binary,57,1,0,1.0,152.67,-7.33,4.809,8.25,1.134,0.42,1.143
histogram,otsu,binary,58,1,0,1.0,154.29,-5.71,4.705,8.158,1.142,0.426,1.071
histogram,otsu,binary,59,1,0,1.0,154.71,-5.29,4.682,8.247,1.137,0.433,1.249
histogram,otsu,binary,60,1,0,1.0,154.71,-5.29,4.674,8.104,1.133,0.424,1.119
histogram,otsu,binary,61,1,0,1.0,155.15,-4.85,4.655,8.12,1.143,0.424,1.155
histogram,otsu,binary,62,1,0,1.0,155.15,-4.85,4.639,8.083,1.146,0.424,1.119
histogram,otsu,binary,63,1,0,1.0,155.15,-4.85,4.876,8.3,1.139,0.425,1.112
histogram,otsu,binary,64,1,0,1.0,154.7,-5.3,4.892,8.901,1.31,0.57,1.236
histogram,otsu,binary,65,1,0,1.0,156.01,-3.99,4.72,8.516,1.33,0.438,1.254
histogram,otsu,binary,66,1,0,1.0,153.01,-6.99,4.814,8.419,1.158,0.424,1.109
histogram,otsu,binary,67,1,0,1.0,153.02,-6.98,4.872,8.399,1.136,0.433,1.183
histogram,otsu,binary,68,1,0,1.0,155.22,-4.78,4.754,8.322,1.163,0.435,1.126
histogram,otsu,binary,69,1,0,1.0,155.22,-4.78,4.774,8.375,1.136,0.436,1.269
histogram,otsu,binary,70,1,0,1.0,155.05,-4.95,4.759,8.414,1.153,0.433,1.29
histogram,otsu,binary,71,1,0,1.0,155.05,-4.95,4.777,8.688,1.148,0.436,1.324
histogram,otsu,binary,72,1,0,1.0,154.79,-5.21,4.84,8.465,1.221,0.44,1.194
histogram,otsu,binary,73,1,0,1.0,154.86,-5.14,4.747,8.28,1.206,0.442,1.119
histogram,otsu,binary,74,1,0,1.0,155.01,-4.99,4.844,8.731,1.344,0.547,1.129
histogram,otsu,binary,75,1,0,1.0,155.01,-4.99,4.852,8.361,1.134,0.435,1.165
histogram,otsu,binary,76,1,0,1.0,155.71,-4.29,4.736,8.415,1.163,0.436,1.275
histogram,otsu,binary,77,1,0,1.0,155.71,-4.29,4.735,8.374,1.15,0.433,1.278
histogram,otsu,binary,78,1,0,1.0,154.69,-5.31,4.778,8.4,1.163,0.431,1.265
histogram,otsu,binary,79,1,0,1.0,154.37,-5.63,4.82,8.443,1.154,0.494,1.202
histogram,otsu,binary,80,1,0,1.0,154.37,-5.63,4.887,8.494,1.206,0.438,1.189
histogram,otsu,binary,81,1,0,1.0,154.37,-5.63,4.699,8.264,1.24,0.466,1.06
histogram,otsu,binary,82,1,0,1.0,153.39,-6.61,4.699,8.124,1.145,0.428,1.039
histogram,otsu,binary,83,1,0,1.0,155.64,-4.36,4.642,8.07,1.138,0.422,1.055
histogram,otsu,binary,84,1,0,1.0,155.64,-4.36,4.797,8.331,1.142,0.427,1.155
histogram,otsu,binary,85,1,0,1.0,155.24,-4.76,4.751,8.212,1.141,0.424,1.143
histogram,otsu,binary,86,1,0,1.0,155.24,-4.76,4.723,8.138,1.142,0.425,1.06
histogram,otsu,binary,87,1,0,1.0,154.08,-5.92,4.667,8.189,1.134,0.425,1.149
histogram,otsu,binary,88,1,0,1.0,155.21,-4.79,4.669,8.145,1.161,0.426,1.131
histogram,otsu,binary,89,1,0,1.0,152.61,-7.39,4.611,8.174,1.138,0.424,1.251
histogram,otsu,binary,90,1,0,1.0,154.41,-5.59,4.681,8.142,1.144,0.425,1.148
histogram,otsu,binary,91,1,0,1.0,155.31,-4.69,4.649,8.171,1.137,0.425,1.216
histogram,otsu,binary,92,1,0,1.0,154.43,-5.57,4.691,8.137,1.153,0.47,1.069
histogram,otsu,binary,93,1,0,1.0,154.43,-5.57,4.687,8.133,1.136,0.48,1.073
histogram,otsu,binary,94,1,0,1.0,154.32,-5.68,4.706,8.129,1.139,0.475,1.054
histogram,otsu,binary,95,1,0,1.0,154.77,-5.23,4.659,8.164,1.178,0.426,1.154
histogram,otsu,binary,96,1,0,1.0,154.77,-5.23,4.707,8.279,1.2,0.43,1.149
histogram,otsu,binary,97,1,0,1.0,155.18,-4.82,4.653,8.076,1.175,0.429,1.064
histogram,otsu,binary,98,1,0,1.0,155.18,-4.82,4.645,8.088,1.191,0.431,1.062
histogram,otsu,binary,99,1,0,1.0,154.23,-5.77,4.692,8.093,1.183,0.427,1.046
histogram,otsu,binary,100,1,0,1.0,154.48,-5.52,4.706,8.217,1.14,0.421,1.145
histogram,otsu,binary,101,1,0,1.0,154.48,-5.52,4.782,8.344,1.144,0.427,1.052
histogram,otsu,binary,102,1,0,1.0,153.88,-6.12,4.75,8.117,1.14,0.426,1.055
histogram,otsu,binary,103,1,0,1.0,154.36,-5.64,4.736,8.11,1.126,0.429,1.064
histogram,otsu,binary,104,1,0,1.0,154.36,-5.64,4.719,8.096,1.138,0.42,1.064
histogram,otsu,binary,105,1,0,1.0,154.7,-5.3,4.665,8.166,1.128,0.424,1.136
histogram,otsu,binary,106,1,0,1.0,152.64,-7.36,4.673,8.252,1.141,0.427,1.238
histogram,otsu,binary,107,1,0,1.0,154.85,-5.15,4.646,8.102,1.137,0.425,1.143
histogram,otsu,binary,108,1,0,1.0,154.85,-5.15,4.681,8.16,1.15,0.426,1.151
histogram,otsu,binary,109,1,0,1.0,154.81,-5.19,4.697,8.128,1.124,0.427,1.133
histogram,otsu,binary,110,1,0,1.0,154.0,-6.0,4.666,8.166,1.149,0.425,1.177
histogram,otsu,binary,111,1,0,1.0,154.0,-6.0,4.673,8.198,1.139,0.474,1.161
histogram,otsu,binary,112,1,0,1.0,154.37,-5.63,4.727,8.176,1.198,0.429,1.07
histogram,otsu,binary,113,1,0,1.0,152.88,-7.12,4.576,8.089,1.191,0.424,1.15
histogram,otsu,binary,114,1,0,1.0,152.88,-7.12,4.569,8.089,1.199,0.43,1.144
histogram,otsu,binary,115,1,0,1.0,152.0,-8.0,4.69,8.202,1.188,0.428,1.148
histogram,otsu,binary,116,1,0,1.0,152.0,-8.0,4.71,8.26,1.201,0.429,1.141
histogram,otsu,binary,117,1,0,1.0,152.58,-7.42,4.592,8.096,1.125,0.425,1.14
histogram,otsu,binary,118,1,0,1.0,155.61,-4.39,4.622,8.137,1.136,0.428,1.134
histogram,otsu,binary,119,1,0,1.0,155.61,-4.39,4.64,8.173,1.136,0.426,1.1
histogram,otsu,binary,120,1,0,1.0,154.84,-5.16,4.816,8.255,1.137,0.425,1.132
histogram,otsu,binary,121,1,0,1.0,151.27,-8.73,4.714,8.198,1.127,0.426,1.177
histogram,otsu,binary,122,1,0,1.0,151.27,-8.73,4.674,8.139,1.152,0.421,1.071
histogram,otsu,binary,123,1,0,1.0,152.93,-7.07,4.683,8.094,1.125,0.424,1.108
histogram,otsu,binary,124,1,0,1.0,153.59,-6.41,4.692,8.149,1.148,0.427,1.131
histogram,otsu,binary,125,1,0,1.0,153.59,-6.41,4.701,8.159,1.124,0.427,1.155
histogram,otsu,binary,126,1,0,1.0,156.58,-3.42,4.574,8.172,1.145,0.424,1.242
histogram,otsu,binary,127,1,0,1.0,154.93,-5.07,4.69,8.204,1.123,0.424,1.207
histogram,otsu,binary,128,1,0,1.0,154.93,-5.07,4.66,8.095,1.148,0.471,1.071
histogram,otsu,binary,129,1,0,1.0,152.67,-7.33,4.633,8.138,1.135,0.475,1.145
histogram,otsu,binary,130,1,0,1.0,154.83,-5.17,4.681,8.122,1.195,0.426,1.077
histogram,otsu,binary,131,1,0,1.0,154.83,-5.17,4.663,8.164,1.175,0.429,1.148
histogram,otsu,binary,132,1,0,1.0,154.83,-5.17,4.686,8.193,1.183,0.431,1.143
histogram,otsu,binary,133,1,0,1.0,154.91,-5.09,4.667,8.162,1.184,0.429,1.139
histogram,otsu,binary,134,1,0,1.0,154.91,-5.09,4.679,8.129,1.209,0.43,1.051
histogram,otsu,binary,135,1,0,1.0,156.15,-3.85,4.602,8.029,1.198,0.426,1.053
histogram,otsu,binary,136,1,0,1.0,152.51,-7.49,4.656,8.209,1.144,0.426,1.144
histogram,otsu,binary,137,1,0,1.0,152.51,-7.49,4.655,8.098,1.141,0.425,1.065
histogram,otsu,binary,138,1,0,1.0,154.09,-5.91,4.693,8.079,1.138,0.426,1.066
histogram,otsu,binary,139,1,0,1.0,154.51,-5.49,4.746,8.089,1.126,0.425,1.046
histogram,otsu,binary,140,1,0,1.0,154.51,-5.49,4.744,8.192,1.136,0.425,1.141
histogram,otsu,binary,141,1,0,1.0,155.47,-4.53,4.753,8.104,1.128,0.424,1.054
histogram,otsu,binary,142,1,0,1.0,154.67,-5.33,4.651,8.194,1.137,0.427,1.22
histogram,otsu,binary,143,1,0,1.0,154.67,-5.33,4.718,8.274,1.144,0.421,1.238
histogram,otsu,binary,144,1,0,1.0,154.22,-5.78,4.707,8.181,1.146,0.424,1.149
histogram,otsu,binary,145,1,0,1.0,152.95,-7.05,4.718,8.235,1.131,0.424,1.216
histogram,otsu,binary,146,1,0,1.0,152.95,-7.05,4.705,8.176,1.146,0.472,1.064
histogram,otsu,binary,147,1,0,1.0,154.67,-5.33,4.689,8.205,1.126,0.472,1.166
histogram,otsu,binary,148,1,0,1.0,151.62,-8.38,4.693,8.215,1.195,0.428,1.151
histogram,otsu,binary,149,1,0,1.0,151.62,-8.38,4.717,8.135,1.178,0.428,1.066
histogram,otsu,binary,150,1,0,1.0,153.31,-6.69,4.694,8.139,1.185,0.431,1.065
histogram,otsu,binary,151,1,0,1.0,153.9,-6.1,4.693,8.199,1.181,0.429,1.147
histogram,otsu,binary,152,1,0,1.0,155.58,-4.42,4.606,8.126,1.199,0.427,1.149
histogram,otsu,binary,153,1,0,1.0,155.58,-4.42,4.634,8.184,1.136,0.423,1.161
histogram,otsu,binary,154,1,0,1.0,153.32,-6.68,4.708,8.213,1.149,0.427,1.062
histogram,otsu,binary,155,1,0,1.0,154.92,-5.08,4.754,8.199,1.133,0.42,1.143
histogram,otsu,binary,156,1,0,1.0,154.92,-5.08,4.719,8.136,1.134,0.426,1.068
histogram,otsu,binary,157,1,0,1.0,153.02,-6.98,4.752,8.124,1.134,0.425,1.055
histogram,otsu,binary,158,1,0,1.0,153.02,-6.98,4.669,8.218,1.154,0.423,1.224
histogram,otsu,binary,159,1,0,1.0,152.47,-7.53,4.704,8.202,1.129,0.427,1.19
histogram,otsu,binary,160,1,0,1.0,153.87,-6.13,4.701,8.223,1.143,0.425,1.205
histogram,otsu,binary,161,1,0,1.0,153.87,-6.13,4.699,8.124,1.133,0.426,1.12
histogram,otsu,binary,162,1,0,1.0,152.19,-7.81,4.698,8.191,1.141,0.426,1.175
histogram,otsu,binary,163,1,0,1.0,153.1,-6.9,4.71,8.124,1.125,0.472,1.063
histogram,otsu,binary,164,1,0,1.0,154.47,-5.53,4.718,8.134,1.137,0.469,1.062
histogram,otsu,binary,165,1,0,1.0,154.47,-5.53,4.685,8.126,1.18,0.431,1.075
histogram,otsu,binary,166,1,0,1.0,152.53,-7.47,4.69,8.191,1.202,0.425,1.08
histogram,otsu,binary,167,1,0,1.0,152.53,-7.47,4.674,8.204,1.199,0.433,1.144
histogram,otsu,binary,168,1,0,1.0,152.53,-7.47,4.661,8.169,1.186,0.423,1.148
histogram,otsu,binary,169,1,0,1.0,153.8,-6.2,4.683,8.105,1.183,0.428,1.07
histogram,otsu,binary,170,1,0,1.0,153.8,-6.2,4.696,8.119,1.138,0.427,1.045
histogram,otsu,binary,171,1,0,1.0,154.55,-5.45,4.695,8.224,1.129,0.425,1.074
histogram,otsu,binary,172,1,0,1.0,154.6,-5.4,4.755,8.116,1.134,0.426,1.051
histogram,otsu,binary,173,1,0,1.0,152.19,-7.81,4.721,8.085,1.121,0.426,1.057
histogram,otsu,binary,174,1,0,1.0,152.19,-7.81,4.719,8.084,1.137,0.422,1.065
histogram,otsu,binary,175,1,0,1.0,154.74,-5.26,4.77,8.135,1.126,0.426,1.065
histogram,otsu,binary,176,1,0,1.0,154.74,-5.26,4.672,8.16,1.133,0.427,1.08
histogram,otsu,binary,177,1,0,1.0,153.69,-6.31,4.708,8.159,1.141,0.424,1.14
histogram,otsu,binary,178,1,0,1.0,155.4,-4.6,4.628,8.179,1.148,0.425,1.226
histogram,otsu,binary,179,1,0,1.0,155.4,-4.6,4.637,8.164,1.131,0.422,1.236
histogram,otsu,binary,180,1,0,1.0,153.82,-6.18,4.679,8.229,1.145,0.431,1.222
histogram,otsu,binary,181,1,0,1.0,155.9,-4.1,4.619,8.126,1.132,0.47,1.165
histogram,otsu,binary,182,1,0,1.0,154.12,-5.88,4.712,8.132,1.132,0.469,1.065
histogram,otsu,binary,183,1,0,1.0,154.12,-5.88,4.694,8.117,1.175,0.424,1.07
histogram,otsu,binary,184,1,0,1.0,152.54,-7.46,5.12,8.566,1.196,0.431,1.067
histogram,otsu,binary,185,1,0,1.0,152.54,-7.46,4.904,8.931,1.332,0.522,1.363
histogram,otsu,binary,186,1,0,1.0,153.04,-6.96,4.855,8.493,1.154,0.433,1.214
histogram,otsu,binary,187,1,0,1.0,155.1,-4.9,4.774,8.36,1.158,0.459,1.191
histogram,otsu,binary,188,1,0,1.0,154.01,-5.99,4.736,8.329,1.159,0.438,1.216
histogram,otsu,binary,189,1,0,1.0,154.01,-5.99,4.744,8.465,1.149,0.436,1.37
histogram,otsu,binary,190,1,0,1.0,152.53,-7.47,4.774,8.297,1.149,0.491,1.102
histogram,otsu,binary,191,1,0,1.0,152.53,-7.47,4.787,8.39,1.194,0.441,1.192
histogram,otsu,binary,192,1,0,1.0,151.67,-8.33,4.844,8.397,1.215,0.452,1.098
histogram,otsu,binary,193,1,0,1.0,155.08,-4.92,4.81,8.406,1.201,0.438,1.184
histogram,otsu,binary,194,1,0,1.0,153.94,-6.06,4.865,8.416,1.151,0.44,1.102
histogram,otsu,binary,195,1,0,1.0,153.94,-6.06,4.862,8.402,1.138,0.432,1.192
histogram,otsu,binary,196,1,0,1.0,153.89,-6.11,4.783,8.448,1.161,0.435,1.272
histogram,otsu,binary,197,1,0,1.0,153.89,-6.11,5.255,8.817,1.154,0.433,1.206
histogram,otsu,binary,198,1,0,1.0,152.5,-7.5,4.784,8.393,1.157,0.483,1.201
histogram,otsu,binary,199,1,0,1.0,155.12,-4.88,4.735,8.251,1.19,0.44,1.116
histogram,otsu,binary,200,1,0,1.0,155.12,-4.88,4.781,8.298,1.212,0.441,1.087
histogram,otsu,binary,201,1,0,1.0,155.12,-4.88,4.7,8.49,1.199,0.47,1.372
histogram,otsu,binary,202,1,0,1.0,154.23,-5.77,4.777,8.207,1.146,0.427,1.061
histogram,otsu,binary,203,1,0,1.0,152.58,-7.42,4.808,8.264,1.125,0.427,1.144
histogram,otsu,binary,204,1,0,1.0,152.58,-7.42,4.847,8.232,1.138,0.421,1.077
histogram,otsu,binary,205,1,0,1.0,151.77,-8.23,4.591,8.037,1.131,0.426,1.142
histogram,otsu,binary,206,1,0,1.0,151.77,-8.23,4.601,8.275,1.153,0.424,1.31
histogram,otsu,binary,207,1,0,1.0,153.77,-6.23,4.732,8.187,1.124,0.428,1.15
histogram,otsu,binary,208,1,0,1.0,152.18,-7.82,4.663,8.212,1.149,0.422,1.225
histogram,otsu,binary,209,1,0,1.0,152.71,-7.29,4.683,8.101,1.125,0.428,1.112
histogram,otsu,binary,210,1,0,1.0,151.74,-8.26,4.637,8.057,1.14,0.471,1.062
histogram,otsu,binary,211,1,0,1.0,152.66,-7.34,4.669,8.101,1.128,0.474,1.083
histogram,otsu,binary,212,1,0,1.0,150.96,-9.04,4.599,8.107,1.147,0.472,1.14
histogram,otsu,binary,213,1,0,1.0,150.96,-9.04,4.597,8.024,1.179,0.429,1.071
histogram,otsu,binary,214,1,0,1.0,153.86,-6.14,4.695,8.209,1.191,0.427,1.151
histogram,otsu,binary,215,1,0,1.0,153.86,-6.14,4.697,8.207,1.183,0.428,1.152
histogram,otsu,binary,216,1,0,1.0,153.11,-6.89,4.702,8.195,1.201,0.428,1.075
histogram,otsu,binary,217,1,0,1.0,153.42,-6.58,4.688,8.213,1.19,0.428,1.14
histogram,otsu,binary,218,1,0,1.0,154.58,-5.42,4.674,8.131,1.149,0.421,1.073
histogram,otsu,binary,219,1,0,1.0,152.6,-7.4,4.683,8.104,1.139,0.427,1.042
histogram,otsu,binary,220,1,0,1.0,153.83,-6.17,4.755,8.147,1.142,0.425,1.065
histogram,otsu,binary,221,1,0,1.0,153.36,-6.64,4.765,8.227,1.133,0.428,1.155
histogram,otsu,binary,222,1,0,1.0,153.36,-6.64,4.681,8.224,1.14,0.425,1.162
histogram,otsu,binary,223,1,0,1.0,152.16,-7.84,4.751,8.184,1.134,0.422,1.052
histogram,otsu,binary,224,1,0,1.0,153.37,-6.63,4.851,8.404,1.141,0.425,1.232
histogram,otsu,binary,225,1,0,1.0,153.37,-6.63,4.682,8.207,1.136,0.424,1.225
histogram,otsu,binary,226,1,0,1.0,154.73,-5.27,4.663,8.201,1.139,0.425,1.184
histogram,otsu,binary,227,1,0,1.0,154.73,-5.27,4.663,8.08,1.125,0.475,1.063
histogram,otsu,binary,228,1,0,1.0,151.97,-8.03,4.602,8.129,1.137,0.478,1.164
histogram,otsu,binary,229,1,0,1.0,151.81,-8.19,4.633,8.044,1.173,0.432,1.051
histogram,otsu,binary,230,1,0,1.0,151.81,-8.19,4.634,8.143,1.181,0.431,1.146
histogram,otsu,binary,231,1,0,1.0,152.23,-7.77,4.573,7.982,1.192,0.428,1.046
histogram,otsu,binary,232,1,0,1.0,153.82,-6.18,4.71,8.149,1.197,0.43,1.066
histogram,otsu,binary,233,1,0,1.0,153.82,-6.18,4.734,8.226,1.18,0.43,1.145
histogram,otsu,binary,234,1,0,1.0,153.82,-6.18,4.674,8.195,1.2,0.427,1.149
histogram,otsu,binary,235,1,0,1.0,152.66,-7.34,4.669,8.118,1.139,0.425,1.066
histogram,otsu,binary,236,1,0,1.0,152.66,-7.34,4.758,8.41,1.143,0.421,1.237
histogram,otsu,binary,237,1,0,1.0,153.66,-6.34,4.756,8.131,1.139,0.427,1.066
histogram,otsu,binary,238,1,0,1.0,153.31,-6.69,4.787,8.169,1.144,0.425,1.072
histogram,otsu,binary,239,1,0,1.0,152.17,-7.83,4.756,8.198,1.125,0.429,1.07
histogram,otsu,binary,240,1,0,1.0,152.98,-7.02,4.684,8.266,1.143,0.426,1.238
histogram,otsu,binary,241,1,0,1.0,153.76,-6.24,4.685,8.128,1.131,0.429,1.141
histogram,otsu,binary,242,1,0,1.0,153.76,-6.24,4.699,8.169,1.147,0.429,1.145
histogram,otsu,binary,243,1,0,1.0,153.76,-6.24,4.676,8.187,1.13,0.425,1.211
histogram,otsu,binary,244,1,0,1.0,155.58,-4.42,4.608,8.151,1.153,0.477,1.156
histogram,otsu,binary,245,1,0,1.0,155.58,-4.42,4.625,8.051,1.134,0.475,1.062
histogram,otsu,binary,246,1,0,1.0,152.91,-7.09,4.683,8.173,1.157,0.476,1.07
histogram,otsu,binary,247,1,0,1.0,154.7,-5.3,4.659,8.084,1.175,0.431,1.063
histogram,otsu,binary,248,1,0,1.0,153.72,-6.28,4.71,8.157,1.191,0.431,1.058
histogram,otsu,binary,249,1,0,1.0,153.72,-6.28,4.704,8.211,1.178,0.426,1.158
histogram,otsu,binary,250,1,0,1.0,153.83,-6.17,4.692,8.124,1.187,0.427,1.068
histogram,otsu,binary,251,1,0,1.0,153.83,-6.17,4.695,8.201,1.195,0.423,1.145
histogram,otsu,binary,252,1,0,1.0,156.35,-3.65,4.567,8.001,1.152,0.425,1.039
histogram,otsu,binary,253,1,0,1.0,154.35,-5.65,4.696,8.218,1.136,0.426,1.145
histogram,otsu,binary,254,1,0,1.0,154.35,-5.65,4.768,8.292,1.14,0.425,1.156
histogram,otsu,binary,255,1,0,1.0,152.49,-7.51,4.791,8.164,1.137,0.423,1.058
histogram,otsu,binary,256,1,0,1.0,156.0,-4.0,4.601,8.183,1.147,0.424,1.161
histogram,otsu,binary,257,1,0,1.0,156.0,-4.0,4.611,8.05,1.136,0.427,1.051
histogram,otsu,binary,258,1,0,1.0,151.85,-8.15,4.62,8.175,1.135,0.422,1.254
histogram,otsu,binary,259,1,0,1.0,152.56,-7.44,4.71,8.163,1.134,0.424,1.14
histogram,otsu,binary,260,1,0,1.0,152.56,-7.44,4.67,8.24,1.155,0.421,1.242
histogram,otsu,binary,261,1,0,1.0,155.12,-4.88,4.625,8.155,1.138,0.426,1.216
histogram,otsu,binary,262,1,0,1.0,155.56,-4.44,4.672,8.098,1.139,0.47,1.066
histogram,otsu,binary,263,1,0,1.0,155.56,-4.44,4.615,8.026,1.138,0.473,1.058
histogram,otsu,binary,264,1,0,1.0,154.73,-5.27,4.655,8.122,1.156,0.474,1.071
histogram,otsu,binary,265,1,0,1.0,155.08,-4.92,4.639,8.159,1.181,0.433,1.15
histogram,otsu,binary,266,1,0,1.0,155.08,-4.92,4.641,8.121,1.204,0.431,1.065
histogram,otsu,binary,267,1,0,1.0,153.12,-6.88,4.667,8.151,1.173,0.43,1.132
histogram,otsu,binary,268,1,0,1.0,152.52,-7.48,4.665,8.124,1.201,0.427,1.082
histogram,otsu,binary,269,1,0,1.0,151.79,-8.21,4.676,8.1,1.183,0.431,1.063
histogram,otsu,binary,270,1,0,1.0,151.79,-8.21,4.63,8.052,1.197,0.426,1.052
histogram,otsu,binary,271,1,0,1.0,152.2,-7.8,4.766,8.189,1.189,0.424,1.058
histogram,otsu,binary,272,1,0,1.0,154.62,-5.38,4.654,8.113,1.139,0.425,1.075
histogram,otsu,binary,273,1,0,1.0,154.62,-5.38,4.74,8.193,1.148,0.423,1.067
histogram,otsu,binary,274,1,0,1.0,152.22,-7.78,4.72,8.193,1.142,0.425,1.152
histogram,otsu,binary,275,1,0,1.0,152.22,-7.78,4.726,8.187,1.14,0.419,1.161
histogram,otsu,binary,276,1,0,1.0,153.9,-6.1,4.643,8.125,1.148,0.426,1.055
histogram,otsu,binary,277,1,0,1.0,152.6,-7.4,4.651,8.089,1.133,0.425,1.122
histogram,otsu,binary,278,1,0,1.0,153.81,-6.19,4.692,8.232,1.136,0.424,1.233
histogram,otsu,binary,279,1,0,1.0,153.81,-6.19,4.686,8.15,1.136,0.427,1.155
histogram,otsu,binary,280,1,0,1.0,154.75,-5.25,4.663,8.214,1.147,0.422,1.229
histogram,otsu,binary,281,1,0,1.0,154.75,-5.25,4.648,8.066,1.125,0.423,1.111
histogram,otsu,binary,282,1,0,1.0,153.77,-6.23,4.686,8.183,1.137,0.467,1.146
histogram,otsu,binary,283,1,0,1.0,152.6,-7.4,4.722,8.154,1.136,0.473,1.079
histogram,otsu,binary,284,1,0,1.0,152.6,-7.4,4.715,8.319,1.185,0.434,1.222
histogram,otsu,binary,285,1,0,1.0,155.68,-4.32,4.604,8.023,1.175,0.43,1.062
histogram,otsu,binary,286,1,0,1.0,154.38,-5.62,4.699,8.24,1.189,0.429,1.141
histogram,otsu,binary,287,1,0,1.0,153.87,-6.13,4.673,8.172,1.181,0.428,1.139
histogram,otsu,binary,288,1,0,1.0,153.87,-6.13,4.682,8.181,1.194,0.428,1.138
histogram,otsu,binary,289,1,0,1.0,155.62,-4.38,4.634,8.064,1.139,0.423,1.054
histogram,otsu,binary,290,1,0,1.0,155.62,-4.38,4.628,8.153,1.141,0.424,1.142
histogram,otsu,binary,291,1,0,1.0,153.46,-6.54,4.769,8.162,1.14,0.425,1.085
histogram,otsu,binary,292,1,0,1.0,154.79,-5.21,4.754,8.23,1.14,0.425,1.158
histogram,otsu,binary,293,1,0,1.0,152.71,-7.29,4.655,8.195,1.134,0.426,1.167
histogram,otsu,binary,294,1,0,1.0,152.71,-7.29,4.676,8.259,1.138,0.426,1.277
histogram,otsu,binary,295,1,0,1.0,154.79,-5.21,4.707,8.178,1.133,0.424,1.154
histogram,otsu,binary,296,1,0,1.0,154.79,-5.21,4.642,8.214,1.144,0.427,1.217
histogram,otsu,binary,297,1,0,1.0,155.29,-4.71,4.648,8.08,1.13,0.423,1.133
histogram,otsu,binary,298,1,0,1.0,153.52,-6.48,4.735,8.26,1.147,0.472,1.155
histogram,otsu,binary,299,1,0,1.0,155.11,-4.89,4.644,8.155,1.127,0.474,1.159
histogram,otsu,binary,300,1,0,1.0,155.25,-4.75,4.642,8.155,1.197,0.429,1.138
histogram,otsu,binary,301,1,0,1.0,155.24,-4.76,4.65,8.188,1.187,0.438,1.165
histogram,otsu,binary,302,1,0,1.0,155.24,-4.76,4.648,8.167,1.184,0.431,1.147
histogram,otsu,binary,303,1,0,1.0,152.67,-7.33,4.561,7.974,1.188,0.429,1.05
histogram,otsu,binary,304,1,0,1.0,155.29,-4.71,4.667,8.111,1.201,0.43,1.067
histogram,otsu,binary,305,1,0,1.0,155.29,-4.71,5.382,8.917,1.185,0.431,1.157
histogram,otsu,binary,306,1,0,1.0,153.93,-6.07,4.708,8.481,1.161,0.449,1.289
histogram,otsu,binary,307,1,0,1.0,155.18,-4.82,4.697,8.166,1.129,0.426,1.157
histogram,otsu,binary,308,1,0,1.0,155.18,-4.82,4.613,8.927,1.133,0.424,2.011
histogram,otsu,binary,309,1,0,1.0,152.37,-7.63,4.657,8.08,1.129,0.481,1.068
histogram,otsu,binary,310,1,0,1.0,154.25,-5.75,4.705,8.328,1.215,0.427,1.215
histogram,otsu,binary,311,1,0,1.0,154.25,-5.75,4.673,8.077,1.184,0.429,1.04
histogram,otsu,binary,312,1,0,1.0,153.97,-6.03,4.726,8.158,1.18,0.431,1.053
histogram,otsu,binary,313,1,0,1.0,153.55,-6.45,4.69,8.111,1.182,0.429,1.06
histogram,otsu,binary,314,1,0,1.0,153.55,-6.45,4.709,8.202,1.179,0.428,1.139
histogram,otsu,binary,315,1,0,1.0,153.46,-6.54,4.623,8.14,1.14,0.428,1.143
histogram,otsu,binary,316,1,0,1.0,155.23,-4.77,4.65,8.222,1.145,0.426,1.154
histogram,otsu,binary,317,1,0,1.0,155.23,-4.77,4.743,8.108,1.134,0.426,1.056
histogram,otsu,binary,318,1,0,1.0,155.09,-4.91,4.753,8.22,1.144,0.423,1.151
histogram,otsu,binary,319,1,0,1.0,152.81,-7.19,4.628,8.137,1.14,0.42,1.139
histogram,otsu,binary,320,1,0,1.0,154.52,-5.48,4.666,8.1,1.139,0.424,1.056
histogram,otsu,binary,321,1,0,1.0,154.52,-5.48,5.036,8.484,1.136,0.426,1.136
histogram,otsu,binary,322,1,0,1.0,154.7,-5.3,4.664,8.127,1.138,0.425,1.151
histogram,otsu,binary,323,1,0,1.0,154.7,-5.3,4.641,8.1,1.135,0.425,1.161
histogram,otsu,binary,324,1,0,1.0,154.23,-5.77,4.742,8.185,1.139,0.426,1.126
histogram,otsu,binary,325,1,0,1.0,153.77,-6.23,4.688,8.494,1.174,0.591,1.25
histogram,otsu,binary,326,1,0,1.0,153.87,-6.13,4.758,8.3,1.189,0.428,1.138
histogram,otsu,binary,327,1,0,1.0,152.74,-7.26,4.658,8.099,1.184,0.435,1.065
histogram,otsu,binary,328,1,0,1.0,155.1,-4.9,4.717,8.172,1.201,0.428,1.072
histogram,otsu,binary,329,1,0,1.0,154.38,-5.62,4.7,8.13,1.192,0.428,1.068
histogram,otsu,binary,330,1,0,1.0,153.43,-6.57,4.698,8.214,1.147,0.424,1.132
histogram,otsu,binary,331,1,0,1.0,154.77,-5.23,4.744,8.197,1.132,0.425,1.075
histogram,otsu,binary,332,1,0,1.0,153.89,-6.11,4.767,8.239,1.14,0.424,1.146
histogram,otsu,binary,333,1,0,1.0,153.89,-6.11,4.785,8.225,1.132,0.425,1.138
histogram,otsu,binary,334,1,0,1.0,153.41,-6.59,4.699,8.242,1.147,0.422,1.216
histogram,otsu,binary,335,1,0,1.0,156.18,-3.82,4.602,8.12,1.135,0.423,1.21
histogram,otsu,binary,336,1,0,1.0,156.18,-3.82,4.618,8.115,1.155,0.422,1.139
histogram,otsu,binary,337,1,0,1.0,153.87,-6.13,4.699,8.147,1.136,0.425,1.142
histogram,otsu,binary,338,1,0,1.0,153.87,-6.13,4.684,8.243,1.148,0.424,1.236
histogram,otsu,binary,339,1,0,1.0,155.18,-4.82,4.639,8.062,1.127,0.47,1.072
histogram,otsu,binary,340,1,0,1.0,155.11,-4.89,4.684,8.122,1.142,0.473,1.062
histogram,otsu,binary,341,1,0,1.0,155.11,-4.89,4.634,8.163,1.138,0.478,1.159
histogram,otsu,binary,342,1,0,1.0,154.41,-5.59,4.678,8.094,1.189,0.427,1.053
histogram,otsu,binary,343,1,0,1.0,152.66,-7.34,4.617,8.033,1.18,0.431,1.055
histogram,otsu,binary,344,1,0,1.0,152.66,-7.34,4.628,8.062,1.193,0.429,1.053
histogram,otsu,binary,345,1,0,1.0,155.26,-4.74,4.643,8.158,1.184,0.429,1.15
histogram,otsu,binary,346,1,0,1.0,154.44,-5.56,4.656,8.204,1.194,0.427,1.148
histogram,otsu,binary,347,1,0,1.0,155.09,-4.91,4.633,8.065,1.198,0.425,1.053
histogram,otsu,binary,348,1,0,1.0,155.09,-4.91,4.651,8.1,1.141,0.423,1.071
histogram,otsu,binary,349,1,0,1.0,154.3,-5.7,4.673,8.211,1.135,0.427,1.053
histogram,otsu,binary,350,1,0,1.0,154.3,-5.7,4.755,8.276,1.143,0.421,1.15
histogram,otsu,binary,351,1,0,1.0,155.7,-4.3,4.697,8.06,1.122,0.426,1.064
histogram,otsu,binary,352,1,0,1.0,153.09,-6.91,5.094,8.613,1.151,0.43,1.157
histogram,otsu,binary,353,1,0,1.0,153.09,-6.91,4.649,8.209,1.135,0.428,1.256
histogram,otsu,binary,354,1,0,1.0,155.89,-4.11,4.688,8.201,1.149,0.425,1.192
histogram,otsu,binary,355,1,0,1.0,153.55,-6.45,4.693,8.13,1.138,0.422,1.138
histogram,otsu,binary,356,1,0,1.0,153.55,-6.45,4.653,8.234,1.132,0.425,1.232
histogram,otsu,binary,357,1,0,1.0,155.17,-4.83,4.713,8.146,1.128,0.473,1.082
histogram,otsu,binary,358,1,0,1.0,155.08,-4.92,5.05,8.692,1.269,0.49,1.129
histogram,otsu,binary,359,1,0,1.0,156.55,-3.45,4.599,8.037,1.185,0.43,1.068
histogram,otsu,binary,360,1,0,1.0,156.55,-3.45,4.966,8.449,1.202,0.45,1.072
histogram,otsu,binary,361,1,0,1.0,155.53,-4.47,4.649,8.088,1.134,0.421,1.067
histogram,otsu,binary,362,1,0,1.0,155.09,-4.91,4.708,8.221,1.171,0.449,1.065
histogram,otsu,binary,363,1,0,1.0,155.09,-4.91,5.072,8.427,1.124,0.424,1.045
histogram,adaptive,binary,0,1,0,1.0,86.22,-73.78,6.261,19.56,2.228,9.03,1.186
histogram,adaptive,binary,1,1,0,1.0,86.22,-73.78,11.641,25.567,0.834,10.292,1.522
histogram,adaptive,binary,2,1,0,1.0,86.22,-73.78,5.428,19.712,1.178,11.021,1.037
histogram,adaptive,binary,3,1,0,1.0,86.22,-73.78,4.765,16.804,1.31,8.987,0.933
histogram,adaptive,binary,4,1,0,1.0,86.22,-73.78,4.806,15.859,0.728,8.46,0.983
histogram,adaptive,binary,5,1,0,1.0,86.22,-73.78,4.754,15.729,0.733,8.451,0.958
histogram,adaptive,binary,6,1,0,1.0,86.22,-73.78,4.748,15.741,0.779,8.508,0.95
histogram,adaptive,binary,7,1,0,1.0,86.22,-73.78,4.754,15.84,0.887,8.471,0.962
histogram,adaptive,binary,8,1,0,1.0,86.22,-73.78,4.819,16.149,0.805,8.507,1.233
histogram,adaptive,binary,9,1,0,1.0,86.22,-73.78,4.794,16.547,1.221,8.474,1.27
histogram,adaptive,binary,10,1,0,1.0,86.22,-73.78,4.844,16.76,1.155,8.533,1.4
histogram,adaptive,binary,11,1,0,1.0,86.22,-73.78,4.778,16.654,1.165,8.464,1.441
histogram,adaptive,binary,12,1,0,1.0,86.22,-73.78,5.35,17.144,1.168,8.506,1.339
histogram,adaptive,binary,13,1,0,1.0,86.22,-73.78,4.889,16.615,1.241,8.493,1.213
histogram,adaptive,binary,14,1,0,1.0,86.22,-73.78,4.727,16.294,1.211,8.396,1.19
histogram,adaptive,binary,15,1,0,1.0,86.22,-73.78,4.756,15.584,0.699,8.373,0.947
histogram,adaptive,binary,16,1,0,1.0,86.22,-73.78,5.132,16.256,0.751,8.609,0.973
histogram,adaptive,binary,17,1,0,1.0,86.22,-73.78,5.221,16.376,0.731,8.56,0.948
histogram,adaptive,binary,18,1,0,1.0,86.22,-73.78,5.27,16.347,0.747,8.528,0.989
histogram,adaptive,binary,19,1,0,1.0,86.22,-73.78,5.263,16.35,0.71,8.595,1.027
histogram,adaptive,binary,20,1,0,1.0,86.22,-73.78,5.147,17.212,1.199,8.534,1.536
histogram,adaptive,binary,21,1,0,1.0,86.22,-73.78,4.919,17.19,1.156,8.613,1.679
histogram,adaptive,binary,22,1,0,1.0,86.22,-73.78,4.842,16.595,1.143,8.489,1.259
histogram,adaptive,binary,23,1,0,1.0,86.22,-73.78,4.742,16.272,1.154,8.321,1.309
histogram,adaptive,binary,24,1,0,1.0,86.22,-73.78,4.699,16.479,1.176,8.44,1.401
histogram,adaptive,binary,25,1,0,1.0,86.22,-73.78,4.742,16.327,1.135,8.319,1.374
histogram,adaptive,binary,26,1,0,1.0,86.22,-73.78,4.639,16.184,1.15,8.336,1.303
histogram,adaptive,binary,27,1,0,1.0,86.22,-73.78,4.657,16.228,1.149,8.324,1.35
histogram,adaptive,binary,28,1,0,1.0,86.22,-73.78,4.649,16.17,1.142,8.428,1.2
histogram,adaptive,binary,29,1,0,1.0,86.22,-73.78,4.665,16.246,1.153,8.382,1.298
histogram,adaptive,binary,30,1,0,1.0,86.22,-73.78,4.778,16.671,1.19,8.558,1.382
histogram,adaptive,binary,31,1,0,1.0,86.22,-73.78,4.878,16.848,1.291,8.477,1.393
histogram,adaptive,binary,32,1,0,1.0,86.22,-73.78,4.774,16.753,1.222,8.501,1.411
histogram,adaptive,binary,33,1,0,1.0,86.22,-73.78,4.861,16.787,1.226,8.447,1.477
histogram,adaptive,binary,34,1,0,1.0,86.22,-73.78,4.778,19.033,3.397,8.609,1.395
histogram,adaptive,binary,35,1,0,1.0,86.22,-73.78,4.751,16.722,1.234,8.48,1.47
histogram,adaptive,binary,36,1,0,1.0,86.22,-73.78,4.777,16.769,1.249,8.591,1.386
histogram,adaptive,binary,37,1,0,1.0,86.22,-73.78,4.779,16.722,1.286,8.491,1.382
histogram,adaptive,binary,38,1,0,1.0,86.22,-73.78,4.664,16.457,1.273,8.438,1.337
histogram,adaptive,binary,39,1,0,1.0,86.22,-73.78,4.867,16.774,1.191,8.561,1.354
histogram,adaptive,binary,40,1,0,1.0,86.22,-73.78,4.67,16.402,1.215,8.353,1.418
histogram,adaptive,binary,41,1,0,1.0,86.22,-73.78,4.667,16.422,1.217,8.34,1.406
histogram,adaptive,binary,42,1,0,1.0,86.22,-73.78,4.624,16.347,1.221,8.333,1.427
histogram,adaptive,binary,43,1,0,1.0,86.22,-73.78,4.658,16.395,1.25,8.372,1.374
histogram,adaptive,binary,44,1,0,1.0,86.22,-73.78,4.655,16.411,1.264,8.377,1.368
histogram,adaptive,binary,45,1,0,1.0,86.22,-73.78,4.677,16.391,1.257,8.354,1.361
histogram,adaptive,binary,46,1,0,1.0,86.22,-73.78,4.647,16.404,1.202,8.352,1.392
histogram,adaptive,binary,47,1,0,1.0,86.22,-73.78,4.754,16.402,1.208,8.332,1.364
histogram,adaptive,binary,48,1,0,1.0,86.22,-73.78,4.674,16.408,1.224,8.345,1.365
histogram,adaptive,binary,49,1,0,1.0,86.22,-73.78,4.679,16.4,1.216,8.337,1.424
histogram,adaptive,binary,50,1,0,1.0,86.22,-73.78,4.625,16.34,1.217,8.341,1.412
histogram,adaptive,binary,51,1,0,1.0,86.22,-73.78,4.631,16.374,1.216,8.321,1.426
histogram,adaptive,binary,52,1,0,1.0,86.22,-73.78,4.662,16.413,1.258,8.386,1.361
histogram,adaptive,binary,53,1,0,1.0,86.22,-73.78,4.673,16.413,1.297,8.339,1.362
histogram,adaptive,binary,54,1,0,1.0,86.22,-73.78,4.68,16.377,1.262,8.335,1.356
histogram,adaptive,binary,55,1,0,1.0,86.22,-73.78,4.721,16.394,1.201,8.299,1.361
histogram,adaptive,binary,56,1,0,1.0,86.22,-73.78,4.702,16.381,1.214,8.362,1.362
histogram,adaptive,binary,57,1,0,1.0,86.22,-73.78,4.666,16.414,1.219,8.348,1.42
histogram,adaptive,binary,58,1,0,1.0,86.22,-73.78,4.642,16.388,1.234,8.35,1.415
histogram,adaptive,binary,59,1,0,1.0,86.22,-73.78,4.651,16.337,1.22,8.31,1.412
histogram,adaptive,binary,60,1,0,1.0,86.22,-73.78,4.635,16.35,1.22,8.383,1.359
histogram,adaptive,binary,61,1,0,1.0,86.22,-73.78,4.659,16.396,1.257,8.345,1.361
histogram,adaptive,binary,62,1,0,1.0,86.22,-73.78,4.666,16.402,1.257,8.377,1.361
histogram,adaptive,binary,63,1,0,1.0,86.22,-73.78,4.667,16.351,1.254,8.336,1.351
histogram,adaptive,binary,64,1,0,1.0,86.22,-73.78,4.717,16.469,1.205,8.352,1.364
histogram,adaptive,binary,65,1,0,1.0,86.22,-73.78,4.739,16.357,1.21,8.312,1.349
histogram,adaptive,binary,66,1,0,1.0,86.22,-73.78,4.672,16.393,1.219,8.33,1.426
histogram,adaptive,binary,67,1,0,1.0,86.22,-73.78,4.673,16.396,1.219,8.34,1.421
histogram,adaptive,binary,68,1,0,1.0,86.22,-73.78,4.671,16.388,1.223,8.332,1.42
histogram,adaptive,binary,69,1,0,1.0,86.22,-73.78,4.663,16.384,1.227,8.391,1.357
histogram,adaptive,binary,70,1,0,1.0,86.22,-73.78,4.622,16.351,1.257,8.376,1.358
histogram,adaptive,binary,71,1,0,1.0,86.22,-73.78,4.656,16.418,1.253,8.375,1.36
histogram,adaptive,binary,72,1,0,1.0,86.22,-73.78,4.654,16.376,1.276,8.347,1.349
histogram,adaptive,binary,73,1,0,1.0,86.22,-73.78,4.768,16.485,1.203,8.327,1.37
histogram,adaptive,binary,74,1,0,1.0,86.22,-73.78,4.648,16.38,1.215,8.346,1.359
histogram,adaptive,binary,75,1,0,1.0,86.22,-73.78,4.662,16.372,1.215,8.325,1.42
histogram,adaptive,binary,76,1,0,1.0,86.22,-73.78,4.642,16.378,1.225,8.345,1.421
histogram,adaptive,binary,77,1,0,1.0,86.22,-73.78,4.656,16.356,1.218,8.309,1.425
histogram,adaptive,binary,78,1,0,1.0,86.22,-73.78,4.631,16.356,1.22,8.42,1.343
histogram,adaptive,binary,79,1,0,1.0,86.22,-73.78,4.658,16.38,1.26,8.366,1.358
histogram,adaptive,binary,80,1,0,1.0,86.22,-73.78,4.653,16.4,1.267,8.377,1.353
histogram,adaptive,binary,81,1,0,1.0,86.22,-73.78,4.675,16.403,1.268,8.325,1.358
histogram,adaptive,binary,82,1,0,1.0,86.22,-73.78,4.715,16.422,1.218,8.339,1.352
histogram,adaptive,binary,83,1,0,1.0,86.22,-73.78,4.662,16.36,1.219,8.313,1.361
histogram,adaptive,binary,84,1,0,1.0,86.22,-73.78,4.676,16.472,1.216,8.404,1.433
histogram,adaptive,binary,85,1,0,1.0,86.22,-73.78,4.649,16.375,1.212,8.344,1.426
histogram,adaptive,binary,86,1,0,1.0,86.22,-73.78,4.639,16.372,1.227,8.318,1.444
histogram,adaptive,binary,87,1,0,1.0,86.22,-73.78,4.658,16.35,1.219,8.376,1.352
histogram,adaptive,binary,88,1,0,1.0,86.22,-73.78,4.657,16.385,1.258,8.382,1.339
histogram,adaptive,binary,89,1,0,1.0,86.22,-73.78,4.661,16.369,1.264,8.337,1.36
histogram,adaptive,binary,90,1,0,1.0,86.22,-73.78,5.34,17.293,1.205,8.411,1.471
histogram,adaptive,binary,91,1,0,1.0,86.22,-73.78,4.792,16.809,1.233,8.513,1.473
histogram,adaptive,binary,92,1,0,1.0,86.22,-73.78,4.766,16.717,1.241,8.549,1.396
histogram,adaptive,binary,93,1,0,1.0,86.22,-73.78,4.796,16.745,1.269,8.503,1.403
histogram,adaptive,binary,94,1,0,1.0,86.22,-73.78,4.876,17.057,1.304,8.717,1.394
histogram,adaptive,binary,95,1,0,1.0,86.22,-73.78,4.762,16.771,1.233,8.493,1.513
histogram,adaptive,binary,96,1,0,1.0,86.22,-73.78,4.741,16.719,1.264,8.465,1.472
histogram,adaptive,binary,97,1,0,1.0,86.22,-73.78,4.761,16.699,1.232,8.55,1.396
histogram,adaptive,binary,98,1,0,1.0,86.22,-73.78,4.679,16.646,1.288,8.542,1.377
histogram,adaptive,binary,99,1,0,1.0,86.22,-73.78,4.758,16.463,1.204,8.343,1.351
histogram,adaptive,binary,100,1,0,1.0,86.22,-73.78,4.748,16.406,1.213,8.355,1.343
histogram,adaptive,binary,101,1,0,1.0,86.22,-73.78,4.66,16.631,1.216,8.569,1.413
histogram,adaptive,binary,102,1,0,1.0,86.22,-73.78,4.634,16.341,1.226,8.33,1.409
histogram,adaptive,binary,103,1,0,1.0,86.22,-73.78,4.692,16.399,1.221,8.318,1.419
histogram,adaptive,binary,104,1,0,1.0,86.22,-73.78,4.646,16.373,1.224,8.399,1.362
histogram,adaptive,binary,105,1,0,1.0,86.22,-73.78,4.665,16.38,1.26,8.35,1.361
histogram,adaptive,binary,106,1,0,1.0,86.22,-73.78,4.646,16.361,1.263,8.352,1.353
histogram,adaptive,binary,107,1,0,1.0,86.22,-73.78,4.683,16.388,1.201,8.338,1.366
histogram,adaptive,binary,108,1,0,1.0,86.22,-73.78,4.723,16.44,1.209,8.342,1.36
histogram,adaptive,binary,109,1,0,1.0,86.22,-73.78,4.658,16.395,1.216,8.348,1.368
histogram,adaptive,binary,110,1,0,1.0,86.22,-73.78,4.648,16.365,1.221,8.348,1.406
histogram,adaptive,binary,111,1,0,1.0,86.22,-73.78,4.634,16.397,1.232,8.346,1.396
histogram,adaptive,binary,112,1,0,1.0,86.22,-73.78,4.627,16.367,1.228,8.34,1.427
histogram,adaptive,binary,113,1,0,1.0,86.22,-73.78,4.64,16.334,1.224,8.358,1.359
histogram,adaptive,binary,114,1,0,1.0,86.22,-73.78,4.645,16.371,1.261,8.351,1.37
histogram,adaptive,binary,115,1,0,1.0,86.22,-73.78,4.689,16.426,1.279,8.352,1.356
histogram,adaptive,binary,116,1,0,1.0,86.22,-73.78,4.693,16.473,1.202,8.37,1.354
histogram,adaptive,binary,117,1,0,1.0,86.22,-73.78,4.735,16.366,1.207,8.317,1.363
histogram,adaptive,binary,118,1,0,1.0,86.22,-73.78,4.671,16.425,1.218,8.327,1.454
histogram,adaptive,binary,119,1,0,1.0,86.22,-73.78,4.653,16.343,1.217,8.308,1.418
histogram,adaptive,binary,120,1,0,1.0,86.22,-73.78,4.622,16.358,1.219,8.36,1.412
histogram,adaptive,binary,121,1,0,1.0,86.22,-73.78,4.64,16.375,1.217,8.324,1.415
histogram,adaptive,binary,122,1,0,1.0,86.22,-73.78,4.63,16.384,1.261,8.378,1.363
histogram,adaptive,binary,123,1,0,1.0,86.22,-73.78,4.673,16.402,1.259,8.358,1.361
histogram,adaptive,binary,124,1,0,1.0,86.22,-73.78,4.674,16.398,1.248,8.361,1.364
histogram,adaptive,binary,125,1,0,1.0,86.22,-73.78,4.735,16.44,1.204,8.326,1.366
histogram,adaptive,binary,126,1,0,1.0,86.22,-73.78,4.714,16.401,1.216,8.335,1.365
histogram,adaptive,binary,127,1,0,1.0,86.22,-73.78,4.671,16.399,1.217,8.34,1.416
histogram,adaptive,binary,128,1,0,1.0,86.22,-73.78,4.635,16.371,1.22,8.348,1.421
histogram,adaptive,binary,129,1,0,1.0,86.22,-73.78,4.657,16.318,1.217,8.3,1.406
histogram,adaptive,binary,130,1,0,1.0,86.22,-73.78,4.649,16.338,1.203,8.325,1.349
histogram,adaptive,binary,131,1,0,1.0,86.22,-73.78,4.676,16.481,1.262,8.405,1.349
histogram,adaptive,binary,132,1,0,1.0,86.22,-73.78,4.648,16.357,1.248,8.36,1.356
histogram,adaptive,binary,133,1,0,1.0,86.22,-73.78,4.672,16.355,1.255,8.349,1.34
histogram,adaptive,binary,134,1,0,1.0,86.22,-73.78,4.74,16.462,1.211,8.352,1.344
histogram,adaptive,binary,135,1,0,1.0,86.22,-73.78,4.723,16.37,1.217,8.307,1.364
histogram,adaptive,binary,136,1,0,1.0,86.22,-73.78,4.652,16.385,1.221,8.323,1.431
histogram,adaptive,binary,137,1,0,1.0,86.22,-73.78,4.714,16.417,1.213,8.331,1.418
histogram,adaptive,binary,138,1,0,1.0,86.22,-73.78,4.637,16.36,1.226,8.347,1.408
histogram,adaptive,binary,139,1,0,1.0,86.22,-73.78,4.658,16.401,1.222,8.417,1.362
histogram,adaptive,binary,140,1,0,1.0,86.22,-73.78,4.639,16.385,1.256,8.371,1.372
histogram,adaptive,binary,141,1,0,1.0,86.22,-73.78,4.667,16.431,1.259,8.362,1.361
histogram,adaptive,binary,142,1,0,1.0,86.22,-73.78,4.659,16.406,1.269,8.365,1.362
histogram,adaptive,binary,143,1,0,1.0,86.22,-73.78,4.721,16.41,1.217,8.318,1.35
histogram,adaptive,binary,144,1,0,1.0,86.22,-73.78,4.652,16.447,1.228,8.41,1.352
histogram,adaptive,binary,145,1,0,1.0,86.22,-73.78,4.658,16.364,1.22,8.313,1.427
histogram,adaptive,binary,146,1,0,1.0,86.22,-73.78,4.635,16.368,1.224,8.334,1.424
histogram,adaptive,binary,147,1,0,1.0,86.22,-73.78,4.682,16.373,1.23,8.299,1.415
histogram,adaptive,binary,148,1,0,1.0,86.22,-73.78,4.644,16.359,1.22,8.399,1.355
histogram,adaptive,binary,149,1,0,1.0,86.22,-73.78,4.687,16.428,1.262,8.379,1.353
histogram,adaptive,binary,150,1,0,1.0,86.22,-73.78,4.666,16.395,1.259,8.365,1.358
histogram,adaptive,binary,151,1,0,1.0,86.22,-73.78,4.764,16.765,1.238,8.545,1.363
histogram,adaptive,binary,152,1,0,1.0,86.22,-73.78,4.671,16.424,1.211,8.357,1.359
histogram,adaptive,binary,153,1,0,1.0,86.22,-73.78,4.667,16.378,1.214,8.332,1.427
histogram,adaptive,binary,154,1,0,1.0,86.22,-73.78,4.711,16.449,1.219,8.372,1.399
histogram,adaptive,binary,155,1,0,1.0,86.22,-73.78,4.689,16.401,1.215,8.31,1.443
histogram,adaptive,binary,156,1,0,1.0,86.22,-73.78,4.653,16.402,1.251,8.387,1.36
histogram,adaptive,binary,157,1,0,1.0,86.22,-73.78,4.705,16.413,1.259,8.348,1.358
histogram,adaptive,binary,158,1,0,1.0,86.22,-73.78,4.665,16.387,1.265,8.348,1.361
histogram,adaptive,binary,159,1,0,1.0,86.22,-73.78,4.742,16.437,1.208,8.324,1.348
histogram,adaptive,binary,160,1,0,1.0,86.22,-73.78,4.729,16.386,1.216,8.334,1.365
histogram,adaptive,binary,161,1,0,1.0,86.22,-73.78,4.677,16.424,1.211,8.325,1.436
histogram,adaptive,binary,162,1,0,1.0,86.22,-73.78,4.655,16.352,1.224,8.324,1.395
histogram,adaptive,binary,163,1,0,1.0,86.22,-73.78,4.682,16.685,1.221,8.323,1.696
histogram,adaptive,binary,164,1,0,1.0,86.22,-73.78,4.624,16.372,1.256,8.39,1.349
histogram,adaptive,binary,165,1,0,1.0,86.22,-73.78,4.666,16.371,1.253,8.349,1.36
histogram,adaptive,binary,166,1,0,1.0,86.22,-73.78,4.645,16.375,1.27,8.353,1.36
histogram,adaptive,binary,167,1,0,1.0,86.22,-73.78,4.728,16.448,1.206,8.341,1.361
histogram,adaptive,binary,168,1,0,1.0,86.22,-73.78,4.723,16.37,1.207,8.333,1.351
histogram,adaptive,binary,169,1,0,1.0,86.22,-73.78,4.683,16.41,1.227,8.335,1.415
histogram,adaptive,binary,170,1,0,1.0,86.22,-73.78,4.651,16.411,1.234,8.358,1.424
histogram,adaptive,binary,171,1,0,1.0,86.22,-73.78,4.65,16.354,1.226,8.295,1.403
histogram,adaptive,binary,172,1,0,1.0,86.22,-73.78,4.634,16.356,1.215,8.383,1.375
histogram,adaptive,binary,173,1,0,1.0,86.22,-73.78,4.662,16.384,1.251,8.374,1.351
histogram,adaptive,binary,174,1,0,1.0,86.22,-73.78,4.67,16.392,1.266,8.362,1.356
histogram,adaptive,binary,175,1,0,1.0,86.22,-73.78,4.678,16.379,1.255,8.355,1.354
histogram,adaptive,binary,176,1,0,1.0,86.22,-73.78,4.74,16.488,1.207,8.357,1.363
histogram,adaptive,binary,177,1,0,1.0,86.22,-73.78,4.661,16.46,1.216,8.43,1.354
histogram,adaptive,binary,178,1,0,1.0,86.22,-73.78,4.65,16.371,1.224,8.335,1.415
histogram,adaptive,binary,179,1,0,1.0,86.22,-73.78,4.701,16.415,1.214,8.355,1.404
histogram,adaptive,binary,180,1,0,1.0,86.22,-73.78,4.654,16.395,1.222,8.349,1.425
histogram,adaptive,binary,181,1,0,1.0,86.22,-73.78,4.655,16.422,1.225,8.412,1.35
histogram,adaptive,binary,182,1,0,1.0,86.22,-73.78,4.657,16.414,1.267,8.379,1.361
histogram,adaptive,binary,183,1,0,1.0,86.22,-73.78,4.661,16.375,1.257,8.354,1.359
histogram,adaptive,binary,184,1,0,1.0,86.22,-73.78,4.652,16.378,1.202,8.362,1.357
histogram,adaptive,binary,185,1,0,1.0,86.22,-73.78,4.747,16.393,1.199,8.344,1.365
histogram,adaptive,binary,186,1,0,1.0,86.22,-73.78,4.676,16.422,1.22,8.344,1.433
histogram,adaptive,binary,187,1,0,1.0,86.22,-73.78,4.665,16.356,1.213,8.317,1.415
histogram,adaptive,binary,188,1,0,1.0,86.22,-73.78,4.648,16.407,1.221,8.376,1.417
histogram,adaptive,binary,189,1,0,1.0,86.22,-73.78,4.662,16.363,1.22,8.317,1.362
histogram,adaptive,binary,190,1,0,1.0,86.22,-73.78,4.684,16.395,1.255,8.351,1.364
histogram,adaptive,binary,191,1,0,1.0,86.22,-73.78,4.686,16.427,1.259,8.347,1.354
histogram,adaptive,binary,192,1,0,1.0,86.22,-73.78,4.664,16.372,1.236,8.356,1.365
histogram,adaptive,binary,193,1,0,1.0,86.22,-73.78,4.726,16.451,1.218,8.34,1.355
histogram,adaptive,binary,194,1,0,1.0,86.22,-73.78,4.71,16.38,1.214,8.35,1.368
histogram,adaptive,binary,195,1,0,1.0,86.22,-73.78,4.701,16.418,1.223,8.335,1.419
histogram,adaptive,binary,196,1,0,1.0,86.22,-73.78,4.64,16.392,1.223,8.346,1.44
histogram,adaptive,binary,197,1,0,1.0,86.22,-73.78,4.66,16.365,1.217,8.338,1.408
histogram,adaptive,binary,198,1,0,1.0,86.22,-73.78,4.637,16.39,1.227,8.43,1.358
histogram,adaptive,binary,199,1,0,1.0,86.22,-73.78,4.668,16.41,1.268,8.369,1.36
histogram,adaptive,binary,200,1,0,1.0,86.22,-73.78,4.657,16.437,1.266,8.401,1.362
histogram,adaptive,binary,201,1,0,1.0,86.22,-73.78,4.709,16.447,1.211,8.312,1.365
histogram,adaptive,binary,202,1,0,1.0,86.22,-73.78,4.718,16.394,1.207,8.351,1.361
histogram,adaptive,binary,203,1,0,1.0,86.22,-73.78,4.659,16.361,1.223,8.321,1.353
histogram,adaptive,binary,204,1,0,1.0,86.22,-73.78,4.058,15.467,1.229,8.171,1.271
histogram,adaptive,binary,205,1,0,1.0,86.22,-73.78,4.095,14.258,1.06,7.234,1.198
histogram,adaptive,binary,206,1,0,1.0,86.22,-73.78,4.078,14.332,1.103,7.232,1.243
histogram,adaptive,binary,207,1,0,1.0,86.22,-73.78,4.104,14.287,1.076,7.24,1.201
histogram,adaptive,binary,208,1,0,1.0,86.22,-73.78,4.068,14.353,1.059,7.275,1.207
histogram,adaptive,binary,209,1,0,1.0,86.22,-73.78,4.087,14.299,1.065,7.224,1.194
histogram,adaptive,binary,210,1,0,1.0,86.22,-73.78,4.081,14.295,1.063,7.266,1.228
histogram,adaptive,binary,211,1,0,1.0,86.22,-73.78,4.706,15.305,1.117,7.333,1.426
histogram,adaptive,binary,212,1,0,1.0,86.22,-73.78,5.476,17.308,1.214,8.401,1.41
histogram,adaptive,binary,213,1,0,1.0,86.22,-73.78,4.71,16.453,1.247,8.381,1.354
histogram,adaptive,binary,214,1,0,1.0,86.22,-73.78,4.835,16.562,1.205,8.358,1.357
histogram,adaptive,binary,215,1,0,1.0,86.22,-73.78,4.66,16.398,1.219,8.358,1.41
histogram,adaptive,binary,216,1,0,1.0,86.22,-73.78,4.673,16.403,1.219,8.333,1.427
histogram,adaptive,binary,217,1,0,1.0,86.22,-73.78,4.649,16.339,1.217,8.317,1.416
histogram,adaptive,binary,218,1,0,1.0,86.22,-73.78,4.657,16.421,1.224,8.435,1.362
histogram,adaptive,binary,219,1,0,1.0,86.22,-73.78,4.641,16.377,1.25,8.371,1.37
histogram,adaptive,binary,220,1,0,1.0,86.22,-73.78,4.693,16.451,1.255,8.412,1.348
histogram,adaptive,binary,221,1,0,1.0,86.22,-73.78,4.719,16.425,1.232,8.338,1.352
histogram,adaptive,binary,222,1,0,1.0,86.22,-73.78,4.73,16.459,1.213,8.355,1.359
histogram,adaptive,binary,223,1,0,1.0,86.22,-73.78,4.68,16.381,1.21,8.338,1.342
histogram,adaptive,binary,224,1,0,1.0,86.22,-73.78,4.63,16.356,1.221,8.347,1.41
histogram,adaptive,binary,225,1,0,1.0,86.22,-73.78,4.652,16.352,1.22,8.324,1.41
histogram,adaptive,binary,226,1,0,1.0,86.22,-73.78,4.627,16.709,1.228,8.361,1.75
histogram,adaptive,binary,227,1,0,1.0,86.22,-73.78,4.686,16.412,1.256,8.356,1.353
histogram,adaptive,binary,228,1,0,1.0,86.22,-73.78,4.654,16.403,1.262,8.374,1.37
histogram,adaptive,binary,229,1,0,1.0,86.22,-73.78,4.673,16.366,1.263,8.326,1.367
histogram,adaptive,binary,230,1,0,1.0,86.22,-73.78,4.719,16.466,1.218,8.36,1.36
histogram,adaptive,binary,231,1,0,1.0,86.22,-73.78,4.673,16.433,1.217,8.334,1.363
histogram,adaptive,binary,232,1,0,1.0,86.22,-73.78,4.646,16.37,1.214,8.353,1.419
histogram,adaptive,binary,233,1,0,1.0,86.22,-73.78,4.659,16.348,1.215,8.322,1.411
histogram,adaptive,binary,234,1,0,1.0,86.22,-73.78,4.633,16.378,1.227,8.364,1.412
histogram,adaptive,binary,235,1,0,1.0,86.22,-73.78,4.647,16.406,1.253,8.391,1.372
histogram,adaptive,binary,236,1,0,1.0,86.22,-73.78,4.676,16.453,1.264,8.391,1.37
histogram,adaptive,binary,237,1,0,1.0,86.22,-73.78,4.694,16.381,1.256,8.333,1.359
histogram,adaptive,binary,238,1,0,1.0,86.22,-73.78,4.659,16.388,1.209,8.362,1.352
histogram,adaptive,binary,239,1,0,1.0,86.22,-73.78,4.745,16.392,1.212,8.335,1.356
histogram,adaptive,binary,240,1,0,1.0,86.22,-73.78,4.648,16.501,1.22,8.451,1.42
histogram,adaptive,binary,241,1,0,1.0,86.22,-73.78,4.681,16.447,1.235,8.336,1.408
histogram,adaptive,binary,242,1,0,1.0,86.22,-73.78,4.636,16.33,1.224,8.323,1.401
histogram,adaptive,binary,243,1,0,1.0,86.22,-73.78,4.697,16.407,1.225,8.396,1.348
histogram,adaptive,binary,244,1,0,1.0,86.22,-73.78,4.651,16.427,1.261,8.416,1.347
histogram,adaptive,binary,245,1,0,1.0,86.22,-73.78,4.663,16.412,1.274,8.36,1.361
histogram,adaptive,binary,246,1,0,1.0,86.22,-73.78,4.646,16.385,1.284,8.354,1.359
histogram,adaptive,binary,247,1,0,1.0,86.22,-73.78,4.716,16.408,1.219,8.301,1.361
histogram,adaptive,binary,248,1,0,1.0,86.22,-73.78,4.074,15.12,1.217,7.886,1.206
histogram,adaptive,binary,249,1,0,1.0,86.22,-73.78,4.088,14.337,1.053,7.258,1.203
histogram,adaptive,binary,250,1,0,1.0,86.22,-73.78,4.069,14.303,1.071,7.245,1.194
histogram,adaptive,binary,251,1,0,1.0,86.22,-73.78,4.102,14.314,1.058,7.258,1.189
histogram,adaptive,binary,252,1,0,1.0,86.22,-73.78,4.136,14.421,1.111,7.234,1.262
histogram,adaptive,binary,253,1,0,1.0,86.22,-73.78,4.076,14.249,1.066,7.231,1.195
histogram,adaptive,binary,254,1,0,1.0,86.22,-73.78,4.055,14.294,1.106,7.274,1.195
histogram,adaptive,binary,255,1,0,1.0,86.22,-73.78,4.668,15.405,1.066,7.568,1.416
histogram,adaptive,binary,256,1,0,1.0,86.22,-73.78,4.636,16.383,1.232,8.339,1.427
histogram,adaptive,binary,257,1,0,1.0,86.22,-73.78,4.643,16.379,1.223,8.333,1.435
histogram,adaptive,binary,258,1,0,1.0,86.22,-73.78,4.63,16.382,1.226,8.42,1.368
histogram,adaptive,binary,259,1,0,1.0,86.22,-73.78,4.689,16.415,1.25,8.366,1.368
histogram,adaptive,binary,260,1,0,1.0,86.22,-73.78,4.639,16.376,1.271,8.355,1.359
histogram,adaptive,binary,261,1,0,1.0,86.22,-73.78,4.662,16.461,1.205,8.33,1.362
histogram,adaptive,binary,262,1,0,1.0,86.22,-73.78,4.734,16.394,1.214,8.342,1.371
histogram,adaptive,binary,263,1,0,1.0,86.22,-73.78,4.675,16.387,1.213,8.336,1.418
histogram,adaptive,binary,264,1,0,1.0,86.22,-73.78,4.683,16.405,1.219,8.338,1.419
histogram,adaptive,binary,265,1,0,1.0,86.22,-73.78,4.664,16.353,1.227,8.305,1.408
histogram,adaptive,binary,266,1,0,1.0,86.22,-73.78,4.649,16.382,1.231,8.405,1.359
histogram,adaptive,binary,267,1,0,1.0,86.22,-73.78,4.663,16.377,1.247,8.363,1.366
histogram,adaptive,binary,268,1,0,1.0,86.22,-73.78,4.668,16.483,1.26,8.451,1.349
histogram,adaptive,binary,269,1,0,1.0,86.22,-73.78,4.67,16.374,1.278,8.323,1.353
histogram,adaptive,binary,270,1,0,1.0,86.22,-73.78,4.713,16.443,1.224,8.332,1.355
histogram,adaptive,binary,271,1,0,1.0,86.22,-73.78,4.712,16.37,1.216,8.314,1.347
histogram,adaptive,binary,272,1,0,1.0,86.22,-73.78,4.639,16.373,1.22,8.346,1.415
histogram,adaptive,binary,273,1,0,1.0,86.22,-73.78,4.718,16.416,1.223,8.318,1.412
histogram,adaptive,binary,274,1,0,1.0,86.22,-73.78,4.641,16.536,1.228,8.519,1.398
histogram,adaptive,binary,275,1,0,1.0,86.22,-73.78,4.668,16.391,1.252,8.364,1.362
histogram,adaptive,binary,276,1,0,1.0,86.22,-73.78,4.685,16.486,1.272,8.423,1.354
histogram,adaptive,binary,277,1,0,1.0,86.22,-73.78,4.681,16.385,1.267,8.334,1.352
histogram,adaptive,binary,278,1,0,1.0,86.22,-73.78,4.724,16.44,1.205,8.344,1.358
histogram,adaptive,binary,279,1,0,1.0,86.22,-73.78,4.75,16.317,1.208,8.327,1.281
histogram,adaptive,binary,280,1,0,1.0,86.22,-73.78,4.657,16.252,1.139,8.34,1.304
histogram,adaptive,binary,281,1,0,1.0,86.22,-73.78,4.666,16.27,1.147,8.321,1.353
histogram,adaptive,binary,282,1,0,1.0,86.22,-73.78,4.662,16.205,1.143,8.344,1.309
histogram,adaptive,binary,283,1,0,1.0,86.22,-73.78,4.703,16.173,1.143,8.306,1.28
histogram,adaptive,binary,284,1,0,1.0,86.22,-73.78,4.659,16.197,1.138,8.374,1.271
histogram,adaptive,binary,285,1,0,1.0,86.22,-73.78,4.673,16.161,1.138,8.382,1.203
histogram,adaptive,binary,286,1,0,1.0,86.22,-73.78,4.646,16.161,1.138,8.422,1.213
histogram,adaptive,binary,287,1,0,1.0,86.22,-73.78,4.681,16.263,1.188,8.339,1.307
histogram,adaptive,binary,288,1,0,1.0,86.22,-73.78,4.629,16.185,1.194,8.385,1.215
histogram,adaptive,binary,289,1,0,1.0,86.22,-73.78,5.035,16.532,1.197,8.352,1.189
histogram,adaptive,binary,290,1,0,1.0,86.22,-73.78,4.655,16.193,1.156,8.342,1.233
histogram,adaptive,binary,291,1,0,1.0,86.22,-73.78,4.736,16.279,1.145,8.353,1.194
histogram,adaptive,binary,292,1,0,1.0,86.22,-73.78,4.737,16.307,1.142,8.338,1.334
histogram,adaptive,binary,293,1,0,1.0,86.22,-73.78,4.674,16.174,1.133,8.347,1.203
histogram,adaptive,binary,294,1,0,1.0,86.22,-73.78,4.66,16.199,1.152,8.35,1.295
histogram,adaptive,binary,295,1,0,1.0,86.22,-73.78,4.654,16.203,1.146,8.314,1.342
histogram,adaptive,binary,296,1,0,1.0,86.22,-73.78,4.674,16.188,1.147,8.327,1.3
histogram,adaptive,binary,297,1,0,1.0,86.22,-73.78,4.668,16.165,1.149,8.319,1.269
histogram,adaptive,binary,298,1,0,1.0,86.22,-73.78,4.667,16.201,1.149,8.346,1.294
histogram,adaptive,binary,299,1,0,1.0,86.22,-73.78,4.653,16.194,1.139,8.43,1.217
histogram,adaptive,binary,300,1,0,1.0,86.22,-73.78,4.656,16.2,1.206,8.377,1.206
histogram,adaptive,binary,301,1,0,1.0,86.22,-73.78,4.69,16.315,1.183,8.369,1.286
histogram,adaptive,binary,302,1,0,1.0,86.22,-73.78,4.66,16.229,1.198,8.391,1.23
histogram,adaptive,binary,303,1,0,1.0,86.22,-73.78,4.657,16.346,1.193,8.47,1.274
histogram,adaptive,binary,304,1,0,1.0,86.22,-73.78,4.728,16.29,1.145,8.353,1.246
histogram,adaptive,binary,305,1,0,1.0,86.22,-73.78,4.738,16.167,1.144,8.332,1.209
histogram,adaptive,binary,306,1,0,1.0,86.22,-73.78,4.754,16.237,1.147,8.35,1.235
histogram,adaptive,binary,307,1,0,1.0,86.22,-73.78,4.165,15.431,1.139,8.324,1.067
histogram,adaptive,binary,308,1,0,1.0,86.22,-73.78,4.084,14.11,0.99,7.276,1.082
histogram,adaptive,binary,309,1,0,1.0,86.22,-73.78,4.101,14.143,0.998,7.248,1.124
histogram,adaptive,binary,310,1,0,1.0,86.22,-73.78,4.087,14.18,0.987,7.256,1.174
histogram,adaptive,binary,311,1,0,1.0,86.22,-73.78,4.643,14.971,1.036,7.212,1.364
histogram,adaptive,binary,312,1,0,1.0,86.22,-73.78,4.649,16.175,1.134,8.368,1.274
histogram,adaptive,binary,313,1,0,1.0,86.22,-73.78,4.685,16.164,1.148,8.374,1.203
histogram,adaptive,binary,314,1,0,1.0,86.22,-73.78,4.754,16.304,1.153,8.419,1.226
histogram,adaptive,binary,315,1,0,1.0,86.22,-73.78,4.712,16.301,1.19,8.36,1.291
histogram,adaptive,binary,316,1,0,1.0,86.22,-73.78,4.68,16.204,1.186,8.385,1.207
histogram,adaptive,binary,317,1,0,1.0,86.22,-73.78,4.499,15.992,1.185,8.339,1.212
histogram,adaptive,binary,318,1,0,1.0,86.22,-73.78,4.071,14.182,1.047,7.308,1.08
histogram,adaptive,binary,319,1,0,1.0,86.22,-73.78,4.085,14.15,1.001,7.223,1.168
histogram,adaptive,binary,320,1,0,1.0,86.22,-73.78,4.069,14.253,0.989,7.295,1.16
histogram,adaptive,binary,321,1,0,1.0,86.22,-73.78,4.09,14.168,1.009,7.214,1.085
histogram,adaptive,binary,322,1,0,1.0,86.22,-73.78,4.072,14.089,0.995,7.265,1.083
histogram,adaptive,binary,323,1,0,1.0,86.22,-73.78,4.108,14.254,1.001,7.245,1.225
histogram,adaptive,binary,324,1,0,1.0,86.22,-73.78,4.085,14.113,1.002,7.255,1.092
histogram,adaptive,binary,325,1,0,1.0,86.22,-73.78,4.661,16.205,1.21,8.362,1.29
histogram,adaptive,binary,326,1,0,1.0,86.22,-73.78,4.653,16.19,1.194,8.362,1.223
histogram,adaptive,binary,327,1,0,1.0,86.22,-73.78,4.659,16.127,1.142,8.314,1.203
histogram,adaptive,binary,328,1,0,1.0,86.22,-73.78,4.715,16.243,1.146,8.354,1.213
histogram,adaptive,binary,329,1,0,1.0,86.22,-73.78,4.742,16.16,1.133,8.305,1.234
histogram,adaptive,binary,330,1,0,1.0,86.22,-73.78,4.765,16.288,1.144,8.417,1.213
histogram,adaptive,binary,331,1,0,1.0,86.22,-73.78,4.671,16.183,1.141,8.319,1.217
histogram,adaptive,binary,332,1,0,1.0,86.22,-73.78,4.662,16.295,1.131,8.382,1.367
histogram,adaptive,binary,333,1,0,1.0,86.22,-73.78,4.669,16.221,1.14,8.301,1.367
histogram,adaptive,binary,334,1,0,1.0,86.22,-73.78,4.645,16.245,1.144,8.355,1.361
histogram,adaptive,binary,335,1,0,1.0,86.22,-73.78,4.646,16.137,1.147,8.345,1.25
histogram,adaptive,binary,336,1,0,1.0,86.22,-73.78,4.978,16.523,1.151,8.43,1.213
histogram,adaptive,binary,337,1,0,1.0,86.22,-73.78,4.673,16.539,1.274,8.62,1.193
histogram,adaptive,binary,338,1,0,1.0,86.22,-73.78,4.656,16.228,1.213,8.401,1.211
histogram,adaptive,binary,339,1,0,1.0,86.22,-73.78,4.668,16.285,1.162,8.35,1.293
histogram,adaptive,binary,340,1,0,1.0,86.22,-73.78,4.847,16.515,1.153,8.37,1.335
histogram,adaptive,binary,341,1,0,1.0,86.22,-73.78,4.76,16.197,1.132,8.319,1.219
histogram,adaptive,binary,342,1,0,1.0,86.22,-73.78,4.658,16.279,1.134,8.366,1.373
histogram,adaptive,binary,343,1,0,1.0,86.22,-73.78,4.706,16.179,1.133,8.328,1.256
histogram,adaptive,binary,344,1,0,1.0,86.22,-73.78,4.695,16.202,1.14,8.317,1.306
histogram,adaptive,binary,345,1,0,1.0,86.22,-73.78,4.664,16.151,1.141,8.312,1.28
histogram,adaptive,binary,346,1,0,1.0,86.22,-73.78,4.644,16.292,1.149,8.362,1.393
histogram,adaptive,binary,347,1,0,1.0,86.22,-73.78,4.665,16.147,1.135,8.396,1.201
histogram,adaptive,binary,348,1,0,1.0,86.22,-73.78,4.659,16.23,1.192,8.398,1.23
histogram,adaptive,binary,349,1,0,1.0,86.22,-73.78,4.661,16.153,1.187,8.351,1.196
histogram,adaptive,binary,350,1,0,1.0,86.22,-73.78,4.658,16.199,1.207,8.377,1.214
histogram,adaptive,binary,351,1,0,1.0,86.22,-73.78,4.663,16.171,1.183,8.335,1.197
histogram,adaptive,binary,352,1,0,1.0,86.22,-73.78,4.666,16.199,1.197,8.358,1.219
histogram,adaptive,binary,353,1,0,1.0,86.22,-73.78,4.662,16.12,1.141,8.307,1.191
histogram,adaptive,binary,354,1,0,1.0,86.22,-73.78,4.719,16.496,1.287,8.364,1.232
histogram,adaptive,binary,355,1,0,1.0,86.22,-73.78,4.746,16.235,1.147,8.3,1.294
histogram,adaptive,binary,356,1,0,1.0,86.22,-73.78,4.667,16.24,1.147,8.382,1.276
histogram,adaptive,binary,357,1,0,1.0,86.22,-73.78,4.69,16.258,1.146,8.307,1.366
histogram,adaptive,binary,358,1,0,1.0,86.22,-73.78,4.704,16.263,1.138,8.343,1.334
histogram,adaptive,binary,359,1,0,1.0,86.22,-73.78,4.647,16.196,1.137,8.321,1.337
histogram,adaptive,binary,360,1,0,1.0,86.22,-73.78,4.656,16.182,1.154,8.337,1.289
histogram,adaptive,binary,361,1,0,1.0,86.22,-73.78,4.66,16.272,1.137,8.399,1.287
histogram,adaptive,binary,362,1,0,1.0,86.22,-73.78,4.076,14.961,1.203,7.711,1.238
histogram,adaptive,binary,363,1,0,1.0,86.22,-73.78,4.123,14.165,1.002,7.206,1.158
histogram,fixed,combined,0,1,0,1.0,86.22,-73.78,5.321,8.487,1.079,0.131,1.207
histogram,fixed,combined,1,1,0,1.0,86.22,-73.78,5.808,8.706,1.06,0.123,0.976
histogram,fixed,combined,2,1,0,1.0,86.22,-73.78,5.917,8.863,1.063,0.122,0.963
histogram,fixed,combined,3,1,0,1.0,86.22,-73.78,8.897,11.872,1.07,0.124,1.028
histogram,fixed,combined,4,1,0,1.0,86.22,-73.78,12.313,15.748,1.378,0.153,0.749
histogram,fixed,combined,5,1,0,1.0,86.22,-73.78,4.875,7.141,0.661,0.104,0.793
histogram,fixed,combined,6,1,0,1.0,86.22,-73.78,5.265,8.16,0.723,0.127,1.194
histogram,fixed,combined,7,1,0,1.0,86.22,-73.78,6.486,9.686,0.722,0.144,1.438
histogram,fixed,combined,8,1,0,1.0,86.22,-73.78,4.92,7.362,0.773,0.104,0.797
histogram,fixed,combined,9,1,0,1.0,86.22,-73.78,4.911,7.416,0.811,0.107,0.808
histogram,fixed,combined,10,1,0,1.0,86.22,-73.78,5.128,7.612,0.74,0.101,0.886
histogram,fixed,combined,11,1,0,1.0,86.22,-73.78,4.894,7.352,0.74,0.101,0.857
histogram,fixed,combined,12,1,0,1.0,86.22,-73.78,4.903,7.697,0.758,0.107,1.071
histogram,fixed,combined,13,1,0,1.0,86.22,-73.78,4.98,7.681,0.748,0.108,1.069
histogram,fixed,combined,14,1,0,1.0,86.22,-73.78,5.005,7.686,0.731,0.104,1.073
histogram,fixed,combined,15,1,0,1.0,86.22,-73.78,4.909,7.333,0.737,0.103,0.809
histogram,fixed,combined,16,1,0,1.0,86.22,-73.78,4.97,8.169,1.143,0.11,1.073
histogram,fixed,combined,17,1,0,1.0,86.22,-73.78,4.991,8.21,1.158,0.109,1.181
histogram,fixed,combined,18,1,0,1.0,86.22,-73.78,5.005,8.135,1.155,0.109,1.088
histogram,fixed,combined,19,1,0,1.0,86.22,-73.78,4.988,8.129,1.139,0.111,1.111
histogram,fixed,combined,20,1,0,1.0,86.22,-73.78,4.93,8.144,1.148,0.112,1.101
histogram,fixed,combined,21,1,0,1.0,86.22,-73.78,4.917,8.11,1.143,0.108,1.098
histogram,fixed,combined,22,1,0,1.0,86.22,-73.78,4.866,9.089,1.141,0.106,2.208
histogram,fixed,combined,23,1,0,1.0,86.22,-73.78,4.928,8.096,1.198,0.12,1.075
histogram,fixed,combined,24,1,0,1.0,86.22,-73.78,4.959,8.27,1.205,0.119,1.215
histogram,fixed,combined,25,1,0,1.0,86.22,-73.78,4.93,8.183,1.218,0.123,1.132
histogram,fixed,combined,26,1,0,1.0,86.22,-73.78,4.918,8.145,1.202,0.114,1.104
histogram,fixed,combined,27,1,0,1.0,86.22,-73.78,5.17,8.515,1.214,0.144,1.231
histogram,fixed,combined,28,1,0,1.0,86.22,-73.78,4.948,8.345,1.14,0.145,1.304
histogram,fixed,combined,29,1,0,1.0,86.22,-73.78,4.928,8.179,1.126,0.1,1.241
histogram,fixed,combined,30,1,0,1.0,86.22,-73.78,4.917,8.147,1.144,0.099,1.243
histogram,fixed,combined,31,1,0,1.0,86.22,-73.78,4.867,8.203,1.146,0.102,1.243
histogram,fixed,combined,32,1,0,1.0,86.22,-73.78,4.797,8.125,1.146,0.1,1.327
histogram,fixed,combined,33,1,0,1.0,86.22,-73.78,4.804,7.944,1.135,0.104,1.144
histogram,fixed,combined,34,1,0,1.0,86.22,-73.78,5.17,9.25,1.143,0.1,2.078
histogram,fixed,combined,35,1,0,1.0,86.22,-73.78,5.172,8.701,1.208,0.197,1.345
histogram,fixed,combined,36,1,0,1.0,86.22,-73.78,5.43,8.858,1.182,0.117,1.273
histogram,fixed,combined,37,1,0,1.0,86.22,-73.78,5.285,8.708,1.165,0.149,1.297
histogram,fixed,combined,38,1,0,1.0,86.22,-73.78,5.231,8.62,1.172,0.146,1.286
histogram,fixed,combined,39,1,0,1.0,86.22,-73.78,5.193,8.763,1.191,0.165,1.423
histogram,fixed,combined,40,1,0,1.0,86.22,-73.78,5.362,8.774,1.238,0.147,1.259
histogram,fixed,combined,41,1,0,1.0,86.22,-73.78,5.321,8.625,1.181,0.147,1.117
histogram,fixed,combined,42,1,0,1.0,86.22,-73.78,5.407,8.834,1.205,0.139,1.293
histogram,fixed,combined,43,1,0,1.0,86.22,-73.78,5.116,8.305,1.14,0.101,1.191
histogram,fixed,combined,44,1,0,1.0,86.22,-73.78,5.099,8.353,1.145,0.1,1.215
histogram,fixed,combined,45,1,0,1.0,86.22,-73.78,4.91,8.385,1.154,0.308,1.261
histogram,fixed,combined,46,1,0,1.0,86.22,-73.78,4.766,8.267,1.202,0.119,1.17
histogram,fixed,combined,47,1,0,1.0,86.22,-73.78,4.789,7.997,1.191,0.105,1.161
histogram,fixed,combined,48,1,0,1.0,86.22,-73.78,4.886,8.366,1.372,0.113,1.202
histogram,fixed,combined,49,1,0,1.0,86.22,-73.78,4.78,7.99,1.195,0.107,1.167
histogram,fixed,combined,50,1,0,1.0,86.22,-73.78,4.774,7.979,1.201,0.104,1.16
histogram,fixed,combined,51,1,0,1.0,86.22,-73.78,4.78,8.008,1.214,0.102,1.157
histogram,fixed,combined,52,1,0,1.0,86.22,-73.78,4.782,7.995,1.295,0.109,1.058
histogram,fixed,combined,53,1,0,1.0,86.22,-73.78,4.778,7.905,1.138,0.101,1.058
histogram,fixed,combined,54,1,0,1.0,86.22,-73.78,4.782,7.912,1.149,0.099,1.082
histogram,fixed,combined,55,1,0,1.0,86.22,-73.78,4.767,7.88,1.212,0.101,1.059
histogram,fixed,combined,56,1,0,1.0,86.22,-73.78,4.827,8.06,1.197,0.101,1.152
histogram,fixed,combined,57,1,0,1.0,86.22,-73.78,4.771,7.885,1.153,0.098,1.049
histogram,fixed,combined,58,1,0,1.0,86.22,-73.78,4.792,7.887,1.205,0.097,1.045
histogram,fixed,combined,59,1,0,1.0,86.22,-73.78,4.805,8.006,1.204,0.105,1.14
histogram,fixed,combined,60,1,0,1.0,86.22,-73.78,4.789,8.004,1.137,0.097,1.156
histogram,fixed,combined,61,1,0,1.0,86.22,-73.78,4.782,7.989,1.148,0.097,1.151
histogram,fixed,combined,62,1,0,1.0,86.22,-73.78,4.819,7.917,1.132,0.103,1.057
histogram,fixed,combined,63,1,0,1.0,86.22,-73.78,4.772,7.985,1.141,0.102,1.157
histogram,fixed,combined,64,1,0,1.0,86.22,-73.78,4.798,8.07,1.137,0.1,1.218
histogram,fixed,combined,65,1,0,1.0,86.22,-73.78,4.8,7.915,1.149,0.097,1.056
histogram,fixed,combined,66,1,0,1.0,86.22,-73.78,4.909,11.021,3.947,0.21,1.095
histogram,fixed,combined,67,1,0,1.0,86.22,-73.78,4.907,8.201,1.213,0.121,1.188
histogram,fixed,combined,68,1,0,1.0,86.22,-73.78,4.952,8.178,1.225,0.122,1.102
histogram,fixed,combined,69,1,0,1.0,86.22,-73.78,4.923,8.149,1.218,0.115,1.109
histogram,fixed,combined,70,1,0,1.0,86.22,-73.78,4.92,8.121,1.144,0.108,1.122
histogram,fixed,combined,71,1,0,1.0,86.22,-73.78,4.904,8.135,1.166,0.11,1.107
histogram,fixed,combined,72,1,0,1.0,86.22,-73.78,4.974,8.135,1.137,0.107,1.131
histogram,fixed,combined,73,1,0,1.0,86.22,-73.78,5.535,8.704,1.147,0.112,1.117
histogram,fixed,combined,74,1,0,1.0,86.22,-73.78,5.183,9.503,1.717,0.214,1.387
histogram,fixed,combined,75,1,0,1.0,86.22,-73.78,4.952,8.179,1.203,0.123,1.12
histogram,fixed,combined,76,1,0,1.0,86.22,-73.78,4.91,8.176,1.238,0.117,1.107
histogram,fixed,combined,77,1,0,1.0,86.22,-73.78,4.969,8.143,1.21,0.115,1.085
histogram,fixed,combined,78,1,0,1.0,86.22,-73.78,4.92,8.216,1.213,0.114,1.194
histogram,fixed,combined,79,1,0,1.0,86.22,-73.78,4.945,8.138,1.151,0.116,1.085
histogram,fixed,combined,80,1,0,1.0,86.22,-73.78,4.9,8.114,1.159,0.107,1.099
histogram,fixed,combined,81,1,0,1.0,86.22,-73.78,4.966,8.116,1.144,0.109,1.12
histogram,fixed,combined,82,1,0,1.0,86.22,-73.78,5.02,8.155,1.151,0.111,1.096
histogram,fixed,combined,83,1,0,1.0,86.22,-73.78,4.876,8.047,1.171,0.159,1.075
histogram,fixed,combined,84,1,0,1.0,86.22,-73.78,4.918,7.953,1.136,0.098,1.043
histogram,fixed,combined,85,1,0,1.0,86.22,-73.78,4.889,7.939,1.137,0.101,1.049
histogram,fixed,combined,86,1,0,1.0,86.22,-73.78,4.933,8.039,1.144,0.1,1.068
histogram,fixed,combined,87,1,0,1.0,86.22,-73.78,4.906,7.966,1.149,0.102,1.059
histogram,fixed,combined,88,1,0,1.0,86.22,-73.78,4.86,8.007,1.139,0.101,1.151
histogram,fixed,combined,89,1,0,1.0,86.22,-73.78,4.874,8.005,1.137,0.101,1.137
histogram,fixed,combined,90,1,0,1.0,86.22,-73.78,4.897,8.018,1.139,0.099,1.147
histogram,fixed,combined,91,1,0,1.0,86.22,-73.78,4.82,8.051,1.145,0.101,1.154
histogram,fixed,combined,92,1,0,1.0,86.22,-73.78,4.846,7.99,1.136,0.101,1.073
histogram,fixed,combined,93,1,0,1.0,86.22,-73.78,4.798,8.013,1.13,0.102,1.226
histogram,fixed,combined,94,1,0,1.0,86.22,-73.78,4.794,8.008,1.141,0.099,1.232
histogram,fixed,combined,95,1,0,1.0,86.22,-73.78,4.797,7.897,1.131,0.098,1.117
histogram,fixed,combined,96,1,0,1.0,86.22,-73.78,4.792,8.051,1.144,0.098,1.233
histogram,fixed,combined,97,1,0,1.0,86.22,-73.78,4.753,8.751,1.131,0.101,1.998
histogram,fixed,combined,98,1,0,1.0,86.22,-73.78,4.785,7.964,1.133,0.099,1.199
histogram,fixed,combined,99,1,0,1.0,86.22,-73.78,4.779,7.96,1.146,0.098,1.187
histogram,fixed,combined,100,1,0,1.0,86.22,-73.78,4.781,7.883,1.135,0.143,1.072
histogram,fixed,combined,101,1,0,1.0,86.22,-73.78,4.785,8.041,1.134,0.099,1.252
histogram,fixed,combined,102,1,0,1.0,86.22,-73.78,5.141,8.227,1.131,0.147,1.062
histogram,fixed,combined,103,1,0,1.0,86.22,-73.78,4.819,7.943,1.193,0.105,1.073
histogram,fixed,combined,104,1,0,1.0,86.22,-73.78,4.789,7.889,1.192,0.106,1.052
histogram,fixed,combined,105,1,0,1.0,86.22,-73.78,4.781,7.969,1.194,0.106,1.143
histogram,fixed,combined,106,1,0,1.0,86.22,-73.78,4.794,7.909,1.191,0.102,1.048
histogram,fixed,combined,107,1,0,1.0,86.22,-73.78,4.785,7.989,1.199,0.106,1.15
histogram,fixed,combined,108,1,0,1.0,86.22,-73.78,4.782,7.876,1.181,0.104,1.057
histogram,fixed,combined,109,1,0,1.0,86.22,-73.78,4.778,7.877,1.19,0.104,1.053
histogram,fixed,combined,110,1,0,1.0,86.22,-73.78,4.771,7.875,1.189,0.103,1.061
histogram,fixed,combined,111,1,0,1.0,86.22,-73.78,4.786,7.969,1.198,0.104,1.127
histogram,fixed,combined,112,1,0,1.0,86.22,-73.78,4.786,8.004,1.194,0.104,1.166
histogram,fixed,combined,113,1,0,1.0,86.22,-73.78,4.795,7.987,1.182,0.104,1.148
histogram,fixed,combined,114,1,0,1.0,86.22,-73.78,4.779,7.874,1.188,0.103,1.054
histogram,fixed,combined,115,1,0,1.0,86.22,-73.78,4.77,7.882,1.185,0.105,1.067
histogram,fixed,combined,116,1,0,1.0,86.22,-73.78,4.783,8.006,1.184,0.103,1.155
histogram,fixed,combined,117,1,0,1.0,86.22,-73.78,4.79,7.991,1.193,0.107,1.148
histogram,fixed,combined,118,1,0,1.0,86.22,-73.78,4.76,7.866,1.188,0.105,1.06
histogram,fixed,combined,119,1,0,1.0,86.22,-73.78,4.811,7.917,1.198,0.106,1.045
histogram,fixed,combined,120,1,0,1.0,86.22,-73.78,4.789,7.899,1.18,0.104,1.076
histogram,fixed,combined,121,1,0,1.0,86.22,-73.78,4.766,7.877,1.206,0.103,1.057
histogram,fixed,combined,122,1,0,1.0,86.22,-73.78,4.8,8.013,1.191,0.103,1.16
histogram,fixed,combined,123,1,0,1.0,86.22,-73.78,4.809,7.953,1.207,0.106,1.076
histogram,fixed,combined,124,1,0,1.0,86.22,-73.78,4.79,7.88,1.183,0.102,1.057
histogram,fixed,combined,125,1,0,1.0,86.22,-73.78,4.781,7.897,1.201,0.11,1.057
histogram,fixed,combined,126,1,0,1.0,86.22,-73.78,4.783,7.91,1.176,0.107,1.065
histogram,fixed,combined,127,1,0,1.0,86.22,-73.78,4.782,7.962,1.182,0.106,1.143
histogram,fixed,combined,128,1,0,1.0,86.22,-73.78,4.808,7.906,1.194,0.102,1.057
histogram,fixed,combined,129,1,0,1.0,86.22,-73.78,4.801,8.027,1.202,0.108,1.16
histogram,fixed,combined,130,1,0,1.0,86.22,-73.78,4.894,8.092,1.187,0.104,1.154
histogram,fixed,combined,131,1,0,1.0,86.22,-73.78,4.77,7.901,1.182,0.105,1.082
histogram,fixed,combined,132,1,0,1.0,86.22,-73.78,4.777,7.911,1.188,0.104,1.088
histogram,fixed,combined,133,1,0,1.0,86.22,-73.78,4.768,7.894,1.2,0.104,1.065
histogram,fixed,combined,134,1,0,1.0,86.22,-73.78,4.768,7.882,1.193,0.102,1.061
histogram,fixed,combined,135,1,0,1.0,86.22,-73.78,4.817,8.026,1.198,0.103,1.147
histogram,fixed,combined,136,1,0,1.0,86.22,-73.78,4.781,8.001,1.185,0.102,1.152
histogram,fixed,combined,137,1,0,1.0,86.22,-73.78,4.778,7.87,1.173,0.105,1.058
histogram,fixed,combined,138,1,0,1.0,86.22,-73.78,4.786,7.898,1.191,0.104,1.064
histogram,fixed,combined,139,1,0,1.0,86.22,-73.78,4.784,7.914,1.203,0.108,1.06
histogram,fixed,combined,140,1,0,1.0,86.22,-73.78,4.791,7.898,1.186,0.104,1.071
histogram,fixed,combined,141,1,0,1.0,86.22,-73.78,4.787,7.924,1.199,0.11,1.065
histogram,fixed,combined,142,1,0,1.0,86.22,-73.78,4.784,7.981,1.181,0.11,1.162
histogram,fixed,combined,143,1,0,1.0,86.22,-73.78,4.775,7.875,1.183,0.108,1.059
histogram,fixed,combined,144,1,0,1.0,86.22,-73.78,4.807,7.922,1.191,0.105,1.076
histogram,fixed,combined,145,1,0,1.0,86.22,-73.78,4.783,7.898,1.196,0.106,1.057
histogram,fixed,combined,146,1,0,1.0,86.22,-73.78,4.775,7.911,1.183,0.104,1.068
histogram,fixed,combined,147,1,0,1.0,86.22,-73.78,4.767,8.145,1.199,0.105,1.318
histogram,fixed,combined,148,1,0,1.0,86.22,-73.78,4.775,7.873,1.191,0.104,1.055
histogram,fixed,combined,149,1,0,1.0,86.22,-73.78,4.778,7.966,1.191,0.104,1.137
histogram,fixed,combined,150,1,0,1.0,86.22,-73.78,4.803,8.031,1.198,0.103,1.168
histogram,fixed,combined,151,1,0,1.0,86.22,-73.78,4.819,7.913,1.185,0.104,1.048
histogram,fixed,combined,152,1,0,1.0,86.22,-73.78,4.777,7.896,1.195,0.101,1.069
histogram,fixed,combined,153,1,0,1.0,86.22,-73.78,4.784,7.968,1.182,0.104,1.139
histogram,fixed,combined,154,1,0,1.0,86.22,-73.78,4.791,7.975,1.19,0.104,1.142
histogram,fixed,combined,155,1,0,1.0,86.22,-73.78,4.829,7.942,1.187,0.108,1.068
histogram,fixed,combined,156,1,0,1.0,86.22,-73.78,4.788,7.96,1.196,0.105,1.091
histogram,fixed,combined,157,1,0,1.0,86.22,-73.78,4.772,7.959,1.192,0.107,1.149
histogram,fixed,combined,158,1,0,1.0,86.22,-73.78,4.794,7.903,1.184,0.106,1.068
histogram,fixed,combined,159,1,0,1.0,86.22,-73.78,4.785,7.887,1.176,0.105,1.063
histogram,fixed,combined,160,1,0,1.0,86.22,-73.78,4.787,7.898,1.192,0.103,1.066
histogram,fixed,combined,161,1,0,1.0,86.22,-73.78,4.794,7.993,1.188,0.103,1.155
histogram,fixed,combined,162,1,0,1.0,86.22,-73.78,4.789,7.995,1.189,0.105,1.161
histogram,fixed,combined,163,1,0,1.0,86.22,-73.78,4.794,7.99,1.188,0.105,1.151
histogram,fixed,combined,164,1,0,1.0,86.22,-73.78,4.775,7.886,1.19,0.101,1.061
histogram,fixed,combined,165,1,0,1.0,86.22,-73.78,4.785,7.906,1.2,0.103,1.064
histogram,fixed,combined,166,1,0,1.0,86.22,-73.78,4.777,8.038,1.204,0.103,1.168
histogram,fixed,combined,167,1,0,1.0,86.22,-73.78,4.826,8.031,1.191,0.106,1.152
histogram,fixed,combined,168,1,0,1.0,86.22,-73.78,4.786,7.971,1.191,0.101,1.143
histogram,fixed,combined,169,1,0,1.0,86.22,-73.78,4.81,8.005,1.196,0.102,1.148
histogram,fixed,combined,170,1,0,1.0,86.22,-73.78,4.805,7.898,1.184,0.101,1.058
histogram,fixed,combined,171,1,0,1.0,86.22,-73.78,4.791,8.1,1.311,0.11,1.148
histogram,fixed,combined,172,1,0,1.0,86.22,-73.78,4.794,7.924,1.194,0.104,1.078
histogram,fixed,combined,173,1,0,1.0,86.22,-73.78,4.786,7.983,1.189,0.104,1.15
histogram,fixed,combined,174,1,0,1.0,86.22,-73.78,4.87,8.074,1.196,0.105,1.154
histogram,fixed,combined,175,1,0,1.0,86.22,-73.78,4.771,7.974,1.206,0.102,1.143
histogram,fixed,combined,176,1,0,1.0,86.22,-73.78,4.781,8.017,1.203,0.1,1.151
histogram,fixed,combined,177,1,0,1.0,86.22,-73.78,4.776,7.903,1.142,0.099,1.066
histogram,fixed,combined,178,1,0,1.0,86.22,-73.78,4.822,7.945,1.205,0.097,1.068
histogram,fixed,combined,179,1,0,1.0,86.22,-73.78,4.775,7.971,1.205,0.099,1.141
histogram,fixed,combined,180,1,0,1.0,86.22,-73.78,4.776,7.891,1.128,0.099,1.066
histogram,fixed,combined,181,1,0,1.0,86.22,-73.78,4.781,7.983,1.202,0.1,1.149
histogram,fixed,combined,182,1,0,1.0,86.22,-73.78,4.785,7.913,1.14,0.099,1.077
histogram,fixed,combined,183,1,0,1.0,86.22,-73.78,4.83,7.946,1.138,0.099,1.063
histogram,fixed,combined,184,1,0,1.0,86.22,-73.78,4.781,7.907,1.137,0.096,1.073
histogram,fixed,combined,185,1,0,1.0,86.22,-73.78,4.782,7.999,1.221,0.099,1.142
histogram,fixed,combined,186,1,0,1.0,86.22,-73.78,4.807,8.102,1.141,0.097,1.175
histogram,fixed,combined,187,1,0,1.0,86.22,-73.78,4.777,7.903,1.138,0.101,1.063
histogram,fixed,combined,188,1,0,1.0,86.22,-73.78,4.784,7.905,1.148,0.097,1.063
histogram,fixed,combined,189,1,0,1.0,86.22,-73.78,5.451,8.559,1.146,0.098,1.044
histogram,fixed,combined,190,1,0,1.0,86.22,-73.78,5.033,8.317,1.17,0.12,1.184
histogram,fixed,combined,191,1,0,1.0,86.22,-73.78,5.011,8.152,1.149,0.111,1.104
histogram,fixed,combined,192,1,0,1.0,86.22,-73.78,4.943,8.131,1.143,0.108,1.097
histogram,fixed,combined,193,1,0,1.0,86.22,-73.78,4.889,8.192,1.16,0.108,1.256
histogram,fixed,combined,194,1,0,1.0,86.22,-73.78,4.885,9.075,1.141,0.106,2.178
histogram,fixed,combined,195,1,0,1.0,86.22,-73.78,4.902,8.108,1.204,0.122,1.099
histogram,fixed,combined,196,1,0,1.0,86.22,-73.78,4.92,8.192,1.21,0.121,1.108
histogram,fixed,combined,197,1,0,1.0,86.22,-73.78,4.928,8.127,1.21,0.121,1.098
histogram,fixed,combined,198,1,0,1.0,86.22,-73.78,4.916,8.109,1.21,0.114,1.092
histogram,fixed,combined,199,1,0,1.0,86.22,-73.78,4.943,8.147,1.219,0.11,1.093
histogram,fixed,combined,200,1,0,1.0,86.22,-73.78,4.892,8.191,1.153,0.108,1.184
histogram,fixed,combined,201,1,0,1.0,86.22,-73.78,4.899,8.124,1.154,0.108,1.119
histogram,fixed,combined,202,1,0,1.0,86.22,-73.78,5.001,8.155,1.152,0.108,1.112
histogram,fixed,combined,203,1,0,1.0,86.22,-73.78,5.018,8.159,1.158,0.108,1.102
histogram,fixed,combined,204,1,0,1.0,86.22,-73.78,4.976,8.106,1.144,0.107,1.102
histogram,fixed,combined,205,1,0,1.0,86.22,-73.78,5.011,8.141,1.151,0.11,1.102
histogram,fixed,combined,206,1,0,1.0,86.22,-73.78,5.132,8.379,1.152,0.105,1.106
histogram,fixed,combined,207,1,0,1.0,86.22,-73.78,4.763,8.668,1.139,0.101,1.902
histogram,fixed,combined,208,1,0,1.0,86.22,-73.78,4.887,8.079,1.134,0.097,1.202
histogram,fixed,combined,209,1,0,1.0,86.22,-73.78,4.764,7.866,1.136,0.152,1.063
histogram,fixed,combined,210,1,0,1.0,86.22,-73.78,4.776,7.993,1.152,0.167,1.153
histogram,fixed,combined,211,1,0,1.0,86.22,-73.78,4.774,7.987,1.145,0.153,1.162
histogram,fixed,combined,212,1,0,1.0,86.22,-73.78,4.779,7.919,1.2,0.105,1.074
histogram,fixed,combined,213,1,0,1.0,86.22,-73.78,4.799,7.898,1.184,0.104,1.059
histogram,fixed,combined,214,1,0,1.0,86.22,-73.78,4.763,7.962,1.137,0.151,1.158
histogram,fixed,combined,215,1,0,1.0,86.22,-73.78,4.814,7.919,1.137,0.159,1.067
histogram,fixed,combined,216,1,0,1.0,86.22,-73.78,4.776,8.032,1.145,0.104,1.155
histogram,fixed,combined,217,1,0,1.0,86.22,-73.78,4.811,8.018,1.202,0.106,1.147
histogram,fixed,combined,218,1,0,1.0,86.22,-73.78,4.805,7.912,1.194,0.102,1.064
histogram,fixed,combined,219,1,0,1.0,86.22,-73.78,4.801,8.003,1.192,0.107,1.155
histogram,fixed,combined,220,1,0,1.0,86.22,-73.78,4.792,7.902,1.185,0.107,1.071
histogram,fixed,combined,221,1,0,1.0,86.22,-73.78,4.781,7.893,1.19,0.107,1.067
histogram,fixed,combined,222,1,0,1.0,86.22,-73.78,4.785,7.912,1.19,0.107,1.075
histogram,fixed,combined,223,1,0,1.0,86.22,-73.78,4.796,7.99,1.196,0.104,1.144
histogram,fixed,combined,224,1,0,1.0,86.22,-73.78,4.785,7.892,1.185,0.106,1.07
histogram,fixed,combined,225,1,0,1.0,86.22,-73.78,4.787,7.908,1.189,0.102,1.082
histogram,fixed,combined,226,1,0,1.0,86.22,-73.78,4.791,7.931,1.188,0.102,1.078
histogram,fixed,combined,227,1,0,1.0,86.22,-73.78,4.782,7.879,1.178,0.104,1.061
histogram,fixed,combined,228,1,0,1.0,86.22,-73.78,4.797,7.921,1.189,0.103,1.069
histogram,fixed,combined,229,1,0,1.0,86.22,-73.78,5.132,8.314,1.176,0.103,1.157
histogram,fixed,combined,230,1,0,1.0,86.22,-73.78,4.784,7.911,1.203,0.104,1.072
histogram,fixed,combined,231,1,0,1.0,86.22,-73.78,4.816,7.907,1.177,0.107,1.055
histogram,fixed,combined,232,1,0,1.0,86.22,-73.78,4.787,7.996,1.185,0.11,1.166
histogram,fixed,combined,233,1,0,1.0,86.22,-73.78,4.759,7.959,1.195,0.104,1.151
histogram,fixed,combined,234,1,0,1.0,86.22,-73.78,4.795,8.075,1.197,0.102,1.224
histogram,fixed,combined,235,1,0,1.0,86.22,-73.78,4.77,7.871,1.196,0.105,1.051
histogram,fixed,combined,236,1,0,1.0,86.22,-73.78,4.821,7.964,1.194,0.103,1.057
histogram,fixed,combined,237,1,0,1.0,86.22,-73.78,4.781,7.867,1.189,0.107,1.049
histogram,fixed,combined,238,1,0,1.0,86.22,-73.78,4.803,7.883,1.183,0.108,1.054
histogram,fixed,combined,239,1,0,1.0,86.22,-73.78,4.787,7.966,1.18,0.109,1.137
histogram,fixed,combined,240,1,0,1.0,86.22,-73.78,4.793,7.902,1.19,0.108,1.062
histogram,fixed,combined,241,1,0,1.0,86.22,-73.78,4.787,7.903,1.195,0.106,1.062
histogram,fixed,combined,242,1,0,1.0,86.22,-73.78,4.799,7.919,1.183,0.103,1.087
histogram,fixed,combined,243,1,0,1.0,86.22,-73.78,4.783,7.89,1.197,0.103,1.057
histogram,fixed,combined,244,1,0,1.0,86.22,-73.78,4.802,8.001,1.182,0.105,1.165
histogram,fixed,combined,245,1,0,1.0,86.22,-73.78,4.787,7.898,1.181,0.104,1.074
histogram,fixed,combined,246,1,0,1.0,86.22,-73.78,4.792,7.916,1.187,0.104,1.054
histogram,fixed,combined,247,1,0,1.0,86.22,-73.78,4.834,8.009,1.181,0.102,1.145
histogram,fixed,combined,248,1,0,1.0,86.22,-73.78,4.79,7.931,1.202,0.116,1.065
histogram,fixed,combined,249,1,0,1.0,86.22,-73.78,4.785,7.915,1.199,0.109,1.065
histogram,fixed,combined,250,1,0,1.0,86.22,-73.78,4.799,7.996,1.182,0.105,1.157
histogram,fixed,combined,251,1,0,1.0,86.22,-73.78,4.796,7.896,1.179,0.104,1.067
histogram,fixed,combined,252,1,0,1.0,86.22,-73.78,4.788,7.996,1.187,0.104,1.169
histogram,fixed,combined,253,1,0,1.0,86.22,-73.78,4.767,7.962,1.189,0.104,1.15
histogram,fixed,combined,254,1,0,1.0,86.22,-73.78,4.78,8.017,1.188,0.102,1.19
histogram,fixed,combined,255,1,0,1.0,86.22,-73.78,4.794,7.909,1.194,0.11,1.059
histogram,fixed,combined,256,1,0,1.0,86.22,-73.78,4.785,7.923,1.181,0.107,1.062
histogram,fixed,combined,257,1,0,1.0,86.22,-73.78,4.908,8.088,1.176,0.108,1.151
histogram,fixed,combined,258,1,0,1.0,86.22,-73.78,4.772,7.865,1.187,0.104,1.058
histogram,fixed,combined,259,1,0,1.0,86.22,-73.78,4.762,7.971,1.204,0.101,1.154
histogram,fixed,combined,260,1,0,1.0,86.22,-73.78,4.771,7.976,1.191,0.103,1.157
histogram,fixed,combined,261,1,0,1.0,86.22,-73.78,4.777,7.97,1.203,0.103,1.127
histogram,fixed,combined,262,1,0,1.0,86.22,-73.78,4.818,7.931,1.194,0.103,1.064
histogram,fixed,combined,263,1,0,1.0,86.22,-73.78,4.805,7.986,1.189,0.103,1.144
histogram,fixed,combined,264,1,0,1.0,86.22,-73.78,4.782,7.918,1.199,0.1,1.081
histogram,fixed,combined,265,1,0,1.0,86.22,-73.78,4.778,7.906,1.2,0.101,1.063
histogram,fixed,combined,266,1,0,1.0,86.22,-73.78,4.838,7.983,1.193,0.102,1.064
histogram,fixed,combined,267,1,0,1.0,86.22,-73.78,4.81,7.908,1.187,0.104,1.056
histogram,fixed,combined,268,1,0,1.0,86.22,-73.78,4.805,8.001,1.187,0.103,1.157
histogram,fixed,combined,269,1,0,1.0,86.22,-73.78,4.783,7.901,1.207,0.101,1.057
histogram,fixed,combined,270,1,0,1.0,86.22,-73.78,4.801,8.004,1.188,0.099,1.161
histogram,fixed,combined,271,1,0,1.0,86.22,-73.78,4.783,7.898,1.187,0.102,1.069
histogram,fixed,combined,272,1,0,1.0,86.22,-73.78,4.792,7.91,1.196,0.102,1.067
histogram,fixed,combined,273,1,0,1.0,86.22,-73.78,4.796,8.007,1.194,0.103,1.156
histogram,fixed,combined,274,1,0,1.0,86.22,-73.78,4.783,7.893,1.184,0.102,1.075
histogram,fixed,combined,275,1,0,1.0,86.22,-73.78,4.796,7.984,1.195,0.104,1.137
histogram,fixed,combined,276,1,0,1.0,86.22,-73.78,4.821,7.958,1.197,0.1,1.05
histogram,fixed,combined,277,1,0,1.0,86.22,-73.78,4.813,7.924,1.196,0.102,1.052
histogram,fixed,combined,278,1,0,1.0,86.22,-73.78,4.781,7.906,1.186,0.099,1.088
histogram,fixed,combined,279,1,0,1.0,86.22,-73.78,4.807,7.927,1.205,0.103,1.057
histogram,fixed,combined,280,1,0,1.0,86.22,-73.78,4.797,7.916,1.185,0.104,1.066
histogram,fixed,combined,281,1,0,1.0,86.22,-73.78,4.794,7.984,1.197,0.101,1.135
histogram,fixed,combined,282,1,0,1.0,86.22,-73.78,4.788,7.966,1.188,0.101,1.149
histogram,fixed,combined,283,1,0,1.0,86.22,-73.78,4.823,7.959,1.207,0.106,1.07
histogram,fixed,combined,284,1,0,1.0,86.22,-73.78,4.809,8.013,1.182,0.106,1.161
histogram,fixed,combined,285,1,0,1.0,86.22,-73.78,4.779,7.988,1.206,0.103,1.14
histogram,fixed,combined,286,1,0,1.0,86.22,-73.78,4.783,8.025,1.203,0.1,1.153
histogram,fixed,combined,287,1,0,1.0,86.22,-73.78,4.782,7.971,1.199,0.102,1.137
histogram,fixed,combined,288,1,0,1.0,86.22,-73.78,4.759,7.885,1.134,0.097,1.066
histogram,fixed,combined,289,1,0,1.0,86.22,-73.78,4.772,7.979,1.211,0.099,1.134
histogram,fixed,combined,290,1,0,1.0,86.22,-73.78,4.823,8.023,1.129,0.097,1.142
histogram,fixed,combined,291,1,0,1.0,86.22,-73.78,4.775,7.95,1.131,0.099,1.139
histogram,fixed,combined,292,1,0,1.0,86.22,-73.78,4.795,8.004,1.14,0.096,1.149
histogram,fixed,combined,293,1,0,1.0,86.22,-73.78,4.789,7.988,1.145,0.1,1.147
histogram,fixed,combined,294,1,0,1.0,86.22,-73.78,4.795,7.906,1.146,0.099,1.06
histogram,fixed,combined,295,1,0,1.0,86.22,-73.78,4.774,7.882,1.141,0.096,1.061
histogram,fixed,combined,296,1,0,1.0,86.22,-73.78,4.787,7.926,1.134,0.1,1.072
histogram,fixed,combined,297,1,0,1.0,86.22,-73.78,4.775,7.98,1.137,0.098,1.156
histogram,fixed,combined,298,1,0,1.0,86.22,-73.78,4.805,7.99,1.136,0.097,1.151
histogram,fixed,combined,299,1,0,1.0,86.22,-73.78,4.776,7.975,1.135,0.099,1.149
histogram,fixed,combined,300,1,0,1.0,86.22,-73.78,4.79,7.918,1.144,0.098,1.064
histogram,fixed,combined,301,1,0,1.0,86.22,-73.78,4.894,8.092,1.132,0.098,1.151
histogram,fixed,combined,302,1,0,1.0,86.22,-73.78,4.788,7.97,1.129,0.099,1.156
histogram,fixed,combined,303,1,0,1.0,86.22,-73.78,4.778,7.982,1.147,0.104,1.149
histogram,fixed,combined,304,1,0,1.0,86.22,-73.78,4.81,7.864,1.129,0.101,1.07
histogram,fixed,combined,305,1,0,1.0,86.22,-73.78,4.912,8.048,1.143,0.103,1.144
histogram,fixed,combined,306,1,0,1.0,86.22,-73.78,4.831,7.915,1.138,0.099,1.065
histogram,fixed,combined,307,1,0,1.0,86.22,-73.78,4.778,7.892,1.136,0.102,1.071
histogram,fixed,combined,308,1,0,1.0,86.22,-73.78,4.837,7.981,1.141,0.099,1.153
histogram,fixed,combined,309,1,0,1.0,86.22,-73.78,4.742,7.789,1.145,0.099,1.059
histogram,fixed,combined,310,1,0,1.0,86.22,-73.78,4.895,8.108,1.144,0.103,1.205
histogram,fixed,combined,311,1,0,1.0,86.22,-73.78,4.867,7.893,1.125,0.098,1.048
histogram,fixed,combined,312,1,0,1.0,86.22,-73.78,4.854,7.88,1.129,0.096,1.056
histogram,fixed,combined,313,1,0,1.0,86.22,-73.78,5.684,8.812,1.139,0.098,1.132
histogram,fixed,combined,314,1,0,1.0,86.22,-73.78,4.796,8.401,1.176,0.132,1.538
histogram,fixed,combined,315,1,0,1.0,86.22,-73.78,4.829,8.071,1.142,0.099,1.256
histogram,fixed,combined,316,1,0,1.0,86.22,-73.78,4.767,8.228,1.126,0.098,1.455
histogram,fixed,combined,317,1,0,1.0,86.22,-73.78,4.844,8.142,1.137,0.101,1.318
histogram,fixed,combined,318,1,0,1.0,86.22,-73.78,4.774,8.029,1.141,0.096,1.274
histogram,fixed,combined,319,1,0,1.0,86.22,-73.78,4.823,7.939,1.147,0.149,1.079
histogram,fixed,combined,320,1,0,1.0,86.22,-73.78,4.791,7.914,1.141,0.148,1.084
histogram,fixed,combined,321,1,0,1.0,86.22,-73.78,4.78,7.88,1.13,0.152,1.075
histogram,fixed,combined,322,1,0,1.0,86.22,-73.78,4.779,7.94,1.131,0.096,1.19
histogram,fixed,combined,323,1,0,1.0,86.22,-73.78,4.789,7.978,1.148,0.099,1.194
histogram,fixed,combined,324,1,0,1.0,86.22,-73.78,4.788,7.952,1.133,0.095,1.194
histogram,fixed,combined,325,1,0,1.0,86.22,-73.78,4.787,7.966,1.142,0.149,1.138
histogram,fixed,combined,326,1,0,1.0,86.22,-73.78,4.792,7.937,1.139,0.152,1.078
histogram,fixed,combined,327,1,0,1.0,86.22,-73.78,4.773,7.969,1.141,0.151,1.152
histogram,fixed,combined,328,1,0,1.0,86.22,-73.78,4.767,7.98,1.139,0.151,1.165
histogram,fixed,combined,329,1,0,1.0,86.22,-73.78,4.773,8.004,1.21,0.104,1.152
histogram,fixed,combined,330,1,0,1.0,86.22,-73.78,4.784,7.986,1.21,0.105,1.143
histogram,fixed,combined,331,1,0,1.0,86.22,-73.78,4.775,7.98,1.197,0.102,1.154
histogram,fixed,combined,332,1,0,1.0,86.22,-73.78,4.768,7.891,1.192,0.103,1.074
histogram,fixed,combined,333,1,0,1.0,86.22,-73.78,4.86,7.961,1.199,0.105,1.053
histogram,fixed,combined,334,1,0,1.0,86.22,-73.78,4.791,7.9,1.189,0.103,1.07
histogram,fixed,combined,335,1,0,1.0,86.22,-73.78,4.795,7.91,1.201,0.106,1.054
histogram,fixed,combined,336,1,0,1.0,86.22,-73.78,4.791,7.947,1.187,0.108,1.084
histogram,fixed,combined,337,1,0,1.0,86.22,-73.78,4.774,7.86,1.193,0.104,1.046
histogram,fixed,combined,338,1,0,1.0,86.22,-73.78,4.781,7.877,1.189,0.109,1.056
histogram,fixed,combined,339,1,0,1.0,86.22,-73.78,4.807,8.01,1.149,0.106,1.151
histogram,fixed,combined,340,1,0,1.0,86.22,-73.78,4.775,7.895,1.196,0.106,1.071
histogram,fixed,combined,341,1,0,1.0,86.22,-73.78,4.773,7.981,1.194,0.11,1.153
histogram,fixed,combined,342,1,0,1.0,86.22,-73.78,4.788,7.903,1.194,0.107,1.067
histogram,fixed,combined,343,1,0,1.0,86.22,-73.78,4.765,7.872,1.185,0.106,1.064
histogram,fixed,combined,344,1,0,1.0,86.22,-73.78,4.803,7.986,1.132,0.152,1.152
histogram,fixed,combined,345,1,0,1.0,86.22,-73.78,4.764,8.061,1.211,0.106,1.226
histogram,fixed,combined,346,1,0,1.0,86.22,-73.78,4.78,8.033,1.197,0.104,1.16
histogram,fixed,combined,347,1,0,1.0,86.22,-73.78,4.823,7.941,1.208,0.106,1.05
histogram,fixed,combined,348,1,0,1.0,86.22,-73.78,4.774,7.882,1.189,0.102,1.064
histogram,fixed,combined,349,1,0,1.0,86.22,-73.78,4.77,7.954,1.192,0.102,1.137
histogram,fixed,combined,350,1,0,1.0,86.22,-73.78,4.761,7.864,1.189,0.104,1.058
histogram,fixed,combined,351,1,0,1.0,86.22,-73.78,4.783,7.991,1.205,0.104,1.154
histogram,fixed,combined,352,1,0,1.0,86.22,-73.78,4.79,7.978,1.179,0.103,1.156
histogram,fixed,combined,353,1,0,1.0,86.22,-73.78,4.753,7.88,1.191,0.1,1.074
histogram,fixed,combined,354,1,0,1.0,86.22,-73.78,4.768,7.887,1.193,0.1,1.073
histogram,fixed,combined,355,1,0,1.0,86.22,-73.78,4.755,7.861,1.184,0.103,1.068
histogram,fixed,combined,356,1,0,1.0,86.22,-73.78,4.768,7.997,1.193,0.102,1.146
histogram,fixed,combined,357,1,0,1.0,86.22,-73.78,4.75,8.236,1.219,0.168,1.349
histogram,fixed,combined,358,1,0,1.0,86.22,-73.78,4.768,7.901,1.196,0.102,1.081
histogram,fixed,combined,359,1,0,1.0,86.22,-73.78,4.776,7.896,1.197,0.11,1.067
histogram,fixed,combined,360,1,0,1.0,86.22,-73.78,4.779,7.904,1.209,0.108,1.063
histogram,fixed,combined,361,1,0,1.0,86.22,-73.78,4.821,7.998,1.182,0.105,1.138
histogram,fixed,combined,362,1,0,1.0,86.22,-73.78,4.777,8.006,1.201,0.102,1.176
histogram,fixed,combined,363,1,0,1.0,86.22,-73.78,4.747,7.863,1.19,0.104,1.068
histogram,otsu,combined,0,1,0,1.0,152.45,-7.55,5.822,9.518,1.24,0.465,1.22
histogram,otsu,combined,1,1,0,1.0,152.96,-7.04,6.979,11.492,1.277,0.607,1.692
histogram,otsu,combined,2,1,0,1.0,152.96,-7.04,14.388,21.045,1.297,0.577,3.632
histogram,otsu,combined,3,1,0,1.0,155.91,-4.09,5.501,10.474,1.924,0.683,1.273
histogram,otsu,combined,4,1,0,1.0,153.04,-6.96,6.595,10.516,1.181,0.496,1.376
histogram,otsu,combined,5,1,0,1.0,153.04,-6.96,4.879,8.947,1.359,0.612,1.236
histogram,otsu,combined,6,1,0,1.0,152.23,-7.77,4.915,8.439,1.149,0.434,1.104
histogram,otsu,combined,7,1,0,1.0,154.26,-5.74,5.063,8.52,1.146,0.437,1.096
histogram,otsu,combined,8,1,0,1.0,154.26,-5.74,4.897,8.651,1.162,0.433,1.375
histogram,otsu,combined,9,1,0,1.0,154.18,-5.82,4.992,8.578,1.138,0.436,1.244
histogram,otsu,combined,10,1,0,1.0,154.26,-5.74,4.913,8.459,1.206,0.438,1.123
histogram,otsu,combined,11,1,0,1.0,152.68,-7.32,4.897,8.55,1.201,0.441,1.199
histogram,otsu,combined,12,1,0,1.0,152.68,-7.32,4.945,8.68,1.164,0.435,1.294
histogram,otsu,combined,13,1,0,1.0,153.04,-6.96,5.013,8.475,1.137,0.437,1.112
histogram,otsu,combined,14,1,0,1.0,153.86,-6.14,4.892,8.446,1.149,0.427,1.204
histogram,otsu,combined,15,1,0,1.0,153.86,-6.14,4.925,8.499,1.155,0.428,1.225
histogram,otsu,combined,16,1,0,1.0,154.66,-5.34,5.048,8.615,1.159,0.493,1.141
histogram,otsu,combined,17,1,0,1.0,154.66,-5.34,4.874,8.409,1.206,0.442,1.105
histogram,otsu,combined,18,1,0,1.0,153.38,-6.62,4.891,8.532,1.214,0.444,1.223
histogram,otsu,combined,19,1,0,1.0,155.16,-4.84,4.931,8.457,1.152,0.435,1.1
histogram,otsu,combined,20,1,0,1.0,155.16,-4.84,4.942,8.434,1.146,0.431,1.128
histogram,otsu,combined,21,1,0,1.0,155.16,-4.84,5.2,8.824,1.163,0.451,1.072
histogram,otsu,combined,22,1,0,1.0,155.05,-4.95,4.797,8.349,1.205,0.43,1.16
histogram,otsu,combined,23,1,0,1.0,155.05,-4.95,4.78,8.299,1.207,0.469,1.082
histogram,otsu,combined,24,1,0,1.0,154.18,-5.82,4.809,8.377,1.284,0.433,1.095
histogram,otsu,combined,25,1,0,1.0,154.57,-5.43,4.824,8.472,1.209,0.429,1.258
histogram,otsu,combined,26,1,0,1.0,153.85,-6.15,4.902,9.042,1.192,0.428,1.773
histogram,otsu,combined,27,1,0,1.0,153.05,-6.95,4.892,8.622,1.218,0.425,1.239
histogram,otsu,combined,28,1,0,1.0,155.18,-4.82,5.187,10.208,1.151,0.423,2.684
histogram,otsu,combined,29,1,0,1.0,153.33,-6.67,5.322,9.141,1.189,0.453,1.326
histogram,otsu,combined,30,1,0,1.0,153.11,-6.89,5.101,8.904,1.17,0.445,1.425
histogram,otsu,combined,31,1,0,1.0,153.81,-6.19,5.323,8.681,1.164,0.457,0.901
histogram,otsu,combined,32,1,0,1.0,153.81,-6.19,5.374,9.204,1.237,0.464,1.33
histogram,otsu,combined,33,1,0,1.0,152.23,-7.77,5.381,9.072,1.184,0.469,1.145
histogram,otsu,combined,34,1,0,1.0,153.74,-6.26,5.254,9.015,1.196,0.465,1.305
histogram,otsu,combined,35,1,0,1.0,153.74,-6.26,5.226,9.047,1.169,0.533,1.324
histogram,otsu,combined,36,1,0,1.0,155.09,-4.91,5.164,9.364,1.261,0.506,1.678
histogram,otsu,combined,37,1,0,1.0,154.38,-5.62,5.18,8.852,1.207,0.451,1.158
histogram,otsu,combined,38,1,0,1.0,154.38,-5.62,4.956,8.894,1.33,0.464,1.35
histogram,otsu,combined,39,1,0,1.0,154.33,-5.67,4.896,8.518,1.171,0.466,1.201
histogram,otsu,combined,40,1,0,1.0,153.85,-6.15,4.794,8.256,1.193,0.429,1.077
histogram,otsu,combined,41,1,0,1.0,153.85,-6.15,4.863,9.216,1.289,0.457,1.722
histogram,otsu,combined,42,1,0,1.0,153.85,-6.15,4.915,8.301,1.137,0.423,1.077
histogram,otsu,combined,43,1,0,1.0,154.52,-5.48,4.822,8.279,1.139,0.421,1.145
histogram,otsu,combined,44,1,0,1.0,154.52,-5.48,4.836,8.392,1.145,0.423,1.243
histogram,otsu,combined,45,1,0,1.0,154.52,-5.48,4.804,8.315,1.128,0.427,1.197
histogram,otsu,combined,46,1,0,1.0,154.78,-5.22,4.767,8.275,1.141,0.474,1.155
histogram,otsu,combined,47,1,0,1.0,154.78,-5.22,4.786,8.232,1.19,0.426,1.08
histogram,otsu,combined,48,1,0,1.0,153.43,-6.57,4.769,8.225,1.186,0.428,1.09
histogram,otsu,combined,49,1,0,1.0,153.52,-6.48,4.761,8.173,1.179,0.43,1.057
histogram,otsu,combined,50,1,0,1.0,152.74,-7.26,4.783,8.443,1.334,0.431,1.155
histogram,otsu,combined,51,1,0,1.0,152.74,-7.26,4.823,8.315,1.142,0.428,1.069
histogram,otsu,combined,52,1,0,1.0,155.97,-4.03,4.758,8.144,1.138,0.421,1.078
histogram,otsu,combined,53,1,0,1.0,154.67,-5.33,4.929,8.326,1.131,0.427,1.084
histogram,otsu,combined,54,1,0,1.0,154.67,-5.33,4.772,8.238,1.138,0.425,1.093
histogram,otsu,combined,55,1,0,1.0,155.07,-4.93,4.764,8.218,1.139,0.427,1.137
histogram,otsu,combined,56,1,0,1.0,155.07,-4.93,4.77,8.246,1.142,0.425,1.163
histogram,otsu,combined,57,1,0,1.0,152.67,-7.33,4.782,8.294,1.138,0.419,1.213
histogram,otsu,combined,58,1,0,1.0,154.29,-5.71,4.797,8.32,1.139,0.473,1.16
histogram,otsu,combined,59,1,0,1.0,154.71,-5.29,4.789,8.318,1.185,0.427,1.161
histogram,otsu,combined,60,1,0,1.0,154.71,-5.29,4.76,8.162,1.177,0.427,1.073
histogram,otsu,combined,61,1,0,1.0,155.15,-4.85,4.778,8.42,1.345,0.432,1.088
histogram,otsu,combined,62,1,0,1.0,155.15,-4.85,4.723,8.19,1.152,0.424,1.081
histogram,otsu,combined,63,1,0,1.0,155.15,-4.85,4.739,8.194,1.147,0.433,1.068
histogram,otsu,combined,64,1,0,1.0,154.7,-5.3,4.848,8.254,1.151,0.424,1.068
histogram,otsu,combined,65,1,0,1.0,156.01,-3.99,4.787,8.165,1.125,0.426,1.075
histogram,otsu,combined,66,1,0,1.0,153.01,-6.99,5.298,9.145,1.17,0.47,1.45
histogram,otsu,combined,67,1,0,1.0,153.02,-6.98,4.912,8.56,1.141,0.436,1.286
histogram,otsu,combined,68,1,0,1.0,155.22,-4.78,4.891,8.534,1.223,0.442,1.204
histogram,otsu,combined,69,1,0,1.0,155.22,-4.78,4.846,8.46,1.199,0.437,1.193
histogram,otsu,combined,70,1,0,1.0,155.05,-4.95,4.931,8.489,1.156,0.435,1.135
histogram,otsu,combined,71,1,0,1.0,155.05,-4.95,4.948,8.528,1.14,0.437,1.19
histogram,otsu,combined,72,1,0,1.0,154.79,-5.21,4.881,8.522,1.144,0.434,1.292
histogram,otsu,combined,73,1,0,1.0,154.86,-5.14,4.902,8.483,1.146,0.431,1.237
histogram,otsu,combined,74,1,0,1.0,155.01,-4.99,4.906,8.48,1.151,0.428,1.222
histogram,otsu,combined,75,1,0,1.0,155.01,-4.99,4.936,8.466,1.213,0.443,1.1
histogram,otsu,combined,76,1,0,1.0,155.71,-4.29,4.857,8.373,1.206,0.438,1.11
histogram,otsu,combined,77,1,0,1.0,155.71,-4.29,4.867,8.379,1.204,0.434,1.096
histogram,otsu,combined,78,1,0,1.0,154.69,-5.31,4.952,8.594,1.166,0.434,1.201
histogram,otsu,combined,79,1,0,1.0,154.37,-5.63,5.073,8.525,1.14,0.432,1.1
histogram,otsu,combined,80,1,0,1.0,154.37,-5.63,4.918,8.495,1.156,0.433,1.223
histogram,otsu,combined,81,1,0,1.0,154.37,-5.63,4.938,8.599,1.15,0.435,1.267
histogram,otsu,combined,82,1,0,1.0,153.39,-6.61,5.118,8.658,1.212,0.441,1.111
histogram,otsu,combined,83,1,0,1.0,155.64,-4.36,4.77,8.205,1.194,0.429,1.059
histogram,otsu,combined,84,1,0,1.0,155.64,-4.36,4.853,8.305,1.208,0.427,1.063
histogram,otsu,combined,85,1,0,1.0,155.24,-4.76,4.728,8.205,1.145,0.426,1.079
histogram,otsu,combined,86,1,0,1.0,155.24,-4.76,4.8,8.385,1.153,0.44,1.186
histogram,otsu,combined,87,1,0,1.0,154.08,-5.92,4.814,8.278,1.133,0.427,1.15
histogram,otsu,combined,88,1,0,1.0,155.21,-4.79,4.767,8.226,1.149,0.423,1.075
histogram,otsu,combined,89,1,0,1.0,152.61,-7.39,4.704,8.141,1.128,0.425,1.126
histogram,otsu,combined,90,1,0,1.0,154.41,-5.59,4.803,8.269,1.142,0.423,1.159
histogram,otsu,combined,91,1,0,1.0,155.31,-4.69,4.793,8.285,1.127,0.424,1.162
histogram,otsu,combined,92,1,0,1.0,154.43,-5.57,4.777,8.233,1.152,0.471,1.082
histogram,otsu,combined,93,1,0,1.0,154.43,-5.57,4.797,8.252,1.136,0.474,1.092
histogram,otsu,combined,94,1,0,1.0,154.32,-5.68,4.812,8.267,1.198,0.424,1.083
histogram,otsu,combined,95,1,0,1.0,154.77,-5.23,4.776,8.301,1.19,0.43,1.155
histogram,otsu,combined,96,1,0,1.0,154.77,-5.23,4.765,8.21,1.189,0.429,1.067
histogram,otsu,combined,97,1,0,1.0,155.18,-4.82,4.757,8.207,1.137,0.421,1.088
histogram,otsu,combined,98,1,0,1.0,155.18,-4.82,4.831,8.284,1.145,0.424,1.07
histogram,otsu,combined,99,1,0,1.0,154.23,-5.77,4.883,8.266,1.126,0.423,1.076
histogram,otsu,combined,100,1,0,1.0,154.48,-5.52,4.881,8.28,1.151,0.422,1.075
histogram,otsu,combined,101,1,0,1.0,154.48,-5.52,4.798,8.271,1.141,0.423,1.117
histogram,otsu,combined,102,1,0,1.0,153.88,-6.12,4.775,8.256,1.135,0.426,1.17
histogram,otsu,combined,103,1,0,1.0,154.36,-5.64,4.744,8.289,1.134,0.422,1.245
histogram,otsu,combined,104,1,0,1.0,154.36,-5.64,4.743,8.283,1.147,0.423,1.221
histogram,otsu,combined,105,1,0,1.0,154.7,-5.3,4.766,8.283,1.137,0.472,1.149
histogram,otsu,combined,106,1,0,1.0,152.64,-7.36,4.773,8.295,1.203,0.427,1.152
histogram,otsu,combined,107,1,0,1.0,154.85,-5.15,4.802,8.234,1.186,0.428,1.062
histogram,otsu,combined,108,1,0,1.0,154.85,-5.15,4.763,8.296,1.199,0.43,1.15
histogram,otsu,combined,109,1,0,1.0,154.81,-5.19,4.817,8.344,1.13,0.424,1.169
histogram,otsu,combined,110,1,0,1.0,154.0,-6.0,5.196,8.684,1.166,0.424,1.153
histogram,otsu,combined,111,1,0,1.0,154.0,-6.0,4.781,8.256,1.137,0.425,1.048
histogram,otsu,combined,112,1,0,1.0,154.37,-5.63,4.779,8.353,1.146,0.426,1.253
histogram,otsu,combined,113,1,0,1.0,152.88,-7.12,4.682,8.237,1.134,0.422,1.251
histogram,otsu,combined,114,1,0,1.0,152.88,-7.12,4.667,8.112,1.151,0.425,1.118
histogram,otsu,combined,115,1,0,1.0,152.0,-8.0,4.816,8.436,1.155,0.478,1.225
histogram,otsu,combined,116,1,0,1.0,152.0,-8.0,4.798,8.319,1.187,0.429,1.162
histogram,otsu,combined,117,1,0,1.0,152.58,-7.42,4.685,8.114,1.178,0.433,1.061
histogram,otsu,combined,118,1,0,1.0,155.61,-4.39,4.72,8.246,1.201,0.424,1.157
histogram,otsu,combined,119,1,0,1.0,155.61,-4.39,4.72,8.161,1.186,0.426,1.071
histogram,otsu,combined,120,1,0,1.0,154.84,-5.16,4.774,8.241,1.148,0.425,1.087
histogram,otsu,combined,121,1,0,1.0,151.27,-8.73,4.843,8.399,1.136,0.427,1.143
histogram,otsu,combined,122,1,0,1.0,151.27,-8.73,4.88,8.357,1.143,0.423,1.152
histogram,otsu,combined,123,1,0,1.0,152.93,-7.07,4.827,8.368,1.134,0.428,1.215
histogram,otsu,combined,124,1,0,1.0,153.59,-6.41,4.777,8.343,1.141,0.424,1.251
histogram,otsu,combined,125,1,0,1.0,153.59,-6.41,4.799,8.346,1.147,0.42,1.237
histogram,otsu,combined,126,1,0,1.0,156.58,-3.42,4.665,8.121,1.148,0.471,1.084
histogram,otsu,combined,127,1,0,1.0,154.93,-5.07,4.748,8.269,1.13,0.474,1.161
histogram,otsu,combined,128,1,0,1.0,154.93,-5.07,4.765,8.214,1.198,0.425,1.076
histogram,otsu,combined,129,1,0,1.0,152.67,-7.33,4.775,8.22,1.189,0.429,1.065
histogram,otsu,combined,130,1,0,1.0,154.83,-5.17,4.755,8.22,1.193,0.427,1.092
histogram,otsu,combined,131,1,0,1.0,154.83,-5.17,4.765,8.418,1.199,0.431,1.226
histogram,otsu,combined,132,1,0,1.0,154.83,-5.17,4.842,8.302,1.141,0.423,1.095
histogram,otsu,combined,133,1,0,1.0,154.91,-5.09,4.848,8.228,1.141,0.425,1.06
histogram,otsu,combined,134,1,0,1.0,154.91,-5.09,4.773,8.317,1.137,0.427,1.171
histogram,otsu,combined,135,1,0,1.0,156.15,-3.85,4.718,8.186,1.143,0.426,1.148
histogram,otsu,combined,136,1,0,1.0,152.51,-7.49,4.771,8.283,1.134,0.423,1.184
histogram,otsu,combined,137,1,0,1.0,152.51,-7.49,4.741,8.279,1.133,0.426,1.228
histogram,otsu,combined,138,1,0,1.0,154.09,-5.91,4.708,8.174,1.156,0.47,1.085
histogram,otsu,combined,139,1,0,1.0,154.51,-5.49,4.809,8.247,1.126,0.484,1.071
histogram,otsu,combined,140,1,0,1.0,154.51,-5.49,4.785,8.221,1.194,0.429,1.072
histogram,otsu,combined,141,1,0,1.0,155.47,-4.53,4.761,8.322,1.183,0.433,1.157
histogram,otsu,combined,142,1,0,1.0,154.67,-5.33,4.753,8.188,1.194,0.428,1.057
histogram,otsu,combined,143,1,0,1.0,154.67,-5.33,4.785,8.313,1.2,0.426,1.152
histogram,otsu,combined,144,1,0,1.0,154.22,-5.78,4.897,8.358,1.145,0.425,1.072
histogram,otsu,combined,145,1,0,1.0,152.95,-7.05,4.914,8.27,1.129,0.423,1.047
histogram,otsu,combined,146,1,0,1.0,152.95,-7.05,4.857,8.326,1.137,0.421,1.158
histogram,otsu,combined,147,1,0,1.0,154.67,-5.33,4.797,8.348,1.138,0.427,1.233
histogram,otsu,combined,148,1,0,1.0,151.62,-8.38,4.784,8.264,1.138,0.424,1.173
histogram,otsu,combined,149,1,0,1.0,151.62,-8.38,4.816,8.231,1.132,0.423,1.118
histogram,otsu,combined,150,1,0,1.0,153.31,-6.69,4.818,8.352,1.141,0.47,1.171
histogram,otsu,combined,151,1,0,1.0,153.9,-6.1,4.789,8.286,1.195,0.431,1.063
histogram,otsu,combined,152,1,0,1.0,155.58,-4.42,4.714,8.173,1.184,0.429,1.077
histogram,otsu,combined,153,1,0,1.0,155.58,-4.42,4.751,8.21,1.192,0.424,1.091
histogram,otsu,combined,154,1,0,1.0,153.32,-6.68,4.788,8.318,1.204,0.428,1.146
histogram,otsu,combined,155,1,0,1.0,154.92,-5.08,4.799,8.242,1.133,0.425,1.073
histogram,otsu,combined,156,1,0,1.0,154.92,-5.08,4.853,8.375,1.137,0.419,1.156
histogram,otsu,combined,157,1,0,1.0,153.02,-6.98,4.862,8.336,1.139,0.424,1.159
histogram,otsu,combined,158,1,0,1.0,153.02,-6.98,4.774,8.321,1.15,0.428,1.216
histogram,otsu,combined,159,1,0,1.0,152.47,-7.53,4.764,8.221,1.138,0.424,1.141
histogram,otsu,combined,160,1,0,1.0,153.87,-6.13,4.796,8.381,1.134,0.446,1.256
histogram,otsu,combined,161,1,0,1.0,153.87,-6.13,4.817,8.318,1.176,0.466,1.062
histogram,otsu,combined,162,1,0,1.0,152.19,-7.81,4.77,8.292,1.146,0.472,1.157
histogram,otsu,combined,163,1,0,1.0,153.1,-6.9,4.822,8.329,1.183,0.428,1.146
histogram,otsu,combined,164,1,0,1.0,154.47,-5.53,4.783,8.301,1.191,0.428,1.15
histogram,otsu,combined,165,1,0,1.0,154.47,-5.53,4.811,8.259,1.2,0.43,1.065
histogram,otsu,combined,166,1,0,1.0,152.53,-7.47,4.763,8.232,1.156,0.423,1.07
histogram,otsu,combined,167,1,0,1.0,152.53,-7.47,4.842,8.221,1.132,0.425,1.061
histogram,otsu,combined,168,1,0,1.0,152.53,-7.47,4.863,8.255,1.145,0.425,1.073
histogram,otsu,combined,169,1,0,1.0,153.8,-6.2,4.83,8.286,1.151,0.425,1.063
histogram,otsu,combined,170,1,0,1.0,153.8,-6.2,4.794,8.257,1.148,0.425,1.136
histogram,otsu,combined,171,1,0,1.0,154.55,-5.45,4.96,8.457,1.143,0.423,1.147
histogram,otsu,combined,172,1,0,1.0,154.6,-5.4,4.77,8.205,1.143,0.423,1.114
histogram,otsu,combined,173,1,0,1.0,152.19,-7.81,4.782,8.216,1.139,0.472,1.067
histogram,otsu,combined,174,1,0,1.0,152.19,-7.81,4.751,8.194,1.197,0.428,1.071
histogram,otsu,combined,175,1,0,1.0,154.74,-5.26,4.808,8.331,1.183,0.427,1.168
histogram,otsu,combined,176,1,0,1.0,154.74,-5.26,4.801,8.344,1.202,0.428,1.159
histogram,otsu,combined,177,1,0,1.0,153.69,-6.31,4.815,8.332,1.146,0.423,1.136
histogram,otsu,combined,178,1,0,1.0,155.4,-4.6,4.793,8.255,1.157,0.417,1.086
histogram,otsu,combined,179,1,0,1.0,155.4,-4.6,4.827,8.204,1.137,0.423,1.069
histogram,otsu,combined,180,1,0,1.0,153.82,-6.18,4.884,8.267,1.138,0.42,1.074
histogram,otsu,combined,181,1,0,1.0,155.9,-4.1,4.706,8.296,1.144,0.424,1.237
histogram,otsu,combined,182,1,0,1.0,154.12,-5.88,4.835,8.433,1.136,0.425,1.284
histogram,otsu,combined,183,1,0,1.0,154.12,-5.88,4.805,8.294,1.142,0.428,1.165
histogram,otsu,combined,184,1,0,1.0,152.54,-7.46,4.786,8.248,1.155,0.472,1.084
histogram,otsu,combined,185,1,0,1.0,152.54,-7.46,4.917,11.438,1.185,0.43,4.166
histogram,otsu,combined,186,1,0,1.0,153.04,-6.96,4.902,8.461,1.16,0.499,1.125
histogram,otsu,combined,187,1,0,1.0,155.1,-4.9,4.951,8.472,1.199,0.439,1.11
histogram,otsu,combined,188,1,0,1.0,154.01,-5.99,4.826,8.586,1.344,0.442,1.209
histogram,otsu,combined,189,1,0,1.0,154.01,-5.99,4.902,8.634,1.158,0.441,1.269
histogram,otsu,combined,190,1,0,1.0,152.53,-7.47,4.944,8.553,1.15,0.433,1.255
histogram,otsu,combined,191,1,0,1.0,152.53,-7.47,4.896,8.565,1.154,0.434,1.275
histogram,otsu,combined,192,1,0,1.0,151.67,-8.33,4.903,8.568,1.165,0.434,1.304
histogram,otsu,combined,193,1,0,1.0,155.08,-4.92,4.883,8.437,1.159,0.485,1.134
histogram,otsu,combined,194,1,0,1.0,153.94,-6.06,4.904,8.476,1.224,0.446,1.133
histogram,otsu,combined,195,1,0,1.0,153.94,-6.06,4.901,8.541,1.215,0.439,1.212
histogram,otsu,combined,196,1,0,1.0,153.89,-6.11,4.981,8.562,1.162,0.434,1.137
histogram,otsu,combined,197,1,0,1.0,153.89,-6.11,4.946,8.556,1.14,0.432,1.19
histogram,otsu,combined,198,1,0,1.0,152.5,-7.5,4.879,8.501,1.148,0.438,1.27
histogram,otsu,combined,199,1,0,1.0,155.12,-4.88,4.88,8.441,1.157,0.438,1.166
histogram,otsu,combined,200,1,0,1.0,155.12,-4.88,4.865,8.429,1.16,0.485,1.132
histogram,otsu,combined,201,1,0,1.0,155.12,-4.88,4.774,8.582,1.214,0.449,1.358
histogram,otsu,combined,202,1,0,1.0,154.23,-5.77,4.843,8.31,1.202,0.43,1.082
histogram,otsu,combined,203,1,0,1.0,152.58,-7.42,4.879,8.418,1.135,0.424,1.155
histogram,otsu,combined,204,1,0,1.0,152.58,-7.42,4.955,8.44,1.143,0.427,1.169
histogram,otsu,combined,205,1,0,1.0,151.77,-8.23,4.713,8.166,1.133,0.428,1.067
histogram,otsu,combined,206,1,0,1.0,151.77,-8.23,4.676,8.218,1.134,0.423,1.244
histogram,otsu,combined,207,1,0,1.0,153.77,-6.23,4.773,8.221,1.128,0.424,1.143
histogram,otsu,combined,208,1,0,1.0,152.18,-7.82,4.772,8.239,1.147,0.42,1.154
histogram,otsu,combined,209,1,0,1.0,152.71,-7.29,4.782,8.218,1.14,0.422,1.118
histogram,otsu,combined,210,1,0,1.0,151.74,-8.26,4.746,8.181,1.156,0.472,1.067
histogram,otsu,combined,211,1,0,1.0,152.66,-7.34,4.766,8.321,1.14,0.478,1.148
histogram,otsu,combined,212,1,0,1.0,150.96,-9.04,4.677,8.115,1.19,0.428,1.078
histogram,otsu,combined,213,1,0,1.0,150.96,-9.04,4.715,8.231,1.186,0.428,1.152
histogram,otsu,combined,214,1,0,1.0,153.86,-6.14,4.786,8.324,1.198,0.428,1.161
histogram,otsu,combined,215,1,0,1.0,153.86,-6.14,4.796,8.236,1.141,0.423,1.058
histogram,otsu,combined,216,1,0,1.0,153.11,-6.89,4.886,8.439,1.151,0.424,1.167
histogram,otsu,combined,217,1,0,1.0,153.42,-6.58,4.905,8.287,1.13,0.424,1.073
histogram,otsu,combined,218,1,0,1.0,154.58,-5.42,5.037,8.484,1.134,0.423,1.071
histogram,otsu,combined,219,1,0,1.0,152.6,-7.4,4.798,8.276,1.141,0.426,1.158
histogram,otsu,combined,220,1,0,1.0,153.83,-6.17,4.786,8.399,1.144,0.427,1.282
histogram,otsu,combined,221,1,0,1.0,153.36,-6.64,4.805,8.289,1.13,0.475,1.101
histogram,otsu,combined,222,1,0,1.0,153.36,-6.64,4.774,8.243,1.205,0.43,1.091
histogram,otsu,combined,223,1,0,1.0,152.16,-7.84,4.839,8.343,1.183,0.43,1.137
histogram,otsu,combined,224,1,0,1.0,153.37,-6.63,4.8,8.337,1.201,0.427,1.156
histogram,otsu,combined,225,1,0,1.0,153.37,-6.63,4.794,8.231,1.141,0.425,1.064
histogram,otsu,combined,226,1,0,1.0,154.73,-5.27,4.841,8.378,1.15,0.424,1.152
histogram,otsu,combined,227,1,0,1.0,154.73,-5.27,4.857,8.231,1.14,0.425,1.054
histogram,otsu,combined,228,1,0,1.0,151.97,-8.03,4.735,8.262,1.132,0.425,1.16
histogram,otsu,combined,229,1,0,1.0,151.81,-8.19,4.751,8.285,1.136,0.419,1.232
histogram,otsu,combined,230,1,0,1.0,151.81,-8.19,4.72,8.287,1.141,0.423,1.257
histogram,otsu,combined,231,1,0,1.0,152.23,-7.77,4.681,8.171,1.141,0.424,1.136
histogram,otsu,combined,232,1,0,1.0,153.82,-6.18,4.778,8.62,1.155,0.421,1.497
histogram,otsu,combined,233,1,0,1.0,153.82,-6.18,4.802,8.249,1.198,0.428,1.074
histogram,otsu,combined,234,1,0,1.0,153.82,-6.18,4.859,8.37,1.185,0.428,1.149
histogram,otsu,combined,235,1,0,1.0,152.66,-7.34,4.794,8.22,1.179,0.429,1.06
histogram,otsu,combined,236,1,0,1.0,152.66,-7.34,4.826,8.286,1.146,0.427,1.064
histogram,otsu,combined,237,1,0,1.0,153.66,-6.34,4.901,8.442,1.135,0.425,1.162
histogram,otsu,combined,238,1,0,1.0,153.31,-6.69,4.884,8.292,1.149,0.427,1.08
histogram,otsu,combined,239,1,0,1.0,152.17,-7.83,4.812,8.243,1.128,0.425,1.073
histogram,otsu,combined,240,1,0,1.0,152.98,-7.02,4.772,8.241,1.142,0.422,1.152
histogram,otsu,combined,241,1,0,1.0,153.76,-6.24,4.831,8.339,1.13,0.423,1.156
histogram,otsu,combined,242,1,0,1.0,153.76,-6.24,4.783,8.203,1.136,0.425,1.112
histogram,otsu,combined,243,1,0,1.0,153.76,-6.24,4.806,8.24,1.136,0.473,1.082
histogram,otsu,combined,244,1,0,1.0,155.58,-4.42,4.706,8.153,1.183,0.429,1.079
histogram,otsu,combined,245,1,0,1.0,155.58,-4.42,4.748,8.292,1.206,0.431,1.154
histogram,otsu,combined,246,1,0,1.0,152.91,-7.09,4.794,8.333,1.2,0.428,1.162
histogram,otsu,combined,247,1,0,1.0,154.7,-5.3,4.844,8.904,1.207,0.429,1.658
histogram,otsu,combined,248,1,0,1.0,153.72,-6.28,4.858,8.329,1.145,0.425,1.146
histogram,otsu,combined,249,1,0,1.0,153.72,-6.28,4.805,8.357,1.137,0.426,1.161
histogram,otsu,combined,250,1,0,1.0,153.83,-6.17,4.838,8.309,1.15,0.42,1.152
histogram,otsu,combined,251,1,0,1.0,153.83,-6.17,4.782,8.368,1.137,0.424,1.238
histogram,otsu,combined,252,1,0,1.0,156.35,-3.65,4.686,8.221,1.15,0.467,1.167
histogram,otsu,combined,253,1,0,1.0,154.35,-5.65,4.799,8.334,1.139,0.477,1.161
histogram,otsu,combined,254,1,0,1.0,154.35,-5.65,4.784,8.33,1.203,0.43,1.162
histogram,otsu,combined,255,1,0,1.0,152.49,-7.51,4.83,8.347,1.188,0.43,1.144
histogram,otsu,combined,256,1,0,1.0,156.0,-4.0,4.697,8.237,1.202,0.426,1.161
histogram,otsu,combined,257,1,0,1.0,156.0,-4.0,4.73,8.315,1.14,0.424,1.14
histogram,otsu,combined,258,1,0,1.0,151.85,-8.15,4.909,8.372,1.148,0.425,1.133
histogram,otsu,combined,259,1,0,1.0,152.56,-7.44,4.882,8.247,1.139,0.424,1.053
histogram,otsu,combined,260,1,0,1.0,152.56,-7.44,4.795,8.355,1.154,0.421,1.237
histogram,otsu,combined,261,1,0,1.0,155.12,-4.88,4.756,8.241,1.134,0.426,1.144
histogram,otsu,combined,262,1,0,1.0,155.56,-4.44,4.706,8.165,1.149,0.424,1.135
histogram,otsu,combined,263,1,0,1.0,155.56,-4.44,4.754,8.267,1.146,0.423,1.197
histogram,otsu,combined,264,1,0,1.0,154.73,-5.27,4.754,8.316,1.137,0.488,1.184
histogram,otsu,combined,265,1,0,1.0,155.08,-4.92,4.785,8.236,1.193,0.431,1.075
histogram,otsu,combined,266,1,0,1.0,155.08,-4.92,4.749,8.199,1.194,0.424,1.087
histogram,otsu,combined,267,1,0,1.0,153.12,-6.88,4.823,8.292,1.195,0.431,1.081
histogram,otsu,combined,268,1,0,1.0,152.52,-7.48,4.77,8.326,1.219,0.427,1.156
histogram,otsu,combined,269,1,0,1.0,151.79,-8.21,4.782,8.235,1.139,0.424,1.068
histogram,otsu,combined,270,1,0,1.0,151.79,-8.21,4.786,8.237,1.141,0.421,1.148
histogram,otsu,combined,271,1,0,1.0,152.2,-7.8,4.868,8.301,1.142,0.422,1.081
histogram,otsu,combined,272,1,0,1.0,154.62,-5.38,4.768,8.231,1.134,0.426,1.087
histogram,otsu,combined,273,1,0,1.0,154.62,-5.38,4.786,8.257,1.137,0.422,1.162
histogram,otsu,combined,274,1,0,1.0,152.22,-7.78,4.753,8.244,1.15,0.425,1.167
histogram,otsu,combined,275,1,0,1.0,152.22,-7.78,4.764,8.368,1.136,0.427,1.285
histogram,otsu,combined,276,1,0,1.0,153.9,-6.1,4.745,8.276,1.153,0.47,1.153
histogram,otsu,combined,277,1,0,1.0,152.6,-7.4,4.735,8.275,1.189,0.425,1.172
histogram,otsu,combined,278,1,0,1.0,153.81,-6.19,4.796,8.337,1.191,0.43,1.165
histogram,otsu,combined,279,1,0,1.0,153.81,-6.19,4.841,8.299,1.195,0.429,1.091
histogram,otsu,combined,280,1,0,1.0,154.75,-5.25,4.754,8.303,1.153,0.425,1.16
histogram,otsu,combined,281,1,0,1.0,154.75,-5.25,4.896,8.412,1.148,0.422,1.154
histogram,otsu,combined,282,1,0,1.0,153.77,-6.23,4.895,8.271,1.136,0.425,1.065
histogram,otsu,combined,283,1,0,1.0,152.6,-7.4,4.809,8.268,1.142,0.424,1.144
histogram,otsu,combined,284,1,0,1.0,152.6,-7.4,4.786,8.275,1.145,0.421,1.178
histogram,otsu,combined,285,1,0,1.0,155.68,-4.32,4.705,8.256,1.134,0.43,1.236
histogram,otsu,combined,286,1,0,1.0,154.38,-5.62,4.781,8.226,1.148,0.425,1.133
histogram,otsu,combined,287,1,0,1.0,153.87,-6.13,4.798,8.252,1.149,0.474,1.077
histogram,otsu,combined,288,1,0,1.0,153.87,-6.13,4.784,8.237,1.182,0.428,1.083
histogram,otsu,combined,289,1,0,1.0,155.62,-4.38,4.824,8.263,1.19,0.428,1.066
histogram,otsu,combined,290,1,0,1.0,155.62,-4.38,4.732,8.187,1.205,0.43,1.064
histogram,otsu,combined,291,1,0,1.0,153.46,-6.54,4.797,8.365,1.203,0.43,1.143
histogram,otsu,combined,292,1,0,1.0,154.79,-5.21,4.821,8.275,1.141,0.426,1.067
histogram,otsu,combined,293,1,0,1.0,152.71,-7.29,4.857,8.335,1.137,0.423,1.161
histogram,otsu,combined,294,1,0,1.0,152.71,-7.29,4.851,8.235,1.145,0.425,1.064
histogram,otsu,combined,295,1,0,1.0,154.79,-5.21,4.793,8.229,1.13,0.424,1.125
histogram,otsu,combined,296,1,0,1.0,154.79,-5.21,4.771,8.245,1.144,0.423,1.154
histogram,otsu,combined,297,1,0,1.0,155.29,-4.71,4.784,8.257,1.142,0.424,1.151
histogram,otsu,combined,298,1,0,1.0,153.52,-6.48,4.781,8.263,1.152,0.441,1.14
histogram,otsu,combined,299,1,0,1.0,155.11,-4.89,4.767,8.213,1.144,0.472,1.086
histogram,otsu,combined,300,1,0,1.0,155.25,-4.75,4.79,8.235,1.182,0.425,1.086
histogram,otsu,combined,301,1,0,1.0,155.24,-4.76,4.807,8.358,1.188,0.427,1.15
histogram,otsu,combined,302,1,0,1.0,155.24,-4.76,4.746,8.283,1.195,0.429,1.158
histogram,otsu,combined,303,1,0,1.0,152.67,-7.33,4.683,8.13,1.209,0.427,1.059
histogram,otsu,combined,304,1,0,1.0,155.29,-4.71,5.662,9.486,1.151,0.464,1.35
histogram,otsu,combined,305,1,0,1.0,155.29,-4.71,4.765,8.258,1.133,0.426,1.169
histogram,otsu,combined,306,1,0,1.0,153.93,-6.07,4.798,8.378,1.152,0.423,1.257
histogram,otsu,combined,307,1,0,1.0,155.18,-4.82,4.766,8.204,1.131,0.472,1.083
histogram,otsu,combined,308,1,0,1.0,155.18,-4.82,4.892,8.449,1.143,0.474,1.161
histogram,otsu,combined,309,1,0,1.0,152.37,-7.63,4.695,8.213,1.175,0.43,1.162
histogram,otsu,combined,310,1,0,1.0,154.25,-5.75,4.787,8.31,1.188,0.427,1.162
histogram,otsu,combined,311,1,0,1.0,154.25,-5.75,4.774,8.246,1.203,0.421,1.068
histogram,otsu,combined,312,1,0,1.0,153.97,-6.03,4.755,8.226,1.153,0.427,1.085
histogram,otsu,combined,313,1,0,1.0,153.55,-6.45,4.858,8.252,1.13,0.424,1.08
histogram,otsu,combined,314,1,0,1.0,153.55,-6.45,4.84,8.225,1.138,0.425,1.081
histogram,otsu,combined,315,1,0,1.0,153.46,-6.54,4.734,8.263,1.136,0.425,1.157
histogram,otsu,combined,316,1,0,1.0,155.23,-4.77,4.734,8.276,1.147,0.423,1.225
histogram,otsu,combined,317,1,0,1.0,155.23,-4.77,4.743,8.198,1.14,0.425,1.148
histogram,otsu,combined,318,1,0,1.0,155.09,-4.91,4.743,8.288,1.158,0.424,1.223
histogram,otsu,combined,319,1,0,1.0,152.81,-7.19,4.672,8.101,1.133,0.47,1.072
histogram,otsu,combined,320,1,0,1.0,154.52,-5.48,4.762,8.292,1.152,0.473,1.16
histogram,otsu,combined,321,1,0,1.0,154.52,-5.48,4.754,8.317,1.186,0.429,1.156
histogram,otsu,combined,322,1,0,1.0,154.7,-5.3,4.796,8.232,1.188,0.428,1.074
histogram,otsu,combined,323,1,0,1.0,154.7,-5.3,4.857,8.296,1.194,0.423,1.073
histogram,otsu,combined,324,1,0,1.0,154.23,-5.77,4.783,8.311,1.138,0.426,1.153
histogram,otsu,combined,325,1,0,1.0,153.77,-6.23,4.843,8.366,1.133,0.426,1.149
histogram,otsu,combined,326,1,0,1.0,153.87,-6.13,4.87,8.228,1.13,0.422,1.062
histogram,otsu,combined,327,1,0,1.0,152.74,-7.26,4.778,8.22,1.14,0.424,1.051
histogram,otsu,combined,328,1,0,1.0,155.1,-4.9,4.777,8.223,1.134,0.423,1.138
histogram,otsu,combined,329,1,0,1.0,154.38,-5.62,4.774,8.351,1.142,0.425,1.252
histogram,otsu,combined,330,1,0,1.0,153.43,-6.57,4.785,8.315,1.145,0.424,1.211
histogram,otsu,combined,331,1,0,1.0,154.77,-5.23,4.783,8.264,1.143,0.471,1.083
histogram,otsu,combined,332,1,0,1.0,153.89,-6.11,4.778,8.229,1.197,0.428,1.067
histogram,otsu,combined,333,1,0,1.0,153.89,-6.11,4.798,8.224,1.185,0.429,1.062
histogram,otsu,combined,334,1,0,1.0,153.41,-6.59,4.787,8.247,1.199,0.422,1.086
histogram,otsu,combined,335,1,0,1.0,156.18,-3.82,4.711,8.235,1.181,0.428,1.163
histogram,otsu,combined,336,1,0,1.0,156.18,-3.82,4.706,8.145,1.135,0.423,1.071
histogram,otsu,combined,337,1,0,1.0,153.87,-6.13,4.87,8.402,1.146,0.425,1.151
histogram,otsu,combined,338,1,0,1.0,153.87,-6.13,4.873,8.25,1.134,0.425,1.068
histogram,otsu,combined,339,1,0,1.0,155.18,-4.82,4.85,8.235,1.14,0.421,1.084
histogram,otsu,combined,340,1,0,1.0,155.11,-4.89,4.748,8.211,1.149,0.425,1.131
histogram,otsu,combined,341,1,0,1.0,155.11,-4.89,4.753,8.349,1.133,0.425,1.235
histogram,otsu,combined,342,1,0,1.0,154.41,-5.59,4.775,8.345,1.155,0.422,1.246
histogram,otsu,combined,343,1,0,1.0,152.66,-7.34,4.723,8.278,1.165,0.472,1.165
histogram,otsu,combined,344,1,0,1.0,152.66,-7.34,4.724,8.339,1.142,0.473,1.242
histogram,otsu,combined,345,1,0,1.0,155.26,-4.74,4.755,8.287,1.189,0.432,1.162
histogram,otsu,combined,346,1,0,1.0,154.44,-5.56,4.765,8.209,1.19,0.429,1.077
histogram,otsu,combined,347,1,0,1.0,155.09,-4.91,4.761,8.216,1.195,0.425,1.088
histogram,otsu,combined,348,1,0,1.0,155.09,-4.91,4.733,8.258,1.132,0.424,1.154
histogram,otsu,combined,349,1,0,1.0,154.3,-5.7,4.849,8.381,1.143,0.426,1.15
histogram,otsu,combined,350,1,0,1.0,154.3,-5.7,4.863,8.34,1.135,0.421,1.177
histogram,otsu,combined,351,1,0,1.0,155.7,-4.3,4.729,8.365,1.138,0.423,1.281
histogram,otsu,combined,352,1,0,1.0,153.09,-6.91,4.698,8.993,1.144,0.424,1.964
histogram,otsu,combined,353,1,0,1.0,153.09,-6.91,4.776,8.211,1.129,0.49,1.068
histogram,otsu,combined,354,1,0,1.0,155.89,-4.11,5.053,8.589,1.188,0.427,1.164
histogram,otsu,combined,355,1,0,1.0,153.55,-6.45,4.777,8.212,1.194,0.429,1.062
histogram,otsu,combined,356,1,0,1.0,153.55,-6.45,4.791,8.235,1.145,0.422,1.074
histogram,otsu,combined,357,1,0,1.0,155.17,-4.83,4.742,8.19,1.134,0.428,1.066
histogram,otsu,combined,358,1,0,1.0,155.08,-4.92,4.83,8.203,1.144,0.424,1.061
histogram,otsu,combined,359,1,0,1.0,156.55,-3.45,4.767,8.162,1.129,0.427,1.082
histogram,otsu,combined,360,1,0,1.0,156.55,-3.45,4.683,8.199,1.14,0.423,1.139
histogram,otsu,combined,361,1,0,1.0,155.53,-4.47,4.749,8.255,1.128,0.424,1.127
histogram,otsu,combined,362,1,0,1.0,155.09,-4.91,4.723,8.281,1.145,0.422,1.249
histogram,otsu,combined,363,1,0,1.0,155.09,-4.91,4.75,8.298,1.14,0.425,1.229
histogram,adaptive,combined,0,1,0,1.0,86.22,-73.78,6.936,19.914,1.225,8.975,1.917
histogram,adaptive,combined,1,1,0,1.0,86.22,-73.78,8.807,28.752,1.342,13.899,3.504
histogram,adaptive,combined,2,1,0,1.0,86.22,-73.78,5.931,18.752,1.228,8.939,1.708
histogram,adaptive,combined,3,1,0,1.0,86.22,-73.78,4.869,16.576,1.158,8.447,1.329
histogram,adaptive,combined,4,1,0,1.0,86.22,-73.78,4.988,16.627,1.215,8.387,1.244
histogram,adaptive,combined,5,1,0,1.0,86.22,-73.78,4.951,16.552,1.147,8.349,1.265
histogram,adaptive,combined,6,1,0,1.0,86.22,-73.78,4.989,16.611,1.156,8.373,1.281
histogram,adaptive,combined,7,1,0,1.0,86.22,-73.78,4.898,16.579,1.144,8.441,1.329
histogram,adaptive,combined,8,1,0,1.0,86.22,-73.78,4.889,16.556,1.17,8.394,1.323
histogram,adaptive,combined,9,1,0,1.0,86.22,-73.78,4.886,16.456,1.145,8.383,1.254
histogram,adaptive,combined,10,1,0,1.0,86.22,-73.78,5.206,16.848,1.207,8.397,1.253
histogram,adaptive,combined,11,1,0,1.0,86.22,-73.78,4.913,16.537,1.182,8.274,1.309
histogram,adaptive,combined,12,1,0,1.0,86.22,-73.78,4.846,16.305,1.148,8.23,1.32
histogram,adaptive,combined,13,1,0,1.0,86.22,-73.78,4.943,15.591,0.732,8.208,0.944
histogram,adaptive,combined,14,1,0,1.0,86.22,-73.78,5.328,16.404,0.709,8.246,1.352
histogram,adaptive,combined,15,1,0,1.0,86.22,-73.78,5.403,17.213,1.15,8.351,1.505
histogram,adaptive,combined,16,1,0,1.0,86.22,-73.78,5.171,17.188,1.174,8.496,1.497
histogram,adaptive,combined,17,1,0,1.0,86.22,-73.78,5.273,17.243,1.256,8.431,1.49
histogram,adaptive,combined,18,1,0,1.0,86.22,-73.78,5.317,17.029,1.169,8.444,1.18
histogram,adaptive,combined,19,1,0,1.0,86.22,-73.78,4.85,16.648,1.137,8.531,1.342
histogram,adaptive,combined,20,1,0,1.0,86.22,-73.78,4.77,16.354,1.246,8.279,1.25
histogram,adaptive,combined,21,1,0,1.0,86.22,-73.78,4.774,16.31,1.187,8.28,1.311
histogram,adaptive,combined,22,1,0,1.0,86.22,-73.78,4.87,16.436,1.339,8.254,1.221
histogram,adaptive,combined,23,1,0,1.0,86.22,-73.78,4.766,16.242,1.141,8.205,1.297
histogram,adaptive,combined,24,1,0,1.0,86.22,-73.78,4.868,16.379,1.14,8.242,1.316
histogram,adaptive,combined,25,1,0,1.0,86.22,-73.78,4.861,16.245,1.129,8.185,1.31
histogram,adaptive,combined,26,1,0,1.0,86.22,-73.78,4.767,16.206,1.143,8.216,1.248
histogram,adaptive,combined,27,1,0,1.0,86.22,-73.78,4.778,16.155,1.142,8.217,1.259
histogram,adaptive,combined,28,1,0,1.0,86.22,-73.78,5.567,17.069,1.149,8.224,1.374
histogram,adaptive,combined,29,1,0,1.0,86.22,-73.78,4.923,16.654,1.218,8.41,1.331
histogram,adaptive,combined,30,1,0,1.0,86.22,-73.78,4.889,16.656,1.21,8.45,1.325
histogram,adaptive,combined,31,1,0,1.0,86.22,-73.78,5.016,16.621,1.162,8.314,1.277
histogram,adaptive,combined,32,1,0,1.0,86.22,-73.78,5.235,16.867,1.145,8.394,1.223
histogram,adaptive,combined,33,1,0,1.0,86.22,-73.78,4.912,16.848,1.218,8.453,1.436
histogram,adaptive,combined,34,1,0,1.0,86.22,-73.78,4.964,16.718,1.222,8.409,1.357
histogram,adaptive,combined,35,1,0,1.0,86.22,-73.78,4.909,16.525,1.214,8.344,1.278
histogram,adaptive,combined,36,1,0,1.0,86.22,-73.78,5.271,16.929,1.157,8.367,1.249
histogram,adaptive,combined,37,1,0,1.0,86.22,-73.78,4.827,16.218,1.147,8.179,1.229
histogram,adaptive,combined,38,1,0,1.0,86.22,-73.78,4.764,16.228,1.141,8.229,1.294
histogram,adaptive,combined,39,1,0,1.0,86.22,-73.78,4.793,16.162,1.144,8.178,1.299
histogram,adaptive,combined,40,1,0,1.0,86.22,-73.78,4.752,16.26,1.149,8.224,1.38
histogram,adaptive,combined,41,1,0,1.0,86.22,-73.78,4.759,16.212,1.143,8.184,1.375
histogram,adaptive,combined,42,1,0,1.0,86.22,-73.78,4.753,16.171,1.141,8.338,1.189
histogram,adaptive,combined,43,1,0,1.0,86.22,-73.78,4.776,16.211,1.187,8.199,1.304
histogram,adaptive,combined,44,1,0,1.0,86.22,-73.78,4.746,16.248,1.188,8.251,1.3
histogram,adaptive,combined,45,1,0,1.0,86.22,-73.78,4.781,16.152,1.178,8.233,1.214
histogram,adaptive,combined,46,1,0,1.0,86.22,-73.78,4.794,16.239,1.19,8.242,1.225
histogram,adaptive,combined,47,1,0,1.0,86.22,-73.78,4.82,16.164,1.19,8.216,1.194
histogram,adaptive,combined,48,1,0,1.0,86.22,-73.78,4.752,16.244,1.139,8.218,1.32
histogram,adaptive,combined,49,1,0,1.0,86.22,-73.78,4.862,16.164,1.14,8.191,1.224
histogram,adaptive,combined,50,1,0,1.0,86.22,-73.78,4.844,16.264,1.14,8.216,1.314
histogram,adaptive,combined,51,1,0,1.0,86.22,-73.78,4.858,16.163,1.145,8.203,1.194
histogram,adaptive,combined,52,1,0,1.0,86.22,-73.78,4.761,16.254,1.136,8.203,1.399
histogram,adaptive,combined,53,1,0,1.0,86.22,-73.78,4.81,16.296,1.147,8.196,1.393
histogram,adaptive,combined,54,1,0,1.0,86.22,-73.78,4.751,16.253,1.145,8.224,1.38
histogram,adaptive,combined,55,1,0,1.0,86.22,-73.78,5.188,16.575,1.143,8.199,1.304
histogram,adaptive,combined,56,1,0,1.0,86.22,-73.78,4.756,16.223,1.201,8.245,1.233
histogram,adaptive,combined,57,1,0,1.0,86.22,-73.78,4.829,16.252,1.174,8.2,1.297
histogram,adaptive,combined,58,1,0,1.0,86.22,-73.78,4.763,16.186,1.186,8.269,1.213
histogram,adaptive,combined,59,1,0,1.0,86.22,-73.78,4.222,14.453,1.182,7.154,1.159
histogram,adaptive,combined,60,1,0,1.0,86.22,-73.78,4.259,14.195,0.991,7.139,1.128
histogram,adaptive,combined,61,1,0,1.0,86.22,-73.78,4.203,14.144,0.988,7.133,1.153
histogram,adaptive,combined,62,1,0,1.0,86.22,-73.78,4.216,14.242,1.002,7.141,1.197
histogram,adaptive,combined,63,1,0,1.0,86.22,-73.78,4.235,14.165,0.988,7.104,1.167
histogram,adaptive,combined,64,1,0,1.0,86.22,-73.78,4.196,14.19,1.05,7.114,1.132
histogram,adaptive,combined,65,1,0,1.0,86.22,-73.78,4.2,14.08,0.985,7.1,1.108
histogram,adaptive,combined,66,1,0,1.0,86.22,-73.78,4.753,15.878,1.048,8.053,1.312
histogram,adaptive,combined,67,1,0,1.0,86.22,-73.78,4.781,16.123,1.189,8.205,1.192
histogram,adaptive,combined,68,1,0,1.0,86.22,-73.78,4.755,16.23,1.197,8.226,1.301
histogram,adaptive,combined,69,1,0,1.0,86.22,-73.78,4.769,16.252,1.146,8.216,1.316
histogram,adaptive,combined,70,1,0,1.0,86.22,-73.78,4.836,16.291,1.136,8.334,1.232
histogram,adaptive,combined,71,1,0,1.0,86.22,-73.78,4.833,16.103,1.128,8.185,1.211
histogram,adaptive,combined,72,1,0,1.0,86.22,-73.78,4.834,16.22,1.154,8.219,1.251
histogram,adaptive,combined,73,1,0,1.0,86.22,-73.78,4.772,16.162,1.139,8.173,1.28
histogram,adaptive,combined,74,1,0,1.0,86.22,-73.78,4.781,16.259,1.15,8.213,1.367
histogram,adaptive,combined,75,1,0,1.0,86.22,-73.78,4.771,16.226,1.145,8.187,1.378
histogram,adaptive,combined,76,1,0,1.0,86.22,-73.78,4.79,16.259,1.151,8.226,1.3
histogram,adaptive,combined,77,1,0,1.0,86.22,-73.78,4.746,16.202,1.145,8.199,1.358
histogram,adaptive,combined,78,1,0,1.0,86.22,-73.78,4.759,16.172,1.157,8.311,1.194
histogram,adaptive,combined,79,1,0,1.0,86.22,-73.78,4.791,16.273,1.195,8.233,1.305
histogram,adaptive,combined,80,1,0,1.0,86.22,-73.78,4.753,16.216,1.196,8.252,1.275
histogram,adaptive,combined,81,1,0,1.0,86.22,-73.78,4.771,16.126,1.191,8.212,1.205
histogram,adaptive,combined,82,1,0,1.0,86.22,-73.78,4.752,16.286,1.22,8.262,1.305
histogram,adaptive,combined,83,1,0,1.0,86.22,-73.78,4.748,16.206,1.146,8.2,1.294
histogram,adaptive,combined,84,1,0,1.0,86.22,-73.78,4.868,16.302,1.139,8.306,1.196
histogram,adaptive,combined,85,1,0,1.0,86.22,-73.78,4.822,16.114,1.132,8.196,1.207
histogram,adaptive,combined,86,1,0,1.0,86.22,-73.78,4.861,16.239,1.156,8.243,1.2
histogram,adaptive,combined,87,1,0,1.0,86.22,-73.78,4.776,16.209,1.134,8.18,1.306
histogram,adaptive,combined,88,1,0,1.0,86.22,-73.78,4.776,16.311,1.148,8.25,1.376
histogram,adaptive,combined,89,1,0,1.0,86.22,-73.78,4.761,16.201,1.145,8.203,1.347
histogram,adaptive,combined,90,1,0,1.0,86.22,-73.78,5.464,17.068,1.146,8.257,1.399
histogram,adaptive,combined,91,1,0,1.0,86.22,-73.78,4.935,16.697,1.212,8.442,1.332
histogram,adaptive,combined,92,1,0,1.0,86.22,-73.78,4.951,16.705,1.156,8.368,1.361
histogram,adaptive,combined,93,1,0,1.0,86.22,-73.78,4.922,16.605,1.141,8.329,1.37
histogram,adaptive,combined,94,1,0,1.0,86.22,-73.78,4.883,16.643,1.165,8.347,1.482
histogram,adaptive,combined,95,1,0,1.0,86.22,-73.78,4.921,16.514,1.146,8.342,1.326
histogram,adaptive,combined,96,1,0,1.0,86.22,-73.78,4.877,16.598,1.214,8.373,1.33
histogram,adaptive,combined,97,1,0,1.0,86.22,-73.78,4.917,16.542,1.209,8.355,1.284
histogram,adaptive,combined,98,1,0,1.0,86.22,-73.78,5.135,16.858,1.168,8.347,1.371
histogram,adaptive,combined,99,1,0,1.0,86.22,-73.78,4.877,16.157,1.137,8.192,1.2
histogram,adaptive,combined,100,1,0,1.0,86.22,-73.78,4.761,16.17,1.138,8.222,1.228
histogram,adaptive,combined,101,1,0,1.0,86.22,-73.78,4.794,16.163,1.134,8.178,1.286
histogram,adaptive,combined,102,1,0,1.0,86.22,-73.78,4.777,16.271,1.154,8.212,1.386
histogram,adaptive,combined,103,1,0,1.0,86.22,-73.78,4.757,16.236,1.143,8.209,1.378
histogram,adaptive,combined,104,1,0,1.0,86.22,-73.78,4.768,16.149,1.152,8.227,1.255
histogram,adaptive,combined,105,1,0,1.0,86.22,-73.78,4.753,16.213,1.135,8.204,1.359
histogram,adaptive,combined,106,1,0,1.0,86.22,-73.78,4.774,16.24,1.212,8.253,1.225
histogram,adaptive,combined,107,1,0,1.0,86.22,-73.78,4.764,16.239,1.198,8.22,1.304
histogram,adaptive,combined,108,1,0,1.0,86.22,-73.78,4.755,16.254,1.192,8.253,1.306
histogram,adaptive,combined,109,1,0,1.0,86.22,-73.78,4.788,16.232,1.183,8.223,1.284
histogram,adaptive,combined,110,1,0,1.0,86.22,-73.78,4.737,16.225,1.142,8.236,1.293
histogram,adaptive,combined,111,1,0,1.0,86.22,-73.78,4.887,16.327,1.142,8.199,1.293
histogram,adaptive,combined,112,1,0,1.0,86.22,-73.78,4.818,16.251,1.146,8.21,1.324
histogram,adaptive,combined,113,1,0,1.0,86.22,-73.78,4.871,16.175,1.142,8.233,1.188
histogram,adaptive,combined,114,1,0,1.0,86.22,-73.78,4.756,16.278,1.141,8.229,1.398
histogram,adaptive,combined,115,1,0,1.0,86.22,-73.78,4.801,16.159,1.139,8.187,1.28
histogram,adaptive,combined,116,1,0,1.0,86.22,-73.78,4.769,16.319,1.136,8.223,1.399
histogram,adaptive,combined,117,1,0,1.0,86.22,-73.78,4.789,16.149,1.141,8.201,1.273
histogram,adaptive,combined,118,1,0,1.0,86.22,-73.78,4.736,16.158,1.148,8.23,1.276
histogram,adaptive,combined,119,1,0,1.0,86.22,-73.78,4.785,16.369,1.142,8.508,1.182
histogram,adaptive,combined,120,1,0,1.0,86.22,-73.78,4.741,16.196,1.196,8.272,1.216
histogram,adaptive,combined,121,1,0,1.0,86.22,-73.78,4.821,16.273,1.186,8.223,1.301
histogram,adaptive,combined,122,1,0,1.0,86.22,-73.78,4.766,16.177,1.203,8.255,1.192
histogram,adaptive,combined,123,1,0,1.0,86.22,-73.78,4.782,16.25,1.133,8.197,1.32
histogram,adaptive,combined,124,1,0,1.0,86.22,-73.78,4.848,16.369,1.158,8.226,1.324
histogram,adaptive,combined,125,1,0,1.0,86.22,-73.78,4.844,16.14,1.141,8.187,1.212
histogram,adaptive,combined,126,1,0,1.0,86.22,-73.78,4.872,16.222,1.146,8.205,1.219
histogram,adaptive,combined,127,1,0,1.0,86.22,-73.78,4.855,16.292,1.139,8.186,1.287
histogram,adaptive,combined,128,1,0,1.0,86.22,-73.78,4.759,16.269,1.139,8.214,1.396
histogram,adaptive,combined,129,1,0,1.0,86.22,-73.78,4.791,16.157,1.133,8.211,1.268
histogram,adaptive,combined,130,1,0,1.0,86.22,-73.78,4.777,16.226,1.146,8.234,1.321
histogram,adaptive,combined,131,1,0,1.0,86.22,-73.78,4.767,16.2,1.138,8.196,1.34
histogram,adaptive,combined,132,1,0,1.0,86.22,-73.78,4.764,16.185,1.138,8.29,1.24
histogram,adaptive,combined,133,1,0,1.0,86.22,-73.78,4.778,16.243,1.294,8.229,1.197
histogram,adaptive,combined,134,1,0,1.0,86.22,-73.78,4.758,16.185,1.195,8.254,1.221
histogram,adaptive,combined,135,1,0,1.0,86.22,-73.78,4.762,16.115,1.19,8.209,1.195
histogram,adaptive,combined,136,1,0,1.0,86.22,-73.78,4.775,16.194,1.184,8.23,1.216
histogram,adaptive,combined,137,1,0,1.0,86.22,-73.78,4.763,16.153,1.146,8.213,1.223
histogram,adaptive,combined,138,1,0,1.0,86.22,-73.78,4.76,16.157,1.153,8.21,1.21
histogram,adaptive,combined,139,1,0,1.0,86.22,-73.78,4.822,16.272,1.141,8.188,1.309
histogram,adaptive,combined,140,1,0,1.0,86.22,-73.78,4.828,16.151,1.147,8.222,1.191
histogram,adaptive,combined,141,1,0,1.0,86.22,-73.78,4.829,16.1,1.133,8.175,1.222
histogram,adaptive,combined,142,1,0,1.0,86.22,-73.78,4.872,16.208,1.139,8.224,1.211
histogram,adaptive,combined,143,1,0,1.0,86.22,-73.78,4.795,16.281,1.137,8.194,1.4
histogram,adaptive,combined,144,1,0,1.0,86.22,-73.78,4.907,16.309,1.152,8.222,1.276
histogram,adaptive,combined,145,1,0,1.0,86.22,-73.78,4.777,16.248,1.135,8.211,1.369
histogram,adaptive,combined,146,1,0,1.0,86.22,-73.78,4.771,16.261,1.146,8.209,1.329
histogram,adaptive,combined,147,1,0,1.0,86.22,-73.78,4.771,16.167,1.144,8.278,1.213
histogram,adaptive,combined,148,1,0,1.0,86.22,-73.78,4.757,16.27,1.201,8.264,1.305
histogram,adaptive,combined,149,1,0,1.0,86.22,-73.78,4.779,16.183,1.196,8.227,1.22
histogram,adaptive,combined,150,1,0,1.0,86.22,-73.78,4.817,16.217,1.199,8.243,1.204
histogram,adaptive,combined,151,1,0,1.0,86.22,-73.78,5.535,16.972,1.198,8.183,1.291
histogram,adaptive,combined,152,1,0,1.0,86.22,-73.78,4.867,16.328,1.163,8.278,1.243
histogram,adaptive,combined,153,1,0,1.0,86.22,-73.78,4.882,16.307,1.135,8.234,1.209
histogram,adaptive,combined,154,1,0,1.0,86.22,-73.78,4.763,16.171,1.146,8.237,1.267
histogram,adaptive,combined,155,1,0,1.0,86.22,-73.78,4.783,16.305,1.131,8.213,1.426
histogram,adaptive,combined,156,1,0,1.0,86.22,-73.78,4.765,16.224,1.148,8.226,1.286
histogram,adaptive,combined,157,1,0,1.0,86.22,-73.78,4.76,16.096,1.139,8.19,1.264
histogram,adaptive,combined,158,1,0,1.0,86.22,-73.78,4.733,16.147,1.149,8.313,1.195
histogram,adaptive,combined,159,1,0,1.0,86.22,-73.78,4.817,16.186,1.186,8.223,1.19
histogram,adaptive,combined,160,1,0,1.0,86.22,-73.78,4.742,16.252,1.191,8.269,1.301
histogram,adaptive,combined,161,1,0,1.0,86.22,-73.78,4.803,16.267,1.192,8.237,1.275
histogram,adaptive,combined,162,1,0,1.0,86.22,-73.78,4.751,16.251,1.201,8.235,1.304
histogram,adaptive,combined,163,1,0,1.0,86.22,-73.78,4.765,16.159,1.147,8.161,1.278
histogram,adaptive,combined,164,1,0,1.0,86.22,-73.78,4.805,16.284,1.145,8.211,1.307
histogram,adaptive,combined,165,1,0,1.0,86.22,-73.78,4.854,16.223,1.145,8.166,1.313
histogram,adaptive,combined,166,1,0,1.0,86.22,-73.78,4.838,16.244,1.138,8.221,1.245
histogram,adaptive,combined,167,1,0,1.0,86.22,-73.78,4.8,16.295,1.137,8.21,1.384
histogram,adaptive,combined,168,1,0,1.0,86.22,-73.78,4.781,16.223,1.137,8.217,1.334
histogram,adaptive,combined,169,1,0,1.0,86.22,-73.78,4.778,16.171,1.136,8.204,1.3
histogram,adaptive,combined,170,1,0,1.0,86.22,-73.78,4.774,16.153,1.152,8.229,1.247
histogram,adaptive,combined,171,1,0,1.0,86.22,-73.78,4.775,16.166,1.127,8.179,1.34
histogram,adaptive,combined,172,1,0,1.0,86.22,-73.78,4.768,16.249,1.141,8.294,1.295
histogram,adaptive,combined,173,1,0,1.0,86.22,-73.78,4.77,16.247,1.187,8.241,1.298
histogram,adaptive,combined,174,1,0,1.0,86.22,-73.78,4.757,16.266,1.186,8.292,1.285
histogram,adaptive,combined,175,1,0,1.0,86.22,-73.78,4.81,16.179,1.183,8.242,1.185
histogram,adaptive,combined,176,1,0,1.0,86.22,-73.78,4.748,16.337,1.209,8.272,1.33
histogram,adaptive,combined,177,1,0,1.0,86.22,-73.78,4.849,16.339,1.146,8.219,1.296
histogram,adaptive,combined,178,1,0,1.0,86.22,-73.78,4.836,16.22,1.144,8.235,1.256
histogram,adaptive,combined,179,1,0,1.0,86.22,-73.78,4.849,16.19,1.144,8.231,1.21
histogram,adaptive,combined,180,1,0,1.0,86.22,-73.78,4.804,16.208,1.141,8.221,1.23
histogram,adaptive,combined,181,1,0,1.0,86.22,-73.78,4.768,16.24,1.14,8.207,1.377
histogram,adaptive,combined,182,1,0,1.0,86.22,-73.78,4.764,16.397,1.138,8.445,1.302
histogram,adaptive,combined,183,1,0,1.0,86.22,-73.78,4.775,16.266,1.133,8.244,1.36
histogram,adaptive,combined,184,1,0,1.0,86.22,-73.78,4.762,16.261,1.143,8.302,1.301
histogram,adaptive,combined,185,1,0,1.0,86.22,-73.78,4.768,16.196,1.192,8.263,1.215
histogram,adaptive,combined,186,1,0,1.0,86.22,-73.78,4.761,16.199,1.203,8.265,1.178
histogram,adaptive,combined,187,1,0,1.0,86.22,-73.78,4.765,16.246,1.179,8.238,1.304
histogram,adaptive,combined,188,1,0,1.0,86.22,-73.78,4.771,16.158,1.206,8.238,1.19
histogram,adaptive,combined,189,1,0,1.0,86.22,-73.78,4.794,16.25,1.131,8.21,1.302
histogram,adaptive,combined,190,1,0,1.0,86.22,-73.78,4.181,14.586,1.142,7.411,1.053
histogram,adaptive,combined,191,1,0,1.0,86.22,-73.78,4.24,14.248,0.985,7.144,1.208
histogram,adaptive,combined,192,1,0,1.0,86.22,-73.78,4.174,14.169,0.995,7.151,1.168
histogram,adaptive,combined,193,1,0,1.0,86.22,-73.78,4.212,14.204,1.047,7.11,1.16
histogram,adaptive,combined,194,1,0,1.0,86.22,-73.78,4.18,14.097,0.996,7.14,1.099
histogram,adaptive,combined,195,1,0,1.0,86.22,-73.78,4.199,14.151,1.05,7.166,1.054
histogram,adaptive,combined,196,1,0,1.0,86.22,-73.78,4.291,14.34,0.996,7.159,1.179
histogram,adaptive,combined,197,1,0,1.0,86.22,-73.78,4.76,15.474,0.986,7.717,1.312
histogram,adaptive,combined,198,1,0,1.0,86.22,-73.78,4.765,16.194,1.136,8.229,1.244
histogram,adaptive,combined,199,1,0,1.0,86.22,-73.78,4.849,16.214,1.137,8.22,1.182
histogram,adaptive,combined,200,1,0,1.0,86.22,-73.78,4.935,16.269,1.129,8.208,1.244
histogram,adaptive,combined,201,1,0,1.0,86.22,-73.78,4.864,16.261,1.145,8.207,1.291
histogram,adaptive,combined,202,1,0,1.0,86.22,-73.78,4.791,16.224,1.152,8.228,1.302
histogram,adaptive,combined,203,1,0,1.0,86.22,-73.78,4.768,16.225,1.135,8.191,1.372
histogram,adaptive,combined,204,1,0,1.0,86.22,-73.78,4.753,16.188,1.138,8.215,1.329
histogram,adaptive,combined,205,1,0,1.0,86.22,-73.78,4.792,16.138,1.136,8.182,1.279
histogram,adaptive,combined,206,1,0,1.0,86.22,-73.78,4.814,16.364,1.148,8.223,1.393
histogram,adaptive,combined,207,1,0,1.0,86.22,-73.78,4.765,16.221,1.13,8.281,1.299
histogram,adaptive,combined,208,1,0,1.0,86.22,-73.78,4.778,16.277,1.194,8.304,1.239
histogram,adaptive,combined,209,1,0,1.0,86.22,-73.78,4.789,16.152,1.196,8.214,1.196
histogram,adaptive,combined,210,1,0,1.0,86.22,-73.78,4.745,16.244,1.19,8.248,1.304
histogram,adaptive,combined,211,1,0,1.0,86.22,-73.78,4.764,16.202,1.209,8.185,1.293
histogram,adaptive,combined,212,1,0,1.0,86.22,-73.78,4.75,16.156,1.14,8.237,1.21
histogram,adaptive,combined,213,1,0,1.0,86.22,-73.78,4.853,16.341,1.143,8.206,1.319
histogram,adaptive,combined,214,1,0,1.0,86.22,-73.78,4.762,16.613,1.246,8.451,1.303
histogram,adaptive,combined,215,1,0,1.0,86.22,-73.78,4.778,16.155,1.144,8.197,1.293
histogram,adaptive,combined,216,1,0,1.0,86.22,-73.78,4.245,14.341,0.988,7.166,1.173
histogram,adaptive,combined,217,1,0,1.0,86.22,-73.78,4.189,14.139,0.999,7.133,1.086
histogram,adaptive,combined,218,1,0,1.0,86.22,-73.78,4.179,14.191,0.994,7.148,1.124
histogram,adaptive,combined,219,1,0,1.0,86.22,-73.78,4.2,14.225,0.993,7.198,1.159
histogram,adaptive,combined,220,1,0,1.0,86.22,-73.78,4.177,14.136,0.988,7.156,1.122
histogram,adaptive,combined,221,1,0,1.0,86.22,-73.78,4.2,14.168,0.993,7.137,1.162
histogram,adaptive,combined,222,1,0,1.0,86.22,-73.78,4.258,14.247,1.048,7.121,1.131
histogram,adaptive,combined,223,1,0,1.0,86.22,-73.78,4.776,15.874,0.992,8.151,1.212
histogram,adaptive,combined,224,1,0,1.0,86.22,-73.78,4.758,16.216,1.146,8.199,1.364
histogram,adaptive,combined,225,1,0,1.0,86.22,-73.78,4.776,16.148,1.14,8.203,1.281
histogram,adaptive,combined,226,1,0,1.0,86.22,-73.78,4.756,16.299,1.134,8.239,1.386
histogram,adaptive,combined,227,1,0,1.0,86.22,-73.78,4.827,16.146,1.129,8.172,1.274
histogram,adaptive,combined,228,1,0,1.0,86.22,-73.78,4.766,16.149,1.144,8.297,1.185
histogram,adaptive,combined,229,1,0,1.0,86.22,-73.78,4.762,16.114,1.135,8.251,1.219
histogram,adaptive,combined,230,1,0,1.0,86.22,-73.78,4.753,16.169,1.188,8.279,1.188
histogram,adaptive,combined,231,1,0,1.0,86.22,-73.78,4.769,16.117,1.186,8.21,1.196
histogram,adaptive,combined,232,1,0,1.0,86.22,-73.78,4.76,16.139,1.187,8.252,1.187
histogram,adaptive,combined,233,1,0,1.0,86.22,-73.78,4.764,16.258,1.203,8.231,1.309
histogram,adaptive,combined,234,1,0,1.0,86.22,-73.78,4.761,16.269,1.216,8.241,1.304
histogram,adaptive,combined,235,1,0,1.0,86.22,-73.78,4.836,16.28,1.141,8.182,1.31
histogram,adaptive,combined,236,1,0,1.0,86.22,-73.78,4.815,16.217,1.134,8.227,1.244
histogram,adaptive,combined,237,1,0,1.0,86.22,-73.78,4.863,16.219,1.144,8.17,1.292
histogram,adaptive,combined,238,1,0,1.0,86.22,-73.78,4.823,16.253,1.134,8.243,1.238
histogram,adaptive,combined,239,1,0,1.0,86.22,-73.78,4.794,16.146,1.14,8.208,1.256
histogram,adaptive,combined,240,1,0,1.0,86.22,-73.78,4.801,16.241,1.137,8.227,1.32
histogram,adaptive,combined,241,1,0,1.0,86.22,-73.78,4.742,16.199,1.15,8.183,1.371
histogram,adaptive,combined,242,1,0,1.0,86.22,-73.78,4.763,16.241,1.141,8.316,1.265
histogram,adaptive,combined,243,1,0,1.0,86.22,-73.78,4.771,16.22,1.139,8.259,1.293
histogram,adaptive,combined,244,1,0,1.0,86.22,-73.78,4.74,16.269,1.216,8.268,1.263
histogram,adaptive,combined,245,1,0,1.0,86.22,-73.78,4.789,16.173,1.19,8.23,1.206
histogram,adaptive,combined,246,1,0,1.0,86.22,-73.78,5.077,16.545,1.206,8.251,1.222
histogram,adaptive,combined,247,1,0,1.0,86.22,-73.78,4.785,16.251,1.14,8.221,1.279
histogram,adaptive,combined,248,1,0,1.0,86.22,-73.78,4.838,16.252,1.148,8.214,1.238
histogram,adaptive,combined,249,1,0,1.0,86.22,-73.78,4.835,16.215,1.131,8.208,1.289
histogram,adaptive,combined,250,1,0,1.0,86.22,-73.78,4.824,16.212,1.148,8.21,1.292
histogram,adaptive,combined,251,1,0,1.0,86.22,-73.78,4.806,16.132,1.137,8.18,1.199
histogram,adaptive,combined,252,1,0,1.0,86.22,-73.78,4.767,16.226,1.146,8.239,1.314
histogram,adaptive,combined,253,1,0,1.0,86.22,-73.78,4.798,16.299,1.14,8.202,1.401
histogram,adaptive,combined,254,1,0,1.0,86.22,-73.78,4.806,16.185,1.151,8.221,1.263
histogram,adaptive,combined,255,1,0,1.0,86.22,-73.78,4.873,16.225,1.138,8.213,1.246
histogram,adaptive,combined,256,1,0,1.0,86.22,-73.78,4.772,16.321,1.151,8.303,1.309
histogram,adaptive,combined,257,1,0,1.0,86.22,-73.78,4.749,16.112,1.181,8.216,1.207
histogram,adaptive,combined,258,1,0,1.0,86.22,-73.78,4.766,16.17,1.205,8.273,1.178
histogram,adaptive,combined,259,1,0,1.0,86.22,-73.78,4.784,16.16,1.188,8.225,1.212
histogram,adaptive,combined,260,1,0,1.0,86.22,-73.78,4.75,16.321,1.204,8.351,1.262
histogram,adaptive,combined,261,1,0,1.0,86.22,-73.78,4.761,16.124,1.132,8.202,1.194
histogram,adaptive,combined,262,1,0,1.0,86.22,-73.78,4.755,16.177,1.138,8.232,1.241
histogram,adaptive,combined,263,1,0,1.0,86.22,-73.78,4.82,16.117,1.142,8.192,1.216
histogram,adaptive,combined,264,1,0,1.0,86.22,-73.78,4.884,16.219,1.15,8.22,1.206
histogram,adaptive,combined,265,1,0,1.0,86.22,-73.78,4.839,16.22,1.139,8.173,1.318
histogram,adaptive,combined,266,1,0,1.0,86.22,-73.78,4.772,16.236,1.15,8.217,1.241
histogram,adaptive,combined,267,1,0,1.0,86.22,-73.78,4.777,16.152,1.138,8.182,1.298
histogram,adaptive,combined,268,1,0,1.0,86.22,-73.78,4.762,16.182,1.156,8.21,1.291
histogram,adaptive,combined,269,1,0,1.0,86.22,-73.78,4.801,16.27,1.138,8.191,1.38
histogram,adaptive,combined,270,1,0,1.0,86.22,-73.78,4.774,16.348,1.142,8.304,1.381
histogram,adaptive,combined,271,1,0,1.0,86.22,-73.78,4.769,16.205,1.185,8.204,1.302
histogram,adaptive,combined,272,1,0,1.0,86.22,-73.78,4.645,16.124,1.2,8.276,1.244
histogram,adaptive,combined,273,1,0,1.0,86.22,-73.78,4.215,14.198,1.053,7.091,1.145
histogram,adaptive,combined,274,1,0,1.0,86.22,-73.78,4.196,14.103,0.991,7.135,1.103
histogram,adaptive,combined,275,1,0,1.0,86.22,-73.78,4.25,14.166,1.037,7.078,1.131
histogram,adaptive,combined,276,1,0,1.0,86.22,-73.78,5.077,15.121,0.997,7.144,1.189
histogram,adaptive,combined,277,1,0,1.0,86.22,-73.78,4.211,14.285,1.011,7.227,1.154
histogram,adaptive,combined,278,1,0,1.0,86.22,-73.78,4.213,14.22,1.049,7.155,1.127
histogram,adaptive,combined,279,1,0,1.0,86.22,-73.78,4.208,14.184,0.99,7.126,1.174
histogram,adaptive,combined,280,1,0,1.0,86.22,-73.78,4.761,16.238,1.138,8.222,1.306
histogram,adaptive,combined,281,1,0,1.0,86.22,-73.78,4.758,16.136,1.141,8.199,1.226
histogram,adaptive,combined,282,1,0,1.0,86.22,-73.78,4.832,16.214,1.147,8.235,1.251
histogram,adaptive,combined,283,1,0,1.0,86.22,-73.78,4.907,16.192,1.137,8.188,1.212
histogram,adaptive,combined,284,1,0,1.0,86.22,-73.78,4.844,16.361,1.146,8.22,1.318
histogram,adaptive,combined,285,1,0,1.0,86.22,-73.78,4.782,16.268,1.132,8.211,1.393
histogram,adaptive,combined,286,1,0,1.0,86.22,-73.78,5.26,16.927,1.139,8.239,1.475
histogram,adaptive,combined,287,1,0,1.0,86.22,-73.78,5.039,16.555,1.196,8.285,1.276
histogram,adaptive,combined,288,1,0,1.0,86.22,-73.78,4.768,16.316,1.197,8.3,1.298
histogram,adaptive,combined,289,1,0,1.0,86.22,-73.78,4.748,16.243,1.201,8.21,1.335
histogram,adaptive,combined,290,1,0,1.0,86.22,-73.78,5.12,16.657,1.15,8.26,1.288
histogram,adaptive,combined,291,1,0,1.0,86.22,-73.78,4.992,16.559,1.155,8.294,1.34
histogram,adaptive,combined,292,1,0,1.0,86.22,-73.78,4.81,16.334,1.135,8.224,1.41
histogram,adaptive,combined,293,1,0,1.0,86.22,-73.78,4.758,16.259,1.132,8.226,1.39
histogram,adaptive,combined,294,1,0,1.0,86.22,-73.78,4.805,16.764,1.151,8.317,1.723
histogram,adaptive,combined,295,1,0,1.0,86.22,-73.78,4.768,16.773,1.197,8.309,1.752
histogram,adaptive,combined,296,1,0,1.0,86.22,-73.78,5.047,17.145,1.691,8.409,1.203
histogram,adaptive,combined,297,1,0,1.0,86.22,-73.78,5.16,16.842,1.193,8.378,1.282
histogram,adaptive,combined,298,1,0,1.0,86.22,-73.78,4.757,16.237,1.141,8.298,1.285
histogram,adaptive,combined,299,1,0,1.0,86.22,-73.78,4.757,16.215,1.135,8.211,1.367
histogram,adaptive,combined,300,1,0,1.0,86.22,-73.78,4.754,16.272,1.136,8.33,1.302
histogram,adaptive,combined,301,1,0,1.0,86.22,-73.78,4.76,16.226,1.183,8.237,1.309
histogram,adaptive,combined,302,1,0,1.0,86.22,-73.78,4.77,16.254,1.188,8.276,1.275
histogram,adaptive,combined,303,1,0,1.0,86.22,-73.78,4.776,16.136,1.178,8.218,1.218
histogram,adaptive,combined,304,1,0,1.0,86.22,-73.78,4.767,16.3,1.207,8.26,1.32
histogram,adaptive,combined,305,1,0,1.0,86.22,-73.78,4.773,16.138,1.145,8.192,1.216
histogram,adaptive,combined,306,1,0,1.0,86.22,-73.78,4.829,16.345,1.15,8.234,1.261
histogram,adaptive,combined,307,1,0,1.0,86.22,-73.78,4.83,16.21,1.13,8.196,1.309
histogram,adaptive,combined,308,1,0,1.0,86.22,-73.78,4.778,16.311,1.139,8.245,1.333
histogram,adaptive,combined,309,1,0,1.0,86.22,-73.78,4.788,16.148,1.13,8.199,1.279
histogram,adaptive,combined,310,1,0,1.0,86.22,-73.78,4.745,16.51,1.153,8.468,1.394
histogram,adaptive,combined,311,1,0,1.0,86.22,-73.78,4.804,16.15,1.139,8.187,1.261
histogram,adaptive,combined,312,1,0,1.0,86.22,-73.78,4.769,16.158,1.139,8.249,1.256
histogram,adaptive,combined,313,1,0,1.0,86.22,-73.78,4.75,16.215,1.141,8.275,1.299
histogram,adaptive,combined,314,1,0,1.0,86.22,-73.78,4.784,16.276,1.188,8.266,1.31
histogram,adaptive,combined,315,1,0,1.0,86.22,-73.78,4.765,16.223,1.191,8.231,1.289
histogram,adaptive,combined,316,1,0,1.0,86.22,-73.78,4.745,16.36,1.193,8.312,1.325
histogram,adaptive,combined,317,1,0,1.0,86.22,-73.78,4.905,16.643,1.186,8.458,1.285
histogram,adaptive,combined,318,1,0,1.0,86.22,-73.78,4.99,16.5,1.15,8.319,1.283
histogram,adaptive,combined,319,1,0,1.0,86.22,-73.78,5.142,16.731,1.162,8.394,1.246
histogram,adaptive,combined,320,1,0,1.0,86.22,-73.78,5.107,16.578,1.141,8.266,1.302
histogram,adaptive,combined,321,1,0,1.0,86.22,-73.78,5.291,16.827,1.186,8.304,1.291
histogram,adaptive,combined,322,1,0,1.0,86.22,-73.78,4.739,16.346,1.219,8.321,1.32
histogram,adaptive,combined,323,1,0,1.0,86.22,-73.78,4.31,14.404,1.069,7.167,1.062
histogram,adaptive,combined,324,1,0,1.0,86.22,-73.78,4.465,14.689,0.989,7.198,1.247
histogram,adaptive,combined,325,1,0,1.0,86.22,-73.78,4.304,14.526,0.985,7.488,1.057
histogram,adaptive,combined,326,1,0,1.0,86.22,-73.78,4.354,14.549,1.083,7.243,1.077
histogram,adaptive,combined,327,1,0,1.0,86.22,-73.78,4.191,14.096,0.983,7.105,1.089
histogram,adaptive,combined,328,1,0,1.0,86.22,-73.78,4.192,14.127,1.003,7.192,1.071
histogram,adaptive,combined,329,1,0,1.0,86.22,-73.78,4.423,14.46,0.997,7.132,1.227
histogram,adaptive,combined,330,1,0,1.0,86.22,-73.78,4.984,16.382,1.03,8.28,1.398
histogram,adaptive,combined,331,1,0,1.0,86.22,-73.78,4.812,16.229,1.146,8.237,1.265
histogram,adaptive,combined,332,1,0,1.0,86.22,-73.78,5.06,16.817,1.141,8.508,1.349
histogram,adaptive,combined,333,1,0,1.0,86.22,-73.78,5.02,16.426,1.207,8.249,1.194
histogram,adaptive,combined,334,1,0,1.0,86.22,-73.78,4.771,16.199,1.196,8.261,1.219
histogram,adaptive,combined,335,1,0,1.0,86.22,-73.78,4.834,16.167,1.187,8.209,1.19
histogram,adaptive,combined,336,1,0,1.0,86.22,-73.78,4.748,16.279,1.148,8.229,1.31
histogram,adaptive,combined,337,1,0,1.0,86.22,-73.78,4.869,16.185,1.146,8.198,1.21
histogram,adaptive,combined,338,1,0,1.0,86.22,-73.78,5.608,17.068,1.134,8.257,1.322
histogram,adaptive,combined,339,1,0,1.0,86.22,-73.78,4.834,16.441,1.164,8.315,1.355
histogram,adaptive,combined,340,1,0,1.0,86.22,-73.78,4.846,16.247,1.136,8.257,1.25
histogram,adaptive,combined,341,1,0,1.0,86.22,-73.78,4.774,16.137,1.129,8.268,1.221
histogram,adaptive,combined,342,1,0,1.0,86.22,-73.78,4.76,16.153,1.184,8.276,1.175
histogram,adaptive,combined,343,1,0,1.0,86.22,-73.78,4.786,16.24,1.194,8.246,1.271
histogram,adaptive,combined,344,1,0,1.0,86.22,-73.78,4.748,16.167,1.195,8.253,1.214
histogram,adaptive,combined,345,1,0,1.0,86.22,-73.78,4.772,16.114,1.189,8.208,1.193
histogram,adaptive,combined,346,1,0,1.0,86.22,-73.78,4.745,16.165,1.205,8.242,1.194
histogram,adaptive,combined,347,1,0,1.0,86.22,-73.78,4.763,16.224,1.149,8.205,1.294
histogram,adaptive,combined,348,1,0,1.0,86.22,-73.78,4.834,16.315,1.139,8.224,1.306
histogram,adaptive,combined,349,1,0,1.0,86.22,-73.78,4.825,16.224,1.133,8.21,1.307
histogram,adaptive,combined,350,1,0,1.0,86.22,-73.78,4.755,16.221,1.132,8.22,1.312
histogram,adaptive,combined,351,1,0,1.0,86.22,-73.78,4.79,16.219,1.131,8.191,1.356
histogram,adaptive,combined,352,1,0,1.0,86.22,-73.78,4.774,16.158,1.134,8.205,1.282
histogram,adaptive,combined,353,1,0,1.0,86.22,-73.78,4.765,16.218,1.135,8.184,1.382
histogram,adaptive,combined,354,1,0,1.0,86.22,-73.78,4.596,16.077,1.149,8.219,1.364
histogram,adaptive,combined,355,1,0,1.0,86.22,-73.78,4.245,14.221,0.993,7.141,1.167
histogram,adaptive,combined,356,1,0,1.0,86.22,-73.78,4.173,14.163,0.99,7.169,1.109
histogram,adaptive,combined,357,1,0,1.0,86.22,-73.78,4.186,14.178,0.991,7.11,1.218
histogram,adaptive,combined,358,1,0,1.0,86.22,-73.78,4.168,14.176,0.997,7.143,1.181
histogram,adaptive,combined,359,1,0,1.0,86.22,-73.78,4.214,14.154,1.042,7.068,1.155
histogram,adaptive,combined,360,1,0,1.0,86.22,-73.78,4.185,14.138,0.992,7.191,1.099
histogram,adaptive,combined,361,1,0,1.0,86.22,-73.78,4.199,14.202,1.04,7.07,1.191
histogram,adaptive,combined,362,1,0,1.0,86.22,-73.78,4.754,16.128,1.149,8.215,1.28
histogram,adaptive,combined,363,1,0,1.0,86.22,-73.78,4.762,16.155,1.155,8.201,1.286
