algorithm,threshold,hist_source,frame,detected,inferred,confidence,lane_center,error_px,detect_ms,total_ms,t_blur,t_threshold,t_canny
canny_hough,fixed,edges,0,0,0,0.0,0.0,,46.828,158.372,39.712,12.749,39.433
canny_hough,fixed,edges,1,0,0,0.0,0.0,,5.314,9.192,1.128,0.149,1.845
canny_hough,fixed,edges,2,0,0,0.0,0.0,,4.851,9.125,1.104,0.175,2.241
canny_hough,fixed,edges,3,0,0,0.0,0.0,,4.331,9.266,2.305,0.109,1.832
canny_hough,fixed,edges,4,0,0,0.0,0.0,,4.47,6.74,0.645,0.096,0.823
canny_hough,fixed,edges,5,0,0,0.0,0.0,,4.487,6.712,0.635,0.091,0.81
canny_hough,fixed,edges,6,0,0,0.0,0.0,,4.477,6.767,0.688,0.097,0.809
canny_hough,fixed,edges,7,0,0,0.0,0.0,,4.385,6.692,0.643,0.09,0.82
canny_hough,fixed,edges,8,0,0,0.0,0.0,,4.518,6.783,0.65,0.105,0.818
canny_hough,fixed,edges,9,0,0,0.0,0.0,,4.352,6.612,0.661,0.095,0.818
canny_hough,fixed,edges,10,0,0,0.0,0.0,,4.421,6.749,0.658,0.091,0.882
canny_hough,fixed,edges,11,0,0,0.0,0.0,,4.601,6.875,0.652,0.095,0.829
canny_hough,fixed,edges,12,0,0,0.0,0.0,,4.545,6.882,0.634,0.093,0.8
canny_hough,fixed,edges,13,0,0,0.0,0.0,,4.385,6.633,0.617,0.093,0.857
canny_hough,fixed,edges,14,0,0,0.0,0.0,,4.494,6.732,0.644,0.09,0.821
canny_hough,fixed,edges,15,0,0,0.0,0.0,,4.536,6.759,0.638,0.091,0.819
canny_hough,fixed,edges,16,0,0,0.0,0.0,,4.525,6.833,0.704,0.096,0.811
canny_hough,fixed,edges,17,0,0,0.0,0.0,,4.87,7.183,0.639,0.092,0.801
canny_hough,fixed,edges,18,0,0,0.0,0.0,,4.568,7.897,0.651,0.094,0.833
canny_hough,fixed,edges,19,0,0,0.0,0.0,,4.477,8.36,1.029,0.092,2.079
canny_hough,fixed,edges,20,0,0,0.0,0.0,,4.379,7.805,1.083,0.095,1.569
canny_hough,fixed,edges,21,0,0,0.0,0.0,,4.578,7.578,0.992,0.09,1.233
canny_hough,fixed,edges,22,0,0,0.0,0.0,,4.262,7.257,1.002,0.099,1.18
canny_hough,fixed,edges,23,0,0,0.0,0.0,,4.176,6.903,0.992,0.092,0.965
canny_hough,fixed,edges,24,0,0,0.0,0.0,,4.504,7.511,1.031,0.096,1.147
canny_hough,fixed,edges,25,0,0,0.0,0.0,,4.544,7.496,1.029,0.097,1.153
canny_hough,fixed,edges,26,0,0,0.0,0.0,,4.567,7.364,0.995,0.094,1.004
canny_hough,fixed,edges,27,0,0,0.0,0.0,,4.536,7.369,0.989,0.095,1.063
canny_hough,fixed,edges,28,0,0,0.0,0.0,,4.624,7.605,0.985,0.096,1.144
canny_hough,fixed,edges,29,0,0,0.0,0.0,,4.629,7.36,1.0,0.091,0.961
canny_hough,fixed,edges,30,0,0,0.0,0.0,,4.683,7.612,0.987,0.091,1.166
canny_hough,fixed,edges,31,0,0,0.0,0.0,,4.734,7.538,0.997,0.092,0.947
canny_hough,fixed,edges,32,0,0,0.0,0.0,,4.483,7.305,1.05,0.093,0.953
canny_hough,fixed,edges,33,0,0,0.0,0.0,,4.464,7.509,1.036,0.099,1.196
canny_hough,fixed,edges,34,0,0,0.0,0.0,,4.477,7.455,0.991,0.136,1.168
canny_hough,fixed,edges,35,0,0,0.0,0.0,,4.395,7.27,0.997,0.093,1.099
canny_hough,fixed,edges,36,0,0,0.0,0.0,,4.439,7.238,0.994,0.09,0.972
canny_hough,fixed,edges,37,0,0,0.0,0.0,,4.489,7.237,0.985,0.095,0.982
canny_hough,fixed,edges,38,0,0,0.0,0.0,,4.479,7.455,0.994,0.09,1.15
canny_hough,fixed,edges,39,0,0,0.0,0.0,,4.344,7.367,1.066,0.102,1.168
canny_hough,fixed,edges,40,0,0,0.0,0.0,,4.338,7.128,1.022,0.101,0.971
canny_hough,fixed,edges,41,0,0,0.0,0.0,,4.68,7.633,0.988,0.09,1.186
canny_hough,fixed,edges,42,0,0,0.0,0.0,,4.323,7.893,0.986,0.089,1.819
canny_hough,fixed,edges,43,0,0,0.0,0.0,,4.592,7.402,0.992,0.091,1.035
canny_hough,fixed,edges,44,0,0,0.0,0.0,,4.695,7.62,0.986,0.093,1.157
canny_hough,fixed,edges,45,0,0,0.0,0.0,,4.472,7.194,0.987,0.095,0.951
canny_hough,fixed,edges,46,0,0,0.0,0.0,,4.511,7.439,0.988,0.092,1.156
canny_hough,fixed,edges,47,0,0,0.0,0.0,,4.576,7.374,0.992,0.093,0.97
canny_hough,fixed,edges,48,0,0,0.0,0.0,,4.655,7.603,1.032,0.095,1.151
canny_hough,fixed,edges,49,0,0,0.0,0.0,,4.473,7.432,1.029,0.098,1.149
canny_hough,fixed,edges,50,0,0,0.0,0.0,,4.511,7.466,0.984,0.09,1.162
canny_hough,fixed,edges,51,0,0,0.0,0.0,,4.663,7.659,0.996,0.099,1.218
canny_hough,fixed,edges,52,0,0,0.0,0.0,,4.567,7.394,0.987,0.093,0.965
canny_hough,fixed,edges,53,0,0,0.0,0.0,,4.571,7.349,1.0,0.092,0.992
canny_hough,fixed,edges,54,0,0,0.0,0.0,,4.94,8.25,1.085,0.16,1.327
canny_hough,fixed,edges,55,0,0,0.0,0.0,,4.363,7.304,0.985,0.096,1.168
canny_hough,fixed,edges,56,0,0,0.0,0.0,,4.353,7.165,1.003,0.092,0.961
canny_hough,fixed,edges,57,0,0,0.0,0.0,,4.68,7.658,1.04,0.1,1.143
canny_hough,fixed,edges,58,0,0,0.0,0.0,,4.402,7.184,1.038,0.098,0.957
canny_hough,fixed,edges,59,0,0,0.0,0.0,,4.487,7.587,0.982,0.094,1.344
canny_hough,fixed,edges,60,0,0,0.0,0.0,,4.36,7.96,0.998,0.091,1.828
canny_hough,fixed,edges,61,0,0,0.0,0.0,,5.013,7.794,0.984,0.091,1.012
canny_hough,fixed,edges,62,0,0,0.0,0.0,,4.519,7.661,1.133,0.188,1.084
canny_hough,fixed,edges,63,0,0,0.0,0.0,,4.64,7.353,0.988,0.093,0.956
canny_hough,fixed,edges,64,0,0,0.0,0.0,,4.516,7.288,1.003,0.101,0.974
canny_hough,fixed,edges,65,0,0,0.0,0.0,,4.722,10.159,0.996,0.091,3.679
canny_hough,fixed,edges,66,0,0,0.0,0.0,,4.635,7.44,1.114,0.101,0.914
canny_hough,fixed,edges,67,0,0,0.0,0.0,,4.686,7.029,0.665,0.095,0.836
canny_hough,fixed,edges,68,0,0,0.0,0.0,,6.074,8.337,0.65,0.091,0.835
canny_hough,fixed,edges,69,0,0,0.0,0.0,,7.236,10.904,1.072,0.259,1.519
canny_hough,fixed,edges,70,0,0,0.0,0.0,,7.073,12.711,0.71,0.11,3.96
canny_hough,fixed,edges,71,0,0,0.0,0.0,,7.074,9.55,0.657,0.097,0.85
canny_hough,fixed,edges,72,1,1,0.6,319.0,159.0,11.72,14.338,0.789,0.13,0.818
canny_hough,fixed,edges,73,0,0,0.0,0.0,,6.728,11.952,1.177,0.257,2.29
canny_hough,fixed,edges,74,0,0,0.0,0.0,,7.942,11.432,1.192,0.176,1.305
canny_hough,fixed,edges,75,0,0,0.0,0.0,,4.702,7.446,0.995,0.09,0.97
canny_hough,fixed,edges,76,0,0,0.0,0.0,,4.672,7.578,0.994,0.09,1.134
canny_hough,fixed,edges,77,0,0,0.0,0.0,,4.265,7.075,0.998,0.092,0.977
canny_hough,fixed,edges,78,0,0,0.0,0.0,,4.241,7.18,1.041,0.108,1.105
canny_hough,fixed,edges,79,0,0,0.0,0.0,,4.262,7.137,0.986,0.095,1.111
canny_hough,fixed,edges,80,1,1,0.15,319.0,159.0,2.521,5.365,0.986,0.097,0.963
canny_hough,fixed,edges,81,1,1,0.3,319.0,159.0,2.371,5.131,1.034,0.098,0.953
canny_hough,fixed,edges,82,1,1,0.3,319.0,159.0,2.472,5.254,0.985,0.09,1.025
canny_hough,fixed,edges,83,1,1,0.45,319.0,159.0,3.118,5.89,0.992,0.093,0.949
canny_hough,fixed,edges,84,0,0,0.0,0.0,,3.944,6.724,1.036,0.095,0.947
canny_hough,fixed,edges,85,0,0,0.0,0.0,,4.238,7.046,1.0,0.092,1.04
canny_hough,fixed,edges,86,0,0,0.0,0.0,,4.208,7.16,0.995,0.095,1.11
canny_hough,fixed,edges,87,0,0,0.0,0.0,,3.649,6.368,0.989,0.093,0.961
canny_hough,fixed,edges,88,0,0,0.0,0.0,,3.68,6.609,1.036,0.096,1.11
canny_hough,fixed,edges,89,0,0,0.0,0.0,,4.073,6.887,0.999,0.09,1.037
canny_hough,fixed,edges,90,0,0,0.0,0.0,,4.194,7.082,0.988,0.091,1.122
canny_hough,fixed,edges,91,0,0,0.0,0.0,,3.765,6.674,0.978,0.094,1.111
canny_hough,fixed,edges,92,0,0,0.0,0.0,,3.803,6.605,0.986,0.09,1.005
canny_hough,fixed,edges,93,0,0,0.0,0.0,,3.917,6.819,0.99,0.094,1.142
canny_hough,fixed,edges,94,0,0,0.0,0.0,,3.927,6.893,0.992,0.092,1.135
canny_hough,fixed,edges,95,0,0,0.0,0.0,,3.983,6.905,1.036,0.098,1.111
canny_hough,fixed,edges,96,0,0,0.0,0.0,,4.849,7.648,0.993,0.091,1.028
canny_hough,fixed,edges,97,0,0,0.0,0.0,,4.279,7.275,0.99,0.091,1.223
canny_hough,fixed,edges,98,0,0,0.0,0.0,,4.24,6.95,0.982,0.09,0.951
canny_hough,fixed,edges,99,0,0,0.0,0.0,,4.233,7.023,0.992,0.089,0.967
canny_hough,fixed,edges,100,0,0,0.0,0.0,,4.131,7.185,1.043,0.096,1.221
canny_hough,fixed,edges,101,0,0,0.0,0.0,,4.805,7.629,0.991,0.095,1.057
canny_hough,fixed,edges,102,0,0,0.0,0.0,,4.46,7.801,0.985,0.093,1.549
canny_hough,fixed,edges,103,0,0,0.0,0.0,,4.481,7.494,0.997,0.094,1.242
canny_hough,fixed,edges,104,1,1,0.6,304.26,144.26,3.57,6.312,0.998,0.093,0.965
canny_hough,fixed,edges,105,1,1,0.3,281.77,121.77,5.013,7.795,0.983,0.093,0.963
canny_hough,fixed,edges,106,1,1,0.3,281.77,121.77,5.124,8.104,1.057,0.095,1.136
canny_hough,fixed,edges,107,1,1,0.3,253.94,93.94,2.683,5.471,0.987,0.092,0.959
canny_hough,fixed,edges,108,1,1,0.3,253.94,93.94,2.699,5.437,0.995,0.092,0.968
canny_hough,fixed,edges,109,1,1,0.3,266.91,106.91,4.545,7.347,1.039,0.1,0.99
canny_hough,fixed,edges,110,1,1,0.3,266.91,106.91,4.556,7.653,0.985,0.092,1.347
canny_hough,fixed,edges,111,1,1,0.3,266.91,106.91,4.579,7.35,0.978,0.095,1.031
canny_hough,fixed,edges,112,0,0,0.0,0.0,,2.805,5.568,0.995,0.09,0.958
canny_hough,fixed,edges,113,0,0,0.0,0.0,,3.687,6.545,1.03,0.098,1.075
canny_hough,fixed,edges,114,0,0,0.0,0.0,,3.663,6.445,0.987,0.093,0.97
canny_hough,fixed,edges,115,1,1,0.3,0.0,-160.0,4.156,6.95,0.984,0.093,0.983
canny_hough,fixed,edges,116,1,1,0.3,0.0,-160.0,4.172,7.008,1.043,0.097,0.991
canny_hough,fixed,edges,117,1,1,0.6,0.0,-160.0,4.329,7.119,0.986,0.094,1.048
canny_hough,fixed,edges,118,1,1,0.6,0.0,-160.0,4.672,7.466,0.984,0.089,1.046
canny_hough,fixed,edges,119,1,1,0.6,0.0,-160.0,4.575,7.314,0.984,0.09,0.976
canny_hough,fixed,edges,120,1,1,0.6,0.0,-160.0,4.935,7.731,0.99,0.093,0.954
canny_hough,fixed,edges,121,1,1,0.6,0.0,-160.0,4.618,7.43,0.997,0.091,0.98
canny_hough,fixed,edges,122,1,1,0.6,0.0,-160.0,4.641,7.53,1.039,0.095,1.031
canny_hough,fixed,edges,123,1,1,0.6,0.0,-160.0,4.715,7.52,1.03,0.096,0.993
canny_hough,fixed,edges,124,1,1,0.6,0.0,-160.0,4.74,7.726,0.982,0.092,1.231
canny_hough,fixed,edges,125,1,1,0.6,42.12,-117.88,4.767,7.69,0.989,0.09,1.158
canny_hough,fixed,edges,126,1,1,0.6,67.45,-92.55,4.497,7.387,0.984,0.093,1.133
canny_hough,fixed,edges,127,1,1,0.6,67.45,-92.55,4.525,7.368,0.991,0.092,1.0
canny_hough,fixed,edges,128,0,0,0.0,0.0,,4.577,7.331,0.994,0.098,0.978
canny_hough,fixed,edges,129,0,0,0.0,0.0,,4.4,7.142,0.989,0.093,0.979
canny_hough,fixed,edges,130,0,0,0.0,0.0,,4.398,7.436,1.046,0.097,1.197
canny_hough,fixed,edges,131,0,0,0.0,0.0,,4.301,7.094,1.028,0.099,0.981
canny_hough,fixed,edges,132,0,0,0.0,0.0,,4.572,7.608,0.991,0.091,1.222
canny_hough,fixed,edges,133,1,1,0.6,319.0,159.0,4.298,7.386,0.988,0.119,1.314
canny_hough,fixed,edges,134,1,1,0.6,319.0,159.0,4.419,7.128,0.992,0.094,0.941
canny_hough,fixed,edges,135,1,1,0.6,319.0,159.0,4.29,7.018,0.981,0.094,0.973
canny_hough,fixed,edges,136,1,1,0.3,319.0,159.0,4.179,6.924,1.041,0.095,0.929
canny_hough,fixed,edges,137,1,1,0.45,319.0,159.0,4.255,7.147,0.983,0.091,1.141
canny_hough,fixed,edges,138,1,1,0.45,319.0,159.0,4.208,6.975,0.981,0.097,1.006
canny_hough,fixed,edges,139,1,1,0.45,319.0,159.0,4.2,7.08,0.988,0.1,1.125
canny_hough,fixed,edges,140,1,1,0.6,154.47,-5.53,4.79,7.612,0.992,0.09,0.989
canny_hough,fixed,edges,141,1,1,0.6,235.4,75.4,5.624,8.564,1.033,0.096,1.13
canny_hough,fixed,edges,142,1,1,0.6,243.1,83.1,5.951,8.755,0.986,0.093,0.994
canny_hough,fixed,edges,143,1,1,0.6,243.1,83.1,5.945,8.818,0.987,0.092,1.131
canny_hough,fixed,edges,144,1,1,0.6,216.22,56.22,6.487,9.379,0.994,0.09,1.11
canny_hough,fixed,edges,145,0,0,0.0,0.0,,1.37,4.354,1.114,0.164,0.989
canny_hough,fixed,edges,146,0,0,0.0,0.0,,0.675,3.4,0.972,0.09,0.962
canny_hough,fixed,edges,147,0,0,0.0,0.0,,0.677,3.385,1.016,0.097,0.955
canny_hough,fixed,edges,148,0,0,0.0,0.0,,0.683,3.426,0.962,0.091,1.055
canny_hough,fixed,edges,149,0,0,0.0,0.0,,0.681,3.498,0.973,0.089,1.123
canny_hough,fixed,edges,150,0,0,0.0,0.0,,1.935,4.825,0.967,0.09,1.189
canny_hough,fixed,edges,151,0,0,0.0,0.0,,1.922,4.808,0.97,0.091,1.19
canny_hough,fixed,edges,152,0,0,0.0,0.0,,1.942,4.666,1.016,0.097,0.941
canny_hough,fixed,edges,153,0,0,0.0,0.0,,3.523,6.212,0.975,0.09,0.982
canny_hough,fixed,edges,154,0,0,0.0,0.0,,3.523,6.475,0.978,0.094,1.218
canny_hough,fixed,edges,155,0,0,0.0,0.0,,3.509,6.248,0.99,0.093,0.992
canny_hough,fixed,edges,156,0,0,0.0,0.0,,3.173,6.216,1.05,0.115,1.198
canny_hough,fixed,edges,157,1,1,0.3,319.0,159.0,4.563,7.361,0.974,0.09,0.968
canny_hough,fixed,edges,158,1,1,0.3,319.0,159.0,4.579,7.291,1.0,0.092,0.945
canny_hough,fixed,edges,159,1,1,0.15,319.0,159.0,4.243,7.084,0.986,0.093,1.077
canny_hough,fixed,edges,160,0,0,0.0,0.0,,1.746,4.507,1.035,0.095,0.945
canny_hough,fixed,edges,161,1,1,0.3,319.0,159.0,4.218,7.129,0.976,0.094,1.12
canny_hough,fixed,edges,162,1,1,0.3,319.0,159.0,4.266,7.173,1.037,0.096,1.059
canny_hough,fixed,edges,163,1,1,0.6,319.0,159.0,4.845,7.665,0.981,0.091,1.07
canny_hough,fixed,edges,164,1,1,0.6,319.0,159.0,4.845,7.844,0.98,0.095,1.246
canny_hough,fixed,edges,165,1,1,0.15,319.0,159.0,3.396,6.777,0.986,0.093,1.627
canny_hough,fixed,edges,166,0,0,0.0,0.0,,2.974,5.671,0.981,0.092,0.957
canny_hough,fixed,edges,167,0,0,0.0,0.0,,2.975,5.74,0.988,0.135,0.979
canny_hough,fixed,edges,168,0,0,0.0,0.0,,3.027,6.097,0.988,0.091,1.311
canny_hough,fixed,edges,169,1,1,0.45,319.0,159.0,4.335,7.118,0.99,0.092,1.025
canny_hough,fixed,edges,170,1,1,0.45,319.0,159.0,4.385,7.189,0.993,0.092,1.037
canny_hough,fixed,edges,171,1,1,0.45,319.0,159.0,4.397,7.272,0.999,0.093,1.102
canny_hough,fixed,edges,172,1,1,0.3,319.0,159.0,3.302,6.171,0.981,0.091,1.079
canny_hough,fixed,edges,173,1,1,0.15,319.0,159.0,3.203,5.993,0.988,0.093,1.026
canny_hough,fixed,edges,174,1,1,0.3,319.0,159.0,3.889,6.617,0.988,0.09,0.981
canny_hough,fixed,edges,175,1,1,0.3,319.0,159.0,3.859,6.714,1.023,0.098,1.058
canny_hough,fixed,edges,176,1,1,0.45,319.0,159.0,4.17,7.149,0.987,0.095,1.228
canny_hough,fixed,edges,177,1,1,0.45,319.0,159.0,4.28,7.003,0.976,0.097,0.987
canny_hough,fixed,edges,178,1,1,0.45,319.0,159.0,4.234,7.12,0.982,0.094,1.115
canny_hough,fixed,edges,179,1,1,0.45,319.0,159.0,4.227,7.116,1.045,0.098,1.069
canny_hough,fixed,edges,180,1,1,0.15,319.0,159.0,3.055,5.864,0.999,0.141,0.986
canny_hough,fixed,edges,181,1,1,0.3,319.0,159.0,3.91,6.673,0.977,0.092,1.007
canny_hough,fixed,edges,182,1,1,0.3,319.0,159.0,3.611,6.429,1.034,0.096,0.989
canny_hough,fixed,edges,183,1,1,0.3,319.0,159.0,3.633,6.514,0.986,0.093,1.12
canny_hough,fixed,edges,184,1,1,0.3,319.0,159.0,3.66,6.513,0.988,0.09,1.091
canny_hough,fixed,edges,185,1,1,0.3,319.0,159.0,3.756,6.683,1.03,0.094,1.127
canny_hough,fixed,edges,186,1,1,0.3,319.0,159.0,3.671,6.653,0.992,0.092,1.223
canny_hough,fixed,edges,187,1,1,0.3,319.0,159.0,3.643,6.517,0.984,0.09,1.129
canny_hough,fixed,edges,188,1,1,0.15,319.0,159.0,4.099,6.92,1.033,0.096,0.979
canny_hough,fixed,edges,189,1,1,0.6,319.0,159.0,4.268,7.066,0.979,0.094,1.053
canny_hough,fixed,edges,190,1,1,0.6,319.0,159.0,4.236,7.064,0.984,0.102,1.058
canny_hough,fixed,edges,191,1,1,0.6,319.0,159.0,4.247,7.043,0.975,0.09,1.063
canny_hough,fixed,edges,192,1,1,0.45,319.0,159.0,3.812,6.727,1.026,0.095,1.087
canny_hough,fixed,edges,193,1,1,0.15,319.0,159.0,3.683,6.655,0.996,0.099,1.205
canny_hough,fixed,edges,194,0,0,0.0,0.0,,5.144,8.421,1.124,0.169,1.187
canny_hough,fixed,edges,195,0,0,0.0,0.0,,4.6,7.335,0.977,0.094,0.991
canny_hough,fixed,edges,196,1,1,0.45,319.0,159.0,3.812,6.61,0.996,0.09,1.025
canny_hough,fixed,edges,197,1,1,0.15,319.0,159.0,3.141,5.927,1.048,0.099,0.958
canny_hough,fixed,edges,198,1,1,0.15,319.0,159.0,3.138,5.925,0.992,0.09,1.019
canny_hough,fixed,edges,199,1,1,0.45,319.0,159.0,3.421,6.235,1.021,0.098,1.018
canny_hough,fixed,edges,200,1,1,0.45,319.0,159.0,3.406,6.188,0.992,0.094,0.946
canny_hough,fixed,edges,201,1,1,0.45,319.0,159.0,3.854,6.645,0.993,0.093,0.959
canny_hough,fixed,edges,202,1,1,0.6,319.0,159.0,4.0,6.811,0.985,0.095,1.026
canny_hough,fixed,edges,203,1,1,0.6,319.0,159.0,4.048,6.969,0.98,0.096,1.09
canny_hough,fixed,edges,204,1,1,0.45,319.0,159.0,4.144,6.893,1.008,0.092,0.961
canny_hough,fixed,edges,205,1,1,0.6,319.0,159.0,4.002,6.881,1.033,0.098,1.029
canny_hough,fixed,edges,206,1,1,0.6,319.0,159.0,3.997,6.93,0.983,0.093,1.178
canny_hough,fixed,edges,207,1,1,0.6,319.0,159.0,4.284,7.014,0.982,0.092,0.976
canny_hough,fixed,edges,208,1,1,0.6,319.0,159.0,4.575,7.308,0.986,0.09,0.965
canny_hough,fixed,edges,209,1,1,0.6,319.0,159.0,4.496,7.44,0.983,0.093,1.087
canny_hough,fixed,edges,210,1,1,0.6,319.0,159.0,4.421,7.236,1.037,0.104,0.998
canny_hough,fixed,edges,211,1,1,0.6,319.0,159.0,4.334,7.131,0.986,0.091,1.066
canny_hough,fixed,edges,212,1,1,0.6,319.0,159.0,4.327,7.275,0.993,0.089,1.127
canny_hough,fixed,edges,213,1,1,0.6,311.31,151.31,3.924,6.655,0.992,0.095,0.959
canny_hough,fixed,edges,214,1,1,0.6,311.31,151.31,3.932,6.676,0.972,0.089,0.941
canny_hough,fixed,edges,215,1,1,0.6,276.52,116.52,4.816,7.768,0.972,0.091,1.22
canny_hough,fixed,edges,216,1,1,0.6,242.75,82.75,5.166,8.116,0.985,0.09,1.174
canny_hough,fixed,edges,217,1,1,0.6,245.98,85.98,5.331,8.287,0.989,0.095,1.19
canny_hough,fixed,edges,218,1,1,0.45,232.7,72.7,3.735,6.531,1.042,0.096,0.968
canny_hough,fixed,edges,219,1,1,0.45,232.7,72.7,3.691,6.514,0.983,0.103,0.994
canny_hough,fixed,edges,220,1,1,0.6,232.83,72.83,3.616,6.44,0.984,0.09,0.997
canny_hough,fixed,edges,221,1,1,0.45,218.62,58.62,3.158,5.942,0.992,0.095,1.023
canny_hough,fixed,edges,222,1,1,0.45,218.62,58.62,3.118,5.865,0.993,0.094,0.95
canny_hough,fixed,edges,223,1,1,0.45,218.62,58.62,3.145,6.056,0.994,0.091,1.151
canny_hough,fixed,edges,224,1,1,0.45,218.62,58.62,3.148,5.887,0.983,0.094,0.984
canny_hough,fixed,edges,225,1,1,0.3,215.03,55.03,6.477,9.408,0.983,0.093,1.192
canny_hough,fixed,edges,226,1,1,0.3,215.03,55.03,6.568,9.493,0.992,0.092,1.104
canny_hough,fixed,edges,227,1,1,0.3,211.05,51.05,6.562,9.401,0.981,0.097,1.017
canny_hough,fixed,edges,228,1,1,0.3,211.05,51.05,6.668,9.511,1.037,0.098,1.021
canny_hough,fixed,edges,229,1,1,0.3,215.37,55.37,5.152,7.94,0.996,0.093,1.013
canny_hough,fixed,edges,230,1,1,0.3,219.26,59.26,5.072,7.898,0.995,0.102,1.057
canny_hough,fixed,edges,231,1,1,0.3,219.26,59.26,5.07,7.842,0.992,0.093,1.001
canny_hough,fixed,edges,232,1,1,0.45,211.44,51.44,6.918,9.836,0.988,0.09,1.123
canny_hough,fixed,edges,233,1,1,0.3,216.65,56.65,6.759,9.627,0.991,0.091,1.103
canny_hough,fixed,edges,234,1,1,0.3,217.08,57.08,6.492,9.319,0.999,0.094,0.998
canny_hough,fixed,edges,235,1,1,0.3,217.08,57.08,6.528,9.29,0.982,0.09,1.023
canny_hough,fixed,edges,236,1,1,0.3,214.2,54.2,6.506,9.354,0.994,0.137,1.028
canny_hough,fixed,edges,237,1,1,0.3,215.96,55.96,6.668,9.594,0.989,0.092,1.102
canny_hough,fixed,edges,238,1,1,0.3,215.96,55.96,6.633,9.582,0.984,0.097,1.193
canny_hough,fixed,edges,239,1,1,0.15,217.34,57.34,6.541,9.528,1.052,0.114,1.131
canny_hough,fixed,edges,240,1,1,0.15,217.34,57.34,6.601,9.356,0.982,0.09,1.002
canny_hough,fixed,edges,241,1,1,0.3,215.63,55.63,6.386,9.608,0.992,0.094,1.398
canny_hough,fixed,edges,242,1,1,0.3,218.97,58.97,6.582,9.444,0.991,0.092,1.001
canny_hough,fixed,edges,243,1,1,0.3,218.97,58.97,6.49,9.341,0.988,0.091,1.027
canny_hough,fixed,edges,244,1,1,0.3,214.87,54.87,6.776,9.61,1.028,0.097,1.02
canny_hough,fixed,edges,245,1,1,0.15,216.94,56.94,6.487,9.382,0.993,0.093,1.131
canny_hough,fixed,edges,246,1,1,0.15,216.94,56.94,6.511,9.399,0.994,0.113,1.101
canny_hough,fixed,edges,247,1,1,0.15,214.68,54.68,6.579,9.413,1.028,0.099,1.02
canny_hough,fixed,edges,248,1,1,0.15,214.68,54.68,6.559,9.349,1.001,0.094,1.018
canny_hough,fixed,edges,249,1,1,0.3,217.86,57.86,6.536,9.388,0.99,0.092,1.088
canny_hough,fixed,edges,250,1,1,0.3,217.86,57.86,6.608,9.456,0.988,0.098,0.997
canny_hough,fixed,edges,251,1,1,0.3,217.87,57.87,6.657,9.415,0.988,0.09,0.997
canny_hough,fixed,edges,252,1,1,0.3,217.87,57.87,6.659,9.51,0.98,0.142,1.015
canny_hough,fixed,edges,253,1,1,0.3,219.2,59.2,6.573,9.381,0.983,0.094,1.049
canny_hough,fixed,edges,254,1,1,0.3,219.2,59.2,6.667,9.525,0.982,0.095,1.097
canny_hough,fixed,edges,255,1,1,0.3,219.2,59.2,6.649,9.568,1.033,0.094,1.112
canny_hough,fixed,edges,256,1,1,0.15,217.77,57.77,6.564,9.325,0.996,0.094,0.998
canny_hough,fixed,edges,257,1,1,0.3,218.59,58.59,6.426,9.298,0.998,0.093,1.096
canny_hough,fixed,edges,258,1,1,0.3,218.59,58.59,6.58,9.509,1.043,0.093,1.103
canny_hough,fixed,edges,259,1,1,0.3,215.13,55.13,6.645,9.401,0.979,0.092,1.018
canny_hough,fixed,edges,260,1,1,0.3,217.85,57.85,6.426,9.374,0.99,0.133,1.141
canny_hough,fixed,edges,261,1,1,0.3,219.94,59.94,6.387,9.246,0.989,0.091,1.041
canny_hough,fixed,edges,262,1,1,0.3,219.94,59.94,6.366,9.269,0.995,0.094,1.02
canny_hough,fixed,edges,263,1,1,0.3,219.85,59.85,6.529,9.498,1.031,0.098,1.103
canny_hough,fixed,edges,264,1,1,0.3,219.85,59.85,6.606,9.39,1.0,0.091,1.009
canny_hough,fixed,edges,265,1,1,0.3,217.32,57.32,6.659,9.499,0.984,0.091,1.088
canny_hough,fixed,edges,266,1,1,0.3,217.32,57.32,7.138,10.044,1.027,0.094,1.1
canny_hough,fixed,edges,267,1,1,0.3,219.85,59.85,6.681,9.756,1.038,0.127,1.204
canny_hough,fixed,edges,268,1,1,0.3,219.85,59.85,6.662,9.52,1.046,0.098,1.021
canny_hough,fixed,edges,269,1,1,0.3,219.91,59.91,6.663,9.447,0.988,0.091,1.024
canny_hough,fixed,edges,270,1,1,0.3,219.91,59.91,6.683,9.617,0.992,0.091,1.164
canny_hough,fixed,edges,271,1,1,0.3,217.37,57.37,6.349,9.204,0.993,0.094,1.021
canny_hough,fixed,edges,272,1,1,0.3,217.37,57.37,6.436,9.341,0.992,0.091,1.106
canny_hough,fixed,edges,273,1,1,0.3,217.87,57.87,6.486,9.348,0.992,0.093,1.087
canny_hough,fixed,edges,274,1,1,0.15,217.12,57.12,6.538,9.395,0.989,0.092,1.036
canny_hough,fixed,edges,275,1,1,0.15,217.12,57.12,6.488,9.348,0.994,0.094,1.019
canny_hough,fixed,edges,276,1,1,0.3,219.14,59.14,6.466,9.404,1.023,0.097,1.115
canny_hough,fixed,edges,277,1,1,0.15,218.66,58.66,6.524,9.391,0.991,0.09,1.108
canny_hough,fixed,edges,278,1,1,0.3,218.22,58.22,6.753,9.7,0.989,0.094,1.187
canny_hough,fixed,edges,279,1,1,0.3,218.22,58.22,6.768,9.614,1.033,0.095,1.02
canny_hough,fixed,edges,280,1,1,0.3,219.67,59.67,6.646,9.427,0.989,0.091,1.014
canny_hough,fixed,edges,281,1,1,0.3,217.48,57.48,6.841,9.748,1.051,0.114,1.056
canny_hough,fixed,edges,282,1,1,0.3,219.52,59.52,6.735,9.558,0.984,0.092,1.02
canny_hough,fixed,edges,283,1,1,0.3,219.52,59.52,6.59,9.563,0.985,0.092,1.205
canny_hough,fixed,edges,284,1,1,0.3,215.99,55.99,6.571,9.535,0.993,0.093,1.119
canny_hough,fixed,edges,285,1,1,0.3,216.58,56.58,6.774,9.557,0.993,0.096,1.024
canny_hough,fixed,edges,286,1,1,0.3,217.77,57.77,6.846,9.768,1.041,0.095,1.103
canny_hough,fixed,edges,287,1,1,0.3,217.77,57.77,6.921,9.725,0.998,0.093,1.03
canny_hough,fixed,edges,288,1,1,0.15,219.84,59.84,6.688,9.545,1.0,0.099,1.078
canny_hough,fixed,edges,289,1,1,0.3,217.42,57.42,6.606,9.395,0.979,0.094,1.02
canny_hough,fixed,edges,290,1,1,0.3,217.42,57.42,6.551,9.4,0.98,0.091,1.094
canny_hough,fixed,edges,291,1,1,0.3,220.23,60.23,6.707,9.563,1.05,0.099,1.021
canny_hough,fixed,edges,292,1,1,0.15,219.84,59.84,6.644,9.567,0.995,0.091,1.113
canny_hough,fixed,edges,293,1,1,0.3,217.95,57.95,6.29,9.137,0.994,0.09,1.092
canny_hough,fixed,edges,294,1,1,0.3,217.95,57.95,6.36,9.197,1.042,0.093,1.015
canny_hough,fixed,edges,295,1,1,0.3,216.16,56.16,6.505,9.411,0.99,0.101,1.129
canny_hough,fixed,edges,296,1,1,0.3,218.73,58.73,6.524,9.551,0.995,0.097,1.249
canny_hough,fixed,edges,297,1,1,0.3,219.2,59.2,6.728,9.584,0.984,0.093,1.03
canny_hough,fixed,edges,298,1,1,0.3,219.2,59.2,6.613,9.567,0.991,0.089,1.102
canny_hough,fixed,edges,299,1,1,0.15,217.12,57.12,6.417,9.357,1.035,0.096,1.118
canny_hough,fixed,edges,300,1,1,0.15,217.12,57.12,7.248,10.035,0.993,0.095,1.009
canny_hough,fixed,edges,301,1,1,0.3,220.23,60.23,7.433,10.651,1.184,0.103,1.173
canny_hough,fixed,edges,302,1,1,0.3,215.03,55.03,7.395,10.659,1.142,0.099,1.221
canny_hough,fixed,edges,303,1,1,0.3,215.03,55.03,7.393,10.712,1.137,0.098,1.266
canny_hough,fixed,edges,304,1,1,0.3,217.48,57.48,7.495,10.702,1.182,0.107,1.159
canny_hough,fixed,edges,305,1,1,0.3,218.13,58.13,7.463,10.73,1.149,0.106,1.251
canny_hough,fixed,edges,306,1,1,0.3,218.14,58.14,7.39,10.647,1.132,0.099,1.263
canny_hough,fixed,edges,307,1,1,0.3,218.14,58.14,8.331,11.753,1.186,0.12,1.329
canny_hough,fixed,edges,308,1,1,0.3,219.06,59.06,7.695,10.923,1.21,0.116,1.135
canny_hough,fixed,edges,309,1,1,0.3,223.75,63.75,3.247,6.521,1.127,0.103,1.285
canny_hough,fixed,edges,310,1,1,0.15,224.64,64.64,5.177,8.369,1.126,0.097,1.207
canny_hough,fixed,edges,311,1,1,0.15,224.64,64.64,5.102,7.945,0.989,0.092,1.075
canny_hough,fixed,edges,312,1,1,0.3,221.51,61.51,5.362,8.144,0.976,0.093,0.986
canny_hough,fixed,edges,313,1,1,0.3,224.28,64.28,5.271,8.086,0.984,0.092,1.047
canny_hough,fixed,edges,314,1,1,0.3,224.28,64.28,5.208,8.02,0.989,0.097,1.042
canny_hough,fixed,edges,315,1,1,0.3,220.25,60.25,5.011,7.899,0.983,0.095,1.075
canny_hough,fixed,edges,316,1,1,0.3,220.8,60.8,6.532,9.314,0.995,0.1,1.001
canny_hough,fixed,edges,317,1,1,0.3,221.93,61.93,6.602,9.442,0.988,0.141,1.027
canny_hough,fixed,edges,318,1,1,0.3,221.93,61.93,6.641,9.427,0.992,0.096,1.016
canny_hough,fixed,edges,319,1,1,0.3,218.59,58.59,5.642,8.511,0.984,0.092,1.112
canny_hough,fixed,edges,320,1,1,0.3,221.97,61.97,6.653,9.856,1.041,0.168,1.262
canny_hough,fixed,edges,321,1,1,0.3,222.1,62.1,6.624,9.504,0.99,0.094,1.113
canny_hough,fixed,edges,322,1,1,0.3,222.1,62.1,6.538,9.537,0.982,0.092,1.196
canny_hough,fixed,edges,323,1,1,0.3,219.39,59.39,6.354,9.164,1.024,0.106,1.012
canny_hough,fixed,edges,324,1,1,0.3,219.39,59.39,6.393,9.283,0.991,0.09,1.117
canny_hough,fixed,edges,325,1,1,0.3,219.87,59.87,6.522,9.398,0.992,0.092,1.094
canny_hough,fixed,edges,326,1,1,0.3,219.87,59.87,6.635,9.552,1.035,0.095,1.116
canny_hough,fixed,edges,327,1,1,0.3,222.83,62.83,6.424,9.3,0.998,0.094,1.118
canny_hough,fixed,edges,328,1,1,0.3,222.83,62.83,6.458,9.458,0.991,0.09,1.235
canny_hough,fixed,edges,329,1,1,0.3,220.28,60.28,6.46,9.335,0.993,0.096,1.033
canny_hough,fixed,edges,330,1,1,0.3,220.28,60.28,6.422,9.364,0.995,0.091,1.091
canny_hough,fixed,edges,331,1,1,0.15,219.9,59.9,6.176,9.031,1.039,0.099,1.033
canny_hough,fixed,edges,332,1,1,0.15,219.9,59.9,6.294,9.263,0.995,0.097,1.111
canny_hough,fixed,edges,333,1,1,0.3,222.06,62.06,6.382,9.155,0.993,0.092,1.012
canny_hough,fixed,edges,334,1,1,0.3,222.06,62.06,6.352,9.378,0.986,0.093,1.256
canny_hough,fixed,edges,335,1,1,0.3,219.37,59.37,6.491,9.458,0.993,0.096,1.129
canny_hough,fixed,edges,336,1,1,0.3,221.24,61.24,6.463,9.238,0.988,0.092,1.005
canny_hough,fixed,edges,337,1,1,0.3,219.57,59.57,6.398,9.202,0.982,0.091,1.053
canny_hough,fixed,edges,338,1,1,0.3,219.57,59.57,6.382,9.239,0.994,0.094,1.018
canny_hough,fixed,edges,339,1,1,0.3,223.89,63.89,6.353,9.263,0.98,0.09,1.13
canny_hough,fixed,edges,340,1,1,0.3,220.85,60.85,6.44,9.313,1.003,0.091,1.088
canny_hough,fixed,edges,341,1,1,0.15,221.77,61.77,6.208,9.05,0.99,0.092,1.031
canny_hough,fixed,edges,342,1,1,0.15,221.77,61.77,7.016,9.936,0.992,0.093,1.108
canny_hough,fixed,edges,343,1,1,0.3,221.37,61.37,6.616,9.522,1.058,0.112,1.034
canny_hough,fixed,edges,344,1,1,0.3,222.77,62.77,6.494,9.377,0.986,0.093,1.12
canny_hough,fixed,edges,345,1,1,0.15,221.77,61.77,6.36,9.946,0.988,0.092,1.817
canny_hough,fixed,edges,346,1,1,0.15,221.77,61.77,6.422,9.31,0.998,0.108,1.031
canny_hough,fixed,edges,347,1,1,0.3,220.87,60.87,6.561,9.387,0.99,0.092,1.024
canny_hough,fixed,edges,348,1,1,0.3,220.87,60.87,6.731,9.683,1.035,0.097,1.124
canny_hough,fixed,edges,349,1,1,0.15,221.77,61.77,6.44,9.373,1.015,0.094,1.141
canny_hough,fixed,edges,350,1,1,0.3,220.91,60.91,6.42,9.276,0.989,0.091,1.081
canny_hough,fixed,edges,351,1,1,0.3,220.91,60.91,6.472,9.315,1.039,0.097,1.028
canny_hough,fixed,edges,352,1,1,0.3,223.22,63.22,6.585,9.389,0.986,0.094,1.021
canny_hough,fixed,edges,353,1,1,0.15,222.83,62.83,6.193,9.201,0.989,0.096,1.246
canny_hough,fixed,edges,354,1,1,0.3,220.91,60.91,6.396,9.228,1.033,0.096,1.011
canny_hough,fixed,edges,355,1,1,0.3,220.91,60.91,6.333,9.102,0.999,0.095,0.999
canny_hough,fixed,edges,356,1,1,0.3,217.1,57.1,6.621,10.378,0.981,0.095,2.006
canny_hough,fixed,edges,357,1,1,0.3,221.98,61.98,6.874,9.741,0.993,0.096,1.103
canny_hough,fixed,edges,358,1,1,0.3,221.2,61.2,6.595,9.648,0.992,0.091,1.298
canny_hough,fixed,edges,359,1,1,0.3,221.2,61.2,6.587,9.393,0.982,0.091,1.02
canny_hough,fixed,edges,360,1,1,0.15,221.65,61.65,6.377,9.272,0.98,0.097,1.133
canny_hough,otsu,edges,0,0,0,0.0,0.0,,4.551,7.483,0.965,0.413,0.843
canny_hough,otsu,edges,1,0,0,0.0,0.0,,4.393,6.967,0.653,0.427,0.82
canny_hough,otsu,edges,2,0,0,0.0,0.0,,4.423,7.032,0.648,0.378,0.822
canny_hough,otsu,edges,3,0,0,0.0,0.0,,4.376,6.916,0.655,0.377,0.821
canny_hough,otsu,edges,4,0,0,0.0,0.0,,4.433,7.007,0.633,0.376,0.814
canny_hough,otsu,edges,5,0,0,0.0,0.0,,4.478,7.073,0.661,0.414,0.83
canny_hough,otsu,edges,6,0,0,0.0,0.0,,4.499,7.118,0.644,0.377,0.903
canny_hough,otsu,edges,7,0,0,0.0,0.0,,4.417,6.987,0.653,0.386,0.844
canny_hough,otsu,edges,8,0,0,0.0,0.0,,4.518,7.032,0.635,0.376,0.821
canny_hough,otsu,edges,9,0,0,0.0,0.0,,4.404,6.98,0.682,0.378,0.822
canny_hough,otsu,edges,10,0,0,0.0,0.0,,4.37,7.004,0.655,0.373,0.879
canny_hough,otsu,edges,11,0,0,0.0,0.0,,4.788,7.325,0.647,0.377,0.827
canny_hough,otsu,edges,12,0,0,0.0,0.0,,4.54,7.075,0.648,0.378,0.822
canny_hough,otsu,edges,13,0,0,0.0,0.0,,4.536,7.679,0.638,0.374,1.355
canny_hough,otsu,edges,14,0,0,0.0,0.0,,4.464,7.085,0.658,0.389,0.831
canny_hough,otsu,edges,15,0,0,0.0,0.0,,4.52,7.11,0.659,0.416,0.835
canny_hough,otsu,edges,16,0,0,0.0,0.0,,4.591,7.203,0.641,0.375,0.901
canny_hough,otsu,edges,17,0,0,0.0,0.0,,4.642,7.177,0.64,0.38,0.829
canny_hough,otsu,edges,18,0,0,0.0,0.0,,4.524,7.039,0.643,0.372,0.817
canny_hough,otsu,edges,19,0,0,0.0,0.0,,4.369,6.935,0.676,0.38,0.823
canny_hough,otsu,edges,20,0,0,0.0,0.0,,4.396,7.007,0.657,0.387,0.87
canny_hough,otsu,edges,21,0,0,0.0,0.0,,4.618,7.236,0.65,0.385,0.821
canny_hough,otsu,edges,22,0,0,0.0,0.0,,4.24,6.767,0.649,0.376,0.818
canny_hough,otsu,edges,23,0,0,0.0,0.0,,4.177,6.752,0.636,0.373,0.814
canny_hough,otsu,edges,24,0,0,0.0,0.0,,4.514,7.112,0.654,0.379,0.881
canny_hough,otsu,edges,25,0,0,0.0,0.0,,4.588,7.207,0.652,0.375,0.836
canny_hough,otsu,edges,26,0,0,0.0,0.0,,4.542,7.086,0.649,0.382,0.819
canny_hough,otsu,edges,27,0,0,0.0,0.0,,4.544,7.172,0.658,0.378,0.843
canny_hough,otsu,edges,28,0,0,0.0,0.0,,4.53,7.136,0.696,0.389,0.842
canny_hough,otsu,edges,29,0,0,0.0,0.0,,4.541,7.144,0.64,0.377,0.905
canny_hough,otsu,edges,30,0,0,0.0,0.0,,4.749,7.363,0.637,0.374,0.819
canny_hough,otsu,edges,31,0,0,0.0,0.0,,4.778,7.327,0.642,0.377,0.841
canny_hough,otsu,edges,32,0,0,0.0,0.0,,4.495,7.027,0.636,0.379,0.828
canny_hough,otsu,edges,33,0,0,0.0,0.0,,4.462,7.029,0.679,0.381,0.824
canny_hough,otsu,edges,34,0,0,0.0,0.0,,4.512,7.083,0.641,0.378,0.862
canny_hough,otsu,edges,35,0,0,0.0,0.0,,4.424,7.002,0.621,0.382,0.823
canny_hough,otsu,edges,36,0,0,0.0,0.0,,4.374,6.902,0.638,0.375,0.826
canny_hough,otsu,edges,37,0,0,0.0,0.0,,4.511,7.083,0.631,0.374,0.817
canny_hough,otsu,edges,38,0,0,0.0,0.0,,4.465,7.028,0.636,0.42,0.815
canny_hough,otsu,edges,39,0,0,0.0,0.0,,4.422,7.039,0.641,0.377,0.918
canny_hough,otsu,edges,40,0,0,0.0,0.0,,4.553,7.198,0.646,0.377,0.837
canny_hough,otsu,edges,41,0,0,0.0,0.0,,4.68,7.156,0.618,0.372,0.814
canny_hough,otsu,edges,42,0,0,0.0,0.0,,4.331,6.946,0.711,0.388,0.819
canny_hough,otsu,edges,43,0,0,0.0,0.0,,4.539,7.112,0.637,0.379,0.884
canny_hough,otsu,edges,44,0,0,0.0,0.0,,4.629,7.233,0.64,0.375,0.822
canny_hough,otsu,edges,45,0,0,0.0,0.0,,4.503,7.058,0.643,0.377,0.837
canny_hough,otsu,edges,46,0,0,0.0,0.0,,4.518,7.046,0.63,0.379,0.83
canny_hough,otsu,edges,47,0,0,0.0,0.0,,4.594,7.21,0.724,0.381,0.822
canny_hough,otsu,edges,48,0,0,0.0,0.0,,4.582,7.196,0.647,0.376,0.899
canny_hough,otsu,edges,49,0,0,0.0,0.0,,4.523,7.094,0.615,0.382,0.821
canny_hough,otsu,edges,50,0,0,0.0,0.0,,4.508,7.072,0.646,0.374,0.83
canny_hough,otsu,edges,51,0,0,0.0,0.0,,4.787,7.373,0.634,0.376,0.822
canny_hough,otsu,edges,52,0,0,0.0,0.0,,4.519,7.132,0.707,0.385,0.823
canny_hough,otsu,edges,53,0,0,0.0,0.0,,4.524,7.121,0.645,0.419,0.846
canny_hough,otsu,edges,54,0,0,0.0,0.0,,4.255,6.845,0.645,0.374,0.878
canny_hough,otsu,edges,55,0,0,0.0,0.0,,4.346,6.873,0.632,0.379,0.843
canny_hough,otsu,edges,56,0,0,0.0,0.0,,4.349,6.92,0.618,0.386,0.832
canny_hough,otsu,edges,57,0,0,0.0,0.0,,4.717,7.313,0.643,0.417,0.841
canny_hough,otsu,edges,58,0,0,0.0,0.0,,4.453,7.062,0.636,0.376,0.91
canny_hough,otsu,edges,59,0,0,0.0,0.0,,4.356,6.882,0.646,0.374,0.83
canny_hough,otsu,edges,60,0,0,0.0,0.0,,4.416,7.045,0.644,0.375,0.818
canny_hough,otsu,edges,61,0,0,0.0,0.0,,4.49,7.07,0.69,0.383,0.822
canny_hough,otsu,edges,62,0,0,0.0,0.0,,4.615,7.242,0.65,0.377,0.913
canny_hough,otsu,edges,63,0,0,0.0,0.0,,4.613,7.157,0.652,0.38,0.826
canny_hough,otsu,edges,64,0,0,0.0,0.0,,4.546,7.091,0.647,0.378,0.827
canny_hough,otsu,edges,65,0,0,0.0,0.0,,4.676,7.276,0.645,0.372,0.837
canny_hough,otsu,edges,66,0,0,0.0,0.0,,5.334,8.4,0.683,0.379,1.287
canny_hough,otsu,edges,67,0,0,0.0,0.0,,4.63,7.195,0.626,0.38,0.815
canny_hough,otsu,edges,68,0,0,0.0,0.0,,4.441,7.032,0.648,0.424,0.837
canny_hough,otsu,edges,69,0,0,0.0,0.0,,4.748,7.385,0.65,0.374,0.922
canny_hough,otsu,edges,70,0,0,0.0,0.0,,5.048,7.618,0.645,0.378,0.808
canny_hough,otsu,edges,71,0,0,0.0,0.0,,4.845,7.374,0.642,0.372,0.828
canny_hough,otsu,edges,72,1,1,0.6,319.0,159.0,3.479,5.922,0.624,0.381,0.76
canny_hough,otsu,edges,73,0,0,0.0,0.0,,4.749,7.307,0.645,0.373,0.857
canny_hough,otsu,edges,74,0,0,0.0,0.0,,5.18,7.797,0.654,0.374,0.876
canny_hough,otsu,edges,75,0,0,0.0,0.0,,5.379,8.123,0.641,0.38,0.953
canny_hough,otsu,edges,76,0,0,0.0,0.0,,4.738,7.378,0.642,0.38,0.911
canny_hough,otsu,edges,77,0,0,0.0,0.0,,4.374,6.886,0.675,0.376,0.774
canny_hough,otsu,edges,78,0,0,0.0,0.0,,4.378,6.873,0.646,0.372,0.781
canny_hough,otsu,edges,79,0,0,0.0,0.0,,4.271,6.799,0.697,0.376,0.774
canny_hough,otsu,edges,80,1,1,0.15,319.0,159.0,2.499,5.073,0.647,0.376,0.831
canny_hough,otsu,edges,81,1,1,0.3,319.0,159.0,2.441,4.936,0.674,0.379,0.714
canny_hough,otsu,edges,82,1,1,0.3,319.0,159.0,2.441,4.85,0.631,0.377,0.707
canny_hough,otsu,edges,83,1,1,0.45,319.0,159.0,3.123,5.581,0.636,0.377,0.762
canny_hough,otsu,edges,84,0,0,0.0,0.0,,4.046,6.596,0.643,0.415,0.804
canny_hough,otsu,edges,85,0,0,0.0,0.0,,4.49,7.055,0.646,0.371,0.806
canny_hough,otsu,edges,86,0,0,0.0,0.0,,4.165,7.112,0.647,0.385,1.248
canny_hough,otsu,edges,87,0,0,0.0,0.0,,3.639,6.201,0.639,0.384,0.796
canny_hough,otsu,edges,88,0,0,0.0,0.0,,3.575,6.162,0.647,0.374,0.872
canny_hough,otsu,edges,89,0,0,0.0,0.0,,4.062,6.544,0.636,0.376,0.783
canny_hough,otsu,edges,90,0,0,0.0,0.0,,4.06,6.645,0.648,0.42,0.791
canny_hough,otsu,edges,91,0,0,0.0,0.0,,3.779,6.267,0.65,0.375,0.794
canny_hough,otsu,edges,92,0,0,0.0,0.0,,3.769,6.373,0.631,0.376,0.827
canny_hough,otsu,edges,93,0,0,0.0,0.0,,3.935,6.551,0.647,0.378,0.917
canny_hough,otsu,edges,94,0,0,0.0,0.0,,4.144,6.659,0.652,0.374,0.802
canny_hough,otsu,edges,95,0,0,0.0,0.0,,3.938,6.478,0.691,0.375,0.793
canny_hough,otsu,edges,96,0,0,0.0,0.0,,4.364,7.006,0.659,0.378,0.919
canny_hough,otsu,edges,97,0,0,0.0,0.0,,4.258,6.855,0.644,0.378,0.861
canny_hough,otsu,edges,98,0,0,0.0,0.0,,4.24,6.799,0.633,0.376,0.794
canny_hough,otsu,edges,99,0,0,0.0,0.0,,4.271,6.792,0.635,0.42,0.797
canny_hough,otsu,edges,100,0,0,0.0,0.0,,4.188,6.813,0.657,0.379,0.797
canny_hough,otsu,edges,101,0,0,0.0,0.0,,4.783,7.327,0.64,0.38,0.838
canny_hough,otsu,edges,102,0,0,0.0,0.0,,5.025,7.81,0.789,0.382,0.857
canny_hough,otsu,edges,103,0,0,0.0,0.0,,5.015,7.943,0.741,0.434,0.932
canny_hough,otsu,edges,104,1,1,0.6,304.26,144.26,3.917,6.765,0.71,0.433,0.871
canny_hough,otsu,edges,105,1,1,0.3,281.77,121.77,5.731,8.606,0.733,0.475,0.905
canny_hough,otsu,edges,106,1,1,0.3,281.77,121.77,5.74,8.675,0.779,0.438,0.903
canny_hough,otsu,edges,107,1,1,0.3,253.94,93.94,2.981,5.825,0.72,0.43,0.863
canny_hough,otsu,edges,108,1,1,0.3,253.94,93.94,2.954,5.822,0.737,0.432,0.942
canny_hough,otsu,edges,109,1,1,0.3,266.91,106.91,5.136,8.006,0.707,0.435,0.909
canny_hough,otsu,edges,110,1,1,0.3,266.91,106.91,5.211,8.103,0.714,0.43,0.892
canny_hough,otsu,edges,111,1,1,0.3,266.91,106.91,5.134,7.998,0.708,0.434,0.9
canny_hough,otsu,edges,112,0,0,0.0,0.0,,3.19,5.944,0.714,0.428,0.841
canny_hough,otsu,edges,113,0,0,0.0,0.0,,4.162,7.001,0.712,0.428,0.946
canny_hough,otsu,edges,114,0,0,0.0,0.0,,4.277,7.003,0.72,0.43,0.828
canny_hough,otsu,edges,115,1,1,0.3,0.0,-160.0,4.714,7.457,0.712,0.428,0.857
canny_hough,otsu,edges,116,1,1,0.3,0.0,-160.0,4.227,6.885,0.7,0.379,0.772
canny_hough,otsu,edges,117,1,1,0.6,0.0,-160.0,4.404,6.916,0.649,0.418,0.766
canny_hough,otsu,edges,118,1,1,0.6,0.0,-160.0,4.618,7.121,0.629,0.378,0.73
canny_hough,otsu,edges,119,1,1,0.6,0.0,-160.0,4.624,7.059,0.636,0.376,0.735
canny_hough,otsu,edges,120,1,1,0.6,0.0,-160.0,4.897,7.544,0.634,0.376,0.81
canny_hough,otsu,edges,121,1,1,0.6,0.0,-160.0,4.665,7.131,0.686,0.372,0.74
canny_hough,otsu,edges,122,1,1,0.6,0.0,-160.0,4.673,7.155,0.637,0.418,0.737
canny_hough,otsu,edges,123,1,1,0.6,0.0,-160.0,4.727,7.252,0.645,0.38,0.812
canny_hough,otsu,edges,124,1,1,0.6,0.0,-160.0,5.114,7.556,0.636,0.379,0.722
canny_hough,otsu,edges,125,1,1,0.6,42.12,-117.88,4.854,7.339,0.657,0.381,0.755
canny_hough,otsu,edges,126,1,1,0.6,67.45,-92.55,4.512,6.925,0.628,0.376,0.71
canny_hough,otsu,edges,127,1,1,0.6,67.45,-92.55,4.548,7.059,0.696,0.396,0.729
canny_hough,otsu,edges,128,0,0,0.0,0.0,,4.517,7.076,0.636,0.379,0.856
canny_hough,otsu,edges,129,0,0,0.0,0.0,,4.459,7.081,0.654,0.379,0.828
canny_hough,otsu,edges,130,0,0,0.0,0.0,,5.064,7.715,0.641,0.377,0.91
canny_hough,otsu,edges,131,0,0,0.0,0.0,,4.97,7.765,0.731,0.428,0.867
canny_hough,otsu,edges,132,0,0,0.0,0.0,,4.857,7.639,0.723,0.432,0.853
canny_hough,otsu,edges,133,1,1,0.6,319.0,159.0,4.87,7.727,0.731,0.436,0.864
canny_hough,otsu,edges,134,1,1,0.6,319.0,159.0,4.832,7.698,0.73,0.433,0.873
canny_hough,otsu,edges,135,1,1,0.6,319.0,159.0,4.904,7.738,0.772,0.436,0.874
canny_hough,otsu,edges,136,1,1,0.3,319.0,159.0,4.729,7.621,0.783,0.439,0.909
canny_hough,otsu,edges,137,1,1,0.45,319.0,159.0,4.751,7.618,0.774,0.442,0.896
canny_hough,otsu,edges,138,1,1,0.45,319.0,159.0,4.752,7.725,0.835,0.487,0.886
canny_hough,otsu,edges,139,1,1,0.45,319.0,159.0,4.747,7.609,0.743,0.488,0.88
canny_hough,otsu,edges,140,1,1,0.6,154.47,-5.53,5.414,8.408,0.742,0.435,0.99
canny_hough,otsu,edges,141,1,1,0.6,235.4,75.4,6.357,9.239,0.72,0.476,0.904
canny_hough,otsu,edges,142,1,1,0.6,243.1,83.1,6.796,9.789,0.856,0.442,0.866
canny_hough,otsu,edges,143,1,1,0.6,243.1,83.1,6.73,9.59,0.72,0.428,0.949
canny_hough,otsu,edges,144,1,1,0.6,216.22,56.22,7.179,9.993,0.746,0.436,0.867
canny_hough,otsu,edges,145,0,0,0.0,0.0,,1.501,4.271,0.725,0.429,0.774
canny_hough,otsu,edges,146,0,0,0.0,0.0,,0.738,3.444,0.709,0.444,0.835
canny_hough,otsu,edges,147,0,0,0.0,0.0,,0.811,3.412,0.68,0.432,0.774
canny_hough,otsu,edges,148,0,0,0.0,0.0,,0.805,3.411,0.693,0.43,0.769
canny_hough,otsu,edges,149,0,0,0.0,0.0,,0.739,3.375,0.697,0.435,0.782
canny_hough,otsu,edges,150,0,0,0.0,0.0,,2.299,5.086,0.695,0.432,0.852
canny_hough,otsu,edges,151,0,0,0.0,0.0,,2.246,4.969,0.708,0.43,0.858
canny_hough,otsu,edges,152,0,0,0.0,0.0,,2.18,4.977,0.699,0.43,0.925
canny_hough,otsu,edges,153,0,0,0.0,0.0,,3.957,6.719,0.739,0.435,0.849
canny_hough,otsu,edges,154,0,0,0.0,0.0,,3.945,6.803,0.741,0.433,0.929
canny_hough,otsu,edges,155,0,0,0.0,0.0,,3.947,6.7,0.714,0.431,0.857
canny_hough,otsu,edges,156,0,0,0.0,0.0,,3.604,6.529,0.903,0.443,0.818
canny_hough,otsu,edges,157,1,1,0.3,319.0,159.0,5.294,8.127,0.714,0.427,0.941
canny_hough,otsu,edges,158,1,1,0.3,319.0,159.0,5.22,8.167,0.731,0.434,0.954
canny_hough,otsu,edges,159,1,1,0.15,319.0,159.0,4.78,7.597,0.732,0.432,0.887
canny_hough,otsu,edges,160,0,0,0.0,0.0,,2.015,4.852,0.718,0.431,0.899
canny_hough,otsu,edges,161,1,1,0.3,319.0,159.0,4.784,7.542,0.754,0.431,0.824
canny_hough,otsu,edges,162,1,1,0.3,319.0,159.0,4.849,7.651,0.723,0.472,0.839
canny_hough,otsu,edges,163,1,1,0.6,319.0,159.0,5.483,8.299,0.716,0.433,0.913
canny_hough,otsu,edges,164,1,1,0.6,319.0,159.0,5.53,8.325,0.723,0.475,0.827
canny_hough,otsu,edges,165,1,1,0.15,319.0,159.0,3.763,6.581,0.749,0.436,0.87
canny_hough,otsu,edges,166,0,0,0.0,0.0,,3.234,6.053,0.743,0.431,0.88
canny_hough,otsu,edges,167,0,0,0.0,0.0,,3.324,6.097,0.702,0.429,0.835
canny_hough,otsu,edges,168,0,0,0.0,0.0,,3.234,6.058,0.721,0.432,0.919
canny_hough,otsu,edges,169,1,1,0.45,319.0,159.0,4.882,7.712,0.715,0.431,0.861
canny_hough,otsu,edges,170,1,1,0.45,319.0,159.0,5.064,7.919,0.712,0.435,0.855
canny_hough,otsu,edges,171,1,1,0.45,319.0,159.0,4.87,8.23,1.185,0.46,0.881
canny_hough,otsu,edges,172,1,1,0.3,319.0,159.0,3.709,6.565,0.778,0.435,0.835
canny_hough,otsu,edges,173,1,1,0.15,319.0,159.0,3.516,6.33,0.729,0.468,0.855
canny_hough,otsu,edges,174,1,1,0.3,319.0,159.0,4.458,7.192,0.736,0.431,0.807
canny_hough,otsu,edges,175,1,1,0.3,319.0,159.0,4.373,7.117,0.727,0.431,0.823
canny_hough,otsu,edges,176,1,1,0.45,319.0,159.0,4.799,7.545,0.741,0.435,0.812
canny_hough,otsu,edges,177,1,1,0.45,319.0,159.0,4.769,7.561,0.775,0.436,0.833
canny_hough,otsu,edges,178,1,1,0.45,319.0,159.0,4.817,7.604,0.722,0.473,0.833
canny_hough,otsu,edges,179,1,1,0.45,319.0,159.0,4.919,7.732,0.723,0.442,0.89
canny_hough,otsu,edges,180,1,1,0.15,319.0,159.0,3.336,6.164,0.719,0.431,0.885
canny_hough,otsu,edges,181,1,1,0.3,319.0,159.0,4.688,7.461,0.735,0.432,0.855
canny_hough,otsu,edges,182,1,1,0.3,319.0,159.0,4.242,7.538,0.76,0.477,1.239
canny_hough,otsu,edges,183,1,1,0.3,319.0,159.0,4.146,7.269,1.023,0.46,0.875
canny_hough,otsu,edges,184,1,1,0.3,319.0,159.0,4.293,7.908,0.946,0.465,1.438
canny_hough,otsu,edges,185,1,1,0.3,319.0,159.0,4.324,7.323,0.856,0.463,0.916
canny_hough,otsu,edges,186,1,1,0.3,319.0,159.0,4.108,6.997,0.723,0.431,0.971
canny_hough,otsu,edges,187,1,1,0.3,319.0,159.0,3.738,6.469,0.716,0.433,0.841
canny_hough,otsu,edges,188,1,1,0.15,319.0,159.0,4.128,6.666,0.631,0.38,0.778
canny_hough,otsu,edges,189,1,1,0.6,319.0,159.0,4.259,6.754,0.648,0.375,0.79
canny_hough,otsu,edges,190,1,1,0.6,319.0,159.0,4.281,6.74,0.626,0.384,0.723
canny_hough,otsu,edges,191,1,1,0.6,319.0,159.0,4.254,6.718,0.633,0.379,0.754
canny_hough,otsu,edges,192,1,1,0.45,319.0,159.0,3.853,6.448,0.64,0.496,0.774
canny_hough,otsu,edges,193,1,1,0.15,319.0,159.0,3.741,6.23,0.642,0.384,0.785
canny_hough,otsu,edges,194,0,0,0.0,0.0,,4.494,6.981,0.638,0.376,0.721
canny_hough,otsu,edges,195,0,0,0.0,0.0,,4.524,7.017,0.642,0.425,0.74
canny_hough,otsu,edges,196,1,1,0.45,319.0,159.0,3.719,6.223,0.648,0.381,0.715
canny_hough,otsu,edges,197,1,1,0.15,319.0,159.0,3.115,5.505,0.63,0.378,0.702
canny_hough,otsu,edges,198,1,1,0.15,319.0,159.0,3.081,5.616,0.649,0.379,0.7
canny_hough,otsu,edges,199,1,1,0.45,319.0,159.0,3.445,5.897,0.69,0.382,0.701
canny_hough,otsu,edges,200,1,1,0.45,319.0,159.0,3.466,5.923,0.64,0.376,0.712
canny_hough,otsu,edges,201,1,1,0.45,319.0,159.0,3.894,6.367,0.687,0.385,0.725
canny_hough,otsu,edges,202,1,1,0.6,319.0,159.0,4.027,6.581,0.672,0.376,0.745
canny_hough,otsu,edges,203,1,1,0.6,319.0,159.0,4.522,7.085,0.636,0.379,0.856
canny_hough,otsu,edges,204,1,1,0.45,319.0,159.0,4.663,7.425,0.79,0.434,0.778
canny_hough,otsu,edges,205,1,1,0.6,319.0,159.0,4.624,7.39,0.777,0.437,0.784
canny_hough,otsu,edges,206,1,1,0.6,319.0,159.0,4.51,7.249,0.726,0.472,0.78
canny_hough,otsu,edges,207,1,1,0.6,319.0,159.0,4.721,7.511,0.724,0.434,0.876
canny_hough,otsu,edges,208,1,1,0.6,319.0,159.0,5.228,7.981,0.742,0.435,0.794
canny_hough,otsu,edges,209,1,1,0.6,319.0,159.0,5.268,8.986,1.197,0.531,1.209
canny_hough,otsu,edges,210,1,1,0.6,319.0,159.0,5.01,7.849,0.741,0.49,0.793
canny_hough,otsu,edges,211,1,1,0.6,319.0,159.0,4.917,7.651,0.726,0.43,0.832
canny_hough,otsu,edges,212,1,1,0.6,319.0,159.0,4.894,7.999,0.75,0.428,1.165
canny_hough,otsu,edges,213,1,1,0.6,311.31,151.31,4.482,7.357,0.73,0.426,0.959
canny_hough,otsu,edges,214,1,1,0.6,311.31,151.31,4.463,7.259,0.723,0.433,0.811
canny_hough,otsu,edges,215,1,1,0.6,276.52,116.52,5.533,8.259,0.718,0.435,0.817
canny_hough,otsu,edges,216,1,1,0.6,242.75,82.75,5.492,8.254,0.727,0.435,0.834
canny_hough,otsu,edges,217,1,1,0.6,245.98,85.98,5.388,7.848,0.653,0.381,0.725
canny_hough,otsu,edges,218,1,1,0.45,232.7,72.7,3.816,6.19,0.639,0.376,0.699
canny_hough,otsu,edges,219,1,1,0.45,232.7,72.7,3.873,6.329,0.691,0.381,0.712
canny_hough,otsu,edges,220,1,1,0.6,232.83,72.83,3.857,6.711,0.656,0.39,1.071
canny_hough,otsu,edges,221,1,1,0.45,218.62,58.62,3.252,6.175,0.657,0.388,1.069
canny_hough,otsu,edges,222,1,1,0.45,218.62,58.62,3.159,5.87,0.703,0.396,0.928
canny_hough,otsu,edges,223,1,1,0.45,218.62,58.62,3.143,5.558,0.655,0.375,0.712
canny_hough,otsu,edges,224,1,1,0.45,218.62,58.62,3.15,5.784,0.804,0.424,0.716
canny_hough,otsu,edges,225,1,1,0.3,215.03,55.03,6.519,8.939,0.634,0.377,0.738
canny_hough,otsu,edges,226,1,1,0.3,215.03,55.03,6.669,9.12,0.639,0.379,0.746
canny_hough,otsu,edges,227,1,1,0.3,211.05,51.05,6.652,9.143,0.659,0.417,0.744
canny_hough,otsu,edges,228,1,1,0.3,211.05,51.05,7.447,10.078,0.637,0.385,0.797
canny_hough,otsu,edges,229,1,1,0.3,215.37,55.37,5.147,7.677,0.644,0.38,0.805
canny_hough,otsu,edges,230,1,1,0.3,219.26,59.26,5.735,8.539,0.716,0.432,0.866
canny_hough,otsu,edges,231,1,1,0.3,219.26,59.26,5.723,8.497,0.736,0.434,0.852
canny_hough,otsu,edges,232,1,1,0.45,211.44,51.44,7.912,10.734,0.78,0.435,0.837
canny_hough,otsu,edges,233,1,1,0.3,216.65,56.65,7.767,10.573,0.721,0.434,0.887
canny_hough,otsu,edges,234,1,1,0.3,217.08,57.08,7.396,10.149,0.717,0.433,0.833
canny_hough,otsu,edges,235,1,1,0.3,217.08,57.08,7.413,10.263,0.739,0.483,0.865
canny_hough,otsu,edges,236,1,1,0.3,214.2,54.2,7.521,10.295,0.741,0.432,0.842
canny_hough,otsu,edges,237,1,1,0.3,215.96,55.96,7.536,10.343,0.779,0.437,0.831
canny_hough,otsu,edges,238,1,1,0.3,215.96,55.96,7.586,10.413,0.737,0.431,0.829
canny_hough,otsu,edges,239,1,1,0.15,217.34,57.34,7.453,10.273,0.736,0.433,0.835
canny_hough,otsu,edges,240,1,1,0.15,217.34,57.34,7.524,10.42,0.74,0.434,0.913
canny_hough,otsu,edges,241,1,1,0.3,215.63,55.63,7.344,10.12,0.743,0.433,0.836
canny_hough,otsu,edges,242,1,1,0.3,218.97,58.97,7.521,10.355,0.772,0.433,0.861
canny_hough,otsu,edges,243,1,1,0.3,218.97,58.97,7.408,10.264,0.75,0.444,0.828
canny_hough,otsu,edges,244,1,1,0.3,214.87,54.87,7.609,10.446,0.718,0.433,0.851
canny_hough,otsu,edges,245,1,1,0.15,216.94,56.94,7.467,10.316,0.735,0.434,0.917
canny_hough,otsu,edges,246,1,1,0.15,216.94,56.94,7.47,10.23,0.722,0.432,0.838
canny_hough,otsu,edges,247,1,1,0.15,214.68,54.68,7.501,10.329,0.792,0.443,0.834
canny_hough,otsu,edges,248,1,1,0.15,214.68,54.68,7.461,10.227,0.726,0.432,0.839
canny_hough,otsu,edges,249,1,1,0.3,217.86,57.86,7.478,10.275,0.714,0.433,0.832
canny_hough,otsu,edges,250,1,1,0.3,217.86,57.86,6.646,9.303,0.673,0.377,0.868
canny_hough,otsu,edges,251,1,1,0.3,217.87,57.87,6.701,9.246,0.697,0.387,0.762
canny_hough,otsu,edges,252,1,1,0.3,217.87,57.87,6.686,9.164,0.644,0.378,0.761
canny_hough,otsu,edges,253,1,1,0.3,219.2,59.2,6.591,9.142,0.661,0.387,0.755
canny_hough,otsu,edges,254,1,1,0.3,219.2,59.2,6.76,9.264,0.683,0.379,0.77
canny_hough,otsu,edges,255,1,1,0.3,219.2,59.2,6.625,9.118,0.644,0.382,0.784
canny_hough,otsu,edges,256,1,1,0.15,217.77,57.77,6.585,9.038,0.639,0.374,0.749
canny_hough,otsu,edges,257,1,1,0.3,218.59,58.59,6.53,9.815,0.648,0.378,1.603
canny_hough,otsu,edges,258,1,1,0.3,218.59,58.59,6.606,9.063,0.631,0.378,0.76
canny_hough,otsu,edges,259,1,1,0.3,215.13,55.13,6.674,9.15,0.659,0.382,0.752
canny_hough,otsu,edges,260,1,1,0.3,217.85,57.85,6.59,9.149,0.641,0.413,0.757
canny_hough,otsu,edges,261,1,1,0.3,219.94,59.94,7.222,10.044,0.719,0.431,0.841
canny_hough,otsu,edges,262,1,1,0.3,219.94,59.94,7.307,10.136,0.696,0.438,0.922
canny_hough,otsu,edges,263,1,1,0.3,219.85,59.85,7.468,10.216,0.721,0.431,0.837
canny_hough,otsu,edges,264,1,1,0.3,219.85,59.85,7.513,10.328,0.735,0.476,0.839
canny_hough,otsu,edges,265,1,1,0.3,217.32,57.32,7.598,10.409,0.725,0.429,0.881
canny_hough,otsu,edges,266,1,1,0.3,217.32,57.32,7.632,10.416,0.739,0.433,0.838
canny_hough,otsu,edges,267,1,1,0.3,219.85,59.85,7.405,10.272,0.726,0.434,0.945
canny_hough,otsu,edges,268,1,1,0.3,219.85,59.85,7.477,10.248,0.728,0.431,0.847
canny_hough,otsu,edges,269,1,1,0.3,219.91,59.91,7.57,10.384,0.725,0.478,0.842
canny_hough,otsu,edges,270,1,1,0.3,219.91,59.91,7.596,10.38,0.705,0.435,0.833
canny_hough,otsu,edges,271,1,1,0.3,217.37,57.37,7.212,10.015,0.771,0.432,0.833
canny_hough,otsu,edges,272,1,1,0.3,217.37,57.37,7.204,10.054,0.74,0.434,0.831
canny_hough,otsu,edges,273,1,1,0.3,217.87,57.87,7.49,10.373,0.701,0.434,0.857
canny_hough,otsu,edges,274,1,1,0.15,217.12,57.12,7.505,10.371,0.762,0.438,0.907
canny_hough,otsu,edges,275,1,1,0.15,217.12,57.12,7.409,10.16,0.725,0.432,0.831
canny_hough,otsu,edges,276,1,1,0.3,219.14,59.14,7.388,10.217,0.745,0.472,0.84
canny_hough,otsu,edges,277,1,1,0.15,218.66,58.66,7.4,10.161,0.731,0.432,0.838
canny_hough,otsu,edges,278,1,1,0.3,218.22,58.22,7.866,10.687,0.766,0.439,0.832
canny_hough,otsu,edges,279,1,1,0.3,218.22,58.22,7.946,11.379,1.207,0.555,0.888
canny_hough,otsu,edges,280,1,1,0.3,219.67,59.67,7.426,10.315,0.74,0.432,0.841
canny_hough,otsu,edges,281,1,1,0.3,217.48,57.48,7.731,10.588,0.721,0.433,0.87
canny_hough,otsu,edges,282,1,1,0.3,219.52,59.52,7.661,10.487,0.738,0.472,0.849
canny_hough,otsu,edges,283,1,1,0.3,219.52,59.52,7.582,10.375,0.747,0.433,0.848
canny_hough,otsu,edges,284,1,1,0.3,215.99,55.99,7.531,10.356,0.783,0.432,0.842
canny_hough,otsu,edges,285,1,1,0.3,216.58,56.58,7.786,10.655,0.725,0.433,0.94
canny_hough,otsu,edges,286,1,1,0.3,217.77,57.77,7.731,10.498,0.723,0.431,0.847
canny_hough,otsu,edges,287,1,1,0.3,217.77,57.77,7.676,10.493,0.773,0.437,0.834
canny_hough,otsu,edges,288,1,1,0.15,219.84,59.84,7.524,10.459,0.74,0.434,0.916
canny_hough,otsu,edges,289,1,1,0.3,217.42,57.42,7.481,10.262,0.734,0.44,0.842
canny_hough,otsu,edges,290,1,1,0.3,217.42,57.42,6.616,9.341,0.725,0.456,0.763
canny_hough,otsu,edges,291,1,1,0.3,220.23,60.23,6.711,9.234,0.641,0.377,0.751
canny_hough,otsu,edges,292,1,1,0.15,219.84,59.84,6.724,9.195,0.647,0.374,0.763
canny_hough,otsu,edges,293,1,1,0.3,217.95,57.95,6.259,8.779,0.64,0.379,0.805
canny_hough,otsu,edges,294,1,1,0.3,217.95,57.95,6.383,8.879,0.694,0.381,0.737
canny_hough,otsu,edges,295,1,1,0.3,216.16,56.16,6.475,8.951,0.654,0.377,0.759
canny_hough,otsu,edges,296,1,1,0.3,218.73,58.73,6.559,9.028,0.642,0.375,0.757
canny_hough,otsu,edges,297,1,1,0.3,219.2,59.2,6.581,9.124,0.649,0.379,0.824
canny_hough,otsu,edges,298,1,1,0.3,219.2,59.2,6.714,9.279,0.706,0.391,0.769
canny_hough,otsu,edges,299,1,1,0.15,217.12,57.12,6.549,8.977,0.639,0.38,0.744
canny_hough,otsu,edges,300,1,1,0.15,217.12,57.12,6.437,9.033,0.665,0.376,0.82
canny_hough,otsu,edges,301,1,1,0.3,220.23,60.23,7.587,10.082,0.635,0.418,0.763
canny_hough,otsu,edges,302,1,1,0.3,215.03,55.03,7.547,10.309,0.725,0.431,0.834
canny_hough,otsu,edges,303,1,1,0.3,215.03,55.03,7.474,10.288,0.759,0.435,0.851
canny_hough,otsu,edges,304,1,1,0.3,217.48,57.48,7.572,10.438,0.73,0.434,0.938
canny_hough,otsu,edges,305,1,1,0.3,218.13,58.13,7.478,10.243,0.729,0.434,0.836
canny_hough,otsu,edges,306,1,1,0.3,218.14,58.14,7.534,10.335,0.729,0.476,0.832
canny_hough,otsu,edges,307,1,1,0.3,218.14,58.14,7.386,10.153,0.736,0.435,0.841
canny_hough,otsu,edges,308,1,1,0.3,219.06,59.06,7.631,10.447,0.76,0.44,0.85
canny_hough,otsu,edges,309,1,1,0.3,223.75,63.75,3.159,5.943,0.743,0.434,0.843
canny_hough,otsu,edges,310,1,1,0.15,224.64,64.64,5.794,8.604,0.711,0.432,0.808
canny_hough,otsu,edges,311,1,1,0.15,224.64,64.64,5.782,8.497,0.742,0.433,0.786
canny_hough,otsu,edges,312,1,1,0.3,221.51,61.51,6.016,8.858,0.735,0.437,0.89
canny_hough,otsu,edges,313,1,1,0.3,224.28,64.28,5.748,8.555,0.737,0.435,0.878
canny_hough,otsu,edges,314,1,1,0.3,224.28,64.28,6.11,8.849,0.708,0.475,0.78
canny_hough,otsu,edges,315,1,1,0.3,220.25,60.25,5.991,9.373,0.865,0.482,1.217
canny_hough,otsu,edges,316,1,1,0.3,220.8,60.8,7.462,10.221,0.721,0.434,0.83
canny_hough,otsu,edges,317,1,1,0.3,221.93,61.93,7.586,10.404,0.773,0.441,0.842
canny_hough,otsu,edges,318,1,1,0.3,221.93,61.93,7.693,10.556,0.731,0.433,0.927
canny_hough,otsu,edges,319,1,1,0.3,218.59,58.59,6.467,9.191,0.696,0.439,0.819
canny_hough,otsu,edges,320,1,1,0.3,221.97,61.97,7.38,10.254,0.736,0.428,0.838
canny_hough,otsu,edges,321,1,1,0.3,222.1,62.1,7.433,10.259,0.733,0.432,0.836
canny_hough,otsu,edges,322,1,1,0.3,222.1,62.1,7.61,10.454,0.728,0.433,0.903
canny_hough,otsu,edges,323,1,1,0.3,219.39,59.39,7.154,9.901,0.723,0.431,0.821
canny_hough,otsu,edges,324,1,1,0.3,219.39,59.39,7.239,10.068,0.725,0.475,0.842
canny_hough,otsu,edges,325,1,1,0.3,219.87,59.87,7.489,10.246,0.723,0.434,0.842
canny_hough,otsu,edges,326,1,1,0.3,219.87,59.87,7.512,10.363,0.783,0.437,0.847
canny_hough,otsu,edges,327,1,1,0.3,222.83,62.83,7.281,10.187,0.736,0.434,0.901
canny_hough,otsu,edges,328,1,1,0.3,222.83,62.83,7.36,10.184,0.722,0.431,0.84
canny_hough,otsu,edges,329,1,1,0.3,220.28,60.28,7.371,10.234,0.742,0.434,0.929
canny_hough,otsu,edges,330,1,1,0.3,220.28,60.28,8.211,11.017,0.724,0.433,0.835
canny_hough,otsu,edges,331,1,1,0.15,219.9,59.9,7.121,9.952,0.785,0.438,0.846
canny_hough,otsu,edges,332,1,1,0.15,219.9,59.9,7.099,9.999,0.784,0.438,0.844
canny_hough,otsu,edges,333,1,1,0.3,222.06,62.06,7.273,10.06,0.733,0.436,0.857
canny_hough,otsu,edges,334,1,1,0.3,222.06,62.06,7.233,10.08,0.735,0.435,0.838
canny_hough,otsu,edges,335,1,1,0.3,219.37,59.37,7.4,10.226,0.711,0.433,0.84
canny_hough,otsu,edges,336,1,1,0.3,221.24,61.24,7.402,10.261,0.724,0.434,0.942
canny_hough,otsu,edges,337,1,1,0.3,219.57,59.57,7.18,9.95,0.716,0.432,0.855
canny_hough,otsu,edges,338,1,1,0.3,219.57,59.57,7.273,10.14,0.763,0.43,0.901
canny_hough,otsu,edges,339,1,1,0.3,223.89,63.89,7.251,10.013,0.727,0.434,0.839
canny_hough,otsu,edges,340,1,1,0.3,220.85,60.85,7.311,10.207,0.723,0.467,0.838
canny_hough,otsu,edges,341,1,1,0.15,221.77,61.77,7.039,9.794,0.721,0.434,0.841
canny_hough,otsu,edges,342,1,1,0.15,221.77,61.77,7.069,9.895,0.73,0.477,0.847
canny_hough,otsu,edges,343,1,1,0.3,221.37,61.37,7.601,10.368,0.733,0.435,0.839
canny_hough,otsu,edges,344,1,1,0.3,222.77,62.77,7.337,10.14,0.76,0.43,0.846
canny_hough,otsu,edges,345,1,1,0.15,221.77,61.77,7.219,10.143,0.735,0.437,0.9
canny_hough,otsu,edges,346,1,1,0.15,221.77,61.77,7.408,10.216,0.768,0.435,0.837
canny_hough,otsu,edges,347,1,1,0.3,220.87,60.87,7.318,10.202,0.755,0.435,0.938
canny_hough,otsu,edges,348,1,1,0.3,220.87,60.87,7.412,10.256,0.742,0.427,0.837
canny_hough,otsu,edges,349,1,1,0.15,221.77,61.77,7.342,10.167,0.742,0.434,0.895
canny_hough,otsu,edges,350,1,1,0.3,220.91,60.91,7.331,10.267,0.845,0.443,0.831
canny_hough,otsu,edges,351,1,1,0.3,220.91,60.91,7.351,10.195,0.782,0.455,0.854
canny_hough,otsu,edges,352,1,1,0.3,223.22,63.22,6.584,9.073,0.656,0.38,0.758
canny_hough,otsu,edges,353,1,1,0.15,222.83,62.83,6.271,8.867,0.634,0.38,0.901
canny_hough,otsu,edges,354,1,1,0.3,220.91,60.91,6.356,8.937,0.681,0.382,0.763
canny_hough,otsu,edges,355,1,1,0.3,220.91,60.91,6.397,8.84,0.633,0.378,0.742
canny_hough,otsu,edges,356,1,1,0.3,217.1,57.1,6.676,9.119,0.642,0.378,0.74
canny_hough,otsu,edges,357,1,1,0.3,221.98,61.98,6.373,8.961,0.634,0.38,0.882
canny_hough,otsu,edges,358,1,1,0.3,221.2,61.2,6.668,9.187,0.681,0.38,0.763
canny_hough,otsu,edges,359,1,1,0.3,221.2,61.2,6.554,8.986,0.622,0.377,0.753
canny_hough,otsu,edges,360,1,1,0.15,221.65,61.65,6.701,9.191,0.642,0.375,0.758
canny_hough,adaptive,edges,0,0,0,0.0,0.0,,4.671,14.292,0.657,7.251,1.035
canny_hough,adaptive,edges,1,0,0,0.0,0.0,,4.48,14.023,0.65,7.238,0.969
canny_hough,adaptive,edges,2,0,0,0.0,0.0,,4.41,14.005,0.699,7.154,1.061
canny_hough,adaptive,edges,3,0,0,0.0,0.0,,4.33,13.874,0.717,7.178,0.967
canny_hough,adaptive,edges,4,0,0,0.0,0.0,,4.39,13.964,0.687,7.155,1.049
canny_hough,adaptive,edges,5,0,0,0.0,0.0,,4.449,13.949,0.635,7.238,0.954
canny_hough,adaptive,edges,6,0,0,0.0,0.0,,4.559,14.133,0.691,7.147,1.043
canny_hough,adaptive,edges,7,0,0,0.0,0.0,,4.38,13.855,0.649,7.166,0.978
canny_hough,adaptive,edges,8,0,0,0.0,0.0,,5.113,15.444,0.69,7.838,1.063
canny_hough,adaptive,edges,9,0,0,0.0,0.0,,4.892,15.744,0.712,8.311,1.069
canny_hough,adaptive,edges,10,0,0,0.0,0.0,,4.893,15.89,0.815,8.345,1.061
canny_hough,adaptive,edges,11,0,0,0.0,0.0,,5.209,16.14,0.746,8.358,1.077
canny_hough,adaptive,edges,12,0,0,0.0,0.0,,5.087,15.984,0.718,8.361,1.055
canny_hough,adaptive,edges,13,0,0,0.0,0.0,,5.13,16.73,0.719,8.487,1.603
canny_hough,adaptive,edges,14,0,0,0.0,0.0,,4.348,15.264,0.733,8.307,1.061
canny_hough,adaptive,edges,15,0,0,0.0,0.0,,4.546,14.1,0.641,7.18,1.034
canny_hough,adaptive,edges,16,0,0,0.0,0.0,,4.511,14.009,0.645,7.188,0.976
canny_hough,adaptive,edges,17,0,0,0.0,0.0,,4.538,14.148,0.687,7.12,1.093
canny_hough,adaptive,edges,18,0,0,0.0,0.0,,4.514,14.035,0.642,7.184,0.974
canny_hough,adaptive,edges,19,0,0,0.0,0.0,,4.438,14.0,0.685,7.15,1.034
canny_hough,adaptive,edges,20,0,0,0.0,0.0,,4.363,13.849,0.63,7.186,0.975
canny_hough,adaptive,edges,21,0,0,0.0,0.0,,4.764,14.309,0.685,7.133,1.042
canny_hough,adaptive,edges,22,0,0,0.0,0.0,,4.699,15.6,0.732,8.269,1.137
canny_hough,adaptive,edges,23,0,0,0.0,0.0,,4.789,15.667,0.729,8.245,1.081
canny_hough,adaptive,edges,24,0,0,0.0,0.0,,5.167,15.973,0.716,8.269,1.058
canny_hough,adaptive,edges,25,0,0,0.0,0.0,,5.191,16.0,0.725,8.252,1.067
canny_hough,adaptive,edges,26,0,0,0.0,0.0,,5.183,16.003,0.722,8.271,1.061
canny_hough,adaptive,edges,27,0,0,0.0,0.0,,5.132,16.064,0.718,8.327,1.053
canny_hough,adaptive,edges,28,0,0,0.0,0.0,,4.605,14.781,0.718,7.66,1.011
canny_hough,adaptive,edges,29,0,0,0.0,0.0,,4.564,14.133,0.638,7.27,0.979
canny_hough,adaptive,edges,30,0,0,0.0,0.0,,4.939,14.417,0.645,7.171,0.972
canny_hough,adaptive,edges,31,0,0,0.0,0.0,,4.674,14.154,0.643,7.176,0.972
canny_hough,adaptive,edges,32,0,0,0.0,0.0,,4.496,14.093,0.683,7.165,1.065
canny_hough,adaptive,edges,33,0,0,0.0,0.0,,4.469,14.003,0.649,7.196,1.002
canny_hough,adaptive,edges,34,0,0,0.0,0.0,,4.493,14.097,0.684,7.16,1.032
canny_hough,adaptive,edges,35,0,0,0.0,0.0,,5.027,15.013,0.66,7.495,1.101
canny_hough,adaptive,edges,36,0,0,0.0,0.0,,4.931,16.897,1.208,8.47,1.511
canny_hough,adaptive,edges,37,0,0,0.0,0.0,,5.049,15.964,0.717,8.269,1.162
canny_hough,adaptive,edges,38,0,0,0.0,0.0,,5.074,16.022,0.722,8.288,1.131
canny_hough,adaptive,edges,39,0,0,0.0,0.0,,4.988,15.944,0.726,8.26,1.157
canny_hough,adaptive,edges,40,0,0,0.0,0.0,,4.91,15.813,0.723,8.275,1.142
canny_hough,adaptive,edges,41,0,0,0.0,0.0,,5.283,16.167,0.737,8.242,1.078
canny_hough,adaptive,edges,42,0,0,0.0,0.0,,4.871,15.783,0.729,8.255,1.164
canny_hough,adaptive,edges,43,0,0,0.0,0.0,,5.122,16.012,0.733,8.245,1.136
canny_hough,adaptive,edges,44,0,0,0.0,0.0,,5.191,16.105,0.727,8.268,1.161
canny_hough,adaptive,edges,45,0,0,0.0,0.0,,5.154,16.06,0.724,8.248,1.166
canny_hough,adaptive,edges,46,0,0,0.0,0.0,,5.366,16.257,0.726,8.25,1.146
canny_hough,adaptive,edges,47,0,0,0.0,0.0,,5.203,16.12,0.717,8.299,1.137
canny_hough,adaptive,edges,48,0,0,0.0,0.0,,5.176,16.051,0.696,8.26,1.115
canny_hough,adaptive,edges,49,0,0,0.0,0.0,,5.044,15.932,0.728,8.27,1.129
canny_hough,adaptive,edges,50,0,0,0.0,0.0,,5.051,15.966,0.728,8.284,1.142
canny_hough,adaptive,edges,51,0,0,0.0,0.0,,5.275,16.176,0.742,8.28,1.121
canny_hough,adaptive,edges,52,0,0,0.0,0.0,,5.067,15.982,0.737,8.353,1.057
canny_hough,adaptive,edges,53,0,0,0.0,0.0,,5.08,15.997,0.736,8.333,1.091
canny_hough,adaptive,edges,54,0,0,0.0,0.0,,4.212,14.502,0.726,7.784,1.026
canny_hough,adaptive,edges,55,0,0,0.0,0.0,,4.332,13.77,0.646,7.16,0.973
canny_hough,adaptive,edges,56,0,0,0.0,0.0,,4.36,13.994,0.689,7.148,1.096
canny_hough,adaptive,edges,57,0,0,0.0,0.0,,4.697,14.165,0.649,7.157,0.977
canny_hough,adaptive,edges,58,0,0,0.0,0.0,,4.427,14.036,0.689,7.161,1.029
canny_hough,adaptive,edges,59,0,0,0.0,0.0,,4.374,13.825,0.635,7.148,0.976
canny_hough,adaptive,edges,60,0,0,0.0,0.0,,4.374,14.038,0.691,7.179,1.086
canny_hough,adaptive,edges,61,0,0,0.0,0.0,,4.484,13.98,0.641,7.186,0.984
canny_hough,adaptive,edges,62,0,0,0.0,0.0,,4.5,14.052,0.693,7.189,0.972
canny_hough,adaptive,edges,63,0,0,0.0,0.0,,4.566,14.056,0.649,7.186,0.97
canny_hough,adaptive,edges,64,0,0,0.0,0.0,,4.541,14.104,0.642,7.144,1.029
canny_hough,adaptive,edges,65,0,0,0.0,0.0,,4.658,14.109,0.643,7.15,0.969
canny_hough,adaptive,edges,66,0,0,0.0,0.0,,5.079,14.599,0.638,7.227,0.972
canny_hough,adaptive,edges,67,0,0,0.0,0.0,,4.859,14.478,0.64,7.194,0.954
canny_hough,adaptive,edges,68,0,0,0.0,0.0,,4.879,14.432,0.666,7.197,0.968
canny_hough,adaptive,edges,69,0,0,0.0,0.0,,5.292,16.157,0.734,8.257,1.045
canny_hough,adaptive,edges,70,0,0,0.0,0.0,,5.41,16.303,0.718,8.29,1.055
canny_hough,adaptive,edges,71,0,0,0.0,0.0,,5.439,16.271,0.726,8.298,1.043
canny_hough,adaptive,edges,72,1,1,0.6,319.0,159.0,3.907,14.72,0.729,8.33,0.989
canny_hough,adaptive,edges,73,0,0,0.0,0.0,,5.261,16.154,0.764,8.271,1.088
canny_hough,adaptive,edges,74,0,0,0.0,0.0,,5.242,16.128,0.717,8.273,1.04
canny_hough,adaptive,edges,75,0,0,0.0,0.0,,4.636,14.346,0.723,7.233,0.946
canny_hough,adaptive,edges,76,0,0,0.0,0.0,,4.919,14.418,0.643,7.214,0.944
canny_hough,adaptive,edges,77,0,0,0.0,0.0,,4.238,13.689,0.646,7.188,0.925
canny_hough,adaptive,edges,78,0,0,0.0,0.0,,4.37,13.88,0.64,7.192,0.932
canny_hough,adaptive,edges,79,0,0,0.0,0.0,,4.244,13.658,0.638,7.196,0.912
canny_hough,adaptive,edges,80,1,1,0.15,319.0,159.0,2.788,12.206,0.648,7.218,0.851
canny_hough,adaptive,edges,81,1,1,0.3,319.0,159.0,2.429,12.326,1.044,7.24,0.87
canny_hough,adaptive,edges,82,1,1,0.3,319.0,159.0,2.383,11.85,0.63,7.176,0.877
canny_hough,adaptive,edges,83,1,1,0.45,319.0,159.0,3.049,12.528,0.635,7.167,0.941
canny_hough,adaptive,edges,84,0,0,0.0,0.0,,4.025,13.605,0.672,7.163,1.03
canny_hough,adaptive,edges,85,0,0,0.0,0.0,,4.219,13.618,0.637,7.152,0.932
canny_hough,adaptive,edges,86,0,0,0.0,0.0,,4.216,13.748,0.654,7.186,0.931
canny_hough,adaptive,edges,87,0,0,0.0,0.0,,3.631,13.074,0.65,7.199,0.929
canny_hough,adaptive,edges,88,0,0,0.0,0.0,,3.631,13.112,0.641,7.177,0.941
canny_hough,adaptive,edges,89,0,0,0.0,0.0,,4.079,13.599,0.662,7.193,0.908
canny_hough,adaptive,edges,90,0,0,0.0,0.0,,4.062,13.52,0.633,7.207,0.914
canny_hough,adaptive,edges,91,0,0,0.0,0.0,,3.772,13.17,0.645,7.148,0.914
canny_hough,adaptive,edges,92,0,0,0.0,0.0,,3.795,13.35,0.678,7.169,1.02
canny_hough,adaptive,edges,93,0,0,0.0,0.0,,3.88,13.376,0.635,7.211,0.968
canny_hough,adaptive,edges,94,0,0,0.0,0.0,,3.97,13.422,0.641,7.197,0.918
canny_hough,adaptive,edges,95,0,0,0.0,0.0,,4.019,13.492,0.665,7.124,0.999
canny_hough,adaptive,edges,96,0,0,0.0,0.0,,4.492,14.001,0.649,7.197,0.969
canny_hough,adaptive,edges,97,0,0,0.0,0.0,,4.307,13.835,0.689,7.12,1.027
canny_hough,adaptive,edges,98,0,0,0.0,0.0,,4.235,13.757,0.64,7.203,0.946
canny_hough,adaptive,edges,99,0,0,0.0,0.0,,4.277,13.816,0.642,7.177,0.98
canny_hough,adaptive,edges,100,0,0,0.0,0.0,,4.135,13.597,0.635,7.217,0.924
canny_hough,adaptive,edges,101,0,0,0.0,0.0,,4.917,14.401,0.647,7.157,0.987
canny_hough,adaptive,edges,102,0,0,0.0,0.0,,4.576,14.082,0.65,7.192,0.983
canny_hough,adaptive,edges,103,0,0,0.0,0.0,,4.535,14.087,0.646,7.17,1.044
canny_hough,adaptive,edges,104,1,1,0.6,304.26,144.26,3.749,13.742,0.637,7.26,1.37
canny_hough,adaptive,edges,105,1,1,0.3,281.77,121.77,5.138,14.728,0.647,7.212,1.03
canny_hough,adaptive,edges,106,1,1,0.3,281.77,121.77,5.142,14.656,0.636,7.209,0.97
canny_hough,adaptive,edges,107,1,1,0.3,253.94,93.94,2.697,12.115,0.619,7.23,0.884
canny_hough,adaptive,edges,108,1,1,0.3,253.94,93.94,2.698,12.196,0.639,7.207,0.941
canny_hough,adaptive,edges,109,1,1,0.3,266.91,106.91,4.565,14.062,0.626,7.253,0.936
canny_hough,adaptive,edges,110,1,1,0.3,266.91,106.91,4.586,14.163,0.636,7.197,1.043
canny_hough,adaptive,edges,111,1,1,0.3,266.91,106.91,4.562,13.98,0.637,7.161,0.942
canny_hough,adaptive,edges,112,0,0,0.0,0.0,,2.752,12.253,0.684,7.165,0.957
canny_hough,adaptive,edges,113,0,0,0.0,0.0,,3.753,13.152,0.671,7.106,0.976
canny_hough,adaptive,edges,114,0,0,0.0,0.0,,3.709,13.13,0.641,7.209,0.892
canny_hough,adaptive,edges,115,1,1,0.3,0.0,-160.0,4.169,13.597,0.634,7.174,0.938
canny_hough,adaptive,edges,116,1,1,0.3,0.0,-160.0,4.17,13.7,0.666,7.154,1.024
canny_hough,adaptive,edges,117,1,1,0.6,0.0,-160.0,4.35,13.798,0.636,7.163,0.954
canny_hough,adaptive,edges,118,1,1,0.6,0.0,-160.0,4.736,14.311,0.686,7.22,0.959
canny_hough,adaptive,edges,119,1,1,0.6,0.0,-160.0,4.665,14.053,0.636,7.179,0.893
canny_hough,adaptive,edges,120,1,1,0.6,0.0,-160.0,4.909,14.401,0.684,7.149,0.966
canny_hough,adaptive,edges,121,1,1,0.6,0.0,-160.0,4.639,14.038,0.647,7.168,0.893
canny_hough,adaptive,edges,122,1,1,0.6,0.0,-160.0,4.628,14.066,0.63,7.231,0.884
canny_hough,adaptive,edges,123,1,1,0.6,0.0,-160.0,4.808,14.176,0.643,7.166,0.878
canny_hough,adaptive,edges,124,1,1,0.6,0.0,-160.0,4.741,14.203,0.638,7.193,0.877
canny_hough,adaptive,edges,125,1,1,0.6,42.12,-117.88,4.775,14.239,0.644,7.165,0.891
canny_hough,adaptive,edges,126,1,1,0.6,67.45,-92.55,4.565,13.975,0.655,7.205,0.856
canny_hough,adaptive,edges,127,1,1,0.6,67.45,-92.55,5.079,15.862,0.789,8.276,0.93
canny_hough,adaptive,edges,128,0,0,0.0,0.0,,5.08,16.013,0.784,8.325,1.024
canny_hough,adaptive,edges,129,0,0,0.0,0.0,,4.965,16.033,0.96,8.279,1.067
canny_hough,adaptive,edges,130,0,0,0.0,0.0,,4.942,15.902,0.781,8.327,1.084
canny_hough,adaptive,edges,131,0,0,0.0,0.0,,4.874,15.746,0.771,8.308,1.031
canny_hough,adaptive,edges,132,0,0,0.0,0.0,,4.85,15.74,0.771,8.32,1.036
canny_hough,adaptive,edges,133,1,1,0.6,319.0,159.0,4.322,14.655,0.731,7.851,1.001
canny_hough,adaptive,edges,134,1,1,0.6,319.0,159.0,4.352,13.785,0.636,7.184,0.937
canny_hough,adaptive,edges,135,1,1,0.6,319.0,159.0,4.299,13.847,0.684,7.147,1.024
canny_hough,adaptive,edges,136,1,1,0.3,319.0,159.0,4.199,13.662,0.639,7.177,0.955
canny_hough,adaptive,edges,137,1,1,0.45,319.0,159.0,4.24,13.756,0.656,7.135,0.998
canny_hough,adaptive,edges,138,1,1,0.45,319.0,159.0,4.234,13.79,0.648,7.242,0.937
canny_hough,adaptive,edges,139,1,1,0.45,319.0,159.0,4.296,13.718,0.644,7.161,0.933
canny_hough,adaptive,edges,140,1,1,0.6,154.47,-5.53,4.784,14.444,0.642,7.389,0.94
canny_hough,adaptive,edges,141,1,1,0.6,235.4,75.4,5.593,15.218,0.639,7.152,1.118
canny_hough,adaptive,edges,142,1,1,0.6,243.1,83.1,6.01,15.421,0.641,7.165,0.924
canny_hough,adaptive,edges,143,1,1,0.6,243.1,83.1,5.964,15.361,0.639,7.168,0.898
canny_hough,adaptive,edges,144,1,1,0.6,216.22,56.22,6.33,15.779,0.642,7.196,0.911
canny_hough,adaptive,edges,145,0,0,0.0,0.0,,1.344,10.696,0.644,7.173,0.852
canny_hough,adaptive,edges,146,0,0,0.0,0.0,,0.67,10.022,0.668,7.14,0.891
canny_hough,adaptive,edges,147,0,0,0.0,0.0,,0.723,9.973,0.607,7.143,0.85
canny_hough,adaptive,edges,148,0,0,0.0,0.0,,0.735,10.885,0.603,7.871,0.898
canny_hough,adaptive,edges,149,0,0,0.0,0.0,,0.733,11.394,0.701,8.316,0.918
canny_hough,adaptive,edges,150,0,0,0.0,0.0,,2.165,12.97,0.685,8.27,1.108
canny_hough,adaptive,edges,151,0,0,0.0,0.0,,2.217,12.944,0.746,8.245,1.012
canny_hough,adaptive,edges,152,0,0,0.0,0.0,,2.225,12.955,0.715,8.289,0.988
canny_hough,adaptive,edges,153,0,0,0.0,0.0,,3.969,14.724,0.71,8.28,1.024
canny_hough,adaptive,edges,154,0,0,0.0,0.0,,4.026,15.013,0.706,8.479,0.983
canny_hough,adaptive,edges,155,0,0,0.0,0.0,,3.923,14.742,0.789,8.292,0.992
canny_hough,adaptive,edges,156,0,0,0.0,0.0,,3.216,12.661,0.642,7.211,0.87
canny_hough,adaptive,edges,157,1,1,0.3,319.0,159.0,4.766,14.144,0.636,7.155,0.911
canny_hough,adaptive,edges,158,1,1,0.3,319.0,159.0,4.507,14.001,0.641,7.208,0.916
canny_hough,adaptive,edges,159,1,1,0.15,319.0,159.0,4.258,13.747,0.638,7.18,0.92
canny_hough,adaptive,edges,160,0,0,0.0,0.0,,1.762,11.164,0.638,7.206,0.875
canny_hough,adaptive,edges,161,1,1,0.3,319.0,159.0,4.244,13.667,0.625,7.178,0.899
canny_hough,adaptive,edges,162,1,1,0.3,319.0,159.0,4.28,13.675,0.658,7.168,0.899
canny_hough,adaptive,edges,163,1,1,0.6,319.0,159.0,5.468,14.994,0.68,7.132,1.012
canny_hough,adaptive,edges,164,1,1,0.6,319.0,159.0,5.486,16.303,0.727,8.302,1.038
canny_hough,adaptive,edges,165,1,1,0.15,319.0,159.0,3.751,14.574,0.736,8.307,1.023
canny_hough,adaptive,edges,166,0,0,0.0,0.0,,3.237,14.04,0.71,8.298,0.981
canny_hough,adaptive,edges,167,0,0,0.0,0.0,,3.282,14.07,0.779,8.284,0.971
canny_hough,adaptive,edges,168,0,0,0.0,0.0,,3.234,14.175,0.713,8.419,1.024
canny_hough,adaptive,edges,169,1,1,0.45,319.0,159.0,4.908,15.697,0.703,8.256,1.0
canny_hough,adaptive,edges,170,1,1,0.45,319.0,159.0,4.869,15.716,0.719,8.296,1.007
canny_hough,adaptive,edges,171,1,1,0.45,319.0,159.0,4.866,15.764,0.825,8.285,1.029
canny_hough,adaptive,edges,172,1,1,0.3,319.0,159.0,3.743,14.547,0.781,8.294,0.971
canny_hough,adaptive,edges,173,1,1,0.15,319.0,159.0,3.435,14.239,0.729,8.237,1.068
canny_hough,adaptive,edges,174,1,1,0.3,319.0,159.0,4.348,15.11,0.72,8.304,0.985
canny_hough,adaptive,edges,175,1,1,0.3,319.0,159.0,4.74,15.967,0.764,8.298,1.376
canny_hough,adaptive,edges,176,1,1,0.45,319.0,159.0,4.75,15.649,0.771,8.371,0.969
canny_hough,adaptive,edges,177,1,1,0.45,319.0,159.0,4.791,15.631,0.801,8.318,0.967
canny_hough,adaptive,edges,178,1,1,0.45,319.0,159.0,4.78,15.621,0.742,8.323,0.981
canny_hough,adaptive,edges,179,1,1,0.45,319.0,159.0,4.769,15.556,0.728,8.255,1.051
canny_hough,adaptive,edges,180,1,1,0.15,319.0,159.0,3.352,14.206,0.733,8.29,1.079
canny_hough,adaptive,edges,181,1,1,0.3,319.0,159.0,4.429,15.251,0.715,8.274,1.043
canny_hough,adaptive,edges,182,1,1,0.3,319.0,159.0,4.075,14.905,0.715,8.304,0.988
canny_hough,adaptive,edges,183,1,1,0.3,319.0,159.0,3.633,14.385,0.733,8.33,0.951
canny_hough,adaptive,edges,184,1,1,0.3,319.0,159.0,3.653,13.092,0.637,7.183,0.928
canny_hough,adaptive,edges,185,1,1,0.3,319.0,159.0,3.732,13.166,0.636,7.176,0.951
canny_hough,adaptive,edges,186,1,1,0.3,319.0,159.0,3.696,13.194,0.669,7.161,0.993
canny_hough,adaptive,edges,187,1,1,0.3,319.0,159.0,3.66,13.163,0.639,7.181,0.973
canny_hough,adaptive,edges,188,1,1,0.15,319.0,159.0,4.177,13.656,0.64,7.202,0.918
canny_hough,adaptive,edges,189,1,1,0.6,319.0,159.0,4.354,14.105,0.688,7.279,1.091
canny_hough,adaptive,edges,190,1,1,0.6,319.0,159.0,4.291,13.708,0.645,7.189,0.895
canny_hough,adaptive,edges,191,1,1,0.6,319.0,159.0,4.253,13.729,0.695,7.145,0.952
canny_hough,adaptive,edges,192,1,1,0.45,319.0,159.0,3.819,13.241,0.642,7.201,0.898
canny_hough,adaptive,edges,193,1,1,0.15,319.0,159.0,3.73,13.136,0.631,7.15,0.944
canny_hough,adaptive,edges,194,0,0,0.0,0.0,,4.495,13.961,0.638,7.212,0.855
canny_hough,adaptive,edges,195,0,0,0.0,0.0,,4.515,13.87,0.623,7.167,0.881
canny_hough,adaptive,edges,196,1,1,0.45,319.0,159.0,3.945,13.445,0.651,7.144,0.942
canny_hough,adaptive,edges,197,1,1,0.15,319.0,159.0,3.099,12.892,1.018,7.19,0.882
canny_hough,adaptive,edges,198,1,1,0.15,319.0,159.0,3.276,12.829,0.634,7.212,0.922
canny_hough,adaptive,edges,199,1,1,0.45,319.0,159.0,3.402,12.84,0.684,7.123,0.941
canny_hough,adaptive,edges,200,1,1,0.45,319.0,159.0,3.497,12.918,0.627,7.208,0.831
canny_hough,adaptive,edges,201,1,1,0.45,319.0,159.0,3.875,13.244,0.638,7.18,0.867
canny_hough,adaptive,edges,202,1,1,0.6,319.0,159.0,4.034,13.499,0.642,7.261,0.881
canny_hough,adaptive,edges,203,1,1,0.6,319.0,159.0,4.035,13.522,0.637,7.2,0.898
canny_hough,adaptive,edges,204,1,1,0.45,319.0,159.0,4.152,13.536,0.639,7.184,0.87
canny_hough,adaptive,edges,205,1,1,0.6,319.0,159.0,4.021,13.444,0.679,7.135,0.922
canny_hough,adaptive,edges,206,1,1,0.6,319.0,159.0,4.506,14.622,0.632,7.839,0.94
canny_hough,adaptive,edges,207,1,1,0.6,319.0,159.0,4.713,15.473,0.778,8.289,0.938
canny_hough,adaptive,edges,208,1,1,0.6,319.0,159.0,5.064,15.855,0.731,8.344,0.915
canny_hough,adaptive,edges,209,1,1,0.6,319.0,159.0,4.994,15.755,0.739,8.308,0.941
canny_hough,adaptive,edges,210,1,1,0.6,319.0,159.0,4.985,15.678,0.727,8.246,0.953
canny_hough,adaptive,edges,211,1,1,0.6,319.0,159.0,4.888,15.625,0.722,8.278,0.971
canny_hough,adaptive,edges,212,1,1,0.6,319.0,159.0,4.941,16.502,0.719,8.261,1.733
canny_hough,adaptive,edges,213,1,1,0.6,311.31,151.31,4.426,15.427,0.729,8.241,1.277
canny_hough,adaptive,edges,214,1,1,0.6,311.31,151.31,4.452,15.262,0.733,8.252,1.067
canny_hough,adaptive,edges,215,1,1,0.6,276.52,116.52,5.559,16.264,0.719,8.261,0.97
canny_hough,adaptive,edges,216,1,1,0.6,242.75,82.75,5.791,16.614,0.727,8.271,0.981
canny_hough,adaptive,edges,217,1,1,0.6,245.98,85.98,6.006,16.78,0.736,8.259,1.006
canny_hough,adaptive,edges,218,1,1,0.45,232.7,72.7,4.233,15.015,0.776,8.301,0.916
canny_hough,adaptive,edges,219,1,1,0.45,232.7,72.7,4.273,15.005,0.731,8.234,1.002
canny_hough,adaptive,edges,220,1,1,0.6,232.83,72.83,4.079,14.764,0.736,8.238,0.937
canny_hough,adaptive,edges,221,1,1,0.45,218.62,58.62,3.508,14.244,0.727,8.276,0.91
canny_hough,adaptive,edges,222,1,1,0.45,218.62,58.62,3.523,14.249,0.726,8.271,0.969
canny_hough,adaptive,edges,223,1,1,0.45,218.62,58.62,3.513,14.158,0.717,8.245,0.932
canny_hough,adaptive,edges,224,1,1,0.45,218.62,58.62,3.545,14.287,0.718,8.366,0.901
canny_hough,adaptive,edges,225,1,1,0.3,215.03,55.03,7.448,18.186,0.72,8.225,0.989
canny_hough,adaptive,edges,226,1,1,0.3,215.03,55.03,7.445,18.193,0.724,8.288,0.958
canny_hough,adaptive,edges,227,1,1,0.3,211.05,51.05,7.517,18.31,0.739,8.255,1.038
canny_hough,adaptive,edges,228,1,1,0.3,211.05,51.05,7.585,18.46,0.721,8.3,0.988
canny_hough,adaptive,edges,229,1,1,0.3,215.37,55.37,5.727,16.483,0.728,8.26,0.945
canny_hough,adaptive,edges,230,1,1,0.3,219.26,59.26,5.664,16.407,0.771,8.273,0.949
canny_hough,adaptive,edges,231,1,1,0.3,219.26,59.26,5.641,16.396,0.716,8.289,0.93
canny_hough,adaptive,edges,232,1,1,0.45,211.44,51.44,7.96,18.757,0.728,8.274,0.964
canny_hough,adaptive,edges,233,1,1,0.3,216.65,56.65,7.743,18.559,0.785,8.289,0.976
canny_hough,adaptive,edges,234,1,1,0.3,217.08,57.08,7.381,18.3,0.711,8.344,1.009
canny_hough,adaptive,edges,235,1,1,0.3,217.08,57.08,7.379,18.161,0.724,8.246,0.987
canny_hough,adaptive,edges,236,1,1,0.3,214.2,54.2,7.51,18.329,0.739,8.26,1.053
canny_hough,adaptive,edges,237,1,1,0.3,215.96,55.96,7.665,18.404,0.722,8.26,0.992
canny_hough,adaptive,edges,238,1,1,0.3,215.96,55.96,7.572,18.518,0.771,8.314,1.023
canny_hough,adaptive,edges,239,1,1,0.15,217.34,57.34,7.382,18.216,0.739,8.311,0.968
canny_hough,adaptive,edges,240,1,1,0.15,217.34,57.34,8.392,19.253,0.742,8.28,0.993
canny_hough,adaptive,edges,241,1,1,0.3,215.63,55.63,7.336,18.192,0.786,8.306,0.978
canny_hough,adaptive,edges,242,1,1,0.3,218.97,58.97,7.455,18.372,0.741,8.291,1.007
canny_hough,adaptive,edges,243,1,1,0.3,218.97,58.97,7.469,18.352,0.822,8.258,0.974
canny_hough,adaptive,edges,244,1,1,0.3,214.87,54.87,7.606,19.258,0.726,8.821,1.339
canny_hough,adaptive,edges,245,1,1,0.15,216.94,56.94,7.443,18.263,0.735,8.261,0.996
canny_hough,adaptive,edges,246,1,1,0.15,216.94,56.94,7.468,18.284,0.709,8.266,0.984
canny_hough,adaptive,edges,247,1,1,0.15,214.68,54.68,7.451,18.265,0.725,8.252,1.073
canny_hough,adaptive,edges,248,1,1,0.15,214.68,54.68,7.467,18.207,0.718,8.263,0.957
canny_hough,adaptive,edges,249,1,1,0.3,217.86,57.86,7.566,18.355,0.739,8.293,0.986
canny_hough,adaptive,edges,250,1,1,0.3,217.86,57.86,7.579,18.335,0.723,8.271,0.993
canny_hough,adaptive,edges,251,1,1,0.3,217.87,57.87,7.471,18.294,0.773,8.323,0.964
canny_hough,adaptive,edges,252,1,1,0.3,217.87,57.87,7.902,18.844,0.747,8.362,1.059
canny_hough,adaptive,edges,253,1,1,0.3,219.2,59.2,7.554,18.296,0.739,8.233,1.003
canny_hough,adaptive,edges,254,1,1,0.3,219.2,59.2,7.602,18.451,0.783,8.324,0.978
canny_hough,adaptive,edges,255,1,1,0.3,219.2,59.2,7.546,18.376,0.738,8.25,1.071
canny_hough,adaptive,edges,256,1,1,0.15,217.77,57.77,7.409,18.293,0.715,8.267,1.118
canny_hough,adaptive,edges,257,1,1,0.3,218.59,58.59,7.367,18.189,0.733,8.368,0.952
canny_hough,adaptive,edges,258,1,1,0.3,218.59,58.59,7.403,18.176,0.712,8.266,0.987
canny_hough,adaptive,edges,259,1,1,0.3,215.13,55.13,6.61,16.343,0.764,7.194,1.009
canny_hough,adaptive,edges,260,1,1,0.3,217.85,57.85,6.516,16.045,0.692,7.154,0.998
canny_hough,adaptive,edges,261,1,1,0.3,219.94,59.94,6.387,15.871,0.682,7.145,0.984
canny_hough,adaptive,edges,262,1,1,0.3,219.94,59.94,6.396,15.921,0.706,7.158,0.962
canny_hough,adaptive,edges,263,1,1,0.3,219.85,59.85,6.533,15.971,0.678,7.141,0.923
canny_hough,adaptive,edges,264,1,1,0.3,219.85,59.85,6.606,16.099,0.678,7.142,0.983
canny_hough,adaptive,edges,265,1,1,0.3,217.32,57.32,6.684,16.194,0.696,7.127,0.982
canny_hough,adaptive,edges,266,1,1,0.3,217.32,57.32,6.692,16.311,0.634,7.208,0.92
canny_hough,adaptive,edges,267,1,1,0.3,219.85,59.85,6.584,16.023,0.648,7.188,0.896
canny_hough,adaptive,edges,268,1,1,0.3,219.85,59.85,6.659,16.166,0.65,7.229,0.9
canny_hough,adaptive,edges,269,1,1,0.3,219.91,59.91,6.756,16.194,0.646,7.192,0.905
canny_hough,adaptive,edges,270,1,1,0.3,219.91,59.91,6.757,16.214,0.644,7.206,0.913
canny_hough,adaptive,edges,271,1,1,0.3,217.37,57.37,7.126,16.523,0.639,7.163,0.908
canny_hough,adaptive,edges,272,1,1,0.3,217.37,57.37,7.195,18.279,0.739,8.488,1.103
canny_hough,adaptive,edges,273,1,1,0.3,217.87,57.87,7.439,18.257,0.717,8.247,1.019
canny_hough,adaptive,edges,274,1,1,0.15,217.12,57.12,7.481,18.258,0.727,8.245,1.031
canny_hough,adaptive,edges,275,1,1,0.15,217.12,57.12,7.396,18.183,0.726,8.276,1.01
canny_hough,adaptive,edges,276,1,1,0.3,219.14,59.14,7.356,18.159,0.718,8.331,0.991
canny_hough,adaptive,edges,277,1,1,0.15,218.66,58.66,6.498,16.52,0.719,7.655,0.903
canny_hough,adaptive,edges,278,1,1,0.3,218.22,58.22,6.849,16.299,0.64,7.173,0.917
canny_hough,adaptive,edges,279,1,1,0.3,218.22,58.22,6.779,16.198,0.637,7.18,0.911
canny_hough,adaptive,edges,280,1,1,0.3,219.67,59.67,6.583,16.0,0.643,7.175,0.91
canny_hough,adaptive,edges,281,1,1,0.3,217.48,57.48,6.848,16.239,0.638,7.155,0.905
canny_hough,adaptive,edges,282,1,1,0.3,219.52,59.52,6.663,16.731,1.095,7.265,0.991
canny_hough,adaptive,edges,283,1,1,0.3,219.52,59.52,7.602,17.237,0.679,7.179,1.068
canny_hough,adaptive,edges,284,1,1,0.3,215.99,55.99,7.453,18.255,0.72,8.272,1.048
canny_hough,adaptive,edges,285,1,1,0.3,216.58,56.58,7.678,18.514,0.8,8.279,0.991
canny_hough,adaptive,edges,286,1,1,0.3,217.77,57.77,7.763,18.626,0.744,8.293,1.056
canny_hough,adaptive,edges,287,1,1,0.3,217.77,57.77,7.686,18.429,0.722,8.267,0.993
canny_hough,adaptive,edges,288,1,1,0.15,219.84,59.84,7.646,18.489,0.721,8.322,0.996
canny_hough,adaptive,edges,289,1,1,0.3,217.42,57.42,7.582,18.276,0.735,8.225,0.977
canny_hough,adaptive,edges,290,1,1,0.3,217.42,57.42,7.515,18.394,0.733,8.304,1.008
canny_hough,adaptive,edges,291,1,1,0.3,220.23,60.23,7.735,18.624,0.735,8.33,1.051
canny_hough,adaptive,edges,292,1,1,0.15,219.84,59.84,7.588,18.358,0.714,8.256,1.041
canny_hough,adaptive,edges,293,1,1,0.3,217.95,57.95,7.172,18.1,0.858,8.307,0.996
canny_hough,adaptive,edges,294,1,1,0.3,217.95,57.95,7.113,17.973,0.689,8.286,1.017
canny_hough,adaptive,edges,295,1,1,0.3,216.16,56.16,7.373,18.234,0.79,8.317,0.986
canny_hough,adaptive,edges,296,1,1,0.3,218.73,58.73,7.364,18.223,0.714,8.287,1.075
canny_hough,adaptive,edges,297,1,1,0.3,219.2,59.2,7.841,18.968,0.735,8.44,1.136
canny_hough,adaptive,edges,298,1,1,0.3,219.2,59.2,7.615,18.516,0.797,8.314,0.981
canny_hough,adaptive,edges,299,1,1,0.15,217.12,57.12,7.282,18.104,0.738,8.255,1.045
canny_hough,adaptive,edges,300,1,1,0.15,217.12,57.12,6.47,16.44,0.642,7.169,1.36
canny_hough,adaptive,edges,301,1,1,0.3,220.23,60.23,6.595,16.021,0.638,7.194,0.893
canny_hough,adaptive,edges,302,1,1,0.3,215.03,55.03,6.655,16.098,0.64,7.214,0.908
canny_hough,adaptive,edges,303,1,1,0.3,215.03,55.03,6.623,16.018,0.641,7.186,0.884
canny_hough,adaptive,edges,304,1,1,0.3,217.48,57.48,6.699,16.165,0.64,7.201,0.909
canny_hough,adaptive,edges,305,1,1,0.3,218.13,58.13,6.641,16.052,0.652,7.16,0.904
canny_hough,adaptive,edges,306,1,1,0.3,218.14,58.14,7.498,17.553,0.646,7.705,1.0
canny_hough,adaptive,edges,307,1,1,0.3,218.14,58.14,7.454,18.235,0.729,8.267,1.029
canny_hough,adaptive,edges,308,1,1,0.3,219.06,59.06,7.633,18.407,0.746,8.236,0.992
canny_hough,adaptive,edges,309,1,1,0.3,223.75,63.75,3.255,13.939,0.768,8.263,0.897
canny_hough,adaptive,edges,310,1,1,0.15,224.64,64.64,6.306,17.018,0.722,8.234,0.948
canny_hough,adaptive,edges,311,1,1,0.15,224.64,64.64,5.685,16.552,0.752,8.303,1.01
canny_hough,adaptive,edges,312,1,1,0.3,221.51,61.51,5.347,15.504,0.77,7.684,0.931
canny_hough,adaptive,edges,313,1,1,0.3,224.28,64.28,5.213,14.556,0.641,7.15,0.859
canny_hough,adaptive,edges,314,1,1,0.3,224.28,64.28,5.203,14.546,0.644,7.171,0.85
canny_hough,adaptive,edges,315,1,1,0.3,220.25,60.25,5.007,14.446,0.636,7.114,0.938
canny_hough,adaptive,edges,316,1,1,0.3,220.8,60.8,6.557,16.049,0.655,7.215,0.929
canny_hough,adaptive,edges,317,1,1,0.3,221.93,61.93,6.662,16.064,0.636,7.156,0.914
canny_hough,adaptive,edges,318,1,1,0.3,221.93,61.93,6.679,16.157,0.649,7.192,0.919
canny_hough,adaptive,edges,319,1,1,0.3,218.59,58.59,5.726,15.123,0.633,7.182,0.896
canny_hough,adaptive,edges,320,1,1,0.3,221.97,61.97,6.562,15.979,0.643,7.184,0.909
canny_hough,adaptive,edges,321,1,1,0.3,222.1,62.1,6.607,16.016,0.64,7.185,0.891
canny_hough,adaptive,edges,322,1,1,0.3,222.1,62.1,6.596,16.038,0.63,7.181,0.944
canny_hough,adaptive,edges,323,1,1,0.3,219.39,59.39,6.454,15.877,0.64,7.168,0.917
canny_hough,adaptive,edges,324,1,1,0.3,219.39,59.39,6.372,15.797,0.648,7.159,0.921
canny_hough,adaptive,edges,325,1,1,0.3,219.87,59.87,7.486,17.411,0.642,7.623,0.962
canny_hough,adaptive,edges,326,1,1,0.3,219.87,59.87,7.502,18.392,0.781,8.337,1.005
canny_hough,adaptive,edges,327,1,1,0.3,222.83,62.83,7.242,18.092,0.729,8.264,1.09
canny_hough,adaptive,edges,328,1,1,0.3,222.83,62.83,7.303,18.175,0.713,8.286,1.009
canny_hough,adaptive,edges,329,1,1,0.3,220.28,60.28,7.361,18.164,0.724,8.251,1.062
canny_hough,adaptive,edges,330,1,1,0.3,220.28,60.28,7.284,18.059,0.713,8.267,1.007
canny_hough,adaptive,edges,331,1,1,0.15,219.9,59.9,6.349,15.724,0.654,7.137,0.9
canny_hough,adaptive,edges,332,1,1,0.15,219.9,59.9,6.34,15.965,0.632,7.399,0.91
canny_hough,adaptive,edges,333,1,1,0.3,222.06,62.06,6.387,15.772,0.628,7.138,0.911
canny_hough,adaptive,edges,334,1,1,0.3,222.06,62.06,6.454,15.92,0.652,7.189,0.916
canny_hough,adaptive,edges,335,1,1,0.3,219.37,59.37,6.482,15.901,0.635,7.189,0.911
canny_hough,adaptive,edges,336,1,1,0.3,221.24,61.24,6.478,15.91,0.64,7.17,0.934
canny_hough,adaptive,edges,337,1,1,0.3,219.57,59.57,7.211,17.237,0.642,7.676,1.01
canny_hough,adaptive,edges,338,1,1,0.3,219.57,59.57,7.213,18.104,0.768,8.311,1.003
canny_hough,adaptive,edges,339,1,1,0.3,223.89,63.89,7.23,18.042,0.735,8.241,1.003
canny_hough,adaptive,edges,340,1,1,0.3,220.85,60.85,7.29,18.136,0.721,8.277,1.005
canny_hough,adaptive,edges,341,1,1,0.15,221.77,61.77,7.113,18.079,0.728,8.424,1.053
canny_hough,adaptive,edges,342,1,1,0.15,221.77,61.77,7.043,17.904,0.753,8.269,1.006
canny_hough,adaptive,edges,343,1,1,0.3,221.37,61.37,7.64,18.462,0.729,8.264,1.071
canny_hough,adaptive,edges,344,1,1,0.3,222.77,62.77,7.446,18.224,0.718,8.252,1.037
canny_hough,adaptive,edges,345,1,1,0.15,221.77,61.77,7.254,18.07,0.724,8.355,0.97
canny_hough,adaptive,edges,346,1,1,0.15,221.77,61.77,7.299,18.062,0.718,8.275,1.001
canny_hough,adaptive,edges,347,1,1,0.3,220.87,60.87,7.373,18.183,0.763,8.289,1.002
canny_hough,adaptive,edges,348,1,1,0.3,220.87,60.87,6.529,17.263,0.738,8.279,0.929
canny_hough,adaptive,edges,349,1,1,0.15,221.77,61.77,6.532,15.918,0.633,7.14,0.922
canny_hough,adaptive,edges,350,1,1,0.3,220.91,60.91,6.473,15.998,0.651,7.278,0.902
canny_hough,adaptive,edges,351,1,1,0.3,220.91,60.91,6.425,15.83,0.646,7.151,0.926
canny_hough,adaptive,edges,352,1,1,0.3,223.22,63.22,6.592,16.03,0.636,7.184,0.926
canny_hough,adaptive,edges,353,1,1,0.15,222.83,62.83,6.264,15.668,0.639,7.142,0.938
canny_hough,adaptive,edges,354,1,1,0.3,220.91,60.91,6.374,15.794,0.639,7.179,0.902
canny_hough,adaptive,edges,355,1,1,0.3,220.91,60.91,6.359,15.711,0.636,7.171,0.877
canny_hough,adaptive,edges,356,1,1,0.3,217.1,57.1,6.871,16.365,0.641,7.192,0.944
canny_hough,adaptive,edges,357,1,1,0.3,221.98,61.98,6.412,16.191,0.671,7.37,1.04
canny_hough,adaptive,edges,358,1,1,0.3,221.2,61.2,6.568,16.339,0.628,7.208,1.151
canny_hough,adaptive,edges,359,1,1,0.3,221.2,61.2,6.606,16.101,0.649,7.188,0.947
canny_hough,adaptive,edges,360,1,1,0.15,221.65,61.65,6.389,15.939,0.687,7.159,1.008
canny_hough,fixed,binary,0,0,0,0.0,0.0,,4.605,6.894,0.642,0.136,0.841
canny_hough,fixed,binary,1,0,0,0.0,0.0,,4.489,6.797,0.623,0.091,0.838
canny_hough,fixed,binary,2,0,0,0.0,0.0,,4.324,6.567,0.637,0.094,0.818
canny_hough,fixed,binary,3,0,0,0.0,0.0,,4.373,6.683,0.702,0.101,0.843
canny_hough,fixed,binary,4,0,0,0.0,0.0,,4.429,6.75,0.642,0.092,0.881
canny_hough,fixed,binary,5,0,0,0.0,0.0,,4.605,6.834,0.642,0.091,0.819
canny_hough,fixed,binary,6,0,0,0.0,0.0,,4.472,6.797,0.643,0.092,0.813
canny_hough,fixed,binary,7,0,0,0.0,0.0,,4.352,6.668,0.643,0.094,0.893
canny_hough,fixed,binary,8,0,0,0.0,0.0,,4.644,6.895,0.643,0.094,0.821
canny_hough,fixed,binary,9,0,0,0.0,0.0,,4.353,6.58,0.637,0.09,0.821
canny_hough,fixed,binary,10,0,0,0.0,0.0,,4.429,6.758,0.659,0.136,0.833
canny_hough,fixed,binary,11,0,0,0.0,0.0,,4.716,6.97,0.643,0.095,0.834
canny_hough,fixed,binary,12,0,0,0.0,0.0,,4.53,6.764,0.637,0.09,0.823
canny_hough,fixed,binary,13,0,0,0.0,0.0,,4.357,6.693,0.694,0.096,0.869
canny_hough,fixed,binary,14,0,0,0.0,0.0,,4.699,7.056,0.637,0.092,0.935
canny_hough,fixed,binary,15,0,0,0.0,0.0,,5.194,7.686,0.725,0.099,0.911
canny_hough,fixed,binary,16,0,0,0.0,0.0,,5.209,7.749,0.732,0.1,0.913
canny_hough,fixed,binary,17,0,0,0.0,0.0,,5.225,7.716,0.72,0.098,0.916
canny_hough,fixed,binary,18,0,0,0.0,0.0,,5.203,7.719,0.738,0.099,0.913
canny_hough,fixed,binary,19,0,0,0.0,0.0,,5.143,7.64,0.726,0.098,0.915
canny_hough,fixed,binary,20,0,0,0.0,0.0,,4.925,7.427,0.72,0.097,0.912
canny_hough,fixed,binary,21,0,0,0.0,0.0,,5.11,7.655,0.716,0.098,0.916
canny_hough,fixed,binary,22,0,0,0.0,0.0,,4.69,7.206,0.739,0.11,0.915
canny_hough,fixed,binary,23,0,0,0.0,0.0,,4.684,7.24,0.733,0.099,0.967
canny_hough,fixed,binary,24,0,0,0.0,0.0,,5.273,8.017,0.728,0.099,1.09
canny_hough,fixed,binary,25,0,0,0.0,0.0,,5.197,7.911,0.73,0.106,1.05
canny_hough,fixed,binary,26,0,0,0.0,0.0,,5.23,7.881,0.736,0.098,1.01
canny_hough,fixed,binary,27,0,0,0.0,0.0,,5.105,7.669,0.72,0.1,0.992
canny_hough,fixed,binary,28,0,0,0.0,0.0,,5.113,7.697,0.731,0.099,0.919
canny_hough,fixed,binary,29,0,0,0.0,0.0,,5.211,7.738,0.75,0.101,0.913
canny_hough,fixed,binary,30,0,0,0.0,0.0,,5.388,7.883,0.72,0.1,0.915
canny_hough,fixed,binary,31,0,0,0.0,0.0,,5.378,7.9,0.742,0.099,0.92
canny_hough,fixed,binary,32,0,0,0.0,0.0,,5.173,7.692,0.735,0.102,0.923
canny_hough,fixed,binary,33,0,0,0.0,0.0,,5.145,7.647,0.726,0.097,0.92
canny_hough,fixed,binary,34,0,0,0.0,0.0,,5.212,7.716,0.718,0.101,0.915
canny_hough,fixed,binary,35,0,0,0.0,0.0,,4.926,7.508,0.754,0.112,0.917
canny_hough,fixed,binary,36,0,0,0.0,0.0,,4.9,7.489,0.72,0.1,0.908
canny_hough,fixed,binary,37,0,0,0.0,0.0,,5.083,7.675,0.791,0.116,0.926
canny_hough,fixed,binary,38,0,0,0.0,0.0,,5.013,7.571,0.786,0.102,0.913
canny_hough,fixed,binary,39,0,0,0.0,0.0,,4.854,7.669,0.78,0.104,1.177
canny_hough,fixed,binary,40,0,0,0.0,0.0,,4.886,7.446,0.718,0.098,0.985
canny_hough,fixed,binary,41,0,0,0.0,0.0,,5.29,7.855,0.721,0.098,0.983
canny_hough,fixed,binary,42,0,0,0.0,0.0,,4.905,7.5,0.726,0.098,1.003
canny_hough,fixed,binary,43,0,0,0.0,0.0,,5.225,7.743,0.739,0.099,0.923
canny_hough,fixed,binary,44,0,0,0.0,0.0,,5.212,7.719,0.724,0.098,0.918
canny_hough,fixed,binary,45,0,0,0.0,0.0,,5.164,7.682,0.726,0.097,0.93
canny_hough,fixed,binary,46,0,0,0.0,0.0,,5.152,7.695,0.729,0.099,0.901
canny_hough,fixed,binary,47,0,0,0.0,0.0,,5.347,7.827,0.721,0.101,0.899
canny_hough,fixed,binary,48,0,0,0.0,0.0,,5.224,7.714,0.717,0.101,0.909
canny_hough,fixed,binary,49,0,0,0.0,0.0,,5.041,7.549,0.725,0.099,0.925
canny_hough,fixed,binary,50,0,0,0.0,0.0,,5.041,7.576,0.699,0.105,0.897
canny_hough,fixed,binary,51,0,0,0.0,0.0,,5.27,7.82,0.765,0.104,0.917
canny_hough,fixed,binary,52,0,0,0.0,0.0,,5.074,7.686,0.774,0.102,0.937
canny_hough,fixed,binary,53,0,0,0.0,0.0,,5.078,7.626,0.781,0.104,0.903
canny_hough,fixed,binary,54,0,0,0.0,0.0,,4.765,7.314,0.723,0.147,0.912
canny_hough,fixed,binary,55,0,0,0.0,0.0,,4.909,7.479,0.722,0.099,1.007
canny_hough,fixed,binary,56,0,0,0.0,0.0,,4.944,7.539,0.732,0.1,0.904
canny_hough,fixed,binary,57,0,0,0.0,0.0,,5.359,7.853,0.727,0.102,0.913
canny_hough,fixed,binary,58,0,0,0.0,0.0,,5.027,7.547,0.735,0.098,0.926
canny_hough,fixed,binary,59,0,0,0.0,0.0,,4.978,7.484,0.725,0.104,0.924
canny_hough,fixed,binary,60,0,0,0.0,0.0,,4.928,7.407,0.721,0.097,0.903
canny_hough,fixed,binary,61,0,0,0.0,0.0,,5.058,7.6,0.708,0.097,0.926
canny_hough,fixed,binary,62,0,0,0.0,0.0,,5.063,7.621,0.778,0.103,0.911
canny_hough,fixed,binary,63,0,0,0.0,0.0,,5.082,7.682,0.808,0.121,0.923
canny_hough,fixed,binary,64,0,0,0.0,0.0,,5.079,7.62,0.771,0.102,0.912
canny_hough,fixed,binary,65,0,0,0.0,0.0,,5.205,7.813,0.72,0.099,0.974
canny_hough,fixed,binary,66,0,0,0.0,0.0,,5.2,7.811,0.726,0.098,0.986
canny_hough,fixed,binary,67,0,0,0.0,0.0,,4.691,7.253,0.718,0.099,1.004
canny_hough,fixed,binary,68,0,0,0.0,0.0,,4.454,6.698,0.643,0.091,0.825
canny_hough,fixed,binary,69,0,0,0.0,0.0,,4.762,6.965,0.637,0.091,0.794
canny_hough,fixed,binary,70,0,0,0.0,0.0,,4.958,7.258,0.698,0.098,0.812
canny_hough,fixed,binary,71,0,0,0.0,0.0,,4.701,7.005,0.653,0.096,0.87
canny_hough,fixed,binary,72,1,1,0.6,319.0,159.0,3.491,5.709,0.641,0.109,0.775
canny_hough,fixed,binary,73,0,0,0.0,0.0,,4.695,6.98,0.703,0.097,0.805
canny_hough,fixed,binary,74,0,0,0.0,0.0,,4.665,6.957,0.651,0.093,0.857
canny_hough,fixed,binary,75,0,0,0.0,0.0,,4.726,6.942,0.64,0.094,0.788
canny_hough,fixed,binary,76,0,0,0.0,0.0,,4.718,6.982,0.638,0.089,0.815
canny_hough,fixed,binary,77,0,0,0.0,0.0,,4.25,6.634,0.762,0.104,0.769
canny_hough,fixed,binary,78,0,0,0.0,0.0,,4.295,6.593,0.645,0.093,0.856
canny_hough,fixed,binary,79,0,0,0.0,0.0,,4.257,6.454,0.641,0.095,0.774
canny_hough,fixed,binary,80,1,1,0.15,319.0,159.0,2.559,4.733,0.654,0.098,0.731
canny_hough,fixed,binary,81,1,1,0.3,319.0,159.0,2.441,4.562,0.646,0.092,0.707
canny_hough,fixed,binary,82,1,1,0.3,319.0,159.0,2.427,4.569,0.637,0.09,0.722
canny_hough,fixed,binary,83,1,1,0.45,319.0,159.0,3.122,5.269,0.623,0.099,0.748
canny_hough,fixed,binary,84,0,0,0.0,0.0,,3.989,6.202,0.631,0.089,0.81
canny_hough,fixed,binary,85,0,0,0.0,0.0,,4.25,6.452,0.646,0.092,0.776
canny_hough,fixed,binary,86,0,0,0.0,0.0,,4.168,6.47,0.699,0.095,0.784
canny_hough,fixed,binary,87,0,0,0.0,0.0,,3.56,5.819,0.653,0.093,0.76
canny_hough,fixed,binary,88,0,0,0.0,0.0,,3.662,5.916,0.636,0.09,0.769
canny_hough,fixed,binary,89,0,0,0.0,0.0,,4.092,6.362,0.646,0.099,0.776
canny_hough,fixed,binary,90,0,0,0.0,0.0,,4.126,6.328,0.635,0.092,0.781
canny_hough,fixed,binary,91,0,0,0.0,0.0,,3.813,6.108,0.643,0.11,0.853
canny_hough,fixed,binary,92,0,0,0.0,0.0,,3.788,5.975,0.642,0.091,0.773
canny_hough,fixed,binary,93,0,0,0.0,0.0,,4.155,6.411,0.63,0.135,0.813
canny_hough,fixed,binary,94,0,0,0.0,0.0,,3.994,6.455,0.84,0.111,0.814
canny_hough,fixed,binary,95,0,0,0.0,0.0,,4.305,6.69,0.642,0.096,0.835
canny_hough,fixed,binary,96,0,0,0.0,0.0,,4.375,7.086,0.65,0.093,1.163
canny_hough,fixed,binary,97,0,0,0.0,0.0,,4.33,6.516,0.639,0.091,0.784
canny_hough,fixed,binary,98,0,0,0.0,0.0,,4.391,6.619,0.665,0.093,0.767
canny_hough,fixed,binary,99,0,0,0.0,0.0,,4.241,6.549,0.708,0.114,0.797
canny_hough,fixed,binary,100,0,0,0.0,0.0,,4.171,6.418,0.654,0.092,0.81
canny_hough,fixed,binary,101,0,0,0.0,0.0,,4.788,7.074,0.628,0.092,0.83
canny_hough,fixed,binary,102,0,0,0.0,0.0,,4.457,6.752,0.687,0.095,0.823
canny_hough,fixed,binary,103,0,0,0.0,0.0,,4.501,6.945,0.641,0.093,0.891
canny_hough,fixed,binary,104,1,1,0.6,304.26,144.26,3.505,5.693,0.648,0.094,0.757
canny_hough,fixed,binary,105,1,1,0.3,281.77,121.77,5.075,7.333,0.641,0.093,0.839
canny_hough,fixed,binary,106,1,1,0.3,281.77,121.77,5.067,7.46,0.641,0.094,0.933
canny_hough,fixed,binary,107,1,1,0.3,253.94,93.94,2.69,4.894,0.658,0.094,0.767
canny_hough,fixed,binary,108,1,1,0.3,253.94,93.94,2.638,4.874,0.641,0.091,0.829
canny_hough,fixed,binary,109,1,1,0.3,266.91,106.91,4.579,6.978,0.831,0.107,0.793
canny_hough,fixed,binary,110,1,1,0.3,266.91,106.91,4.622,6.914,0.658,0.09,0.856
canny_hough,fixed,binary,111,1,1,0.3,266.91,106.91,4.69,6.898,0.641,0.094,0.796
canny_hough,fixed,binary,112,0,0,0.0,0.0,,2.82,4.995,0.636,0.093,0.761
canny_hough,fixed,binary,113,0,0,0.0,0.0,,3.713,5.836,0.624,0.091,0.748
canny_hough,fixed,binary,114,0,0,0.0,0.0,,3.842,5.983,0.645,0.093,0.718
canny_hough,fixed,binary,115,1,1,0.3,0.0,-160.0,4.852,7.272,0.718,0.096,0.856
canny_hough,fixed,binary,116,1,1,0.3,0.0,-160.0,4.82,7.277,0.726,0.099,0.843
canny_hough,fixed,binary,117,1,1,0.6,0.0,-160.0,4.908,7.339,0.726,0.099,0.846
canny_hough,fixed,binary,118,1,1,0.6,0.0,-160.0,5.274,7.801,0.794,0.102,0.798
canny_hough,fixed,binary,119,1,1,0.6,0.0,-160.0,5.166,7.617,0.783,0.103,0.813
canny_hough,fixed,binary,120,1,1,0.6,0.0,-160.0,5.525,7.991,0.769,0.102,0.829
canny_hough,fixed,binary,121,1,1,0.6,0.0,-160.0,5.217,7.655,0.743,0.116,0.811
canny_hough,fixed,binary,122,1,1,0.6,0.0,-160.0,5.237,7.674,0.773,0.103,0.808
canny_hough,fixed,binary,123,1,1,0.6,0.0,-160.0,5.351,7.867,0.744,0.1,0.884
canny_hough,fixed,binary,124,1,1,0.6,0.0,-160.0,5.355,7.795,0.717,0.097,0.866
canny_hough,fixed,binary,125,1,1,0.6,42.12,-117.88,5.486,7.945,0.724,0.101,0.878
canny_hough,fixed,binary,126,1,1,0.6,67.45,-92.55,5.069,7.529,0.722,0.095,0.853
canny_hough,fixed,binary,127,1,1,0.6,67.45,-92.55,5.099,7.525,0.725,0.1,0.848
canny_hough,fixed,binary,128,0,0,0.0,0.0,,4.676,7.049,0.728,0.097,0.795
canny_hough,fixed,binary,129,0,0,0.0,0.0,,4.488,6.726,0.637,0.09,0.826
canny_hough,fixed,binary,130,0,0,0.0,0.0,,4.833,7.149,0.709,0.096,0.822
canny_hough,fixed,binary,131,0,0,0.0,0.0,,4.644,7.615,0.757,0.252,1.239
canny_hough,fixed,binary,132,0,0,0.0,0.0,,4.393,6.775,0.626,0.092,0.938
canny_hough,fixed,binary,133,1,1,0.6,319.0,159.0,4.355,6.548,0.636,0.093,0.788
canny_hough,fixed,binary,134,1,1,0.6,319.0,159.0,4.327,6.574,0.629,0.096,0.774
canny_hough,fixed,binary,135,1,1,0.6,319.0,159.0,4.348,6.656,0.641,0.094,0.88
canny_hough,fixed,binary,136,1,1,0.3,319.0,159.0,4.23,6.499,0.635,0.091,0.816
canny_hough,fixed,binary,137,1,1,0.45,319.0,159.0,4.24,6.539,0.676,0.103,0.789
canny_hough,fixed,binary,138,1,1,0.45,319.0,159.0,4.241,6.536,0.637,0.093,0.874
canny_hough,fixed,binary,139,1,1,0.45,319.0,159.0,4.297,6.49,0.633,0.092,0.791
canny_hough,fixed,binary,140,1,1,0.6,154.47,-5.53,4.797,7.117,0.709,0.111,0.803
canny_hough,fixed,binary,141,1,1,0.6,235.4,75.4,5.798,8.118,0.642,0.095,0.885
canny_hough,fixed,binary,142,1,1,0.6,243.1,83.1,5.94,8.195,0.654,0.092,0.815
canny_hough,fixed,binary,143,1,1,0.6,243.1,83.1,5.967,8.214,0.683,0.102,0.759
canny_hough,fixed,binary,144,1,1,0.6,216.22,56.22,6.28,8.523,0.685,0.096,0.772
canny_hough,fixed,binary,145,0,0,0.0,0.0,,1.348,3.539,0.635,0.091,0.715
canny_hough,fixed,binary,146,0,0,0.0,0.0,,0.68,2.804,0.671,0.096,0.677
canny_hough,fixed,binary,147,0,0,0.0,0.0,,0.683,2.793,0.602,0.114,0.764
canny_hough,fixed,binary,148,0,0,0.0,0.0,,0.68,2.7,0.599,0.095,0.695
canny_hough,fixed,binary,149,0,0,0.0,0.0,,0.678,2.791,0.604,0.094,0.704
canny_hough,fixed,binary,150,0,0,0.0,0.0,,1.929,4.075,0.603,0.092,0.818
canny_hough,fixed,binary,151,0,0,0.0,0.0,,1.923,4.109,0.618,0.135,0.788
canny_hough,fixed,binary,152,0,0,0.0,0.0,,1.934,4.264,0.785,0.107,0.775
canny_hough,fixed,binary,153,0,0,0.0,0.0,,3.507,5.675,0.667,0.094,0.768
canny_hough,fixed,binary,154,0,0,0.0,0.0,,3.54,5.708,0.631,0.097,0.753
canny_hough,fixed,binary,155,0,0,0.0,0.0,,3.538,5.794,0.636,0.133,0.812
canny_hough,fixed,binary,156,0,0,0.0,0.0,,3.175,5.335,0.641,0.09,0.718
canny_hough,fixed,binary,157,1,1,0.3,319.0,159.0,4.534,6.763,0.634,0.094,0.82
canny_hough,fixed,binary,158,1,1,0.3,319.0,159.0,4.529,6.692,0.614,0.093,0.766
canny_hough,fixed,binary,159,1,1,0.15,319.0,159.0,4.232,6.453,0.632,0.094,0.759
canny_hough,fixed,binary,160,0,0,0.0,0.0,,1.798,4.009,0.634,0.095,0.795
canny_hough,fixed,binary,161,1,1,0.3,319.0,159.0,4.279,6.482,0.63,0.096,0.802
canny_hough,fixed,binary,162,1,1,0.3,319.0,159.0,4.779,7.073,0.663,0.099,0.824
canny_hough,fixed,binary,163,1,1,0.6,319.0,159.0,5.498,7.987,0.718,0.096,0.821
canny_hough,fixed,binary,164,1,1,0.6,319.0,159.0,5.494,7.96,0.719,0.099,0.807
canny_hough,fixed,binary,165,1,1,0.15,319.0,159.0,3.783,6.293,0.72,0.101,0.864
canny_hough,fixed,binary,166,0,0,0.0,0.0,,3.288,5.795,0.731,0.099,0.894
canny_hough,fixed,binary,167,0,0,0.0,0.0,,3.276,5.64,0.721,0.097,0.797
canny_hough,fixed,binary,168,0,0,0.0,0.0,,3.245,5.729,0.712,0.097,0.915
canny_hough,fixed,binary,169,1,1,0.45,319.0,159.0,4.847,7.332,0.708,0.098,0.862
canny_hough,fixed,binary,170,1,1,0.45,319.0,159.0,4.876,7.35,0.768,0.107,0.842
canny_hough,fixed,binary,171,1,1,0.45,319.0,159.0,4.853,7.362,0.719,0.1,0.938
canny_hough,fixed,binary,172,1,1,0.3,319.0,159.0,3.633,6.099,0.723,0.097,0.892
canny_hough,fixed,binary,173,1,1,0.15,319.0,159.0,3.704,6.603,0.733,0.144,1.242
canny_hough,fixed,binary,174,1,1,0.3,319.0,159.0,4.358,7.216,0.793,0.127,1.198
canny_hough,fixed,binary,175,1,1,0.3,319.0,159.0,4.366,6.861,0.721,0.102,0.915
canny_hough,fixed,binary,176,1,1,0.45,319.0,159.0,4.875,7.304,0.722,0.099,0.813
canny_hough,fixed,binary,177,1,1,0.45,319.0,159.0,4.808,7.196,0.718,0.099,0.818
canny_hough,fixed,binary,178,1,1,0.45,319.0,159.0,4.782,7.255,0.73,0.102,0.819
canny_hough,fixed,binary,179,1,1,0.45,319.0,159.0,4.798,7.249,0.776,0.102,0.825
canny_hough,fixed,binary,180,1,1,0.15,319.0,159.0,3.339,5.94,0.858,0.103,0.888
canny_hough,fixed,binary,181,1,1,0.3,319.0,159.0,4.411,6.832,0.713,0.103,0.844
canny_hough,fixed,binary,182,1,1,0.3,319.0,159.0,4.069,6.546,0.776,0.107,0.833
canny_hough,fixed,binary,183,1,1,0.3,319.0,159.0,4.067,6.571,0.73,0.105,0.836
canny_hough,fixed,binary,184,1,1,0.3,319.0,159.0,4.107,6.522,0.716,0.098,0.842
canny_hough,fixed,binary,185,1,1,0.3,319.0,159.0,4.187,6.736,0.774,0.123,0.892
canny_hough,fixed,binary,186,1,1,0.3,319.0,159.0,4.109,6.636,0.725,0.095,0.849
canny_hough,fixed,binary,187,1,1,0.3,319.0,159.0,4.107,6.522,0.715,0.099,0.854
canny_hough,fixed,binary,188,1,1,0.15,319.0,159.0,4.63,7.12,0.773,0.107,0.846
canny_hough,fixed,binary,189,1,1,0.6,319.0,159.0,4.783,7.272,0.731,0.102,0.908
canny_hough,fixed,binary,190,1,1,0.6,319.0,159.0,4.868,7.265,0.71,0.102,0.805
canny_hough,fixed,binary,191,1,1,0.6,319.0,159.0,4.906,7.485,0.896,0.108,0.816
canny_hough,fixed,binary,192,1,1,0.45,319.0,159.0,4.292,6.839,0.721,0.096,0.936
canny_hough,fixed,binary,193,1,1,0.15,319.0,159.0,4.162,6.684,0.775,0.114,0.879
canny_hough,fixed,binary,194,0,0,0.0,0.0,,5.113,7.57,0.727,0.097,0.87
canny_hough,fixed,binary,195,0,0,0.0,0.0,,5.086,7.528,0.738,0.1,0.786
canny_hough,fixed,binary,196,1,1,0.45,319.0,159.0,4.296,6.679,0.725,0.096,0.77
canny_hough,fixed,binary,197,1,1,0.15,319.0,159.0,3.46,5.816,0.716,0.099,0.782
canny_hough,fixed,binary,198,1,1,0.15,319.0,159.0,3.386,5.81,0.736,0.102,0.828
canny_hough,fixed,binary,199,1,1,0.45,319.0,159.0,3.848,6.244,0.718,0.098,0.769
canny_hough,fixed,binary,200,1,1,0.45,319.0,159.0,3.865,6.319,0.728,0.099,0.868
canny_hough,fixed,binary,201,1,1,0.45,319.0,159.0,4.348,6.761,0.765,0.098,0.79
canny_hough,fixed,binary,202,1,1,0.6,319.0,159.0,4.524,7.025,0.763,0.101,0.871
canny_hough,fixed,binary,203,1,1,0.6,319.0,159.0,4.518,7.033,0.734,0.1,0.924
canny_hough,fixed,binary,204,1,1,0.45,319.0,159.0,4.769,7.139,0.72,0.102,0.78
canny_hough,fixed,binary,205,1,1,0.6,319.0,159.0,4.54,6.923,0.735,0.099,0.797
canny_hough,fixed,binary,206,1,1,0.6,319.0,159.0,4.572,7.052,0.721,0.108,0.8
canny_hough,fixed,binary,207,1,1,0.6,319.0,159.0,4.735,7.157,0.775,0.106,0.795
canny_hough,fixed,binary,208,1,1,0.6,319.0,159.0,5.095,7.545,0.721,0.103,0.854
canny_hough,fixed,binary,209,1,1,0.6,319.0,159.0,5.002,7.472,0.737,0.115,0.794
canny_hough,fixed,binary,210,1,1,0.6,319.0,159.0,5.084,7.435,0.716,0.099,0.771
canny_hough,fixed,binary,211,1,1,0.6,319.0,159.0,4.926,7.303,0.716,0.1,0.796
canny_hough,fixed,binary,212,1,1,0.6,319.0,159.0,4.878,7.25,0.731,0.097,0.771
canny_hough,fixed,binary,213,1,1,0.6,311.31,151.31,4.454,6.923,0.735,0.101,0.878
canny_hough,fixed,binary,214,1,1,0.6,311.31,151.31,4.426,6.924,0.748,0.098,0.899
canny_hough,fixed,binary,215,1,1,0.6,276.52,116.52,5.585,7.966,0.726,0.097,0.799
canny_hough,fixed,binary,216,1,1,0.6,242.75,82.75,5.869,8.312,0.723,0.1,0.813
canny_hough,fixed,binary,217,1,1,0.6,245.98,85.98,6.044,8.517,0.72,0.102,0.791
canny_hough,fixed,binary,218,1,1,0.45,232.7,72.7,4.224,6.664,0.718,0.104,0.848
canny_hough,fixed,binary,219,1,1,0.45,232.7,72.7,4.247,6.598,0.722,0.1,0.781
canny_hough,fixed,binary,220,1,1,0.6,232.83,72.83,4.132,6.533,0.707,0.102,0.761
canny_hough,fixed,binary,221,1,1,0.45,218.62,58.62,3.522,5.968,0.729,0.105,0.854
canny_hough,fixed,binary,222,1,1,0.45,218.62,58.62,3.509,5.855,0.722,0.103,0.756
canny_hough,fixed,binary,223,1,1,0.45,218.62,58.62,3.555,6.129,0.866,0.107,0.851
canny_hough,fixed,binary,224,1,1,0.45,218.62,58.62,3.49,5.822,0.72,0.098,0.754
canny_hough,fixed,binary,225,1,1,0.3,215.03,55.03,7.537,10.516,0.72,0.102,1.333
canny_hough,fixed,binary,226,1,1,0.3,215.03,55.03,7.443,9.9,0.73,0.099,0.833
canny_hough,fixed,binary,227,1,1,0.3,211.05,51.05,7.607,10.072,0.754,0.115,0.845
canny_hough,fixed,binary,228,1,1,0.3,211.05,51.05,7.603,10.025,0.726,0.099,0.826
canny_hough,fixed,binary,229,1,1,0.3,215.37,55.37,5.728,8.163,0.782,0.104,0.785
canny_hough,fixed,binary,230,1,1,0.3,219.26,59.26,5.714,8.125,0.768,0.102,0.78
canny_hough,fixed,binary,231,1,1,0.3,219.26,59.26,5.637,8.053,0.779,0.101,0.785
canny_hough,fixed,binary,232,1,1,0.45,211.44,51.44,7.945,10.42,0.709,0.097,0.834
canny_hough,fixed,binary,233,1,1,0.3,216.65,56.65,7.745,10.258,0.726,0.1,0.912
canny_hough,fixed,binary,234,1,1,0.3,217.08,57.08,7.45,9.885,0.732,0.099,0.844
canny_hough,fixed,binary,235,1,1,0.3,217.08,57.08,7.436,9.932,0.727,0.1,0.912
canny_hough,fixed,binary,236,1,1,0.3,214.2,54.2,7.424,9.881,0.733,0.098,0.827
canny_hough,fixed,binary,237,1,1,0.3,215.96,55.96,7.588,10.08,0.714,0.101,0.922
canny_hough,fixed,binary,238,1,1,0.3,215.96,55.96,7.579,10.017,0.728,0.1,0.847
canny_hough,fixed,binary,239,1,1,0.15,217.34,57.34,7.468,10.006,0.744,0.1,0.906
canny_hough,fixed,binary,240,1,1,0.15,217.34,57.34,7.619,11.042,1.185,0.161,1.313
canny_hough,fixed,binary,241,1,1,0.3,215.63,55.63,7.267,9.784,0.731,0.104,0.852
canny_hough,fixed,binary,242,1,1,0.3,218.97,58.97,7.542,9.983,0.733,0.1,0.847
canny_hough,fixed,binary,243,1,1,0.3,218.97,58.97,7.429,9.896,0.725,0.103,0.825
canny_hough,fixed,binary,244,1,1,0.3,214.87,54.87,7.595,10.141,0.725,0.098,0.968
canny_hough,fixed,binary,245,1,1,0.15,216.94,56.94,7.413,9.884,0.713,0.098,0.825
canny_hough,fixed,binary,246,1,1,0.15,216.94,56.94,7.421,9.946,0.739,0.098,0.836
canny_hough,fixed,binary,247,1,1,0.15,214.68,54.68,7.463,9.897,0.704,0.099,0.826
canny_hough,fixed,binary,248,1,1,0.15,214.68,54.68,7.453,9.906,0.748,0.098,0.851
canny_hough,fixed,binary,249,1,1,0.3,217.86,57.86,7.468,9.972,0.729,0.121,0.843
canny_hough,fixed,binary,250,1,1,0.3,217.86,57.86,7.56,9.984,0.728,0.096,0.838
canny_hough,fixed,binary,251,1,1,0.3,217.87,57.87,7.48,10.042,0.699,0.102,0.83
canny_hough,fixed,binary,252,1,1,0.3,217.87,57.87,7.508,10.0,0.725,0.099,0.832
canny_hough,fixed,binary,253,1,1,0.3,219.2,59.2,7.542,10.112,0.719,0.102,0.928
canny_hough,fixed,binary,254,1,1,0.3,219.2,59.2,7.513,10.141,0.756,0.115,0.936
canny_hough,fixed,binary,255,1,1,0.3,219.2,59.2,7.577,9.986,0.724,0.094,0.838
canny_hough,fixed,binary,256,1,1,0.15,217.77,57.77,7.471,10.014,0.721,0.099,0.927
canny_hough,fixed,binary,257,1,1,0.3,218.59,58.59,7.415,9.828,0.711,0.099,0.847
canny_hough,fixed,binary,258,1,1,0.3,218.59,58.59,7.429,9.938,0.731,0.104,0.916
canny_hough,fixed,binary,259,1,1,0.3,215.13,55.13,7.52,9.986,0.716,0.117,0.868
canny_hough,fixed,binary,260,1,1,0.3,217.85,57.85,7.411,9.929,0.728,0.098,0.925
canny_hough,fixed,binary,261,1,1,0.3,219.94,59.94,7.22,9.629,0.725,0.096,0.821
canny_hough,fixed,binary,262,1,1,0.3,219.94,59.94,6.954,9.449,0.72,0.1,0.914
canny_hough,fixed,binary,263,1,1,0.3,219.85,59.85,7.329,10.062,0.68,0.096,1.249
canny_hough,fixed,binary,264,1,1,0.3,219.85,59.85,6.721,8.965,0.644,0.095,0.804
canny_hough,fixed,binary,265,1,1,0.3,217.32,57.32,6.912,9.259,0.669,0.109,0.867
canny_hough,fixed,binary,266,1,1,0.3,217.32,57.32,7.144,9.605,0.737,0.119,0.794
canny_hough,fixed,binary,267,1,1,0.3,219.85,59.85,6.786,9.422,0.661,0.121,1.077
canny_hough,fixed,binary,268,1,1,0.3,219.85,59.85,6.875,9.822,1.239,0.17,0.839
canny_hough,fixed,binary,269,1,1,0.3,219.91,59.91,6.988,9.233,0.662,0.107,0.774
canny_hough,fixed,binary,270,1,1,0.3,219.91,59.91,6.776,9.328,0.652,0.095,1.084
canny_hough,fixed,binary,271,1,1,0.3,217.37,57.37,6.501,9.057,0.724,0.11,0.959
canny_hough,fixed,binary,272,1,1,0.3,217.37,57.37,6.682,9.146,0.65,0.096,0.983
canny_hough,fixed,binary,273,1,1,0.3,217.87,57.87,6.602,8.765,0.622,0.101,0.752
canny_hough,fixed,binary,274,1,1,0.15,217.12,57.12,6.589,8.858,0.648,0.095,0.833
canny_hough,fixed,binary,275,1,1,0.15,217.12,57.12,6.56,8.793,0.639,0.092,0.758
canny_hough,fixed,binary,276,1,1,0.3,219.14,59.14,6.507,8.718,0.644,0.09,0.749
canny_hough,fixed,binary,277,1,1,0.15,218.66,58.66,6.512,8.697,0.642,0.096,0.763
canny_hough,fixed,binary,278,1,1,0.3,218.22,58.22,6.805,9.064,0.644,0.092,0.755
canny_hough,fixed,binary,279,1,1,0.3,218.22,58.22,6.825,9.047,0.686,0.095,0.756
canny_hough,fixed,binary,280,1,1,0.3,219.67,59.67,6.632,8.855,0.678,0.094,0.753
canny_hough,fixed,binary,281,1,1,0.3,217.48,57.48,6.85,9.025,0.651,0.094,0.75
canny_hough,fixed,binary,282,1,1,0.3,219.52,59.52,6.724,8.962,0.635,0.09,0.815
canny_hough,fixed,binary,283,1,1,0.3,219.52,59.52,6.761,9.007,0.692,0.102,0.758
canny_hough,fixed,binary,284,1,1,0.3,215.99,55.99,6.617,8.849,0.632,0.093,0.763
canny_hough,fixed,binary,285,1,1,0.3,216.58,56.58,6.792,8.962,0.641,0.092,0.749
canny_hough,fixed,binary,286,1,1,0.3,217.77,57.77,6.761,9.061,0.644,0.105,0.841
canny_hough,fixed,binary,287,1,1,0.3,217.77,57.77,6.848,9.065,0.68,0.098,0.751
canny_hough,fixed,binary,288,1,1,0.15,219.84,59.84,6.684,8.853,0.641,0.092,0.743
canny_hough,fixed,binary,289,1,1,0.3,217.42,57.42,6.605,8.759,0.633,0.093,0.747
canny_hough,fixed,binary,290,1,1,0.3,217.42,57.42,6.579,8.852,0.653,0.092,0.852
canny_hough,fixed,binary,291,1,1,0.3,220.23,60.23,6.646,8.855,0.678,0.099,0.754
canny_hough,fixed,binary,292,1,1,0.15,219.84,59.84,6.705,8.948,0.644,0.093,0.755
canny_hough,fixed,binary,293,1,1,0.3,217.95,57.95,7.073,9.269,0.633,0.093,0.764
canny_hough,fixed,binary,294,1,1,0.3,217.95,57.95,7.45,9.825,0.697,0.107,0.859
canny_hough,fixed,binary,295,1,1,0.3,216.16,56.16,7.031,9.426,0.65,0.107,0.803
canny_hough,fixed,binary,296,1,1,0.3,218.73,58.73,7.968,10.859,0.931,0.14,0.959
canny_hough,fixed,binary,297,1,1,0.3,219.2,59.2,7.512,9.974,0.742,0.106,0.85
canny_hough,fixed,binary,298,1,1,0.3,219.2,59.2,7.636,10.107,0.721,0.102,0.883
canny_hough,fixed,binary,299,1,1,0.15,217.12,57.12,7.309,9.753,0.732,0.1,0.85
canny_hough,fixed,binary,300,1,1,0.15,217.12,57.12,7.36,9.888,0.732,0.1,0.922
canny_hough,fixed,binary,301,1,1,0.3,220.23,60.23,7.408,9.817,0.724,0.097,0.827
canny_hough,fixed,binary,302,1,1,0.3,215.03,55.03,7.499,10.006,0.734,0.1,0.905
canny_hough,fixed,binary,303,1,1,0.3,215.03,55.03,7.457,9.886,0.734,0.1,0.825
canny_hough,fixed,binary,304,1,1,0.3,217.48,57.48,7.55,10.04,0.736,0.099,0.892
canny_hough,fixed,binary,305,1,1,0.3,218.13,58.13,7.529,10.042,0.724,0.1,0.884
canny_hough,fixed,binary,306,1,1,0.3,218.14,58.14,7.642,10.167,0.738,0.103,0.882
canny_hough,fixed,binary,307,1,1,0.3,218.14,58.14,7.409,9.833,0.736,0.103,0.829
canny_hough,fixed,binary,308,1,1,0.3,219.06,59.06,7.704,10.185,0.772,0.102,0.84
canny_hough,fixed,binary,309,1,1,0.3,223.75,63.75,3.242,5.604,0.726,0.108,0.76
canny_hough,fixed,binary,310,1,1,0.15,224.64,64.64,5.786,8.207,0.722,0.154,0.795
canny_hough,fixed,binary,311,1,1,0.15,224.64,64.64,5.695,8.121,0.776,0.105,0.795
canny_hough,fixed,binary,312,1,1,0.3,221.51,61.51,6.141,8.686,0.781,0.101,0.825
canny_hough,fixed,binary,313,1,1,0.3,224.28,64.28,5.891,8.319,0.73,0.1,0.775
canny_hough,fixed,binary,314,1,1,0.3,224.28,64.28,5.931,8.282,0.724,0.099,0.773
canny_hough,fixed,binary,315,1,1,0.3,220.25,60.25,5.702,8.082,0.727,0.1,0.794
canny_hough,fixed,binary,316,1,1,0.3,220.8,60.8,7.444,9.942,0.725,0.099,0.86
canny_hough,fixed,binary,317,1,1,0.3,221.93,61.93,7.571,10.068,0.735,0.144,0.852
canny_hough,fixed,binary,318,1,1,0.3,221.93,61.93,7.552,10.089,0.715,0.097,0.93
canny_hough,fixed,binary,319,1,1,0.3,218.59,58.59,6.472,8.942,0.765,0.109,0.827
canny_hough,fixed,binary,320,1,1,0.3,221.97,61.97,7.368,9.791,0.715,0.101,0.837
canny_hough,fixed,binary,321,1,1,0.3,222.1,62.1,7.432,9.938,0.725,0.099,0.911
canny_hough,fixed,binary,322,1,1,0.3,222.1,62.1,7.847,10.359,0.74,0.1,0.826
canny_hough,fixed,binary,323,1,1,0.3,219.39,59.39,7.52,10.345,0.823,0.112,1.09
canny_hough,fixed,binary,324,1,1,0.3,219.39,59.39,7.521,10.534,1.041,0.15,0.949
canny_hough,fixed,binary,325,1,1,0.3,219.87,59.87,7.492,10.242,0.973,0.15,0.862
canny_hough,fixed,binary,326,1,1,0.3,219.87,59.87,7.538,10.079,0.726,0.099,0.834
canny_hough,fixed,binary,327,1,1,0.3,222.83,62.83,7.283,9.749,0.705,0.1,0.835
canny_hough,fixed,binary,328,1,1,0.3,222.83,62.83,7.303,9.838,0.739,0.114,0.845
canny_hough,fixed,binary,329,1,1,0.3,220.28,60.28,7.378,9.882,0.78,0.106,0.854
canny_hough,fixed,binary,330,1,1,0.3,220.28,60.28,7.353,9.793,0.738,0.099,0.835
canny_hough,fixed,binary,331,1,1,0.15,219.9,59.9,7.527,9.978,0.758,0.102,0.833
canny_hough,fixed,binary,332,1,1,0.15,219.9,59.9,7.145,9.593,0.716,0.108,0.852
canny_hough,fixed,binary,333,1,1,0.3,222.06,62.06,7.275,9.861,0.79,0.103,0.909
canny_hough,fixed,binary,334,1,1,0.3,222.06,62.06,7.298,9.741,0.72,0.098,0.852
canny_hough,fixed,binary,335,1,1,0.3,219.37,59.37,7.41,9.909,0.727,0.142,0.858
canny_hough,fixed,binary,336,1,1,0.3,221.24,61.24,7.384,9.843,0.725,0.097,0.835
canny_hough,fixed,binary,337,1,1,0.3,219.57,59.57,7.253,9.728,0.735,0.1,0.877
canny_hough,fixed,binary,338,1,1,0.3,219.57,59.57,7.272,9.699,0.712,0.097,0.844
canny_hough,fixed,binary,339,1,1,0.3,223.89,63.89,7.243,9.763,0.729,0.099,0.927
canny_hough,fixed,binary,340,1,1,0.3,220.85,60.85,7.256,9.725,0.709,0.102,0.837
canny_hough,fixed,binary,341,1,1,0.15,221.77,61.77,7.022,9.521,0.721,0.098,0.854
canny_hough,fixed,binary,342,1,1,0.15,221.77,61.77,7.057,9.542,0.77,0.104,0.842
canny_hough,fixed,binary,343,1,1,0.3,221.37,61.37,7.59,10.013,0.718,0.101,0.846
canny_hough,fixed,binary,344,1,1,0.3,222.77,62.77,7.392,9.936,0.812,0.105,0.869
canny_hough,fixed,binary,345,1,1,0.15,221.77,61.77,8.006,10.45,0.715,0.11,0.846
canny_hough,fixed,binary,346,1,1,0.15,221.77,61.77,8.258,11.821,1.191,0.149,1.299
canny_hough,fixed,binary,347,1,1,0.3,220.87,60.87,7.388,9.9,0.794,0.112,0.847
canny_hough,fixed,binary,348,1,1,0.3,220.87,60.87,7.402,9.868,0.724,0.098,0.87
canny_hough,fixed,binary,349,1,1,0.15,221.77,61.77,7.365,9.91,0.791,0.108,0.836
canny_hough,fixed,binary,350,1,1,0.3,220.91,60.91,7.339,9.781,0.731,0.102,0.835
canny_hough,fixed,binary,351,1,1,0.3,220.91,60.91,7.349,9.815,0.76,0.103,0.837
canny_hough,fixed,binary,352,1,1,0.3,223.22,63.22,7.487,9.908,0.722,0.099,0.842
canny_hough,fixed,binary,353,1,1,0.15,222.83,62.83,7.164,9.68,0.773,0.103,0.875
canny_hough,fixed,binary,354,1,1,0.3,220.91,60.91,7.353,9.785,0.726,0.104,0.834
canny_hough,fixed,binary,355,1,1,0.3,220.91,60.91,7.311,9.78,0.731,0.101,0.881
canny_hough,fixed,binary,356,1,1,0.3,217.1,57.1,7.575,10.034,0.717,0.099,0.848
canny_hough,fixed,binary,357,1,1,0.3,221.98,61.98,7.411,9.913,0.744,0.1,0.895
canny_hough,fixed,binary,358,1,1,0.3,221.2,61.2,6.684,8.961,0.683,0.093,0.74
canny_hough,fixed,binary,359,1,1,0.3,221.2,61.2,6.835,9.011,0.643,0.095,0.755
canny_hough,fixed,binary,360,1,1,0.15,221.65,61.65,6.371,8.636,0.659,0.106,0.828
canny_hough,otsu,binary,0,0,0,0.0,0.0,,4.584,7.135,0.689,0.38,0.811
canny_hough,otsu,binary,1,0,0,0.0,0.0,,4.372,6.973,0.642,0.378,0.893
canny_hough,otsu,binary,2,0,0,0.0,0.0,,4.459,7.005,0.649,0.38,0.828
canny_hough,otsu,binary,3,0,0,0.0,0.0,,4.339,6.882,0.644,0.385,0.831
canny_hough,otsu,binary,4,0,0,0.0,0.0,,4.379,6.992,0.695,0.382,0.81
canny_hough,otsu,binary,5,0,0,0.0,0.0,,4.511,7.11,0.65,0.379,0.895
canny_hough,otsu,binary,6,0,0,0.0,0.0,,4.525,7.126,0.645,0.38,0.817
canny_hough,otsu,binary,7,0,0,0.0,0.0,,4.422,6.941,0.644,0.378,0.816
canny_hough,otsu,binary,8,0,0,0.0,0.0,,5.055,7.665,0.646,0.376,0.815
canny_hough,otsu,binary,9,0,0,0.0,0.0,,4.667,7.996,1.122,0.421,1.038
canny_hough,otsu,binary,10,0,0,0.0,0.0,,4.961,7.867,0.713,0.438,0.919
canny_hough,otsu,binary,11,0,0,0.0,0.0,,5.204,8.137,0.801,0.437,0.926
canny_hough,otsu,binary,12,0,0,0.0,0.0,,5.102,7.989,0.711,0.431,0.911
canny_hough,otsu,binary,13,0,0,0.0,0.0,,4.901,7.797,0.726,0.443,0.911
canny_hough,otsu,binary,14,0,0,0.0,0.0,,4.913,7.894,0.759,0.44,0.932
canny_hough,otsu,binary,15,0,0,0.0,0.0,,5.101,7.994,0.786,0.432,0.914
canny_hough,otsu,binary,16,0,0,0.0,0.0,,5.49,8.941,1.184,0.469,0.929
canny_hough,otsu,binary,17,0,0,0.0,0.0,,5.225,8.062,0.716,0.43,0.934
canny_hough,otsu,binary,18,0,0,0.0,0.0,,5.186,8.063,0.75,0.439,0.926
canny_hough,otsu,binary,19,0,0,0.0,0.0,,5.045,7.875,0.725,0.432,0.921
canny_hough,otsu,binary,20,0,0,0.0,0.0,,5.037,7.899,0.738,0.436,0.933
canny_hough,otsu,binary,21,0,0,0.0,0.0,,5.225,8.064,0.727,0.433,0.913
canny_hough,otsu,binary,22,0,0,0.0,0.0,,4.415,7.609,0.72,0.431,1.296
canny_hough,otsu,binary,23,0,0,0.0,0.0,,4.174,6.696,0.635,0.377,0.829
canny_hough,otsu,binary,24,0,0,0.0,0.0,,4.507,7.095,0.68,0.378,0.825
canny_hough,otsu,binary,25,0,0,0.0,0.0,,4.523,7.133,0.654,0.378,0.894
canny_hough,otsu,binary,26,0,0,0.0,0.0,,4.699,7.297,0.641,0.377,0.827
canny_hough,otsu,binary,27,0,0,0.0,0.0,,4.581,7.121,0.64,0.38,0.829
canny_hough,otsu,binary,28,0,0,0.0,0.0,,4.527,7.053,0.631,0.378,0.828
canny_hough,otsu,binary,29,0,0,0.0,0.0,,4.555,7.299,0.694,0.377,0.988
canny_hough,otsu,binary,30,0,0,0.0,0.0,,4.692,7.264,0.642,0.413,0.83
canny_hough,otsu,binary,31,0,0,0.0,0.0,,4.719,7.345,0.66,0.38,0.897
canny_hough,otsu,binary,32,0,0,0.0,0.0,,4.611,7.153,0.653,0.38,0.822
canny_hough,otsu,binary,33,0,0,0.0,0.0,,4.506,7.05,0.64,0.379,0.839
canny_hough,otsu,binary,34,0,0,0.0,0.0,,4.477,7.108,0.64,0.374,0.812
canny_hough,otsu,binary,35,0,0,0.0,0.0,,4.357,6.943,0.654,0.417,0.831
canny_hough,otsu,binary,36,0,0,0.0,0.0,,4.668,7.301,0.662,0.384,0.905
canny_hough,otsu,binary,37,0,0,0.0,0.0,,5.125,7.963,0.73,0.432,0.912
canny_hough,otsu,binary,38,0,0,0.0,0.0,,5.115,7.989,0.724,0.431,0.951
canny_hough,otsu,binary,39,0,0,0.0,0.0,,4.987,7.831,0.725,0.429,0.922
canny_hough,otsu,binary,40,0,0,0.0,0.0,,5.065,7.881,0.718,0.432,0.904
canny_hough,otsu,binary,41,0,0,0.0,0.0,,5.362,8.207,0.734,0.434,0.917
canny_hough,otsu,binary,42,0,0,0.0,0.0,,4.912,7.83,0.723,0.43,0.924
canny_hough,otsu,binary,43,0,0,0.0,0.0,,5.197,8.041,0.728,0.428,0.925
canny_hough,otsu,binary,44,0,0,0.0,0.0,,5.17,8.116,0.724,0.431,0.927
canny_hough,otsu,binary,45,0,0,0.0,0.0,,5.073,7.99,0.729,0.432,0.984
canny_hough,otsu,binary,46,0,0,0.0,0.0,,5.267,8.186,0.725,0.432,0.988
canny_hough,otsu,binary,47,0,0,0.0,0.0,,5.226,8.766,1.213,0.492,1.035
canny_hough,otsu,binary,48,0,0,0.0,0.0,,5.194,8.113,0.731,0.489,0.934
canny_hough,otsu,binary,49,0,0,0.0,0.0,,5.059,7.96,0.73,0.473,0.937
canny_hough,otsu,binary,50,0,0,0.0,0.0,,5.218,8.114,0.724,0.475,0.935
canny_hough,otsu,binary,51,0,0,0.0,0.0,,5.323,8.269,0.794,0.436,0.927
canny_hough,otsu,binary,52,0,0,0.0,0.0,,5.114,7.996,0.771,0.437,0.92
canny_hough,otsu,binary,53,0,0,0.0,0.0,,5.105,7.986,0.776,0.434,0.911
canny_hough,otsu,binary,54,0,0,0.0,0.0,,4.753,7.688,0.774,0.446,0.915
canny_hough,otsu,binary,55,0,0,0.0,0.0,,4.893,7.807,0.793,0.439,0.932
canny_hough,otsu,binary,56,0,0,0.0,0.0,,4.976,7.871,0.781,0.434,0.922
canny_hough,otsu,binary,57,0,0,0.0,0.0,,5.283,8.181,0.778,0.436,0.912
canny_hough,otsu,binary,58,0,0,0.0,0.0,,5.037,8.094,0.922,0.437,0.928
canny_hough,otsu,binary,59,0,0,0.0,0.0,,4.894,7.803,0.774,0.437,0.931
canny_hough,otsu,binary,60,0,0,0.0,0.0,,4.946,7.835,0.75,0.438,0.929
canny_hough,otsu,binary,61,0,0,0.0,0.0,,5.066,7.941,0.763,0.435,0.923
canny_hough,otsu,binary,62,0,0,0.0,0.0,,5.083,7.99,0.777,0.44,0.934
canny_hough,otsu,binary,63,0,0,0.0,0.0,,5.144,8.009,0.741,0.442,0.92
canny_hough,otsu,binary,64,0,0,0.0,0.0,,5.092,8.003,0.769,0.433,0.917
canny_hough,otsu,binary,65,0,0,0.0,0.0,,5.2,8.123,0.774,0.446,0.937
canny_hough,otsu,binary,66,0,0,0.0,0.0,,5.217,8.087,0.747,0.433,0.919
canny_hough,otsu,binary,67,0,0,0.0,0.0,,5.214,8.295,0.895,0.439,0.922
canny_hough,otsu,binary,68,0,0,0.0,0.0,,4.976,7.904,0.738,0.436,0.93
canny_hough,otsu,binary,69,0,0,0.0,0.0,,5.27,8.254,0.732,0.44,0.919
canny_hough,otsu,binary,70,0,0,0.0,0.0,,5.441,8.288,0.733,0.43,0.921
canny_hough,otsu,binary,71,0,0,0.0,0.0,,5.426,8.282,0.721,0.437,0.941
canny_hough,otsu,binary,72,1,1,0.6,319.0,159.0,3.905,6.676,0.726,0.43,0.856
canny_hough,otsu,binary,73,0,0,0.0,0.0,,5.303,8.162,0.712,0.432,0.883
canny_hough,otsu,binary,74,0,0,0.0,0.0,,5.228,8.134,0.729,0.429,0.876
canny_hough,otsu,binary,75,0,0,0.0,0.0,,5.32,8.178,0.72,0.428,0.891
canny_hough,otsu,binary,76,0,0,0.0,0.0,,5.404,8.208,0.716,0.43,0.893
canny_hough,otsu,binary,77,0,0,0.0,0.0,,4.925,8.189,0.739,0.431,1.335
canny_hough,otsu,binary,78,0,0,0.0,0.0,,4.922,7.754,0.755,0.431,0.883
canny_hough,otsu,binary,79,0,0,0.0,0.0,,4.876,7.659,0.721,0.427,0.878
canny_hough,otsu,binary,80,1,1,0.15,319.0,159.0,2.836,5.58,0.733,0.429,0.825
canny_hough,otsu,binary,81,1,1,0.3,319.0,159.0,2.637,5.442,0.722,0.431,0.908
canny_hough,otsu,binary,82,1,1,0.3,319.0,159.0,2.742,5.56,0.783,0.431,0.819
canny_hough,otsu,binary,83,1,1,0.45,319.0,159.0,3.514,6.296,0.724,0.427,0.878
canny_hough,otsu,binary,84,0,0,0.0,0.0,,4.599,7.448,0.735,0.433,0.874
canny_hough,otsu,binary,85,0,0,0.0,0.0,,4.707,7.591,0.779,0.437,0.903
canny_hough,otsu,binary,86,0,0,0.0,0.0,,4.719,7.57,0.722,0.477,0.889
canny_hough,otsu,binary,87,0,0,0.0,0.0,,4.089,7.067,0.855,0.433,0.931
canny_hough,otsu,binary,88,0,0,0.0,0.0,,4.09,6.945,0.722,0.427,0.876
canny_hough,otsu,binary,89,0,0,0.0,0.0,,4.593,7.372,0.713,0.425,0.885
canny_hough,otsu,binary,90,0,0,0.0,0.0,,4.564,7.411,0.719,0.423,0.874
canny_hough,otsu,binary,91,0,0,0.0,0.0,,4.225,7.071,0.781,0.434,0.872
canny_hough,otsu,binary,92,0,0,0.0,0.0,,4.233,7.072,0.728,0.426,0.922
canny_hough,otsu,binary,93,0,0,0.0,0.0,,4.412,7.286,0.725,0.43,0.897
canny_hough,otsu,binary,94,0,0,0.0,0.0,,4.512,7.354,0.712,0.431,0.889
canny_hough,otsu,binary,95,0,0,0.0,0.0,,4.63,7.422,0.718,0.429,0.89
canny_hough,otsu,binary,96,0,0,0.0,0.0,,4.924,7.915,0.725,0.434,1.007
canny_hough,otsu,binary,97,0,0,0.0,0.0,,4.771,7.634,0.728,0.43,0.883
canny_hough,otsu,binary,98,0,0,0.0,0.0,,4.845,7.717,0.766,0.436,0.878
canny_hough,otsu,binary,99,0,0,0.0,0.0,,4.77,7.617,0.771,0.438,0.883
canny_hough,otsu,binary,100,0,0,0.0,0.0,,4.669,7.525,0.766,0.432,0.896
canny_hough,otsu,binary,101,0,0,0.0,0.0,,5.332,8.261,0.734,0.474,0.962
canny_hough,otsu,binary,102,0,0,0.0,0.0,,4.505,7.085,0.633,0.418,0.849
canny_hough,otsu,binary,103,0,0,0.0,0.0,,4.502,7.132,0.657,0.378,0.92
canny_hough,otsu,binary,104,1,1,0.6,304.26,144.26,3.518,6.019,0.635,0.379,0.758
canny_hough,otsu,binary,105,1,1,0.3,281.77,121.77,5.091,7.664,0.675,0.389,0.826
canny_hough,otsu,binary,106,1,1,0.3,281.77,121.77,5.093,7.65,0.648,0.417,0.812
canny_hough,otsu,binary,107,1,1,0.3,253.94,93.94,2.638,5.221,0.644,0.379,0.831
canny_hough,otsu,binary,108,1,1,0.3,253.94,93.94,2.682,5.204,0.63,0.375,0.77
canny_hough,otsu,binary,109,1,1,0.3,266.91,106.91,4.637,7.148,0.646,0.381,0.806
canny_hough,otsu,binary,110,1,1,0.3,266.91,106.91,4.603,7.109,0.641,0.379,0.798
canny_hough,otsu,binary,111,1,1,0.3,266.91,106.91,4.568,7.104,0.679,0.383,0.787
canny_hough,otsu,binary,112,0,0,0.0,0.0,,2.798,5.333,0.642,0.415,0.782
canny_hough,otsu,binary,113,0,0,0.0,0.0,,3.69,6.183,0.652,0.375,0.743
canny_hough,otsu,binary,114,0,0,0.0,0.0,,3.97,6.635,0.652,0.372,0.844
canny_hough,otsu,binary,115,1,1,0.3,0.0,-160.0,4.284,6.948,0.639,0.377,0.891
canny_hough,otsu,binary,116,1,1,0.3,0.0,-160.0,4.216,6.768,0.639,0.378,0.778
canny_hough,otsu,binary,117,1,1,0.6,0.0,-160.0,4.959,7.682,0.695,0.471,0.855
canny_hough,otsu,binary,118,1,1,0.6,0.0,-160.0,5.223,8.009,0.724,0.477,0.828
canny_hough,otsu,binary,119,1,1,0.6,0.0,-160.0,5.212,7.992,0.73,0.473,0.822
canny_hough,otsu,binary,120,1,1,0.6,0.0,-160.0,5.538,8.338,0.734,0.474,0.83
canny_hough,otsu,binary,121,1,1,0.6,0.0,-160.0,5.228,8.014,0.784,0.435,0.803
canny_hough,otsu,binary,122,1,1,0.6,0.0,-160.0,5.262,8.103,0.819,0.44,0.823
canny_hough,otsu,binary,123,1,1,0.6,0.0,-160.0,5.368,8.15,0.768,0.438,0.811
canny_hough,otsu,binary,124,1,1,0.6,0.0,-160.0,5.367,8.197,0.786,0.436,0.805
canny_hough,otsu,binary,125,1,1,0.6,42.12,-117.88,5.54,8.506,0.878,0.437,0.815
canny_hough,otsu,binary,126,1,1,0.6,67.45,-92.55,5.174,7.863,0.708,0.435,0.774
canny_hough,otsu,binary,127,1,1,0.6,67.45,-92.55,5.113,7.813,0.709,0.432,0.797
canny_hough,otsu,binary,128,0,0,0.0,0.0,,5.087,7.869,0.728,0.434,0.863
canny_hough,otsu,binary,129,0,0,0.0,0.0,,5.069,7.985,0.717,0.436,0.922
canny_hough,otsu,binary,130,0,0,0.0,0.0,,4.957,7.801,0.723,0.435,0.921
canny_hough,otsu,binary,131,0,0,0.0,0.0,,4.886,7.672,0.725,0.432,0.873
canny_hough,otsu,binary,132,0,0,0.0,0.0,,4.892,7.731,0.704,0.433,0.853
canny_hough,otsu,binary,133,1,1,0.6,319.0,159.0,4.845,7.679,0.715,0.435,0.86
canny_hough,otsu,binary,134,1,1,0.6,319.0,159.0,4.843,7.745,0.774,0.437,0.885
canny_hough,otsu,binary,135,1,1,0.6,319.0,159.0,4.855,7.689,0.782,0.437,0.867
canny_hough,otsu,binary,136,1,1,0.3,319.0,159.0,4.744,7.675,0.766,0.438,0.934
canny_hough,otsu,binary,137,1,1,0.45,319.0,159.0,4.749,7.583,0.724,0.479,0.881
canny_hough,otsu,binary,138,1,1,0.45,319.0,159.0,4.789,7.667,0.724,0.435,0.936
canny_hough,otsu,binary,139,1,1,0.45,319.0,159.0,5.136,8.064,0.727,0.436,0.951
canny_hough,otsu,binary,140,1,1,0.6,154.47,-5.53,5.499,8.596,0.865,0.447,0.97
canny_hough,otsu,binary,141,1,1,0.6,235.4,75.4,6.457,9.349,0.772,0.444,0.909
canny_hough,otsu,binary,142,1,1,0.6,243.1,83.1,6.783,9.553,0.708,0.434,0.849
canny_hough,otsu,binary,143,1,1,0.6,243.1,83.1,6.733,9.685,0.731,0.435,1.01
canny_hough,otsu,binary,144,1,1,0.6,216.22,56.22,7.194,10.083,0.722,0.438,0.857
canny_hough,otsu,binary,145,0,0,0.0,0.0,,1.496,4.292,0.726,0.429,0.873
canny_hough,otsu,binary,146,0,0,0.0,0.0,,0.737,5.283,0.706,0.43,2.707
canny_hough,otsu,binary,147,0,0,0.0,0.0,,0.737,3.888,1.214,0.46,0.768
canny_hough,otsu,binary,148,0,0,0.0,0.0,,0.826,6.214,1.385,0.505,2.746
canny_hough,otsu,binary,149,0,0,0.0,0.0,,0.746,3.51,0.699,0.433,0.891
canny_hough,otsu,binary,150,0,0,0.0,0.0,,2.286,4.99,0.676,0.433,0.871
canny_hough,otsu,binary,151,0,0,0.0,0.0,,2.166,4.993,0.715,0.429,0.95
canny_hough,otsu,binary,152,0,0,0.0,0.0,,2.285,5.171,0.866,0.446,0.846
canny_hough,otsu,binary,153,0,0,0.0,0.0,,3.943,6.712,0.71,0.437,0.871
canny_hough,otsu,binary,154,0,0,0.0,0.0,,3.967,6.833,0.762,0.436,0.857
canny_hough,otsu,binary,155,0,0,0.0,0.0,,4.215,7.018,0.715,0.433,0.906
canny_hough,otsu,binary,156,0,0,0.0,0.0,,3.601,6.315,0.734,0.429,0.799
canny_hough,otsu,binary,157,1,1,0.3,319.0,159.0,5.07,7.875,0.704,0.433,0.862
canny_hough,otsu,binary,158,1,1,0.3,319.0,159.0,5.085,7.897,0.692,0.437,0.857
canny_hough,otsu,binary,159,1,1,0.15,319.0,159.0,4.797,7.602,0.712,0.434,0.85
canny_hough,otsu,binary,160,0,0,0.0,0.0,,2.0,4.884,0.802,0.454,0.814
canny_hough,otsu,binary,161,1,1,0.3,319.0,159.0,4.779,7.508,0.717,0.432,0.838
canny_hough,otsu,binary,162,1,1,0.3,319.0,159.0,4.999,7.827,0.734,0.436,0.835
canny_hough,otsu,binary,163,1,1,0.6,319.0,159.0,5.748,9.178,0.73,0.482,1.333
canny_hough,otsu,binary,164,1,1,0.6,319.0,159.0,5.632,8.547,0.732,0.432,0.862
canny_hough,otsu,binary,165,1,1,0.15,319.0,159.0,3.692,6.538,0.725,0.429,0.859
canny_hough,otsu,binary,166,0,0,0.0,0.0,,3.322,6.059,0.71,0.433,0.825
canny_hough,otsu,binary,167,0,0,0.0,0.0,,3.31,6.093,0.696,0.433,0.895
canny_hough,otsu,binary,168,0,0,0.0,0.0,,3.371,6.096,0.714,0.431,0.826
canny_hough,otsu,binary,169,1,1,0.45,319.0,159.0,4.872,7.74,0.737,0.496,0.868
canny_hough,otsu,binary,170,1,1,0.45,319.0,159.0,4.921,7.754,0.744,0.474,0.86
canny_hough,otsu,binary,171,1,1,0.45,319.0,159.0,4.87,7.704,0.729,0.43,0.917
canny_hough,otsu,binary,172,1,1,0.3,319.0,159.0,3.715,6.536,0.728,0.432,0.908
canny_hough,otsu,binary,173,1,1,0.15,319.0,159.0,3.525,6.312,0.727,0.436,0.863
canny_hough,otsu,binary,174,1,1,0.3,319.0,159.0,4.379,7.226,0.78,0.444,0.832
canny_hough,otsu,binary,175,1,1,0.3,319.0,159.0,4.35,7.166,0.736,0.432,0.894
canny_hough,otsu,binary,176,1,1,0.45,319.0,159.0,4.77,7.561,0.72,0.43,0.806
canny_hough,otsu,binary,177,1,1,0.45,319.0,159.0,4.846,7.587,0.722,0.432,0.824
canny_hough,otsu,binary,178,1,1,0.45,319.0,159.0,4.922,7.657,0.717,0.433,0.824
canny_hough,otsu,binary,179,1,1,0.45,319.0,159.0,4.79,7.526,0.72,0.435,0.823
canny_hough,otsu,binary,180,1,1,0.15,319.0,159.0,3.319,6.117,0.725,0.433,0.821
canny_hough,otsu,binary,181,1,1,0.3,319.0,159.0,4.448,7.28,0.712,0.434,0.928
canny_hough,otsu,binary,182,1,1,0.3,319.0,159.0,4.051,6.871,0.723,0.431,0.837
canny_hough,otsu,binary,183,1,1,0.3,319.0,159.0,4.273,7.097,0.731,0.43,0.889
canny_hough,otsu,binary,184,1,1,0.3,319.0,159.0,4.21,7.211,0.713,0.433,0.929
canny_hough,otsu,binary,185,1,1,0.3,319.0,159.0,4.19,7.037,0.77,0.436,0.883
canny_hough,otsu,binary,186,1,1,0.3,319.0,159.0,4.111,6.969,0.729,0.431,0.945
canny_hough,otsu,binary,187,1,1,0.3,319.0,159.0,4.08,6.841,0.725,0.433,0.847
canny_hough,otsu,binary,188,1,1,0.15,319.0,159.0,4.626,7.45,0.7,0.433,0.843
canny_hough,otsu,binary,189,1,1,0.6,319.0,159.0,4.817,7.553,0.741,0.434,0.804
canny_hough,otsu,binary,190,1,1,0.6,319.0,159.0,4.809,7.616,0.774,0.435,0.833
canny_hough,otsu,binary,191,1,1,0.6,319.0,159.0,4.792,7.572,0.726,0.476,0.835
canny_hough,otsu,binary,192,1,1,0.45,319.0,159.0,4.337,7.133,0.724,0.433,0.887
canny_hough,otsu,binary,193,1,1,0.15,319.0,159.0,4.384,7.868,1.222,0.48,1.01
canny_hough,otsu,binary,194,0,0,0.0,0.0,,5.199,8.252,0.735,0.445,0.964
canny_hough,otsu,binary,195,0,0,0.0,0.0,,5.113,7.94,0.745,0.434,0.891
canny_hough,otsu,binary,196,1,1,0.45,319.0,159.0,4.262,7.079,0.74,0.433,0.875
canny_hough,otsu,binary,197,1,1,0.15,319.0,159.0,3.469,6.169,0.735,0.433,0.781
canny_hough,otsu,binary,198,1,1,0.15,319.0,159.0,3.482,6.209,0.766,0.435,0.765
canny_hough,otsu,binary,199,1,1,0.45,319.0,159.0,3.899,6.725,0.713,0.432,0.82
canny_hough,otsu,binary,200,1,1,0.45,319.0,159.0,3.84,6.549,0.728,0.433,0.776
canny_hough,otsu,binary,201,1,1,0.45,319.0,159.0,4.375,7.121,0.718,0.479,0.8
canny_hough,otsu,binary,202,1,1,0.6,319.0,159.0,4.528,7.35,0.722,0.431,0.905
canny_hough,otsu,binary,203,1,1,0.6,319.0,159.0,4.529,7.344,0.718,0.432,0.829
canny_hough,otsu,binary,204,1,1,0.45,319.0,159.0,4.762,7.546,0.717,0.433,0.801
canny_hough,otsu,binary,205,1,1,0.6,319.0,159.0,4.535,7.226,0.718,0.433,0.787
canny_hough,otsu,binary,206,1,1,0.6,319.0,159.0,4.555,7.408,0.717,0.431,0.872
canny_hough,otsu,binary,207,1,1,0.6,319.0,159.0,4.731,7.483,0.77,0.434,0.787
canny_hough,otsu,binary,208,1,1,0.6,319.0,159.0,5.159,7.908,0.717,0.474,0.788
canny_hough,otsu,binary,209,1,1,0.6,319.0,159.0,4.987,7.744,0.727,0.475,0.795
canny_hough,otsu,binary,210,1,1,0.6,319.0,159.0,5.141,7.894,0.718,0.472,0.796
canny_hough,otsu,binary,211,1,1,0.6,319.0,159.0,4.881,7.649,0.732,0.476,0.798
canny_hough,otsu,binary,212,1,1,0.6,319.0,159.0,4.914,7.702,0.716,0.43,0.877
canny_hough,otsu,binary,213,1,1,0.6,311.31,151.31,4.014,6.87,0.725,0.43,0.946
canny_hough,otsu,binary,214,1,1,0.6,311.31,151.31,3.947,6.412,0.631,0.376,0.739
canny_hough,otsu,binary,215,1,1,0.6,276.52,116.52,4.894,7.388,0.674,0.391,0.747
canny_hough,otsu,binary,216,1,1,0.6,242.75,82.75,5.097,7.612,0.655,0.42,0.74
canny_hough,otsu,binary,217,1,1,0.6,245.98,85.98,5.336,7.891,0.639,0.381,0.796
canny_hough,otsu,binary,218,1,1,0.45,232.7,72.7,3.764,6.251,0.637,0.38,0.775
canny_hough,otsu,binary,219,1,1,0.45,232.7,72.7,3.797,6.191,0.64,0.375,0.707
canny_hough,otsu,binary,220,1,1,0.6,232.83,72.83,3.63,6.104,0.641,0.421,0.716
canny_hough,otsu,binary,221,1,1,0.45,218.62,58.62,3.157,5.592,0.651,0.381,0.714
canny_hough,otsu,binary,222,1,1,0.45,218.62,58.62,3.174,5.609,0.641,0.418,0.701
canny_hough,otsu,binary,223,1,1,0.45,218.62,58.62,3.136,5.54,0.642,0.38,0.694
canny_hough,otsu,binary,224,1,1,0.45,218.62,58.62,3.048,5.58,0.637,0.381,0.787
canny_hough,otsu,binary,225,1,1,0.3,215.03,55.03,6.62,9.129,0.694,0.374,0.76
canny_hough,otsu,binary,226,1,1,0.3,215.03,55.03,6.585,9.038,0.644,0.377,0.746
canny_hough,otsu,binary,227,1,1,0.3,211.05,51.05,6.684,9.421,0.638,0.378,1.033
canny_hough,otsu,binary,228,1,1,0.3,211.05,51.05,7.611,10.415,0.762,0.435,0.836
canny_hough,otsu,binary,229,1,1,0.3,215.37,55.37,5.739,8.554,0.739,0.433,0.889
canny_hough,otsu,binary,230,1,1,0.3,219.26,59.26,5.703,8.449,0.719,0.473,0.789
canny_hough,otsu,binary,231,1,1,0.3,219.26,59.26,5.698,8.446,0.776,0.438,0.783
canny_hough,otsu,binary,232,1,1,0.45,211.44,51.44,7.935,10.744,0.789,0.435,0.814
canny_hough,otsu,binary,233,1,1,0.3,216.65,56.65,7.77,10.587,0.733,0.434,0.883
canny_hough,otsu,binary,234,1,1,0.3,217.08,57.08,7.687,10.54,0.731,0.439,0.83
canny_hough,otsu,binary,235,1,1,0.3,217.08,57.08,7.362,10.212,0.8,0.429,0.853
canny_hough,otsu,binary,236,1,1,0.3,214.2,54.2,7.406,10.325,0.736,0.433,0.93
canny_hough,otsu,binary,237,1,1,0.3,215.96,55.96,7.609,10.423,0.734,0.431,0.842
canny_hough,otsu,binary,238,1,1,0.3,215.96,55.96,7.662,10.475,0.728,0.476,0.838
canny_hough,otsu,binary,239,1,1,0.15,217.34,57.34,7.58,10.346,0.724,0.432,0.848
canny_hough,otsu,binary,240,1,1,0.15,217.34,57.34,7.475,10.302,0.724,0.434,0.843
canny_hough,otsu,binary,241,1,1,0.3,215.63,55.63,7.335,10.208,0.749,0.434,0.929
canny_hough,otsu,binary,242,1,1,0.3,218.97,58.97,7.466,10.239,0.736,0.441,0.836
canny_hough,otsu,binary,243,1,1,0.3,218.97,58.97,7.502,10.322,0.726,0.477,0.858
canny_hough,otsu,binary,244,1,1,0.3,214.87,54.87,7.594,10.391,0.725,0.43,0.841
canny_hough,otsu,binary,245,1,1,0.15,216.94,56.94,7.457,10.257,0.757,0.431,0.841
canny_hough,otsu,binary,246,1,1,0.15,216.94,56.94,7.833,11.172,0.715,0.441,1.408
canny_hough,otsu,binary,247,1,1,0.15,214.68,54.68,7.411,10.176,0.735,0.431,0.837
canny_hough,otsu,binary,248,1,1,0.15,214.68,54.68,7.536,10.338,0.762,0.437,0.843
canny_hough,otsu,binary,249,1,1,0.3,217.86,57.86,7.452,10.3,0.734,0.435,0.914
canny_hough,otsu,binary,250,1,1,0.3,217.86,57.86,7.533,10.394,0.73,0.439,0.85
canny_hough,otsu,binary,251,1,1,0.3,217.87,57.87,7.545,10.371,0.729,0.435,0.905
canny_hough,otsu,binary,252,1,1,0.3,217.87,57.87,7.659,10.436,0.725,0.436,0.847
canny_hough,otsu,binary,253,1,1,0.3,219.2,59.2,7.566,10.377,0.777,0.438,0.828
canny_hough,otsu,binary,254,1,1,0.3,219.2,59.2,7.648,10.53,0.722,0.433,0.927
canny_hough,otsu,binary,255,1,1,0.3,219.2,59.2,7.574,10.35,0.721,0.435,0.856
canny_hough,otsu,binary,256,1,1,0.15,217.77,57.77,7.488,10.307,0.727,0.479,0.849
canny_hough,otsu,binary,257,1,1,0.3,218.59,58.59,7.378,10.133,0.736,0.434,0.826
canny_hough,otsu,binary,258,1,1,0.3,218.59,58.59,7.415,10.243,0.772,0.445,0.841
canny_hough,otsu,binary,259,1,1,0.3,215.13,55.13,7.529,10.378,0.732,0.434,0.908
canny_hough,otsu,binary,260,1,1,0.3,217.85,57.85,7.367,10.184,0.717,0.436,0.837
canny_hough,otsu,binary,261,1,1,0.3,219.94,59.94,7.286,10.112,0.728,0.432,0.901
canny_hough,otsu,binary,262,1,1,0.3,219.94,59.94,7.445,10.221,0.731,0.432,0.833
canny_hough,otsu,binary,263,1,1,0.3,219.85,59.85,8.064,10.872,0.72,0.472,0.846
canny_hough,otsu,binary,264,1,1,0.3,219.85,59.85,7.514,11.8,0.961,0.449,2.084
canny_hough,otsu,binary,265,1,1,0.3,217.32,57.32,7.657,10.592,0.749,0.434,0.928
canny_hough,otsu,binary,266,1,1,0.3,217.32,57.32,7.736,10.498,0.711,0.434,0.845
canny_hough,otsu,binary,267,1,1,0.3,219.85,59.85,7.474,10.287,0.734,0.478,0.844
canny_hough,otsu,binary,268,1,1,0.3,219.85,59.85,7.443,10.222,0.742,0.433,0.84
canny_hough,otsu,binary,269,1,1,0.3,219.91,59.91,7.634,10.422,0.762,0.44,0.838
canny_hough,otsu,binary,270,1,1,0.3,219.91,59.91,7.697,10.578,0.735,0.433,0.945
canny_hough,otsu,binary,271,1,1,0.3,217.37,57.37,7.2,9.954,0.717,0.428,0.844
canny_hough,otsu,binary,272,1,1,0.3,217.37,57.37,7.307,10.125,0.725,0.475,0.848
canny_hough,otsu,binary,273,1,1,0.3,217.87,57.87,7.481,10.241,0.719,0.433,0.846
canny_hough,otsu,binary,274,1,1,0.15,217.12,57.12,7.449,10.301,0.759,0.435,0.846
canny_hough,otsu,binary,275,1,1,0.15,217.12,57.12,7.397,10.207,0.719,0.437,0.827
canny_hough,otsu,binary,276,1,1,0.3,219.14,59.14,7.301,10.125,0.728,0.431,0.826
canny_hough,otsu,binary,277,1,1,0.15,218.66,58.66,7.462,10.367,0.743,0.433,0.964
canny_hough,otsu,binary,278,1,1,0.3,218.22,58.22,7.734,10.492,0.728,0.433,0.828
canny_hough,otsu,binary,279,1,1,0.3,218.22,58.22,7.734,10.555,0.779,0.442,0.842
canny_hough,otsu,binary,280,1,1,0.3,219.67,59.67,7.488,10.32,0.724,0.433,0.842
canny_hough,otsu,binary,281,1,1,0.3,217.48,57.48,7.755,10.59,0.726,0.434,0.862
canny_hough,otsu,binary,282,1,1,0.3,219.52,59.52,7.659,10.443,0.711,0.475,0.831
canny_hough,otsu,binary,283,1,1,0.3,219.52,59.52,7.616,10.378,0.721,0.435,0.839
canny_hough,otsu,binary,284,1,1,0.3,215.99,55.99,7.465,10.291,0.739,0.436,0.843
canny_hough,otsu,binary,285,1,1,0.3,216.58,56.58,7.715,10.651,0.727,0.437,1.016
canny_hough,otsu,binary,286,1,1,0.3,217.77,57.77,7.738,10.497,0.719,0.433,0.837
canny_hough,otsu,binary,287,1,1,0.3,217.77,57.77,7.675,10.485,0.787,0.437,0.824
canny_hough,otsu,binary,288,1,1,0.15,219.84,59.84,7.565,10.375,0.724,0.432,0.878
canny_hough,otsu,binary,289,1,1,0.3,217.42,57.42,7.529,10.363,0.728,0.436,0.845
canny_hough,otsu,binary,290,1,1,0.3,217.42,57.42,7.58,10.395,0.728,0.475,0.851
canny_hough,otsu,binary,291,1,1,0.3,220.23,60.23,7.605,10.375,0.74,0.437,0.829
canny_hough,otsu,binary,292,1,1,0.15,219.84,59.84,7.59,10.381,0.767,0.435,0.824
canny_hough,otsu,binary,293,1,1,0.3,217.95,57.95,7.097,9.952,0.741,0.435,0.917
canny_hough,otsu,binary,294,1,1,0.3,217.95,57.95,7.577,10.421,0.714,0.432,0.834
canny_hough,otsu,binary,295,1,1,0.3,216.16,56.16,7.47,10.409,0.742,0.429,0.944
canny_hough,otsu,binary,296,1,1,0.3,218.73,58.73,7.414,10.168,0.737,0.435,0.82
canny_hough,otsu,binary,297,1,1,0.3,219.2,59.2,7.577,10.421,0.791,0.435,0.85
canny_hough,otsu,binary,298,1,1,0.3,219.2,59.2,7.516,10.355,0.718,0.433,0.834
canny_hough,otsu,binary,299,1,1,0.15,217.12,57.12,7.301,10.131,0.712,0.432,0.853
canny_hough,otsu,binary,300,1,1,0.15,217.12,57.12,7.375,10.231,0.745,0.433,0.918
canny_hough,otsu,binary,301,1,1,0.3,220.23,60.23,7.418,10.333,0.747,0.434,0.965
canny_hough,otsu,binary,302,1,1,0.3,215.03,55.03,7.545,10.369,0.735,0.474,0.852
canny_hough,otsu,binary,303,1,1,0.3,215.03,55.03,7.471,10.238,0.735,0.434,0.838
canny_hough,otsu,binary,304,1,1,0.3,217.48,57.48,7.58,10.424,0.772,0.433,0.839
canny_hough,otsu,binary,305,1,1,0.3,218.13,58.13,7.54,10.395,0.727,0.429,0.93
canny_hough,otsu,binary,306,1,1,0.3,218.14,58.14,7.503,10.261,0.706,0.432,0.843
canny_hough,otsu,binary,307,1,1,0.3,218.14,58.14,7.444,10.243,0.726,0.474,0.846
canny_hough,otsu,binary,308,1,1,0.3,219.06,59.06,7.649,10.414,0.737,0.431,0.828
canny_hough,otsu,binary,309,1,1,0.3,223.75,63.75,3.229,6.018,0.776,0.432,0.776
canny_hough,otsu,binary,310,1,1,0.15,224.64,64.64,5.718,8.486,0.723,0.433,0.789
canny_hough,otsu,binary,311,1,1,0.15,224.64,64.64,5.784,8.569,0.735,0.435,0.867
canny_hough,otsu,binary,312,1,1,0.3,221.51,61.51,6.02,8.781,0.739,0.473,0.792
canny_hough,otsu,binary,313,1,1,0.3,224.28,64.28,5.857,8.615,0.72,0.433,0.79
canny_hough,otsu,binary,314,1,1,0.3,224.28,64.28,5.88,8.657,0.723,0.431,0.83
canny_hough,otsu,binary,315,1,1,0.3,220.25,60.25,5.703,8.486,0.716,0.429,0.823
canny_hough,otsu,binary,316,1,1,0.3,220.8,60.8,7.376,10.209,0.727,0.432,0.844
canny_hough,otsu,binary,317,1,1,0.3,221.93,61.93,7.518,10.329,0.701,0.441,0.832
canny_hough,otsu,binary,318,1,1,0.3,221.93,61.93,7.667,10.501,0.729,0.435,0.9
canny_hough,otsu,binary,319,1,1,0.3,218.59,58.59,6.465,9.201,0.724,0.434,0.821
canny_hough,otsu,binary,320,1,1,0.3,221.97,61.97,7.44,10.272,0.72,0.432,0.914
canny_hough,otsu,binary,321,1,1,0.3,222.1,62.1,7.526,10.293,0.717,0.436,0.852
canny_hough,otsu,binary,322,1,1,0.3,222.1,62.1,7.513,10.336,0.72,0.471,0.861
canny_hough,otsu,binary,323,1,1,0.3,219.39,59.39,7.176,9.927,0.726,0.433,0.83
canny_hough,otsu,binary,324,1,1,0.3,219.39,59.39,7.276,10.136,0.77,0.436,0.854
canny_hough,otsu,binary,325,1,1,0.3,219.87,59.87,7.436,10.305,0.698,0.436,0.879
canny_hough,otsu,binary,326,1,1,0.3,219.87,59.87,7.524,10.35,0.72,0.433,0.838
canny_hough,otsu,binary,327,1,1,0.3,222.83,62.83,7.354,10.201,0.732,0.433,0.926
canny_hough,otsu,binary,328,1,1,0.3,222.83,62.83,7.393,10.13,0.705,0.431,0.836
canny_hough,otsu,binary,329,1,1,0.3,220.28,60.28,7.549,10.369,0.73,0.476,0.852
canny_hough,otsu,binary,330,1,1,0.3,220.28,60.28,7.358,10.329,0.74,0.588,0.865
canny_hough,otsu,binary,331,1,1,0.15,219.9,59.9,7.149,9.961,0.767,0.439,0.847
canny_hough,otsu,binary,332,1,1,0.15,219.9,59.9,7.086,9.921,0.72,0.434,0.852
canny_hough,otsu,binary,333,1,1,0.3,222.06,62.06,7.315,10.135,0.772,0.437,0.846
canny_hough,otsu,binary,334,1,1,0.3,222.06,62.06,7.509,10.559,0.723,0.434,0.926
canny_hough,otsu,binary,335,1,1,0.3,219.37,59.37,7.389,10.131,0.72,0.433,0.828
canny_hough,otsu,binary,336,1,1,0.3,221.24,61.24,7.4,10.243,0.743,0.473,0.865
canny_hough,otsu,binary,337,1,1,0.3,219.57,59.57,6.375,8.955,0.697,0.38,0.756
canny_hough,otsu,binary,338,1,1,0.3,219.57,59.57,6.369,8.926,0.645,0.379,0.758
canny_hough,otsu,binary,339,1,1,0.3,223.89,63.89,6.339,8.841,0.636,0.417,0.759
canny_hough,otsu,binary,340,1,1,0.3,220.85,60.85,6.459,9.032,0.688,0.38,0.792
canny_hough,otsu,binary,341,1,1,0.15,221.77,61.77,6.216,8.67,0.637,0.377,0.755
canny_hough,otsu,binary,342,1,1,0.15,221.77,61.77,6.243,8.879,0.805,0.386,0.769
canny_hough,otsu,binary,343,1,1,0.3,221.37,61.37,6.683,9.211,0.636,0.378,0.822
canny_hough,otsu,binary,344,1,1,0.3,222.77,62.77,6.509,9.081,0.686,0.381,0.781
canny_hough,otsu,binary,345,1,1,0.15,221.77,61.77,6.437,8.916,0.656,0.376,0.763
canny_hough,otsu,binary,346,1,1,0.15,221.77,61.77,6.891,9.417,0.647,0.379,0.747
canny_hough,otsu,binary,347,1,1,0.3,220.87,60.87,6.591,9.608,1.085,0.421,0.808
canny_hough,otsu,binary,348,1,1,0.3,220.87,60.87,6.538,9.013,0.641,0.378,0.762
canny_hough,otsu,binary,349,1,1,0.15,221.77,61.77,6.445,8.958,0.63,0.379,0.822
canny_hough,otsu,binary,350,1,1,0.3,220.91,60.91,6.438,8.969,0.639,0.416,0.78
canny_hough,otsu,binary,351,1,1,0.3,220.91,60.91,6.555,9.163,0.642,0.389,0.793
canny_hough,otsu,binary,352,1,1,0.3,223.22,63.22,6.651,9.147,0.64,0.379,0.773
canny_hough,otsu,binary,353,1,1,0.15,222.83,62.83,6.233,8.755,0.631,0.381,0.829
canny_hough,otsu,binary,354,1,1,0.3,220.91,60.91,6.5,9.068,0.687,0.383,0.765
canny_hough,otsu,binary,355,1,1,0.3,220.91,60.91,6.358,8.824,0.644,0.38,0.752
canny_hough,otsu,binary,356,1,1,0.3,217.1,57.1,6.71,9.172,0.639,0.38,0.75
canny_hough,otsu,binary,357,1,1,0.3,221.98,61.98,6.336,8.868,0.642,0.379,0.824
canny_hough,otsu,binary,358,1,1,0.3,221.2,61.2,6.725,9.243,0.679,0.382,0.767
canny_hough,otsu,binary,359,1,1,0.3,221.2,61.2,7.376,9.822,0.643,0.379,0.75
canny_hough,otsu,binary,360,1,1,0.15,221.65,61.65,7.285,10.151,0.732,0.474,0.882
canny_hough,adaptive,binary,0,0,0,0.0,0.0,,5.253,16.027,0.724,8.229,1.08
canny_hough,adaptive,binary,1,0,0,0.0,0.0,,5.577,16.424,0.737,8.264,1.077
canny_hough,adaptive,binary,2,0,0,0.0,0.0,,4.935,16.407,1.163,8.371,1.138
canny_hough,adaptive,binary,3,0,0,0.0,0.0,,4.962,15.908,0.729,8.306,1.161
canny_hough,adaptive,binary,4,0,0,0.0,0.0,,4.924,15.84,0.739,8.267,1.153
canny_hough,adaptive,binary,5,0,0,0.0,0.0,,4.548,14.246,0.681,7.321,0.945
canny_hough,adaptive,binary,6,0,0,0.0,0.0,,4.517,14.096,0.63,7.228,1.017
canny_hough,adaptive,binary,7,0,0,0.0,0.0,,4.424,13.898,0.638,7.161,0.981
canny_hough,adaptive,binary,8,0,0,0.0,0.0,,4.485,13.991,0.639,7.219,0.955
canny_hough,adaptive,binary,9,0,0,0.0,0.0,,4.426,13.87,0.623,7.158,0.966
canny_hough,adaptive,binary,10,0,0,0.0,0.0,,4.341,13.847,0.63,7.211,0.971
canny_hough,adaptive,binary,11,0,0,0.0,0.0,,4.7,14.129,0.647,7.15,0.961
canny_hough,adaptive,binary,12,0,0,0.0,0.0,,5.076,15.402,0.635,7.901,1.037
canny_hough,adaptive,binary,13,0,0,0.0,0.0,,4.977,15.917,0.723,8.303,1.066
canny_hough,adaptive,binary,14,0,0,0.0,0.0,,4.902,15.831,0.741,8.278,1.086
canny_hough,adaptive,binary,15,0,0,0.0,0.0,,5.131,15.989,0.726,8.251,1.063
canny_hough,adaptive,binary,16,0,0,0.0,0.0,,5.185,16.094,0.715,8.292,1.066
canny_hough,adaptive,binary,17,0,0,0.0,0.0,,5.127,16.001,0.72,8.268,1.07
canny_hough,adaptive,binary,18,0,0,0.0,0.0,,5.081,15.993,0.726,8.272,1.081
canny_hough,adaptive,binary,19,0,0,0.0,0.0,,4.939,15.835,0.732,8.264,1.068
canny_hough,adaptive,binary,20,0,0,0.0,0.0,,4.959,15.872,0.725,8.292,1.072
canny_hough,adaptive,binary,21,0,0,0.0,0.0,,5.195,16.111,0.725,8.266,1.094
canny_hough,adaptive,binary,22,0,0,0.0,0.0,,4.747,15.626,0.714,8.261,1.051
canny_hough,adaptive,binary,23,0,0,0.0,0.0,,5.214,16.119,0.706,8.298,1.069
canny_hough,adaptive,binary,24,0,0,0.0,0.0,,5.049,15.974,0.723,8.312,1.074
canny_hough,adaptive,binary,25,0,0,0.0,0.0,,4.541,14.126,0.653,7.21,0.969
canny_hough,adaptive,binary,26,0,0,0.0,0.0,,4.6,14.098,0.643,7.202,0.957
canny_hough,adaptive,binary,27,0,0,0.0,0.0,,4.524,14.041,0.632,7.216,0.979
canny_hough,adaptive,binary,28,0,0,0.0,0.0,,4.627,14.27,0.651,7.201,1.101
canny_hough,adaptive,binary,29,0,0,0.0,0.0,,4.543,13.969,0.635,7.168,0.965
canny_hough,adaptive,binary,30,0,0,0.0,0.0,,4.841,14.386,0.651,7.179,0.975
canny_hough,adaptive,binary,31,0,0,0.0,0.0,,4.681,14.164,0.647,7.17,0.978
canny_hough,adaptive,binary,32,0,0,0.0,0.0,,5.032,15.748,0.685,8.225,1.067
canny_hough,adaptive,binary,33,0,0,0.0,0.0,,5.033,15.885,0.77,8.28,1.046
canny_hough,adaptive,binary,34,0,0,0.0,0.0,,5.061,16.027,0.795,8.329,1.084
canny_hough,adaptive,binary,35,0,0,0.0,0.0,,4.91,15.814,0.765,8.284,1.096
canny_hough,adaptive,binary,36,0,0,0.0,0.0,,4.904,15.885,0.787,8.359,1.079
canny_hough,adaptive,binary,37,0,0,0.0,0.0,,5.02,15.907,0.766,8.311,1.05
canny_hough,adaptive,binary,38,0,0,0.0,0.0,,5.009,15.921,0.78,8.312,1.07
canny_hough,adaptive,binary,39,0,0,0.0,0.0,,4.895,15.772,0.772,8.296,1.054
canny_hough,adaptive,binary,40,0,0,0.0,0.0,,4.874,15.734,0.721,8.308,1.071
canny_hough,adaptive,binary,41,0,0,0.0,0.0,,5.277,16.144,0.743,8.328,1.038
canny_hough,adaptive,binary,42,0,0,0.0,0.0,,4.837,15.794,0.725,8.389,1.046
canny_hough,adaptive,binary,43,0,0,0.0,0.0,,5.101,15.991,0.753,8.318,1.055
canny_hough,adaptive,binary,44,0,0,0.0,0.0,,5.103,16.022,0.729,8.327,1.098
canny_hough,adaptive,binary,45,0,0,0.0,0.0,,5.063,15.997,0.73,8.319,1.073
canny_hough,adaptive,binary,46,0,0,0.0,0.0,,5.086,15.991,0.786,8.291,1.062
canny_hough,adaptive,binary,47,0,0,0.0,0.0,,5.177,16.035,0.768,8.27,1.047
canny_hough,adaptive,binary,48,0,0,0.0,0.0,,5.191,16.102,0.778,8.287,1.083
canny_hough,adaptive,binary,49,0,0,0.0,0.0,,5.269,16.178,0.803,8.282,1.064
canny_hough,adaptive,binary,50,0,0,0.0,0.0,,5.051,15.939,0.779,8.278,1.06
canny_hough,adaptive,binary,51,0,0,0.0,0.0,,5.271,16.161,0.776,8.286,1.063
canny_hough,adaptive,binary,52,0,0,0.0,0.0,,5.134,16.101,0.728,8.288,1.069
canny_hough,adaptive,binary,53,0,0,0.0,0.0,,5.202,16.089,0.72,8.263,1.07
canny_hough,adaptive,binary,54,0,0,0.0,0.0,,4.752,15.656,0.732,8.298,1.033
canny_hough,adaptive,binary,55,0,0,0.0,0.0,,4.875,15.736,0.703,8.268,1.069
canny_hough,adaptive,binary,56,0,0,0.0,0.0,,4.891,16.136,0.815,8.349,1.336
canny_hough,adaptive,binary,57,0,0,0.0,0.0,,5.264,16.328,0.9,8.262,1.072
canny_hough,adaptive,binary,58,0,0,0.0,0.0,,4.885,15.818,0.725,8.296,1.094
canny_hough,adaptive,binary,59,0,0,0.0,0.0,,5.049,15.951,0.721,8.271,1.084
canny_hough,adaptive,binary,60,0,0,0.0,0.0,,4.926,15.842,0.717,8.28,1.099
canny_hough,adaptive,binary,61,0,0,0.0,0.0,,5.064,15.982,0.718,8.292,1.09
canny_hough,adaptive,binary,62,0,0,0.0,0.0,,5.062,15.999,0.731,8.279,1.059
canny_hough,adaptive,binary,63,0,0,0.0,0.0,,5.071,15.953,0.716,8.258,1.085
canny_hough,adaptive,binary,64,0,0,0.0,0.0,,5.073,15.984,0.723,8.281,1.085
canny_hough,adaptive,binary,65,0,0,0.0,0.0,,6.073,17.004,0.723,8.309,1.06
canny_hough,adaptive,binary,66,0,0,0.0,0.0,,5.298,16.773,1.167,8.354,1.147
canny_hough,adaptive,binary,67,0,0,0.0,0.0,,5.245,16.167,0.723,8.288,1.147
canny_hough,adaptive,binary,68,0,0,0.0,0.0,,4.889,15.804,0.727,8.263,1.165
canny_hough,adaptive,binary,69,0,0,0.0,0.0,,5.316,16.216,0.741,8.258,1.141
canny_hough,adaptive,binary,70,0,0,0.0,0.0,,4.816,14.343,0.655,7.23,0.949
canny_hough,adaptive,binary,71,0,0,0.0,0.0,,4.815,14.31,0.644,7.186,0.966
canny_hough,adaptive,binary,72,1,1,0.6,319.0,159.0,3.424,12.967,0.65,7.191,0.986
canny_hough,adaptive,binary,73,0,0,0.0,0.0,,4.664,14.175,0.651,7.171,0.931
canny_hough,adaptive,binary,74,0,0,0.0,0.0,,4.722,14.231,0.648,7.207,0.961
canny_hough,adaptive,binary,75,0,0,0.0,0.0,,4.653,14.083,0.625,7.187,0.949
canny_hough,adaptive,binary,76,0,0,0.0,0.0,,4.823,14.305,0.637,7.171,0.974
canny_hough,adaptive,binary,77,0,0,0.0,0.0,,4.868,15.318,0.635,8.117,0.992
canny_hough,adaptive,binary,78,0,0,0.0,0.0,,4.79,15.592,0.716,8.247,1.062
canny_hough,adaptive,binary,79,0,0,0.0,0.0,,4.818,15.674,0.724,8.265,1.017
canny_hough,adaptive,binary,80,1,1,0.15,319.0,159.0,2.852,13.605,0.723,8.265,0.942
canny_hough,adaptive,binary,81,1,1,0.3,319.0,159.0,2.713,13.349,0.719,8.236,0.927
canny_hough,adaptive,binary,82,1,1,0.3,319.0,159.0,2.969,13.871,0.716,8.377,0.965
canny_hough,adaptive,binary,83,1,1,0.45,319.0,159.0,3.786,14.732,0.724,8.356,1.068
canny_hough,adaptive,binary,84,0,0,0.0,0.0,,4.577,16.214,0.766,8.461,1.541
canny_hough,adaptive,binary,85,0,0,0.0,0.0,,4.802,15.968,0.735,8.345,1.236
canny_hough,adaptive,binary,86,0,0,0.0,0.0,,4.722,15.899,0.729,8.594,1.011
canny_hough,adaptive,binary,87,0,0,0.0,0.0,,4.32,15.894,0.811,8.442,1.445
canny_hough,adaptive,binary,88,0,0,0.0,0.0,,4.079,15.324,0.72,8.686,1.008
canny_hough,adaptive,binary,89,0,0,0.0,0.0,,4.558,15.608,0.779,8.44,1.074
canny_hough,adaptive,binary,90,0,0,0.0,0.0,,4.102,14.796,0.744,8.25,0.924
canny_hough,adaptive,binary,91,0,0,0.0,0.0,,3.875,13.381,0.661,7.262,0.903
canny_hough,adaptive,binary,92,0,0,0.0,0.0,,3.863,13.531,0.691,7.199,1.046
canny_hough,adaptive,binary,93,0,0,0.0,0.0,,3.891,14.119,1.058,7.339,0.948
canny_hough,adaptive,binary,94,0,0,0.0,0.0,,3.991,13.553,0.639,7.206,0.946
canny_hough,adaptive,binary,95,0,0,0.0,0.0,,3.986,13.396,0.637,7.186,0.905
canny_hough,adaptive,binary,96,0,0,0.0,0.0,,4.805,14.321,0.643,7.178,0.942
canny_hough,adaptive,binary,97,0,0,0.0,0.0,,4.579,14.379,0.635,7.459,1.007
canny_hough,adaptive,binary,98,0,0,0.0,0.0,,4.863,16.005,0.737,8.583,1.051
canny_hough,adaptive,binary,99,0,0,0.0,0.0,,4.747,15.577,0.723,8.332,1.019
canny_hough,adaptive,binary,100,0,0,0.0,0.0,,4.968,16.121,0.847,8.472,1.05
canny_hough,adaptive,binary,101,0,0,0.0,0.0,,6.039,18.223,1.366,8.928,1.079
canny_hough,adaptive,binary,102,0,0,0.0,0.0,,5.399,16.807,0.737,8.527,1.247
canny_hough,adaptive,binary,103,0,0,0.0,0.0,,5.244,16.603,0.905,8.476,1.19
canny_hough,adaptive,binary,104,1,1,0.6,304.26,144.26,4.245,15.371,0.726,8.418,1.047
canny_hough,adaptive,binary,105,1,1,0.3,281.77,121.77,5.848,16.862,0.719,8.343,1.185
canny_hough,adaptive,binary,106,1,1,0.3,281.77,121.77,6.318,17.531,0.728,8.613,1.073
canny_hough,adaptive,binary,107,1,1,0.3,253.94,93.94,3.064,14.644,0.729,8.584,1.493
canny_hough,adaptive,binary,108,1,1,0.3,253.94,93.94,3.009,14.223,0.778,8.716,0.958
canny_hough,adaptive,binary,109,1,1,0.3,266.91,106.91,5.205,15.995,0.734,8.25,1.053
canny_hough,adaptive,binary,110,1,1,0.3,266.91,106.91,5.167,16.079,0.749,8.272,1.06
canny_hough,adaptive,binary,111,1,1,0.3,266.91,106.91,5.14,16.013,0.717,8.267,1.068
canny_hough,adaptive,binary,112,0,0,0.0,0.0,,3.122,14.008,0.731,8.286,1.017
canny_hough,adaptive,binary,113,0,0,0.0,0.0,,4.141,14.903,0.72,8.278,0.96
canny_hough,adaptive,binary,114,0,0,0.0,0.0,,4.164,14.955,0.724,8.284,1.024
canny_hough,adaptive,binary,115,1,1,0.3,0.0,-160.0,4.742,15.599,0.74,8.275,1.084
canny_hough,adaptive,binary,116,1,1,0.3,0.0,-160.0,4.764,15.835,0.728,8.481,1.032
canny_hough,adaptive,binary,117,1,1,0.6,0.0,-160.0,4.972,15.736,0.74,8.273,0.988
canny_hough,adaptive,binary,118,1,1,0.6,0.0,-160.0,5.278,16.008,0.739,8.256,0.974
canny_hough,adaptive,binary,119,1,1,0.6,0.0,-160.0,5.297,16.0,0.718,8.234,0.999
canny_hough,adaptive,binary,120,1,1,0.6,0.0,-160.0,5.598,16.367,0.732,8.274,0.992
canny_hough,adaptive,binary,121,1,1,0.6,0.0,-160.0,5.377,16.152,0.741,8.23,0.958
canny_hough,adaptive,binary,122,1,1,0.6,0.0,-160.0,5.277,16.737,1.234,8.363,1.016
canny_hough,adaptive,binary,123,1,1,0.6,0.0,-160.0,4.801,14.81,0.726,7.576,0.95
canny_hough,adaptive,binary,124,1,1,0.6,0.0,-160.0,4.721,14.395,0.802,7.284,0.892
canny_hough,adaptive,binary,125,1,1,0.6,42.12,-117.88,4.762,14.269,0.641,7.21,0.907
canny_hough,adaptive,binary,126,1,1,0.6,67.45,-92.55,4.509,13.922,0.64,7.194,0.881
canny_hough,adaptive,binary,127,1,1,0.6,67.45,-92.55,4.515,13.84,0.638,7.184,0.823
canny_hough,adaptive,binary,128,0,0,0.0,0.0,,4.534,13.987,0.653,7.174,0.946
canny_hough,adaptive,binary,129,0,0,0.0,0.0,,4.542,14.012,0.643,7.171,0.956
canny_hough,adaptive,binary,130,0,0,0.0,0.0,,4.987,15.0,0.649,7.521,1.069
canny_hough,adaptive,binary,131,0,0,0.0,0.0,,5.356,16.44,0.72,8.426,1.034
canny_hough,adaptive,binary,132,0,0,0.0,0.0,,4.902,16.195,0.916,8.438,1.126
canny_hough,adaptive,binary,133,1,1,0.6,319.0,159.0,4.907,15.818,0.729,8.272,1.15
canny_hough,adaptive,binary,134,1,1,0.6,319.0,159.0,4.877,15.758,0.72,8.271,1.128
canny_hough,adaptive,binary,135,1,1,0.6,319.0,159.0,4.836,15.785,0.715,8.299,1.172
canny_hough,adaptive,binary,136,1,1,0.3,319.0,159.0,4.726,15.726,0.721,8.313,1.211
canny_hough,adaptive,binary,137,1,1,0.45,319.0,159.0,4.753,15.583,0.737,8.243,1.028
canny_hough,adaptive,binary,138,1,1,0.45,319.0,159.0,4.82,15.605,0.731,8.253,1.032
canny_hough,adaptive,binary,139,1,1,0.45,319.0,159.0,4.845,15.662,0.732,8.252,1.081
canny_hough,adaptive,binary,140,1,1,0.6,154.47,-5.53,5.474,16.238,0.718,8.275,1.009
canny_hough,adaptive,binary,141,1,1,0.6,235.4,75.4,6.402,17.175,0.722,8.257,1.024
canny_hough,adaptive,binary,142,1,1,0.6,243.1,83.1,6.899,18.038,0.717,8.31,1.084
canny_hough,adaptive,binary,143,1,1,0.6,243.1,83.1,6.777,17.866,0.86,8.413,0.994
canny_hough,adaptive,binary,144,1,1,0.6,216.22,56.22,7.141,18.041,0.73,8.286,1.125
canny_hough,adaptive,binary,145,0,0,0.0,0.0,,1.55,12.331,0.715,8.299,0.948
canny_hough,adaptive,binary,146,0,0,0.0,0.0,,0.736,11.28,0.7,8.254,0.885
canny_hough,adaptive,binary,147,0,0,0.0,0.0,,0.738,11.339,0.692,8.23,0.91
canny_hough,adaptive,binary,148,0,0,0.0,0.0,,0.734,11.439,0.734,8.35,0.908
canny_hough,adaptive,binary,149,0,0,0.0,0.0,,0.735,11.373,0.686,8.293,0.938
canny_hough,adaptive,binary,150,0,0,0.0,0.0,,2.189,12.929,0.696,8.247,1.083
canny_hough,adaptive,binary,151,0,0,0.0,0.0,,2.161,12.92,0.749,8.27,1.005
canny_hough,adaptive,binary,152,0,0,0.0,0.0,,2.234,12.98,0.702,8.286,0.993
canny_hough,adaptive,binary,153,0,0,0.0,0.0,,3.955,14.648,0.701,8.247,1.012
canny_hough,adaptive,binary,154,0,0,0.0,0.0,,3.938,14.698,0.71,8.257,0.971
canny_hough,adaptive,binary,155,0,0,0.0,0.0,,3.929,14.757,0.719,8.329,1.038
canny_hough,adaptive,binary,156,0,0,0.0,0.0,,3.564,14.412,0.721,8.398,0.914
canny_hough,adaptive,binary,157,1,1,0.3,319.0,159.0,5.106,15.879,0.73,8.259,0.982
canny_hough,adaptive,binary,158,1,1,0.3,319.0,159.0,5.159,15.954,0.727,8.255,0.992
canny_hough,adaptive,binary,159,1,1,0.15,319.0,159.0,4.81,15.576,0.724,8.237,0.991
canny_hough,adaptive,binary,160,0,0,0.0,0.0,,2.039,12.83,0.775,8.288,0.962
canny_hough,adaptive,binary,161,1,1,0.3,319.0,159.0,4.804,15.461,0.705,8.256,0.956
canny_hough,adaptive,binary,162,1,1,0.3,319.0,159.0,4.792,15.617,0.719,8.273,0.984
canny_hough,adaptive,binary,163,1,1,0.6,319.0,159.0,5.476,16.251,0.723,8.246,0.978
canny_hough,adaptive,binary,164,1,1,0.6,319.0,159.0,4.862,14.823,0.719,7.53,0.907
canny_hough,adaptive,binary,165,1,1,0.15,319.0,159.0,3.326,12.799,0.651,7.165,0.903
canny_hough,adaptive,binary,166,0,0,0.0,0.0,,3.002,12.494,0.626,7.142,0.955
canny_hough,adaptive,binary,167,0,0,0.0,0.0,,2.957,12.355,0.63,7.192,0.899
canny_hough,adaptive,binary,168,0,0,0.0,0.0,,2.955,12.4,0.633,7.243,0.888
canny_hough,adaptive,binary,169,1,1,0.45,319.0,159.0,4.296,13.687,0.641,7.189,0.868
canny_hough,adaptive,binary,170,1,1,0.45,319.0,159.0,4.36,13.855,0.643,7.167,0.938
canny_hough,adaptive,binary,171,1,1,0.45,319.0,159.0,4.362,13.759,0.635,7.161,0.918
canny_hough,adaptive,binary,172,1,1,0.3,319.0,159.0,3.318,12.743,0.638,7.167,0.899
canny_hough,adaptive,binary,173,1,1,0.15,319.0,159.0,3.091,12.592,0.683,7.152,0.976
canny_hough,adaptive,binary,174,1,1,0.3,319.0,159.0,3.895,13.399,0.636,7.252,0.877
canny_hough,adaptive,binary,175,1,1,0.3,319.0,159.0,3.88,13.26,0.641,7.174,0.885
canny_hough,adaptive,binary,176,1,1,0.45,319.0,159.0,4.227,13.678,0.641,7.187,0.874
canny_hough,adaptive,binary,177,1,1,0.45,319.0,159.0,4.234,13.595,0.614,7.18,0.888
canny_hough,adaptive,binary,178,1,1,0.45,319.0,159.0,4.269,13.663,0.639,7.171,0.91
canny_hough,adaptive,binary,179,1,1,0.45,319.0,159.0,4.766,14.555,0.629,7.45,0.968
canny_hough,adaptive,binary,180,1,1,0.15,319.0,159.0,3.343,14.113,0.72,8.286,1.013
canny_hough,adaptive,binary,181,1,1,0.3,319.0,159.0,4.504,15.28,0.719,8.241,0.987
canny_hough,adaptive,binary,182,1,1,0.3,319.0,159.0,4.062,14.89,0.722,8.269,0.985
canny_hough,adaptive,binary,183,1,1,0.3,319.0,159.0,4.065,14.906,0.773,8.332,0.979
canny_hough,adaptive,binary,184,1,1,0.3,319.0,159.0,4.1,14.963,0.734,8.282,1.092
canny_hough,adaptive,binary,185,1,1,0.3,319.0,159.0,4.184,14.931,0.71,8.24,1.038
canny_hough,adaptive,binary,186,1,1,0.3,319.0,159.0,4.075,15.139,0.71,8.511,1.017
canny_hough,adaptive,binary,187,1,1,0.3,319.0,159.0,4.069,14.883,0.77,8.291,0.998
canny_hough,adaptive,binary,188,1,1,0.15,319.0,159.0,4.629,15.455,0.726,8.291,1.056
canny_hough,adaptive,binary,189,1,1,0.6,319.0,159.0,4.82,15.604,0.719,8.252,0.989
canny_hough,adaptive,binary,190,1,1,0.6,319.0,159.0,4.874,15.588,0.734,8.267,0.956
canny_hough,adaptive,binary,191,1,1,0.6,319.0,159.0,4.951,15.691,0.722,8.339,0.926
canny_hough,adaptive,binary,192,1,1,0.45,319.0,159.0,4.142,15.043,0.733,8.367,0.982
canny_hough,adaptive,binary,193,1,1,0.15,319.0,159.0,3.75,13.237,0.634,7.119,0.985
canny_hough,adaptive,binary,194,0,0,0.0,0.0,,4.477,13.882,0.632,7.214,0.874
canny_hough,adaptive,binary,195,0,0,0.0,0.0,,4.532,13.913,0.617,7.17,0.842
canny_hough,adaptive,binary,196,1,1,0.45,319.0,159.0,3.766,13.163,0.64,7.189,0.87
canny_hough,adaptive,binary,197,1,1,0.15,319.0,159.0,3.134,12.482,0.638,7.169,0.867
canny_hough,adaptive,binary,198,1,1,0.15,319.0,159.0,3.142,12.533,0.662,7.179,0.861
canny_hough,adaptive,binary,199,1,1,0.45,319.0,159.0,3.468,12.912,0.695,7.121,0.952
canny_hough,adaptive,binary,200,1,1,0.45,319.0,159.0,4.167,14.191,0.636,7.321,1.354
canny_hough,adaptive,binary,201,1,1,0.45,319.0,159.0,4.4,15.588,1.107,8.371,0.937
canny_hough,adaptive,binary,202,1,1,0.6,319.0,159.0,4.615,15.497,0.717,8.291,1.077
canny_hough,adaptive,binary,203,1,1,0.6,319.0,159.0,4.511,15.313,0.739,8.248,1.049
canny_hough,adaptive,binary,204,1,1,0.45,319.0,159.0,4.786,15.553,0.715,8.376,0.917
canny_hough,adaptive,binary,205,1,1,0.6,319.0,159.0,4.52,15.206,0.724,8.307,0.903
canny_hough,adaptive,binary,206,1,1,0.6,319.0,159.0,4.54,15.338,0.714,8.282,0.959
canny_hough,adaptive,binary,207,1,1,0.6,319.0,159.0,4.746,15.518,0.781,8.307,0.936
canny_hough,adaptive,binary,208,1,1,0.6,319.0,159.0,5.088,15.861,0.78,8.288,0.932
canny_hough,adaptive,binary,209,1,1,0.6,319.0,159.0,4.998,15.742,0.797,8.276,0.916
canny_hough,adaptive,binary,210,1,1,0.6,319.0,159.0,5.022,15.758,0.723,8.324,0.936
canny_hough,adaptive,binary,211,1,1,0.6,319.0,159.0,4.941,15.684,0.727,8.261,0.981
canny_hough,adaptive,binary,212,1,1,0.6,319.0,159.0,4.896,15.719,0.732,8.279,1.006
canny_hough,adaptive,binary,213,1,1,0.6,311.31,151.31,3.934,14.639,0.711,8.235,0.986
canny_hough,adaptive,binary,214,1,1,0.6,311.31,151.31,3.924,13.349,0.643,7.213,0.889
canny_hough,adaptive,binary,215,1,1,0.6,276.52,116.52,4.915,14.272,0.632,7.176,0.878
canny_hough,adaptive,binary,216,1,1,0.6,242.75,82.75,5.102,14.539,0.636,7.242,0.869
canny_hough,adaptive,binary,217,1,1,0.6,245.98,85.98,5.344,14.82,0.68,7.14,0.958
canny_hough,adaptive,binary,218,1,1,0.45,232.7,72.7,3.809,13.153,0.635,7.173,0.867
canny_hough,adaptive,binary,219,1,1,0.45,232.7,72.7,3.76,13.181,0.689,7.108,0.928
canny_hough,adaptive,binary,220,1,1,0.6,232.83,72.83,3.744,13.163,0.634,7.238,0.853
canny_hough,adaptive,binary,221,1,1,0.45,218.62,58.62,3.453,14.198,0.721,8.261,0.942
canny_hough,adaptive,binary,222,1,1,0.45,218.62,58.62,3.628,14.57,0.716,8.307,0.997
canny_hough,adaptive,binary,223,1,1,0.45,218.62,58.62,3.511,14.244,0.725,8.268,0.986
canny_hough,adaptive,binary,224,1,1,0.45,218.62,58.62,3.516,14.175,0.723,8.247,0.931
canny_hough,adaptive,binary,225,1,1,0.3,215.03,55.03,7.433,18.248,0.777,8.283,0.986
canny_hough,adaptive,binary,226,1,1,0.3,215.03,55.03,7.447,18.414,0.739,8.438,0.95
canny_hough,adaptive,binary,227,1,1,0.3,211.05,51.05,7.621,18.388,0.717,8.249,0.967
canny_hough,adaptive,binary,228,1,1,0.3,211.05,51.05,7.642,18.418,0.725,8.281,1.0
canny_hough,adaptive,binary,229,1,1,0.3,215.37,55.37,5.801,16.484,0.722,8.25,0.953
canny_hough,adaptive,binary,230,1,1,0.3,219.26,59.26,5.715,16.406,0.72,8.267,0.944
canny_hough,adaptive,binary,231,1,1,0.3,219.26,59.26,5.639,16.443,0.734,8.275,1.023
canny_hough,adaptive,binary,232,1,1,0.45,211.44,51.44,7.95,18.774,0.722,8.248,1.043
canny_hough,adaptive,binary,233,1,1,0.3,216.65,56.65,6.779,16.641,0.736,7.459,0.909
canny_hough,adaptive,binary,234,1,1,0.3,217.08,57.08,6.549,15.99,0.642,7.211,0.897
canny_hough,adaptive,binary,235,1,1,0.3,217.08,57.08,6.519,15.914,0.636,7.17,0.904
canny_hough,adaptive,binary,236,1,1,0.3,214.2,54.2,6.603,16.034,0.64,7.193,0.908
canny_hough,adaptive,binary,237,1,1,0.3,215.96,55.96,6.667,16.122,0.648,7.233,0.883
canny_hough,adaptive,binary,238,1,1,0.3,215.96,55.96,6.719,16.101,0.629,7.201,0.877
canny_hough,adaptive,binary,239,1,1,0.15,217.34,57.34,7.43,17.059,0.646,7.238,1.042
canny_hough,adaptive,binary,240,1,1,0.15,217.34,57.34,7.444,18.208,0.76,8.289,0.95
canny_hough,adaptive,binary,241,1,1,0.3,215.63,55.63,7.226,18.026,0.727,8.267,0.987
canny_hough,adaptive,binary,242,1,1,0.3,218.97,58.97,7.785,18.623,0.707,8.283,0.982
canny_hough,adaptive,binary,243,1,1,0.3,218.97,58.97,7.49,18.253,0.723,8.251,1.029
canny_hough,adaptive,binary,244,1,1,0.3,214.87,54.87,7.657,18.44,0.734,8.283,0.997
canny_hough,adaptive,binary,245,1,1,0.15,216.94,56.94,6.502,16.119,0.76,7.128,0.976
canny_hough,adaptive,binary,246,1,1,0.15,216.94,56.94,6.56,16.056,0.66,7.185,0.957
canny_hough,adaptive,binary,247,1,1,0.15,214.68,54.68,6.518,16.111,0.769,7.131,0.996
canny_hough,adaptive,binary,248,1,1,0.15,214.68,54.68,6.543,16.077,0.706,7.169,0.967
canny_hough,adaptive,binary,249,1,1,0.3,217.86,57.86,6.56,16.019,0.629,7.115,0.953
canny_hough,adaptive,binary,250,1,1,0.3,217.86,57.86,6.612,16.119,0.637,7.149,0.973
canny_hough,adaptive,binary,251,1,1,0.3,217.87,57.87,7.499,17.895,0.62,7.745,1.076
canny_hough,adaptive,binary,252,1,1,0.3,217.87,57.87,7.59,18.479,0.727,8.288,1.074
canny_hough,adaptive,binary,253,1,1,0.3,219.2,59.2,7.614,18.317,0.71,8.264,0.964
canny_hough,adaptive,binary,254,1,1,0.3,219.2,59.2,7.696,18.551,0.737,8.358,0.991
canny_hough,adaptive,binary,255,1,1,0.3,219.2,59.2,7.88,19.244,0.735,8.386,1.479
canny_hough,adaptive,binary,256,1,1,0.15,217.77,57.77,7.169,17.988,0.73,8.252,1.045
canny_hough,adaptive,binary,257,1,1,0.3,218.59,58.59,6.459,16.052,0.652,7.154,1.03
canny_hough,adaptive,binary,258,1,1,0.3,218.59,58.59,6.486,15.992,0.638,7.169,0.933
canny_hough,adaptive,binary,259,1,1,0.3,215.13,55.13,6.678,16.128,0.642,7.159,0.896
canny_hough,adaptive,binary,260,1,1,0.3,217.85,57.85,6.501,16.016,0.678,7.144,1.006
canny_hough,adaptive,binary,261,1,1,0.3,219.94,59.94,6.373,15.855,0.676,7.131,1.006
canny_hough,adaptive,binary,262,1,1,0.3,219.94,59.94,6.434,16.152,0.702,7.361,0.934
canny_hough,adaptive,binary,263,1,1,0.3,219.85,59.85,7.499,18.021,0.689,8.158,0.972
canny_hough,adaptive,binary,264,1,1,0.3,219.85,59.85,7.448,18.356,0.726,8.301,1.005
canny_hough,adaptive,binary,265,1,1,0.3,217.32,57.32,7.816,18.793,0.726,8.45,0.969
canny_hough,adaptive,binary,266,1,1,0.3,217.32,57.32,7.644,18.865,0.843,8.419,1.016
canny_hough,adaptive,binary,267,1,1,0.3,219.85,59.85,7.356,18.171,0.728,8.252,1.066
canny_hough,adaptive,binary,268,1,1,0.3,219.85,59.85,7.454,18.263,0.719,8.276,0.984
canny_hough,adaptive,binary,269,1,1,0.3,219.91,59.91,7.628,18.493,0.74,8.315,1.049
canny_hough,adaptive,binary,270,1,1,0.3,219.91,59.91,7.612,18.35,0.725,8.266,0.985
canny_hough,adaptive,binary,271,1,1,0.3,217.37,57.37,7.205,18.004,0.784,8.286,0.967
canny_hough,adaptive,binary,272,1,1,0.3,217.37,57.37,7.262,18.036,0.723,8.256,0.994
canny_hough,adaptive,binary,273,1,1,0.3,217.87,57.87,7.451,18.26,0.772,8.282,0.988
canny_hough,adaptive,binary,274,1,1,0.15,217.12,57.12,6.555,16.533,0.727,7.523,0.926
canny_hough,adaptive,binary,275,1,1,0.15,217.12,57.12,6.556,15.907,0.634,7.147,0.879
canny_hough,adaptive,binary,276,1,1,0.3,219.14,59.14,6.528,15.973,0.654,7.184,0.915
canny_hough,adaptive,binary,277,1,1,0.15,218.66,58.66,6.533,15.924,0.66,7.162,0.896
canny_hough,adaptive,binary,278,1,1,0.3,218.22,58.22,6.85,16.258,0.651,7.165,0.905
canny_hough,adaptive,binary,279,1,1,0.3,218.22,58.22,6.803,16.181,0.644,7.144,0.9
canny_hough,adaptive,binary,280,1,1,0.3,219.67,59.67,7.452,17.035,0.66,7.177,0.976
canny_hough,adaptive,binary,281,1,1,0.3,217.48,57.48,7.771,18.561,0.716,8.268,0.973
canny_hough,adaptive,binary,282,1,1,0.3,219.52,59.52,7.672,18.534,0.73,8.257,1.057
canny_hough,adaptive,binary,283,1,1,0.3,219.52,59.52,7.574,18.321,0.725,8.283,0.966
canny_hough,adaptive,binary,284,1,1,0.3,215.99,55.99,7.818,19.11,0.76,8.335,1.411
canny_hough,adaptive,binary,285,1,1,0.3,216.58,56.58,7.679,18.496,0.726,8.257,1.065
canny_hough,adaptive,binary,286,1,1,0.3,217.77,57.77,7.688,18.444,0.72,8.271,0.993
canny_hough,adaptive,binary,287,1,1,0.3,217.77,57.77,7.663,18.409,0.7,8.238,0.985
canny_hough,adaptive,binary,288,1,1,0.15,219.84,59.84,7.636,18.442,0.723,8.263,1.052
canny_hough,adaptive,binary,289,1,1,0.3,217.42,57.42,7.502,18.191,0.723,8.242,0.964
canny_hough,adaptive,binary,290,1,1,0.3,217.42,57.42,7.626,18.466,0.718,8.332,0.977
canny_hough,adaptive,binary,291,1,1,0.3,220.23,60.23,6.684,17.345,0.744,8.218,0.93
canny_hough,adaptive,binary,292,1,1,0.15,219.84,59.84,6.638,16.216,0.649,7.185,0.936
canny_hough,adaptive,binary,293,1,1,0.3,217.95,57.95,6.306,15.761,0.678,7.125,0.987
canny_hough,adaptive,binary,294,1,1,0.3,217.95,57.95,6.398,15.881,0.638,7.179,0.917
canny_hough,adaptive,binary,295,1,1,0.3,216.16,56.16,6.468,15.908,0.64,7.164,0.887
canny_hough,adaptive,binary,296,1,1,0.3,218.73,58.73,6.508,16.021,0.652,7.194,0.898
canny_hough,adaptive,binary,297,1,1,0.3,219.2,59.2,6.98,16.458,0.64,7.16,0.901
canny_hough,adaptive,binary,298,1,1,0.3,219.2,59.2,7.562,18.388,0.768,8.299,0.986
canny_hough,adaptive,binary,299,1,1,0.15,217.12,57.12,7.289,18.143,0.732,8.269,1.062
canny_hough,adaptive,binary,300,1,1,0.15,217.12,57.12,7.317,18.094,0.723,8.292,0.939
canny_hough,adaptive,binary,301,1,1,0.3,220.23,60.23,7.409,18.207,0.73,8.252,1.05
canny_hough,adaptive,binary,302,1,1,0.3,215.03,55.03,7.497,18.283,0.726,8.269,0.994
canny_hough,adaptive,binary,303,1,1,0.3,215.03,55.03,7.432,18.262,0.733,8.33,0.995
canny_hough,adaptive,binary,304,1,1,0.3,217.48,57.48,7.497,18.284,0.732,8.296,0.997
canny_hough,adaptive,binary,305,1,1,0.3,218.13,58.13,7.539,18.376,0.779,8.293,0.973
canny_hough,adaptive,binary,306,1,1,0.3,218.14,58.14,7.448,18.296,0.726,8.274,1.071
canny_hough,adaptive,binary,307,1,1,0.3,218.14,58.14,7.547,18.243,0.728,8.236,0.972
canny_hough,adaptive,binary,308,1,1,0.3,219.06,59.06,7.67,18.49,0.725,8.281,1.046
canny_hough,adaptive,binary,309,1,1,0.3,223.75,63.75,3.265,14.172,0.737,8.461,0.909
canny_hough,adaptive,binary,310,1,1,0.15,224.64,64.64,5.757,16.525,0.767,8.298,0.938
canny_hough,adaptive,binary,311,1,1,0.15,224.64,64.64,5.839,16.582,0.719,8.272,0.936
canny_hough,adaptive,binary,312,1,1,0.3,221.51,61.51,6.141,16.859,0.731,8.274,0.949
canny_hough,adaptive,binary,313,1,1,0.3,224.28,64.28,6.087,17.024,0.734,8.468,0.968
canny_hough,adaptive,binary,314,1,1,0.3,224.28,64.28,5.846,16.591,0.712,8.327,0.938
canny_hough,adaptive,binary,315,1,1,0.3,220.25,60.25,5.027,14.663,0.781,7.168,0.943
canny_hough,adaptive,binary,316,1,1,0.3,220.8,60.8,6.564,15.969,0.656,7.17,0.894
canny_hough,adaptive,binary,317,1,1,0.3,221.93,61.93,6.711,16.076,0.648,7.151,0.88
canny_hough,adaptive,binary,318,1,1,0.3,221.93,61.93,6.725,16.157,0.637,7.167,0.924
canny_hough,adaptive,binary,319,1,1,0.3,218.59,58.59,6.926,16.519,0.629,7.3,0.911
canny_hough,adaptive,binary,320,1,1,0.3,221.97,61.97,6.536,16.246,0.836,7.156,1.002
canny_hough,adaptive,binary,321,1,1,0.3,222.1,62.1,6.567,16.093,0.694,7.128,1.002
canny_hough,adaptive,binary,322,1,1,0.3,222.1,62.1,6.559,16.168,0.76,7.161,0.967
canny_hough,adaptive,binary,323,1,1,0.3,219.39,59.39,6.26,15.776,0.696,7.167,0.966
canny_hough,adaptive,binary,324,1,1,0.3,219.39,59.39,6.355,15.869,0.684,7.153,0.982
canny_hough,adaptive,binary,325,1,1,0.3,219.87,59.87,6.583,16.061,0.686,7.138,0.987
canny_hough,adaptive,binary,326,1,1,0.3,219.87,59.87,6.604,16.15,0.683,7.161,1.007
canny_hough,adaptive,binary,327,1,1,0.3,222.83,62.83,6.929,16.394,0.635,7.129,0.952
canny_hough,adaptive,binary,328,1,1,0.3,222.83,62.83,7.341,18.115,0.719,8.281,1.001
canny_hough,adaptive,binary,329,1,1,0.3,220.28,60.28,7.354,18.143,0.722,8.254,1.055
canny_hough,adaptive,binary,330,1,1,0.3,220.28,60.28,7.395,18.307,0.862,8.275,1.006
canny_hough,adaptive,binary,331,1,1,0.15,219.9,59.9,7.153,17.936,0.769,8.275,0.974
canny_hough,adaptive,binary,332,1,1,0.15,219.9,59.9,7.161,17.958,0.739,8.242,1.019
canny_hough,adaptive,binary,333,1,1,0.3,222.06,62.06,6.407,16.853,0.784,8.006,0.911
canny_hough,adaptive,binary,334,1,1,0.3,222.06,62.06,6.421,15.964,0.646,7.212,0.92
canny_hough,adaptive,binary,335,1,1,0.3,219.37,59.37,6.476,15.934,0.638,7.188,0.88
canny_hough,adaptive,binary,336,1,1,0.3,221.24,61.24,6.442,15.951,0.642,7.215,0.889
canny_hough,adaptive,binary,337,1,1,0.3,219.57,59.57,6.368,15.819,0.65,7.171,0.887
canny_hough,adaptive,binary,338,1,1,0.3,219.57,59.57,6.41,15.909,0.637,7.129,0.979
canny_hough,adaptive,binary,339,1,1,0.3,223.89,63.89,6.926,16.423,0.639,7.106,0.952
canny_hough,adaptive,binary,340,1,1,0.3,220.85,60.85,7.272,17.998,0.709,8.252,0.994
canny_hough,adaptive,binary,341,1,1,0.15,221.77,61.77,6.961,17.782,0.728,8.273,1.052
canny_hough,adaptive,binary,342,1,1,0.15,221.77,61.77,7.058,17.837,0.719,8.254,0.998
canny_hough,adaptive,binary,343,1,1,0.3,221.37,61.37,8.152,18.978,0.722,8.232,1.114
canny_hough,adaptive,binary,344,1,1,0.3,222.77,62.77,7.34,18.254,0.764,8.269,1.045
canny_hough,adaptive,binary,345,1,1,0.15,221.77,61.77,7.231,18.081,0.762,8.366,0.964
canny_hough,adaptive,binary,346,1,1,0.15,221.77,61.77,7.237,18.063,0.718,8.282,0.994
canny_hough,adaptive,binary,347,1,1,0.3,220.87,60.87,7.331,18.147,0.719,8.265,1.013
canny_hough,adaptive,binary,348,1,1,0.3,220.87,60.87,7.454,18.322,0.726,8.297,1.084
canny_hough,adaptive,binary,349,1,1,0.15,221.77,61.77,7.307,18.007,0.714,8.253,0.973
canny_hough,adaptive,binary,350,1,1,0.3,220.91,60.91,7.416,18.273,0.743,8.298,1.045
canny_hough,adaptive,binary,351,1,1,0.3,220.91,60.91,6.451,15.865,0.644,7.187,0.887
canny_hough,adaptive,binary,352,1,1,0.3,223.22,63.22,6.626,16.109,0.624,7.21,0.909
canny_hough,adaptive,binary,353,1,1,0.15,222.83,62.83,6.301,15.713,0.656,7.176,0.897
canny_hough,adaptive,binary,354,1,1,0.3,220.91,60.91,6.457,15.905,0.632,7.223,0.904
canny_hough,adaptive,binary,355,1,1,0.3,220.91,60.91,6.367,15.795,0.635,7.213,0.897
canny_hough,adaptive,binary,356,1,1,0.3,217.1,57.1,6.69,16.138,0.637,7.22,0.901
canny_hough,adaptive,binary,357,1,1,0.3,221.98,61.98,7.21,17.312,0.633,7.788,0.99
canny_hough,adaptive,binary,358,1,1,0.3,221.2,61.2,7.54,18.416,0.728,8.284,1.11
canny_hough,adaptive,binary,359,1,1,0.3,221.2,61.2,7.518,18.249,0.729,8.265,0.966
canny_hough,adaptive,binary,360,1,1,0.15,221.65,61.65,7.286,18.091,0.726,8.307,0.999
canny_hough,fixed,combined,0,0,0,0.0,0.0,,5.229,7.753,0.732,0.099,0.92
canny_hough,fixed,combined,1,0,0,0.0,0.0,,5.004,7.575,0.741,0.099,0.926
canny_hough,fixed,combined,2,0,0,0.0,0.0,,4.867,7.345,0.71,0.098,0.901
canny_hough,fixed,combined,3,0,0,0.0,0.0,,4.883,7.444,0.72,0.098,0.902
canny_hough,fixed,combined,4,0,0,0.0,0.0,,4.364,6.613,0.653,0.095,0.804
canny_hough,fixed,combined,5,0,0,0.0,0.0,,4.605,6.927,0.643,0.094,0.899
canny_hough,fixed,combined,6,0,0,0.0,0.0,,4.531,6.759,0.634,0.091,0.815
canny_hough,fixed,combined,7,0,0,0.0,0.0,,4.317,6.628,0.64,0.091,0.82
canny_hough,fixed,combined,8,0,0,0.0,0.0,,4.556,6.884,0.634,0.091,0.918
canny_hough,fixed,combined,9,0,0,0.0,0.0,,4.454,6.677,0.642,0.096,0.816
canny_hough,fixed,combined,10,0,0,0.0,0.0,,4.456,6.693,0.636,0.09,0.796
canny_hough,fixed,combined,11,0,0,0.0,0.0,,4.615,6.897,0.693,0.098,0.813
canny_hough,fixed,combined,12,0,0,0.0,0.0,,4.576,6.852,0.642,0.091,0.804
canny_hough,fixed,combined,13,0,0,0.0,0.0,,4.354,6.73,0.646,0.093,0.934
canny_hough,fixed,combined,14,0,0,0.0,0.0,,4.356,6.657,0.633,0.091,0.818
canny_hough,fixed,combined,15,0,0,0.0,0.0,,4.548,6.855,0.634,0.094,0.906
canny_hough,fixed,combined,16,0,0,0.0,0.0,,4.532,6.766,0.641,0.092,0.818
canny_hough,fixed,combined,17,0,0,0.0,0.0,,4.54,6.765,0.627,0.096,0.814
canny_hough,fixed,combined,18,0,0,0.0,0.0,,4.639,6.955,0.69,0.118,0.81
canny_hough,fixed,combined,19,0,0,0.0,0.0,,4.924,7.496,0.725,0.104,0.987
canny_hough,fixed,combined,20,0,0,0.0,0.0,,5.087,7.615,0.721,0.102,0.902
canny_hough,fixed,combined,21,0,0,0.0,0.0,,5.458,7.944,0.723,0.1,0.908
canny_hough,fixed,combined,22,0,0,0.0,0.0,,4.837,7.371,0.751,0.099,0.921
canny_hough,fixed,combined,23,0,0,0.0,0.0,,4.705,7.21,0.737,0.101,0.921
canny_hough,fixed,combined,24,0,0,0.0,0.0,,5.111,7.656,0.716,0.097,0.906
canny_hough,fixed,combined,25,0,0,0.0,0.0,,5.111,7.802,0.695,0.1,0.968
canny_hough,fixed,combined,26,0,0,0.0,0.0,,5.241,7.789,0.771,0.102,0.906
canny_hough,fixed,combined,27,0,0,0.0,0.0,,5.636,8.202,0.794,0.101,0.903
canny_hough,fixed,combined,28,0,0,0.0,0.0,,5.261,8.244,1.057,0.134,0.909
canny_hough,fixed,combined,29,0,0,0.0,0.0,,5.109,7.692,0.724,0.098,0.929
canny_hough,fixed,combined,30,0,0,0.0,0.0,,5.309,7.895,0.714,0.098,0.902
canny_hough,fixed,combined,31,0,0,0.0,0.0,,5.26,7.794,0.707,0.106,0.907
canny_hough,fixed,combined,32,0,0,0.0,0.0,,5.041,7.6,0.795,0.102,0.904
canny_hough,fixed,combined,33,0,0,0.0,0.0,,5.047,7.616,0.771,0.106,0.932
canny_hough,fixed,combined,34,0,0,0.0,0.0,,5.046,7.611,0.735,0.144,0.932
canny_hough,fixed,combined,35,0,0,0.0,0.0,,4.955,7.516,0.736,0.098,0.981
canny_hough,fixed,combined,36,0,0,0.0,0.0,,4.925,7.496,0.721,0.098,0.994
canny_hough,fixed,combined,37,0,0,0.0,0.0,,5.123,7.623,0.748,0.098,0.902
canny_hough,fixed,combined,38,0,0,0.0,0.0,,5.74,8.242,0.722,0.103,0.903
canny_hough,fixed,combined,39,0,0,0.0,0.0,,5.045,7.865,0.91,0.11,0.927
canny_hough,fixed,combined,40,0,0,0.0,0.0,,5.088,7.631,0.733,0.102,0.907
canny_hough,fixed,combined,41,0,0,0.0,0.0,,5.478,7.994,0.739,0.1,0.917
canny_hough,fixed,combined,42,0,0,0.0,0.0,,4.978,7.499,0.74,0.098,0.914
canny_hough,fixed,combined,43,0,0,0.0,0.0,,5.368,7.916,0.735,0.112,0.939
canny_hough,fixed,combined,44,0,0,0.0,0.0,,5.208,7.722,0.737,0.098,0.911
canny_hough,fixed,combined,45,0,0,0.0,0.0,,5.054,7.6,0.721,0.098,0.908
canny_hough,fixed,combined,46,0,0,0.0,0.0,,5.073,7.773,0.869,0.126,0.914
canny_hough,fixed,combined,47,0,0,0.0,0.0,,5.163,7.719,0.723,0.104,0.914
canny_hough,fixed,combined,48,0,0,0.0,0.0,,5.174,7.799,0.697,0.107,0.975
canny_hough,fixed,combined,49,0,0,0.0,0.0,,5.058,7.594,0.719,0.099,0.906
canny_hough,fixed,combined,50,0,0,0.0,0.0,,5.109,7.714,0.786,0.101,0.904
canny_hough,fixed,combined,51,0,0,0.0,0.0,,5.267,7.827,0.77,0.105,0.925
canny_hough,fixed,combined,52,0,0,0.0,0.0,,5.122,7.675,0.766,0.101,0.922
canny_hough,fixed,combined,53,0,0,0.0,0.0,,5.069,7.615,0.726,0.1,0.966
canny_hough,fixed,combined,54,0,0,0.0,0.0,,4.734,7.302,0.73,0.097,0.98
canny_hough,fixed,combined,55,0,0,0.0,0.0,,4.908,7.481,0.722,0.099,0.924
canny_hough,fixed,combined,56,0,0,0.0,0.0,,5.128,7.651,0.743,0.098,0.911
canny_hough,fixed,combined,57,0,0,0.0,0.0,,5.377,7.857,0.721,0.098,0.903
canny_hough,fixed,combined,58,0,0,0.0,0.0,,4.359,6.722,0.701,0.091,0.824
canny_hough,fixed,combined,59,0,0,0.0,0.0,,4.346,6.699,0.659,0.109,0.833
canny_hough,fixed,combined,60,0,0,0.0,0.0,,4.382,6.725,0.648,0.092,0.896
canny_hough,fixed,combined,61,0,0,0.0,0.0,,4.543,6.763,0.638,0.09,0.816
canny_hough,fixed,combined,62,0,0,0.0,0.0,,4.49,6.788,0.648,0.091,0.813
canny_hough,fixed,combined,63,0,0,0.0,0.0,,4.519,6.787,0.638,0.091,0.845
canny_hough,fixed,combined,64,0,0,0.0,0.0,,4.633,6.826,0.616,0.098,0.799
canny_hough,fixed,combined,65,0,0,0.0,0.0,,4.608,6.821,0.642,0.095,0.812
canny_hough,fixed,combined,66,0,0,0.0,0.0,,4.667,6.972,0.703,0.095,0.813
canny_hough,fixed,combined,67,0,0,0.0,0.0,,4.631,6.947,0.651,0.091,0.906
canny_hough,fixed,combined,68,0,0,0.0,0.0,,4.553,6.793,0.64,0.092,0.815
canny_hough,fixed,combined,69,0,0,0.0,0.0,,4.674,6.874,0.634,0.093,0.795
canny_hough,fixed,combined,70,0,0,0.0,0.0,,4.734,7.057,0.683,0.099,0.815
canny_hough,fixed,combined,71,0,0,0.0,0.0,,4.705,7.05,0.636,0.094,0.928
canny_hough,fixed,combined,72,1,1,0.6,319.0,159.0,3.506,5.681,0.637,0.094,0.758
canny_hough,fixed,combined,73,0,0,0.0,0.0,,5.277,7.792,0.765,0.108,0.886
canny_hough,fixed,combined,74,0,0,0.0,0.0,,5.2,7.755,0.806,0.104,0.877
canny_hough,fixed,combined,75,0,0,0.0,0.0,,5.276,7.821,0.775,0.103,0.9
canny_hough,fixed,combined,76,0,0,0.0,0.0,,5.312,7.849,0.728,0.102,0.932
canny_hough,fixed,combined,77,0,0,0.0,0.0,,4.802,7.314,0.747,0.098,0.904
canny_hough,fixed,combined,78,0,0,0.0,0.0,,4.799,7.333,0.712,0.099,0.939
canny_hough,fixed,combined,79,0,0,0.0,0.0,,4.926,7.356,0.724,0.099,0.852
canny_hough,fixed,combined,80,1,1,0.15,319.0,159.0,2.874,5.329,0.715,0.097,0.843
canny_hough,fixed,combined,81,1,1,0.3,319.0,159.0,2.613,5.092,0.745,0.099,0.879
canny_hough,fixed,combined,82,1,1,0.3,319.0,159.0,2.711,5.092,0.763,0.101,0.766
canny_hough,fixed,combined,83,1,1,0.45,319.0,159.0,3.523,5.937,0.714,0.105,0.846
canny_hough,fixed,combined,84,0,0,0.0,0.0,,4.438,7.454,1.22,0.145,0.885
canny_hough,fixed,combined,85,0,0,0.0,0.0,,4.757,7.325,0.748,0.1,0.955
canny_hough,fixed,combined,86,0,0,0.0,0.0,,4.81,7.266,0.727,0.099,0.862
canny_hough,fixed,combined,87,0,0,0.0,0.0,,4.053,6.503,0.723,0.098,0.877
canny_hough,fixed,combined,88,0,0,0.0,0.0,,4.072,6.618,0.78,0.123,0.879
canny_hough,fixed,combined,89,0,0,0.0,0.0,,4.581,7.13,0.742,0.099,0.952
canny_hough,fixed,combined,90,0,0,0.0,0.0,,4.658,7.159,0.727,0.097,0.872
canny_hough,fixed,combined,91,0,0,0.0,0.0,,4.218,6.673,0.723,0.099,0.88
canny_hough,fixed,combined,92,0,0,0.0,0.0,,4.224,6.73,0.772,0.102,0.876
canny_hough,fixed,combined,93,0,0,0.0,0.0,,4.408,6.969,0.721,0.098,0.959
canny_hough,fixed,combined,94,0,0,0.0,0.0,,4.487,6.942,0.723,0.098,0.868
canny_hough,fixed,combined,95,0,0,0.0,0.0,,4.539,7.044,0.712,0.097,0.88
canny_hough,fixed,combined,96,0,0,0.0,0.0,,4.948,7.501,0.78,0.108,0.897
canny_hough,fixed,combined,97,0,0,0.0,0.0,,4.982,7.575,0.727,0.104,0.945
canny_hough,fixed,combined,98,0,0,0.0,0.0,,4.748,7.898,0.764,0.115,1.519
canny_hough,fixed,combined,99,0,0,0.0,0.0,,4.777,7.33,0.726,0.101,0.963
canny_hough,fixed,combined,100,0,0,0.0,0.0,,4.791,7.314,0.728,0.1,0.895
canny_hough,fixed,combined,101,0,0,0.0,0.0,,5.575,8.096,0.719,0.098,0.943
canny_hough,fixed,combined,102,0,0,0.0,0.0,,5.131,7.638,0.724,0.097,0.924
canny_hough,fixed,combined,103,0,0,0.0,0.0,,5.117,7.645,0.74,0.101,0.934
canny_hough,fixed,combined,104,1,1,0.6,304.26,144.26,3.916,6.519,0.907,0.106,0.826
canny_hough,fixed,combined,105,1,1,0.3,281.77,121.77,5.725,8.239,0.774,0.104,0.884
canny_hough,fixed,combined,106,1,1,0.3,281.77,121.77,5.771,8.304,0.767,0.1,0.889
canny_hough,fixed,combined,107,1,1,0.3,253.94,93.94,2.977,5.463,0.717,0.099,0.846
canny_hough,fixed,combined,108,1,1,0.3,253.94,93.94,3.012,5.46,0.742,0.099,0.838
canny_hough,fixed,combined,109,1,1,0.3,266.91,106.91,5.136,7.628,0.709,0.099,0.929
canny_hough,fixed,combined,110,1,1,0.3,266.91,106.91,5.151,7.733,0.721,0.096,0.984
canny_hough,fixed,combined,111,1,1,0.3,266.91,106.91,5.136,7.748,0.742,0.121,0.996
canny_hough,fixed,combined,112,0,0,0.0,0.0,,3.125,5.622,0.726,0.098,0.912
canny_hough,fixed,combined,113,0,0,0.0,0.0,,4.165,6.572,0.704,0.099,0.818
canny_hough,fixed,combined,114,0,0,0.0,0.0,,4.199,6.676,0.732,0.1,0.891
canny_hough,fixed,combined,115,1,1,0.3,0.0,-160.0,4.761,7.193,0.718,0.101,0.865
canny_hough,fixed,combined,116,1,1,0.3,0.0,-160.0,4.742,7.141,0.697,0.105,0.852
canny_hough,fixed,combined,117,1,1,0.6,0.0,-160.0,4.887,7.37,0.78,0.102,0.843
canny_hough,fixed,combined,118,1,1,0.6,0.0,-160.0,5.199,7.7,0.769,0.103,0.816
canny_hough,fixed,combined,119,1,1,0.6,0.0,-160.0,5.168,7.612,0.719,0.099,0.876
canny_hough,fixed,combined,120,1,1,0.6,0.0,-160.0,5.575,8.082,0.727,0.096,0.882
canny_hough,fixed,combined,121,1,1,0.6,0.0,-160.0,5.212,7.666,0.726,0.099,0.871
canny_hough,fixed,combined,122,1,1,0.6,0.0,-160.0,5.25,7.721,0.738,0.097,0.883
canny_hough,fixed,combined,123,1,1,0.6,0.0,-160.0,5.32,7.794,0.728,0.103,0.88
canny_hough,fixed,combined,124,1,1,0.6,0.0,-160.0,5.382,7.835,0.715,0.098,0.797
canny_hough,fixed,combined,125,1,1,0.6,42.12,-117.88,5.386,7.876,0.746,0.099,0.823
canny_hough,fixed,combined,126,1,1,0.6,67.45,-92.55,5.103,7.516,0.717,0.098,0.772
canny_hough,fixed,combined,127,1,1,0.6,67.45,-92.55,5.156,7.515,0.726,0.098,0.78
canny_hough,fixed,combined,128,0,0,0.0,0.0,,5.183,7.644,0.73,0.098,0.86
canny_hough,fixed,combined,129,0,0,0.0,0.0,,4.398,6.735,0.659,0.093,0.83
canny_hough,fixed,combined,130,0,0,0.0,0.0,,4.434,6.746,0.686,0.097,0.817
canny_hough,fixed,combined,131,0,0,0.0,0.0,,4.411,6.684,0.635,0.092,0.827
canny_hough,fixed,combined,132,0,0,0.0,0.0,,4.323,6.52,0.637,0.092,0.771
canny_hough,fixed,combined,133,1,1,0.6,319.0,159.0,4.345,6.577,0.676,0.096,0.774
canny_hough,fixed,combined,134,1,1,0.6,319.0,159.0,4.321,6.566,0.631,0.094,0.821
canny_hough,fixed,combined,135,1,1,0.6,319.0,159.0,4.294,6.482,0.639,0.095,0.765
canny_hough,fixed,combined,136,1,1,0.3,319.0,159.0,4.225,6.496,0.679,0.095,0.796
canny_hough,fixed,combined,137,1,1,0.45,319.0,159.0,4.284,6.486,0.651,0.094,0.784
canny_hough,fixed,combined,138,1,1,0.45,319.0,159.0,4.217,6.408,0.637,0.091,0.774
canny_hough,fixed,combined,139,1,1,0.45,319.0,159.0,4.237,6.518,0.638,0.113,0.847
canny_hough,fixed,combined,140,1,1,0.6,154.47,-5.53,4.858,7.107,0.643,0.091,0.796
canny_hough,fixed,combined,141,1,1,0.6,235.4,75.4,5.695,7.878,0.626,0.093,0.788
canny_hough,fixed,combined,142,1,1,0.6,243.1,83.1,6.085,8.253,0.634,0.092,0.76
canny_hough,fixed,combined,143,1,1,0.6,243.1,83.1,6.243,8.434,0.645,0.093,0.764
canny_hough,fixed,combined,144,1,1,0.6,216.22,56.22,7.187,9.648,0.739,0.098,0.85
canny_hough,fixed,combined,145,0,0,0.0,0.0,,1.513,3.98,0.758,0.102,0.805
canny_hough,fixed,combined,146,0,0,0.0,0.0,,0.736,3.055,0.742,0.101,0.754
canny_hough,fixed,combined,147,0,0,0.0,0.0,,0.732,3.074,0.688,0.103,0.827
canny_hough,fixed,combined,148,0,0,0.0,0.0,,0.789,3.014,0.682,0.097,0.74
canny_hough,fixed,combined,149,0,0,0.0,0.0,,0.727,2.985,0.681,0.098,0.785
canny_hough,fixed,combined,150,0,0,0.0,0.0,,2.279,4.724,0.745,0.101,0.84
canny_hough,fixed,combined,151,0,0,0.0,0.0,,2.213,4.647,0.703,0.096,0.865
canny_hough,fixed,combined,152,0,0,0.0,0.0,,2.261,4.623,0.701,0.1,0.831
canny_hough,fixed,combined,153,0,0,0.0,0.0,,3.975,6.362,0.706,0.101,0.85
canny_hough,fixed,combined,154,0,0,0.0,0.0,,3.941,6.425,0.715,0.097,0.857
canny_hough,fixed,combined,155,0,0,0.0,0.0,,3.972,6.461,0.723,0.1,0.92
canny_hough,fixed,combined,156,0,0,0.0,0.0,,3.605,6.03,0.715,0.097,0.816
canny_hough,fixed,combined,157,1,1,0.3,319.0,159.0,5.094,7.563,0.768,0.101,0.858
canny_hough,fixed,combined,158,1,1,0.3,319.0,159.0,5.087,7.559,0.72,0.14,0.85
canny_hough,fixed,combined,159,1,1,0.15,319.0,159.0,4.772,7.262,0.725,0.106,0.907
canny_hough,fixed,combined,160,0,0,0.0,0.0,,1.989,4.494,0.728,0.099,0.801
canny_hough,fixed,combined,161,1,1,0.3,319.0,159.0,4.77,7.269,0.707,0.094,0.932
canny_hough,fixed,combined,162,1,1,0.3,319.0,159.0,4.879,7.282,0.734,0.097,0.815
canny_hough,fixed,combined,163,1,1,0.6,319.0,159.0,5.559,7.954,0.722,0.104,0.811
canny_hough,fixed,combined,164,1,1,0.6,319.0,159.0,5.711,8.131,0.734,0.102,0.814
canny_hough,fixed,combined,165,1,1,0.15,319.0,159.0,4.01,6.439,0.725,0.1,0.854
canny_hough,fixed,combined,166,0,0,0.0,0.0,,3.297,5.768,0.722,0.101,0.827
canny_hough,fixed,combined,167,0,0,0.0,0.0,,3.297,5.693,0.726,0.099,0.826
canny_hough,fixed,combined,168,0,0,0.0,0.0,,3.336,5.811,0.776,0.102,0.842
canny_hough,fixed,combined,169,1,1,0.45,319.0,159.0,4.952,7.421,0.719,0.103,0.856
canny_hough,fixed,combined,170,1,1,0.45,319.0,159.0,4.931,7.397,0.722,0.103,0.838
canny_hough,fixed,combined,171,1,1,0.45,319.0,159.0,5.093,7.587,0.73,0.103,0.846
canny_hough,fixed,combined,172,1,1,0.3,319.0,159.0,3.806,6.279,0.732,0.097,0.822
canny_hough,fixed,combined,173,1,1,0.15,319.0,159.0,3.451,5.987,0.726,0.103,0.928
canny_hough,fixed,combined,174,1,1,0.3,319.0,159.0,4.356,6.821,0.708,0.097,0.832
canny_hough,fixed,combined,175,1,1,0.3,319.0,159.0,4.394,6.848,0.775,0.101,0.829
canny_hough,fixed,combined,176,1,1,0.45,319.0,159.0,4.49,6.959,0.733,0.098,0.795
canny_hough,fixed,combined,177,1,1,0.45,319.0,159.0,4.235,6.385,0.644,0.092,0.736
canny_hough,fixed,combined,178,1,1,0.45,319.0,159.0,4.275,6.545,0.669,0.093,0.815
canny_hough,fixed,combined,179,1,1,0.45,319.0,159.0,4.331,6.473,0.644,0.089,0.736
canny_hough,fixed,combined,180,1,1,0.15,319.0,159.0,2.997,5.18,0.641,0.092,0.726
canny_hough,fixed,combined,181,1,1,0.3,319.0,159.0,3.956,6.083,0.629,0.097,0.742
canny_hough,fixed,combined,182,1,1,0.3,319.0,159.0,4.23,6.935,0.639,0.102,1.194
canny_hough,fixed,combined,183,1,1,0.3,319.0,159.0,3.711,5.958,0.659,0.096,0.79
canny_hough,fixed,combined,184,1,1,0.3,319.0,159.0,3.668,5.849,0.646,0.092,0.762
canny_hough,fixed,combined,185,1,1,0.3,319.0,159.0,3.776,6.045,0.644,0.095,0.852
canny_hough,fixed,combined,186,1,1,0.3,319.0,159.0,3.744,5.916,0.646,0.092,0.747
canny_hough,fixed,combined,187,1,1,0.3,319.0,159.0,3.678,5.9,0.633,0.094,0.814
canny_hough,fixed,combined,188,1,1,0.15,319.0,159.0,4.162,6.336,0.641,0.092,0.76
canny_hough,fixed,combined,189,1,1,0.6,319.0,159.0,4.249,6.499,0.695,0.119,0.76
canny_hough,fixed,combined,190,1,1,0.6,319.0,159.0,4.335,6.503,0.645,0.09,0.715
canny_hough,fixed,combined,191,1,1,0.6,319.0,159.0,4.304,6.439,0.631,0.092,0.731
canny_hough,fixed,combined,192,1,1,0.45,319.0,159.0,3.974,6.425,0.66,0.091,1.018
canny_hough,fixed,combined,193,1,1,0.15,319.0,159.0,4.152,6.599,0.732,0.101,0.867
canny_hough,fixed,combined,194,0,0,0.0,0.0,,5.083,7.532,0.718,0.112,0.795
canny_hough,fixed,combined,195,0,0,0.0,0.0,,5.045,7.452,0.768,0.105,0.785
canny_hough,fixed,combined,196,1,1,0.45,319.0,159.0,4.262,6.67,0.771,0.102,0.781
canny_hough,fixed,combined,197,1,1,0.15,319.0,159.0,3.48,5.82,0.721,0.1,0.773
canny_hough,fixed,combined,198,1,1,0.15,319.0,159.0,3.485,5.886,0.705,0.098,0.754
canny_hough,fixed,combined,199,1,1,0.45,319.0,159.0,3.877,6.272,0.741,0.12,0.773
canny_hough,fixed,combined,200,1,1,0.45,319.0,159.0,3.85,6.3,0.727,0.095,0.762
canny_hough,fixed,combined,201,1,1,0.45,319.0,159.0,4.381,6.818,0.718,0.1,0.87
canny_hough,fixed,combined,202,1,1,0.6,319.0,159.0,4.529,7.021,0.733,0.103,0.833
canny_hough,fixed,combined,203,1,1,0.6,319.0,159.0,4.507,6.903,0.713,0.097,0.826
canny_hough,fixed,combined,204,1,1,0.45,319.0,159.0,4.671,7.222,0.9,0.111,0.786
canny_hough,fixed,combined,205,1,1,0.6,319.0,159.0,4.497,6.931,0.73,0.101,0.858
canny_hough,fixed,combined,206,1,1,0.6,319.0,159.0,4.637,6.989,0.717,0.097,0.779
canny_hough,fixed,combined,207,1,1,0.6,319.0,159.0,4.636,7.009,0.734,0.099,0.789
canny_hough,fixed,combined,208,1,1,0.6,319.0,159.0,4.509,6.683,0.69,0.095,0.693
canny_hough,fixed,combined,209,1,1,0.6,319.0,159.0,4.435,6.707,0.674,0.094,0.814
canny_hough,fixed,combined,210,1,1,0.6,319.0,159.0,4.448,6.603,0.64,0.09,0.704
canny_hough,fixed,combined,211,1,1,0.6,319.0,159.0,4.39,6.612,0.63,0.095,0.702
canny_hough,fixed,combined,212,1,1,0.6,319.0,159.0,4.336,6.582,0.642,0.091,0.809
canny_hough,fixed,combined,213,1,1,0.6,311.31,151.31,4.016,6.157,0.64,0.094,0.732
canny_hough,fixed,combined,214,1,1,0.6,311.31,151.31,3.942,6.114,0.674,0.095,0.726
canny_hough,fixed,combined,215,1,1,0.6,276.52,116.52,4.931,7.065,0.636,0.094,0.72
canny_hough,fixed,combined,216,1,1,0.6,242.75,82.75,5.144,7.296,0.636,0.092,0.733
canny_hough,fixed,combined,217,1,1,0.6,245.98,85.98,5.303,7.468,0.631,0.091,0.708
canny_hough,fixed,combined,218,1,1,0.45,232.7,72.7,3.784,5.94,0.686,0.093,0.689
canny_hough,fixed,combined,219,1,1,0.45,232.7,72.7,3.776,5.896,0.641,0.095,0.709
canny_hough,fixed,combined,220,1,1,0.6,232.83,72.83,3.661,5.86,0.674,0.097,0.703
canny_hough,fixed,combined,221,1,1,0.45,218.62,58.62,3.181,5.284,0.635,0.092,0.694
canny_hough,fixed,combined,222,1,1,0.45,218.62,58.62,3.08,5.28,0.656,0.096,0.757
canny_hough,fixed,combined,223,1,1,0.45,218.62,58.62,3.261,5.429,0.628,0.092,0.706
canny_hough,fixed,combined,224,1,1,0.45,218.62,58.62,3.517,5.851,0.719,0.104,0.752
canny_hough,fixed,combined,225,1,1,0.3,215.03,55.03,7.4,9.872,0.775,0.106,0.83
canny_hough,fixed,combined,226,1,1,0.3,215.03,55.03,7.482,9.894,0.723,0.1,0.828
canny_hough,fixed,combined,227,1,1,0.3,211.05,51.05,7.552,10.017,0.77,0.103,0.83
canny_hough,fixed,combined,228,1,1,0.3,211.05,51.05,7.633,10.078,0.73,0.115,0.828
canny_hough,fixed,combined,229,1,1,0.3,215.37,55.37,5.804,8.257,0.795,0.108,0.785
canny_hough,fixed,combined,230,1,1,0.3,219.26,59.26,5.676,8.137,0.715,0.099,0.785
canny_hough,fixed,combined,231,1,1,0.3,219.26,59.26,5.663,8.097,0.711,0.102,0.783
canny_hough,fixed,combined,232,1,1,0.45,211.44,51.44,7.92,10.315,0.709,0.095,0.819
canny_hough,fixed,combined,233,1,1,0.3,216.65,56.65,7.765,10.256,0.73,0.101,0.895
canny_hough,fixed,combined,234,1,1,0.3,217.08,57.08,7.423,9.854,0.734,0.099,0.834
canny_hough,fixed,combined,235,1,1,0.3,217.08,57.08,7.42,9.912,0.739,0.142,0.824
canny_hough,fixed,combined,236,1,1,0.3,214.2,54.2,7.534,9.947,0.723,0.099,0.828
canny_hough,fixed,combined,237,1,1,0.3,215.96,55.96,7.58,10.056,0.727,0.099,0.891
canny_hough,fixed,combined,238,1,1,0.3,215.96,55.96,7.627,10.031,0.726,0.099,0.816
canny_hough,fixed,combined,239,1,1,0.15,217.34,57.34,7.425,9.942,0.79,0.12,0.842
canny_hough,fixed,combined,240,1,1,0.15,217.34,57.34,7.447,9.944,0.719,0.099,0.827
canny_hough,fixed,combined,241,1,1,0.3,215.63,55.63,7.852,10.321,0.766,0.106,0.837
canny_hough,fixed,combined,242,1,1,0.3,218.97,58.97,7.4,10.35,0.753,0.115,1.268
canny_hough,fixed,combined,243,1,1,0.3,218.97,58.97,7.461,9.932,0.743,0.1,0.81
canny_hough,fixed,combined,244,1,1,0.3,214.87,54.87,7.581,10.092,0.75,0.098,0.821
canny_hough,fixed,combined,245,1,1,0.15,216.94,56.94,7.397,9.923,0.737,0.115,0.837
canny_hough,fixed,combined,246,1,1,0.15,216.94,56.94,7.425,9.919,0.727,0.099,0.828
canny_hough,fixed,combined,247,1,1,0.15,214.68,54.68,7.406,9.899,0.726,0.098,0.846
canny_hough,fixed,combined,248,1,1,0.15,214.68,54.68,7.429,9.936,0.73,0.099,0.83
canny_hough,fixed,combined,249,1,1,0.3,217.86,57.86,7.457,9.959,0.741,0.098,0.84
canny_hough,fixed,combined,250,1,1,0.3,217.86,57.86,7.486,10.071,0.726,0.106,0.879
canny_hough,fixed,combined,251,1,1,0.3,217.87,57.87,7.487,9.954,0.722,0.096,0.834
canny_hough,fixed,combined,252,1,1,0.3,217.87,57.87,7.481,9.976,0.734,0.098,0.902
canny_hough,fixed,combined,253,1,1,0.3,219.2,59.2,7.531,10.015,0.736,0.097,0.83
canny_hough,fixed,combined,254,1,1,0.3,219.2,59.2,7.569,10.108,0.748,0.099,0.918
canny_hough,fixed,combined,255,1,1,0.3,219.2,59.2,6.636,8.941,0.681,0.112,0.762
canny_hough,fixed,combined,256,1,1,0.15,217.77,57.77,6.571,8.721,0.634,0.092,0.733
canny_hough,fixed,combined,257,1,1,0.3,218.59,58.59,6.46,8.694,0.628,0.093,0.761
canny_hough,fixed,combined,258,1,1,0.3,218.59,58.59,6.53,8.755,0.642,0.093,0.796
canny_hough,fixed,combined,259,1,1,0.3,215.13,55.13,6.669,8.883,0.692,0.095,0.745
canny_hough,fixed,combined,260,1,1,0.3,217.85,57.85,6.566,8.766,0.649,0.092,0.738
canny_hough,fixed,combined,261,1,1,0.3,219.94,59.94,6.371,8.544,0.646,0.093,0.751
canny_hough,fixed,combined,262,1,1,0.3,219.94,59.94,6.451,8.621,0.638,0.09,0.745
canny_hough,fixed,combined,263,1,1,0.3,219.85,59.85,6.527,8.793,0.667,0.092,0.82
canny_hough,fixed,combined,264,1,1,0.3,219.85,59.85,6.652,8.838,0.674,0.094,0.735
canny_hough,fixed,combined,265,1,1,0.3,217.32,57.32,6.683,8.849,0.646,0.093,0.747
canny_hough,fixed,combined,266,1,1,0.3,217.32,57.32,7.314,9.483,0.648,0.091,0.742
canny_hough,fixed,combined,267,1,1,0.3,219.85,59.85,7.409,9.869,0.728,0.141,0.838
canny_hough,fixed,combined,268,1,1,0.3,219.85,59.85,7.467,9.911,0.74,0.115,0.826
canny_hough,fixed,combined,269,1,1,0.3,219.91,59.91,7.601,10.081,0.741,0.098,0.888
canny_hough,fixed,combined,270,1,1,0.3,219.91,59.91,7.595,10.066,0.739,0.096,0.83
canny_hough,fixed,combined,271,1,1,0.3,217.37,57.37,7.231,9.703,0.765,0.106,0.845
canny_hough,fixed,combined,272,1,1,0.3,217.37,57.37,7.228,9.651,0.722,0.102,0.832
canny_hough,fixed,combined,273,1,1,0.3,217.87,57.87,7.486,10.041,0.749,0.107,0.949
canny_hough,fixed,combined,274,1,1,0.15,217.12,57.12,7.425,9.84,0.726,0.099,0.827
canny_hough,fixed,combined,275,1,1,0.15,217.12,57.12,7.444,9.926,0.729,0.098,0.9
canny_hough,fixed,combined,276,1,1,0.3,219.14,59.14,7.353,9.755,0.714,0.096,0.83
canny_hough,fixed,combined,277,1,1,0.15,218.66,58.66,7.321,9.9,0.73,0.102,0.922
canny_hough,fixed,combined,278,1,1,0.3,218.22,58.22,7.708,10.221,0.734,0.096,0.878
canny_hough,fixed,combined,279,1,1,0.3,218.22,58.22,7.734,10.229,0.745,0.098,0.9
canny_hough,fixed,combined,280,1,1,0.3,219.67,59.67,7.52,10.004,0.746,0.103,0.83
canny_hough,fixed,combined,281,1,1,0.3,217.48,57.48,7.789,10.255,0.772,0.102,0.825
canny_hough,fixed,combined,282,1,1,0.3,219.52,59.52,7.619,10.034,0.727,0.099,0.81
canny_hough,fixed,combined,283,1,1,0.3,219.52,59.52,7.622,10.113,0.788,0.109,0.836
canny_hough,fixed,combined,284,1,1,0.3,215.99,55.99,7.533,9.955,0.725,0.1,0.83
canny_hough,fixed,combined,285,1,1,0.3,216.58,56.58,7.657,10.08,0.737,0.1,0.829
canny_hough,fixed,combined,286,1,1,0.3,217.77,57.77,7.714,10.137,0.725,0.101,0.827
canny_hough,fixed,combined,287,1,1,0.3,217.77,57.77,6.753,9.004,0.644,0.092,0.768
canny_hough,fixed,combined,288,1,1,0.15,219.84,59.84,6.695,8.916,0.66,0.109,0.759
canny_hough,fixed,combined,289,1,1,0.3,217.42,57.42,6.614,8.801,0.657,0.092,0.749
canny_hough,fixed,combined,290,1,1,0.3,217.42,57.42,6.672,9.611,0.619,0.09,1.484
canny_hough,fixed,combined,291,1,1,0.3,220.23,60.23,6.671,8.856,0.652,0.098,0.741
canny_hough,fixed,combined,292,1,1,0.15,219.84,59.84,6.696,8.866,0.647,0.093,0.737
canny_hough,fixed,combined,293,1,1,0.3,217.95,57.95,6.263,8.481,0.63,0.095,0.766
canny_hough,fixed,combined,294,1,1,0.3,217.95,57.95,6.557,9.329,0.651,0.105,1.313
canny_hough,fixed,combined,295,1,1,0.3,216.16,56.16,6.519,8.755,0.644,0.093,0.757
canny_hough,fixed,combined,296,1,1,0.3,218.73,58.73,6.514,8.705,0.653,0.092,0.744
canny_hough,fixed,combined,297,1,1,0.3,219.2,59.2,6.636,8.809,0.648,0.094,0.75
canny_hough,fixed,combined,298,1,1,0.3,219.2,59.2,7.583,9.968,0.666,0.098,0.919
canny_hough,fixed,combined,299,1,1,0.15,217.12,57.12,7.513,9.965,0.734,0.117,0.837
canny_hough,fixed,combined,300,1,1,0.15,217.12,57.12,7.664,10.941,0.781,0.139,1.54
canny_hough,fixed,combined,301,1,1,0.3,220.23,60.23,7.436,9.885,0.739,0.101,0.848
canny_hough,fixed,combined,302,1,1,0.3,215.03,55.03,7.585,10.053,0.776,0.102,0.833
canny_hough,fixed,combined,303,1,1,0.3,215.03,55.03,7.509,9.918,0.72,0.1,0.836
canny_hough,fixed,combined,304,1,1,0.3,217.48,57.48,7.491,9.907,0.708,0.102,0.81
canny_hough,fixed,combined,305,1,1,0.3,218.13,58.13,7.617,10.026,0.733,0.098,0.821
canny_hough,fixed,combined,306,1,1,0.3,218.14,58.14,7.414,9.91,0.746,0.098,0.82
canny_hough,fixed,combined,307,1,1,0.3,218.14,58.14,7.444,9.828,0.722,0.1,0.818
canny_hough,fixed,combined,308,1,1,0.3,219.06,59.06,7.63,10.118,0.794,0.101,0.83
canny_hough,fixed,combined,309,1,1,0.3,223.75,63.75,3.255,5.599,0.715,0.102,0.755
canny_hough,fixed,combined,310,1,1,0.15,224.64,64.64,5.727,8.15,0.755,0.101,0.771
canny_hough,fixed,combined,311,1,1,0.15,224.64,64.64,5.695,8.115,0.73,0.098,0.783
canny_hough,fixed,combined,312,1,1,0.3,221.51,61.51,6.064,8.466,0.717,0.098,0.76
canny_hough,fixed,combined,313,1,1,0.3,224.28,64.28,5.874,8.232,0.729,0.099,0.772
canny_hough,fixed,combined,314,1,1,0.3,224.28,64.28,5.918,8.278,0.722,0.097,0.769
canny_hough,fixed,combined,315,1,1,0.3,220.25,60.25,5.731,8.113,0.727,0.102,0.793
canny_hough,fixed,combined,316,1,1,0.3,220.8,60.8,7.41,9.834,0.729,0.098,0.833
canny_hough,fixed,combined,317,1,1,0.3,221.93,61.93,7.585,10.059,0.765,0.105,0.838
canny_hough,fixed,combined,318,1,1,0.3,221.93,61.93,7.575,9.998,0.723,0.099,0.83
canny_hough,fixed,combined,319,1,1,0.3,218.59,58.59,6.413,8.872,0.788,0.103,0.815
canny_hough,fixed,combined,320,1,1,0.3,221.97,61.97,7.408,9.881,0.732,0.097,0.848
canny_hough,fixed,combined,321,1,1,0.3,222.1,62.1,7.398,9.918,0.737,0.098,0.927
canny_hough,fixed,combined,322,1,1,0.3,222.1,62.1,7.489,9.939,0.715,0.095,0.829
canny_hough,fixed,combined,323,1,1,0.3,219.39,59.39,7.196,9.706,0.724,0.097,0.937
canny_hough,fixed,combined,324,1,1,0.3,219.39,59.39,7.198,9.66,0.71,0.098,0.833
canny_hough,fixed,combined,325,1,1,0.3,219.87,59.87,7.502,9.936,0.722,0.106,0.841
canny_hough,fixed,combined,326,1,1,0.3,219.87,59.87,7.492,9.978,0.721,0.098,0.813
canny_hough,fixed,combined,327,1,1,0.3,222.83,62.83,7.286,9.788,0.737,0.103,0.834
canny_hough,fixed,combined,328,1,1,0.3,222.83,62.83,7.375,9.853,0.767,0.098,0.846
canny_hough,fixed,combined,329,1,1,0.3,220.28,60.28,7.302,9.722,0.729,0.099,0.83
canny_hough,fixed,combined,330,1,1,0.3,220.28,60.28,6.569,8.967,0.764,0.099,0.747
canny_hough,fixed,combined,331,1,1,0.15,219.9,59.9,6.294,8.469,0.648,0.095,0.75
canny_hough,fixed,combined,332,1,1,0.15,219.9,59.9,6.338,8.505,0.641,0.095,0.749
canny_hough,fixed,combined,333,1,1,0.3,222.06,62.06,6.369,8.559,0.646,0.097,0.76
canny_hough,fixed,combined,334,1,1,0.3,222.06,62.06,6.413,8.648,0.642,0.092,0.748
canny_hough,fixed,combined,335,1,1,0.3,219.37,59.37,6.451,8.69,0.648,0.092,0.817
canny_hough,fixed,combined,336,1,1,0.3,221.24,61.24,6.56,8.768,0.677,0.095,0.748
canny_hough,fixed,combined,337,1,1,0.3,219.57,59.57,6.354,8.546,0.652,0.092,0.767
canny_hough,fixed,combined,338,1,1,0.3,219.57,59.57,6.421,8.577,0.638,0.091,0.738
canny_hough,fixed,combined,339,1,1,0.3,223.89,63.89,6.359,8.527,0.643,0.095,0.734
canny_hough,fixed,combined,340,1,1,0.3,220.85,60.85,6.451,8.755,0.649,0.092,0.755
canny_hough,fixed,combined,341,1,1,0.15,221.77,61.77,6.264,8.471,0.639,0.092,0.789
canny_hough,fixed,combined,342,1,1,0.15,221.77,61.77,7.069,9.587,0.767,0.121,0.832
canny_hough,fixed,combined,343,1,1,0.3,221.37,61.37,7.585,10.015,0.715,0.103,0.844
canny_hough,fixed,combined,344,1,1,0.3,222.77,62.77,7.373,9.839,0.77,0.104,0.83
canny_hough,fixed,combined,345,1,1,0.15,221.77,61.77,7.301,9.742,0.739,0.098,0.852
canny_hough,fixed,combined,346,1,1,0.15,221.77,61.77,7.301,9.796,0.733,0.145,0.843
canny_hough,fixed,combined,347,1,1,0.3,220.87,60.87,7.424,9.815,0.72,0.101,0.819
canny_hough,fixed,combined,348,1,1,0.3,220.87,60.87,8.093,10.598,0.729,0.098,0.914
canny_hough,fixed,combined,349,1,1,0.15,221.77,61.77,7.317,9.793,0.74,0.108,0.834
canny_hough,fixed,combined,350,1,1,0.3,220.91,60.91,7.397,9.879,0.767,0.103,0.854
canny_hough,fixed,combined,351,1,1,0.3,220.91,60.91,7.263,9.696,0.739,0.1,0.831
canny_hough,fixed,combined,352,1,1,0.3,223.22,63.22,7.539,10.002,0.718,0.141,0.837
canny_hough,fixed,combined,353,1,1,0.15,222.83,62.83,7.116,9.548,0.723,0.099,0.847
canny_hough,fixed,combined,354,1,1,0.3,220.91,60.91,7.278,9.876,0.708,0.102,0.906
canny_hough,fixed,combined,355,1,1,0.3,220.91,60.91,7.201,9.626,0.726,0.104,0.838
canny_hough,fixed,combined,356,1,1,0.3,217.1,57.1,7.578,10.094,0.726,0.098,0.925
canny_hough,fixed,combined,357,1,1,0.3,221.98,61.98,7.256,9.669,0.716,0.097,0.843
canny_hough,fixed,combined,358,1,1,0.3,221.2,61.2,7.466,9.964,0.724,0.101,0.909
canny_hough,fixed,combined,359,1,1,0.3,221.2,61.2,7.474,9.954,0.713,0.106,0.834
canny_hough,fixed,combined,360,1,1,0.15,221.65,61.65,7.2,9.746,0.741,0.097,0.905
canny_hough,otsu,combined,0,0,0,0.0,0.0,,5.211,8.044,0.739,0.43,0.921
canny_hough,otsu,combined,1,0,0,0.0,0.0,,4.917,7.738,0.712,0.435,0.925
canny_hough,otsu,combined,2,0,0,0.0,0.0,,4.879,7.706,0.74,0.432,0.895
canny_hough,otsu,combined,3,0,0,0.0,0.0,,4.872,7.811,0.719,0.431,0.958
canny_hough,otsu,combined,4,0,0,0.0,0.0,,4.923,7.806,0.72,0.43,0.906
canny_hough,otsu,combined,5,0,0,0.0,0.0,,5.051,7.906,0.712,0.432,0.899
canny_hough,otsu,combined,6,0,0,0.0,0.0,,5.033,7.902,0.723,0.429,0.892
canny_hough,otsu,combined,7,0,0,0.0,0.0,,4.89,7.771,0.711,0.431,0.922
canny_hough,otsu,combined,8,0,0,0.0,0.0,,5.065,7.972,0.762,0.433,0.912
canny_hough,otsu,combined,9,0,0,0.0,0.0,,4.92,7.786,0.755,0.435,0.922
canny_hough,otsu,combined,10,0,0,0.0,0.0,,4.912,7.811,0.782,0.431,0.917
canny_hough,otsu,combined,11,0,0,0.0,0.0,,5.2,8.074,0.77,0.434,0.925
canny_hough,otsu,combined,12,0,0,0.0,0.0,,5.09,7.975,0.78,0.432,0.902
canny_hough,otsu,combined,13,0,0,0.0,0.0,,4.975,7.844,0.775,0.431,0.902
canny_hough,otsu,combined,14,0,0,0.0,0.0,,4.933,7.832,0.781,0.436,0.908
canny_hough,otsu,combined,15,0,0,0.0,0.0,,5.225,8.089,0.759,0.435,0.922
canny_hough,otsu,combined,16,0,0,0.0,0.0,,5.122,8.002,0.764,0.432,0.908
canny_hough,otsu,combined,17,0,0,0.0,0.0,,5.178,8.059,0.765,0.431,0.918
canny_hough,otsu,combined,18,0,0,0.0,0.0,,5.07,7.938,0.724,0.435,0.908
canny_hough,otsu,combined,19,0,0,0.0,0.0,,4.92,7.762,0.735,0.44,0.916
canny_hough,otsu,combined,20,0,0,0.0,0.0,,4.937,7.831,0.765,0.441,0.925
canny_hough,otsu,combined,21,0,0,0.0,0.0,,5.105,7.969,0.765,0.434,0.91
canny_hough,otsu,combined,22,0,0,0.0,0.0,,4.697,7.594,0.772,0.442,0.916
canny_hough,otsu,combined,23,0,0,0.0,0.0,,4.7,7.574,0.728,0.479,0.919
canny_hough,otsu,combined,24,0,0,0.0,0.0,,5.069,7.989,0.718,0.473,0.914
canny_hough,otsu,combined,25,0,0,0.0,0.0,,5.098,7.949,0.717,0.472,0.906
canny_hough,otsu,combined,26,0,0,0.0,0.0,,5.14,8.014,0.723,0.474,0.908
canny_hough,otsu,combined,27,0,0,0.0,0.0,,5.098,7.972,0.72,0.474,0.923
canny_hough,otsu,combined,28,0,0,0.0,0.0,,5.111,8.021,0.724,0.47,0.912
canny_hough,otsu,combined,29,0,0,0.0,0.0,,5.167,8.056,0.725,0.473,0.927
canny_hough,otsu,combined,30,0,0,0.0,0.0,,5.284,8.18,0.732,0.473,0.927
canny_hough,otsu,combined,31,0,0,0.0,0.0,,5.317,8.19,0.776,0.435,0.906
canny_hough,otsu,combined,32,0,0,0.0,0.0,,5.067,7.964,0.784,0.436,0.915
canny_hough,otsu,combined,33,0,0,0.0,0.0,,5.031,7.908,0.774,0.436,0.917
canny_hough,otsu,combined,34,0,0,0.0,0.0,,5.061,7.994,0.788,0.442,0.934
canny_hough,otsu,combined,35,0,0,0.0,0.0,,4.906,7.8,0.791,0.432,0.905
canny_hough,otsu,combined,36,0,0,0.0,0.0,,4.951,7.839,0.782,0.443,0.909
canny_hough,otsu,combined,37,0,0,0.0,0.0,,5.022,7.908,0.784,0.436,0.915
canny_hough,otsu,combined,38,0,0,0.0,0.0,,5.106,8.027,0.771,0.436,0.915
canny_hough,otsu,combined,39,0,0,0.0,0.0,,4.943,7.833,0.773,0.438,0.925
canny_hough,otsu,combined,40,0,0,0.0,0.0,,4.998,7.9,0.788,0.439,0.912
canny_hough,otsu,combined,41,0,0,0.0,0.0,,5.355,8.227,0.771,0.435,0.912
canny_hough,otsu,combined,42,0,0,0.0,0.0,,4.854,7.721,0.753,0.437,0.906
canny_hough,otsu,combined,43,0,0,0.0,0.0,,5.102,7.985,0.756,0.44,0.927
canny_hough,otsu,combined,44,0,0,0.0,0.0,,5.093,8.563,0.813,0.541,1.349
canny_hough,otsu,combined,45,0,0,0.0,0.0,,5.072,7.971,0.71,0.436,0.932
canny_hough,otsu,combined,46,0,0,0.0,0.0,,5.065,7.933,0.713,0.432,0.898
canny_hough,otsu,combined,47,0,0,0.0,0.0,,5.568,8.924,0.83,0.44,1.211
canny_hough,otsu,combined,48,0,0,0.0,0.0,,5.272,8.168,0.728,0.439,0.909
canny_hough,otsu,combined,49,0,0,0.0,0.0,,5.178,8.007,0.706,0.433,0.921
canny_hough,otsu,combined,50,0,0,0.0,0.0,,5.203,8.036,0.719,0.428,0.909
canny_hough,otsu,combined,51,0,0,0.0,0.0,,5.627,8.629,0.879,0.437,0.91
canny_hough,otsu,combined,52,0,0,0.0,0.0,,5.348,9.483,1.205,0.544,1.587
canny_hough,otsu,combined,53,0,0,0.0,0.0,,5.074,8.009,0.808,0.439,0.933
canny_hough,otsu,combined,54,0,0,0.0,0.0,,4.742,7.686,0.81,0.445,0.928
canny_hough,otsu,combined,55,0,0,0.0,0.0,,4.883,7.815,0.785,0.437,0.924
canny_hough,otsu,combined,56,0,0,0.0,0.0,,4.89,7.818,0.789,0.442,0.925
canny_hough,otsu,combined,57,0,0,0.0,0.0,,5.279,8.179,0.776,0.447,0.928
canny_hough,otsu,combined,58,0,0,0.0,0.0,,4.891,7.812,0.766,0.434,0.915
canny_hough,otsu,combined,59,0,0,0.0,0.0,,4.888,7.769,0.765,0.439,0.923
canny_hough,otsu,combined,60,0,0,0.0,0.0,,4.906,7.776,0.724,0.475,0.906
canny_hough,otsu,combined,61,0,0,0.0,0.0,,5.059,7.974,0.72,0.477,0.956
canny_hough,otsu,combined,62,0,0,0.0,0.0,,5.085,7.965,0.718,0.472,0.92
canny_hough,otsu,combined,63,0,0,0.0,0.0,,5.132,8.015,0.725,0.472,0.929
canny_hough,otsu,combined,64,0,0,0.0,0.0,,5.083,7.973,0.726,0.472,0.923
canny_hough,otsu,combined,65,0,0,0.0,0.0,,5.264,8.146,0.723,0.478,0.929
canny_hough,otsu,combined,66,0,0,0.0,0.0,,5.205,8.093,0.77,0.435,0.911
canny_hough,otsu,combined,67,0,0,0.0,0.0,,5.259,8.134,0.769,0.438,0.912
canny_hough,otsu,combined,68,0,0,0.0,0.0,,4.885,7.793,0.773,0.437,0.89
canny_hough,otsu,combined,69,0,0,0.0,0.0,,5.288,8.11,0.766,0.436,0.892
canny_hough,otsu,combined,70,0,0,0.0,0.0,,5.311,8.211,0.781,0.434,0.916
canny_hough,otsu,combined,71,0,0,0.0,0.0,,5.479,8.365,0.712,0.432,0.912
canny_hough,otsu,combined,72,1,1,0.6,319.0,159.0,3.952,6.875,0.725,0.426,0.883
canny_hough,otsu,combined,73,0,0,0.0,0.0,,5.315,8.193,0.791,0.44,0.891
canny_hough,otsu,combined,74,0,0,0.0,0.0,,5.225,8.102,0.781,0.436,0.885
canny_hough,otsu,combined,75,0,0,0.0,0.0,,5.24,8.089,0.766,0.433,0.89
canny_hough,otsu,combined,76,0,0,0.0,0.0,,5.304,8.21,0.803,0.438,0.888
canny_hough,otsu,combined,77,0,0,0.0,0.0,,4.89,7.708,0.721,0.423,0.855
canny_hough,otsu,combined,78,0,0,0.0,0.0,,4.792,7.692,0.804,0.432,0.863
canny_hough,otsu,combined,79,0,0,0.0,0.0,,4.782,7.628,0.779,0.43,0.872
canny_hough,otsu,combined,80,1,1,0.15,319.0,159.0,2.852,5.64,0.759,0.441,0.803
canny_hough,otsu,combined,81,1,1,0.3,319.0,159.0,2.715,5.408,0.716,0.432,0.787
canny_hough,otsu,combined,82,1,1,0.3,319.0,159.0,2.627,5.379,0.728,0.429,0.844
canny_hough,otsu,combined,83,1,1,0.45,319.0,159.0,3.494,6.334,0.722,0.435,0.865
canny_hough,otsu,combined,84,0,0,0.0,0.0,,4.467,7.334,0.725,0.425,0.96
canny_hough,otsu,combined,85,0,0,0.0,0.0,,4.824,7.708,0.741,0.433,0.881
canny_hough,otsu,combined,86,0,0,0.0,0.0,,4.819,7.613,0.725,0.43,0.875
canny_hough,otsu,combined,87,0,0,0.0,0.0,,4.082,6.84,0.717,0.429,0.861
canny_hough,otsu,combined,88,0,0,0.0,0.0,,4.06,6.93,0.713,0.43,0.86
canny_hough,otsu,combined,89,0,0,0.0,0.0,,4.642,7.483,0.725,0.474,0.876
canny_hough,otsu,combined,90,0,0,0.0,0.0,,4.558,7.397,0.731,0.43,0.923
canny_hough,otsu,combined,91,0,0,0.0,0.0,,4.256,7.13,0.729,0.433,0.958
canny_hough,otsu,combined,92,0,0,0.0,0.0,,4.232,7.058,0.761,0.434,0.866
canny_hough,otsu,combined,93,0,0,0.0,0.0,,4.372,7.229,0.723,0.427,0.89
canny_hough,otsu,combined,94,0,0,0.0,0.0,,4.436,7.269,0.778,0.435,0.861
canny_hough,otsu,combined,95,0,0,0.0,0.0,,4.422,7.361,0.744,0.505,0.933
canny_hough,otsu,combined,96,0,0,0.0,0.0,,4.93,7.795,0.722,0.427,0.962
canny_hough,otsu,combined,97,0,0,0.0,0.0,,4.757,7.655,0.727,0.432,0.973
canny_hough,otsu,combined,98,0,0,0.0,0.0,,4.908,7.816,0.728,0.431,0.95
canny_hough,otsu,combined,99,0,0,0.0,0.0,,4.809,7.662,0.72,0.431,0.871
canny_hough,otsu,combined,100,0,0,0.0,0.0,,4.769,7.561,0.724,0.429,0.869
canny_hough,otsu,combined,101,0,0,0.0,0.0,,5.478,8.308,0.699,0.438,0.921
canny_hough,otsu,combined,102,0,0,0.0,0.0,,5.113,7.944,0.718,0.433,0.917
canny_hough,otsu,combined,103,0,0,0.0,0.0,,5.106,8.02,0.778,0.436,0.936
canny_hough,otsu,combined,104,1,1,0.6,304.26,144.26,3.95,6.966,0.9,0.434,0.837
canny_hough,otsu,combined,105,1,1,0.3,281.77,121.77,5.801,8.636,0.716,0.428,0.931
canny_hough,otsu,combined,106,1,1,0.3,281.77,121.77,5.778,8.712,0.735,0.434,1.01
canny_hough,otsu,combined,107,1,1,0.3,253.94,93.94,2.921,5.798,0.727,0.434,0.961
canny_hough,otsu,combined,108,1,1,0.3,253.94,93.94,2.967,5.794,0.705,0.432,0.835
canny_hough,otsu,combined,109,1,1,0.3,266.91,106.91,5.142,8.032,0.739,0.431,0.888
canny_hough,otsu,combined,110,1,1,0.3,266.91,106.91,5.134,8.035,0.725,0.434,0.952
canny_hough,otsu,combined,111,1,1,0.3,266.91,106.91,5.182,8.032,0.72,0.427,0.949
canny_hough,otsu,combined,112,0,0,0.0,0.0,,3.117,5.949,0.72,0.429,0.919
canny_hough,otsu,combined,113,0,0,0.0,0.0,,4.285,7.529,0.716,0.45,1.254
canny_hough,otsu,combined,114,0,0,0.0,0.0,,4.286,7.202,0.782,0.455,0.829
canny_hough,otsu,combined,115,1,1,0.3,0.0,-160.0,4.671,7.496,0.725,0.471,0.87
canny_hough,otsu,combined,116,1,1,0.3,0.0,-160.0,4.786,7.623,0.724,0.428,0.92
canny_hough,otsu,combined,117,1,1,0.6,0.0,-160.0,4.895,7.758,0.735,0.435,0.943
canny_hough,otsu,combined,118,1,1,0.6,0.0,-160.0,5.198,8.029,0.715,0.436,0.886
canny_hough,otsu,combined,119,1,1,0.6,0.0,-160.0,5.163,7.973,0.724,0.433,0.898
canny_hough,otsu,combined,120,1,1,0.6,0.0,-160.0,5.579,8.393,0.724,0.433,0.892
canny_hough,otsu,combined,121,1,1,0.6,0.0,-160.0,5.22,7.992,0.74,0.434,0.855
canny_hough,otsu,combined,122,1,1,0.6,0.0,-160.0,5.282,8.045,0.721,0.432,0.852
canny_hough,otsu,combined,123,1,1,0.6,0.0,-160.0,5.335,8.125,0.736,0.473,0.813
canny_hough,otsu,combined,124,1,1,0.6,0.0,-160.0,5.365,8.145,0.727,0.473,0.804
canny_hough,otsu,combined,125,1,1,0.6,42.12,-117.88,5.395,8.192,0.739,0.475,0.823
canny_hough,otsu,combined,126,1,1,0.6,67.45,-92.55,5.094,7.864,0.792,0.437,0.772
canny_hough,otsu,combined,127,1,1,0.6,67.45,-92.55,5.103,7.852,0.771,0.436,0.781
canny_hough,otsu,combined,128,0,0,0.0,0.0,,5.163,8.021,0.762,0.431,0.86
canny_hough,otsu,combined,129,0,0,0.0,0.0,,4.971,7.871,0.783,0.437,0.92
canny_hough,otsu,combined,130,0,0,0.0,0.0,,5.053,7.955,0.775,0.435,0.922
canny_hough,otsu,combined,131,0,0,0.0,0.0,,5.452,8.281,0.772,0.431,0.869
canny_hough,otsu,combined,132,0,0,0.0,0.0,,4.911,7.791,0.82,0.442,0.848
canny_hough,otsu,combined,133,1,1,0.6,319.0,159.0,4.844,7.683,0.757,0.442,0.867
canny_hough,otsu,combined,134,1,1,0.6,319.0,159.0,4.868,7.697,0.715,0.483,0.87
canny_hough,otsu,combined,135,1,1,0.6,319.0,159.0,4.841,7.706,0.735,0.481,0.882
canny_hough,otsu,combined,136,1,1,0.3,319.0,159.0,4.723,7.588,0.716,0.434,0.95
canny_hough,otsu,combined,137,1,1,0.45,319.0,159.0,4.772,7.758,0.717,0.434,1.088
canny_hough,otsu,combined,138,1,1,0.45,319.0,159.0,4.749,7.658,0.72,0.433,0.968
canny_hough,otsu,combined,139,1,1,0.45,319.0,159.0,4.768,7.633,0.718,0.434,0.941
canny_hough,otsu,combined,140,1,1,0.6,154.47,-5.53,5.471,8.314,0.743,0.436,0.901
canny_hough,otsu,combined,141,1,1,0.6,235.4,75.4,6.369,9.23,0.712,0.428,0.957
canny_hough,otsu,combined,142,1,1,0.6,243.1,83.1,6.83,9.657,0.768,0.439,0.852
canny_hough,otsu,combined,143,1,1,0.6,243.1,83.1,6.739,9.687,0.715,0.43,1.035
canny_hough,otsu,combined,144,1,1,0.6,216.22,56.22,7.251,10.079,0.724,0.436,0.893
canny_hough,otsu,combined,145,0,0,0.0,0.0,,1.568,4.262,0.725,0.431,0.783
canny_hough,otsu,combined,146,0,0,0.0,0.0,,0.792,3.419,0.715,0.43,0.744
canny_hough,otsu,combined,147,0,0,0.0,0.0,,0.73,3.298,0.682,0.429,0.748
canny_hough,otsu,combined,148,0,0,0.0,0.0,,0.732,3.431,0.696,0.433,0.755
canny_hough,otsu,combined,149,0,0,0.0,0.0,,0.727,3.442,0.796,0.444,0.768
canny_hough,otsu,combined,150,0,0,0.0,0.0,,2.178,4.926,0.688,0.474,0.871
canny_hough,otsu,combined,151,0,0,0.0,0.0,,2.223,4.993,0.698,0.43,0.859
canny_hough,otsu,combined,152,0,0,0.0,0.0,,2.294,4.996,0.707,0.429,0.821
canny_hough,otsu,combined,153,0,0,0.0,0.0,,3.936,6.748,0.713,0.429,0.938
canny_hough,otsu,combined,154,0,0,0.0,0.0,,3.96,6.725,0.728,0.43,0.848
canny_hough,otsu,combined,155,0,0,0.0,0.0,,3.936,6.785,0.753,0.439,0.9
canny_hough,otsu,combined,156,0,0,0.0,0.0,,3.6,6.374,0.721,0.432,0.867
canny_hough,otsu,combined,157,1,1,0.3,319.0,159.0,5.204,7.939,0.708,0.433,0.858
canny_hough,otsu,combined,158,1,1,0.3,319.0,159.0,5.145,7.943,0.727,0.432,0.852
canny_hough,otsu,combined,159,1,1,0.15,319.0,159.0,4.854,7.608,0.739,0.432,0.824
canny_hough,otsu,combined,160,0,0,0.0,0.0,,2.04,4.775,0.738,0.433,0.809
canny_hough,otsu,combined,161,1,1,0.3,319.0,159.0,4.837,7.487,0.698,0.426,0.81
canny_hough,otsu,combined,162,1,1,0.3,319.0,159.0,4.895,7.673,0.725,0.433,0.851
canny_hough,otsu,combined,163,1,1,0.6,319.0,159.0,5.545,8.297,0.725,0.433,0.835
canny_hough,otsu,combined,164,1,1,0.6,319.0,159.0,5.613,8.344,0.72,0.431,0.813
canny_hough,otsu,combined,165,1,1,0.15,319.0,159.0,3.762,6.538,0.723,0.431,0.866
canny_hough,otsu,combined,166,0,0,0.0,0.0,,3.31,6.102,0.706,0.43,0.831
canny_hough,otsu,combined,167,0,0,0.0,0.0,,3.413,6.416,0.733,0.432,1.041
canny_hough,otsu,combined,168,0,0,0.0,0.0,,3.318,6.081,0.707,0.426,0.825
canny_hough,otsu,combined,169,1,1,0.45,319.0,159.0,4.89,7.763,0.725,0.471,0.913
canny_hough,otsu,combined,170,1,1,0.45,319.0,159.0,4.904,7.695,0.724,0.428,0.883
canny_hough,otsu,combined,171,1,1,0.45,319.0,159.0,4.988,7.834,0.723,0.432,0.943
canny_hough,otsu,combined,172,1,1,0.3,319.0,159.0,3.73,6.572,0.729,0.426,0.914
canny_hough,otsu,combined,173,1,1,0.15,319.0,159.0,3.574,6.325,0.729,0.432,0.832
canny_hough,otsu,combined,174,1,1,0.3,319.0,159.0,4.37,7.185,0.769,0.435,0.836
canny_hough,otsu,combined,175,1,1,0.3,319.0,159.0,4.356,7.174,0.741,0.439,0.885
canny_hough,otsu,combined,176,1,1,0.45,319.0,159.0,4.752,7.58,0.726,0.433,0.815
canny_hough,otsu,combined,177,1,1,0.45,319.0,159.0,4.836,7.585,0.726,0.431,0.828
canny_hough,otsu,combined,178,1,1,0.45,319.0,159.0,4.923,7.694,0.719,0.432,0.821
canny_hough,otsu,combined,179,1,1,0.45,319.0,159.0,4.906,7.639,0.718,0.429,0.826
canny_hough,otsu,combined,180,1,1,0.15,319.0,159.0,3.614,6.349,0.719,0.432,0.814
canny_hough,otsu,combined,181,1,1,0.3,319.0,159.0,4.424,7.248,0.731,0.481,0.863
canny_hough,otsu,combined,182,1,1,0.3,319.0,159.0,4.052,6.878,0.715,0.433,0.921
canny_hough,otsu,combined,183,1,1,0.3,319.0,159.0,4.248,7.119,0.713,0.437,0.89
canny_hough,otsu,combined,184,1,1,0.3,319.0,159.0,4.072,7.209,0.708,0.429,1.243
canny_hough,otsu,combined,185,1,1,0.3,319.0,159.0,4.174,7.034,0.742,0.434,0.919
canny_hough,otsu,combined,186,1,1,0.3,319.0,159.0,4.511,7.477,0.742,0.471,0.928
canny_hough,otsu,combined,187,1,1,0.3,319.0,159.0,4.34,7.271,0.744,0.44,0.944
canny_hough,otsu,combined,188,1,1,0.15,319.0,159.0,4.719,7.605,0.722,0.432,0.825
canny_hough,otsu,combined,189,1,1,0.6,319.0,159.0,4.931,7.66,0.721,0.436,0.813
canny_hough,otsu,combined,190,1,1,0.6,319.0,159.0,4.907,7.632,0.724,0.429,0.814
canny_hough,otsu,combined,191,1,1,0.6,319.0,159.0,4.982,7.698,0.714,0.432,0.81
canny_hough,otsu,combined,192,1,1,0.45,319.0,159.0,4.328,7.084,0.706,0.433,0.849
canny_hough,otsu,combined,193,1,1,0.15,319.0,159.0,4.144,6.988,0.775,0.436,0.875
canny_hough,otsu,combined,194,0,0,0.0,0.0,,5.087,8.268,0.728,0.474,1.23
canny_hough,otsu,combined,195,0,0,0.0,0.0,,5.428,9.89,1.4,0.901,1.044
canny_hough,otsu,combined,196,1,1,0.45,319.0,159.0,4.286,7.0,0.709,0.438,0.797
canny_hough,otsu,combined,197,1,1,0.15,319.0,159.0,3.473,6.206,0.719,0.43,0.773
canny_hough,otsu,combined,198,1,1,0.15,319.0,159.0,3.524,6.324,0.725,0.434,0.852
canny_hough,otsu,combined,199,1,1,0.45,319.0,159.0,3.85,6.504,0.716,0.431,0.76
canny_hough,otsu,combined,200,1,1,0.45,319.0,159.0,3.852,6.651,0.822,0.45,0.771
canny_hough,otsu,combined,201,1,1,0.45,319.0,159.0,4.369,7.319,0.871,0.438,0.887
canny_hough,otsu,combined,202,1,1,0.6,319.0,159.0,4.615,7.363,0.724,0.426,0.836
canny_hough,otsu,combined,203,1,1,0.6,319.0,159.0,4.579,7.377,0.723,0.432,0.828
canny_hough,otsu,combined,204,1,1,0.45,319.0,159.0,4.688,7.439,0.721,0.431,0.774
canny_hough,otsu,combined,205,1,1,0.6,319.0,159.0,4.508,7.22,0.731,0.435,0.79
canny_hough,otsu,combined,206,1,1,0.6,319.0,159.0,4.512,7.276,0.726,0.475,0.794
canny_hough,otsu,combined,207,1,1,0.6,319.0,159.0,4.748,7.518,0.724,0.432,0.865
canny_hough,otsu,combined,208,1,1,0.6,319.0,159.0,5.073,7.877,0.726,0.432,0.774
canny_hough,otsu,combined,209,1,1,0.6,319.0,159.0,5.023,7.796,0.73,0.431,0.779
canny_hough,otsu,combined,210,1,1,0.6,319.0,159.0,5.007,7.77,0.714,0.432,0.779
canny_hough,otsu,combined,211,1,1,0.6,319.0,159.0,5.0,7.691,0.72,0.428,0.784
canny_hough,otsu,combined,212,1,1,0.6,319.0,159.0,4.983,7.85,0.879,0.44,0.783
canny_hough,otsu,combined,213,1,1,0.6,311.31,151.31,4.516,7.257,0.724,0.432,0.83
canny_hough,otsu,combined,214,1,1,0.6,311.31,151.31,4.436,7.283,0.709,0.426,0.917
canny_hough,otsu,combined,215,1,1,0.6,276.52,116.52,5.479,8.238,0.72,0.432,0.796
canny_hough,otsu,combined,216,1,1,0.6,242.75,82.75,5.866,8.674,0.716,0.432,0.82
canny_hough,otsu,combined,217,1,1,0.6,245.98,85.98,6.094,8.804,0.725,0.435,0.793
canny_hough,otsu,combined,218,1,1,0.45,232.7,72.7,4.239,7.151,0.719,0.432,0.879
canny_hough,otsu,combined,219,1,1,0.45,232.7,72.7,4.241,6.919,0.719,0.433,0.77
canny_hough,otsu,combined,220,1,1,0.6,232.83,72.83,4.082,6.804,0.704,0.43,0.759
canny_hough,otsu,combined,221,1,1,0.45,218.62,58.62,3.518,6.26,0.734,0.477,0.781
canny_hough,otsu,combined,222,1,1,0.45,218.62,58.62,3.524,6.199,0.725,0.432,0.752
canny_hough,otsu,combined,223,1,1,0.45,218.62,58.62,3.497,6.289,0.781,0.438,0.796
canny_hough,otsu,combined,224,1,1,0.45,218.62,58.62,3.438,6.192,0.724,0.433,0.769
canny_hough,otsu,combined,225,1,1,0.3,215.03,55.03,7.418,10.221,0.72,0.432,0.832
canny_hough,otsu,combined,226,1,1,0.3,215.03,55.03,7.484,10.331,0.742,0.433,0.914
canny_hough,otsu,combined,227,1,1,0.3,211.05,51.05,7.569,10.377,0.717,0.429,0.874
canny_hough,otsu,combined,228,1,1,0.3,211.05,51.05,7.645,10.493,0.731,0.473,0.829
canny_hough,otsu,combined,229,1,1,0.3,215.37,55.37,5.792,8.485,0.729,0.431,0.783
canny_hough,otsu,combined,230,1,1,0.3,219.26,59.26,5.683,8.461,0.716,0.428,0.871
canny_hough,otsu,combined,231,1,1,0.3,219.26,59.26,5.639,8.407,0.73,0.474,0.796
canny_hough,otsu,combined,232,1,1,0.45,211.44,51.44,7.946,10.755,0.768,0.435,0.828
canny_hough,otsu,combined,233,1,1,0.3,216.65,56.65,7.741,10.595,0.737,0.433,0.919
canny_hough,otsu,combined,234,1,1,0.3,217.08,57.08,7.426,10.315,0.856,0.438,0.814
canny_hough,otsu,combined,235,1,1,0.3,217.08,57.08,7.453,10.252,0.723,0.476,0.836
canny_hough,otsu,combined,236,1,1,0.3,214.2,54.2,7.456,10.218,0.722,0.43,0.832
canny_hough,otsu,combined,237,1,1,0.3,215.96,55.96,7.568,10.374,0.779,0.436,0.827
canny_hough,otsu,combined,238,1,1,0.3,215.96,55.96,7.635,10.551,0.732,0.434,0.953
canny_hough,otsu,combined,239,1,1,0.15,217.34,57.34,7.413,10.171,0.713,0.432,0.847
canny_hough,otsu,combined,240,1,1,0.15,217.34,57.34,7.491,10.325,0.745,0.473,0.842
canny_hough,otsu,combined,241,1,1,0.3,215.63,55.63,7.328,10.069,0.725,0.434,0.827
canny_hough,otsu,combined,242,1,1,0.3,218.97,58.97,7.511,10.337,0.767,0.443,0.843
canny_hough,otsu,combined,243,1,1,0.3,218.97,58.97,7.41,10.223,0.728,0.428,0.82
canny_hough,otsu,combined,244,1,1,0.3,214.87,54.87,7.91,10.728,0.72,0.435,0.832
canny_hough,otsu,combined,245,1,1,0.15,216.94,56.94,7.604,10.491,0.728,0.474,0.87
canny_hough,otsu,combined,246,1,1,0.15,216.94,56.94,7.533,10.305,0.726,0.432,0.838
canny_hough,otsu,combined,247,1,1,0.15,214.68,54.68,7.378,10.212,0.803,0.432,0.828
canny_hough,otsu,combined,248,1,1,0.15,214.68,54.68,7.52,10.396,0.724,0.432,0.925
canny_hough,otsu,combined,249,1,1,0.3,217.86,57.86,7.48,10.25,0.734,0.432,0.835
canny_hough,otsu,combined,250,1,1,0.3,217.86,57.86,7.571,10.392,0.756,0.484,0.824
canny_hough,otsu,combined,251,1,1,0.3,217.87,57.87,7.535,10.282,0.725,0.435,0.824
canny_hough,otsu,combined,252,1,1,0.3,217.87,57.87,7.516,10.32,0.765,0.439,0.826
canny_hough,otsu,combined,253,1,1,0.3,219.2,59.2,7.5,10.335,0.728,0.429,0.911
canny_hough,otsu,combined,254,1,1,0.3,219.2,59.2,7.62,10.373,0.717,0.429,0.83
canny_hough,otsu,combined,255,1,1,0.3,219.2,59.2,7.548,10.38,0.74,0.478,0.843
canny_hough,otsu,combined,256,1,1,0.15,217.77,57.77,7.457,10.222,0.726,0.436,0.838
canny_hough,otsu,combined,257,1,1,0.3,218.59,58.59,7.356,10.199,0.8,0.439,0.846
canny_hough,otsu,combined,258,1,1,0.3,218.59,58.59,7.344,10.224,0.724,0.439,0.909
canny_hough,otsu,combined,259,1,1,0.3,215.13,55.13,7.552,10.384,0.719,0.435,0.846
canny_hough,otsu,combined,260,1,1,0.3,217.85,57.85,7.437,10.244,0.741,0.436,0.858
canny_hough,otsu,combined,261,1,1,0.3,219.94,59.94,7.278,10.022,0.722,0.431,0.824
canny_hough,otsu,combined,262,1,1,0.3,219.94,59.94,7.304,10.15,0.761,0.473,0.844
canny_hough,otsu,combined,263,1,1,0.3,219.85,59.85,7.435,10.173,0.71,0.44,0.821
canny_hough,otsu,combined,264,1,1,0.3,219.85,59.85,7.512,10.327,0.777,0.439,0.831
canny_hough,otsu,combined,265,1,1,0.3,217.32,57.32,7.541,10.391,0.736,0.433,0.829
canny_hough,otsu,combined,266,1,1,0.3,217.32,57.32,7.653,10.619,0.732,0.431,0.939
canny_hough,otsu,combined,267,1,1,0.3,219.85,59.85,7.512,10.33,0.746,0.475,0.836
canny_hough,otsu,combined,268,1,1,0.3,219.85,59.85,7.419,10.217,0.73,0.434,0.822
canny_hough,otsu,combined,269,1,1,0.3,219.91,59.91,7.586,10.381,0.757,0.437,0.833
canny_hough,otsu,combined,270,1,1,0.3,219.91,59.91,7.714,10.593,0.734,0.434,0.927
canny_hough,otsu,combined,271,1,1,0.3,217.37,57.37,7.207,9.976,0.723,0.436,0.834
canny_hough,otsu,combined,272,1,1,0.3,217.37,57.37,7.293,10.102,0.725,0.468,0.841
canny_hough,otsu,combined,273,1,1,0.3,217.87,57.87,7.598,10.344,0.721,0.434,0.832
canny_hough,otsu,combined,274,1,1,0.15,217.12,57.12,7.598,10.514,0.776,0.447,0.862
canny_hough,otsu,combined,275,1,1,0.15,217.12,57.12,7.37,10.218,0.729,0.434,0.921
canny_hough,otsu,combined,276,1,1,0.3,219.14,59.14,7.176,10.002,0.738,0.432,0.831
canny_hough,otsu,combined,277,1,1,0.15,218.66,58.66,6.496,9.033,0.645,0.376,0.833
canny_hough,otsu,combined,278,1,1,0.3,218.22,58.22,6.88,9.436,0.687,0.386,0.749
canny_hough,otsu,combined,279,1,1,0.3,218.22,58.22,6.821,9.269,0.631,0.378,0.751
canny_hough,otsu,combined,280,1,1,0.3,219.67,59.67,6.619,9.149,0.64,0.38,0.802
canny_hough,otsu,combined,281,1,1,0.3,217.48,57.48,6.843,9.413,0.719,0.39,0.769
canny_hough,otsu,combined,282,1,1,0.3,219.52,59.52,6.783,9.236,0.638,0.38,0.737
canny_hough,otsu,combined,283,1,1,0.3,219.52,59.52,6.633,9.182,0.641,0.383,0.764
canny_hough,otsu,combined,284,1,1,0.3,215.99,55.99,6.657,9.173,0.699,0.387,0.743
canny_hough,otsu,combined,285,1,1,0.3,216.58,56.58,6.787,9.246,0.643,0.38,0.746
canny_hough,otsu,combined,286,1,1,0.3,217.77,57.77,6.846,9.316,0.647,0.375,0.758
canny_hough,otsu,combined,287,1,1,0.3,217.77,57.77,7.125,9.654,0.652,0.421,0.758
canny_hough,otsu,combined,288,1,1,0.15,219.84,59.84,7.569,10.494,0.724,0.433,0.943
canny_hough,otsu,combined,289,1,1,0.3,217.42,57.42,7.481,10.263,0.759,0.438,0.823
canny_hough,otsu,combined,290,1,1,0.3,217.42,57.42,7.462,10.32,0.742,0.434,0.825
canny_hough,otsu,combined,291,1,1,0.3,220.23,60.23,7.579,10.396,0.717,0.432,0.831
canny_hough,otsu,combined,292,1,1,0.15,219.84,59.84,7.624,10.435,0.732,0.43,0.876
canny_hough,otsu,combined,293,1,1,0.3,217.95,57.95,7.346,10.08,0.701,0.437,0.826
canny_hough,otsu,combined,294,1,1,0.3,217.95,57.95,7.562,10.386,0.778,0.437,0.832
canny_hough,otsu,combined,295,1,1,0.3,216.16,56.16,8.733,11.615,0.732,0.434,0.842
canny_hough,otsu,combined,296,1,1,0.3,218.73,58.73,7.42,10.215,0.735,0.444,0.851
canny_hough,otsu,combined,297,1,1,0.3,219.2,59.2,6.903,9.753,0.791,0.442,0.855
canny_hough,otsu,combined,298,1,1,0.3,219.2,59.2,6.699,9.208,0.64,0.378,0.753
canny_hough,otsu,combined,299,1,1,0.15,217.12,57.12,6.429,8.953,0.649,0.38,0.802
canny_hough,otsu,combined,300,1,1,0.15,217.12,57.12,6.504,8.988,0.662,0.381,0.74
canny_hough,otsu,combined,301,1,1,0.3,220.23,60.23,6.596,9.026,0.631,0.378,0.735
canny_hough,otsu,combined,302,1,1,0.3,215.03,55.03,6.573,9.131,0.656,0.38,0.755
canny_hough,otsu,combined,303,1,1,0.3,215.03,55.03,6.522,9.079,0.625,0.422,0.814
canny_hough,otsu,combined,304,1,1,0.3,217.48,57.48,6.618,9.113,0.623,0.378,0.734
canny_hough,otsu,combined,305,1,1,0.3,218.13,58.13,6.574,9.131,0.737,0.382,0.755
canny_hough,otsu,combined,306,1,1,0.3,218.14,58.14,6.579,9.114,0.648,0.379,0.809
canny_hough,otsu,combined,307,1,1,0.3,218.14,58.14,6.535,9.062,0.694,0.382,0.761
canny_hough,otsu,combined,308,1,1,0.3,219.06,59.06,7.364,9.87,0.64,0.378,0.762
canny_hough,otsu,combined,309,1,1,0.3,223.75,63.75,3.262,5.985,0.731,0.477,0.758
canny_hough,otsu,combined,310,1,1,0.15,224.64,64.64,5.839,8.551,0.737,0.428,0.785
canny_hough,otsu,combined,311,1,1,0.15,224.64,64.64,5.728,8.435,0.728,0.433,0.788
canny_hough,otsu,combined,312,1,1,0.3,221.51,61.51,6.017,8.785,0.72,0.435,0.842
canny_hough,otsu,combined,313,1,1,0.3,224.28,64.28,5.762,8.501,0.729,0.475,0.78
canny_hough,otsu,combined,314,1,1,0.3,224.28,64.28,5.838,8.573,0.771,0.436,0.767
canny_hough,otsu,combined,315,1,1,0.3,220.25,60.25,5.691,8.455,0.715,0.433,0.788
canny_hough,otsu,combined,316,1,1,0.3,220.8,60.8,7.44,10.207,0.716,0.429,0.837
canny_hough,otsu,combined,317,1,1,0.3,221.93,61.93,7.588,10.552,0.744,0.508,0.949
canny_hough,otsu,combined,318,1,1,0.3,221.93,61.93,7.58,10.402,0.736,0.443,0.844
canny_hough,otsu,combined,319,1,1,0.3,218.59,58.59,6.493,9.271,0.713,0.434,0.814
canny_hough,otsu,combined,320,1,1,0.3,221.97,61.97,7.391,10.164,0.729,0.433,0.838
canny_hough,otsu,combined,321,1,1,0.3,222.1,62.1,7.466,10.272,0.766,0.439,0.844
canny_hough,otsu,combined,322,1,1,0.3,222.1,62.1,7.495,10.34,0.736,0.433,0.84
canny_hough,otsu,combined,323,1,1,0.3,219.39,59.39,7.122,9.928,0.701,0.44,0.832
canny_hough,otsu,combined,324,1,1,0.3,219.39,59.39,7.173,10.047,0.743,0.433,0.936
canny_hough,otsu,combined,325,1,1,0.3,219.87,59.87,7.47,10.283,0.73,0.433,0.83
canny_hough,otsu,combined,326,1,1,0.3,219.87,59.87,7.576,10.384,0.724,0.433,0.884
canny_hough,otsu,combined,327,1,1,0.3,222.83,62.83,7.346,10.11,0.74,0.432,0.832
canny_hough,otsu,combined,328,1,1,0.3,222.83,62.83,7.405,10.267,0.762,0.438,0.848
canny_hough,otsu,combined,329,1,1,0.3,220.28,60.28,7.193,9.919,0.689,0.437,0.829
canny_hough,otsu,combined,330,1,1,0.3,220.28,60.28,6.527,9.041,0.684,0.383,0.744
canny_hough,otsu,combined,331,1,1,0.15,219.9,59.9,6.38,8.838,0.633,0.381,0.756
canny_hough,otsu,combined,332,1,1,0.15,219.9,59.9,6.311,8.757,0.643,0.379,0.735
canny_hough,otsu,combined,333,1,1,0.3,222.06,62.06,6.348,9.007,0.643,0.377,0.926
canny_hough,otsu,combined,334,1,1,0.3,222.06,62.06,6.385,8.897,0.681,0.386,0.752
canny_hough,otsu,combined,335,1,1,0.3,219.37,59.37,6.499,9.038,0.647,0.382,0.751
canny_hough,otsu,combined,336,1,1,0.3,221.24,61.24,6.561,9.029,0.644,0.379,0.752
canny_hough,otsu,combined,337,1,1,0.3,219.57,59.57,6.324,8.883,0.639,0.379,0.848
canny_hough,otsu,combined,338,1,1,0.3,219.57,59.57,6.456,9.056,0.727,0.388,0.761
canny_hough,otsu,combined,339,1,1,0.3,223.89,63.89,6.399,8.883,0.652,0.379,0.77
canny_hough,otsu,combined,340,1,1,0.3,220.85,60.85,6.454,8.901,0.613,0.382,0.768
canny_hough,otsu,combined,341,1,1,0.15,221.77,61.77,6.938,9.688,0.691,0.434,0.92
canny_hough,otsu,combined,342,1,1,0.15,221.77,61.77,7.136,9.939,0.716,0.435,0.83
canny_hough,otsu,combined,343,1,1,0.3,221.37,61.37,7.789,10.628,0.719,0.433,0.924
canny_hough,otsu,combined,344,1,1,0.3,222.77,62.77,7.373,10.173,0.74,0.431,0.848
canny_hough,otsu,combined,345,1,1,0.15,221.77,61.77,7.295,10.115,0.73,0.475,0.847
canny_hough,otsu,combined,346,1,1,0.15,221.77,61.77,7.286,10.062,0.726,0.431,0.85
canny_hough,otsu,combined,347,1,1,0.3,220.87,60.87,7.372,10.279,0.773,0.438,0.917
canny_hough,otsu,combined,348,1,1,0.3,220.87,60.87,7.645,11.296,1.206,0.509,1.104
canny_hough,otsu,combined,349,1,1,0.15,221.77,61.77,7.305,10.087,0.741,0.434,0.845
canny_hough,otsu,combined,350,1,1,0.3,220.91,60.91,7.409,10.2,0.762,0.436,0.821
canny_hough,otsu,combined,351,1,1,0.3,220.91,60.91,6.47,8.974,0.642,0.38,0.74
canny_hough,otsu,combined,352,1,1,0.3,223.22,63.22,6.571,9.125,0.635,0.386,0.844
canny_hough,otsu,combined,353,1,1,0.15,222.83,62.83,6.345,9.043,0.677,0.389,0.941
canny_hough,otsu,combined,354,1,1,0.3,220.91,60.91,6.413,8.875,0.631,0.381,0.753
canny_hough,otsu,combined,355,1,1,0.3,220.91,60.91,6.377,8.841,0.641,0.379,0.755
canny_hough,otsu,combined,356,1,1,0.3,217.1,57.1,6.631,9.175,0.648,0.375,0.829
canny_hough,otsu,combined,357,1,1,0.3,221.98,61.98,6.422,8.933,0.697,0.38,0.745
canny_hough,otsu,combined,358,1,1,0.3,221.2,61.2,6.612,9.112,0.641,0.379,0.752
canny_hough,otsu,combined,359,1,1,0.3,221.2,61.2,6.567,9.114,0.638,0.381,0.76
canny_hough,otsu,combined,360,1,1,0.15,221.65,61.65,6.351,8.864,0.647,0.416,0.752
canny_hough,adaptive,combined,0,0,0,0.0,0.0,,5.372,15.15,0.637,7.316,1.065
canny_hough,adaptive,combined,1,0,0,0.0,0.0,,5.104,16.317,0.922,8.409,1.071
canny_hough,adaptive,combined,2,0,0,0.0,0.0,,5.046,16.258,0.781,8.384,1.263
canny_hough,adaptive,combined,3,0,0,0.0,0.0,,5.533,16.655,0.908,8.316,1.06
canny_hough,adaptive,combined,4,0,0,0.0,0.0,,5.072,16.093,0.932,8.237,1.058
canny_hough,adaptive,combined,5,0,0,0.0,0.0,,5.127,15.843,0.71,8.207,1.044
canny_hough,adaptive,combined,6,0,0,0.0,0.0,,5.124,15.942,0.717,8.236,1.07
canny_hough,adaptive,combined,7,0,0,0.0,0.0,,4.88,15.643,0.736,8.194,1.076
canny_hough,adaptive,combined,8,0,0,0.0,0.0,,5.072,15.835,0.717,8.231,1.057
canny_hough,adaptive,combined,9,0,0,0.0,0.0,,4.919,15.665,0.715,8.21,1.069
canny_hough,adaptive,combined,10,0,0,0.0,0.0,,4.895,15.735,0.724,8.217,1.074
canny_hough,adaptive,combined,11,0,0,0.0,0.0,,5.214,16.059,0.723,8.247,1.059
canny_hough,adaptive,combined,12,0,0,0.0,0.0,,5.085,15.921,0.723,8.238,1.065
canny_hough,adaptive,combined,13,0,0,0.0,0.0,,4.891,15.694,0.724,8.207,1.043
canny_hough,adaptive,combined,14,0,0,0.0,0.0,,4.903,15.721,0.786,8.269,1.008
canny_hough,adaptive,combined,15,0,0,0.0,0.0,,5.189,16.212,0.787,8.219,1.258
canny_hough,adaptive,combined,16,0,0,0.0,0.0,,5.096,16.06,0.784,8.236,1.116
canny_hough,adaptive,combined,17,0,0,0.0,0.0,,5.104,16.002,0.725,8.227,1.067
canny_hough,adaptive,combined,18,0,0,0.0,0.0,,5.11,15.951,0.728,8.23,1.056
canny_hough,adaptive,combined,19,0,0,0.0,0.0,,4.942,15.771,0.732,8.216,1.052
canny_hough,adaptive,combined,20,0,0,0.0,0.0,,4.93,15.769,0.793,8.246,1.042
canny_hough,adaptive,combined,21,0,0,0.0,0.0,,5.147,15.962,0.785,8.221,1.05
canny_hough,adaptive,combined,22,0,0,0.0,0.0,,4.756,15.575,0.773,8.232,1.048
canny_hough,adaptive,combined,23,0,0,0.0,0.0,,5.695,16.949,0.779,8.47,1.238
canny_hough,adaptive,combined,24,0,0,0.0,0.0,,5.177,16.139,0.734,8.287,1.058
canny_hough,adaptive,combined,25,0,0,0.0,0.0,,5.261,16.007,0.718,8.238,1.029
canny_hough,adaptive,combined,26,0,0,0.0,0.0,,5.172,15.936,0.711,8.205,1.045
canny_hough,adaptive,combined,27,0,0,0.0,0.0,,5.187,16.04,0.765,8.236,1.055
canny_hough,adaptive,combined,28,0,0,0.0,0.0,,5.188,16.017,0.787,8.217,1.062
canny_hough,adaptive,combined,29,0,0,0.0,0.0,,5.238,16.026,0.734,8.223,1.08
canny_hough,adaptive,combined,30,0,0,0.0,0.0,,5.375,16.162,0.726,8.201,1.088
canny_hough,adaptive,combined,31,0,0,0.0,0.0,,5.389,16.139,0.73,8.196,1.059
canny_hough,adaptive,combined,32,0,0,0.0,0.0,,5.153,15.91,0.724,8.208,1.064
canny_hough,adaptive,combined,33,0,0,0.0,0.0,,5.158,15.941,0.725,8.2,1.112
canny_hough,adaptive,combined,34,0,0,0.0,0.0,,5.213,16.01,0.726,8.205,1.099
canny_hough,adaptive,combined,35,0,0,0.0,0.0,,5.029,15.775,0.738,8.193,1.058
canny_hough,adaptive,combined,36,0,0,0.0,0.0,,5.014,15.835,0.723,8.218,1.082
canny_hough,adaptive,combined,37,0,0,0.0,0.0,,5.127,15.902,0.731,8.209,1.072
canny_hough,adaptive,combined,38,0,0,0.0,0.0,,5.127,15.951,0.727,8.216,1.112
canny_hough,adaptive,combined,39,0,0,0.0,0.0,,4.969,15.708,0.716,8.202,1.062
canny_hough,adaptive,combined,40,0,0,0.0,0.0,,4.986,15.75,0.714,8.257,1.038
canny_hough,adaptive,combined,41,0,0,0.0,0.0,,5.333,16.064,0.731,8.208,1.031
canny_hough,adaptive,combined,42,0,0,0.0,0.0,,4.869,15.668,0.736,8.202,1.098
canny_hough,adaptive,combined,43,0,0,0.0,0.0,,5.14,15.975,0.721,8.208,1.07
canny_hough,adaptive,combined,44,0,0,0.0,0.0,,4.786,16.035,1.173,8.232,1.071
canny_hough,adaptive,combined,45,0,0,0.0,0.0,,4.505,13.93,0.648,7.136,0.945
canny_hough,adaptive,combined,46,0,0,0.0,0.0,,4.577,14.049,0.646,7.13,0.968
canny_hough,adaptive,combined,47,0,0,0.0,0.0,,4.579,14.115,0.751,7.142,0.952
canny_hough,adaptive,combined,48,0,0,0.0,0.0,,4.684,14.119,0.64,7.124,0.98
canny_hough,adaptive,combined,49,0,0,0.0,0.0,,4.482,14.058,0.791,7.126,0.969
canny_hough,adaptive,combined,50,0,0,0.0,0.0,,4.528,14.034,0.641,7.154,0.947
canny_hough,adaptive,combined,51,0,0,0.0,0.0,,4.766,14.2,0.638,7.132,0.973
canny_hough,adaptive,combined,52,0,0,0.0,0.0,,5.085,15.933,0.789,8.238,1.052
canny_hough,adaptive,combined,53,0,0,0.0,0.0,,5.087,15.892,0.77,8.214,1.053
canny_hough,adaptive,combined,54,0,0,0.0,0.0,,4.806,15.639,0.783,8.219,1.062
canny_hough,adaptive,combined,55,0,0,0.0,0.0,,4.926,15.761,0.735,8.279,1.06
canny_hough,adaptive,combined,56,0,0,0.0,0.0,,5.035,15.955,0.7,8.239,1.116
canny_hough,adaptive,combined,57,0,0,0.0,0.0,,5.305,16.641,1.22,8.287,1.05
canny_hough,adaptive,combined,58,0,0,0.0,0.0,,4.893,15.709,0.746,8.241,1.066
canny_hough,adaptive,combined,59,0,0,0.0,0.0,,4.885,15.752,0.786,8.242,1.078
canny_hough,adaptive,combined,60,0,0,0.0,0.0,,4.912,15.804,0.812,8.276,1.064
canny_hough,adaptive,combined,61,0,0,0.0,0.0,,5.058,15.875,0.733,8.27,1.05
canny_hough,adaptive,combined,62,0,0,0.0,0.0,,5.065,15.902,0.722,8.269,1.081
canny_hough,adaptive,combined,63,0,0,0.0,0.0,,5.08,15.92,0.732,8.279,1.069
canny_hough,adaptive,combined,64,0,0,0.0,0.0,,4.55,15.394,0.724,8.291,1.075
canny_hough,adaptive,combined,65,0,0,0.0,0.0,,4.693,14.116,0.652,7.12,0.974
canny_hough,adaptive,combined,66,0,0,0.0,0.0,,4.603,14.123,0.635,7.146,1.011
canny_hough,adaptive,combined,67,0,0,0.0,0.0,,4.737,14.166,0.647,7.134,0.97
canny_hough,adaptive,combined,68,0,0,0.0,0.0,,4.416,13.879,0.657,7.152,0.963
canny_hough,adaptive,combined,69,0,0,0.0,0.0,,4.772,14.145,0.644,7.089,0.947
canny_hough,adaptive,combined,70,0,0,0.0,0.0,,4.711,14.195,0.644,7.174,0.974
canny_hough,adaptive,combined,71,0,0,0.0,0.0,,4.728,14.225,0.678,7.088,1.039
canny_hough,adaptive,combined,72,1,1,0.6,319.0,159.0,3.461,12.864,0.641,7.145,0.93
canny_hough,adaptive,combined,73,0,0,0.0,0.0,,4.808,14.183,0.636,7.104,0.949
canny_hough,adaptive,combined,74,0,0,0.0,0.0,,4.762,14.13,0.636,7.113,0.942
canny_hough,adaptive,combined,75,0,0,0.0,0.0,,4.776,14.131,0.639,7.089,0.937
canny_hough,adaptive,combined,76,0,0,0.0,0.0,,4.775,14.212,0.638,7.135,0.941
canny_hough,adaptive,combined,77,0,0,0.0,0.0,,4.314,13.797,0.703,7.1,0.996
canny_hough,adaptive,combined,78,0,0,0.0,0.0,,4.238,13.635,0.66,7.138,0.903
canny_hough,adaptive,combined,79,0,0,0.0,0.0,,4.782,15.328,0.65,8.09,1.105
canny_hough,adaptive,combined,80,1,1,0.15,319.0,159.0,2.819,13.622,0.731,8.193,1.119
canny_hough,adaptive,combined,81,1,1,0.3,319.0,159.0,2.674,13.349,0.707,8.21,0.921
canny_hough,adaptive,combined,82,1,1,0.3,319.0,159.0,2.837,13.451,0.72,8.21,0.921
canny_hough,adaptive,combined,83,1,1,0.45,319.0,159.0,3.481,14.244,0.729,8.194,1.078
canny_hough,adaptive,combined,84,0,0,0.0,0.0,,4.518,15.255,0.715,8.228,1.043
canny_hough,adaptive,combined,85,0,0,0.0,0.0,,4.692,15.4,0.717,8.217,1.012
canny_hough,adaptive,combined,86,0,0,0.0,0.0,,4.69,15.589,0.718,8.323,0.985
canny_hough,adaptive,combined,87,0,0,0.0,0.0,,4.048,14.947,0.848,8.271,1.012
canny_hough,adaptive,combined,88,0,0,0.0,0.0,,4.105,14.864,0.721,8.183,1.09
canny_hough,adaptive,combined,89,0,0,0.0,0.0,,4.635,15.836,0.721,8.376,1.344
canny_hough,adaptive,combined,90,0,0,0.0,0.0,,4.777,16.221,0.742,8.263,1.645
canny_hough,adaptive,combined,91,0,0,0.0,0.0,,4.334,15.459,0.789,8.425,1.113
canny_hough,adaptive,combined,92,0,0,0.0,0.0,,4.24,14.935,0.732,8.185,1.014
canny_hough,adaptive,combined,93,0,0,0.0,0.0,,4.367,15.163,0.718,8.208,1.043
canny_hough,adaptive,combined,94,0,0,0.0,0.0,,4.49,15.307,0.791,8.228,1.03
canny_hough,adaptive,combined,95,0,0,0.0,0.0,,4.419,15.208,0.727,8.22,1.079
canny_hough,adaptive,combined,96,0,0,0.0,0.0,,4.897,15.788,0.719,8.226,1.156
canny_hough,adaptive,combined,97,0,0,0.0,0.0,,4.788,15.572,0.731,8.197,1.089
canny_hough,adaptive,combined,98,0,0,0.0,0.0,,4.898,15.638,0.722,8.212,1.034
canny_hough,adaptive,combined,99,0,0,0.0,0.0,,5.021,15.743,0.727,8.188,1.04
canny_hough,adaptive,combined,100,0,0,0.0,0.0,,4.772,15.711,0.746,8.398,1.033
canny_hough,adaptive,combined,101,0,0,0.0,0.0,,5.477,16.217,0.722,8.212,1.043
canny_hough,adaptive,combined,102,0,0,0.0,0.0,,5.133,15.971,0.723,8.245,1.102
canny_hough,adaptive,combined,103,0,0,0.0,0.0,,5.114,16.001,0.73,8.297,1.096
canny_hough,adaptive,combined,104,1,1,0.6,304.26,144.26,3.967,14.635,0.72,8.193,0.991
canny_hough,adaptive,combined,105,1,1,0.3,281.77,121.77,5.134,15.93,0.769,8.238,1.036
canny_hough,adaptive,combined,106,1,1,0.3,281.77,121.77,5.141,14.662,0.704,7.075,1.006
canny_hough,adaptive,combined,107,1,1,0.3,253.94,93.94,2.699,12.027,0.651,7.099,0.892
canny_hough,adaptive,combined,108,1,1,0.3,253.94,93.94,2.702,12.033,0.634,7.108,0.914
canny_hough,adaptive,combined,109,1,1,0.3,266.91,106.91,4.632,14.012,0.643,7.143,0.914
canny_hough,adaptive,combined,110,1,1,0.3,266.91,106.91,4.597,13.992,0.633,7.134,0.937
canny_hough,adaptive,combined,111,1,1,0.3,266.91,106.91,4.67,14.05,0.645,7.093,0.949
canny_hough,adaptive,combined,112,0,0,0.0,0.0,,2.803,12.147,0.628,7.152,0.889
canny_hough,adaptive,combined,113,0,0,0.0,0.0,,4.134,14.277,0.626,7.868,0.966
canny_hough,adaptive,combined,114,0,0,0.0,0.0,,4.166,14.899,0.759,8.239,0.981
canny_hough,adaptive,combined,115,1,1,0.3,0.0,-160.0,4.715,15.461,0.717,8.214,1.068
canny_hough,adaptive,combined,116,1,1,0.3,0.0,-160.0,4.693,15.539,0.722,8.284,1.042
canny_hough,adaptive,combined,117,1,1,0.6,0.0,-160.0,4.971,15.683,0.72,8.191,1.049
canny_hough,adaptive,combined,118,1,1,0.6,0.0,-160.0,5.274,15.975,0.715,8.204,0.967
canny_hough,adaptive,combined,119,1,1,0.6,0.0,-160.0,5.259,15.899,0.723,8.186,0.965
canny_hough,adaptive,combined,120,1,1,0.6,0.0,-160.0,5.688,16.354,0.737,8.185,0.976
canny_hough,adaptive,combined,121,1,1,0.6,0.0,-160.0,5.29,15.928,0.752,8.181,0.945
canny_hough,adaptive,combined,122,1,1,0.6,0.0,-160.0,5.345,15.993,0.754,8.173,0.957
canny_hough,adaptive,combined,123,1,1,0.6,0.0,-160.0,5.364,16.061,0.729,8.169,0.961
canny_hough,adaptive,combined,124,1,1,0.6,0.0,-160.0,5.412,16.732,1.192,8.325,1.027
canny_hough,adaptive,combined,125,1,1,0.6,42.12,-117.88,5.395,16.094,0.733,8.205,1.006
canny_hough,adaptive,combined,126,1,1,0.6,67.45,-92.55,5.099,15.81,0.751,8.193,0.967
canny_hough,adaptive,combined,127,1,1,0.6,67.45,-92.55,5.171,15.816,0.722,8.181,0.973
canny_hough,adaptive,combined,128,0,0,0.0,0.0,,5.076,15.839,0.726,8.205,1.074
canny_hough,adaptive,combined,129,0,0,0.0,0.0,,4.961,15.763,0.714,8.182,1.129
canny_hough,adaptive,combined,130,0,0,0.0,0.0,,4.95,15.849,0.738,8.235,1.161
canny_hough,adaptive,combined,131,0,0,0.0,0.0,,4.872,15.642,0.726,8.21,1.084
canny_hough,adaptive,combined,132,0,0,0.0,0.0,,4.876,15.628,0.724,8.215,1.044
canny_hough,adaptive,combined,133,1,1,0.6,319.0,159.0,4.913,15.624,0.722,8.213,1.012
canny_hough,adaptive,combined,134,1,1,0.6,319.0,159.0,4.922,15.63,0.723,8.216,1.009
canny_hough,adaptive,combined,135,1,1,0.6,319.0,159.0,4.911,15.588,0.716,8.189,1.011
canny_hough,adaptive,combined,136,1,1,0.3,319.0,159.0,4.766,15.546,0.71,8.228,1.045
canny_hough,adaptive,combined,137,1,1,0.45,319.0,159.0,4.735,15.498,0.729,8.21,1.001
canny_hough,adaptive,combined,138,1,1,0.45,319.0,159.0,4.698,15.515,0.771,8.294,0.989
canny_hough,adaptive,combined,139,1,1,0.45,319.0,159.0,4.271,13.72,0.702,7.076,0.992
canny_hough,adaptive,combined,140,1,1,0.6,154.47,-5.53,4.8,14.197,0.639,7.126,0.929
canny_hough,adaptive,combined,141,1,1,0.6,235.4,75.4,5.608,15.089,0.692,7.093,1.019
canny_hough,adaptive,combined,142,1,1,0.6,243.1,83.1,5.999,15.444,0.626,7.201,0.905
canny_hough,adaptive,combined,143,1,1,0.6,243.1,83.1,5.972,15.393,0.65,7.153,0.918
canny_hough,adaptive,combined,144,1,1,0.6,216.22,56.22,6.335,15.766,0.638,7.164,0.938
canny_hough,adaptive,combined,145,0,0,0.0,0.0,,1.345,10.662,0.661,7.121,0.847
canny_hough,adaptive,combined,146,0,0,0.0,0.0,,0.735,11.324,0.703,8.208,0.865
canny_hough,adaptive,combined,147,0,0,0.0,0.0,,0.732,11.27,0.729,8.214,0.881
canny_hough,adaptive,combined,148,0,0,0.0,0.0,,0.727,11.4,0.687,8.29,0.981
canny_hough,adaptive,combined,149,0,0,0.0,0.0,,0.736,11.332,0.681,8.242,0.962
canny_hough,adaptive,combined,150,0,0,0.0,0.0,,2.318,12.917,0.686,8.193,1.005
canny_hough,adaptive,combined,151,0,0,0.0,0.0,,2.165,12.951,0.809,8.187,1.05
canny_hough,adaptive,combined,152,0,0,0.0,0.0,,2.228,12.91,0.754,8.225,0.971
canny_hough,adaptive,combined,153,0,0,0.0,0.0,,3.937,14.557,0.703,8.21,0.975
canny_hough,adaptive,combined,154,0,0,0.0,0.0,,3.602,13.49,0.787,7.38,0.977
canny_hough,adaptive,combined,155,0,0,0.0,0.0,,3.519,12.855,0.634,7.126,0.893
canny_hough,adaptive,combined,156,0,0,0.0,0.0,,3.47,13.289,0.622,7.24,1.207
canny_hough,adaptive,combined,157,1,1,0.3,319.0,159.0,4.523,14.553,0.873,7.482,0.979
canny_hough,adaptive,combined,158,1,1,0.3,319.0,159.0,4.511,13.909,0.632,7.171,0.91
canny_hough,adaptive,combined,159,1,1,0.15,319.0,159.0,4.264,14.076,0.836,7.328,0.959
canny_hough,adaptive,combined,160,0,0,0.0,0.0,,1.943,11.486,0.643,7.373,0.851
canny_hough,adaptive,combined,161,1,1,0.3,319.0,159.0,4.601,13.943,0.645,7.142,0.869
canny_hough,adaptive,combined,162,1,1,0.3,319.0,159.0,4.818,15.556,0.772,8.25,0.947
canny_hough,adaptive,combined,163,1,1,0.6,319.0,159.0,5.468,16.193,0.722,8.209,1.027
canny_hough,adaptive,combined,164,1,1,0.6,319.0,159.0,5.478,16.238,0.726,8.295,0.981
canny_hough,adaptive,combined,165,1,1,0.15,319.0,159.0,3.764,14.538,0.775,8.243,0.998
canny_hough,adaptive,combined,166,0,0,0.0,0.0,,3.225,14.002,0.736,8.208,1.034
canny_hough,adaptive,combined,167,0,0,0.0,0.0,,3.28,14.027,0.712,8.269,0.946
canny_hough,adaptive,combined,168,0,0,0.0,0.0,,3.285,14.074,0.728,8.233,1.067
canny_hough,adaptive,combined,169,1,1,0.45,319.0,159.0,4.863,15.599,0.713,8.227,0.983
canny_hough,adaptive,combined,170,1,1,0.45,319.0,159.0,4.866,15.684,0.729,8.22,1.041
canny_hough,adaptive,combined,171,1,1,0.45,319.0,159.0,4.866,15.599,0.769,8.201,1.0
canny_hough,adaptive,combined,172,1,1,0.3,319.0,159.0,3.677,14.43,0.778,8.251,0.963
canny_hough,adaptive,combined,173,1,1,0.15,319.0,159.0,3.461,14.196,0.732,8.196,0.983
canny_hough,adaptive,combined,174,1,1,0.3,319.0,159.0,4.365,15.093,0.718,8.219,0.973
canny_hough,adaptive,combined,175,1,1,0.3,319.0,159.0,4.341,15.071,0.773,8.235,0.968
canny_hough,adaptive,combined,176,1,1,0.45,319.0,159.0,4.731,15.502,0.728,8.213,1.031
canny_hough,adaptive,combined,177,1,1,0.45,319.0,159.0,4.766,15.526,0.729,8.259,1.01
canny_hough,adaptive,combined,178,1,1,0.45,319.0,159.0,4.776,15.705,0.72,8.19,1.186
canny_hough,adaptive,combined,179,1,1,0.45,319.0,159.0,4.887,15.567,0.724,8.188,0.972
canny_hough,adaptive,combined,180,1,1,0.15,319.0,159.0,3.391,14.043,0.726,8.198,0.965
canny_hough,adaptive,combined,181,1,1,0.3,319.0,159.0,4.467,15.197,0.724,8.261,0.988
canny_hough,adaptive,combined,182,1,1,0.3,319.0,159.0,4.059,14.785,0.73,8.19,1.045
canny_hough,adaptive,combined,183,1,1,0.3,319.0,159.0,4.028,14.844,0.871,8.19,0.999
canny_hough,adaptive,combined,184,1,1,0.3,319.0,159.0,4.115,14.863,0.7,8.226,0.996
canny_hough,adaptive,combined,185,1,1,0.3,319.0,159.0,4.171,14.978,0.726,8.285,1.037
canny_hough,adaptive,combined,186,1,1,0.3,319.0,159.0,4.091,14.886,0.725,8.208,1.068
canny_hough,adaptive,combined,187,1,1,0.3,319.0,159.0,4.088,14.767,0.723,8.213,0.985
canny_hough,adaptive,combined,188,1,1,0.15,319.0,159.0,4.115,14.833,0.77,8.253,0.946
canny_hough,adaptive,combined,189,1,1,0.6,319.0,159.0,4.282,13.567,0.636,7.104,0.854
canny_hough,adaptive,combined,190,1,1,0.6,319.0,159.0,4.254,13.642,0.64,7.131,0.863
canny_hough,adaptive,combined,191,1,1,0.6,319.0,159.0,4.243,13.668,0.699,7.144,0.889
canny_hough,adaptive,combined,192,1,1,0.45,319.0,159.0,3.844,13.306,0.695,7.108,0.989
canny_hough,adaptive,combined,193,1,1,0.15,319.0,159.0,3.915,13.826,0.64,7.279,1.269
canny_hough,adaptive,combined,194,0,0,0.0,0.0,,4.664,13.967,0.647,7.115,0.85
canny_hough,adaptive,combined,195,0,0,0.0,0.0,,4.648,13.975,0.638,7.129,0.859
canny_hough,adaptive,combined,196,1,1,0.45,319.0,159.0,4.233,14.868,0.717,8.205,0.922
canny_hough,adaptive,combined,197,1,1,0.15,319.0,159.0,3.402,14.045,0.704,8.194,0.919
canny_hough,adaptive,combined,198,1,1,0.15,319.0,159.0,3.451,14.123,0.712,8.224,0.915
canny_hough,adaptive,combined,199,1,1,0.45,319.0,159.0,3.846,14.557,0.726,8.235,0.993
canny_hough,adaptive,combined,200,1,1,0.45,319.0,159.0,3.838,14.46,0.721,8.21,0.937
canny_hough,adaptive,combined,201,1,1,0.45,319.0,159.0,4.382,15.059,0.777,8.26,0.889
canny_hough,adaptive,combined,202,1,1,0.6,319.0,159.0,4.538,15.329,0.733,8.227,1.041
canny_hough,adaptive,combined,203,1,1,0.6,319.0,159.0,4.027,13.377,0.638,7.09,0.889
canny_hough,adaptive,combined,204,1,1,0.45,319.0,159.0,4.157,13.555,0.695,7.084,0.927
canny_hough,adaptive,combined,205,1,1,0.6,319.0,159.0,3.993,13.265,0.628,7.131,0.848
canny_hough,adaptive,combined,206,1,1,0.6,319.0,159.0,4.023,13.403,0.643,7.183,0.839
canny_hough,adaptive,combined,207,1,1,0.6,319.0,159.0,4.218,13.627,0.672,7.102,0.928
canny_hough,adaptive,combined,208,1,1,0.6,319.0,159.0,4.496,13.822,0.643,7.125,0.866
canny_hough,adaptive,combined,209,1,1,0.6,319.0,159.0,4.465,13.972,0.703,7.185,0.922
canny_hough,adaptive,combined,210,1,1,0.6,319.0,159.0,4.986,14.638,0.638,7.399,0.908
canny_hough,adaptive,combined,211,1,1,0.6,319.0,159.0,4.874,15.56,0.715,8.205,0.92
canny_hough,adaptive,combined,212,1,1,0.6,319.0,159.0,4.89,15.681,0.836,8.26,0.927
canny_hough,adaptive,combined,213,1,1,0.6,311.31,151.31,4.41,15.137,0.774,8.235,0.955
canny_hough,adaptive,combined,214,1,1,0.6,311.31,151.31,4.426,15.152,0.716,8.217,1.043
canny_hough,adaptive,combined,215,1,1,0.6,276.52,116.52,5.551,16.164,0.72,8.189,0.95
canny_hough,adaptive,combined,216,1,1,0.6,242.75,82.75,5.75,16.554,0.738,8.219,1.04
canny_hough,adaptive,combined,217,1,1,0.6,245.98,85.98,5.99,16.697,0.724,8.238,0.985
canny_hough,adaptive,combined,218,1,1,0.45,232.7,72.7,4.219,14.91,0.775,8.245,0.911
canny_hough,adaptive,combined,219,1,1,0.45,232.7,72.7,4.226,14.917,0.73,8.219,0.988
canny_hough,adaptive,combined,220,1,1,0.6,232.83,72.83,4.117,14.702,0.723,8.171,0.906
canny_hough,adaptive,combined,221,1,1,0.45,218.62,58.62,3.531,14.161,0.712,8.196,0.9
canny_hough,adaptive,combined,222,1,1,0.45,218.62,58.62,3.5,14.181,0.736,8.198,0.992
canny_hough,adaptive,combined,223,1,1,0.45,218.62,58.62,3.483,14.198,0.821,8.231,0.911
canny_hough,adaptive,combined,224,1,1,0.45,218.62,58.62,3.904,14.717,0.736,8.212,1.051
canny_hough,adaptive,combined,225,1,1,0.3,215.03,55.03,7.392,18.319,0.756,8.321,0.963
canny_hough,adaptive,combined,226,1,1,0.3,215.03,55.03,7.506,18.294,0.698,8.269,0.951
canny_hough,adaptive,combined,227,1,1,0.3,211.05,51.05,7.921,19.322,0.724,8.401,1.478
canny_hough,adaptive,combined,228,1,1,0.3,211.05,51.05,7.558,18.366,0.744,8.222,1.005
canny_hough,adaptive,combined,229,1,1,0.3,215.37,55.37,5.819,16.747,0.709,8.467,0.935
canny_hough,adaptive,combined,230,1,1,0.3,219.26,59.26,5.78,16.393,0.722,8.199,0.929
canny_hough,adaptive,combined,231,1,1,0.3,219.26,59.26,5.699,16.297,0.722,8.185,0.931
canny_hough,adaptive,combined,232,1,1,0.45,211.44,51.44,7.944,18.59,0.724,8.197,0.961
canny_hough,adaptive,combined,233,1,1,0.3,216.65,56.65,7.762,18.418,0.72,8.209,0.956
canny_hough,adaptive,combined,234,1,1,0.3,217.08,57.08,7.411,18.249,0.731,8.205,1.119
canny_hough,adaptive,combined,235,1,1,0.3,217.08,57.08,7.35,18.012,0.717,8.234,0.946
canny_hough,adaptive,combined,236,1,1,0.3,214.2,54.2,7.429,18.227,0.775,8.235,0.986
canny_hough,adaptive,combined,237,1,1,0.3,215.96,55.96,7.55,18.209,0.72,8.193,0.98
canny_hough,adaptive,combined,238,1,1,0.3,215.96,55.96,7.537,18.312,0.784,8.241,0.983
canny_hough,adaptive,combined,239,1,1,0.15,217.34,57.34,7.359,18.235,0.759,8.207,1.08
canny_hough,adaptive,combined,240,1,1,0.15,217.34,57.34,7.511,18.267,0.81,8.204,0.967
canny_hough,adaptive,combined,241,1,1,0.3,215.63,55.63,7.32,18.055,0.748,8.187,1.04
canny_hough,adaptive,combined,242,1,1,0.3,218.97,58.97,7.496,18.15,0.726,8.184,0.981
canny_hough,adaptive,combined,243,1,1,0.3,218.97,58.97,7.529,18.301,0.785,8.251,0.976
canny_hough,adaptive,combined,244,1,1,0.3,214.87,54.87,7.657,18.362,0.749,8.195,0.987
canny_hough,adaptive,combined,245,1,1,0.15,216.94,56.94,7.392,18.096,0.714,8.217,0.95
canny_hough,adaptive,combined,246,1,1,0.15,216.94,56.94,7.389,18.197,0.728,8.235,1.035
canny_hough,adaptive,combined,247,1,1,0.15,214.68,54.68,7.385,18.123,0.713,8.228,0.984
canny_hough,adaptive,combined,248,1,1,0.15,214.68,54.68,7.474,18.222,0.722,8.228,1.042
canny_hough,adaptive,combined,249,1,1,0.3,217.86,57.86,7.497,18.166,0.712,8.196,0.991
canny_hough,adaptive,combined,250,1,1,0.3,217.86,57.86,7.571,18.331,0.723,8.29,0.985
canny_hough,adaptive,combined,251,1,1,0.3,217.87,57.87,7.301,17.969,0.724,8.182,0.999
canny_hough,adaptive,combined,252,1,1,0.3,217.87,57.87,6.614,16.095,0.736,7.113,0.956
canny_hough,adaptive,combined,253,1,1,0.3,219.2,59.2,6.652,16.111,0.68,7.092,1.0
canny_hough,adaptive,combined,254,1,1,0.3,219.2,59.2,6.625,16.041,0.682,7.081,0.951
canny_hough,adaptive,combined,255,1,1,0.3,219.2,59.2,6.849,16.21,0.664,7.071,0.943
canny_hough,adaptive,combined,256,1,1,0.15,217.77,57.77,6.567,16.454,0.964,7.203,0.896
canny_hough,adaptive,combined,257,1,1,0.3,218.59,58.59,6.492,15.86,0.663,7.133,0.885
canny_hough,adaptive,combined,258,1,1,0.3,218.59,58.59,6.582,15.977,0.641,7.153,0.9
canny_hough,adaptive,combined,259,1,1,0.3,215.13,55.13,6.661,15.992,0.637,7.116,0.882
canny_hough,adaptive,combined,260,1,1,0.3,217.85,57.85,6.524,15.92,0.635,7.166,0.902
canny_hough,adaptive,combined,261,1,1,0.3,219.94,59.94,6.355,15.724,0.641,7.144,0.889
canny_hough,adaptive,combined,262,1,1,0.3,219.94,59.94,6.364,15.788,0.648,7.178,0.905
canny_hough,adaptive,combined,263,1,1,0.3,219.85,59.85,6.554,15.977,0.634,7.147,0.883
canny_hough,adaptive,combined,264,1,1,0.3,219.85,59.85,7.476,17.024,0.63,7.197,0.972
canny_hough,adaptive,combined,265,1,1,0.3,217.32,57.32,7.592,18.241,0.728,8.184,0.985
canny_hough,adaptive,combined,266,1,1,0.3,217.32,57.32,7.596,18.361,0.734,8.25,0.983
canny_hough,adaptive,combined,267,1,1,0.3,219.85,59.85,7.329,18.1,0.735,8.209,1.067
canny_hough,adaptive,combined,268,1,1,0.3,219.85,59.85,7.452,18.2,0.723,8.207,0.966
canny_hough,adaptive,combined,269,1,1,0.3,219.91,59.91,7.608,18.356,0.724,8.214,1.051
canny_hough,adaptive,combined,270,1,1,0.3,219.91,59.91,7.612,18.274,0.725,8.195,0.979
canny_hough,adaptive,combined,271,1,1,0.3,217.37,57.37,7.242,17.984,0.779,8.214,0.985
canny_hough,adaptive,combined,272,1,1,0.3,217.37,57.37,7.231,17.947,0.733,8.178,1.006
canny_hough,adaptive,combined,273,1,1,0.3,217.87,57.87,7.435,18.157,0.78,8.234,0.939
canny_hough,adaptive,combined,274,1,1,0.15,217.12,57.12,7.533,18.217,0.74,8.207,0.974
canny_hough,adaptive,combined,275,1,1,0.15,217.12,57.12,7.356,18.089,0.775,8.238,0.969
canny_hough,adaptive,combined,276,1,1,0.3,219.14,59.14,7.27,18.119,0.736,8.247,1.07
canny_hough,adaptive,combined,277,1,1,0.15,218.66,58.66,7.357,18.125,0.727,8.225,0.982
canny_hough,adaptive,combined,278,1,1,0.3,218.22,58.22,7.84,18.599,0.723,8.229,1.049
canny_hough,adaptive,combined,279,1,1,0.3,218.22,58.22,7.715,18.353,0.735,8.165,0.974
canny_hough,adaptive,combined,280,1,1,0.3,219.67,59.67,7.491,18.213,0.777,8.233,0.953
canny_hough,adaptive,combined,281,1,1,0.3,217.48,57.48,7.841,18.847,0.741,8.401,1.099
canny_hough,adaptive,combined,282,1,1,0.3,219.52,59.52,7.636,18.392,0.723,8.216,1.015
canny_hough,adaptive,combined,283,1,1,0.3,219.52,59.52,7.568,18.392,0.738,8.379,0.958
canny_hough,adaptive,combined,284,1,1,0.3,215.99,55.99,9.027,19.738,0.726,8.232,0.985
canny_hough,adaptive,combined,285,1,1,0.3,216.58,56.58,7.699,18.4,0.743,8.198,0.985
canny_hough,adaptive,combined,286,1,1,0.3,217.77,57.77,7.979,18.825,0.768,8.313,0.958
canny_hough,adaptive,combined,287,1,1,0.3,217.77,57.77,7.704,18.414,0.728,8.172,1.031
canny_hough,adaptive,combined,288,1,1,0.15,219.84,59.84,7.599,18.269,0.728,8.177,0.994
canny_hough,adaptive,combined,289,1,1,0.3,217.42,57.42,7.519,18.256,0.776,8.238,0.967
canny_hough,adaptive,combined,290,1,1,0.3,217.42,57.42,7.476,18.274,0.739,8.204,1.021
canny_hough,adaptive,combined,291,1,1,0.3,220.23,60.23,7.541,18.289,0.731,8.199,0.979
canny_hough,adaptive,combined,292,1,1,0.15,219.84,59.84,7.604,18.297,0.719,8.191,1.014
canny_hough,adaptive,combined,293,1,1,0.3,217.95,57.95,7.126,17.834,0.75,8.207,0.977
canny_hough,adaptive,combined,294,1,1,0.3,217.95,57.95,7.185,17.907,0.731,8.199,1.03
canny_hough,adaptive,combined,295,1,1,0.3,216.16,56.16,7.326,18.004,0.721,8.219,0.982
canny_hough,adaptive,combined,296,1,1,0.3,218.73,58.73,7.391,18.199,0.731,8.245,1.035
canny_hough,adaptive,combined,297,1,1,0.3,219.2,59.2,7.557,18.225,0.733,8.206,0.962
canny_hough,adaptive,combined,298,1,1,0.3,219.2,59.2,7.595,18.34,0.776,8.217,0.981
canny_hough,adaptive,combined,299,1,1,0.15,217.12,57.12,7.32,17.97,0.73,8.165,0.991
canny_hough,adaptive,combined,300,1,1,0.15,217.12,57.12,7.339,18.065,0.79,8.189,0.982
canny_hough,adaptive,combined,301,1,1,0.3,220.23,60.23,7.412,18.128,0.735,8.181,0.972
canny_hough,adaptive,combined,302,1,1,0.3,215.03,55.03,7.469,18.25,0.715,8.209,1.025
canny_hough,adaptive,combined,303,1,1,0.3,215.03,55.03,7.488,18.248,0.733,8.257,1.005
canny_hough,adaptive,combined,304,1,1,0.3,217.48,57.48,7.474,18.163,0.736,8.208,0.977
canny_hough,adaptive,combined,305,1,1,0.3,218.13,58.13,7.488,18.227,0.738,8.193,0.983
canny_hough,adaptive,combined,306,1,1,0.3,218.14,58.14,7.431,18.156,0.72,8.211,0.991
canny_hough,adaptive,combined,307,1,1,0.3,218.14,58.14,7.39,18.121,0.774,8.23,0.968
canny_hough,adaptive,combined,308,1,1,0.3,219.06,59.06,7.681,18.325,0.713,8.186,0.971
canny_hough,adaptive,combined,309,1,1,0.3,223.75,63.75,3.729,15.136,0.728,8.376,1.435
canny_hough,adaptive,combined,310,1,1,0.15,224.64,64.64,6.101,17.248,0.918,8.449,0.922
canny_hough,adaptive,combined,311,1,1,0.15,224.64,64.64,5.768,16.992,1.204,8.287,0.924
canny_hough,adaptive,combined,312,1,1,0.3,221.51,61.51,6.594,17.209,0.726,8.216,0.904
canny_hough,adaptive,combined,313,1,1,0.3,224.28,64.28,5.779,16.609,0.798,8.34,0.901
canny_hough,adaptive,combined,314,1,1,0.3,224.28,64.28,5.869,16.614,0.756,8.263,0.952
canny_hough,adaptive,combined,315,1,1,0.3,220.25,60.25,5.734,16.444,0.723,8.218,0.943
canny_hough,adaptive,combined,316,1,1,0.3,220.8,60.8,7.415,18.129,0.726,8.195,0.994
canny_hough,adaptive,combined,317,1,1,0.3,221.93,61.93,7.555,18.314,0.723,8.292,0.977
canny_hough,adaptive,combined,318,1,1,0.3,221.93,61.93,7.634,18.32,0.717,8.208,0.991
canny_hough,adaptive,combined,319,1,1,0.3,218.59,58.59,6.47,17.231,0.773,8.245,0.97
canny_hough,adaptive,combined,320,1,1,0.3,221.97,61.97,7.375,18.077,0.72,8.215,0.999
canny_hough,adaptive,combined,321,1,1,0.3,222.1,62.1,7.465,18.189,0.731,8.288,0.95
canny_hough,adaptive,combined,322,1,1,0.3,222.1,62.1,7.495,18.227,0.733,8.206,1.023
canny_hough,adaptive,combined,323,1,1,0.3,219.39,59.39,7.156,17.887,0.758,8.243,0.974
canny_hough,adaptive,combined,324,1,1,0.3,219.39,59.39,7.132,18.005,0.724,8.349,0.969
canny_hough,adaptive,combined,325,1,1,0.3,219.87,59.87,7.458,18.188,0.761,8.235,0.974
canny_hough,adaptive,combined,326,1,1,0.3,219.87,59.87,6.656,16.17,0.691,7.124,0.908
canny_hough,adaptive,combined,327,1,1,0.3,222.83,62.83,6.443,15.845,0.674,7.151,0.895
canny_hough,adaptive,combined,328,1,1,0.3,222.83,62.83,6.513,15.902,0.65,7.136,0.918
canny_hough,adaptive,combined,329,1,1,0.3,220.28,60.28,6.456,15.847,0.635,7.158,0.913
canny_hough,adaptive,combined,330,1,1,0.3,220.28,60.28,6.491,15.853,0.638,7.131,0.91
canny_hough,adaptive,combined,331,1,1,0.15,219.9,59.9,6.408,15.747,0.639,7.128,0.904
canny_hough,adaptive,combined,332,1,1,0.15,219.9,59.9,7.183,16.829,0.637,7.342,0.973
canny_hough,adaptive,combined,333,1,1,0.3,222.06,62.06,7.262,18.042,0.725,8.26,1.036
canny_hough,adaptive,combined,334,1,1,0.3,222.06,62.06,7.243,17.926,0.716,8.212,0.981
canny_hough,adaptive,combined,335,1,1,0.3,219.37,59.37,7.38,18.104,0.72,8.199,1.045
canny_hough,adaptive,combined,336,1,1,0.3,221.24,61.24,7.387,18.077,0.696,8.211,0.977
canny_hough,adaptive,combined,337,1,1,0.3,219.57,59.57,7.496,18.963,0.723,8.491,1.489
canny_hough,adaptive,combined,338,1,1,0.3,219.57,59.57,6.461,15.953,0.698,7.157,0.885
canny_hough,adaptive,combined,339,1,1,0.3,223.89,63.89,6.454,16.002,0.639,7.313,0.869
canny_hough,adaptive,combined,340,1,1,0.3,220.85,60.85,6.454,15.824,0.646,7.147,0.889
canny_hough,adaptive,combined,341,1,1,0.15,221.77,61.77,6.252,15.631,0.655,7.132,0.907
canny_hough,adaptive,combined,342,1,1,0.15,221.77,61.77,6.437,15.94,0.64,7.24,0.922
canny_hough,adaptive,combined,343,1,1,0.3,221.37,61.37,6.665,15.995,0.632,7.128,0.891
canny_hough,adaptive,combined,344,1,1,0.3,222.77,62.77,7.315,17.043,0.655,7.386,0.989
canny_hough,adaptive,combined,345,1,1,0.15,221.77,61.77,7.291,18.221,0.692,8.421,1.042
canny_hough,adaptive,combined,346,1,1,0.15,221.77,61.77,7.296,18.034,0.731,8.227,0.978
canny_hough,adaptive,combined,347,1,1,0.3,220.87,60.87,7.392,18.077,0.726,8.253,0.96
canny_hough,adaptive,combined,348,1,1,0.3,220.87,60.87,7.436,18.196,0.738,8.276,0.986
canny_hough,adaptive,combined,349,1,1,0.15,221.77,61.77,7.349,18.087,0.796,8.226,0.959
canny_hough,adaptive,combined,350,1,1,0.3,220.91,60.91,7.347,18.088,0.744,8.228,0.986
canny_hough,adaptive,combined,351,1,1,0.3,220.91,60.91,7.283,17.981,0.74,8.236,0.961
canny_hough,adaptive,combined,352,1,1,0.3,223.22,63.22,7.417,18.157,0.718,8.209,0.988
canny_hough,adaptive,combined,353,1,1,0.15,222.83,62.83,7.061,17.839,0.716,8.235,0.982
canny_hough,adaptive,combined,354,1,1,0.3,220.91,60.91,7.198,17.96,0.719,8.206,1.0
canny_hough,adaptive,combined,355,1,1,0.3,220.91,60.91,6.484,17.214,0.712,8.217,0.987
canny_hough,adaptive,combined,356,1,1,0.3,217.1,57.1,6.663,16.106,0.636,7.158,0.928
canny_hough,adaptive,combined,357,1,1,0.3,221.98,61.98,6.427,15.778,0.642,7.135,0.893
canny_hough,adaptive,combined,358,1,1,0.3,221.2,61.2,6.622,16.021,0.654,7.153,0.901
canny_hough,adaptive,combined,359,1,1,0.3,221.2,61.2,6.59,15.939,0.636,7.125,0.899
canny_hough,adaptive,combined,360,1,1,0.15,221.65,61.65,6.421,15.796,0.635,7.164,0.89
histogram,fixed,edges,0,1,0,0.0167,142.66,-17.34,8.123,10.398,0.639,0.089,0.85
histogram,fixed,edges,1,1,0,0.0167,146.55,-13.45,4.093,6.38,0.695,0.1,0.81
histogram,fixed,edges,2,1,0,0.0181,143.59,-16.41,3.961,6.198,0.638,0.108,0.806
histogram,fixed,edges,3,1,0,0.0181,143.59,-16.41,3.868,6.151,0.633,0.093,0.824
histogram,fixed,edges,4,1,0,0.0181,144.2,-15.8,4.014,6.348,0.637,0.092,0.829
histogram,fixed,edges,5,1,0,0.0167,144.29,-15.71,3.941,6.191,0.647,0.092,0.832
histogram,fixed,edges,6,1,0,0.0167,144.29,-15.71,3.942,6.228,0.642,0.091,0.87
histogram,fixed,edges,7,1,0,0.0181,144.24,-15.76,4.022,6.266,0.652,0.092,0.827
histogram,fixed,edges,8,1,0,0.0167,144.27,-15.73,3.942,6.212,0.676,0.097,0.813
histogram,fixed,edges,9,1,0,0.0181,144.21,-15.79,3.94,6.159,0.636,0.092,0.817
histogram,fixed,edges,10,1,0,0.0181,144.21,-15.79,3.94,6.334,0.69,0.122,0.836
histogram,fixed,edges,11,1,0,0.0181,143.59,-16.41,3.885,6.195,0.644,0.092,0.901
histogram,fixed,edges,12,1,0,0.0181,143.69,-16.31,3.849,6.074,0.634,0.094,0.808
histogram,fixed,edges,13,1,0,0.0167,145.79,-14.21,4.016,6.332,0.656,0.094,0.893
histogram,fixed,edges,14,1,0,0.0167,145.79,-14.21,4.007,6.271,0.642,0.095,0.801
histogram,fixed,edges,15,1,0,0.0181,144.1,-15.9,4.034,6.323,0.698,0.102,0.806
histogram,fixed,edges,16,1,0,0.0181,144.1,-15.9,3.967,6.215,0.648,0.091,0.816
histogram,fixed,edges,17,1,0,0.0194,144.25,-15.75,4.469,6.784,0.651,0.091,0.818
histogram,fixed,edges,18,1,0,0.0181,144.24,-15.76,4.464,7.003,0.714,0.157,0.903
histogram,fixed,edges,19,1,0,0.0181,144.19,-15.81,4.281,6.864,0.732,0.1,0.992
histogram,fixed,edges,20,1,0,0.0181,144.19,-15.81,4.436,6.913,0.723,0.096,0.908
histogram,fixed,edges,21,1,0,0.0181,144.19,-15.81,4.467,7.058,0.753,0.102,0.929
histogram,fixed,edges,22,1,0,0.0167,145.76,-14.24,4.583,7.138,0.771,0.106,0.923
histogram,fixed,edges,23,1,0,0.0167,145.76,-14.24,4.546,7.152,0.746,0.103,0.996
histogram,fixed,edges,24,1,0,0.0181,144.18,-15.82,4.546,7.074,0.721,0.102,0.916
histogram,fixed,edges,25,1,0,0.0181,144.16,-15.84,4.457,6.921,0.705,0.104,0.906
histogram,fixed,edges,26,1,0,0.0181,144.16,-15.84,5.013,7.512,0.73,0.098,0.916
histogram,fixed,edges,27,1,0,0.0181,144.16,-15.84,4.735,7.354,0.78,0.105,0.925
histogram,fixed,edges,28,1,0,0.0181,145.44,-14.56,4.359,6.927,0.728,0.097,0.99
histogram,fixed,edges,29,1,0,0.0181,144.16,-15.84,4.407,6.884,0.727,0.098,0.906
histogram,fixed,edges,30,1,0,0.0181,144.19,-15.81,4.294,6.783,0.712,0.102,0.913
histogram,fixed,edges,31,1,0,0.0181,144.19,-15.81,4.278,6.831,0.77,0.106,0.914
histogram,fixed,edges,32,1,0,0.0181,146.6,-13.4,4.608,7.311,0.834,0.108,1.012
histogram,fixed,edges,33,1,0,0.0181,144.19,-15.81,4.363,6.853,0.729,0.101,0.915
histogram,fixed,edges,34,1,0,0.0181,144.19,-15.81,4.362,6.883,0.719,0.102,0.909
histogram,fixed,edges,35,1,0,0.0167,145.9,-14.1,4.505,7.051,0.773,0.106,0.916
histogram,fixed,edges,36,1,0,0.0167,145.9,-14.1,4.616,7.167,0.72,0.099,0.981
histogram,fixed,edges,37,1,0,0.0167,144.38,-15.62,4.433,7.012,0.725,0.099,0.925
histogram,fixed,edges,38,1,0,0.0167,144.38,-15.62,4.466,6.954,0.718,0.098,0.911
histogram,fixed,edges,39,1,0,0.0181,144.09,-15.91,4.517,7.107,0.734,0.116,0.929
histogram,fixed,edges,40,1,0,0.0181,144.09,-15.91,4.489,7.042,0.768,0.102,0.928
histogram,fixed,edges,41,1,0,0.0181,144.2,-15.8,4.367,6.966,0.739,0.101,1.011
histogram,fixed,edges,42,1,0,0.0181,144.16,-15.84,4.548,7.073,0.728,0.101,0.945
histogram,fixed,edges,43,1,0,0.0181,143.3,-16.7,4.335,6.843,0.728,0.099,0.924
histogram,fixed,edges,44,1,0,0.0181,143.3,-16.7,4.302,6.884,0.773,0.103,0.92
histogram,fixed,edges,45,1,0,0.0181,144.12,-15.88,4.485,7.068,0.731,0.104,0.997
histogram,fixed,edges,46,1,0,0.0181,144.12,-15.88,4.547,7.098,0.721,0.099,0.944
histogram,fixed,edges,47,1,0,0.0167,144.23,-15.77,4.475,6.968,0.725,0.099,0.913
histogram,fixed,edges,48,1,0,0.0167,144.23,-15.77,4.516,7.023,0.742,0.102,0.911
histogram,fixed,edges,49,1,0,0.0181,145.64,-14.36,4.559,7.145,0.743,0.098,0.991
histogram,fixed,edges,50,1,0,0.0181,145.64,-14.36,4.622,7.184,0.727,0.097,0.909
histogram,fixed,edges,51,1,0,0.0181,144.14,-15.86,4.468,6.973,0.726,0.098,0.923
histogram,fixed,edges,52,1,0,0.0167,144.22,-15.78,4.476,7.056,0.723,0.098,0.918
histogram,fixed,edges,53,1,0,0.0167,144.22,-15.78,4.453,7.037,0.781,0.107,0.948
histogram,fixed,edges,54,1,0,0.0181,144.16,-15.84,4.523,7.135,0.723,0.099,1.013
histogram,fixed,edges,55,1,0,0.0167,144.1,-15.9,4.609,7.094,0.707,0.1,0.922
histogram,fixed,edges,56,1,0,0.0167,144.1,-15.9,4.463,6.941,0.721,0.098,0.911
histogram,fixed,edges,57,1,0,0.0167,144.3,-15.7,4.57,7.122,0.72,0.102,0.912
histogram,fixed,edges,58,1,0,0.0181,144.24,-15.76,4.47,7.025,0.736,0.143,0.934
histogram,fixed,edges,59,1,0,0.0181,144.24,-15.76,4.465,7.061,0.749,0.114,0.986
histogram,fixed,edges,60,1,0,0.0181,144.17,-15.83,4.524,7.054,0.718,0.099,0.97
histogram,fixed,edges,61,1,0,0.0167,144.21,-15.79,4.466,6.955,0.725,0.1,0.925
histogram,fixed,edges,62,1,0,0.0167,144.21,-15.79,4.5,7.053,0.778,0.103,0.917
histogram,fixed,edges,63,1,0,0.0167,144.21,-15.79,4.464,7.051,0.726,0.1,1.01
histogram,fixed,edges,64,1,0,0.0167,144.21,-15.79,4.605,7.136,0.725,0.101,0.915
histogram,fixed,edges,65,1,0,0.0167,144.15,-15.85,4.471,6.942,0.714,0.098,0.917
histogram,fixed,edges,66,1,0,0.0167,144.15,-15.85,4.467,7.017,0.727,0.097,0.916
histogram,fixed,edges,67,1,0,0.0181,144.19,-15.81,4.444,7.278,0.725,0.1,1.266
histogram,fixed,edges,68,1,0,0.0181,144.17,-15.83,4.487,7.046,0.72,0.099,0.992
histogram,fixed,edges,69,1,0,0.0181,144.62,-15.38,4.758,7.228,0.728,0.099,0.897
histogram,fixed,edges,70,1,0,0.0181,146.18,-13.82,4.643,7.155,0.726,0.102,0.932
histogram,fixed,edges,71,1,0,0.0181,146.18,-13.82,4.726,7.307,0.727,0.101,0.917
histogram,fixed,edges,72,1,1,0.0142,141.9,-18.1,3.321,5.969,0.915,0.11,0.872
histogram,fixed,edges,73,1,0,0.0194,152.52,-7.48,4.854,7.32,0.725,0.099,0.897
histogram,fixed,edges,74,1,0,0.0208,147.41,-12.59,4.054,6.647,0.723,0.101,0.928
histogram,fixed,edges,75,1,0,0.0208,147.41,-12.59,3.828,6.11,0.7,0.099,0.816
histogram,fixed,edges,76,1,0,0.0181,148.12,-11.88,4.117,6.335,0.641,0.095,0.809
histogram,fixed,edges,77,1,0,0.0194,147.52,-12.48,3.965,6.189,0.627,0.092,0.774
histogram,fixed,edges,78,1,0,0.0194,147.52,-12.48,3.98,6.257,0.649,0.092,0.781
histogram,fixed,edges,79,1,0,0.0194,147.52,-12.48,4.02,6.198,0.638,0.09,0.779
histogram,fixed,edges,80,1,1,0.0075,137.47,-22.53,2.986,5.217,0.658,0.093,0.805
histogram,fixed,edges,81,1,1,0.0067,165.44,5.44,3.159,5.354,0.637,0.092,0.716
histogram,fixed,edges,82,1,1,0.0067,165.44,5.44,3.211,5.364,0.637,0.093,0.733
histogram,fixed,edges,83,1,1,0.0133,173.49,13.49,2.907,5.175,0.651,0.094,0.85
histogram,fixed,edges,84,1,0,0.0181,159.04,-0.96,3.756,6.031,0.63,0.093,0.784
histogram,fixed,edges,85,1,0,0.0181,158.78,-1.22,3.352,5.626,0.642,0.096,0.783
histogram,fixed,edges,86,1,0,0.0181,158.78,-1.22,3.54,5.815,0.645,0.091,0.786
histogram,fixed,edges,87,1,0,0.0125,150.64,-9.36,4.298,7.544,1.043,0.176,1.346
histogram,fixed,edges,88,1,0,0.0125,150.64,-9.36,3.867,6.108,0.657,0.11,0.798
histogram,fixed,edges,89,1,0,0.0167,142.32,-17.68,3.742,6.082,0.713,0.099,0.808
histogram,fixed,edges,90,1,0,0.0167,142.32,-17.68,3.868,6.126,0.662,0.107,0.796
histogram,fixed,edges,91,1,0,0.0111,143.31,-16.69,4.366,6.63,0.633,0.096,0.791
histogram,fixed,edges,92,1,0,0.0111,143.31,-16.69,4.505,7.032,0.739,0.102,0.944
histogram,fixed,edges,93,1,0,0.0181,141.72,-18.28,4.209,6.819,0.72,0.099,1.014
histogram,fixed,edges,94,1,0,0.0194,141.79,-18.21,4.056,6.536,0.717,0.101,0.87
histogram,fixed,edges,95,1,0,0.0194,141.79,-18.21,4.362,6.896,0.797,0.109,0.883
histogram,fixed,edges,96,1,0,0.0194,143.5,-16.5,4.663,7.297,0.747,0.102,1.011
histogram,fixed,edges,97,1,0,0.0222,143.04,-16.96,4.09,6.55,0.727,0.098,0.888
histogram,fixed,edges,98,1,0,0.0222,143.04,-16.96,4.087,6.798,0.886,0.11,0.883
histogram,fixed,edges,99,1,0,0.0222,143.04,-16.96,4.132,6.632,0.732,0.142,0.882
histogram,fixed,edges,100,1,0,0.0208,146.31,-13.69,4.511,6.98,0.718,0.1,0.896
histogram,fixed,edges,101,1,0,0.0181,147.89,-12.11,4.616,7.783,0.814,0.136,1.438
histogram,fixed,edges,102,1,0,0.0181,148.25,-11.75,4.744,7.243,0.721,0.099,0.918
histogram,fixed,edges,103,1,0,0.0181,148.25,-11.75,4.617,7.186,0.728,0.1,0.928
histogram,fixed,edges,104,1,1,0.025,164.04,4.04,3.217,5.727,0.77,0.107,0.846
histogram,fixed,edges,105,1,0,0.0167,162.42,2.42,4.05,6.552,0.726,0.101,0.931
histogram,fixed,edges,106,1,0,0.0167,162.42,2.42,3.588,6.007,0.771,0.099,0.807
histogram,fixed,edges,107,1,1,0.0192,179.8,19.8,2.613,4.798,0.643,0.094,0.776
histogram,fixed,edges,108,1,1,0.0192,179.8,19.8,2.561,4.846,0.646,0.112,0.849
histogram,fixed,edges,109,1,0,0.0181,154.67,-5.33,3.646,5.914,0.674,0.101,0.807
histogram,fixed,edges,110,1,0,0.0181,154.67,-5.33,3.364,5.612,0.625,0.1,0.811
histogram,fixed,edges,111,1,0,0.0181,154.67,-5.33,3.367,5.633,0.649,0.097,0.853
histogram,fixed,edges,112,1,1,0.01,260.76,100.76,2.825,4.997,0.639,0.093,0.762
histogram,fixed,edges,113,1,1,0.0108,226.66,66.66,3.109,5.264,0.643,0.096,0.744
histogram,fixed,edges,114,1,1,0.0108,226.66,66.66,3.107,5.491,0.649,0.131,0.865
histogram,fixed,edges,115,1,1,0.0142,277.88,117.88,3.096,5.268,0.638,0.092,0.771
histogram,fixed,edges,116,1,1,0.0142,277.88,117.88,3.108,5.304,0.658,0.093,0.77
histogram,fixed,edges,117,1,1,0.0167,278.0,118.0,3.185,5.411,0.681,0.1,0.756
histogram,fixed,edges,118,1,1,0.0175,281.03,121.03,3.893,6.027,0.64,0.09,0.728
histogram,fixed,edges,119,1,1,0.0175,281.03,121.03,3.453,5.68,0.655,0.097,0.791
histogram,fixed,edges,120,1,1,0.015,271.23,111.23,3.7,5.926,0.649,0.091,0.794
histogram,fixed,edges,121,1,1,0.0158,281.43,121.43,3.06,5.32,0.641,0.094,0.857
histogram,fixed,edges,122,1,1,0.0158,281.43,121.43,3.182,5.385,0.628,0.091,0.735
histogram,fixed,edges,123,1,1,0.0175,237.14,77.14,2.974,5.172,0.641,0.093,0.764
histogram,fixed,edges,124,1,1,0.0175,237.14,77.14,3.135,5.404,0.639,0.096,0.827
histogram,fixed,edges,125,1,1,0.0158,210.67,50.67,3.592,6.084,0.727,0.101,0.816
histogram,fixed,edges,126,1,1,0.0183,221.65,61.65,2.735,5.183,0.724,0.115,0.86
histogram,fixed,edges,127,1,1,0.0183,221.65,61.65,2.805,5.205,0.77,0.103,0.779
histogram,fixed,edges,128,1,0,0.0236,168.25,8.25,4.06,6.485,0.713,0.098,0.872
histogram,fixed,edges,129,1,0,0.0236,173.09,13.09,3.733,6.312,0.777,0.128,0.935
histogram,fixed,edges,130,1,0,0.0236,173.09,13.09,3.705,6.195,0.732,0.098,0.913
histogram,fixed,edges,131,1,0,0.0222,168.81,8.81,3.88,6.394,0.725,0.097,0.873
histogram,fixed,edges,132,1,0,0.0222,168.81,8.81,3.819,6.354,0.727,0.1,0.963
histogram,fixed,edges,133,1,0,0.0361,150.16,-9.84,3.656,6.087,0.718,0.101,0.863
histogram,fixed,edges,134,1,0,0.0361,150.16,-9.84,3.735,6.27,0.723,0.146,0.884
histogram,fixed,edges,135,1,0,0.0361,150.16,-9.84,3.673,6.127,0.74,0.1,0.871
histogram,fixed,edges,136,1,0,0.025,154.65,-5.35,3.995,6.534,0.78,0.101,0.905
histogram,fixed,edges,137,1,0,0.0069,155.11,-4.89,3.896,6.472,0.717,0.105,0.983
histogram,fixed,edges,138,1,0,0.0069,155.11,-4.89,3.92,6.374,0.726,0.097,0.885
histogram,fixed,edges,139,1,0,0.0069,155.11,-4.89,3.982,6.499,0.78,0.108,0.883
histogram,fixed,edges,140,0,0,0.0,0.0,,2.755,5.248,0.73,0.098,0.914
histogram,fixed,edges,141,1,0,0.0167,216.16,56.16,4.231,6.758,0.736,0.14,0.898
histogram,fixed,edges,142,1,1,0.0217,142.22,-17.78,3.52,6.108,0.722,0.098,0.919
histogram,fixed,edges,143,1,1,0.0217,142.22,-17.78,3.583,6.066,0.714,0.098,0.856
histogram,fixed,edges,144,1,1,0.0217,131.78,-28.22,3.521,6.047,0.736,0.098,0.906
histogram,fixed,edges,145,1,1,0.0042,119.96,-40.04,3.188,5.594,0.704,0.106,0.781
histogram,fixed,edges,146,0,0,0.0,0.0,,0.841,3.15,0.715,0.099,0.745
histogram,fixed,edges,147,0,0,0.0,0.0,,0.759,3.021,0.682,0.098,0.754
histogram,fixed,edges,148,0,0,0.0,0.0,,0.748,3.122,0.697,0.102,0.773
histogram,fixed,edges,149,0,0,0.0,0.0,,0.747,3.177,0.759,0.11,0.816
histogram,fixed,edges,150,1,1,0.0083,125.5,-34.5,3.595,6.079,0.695,0.099,0.934
histogram,fixed,edges,151,1,1,0.0083,125.5,-34.5,3.639,6.069,0.721,0.101,0.859
histogram,fixed,edges,152,1,1,0.0083,124.5,-35.5,3.674,6.15,0.727,0.099,0.907
histogram,fixed,edges,153,1,1,0.0083,71.5,-88.5,3.618,6.038,0.729,0.098,0.848
histogram,fixed,edges,154,1,1,0.0083,71.5,-88.5,3.558,6.091,0.774,0.108,0.863
histogram,fixed,edges,155,1,1,0.0083,71.5,-88.5,3.588,6.204,0.915,0.108,0.849
histogram,fixed,edges,156,1,1,0.0092,47.67,-112.33,3.102,5.465,0.738,0.1,0.785
histogram,fixed,edges,157,1,1,0.0083,292.36,132.36,4.892,7.313,0.722,0.1,0.854
histogram,fixed,edges,158,1,1,0.0083,292.36,132.36,4.712,7.162,0.74,0.107,0.854
histogram,fixed,edges,159,1,1,0.0092,291.09,131.09,4.221,6.687,0.792,0.099,0.829
histogram,fixed,edges,160,1,1,0.0042,40.96,-119.04,2.89,5.381,0.742,0.114,0.898
histogram,fixed,edges,161,1,1,0.01,80.6,-79.4,4.298,6.765,0.726,0.099,0.823
histogram,fixed,edges,162,1,1,0.01,80.6,-79.4,4.378,6.842,0.725,0.102,0.878
histogram,fixed,edges,163,1,1,0.015,87.47,-72.53,3.508,5.909,0.722,0.1,0.827
histogram,fixed,edges,164,1,1,0.015,87.47,-72.53,3.487,5.967,0.779,0.099,0.823
histogram,fixed,edges,165,1,1,0.0083,90.5,-69.5,3.651,6.076,0.737,0.099,0.849
histogram,fixed,edges,166,1,1,0.0083,124.5,-35.5,3.637,6.118,0.714,0.1,0.83
histogram,fixed,edges,167,1,1,0.0083,124.5,-35.5,3.507,5.971,0.724,0.1,0.823
histogram,fixed,edges,168,1,1,0.0083,124.5,-35.5,3.606,6.149,0.726,0.097,0.913
histogram,fixed,edges,169,1,1,0.0142,146.5,-13.5,3.619,6.154,0.738,0.1,0.947
histogram,fixed,edges,170,1,1,0.0142,146.5,-13.5,3.673,6.107,0.722,0.098,0.859
histogram,fixed,edges,171,1,1,0.0142,146.5,-13.5,3.64,6.249,0.707,0.1,0.908
histogram,fixed,edges,172,1,1,0.0092,174.24,14.24,3.324,5.742,0.725,0.107,0.839
histogram,fixed,edges,173,1,1,0.0083,112.5,-47.5,3.664,6.14,0.734,0.098,0.889
histogram,fixed,edges,174,1,1,0.0083,85.5,-74.5,3.578,6.019,0.724,0.1,0.823
histogram,fixed,edges,175,1,1,0.0083,85.5,-74.5,3.575,6.031,0.771,0.107,0.833
histogram,fixed,edges,176,0,0,0.0,0.0,,3.152,5.528,0.722,0.097,0.807
histogram,fixed,edges,177,1,0,0.0097,197.72,37.72,4.561,7.008,0.728,0.1,0.874
histogram,fixed,edges,178,1,0,0.0097,197.72,37.72,4.702,7.096,0.724,0.099,0.818
histogram,fixed,edges,179,1,0,0.0097,197.72,37.72,4.615,6.997,0.722,0.099,0.81
histogram,fixed,edges,180,1,1,0.0067,147.6,-12.4,3.628,6.09,0.729,0.097,0.825
histogram,fixed,edges,181,1,1,0.0108,171.19,11.19,3.894,6.38,0.723,0.098,0.916
histogram,fixed,edges,182,1,1,0.01,94.5,-65.5,4.041,6.453,0.697,0.103,0.844
histogram,fixed,edges,183,1,1,0.01,94.5,-65.5,4.332,8.044,1.258,0.197,1.385
histogram,fixed,edges,184,1,1,0.0092,104.42,-55.58,4.192,7.326,1.251,0.147,0.861
histogram,fixed,edges,185,1,0,0.0111,117.52,-42.48,4.917,8.369,1.182,0.175,1.257
histogram,fixed,edges,186,1,0,0.0153,133.11,-26.89,4.25,7.145,0.802,0.127,1.23
histogram,fixed,edges,187,1,0,0.0153,133.11,-26.89,4.325,6.842,0.731,0.101,0.942
histogram,fixed,edges,188,1,0,0.0153,124.27,-35.73,3.791,6.287,0.722,0.1,0.88
histogram,fixed,edges,189,1,0,0.0069,132.51,-27.49,4.142,6.596,0.785,0.105,0.814
histogram,fixed,edges,190,1,0,0.0069,132.51,-27.49,4.132,6.662,0.729,0.099,0.953
histogram,fixed,edges,191,1,0,0.0069,132.51,-27.49,4.3,6.72,0.735,0.104,0.821
histogram,fixed,edges,192,1,0,0.0069,120.03,-39.97,3.912,6.767,1.043,0.131,0.839
histogram,fixed,edges,193,1,0,0.0181,113.82,-46.18,4.548,7.138,0.726,0.1,0.964
histogram,fixed,edges,194,1,0,0.0181,104.94,-55.06,4.347,6.98,0.812,0.117,0.791
histogram,fixed,edges,195,1,0,0.0181,104.94,-55.06,3.936,6.325,0.728,0.103,0.808
histogram,fixed,edges,196,1,0,0.0083,105.78,-54.22,3.47,5.893,0.789,0.107,0.785
histogram,fixed,edges,197,1,1,0.0108,174.06,14.06,3.411,5.775,0.739,0.1,0.772
histogram,fixed,edges,198,1,1,0.0108,174.06,14.06,3.281,5.8,0.807,0.123,0.784
histogram,fixed,edges,199,1,1,0.0108,175.92,15.92,3.353,5.687,0.725,0.099,0.771
histogram,fixed,edges,200,1,1,0.0108,175.92,15.92,3.343,5.757,0.746,0.099,0.816
histogram,fixed,edges,201,1,1,0.0125,114.85,-45.15,3.352,6.388,0.711,0.099,1.459
histogram,fixed,edges,202,1,1,0.0125,119.88,-40.12,3.621,6.101,0.724,0.147,0.857
histogram,fixed,edges,203,1,1,0.0125,119.88,-40.12,3.397,5.881,0.734,0.103,0.887
histogram,fixed,edges,204,1,1,0.0183,94.97,-65.03,3.672,8.329,0.816,0.133,2.938
histogram,fixed,edges,205,1,1,0.0142,100.45,-59.55,3.295,5.719,0.785,0.104,0.786
histogram,fixed,edges,206,1,1,0.0142,100.45,-59.55,3.291,5.69,0.719,0.102,0.78
histogram,fixed,edges,207,1,1,0.0142,103.34,-56.66,3.217,5.642,0.782,0.109,0.788
histogram,fixed,edges,208,1,1,0.0142,101.54,-58.46,3.448,5.806,0.732,0.097,0.784
histogram,fixed,edges,209,1,1,0.015,111.67,-48.33,3.57,6.47,0.742,0.117,1.3
histogram,fixed,edges,210,1,1,0.015,111.67,-48.33,3.905,6.358,0.72,0.099,0.823
histogram,fixed,edges,211,1,1,0.0175,114.58,-45.42,3.652,6.544,1.127,0.161,0.81
histogram,fixed,edges,212,1,1,0.0175,114.58,-45.42,3.475,5.929,0.729,0.102,0.862
histogram,fixed,edges,213,1,1,0.0142,131.6,-28.4,3.618,6.074,0.725,0.1,0.816
histogram,fixed,edges,214,1,1,0.0142,131.6,-28.4,3.63,6.124,0.717,0.095,0.899
histogram,fixed,edges,215,1,0,0.0097,151.77,-8.23,4.925,7.295,0.721,0.099,0.812
histogram,fixed,edges,216,1,0,0.0167,142.85,-17.15,4.621,7.091,0.695,0.103,0.824
histogram,fixed,edges,217,1,0,0.0125,152.5,-7.5,4.434,6.865,0.785,0.106,0.799
histogram,fixed,edges,218,1,1,0.0158,132.53,-27.47,3.099,5.518,0.722,0.097,0.77
histogram,fixed,edges,219,1,1,0.0158,132.53,-27.47,3.256,5.636,0.772,0.104,0.765
histogram,fixed,edges,220,1,1,0.0158,167.39,7.39,3.628,5.971,0.731,0.099,0.769
histogram,fixed,edges,221,1,1,0.0158,182.39,22.39,3.563,5.952,0.767,0.106,0.769
histogram,fixed,edges,222,1,1,0.0158,182.39,22.39,3.591,6.01,0.726,0.102,0.758
histogram,fixed,edges,223,1,1,0.015,190.29,30.29,3.744,6.709,0.767,0.119,1.29
histogram,fixed,edges,224,1,1,0.015,190.29,30.29,3.981,9.735,0.885,0.127,3.928
histogram,fixed,edges,225,1,0,0.0139,147.03,-12.97,4.389,7.773,1.162,0.124,1.274
histogram,fixed,edges,226,1,0,0.0139,147.03,-12.97,4.405,7.6,1.137,0.099,1.126
histogram,fixed,edges,227,1,0,0.0139,148.14,-11.86,4.404,7.52,0.883,0.141,1.342
histogram,fixed,edges,228,1,0,0.0139,148.14,-11.86,4.455,6.985,0.806,0.115,0.842
histogram,fixed,edges,229,1,0,0.0069,149.64,-10.36,4.231,6.679,0.724,0.103,0.863
histogram,fixed,edges,230,1,0,0.0069,150.12,-9.88,4.247,6.605,0.723,0.099,0.787
histogram,fixed,edges,231,1,0,0.0069,150.12,-9.88,4.315,6.828,0.866,0.109,0.786
histogram,fixed,edges,232,1,0,0.0139,150.44,-9.56,4.471,6.956,0.727,0.1,0.911
histogram,fixed,edges,233,1,0,0.0139,151.12,-8.88,4.62,7.01,0.705,0.1,0.827
histogram,fixed,edges,234,1,0,0.0139,150.37,-9.63,4.247,7.025,0.728,0.109,1.15
histogram,fixed,edges,235,1,0,0.0139,150.37,-9.63,4.203,6.673,0.761,0.11,0.821
histogram,fixed,edges,236,1,0,0.0139,151.55,-8.45,4.383,6.92,0.742,0.117,0.924
histogram,fixed,edges,237,1,0,0.0139,150.18,-9.82,4.21,6.627,0.723,0.098,0.842
histogram,fixed,edges,238,1,0,0.0139,150.18,-9.82,4.257,6.704,0.713,0.096,0.823
histogram,fixed,edges,239,1,0,0.0139,156.73,-3.27,4.437,6.944,0.728,0.101,0.923
histogram,fixed,edges,240,1,0,0.0139,156.73,-3.27,4.496,6.919,0.73,0.097,0.843
histogram,fixed,edges,241,1,0,0.0139,150.5,-9.5,4.202,6.612,0.724,0.103,0.819
histogram,fixed,edges,242,1,0,0.0139,150.4,-9.6,4.225,6.674,0.776,0.104,0.82
histogram,fixed,edges,243,1,0,0.0139,150.4,-9.6,4.266,6.781,0.744,0.103,0.911
histogram,fixed,edges,244,1,0,0.0139,150.47,-9.53,5.11,7.552,0.725,0.101,0.821
histogram,fixed,edges,245,1,0,0.0139,151.32,-8.68,5.07,8.562,1.19,0.144,1.349
histogram,fixed,edges,246,1,0,0.0139,151.32,-8.68,4.7,8.516,1.242,0.241,1.495
histogram,fixed,edges,247,1,0,0.0139,150.55,-9.45,4.302,6.834,0.763,0.1,0.836
histogram,fixed,edges,248,1,0,0.0139,150.55,-9.45,4.22,6.647,0.731,0.1,0.834
histogram,fixed,edges,249,1,0,0.0139,150.44,-9.56,4.319,6.771,0.766,0.104,0.834
histogram,fixed,edges,250,1,0,0.0139,150.44,-9.56,4.318,6.849,0.746,0.116,0.919
histogram,fixed,edges,251,1,0,0.0139,150.48,-9.52,4.208,6.606,0.718,0.1,0.829
histogram,fixed,edges,252,1,0,0.0139,150.48,-9.52,4.28,6.76,0.726,0.098,0.84
histogram,fixed,edges,253,1,0,0.0139,150.49,-9.51,4.6,7.239,0.723,0.101,1.072
histogram,fixed,edges,254,1,0,0.0139,150.49,-9.51,4.307,7.006,0.759,0.133,0.967
histogram,fixed,edges,255,1,0,0.0139,150.49,-9.51,4.526,6.937,0.712,0.104,0.838
histogram,fixed,edges,256,1,0,0.0139,150.57,-9.43,4.191,6.673,0.731,0.1,0.847
histogram,fixed,edges,257,1,0,0.0139,150.45,-9.55,4.346,6.816,0.726,0.142,0.849
histogram,fixed,edges,258,1,0,0.0139,150.45,-9.55,4.283,6.712,0.728,0.097,0.852
histogram,fixed,edges,259,1,0,0.0139,150.48,-9.52,4.337,6.717,0.713,0.099,0.826
histogram,fixed,edges,260,1,0,0.0139,150.51,-9.49,4.881,7.477,0.79,0.12,0.872
histogram,fixed,edges,261,1,0,0.0139,150.59,-9.41,4.15,7.087,0.753,0.159,1.287
histogram,fixed,edges,262,1,0,0.0139,150.59,-9.41,4.192,6.749,0.747,0.118,0.934
histogram,fixed,edges,263,1,0,0.0139,150.57,-9.43,4.173,6.592,0.721,0.105,0.834
histogram,fixed,edges,264,1,0,0.0139,150.57,-9.43,4.23,6.746,0.778,0.103,0.856
histogram,fixed,edges,265,1,0,0.0139,150.5,-9.5,4.205,6.736,0.739,0.101,0.937
histogram,fixed,edges,266,1,0,0.0139,150.5,-9.5,4.228,6.638,0.727,0.098,0.836
histogram,fixed,edges,267,1,0,0.0139,150.65,-9.35,4.234,6.69,0.706,0.109,0.828
histogram,fixed,edges,268,1,0,0.0139,150.65,-9.35,4.211,6.695,0.734,0.097,0.909
histogram,fixed,edges,269,1,0,0.0139,150.51,-9.49,4.789,7.183,0.72,0.098,0.823
histogram,fixed,edges,270,1,0,0.0139,150.51,-9.49,4.223,6.635,0.73,0.098,0.835
histogram,fixed,edges,271,1,0,0.0139,151.11,-8.89,4.26,6.729,0.774,0.103,0.834
histogram,fixed,edges,272,1,0,0.0139,151.11,-8.89,4.204,6.704,0.74,0.099,0.905
histogram,fixed,edges,273,1,0,0.0139,150.59,-9.41,4.164,6.553,0.722,0.098,0.82
histogram,fixed,edges,274,1,0,0.0139,150.53,-9.47,4.266,6.783,0.789,0.102,0.836
histogram,fixed,edges,275,1,0,0.0139,150.53,-9.47,4.175,6.727,0.748,0.1,0.954
histogram,fixed,edges,276,1,0,0.0139,150.58,-9.42,4.287,6.701,0.726,0.097,0.84
histogram,fixed,edges,277,1,0,0.0139,151.14,-8.86,4.222,6.709,0.714,0.101,0.843
histogram,fixed,edges,278,1,0,0.0139,150.51,-9.49,4.219,6.732,0.746,0.1,0.913
histogram,fixed,edges,279,1,0,0.0139,150.51,-9.49,4.14,6.604,0.726,0.101,0.876
histogram,fixed,edges,280,1,0,0.0139,151.19,-8.81,3.714,5.936,0.643,0.092,0.745
histogram,fixed,edges,281,1,0,0.0139,150.51,-9.49,3.652,5.898,0.647,0.092,0.753
histogram,fixed,edges,282,1,0,0.0139,150.52,-9.48,3.699,5.938,0.631,0.097,0.762
histogram,fixed,edges,283,1,0,0.0139,150.52,-9.48,3.705,5.86,0.644,0.092,0.747
histogram,fixed,edges,284,1,0,0.0139,150.59,-9.41,3.781,6.046,0.639,0.091,0.76
histogram,fixed,edges,285,1,0,0.0139,150.48,-9.52,3.636,5.879,0.661,0.094,0.747
histogram,fixed,edges,286,1,0,0.0139,150.52,-9.48,3.692,5.922,0.633,0.093,0.77
histogram,fixed,edges,287,1,0,0.0139,150.52,-9.48,3.745,5.924,0.653,0.092,0.751
histogram,fixed,edges,288,1,0,0.0139,150.41,-9.59,3.706,5.943,0.641,0.093,0.77
histogram,fixed,edges,289,1,0,0.0139,150.52,-9.48,3.71,5.882,0.655,0.093,0.751
histogram,fixed,edges,290,1,0,0.0139,150.52,-9.48,3.75,5.975,0.635,0.091,0.76
histogram,fixed,edges,291,1,0,0.0139,150.52,-9.48,3.696,5.873,0.64,0.093,0.77
histogram,fixed,edges,292,1,0,0.0139,150.51,-9.49,3.693,5.917,0.64,0.092,0.754
histogram,fixed,edges,293,1,0,0.0139,150.52,-9.48,3.723,5.912,0.655,0.109,0.751
histogram,fixed,edges,294,1,0,0.0139,150.52,-9.48,3.733,6.004,0.634,0.091,0.767
histogram,fixed,edges,295,1,0,0.0139,150.61,-9.39,3.791,5.973,0.645,0.095,0.76
histogram,fixed,edges,296,1,0,0.0139,150.51,-9.49,3.807,6.026,0.632,0.092,0.761
histogram,fixed,edges,297,1,0,0.0139,150.59,-9.41,4.227,6.711,0.723,0.102,0.838
histogram,fixed,edges,298,1,0,0.0139,150.59,-9.41,4.255,6.68,0.719,0.101,0.842
histogram,fixed,edges,299,1,0,0.0139,150.52,-9.48,4.219,6.683,0.767,0.104,0.842
histogram,fixed,edges,300,1,0,0.0139,150.52,-9.48,4.236,6.752,0.723,0.1,0.934
histogram,fixed,edges,301,1,0,0.0139,150.51,-9.49,4.207,6.587,0.713,0.098,0.825
histogram,fixed,edges,302,1,0,0.0139,150.52,-9.48,4.174,6.642,0.712,0.102,0.842
histogram,fixed,edges,303,1,0,0.0139,150.52,-9.48,4.299,6.807,0.738,0.102,0.918
histogram,fixed,edges,304,1,0,0.0139,150.5,-9.5,4.239,6.687,0.721,0.101,0.836
histogram,fixed,edges,305,1,0,0.0139,150.53,-9.47,4.257,6.735,0.731,0.1,0.834
histogram,fixed,edges,306,1,0,0.0139,150.5,-9.5,4.258,6.73,0.724,0.143,0.85
histogram,fixed,edges,307,1,0,0.0139,150.5,-9.5,4.28,6.666,0.721,0.101,0.82
histogram,fixed,edges,308,1,0,0.0139,150.86,-9.14,4.264,6.681,0.724,0.096,0.827
histogram,fixed,edges,309,1,1,0.0217,155.75,-4.25,3.154,5.525,0.756,0.106,0.752
histogram,fixed,edges,310,1,0,0.0097,184.99,24.99,4.528,6.91,0.734,0.101,0.794
histogram,fixed,edges,311,1,0,0.0097,184.99,24.99,4.434,6.843,0.711,0.101,0.788
histogram,fixed,edges,312,1,0,0.0069,150.89,-9.11,4.197,6.608,0.731,0.099,0.841
histogram,fixed,edges,313,1,0,0.0069,151.18,-8.82,4.246,6.6,0.723,0.105,0.772
histogram,fixed,edges,314,1,0,0.0069,151.18,-8.82,4.186,6.644,0.722,0.099,0.781
histogram,fixed,edges,315,1,0,0.0069,151.05,-8.95,4.275,6.708,0.726,0.101,0.855
histogram,fixed,edges,316,1,0,0.0139,150.69,-9.31,4.219,6.62,0.719,0.098,0.837
histogram,fixed,edges,317,1,0,0.0139,151.54,-8.46,4.229,6.68,0.713,0.097,0.828
histogram,fixed,edges,318,1,0,0.0139,151.54,-8.46,4.324,6.827,0.748,0.151,0.847
histogram,fixed,edges,319,1,0,0.0139,222.38,62.38,4.566,6.958,0.728,0.101,0.807
histogram,fixed,edges,320,1,0,0.0139,150.64,-9.36,4.283,6.694,0.721,0.096,0.842
histogram,fixed,edges,321,1,0,0.0139,150.56,-9.44,4.177,6.614,0.743,0.108,0.834
histogram,fixed,edges,322,1,0,0.0139,150.56,-9.44,4.201,6.753,0.736,0.109,0.951
histogram,fixed,edges,323,1,0,0.0139,150.65,-9.35,4.238,6.706,0.716,0.102,0.882
histogram,fixed,edges,324,1,0,0.0139,150.65,-9.35,4.212,6.738,0.724,0.099,0.847
histogram,fixed,edges,325,1,0,0.0139,150.88,-9.12,4.248,6.754,0.741,0.1,0.913
histogram,fixed,edges,326,1,0,0.0139,150.88,-9.12,4.213,6.638,0.733,0.1,0.835
histogram,fixed,edges,327,1,0,0.0139,150.62,-9.38,4.175,6.647,0.725,0.098,0.837
histogram,fixed,edges,328,1,0,0.0139,150.62,-9.38,4.211,6.751,0.753,0.161,0.872
histogram,fixed,edges,329,1,0,0.0139,150.66,-9.34,4.258,6.683,0.73,0.1,0.844
histogram,fixed,edges,330,1,0,0.0139,150.66,-9.34,4.203,6.621,0.714,0.099,0.845
histogram,fixed,edges,331,1,0,0.0139,150.67,-9.33,4.173,6.648,0.776,0.104,0.84
histogram,fixed,edges,332,1,0,0.0139,150.67,-9.33,4.177,6.649,0.723,0.098,0.827
histogram,fixed,edges,333,1,0,0.0139,150.95,-9.05,4.224,6.657,0.727,0.114,0.838
histogram,fixed,edges,334,1,0,0.0139,150.95,-9.05,4.224,6.72,0.766,0.104,0.838
histogram,fixed,edges,335,1,0,0.0139,150.62,-9.38,4.247,6.728,0.726,0.098,0.905
histogram,fixed,edges,336,1,0,0.0139,150.7,-9.3,4.206,6.622,0.73,0.1,0.839
histogram,fixed,edges,337,1,0,0.0139,150.95,-9.05,4.846,7.427,0.755,0.106,0.907
histogram,fixed,edges,338,1,0,0.0139,150.95,-9.05,4.24,7.158,0.774,0.124,1.268
histogram,fixed,edges,339,1,0,0.0139,150.94,-9.06,4.204,6.718,0.729,0.098,0.941
histogram,fixed,edges,340,1,0,0.0139,150.92,-9.08,4.265,6.673,0.714,0.098,0.837
histogram,fixed,edges,341,1,0,0.0139,150.89,-9.11,4.191,6.663,0.72,0.097,0.839
histogram,fixed,edges,342,1,0,0.0139,150.89,-9.11,4.293,6.784,0.728,0.097,0.901
histogram,fixed,edges,343,1,0,0.0139,150.96,-9.04,4.208,6.636,0.735,0.101,0.842
histogram,fixed,edges,344,1,0,0.0139,150.68,-9.32,4.187,6.709,0.717,0.101,0.84
histogram,fixed,edges,345,1,0,0.0139,150.69,-9.31,4.189,6.712,0.733,0.098,0.933
histogram,fixed,edges,346,1,0,0.0139,150.69,-9.31,4.265,6.714,0.734,0.102,0.851
histogram,fixed,edges,347,1,0,0.0139,150.7,-9.3,4.252,6.651,0.714,0.097,0.838
histogram,fixed,edges,348,1,0,0.0139,150.7,-9.3,4.187,6.652,0.771,0.107,0.833
histogram,fixed,edges,349,1,0,0.0139,156.76,-3.24,4.404,6.898,0.724,0.1,0.859
histogram,fixed,edges,350,1,0,0.0139,150.94,-9.06,4.222,6.657,0.721,0.102,0.85
histogram,fixed,edges,351,1,0,0.0139,150.94,-9.06,4.2,6.677,0.786,0.102,0.833
histogram,fixed,edges,352,1,0,0.0139,150.92,-9.08,4.317,6.835,0.737,0.101,0.929
histogram,fixed,edges,353,1,0,0.0139,150.95,-9.05,4.209,6.617,0.726,0.103,0.826
histogram,fixed,edges,354,1,0,0.0139,150.83,-9.17,4.191,6.692,0.715,0.097,0.834
histogram,fixed,edges,355,1,0,0.0139,150.83,-9.17,4.224,6.738,0.736,0.121,0.904
histogram,fixed,edges,356,1,0,0.0139,150.94,-9.06,4.212,6.639,0.723,0.101,0.853
histogram,fixed,edges,357,1,0,0.0139,150.94,-9.06,4.314,6.791,0.724,0.101,0.837
histogram,fixed,edges,358,1,0,0.0139,150.93,-9.07,4.214,6.714,0.74,0.142,0.867
histogram,fixed,edges,359,1,0,0.0139,150.93,-9.07,4.275,6.676,0.72,0.101,0.831
histogram,fixed,edges,360,1,0,0.0139,150.95,-9.05,4.189,6.597,0.689,0.111,0.85
histogram,otsu,edges,0,1,0,0.0167,142.66,-17.34,4.399,7.235,0.763,0.435,0.898
histogram,otsu,edges,1,1,0,0.0167,146.55,-13.45,4.519,7.42,0.743,0.481,0.922
histogram,otsu,edges,2,1,0,0.0181,143.59,-16.41,4.357,7.286,0.725,0.432,0.988
histogram,otsu,edges,3,1,0,0.0181,143.59,-16.41,4.359,7.299,0.741,0.443,1.001
histogram,otsu,edges,4,1,0,0.0181,144.2,-15.8,4.488,7.313,0.731,0.431,0.913
histogram,otsu,edges,5,1,0,0.0167,144.29,-15.71,4.395,7.246,0.711,0.432,0.953
histogram,otsu,edges,6,1,0,0.0167,144.29,-15.71,4.399,7.269,0.716,0.432,0.914
histogram,otsu,edges,7,1,0,0.0181,144.24,-15.76,4.437,7.314,0.773,0.436,0.921
histogram,otsu,edges,8,1,0,0.0167,144.27,-15.73,4.426,7.303,0.726,0.431,0.965
histogram,otsu,edges,9,1,0,0.0181,144.21,-15.79,4.483,7.402,0.721,0.432,1.007
histogram,otsu,edges,10,1,0,0.0181,144.21,-15.79,4.496,7.312,0.723,0.432,0.913
histogram,otsu,edges,11,1,0,0.0181,143.59,-16.41,4.342,7.141,0.715,0.426,0.913
histogram,otsu,edges,12,1,0,0.0181,143.69,-16.31,4.282,7.23,0.742,0.441,0.922
histogram,otsu,edges,13,1,0,0.0167,145.79,-14.21,4.485,7.365,0.776,0.438,0.924
histogram,otsu,edges,14,1,0,0.0167,145.79,-14.21,4.515,7.422,0.737,0.474,0.915
histogram,otsu,edges,15,1,0,0.0181,144.1,-15.9,4.41,7.333,0.714,0.434,1.03
histogram,otsu,edges,16,1,0,0.0181,144.1,-15.9,4.442,7.332,0.721,0.433,0.916
histogram,otsu,edges,17,1,0,0.0194,144.25,-15.75,4.395,7.387,0.733,0.431,1.029
histogram,otsu,edges,18,1,0,0.0181,144.24,-15.76,4.499,7.338,0.739,0.432,0.921
histogram,otsu,edges,19,1,0,0.0181,144.19,-15.81,4.258,7.162,0.725,0.432,0.929
histogram,otsu,edges,20,1,0,0.0181,144.19,-15.81,4.257,7.13,0.727,0.478,0.924
histogram,otsu,edges,21,1,0,0.0181,144.19,-15.81,4.43,7.383,0.758,0.442,1.008
histogram,otsu,edges,22,1,0,0.0167,145.76,-14.24,4.488,7.395,0.719,0.435,0.899
histogram,otsu,edges,23,1,0,0.0167,145.76,-14.24,4.6,7.432,0.718,0.433,0.929
histogram,otsu,edges,24,1,0,0.0181,144.18,-15.82,4.41,7.212,0.719,0.431,0.904
histogram,otsu,edges,25,1,0,0.0181,144.16,-15.84,4.487,7.374,0.729,0.432,0.922
histogram,otsu,edges,26,1,0,0.0181,144.16,-15.84,4.409,7.328,0.794,0.439,0.934
histogram,otsu,edges,27,1,0,0.0181,144.16,-15.84,4.518,7.406,0.732,0.474,0.928
histogram,otsu,edges,28,1,0,0.0181,145.44,-14.56,4.329,7.258,0.728,0.432,1.006
histogram,otsu,edges,29,1,0,0.0181,144.16,-15.84,4.753,8.738,1.206,0.535,1.454
histogram,otsu,edges,30,1,0,0.0181,144.19,-15.81,4.262,7.158,0.729,0.433,0.98
histogram,otsu,edges,31,1,0,0.0181,144.19,-15.81,4.28,7.204,0.717,0.433,0.905
histogram,otsu,edges,32,1,0,0.0181,146.6,-13.4,4.538,7.491,0.714,0.43,0.962
histogram,otsu,edges,33,1,0,0.0181,144.19,-15.81,4.353,7.169,0.706,0.431,0.93
histogram,otsu,edges,34,1,0,0.0181,144.19,-15.81,4.282,7.147,0.766,0.442,0.901
histogram,otsu,edges,35,1,0,0.0167,145.9,-14.1,4.431,7.299,0.734,0.472,0.918
histogram,otsu,edges,36,1,0,0.0167,145.9,-14.1,4.825,7.732,0.727,0.43,1.003
histogram,otsu,edges,37,1,0,0.0167,144.38,-15.62,4.367,7.303,0.744,0.433,1.006
histogram,otsu,edges,38,1,0,0.0167,144.38,-15.62,4.455,7.273,0.724,0.433,0.913
histogram,otsu,edges,39,1,0,0.0181,144.09,-15.91,4.415,7.25,0.711,0.436,0.919
histogram,otsu,edges,40,1,0,0.0181,144.09,-15.91,4.4,7.279,0.708,0.43,0.921
histogram,otsu,edges,41,1,0,0.0181,144.2,-15.8,4.216,7.126,0.774,0.437,0.959
histogram,otsu,edges,42,1,0,0.0181,144.16,-15.84,4.543,7.485,0.741,0.43,0.982
histogram,otsu,edges,43,1,0,0.0181,143.3,-16.7,4.242,7.183,0.708,0.432,1.05
histogram,otsu,edges,44,1,0,0.0181,143.3,-16.7,4.294,7.13,0.734,0.432,0.921
histogram,otsu,edges,45,1,0,0.0181,144.12,-15.88,4.533,7.366,0.73,0.432,0.925
histogram,otsu,edges,46,1,0,0.0181,144.12,-15.88,4.685,8.153,0.729,0.447,1.447
histogram,otsu,edges,47,1,0,0.0167,144.23,-15.77,4.439,7.425,0.772,0.453,0.914
histogram,otsu,edges,48,1,0,0.0167,144.23,-15.77,4.407,7.268,0.759,0.433,0.918
histogram,otsu,edges,49,1,0,0.0181,145.64,-14.36,4.476,7.351,0.78,0.436,0.916
histogram,otsu,edges,50,1,0,0.0181,145.64,-14.36,4.476,7.429,0.725,0.431,1.039
histogram,otsu,edges,51,1,0,0.0181,144.14,-15.86,4.407,7.315,0.723,0.433,0.997
histogram,otsu,edges,52,1,0,0.0167,144.22,-15.78,4.617,7.458,0.715,0.431,0.906
histogram,otsu,edges,53,1,0,0.0167,144.22,-15.78,4.413,7.219,0.717,0.432,0.907
histogram,otsu,edges,54,1,0,0.0181,144.16,-15.84,4.436,7.325,0.72,0.43,0.916
histogram,otsu,edges,55,1,0,0.0167,144.1,-15.9,4.725,7.629,0.795,0.437,0.92
histogram,otsu,edges,56,1,0,0.0167,144.1,-15.9,4.456,7.332,0.779,0.435,0.911
histogram,otsu,edges,57,1,0,0.0167,144.3,-15.7,4.403,7.298,0.742,0.476,0.932
histogram,otsu,edges,58,1,0,0.0181,144.24,-15.76,4.474,7.389,0.719,0.428,1.017
histogram,otsu,edges,59,1,0,0.0181,144.24,-15.76,4.42,7.344,0.72,0.438,0.936
histogram,otsu,edges,60,1,0,0.0181,144.17,-15.83,4.433,7.253,0.722,0.432,0.915
histogram,otsu,edges,61,1,0,0.0167,144.21,-15.79,4.45,7.327,0.715,0.431,0.917
histogram,otsu,edges,62,1,0,0.0167,144.21,-15.79,4.419,7.317,0.766,0.437,0.909
histogram,otsu,edges,63,1,0,0.0167,144.21,-15.79,4.463,7.345,0.721,0.478,0.931
histogram,otsu,edges,64,1,0,0.0167,144.21,-15.79,4.427,7.341,0.748,0.432,0.981
histogram,otsu,edges,65,1,0,0.0167,144.15,-15.85,4.443,7.343,0.725,0.431,1.0
histogram,otsu,edges,66,1,0,0.0167,144.15,-15.85,4.485,7.3,0.717,0.427,0.916
histogram,otsu,edges,67,1,0,0.0181,144.19,-15.81,4.4,7.215,0.73,0.433,0.907
histogram,otsu,edges,68,1,0,0.0181,144.17,-15.83,4.463,7.373,0.72,0.44,0.925
histogram,otsu,edges,69,1,0,0.0181,144.62,-15.38,4.43,7.297,0.776,0.437,0.909
histogram,otsu,edges,70,1,0,0.0181,146.18,-13.82,4.66,7.511,0.719,0.472,0.91
histogram,otsu,edges,71,1,0,0.0181,146.18,-13.82,4.571,7.472,0.724,0.429,0.993
histogram,otsu,edges,72,1,1,0.0142,141.9,-18.1,3.092,5.958,0.723,0.432,0.844
histogram,otsu,edges,73,1,0,0.0194,152.52,-7.48,4.71,7.571,0.781,0.431,0.896
histogram,otsu,edges,74,1,0,0.0208,147.41,-12.59,4.314,7.168,0.786,0.435,0.887
histogram,otsu,edges,75,1,0,0.0208,147.41,-12.59,4.326,7.234,0.762,0.478,0.909
histogram,otsu,edges,76,1,0,0.0181,148.12,-11.88,4.534,7.421,0.726,0.431,0.983
histogram,otsu,edges,77,1,0,0.0194,147.52,-12.48,4.609,7.406,0.733,0.431,0.863
histogram,otsu,edges,78,1,0,0.0194,147.52,-12.48,4.512,7.276,0.724,0.429,0.87
histogram,otsu,edges,79,1,0,0.0194,147.52,-12.48,4.55,7.378,0.725,0.431,0.858
histogram,otsu,edges,80,1,1,0.0075,137.47,-22.53,3.272,6.049,0.777,0.433,0.8
histogram,otsu,edges,81,1,1,0.0067,165.44,5.44,3.448,6.21,0.732,0.424,0.78
histogram,otsu,edges,82,1,1,0.0067,165.44,5.44,3.544,6.339,0.709,0.433,0.803
histogram,otsu,edges,83,1,1,0.0133,173.49,13.49,3.297,6.115,0.729,0.431,0.916
histogram,otsu,edges,84,1,0,0.0181,159.04,-0.96,4.398,7.159,0.718,0.433,0.862
histogram,otsu,edges,85,1,0,0.0181,158.78,-1.22,3.861,6.71,0.722,0.432,0.878
histogram,otsu,edges,86,1,0,0.0181,158.78,-1.22,3.91,6.754,0.724,0.477,0.893
histogram,otsu,edges,87,1,0,0.0125,150.64,-9.36,4.48,7.27,0.73,0.436,0.874
histogram,otsu,edges,88,1,0,0.0125,150.64,-9.36,4.37,7.135,0.728,0.426,0.857
histogram,otsu,edges,89,1,0,0.0167,142.32,-17.68,4.286,7.143,0.716,0.431,0.897
histogram,otsu,edges,90,1,0,0.0167,142.32,-17.68,4.247,7.082,0.773,0.437,0.878
histogram,otsu,edges,91,1,0,0.0111,143.31,-16.69,4.429,7.284,0.723,0.425,0.958
histogram,otsu,edges,92,1,0,0.0111,143.31,-16.69,4.349,7.241,0.732,0.432,0.87
histogram,otsu,edges,93,1,0,0.0181,141.72,-18.28,4.165,6.976,0.74,0.433,0.892
histogram,otsu,edges,94,1,0,0.0194,141.79,-18.21,4.053,6.903,0.718,0.438,0.885
histogram,otsu,edges,95,1,0,0.0194,141.79,-18.21,4.032,6.893,0.742,0.438,0.901
histogram,otsu,edges,96,1,0,0.0194,143.5,-16.5,4.624,7.525,0.734,0.431,0.985
histogram,otsu,edges,97,1,0,0.0222,143.04,-16.96,3.973,6.839,0.731,0.431,0.879
histogram,otsu,edges,98,1,0,0.0222,143.04,-16.96,4.114,6.889,0.72,0.431,0.869
histogram,otsu,edges,99,1,0,0.0222,143.04,-16.96,4.031,6.868,0.772,0.435,0.879
histogram,otsu,edges,100,1,0,0.0208,146.31,-13.69,4.078,6.994,0.738,0.43,0.976
histogram,otsu,edges,101,1,0,0.0181,147.89,-12.11,4.405,7.265,0.718,0.437,0.945
histogram,otsu,edges,102,1,0,0.0181,148.25,-11.75,4.539,7.418,0.735,0.435,0.929
histogram,otsu,edges,103,1,0,0.0181,148.25,-11.75,4.589,7.495,0.714,0.437,0.944
histogram,otsu,edges,104,1,1,0.025,164.04,4.04,3.021,5.833,0.717,0.432,0.853
histogram,otsu,edges,105,1,0,0.0167,162.42,2.42,4.072,6.955,0.72,0.436,0.971
histogram,otsu,edges,106,1,0,0.0167,162.42,2.42,4.087,6.873,0.709,0.435,0.894
histogram,otsu,edges,107,1,1,0.0192,179.8,19.8,2.885,5.707,0.801,0.436,0.846
histogram,otsu,edges,108,1,1,0.0192,179.8,19.8,2.94,5.686,0.726,0.433,0.833
histogram,otsu,edges,109,1,0,0.0181,154.67,-5.33,3.783,6.642,0.767,0.435,0.911
histogram,otsu,edges,110,1,0,0.0181,154.67,-5.33,3.789,6.686,0.726,0.433,0.964
histogram,otsu,edges,111,1,0,0.0181,154.67,-5.33,3.817,6.643,0.742,0.44,0.901
histogram,otsu,edges,112,1,1,0.01,260.76,100.76,3.076,6.023,0.762,0.435,0.91
histogram,otsu,edges,113,1,1,0.0108,226.66,66.66,3.429,6.143,0.722,0.429,0.815
histogram,otsu,edges,114,1,1,0.0108,226.66,66.66,3.477,6.239,0.758,0.435,0.824
histogram,otsu,edges,115,1,1,0.0142,277.88,117.88,3.252,6.175,0.73,0.433,1.017
histogram,otsu,edges,116,1,1,0.0142,277.88,117.88,3.357,6.269,0.729,0.432,0.877
histogram,otsu,edges,117,1,1,0.0167,278.0,118.0,3.375,6.219,0.722,0.428,0.907
histogram,otsu,edges,118,1,1,0.0175,281.03,121.03,4.14,7.925,1.203,0.503,1.308
histogram,otsu,edges,119,1,1,0.0175,281.03,121.03,3.881,6.607,0.734,0.432,0.808
histogram,otsu,edges,120,1,1,0.015,271.23,111.23,4.061,6.849,0.78,0.437,0.822
histogram,otsu,edges,121,1,1,0.0158,281.43,121.43,3.591,6.5,0.729,0.432,1.002
histogram,otsu,edges,122,1,1,0.0158,281.43,121.43,3.62,6.386,0.737,0.433,0.806
histogram,otsu,edges,123,1,1,0.0175,237.14,77.14,3.436,6.196,0.764,0.439,0.802
histogram,otsu,edges,124,1,1,0.0175,237.14,77.14,3.288,6.076,0.733,0.433,0.792
histogram,otsu,edges,125,1,1,0.0158,210.67,50.67,3.589,6.37,0.716,0.432,0.812
histogram,otsu,edges,126,1,1,0.0183,221.65,61.65,2.783,5.537,0.724,0.431,0.853
histogram,otsu,edges,127,1,1,0.0183,221.65,61.65,2.792,5.563,0.728,0.433,0.796
histogram,otsu,edges,128,1,0,0.0236,168.25,8.25,4.122,6.904,0.728,0.435,0.867
histogram,otsu,edges,129,1,0,0.0236,173.09,13.09,3.691,6.546,0.718,0.435,0.948
histogram,otsu,edges,130,1,0,0.0236,173.09,13.09,3.734,6.625,0.778,0.441,0.929
histogram,otsu,edges,131,1,0,0.0222,168.81,8.81,3.859,6.686,0.719,0.433,0.854
histogram,otsu,edges,132,1,0,0.0222,168.81,8.81,3.86,6.649,0.722,0.434,0.853
histogram,otsu,edges,133,1,0,0.0361,150.16,-9.84,3.701,6.518,0.767,0.434,0.857
histogram,otsu,edges,134,1,0,0.0361,150.16,-9.84,3.674,6.574,0.727,0.432,0.988
histogram,otsu,edges,135,1,0,0.0361,150.16,-9.84,3.692,6.457,0.722,0.435,0.861
histogram,otsu,edges,136,1,0,0.025,154.65,-5.35,4.032,6.889,0.727,0.475,0.907
histogram,otsu,edges,137,1,0,0.0069,155.11,-4.89,3.944,7.275,1.166,0.459,0.959
histogram,otsu,edges,138,1,0,0.0069,155.11,-4.89,3.956,6.75,0.733,0.435,0.87
histogram,otsu,edges,139,1,0,0.0069,155.11,-4.89,3.929,6.943,0.877,0.439,0.887
histogram,otsu,edges,140,0,0,0.0,0.0,,2.703,5.545,0.766,0.44,0.891
histogram,otsu,edges,141,1,0,0.0167,216.16,56.16,4.261,7.045,0.712,0.434,0.899
histogram,otsu,edges,142,1,1,0.0217,142.22,-17.78,3.592,6.439,0.733,0.437,0.841
histogram,otsu,edges,143,1,1,0.0217,142.22,-17.78,3.592,6.431,0.721,0.436,0.937
histogram,otsu,edges,144,1,1,0.0217,131.78,-28.22,3.609,6.38,0.716,0.441,0.856
histogram,otsu,edges,145,1,1,0.0042,119.96,-40.04,3.196,5.927,0.758,0.44,0.783
histogram,otsu,edges,146,0,0,0.0,0.0,,0.839,3.531,0.737,0.45,0.763
histogram,otsu,edges,147,0,0,0.0,0.0,,0.752,3.419,0.688,0.433,0.784
histogram,otsu,edges,148,0,0,0.0,0.0,,0.757,3.402,0.693,0.433,0.768
histogram,otsu,edges,149,0,0,0.0,0.0,,0.758,3.425,0.696,0.43,0.769
histogram,otsu,edges,150,1,1,0.0083,125.5,-34.5,3.59,6.391,0.736,0.439,0.857
histogram,otsu,edges,151,1,1,0.0083,125.5,-34.5,3.479,6.328,0.721,0.435,0.949
histogram,otsu,edges,152,1,1,0.0083,124.5,-35.5,3.611,6.469,0.718,0.434,0.849
histogram,otsu,edges,153,1,1,0.0083,71.5,-88.5,3.646,6.465,0.738,0.475,0.858
histogram,otsu,edges,154,1,1,0.0083,71.5,-88.5,3.557,6.317,0.725,0.433,0.859
histogram,otsu,edges,155,1,1,0.0083,71.5,-88.5,3.553,6.35,0.77,0.438,0.855
histogram,otsu,edges,156,1,1,0.0092,47.67,-112.33,3.013,5.875,0.728,0.432,0.914
histogram,otsu,edges,157,1,1,0.0083,292.36,132.36,4.71,7.517,0.711,0.433,0.852
histogram,otsu,edges,158,1,1,0.0083,292.36,132.36,4.778,7.561,0.76,0.437,0.836
histogram,otsu,edges,159,1,1,0.0092,291.09,131.09,4.219,7.023,0.773,0.437,0.848
histogram,otsu,edges,160,1,1,0.0042,40.96,-119.04,2.904,5.72,0.74,0.433,0.898
histogram,otsu,edges,161,1,1,0.01,80.6,-79.4,4.286,7.117,0.713,0.428,0.862
histogram,otsu,edges,162,1,1,0.01,80.6,-79.4,4.321,7.173,0.788,0.447,0.844
histogram,otsu,edges,163,1,1,0.015,87.47,-72.53,3.608,6.414,0.725,0.433,0.908
histogram,otsu,edges,164,1,1,0.015,87.47,-72.53,3.601,6.335,0.736,0.431,0.806
histogram,otsu,edges,165,1,1,0.0083,90.5,-69.5,3.586,6.444,0.799,0.439,0.873
histogram,otsu,edges,166,1,1,0.0083,124.5,-35.5,3.516,6.346,0.738,0.44,0.905
histogram,otsu,edges,167,1,1,0.0083,124.5,-35.5,3.565,6.352,0.712,0.43,0.833
histogram,otsu,edges,168,1,1,0.0083,124.5,-35.5,3.682,6.475,0.734,0.476,0.831
histogram,otsu,edges,169,1,1,0.0142,146.5,-13.5,3.589,6.355,0.721,0.433,0.86
histogram,otsu,edges,170,1,1,0.0142,146.5,-13.5,3.609,6.382,0.739,0.437,0.847
histogram,otsu,edges,171,1,1,0.0142,146.5,-13.5,3.601,6.51,0.734,0.43,0.95
histogram,otsu,edges,172,1,1,0.0092,174.24,14.24,3.318,6.082,0.714,0.433,0.808
histogram,otsu,edges,173,1,1,0.0083,112.5,-47.5,3.609,6.411,0.739,0.471,0.848
histogram,otsu,edges,174,1,1,0.0083,85.5,-74.5,3.58,6.309,0.711,0.439,0.819
histogram,otsu,edges,175,1,1,0.0083,85.5,-74.5,3.79,10.26,3.791,0.6,1.324
histogram,otsu,edges,176,0,0,0.0,0.0,,3.078,6.67,1.148,0.438,1.246
histogram,otsu,edges,177,1,0,0.0097,197.72,37.72,4.699,8.099,1.138,0.43,1.086
histogram,otsu,edges,178,1,0,0.0097,197.72,37.72,4.57,8.215,1.137,0.44,1.22
histogram,otsu,edges,179,1,0,0.0097,197.72,37.72,4.557,8.103,1.142,0.431,1.213
histogram,otsu,edges,180,1,1,0.0067,147.6,-12.4,3.631,6.467,0.72,0.435,0.899
histogram,otsu,edges,181,1,1,0.0108,171.19,11.19,3.655,6.444,0.709,0.432,0.846
histogram,otsu,edges,182,1,1,0.01,94.5,-65.5,3.229,6.058,0.719,0.431,0.9
histogram,otsu,edges,183,1,1,0.01,94.5,-65.5,3.174,5.899,0.712,0.431,0.834
histogram,otsu,edges,184,1,1,0.0092,104.42,-55.58,3.253,6.061,0.721,0.432,0.911
histogram,otsu,edges,185,1,0,0.0111,117.52,-42.48,3.966,6.747,0.72,0.433,0.871
histogram,otsu,edges,186,1,0,0.0153,133.11,-26.89,4.242,7.079,0.815,0.436,0.838
histogram,otsu,edges,187,1,0,0.0153,133.11,-26.89,4.229,7.025,0.718,0.432,0.902
histogram,otsu,edges,188,1,0,0.0153,124.27,-35.73,3.714,6.51,0.703,0.428,0.836
histogram,otsu,edges,189,1,0,0.0069,132.51,-27.49,4.098,6.868,0.722,0.432,0.799
histogram,otsu,edges,190,1,0,0.0069,132.51,-27.49,4.159,6.944,0.775,0.436,0.812
histogram,otsu,edges,191,1,0,0.0069,132.51,-27.49,4.099,6.905,0.723,0.428,0.905
histogram,otsu,edges,192,1,0,0.0069,120.03,-39.97,4.011,6.792,0.722,0.427,0.841
histogram,otsu,edges,193,1,0,0.0181,113.82,-46.18,3.715,6.552,0.719,0.433,0.868
histogram,otsu,edges,194,1,0,0.0181,104.94,-55.06,3.932,6.68,0.723,0.432,0.846
histogram,otsu,edges,195,1,0,0.0181,104.94,-55.06,4.499,7.418,0.72,0.434,0.946
histogram,otsu,edges,196,1,0,0.0083,105.78,-54.22,3.438,6.548,0.732,0.456,1.175
histogram,otsu,edges,197,1,1,0.0108,174.06,14.06,3.256,5.998,0.763,0.435,0.791
histogram,otsu,edges,198,1,1,0.0108,174.06,14.06,3.181,5.87,0.733,0.434,0.766
histogram,otsu,edges,199,1,1,0.0108,175.92,15.92,3.064,5.786,0.763,0.438,0.774
histogram,otsu,edges,200,1,1,0.0108,175.92,15.92,3.127,5.803,0.74,0.43,0.763
histogram,otsu,edges,201,1,1,0.0125,114.85,-45.15,3.367,6.109,0.777,0.437,0.79
histogram,otsu,edges,202,1,1,0.0125,119.88,-40.12,3.289,6.042,0.726,0.432,0.818
histogram,otsu,edges,203,1,1,0.0125,119.88,-40.12,3.27,6.138,0.771,0.434,0.875
histogram,otsu,edges,204,1,1,0.0183,94.97,-65.03,3.086,5.847,0.721,0.432,0.789
histogram,otsu,edges,205,1,1,0.0142,100.45,-59.55,3.102,5.839,0.779,0.435,0.777
histogram,otsu,edges,206,1,1,0.0142,100.45,-59.55,3.121,5.951,0.86,0.442,0.776
histogram,otsu,edges,207,1,1,0.0142,103.34,-56.66,3.208,5.952,0.763,0.438,0.791
histogram,otsu,edges,208,1,1,0.0142,101.54,-58.46,3.899,6.58,0.719,0.43,0.776
histogram,otsu,edges,209,1,1,0.015,111.67,-48.33,3.538,6.321,0.724,0.432,0.793
histogram,otsu,edges,210,1,1,0.015,111.67,-48.33,3.571,6.31,0.726,0.432,0.826
histogram,otsu,edges,211,1,1,0.0175,114.58,-45.42,3.581,6.305,0.718,0.431,0.795
histogram,otsu,edges,212,1,1,0.0175,114.58,-45.42,3.566,6.339,0.768,0.434,0.789
histogram,otsu,edges,213,1,1,0.0142,131.6,-28.4,3.553,6.366,0.724,0.431,0.838
histogram,otsu,edges,214,1,1,0.0142,131.6,-28.4,3.595,6.404,0.727,0.434,0.826
histogram,otsu,edges,215,1,0,0.0097,151.77,-8.23,4.904,7.664,0.718,0.433,0.859
histogram,otsu,edges,216,1,0,0.0167,142.85,-17.15,4.55,7.419,0.74,0.432,0.922
histogram,otsu,edges,217,1,0,0.0125,152.5,-7.5,4.418,7.206,0.724,0.435,0.818
histogram,otsu,edges,218,1,1,0.0158,132.53,-27.47,3.241,5.923,0.721,0.434,0.778
histogram,otsu,edges,219,1,1,0.0158,132.53,-27.47,3.172,5.898,0.723,0.476,0.777
histogram,otsu,edges,220,1,1,0.0158,167.39,7.39,3.608,6.315,0.731,0.434,0.789
histogram,otsu,edges,221,1,1,0.0158,182.39,22.39,3.56,6.271,0.766,0.438,0.756
histogram,otsu,edges,222,1,1,0.0158,182.39,22.39,3.43,6.196,0.719,0.428,0.758
histogram,otsu,edges,223,1,1,0.015,190.29,30.29,3.363,6.203,0.813,0.437,0.78
histogram,otsu,edges,224,1,1,0.015,190.29,30.29,3.376,6.206,0.793,0.439,0.842
histogram,otsu,edges,225,1,0,0.0139,147.03,-12.97,4.548,7.37,0.724,0.434,0.864
histogram,otsu,edges,226,1,0,0.0139,147.03,-12.97,4.494,7.288,0.718,0.433,0.834
histogram,otsu,edges,227,1,0,0.0139,148.14,-11.86,4.409,7.354,0.92,0.447,0.829
histogram,otsu,edges,228,1,0,0.0139,148.14,-11.86,4.491,7.281,0.737,0.473,0.82
histogram,otsu,edges,229,1,0,0.0069,149.64,-10.36,4.263,7.052,0.725,0.434,0.887
histogram,otsu,edges,230,1,0,0.0069,150.12,-9.88,4.271,6.961,0.743,0.429,0.776
histogram,otsu,edges,231,1,0,0.0069,150.12,-9.88,4.2,7.559,0.733,0.438,1.37
histogram,otsu,edges,232,1,0,0.0139,150.44,-9.56,4.241,7.094,0.724,0.434,0.827
histogram,otsu,edges,233,1,0,0.0139,151.12,-8.88,4.271,7.103,0.722,0.48,0.865
histogram,otsu,edges,234,1,0,0.0139,150.37,-9.63,4.279,7.092,0.725,0.432,0.906
histogram,otsu,edges,235,1,0,0.0139,150.37,-9.63,4.383,7.111,0.723,0.434,0.821
histogram,otsu,edges,236,1,0,0.0139,151.55,-8.45,4.351,7.092,0.724,0.428,0.825
histogram,otsu,edges,237,1,0,0.0139,150.18,-9.82,4.207,6.956,0.738,0.438,0.826
histogram,otsu,edges,238,1,0,0.0139,150.18,-9.82,4.272,7.065,0.705,0.486,0.842
histogram,otsu,edges,239,1,0,0.0139,156.73,-3.27,4.466,7.271,0.714,0.435,0.898
histogram,otsu,edges,240,1,0,0.0139,156.73,-3.27,4.551,7.375,0.728,0.435,0.887
histogram,otsu,edges,241,1,0,0.0139,150.5,-9.5,4.258,6.996,0.718,0.431,0.838
histogram,otsu,edges,242,1,0,0.0139,150.4,-9.6,4.29,7.074,0.74,0.437,0.826
histogram,otsu,edges,243,1,0,0.0139,150.4,-9.6,4.25,7.041,0.724,0.478,0.838
histogram,otsu,edges,244,1,0,0.0139,150.47,-9.53,4.38,7.204,0.72,0.433,0.904
histogram,otsu,edges,245,1,0,0.0139,151.32,-8.68,4.323,7.093,0.731,0.435,0.849
histogram,otsu,edges,246,1,0,0.0139,151.32,-8.68,4.33,7.055,0.719,0.432,0.819
histogram,otsu,edges,247,1,0,0.0139,150.55,-9.45,4.231,7.099,0.765,0.439,0.876
histogram,otsu,edges,248,1,0,0.0139,150.55,-9.45,4.251,7.077,0.741,0.476,0.857
histogram,otsu,edges,249,1,0,0.0139,150.44,-9.56,4.324,7.147,0.726,0.433,0.911
histogram,otsu,edges,250,1,0,0.0139,150.44,-9.56,4.269,7.033,0.748,0.434,0.826
histogram,otsu,edges,251,1,0,0.0139,150.48,-9.52,4.319,7.173,0.736,0.435,0.858
histogram,otsu,edges,252,1,0,0.0139,150.48,-9.52,4.259,7.068,0.768,0.436,0.816
histogram,otsu,edges,253,1,0,0.0139,150.49,-9.51,4.281,7.088,0.737,0.433,0.884
histogram,otsu,edges,254,1,0,0.0139,150.49,-9.51,4.386,7.28,0.722,0.428,0.86
histogram,otsu,edges,255,1,0,0.0139,150.49,-9.51,4.258,6.996,0.729,0.429,0.829
histogram,otsu,edges,256,1,0,0.0139,150.57,-9.43,4.26,7.065,0.718,0.432,0.821
histogram,otsu,edges,257,1,0,0.0139,150.45,-9.55,4.242,7.063,0.795,0.439,0.835
histogram,otsu,edges,258,1,0,0.0139,150.45,-9.55,4.337,7.166,0.741,0.435,0.906
histogram,otsu,edges,259,1,0,0.0139,150.48,-9.52,4.314,7.052,0.726,0.426,0.827
histogram,otsu,edges,260,1,0,0.0139,150.51,-9.49,4.315,7.04,0.714,0.435,0.816
histogram,otsu,edges,261,1,0,0.0139,150.59,-9.41,4.23,7.057,0.778,0.444,0.853
histogram,otsu,edges,262,1,0,0.0139,150.59,-9.41,4.218,7.045,0.727,0.475,0.845
histogram,otsu,edges,263,1,0,0.0139,150.57,-9.43,4.259,7.086,0.719,0.434,0.925
histogram,otsu,edges,264,1,0,0.0139,150.57,-9.43,4.237,6.996,0.739,0.434,0.827
histogram,otsu,edges,265,1,0,0.0139,150.5,-9.5,4.288,7.113,0.721,0.434,0.837
histogram,otsu,edges,266,1,0,0.0139,150.5,-9.5,4.252,7.049,0.777,0.439,0.827
histogram,otsu,edges,267,1,0,0.0139,150.65,-9.35,4.332,7.138,0.733,0.434,0.881
histogram,otsu,edges,268,1,0,0.0139,150.65,-9.35,4.419,7.629,0.721,0.431,1.316
histogram,otsu,edges,269,1,0,0.0139,150.51,-9.49,4.561,7.893,0.741,0.444,1.368
histogram,otsu,edges,270,1,0,0.0139,150.51,-9.49,4.625,7.437,0.743,0.442,0.836
histogram,otsu,edges,271,1,0,0.0139,151.11,-8.89,4.275,7.037,0.729,0.435,0.838
histogram,otsu,edges,272,1,0,0.0139,151.11,-8.89,4.361,7.205,0.728,0.434,0.837
histogram,otsu,edges,273,1,0,0.0139,150.59,-9.41,4.225,7.029,0.776,0.434,0.838
histogram,otsu,edges,274,1,0,0.0139,150.53,-9.47,4.306,7.117,0.721,0.431,0.905
histogram,otsu,edges,275,1,0,0.0139,150.53,-9.47,4.316,7.052,0.711,0.436,0.828
histogram,otsu,edges,276,1,0,0.0139,150.58,-9.42,4.262,6.999,0.729,0.433,0.824
histogram,otsu,edges,277,1,0,0.0139,151.14,-8.86,4.236,7.043,0.748,0.439,0.853
histogram,otsu,edges,278,1,0,0.0139,150.51,-9.49,4.247,7.044,0.728,0.476,0.834
histogram,otsu,edges,279,1,0,0.0139,150.51,-9.49,4.266,7.089,0.728,0.437,0.91
histogram,otsu,edges,280,1,0,0.0139,151.19,-8.81,4.289,7.048,0.74,0.435,0.835
histogram,otsu,edges,281,1,0,0.0139,150.51,-9.49,4.248,7.034,0.72,0.433,0.825
histogram,otsu,edges,282,1,0,0.0139,150.52,-9.48,4.227,7.044,0.742,0.441,0.833
histogram,otsu,edges,283,1,0,0.0139,150.52,-9.48,4.25,7.08,0.733,0.433,0.916
histogram,otsu,edges,284,1,0,0.0139,150.59,-9.41,4.313,7.091,0.717,0.436,0.828
histogram,otsu,edges,285,1,0,0.0139,150.48,-9.52,4.255,7.002,0.715,0.434,0.857
histogram,otsu,edges,286,1,0,0.0139,150.52,-9.48,4.284,7.101,0.798,0.433,0.826
histogram,otsu,edges,287,1,0,0.0139,150.52,-9.48,4.239,7.037,0.731,0.477,0.835
histogram,otsu,edges,288,1,0,0.0139,150.41,-9.59,4.317,7.15,0.726,0.433,0.923
histogram,otsu,edges,289,1,0,0.0139,150.52,-9.48,4.264,6.991,0.703,0.441,0.826
histogram,otsu,edges,290,1,0,0.0139,150.52,-9.48,4.27,7.081,0.722,0.436,0.832
histogram,otsu,edges,291,1,0,0.0139,150.52,-9.48,4.255,7.122,0.779,0.437,0.852
histogram,otsu,edges,292,1,0,0.0139,150.51,-9.49,4.26,7.087,0.72,0.432,0.889
histogram,otsu,edges,293,1,0,0.0139,150.52,-9.48,4.275,7.109,0.736,0.437,0.838
histogram,otsu,edges,294,1,0,0.0139,150.52,-9.48,4.274,7.002,0.725,0.434,0.815
histogram,otsu,edges,295,1,0,0.0139,150.61,-9.39,4.221,7.028,0.714,0.43,0.834
histogram,otsu,edges,296,1,0,0.0139,150.51,-9.49,4.223,7.002,0.735,0.446,0.837
histogram,otsu,edges,297,1,0,0.0139,150.59,-9.41,4.238,7.071,0.719,0.432,0.933
histogram,otsu,edges,298,1,0,0.0139,150.59,-9.41,4.373,7.109,0.72,0.433,0.834
histogram,otsu,edges,299,1,0,0.0139,150.52,-9.48,4.234,6.963,0.727,0.435,0.822
histogram,otsu,edges,300,1,0,0.0139,150.52,-9.48,4.289,7.091,0.77,0.436,0.836
histogram,otsu,edges,301,1,0,0.0139,150.51,-9.49,4.254,7.082,0.74,0.476,0.862
histogram,otsu,edges,302,1,0,0.0139,150.52,-9.48,4.52,7.369,0.718,0.435,0.902
histogram,otsu,edges,303,1,0,0.0139,150.52,-9.48,4.477,7.191,0.701,0.44,0.826
histogram,otsu,edges,304,1,0,0.0139,150.5,-9.5,4.245,6.975,0.724,0.435,0.823
histogram,otsu,edges,305,1,0,0.0139,150.53,-9.47,4.216,7.071,0.768,0.433,0.853
histogram,otsu,edges,306,1,0,0.0139,150.5,-9.5,4.329,7.132,0.726,0.482,0.843
histogram,otsu,edges,307,1,0,0.0139,150.5,-9.5,4.27,7.112,0.73,0.431,0.92
histogram,otsu,edges,308,1,0,0.0139,150.86,-9.14,4.325,7.072,0.725,0.435,0.835
histogram,otsu,edges,309,1,1,0.0217,155.75,-4.25,3.133,5.88,0.733,0.433,0.777
histogram,otsu,edges,310,1,0,0.0097,184.99,24.99,4.468,7.263,0.73,0.441,0.881
histogram,otsu,edges,311,1,0,0.0097,184.99,24.99,4.547,7.257,0.729,0.434,0.794
histogram,otsu,edges,312,1,0,0.0069,150.89,-9.11,4.569,7.324,0.72,0.436,0.78
histogram,otsu,edges,313,1,0,0.0069,151.18,-8.82,4.475,8.26,1.177,0.473,1.272
histogram,otsu,edges,314,1,0,0.0069,151.18,-8.82,4.318,7.744,1.136,0.428,1.114
histogram,otsu,edges,315,1,0,0.0069,151.05,-8.95,4.229,7.74,1.122,0.435,1.214
histogram,otsu,edges,316,1,0,0.0139,150.69,-9.31,4.305,7.831,1.134,0.432,1.131
histogram,otsu,edges,317,1,0,0.0139,151.54,-8.46,5.154,8.674,1.138,0.434,1.125
histogram,otsu,edges,318,1,0,0.0139,151.54,-8.46,4.532,9.243,2.149,0.47,1.319
histogram,otsu,edges,319,1,0,0.0139,222.38,62.38,4.545,8.071,1.138,0.435,1.203
histogram,otsu,edges,320,1,0,0.0139,150.64,-9.36,4.277,7.808,1.145,0.485,1.147
histogram,otsu,edges,321,1,0,0.0139,150.56,-9.44,4.353,7.622,1.126,0.435,0.953
histogram,otsu,edges,322,1,0,0.0139,150.56,-9.44,4.301,7.182,0.735,0.43,0.918
histogram,otsu,edges,323,1,0,0.0139,150.65,-9.35,4.229,6.97,0.723,0.434,0.835
histogram,otsu,edges,324,1,0,0.0139,150.65,-9.35,4.227,7.053,0.722,0.432,0.829
histogram,otsu,edges,325,1,0,0.0139,150.88,-9.12,4.87,8.291,0.792,0.53,1.348
histogram,otsu,edges,326,1,0,0.0139,150.88,-9.12,4.284,7.863,1.041,0.483,1.284
histogram,otsu,edges,327,1,0,0.0139,150.62,-9.38,4.249,7.234,0.945,0.45,0.85
histogram,otsu,edges,328,1,0,0.0139,150.62,-9.38,4.252,7.048,0.722,0.476,0.838
histogram,otsu,edges,329,1,0,0.0139,150.66,-9.34,4.352,7.192,0.725,0.435,0.924
histogram,otsu,edges,330,1,0,0.0139,150.66,-9.34,4.229,6.978,0.728,0.433,0.83
histogram,otsu,edges,331,1,0,0.0139,150.67,-9.33,4.35,7.131,0.706,0.433,0.828
histogram,otsu,edges,332,1,0,0.0139,150.67,-9.33,4.225,7.07,0.772,0.433,0.843
histogram,otsu,edges,333,1,0,0.0139,150.95,-9.05,4.274,7.071,0.727,0.433,0.883
histogram,otsu,edges,334,1,0,0.0139,150.95,-9.05,4.263,7.112,0.736,0.445,0.837
histogram,otsu,edges,335,1,0,0.0139,150.62,-9.38,4.225,6.953,0.713,0.433,0.831
histogram,otsu,edges,336,1,0,0.0139,150.7,-9.3,4.302,7.102,0.711,0.433,0.837
histogram,otsu,edges,337,1,0,0.0139,150.95,-9.05,4.412,7.222,0.776,0.437,0.841
histogram,otsu,edges,338,1,0,0.0139,150.95,-9.05,4.765,7.603,0.706,0.455,0.914
histogram,otsu,edges,339,1,0,0.0139,150.94,-9.06,4.382,7.858,1.222,0.553,0.917
histogram,otsu,edges,340,1,0,0.0139,150.92,-9.08,4.292,7.174,0.732,0.436,0.956
histogram,otsu,edges,341,1,0,0.0139,150.89,-9.11,4.249,6.99,0.718,0.435,0.837
histogram,otsu,edges,342,1,0,0.0139,150.89,-9.11,4.274,7.109,0.702,0.43,0.829
histogram,otsu,edges,343,1,0,0.0139,150.96,-9.04,4.232,7.086,0.775,0.438,0.885
histogram,otsu,edges,344,1,0,0.0139,150.68,-9.32,4.269,7.06,0.725,0.434,0.884
histogram,otsu,edges,345,1,0,0.0139,150.69,-9.31,4.26,7.094,0.723,0.435,0.852
histogram,otsu,edges,346,1,0,0.0139,150.69,-9.31,4.257,7.005,0.722,0.433,0.839
histogram,otsu,edges,347,1,0,0.0139,150.7,-9.3,4.252,7.075,0.722,0.436,0.842
histogram,otsu,edges,348,1,0,0.0139,150.7,-9.3,4.228,7.033,0.76,0.44,0.854
histogram,otsu,edges,349,1,0,0.0139,156.76,-3.24,4.436,7.295,0.725,0.438,0.939
histogram,otsu,edges,350,1,0,0.0139,150.94,-9.06,4.355,7.205,0.716,0.435,0.874
histogram,otsu,edges,351,1,0,0.0139,150.94,-9.06,4.263,7.192,0.769,0.442,0.852
histogram,otsu,edges,352,1,0,0.0139,150.92,-9.08,4.297,7.135,0.717,0.433,0.843
histogram,otsu,edges,353,1,0,0.0139,150.95,-9.05,4.259,7.086,0.788,0.438,0.847
histogram,otsu,edges,354,1,0,0.0139,150.83,-9.17,4.328,7.143,0.728,0.435,0.905
histogram,otsu,edges,355,1,0,0.0139,150.83,-9.17,4.264,7.078,0.729,0.434,0.839
histogram,otsu,edges,356,1,0,0.0139,150.94,-9.06,4.254,6.992,0.724,0.43,0.827
histogram,otsu,edges,357,1,0,0.0139,150.94,-9.06,4.255,7.071,0.72,0.44,0.84
histogram,otsu,edges,358,1,0,0.0139,150.93,-9.07,4.253,7.044,0.73,0.475,0.842
histogram,otsu,edges,359,1,0,0.0139,150.93,-9.07,4.325,7.165,0.724,0.434,0.929
histogram,otsu,edges,360,1,0,0.0139,150.95,-9.05,4.349,7.102,0.729,0.434,0.838
histogram,adaptive,edges,0,1,0,0.0167,142.66,-17.34,4.435,15.232,0.731,8.249,1.094
histogram,adaptive,edges,1,1,0,0.0167,146.55,-13.45,4.661,15.498,0.725,8.229,1.073
histogram,adaptive,edges,2,1,0,0.0181,143.59,-16.41,4.487,15.285,0.705,8.215,1.072
histogram,adaptive,edges,3,1,0,0.0181,143.59,-16.41,4.473,15.318,0.787,8.249,1.059
histogram,adaptive,edges,4,1,0,0.0181,144.2,-15.8,4.534,15.377,0.732,8.224,1.134
histogram,adaptive,edges,5,1,0,0.0167,144.29,-15.71,4.551,15.365,0.721,8.239,1.11
histogram,adaptive,edges,6,1,0,0.0167,144.29,-15.71,4.658,15.461,0.754,8.246,1.056
histogram,adaptive,edges,7,1,0,0.0181,144.24,-15.76,4.542,15.329,0.724,8.194,1.067
histogram,adaptive,edges,8,1,0,0.0167,144.27,-15.73,4.601,15.316,0.713,8.185,1.063
histogram,adaptive,edges,9,1,0,0.0181,144.21,-15.79,4.566,15.453,0.778,8.285,1.035
histogram,adaptive,edges,10,1,0,0.0181,144.21,-15.79,4.645,15.436,0.782,8.21,1.053
histogram,adaptive,edges,11,1,0,0.0181,143.59,-16.41,4.467,15.26,0.732,8.205,1.114
histogram,adaptive,edges,12,1,0,0.0181,143.69,-16.31,4.396,15.245,0.709,8.23,1.143
histogram,adaptive,edges,13,1,0,0.0167,145.79,-14.21,4.911,16.352,0.735,8.304,1.66
histogram,adaptive,edges,14,1,0,0.0167,145.79,-14.21,4.665,15.628,0.734,8.293,1.133
histogram,adaptive,edges,15,1,0,0.0181,144.1,-15.9,4.648,15.419,0.716,8.26,1.067
histogram,adaptive,edges,16,1,0,0.0181,144.1,-15.9,4.612,15.365,0.728,8.221,1.054
histogram,adaptive,edges,17,1,0,0.0194,144.25,-15.75,4.533,15.278,0.719,8.22,1.058
histogram,adaptive,edges,18,1,0,0.0181,144.24,-15.76,4.537,15.369,0.786,8.225,1.083
histogram,adaptive,edges,19,1,0,0.0181,144.19,-15.81,4.351,15.221,0.778,8.257,1.05
histogram,adaptive,edges,20,1,0,0.0181,144.19,-15.81,4.387,15.188,0.732,8.229,1.098
histogram,adaptive,edges,21,1,0,0.0181,144.19,-15.81,4.529,15.455,0.734,8.231,1.195
histogram,adaptive,edges,22,1,0,0.0167,145.76,-14.24,4.73,15.729,0.724,8.303,1.227
histogram,adaptive,edges,23,1,0,0.0167,145.76,-14.24,4.741,15.492,0.727,8.214,1.07
histogram,adaptive,edges,24,1,0,0.0181,144.18,-15.82,4.586,15.3,0.721,8.194,1.056
histogram,adaptive,edges,25,1,0,0.0181,144.16,-15.84,4.609,15.444,0.733,8.229,1.069
histogram,adaptive,edges,26,1,0,0.0181,144.16,-15.84,4.563,15.393,0.767,8.251,1.065
histogram,adaptive,edges,27,1,0,0.0181,144.16,-15.84,4.512,15.321,0.716,8.276,1.067
histogram,adaptive,edges,28,1,0,0.0181,145.44,-14.56,4.573,15.38,0.722,8.198,1.136
histogram,adaptive,edges,29,1,0,0.0181,144.16,-15.84,4.364,15.261,0.724,8.225,1.163
histogram,adaptive,edges,30,1,0,0.0181,144.19,-15.81,4.376,15.17,0.735,8.201,1.114
histogram,adaptive,edges,31,1,0,0.0181,144.19,-15.81,4.353,15.116,0.712,8.234,1.058
histogram,adaptive,edges,32,1,0,0.0181,146.6,-13.4,4.645,15.476,0.784,8.233,1.062
histogram,adaptive,edges,33,1,0,0.0181,144.19,-15.81,4.365,15.185,0.765,8.266,1.039
histogram,adaptive,edges,34,1,0,0.0181,144.19,-15.81,4.401,15.269,0.725,8.207,1.187
histogram,adaptive,edges,35,1,0,0.0167,145.9,-14.1,4.634,15.459,0.735,8.206,1.067
histogram,adaptive,edges,36,1,0,0.0167,145.9,-14.1,4.746,15.581,0.722,8.31,1.073
histogram,adaptive,edges,37,1,0,0.0167,144.38,-15.62,4.551,15.298,0.729,8.211,1.063
histogram,adaptive,edges,38,1,0,0.0167,144.38,-15.62,4.601,15.43,0.722,8.236,1.043
histogram,adaptive,edges,39,1,0,0.0181,144.09,-15.91,4.548,15.419,0.786,8.242,1.063
histogram,adaptive,edges,40,1,0,0.0181,144.09,-15.91,4.539,15.342,0.752,8.216,1.069
histogram,adaptive,edges,41,1,0,0.0181,144.2,-15.8,4.367,15.18,0.719,8.235,1.114
histogram,adaptive,edges,42,1,0,0.0181,144.16,-15.84,4.545,15.336,0.725,8.19,1.117
histogram,adaptive,edges,43,1,0,0.0181,143.3,-16.7,5.288,16.072,0.732,8.216,1.087
histogram,adaptive,edges,44,1,0,0.0181,143.3,-16.7,4.425,15.852,1.159,8.317,1.175
histogram,adaptive,edges,45,1,0,0.0181,144.12,-15.88,4.665,15.445,0.709,8.254,1.068
histogram,adaptive,edges,46,1,0,0.0181,144.12,-15.88,4.563,15.337,0.741,8.206,1.073
histogram,adaptive,edges,47,1,0,0.0167,144.23,-15.77,4.636,15.422,0.718,8.25,1.007
histogram,adaptive,edges,48,1,0,0.0167,144.23,-15.77,4.556,15.42,0.773,8.309,1.027
histogram,adaptive,edges,49,1,0,0.0181,145.64,-14.36,4.626,15.516,0.776,8.249,1.078
histogram,adaptive,edges,50,1,0,0.0181,145.64,-14.36,4.68,15.505,0.745,8.203,1.122
histogram,adaptive,edges,51,1,0,0.0181,144.14,-15.86,4.604,15.462,0.741,8.231,1.14
histogram,adaptive,edges,52,1,0,0.0167,144.22,-15.78,4.591,15.462,0.737,8.234,1.145
histogram,adaptive,edges,53,1,0,0.0167,144.22,-15.78,4.681,15.416,0.726,8.203,1.054
histogram,adaptive,edges,54,1,0,0.0181,144.16,-15.84,4.883,15.618,0.732,8.173,1.067
histogram,adaptive,edges,55,1,0,0.0167,144.1,-15.9,4.582,15.561,0.788,8.334,1.077
histogram,adaptive,edges,56,1,0,0.0167,144.1,-15.9,4.551,15.391,0.739,8.225,1.059
histogram,adaptive,edges,57,1,0,0.0167,144.3,-15.7,4.548,15.422,0.82,8.261,1.05
histogram,adaptive,edges,58,1,0,0.0181,144.24,-15.76,4.55,15.417,0.786,8.258,1.078
histogram,adaptive,edges,59,1,0,0.0181,144.24,-15.76,4.54,15.407,0.725,8.22,1.136
histogram,adaptive,edges,60,1,0,0.0181,144.17,-15.83,4.604,15.46,0.719,8.219,1.165
histogram,adaptive,edges,61,1,0,0.0167,144.21,-15.79,4.556,15.646,0.727,8.475,1.133
histogram,adaptive,edges,62,1,0,0.0167,144.21,-15.79,4.661,15.403,0.731,8.214,1.043
histogram,adaptive,edges,63,1,0,0.0167,144.21,-15.79,4.567,15.284,0.723,8.228,1.016
histogram,adaptive,edges,64,1,0,0.0167,144.21,-15.79,4.56,15.405,0.72,8.196,1.063
histogram,adaptive,edges,65,1,0,0.0167,144.15,-15.85,4.58,15.376,0.754,8.23,1.062
histogram,adaptive,edges,66,1,0,0.0167,144.15,-15.85,4.934,15.753,0.794,8.216,1.048
histogram,adaptive,edges,67,1,0,0.0181,144.19,-15.81,4.642,15.459,0.732,8.272,1.059
histogram,adaptive,edges,68,1,0,0.0181,144.17,-15.83,4.61,15.424,0.731,8.221,1.113
histogram,adaptive,edges,69,1,0,0.0181,144.62,-15.38,4.574,15.358,0.71,8.197,1.093
histogram,adaptive,edges,70,1,0,0.0181,146.18,-13.82,4.821,15.606,0.719,8.204,1.076
histogram,adaptive,edges,71,1,0,0.0181,146.18,-13.82,4.843,15.602,0.719,8.24,1.053
histogram,adaptive,edges,72,1,1,0.0142,141.9,-18.1,3.369,14.066,0.725,8.207,1.007
histogram,adaptive,edges,73,1,0,0.0194,152.52,-7.48,4.821,15.656,0.738,8.295,1.051
histogram,adaptive,edges,74,1,0,0.0208,147.41,-12.59,4.45,15.206,0.72,8.194,1.096
histogram,adaptive,edges,75,1,0,0.0208,147.41,-12.59,4.443,15.235,0.721,8.214,1.03
histogram,adaptive,edges,76,1,0,0.0181,148.12,-11.88,4.765,15.489,0.722,8.239,1.008
histogram,adaptive,edges,77,1,0,0.0194,147.52,-12.48,4.614,15.361,0.729,8.252,1.017
histogram,adaptive,edges,78,1,0,0.0194,147.52,-12.48,4.672,15.413,0.722,8.208,1.004
histogram,adaptive,edges,79,1,0,0.0194,147.52,-12.48,4.696,15.515,0.776,8.272,0.996
histogram,adaptive,edges,80,1,1,0.0075,137.47,-22.53,3.587,14.383,0.866,8.232,0.934
histogram,adaptive,edges,81,1,1,0.0067,165.44,5.44,3.644,14.25,0.738,8.195,0.925
histogram,adaptive,edges,82,1,1,0.0067,165.44,5.44,3.599,14.283,0.708,8.224,0.925
histogram,adaptive,edges,83,1,1,0.0133,173.49,13.49,3.356,14.151,0.723,8.246,1.079
histogram,adaptive,edges,84,1,0,0.0181,159.04,-0.96,4.359,15.06,0.706,8.219,1.024
histogram,adaptive,edges,85,1,0,0.0181,158.78,-1.22,3.909,14.671,0.761,8.237,1.013
histogram,adaptive,edges,86,1,0,0.0181,158.78,-1.22,3.926,14.723,0.72,8.184,1.113
histogram,adaptive,edges,87,1,0,0.0125,150.64,-9.36,4.58,15.27,0.717,8.202,1.026
histogram,adaptive,edges,88,1,0,0.0125,150.64,-9.36,4.488,15.26,0.721,8.326,0.978
histogram,adaptive,edges,89,1,0,0.0167,142.32,-17.68,4.426,15.222,0.788,8.213,1.004
histogram,adaptive,edges,90,1,0,0.0167,142.32,-17.68,4.338,15.107,0.776,8.213,1.022
histogram,adaptive,edges,91,1,0,0.0111,143.31,-16.69,4.469,15.3,0.718,8.231,1.138
histogram,adaptive,edges,92,1,0,0.0111,143.31,-16.69,4.599,15.296,0.717,8.211,1.016
histogram,adaptive,edges,93,1,0,0.0181,141.72,-18.28,4.251,14.965,0.722,8.211,1.033
histogram,adaptive,edges,94,1,0,0.0194,141.79,-18.21,4.136,14.896,0.727,8.205,1.013
histogram,adaptive,edges,95,1,0,0.0194,141.79,-18.21,4.149,14.897,0.719,8.272,1.013
histogram,adaptive,edges,96,1,0,0.0194,143.5,-16.5,4.715,15.477,0.726,8.188,1.092
histogram,adaptive,edges,97,1,0,0.0222,143.04,-16.96,4.223,15.03,0.731,8.324,1.001
histogram,adaptive,edges,98,1,0,0.0222,143.04,-16.96,4.244,14.931,0.735,8.18,1.014
histogram,adaptive,edges,99,1,0,0.0222,143.04,-16.96,4.181,15.035,0.811,8.255,1.012
histogram,adaptive,edges,100,1,0,0.0208,146.31,-13.69,4.271,15.029,0.733,8.188,1.083
histogram,adaptive,edges,101,1,0,0.0181,147.89,-12.11,4.453,15.379,0.723,8.307,1.141
histogram,adaptive,edges,102,1,0,0.0181,148.25,-11.75,4.804,15.511,0.696,8.18,1.067
histogram,adaptive,edges,103,1,0,0.0181,148.25,-11.75,4.78,15.614,0.715,8.231,1.084
histogram,adaptive,edges,104,1,1,0.025,164.04,4.04,3.238,13.934,0.724,8.215,1.002
histogram,adaptive,edges,105,1,0,0.0167,162.42,2.42,4.209,15.052,0.723,8.254,1.116
histogram,adaptive,edges,106,1,0,0.0167,162.42,2.42,4.29,15.012,0.725,8.202,1.047
histogram,adaptive,edges,107,1,1,0.0192,179.8,19.8,2.925,13.601,0.715,8.244,0.971
histogram,adaptive,edges,108,1,1,0.0192,179.8,19.8,2.953,13.716,0.727,8.208,1.085
histogram,adaptive,edges,109,1,0,0.0181,154.67,-5.33,4.712,16.315,0.714,8.475,1.456
histogram,adaptive,edges,110,1,0,0.0181,154.67,-5.33,4.032,15.656,1.17,8.246,1.439
histogram,adaptive,edges,111,1,0,0.0181,154.67,-5.33,3.904,15.491,1.14,8.195,1.419
histogram,adaptive,edges,112,1,1,0.01,260.76,100.76,3.272,14.831,1.193,8.21,1.378
histogram,adaptive,edges,113,1,1,0.0108,226.66,66.66,3.571,15.136,1.129,8.446,1.232
histogram,adaptive,edges,114,1,1,0.0108,226.66,66.66,3.587,14.972,1.124,8.21,1.293
histogram,adaptive,edges,115,1,1,0.0142,277.88,117.88,3.47,15.093,1.137,8.221,1.427
histogram,adaptive,edges,116,1,1,0.0142,277.88,117.88,3.148,13.723,1.126,7.384,1.259
histogram,adaptive,edges,117,1,1,0.0167,278.0,118.0,3.163,13.206,0.985,7.12,1.264
histogram,adaptive,edges,118,1,1,0.0175,281.03,121.03,3.58,13.616,1.025,7.079,1.259
histogram,adaptive,edges,119,1,1,0.0175,281.03,121.03,3.474,13.364,0.979,7.13,1.07
histogram,adaptive,edges,120,1,1,0.015,271.23,111.23,3.68,13.661,0.985,7.125,1.199
histogram,adaptive,edges,121,1,1,0.0158,281.43,121.43,3.202,13.267,0.988,7.142,1.191
histogram,adaptive,edges,122,1,1,0.0158,281.43,121.43,3.319,13.334,0.981,7.188,1.126
histogram,adaptive,edges,123,1,1,0.0175,237.14,77.14,3.295,13.377,0.997,7.141,1.254
histogram,adaptive,edges,124,1,1,0.0175,237.14,77.14,3.408,14.803,1.129,8.214,1.224
histogram,adaptive,edges,125,1,1,0.0158,210.67,50.67,3.582,15.141,1.18,8.291,1.337
histogram,adaptive,edges,126,1,1,0.0183,221.65,61.65,2.858,14.276,1.143,8.206,1.323
histogram,adaptive,edges,127,1,1,0.0183,221.65,61.65,2.87,14.204,1.128,8.203,1.237
histogram,adaptive,edges,128,1,0,0.0236,168.25,8.25,4.099,15.7,1.178,8.251,1.421
histogram,adaptive,edges,129,1,0,0.0236,173.09,13.09,4.128,15.795,1.122,8.305,1.458
histogram,adaptive,edges,130,1,0,0.0236,173.09,13.09,3.811,15.49,1.152,8.236,1.537
histogram,adaptive,edges,131,1,0,0.0222,168.81,8.81,3.96,15.392,1.136,8.266,1.276
histogram,adaptive,edges,132,1,0,0.0222,168.81,8.81,3.986,15.576,1.128,8.237,1.476
histogram,adaptive,edges,133,1,0,0.0361,150.16,-9.84,3.713,15.116,1.137,8.216,1.215
histogram,adaptive,edges,134,1,0,0.0361,150.16,-9.84,3.86,15.169,1.128,8.191,1.176
histogram,adaptive,edges,135,1,0,0.0361,150.16,-9.84,3.846,15.407,1.183,8.243,1.381
histogram,adaptive,edges,136,1,0,0.025,154.65,-5.35,4.165,15.531,1.184,8.234,1.201
histogram,adaptive,edges,137,1,0,0.0069,155.11,-4.89,4.011,15.421,1.135,8.278,1.244
histogram,adaptive,edges,138,1,0,0.0069,155.11,-4.89,4.073,15.453,1.142,8.232,1.244
histogram,adaptive,edges,139,1,0,0.0069,155.11,-4.89,4.029,15.434,1.143,8.23,1.251
histogram,adaptive,edges,140,0,0,0.0,0.0,,2.644,14.026,1.127,8.208,1.241
histogram,adaptive,edges,141,1,0,0.0167,216.16,56.16,4.324,15.995,1.183,8.326,1.426
histogram,adaptive,edges,142,1,1,0.0217,142.22,-17.78,3.671,15.087,1.178,8.236,1.247
histogram,adaptive,edges,143,1,1,0.0217,142.22,-17.78,3.223,14.596,1.132,8.196,1.291
histogram,adaptive,edges,144,1,1,0.0217,131.78,-28.22,4.471,15.746,0.989,7.577,1.854
histogram,adaptive,edges,145,1,1,0.0042,119.96,-40.04,4.077,15.264,1.049,8.029,1.283
histogram,adaptive,edges,146,0,0,0.0,0.0,,0.873,11.744,0.996,7.858,1.164
histogram,adaptive,edges,147,0,0,0.0,0.0,,0.692,10.662,0.989,7.149,1.093
histogram,adaptive,edges,148,0,0,0.0,0.0,,0.686,10.593,0.973,7.116,1.147
histogram,adaptive,edges,149,0,0,0.0,0.0,,0.686,10.576,0.973,7.121,1.087
histogram,adaptive,edges,150,1,1,0.0083,125.5,-34.5,3.205,13.275,0.979,7.145,1.234
histogram,adaptive,edges,151,1,1,0.0083,125.5,-34.5,3.608,13.524,0.987,7.163,1.094
histogram,adaptive,edges,152,1,1,0.0083,124.5,-35.5,3.604,15.165,1.181,8.256,1.377
histogram,adaptive,edges,153,1,1,0.0083,71.5,-88.5,3.585,14.956,1.135,8.225,1.262
histogram,adaptive,edges,154,1,1,0.0083,71.5,-88.5,3.493,14.992,1.138,8.174,1.444
histogram,adaptive,edges,155,1,1,0.0083,71.5,-88.5,3.628,15.152,1.129,8.211,1.375
histogram,adaptive,edges,156,1,1,0.0092,47.67,-112.33,3.36,14.704,1.19,8.21,1.185
histogram,adaptive,edges,157,1,1,0.0083,292.36,132.36,4.829,16.339,1.146,8.375,1.242
histogram,adaptive,edges,158,1,1,0.0083,292.36,132.36,4.785,16.273,1.134,8.245,1.363
histogram,adaptive,edges,159,1,1,0.0092,291.09,131.09,4.404,15.996,1.181,8.254,1.365
histogram,adaptive,edges,160,1,1,0.0042,40.96,-119.04,3.182,14.556,1.18,8.252,1.176
histogram,adaptive,edges,161,1,1,0.01,80.6,-79.4,4.321,15.699,1.129,8.205,1.289
histogram,adaptive,edges,162,1,1,0.01,80.6,-79.4,4.332,15.648,1.131,8.184,1.261
histogram,adaptive,edges,163,1,1,0.015,87.47,-72.53,3.505,14.901,1.136,8.222,1.218
histogram,adaptive,edges,164,1,1,0.015,87.47,-72.53,3.588,15.06,1.124,8.33,1.2
histogram,adaptive,edges,165,1,1,0.0083,90.5,-69.5,3.562,15.166,1.177,8.269,1.411
histogram,adaptive,edges,166,1,1,0.0083,124.5,-35.5,3.597,14.997,1.127,8.263,1.265
histogram,adaptive,edges,167,1,1,0.0083,124.5,-35.5,3.603,15.01,1.136,8.206,1.314
histogram,adaptive,edges,168,1,1,0.0083,124.5,-35.5,3.674,14.993,1.126,8.214,1.216
histogram,adaptive,edges,169,1,1,0.0142,146.5,-13.5,3.682,15.26,1.186,8.236,1.366
histogram,adaptive,edges,170,1,1,0.0142,146.5,-13.5,3.618,15.057,1.183,8.317,1.196
histogram,adaptive,edges,171,1,1,0.0142,146.5,-13.5,3.685,15.032,1.128,8.199,1.261
histogram,adaptive,edges,172,1,1,0.0092,174.24,14.24,3.259,14.613,1.142,8.2,1.192
histogram,adaptive,edges,173,1,1,0.0083,112.5,-47.5,3.608,15.045,1.134,8.221,1.266
histogram,adaptive,edges,174,1,1,0.0083,85.5,-74.5,3.583,15.018,1.183,8.247,1.265
histogram,adaptive,edges,175,1,1,0.0083,85.5,-74.5,3.607,15.113,1.137,8.191,1.436
histogram,adaptive,edges,176,0,0,0.0,0.0,,3.005,14.49,1.134,8.211,1.388
histogram,adaptive,edges,177,1,0,0.0097,197.72,37.72,4.659,16.272,1.214,8.428,1.223
histogram,adaptive,edges,178,1,0,0.0097,197.72,37.72,4.639,16.179,1.146,8.212,1.377
histogram,adaptive,edges,179,1,0,0.0097,197.72,37.72,4.691,16.175,1.128,8.207,1.365
histogram,adaptive,edges,180,1,1,0.0067,147.6,-12.4,3.68,14.953,1.143,8.167,1.212
histogram,adaptive,edges,181,1,1,0.0108,171.19,11.19,3.653,15.199,1.191,8.229,1.385
histogram,adaptive,edges,182,1,1,0.01,94.5,-65.5,3.277,14.809,1.182,8.23,1.365
histogram,adaptive,edges,183,1,1,0.01,94.5,-65.5,3.231,14.802,1.138,8.225,1.451
histogram,adaptive,edges,184,1,1,0.0092,104.42,-55.58,3.302,14.632,1.136,8.215,1.232
histogram,adaptive,edges,185,1,0,0.0111,117.52,-42.48,4.068,15.459,1.171,8.27,1.199
histogram,adaptive,edges,186,1,0,0.0153,133.11,-26.89,4.338,15.698,1.185,8.235,1.185
histogram,adaptive,edges,187,1,0,0.0153,133.11,-26.89,4.347,15.72,1.125,8.315,1.196
histogram,adaptive,edges,188,1,0,0.0153,124.27,-35.73,3.969,15.315,1.129,8.231,1.231
histogram,adaptive,edges,189,1,0,0.0069,132.51,-27.49,4.265,15.633,1.12,8.217,1.249
histogram,adaptive,edges,190,1,0,0.0069,132.51,-27.49,4.278,15.827,1.152,8.399,1.253
histogram,adaptive,edges,191,1,0,0.0069,132.51,-27.49,3.743,14.521,1.134,7.832,1.075
histogram,adaptive,edges,192,1,0,0.0069,120.03,-39.97,3.641,13.703,0.984,7.116,1.223
histogram,adaptive,edges,193,1,0,0.0181,113.82,-46.18,3.465,13.362,0.994,7.145,1.078
histogram,adaptive,edges,194,1,0,0.0181,104.94,-55.06,3.582,13.595,1.044,7.077,1.218
histogram,adaptive,edges,195,1,0,0.0181,104.94,-55.06,3.555,13.521,0.99,7.156,1.145
histogram,adaptive,edges,196,1,0,0.0083,105.78,-54.22,3.188,13.038,0.981,7.129,1.056
histogram,adaptive,edges,197,1,1,0.0108,174.06,14.06,2.929,12.945,1.032,7.091,1.215
histogram,adaptive,edges,198,1,1,0.0108,174.06,14.06,2.883,13.033,0.985,7.315,1.167
histogram,adaptive,edges,199,1,1,0.0108,175.92,15.92,2.89,12.818,0.991,7.118,1.109
histogram,adaptive,edges,200,1,1,0.0108,175.92,15.92,2.824,12.78,0.983,7.116,1.111
histogram,adaptive,edges,201,1,1,0.0125,114.85,-45.15,3.16,13.156,1.027,7.089,1.203
histogram,adaptive,edges,202,1,1,0.0125,119.88,-40.12,3.191,13.097,0.987,7.16,1.073
histogram,adaptive,edges,203,1,1,0.0125,119.88,-40.12,3.101,13.017,0.997,7.16,1.074
histogram,adaptive,edges,204,1,1,0.0183,94.97,-65.03,2.899,12.855,0.983,7.117,1.188
histogram,adaptive,edges,205,1,1,0.0142,100.45,-59.55,2.979,13.017,1.035,7.11,1.215
histogram,adaptive,edges,206,1,1,0.0142,100.45,-59.55,3.421,13.261,0.978,7.138,1.048
histogram,adaptive,edges,207,1,1,0.0142,103.34,-56.66,3.311,14.655,1.138,8.219,1.244
histogram,adaptive,edges,208,1,1,0.0142,101.54,-58.46,3.491,14.752,1.139,8.187,1.18
histogram,adaptive,edges,209,1,1,0.015,111.67,-48.33,3.577,14.97,1.186,8.228,1.185
histogram,adaptive,edges,210,1,1,0.015,111.67,-48.33,3.585,15.048,1.129,8.297,1.287
histogram,adaptive,edges,211,1,1,0.0175,114.58,-45.42,3.594,15.083,1.147,8.231,1.364
histogram,adaptive,edges,212,1,1,0.0175,114.58,-45.42,3.597,14.959,1.133,8.211,1.27
histogram,adaptive,edges,213,1,1,0.0142,131.6,-28.4,3.614,14.988,1.13,8.237,1.196
histogram,adaptive,edges,214,1,1,0.0142,131.6,-28.4,3.742,15.107,1.179,8.228,1.212
histogram,adaptive,edges,215,1,0,0.0097,151.77,-8.23,5.008,16.431,1.14,8.234,1.3
histogram,adaptive,edges,216,1,0,0.0167,142.85,-17.15,4.633,16.005,1.13,8.275,1.221
histogram,adaptive,edges,217,1,0,0.0125,152.5,-7.5,4.51,15.981,1.175,8.244,1.302
histogram,adaptive,edges,218,1,1,0.0158,132.53,-27.47,3.235,14.609,1.171,8.212,1.202
histogram,adaptive,edges,219,1,1,0.0158,132.53,-27.47,3.199,14.583,1.127,8.206,1.262
histogram,adaptive,edges,220,1,1,0.0158,167.39,7.39,3.616,14.962,1.137,8.203,1.173
histogram,adaptive,edges,221,1,1,0.0158,182.39,22.39,3.561,14.985,1.192,8.244,1.237
histogram,adaptive,edges,222,1,1,0.0158,182.39,22.39,3.522,14.878,1.141,8.206,1.264
histogram,adaptive,edges,223,1,1,0.015,190.29,30.29,3.273,14.703,1.142,8.227,1.226
histogram,adaptive,edges,224,1,1,0.015,190.29,30.29,3.345,14.787,1.131,8.244,1.248
histogram,adaptive,edges,225,1,0,0.0139,147.03,-12.97,4.965,17.156,1.178,8.414,1.829
histogram,adaptive,edges,226,1,0,0.0139,147.03,-12.97,5.331,17.085,1.176,8.384,1.368
histogram,adaptive,edges,227,1,0,0.0139,148.14,-11.86,4.444,16.002,1.145,8.233,1.409
histogram,adaptive,edges,228,1,0,0.0139,148.14,-11.86,4.471,15.876,1.131,8.221,1.233
histogram,adaptive,edges,229,1,0,0.0069,149.64,-10.36,4.312,15.733,1.128,8.207,1.236
histogram,adaptive,edges,230,1,0,0.0069,150.12,-9.88,4.38,15.691,1.134,8.195,1.233
histogram,adaptive,edges,231,1,0,0.0069,150.12,-9.88,4.293,15.757,1.135,8.206,1.304
histogram,adaptive,edges,232,1,0,0.0139,150.44,-9.56,4.343,15.667,1.131,8.187,1.259
histogram,adaptive,edges,233,1,0,0.0139,151.12,-8.88,4.321,15.759,1.136,8.186,1.278
histogram,adaptive,edges,234,1,0,0.0139,150.37,-9.63,4.379,15.785,1.129,8.209,1.247
histogram,adaptive,edges,235,1,0,0.0139,150.37,-9.63,4.337,15.903,1.146,8.215,1.362
histogram,adaptive,edges,236,1,0,0.0139,151.55,-8.45,4.507,15.915,1.128,8.197,1.261
histogram,adaptive,edges,237,1,0,0.0139,150.18,-9.82,4.362,15.867,1.287,8.206,1.254
histogram,adaptive,edges,238,1,0,0.0139,150.18,-9.82,4.363,15.947,1.196,8.207,1.418
histogram,adaptive,edges,239,1,0,0.0139,156.73,-3.27,4.552,16.088,1.21,8.244,1.255
histogram,adaptive,edges,240,1,0,0.0139,156.73,-3.27,4.492,15.895,1.13,8.201,1.249
histogram,adaptive,edges,241,1,0,0.0139,150.5,-9.5,4.307,15.793,1.153,8.241,1.264
histogram,adaptive,edges,242,1,0,0.0139,150.4,-9.6,4.344,15.77,1.199,8.226,1.254
histogram,adaptive,edges,243,1,0,0.0139,150.4,-9.6,5.267,17.342,1.522,8.336,1.414
histogram,adaptive,edges,244,1,0,0.0139,150.47,-9.53,4.363,15.935,1.147,8.229,1.381
histogram,adaptive,edges,245,1,0,0.0139,151.32,-8.68,4.439,16.032,1.144,8.249,1.374
histogram,adaptive,edges,246,1,0,0.0139,151.32,-8.68,4.365,15.884,1.126,8.194,1.381
histogram,adaptive,edges,247,1,0,0.0139,150.55,-9.45,4.283,15.868,1.124,8.241,1.378
histogram,adaptive,edges,248,1,0,0.0139,150.55,-9.45,4.297,15.846,1.12,8.216,1.381
histogram,adaptive,edges,249,1,0,0.0139,150.44,-9.56,4.308,15.869,1.128,8.212,1.372
histogram,adaptive,edges,250,1,0,0.0139,150.44,-9.56,4.394,15.887,1.136,8.218,1.397
histogram,adaptive,edges,251,1,0,0.0139,150.48,-9.52,4.392,15.762,1.125,8.207,1.285
histogram,adaptive,edges,252,1,0,0.0139,150.48,-9.52,4.468,15.941,1.145,8.196,1.381
histogram,adaptive,edges,253,1,0,0.0139,150.49,-9.51,4.312,15.679,1.141,8.204,1.276
histogram,adaptive,edges,254,1,0,0.0139,150.49,-9.51,4.312,15.822,1.131,8.184,1.38
histogram,adaptive,edges,255,1,0,0.0139,150.49,-9.51,4.316,15.786,1.133,8.26,1.256
histogram,adaptive,edges,256,1,0,0.0139,150.57,-9.43,4.304,15.741,1.125,8.203,1.283
histogram,adaptive,edges,257,1,0,0.0139,150.45,-9.55,4.306,15.745,1.123,8.217,1.29
histogram,adaptive,edges,258,1,0,0.0139,150.45,-9.55,4.336,16.059,1.2,8.311,1.447
histogram,adaptive,edges,259,1,0,0.0139,150.48,-9.52,4.369,15.854,1.198,8.229,1.263
histogram,adaptive,edges,260,1,0,0.0139,150.51,-9.49,4.351,15.896,1.205,8.215,1.377
histogram,adaptive,edges,261,1,0,0.0139,150.59,-9.41,4.338,15.768,1.204,8.226,1.248
histogram,adaptive,edges,262,1,0,0.0139,150.59,-9.41,4.388,15.924,1.183,8.214,1.385
histogram,adaptive,edges,263,1,0,0.0139,150.57,-9.43,4.337,15.771,1.177,8.237,1.261
histogram,adaptive,edges,264,1,0,0.0139,150.57,-9.43,4.312,15.724,1.175,8.224,1.256
histogram,adaptive,edges,265,1,0,0.0139,150.5,-9.5,4.306,16.103,1.275,8.381,1.373
histogram,adaptive,edges,266,1,0,0.0139,150.5,-9.5,4.307,15.883,1.193,8.245,1.382
histogram,adaptive,edges,267,1,0,0.0139,150.65,-9.35,4.33,15.884,1.189,8.246,1.378
histogram,adaptive,edges,268,1,0,0.0139,150.65,-9.35,4.309,15.733,1.173,8.227,1.279
histogram,adaptive,edges,269,1,0,0.0139,150.51,-9.49,4.301,15.794,1.179,8.254,1.286
histogram,adaptive,edges,270,1,0,0.0139,150.51,-9.49,4.339,15.924,1.197,8.248,1.397
histogram,adaptive,edges,271,1,0,0.0139,151.11,-8.89,3.793,14.089,1.15,7.103,1.307
histogram,adaptive,edges,272,1,0,0.0139,151.11,-8.89,3.775,14.131,0.984,7.124,1.581
histogram,adaptive,edges,273,1,0,0.0139,150.59,-9.41,3.779,13.783,1.03,7.085,1.213
histogram,adaptive,edges,274,1,0,0.0139,150.53,-9.47,3.824,13.826,0.978,7.134,1.218
histogram,adaptive,edges,275,1,0,0.0139,150.53,-9.47,3.768,13.855,0.984,7.136,1.295
histogram,adaptive,edges,276,1,0,0.0139,150.58,-9.42,3.769,13.786,0.987,7.12,1.232
histogram,adaptive,edges,277,1,0,0.0139,151.14,-8.86,3.793,13.928,0.982,7.178,1.294
histogram,adaptive,edges,278,1,0,0.0139,150.51,-9.49,4.317,14.93,0.99,7.667,1.256
histogram,adaptive,edges,279,1,0,0.0139,150.51,-9.49,4.309,15.897,1.198,8.236,1.372
histogram,adaptive,edges,280,1,0,0.0139,151.19,-8.81,4.322,15.918,1.196,8.295,1.359
histogram,adaptive,edges,281,1,0,0.0139,150.51,-9.49,4.355,15.779,1.187,8.231,1.257
histogram,adaptive,edges,282,1,0,0.0139,150.52,-9.48,4.301,15.885,1.184,8.235,1.417
histogram,adaptive,edges,283,1,0,0.0139,150.52,-9.48,4.301,15.885,1.179,8.237,1.401
histogram,adaptive,edges,284,1,0,0.0139,150.59,-9.41,3.984,15.389,1.172,8.223,1.258
histogram,adaptive,edges,285,1,0,0.0139,150.48,-9.52,3.813,13.804,0.985,7.125,1.204
histogram,adaptive,edges,286,1,0,0.0139,150.52,-9.48,3.785,13.719,0.986,7.142,1.115
histogram,adaptive,edges,287,1,0,0.0139,150.52,-9.48,3.718,13.832,0.981,7.162,1.237
histogram,adaptive,edges,288,1,0,0.0139,150.41,-9.59,3.79,13.793,0.986,7.154,1.132
histogram,adaptive,edges,289,1,0,0.0139,150.52,-9.48,3.795,13.897,0.988,7.183,1.226
histogram,adaptive,edges,290,1,0,0.0139,150.52,-9.48,3.856,13.958,0.985,7.138,1.234
histogram,adaptive,edges,291,1,0,0.0139,150.52,-9.48,4.213,14.184,0.987,7.136,1.138
histogram,adaptive,edges,292,1,0,0.0139,150.51,-9.49,4.353,15.671,1.1,8.249,1.259
histogram,adaptive,edges,293,1,0,0.0139,150.52,-9.48,4.528,16.056,1.124,8.209,1.386
histogram,adaptive,edges,294,1,0,0.0139,150.52,-9.48,4.345,15.915,1.137,8.215,1.385
histogram,adaptive,edges,295,1,0,0.0139,150.61,-9.39,4.338,15.776,1.136,8.223,1.264
histogram,adaptive,edges,296,1,0,0.0139,150.51,-9.49,4.29,15.825,1.137,8.206,1.368
histogram,adaptive,edges,297,1,0,0.0139,150.59,-9.41,4.288,15.874,1.138,8.238,1.389
histogram,adaptive,edges,298,1,0,0.0139,150.59,-9.41,3.773,14.976,1.141,8.019,1.236
histogram,adaptive,edges,299,1,0,0.0139,150.52,-9.48,3.79,13.976,1.045,7.125,1.31
histogram,adaptive,edges,300,1,0,0.0139,150.52,-9.48,3.798,13.737,0.988,7.179,1.098
histogram,adaptive,edges,301,1,0,0.0139,150.51,-9.49,3.851,13.923,0.986,7.208,1.207
histogram,adaptive,edges,302,1,0,0.0139,150.52,-9.48,3.865,13.875,0.98,7.128,1.222
histogram,adaptive,edges,303,1,0,0.0139,150.52,-9.48,3.809,13.819,0.987,7.142,1.19
histogram,adaptive,edges,304,1,0,0.0139,150.5,-9.5,3.813,13.88,0.986,7.174,1.234
histogram,adaptive,edges,305,1,0,0.0139,150.53,-9.47,3.76,13.919,0.996,7.272,1.208
histogram,adaptive,edges,306,1,0,0.0139,150.5,-9.5,3.8,13.714,0.985,7.141,1.115
histogram,adaptive,edges,307,1,0,0.0139,150.5,-9.5,3.843,13.878,0.987,7.126,1.238
histogram,adaptive,edges,308,1,0,0.0139,150.86,-9.14,3.86,13.926,0.988,7.113,1.208
histogram,adaptive,edges,309,1,1,0.0217,155.75,-4.25,3.236,13.735,0.988,7.283,1.349
histogram,adaptive,edges,310,1,0,0.0097,184.99,24.99,4.118,14.242,0.998,7.177,1.167
histogram,adaptive,edges,311,1,0,0.0097,184.99,24.99,4.049,14.115,0.98,7.176,1.183
histogram,adaptive,edges,312,1,0,0.0069,150.89,-9.11,3.759,13.719,1.012,7.141,1.106
histogram,adaptive,edges,313,1,0,0.0069,151.18,-8.82,3.83,13.76,0.988,7.126,1.103
histogram,adaptive,edges,314,1,0,0.0069,151.18,-8.82,3.869,13.863,0.999,7.139,1.098
histogram,adaptive,edges,315,1,0,0.0069,151.05,-8.95,3.817,13.753,0.986,7.147,1.12
histogram,adaptive,edges,316,1,0,0.0139,150.69,-9.31,3.827,13.823,1.054,7.139,1.128
histogram,adaptive,edges,317,1,0,0.0139,151.54,-8.46,3.849,13.765,0.977,7.131,1.126
histogram,adaptive,edges,318,1,0,0.0139,151.54,-8.46,3.83,13.737,1.022,7.077,1.149
histogram,adaptive,edges,319,1,0,0.0139,222.38,62.38,4.12,14.04,0.982,7.111,1.106
histogram,adaptive,edges,320,1,0,0.0139,150.64,-9.36,4.351,15.212,1.033,7.773,1.367
histogram,adaptive,edges,321,1,0,0.0139,150.56,-9.44,4.33,15.876,1.182,8.234,1.387
histogram,adaptive,edges,322,1,0,0.0139,150.56,-9.44,4.4,15.936,1.129,8.272,1.389
histogram,adaptive,edges,323,1,0,0.0139,150.65,-9.35,4.369,15.813,1.127,8.287,1.278
histogram,adaptive,edges,324,1,0,0.0139,150.65,-9.35,4.276,15.797,1.134,8.256,1.384
histogram,adaptive,edges,325,1,0,0.0139,150.88,-9.12,4.295,15.769,1.14,8.244,1.325
histogram,adaptive,edges,326,1,0,0.0139,150.88,-9.12,4.458,16.008,1.136,8.361,1.307
histogram,adaptive,edges,327,1,0,0.0139,150.62,-9.38,4.278,15.868,1.145,8.23,1.461
histogram,adaptive,edges,328,1,0,0.0139,150.62,-9.38,4.292,15.815,1.139,8.195,1.444
histogram,adaptive,edges,329,1,0,0.0139,150.66,-9.34,4.344,15.825,1.134,8.222,1.331
histogram,adaptive,edges,330,1,0,0.0139,150.66,-9.34,4.294,15.855,1.151,8.201,1.46
histogram,adaptive,edges,331,1,0,0.0139,150.67,-9.33,4.503,15.966,1.136,8.238,1.342
histogram,adaptive,edges,332,1,0,0.0139,150.67,-9.33,4.336,15.897,1.129,8.214,1.46
histogram,adaptive,edges,333,1,0,0.0139,150.95,-9.05,3.793,14.063,1.138,7.144,1.252
histogram,adaptive,edges,334,1,0,0.0139,150.95,-9.05,3.808,14.466,1.567,7.216,1.113
histogram,adaptive,edges,335,1,0,0.0139,150.62,-9.38,3.755,13.82,0.973,7.14,1.141
histogram,adaptive,edges,336,1,0,0.0139,150.7,-9.3,3.812,13.73,0.977,7.147,1.115
histogram,adaptive,edges,337,1,0,0.0139,150.95,-9.05,3.804,13.824,0.989,7.118,1.239
histogram,adaptive,edges,338,1,0,0.0139,150.95,-9.05,3.834,13.86,1.003,7.144,1.133
histogram,adaptive,edges,339,1,0,0.0139,150.94,-9.06,3.793,13.768,0.98,7.139,1.152
histogram,adaptive,edges,340,1,0,0.0139,150.92,-9.08,3.789,13.868,0.979,7.143,1.219
histogram,adaptive,edges,341,1,0,0.0139,150.89,-9.11,3.86,13.794,0.994,7.12,1.133
histogram,adaptive,edges,342,1,0,0.0139,150.89,-9.11,3.815,13.937,1.034,7.094,1.311
histogram,adaptive,edges,343,1,0,0.0139,150.96,-9.04,3.781,13.699,0.984,7.132,1.121
histogram,adaptive,edges,344,1,0,0.0139,150.68,-9.32,3.812,13.833,1.029,7.12,1.183
histogram,adaptive,edges,345,1,0,0.0139,150.69,-9.31,3.748,13.74,0.984,7.142,1.19
histogram,adaptive,edges,346,1,0,0.0139,150.69,-9.31,3.787,13.764,1.035,7.088,1.186
histogram,adaptive,edges,347,1,0,0.0139,150.7,-9.3,4.336,14.478,1.001,7.143,1.315
histogram,adaptive,edges,348,1,0,0.0139,150.7,-9.3,4.353,15.888,1.183,8.217,1.384
histogram,adaptive,edges,349,1,0,0.0139,156.76,-3.24,4.564,16.059,1.189,8.254,1.267
histogram,adaptive,edges,350,1,0,0.0139,150.94,-9.06,4.339,16.212,1.497,8.243,1.38
histogram,adaptive,edges,351,1,0,0.0139,150.94,-9.06,4.372,15.802,1.198,8.213,1.263
histogram,adaptive,edges,352,1,0,0.0139,150.92,-9.08,4.372,15.773,1.201,8.195,1.249
histogram,adaptive,edges,353,1,0,0.0139,150.95,-9.05,4.299,15.709,1.188,8.194,1.273
histogram,adaptive,edges,354,1,0,0.0139,150.83,-9.17,4.308,15.717,1.183,8.218,1.252
histogram,adaptive,edges,355,1,0,0.0139,150.83,-9.17,4.298,15.898,1.186,8.244,1.425
histogram,adaptive,edges,356,1,0,0.0139,150.94,-9.06,4.32,15.898,1.181,8.258,1.387
histogram,adaptive,edges,357,1,0,0.0139,150.94,-9.06,4.294,15.774,1.186,8.263,1.275
histogram,adaptive,edges,358,1,0,0.0139,150.93,-9.07,4.29,15.865,1.178,8.244,1.4
histogram,adaptive,edges,359,1,0,0.0139,150.93,-9.07,4.288,15.897,1.175,8.256,1.396
histogram,adaptive,edges,360,1,0,0.0139,150.95,-9.05,4.312,15.892,1.197,8.383,1.257
histogram,fixed,binary,0,1,0,0.075,159.45,-0.55,4.21,7.541,1.186,0.116,1.308
histogram,fixed,binary,1,1,0,0.075,159.47,-0.53,4.409,8.928,1.188,0.134,2.459
histogram,fixed,binary,2,1,0,0.075,159.45,-0.55,4.196,7.592,1.204,0.116,1.323
histogram,fixed,binary,3,1,0,0.075,159.45,-0.55,4.215,7.567,1.191,0.104,1.312
histogram,fixed,binary,4,1,0,0.0736,159.46,-0.54,4.252,7.436,1.192,0.102,1.133
histogram,fixed,binary,5,1,0,0.0736,159.49,-0.51,4.212,7.545,1.141,0.1,1.343
histogram,fixed,binary,6,1,0,0.0736,159.49,-0.51,4.278,7.525,1.127,0.096,1.28
histogram,fixed,binary,7,1,0,0.075,159.74,-0.26,4.217,7.574,1.127,0.098,1.364
histogram,fixed,binary,8,1,0,0.075,159.4,-0.6,4.297,7.42,1.133,0.098,1.075
histogram,fixed,binary,9,1,0,0.0736,159.59,-0.41,4.316,7.571,1.121,0.095,1.295
histogram,fixed,binary,10,1,0,0.0736,159.59,-0.41,4.239,7.536,1.135,0.098,1.317
histogram,fixed,binary,11,1,0,0.0736,159.45,-0.55,3.734,6.834,1.136,0.096,1.077
histogram,fixed,binary,12,1,0,0.075,159.51,-0.49,3.733,6.503,1.041,0.098,0.957
histogram,fixed,binary,13,1,0,0.0736,159.65,-0.35,3.762,6.5,0.985,0.089,0.989
histogram,fixed,binary,14,1,0,0.0736,159.65,-0.35,3.725,6.602,0.991,0.095,0.972
histogram,fixed,binary,15,1,0,0.0736,159.54,-0.46,3.758,6.725,0.996,0.135,1.169
histogram,fixed,binary,16,1,0,0.0736,159.54,-0.46,3.692,6.409,0.991,0.089,0.961
histogram,fixed,binary,17,1,0,0.075,159.66,-0.34,3.707,6.703,0.994,0.091,1.142
histogram,fixed,binary,18,1,0,0.0736,159.47,-0.53,3.769,6.531,0.991,0.142,0.958
histogram,fixed,binary,19,1,0,0.075,159.38,-0.62,3.723,6.427,0.991,0.09,0.954
histogram,fixed,binary,20,1,0,0.075,159.38,-0.62,3.804,6.776,0.987,0.092,1.148
histogram,fixed,binary,21,1,0,0.0736,159.46,-0.54,3.729,6.512,0.99,0.094,1.029
histogram,fixed,binary,22,1,0,0.0736,159.86,-0.14,3.762,6.474,0.98,0.094,0.973
histogram,fixed,binary,23,1,0,0.0736,159.86,-0.14,3.759,6.621,1.047,0.091,1.044
histogram,fixed,binary,24,1,0,0.075,159.62,-0.38,3.726,6.772,0.987,0.094,1.297
histogram,fixed,binary,25,1,0,0.0736,158.99,-1.01,3.763,6.487,0.994,0.087,0.967
histogram,fixed,binary,26,1,0,0.0736,158.99,-1.01,3.738,6.491,0.973,0.091,0.959
histogram,fixed,binary,27,1,0,0.0736,158.99,-1.01,3.775,6.782,0.994,0.088,1.218
histogram,fixed,binary,28,1,0,0.075,159.71,-0.29,3.777,6.506,0.993,0.093,0.965
histogram,fixed,binary,29,1,0,0.0736,159.79,-0.21,3.706,6.466,0.986,0.093,0.951
histogram,fixed,binary,30,1,0,0.0736,159.61,-0.39,3.7,6.501,0.993,0.094,1.037
histogram,fixed,binary,31,1,0,0.0736,159.61,-0.39,3.726,6.474,0.996,0.098,0.975
histogram,fixed,binary,32,1,0,0.0736,159.44,-0.56,4.574,7.523,1.031,0.124,1.096
histogram,fixed,binary,33,1,0,0.0736,159.47,-0.53,3.775,6.57,1.05,0.107,0.952
histogram,fixed,binary,34,1,0,0.0736,159.47,-0.53,3.684,6.697,0.987,0.091,1.253
histogram,fixed,binary,35,1,0,0.075,159.48,-0.52,3.821,6.554,0.992,0.1,0.965
histogram,fixed,binary,36,1,0,0.075,159.48,-0.52,3.798,6.557,1.031,0.101,0.97
histogram,fixed,binary,37,1,0,0.0736,159.79,-0.21,3.704,6.755,0.984,0.091,1.245
histogram,fixed,binary,38,1,0,0.0736,159.79,-0.21,4.023,6.992,0.977,0.098,1.187
histogram,fixed,binary,39,1,0,0.0736,159.74,-0.26,3.702,6.683,1.043,0.096,1.166
histogram,fixed,binary,40,1,0,0.0736,159.74,-0.26,4.107,7.128,0.988,0.091,1.264
histogram,fixed,binary,41,1,0,0.0736,159.49,-0.51,4.165,7.115,0.999,0.093,1.075
histogram,fixed,binary,42,1,0,0.075,159.78,-0.22,3.72,6.461,0.989,0.091,0.978
histogram,fixed,binary,43,1,0,0.0736,159.6,-0.4,3.745,6.56,1.043,0.117,0.975
histogram,fixed,binary,44,1,0,0.0736,159.6,-0.4,3.69,7.615,0.984,0.092,2.181
histogram,fixed,binary,45,1,0,0.0736,159.78,-0.22,3.777,6.499,0.99,0.092,0.965
histogram,fixed,binary,46,1,0,0.0736,159.78,-0.22,3.703,6.711,0.996,0.096,1.153
histogram,fixed,binary,47,1,0,0.0736,159.54,-0.46,3.724,6.522,0.999,0.145,0.951
histogram,fixed,binary,48,1,0,0.0736,159.54,-0.46,3.734,6.461,0.991,0.106,0.97
histogram,fixed,binary,49,1,0,0.075,159.45,-0.55,3.711,6.714,0.994,0.091,1.172
histogram,fixed,binary,50,1,0,0.075,159.45,-0.55,3.789,6.738,0.991,0.093,1.188
histogram,fixed,binary,51,1,0,0.0736,159.3,-0.7,3.759,6.467,0.989,0.089,0.966
histogram,fixed,binary,52,1,0,0.075,158.98,-1.02,3.768,6.542,0.98,0.09,0.968
histogram,fixed,binary,53,1,0,0.075,158.98,-1.02,3.793,6.812,0.997,0.102,1.234
histogram,fixed,binary,54,1,0,0.075,159.5,-0.5,3.629,6.604,0.993,0.093,1.131
histogram,fixed,binary,55,1,0,0.0736,159.75,-0.25,3.769,6.56,0.995,0.091,0.962
histogram,fixed,binary,56,1,0,0.0736,159.75,-0.25,4.033,6.805,0.983,0.143,0.97
histogram,fixed,binary,57,1,0,0.0736,159.52,-0.48,4.292,7.456,1.134,0.096,1.161
histogram,fixed,binary,58,1,0,0.075,159.28,-0.72,4.277,7.369,1.141,0.099,1.101
histogram,fixed,binary,59,1,0,0.075,159.28,-0.72,4.235,7.541,1.154,0.1,1.315
histogram,fixed,binary,60,1,0,0.075,159.44,-0.56,4.212,7.362,1.137,0.109,1.104
histogram,fixed,binary,61,1,0,0.0736,159.78,-0.22,4.236,7.383,1.197,0.104,1.1
histogram,fixed,binary,62,1,0,0.0736,159.78,-0.22,4.188,8.578,1.178,0.105,2.369
histogram,fixed,binary,63,1,0,0.075,159.58,-0.42,4.241,7.592,1.203,0.099,1.312
histogram,fixed,binary,64,1,0,0.075,159.58,-0.42,4.256,7.379,1.184,0.102,1.084
histogram,fixed,binary,65,1,0,0.0736,159.56,-0.44,4.233,7.349,1.185,0.105,1.081
histogram,fixed,binary,66,1,0,0.0736,159.56,-0.44,4.249,7.406,1.142,0.097,1.169
histogram,fixed,binary,67,1,0,0.0736,159.61,-0.39,4.19,8.178,1.141,0.095,1.969
histogram,fixed,binary,68,1,0,0.075,159.57,-0.43,4.334,7.512,1.142,0.098,1.192
histogram,fixed,binary,69,1,0,0.0736,159.53,-0.47,4.568,8.168,1.15,0.146,1.521
histogram,fixed,binary,70,1,0,0.0736,159.27,-0.73,4.43,7.875,1.167,0.113,1.388
histogram,fixed,binary,71,1,0,0.0736,159.27,-0.73,4.336,7.503,1.143,0.095,1.178
histogram,fixed,binary,72,1,0,0.0806,158.8,-1.2,4.265,7.559,1.132,0.097,1.314
histogram,fixed,binary,73,1,0,0.0778,159.24,-0.76,4.306,7.587,1.157,0.106,1.279
histogram,fixed,binary,74,1,0,0.0819,159.11,-0.89,4.309,7.411,1.137,0.102,1.118
histogram,fixed,binary,75,1,0,0.0819,159.11,-0.89,4.282,7.649,1.141,0.11,1.303
histogram,fixed,binary,76,1,0,0.0806,159.02,-0.98,4.249,7.611,1.195,0.1,1.318
histogram,fixed,binary,77,1,0,0.0833,158.87,-1.13,4.274,7.462,1.186,0.102,1.092
histogram,fixed,binary,78,1,0,0.0833,158.87,-1.13,4.199,7.322,1.178,0.103,1.089
histogram,fixed,binary,79,1,0,0.0833,158.87,-1.13,4.267,7.663,1.142,0.097,1.412
histogram,fixed,binary,80,1,0,0.0972,157.75,-2.25,4.073,7.327,1.13,0.099,1.283
histogram,fixed,binary,81,1,0,0.1069,157.06,-2.94,4.054,7.172,1.128,0.097,1.133
histogram,fixed,binary,82,1,0,0.1069,157.06,-2.94,4.39,7.541,1.127,0.101,1.177
histogram,fixed,binary,83,1,0,0.0833,157.33,-2.67,3.678,6.857,1.15,0.098,1.191
histogram,fixed,binary,84,1,0,0.0819,158.43,-1.57,3.605,6.412,1.039,0.11,0.977
histogram,fixed,binary,85,1,0,0.0764,158.72,-1.28,3.52,6.304,0.983,0.091,0.972
histogram,fixed,binary,86,1,0,0.0764,158.72,-1.28,3.972,6.738,0.986,0.092,0.946
histogram,fixed,binary,87,1,0,0.0764,159.21,-0.79,3.675,6.496,1.041,0.103,0.974
histogram,fixed,binary,88,1,0,0.0764,159.21,-0.79,3.598,6.532,0.993,0.095,1.113
histogram,fixed,binary,89,1,0,0.0736,159.12,-0.88,3.653,6.511,0.997,0.09,1.033
histogram,fixed,binary,90,1,0,0.0736,159.12,-0.88,3.696,6.705,0.981,0.09,1.241
histogram,fixed,binary,91,1,0,0.0764,158.84,-1.16,3.74,6.46,0.986,0.092,0.971
histogram,fixed,binary,92,1,0,0.0764,158.84,-1.16,3.609,6.411,0.985,0.097,0.975
histogram,fixed,binary,93,1,0,0.0764,159.07,-0.93,3.668,6.756,0.985,0.089,1.346
histogram,fixed,binary,94,1,0,0.0764,158.29,-1.71,3.585,6.593,0.989,0.1,1.255
histogram,fixed,binary,95,1,0,0.0764,158.29,-1.71,3.608,6.352,0.986,0.089,0.935
histogram,fixed,binary,96,1,0,0.0778,152.4,-7.6,4.067,6.994,0.987,0.091,1.168
histogram,fixed,binary,97,1,0,0.0764,157.74,-2.26,3.685,6.606,0.982,0.09,1.142
histogram,fixed,binary,98,1,0,0.0764,157.74,-2.26,4.004,6.805,0.984,0.091,0.973
histogram,fixed,binary,99,1,0,0.0764,157.74,-2.26,4.216,7.574,1.196,0.122,1.293
histogram,fixed,binary,100,1,0,0.0806,159.05,-0.95,4.225,7.326,1.131,0.1,1.126
histogram,fixed,binary,101,1,0,0.0792,141.83,-18.17,4.382,7.825,1.14,0.1,1.417
histogram,fixed,binary,102,1,0,0.0667,145.89,-14.11,4.44,7.832,1.13,0.102,1.404
histogram,fixed,binary,103,1,0,0.0667,145.89,-14.11,4.612,8.841,1.135,0.098,2.239
histogram,fixed,binary,104,1,0,0.0639,147.89,-12.11,4.166,7.45,1.14,0.151,1.247
histogram,fixed,binary,105,1,0,0.0639,153.45,-6.55,4.586,7.746,1.148,0.096,1.175
histogram,fixed,binary,106,1,0,0.0639,153.45,-6.55,4.522,7.906,1.14,0.115,1.383
histogram,fixed,binary,107,1,0,0.0806,161.24,1.24,4.427,7.972,1.129,0.096,1.552
histogram,fixed,binary,108,1,0,0.0806,161.24,1.24,4.368,7.878,1.14,0.1,1.531
histogram,fixed,binary,109,1,0,0.0667,159.48,-0.52,4.228,7.367,1.132,0.095,1.17
histogram,fixed,binary,110,1,0,0.0667,159.48,-0.52,4.103,7.454,1.137,0.097,1.361
histogram,fixed,binary,111,1,0,0.0667,159.48,-0.52,4.168,7.249,1.136,0.097,1.104
histogram,fixed,binary,112,1,1,0.0467,157.44,-2.56,3.259,6.396,1.151,0.108,1.075
histogram,fixed,binary,113,1,1,0.0533,157.4,-2.6,3.301,6.546,1.141,0.159,1.213
histogram,fixed,binary,114,1,1,0.0533,157.4,-2.6,3.228,6.517,1.133,0.103,1.227
histogram,fixed,binary,115,1,1,0.0575,157.53,-2.47,3.254,6.397,1.2,0.095,1.106
histogram,fixed,binary,116,1,1,0.0575,157.53,-2.47,3.291,6.685,1.136,0.101,1.41
histogram,fixed,binary,117,1,0,0.0069,81.34,-78.66,4.164,7.365,1.132,0.107,1.119
histogram,fixed,binary,118,1,0,0.0472,82.06,-77.94,4.216,7.269,1.119,0.096,1.09
histogram,fixed,binary,119,1,0,0.0472,82.06,-77.94,4.185,7.361,1.207,0.098,1.124
histogram,fixed,binary,120,1,0,0.0569,82.36,-77.64,4.193,7.45,1.188,0.106,1.208
histogram,fixed,binary,121,1,1,0.1017,143.52,-16.48,3.332,6.465,1.184,0.11,1.1
histogram,fixed,binary,122,1,1,0.1017,143.52,-16.48,3.179,6.33,1.138,0.102,1.101
histogram,fixed,binary,123,1,1,0.1042,143.88,-16.12,3.28,6.433,1.181,0.106,1.122
histogram,fixed,binary,124,1,1,0.1042,143.88,-16.12,3.264,6.622,1.135,0.108,1.373
histogram,fixed,binary,125,1,1,0.1208,143.99,-16.01,3.268,6.4,1.132,0.097,1.151
histogram,fixed,binary,126,1,1,0.1483,143.93,-16.07,3.343,6.544,1.179,0.104,1.166
histogram,fixed,binary,127,1,1,0.1483,143.93,-16.07,3.18,6.388,1.133,0.096,1.203
histogram,fixed,binary,128,1,0,0.0806,175.46,15.46,4.249,7.311,1.125,0.101,1.101
histogram,fixed,binary,129,1,0,0.1597,162.91,2.91,4.342,7.524,1.212,0.107,1.114
histogram,fixed,binary,130,1,0,0.1597,162.91,2.91,4.326,7.467,1.186,0.103,1.1
histogram,fixed,binary,131,1,0,0.1569,159.18,-0.82,4.057,8.598,1.181,0.103,2.528
histogram,fixed,binary,132,1,0,0.1569,159.18,-0.82,4.165,7.281,1.185,0.104,1.08
histogram,fixed,binary,133,1,0,0.1486,156.76,-3.24,3.871,6.976,1.185,0.102,1.083
histogram,fixed,binary,134,1,0,0.1486,156.76,-3.24,3.831,7.165,1.142,0.098,1.342
histogram,fixed,binary,135,1,0,0.1486,156.76,-3.24,3.83,7.109,1.129,0.098,1.257
histogram,fixed,binary,136,1,0,0.1292,156.99,-3.01,3.846,7.106,1.126,0.1,1.28
histogram,fixed,binary,137,1,0,0.0194,155.39,-4.61,3.769,6.891,1.189,0.1,1.057
histogram,fixed,binary,138,1,0,0.0194,155.39,-4.61,3.784,6.914,1.14,0.157,1.079
histogram,fixed,binary,139,1,0,0.0194,155.39,-4.61,4.253,7.575,1.132,0.095,1.347
histogram,fixed,binary,140,1,1,0.0775,164.97,4.97,3.632,6.757,1.139,0.102,1.115
histogram,fixed,binary,141,1,1,0.0733,168.65,8.65,3.264,6.447,1.144,0.096,1.135
histogram,fixed,binary,142,1,1,0.0633,168.42,8.42,3.318,6.718,1.14,0.098,1.412
histogram,fixed,binary,143,1,1,0.0633,168.42,8.42,3.228,6.4,1.132,0.098,1.124
histogram,fixed,binary,144,1,1,0.0567,168.49,8.49,3.281,6.601,1.185,0.102,1.294
histogram,fixed,binary,145,1,1,0.0383,166.69,6.69,3.42,6.749,1.139,0.099,1.341
histogram,fixed,binary,146,1,1,0.02,171.53,11.53,2.863,6.045,1.137,0.099,1.135
histogram,fixed,binary,147,1,1,0.02,171.53,11.53,3.008,6.173,1.189,0.107,1.101
histogram,fixed,binary,148,1,1,0.0333,164.7,4.7,3.241,6.462,1.14,0.109,1.218
histogram,fixed,binary,149,1,1,0.045,153.42,-6.58,2.958,6.107,1.143,0.098,1.087
histogram,fixed,binary,150,1,1,0.0542,165.82,5.82,3.405,6.697,1.13,0.096,1.323
histogram,fixed,binary,151,1,1,0.0542,165.82,5.82,3.347,6.573,1.129,0.102,1.251
histogram,fixed,binary,152,1,1,0.0617,166.27,6.27,3.328,6.614,1.207,0.101,1.239
histogram,fixed,binary,153,1,1,0.07,167.19,7.19,3.28,6.702,1.132,0.107,1.431
histogram,fixed,binary,154,1,1,0.07,167.19,7.19,3.219,6.501,1.143,0.099,1.237
histogram,fixed,binary,155,1,1,0.07,167.19,7.19,3.335,6.496,1.206,0.1,1.107
histogram,fixed,binary,156,1,1,0.075,166.55,6.55,3.364,6.751,1.127,0.097,1.427
histogram,fixed,binary,157,1,0,0.0611,231.75,71.75,4.557,7.645,1.127,0.1,1.085
histogram,fixed,binary,158,1,0,0.0611,231.75,71.75,4.542,7.789,1.133,0.105,1.259
histogram,fixed,binary,159,1,0,0.0333,234.18,74.18,4.581,7.65,1.144,0.099,1.089
histogram,fixed,binary,160,1,1,0.0858,176.92,16.92,3.268,6.332,1.13,0.111,1.072
histogram,fixed,binary,161,1,1,0.0858,176.68,16.68,3.315,6.421,1.179,0.104,1.083
histogram,fixed,binary,162,1,1,0.0858,176.68,16.68,3.347,6.598,1.136,0.096,1.208
histogram,fixed,binary,163,1,1,0.0833,176.14,16.14,3.349,6.619,1.128,0.101,1.225
histogram,fixed,binary,164,1,1,0.0833,176.14,16.14,3.472,6.611,1.14,0.151,1.09
histogram,fixed,binary,165,1,1,0.08,176.67,16.67,3.193,6.539,1.129,0.11,1.363
histogram,fixed,binary,166,1,1,0.0742,176.33,16.33,3.332,6.465,1.125,0.096,1.098
histogram,fixed,binary,167,1,1,0.0742,176.33,16.33,3.383,6.745,1.138,0.094,1.34
histogram,fixed,binary,168,1,1,0.0742,176.33,16.33,3.248,6.389,1.132,0.097,1.092
histogram,fixed,binary,169,1,1,0.0625,177.09,17.09,3.296,6.427,1.19,0.102,1.095
histogram,fixed,binary,170,1,1,0.0625,177.09,17.09,3.284,6.763,1.128,0.099,1.514
histogram,fixed,binary,171,1,1,0.0625,177.09,17.09,3.304,6.376,1.131,0.098,1.094
histogram,fixed,binary,172,1,1,0.0758,176.92,16.92,3.376,6.499,1.188,0.102,1.087
histogram,fixed,binary,173,1,1,0.0808,176.71,16.71,3.301,6.659,1.134,0.096,1.393
histogram,fixed,binary,174,1,1,0.0925,175.7,15.7,3.856,7.61,1.194,0.198,1.42
histogram,fixed,binary,175,1,1,0.0925,175.7,15.7,3.369,6.489,1.142,0.106,1.122
histogram,fixed,binary,176,1,0,0.0097,236.72,76.72,4.282,7.401,1.192,0.108,1.067
histogram,fixed,binary,177,1,0,0.0444,235.03,75.03,4.469,7.797,1.14,0.101,1.311
histogram,fixed,binary,178,1,0,0.0444,235.03,75.03,4.504,7.814,1.14,0.119,1.296
histogram,fixed,binary,179,1,0,0.0444,235.03,75.03,4.466,7.759,1.137,0.099,1.31
histogram,fixed,binary,180,1,1,0.1042,186.91,26.91,3.323,6.64,1.143,0.097,1.341
histogram,fixed,binary,181,1,1,0.1017,187.31,27.31,3.334,6.423,1.132,0.094,1.125
histogram,fixed,binary,182,1,1,0.0925,187.76,27.76,3.261,6.718,1.201,0.182,1.322
histogram,fixed,binary,183,1,1,0.0925,187.76,27.76,3.286,6.604,1.124,0.098,1.355
histogram,fixed,binary,184,1,1,0.0842,187.64,27.64,3.347,6.434,1.133,0.097,1.107
histogram,fixed,binary,185,1,0,0.0153,155.36,-4.64,4.012,7.15,1.183,0.102,1.115
histogram,fixed,binary,186,1,0,0.0986,157.6,-2.4,5.164,8.935,1.322,0.259,1.358
histogram,fixed,binary,187,1,0,0.0986,157.6,-2.4,4.043,7.742,1.263,0.153,1.414
histogram,fixed,binary,188,1,0,0.0542,156.26,-3.74,3.958,7.06,1.182,0.107,1.062
histogram,fixed,binary,189,1,0,0.0347,156.01,-3.99,3.864,7.199,1.136,0.097,1.348
histogram,fixed,binary,190,1,0,0.0347,156.01,-3.99,3.857,7.096,1.135,0.097,1.265
histogram,fixed,binary,191,1,0,0.0347,156.01,-3.99,3.931,7.11,1.129,0.111,1.201
histogram,fixed,binary,192,1,0,0.0597,155.88,-4.12,4.226,7.362,1.143,0.102,1.083
histogram,fixed,binary,193,1,0,0.0403,155.69,-4.31,4.681,8.323,1.488,0.188,1.178
histogram,fixed,binary,194,1,0,0.0472,155.74,-4.26,3.866,6.998,1.141,0.102,1.065
histogram,fixed,binary,195,1,0,0.0472,155.74,-4.26,3.926,7.155,1.189,0.11,1.187
histogram,fixed,binary,196,1,0,0.0111,155.25,-4.75,3.879,7.226,1.135,0.099,1.376
histogram,fixed,binary,197,1,1,0.0817,172.42,12.42,3.248,6.424,1.134,0.096,1.087
histogram,fixed,binary,198,1,1,0.0817,172.42,12.42,3.372,6.528,1.149,0.111,1.08
histogram,fixed,binary,199,1,1,0.0792,173.63,13.63,2.843,5.808,0.989,0.091,1.219
histogram,fixed,binary,200,1,1,0.0792,173.63,13.63,3.151,5.858,0.983,0.094,0.959
histogram,fixed,binary,201,1,1,0.0808,173.31,13.31,2.914,5.877,0.987,0.09,1.16
histogram,fixed,binary,202,1,1,0.0833,173.26,13.26,2.916,5.703,1.012,0.111,0.972
histogram,fixed,binary,203,1,1,0.0833,173.26,13.26,3.567,6.737,1.056,0.131,1.261
histogram,fixed,binary,204,1,1,0.0733,172.49,12.49,3.365,6.433,0.98,0.093,1.275
histogram,fixed,binary,205,1,1,0.0792,173.01,13.01,3.354,6.885,1.138,0.249,1.412
histogram,fixed,binary,206,1,1,0.0792,173.01,13.01,3.577,6.771,1.034,0.149,1.259
histogram,fixed,binary,207,1,1,0.0908,173.21,13.21,3.171,6.183,1.0,0.124,1.087
histogram,fixed,binary,208,1,1,0.0892,173.18,13.18,3.228,6.003,1.043,0.098,0.961
histogram,fixed,binary,209,1,1,0.0958,173.24,13.24,2.843,5.852,1.032,0.16,1.144
histogram,fixed,binary,210,1,1,0.0958,173.24,13.24,2.936,5.686,1.031,0.096,0.945
histogram,fixed,binary,211,1,1,0.0942,173.5,13.5,2.943,5.779,0.986,0.089,1.039
histogram,fixed,binary,212,1,1,0.0942,173.5,13.5,2.965,5.785,1.03,0.096,1.02
histogram,fixed,binary,213,1,1,0.1025,136.12,-23.88,3.319,6.029,0.993,0.091,0.954
histogram,fixed,binary,214,1,1,0.1025,136.12,-23.88,3.623,6.587,1.035,0.128,1.072
histogram,fixed,binary,215,1,0,0.0556,146.87,-13.13,4.803,7.79,0.99,0.089,1.181
histogram,fixed,binary,216,1,0,0.0625,155.72,-4.28,4.773,7.92,1.135,0.1,1.164
histogram,fixed,binary,217,1,0,0.0667,159.53,-0.47,4.247,7.519,1.14,0.098,1.256
histogram,fixed,binary,218,1,0,0.0694,157.07,-2.93,4.023,7.113,1.13,0.099,1.105
histogram,fixed,binary,219,1,0,0.0694,157.07,-2.93,4.009,7.178,1.139,0.096,1.122
histogram,fixed,binary,220,1,0,0.0444,156.08,-3.92,3.935,7.085,1.187,0.101,1.115
histogram,fixed,binary,221,1,1,0.2125,169.31,9.31,3.262,7.88,1.124,0.155,2.598
histogram,fixed,binary,222,1,1,0.2125,169.31,9.31,3.32,6.497,1.135,0.162,1.121
histogram,fixed,binary,223,1,0,0.0417,156.47,-3.53,3.928,7.452,1.158,0.1,1.522
histogram,fixed,binary,224,1,0,0.0417,156.47,-3.53,3.979,7.052,1.134,0.096,1.098
histogram,fixed,binary,225,1,0,0.0694,159.51,-0.49,4.371,7.544,1.201,0.099,1.128
histogram,fixed,binary,226,1,0,0.0694,159.51,-0.49,4.303,7.474,1.194,0.104,1.118
histogram,fixed,binary,227,1,0,0.0764,160.85,0.85,4.448,7.758,1.185,0.105,1.237
histogram,fixed,binary,228,1,0,0.0764,160.85,0.85,4.405,7.564,1.176,0.111,1.131
histogram,fixed,binary,229,1,0,0.0764,160.34,0.34,4.21,7.557,1.141,0.095,1.366
histogram,fixed,binary,230,1,0,0.0764,160.42,0.42,4.146,7.511,1.135,0.098,1.388
histogram,fixed,binary,231,1,0,0.0764,160.42,0.42,4.149,7.405,1.131,0.099,1.28
histogram,fixed,binary,232,1,0,0.0778,160.36,0.36,4.24,7.466,1.136,0.11,1.241
histogram,fixed,binary,233,1,0,0.0764,160.54,0.54,4.644,7.884,1.14,0.097,1.258
histogram,fixed,binary,234,1,0,0.0764,160.43,0.43,4.142,7.67,1.135,0.097,1.543
histogram,fixed,binary,235,1,0,0.0764,160.43,0.43,4.163,7.362,1.137,0.096,1.155
histogram,fixed,binary,236,1,0,0.0778,160.49,0.49,4.24,7.547,1.195,0.105,1.261
histogram,fixed,binary,237,1,0,0.0764,160.55,0.55,4.155,7.486,1.19,0.1,1.266
histogram,fixed,binary,238,1,0,0.0764,160.55,0.55,4.209,7.39,1.189,0.104,1.133
histogram,fixed,binary,239,1,0,0.0792,160.42,0.42,4.157,7.59,1.143,0.099,1.44
histogram,fixed,binary,240,1,0,0.0792,160.42,0.42,4.283,7.773,1.144,0.098,1.506
histogram,fixed,binary,241,1,0,0.0764,160.63,0.63,4.124,8.136,1.137,0.097,1.985
histogram,fixed,binary,242,1,0,0.0764,160.51,0.51,4.203,7.432,1.141,0.103,1.243
histogram,fixed,binary,243,1,0,0.0764,160.51,0.51,4.184,7.383,1.128,0.101,1.219
histogram,fixed,binary,244,1,0,0.0778,160.42,0.42,4.177,7.301,1.126,0.099,1.146
histogram,fixed,binary,245,1,0,0.0792,162.14,2.14,4.286,7.415,1.13,0.108,1.153
histogram,fixed,binary,246,1,0,0.0792,162.14,2.14,4.308,7.614,1.136,0.098,1.254
histogram,fixed,binary,247,1,0,0.0778,160.5,0.5,4.163,7.426,1.182,0.104,1.152
histogram,fixed,binary,248,1,0,0.0778,160.5,0.5,4.165,7.343,1.178,0.12,1.141
histogram,fixed,binary,249,1,0,0.0792,160.55,0.55,4.219,7.598,1.132,0.097,1.4
histogram,fixed,binary,250,1,0,0.0792,160.55,0.55,4.157,7.614,1.144,0.125,1.441
histogram,fixed,binary,251,1,0,0.0764,160.57,0.57,4.25,7.506,1.14,0.119,1.247
histogram,fixed,binary,252,1,0,0.0764,160.57,0.57,4.161,7.489,1.129,0.101,1.351
histogram,fixed,binary,253,1,0,0.0778,160.54,0.54,4.263,7.501,1.128,0.098,1.277
histogram,fixed,binary,254,1,0,0.0778,160.54,0.54,4.17,7.312,1.134,0.1,1.147
histogram,fixed,binary,255,1,0,0.0778,160.54,0.54,4.169,7.367,1.131,0.097,1.143
histogram,fixed,binary,256,1,0,0.0792,160.56,0.56,4.174,7.47,1.177,0.104,1.272
histogram,fixed,binary,257,1,0,0.0778,160.46,0.46,4.158,7.367,1.181,0.103,1.149
histogram,fixed,binary,258,1,0,0.0778,160.46,0.46,4.198,7.617,1.141,0.096,1.437
histogram,fixed,binary,259,1,0,0.0764,160.57,0.57,4.197,7.667,1.129,0.099,1.497
histogram,fixed,binary,260,1,0,0.0792,162.15,2.15,4.335,7.547,1.144,0.098,1.222
histogram,fixed,binary,261,1,0,0.0764,160.49,0.49,4.164,7.477,1.137,0.097,1.273
histogram,fixed,binary,262,1,0,0.0764,160.49,0.49,4.276,7.413,1.136,0.095,1.15
histogram,fixed,binary,263,1,0,0.0778,160.48,0.48,4.177,7.418,1.128,0.099,1.272
histogram,fixed,binary,264,1,0,0.0778,160.48,0.48,4.153,7.352,1.145,0.097,1.154
histogram,fixed,binary,265,1,0,0.0778,160.48,0.48,4.166,7.492,1.197,0.114,1.273
histogram,fixed,binary,266,1,0,0.0778,160.48,0.48,4.158,7.445,1.183,0.102,1.261
histogram,fixed,binary,267,1,0,0.0792,162.13,2.13,4.277,7.914,1.128,0.098,1.638
histogram,fixed,binary,268,1,0,0.0792,162.13,2.13,4.285,7.571,1.14,0.098,1.304
histogram,fixed,binary,269,1,0,0.0778,160.56,0.56,4.186,7.414,1.141,0.096,1.236
histogram,fixed,binary,270,1,0,0.0778,160.56,0.56,4.133,7.456,1.14,0.097,1.34
histogram,fixed,binary,271,1,0,0.0792,162.19,2.19,4.427,7.658,1.126,0.098,1.266
histogram,fixed,binary,272,1,0,0.0792,162.19,2.19,4.265,7.501,1.132,0.098,1.254
histogram,fixed,binary,273,1,0,0.0778,160.47,0.47,4.296,7.509,1.138,0.096,1.16
histogram,fixed,binary,274,1,0,0.0778,160.47,0.47,4.205,7.404,1.13,0.099,1.143
histogram,fixed,binary,275,1,0,0.0778,160.47,0.47,4.171,7.504,1.192,0.126,1.267
histogram,fixed,binary,276,1,0,0.0778,162.16,2.16,4.285,7.49,1.19,0.114,1.146
histogram,fixed,binary,277,1,0,0.0792,162.14,2.14,4.267,7.676,1.145,0.096,1.392
histogram,fixed,binary,278,1,0,0.0806,160.46,0.46,4.158,7.503,1.127,0.118,1.351
histogram,fixed,binary,279,1,0,0.0806,160.46,0.46,4.159,7.363,1.129,0.1,1.234
histogram,fixed,binary,280,1,0,0.0778,160.5,0.5,4.279,7.418,1.135,0.098,1.164
histogram,fixed,binary,281,1,0,0.0778,160.49,0.49,4.775,7.899,1.127,0.098,1.157
histogram,fixed,binary,282,1,0,0.0792,160.52,0.52,4.217,7.548,1.135,0.097,1.314
histogram,fixed,binary,283,1,0,0.0792,160.52,0.52,4.165,7.371,1.14,0.099,1.153
histogram,fixed,binary,284,1,0,0.0792,160.57,0.57,4.267,7.553,1.176,0.102,1.263
histogram,fixed,binary,285,1,0,0.0778,160.51,0.51,4.169,7.474,1.196,0.101,1.256
histogram,fixed,binary,286,1,0,0.0778,160.48,0.48,4.15,7.472,1.196,0.101,1.269
histogram,fixed,binary,287,1,0,0.0778,160.48,0.48,4.213,7.569,1.137,0.105,1.338
histogram,fixed,binary,288,1,0,0.0792,160.57,0.57,4.157,7.641,1.137,0.099,1.509
histogram,fixed,binary,289,1,0,0.0792,160.49,0.49,4.168,7.395,1.142,0.109,1.238
histogram,fixed,binary,290,1,0,0.0792,160.49,0.49,4.276,7.401,1.127,0.098,1.156
histogram,fixed,binary,291,1,0,0.0778,160.47,0.47,4.223,7.351,1.136,0.097,1.152
histogram,fixed,binary,292,1,0,0.0792,162.21,2.21,4.269,7.457,1.138,0.099,1.146
histogram,fixed,binary,293,1,0,0.0792,162.19,2.19,4.362,7.814,1.337,0.107,1.259
histogram,fixed,binary,294,1,0,0.0792,162.19,2.19,4.282,7.458,1.182,0.106,1.144
histogram,fixed,binary,295,1,0,0.0792,160.52,0.52,3.983,7.308,1.189,0.104,1.286
histogram,fixed,binary,296,1,0,0.0792,162.14,2.14,3.772,6.776,0.995,0.09,1.251
histogram,fixed,binary,297,1,0,0.0806,160.44,0.44,3.682,6.491,0.988,0.092,1.024
histogram,fixed,binary,298,1,0,0.0806,160.44,0.44,3.652,6.78,1.031,0.099,1.326
histogram,fixed,binary,299,1,0,0.0792,162.16,2.16,3.776,6.679,0.98,0.092,1.162
histogram,fixed,binary,300,1,0,0.0792,162.16,2.16,3.854,6.637,0.989,0.095,1.032
histogram,fixed,binary,301,1,0,0.0778,162.18,2.18,3.814,6.646,0.981,0.095,1.018
histogram,fixed,binary,302,1,0,0.0778,160.54,0.54,3.687,6.692,0.987,0.091,1.249
histogram,fixed,binary,303,1,0,0.0778,160.54,0.54,3.792,7.146,0.989,0.089,1.598
histogram,fixed,binary,304,1,0,0.0778,160.49,0.49,3.655,6.511,0.984,0.094,1.11
histogram,fixed,binary,305,1,0,0.0792,162.18,2.18,3.806,6.619,1.043,0.098,1.016
histogram,fixed,binary,306,1,0,0.0778,160.54,0.54,3.578,6.428,0.993,0.091,1.093
histogram,fixed,binary,307,1,0,0.0778,160.54,0.54,3.663,6.562,0.975,0.089,1.126
histogram,fixed,binary,308,1,0,0.0819,161.49,1.49,3.717,6.64,1.037,0.116,1.109
histogram,fixed,binary,309,1,0,0.0625,159.67,-0.33,3.543,6.392,0.987,0.095,1.025
histogram,fixed,binary,310,1,0,0.0778,160.41,0.41,3.81,6.619,0.989,0.092,1.008
histogram,fixed,binary,311,1,0,0.0778,160.41,0.41,4.416,7.602,1.177,0.105,1.148
histogram,fixed,binary,312,1,0,0.0778,161.25,1.25,4.521,8.143,1.301,0.296,1.214
histogram,fixed,binary,313,1,0,0.0778,161.27,1.27,4.187,7.436,1.197,0.11,1.193
histogram,fixed,binary,314,1,0,0.0778,161.27,1.27,4.203,7.46,1.138,0.101,1.27
histogram,fixed,binary,315,1,0,0.0833,160.48,0.48,4.189,7.512,1.146,0.109,1.318
histogram,fixed,binary,316,1,0,0.0833,161.26,1.26,4.25,7.451,1.134,0.097,1.124
histogram,fixed,binary,317,1,0,0.0833,160.42,0.42,4.157,7.546,1.137,0.098,1.383
histogram,fixed,binary,318,1,0,0.0833,160.42,0.42,4.11,7.335,1.133,0.096,1.258
histogram,fixed,binary,319,1,0,0.0833,160.46,0.46,4.184,7.463,1.142,0.097,1.232
histogram,fixed,binary,320,1,0,0.0833,161.04,1.04,4.191,7.39,1.2,0.114,1.137
histogram,fixed,binary,321,1,0,0.0833,161.93,1.93,4.29,7.484,1.191,0.105,1.152
histogram,fixed,binary,322,1,0,0.0833,161.93,1.93,4.256,7.642,1.138,0.099,1.405
histogram,fixed,binary,323,1,0,0.0833,161.9,1.9,4.305,7.715,1.126,0.098,1.449
histogram,fixed,binary,324,1,0,0.0833,161.9,1.9,4.234,7.438,1.146,0.098,1.213
histogram,fixed,binary,325,1,0,0.0833,161.9,1.9,4.229,7.435,1.14,0.096,1.207
histogram,fixed,binary,326,1,0,0.0833,161.9,1.9,4.23,7.444,1.142,0.109,1.157
histogram,fixed,binary,327,1,0,0.0833,162.32,2.32,4.272,7.428,1.129,0.097,1.149
histogram,fixed,binary,328,1,0,0.0833,162.32,2.32,4.239,7.932,1.137,0.097,1.655
histogram,fixed,binary,329,1,0,0.0833,160.55,0.55,4.148,7.461,1.139,0.096,1.272
histogram,fixed,binary,330,1,0,0.0833,160.55,0.55,4.234,7.417,1.182,0.105,1.152
histogram,fixed,binary,331,1,0,0.0833,160.53,0.53,4.139,7.313,1.177,0.103,1.155
histogram,fixed,binary,332,1,0,0.0833,160.53,0.53,4.17,7.562,1.135,0.097,1.419
histogram,fixed,binary,333,1,0,0.0833,160.53,0.53,4.136,7.62,1.138,0.097,1.508
histogram,fixed,binary,334,1,0,0.0833,160.53,0.53,4.206,7.418,1.126,0.103,1.232
histogram,fixed,binary,335,1,0,0.0833,160.52,0.52,4.218,7.357,1.141,0.101,1.149
histogram,fixed,binary,336,1,0,0.0833,160.49,0.49,4.142,7.37,1.122,0.097,1.269
histogram,fixed,binary,337,1,0,0.0833,160.5,0.5,4.135,7.394,1.142,0.11,1.165
histogram,fixed,binary,338,1,0,0.0833,160.5,0.5,4.136,7.318,1.181,0.105,1.152
histogram,fixed,binary,339,1,0,0.0833,160.49,0.49,4.123,7.467,1.183,0.104,1.302
histogram,fixed,binary,340,1,0,0.0833,160.49,0.49,4.144,7.524,1.137,0.098,1.398
histogram,fixed,binary,341,1,0,0.0833,160.49,0.49,4.182,7.687,1.127,0.097,1.54
histogram,fixed,binary,342,1,0,0.0833,160.49,0.49,4.161,7.368,1.142,0.1,1.21
histogram,fixed,binary,343,1,0,0.0833,160.49,0.49,4.241,7.535,1.13,0.097,1.268
histogram,fixed,binary,344,1,0,0.0833,160.52,0.52,4.183,7.319,1.153,0.105,1.131
histogram,fixed,binary,345,1,0,0.0833,160.49,0.49,4.142,7.456,1.138,0.097,1.275
histogram,fixed,binary,346,1,0,0.0833,160.49,0.49,4.143,7.354,1.196,0.107,1.15
histogram,fixed,binary,347,1,0,0.0833,160.5,0.5,4.137,7.353,1.181,0.105,1.146
histogram,fixed,binary,348,1,0,0.0833,160.5,0.5,4.14,7.747,1.133,0.102,1.62
histogram,fixed,binary,349,1,0,0.0833,160.49,0.49,4.14,7.498,1.127,0.097,1.394
histogram,fixed,binary,350,1,0,0.0833,160.49,0.49,4.626,7.934,1.126,0.096,1.29
histogram,fixed,binary,351,1,0,0.0833,160.49,0.49,4.131,7.551,1.158,0.158,1.355
histogram,fixed,binary,352,1,0,0.0833,160.52,0.52,4.185,7.373,1.128,0.098,1.208
histogram,fixed,binary,353,1,0,0.0833,160.5,0.5,4.161,7.287,1.142,0.098,1.147
histogram,fixed,binary,354,1,0,0.0833,160.5,0.5,4.263,7.565,1.139,0.097,1.262
histogram,fixed,binary,355,1,0,0.0833,160.5,0.5,4.145,7.365,1.146,0.101,1.14
histogram,fixed,binary,356,1,0,0.0833,160.49,0.49,4.135,7.474,1.193,0.107,1.302
histogram,fixed,binary,357,1,0,0.0833,160.52,0.52,4.124,7.419,1.206,0.126,1.154
histogram,fixed,binary,358,1,0,0.0833,160.51,0.51,4.19,7.388,1.135,0.097,1.218
histogram,fixed,binary,359,1,0,0.0833,160.51,0.51,4.154,7.781,1.136,0.098,1.66
histogram,fixed,binary,360,1,0,0.0833,160.51,0.51,4.149,7.369,1.155,0.099,1.22
histogram,otsu,binary,0,1,0,0.2167,159.35,-0.65,4.287,7.748,1.141,0.433,1.167
histogram,otsu,binary,1,1,0,0.1972,159.21,-0.79,4.292,7.753,1.126,0.43,1.169
histogram,otsu,binary,2,1,0,0.2028,159.31,-0.69,4.282,7.976,1.133,0.43,1.37
histogram,otsu,binary,3,1,0,0.2028,159.31,-0.69,4.266,7.95,1.135,0.427,1.379
histogram,otsu,binary,4,1,0,0.1986,159.32,-0.68,4.276,7.991,1.144,0.435,1.384
histogram,otsu,binary,5,1,0,0.2083,159.31,-0.69,4.278,7.996,1.14,0.429,1.378
histogram,otsu,binary,6,1,0,0.2083,159.31,-0.69,4.276,7.791,1.145,0.44,1.189
histogram,otsu,binary,7,1,0,0.1958,159.27,-0.73,4.588,8.027,1.131,0.428,1.134
histogram,otsu,binary,8,1,0,0.1986,159.28,-0.72,4.206,8.468,1.151,0.439,1.892
histogram,otsu,binary,9,1,0,0.1986,159.26,-0.74,4.26,8.005,1.145,0.425,1.422
histogram,otsu,binary,10,1,0,0.1986,159.26,-0.74,4.272,7.851,1.131,0.436,1.268
histogram,otsu,binary,11,1,0,0.1986,159.31,-0.69,4.314,7.763,1.131,0.431,1.146
histogram,otsu,binary,12,1,0,0.1958,159.3,-0.7,4.247,8.249,1.127,0.431,1.712
histogram,otsu,binary,13,1,0,0.1958,159.3,-0.7,4.259,7.704,1.139,0.429,1.134
histogram,otsu,binary,14,1,0,0.1958,159.3,-0.7,4.216,9.177,1.139,0.43,2.646
histogram,otsu,binary,15,1,0,0.1958,159.32,-0.68,4.26,7.756,1.179,0.437,1.093
histogram,otsu,binary,16,1,0,0.1958,159.32,-0.68,4.22,7.909,1.177,0.437,1.343
histogram,otsu,binary,17,1,0,0.1958,159.25,-0.75,4.281,7.735,1.184,0.439,1.088
histogram,otsu,binary,18,1,0,0.1986,159.31,-0.69,4.308,7.758,1.175,0.432,1.101
histogram,otsu,binary,19,1,0,0.1958,159.31,-0.69,4.234,7.716,1.135,0.483,1.078
histogram,otsu,binary,20,1,0,0.1958,159.31,-0.69,4.285,7.976,1.136,0.479,1.329
histogram,otsu,binary,21,1,0,0.1958,159.29,-0.71,4.243,7.918,1.148,0.475,1.308
histogram,otsu,binary,22,1,0,0.1958,159.27,-0.73,4.451,7.896,1.127,0.482,1.089
histogram,otsu,binary,23,1,0,0.1958,159.27,-0.73,4.239,7.703,1.146,0.481,1.092
histogram,otsu,binary,24,1,0,0.1986,159.29,-0.71,4.347,8.062,1.14,0.432,1.402
histogram,otsu,binary,25,1,0,0.1958,159.25,-0.75,4.289,8.001,1.142,0.432,1.364
histogram,otsu,binary,26,1,0,0.1958,159.25,-0.75,4.329,8.029,1.149,0.473,1.324
histogram,otsu,binary,27,1,0,0.1958,159.25,-0.75,4.29,7.76,1.14,0.475,1.112
histogram,otsu,binary,28,1,0,0.1958,159.27,-0.73,4.28,7.739,1.137,0.432,1.131
histogram,otsu,binary,29,1,0,0.1958,159.27,-0.73,4.249,7.947,1.134,0.434,1.384
histogram,otsu,binary,30,1,0,0.2083,159.37,-0.63,4.272,7.962,1.128,0.431,1.386
histogram,otsu,binary,31,1,0,0.2083,159.37,-0.63,4.278,7.765,1.153,0.433,1.153
histogram,otsu,binary,32,1,0,0.1986,159.19,-0.81,4.275,7.76,1.138,0.433,1.164
histogram,otsu,binary,33,1,0,0.1986,159.32,-0.68,4.316,7.813,1.138,0.439,1.178
histogram,otsu,binary,34,1,0,0.1986,159.32,-0.68,4.291,7.993,1.136,0.426,1.389
histogram,otsu,binary,35,1,0,0.2097,159.31,-0.69,4.326,7.813,1.132,0.429,1.156
histogram,otsu,binary,36,1,0,0.2097,159.31,-0.69,4.279,7.724,1.139,0.431,1.137
histogram,otsu,binary,37,1,0,0.2042,159.26,-0.74,4.247,9.096,1.14,0.431,2.538
histogram,otsu,binary,38,1,0,0.2042,159.26,-0.74,4.313,7.965,1.125,0.477,1.314
histogram,otsu,binary,39,1,0,0.1986,159.33,-0.67,4.295,7.984,1.131,0.478,1.34
histogram,otsu,binary,40,1,0,0.1986,159.33,-0.67,4.288,7.762,1.14,0.488,1.109
histogram,otsu,binary,41,1,0,0.2056,159.29,-0.71,4.267,7.99,1.139,0.478,1.324
histogram,otsu,binary,42,1,0,0.1958,159.17,-0.83,4.274,7.729,1.137,0.478,1.089
histogram,otsu,binary,43,1,0,0.1986,159.29,-0.71,4.368,7.799,1.126,0.428,1.131
histogram,otsu,binary,44,1,0,0.1986,159.29,-0.71,4.255,7.994,1.155,0.442,1.382
histogram,otsu,binary,45,1,0,0.1958,159.17,-0.83,4.289,7.781,1.144,0.43,1.139
histogram,otsu,binary,46,1,0,0.1958,159.17,-0.83,4.257,7.98,1.144,0.43,1.398
histogram,otsu,binary,47,1,0,0.1958,159.32,-0.68,4.329,7.774,1.139,0.429,1.138
histogram,otsu,binary,48,1,0,0.1958,159.32,-0.68,4.276,7.761,1.138,0.428,1.178
histogram,otsu,binary,49,1,0,0.1958,159.2,-0.8,4.555,8.036,1.135,0.431,1.16
histogram,otsu,binary,50,1,0,0.1958,159.2,-0.8,4.223,7.957,1.14,0.431,1.405
histogram,otsu,binary,51,1,0,0.1958,159.28,-0.72,4.325,7.821,1.135,0.431,1.186
histogram,otsu,binary,52,1,0,0.1972,159.24,-0.76,4.7,8.412,1.134,0.43,1.39
histogram,otsu,binary,53,1,0,0.1972,159.24,-0.76,4.528,8.304,1.147,0.438,1.373
histogram,otsu,binary,54,1,0,0.1958,159.27,-0.73,4.251,7.714,1.134,0.478,1.097
histogram,otsu,binary,55,1,0,0.1958,159.25,-0.75,4.336,7.838,1.148,0.473,1.104
histogram,otsu,binary,56,1,0,0.1958,159.25,-0.75,4.266,7.743,1.144,0.438,1.144
histogram,otsu,binary,57,1,0,0.1958,159.27,-0.73,4.28,7.753,1.133,0.43,1.16
histogram,otsu,binary,58,1,0,0.1958,159.27,-0.73,4.236,7.978,1.144,0.436,1.414
histogram,otsu,binary,59,1,0,0.1958,159.27,-0.73,4.329,7.789,1.136,0.425,1.159
histogram,otsu,binary,60,1,0,0.1986,159.32,-0.68,4.267,8.087,1.14,0.443,1.493
histogram,otsu,binary,61,1,0,0.1986,159.29,-0.71,4.254,7.951,1.146,0.429,1.369
histogram,otsu,binary,62,1,0,0.1986,159.29,-0.71,4.28,8.04,1.14,0.43,1.447
histogram,otsu,binary,63,1,0,0.1986,159.37,-0.63,4.423,7.896,1.147,0.428,1.158
histogram,otsu,binary,64,1,0,0.1986,159.37,-0.63,4.231,9.091,1.138,0.425,2.55
histogram,otsu,binary,65,1,0,0.1944,159.23,-0.77,4.27,7.981,1.181,0.436,1.302
histogram,otsu,binary,66,1,0,0.1944,159.23,-0.77,4.284,8.008,1.185,0.435,1.363
histogram,otsu,binary,67,1,0,0.1986,159.3,-0.7,4.286,7.95,1.184,0.437,1.301
histogram,otsu,binary,68,1,0,0.1986,159.26,-0.74,4.316,7.806,1.175,0.434,1.089
histogram,otsu,binary,69,1,0,0.2167,159.45,-0.55,4.313,7.775,1.186,0.437,1.094
histogram,otsu,binary,70,1,0,0.2028,159.39,-0.61,4.373,8.068,1.187,0.433,1.315
histogram,otsu,binary,71,1,0,0.2028,159.39,-0.61,4.32,7.797,1.207,0.436,1.093
histogram,otsu,binary,72,1,0,0.2403,159.93,-0.07,4.362,7.837,1.19,0.431,1.103
histogram,otsu,binary,73,1,0,0.2306,159.79,-0.21,4.32,7.787,1.186,0.434,1.102
histogram,otsu,binary,74,1,0,0.225,159.66,-0.34,4.343,7.987,1.189,0.434,1.272
histogram,otsu,binary,75,1,0,0.225,159.66,-0.34,4.339,8.045,1.189,0.437,1.305
histogram,otsu,binary,76,1,0,0.2333,159.81,-0.19,4.346,7.985,1.178,0.434,1.284
histogram,otsu,binary,77,1,0,0.3028,160.64,0.64,4.779,8.229,1.181,0.436,1.096
histogram,otsu,binary,78,1,0,0.3028,160.64,0.64,4.668,8.589,1.315,0.497,1.285
histogram,otsu,binary,79,1,0,0.3028,160.64,0.64,4.415,7.921,1.149,0.43,1.105
histogram,otsu,binary,80,1,0,0.4667,159.83,-0.17,4.435,7.893,1.138,0.437,1.071
histogram,otsu,binary,81,1,0,0.4931,160.02,0.02,4.426,7.897,1.228,0.432,1.073
histogram,otsu,binary,82,1,0,0.4931,160.02,0.02,4.423,8.28,1.497,0.447,1.17
histogram,otsu,binary,83,1,0,0.3458,159.98,-0.02,4.31,7.93,1.145,0.43,1.234
histogram,otsu,binary,84,1,0,0.2833,160.3,0.3,4.375,8.016,1.134,0.432,1.264
histogram,otsu,binary,85,1,0,0.2806,160.22,0.22,4.381,8.085,1.27,0.496,1.095
histogram,otsu,binary,86,1,0,0.2806,160.22,0.22,4.365,7.75,1.123,0.429,1.076
histogram,otsu,binary,87,1,0,0.3167,160.28,0.28,4.331,7.788,1.14,0.431,1.07
histogram,otsu,binary,88,1,0,0.3167,160.28,0.28,4.311,7.788,1.133,0.429,1.094
histogram,otsu,binary,89,1,0,0.225,160.16,0.16,4.332,7.972,1.141,0.439,1.252
histogram,otsu,binary,90,1,0,0.225,160.16,0.16,4.32,7.961,1.126,0.429,1.271
histogram,otsu,binary,91,1,0,0.1556,160.22,0.22,4.362,7.838,1.141,0.435,1.09
histogram,otsu,binary,92,1,0,0.1556,160.22,0.22,4.319,7.756,1.132,0.43,1.06
histogram,otsu,binary,93,1,0,0.1514,159.61,-0.39,4.319,8.091,1.2,0.428,1.4
histogram,otsu,binary,94,1,0,0.1431,159.55,-0.45,4.314,7.796,1.137,0.43,1.1
histogram,otsu,binary,95,1,0,0.1431,159.55,-0.45,4.339,7.882,1.201,0.432,1.093
histogram,otsu,binary,96,1,0,0.1375,152.66,-7.34,4.529,8.208,1.195,0.435,1.298
histogram,otsu,binary,97,1,0,0.1597,158.91,-1.09,4.259,7.701,1.133,0.426,1.076
histogram,otsu,binary,98,1,0,0.1597,158.91,-1.09,4.218,7.661,1.195,0.432,1.07
histogram,otsu,binary,99,1,0,0.1597,158.91,-1.09,4.284,7.913,1.187,0.435,1.261
histogram,otsu,binary,100,1,0,0.15,158.01,-1.99,4.126,7.582,1.188,0.436,1.076
histogram,otsu,binary,101,1,0,0.1611,154.89,-5.11,4.272,7.735,1.194,0.433,1.093
histogram,otsu,binary,102,1,0,0.1819,146.65,-13.35,4.269,7.734,1.188,0.439,1.083
histogram,otsu,binary,103,1,0,0.1819,146.65,-13.35,4.349,8.044,1.143,0.487,1.324
histogram,otsu,binary,104,1,0,0.2528,150.14,-9.86,4.389,8.02,1.191,0.435,1.253
histogram,otsu,binary,105,1,0,0.2931,152.6,-7.4,4.472,8.161,1.183,0.438,1.294
histogram,otsu,binary,106,1,0,0.2931,152.6,-7.4,4.361,8.053,1.19,0.436,1.317
histogram,otsu,binary,107,1,0,0.3125,158.52,-1.48,4.242,7.838,1.182,0.435,1.239
histogram,otsu,binary,108,1,0,0.3125,158.52,-1.48,4.144,7.626,1.186,0.438,1.087
histogram,otsu,binary,109,1,0,0.2986,158.85,-1.15,4.01,7.468,1.178,0.44,1.097
histogram,otsu,binary,110,1,0,0.2986,158.85,-1.15,4.0,7.48,1.134,0.488,1.091
histogram,otsu,binary,111,1,0,0.2986,158.85,-1.15,4.036,7.531,1.135,0.433,1.179
histogram,otsu,binary,112,1,0,0.1028,162.88,2.88,3.825,8.403,1.141,0.43,2.269
histogram,otsu,binary,113,1,0,0.0958,160.56,0.56,4.347,7.937,1.13,0.425,1.295
histogram,otsu,binary,114,1,0,0.0958,160.56,0.56,4.31,7.923,1.132,0.426,1.311
histogram,otsu,binary,115,1,0,0.0056,79.93,-80.07,3.988,7.514,1.135,0.426,1.188
histogram,otsu,binary,116,1,0,0.0056,79.93,-80.07,4.22,8.178,1.157,0.483,1.522
histogram,otsu,binary,117,1,0,0.0181,79.91,-80.09,3.987,7.692,1.146,0.439,1.347
histogram,otsu,binary,118,1,0,0.0625,81.08,-78.92,4.073,7.558,1.135,0.431,1.164
histogram,otsu,binary,119,1,0,0.0625,81.08,-78.92,4.062,7.55,1.138,0.431,1.083
histogram,otsu,binary,120,1,0,0.0736,81.48,-78.52,4.333,7.739,1.139,0.429,1.079
histogram,otsu,binary,121,1,1,0.1233,138.06,-21.94,3.272,6.694,1.141,0.43,1.113
histogram,otsu,binary,122,1,1,0.1233,138.06,-21.94,3.251,6.79,1.17,0.436,1.183
histogram,otsu,binary,123,1,1,0.1117,139.39,-20.61,3.277,6.855,1.134,0.443,1.256
histogram,otsu,binary,124,1,1,0.1117,139.39,-20.61,3.179,6.693,1.132,0.432,1.101
histogram,otsu,binary,125,1,1,0.125,139.45,-20.55,3.298,6.802,1.134,0.429,1.103
histogram,otsu,binary,126,1,1,0.1517,139.42,-20.58,3.262,6.829,1.184,0.438,1.192
histogram,otsu,binary,127,1,1,0.1517,139.42,-20.58,3.278,6.968,1.136,0.428,1.385
histogram,otsu,binary,128,1,0,0.0889,174.79,14.79,4.374,7.817,1.142,0.437,1.11
histogram,otsu,binary,129,1,0,0.1653,162.36,2.36,4.446,8.094,1.169,0.428,1.309
histogram,otsu,binary,130,1,0,0.1653,162.36,2.36,4.468,7.896,1.136,0.439,1.109
histogram,otsu,binary,131,1,0,0.1667,159.26,-0.74,4.231,7.766,1.128,0.43,1.24
histogram,otsu,binary,132,1,0,0.1667,159.26,-0.74,4.204,7.628,1.13,0.438,1.11
histogram,otsu,binary,133,1,0,0.1556,156.75,-3.25,3.85,7.325,1.141,0.43,1.095
histogram,otsu,binary,134,1,0,0.1556,156.75,-3.25,3.914,7.598,1.187,0.433,1.268
histogram,otsu,binary,135,1,0,0.1556,156.75,-3.25,3.829,7.482,1.191,0.436,1.249
histogram,otsu,binary,136,1,0,0.1347,157.0,-3.0,3.879,7.541,1.183,0.438,1.299
histogram,otsu,binary,137,1,0,0.0625,155.54,-4.46,3.909,7.61,1.135,0.54,1.19
histogram,otsu,binary,138,1,0,0.0625,155.54,-4.46,3.889,7.345,1.136,0.433,1.128
histogram,otsu,binary,139,1,0,0.0625,155.54,-4.46,4.117,7.596,1.144,0.433,1.147
histogram,otsu,binary,140,1,1,0.0792,166.75,6.75,3.323,6.979,1.126,0.437,1.351
histogram,otsu,binary,141,1,1,0.0767,170.95,10.95,3.303,6.979,1.148,0.436,1.285
histogram,otsu,binary,142,1,1,0.0667,170.93,10.93,3.295,6.925,1.182,0.434,1.264
histogram,otsu,binary,143,1,1,0.0667,170.93,10.93,3.362,6.856,1.137,0.428,1.18
histogram,otsu,binary,144,1,1,0.06,170.87,10.87,3.206,6.882,1.137,0.432,1.373
histogram,otsu,binary,145,1,1,0.0975,170.23,10.23,3.355,6.946,1.133,0.428,1.188
histogram,otsu,binary,146,1,0,0.1167,157.52,-2.48,3.767,7.225,1.19,0.435,1.09
histogram,otsu,binary,147,1,0,0.1167,157.52,-2.48,3.763,7.233,1.141,0.482,1.097
histogram,otsu,binary,148,1,0,0.1139,150.45,-9.55,4.304,7.86,1.141,0.439,1.229
histogram,otsu,binary,149,1,0,0.1194,141.83,-18.17,4.278,7.824,1.135,0.429,1.241
histogram,otsu,binary,150,1,1,0.1025,130.13,-29.87,3.327,7.21,1.142,0.425,1.572
histogram,otsu,binary,151,1,1,0.1025,130.13,-29.87,3.358,6.746,1.135,0.429,1.077
histogram,otsu,binary,152,1,1,0.0683,167.16,7.16,3.381,6.818,1.188,0.434,1.073
histogram,otsu,binary,153,1,1,0.0742,167.28,7.28,3.37,6.854,1.135,0.48,1.129
histogram,otsu,binary,154,1,1,0.0742,167.28,7.28,3.248,6.843,1.128,0.429,1.299
histogram,otsu,binary,155,1,1,0.0742,167.28,7.28,3.356,7.044,1.139,0.437,1.259
histogram,otsu,binary,156,1,1,0.0833,167.43,7.43,3.328,6.761,1.181,0.433,1.074
histogram,otsu,binary,157,1,0,0.0625,230.73,70.73,4.614,8.055,1.131,0.43,1.131
histogram,otsu,binary,158,1,0,0.0625,230.73,70.73,4.008,7.215,0.987,0.376,1.158
histogram,otsu,binary,159,1,0,0.0375,233.95,73.95,3.899,7.114,0.99,0.377,1.181
histogram,otsu,binary,160,1,1,0.0967,177.69,17.69,2.931,5.904,0.988,0.377,0.935
histogram,otsu,binary,161,1,1,0.0925,177.11,17.11,2.957,5.998,0.98,0.419,0.968
histogram,otsu,binary,162,1,1,0.0925,177.11,17.11,2.921,6.301,0.981,0.375,1.353
histogram,otsu,binary,163,1,1,0.105,176.55,16.55,2.987,6.047,1.031,0.377,0.971
histogram,otsu,binary,164,1,1,0.105,176.55,16.55,2.963,5.956,0.987,0.369,0.955
histogram,otsu,binary,165,1,1,0.0908,176.64,16.64,2.956,6.077,1.048,0.386,0.985
histogram,otsu,binary,166,1,0,0.0625,156.06,-3.94,3.368,6.562,0.992,0.377,1.148
histogram,otsu,binary,167,1,0,0.0625,156.06,-3.94,3.499,6.561,0.992,0.378,0.96
histogram,otsu,binary,168,1,0,0.0625,156.06,-3.94,3.472,6.56,0.996,0.425,0.994
histogram,otsu,binary,169,1,0,0.1764,156.87,-3.13,3.497,6.669,0.986,0.374,1.067
histogram,otsu,binary,170,1,0,0.1764,156.87,-3.13,3.546,6.778,0.985,0.386,1.101
histogram,otsu,binary,171,1,0,0.1764,156.87,-3.13,3.612,6.692,0.983,0.425,0.998
histogram,otsu,binary,172,1,0,0.1042,156.65,-3.35,3.465,6.667,0.99,0.378,1.16
histogram,otsu,binary,173,1,0,0.0722,156.01,-3.99,3.87,6.874,0.985,0.375,0.974
histogram,otsu,binary,174,1,1,0.1008,169.47,9.47,3.314,6.78,1.185,0.436,1.094
histogram,otsu,binary,175,1,1,0.1008,169.47,9.47,3.35,6.893,1.145,0.44,1.165
histogram,otsu,binary,176,1,0,0.0361,235.78,75.78,4.292,7.86,1.133,0.431,1.26
histogram,otsu,binary,177,1,0,0.0833,178.62,18.62,3.668,7.142,1.128,0.432,1.104
histogram,otsu,binary,178,1,0,0.0833,178.62,18.62,3.755,7.221,1.135,0.43,1.078
histogram,otsu,binary,179,1,0,0.0833,178.62,18.62,3.82,7.281,1.185,0.434,1.099
histogram,otsu,binary,180,1,0,0.1069,176.5,16.5,3.859,7.334,1.187,0.439,1.103
histogram,otsu,binary,181,1,0,0.0889,184.54,24.54,3.884,7.375,1.128,0.476,1.132
histogram,otsu,binary,182,1,0,0.0472,155.91,-4.09,4.004,7.509,1.137,0.433,1.189
histogram,otsu,binary,183,1,0,0.0472,155.91,-4.09,3.927,7.394,1.129,0.432,1.166
histogram,otsu,binary,184,1,0,0.1319,156.55,-3.45,3.911,7.539,1.137,0.435,1.229
histogram,otsu,binary,185,1,0,0.1569,156.71,-3.29,3.943,7.547,1.121,0.431,1.277
histogram,otsu,binary,186,1,0,0.1653,157.36,-2.64,4.442,8.081,1.134,0.442,1.248
histogram,otsu,binary,187,1,0,0.1653,157.36,-2.64,4.234,7.829,1.204,0.452,1.064
histogram,otsu,binary,188,1,0,0.1806,156.53,-3.47,3.951,7.554,1.147,0.426,1.226
histogram,otsu,binary,189,1,0,0.2139,156.75,-3.25,3.93,7.386,1.203,0.435,1.077
histogram,otsu,binary,190,1,0,0.2139,156.75,-3.25,3.976,7.413,1.179,0.433,1.078
histogram,otsu,binary,191,1,0,0.2139,156.75,-3.25,3.939,7.403,1.138,0.484,1.094
histogram,otsu,binary,192,1,0,0.1972,157.04,-2.96,3.991,7.444,1.14,0.43,1.143
histogram,otsu,binary,193,1,0,0.1514,156.2,-3.8,3.9,7.549,1.134,0.433,1.343
histogram,otsu,binary,194,1,0,0.1806,156.59,-3.41,4.022,7.466,1.137,0.426,1.123
histogram,otsu,binary,195,1,0,0.1806,156.59,-3.41,4.128,7.65,1.141,0.426,1.178
histogram,otsu,binary,196,1,0,0.2153,157.26,-2.74,3.945,7.426,1.134,0.43,1.152
histogram,otsu,binary,197,1,0,0.2083,157.54,-2.46,3.998,7.479,1.139,0.441,1.079
histogram,otsu,binary,198,1,0,0.2083,157.54,-2.46,3.956,7.502,1.185,0.436,1.174
histogram,otsu,binary,199,1,0,0.2194,157.62,-2.38,3.938,7.638,1.178,0.436,1.342
histogram,otsu,binary,200,1,0,0.2194,157.62,-2.38,3.949,7.445,1.19,0.434,1.128
histogram,otsu,binary,201,1,0,0.1819,157.58,-2.42,4.116,7.626,1.135,0.474,1.146
histogram,otsu,binary,202,1,0,0.1736,156.55,-3.45,4.015,7.614,1.127,0.428,1.285
histogram,otsu,binary,203,1,0,0.1736,156.55,-3.45,4.042,7.677,1.134,0.431,1.327
histogram,otsu,binary,204,1,0,0.2569,157.24,-2.76,3.947,7.501,1.139,0.435,1.236
histogram,otsu,binary,205,1,0,0.2028,156.62,-3.38,3.965,7.535,1.137,0.427,1.159
histogram,otsu,binary,206,1,0,0.2028,156.62,-3.38,3.89,7.259,1.13,0.428,1.06
histogram,otsu,binary,207,1,0,0.1361,156.69,-3.31,3.963,7.521,1.145,0.427,1.172
histogram,otsu,binary,208,1,0,0.1389,155.77,-4.23,3.95,7.489,1.195,0.443,1.156
histogram,otsu,binary,209,1,0,0.1958,156.23,-3.77,3.949,7.401,1.184,0.435,1.086
histogram,otsu,binary,210,1,0,0.1958,156.23,-3.77,3.895,7.486,1.138,0.48,1.228
histogram,otsu,binary,211,1,0,0.1986,157.04,-2.96,4.735,8.355,1.139,0.43,1.271
histogram,otsu,binary,212,1,0,0.1986,157.04,-2.96,4.256,7.884,1.181,0.535,1.134
histogram,otsu,binary,213,1,0,0.2292,157.62,-2.38,4.419,7.895,1.135,0.48,1.117
histogram,otsu,binary,214,1,0,0.2292,157.62,-2.38,4.396,7.885,1.143,0.483,1.113
histogram,otsu,binary,215,1,0,0.0333,147.11,-12.89,4.392,7.898,1.132,0.478,1.107
histogram,otsu,binary,216,1,0,0.0417,157.38,-2.62,4.567,8.183,1.14,0.485,1.239
histogram,otsu,binary,217,1,0,0.0389,159.09,-0.91,4.122,7.598,1.14,0.477,1.113
histogram,otsu,binary,218,1,1,0.175,160.67,0.67,3.362,6.826,1.141,0.431,1.143
histogram,otsu,binary,219,1,1,0.175,160.67,0.67,3.252,6.755,1.137,0.43,1.101
histogram,otsu,binary,220,1,1,0.1792,160.72,0.72,3.269,6.759,1.13,0.432,1.112
histogram,otsu,binary,221,1,1,0.1975,159.89,-0.11,3.321,6.818,1.192,0.449,1.115
histogram,otsu,binary,222,1,1,0.1975,159.89,-0.11,3.32,6.944,1.135,0.428,1.312
histogram,otsu,binary,223,1,0,0.3528,158.82,-1.18,4.495,7.961,1.133,0.427,1.159
histogram,otsu,binary,224,1,0,0.3528,158.82,-1.18,4.45,7.879,1.132,0.426,1.125
histogram,otsu,binary,225,1,0,0.2889,158.73,-1.27,4.501,8.079,1.134,0.431,1.232
histogram,otsu,binary,226,1,0,0.2889,158.73,-1.27,4.455,8.019,1.146,0.433,1.225
histogram,otsu,binary,227,1,0,0.2986,159.33,-0.67,4.475,7.91,1.135,0.433,1.123
histogram,otsu,binary,228,1,0,0.2986,159.33,-0.67,4.402,7.93,1.129,0.433,1.223
histogram,otsu,binary,229,1,0,0.3306,159.74,-0.26,4.417,7.851,1.124,0.431,1.134
histogram,otsu,binary,230,1,0,0.3194,159.85,-0.15,4.306,7.762,1.143,0.43,1.129
histogram,otsu,binary,231,1,0,0.3194,159.85,-0.15,4.377,7.893,1.135,0.432,1.202
histogram,otsu,binary,232,1,0,0.3278,159.81,-0.19,4.219,7.791,1.141,0.431,1.249
histogram,otsu,binary,233,1,0,0.3472,159.91,-0.09,4.22,7.807,1.135,0.428,1.288
histogram,otsu,binary,234,1,0,0.3139,159.82,-0.18,4.28,7.835,1.142,0.43,1.134
histogram,otsu,binary,235,1,0,0.3139,159.82,-0.18,4.276,7.948,1.138,0.431,1.252
histogram,otsu,binary,236,1,0,0.3278,159.83,-0.17,4.253,7.981,1.146,0.441,1.262
histogram,otsu,binary,237,1,0,0.3181,159.8,-0.2,4.239,7.759,1.137,0.431,1.146
histogram,otsu,binary,238,1,0,0.3181,159.8,-0.2,4.228,7.784,1.138,0.442,1.154
histogram,otsu,binary,239,1,0,0.3236,159.82,-0.18,4.262,7.92,1.141,0.428,1.265
histogram,otsu,binary,240,1,0,0.3236,159.82,-0.18,4.259,8.217,1.138,0.431,1.589
histogram,otsu,binary,241,1,0,0.3194,159.86,-0.14,4.231,7.756,1.131,0.432,1.15
histogram,otsu,binary,242,1,0,0.3264,159.85,-0.15,4.228,7.887,1.141,0.431,1.262
histogram,otsu,binary,243,1,0,0.3264,159.85,-0.15,4.269,7.814,1.144,0.431,1.16
histogram,otsu,binary,244,1,0,0.3236,159.84,-0.16,4.273,7.908,1.133,0.43,1.266
histogram,otsu,binary,245,1,0,0.3278,159.82,-0.18,4.247,7.811,1.211,0.432,1.144
histogram,otsu,binary,246,1,0,0.3278,159.82,-0.18,4.326,7.864,1.212,0.438,1.129
histogram,otsu,binary,247,1,0,0.3208,159.85,-0.15,4.263,7.907,1.186,0.436,1.281
histogram,otsu,binary,248,1,0,0.3208,159.85,-0.15,4.295,7.809,1.185,0.434,1.152
histogram,otsu,binary,249,1,0,0.3264,159.84,-0.16,4.256,7.884,1.186,0.437,1.255
histogram,otsu,binary,250,1,0,0.3264,159.84,-0.16,4.331,7.966,1.189,0.435,1.258
histogram,otsu,binary,251,1,0,0.3208,159.89,-0.11,4.258,7.791,1.191,0.438,1.15
histogram,otsu,binary,252,1,0,0.3208,159.89,-0.11,4.589,8.379,1.192,0.453,1.352
histogram,otsu,binary,253,1,0,0.3264,159.83,-0.17,4.36,7.992,1.236,0.45,1.159
histogram,otsu,binary,254,1,0,0.3264,159.83,-0.17,4.317,7.966,1.197,0.432,1.27
histogram,otsu,binary,255,1,0,0.3264,159.83,-0.17,4.24,7.919,1.139,0.432,1.265
histogram,otsu,binary,256,1,0,0.3278,159.87,-0.13,4.257,7.767,1.134,0.432,1.143
histogram,otsu,binary,257,1,0,0.3278,159.87,-0.13,4.235,7.876,1.177,0.44,1.263
histogram,otsu,binary,258,1,0,0.3278,159.87,-0.13,4.234,7.745,1.191,0.435,1.133
histogram,otsu,binary,259,1,0,0.3264,159.85,-0.15,4.234,7.76,1.197,0.444,1.145
histogram,otsu,binary,260,1,0,0.3264,159.86,-0.14,4.253,7.746,1.18,0.437,1.136
histogram,otsu,binary,261,1,0,0.3278,159.91,-0.09,4.23,7.855,1.177,0.444,1.266
histogram,otsu,binary,262,1,0,0.3278,159.91,-0.09,4.205,7.809,1.173,0.436,1.248
histogram,otsu,binary,263,1,0,0.3222,159.89,-0.11,4.215,8.723,1.182,0.439,2.15
histogram,otsu,binary,264,1,0,0.3222,159.89,-0.11,4.22,7.747,1.173,0.438,1.16
histogram,otsu,binary,265,1,0,0.3208,159.85,-0.15,4.351,8.169,1.185,0.437,1.396
histogram,otsu,binary,266,1,0,0.3208,159.85,-0.15,4.254,7.874,1.18,0.439,1.249
histogram,otsu,binary,267,1,0,0.3208,159.83,-0.17,4.277,7.83,1.186,0.436,1.154
histogram,otsu,binary,268,1,0,0.3208,159.83,-0.17,4.249,7.88,1.191,0.436,1.25
histogram,otsu,binary,269,1,0,0.3278,159.96,-0.04,4.292,7.807,1.191,0.437,1.149
histogram,otsu,binary,270,1,0,0.3278,159.96,-0.04,4.23,7.734,1.188,0.435,1.135
histogram,otsu,binary,271,1,0,0.3236,159.8,-0.2,4.293,7.821,1.183,0.437,1.154
histogram,otsu,binary,272,1,0,0.3236,159.8,-0.2,4.234,7.862,1.196,0.436,1.249
histogram,otsu,binary,273,1,0,0.3236,159.81,-0.19,4.284,8.287,1.256,0.541,1.454
histogram,otsu,binary,274,1,0,0.3278,159.85,-0.15,4.221,7.724,1.18,0.436,1.141
histogram,otsu,binary,275,1,0,0.3278,159.85,-0.15,4.309,7.962,1.183,0.436,1.254
histogram,otsu,binary,276,1,0,0.3278,159.85,-0.15,4.237,7.738,1.186,0.437,1.129
histogram,otsu,binary,277,1,0,0.3208,159.91,-0.09,4.269,7.784,1.189,0.431,1.154
histogram,otsu,binary,278,1,0,0.3306,159.91,-0.09,4.214,7.723,1.173,0.439,1.142
histogram,otsu,binary,279,1,0,0.3306,159.91,-0.09,4.285,7.814,1.135,0.489,1.162
histogram,otsu,binary,280,1,0,0.3264,159.85,-0.15,4.221,7.735,1.135,0.481,1.158
histogram,otsu,binary,281,1,0,0.3194,159.87,-0.13,4.219,7.735,1.145,0.429,1.201
histogram,otsu,binary,282,1,0,0.325,159.83,-0.17,4.243,7.773,1.137,0.44,1.206
histogram,otsu,binary,283,1,0,0.325,159.83,-0.17,4.254,7.89,1.129,0.431,1.329
histogram,otsu,binary,284,1,0,0.3264,159.87,-0.13,4.218,7.955,1.14,0.43,1.43
histogram,otsu,binary,285,1,0,0.3194,159.8,-0.2,4.219,7.927,1.133,0.432,1.356
histogram,otsu,binary,286,1,0,0.3208,159.82,-0.18,4.219,7.89,1.134,0.429,1.361
histogram,otsu,binary,287,1,0,0.3208,159.82,-0.18,4.238,7.892,1.128,0.427,1.356
histogram,otsu,binary,288,1,0,0.3264,159.8,-0.2,4.264,7.967,1.137,0.431,1.385
histogram,otsu,binary,289,1,0,0.3264,159.88,-0.12,4.246,7.906,1.13,0.427,1.361
histogram,otsu,binary,290,1,0,0.3264,159.88,-0.12,4.295,7.828,1.14,0.43,1.221
histogram,otsu,binary,291,1,0,0.3236,159.8,-0.2,4.257,7.818,1.143,0.435,1.246
histogram,otsu,binary,292,1,0,0.3167,159.87,-0.13,4.246,7.763,1.125,0.434,1.213
histogram,otsu,binary,293,1,0,0.3208,159.85,-0.15,4.295,7.833,1.14,0.433,1.216
histogram,otsu,binary,294,1,0,0.3208,159.85,-0.15,4.329,7.968,1.141,0.426,1.319
histogram,otsu,binary,295,1,0,0.3208,159.86,-0.14,4.239,7.799,1.131,0.427,1.227
histogram,otsu,binary,296,1,0,0.3236,159.81,-0.19,4.3,7.968,1.137,0.444,1.338
histogram,otsu,binary,297,1,0,0.3194,159.85,-0.15,4.271,7.907,1.128,0.432,1.326
histogram,otsu,binary,298,1,0,0.3194,159.85,-0.15,4.243,7.758,1.129,0.431,1.202
histogram,otsu,binary,299,1,0,0.3236,159.81,-0.19,4.217,7.883,1.149,0.436,1.316
histogram,otsu,binary,300,1,0,0.3236,159.81,-0.19,4.208,7.72,1.135,0.428,1.14
histogram,otsu,binary,301,1,0,0.3236,159.87,-0.13,4.332,7.915,1.129,0.439,1.269
histogram,otsu,binary,302,1,0,0.3306,159.84,-0.16,4.294,7.871,1.137,0.432,1.267
histogram,otsu,binary,303,1,0,0.3306,159.84,-0.16,4.304,7.875,1.134,0.433,1.262
histogram,otsu,binary,304,1,0,0.3278,159.81,-0.19,4.258,7.689,1.13,0.432,1.131
histogram,otsu,binary,305,1,0,0.3264,159.85,-0.15,4.288,8.139,1.138,0.427,1.441
histogram,otsu,binary,306,1,0,0.3278,159.89,-0.11,4.236,7.792,1.123,0.432,1.244
histogram,otsu,binary,307,1,0,0.3278,159.89,-0.11,4.266,7.764,1.126,0.426,1.15
histogram,otsu,binary,308,1,0,0.3264,159.85,-0.15,4.234,7.742,1.138,0.428,1.138
histogram,otsu,binary,309,1,0,0.4194,159.75,-0.25,4.314,7.831,1.13,0.43,1.14
histogram,otsu,binary,310,1,0,0.3681,159.94,-0.06,4.248,7.807,1.139,0.432,1.18
histogram,otsu,binary,311,1,0,0.3681,159.94,-0.06,4.26,7.785,1.145,0.43,1.141
histogram,otsu,binary,312,1,0,0.3375,159.84,-0.16,4.217,7.705,1.202,0.433,1.102
histogram,otsu,binary,313,1,0,0.3361,159.86,-0.14,4.309,7.881,1.189,0.436,1.177
histogram,otsu,binary,314,1,0,0.3361,159.86,-0.14,4.22,7.694,1.171,0.434,1.116
histogram,otsu,binary,315,1,0,0.3375,159.9,-0.1,4.389,7.906,1.176,0.434,1.12
histogram,otsu,binary,316,1,0,0.3181,159.74,-0.26,4.906,8.384,1.182,0.436,1.116
histogram,otsu,binary,317,1,0,0.3375,159.78,-0.22,4.363,7.979,1.195,0.436,1.184
histogram,otsu,binary,318,1,0,0.3375,159.78,-0.22,4.22,7.822,1.185,0.436,1.228
histogram,otsu,binary,319,1,0,0.3403,159.8,-0.2,4.243,7.843,1.189,0.431,1.239
histogram,otsu,binary,320,1,0,0.3181,159.89,-0.11,4.248,7.872,1.183,0.443,1.245
histogram,otsu,binary,321,1,0,0.3111,159.85,-0.15,4.239,7.87,1.182,0.435,1.266
histogram,otsu,binary,322,1,0,0.3111,159.85,-0.15,4.263,7.776,1.179,0.444,1.131
histogram,otsu,binary,323,1,0,0.3208,159.82,-0.18,4.257,7.762,1.185,0.434,1.148
histogram,otsu,binary,324,1,0,0.3208,159.82,-0.18,4.242,7.9,1.184,0.447,1.283
histogram,otsu,binary,325,1,0,0.3139,159.89,-0.11,4.361,7.913,1.188,0.437,1.146
histogram,otsu,binary,326,1,0,0.3139,159.89,-0.11,4.228,7.864,1.183,0.436,1.277
histogram,otsu,binary,327,1,0,0.3181,159.83,-0.17,4.251,7.874,1.176,0.435,1.274
histogram,otsu,binary,328,1,0,0.3181,159.83,-0.17,4.332,7.835,1.181,0.437,1.139
histogram,otsu,binary,329,1,0,0.3125,159.81,-0.19,4.237,7.899,1.194,0.448,1.275
histogram,otsu,binary,330,1,0,0.3125,159.81,-0.19,4.294,7.788,1.131,0.478,1.139
histogram,otsu,binary,331,1,0,0.3125,159.84,-0.16,4.235,7.885,1.14,0.491,1.276
histogram,otsu,binary,332,1,0,0.3125,159.84,-0.16,4.28,7.779,1.144,0.475,1.141
histogram,otsu,binary,333,1,0,0.3264,159.71,-0.29,4.231,7.758,1.138,0.478,1.177
histogram,otsu,binary,334,1,0,0.3264,159.71,-0.29,4.327,7.835,1.133,0.432,1.191
histogram,otsu,binary,335,1,0,0.3222,159.83,-0.17,4.247,7.809,1.137,0.432,1.214
histogram,otsu,binary,336,1,0,0.3083,159.88,-0.12,4.357,7.884,1.141,0.435,1.208
histogram,otsu,binary,337,1,0,0.3208,159.81,-0.19,4.436,8.096,1.13,0.43,1.345
histogram,otsu,binary,338,1,0,0.3208,159.81,-0.19,4.587,8.696,1.216,0.645,1.43
histogram,otsu,binary,339,1,0,0.3125,159.87,-0.13,4.25,7.799,1.198,0.434,1.159
histogram,otsu,binary,340,1,0,0.3111,159.84,-0.16,4.271,8.163,1.141,0.484,1.51
histogram,otsu,binary,341,1,0,0.3208,159.8,-0.2,4.266,7.924,1.186,0.439,1.281
histogram,otsu,binary,342,1,0,0.3208,159.8,-0.2,4.233,7.798,1.191,0.458,1.17
histogram,otsu,binary,343,1,0,0.3181,159.76,-0.24,4.223,7.735,1.178,0.448,1.142
histogram,otsu,binary,344,1,0,0.3181,159.82,-0.18,4.24,7.867,1.129,0.485,1.264
histogram,otsu,binary,345,1,0,0.3181,159.9,-0.1,4.268,8.015,1.142,0.507,1.324
histogram,otsu,binary,346,1,0,0.3181,159.9,-0.1,4.249,7.75,1.129,0.478,1.159
histogram,otsu,binary,347,1,0,0.3208,159.74,-0.26,4.236,7.779,1.131,0.488,1.185
histogram,otsu,binary,348,1,0,0.3208,159.74,-0.26,4.254,7.757,1.134,0.432,1.188
histogram,otsu,binary,349,1,0,0.3181,159.83,-0.17,4.241,7.905,1.143,0.425,1.349
histogram,otsu,binary,350,1,0,0.3181,159.83,-0.17,4.303,7.819,1.139,0.428,1.208
histogram,otsu,binary,351,1,0,0.3181,159.83,-0.17,4.313,7.852,1.131,0.433,1.228
histogram,otsu,binary,352,1,0,0.3167,159.81,-0.19,4.255,7.91,1.128,0.432,1.347
histogram,otsu,binary,353,1,0,0.3139,159.85,-0.15,4.303,7.96,1.137,0.431,1.354
histogram,otsu,binary,354,1,0,0.325,159.78,-0.22,4.25,7.775,1.136,0.432,1.208
histogram,otsu,binary,355,1,0,0.325,159.78,-0.22,4.291,7.971,1.136,0.427,1.347
histogram,otsu,binary,356,1,0,0.3208,159.75,-0.25,4.262,7.776,1.132,0.432,1.204
histogram,otsu,binary,357,1,0,0.3097,159.83,-0.17,4.446,8.127,1.14,0.431,1.36
histogram,otsu,binary,358,1,0,0.3167,159.84,-0.16,4.575,8.552,1.359,0.463,1.38
histogram,otsu,binary,359,1,0,0.3167,159.84,-0.16,4.283,8.891,1.272,0.491,2.079
histogram,otsu,binary,360,1,0,0.3181,159.76,-0.24,4.282,7.91,1.186,0.438,1.253
histogram,adaptive,binary,0,1,0,1.0,111.06,-48.94,5.046,16.827,1.186,8.369,1.493
histogram,adaptive,binary,1,1,0,1.0,110.57,-49.43,5.065,16.435,1.146,8.211,1.26
histogram,adaptive,binary,2,1,0,1.0,111.06,-48.94,5.008,16.574,1.142,8.354,1.259
histogram,adaptive,binary,3,1,0,1.0,111.06,-48.94,4.966,16.417,1.136,8.217,1.326
histogram,adaptive,binary,4,1,0,1.0,111.06,-48.94,4.982,16.747,1.144,8.355,1.512
histogram,adaptive,binary,5,1,0,1.0,111.07,-48.93,4.959,16.412,1.206,8.258,1.234
histogram,adaptive,binary,6,1,0,1.0,111.07,-48.93,5.011,16.774,1.178,8.36,1.481
histogram,adaptive,binary,7,1,0,1.0,111.06,-48.94,5.038,16.692,1.137,8.205,1.511
histogram,adaptive,binary,8,1,0,1.0,111.55,-48.45,5.653,17.195,1.135,8.341,1.259
histogram,adaptive,binary,9,1,0,1.0,111.06,-48.94,4.964,16.679,1.151,8.248,1.544
histogram,adaptive,binary,10,1,0,1.0,111.06,-48.94,4.978,16.574,1.203,8.396,1.245
histogram,adaptive,binary,11,1,0,1.0,111.55,-48.45,5.06,16.71,1.209,8.23,1.465
histogram,adaptive,binary,12,1,0,1.0,111.06,-48.94,5.087,16.589,1.145,8.33,1.268
histogram,adaptive,binary,13,1,0,1.0,111.56,-48.44,4.976,16.616,1.142,8.18,1.545
histogram,adaptive,binary,14,1,0,1.0,111.56,-48.44,4.418,16.219,1.151,8.353,1.555
histogram,adaptive,binary,15,1,0,1.0,111.56,-48.44,4.416,14.339,1.0,7.132,1.117
histogram,adaptive,binary,16,1,0,1.0,111.56,-48.44,4.358,14.599,0.988,7.268,1.314
histogram,adaptive,binary,17,1,0,1.0,111.06,-48.94,4.353,14.623,1.046,7.126,1.424
histogram,adaptive,binary,18,1,0,1.0,110.57,-49.43,4.435,14.62,0.983,7.24,1.297
histogram,adaptive,binary,19,1,0,1.0,111.06,-48.94,4.687,14.676,0.986,7.139,1.144
histogram,adaptive,binary,20,1,0,1.0,111.06,-48.94,4.421,14.527,1.034,7.211,1.179
histogram,adaptive,binary,21,1,0,1.0,111.06,-48.94,5.093,15.32,0.998,7.187,1.358
histogram,adaptive,binary,22,1,0,1.0,110.57,-49.43,5.016,16.602,1.135,8.363,1.341
histogram,adaptive,binary,23,1,0,1.0,110.57,-49.43,5.016,16.701,1.139,8.192,1.563
histogram,adaptive,binary,24,1,0,1.0,111.06,-48.94,5.116,16.665,1.134,8.436,1.229
histogram,adaptive,binary,25,1,0,1.0,111.06,-48.94,5.012,16.435,1.197,8.261,1.221
histogram,adaptive,binary,26,1,0,1.0,111.06,-48.94,5.069,16.847,1.141,8.379,1.441
histogram,adaptive,binary,27,1,0,1.0,111.06,-48.94,4.805,16.23,1.133,8.215,1.337
histogram,adaptive,binary,28,1,0,1.0,111.06,-48.94,4.384,14.413,0.996,7.239,1.122
histogram,adaptive,binary,29,1,0,1.0,111.06,-48.94,4.407,14.542,1.026,7.076,1.364
histogram,adaptive,binary,30,1,0,1.0,111.06,-48.94,4.444,14.498,0.984,7.262,1.137
histogram,adaptive,binary,31,1,0,1.0,111.06,-48.94,4.351,14.296,0.991,7.144,1.132
histogram,adaptive,binary,32,1,0,1.0,111.56,-48.44,4.375,14.678,1.033,7.207,1.397
histogram,adaptive,binary,33,1,0,1.0,111.56,-48.44,4.378,14.287,0.99,7.123,1.087
histogram,adaptive,binary,34,1,0,1.0,111.56,-48.44,4.986,15.291,0.995,7.257,1.32
histogram,adaptive,binary,35,1,0,1.0,111.56,-48.44,5.085,16.46,1.176,8.213,1.245
histogram,adaptive,binary,36,1,0,1.0,111.56,-48.44,5.136,16.9,1.132,8.348,1.471
histogram,adaptive,binary,37,1,0,1.0,111.06,-48.94,5.004,16.63,1.141,8.2,1.535
histogram,adaptive,binary,38,1,0,1.0,111.06,-48.94,5.026,16.598,1.132,8.357,1.341
histogram,adaptive,binary,39,1,0,1.0,111.07,-48.93,5.04,16.417,1.137,8.195,1.303
histogram,adaptive,binary,40,1,0,1.0,111.07,-48.93,4.951,16.831,1.26,8.393,1.463
histogram,adaptive,binary,41,1,0,1.0,111.56,-48.44,4.39,14.808,1.181,7.225,1.326
histogram,adaptive,binary,42,1,0,1.0,111.06,-48.94,4.451,14.574,1.0,7.252,1.194
histogram,adaptive,binary,43,1,0,1.0,110.57,-49.43,4.366,14.297,0.987,7.122,1.118
histogram,adaptive,binary,44,1,0,1.0,110.57,-49.43,4.343,14.727,1.037,7.35,1.316
histogram,adaptive,binary,45,1,0,1.0,110.57,-49.43,4.354,14.567,1.003,7.118,1.414
histogram,adaptive,binary,46,1,0,1.0,110.57,-49.43,4.688,14.788,0.991,7.288,1.128
histogram,adaptive,binary,47,1,0,1.0,111.07,-48.93,4.898,15.075,0.984,7.149,1.301
histogram,adaptive,binary,48,1,0,1.0,111.07,-48.93,4.957,16.492,1.188,8.377,1.217
histogram,adaptive,binary,49,1,0,1.0,111.55,-48.45,4.988,16.394,1.194,8.261,1.207
histogram,adaptive,binary,50,1,0,1.0,111.55,-48.45,5.064,16.611,1.134,8.389,1.211
histogram,adaptive,binary,51,1,0,1.0,111.06,-48.94,5.049,16.974,1.195,8.461,1.508
histogram,adaptive,binary,52,1,0,1.0,111.06,-48.94,4.96,16.743,1.144,8.374,1.524
histogram,adaptive,binary,53,1,0,1.0,111.06,-48.94,4.969,16.613,1.141,8.289,1.447
histogram,adaptive,binary,54,1,0,1.0,111.06,-48.94,5.104,16.609,1.188,8.344,1.219
histogram,adaptive,binary,55,1,0,1.0,111.07,-48.93,5.085,16.969,1.286,8.313,1.451
histogram,adaptive,binary,56,1,0,1.0,111.07,-48.93,5.041,16.817,1.128,8.351,1.548
histogram,adaptive,binary,57,1,0,1.0,111.56,-48.44,4.976,16.653,1.148,8.238,1.543
histogram,adaptive,binary,58,1,0,1.0,112.05,-47.95,4.971,16.524,1.144,8.398,1.261
histogram,adaptive,binary,59,1,0,1.0,112.05,-47.95,4.967,16.618,1.182,8.238,1.479
histogram,adaptive,binary,60,1,0,1.0,110.08,-49.92,5.037,16.571,1.132,8.338,1.255
histogram,adaptive,binary,61,1,0,1.0,111.55,-48.45,5.078,16.659,1.124,8.229,1.479
histogram,adaptive,binary,62,1,0,1.0,111.55,-48.45,4.966,16.746,1.143,8.342,1.547
histogram,adaptive,binary,63,1,0,1.0,111.06,-48.94,4.981,16.473,1.148,8.242,1.316
histogram,adaptive,binary,64,1,0,1.0,111.06,-48.94,4.966,16.726,1.128,8.408,1.485
histogram,adaptive,binary,65,1,0,1.0,111.07,-48.93,4.97,16.381,1.185,8.22,1.262
histogram,adaptive,binary,66,1,0,1.0,111.07,-48.93,4.396,14.757,1.049,7.322,1.27
histogram,adaptive,binary,67,1,0,1.0,111.06,-48.94,4.353,14.541,0.987,7.107,1.419
histogram,adaptive,binary,68,1,0,1.0,110.57,-49.43,4.414,14.428,0.993,7.224,1.126
histogram,adaptive,binary,69,1,0,1.0,112.08,-47.92,4.408,14.397,1.049,7.099,1.179
histogram,adaptive,binary,70,0,0,0.0,0.0,,2.784,13.085,0.99,7.245,1.319
histogram,adaptive,binary,71,0,0,0.0,0.0,,2.78,13.002,1.044,7.134,1.384
histogram,adaptive,binary,72,1,0,1.0,110.58,-49.42,4.357,14.347,0.977,7.251,1.096
histogram,adaptive,binary,73,1,0,1.0,111.09,-48.91,4.968,16.171,0.981,8.217,1.282
histogram,adaptive,binary,74,1,0,1.0,112.08,-47.92,5.022,16.781,1.189,8.405,1.402
histogram,adaptive,binary,75,1,0,1.0,112.08,-47.92,5.041,16.676,1.148,8.255,1.424
histogram,adaptive,binary,76,1,0,1.0,111.09,-48.91,5.05,16.762,1.132,8.402,1.426
histogram,adaptive,binary,77,1,0,1.0,111.09,-48.91,5.048,16.512,1.146,8.286,1.282
histogram,adaptive,binary,78,1,0,1.0,111.09,-48.91,5.017,16.76,1.144,8.419,1.42
histogram,adaptive,binary,79,1,0,1.0,111.09,-48.91,4.98,16.38,1.182,8.283,1.185
histogram,adaptive,binary,80,1,0,1.0,108.56,-51.44,4.973,16.51,1.189,8.433,1.174
histogram,adaptive,binary,81,1,0,1.0,110.05,-49.95,4.978,16.391,1.133,8.27,1.206
histogram,adaptive,binary,82,1,0,1.0,110.05,-49.95,5.043,16.507,1.145,8.374,1.194
histogram,adaptive,binary,83,1,0,1.0,108.08,-51.92,5.109,16.436,1.139,8.209,1.205
histogram,adaptive,binary,84,1,0,1.0,107.58,-52.42,4.973,16.727,1.124,8.588,1.302
histogram,adaptive,binary,85,1,0,1.0,107.58,-52.42,4.955,16.486,1.131,8.211,1.446
histogram,adaptive,binary,86,1,0,1.0,107.58,-52.42,4.964,16.461,1.181,8.358,1.203
histogram,adaptive,binary,87,1,0,1.0,109.58,-50.42,4.998,16.594,1.188,8.253,1.403
histogram,adaptive,binary,88,1,0,1.0,109.58,-50.42,5.044,16.541,1.134,8.358,1.199
histogram,adaptive,binary,89,1,0,1.0,109.08,-50.92,5.06,16.359,1.131,8.23,1.197
histogram,adaptive,binary,90,1,0,1.0,109.08,-50.92,4.958,16.682,1.131,8.352,1.488
histogram,adaptive,binary,91,1,0,1.0,108.08,-51.92,4.945,16.536,1.129,8.19,1.532
histogram,adaptive,binary,92,1,0,1.0,108.08,-51.92,4.979,16.689,1.128,8.441,1.394
histogram,adaptive,binary,93,1,0,1.0,108.09,-51.91,4.978,16.642,1.192,8.247,1.442
histogram,adaptive,binary,94,1,0,1.0,105.6,-54.4,5.03,16.714,1.141,8.346,1.386
histogram,adaptive,binary,95,1,0,1.0,105.6,-54.4,5.107,16.576,1.135,8.21,1.399
histogram,adaptive,binary,96,0,0,0.0,0.0,,3.221,14.982,1.142,8.383,1.493
histogram,adaptive,binary,97,1,0,1.0,112.04,-47.96,4.349,15.945,1.128,8.205,1.427
histogram,adaptive,binary,98,1,0,1.0,112.04,-47.96,4.407,14.661,0.991,7.264,1.256
histogram,adaptive,binary,99,1,0,1.0,112.04,-47.96,4.479,14.752,1.051,7.174,1.371
histogram,adaptive,binary,100,0,0,0.0,0.0,,2.864,12.856,0.984,7.223,1.106
histogram,adaptive,binary,101,1,1,0.6,142.07,-17.93,4.147,14.459,0.991,7.232,1.427
histogram,adaptive,binary,102,1,1,0.6,143.05,-16.95,4.15,14.389,0.989,7.249,1.337
histogram,adaptive,binary,103,1,1,0.6,143.05,-16.95,4.13,14.315,1.046,7.102,1.344
histogram,adaptive,binary,104,1,1,0.6,146.07,-13.93,5.237,15.235,0.988,7.252,1.08
histogram,adaptive,binary,105,1,1,0.6,208.08,48.08,4.728,16.176,1.148,8.267,1.29
histogram,adaptive,binary,106,1,1,0.6,208.08,48.08,4.725,16.343,1.137,8.435,1.288
histogram,adaptive,binary,107,1,1,0.6,188.01,28.01,4.755,16.322,1.133,8.22,1.461
histogram,adaptive,binary,108,1,1,0.6,188.01,28.01,4.77,16.306,1.135,8.423,1.228
histogram,adaptive,binary,109,1,1,0.6,208.15,48.15,4.832,16.193,1.189,8.23,1.196
histogram,adaptive,binary,110,1,1,0.6,208.15,48.15,4.793,16.535,1.179,8.396,1.421
histogram,adaptive,binary,111,1,1,0.6,208.15,48.15,4.789,16.156,1.199,8.224,1.197
histogram,adaptive,binary,112,1,1,0.6,120.24,-39.76,4.835,16.513,1.141,8.337,1.385
histogram,adaptive,binary,113,1,1,0.6,123.22,-36.78,4.914,16.603,1.137,8.359,1.397
histogram,adaptive,binary,114,1,1,0.6,123.22,-36.78,4.823,16.333,1.133,8.357,1.261
histogram,adaptive,binary,115,1,1,0.6,128.25,-31.75,4.804,16.253,1.142,8.211,1.354
histogram,adaptive,binary,116,1,1,0.6,128.25,-31.75,4.998,16.492,1.128,8.34,1.284
histogram,adaptive,binary,117,1,1,0.6,130.27,-29.73,4.227,14.463,1.132,7.218,1.147
histogram,adaptive,binary,118,1,1,0.6,137.27,-22.73,4.131,14.115,0.991,7.265,1.053
histogram,adaptive,binary,119,1,1,0.6,137.27,-22.73,4.184,14.116,1.032,7.091,1.147
histogram,adaptive,binary,120,1,1,0.6,137.33,-22.67,4.169,14.293,0.991,7.265,1.204
histogram,adaptive,binary,121,1,1,0.6,124.33,-35.67,4.141,14.082,1.039,7.085,1.151
histogram,adaptive,binary,122,1,1,0.6,124.33,-35.67,4.161,14.254,0.976,7.246,1.196
histogram,adaptive,binary,123,1,1,0.6,209.25,49.25,4.176,14.298,0.997,7.135,1.206
histogram,adaptive,binary,124,1,1,0.6,209.25,49.25,4.765,15.748,0.988,8.018,1.292
histogram,adaptive,binary,125,1,1,0.6,192.33,32.33,4.77,16.265,1.145,8.216,1.385
histogram,adaptive,binary,126,1,1,0.6,165.3,5.3,4.82,16.424,1.145,8.408,1.307
histogram,adaptive,binary,127,1,1,0.6,165.3,5.3,4.838,16.304,1.185,8.227,1.312
histogram,adaptive,binary,128,0,0,0.0,0.0,,3.243,14.786,1.183,8.392,1.218
histogram,adaptive,binary,129,1,0,1.0,110.92,-49.08,4.959,16.331,1.138,8.208,1.292
histogram,adaptive,binary,130,1,0,1.0,110.92,-49.08,4.949,16.483,1.182,8.394,1.212
histogram,adaptive,binary,131,1,0,1.0,103.04,-56.96,5.013,16.572,1.186,8.253,1.373
histogram,adaptive,binary,132,1,0,1.0,103.04,-56.96,5.032,16.535,1.142,8.37,1.186
histogram,adaptive,binary,133,1,0,1.0,93.91,-66.09,5.041,16.337,1.13,8.218,1.172
histogram,adaptive,binary,134,1,0,1.0,93.91,-66.09,5.052,16.46,1.132,8.37,1.168
histogram,adaptive,binary,135,1,0,1.0,93.91,-66.09,4.954,16.276,1.136,8.196,1.242
histogram,adaptive,binary,136,1,0,0.9944,94.57,-65.43,4.639,16.546,1.135,8.398,1.591
histogram,adaptive,binary,137,1,0,1.0,91.65,-68.35,4.361,14.288,1.019,7.167,1.052
histogram,adaptive,binary,138,1,0,1.0,91.65,-68.35,4.304,14.278,0.982,7.248,1.064
histogram,adaptive,binary,139,1,0,1.0,91.65,-68.35,4.311,14.248,1.037,7.105,1.134
histogram,adaptive,binary,140,1,0,0.9583,86.03,-73.97,4.1,14.102,0.988,7.234,1.108
histogram,adaptive,binary,141,1,0,0.9792,86.04,-73.96,4.139,14.127,1.043,7.086,1.186
histogram,adaptive,binary,142,1,0,1.0,86.12,-73.88,4.145,14.171,0.99,7.231,1.118
histogram,adaptive,binary,143,1,0,1.0,86.12,-73.88,4.49,14.623,0.985,7.146,1.237
histogram,adaptive,binary,144,1,0,1.0,86.1,-73.9,4.68,16.416,1.145,8.441,1.408
histogram,adaptive,binary,145,1,0,1.0,86.22,-73.78,4.645,16.11,1.194,8.269,1.257
histogram,adaptive,binary,146,1,0,1.0,86.22,-73.78,4.655,16.24,1.181,8.399,1.261
histogram,adaptive,binary,147,1,0,1.0,86.22,-73.78,4.703,16.123,1.2,8.242,1.23
histogram,adaptive,binary,148,1,0,1.0,86.22,-73.78,4.636,16.177,1.174,8.367,1.242
histogram,adaptive,binary,149,1,0,1.0,86.24,-73.76,4.647,16.346,1.142,8.409,1.273
histogram,adaptive,binary,150,1,0,1.0,86.22,-73.78,4.729,16.351,1.128,8.349,1.392
histogram,adaptive,binary,151,1,0,1.0,86.22,-73.78,4.736,16.031,1.143,8.205,1.2
histogram,adaptive,binary,152,1,0,1.0,86.22,-73.78,4.656,16.184,1.126,8.352,1.228
histogram,adaptive,binary,153,1,0,0.95,86.14,-73.86,4.663,16.235,1.135,8.226,1.427
histogram,adaptive,binary,154,1,0,0.95,86.14,-73.86,4.652,16.286,1.131,8.312,1.446
histogram,adaptive,binary,155,1,0,0.95,86.14,-73.86,4.656,16.232,1.137,8.223,1.476
histogram,adaptive,binary,156,1,0,0.9736,86.18,-73.82,4.076,14.773,1.132,7.699,1.133
histogram,adaptive,binary,157,1,0,0.9236,86.13,-73.87,4.092,13.949,0.993,7.154,1.05
histogram,adaptive,binary,158,1,0,0.9236,86.13,-73.87,4.155,14.375,1.04,7.223,1.289
histogram,adaptive,binary,159,1,0,0.9389,86.14,-73.86,4.181,14.006,0.99,7.127,1.047
histogram,adaptive,binary,160,1,0,0.9625,90.64,-69.36,4.095,14.142,1.034,7.224,1.117
histogram,adaptive,binary,161,1,0,0.9514,86.2,-73.8,4.136,14.026,0.996,7.142,1.074
histogram,adaptive,binary,162,1,0,0.9514,86.2,-73.8,4.084,14.244,1.043,7.265,1.178
histogram,adaptive,binary,163,1,0,0.9611,86.16,-73.84,4.74,15.252,0.989,7.411,1.328
histogram,adaptive,binary,164,1,0,0.9611,86.16,-73.84,4.673,16.269,1.139,8.325,1.388
histogram,adaptive,binary,165,1,0,0.9889,86.13,-73.87,4.667,16.265,1.131,8.226,1.487
histogram,adaptive,binary,166,1,0,1.0,86.22,-73.78,4.667,16.312,1.132,8.348,1.422
histogram,adaptive,binary,167,1,0,1.0,86.22,-73.78,4.659,16.18,1.146,8.268,1.363
histogram,adaptive,binary,168,1,0,1.0,86.22,-73.78,4.657,16.344,1.186,8.423,1.332
histogram,adaptive,binary,169,1,0,1.0,89.05,-70.95,4.566,16.239,1.197,8.241,1.436
histogram,adaptive,binary,170,1,0,1.0,89.05,-70.95,4.104,14.255,1.064,7.268,1.15
histogram,adaptive,binary,171,1,0,1.0,89.05,-70.95,4.162,14.024,0.985,7.123,1.078
histogram,adaptive,binary,172,1,0,1.0,86.22,-73.78,4.092,14.285,1.053,7.263,1.202
histogram,adaptive,binary,173,1,0,1.0,86.22,-73.78,4.095,14.037,0.982,7.135,1.124
histogram,adaptive,binary,174,1,0,0.9639,86.08,-73.92,4.109,14.299,0.991,7.28,1.192
histogram,adaptive,binary,175,1,0,0.9639,86.08,-73.92,4.097,14.018,0.984,7.123,1.098
histogram,adaptive,binary,176,1,0,0.9347,86.18,-73.82,4.429,14.426,0.98,7.298,1.04
histogram,adaptive,binary,177,1,0,0.9375,87.17,-72.83,4.65,16.042,1.184,8.245,1.199
histogram,adaptive,binary,178,1,0,0.9375,87.17,-72.83,4.692,16.334,1.205,8.506,1.184
histogram,adaptive,binary,179,1,0,0.9375,87.17,-72.83,4.722,16.129,1.209,8.243,1.212
histogram,adaptive,binary,180,1,0,0.9361,86.12,-73.88,4.652,16.341,1.132,8.375,1.354
histogram,adaptive,binary,181,1,0,0.9431,86.13,-73.87,4.715,16.293,1.14,8.181,1.393
histogram,adaptive,binary,182,1,0,0.9736,86.11,-73.89,4.806,16.396,1.135,8.349,1.362
histogram,adaptive,binary,183,1,0,0.9736,86.11,-73.89,4.709,16.088,1.131,8.187,1.222
histogram,adaptive,binary,184,1,0,1.0,86.15,-73.85,4.704,16.383,1.142,8.331,1.449
histogram,adaptive,binary,185,1,0,1.0,92.68,-67.32,4.989,16.346,1.133,8.202,1.271
histogram,adaptive,binary,186,1,0,1.0,99.18,-60.82,5.032,16.711,1.136,8.388,1.415
histogram,adaptive,binary,187,1,0,1.0,99.18,-60.82,5.009,16.555,1.194,8.243,1.364
histogram,adaptive,binary,188,1,0,1.0,95.25,-64.75,4.992,16.611,1.183,8.353,1.332
histogram,adaptive,binary,189,1,0,1.0,93.73,-66.27,4.37,14.819,1.151,7.426,1.06
histogram,adaptive,binary,190,1,0,1.0,93.73,-66.27,4.367,14.514,1.023,7.218,1.231
histogram,adaptive,binary,191,1,0,1.0,93.73,-66.27,4.322,14.22,0.98,7.092,1.146
histogram,adaptive,binary,192,1,0,1.0,94.7,-65.3,4.322,14.516,0.986,7.281,1.191
histogram,adaptive,binary,193,1,0,1.0,93.22,-66.78,4.348,14.259,0.985,7.113,1.084
histogram,adaptive,binary,194,1,0,1.0,92.75,-67.25,4.369,14.45,0.985,7.275,1.148
histogram,adaptive,binary,195,1,0,1.0,92.75,-67.25,4.361,14.378,1.033,7.085,1.225
histogram,adaptive,binary,196,1,0,1.0,91.23,-68.77,4.355,14.33,0.992,7.241,1.061
histogram,adaptive,binary,197,1,0,1.0,87.35,-72.65,4.217,14.146,0.984,7.154,1.057
histogram,adaptive,binary,198,1,0,1.0,87.35,-72.65,4.168,14.24,0.995,7.262,1.071
histogram,adaptive,binary,199,1,0,1.0,86.24,-73.76,4.139,14.099,0.988,7.166,1.133
histogram,adaptive,binary,200,1,0,1.0,86.24,-73.76,4.109,14.386,1.145,7.308,1.135
histogram,adaptive,binary,201,1,0,1.0,86.22,-73.78,4.087,13.922,0.983,7.126,1.062
histogram,adaptive,binary,202,1,0,1.0,86.22,-73.78,4.13,14.319,1.03,7.208,1.276
histogram,adaptive,binary,203,1,0,1.0,86.22,-73.78,4.359,14.452,0.989,7.219,1.185
histogram,adaptive,binary,204,1,0,1.0,86.22,-73.78,4.148,14.222,0.995,7.278,1.051
histogram,adaptive,binary,205,1,0,1.0,86.22,-73.78,4.098,13.95,0.973,7.117,1.058
histogram,adaptive,binary,206,1,0,1.0,86.22,-73.78,4.135,14.137,0.986,7.286,1.061
histogram,adaptive,binary,207,1,0,1.0,86.22,-73.78,4.134,14.132,0.983,7.181,1.152
histogram,adaptive,binary,208,1,0,1.0,86.22,-73.78,4.078,14.058,0.991,7.258,1.053
histogram,adaptive,binary,209,1,0,1.0,90.52,-69.48,4.303,14.324,1.041,7.101,1.212
histogram,adaptive,binary,210,1,0,1.0,90.52,-69.48,5.052,15.42,0.997,7.493,1.183
histogram,adaptive,binary,211,1,0,1.0,110.02,-49.98,5.137,16.485,1.133,8.209,1.258
histogram,adaptive,binary,212,1,0,1.0,110.02,-49.98,5.052,16.494,1.129,8.33,1.233
histogram,adaptive,binary,213,1,1,0.6,217.11,57.11,4.828,16.254,1.131,8.218,1.291
histogram,adaptive,binary,214,1,1,0.6,217.11,57.11,4.769,16.282,1.143,8.351,1.285
histogram,adaptive,binary,215,1,1,0.6,112.97,-47.03,5.33,16.725,1.146,8.308,1.204
histogram,adaptive,binary,216,1,1,0.6,126.97,-33.03,4.193,15.87,1.194,8.551,1.193
histogram,adaptive,binary,217,1,1,0.6,116.97,-43.03,4.193,14.118,1.037,7.08,1.148
histogram,adaptive,binary,218,1,0,1.0,121.5,-38.5,4.362,14.372,0.992,7.261,1.075
histogram,adaptive,binary,219,1,0,1.0,121.5,-38.5,4.366,14.322,0.982,7.168,1.086
histogram,adaptive,binary,220,1,0,1.0,86.25,-73.75,4.111,14.225,0.99,7.246,1.139
histogram,adaptive,binary,221,0,0,0.0,0.0,,2.849,12.697,0.978,7.148,1.066
histogram,adaptive,binary,222,0,0,0.0,0.0,,2.895,12.834,0.99,7.232,1.048
histogram,adaptive,binary,223,0,0,0.0,0.0,,2.872,12.76,0.982,7.123,1.077
histogram,adaptive,binary,224,0,0,0.0,0.0,,3.254,14.66,1.098,8.384,1.239
histogram,adaptive,binary,225,1,0,0.9375,193.99,33.99,4.998,16.445,1.14,8.23,1.325
histogram,adaptive,binary,226,1,0,0.9375,193.99,33.99,4.999,16.616,1.134,8.338,1.4
histogram,adaptive,binary,227,1,0,0.9292,197.87,37.87,5.03,16.551,1.19,8.241,1.344
histogram,adaptive,binary,228,1,0,0.9292,197.87,37.87,5.036,16.559,1.193,8.349,1.238
histogram,adaptive,binary,229,1,0,0.9458,203.17,43.17,5.086,16.51,1.135,8.222,1.256
histogram,adaptive,binary,230,1,0,0.9333,201.42,41.42,4.39,15.196,1.138,7.82,1.109
histogram,adaptive,binary,231,1,0,0.9333,201.42,41.42,4.39,14.438,0.995,7.148,1.161
histogram,adaptive,binary,232,1,0,0.9278,201.02,41.02,4.387,14.598,0.986,7.269,1.284
histogram,adaptive,binary,233,1,0,0.9319,198.52,38.52,4.376,14.361,0.991,7.115,1.14
histogram,adaptive,binary,234,1,0,0.9306,206.15,46.15,4.422,14.595,1.024,7.207,1.267
histogram,adaptive,binary,235,1,0,0.9306,206.15,46.15,4.529,14.532,0.987,7.12,1.222
histogram,adaptive,binary,236,1,0,0.9264,197.03,37.03,4.387,14.516,0.981,7.246,1.222
histogram,adaptive,binary,237,1,0,0.9306,202.94,42.94,5.174,16.093,1.038,7.955,1.251
histogram,adaptive,binary,238,1,0,0.9306,202.94,42.94,5.017,16.569,1.178,8.376,1.247
histogram,adaptive,binary,239,1,0,0.9319,195.02,35.02,5.125,16.711,1.15,8.236,1.389
histogram,adaptive,binary,240,1,0,0.9319,195.02,35.02,5.01,16.709,1.137,8.344,1.435
histogram,adaptive,binary,241,1,0,0.9292,206.64,46.64,4.999,16.453,1.135,8.216,1.356
histogram,adaptive,binary,242,1,0,0.9278,193.53,33.53,5.001,16.64,1.128,8.341,1.433
histogram,adaptive,binary,243,1,0,0.9278,193.53,33.53,5.403,16.654,1.194,7.992,1.263
histogram,adaptive,binary,244,1,0,0.9278,199.51,39.51,4.449,14.717,1.185,7.29,1.114
histogram,adaptive,binary,245,1,0,0.9319,203.92,43.92,4.485,14.644,0.994,7.187,1.297
histogram,adaptive,binary,246,1,0,0.9319,203.92,43.92,4.387,14.526,0.995,7.249,1.217
histogram,adaptive,binary,247,1,0,0.9306,202.95,42.95,4.376,14.523,1.038,7.179,1.258
histogram,adaptive,binary,248,1,0,0.9306,202.95,42.95,4.388,14.641,0.992,7.251,1.245
histogram,adaptive,binary,249,1,0,0.9333,202.96,42.96,4.423,14.423,0.988,7.126,1.211
histogram,adaptive,binary,250,1,0,0.9333,202.96,42.96,5.036,15.924,1.03,7.901,1.261
histogram,adaptive,binary,251,1,0,0.9361,199.5,39.5,5.058,16.484,1.189,8.224,1.268
histogram,adaptive,binary,252,1,0,0.9361,199.5,39.5,5.13,16.687,1.139,8.329,1.259
histogram,adaptive,binary,253,1,0,0.9292,195.52,35.52,5.176,16.598,1.163,8.206,1.275
histogram,adaptive,binary,254,1,0,0.9292,195.52,35.52,5.062,16.616,1.143,8.339,1.323
histogram,adaptive,binary,255,1,0,0.9292,195.52,35.52,5.04,16.566,1.13,8.204,1.439
histogram,adaptive,binary,256,1,0,0.9306,207.1,47.1,5.072,16.632,1.184,8.371,1.257
histogram,adaptive,binary,257,1,0,0.9333,202.01,42.01,5.064,16.501,1.194,8.231,1.271
histogram,adaptive,binary,258,1,0,0.9333,202.01,42.01,5.159,16.819,1.132,8.336,1.378
histogram,adaptive,binary,259,1,0,0.9264,194.03,34.03,5.069,16.587,1.131,8.195,1.387
histogram,adaptive,binary,260,1,0,0.9292,195.03,35.03,5.025,16.702,1.13,8.336,1.473
histogram,adaptive,binary,261,1,0,0.9292,194.53,34.53,5.023,16.458,1.154,8.203,1.321
histogram,adaptive,binary,262,1,0,0.9292,194.53,34.53,4.458,15.88,1.186,8.262,1.232
histogram,adaptive,binary,263,1,0,0.9278,195.03,35.03,4.398,14.526,0.98,7.12,1.311
histogram,adaptive,binary,264,1,0,0.9278,195.03,35.03,4.369,14.514,0.99,7.249,1.236
histogram,adaptive,binary,265,1,0,0.9306,194.52,34.52,4.372,14.494,0.982,7.162,1.243
histogram,adaptive,binary,266,1,0,0.9306,194.52,34.52,4.458,14.589,0.981,7.232,1.131
histogram,adaptive,binary,267,1,0,0.9333,195.52,35.52,4.375,14.406,0.995,7.135,1.23
histogram,adaptive,binary,268,1,0,0.9333,195.52,35.52,4.385,14.595,1.028,7.213,1.294
histogram,adaptive,binary,269,1,0,0.9333,195.53,35.53,5.074,15.619,0.988,7.561,1.337
histogram,adaptive,binary,270,1,0,0.9333,195.53,35.53,5.068,16.727,1.129,8.342,1.441
histogram,adaptive,binary,271,1,0,0.9292,202.98,42.98,5.06,16.514,1.178,8.249,1.282
histogram,adaptive,binary,272,1,0,0.9292,202.98,42.98,5.1,16.714,1.191,8.371,1.308
histogram,adaptive,binary,273,1,0,0.9306,202.48,42.48,5.199,16.771,1.142,8.191,1.393
histogram,adaptive,binary,274,1,0,0.9292,195.03,35.03,5.049,16.703,1.139,8.319,1.381
histogram,adaptive,binary,275,1,0,0.9292,195.03,35.03,5.029,16.608,1.139,8.222,1.468
histogram,adaptive,binary,276,1,0,0.9319,202.49,42.49,5.064,16.748,1.135,8.417,1.383
histogram,adaptive,binary,277,1,0,0.9292,206.65,46.65,5.127,16.713,1.188,8.252,1.38
histogram,adaptive,binary,278,1,0,0.9292,203.94,43.94,5.092,16.841,1.154,8.356,1.384
histogram,adaptive,binary,279,1,0,0.9292,203.94,43.94,5.034,16.612,1.139,8.194,1.378
histogram,adaptive,binary,280,1,0,0.9292,202.97,42.97,4.976,16.689,1.144,8.317,1.501
histogram,adaptive,binary,281,1,0,0.9292,203.44,43.44,5.357,16.827,1.141,8.187,1.353
histogram,adaptive,binary,282,1,0,0.9347,195.52,35.52,4.983,16.606,1.187,8.419,1.272
histogram,adaptive,binary,283,1,0,0.9347,195.52,35.52,5.059,16.638,1.144,8.204,1.392
histogram,adaptive,binary,284,1,0,0.9292,199.53,39.53,5.096,16.696,1.139,8.335,1.388
histogram,adaptive,binary,285,1,0,0.9319,207.15,47.15,5.017,16.63,1.136,8.247,1.477
histogram,adaptive,binary,286,1,0,0.9306,206.63,46.63,5.008,16.661,1.133,8.338,1.447
histogram,adaptive,binary,287,1,0,0.9306,206.63,46.63,4.412,16.004,1.189,8.244,1.416
histogram,adaptive,binary,288,1,0,0.9306,199.02,39.02,4.447,14.641,0.979,7.255,1.292
histogram,adaptive,binary,289,1,0,0.9333,203.47,43.47,4.484,14.515,0.997,7.12,1.23
histogram,adaptive,binary,290,1,0,0.9333,203.47,43.47,4.377,14.6,0.988,7.27,1.231
histogram,adaptive,binary,291,1,0,0.9319,202.47,42.47,4.404,14.42,1.004,7.128,1.212
histogram,adaptive,binary,292,1,0,0.9319,199.52,39.52,4.375,14.438,0.994,7.27,1.131
histogram,adaptive,binary,293,1,0,0.9319,195.52,35.52,4.366,14.446,1.042,7.114,1.171
histogram,adaptive,binary,294,1,0,0.9319,195.52,35.52,5.076,15.176,0.988,7.249,1.17
histogram,adaptive,binary,295,1,0,0.9278,200.0,40.0,5.038,16.629,1.143,8.254,1.442
histogram,adaptive,binary,296,1,0,0.9306,202.98,42.98,5.01,16.524,1.137,8.359,1.28
histogram,adaptive,binary,297,1,0,0.9292,205.65,45.65,5.003,16.481,1.187,8.294,1.256
histogram,adaptive,binary,298,1,0,0.9292,205.65,45.65,5.01,16.813,1.341,8.364,1.359
histogram,adaptive,binary,299,1,0,0.9306,199.51,39.51,5.167,16.704,1.139,8.213,1.367
histogram,adaptive,binary,300,1,0,0.9306,199.51,39.51,4.82,16.4,1.124,8.402,1.241
histogram,adaptive,binary,301,1,0,0.9319,199.02,39.02,4.45,14.357,1.002,7.126,1.112
histogram,adaptive,binary,302,1,0,0.9306,199.53,39.53,4.431,14.652,1.046,7.276,1.228
histogram,adaptive,binary,303,1,0,0.9306,199.53,39.53,4.433,14.574,0.999,7.127,1.309
histogram,adaptive,binary,304,1,0,0.9333,199.02,39.02,4.374,14.398,0.991,7.234,1.127
histogram,adaptive,binary,305,1,0,0.9306,202.46,42.46,4.381,14.502,1.044,7.107,1.294
histogram,adaptive,binary,306,1,0,0.9333,199.02,39.02,5.293,15.328,0.98,7.247,1.131
histogram,adaptive,binary,307,1,0,0.9333,199.02,39.02,4.428,14.523,1.037,7.236,1.135
histogram,adaptive,binary,308,1,0,0.9306,166.5,6.5,4.391,14.568,0.996,7.32,1.117
histogram,adaptive,binary,309,0,0,0.0,0.0,,2.773,12.77,0.999,7.166,1.157
histogram,adaptive,binary,310,1,0,0.9569,202.98,42.98,4.401,14.533,1.032,7.215,1.224
histogram,adaptive,binary,311,1,0,0.9569,202.98,42.98,4.511,14.442,0.994,7.134,1.133
histogram,adaptive,binary,312,1,0,0.9375,204.41,44.41,4.382,14.401,0.981,7.273,1.086
histogram,adaptive,binary,313,1,0,0.95,198.55,38.55,4.396,14.489,1.041,7.103,1.253
histogram,adaptive,binary,314,1,0,0.95,198.55,38.55,4.98,15.037,0.979,7.256,1.143
histogram,adaptive,binary,315,1,0,0.9375,198.02,38.02,5.131,16.478,1.131,8.209,1.257
histogram,adaptive,binary,316,1,0,0.9278,200.95,40.95,4.988,16.651,1.126,8.356,1.438
histogram,adaptive,binary,317,1,0,0.9347,198.52,38.52,5.006,16.538,1.131,8.224,1.425
histogram,adaptive,binary,318,1,0,0.9347,198.52,38.52,5.0,16.553,1.136,8.426,1.25
histogram,adaptive,binary,319,1,0,0.9319,203.43,43.43,5.002,16.536,1.183,8.252,1.348
histogram,adaptive,binary,320,1,0,0.9264,205.97,45.97,5.088,16.743,1.138,8.339,1.377
histogram,adaptive,binary,321,1,0,0.9292,203.47,43.47,5.121,16.595,1.139,8.206,1.379
histogram,adaptive,binary,322,1,0,0.9292,203.47,43.47,5.018,16.576,1.126,8.344,1.339
histogram,adaptive,binary,323,1,0,0.9306,198.51,38.51,4.995,16.597,1.141,8.209,1.471
histogram,adaptive,binary,324,1,0,0.9306,198.51,38.51,4.991,16.67,1.139,8.407,1.391
histogram,adaptive,binary,325,1,0,0.9306,199.53,39.53,4.972,16.43,1.192,8.215,1.304
histogram,adaptive,binary,326,1,0,0.9306,199.53,39.53,5.059,16.626,1.138,8.343,1.261
histogram,adaptive,binary,327,1,0,0.9278,198.05,38.05,4.373,14.296,0.98,7.137,1.135
histogram,adaptive,binary,328,1,0,0.9278,198.05,38.05,4.374,14.637,1.021,7.278,1.293
histogram,adaptive,binary,329,1,0,0.9292,199.53,39.53,4.457,14.369,0.978,7.119,1.131
histogram,adaptive,binary,330,1,0,0.9292,199.53,39.53,4.399,14.622,0.99,7.256,1.236
histogram,adaptive,binary,331,1,0,0.9306,201.02,41.02,4.424,14.55,0.995,7.119,1.329
histogram,adaptive,binary,332,1,0,0.9306,201.02,41.02,4.373,14.506,0.981,7.249,1.225
histogram,adaptive,binary,333,1,0,0.9264,198.53,38.53,4.679,15.001,0.986,7.33,1.237
histogram,adaptive,binary,334,1,0,0.9264,198.53,38.53,5.012,16.765,1.184,8.43,1.385
histogram,adaptive,binary,335,1,0,0.9292,199.52,39.52,5.026,16.476,1.219,8.215,1.273
histogram,adaptive,binary,336,1,0,0.925,200.52,40.52,5.081,16.692,1.134,8.346,1.385
histogram,adaptive,binary,337,1,0,0.9292,199.53,39.53,4.989,16.524,1.131,8.196,1.458
histogram,adaptive,binary,338,1,0,0.9292,199.53,39.53,4.991,16.678,1.127,8.346,1.464
histogram,adaptive,binary,339,1,0,0.9278,203.92,43.92,5.013,16.546,1.134,8.377,1.281
histogram,adaptive,binary,340,1,0,0.9264,203.38,43.38,5.005,16.698,1.173,8.385,1.395
histogram,adaptive,binary,341,1,0,0.9264,202.51,42.51,5.05,16.617,1.131,8.226,1.414
histogram,adaptive,binary,342,1,0,0.9264,202.51,42.51,5.135,16.758,1.13,8.353,1.39
histogram,adaptive,binary,343,1,0,0.9292,200.04,40.04,5.042,16.489,1.144,8.198,1.334
histogram,adaptive,binary,344,1,0,0.9292,204.3,44.3,5.023,16.56,1.135,8.342,1.314
histogram,adaptive,binary,345,1,0,0.9292,203.87,43.87,5.017,16.487,1.144,8.304,1.274
histogram,adaptive,binary,346,1,0,0.9292,203.87,43.87,5.028,16.976,1.183,8.581,1.417
histogram,adaptive,binary,347,1,0,0.9278,203.87,43.87,5.084,16.502,1.129,8.212,1.273
histogram,adaptive,binary,348,1,0,0.9278,203.87,43.87,5.104,16.727,1.137,8.363,1.385
histogram,adaptive,binary,349,1,0,0.925,201.01,41.01,4.99,16.525,1.136,8.191,1.462
histogram,adaptive,binary,350,1,0,0.9278,203.86,43.86,5.009,16.685,1.135,8.347,1.441
histogram,adaptive,binary,351,1,0,0.9278,203.86,43.86,4.995,16.569,1.19,8.259,1.385
histogram,adaptive,binary,352,1,0,0.9292,200.52,40.52,4.996,16.547,1.182,8.386,1.242
histogram,adaptive,binary,353,1,0,0.9306,200.52,40.52,5.089,16.667,1.144,8.199,1.386
histogram,adaptive,binary,354,1,0,0.9306,203.87,43.87,5.09,16.591,1.129,8.357,1.263
histogram,adaptive,binary,355,1,0,0.9306,203.87,43.87,5.012,16.564,1.141,8.228,1.444
histogram,adaptive,binary,356,1,0,0.9292,200.02,40.02,4.978,16.671,1.141,8.358,1.45
histogram,adaptive,binary,357,1,0,0.925,167.9,7.9,5.005,16.585,1.177,8.262,1.39
histogram,adaptive,binary,358,1,0,0.9278,202.9,42.9,5.072,16.732,1.178,8.358,1.39
histogram,adaptive,binary,359,1,0,0.9278,202.9,42.9,5.094,16.505,1.132,8.212,1.265
histogram,adaptive,binary,360,1,0,0.9292,203.89,43.89,5.1,16.57,1.13,8.345,1.249
histogram,fixed,combined,0,1,0,0.075,158.69,-1.31,7.663,11.422,1.139,0.099,1.799
histogram,fixed,combined,1,1,0,0.075,159.2,-0.8,4.329,8.797,1.137,0.103,2.428
histogram,fixed,combined,2,1,0,0.075,159.22,-0.78,4.354,7.755,1.138,0.094,1.433
histogram,fixed,combined,3,1,0,0.075,159.22,-0.78,4.389,7.875,1.131,0.098,1.496
histogram,fixed,combined,4,1,0,0.0736,159.23,-0.77,4.658,8.067,1.146,0.1,1.413
histogram,fixed,combined,5,1,0,0.0736,158.72,-1.28,4.599,8.089,1.188,0.171,1.385
histogram,fixed,combined,6,1,0,0.0736,158.72,-1.28,3.911,6.696,0.986,0.089,1.033
histogram,fixed,combined,7,1,0,0.075,159.47,-0.53,3.964,6.674,0.99,0.101,0.947
histogram,fixed,combined,8,1,0,0.075,159.18,-0.82,3.852,6.613,1.048,0.092,0.957
histogram,fixed,combined,9,1,0,0.0736,159.33,-0.67,3.889,6.69,0.987,0.094,1.045
histogram,fixed,combined,10,1,0,0.0736,159.33,-0.67,3.832,7.249,0.989,0.086,1.679
histogram,fixed,combined,11,1,0,0.0736,158.73,-1.27,3.903,6.823,0.977,0.094,1.159
histogram,fixed,combined,12,1,0,0.075,159.25,-0.75,3.891,6.831,1.035,0.097,1.14
histogram,fixed,combined,13,1,0,0.0736,159.4,-0.6,3.843,6.877,0.994,0.092,1.28
histogram,fixed,combined,14,1,0,0.0736,159.4,-0.6,3.875,6.787,0.991,0.091,1.159
histogram,fixed,combined,15,1,0,0.0736,159.3,-0.7,3.845,6.621,0.992,0.101,0.955
histogram,fixed,combined,16,1,0,0.0736,159.3,-0.7,4.625,7.75,0.99,0.088,1.336
histogram,fixed,combined,17,1,0,0.075,159.42,-0.58,3.952,6.827,1.022,0.131,1.033
histogram,fixed,combined,18,1,0,0.0736,159.2,-0.8,3.806,6.783,0.992,0.086,1.18
histogram,fixed,combined,19,1,0,0.075,159.13,-0.87,3.952,6.942,0.996,0.096,1.155
histogram,fixed,combined,20,1,0,0.075,159.13,-0.87,4.329,7.12,1.058,0.099,0.959
histogram,fixed,combined,21,1,0,0.0736,159.22,-0.78,4.361,7.538,1.141,0.131,1.128
histogram,fixed,combined,22,1,0,0.0736,159.62,-0.38,4.519,8.039,1.146,0.106,1.523
histogram,fixed,combined,23,1,0,0.0736,159.62,-0.38,4.685,8.189,1.154,0.117,1.454
histogram,fixed,combined,24,1,0,0.075,158.91,-1.09,4.613,8.227,1.277,0.193,1.312
histogram,fixed,combined,25,1,0,0.0736,159.2,-0.8,4.389,7.744,1.191,0.111,1.305
histogram,fixed,combined,26,1,0,0.0736,159.2,-0.8,4.39,7.53,1.141,0.11,1.153
histogram,fixed,combined,27,1,0,0.0736,159.2,-0.8,4.391,7.869,1.138,0.101,1.503
histogram,fixed,combined,28,1,0,0.075,159.44,-0.56,4.355,8.025,1.131,0.098,1.703
histogram,fixed,combined,29,1,0,0.0736,159.52,-0.48,4.353,7.738,1.133,0.1,1.4
histogram,fixed,combined,30,1,0,0.0736,159.34,-0.66,4.369,8.018,1.131,0.096,1.639
histogram,fixed,combined,31,1,0,0.0736,159.34,-0.66,4.412,7.58,1.134,0.098,1.163
histogram,fixed,combined,32,1,0,0.0736,159.16,-0.84,4.441,7.817,1.144,0.097,1.391
histogram,fixed,combined,33,1,0,0.0736,159.21,-0.79,4.388,7.515,1.139,0.097,1.138
histogram,fixed,combined,34,1,0,0.0736,159.21,-0.79,4.41,7.787,1.146,0.098,1.33
histogram,fixed,combined,35,1,0,0.075,159.24,-0.76,4.467,7.516,1.129,0.099,1.069
histogram,fixed,combined,36,1,0,0.075,159.24,-0.76,4.456,7.522,1.134,0.096,1.087
histogram,fixed,combined,37,1,0,0.0736,159.52,-0.48,4.373,7.488,1.131,0.1,1.083
histogram,fixed,combined,38,1,0,0.0736,159.52,-0.48,4.385,7.507,1.202,0.098,1.076
histogram,fixed,combined,39,1,0,0.0736,159.48,-0.52,4.374,7.516,1.184,0.119,1.091
histogram,fixed,combined,40,1,0,0.0736,159.48,-0.52,4.358,7.495,1.195,0.102,1.093
histogram,fixed,combined,41,1,0,0.0736,159.21,-0.79,4.342,8.012,1.133,0.097,1.677
histogram,fixed,combined,42,1,0,0.075,159.52,-0.48,4.367,7.716,1.145,0.095,1.368
histogram,fixed,combined,43,1,0,0.0736,159.34,-0.66,4.395,7.853,1.144,0.097,1.423
histogram,fixed,combined,44,1,0,0.0736,159.34,-0.66,4.367,7.816,1.137,0.097,1.468
histogram,fixed,combined,45,1,0,0.0736,159.54,-0.46,4.41,7.876,1.128,0.099,1.495
histogram,fixed,combined,46,1,0,0.0736,159.54,-0.46,4.411,7.578,1.134,0.096,1.187
histogram,fixed,combined,47,1,0,0.0736,159.26,-0.74,4.389,8.476,1.137,0.097,2.086
histogram,fixed,combined,48,1,0,0.0736,159.26,-0.74,4.375,7.617,1.135,0.095,1.27
histogram,fixed,combined,49,1,0,0.075,159.22,-0.78,4.408,8.039,1.125,0.096,1.672
histogram,fixed,combined,50,1,0,0.075,159.22,-0.78,4.359,7.921,1.146,0.095,1.568
histogram,fixed,combined,51,1,0,0.0736,159.52,-0.48,4.459,8.268,1.132,0.102,1.798
histogram,fixed,combined,52,1,0,0.075,159.18,-0.82,4.858,8.432,1.131,0.098,1.569
histogram,fixed,combined,53,1,0,0.075,159.18,-0.82,4.535,7.681,1.2,0.104,1.097
histogram,fixed,combined,54,1,0,0.075,159.23,-0.77,4.493,7.784,1.14,0.098,1.254
histogram,fixed,combined,55,1,0,0.0736,159.49,-0.51,4.453,7.893,1.141,0.097,1.451
histogram,fixed,combined,56,1,0,0.0736,159.49,-0.51,4.376,7.537,1.136,0.097,1.177
histogram,fixed,combined,57,1,0,0.0736,159.24,-0.76,4.365,8.423,1.122,0.099,2.084
histogram,fixed,combined,58,1,0,0.075,159.0,-1.0,4.423,7.682,1.133,0.098,1.279
histogram,fixed,combined,59,1,0,0.075,159.0,-1.0,4.587,8.022,1.128,0.1,1.459
histogram,fixed,combined,60,1,0,0.075,159.17,-0.83,4.381,7.535,1.143,0.105,1.151
histogram,fixed,combined,61,1,0,0.0736,159.51,-0.49,4.362,8.005,1.126,0.097,1.643
histogram,fixed,combined,62,1,0,0.0736,159.51,-0.49,4.367,7.78,1.138,0.11,1.407
histogram,fixed,combined,63,1,0,0.075,159.3,-0.7,4.374,7.718,1.13,0.098,1.378
histogram,fixed,combined,64,1,0,0.075,159.3,-0.7,4.36,7.724,1.133,0.099,1.383
histogram,fixed,combined,65,1,0,0.0736,159.32,-0.68,4.407,7.559,1.141,0.095,1.083
histogram,fixed,combined,66,1,0,0.0736,159.32,-0.68,4.512,7.595,1.148,0.095,1.095
histogram,fixed,combined,67,1,0,0.0736,159.36,-0.64,4.394,7.454,1.131,0.097,1.081
histogram,fixed,combined,68,1,0,0.075,159.34,-0.66,4.427,7.546,1.148,0.095,1.071
histogram,fixed,combined,69,1,0,0.0736,159.68,-0.32,4.387,7.542,1.212,0.099,1.096
histogram,fixed,combined,70,1,0,0.0736,159.2,-0.8,4.53,7.872,1.184,0.102,1.313
histogram,fixed,combined,71,1,0,0.0736,159.2,-0.8,4.681,8.378,1.314,0.171,1.412
histogram,fixed,combined,72,1,0,0.0806,158.79,-1.21,4.438,7.638,1.203,0.097,1.105
histogram,fixed,combined,73,1,0,0.0778,159.2,-0.8,4.412,7.545,1.19,0.105,1.096
histogram,fixed,combined,74,1,0,0.0819,158.37,-1.63,4.545,7.684,1.188,0.103,1.096
histogram,fixed,combined,75,1,0,0.0819,158.37,-1.63,4.482,7.639,1.197,0.113,1.092
histogram,fixed,combined,76,1,0,0.0806,158.75,-1.25,4.424,7.549,1.147,0.097,1.128
histogram,fixed,combined,77,1,0,0.0861,158.91,-1.09,4.327,7.872,1.128,0.096,1.572
histogram,fixed,combined,78,1,0,0.0861,158.91,-1.09,4.326,7.731,1.131,0.097,1.431
histogram,fixed,combined,79,1,0,0.0861,158.91,-1.09,4.302,8.061,1.129,0.103,1.786
histogram,fixed,combined,80,1,0,0.0972,157.75,-2.25,4.156,7.542,1.139,0.093,1.415
histogram,fixed,combined,81,1,0,0.1069,157.06,-2.94,4.057,8.446,1.13,0.1,2.379
histogram,fixed,combined,82,1,0,0.1069,157.06,-2.94,4.093,7.418,1.133,0.098,1.349
histogram,fixed,combined,83,1,0,0.0833,157.33,-2.67,4.351,7.674,1.137,0.097,1.353
histogram,fixed,combined,84,1,0,0.0819,158.43,-1.57,4.199,7.344,1.147,0.098,1.087
histogram,fixed,combined,85,1,0,0.0764,158.79,-1.21,4.29,7.339,1.134,0.096,1.072
histogram,fixed,combined,86,1,0,0.0764,158.79,-1.21,4.2,7.335,1.136,0.103,1.077
histogram,fixed,combined,87,1,0,0.0833,159.08,-0.92,4.256,7.364,1.179,0.102,1.079
histogram,fixed,combined,88,1,0,0.0833,159.08,-0.92,4.256,7.397,1.191,0.111,1.084
histogram,fixed,combined,89,1,0,0.0736,159.07,-0.93,4.288,7.635,1.136,0.095,1.354
histogram,fixed,combined,90,1,0,0.0736,159.07,-0.93,4.338,7.731,1.129,0.096,1.418
histogram,fixed,combined,91,1,0,0.0764,158.8,-1.2,4.24,7.625,1.135,0.1,1.377
histogram,fixed,combined,92,1,0,0.0764,158.8,-1.2,4.189,8.575,1.134,0.097,2.421
histogram,fixed,combined,93,1,0,0.0764,159.1,-0.9,4.291,7.501,1.135,0.099,1.23
histogram,fixed,combined,94,1,0,0.0764,158.25,-1.75,4.147,8.432,1.14,0.092,2.311
histogram,fixed,combined,95,1,0,0.0764,158.25,-1.75,4.225,7.58,1.127,0.096,1.386
histogram,fixed,combined,96,1,0,0.0806,151.9,-8.1,4.755,8.478,1.14,0.099,1.747
histogram,fixed,combined,97,1,0,0.0764,157.38,-2.62,4.305,7.64,1.132,0.101,1.346
histogram,fixed,combined,98,1,0,0.0764,157.38,-2.62,3.88,6.953,1.081,0.088,1.168
histogram,fixed,combined,99,1,0,0.0764,157.38,-2.62,3.827,6.545,0.993,0.094,0.97
histogram,fixed,combined,100,1,0,0.0806,158.97,-1.03,4.104,6.886,1.06,0.09,0.947
histogram,fixed,combined,101,1,0,0.0792,142.64,-17.36,4.063,6.86,0.987,0.144,0.962
histogram,fixed,combined,102,1,0,0.0667,146.51,-13.49,4.054,6.813,0.992,0.091,0.946
histogram,fixed,combined,103,1,0,0.0667,146.51,-13.49,4.081,7.006,0.988,0.092,1.172
histogram,fixed,combined,104,1,0,0.0639,148.75,-11.25,3.841,6.758,1.04,0.093,1.12
histogram,fixed,combined,105,1,0,0.0639,153.41,-6.59,4.188,7.081,0.978,0.091,1.156
histogram,fixed,combined,106,1,0,0.0639,153.41,-6.59,4.194,6.894,0.985,0.094,0.963
histogram,fixed,combined,107,1,0,0.0806,161.24,1.24,3.973,6.686,0.991,0.09,0.967
histogram,fixed,combined,108,1,0,0.0806,161.24,1.24,3.966,7.039,1.041,0.094,1.271
histogram,fixed,combined,109,1,0,0.0667,159.4,-0.6,3.823,6.626,0.99,0.092,1.04
histogram,fixed,combined,110,1,0,0.0667,159.4,-0.6,3.802,6.525,1.004,0.088,0.948
histogram,fixed,combined,111,1,0,0.0667,159.4,-0.6,3.794,6.603,1.04,0.098,0.968
histogram,fixed,combined,112,1,1,0.0467,157.42,-2.58,2.934,5.833,0.994,0.09,1.142
histogram,fixed,combined,113,1,1,0.0533,157.38,-2.62,3.375,6.456,1.137,0.097,1.094
histogram,fixed,combined,114,1,1,0.0533,157.38,-2.62,3.396,6.525,1.192,0.102,1.088
histogram,fixed,combined,115,1,0,0.0083,81.25,-78.75,4.365,7.534,1.134,0.096,1.104
histogram,fixed,combined,116,1,0,0.0083,81.25,-78.75,4.361,7.585,1.14,0.096,1.245
histogram,fixed,combined,117,1,1,0.0667,276.27,116.27,4.23,7.457,1.137,0.1,1.239
histogram,fixed,combined,118,1,1,0.075,282.08,122.08,4.207,7.46,1.147,0.098,1.195
histogram,fixed,combined,119,1,1,0.075,282.08,122.08,4.238,7.352,1.194,0.103,1.073
histogram,fixed,combined,120,1,0,0.0694,82.51,-77.49,4.342,7.486,1.2,0.118,1.078
histogram,fixed,combined,121,1,0,0.0069,80.96,-79.04,4.297,7.557,1.145,0.146,1.185
histogram,fixed,combined,122,1,0,0.0069,80.96,-79.04,4.31,7.65,1.144,0.097,1.317
histogram,fixed,combined,123,1,1,0.1042,140.65,-19.35,3.406,6.845,1.129,0.099,1.468
histogram,fixed,combined,124,1,1,0.1042,140.65,-19.35,3.472,6.561,1.141,0.096,1.102
histogram,fixed,combined,125,1,1,0.1275,210.21,50.21,3.692,6.822,1.184,0.105,1.101
histogram,fixed,combined,126,1,1,0.1483,140.69,-19.31,3.403,6.753,1.134,0.095,1.373
histogram,fixed,combined,127,1,1,0.1483,140.69,-19.31,3.311,6.536,1.128,0.119,1.174
histogram,fixed,combined,128,1,0,0.0917,175.12,15.12,4.411,7.571,1.209,0.1,1.112
histogram,fixed,combined,129,1,0,0.1653,162.93,2.93,4.546,7.855,1.364,0.104,1.097
histogram,fixed,combined,130,1,0,0.1653,162.93,2.93,4.469,7.593,1.183,0.1,1.094
histogram,fixed,combined,131,1,0,0.1667,159.2,-0.8,4.255,7.404,1.188,0.104,1.078
histogram,fixed,combined,132,1,0,0.1667,159.2,-0.8,4.209,7.47,1.145,0.098,1.267
histogram,fixed,combined,133,1,0,0.1597,156.68,-3.32,3.983,7.903,1.14,0.096,1.919
histogram,fixed,combined,134,1,0,0.1597,156.68,-3.32,3.898,7.059,1.152,0.096,1.159
histogram,fixed,combined,135,1,0,0.1597,156.68,-3.32,3.912,7.136,1.128,0.098,1.256
histogram,fixed,combined,136,1,0,0.1306,157.07,-2.93,3.981,7.104,1.14,0.109,1.07
histogram,fixed,combined,137,1,0,0.0264,155.46,-4.54,3.886,6.999,1.188,0.101,1.08
histogram,fixed,combined,138,1,0,0.0264,155.46,-4.54,4.0,7.284,1.137,0.097,1.307
histogram,fixed,combined,139,1,0,0.0264,155.46,-4.54,4.42,7.753,1.139,0.101,1.337
histogram,fixed,combined,140,1,0,0.0194,234.24,74.24,4.647,7.871,1.142,0.112,1.194
histogram,fixed,combined,141,1,0,0.0167,237.12,77.12,3.791,6.645,0.993,0.093,1.001
histogram,fixed,combined,142,1,1,0.075,176.22,16.22,3.05,5.932,0.997,0.09,1.119
histogram,fixed,combined,143,1,1,0.075,176.22,16.22,2.949,5.914,0.997,0.101,1.202
histogram,fixed,combined,144,1,1,0.0683,176.4,16.4,3.023,5.903,0.996,0.089,1.125
histogram,fixed,combined,145,1,1,0.0383,174.99,14.99,3.088,6.063,0.983,0.09,1.231
histogram,fixed,combined,146,1,1,0.02,179.83,19.83,2.721,5.467,0.99,0.089,0.977
histogram,fixed,combined,147,1,1,0.02,179.83,19.83,2.644,6.194,0.984,0.09,1.805
histogram,fixed,combined,148,1,1,0.0333,173.0,13.0,3.03,5.821,0.982,0.088,0.989
histogram,fixed,combined,149,1,1,0.045,161.71,1.71,2.668,5.472,0.989,0.095,1.053
histogram,fixed,combined,150,1,1,0.0542,174.06,14.06,3.62,6.756,1.043,0.139,1.257
histogram,fixed,combined,151,1,1,0.0542,174.06,14.06,3.115,6.229,1.028,0.134,1.186
histogram,fixed,combined,152,1,1,0.0625,172.06,12.06,3.145,5.985,0.99,0.091,1.091
histogram,fixed,combined,153,1,1,0.07,170.02,10.02,3.179,6.121,0.992,0.148,1.127
histogram,fixed,combined,154,1,1,0.07,170.02,10.02,3.175,5.911,1.0,0.098,0.963
histogram,fixed,combined,155,1,1,0.07,170.02,10.02,3.368,6.291,1.034,0.102,1.113
histogram,fixed,combined,156,1,1,0.075,174.85,14.85,3.478,6.429,1.06,0.174,1.026
histogram,fixed,combined,157,1,0,0.075,232.92,72.92,4.655,7.548,1.048,0.094,1.065
histogram,fixed,combined,158,1,0,0.075,232.92,72.92,4.631,7.745,1.194,0.102,1.064
histogram,fixed,combined,159,1,0,0.0417,233.65,73.65,4.742,7.868,1.197,0.112,1.066
histogram,fixed,combined,160,1,1,0.0858,184.11,24.11,4.149,7.395,1.19,0.103,1.153
histogram,fixed,combined,161,1,0,0.0069,229.15,69.15,4.296,7.658,1.211,0.129,1.219
histogram,fixed,combined,162,1,0,0.0069,229.15,69.15,4.322,7.656,1.131,0.097,1.343
histogram,fixed,combined,163,1,1,0.0875,187.73,27.73,3.451,7.037,1.141,0.095,1.609
histogram,fixed,combined,164,1,1,0.0875,187.73,27.73,3.427,6.507,1.138,0.096,1.101
histogram,fixed,combined,165,1,1,0.08,188.29,28.29,3.501,6.688,1.23,0.109,1.106
histogram,fixed,combined,166,1,1,0.0742,187.94,27.94,3.453,6.556,1.138,0.098,1.127
histogram,fixed,combined,167,1,1,0.0742,187.94,27.94,3.374,6.629,1.136,0.096,1.224
histogram,fixed,combined,168,1,1,0.0742,187.94,27.94,3.428,6.88,1.142,0.099,1.409
histogram,fixed,combined,169,1,1,0.0667,188.65,28.65,3.404,6.555,1.179,0.109,1.116
histogram,fixed,combined,170,1,1,0.0667,188.65,28.65,3.389,6.535,1.134,0.099,1.082
histogram,fixed,combined,171,1,1,0.0667,188.65,28.65,3.448,6.612,1.137,0.099,1.084
histogram,fixed,combined,172,1,1,0.0758,188.53,28.53,3.409,6.662,1.134,0.149,1.234
histogram,fixed,combined,173,1,1,0.085,188.31,28.31,3.322,6.872,1.135,0.099,1.577
histogram,fixed,combined,174,1,1,0.0925,187.29,27.29,3.437,6.61,1.129,0.099,1.206
histogram,fixed,combined,175,1,1,0.0925,187.29,27.29,3.499,6.641,1.193,0.105,1.101
histogram,fixed,combined,176,1,0,0.0236,236.17,76.17,4.35,7.459,1.133,0.097,1.137
histogram,fixed,combined,177,1,0,0.0542,234.9,74.9,4.547,7.678,1.134,0.1,1.085
histogram,fixed,combined,178,1,0,0.0542,234.9,74.9,4.582,7.793,1.139,0.096,1.223
histogram,fixed,combined,179,1,0,0.0542,234.9,74.9,4.569,7.765,1.139,0.1,1.222
histogram,fixed,combined,180,1,1,0.1042,196.33,36.33,3.444,6.522,1.136,0.104,1.09
histogram,fixed,combined,181,1,1,0.1017,196.73,36.73,3.429,6.602,1.178,0.104,1.111
histogram,fixed,combined,182,1,1,0.0933,197.17,37.17,3.466,6.961,1.145,0.094,1.513
histogram,fixed,combined,183,1,1,0.0933,197.17,37.17,3.416,6.485,1.132,0.099,1.097
histogram,fixed,combined,184,1,1,0.085,197.01,37.01,3.412,6.686,1.186,0.1,1.247
histogram,fixed,combined,185,1,0,0.0153,155.28,-4.72,4.001,7.162,1.158,0.106,1.134
histogram,fixed,combined,186,1,0,0.1069,157.75,-2.25,4.199,7.308,1.128,0.096,1.134
histogram,fixed,combined,187,1,0,0.1069,157.75,-2.25,4.126,7.204,1.132,0.097,1.105
histogram,fixed,combined,188,1,0,0.0542,156.23,-3.77,3.99,7.242,1.145,0.093,1.199
histogram,fixed,combined,189,1,0,0.0347,155.98,-4.02,3.986,7.114,1.19,0.101,1.085
histogram,fixed,combined,190,1,0,0.0347,155.98,-4.02,3.957,7.078,1.144,0.153,1.085
histogram,fixed,combined,191,1,0,0.0347,155.98,-4.02,3.991,7.169,1.138,0.096,1.163
histogram,fixed,combined,192,1,0,0.0597,155.86,-4.14,4.018,7.223,1.137,0.098,1.231
histogram,fixed,combined,193,1,0,0.0528,155.83,-4.17,3.978,7.038,1.127,0.099,1.077
histogram,fixed,combined,194,1,0,0.0583,155.81,-4.19,3.985,7.079,1.188,0.1,1.063
histogram,fixed,combined,195,1,0,0.0583,155.81,-4.19,3.991,7.093,1.133,0.15,1.083
histogram,fixed,combined,196,1,0,0.0139,155.24,-4.76,4.035,7.15,1.141,0.096,1.131
histogram,fixed,combined,197,1,1,0.0875,177.28,17.28,3.445,6.506,1.14,0.097,1.073
histogram,fixed,combined,198,1,1,0.0875,177.28,17.28,3.442,6.553,1.19,0.1,1.083
histogram,fixed,combined,199,1,1,0.0792,178.75,18.75,3.387,6.671,1.136,0.11,1.29
histogram,fixed,combined,200,1,1,0.0792,178.75,18.75,3.037,5.972,1.132,0.097,0.972
histogram,fixed,combined,201,1,1,0.0858,178.29,18.29,3.077,5.852,1.035,0.099,0.926
histogram,fixed,combined,202,1,1,0.0833,178.37,18.37,3.063,5.89,0.996,0.09,1.062
histogram,fixed,combined,203,1,1,0.0833,178.37,18.37,3.032,5.813,0.988,0.13,0.99
histogram,fixed,combined,204,1,1,0.0792,177.53,17.53,3.11,5.827,0.988,0.091,0.967
histogram,fixed,combined,205,1,1,0.0792,178.13,18.13,3.028,5.882,0.993,0.089,1.101
histogram,fixed,combined,206,1,1,0.0792,178.13,18.13,3.029,5.78,0.985,0.091,1.011
histogram,fixed,combined,207,1,1,0.0908,178.33,18.33,3.005,6.144,0.988,0.089,1.407
histogram,fixed,combined,208,1,1,0.0892,178.3,18.3,3.001,5.698,0.99,0.089,0.939
histogram,fixed,combined,209,1,1,0.0975,178.16,18.16,2.932,5.936,0.986,0.091,1.259
histogram,fixed,combined,210,1,1,0.0975,178.16,18.16,3.019,5.771,0.985,0.1,0.937
histogram,fixed,combined,211,1,1,0.0983,178.58,18.58,2.94,5.823,0.992,0.089,1.106
histogram,fixed,combined,212,1,1,0.0983,178.58,18.58,3.001,5.76,0.986,0.091,0.937
histogram,fixed,combined,213,1,1,0.1025,141.23,-18.77,3.228,6.051,0.993,0.097,1.06
histogram,fixed,combined,214,1,1,0.1025,141.23,-18.77,3.298,6.049,0.983,0.088,0.937
histogram,fixed,combined,215,1,0,0.0625,147.44,-12.56,4.764,7.612,0.988,0.092,1.1
histogram,fixed,combined,216,1,0,0.0694,155.87,-4.13,4.384,7.336,0.989,0.095,1.194
histogram,fixed,combined,217,1,0,0.0667,159.61,-0.39,4.626,7.79,1.143,0.097,1.173
histogram,fixed,combined,218,1,0,0.0694,157.07,-2.93,4.123,7.241,1.151,0.1,1.095
histogram,fixed,combined,219,1,0,0.0694,157.07,-2.93,4.079,7.239,1.134,0.096,1.121
histogram,fixed,combined,220,1,0,0.0444,156.08,-3.92,3.988,7.131,1.218,0.111,1.062
histogram,fixed,combined,221,1,1,0.2125,173.07,13.07,3.467,6.62,1.192,0.101,1.08
histogram,fixed,combined,222,1,1,0.2125,173.07,13.07,3.44,6.599,1.132,0.097,1.181
histogram,fixed,combined,223,1,0,0.0417,156.47,-3.53,4.056,7.234,1.133,0.095,1.151
histogram,fixed,combined,224,1,0,0.0417,156.47,-3.53,4.144,7.269,1.197,0.101,1.077
histogram,fixed,combined,225,1,0,0.0764,159.6,-0.4,4.441,7.7,1.192,0.103,1.215
histogram,fixed,combined,226,1,0,0.0764,159.6,-0.4,4.427,7.583,1.132,0.096,1.172
histogram,fixed,combined,227,1,0,0.0833,160.98,0.98,4.504,7.709,1.134,0.099,1.217
histogram,fixed,combined,228,1,0,0.0833,160.98,0.98,4.493,7.685,1.139,0.096,1.21
histogram,fixed,combined,229,1,0,0.0833,160.39,0.39,4.309,7.502,1.129,0.118,1.207
histogram,fixed,combined,230,1,0,0.0833,160.41,0.41,4.271,7.454,1.144,0.102,1.117
histogram,fixed,combined,231,1,0,0.0833,160.41,0.41,4.271,7.43,1.127,0.102,1.156
histogram,fixed,combined,232,1,0,0.0847,160.42,0.42,4.261,7.432,1.139,0.095,1.131
histogram,fixed,combined,233,1,0,0.0847,162.32,2.32,4.439,7.707,1.181,0.098,1.243
histogram,fixed,combined,234,1,0,0.0833,160.41,0.41,4.427,7.716,1.2,0.101,1.244
histogram,fixed,combined,235,1,0,0.0833,160.41,0.41,4.287,7.616,1.189,0.108,1.275
histogram,fixed,combined,236,1,0,0.0847,160.52,0.52,4.266,7.451,1.198,0.099,1.136
histogram,fixed,combined,237,1,0,0.0847,161.53,1.53,4.427,7.622,1.137,0.1,1.2
histogram,fixed,combined,238,1,0,0.0847,161.53,1.53,4.377,7.75,1.132,0.099,1.4
histogram,fixed,combined,239,1,0,0.0861,160.46,0.46,4.299,7.743,1.143,0.098,1.46
histogram,fixed,combined,240,1,0,0.0861,160.46,0.46,4.278,7.511,1.136,0.105,1.242
histogram,fixed,combined,241,1,0,0.0847,161.58,1.58,4.361,7.719,1.137,0.097,1.344
histogram,fixed,combined,242,1,0,0.0861,161.87,1.87,4.434,7.582,1.148,0.107,1.144
histogram,fixed,combined,243,1,0,0.0861,161.87,1.87,4.468,7.587,1.125,0.098,1.15
histogram,fixed,combined,244,1,0,0.0861,162.26,2.26,4.351,7.632,1.129,0.094,1.298
histogram,fixed,combined,245,1,0,0.0875,162.24,2.24,4.387,7.687,1.141,0.096,1.248
histogram,fixed,combined,246,1,0,0.0875,162.24,2.24,4.417,7.725,1.146,0.1,1.252
histogram,fixed,combined,247,1,0,0.0847,160.52,0.52,4.263,8.404,2.002,0.128,1.263
histogram,fixed,combined,248,1,0,0.0847,160.52,0.52,4.306,7.616,1.142,0.095,1.256
histogram,fixed,combined,249,1,0,0.0861,160.51,0.51,4.28,7.474,1.132,0.099,1.154
histogram,fixed,combined,250,1,0,0.0861,160.51,0.51,4.416,7.596,1.185,0.102,1.147
histogram,fixed,combined,251,1,0,0.0847,161.89,1.89,4.353,7.683,1.183,0.11,1.255
histogram,fixed,combined,252,1,0,0.0847,161.89,1.89,4.422,7.598,1.18,0.102,1.141
histogram,fixed,combined,253,1,0,0.0861,162.28,2.28,4.374,7.731,1.128,0.1,1.371
histogram,fixed,combined,254,1,0,0.0861,162.28,2.28,4.398,7.665,1.13,0.095,1.303
histogram,fixed,combined,255,1,0,0.0861,162.28,2.28,4.402,7.715,1.128,0.111,1.337
histogram,fixed,combined,256,1,0,0.0861,160.53,0.53,4.254,7.462,1.143,0.096,1.215
histogram,fixed,combined,257,1,0,0.0847,160.45,0.45,4.259,7.761,1.139,0.097,1.531
histogram,fixed,combined,258,1,0,0.0847,160.45,0.45,4.331,7.444,1.134,0.095,1.138
histogram,fixed,combined,259,1,0,0.0861,166.32,6.32,4.589,7.772,1.135,0.095,1.15
histogram,fixed,combined,260,1,0,0.0875,162.27,2.27,4.363,7.584,1.127,0.095,1.26
histogram,fixed,combined,261,1,0,0.0861,161.85,1.85,4.408,7.758,1.142,0.1,1.263
histogram,fixed,combined,262,1,0,0.0861,161.85,1.85,4.365,7.673,1.145,0.095,1.253
histogram,fixed,combined,263,1,0,0.0861,162.23,2.23,4.422,7.732,1.192,0.105,1.267
histogram,fixed,combined,264,1,0,0.0861,162.23,2.23,4.387,7.558,1.182,0.1,1.151
histogram,fixed,combined,265,1,0,0.0861,161.78,1.78,4.574,7.765,1.186,0.103,1.153
histogram,fixed,combined,266,1,0,0.0861,161.78,1.78,4.377,7.544,1.18,0.107,1.135
histogram,fixed,combined,267,1,0,0.0875,162.22,2.22,4.389,7.558,1.135,0.097,1.196
histogram,fixed,combined,268,1,0,0.0875,162.22,2.22,4.382,7.78,1.147,0.109,1.392
histogram,fixed,combined,269,1,0,0.0875,162.28,2.28,4.388,7.57,1.126,0.098,1.222
histogram,fixed,combined,270,1,0,0.0875,162.28,2.28,4.425,7.736,1.125,0.101,1.33
histogram,fixed,combined,271,1,0,0.0875,162.29,2.29,4.421,7.677,1.14,0.101,1.223
histogram,fixed,combined,272,1,0,0.0875,162.29,2.29,4.409,7.636,1.136,0.096,1.149
histogram,fixed,combined,273,1,0,0.0861,166.31,6.31,4.615,7.739,1.128,0.096,1.151
histogram,fixed,combined,274,1,0,0.0861,162.24,2.24,4.46,7.564,1.136,0.095,1.128
histogram,fixed,combined,275,1,0,0.0861,162.24,2.24,4.357,7.664,1.131,0.098,1.271
histogram,fixed,combined,276,1,0,0.0861,162.27,2.27,4.406,7.71,1.151,0.102,1.141
histogram,fixed,combined,277,1,0,0.0875,162.24,2.24,4.363,7.66,1.2,0.096,1.261
histogram,fixed,combined,278,1,0,0.0875,160.46,0.46,4.37,7.555,1.192,0.101,1.139
histogram,fixed,combined,279,1,0,0.0875,160.46,0.46,4.294,7.578,1.181,0.105,1.259
histogram,fixed,combined,280,1,0,0.0861,166.33,6.33,4.57,7.865,1.187,0.102,1.257
histogram,fixed,combined,281,1,0,0.0861,162.25,2.25,4.787,8.14,1.182,0.11,1.253
histogram,fixed,combined,282,1,0,0.0861,160.49,0.49,4.508,7.825,1.249,0.136,1.144
histogram,fixed,combined,283,1,0,0.0861,160.49,0.49,4.278,7.499,1.203,0.113,1.155
histogram,fixed,combined,284,1,0,0.0875,162.25,2.25,4.375,7.686,1.146,0.096,1.321
histogram,fixed,combined,285,1,0,0.0847,160.48,0.48,4.246,7.801,1.137,0.098,1.575
histogram,fixed,combined,286,1,0,0.0861,162.26,2.26,4.402,7.747,1.133,0.101,1.367
histogram,fixed,combined,287,1,0,0.0861,162.26,2.26,4.417,7.675,1.138,0.097,1.275
histogram,fixed,combined,288,1,0,0.0875,162.28,2.28,5.287,8.601,1.146,0.095,1.319
histogram,fixed,combined,289,1,0,0.0875,162.25,2.25,4.371,7.845,1.179,0.168,1.358
histogram,fixed,combined,290,1,0,0.0875,162.25,2.25,4.462,7.757,1.146,0.096,1.313
histogram,fixed,combined,291,1,0,0.0875,162.26,2.26,4.474,7.823,1.136,0.099,1.338
histogram,fixed,combined,292,1,0,0.0889,162.3,2.3,4.485,7.692,1.137,0.096,1.22
histogram,fixed,combined,293,1,0,0.0875,162.26,2.26,4.471,7.657,1.129,0.097,1.212
histogram,fixed,combined,294,1,0,0.0875,162.26,2.26,4.395,7.717,1.143,0.112,1.315
histogram,fixed,combined,295,1,0,0.0861,160.49,0.49,4.487,7.705,1.124,0.098,1.248
histogram,fixed,combined,296,1,0,0.0875,162.2,2.2,4.463,7.63,1.159,0.104,1.132
histogram,fixed,combined,297,1,0,0.0875,160.45,0.45,4.266,7.391,1.127,0.097,1.151
histogram,fixed,combined,298,1,0,0.0875,160.45,0.45,4.273,7.467,1.139,0.099,1.135
histogram,fixed,combined,299,1,0,0.0861,162.23,2.23,4.404,7.565,1.175,0.104,1.14
histogram,fixed,combined,300,1,0,0.0861,162.23,2.23,4.38,7.571,1.18,0.116,1.158
histogram,fixed,combined,301,1,0,0.0861,162.31,2.31,4.387,7.616,1.188,0.103,1.163
histogram,fixed,combined,302,1,0,0.0861,166.33,6.33,4.526,7.858,1.136,0.097,1.339
histogram,fixed,combined,303,1,0,0.0861,166.33,6.33,4.574,7.968,1.156,0.098,1.39
histogram,fixed,combined,304,1,0,0.0861,162.25,2.25,4.426,7.701,1.135,0.097,1.299
histogram,fixed,combined,305,1,0,0.0875,162.22,2.22,4.383,7.591,1.152,0.096,1.221
histogram,fixed,combined,306,1,0,0.0875,162.22,2.22,4.419,7.747,1.145,0.099,1.336
histogram,fixed,combined,307,1,0,0.0875,162.22,2.22,4.415,7.76,1.138,0.098,1.365
histogram,fixed,combined,308,1,0,0.0903,165.91,5.91,4.561,7.753,1.132,0.096,1.212
histogram,fixed,combined,309,1,0,0.0625,159.58,-0.42,4.241,7.411,1.138,0.097,1.125
histogram,fixed,combined,310,1,0,0.0847,160.93,0.93,4.289,7.415,1.14,0.096,1.136
histogram,fixed,combined,311,1,0,0.0847,160.93,0.93,4.243,7.514,1.123,0.099,1.211
histogram,fixed,combined,312,1,0,0.0847,161.22,1.22,4.293,7.51,1.141,0.098,1.169
histogram,fixed,combined,313,1,0,0.0847,161.23,1.23,4.312,7.463,1.181,0.115,1.118
histogram,fixed,combined,314,1,0,0.0847,161.23,1.23,4.331,7.473,1.186,0.103,1.11
histogram,fixed,combined,315,1,0,0.0903,160.43,0.43,4.253,7.657,1.14,0.097,1.405
histogram,fixed,combined,316,1,0,0.0903,161.31,1.31,4.34,7.614,1.143,0.095,1.297
histogram,fixed,combined,317,1,0,0.0903,160.49,0.49,4.329,7.509,1.135,0.103,1.202
histogram,fixed,combined,318,1,0,0.0903,160.49,0.49,4.231,7.405,1.135,0.096,1.185
histogram,fixed,combined,319,1,0,0.0903,160.41,0.41,4.392,7.494,1.127,0.101,1.137
histogram,fixed,combined,320,1,0,0.0903,161.12,1.12,4.274,7.359,1.132,0.094,1.111
histogram,fixed,combined,321,1,0,0.0903,161.96,1.96,4.417,7.765,1.145,0.097,1.256
histogram,fixed,combined,322,1,0,0.0903,161.96,1.96,4.346,7.527,1.189,0.099,1.14
histogram,fixed,combined,323,1,0,0.0903,161.93,1.93,4.361,7.547,1.183,0.104,1.155
histogram,fixed,combined,324,1,0,0.0903,161.93,1.93,4.337,7.534,1.193,0.115,1.147
histogram,fixed,combined,325,1,0,0.0903,161.93,1.93,4.345,7.513,1.129,0.099,1.197
histogram,fixed,combined,326,1,0,0.0903,161.93,1.93,4.342,7.987,1.133,0.097,1.681
histogram,fixed,combined,327,1,0,0.0903,162.36,2.36,4.331,7.715,1.129,0.101,1.397
histogram,fixed,combined,328,1,0,0.0903,162.36,2.36,4.418,7.718,1.135,0.098,1.333
histogram,fixed,combined,329,1,0,0.0903,160.6,0.6,4.27,7.6,1.144,0.096,1.342
histogram,fixed,combined,330,1,0,0.0903,160.6,0.6,4.327,7.544,1.139,0.105,1.139
histogram,fixed,combined,331,1,0,0.0903,160.58,0.58,4.311,7.477,1.138,0.096,1.15
histogram,fixed,combined,332,1,0,0.0903,160.58,0.58,4.308,7.536,1.127,0.096,1.263
histogram,fixed,combined,333,1,0,0.0903,160.54,0.54,4.248,7.57,1.138,0.103,1.258
histogram,fixed,combined,334,1,0,0.0903,160.54,0.54,4.246,7.426,1.201,0.1,1.124
histogram,fixed,combined,335,1,0,0.0903,160.49,0.49,3.965,7.301,1.195,0.108,1.273
histogram,fixed,combined,336,1,0,0.0903,160.48,0.48,3.783,6.683,0.988,0.088,1.143
histogram,fixed,combined,337,1,0,0.0903,160.48,0.48,3.778,6.591,0.99,0.093,1.014
histogram,fixed,combined,338,1,0,0.0903,160.48,0.48,3.72,6.65,0.994,0.088,1.116
histogram,fixed,combined,339,1,0,0.0903,160.5,0.5,3.819,6.795,0.989,0.091,1.206
histogram,fixed,combined,340,1,0,0.0903,160.5,0.5,3.701,6.519,0.978,0.093,1.015
histogram,fixed,combined,341,1,0,0.0903,160.49,0.49,3.766,6.741,0.983,0.089,1.131
histogram,fixed,combined,342,1,0,0.0903,160.49,0.49,3.754,6.686,1.033,0.1,1.128
histogram,fixed,combined,343,1,0,0.0903,160.5,0.5,3.692,6.504,0.98,0.091,1.013
histogram,fixed,combined,344,1,0,0.0903,160.51,0.51,3.837,6.669,0.987,0.089,1.011
histogram,fixed,combined,345,1,0,0.0903,160.47,0.47,3.768,6.608,1.039,0.103,1.03
histogram,fixed,combined,346,1,0,0.0903,160.47,0.47,3.655,6.567,0.992,0.088,1.106
histogram,fixed,combined,347,1,0,0.0903,160.48,0.48,3.753,6.711,0.99,0.098,1.13
histogram,fixed,combined,348,1,0,0.0903,160.48,0.48,3.767,6.576,1.036,0.095,1.01
histogram,fixed,combined,349,1,0,0.0903,160.49,0.49,4.355,7.396,0.991,0.092,1.241
histogram,fixed,combined,350,1,0,0.0903,160.46,0.46,4.338,7.432,1.002,0.131,1.178
histogram,fixed,combined,351,1,0,0.0903,160.46,0.46,4.297,7.569,1.125,0.097,1.272
histogram,fixed,combined,352,1,0,0.0903,160.51,0.51,4.205,7.529,1.133,0.1,1.294
histogram,fixed,combined,353,1,0,0.0903,160.48,0.48,4.232,7.537,1.132,0.099,1.262
histogram,fixed,combined,354,1,0,0.0903,160.51,0.51,4.245,7.59,1.217,0.12,1.265
histogram,fixed,combined,355,1,0,0.0903,160.51,0.51,4.245,7.459,1.187,0.13,1.16
histogram,fixed,combined,356,1,0,0.0903,160.45,0.45,4.258,7.692,1.129,0.153,1.418
histogram,fixed,combined,357,1,0,0.0903,160.53,0.53,4.237,7.545,1.142,0.1,1.324
histogram,fixed,combined,358,1,0,0.0903,160.49,0.49,4.303,7.64,1.144,0.093,1.365
histogram,fixed,combined,359,1,0,0.0903,160.49,0.49,4.263,7.592,1.13,0.102,1.344
histogram,fixed,combined,360,1,0,0.0903,160.5,0.5,4.282,7.483,1.142,0.098,1.134
histogram,otsu,combined,0,1,0,0.2167,159.35,-0.65,4.476,8.206,1.144,0.437,1.404
histogram,otsu,combined,1,1,0,0.1972,159.21,-0.79,4.368,7.893,1.139,0.443,1.196
histogram,otsu,combined,2,1,0,0.2028,159.31,-0.69,3.91,7.361,1.146,0.43,1.142
histogram,otsu,combined,3,1,0,0.2028,159.31,-0.69,3.924,6.923,0.991,0.374,0.946
histogram,otsu,combined,4,1,0,0.1986,159.32,-0.68,3.879,6.961,0.989,0.373,0.975
histogram,otsu,combined,5,1,0,0.2083,159.31,-0.69,3.943,6.996,1.037,0.377,0.955
histogram,otsu,combined,6,1,0,0.2083,159.31,-0.69,3.874,7.002,0.992,0.375,1.087
histogram,otsu,combined,7,1,0,0.1958,159.27,-0.73,3.877,7.067,0.981,0.37,1.172
histogram,otsu,combined,8,1,0,0.1986,159.28,-0.72,3.856,6.947,0.997,0.384,0.966
histogram,otsu,combined,9,1,0,0.1986,159.26,-0.74,3.844,7.136,1.036,0.383,1.158
histogram,otsu,combined,10,1,0,0.1986,159.26,-0.74,3.944,7.009,1.004,0.376,1.017
histogram,otsu,combined,11,1,0,0.1986,159.31,-0.69,3.881,6.925,0.984,0.372,0.951
histogram,otsu,combined,12,1,0,0.1958,159.3,-0.7,3.999,7.199,0.989,0.375,1.157
histogram,otsu,combined,13,1,0,0.1958,159.3,-0.7,3.837,6.891,1.047,0.382,0.957
histogram,otsu,combined,14,1,0,0.1958,159.3,-0.7,3.85,6.908,1.001,0.417,0.963
histogram,otsu,combined,15,1,0,0.1958,159.32,-0.68,3.831,6.905,0.999,0.377,1.022
histogram,otsu,combined,16,1,0,0.1958,159.32,-0.68,4.072,7.072,0.992,0.372,0.956
histogram,otsu,combined,17,1,0,0.1958,159.25,-0.75,4.446,7.913,1.197,0.432,1.087
histogram,otsu,combined,18,1,0,0.1986,159.31,-0.69,4.42,7.886,1.193,0.431,1.093
histogram,otsu,combined,19,1,0,0.1958,159.31,-0.69,4.431,7.926,1.197,0.436,1.082
histogram,otsu,combined,20,1,0,0.1958,159.31,-0.69,4.369,7.852,1.202,0.433,1.096
histogram,otsu,combined,21,1,0,0.1958,159.29,-0.71,4.407,8.762,1.984,0.455,1.11
histogram,otsu,combined,22,1,0,0.1958,159.27,-0.73,4.435,8.046,1.14,0.427,1.298
histogram,otsu,combined,23,1,0,0.1958,159.27,-0.73,4.476,7.868,1.133,0.433,1.083
histogram,otsu,combined,24,1,0,0.1986,159.29,-0.71,4.448,8.082,1.144,0.426,1.306
histogram,otsu,combined,25,1,0,0.1958,159.25,-0.75,4.497,7.884,1.134,0.43,1.079
histogram,otsu,combined,26,1,0,0.1958,159.25,-0.75,4.429,8.053,1.129,0.429,1.319
histogram,otsu,combined,27,1,0,0.1958,159.25,-0.75,4.519,8.119,1.129,0.434,1.289
histogram,otsu,combined,28,1,0,0.1958,159.27,-0.73,4.426,8.119,1.138,0.432,1.308
histogram,otsu,combined,29,1,0,0.1958,159.27,-0.73,4.456,7.966,1.14,0.43,1.081
histogram,otsu,combined,30,1,0,0.2083,159.37,-0.63,4.388,7.874,1.142,0.429,1.094
histogram,otsu,combined,31,1,0,0.2083,159.37,-0.63,4.44,7.906,1.128,0.431,1.077
histogram,otsu,combined,32,1,0,0.1986,159.19,-0.81,4.391,8.101,1.135,0.429,1.403
histogram,otsu,combined,33,1,0,0.1986,159.32,-0.68,4.392,8.108,1.135,0.432,1.398
histogram,otsu,combined,34,1,0,0.1986,159.32,-0.68,4.455,7.917,1.139,0.431,1.148
histogram,otsu,combined,35,1,0,0.2097,159.31,-0.69,4.403,7.873,1.138,0.431,1.156
histogram,otsu,combined,36,1,0,0.2097,159.31,-0.69,4.401,7.893,1.137,0.442,1.17
histogram,otsu,combined,37,1,0,0.2042,159.26,-0.74,4.413,7.878,1.131,0.427,1.156
histogram,otsu,combined,38,1,0,0.2042,159.26,-0.74,4.403,7.908,1.15,0.44,1.162
histogram,otsu,combined,39,1,0,0.1986,159.33,-0.67,4.434,7.943,1.139,0.429,1.16
histogram,otsu,combined,40,1,0,0.1986,159.33,-0.67,4.418,8.16,1.146,0.431,1.415
histogram,otsu,combined,41,1,0,0.2056,159.29,-0.71,4.396,7.925,1.132,0.434,1.216
histogram,otsu,combined,42,1,0,0.1958,159.17,-0.83,4.39,8.278,1.133,0.431,1.606
histogram,otsu,combined,43,1,0,0.1986,159.29,-0.71,4.397,7.897,1.133,0.428,1.187
histogram,otsu,combined,44,1,0,0.1986,159.29,-0.71,4.449,8.443,1.137,0.432,1.678
histogram,otsu,combined,45,1,0,0.1958,159.17,-0.83,4.354,8.078,1.142,0.43,1.405
histogram,otsu,combined,46,1,0,0.1958,159.17,-0.83,4.348,8.032,1.139,0.477,1.325
histogram,otsu,combined,47,1,0,0.1958,159.32,-0.68,4.392,7.836,1.128,0.48,1.087
histogram,otsu,combined,48,1,0,0.1958,159.32,-0.68,4.488,8.19,1.137,0.477,1.328
histogram,otsu,combined,49,1,0,0.1958,159.2,-0.8,4.357,8.081,1.139,0.48,1.325
histogram,otsu,combined,50,1,0,0.1958,159.2,-0.8,4.441,8.141,1.188,0.433,1.334
histogram,otsu,combined,51,1,0,0.1958,159.28,-0.72,4.401,8.093,1.183,0.44,1.323
histogram,otsu,combined,52,1,0,0.1972,159.24,-0.76,4.476,7.987,1.2,0.437,1.096
histogram,otsu,combined,53,1,0,0.1972,159.24,-0.76,4.545,8.667,1.355,0.511,1.463
histogram,otsu,combined,54,1,0,0.1958,159.27,-0.73,4.415,7.869,1.133,0.432,1.074
histogram,otsu,combined,55,1,0,0.1958,159.25,-0.75,4.369,8.045,1.127,0.432,1.303
histogram,otsu,combined,56,1,0,0.1958,159.25,-0.75,4.469,7.951,1.148,0.425,1.087
histogram,otsu,combined,57,1,0,0.1958,159.27,-0.73,5.275,8.756,1.143,0.429,1.091
histogram,otsu,combined,58,1,0,0.1958,159.27,-0.73,4.654,9.177,2.138,0.458,1.168
histogram,otsu,combined,59,1,0,0.1958,159.27,-0.73,4.403,8.133,1.137,0.427,1.375
histogram,otsu,combined,60,1,0,0.1986,159.32,-0.68,4.46,7.929,1.144,0.43,1.149
histogram,otsu,combined,61,1,0,0.1986,159.29,-0.71,4.438,7.912,1.148,0.431,1.151
histogram,otsu,combined,62,1,0,0.1986,159.29,-0.71,4.408,7.873,1.152,0.432,1.124
histogram,otsu,combined,63,1,0,0.1986,159.37,-0.63,4.378,7.859,1.133,0.433,1.16
histogram,otsu,combined,64,1,0,0.1986,159.37,-0.63,4.417,8.132,1.149,0.43,1.39
histogram,otsu,combined,65,1,0,0.1944,159.23,-0.77,4.392,7.903,1.145,0.474,1.14
histogram,otsu,combined,66,1,0,0.1944,159.23,-0.77,4.221,7.904,1.153,0.43,1.352
histogram,otsu,combined,67,1,0,0.1986,159.3,-0.7,3.888,6.995,0.984,0.377,1.069
histogram,otsu,combined,68,1,0,0.1986,159.26,-0.74,3.873,6.849,0.983,0.378,0.947
histogram,otsu,combined,69,1,0,0.2167,159.45,-0.55,3.901,7.057,1.014,0.388,0.967
histogram,otsu,combined,70,1,0,0.2028,159.39,-0.61,3.889,6.971,1.042,0.38,0.979
histogram,otsu,combined,71,1,0,0.2028,159.39,-0.61,3.973,7.084,0.987,0.376,1.053
histogram,otsu,combined,72,1,0,0.2403,159.93,-0.07,3.889,6.983,0.99,0.377,0.991
histogram,otsu,combined,73,1,0,0.2306,159.79,-0.21,3.955,6.943,0.981,0.375,0.959
histogram,otsu,combined,74,1,0,0.225,159.66,-0.34,3.905,6.951,1.046,0.376,0.951
histogram,otsu,combined,75,1,0,0.225,159.66,-0.34,3.88,7.102,0.987,0.378,1.205
histogram,otsu,combined,76,1,0,0.2333,159.81,-0.19,3.922,7.008,1.002,0.382,1.03
histogram,otsu,combined,77,1,0,0.3028,160.64,0.64,3.975,6.974,0.982,0.375,0.977
histogram,otsu,combined,78,1,0,0.3028,160.64,0.64,3.997,7.221,1.054,0.375,1.122
histogram,otsu,combined,79,1,0,0.3028,160.64,0.64,3.964,7.188,1.028,0.381,1.112
histogram,otsu,combined,80,1,0,0.4667,159.83,-0.17,4.006,7.06,0.992,0.37,1.013
histogram,otsu,combined,81,1,0,0.4931,160.02,0.02,4.488,7.97,1.139,0.43,1.163
histogram,otsu,combined,82,1,0,0.4931,160.02,0.02,4.538,7.995,1.139,0.429,1.137
histogram,otsu,combined,83,1,0,0.3458,159.98,-0.02,4.412,7.921,1.143,0.43,1.196
histogram,otsu,combined,84,1,0,0.2833,160.3,0.3,4.469,8.136,1.146,0.429,1.356
histogram,otsu,combined,85,1,0,0.2806,160.22,0.22,4.435,7.928,1.141,0.431,1.18
histogram,otsu,combined,86,1,0,0.2806,160.22,0.22,4.437,7.939,1.147,0.429,1.183
histogram,otsu,combined,87,1,0,0.3167,160.28,0.28,4.408,8.11,1.151,0.435,1.361
histogram,otsu,combined,88,1,0,0.3167,160.28,0.28,4.432,7.893,1.136,0.428,1.156
histogram,otsu,combined,89,1,0,0.225,160.16,0.16,4.44,8.206,1.144,0.438,1.359
histogram,otsu,combined,90,1,0,0.225,160.16,0.16,4.44,7.876,1.138,0.424,1.125
histogram,otsu,combined,91,1,0,0.1556,160.22,0.22,4.429,8.08,1.137,0.44,1.334
histogram,otsu,combined,92,1,0,0.1556,160.22,0.22,4.441,7.901,1.146,0.427,1.14
histogram,otsu,combined,93,1,0,0.1514,159.61,-0.39,4.457,8.182,1.134,0.428,1.409
histogram,otsu,combined,94,1,0,0.1431,159.55,-0.45,4.417,8.043,1.135,0.475,1.266
histogram,otsu,combined,95,1,0,0.1431,159.55,-0.45,4.439,7.887,1.129,0.479,1.091
histogram,otsu,combined,96,1,0,0.1375,152.66,-7.34,4.669,8.09,1.135,0.481,1.073
histogram,otsu,combined,97,1,0,0.1597,158.91,-1.09,4.298,8.24,1.136,0.479,1.58
histogram,otsu,combined,98,1,0,0.1597,158.91,-1.09,4.338,7.974,1.183,0.434,1.276
histogram,otsu,combined,99,1,0,0.1597,158.91,-1.09,4.317,7.836,1.174,0.437,1.124
histogram,otsu,combined,100,1,0,0.15,158.01,-1.99,4.212,7.86,1.191,0.435,1.28
histogram,otsu,combined,101,1,0,0.1611,154.89,-5.11,4.36,7.913,1.213,0.483,1.107
histogram,otsu,combined,102,1,0,0.1819,146.65,-13.35,4.382,7.848,1.199,0.436,1.088
histogram,otsu,combined,103,1,0,0.1819,146.65,-13.35,4.439,8.114,1.13,0.483,1.317
histogram,otsu,combined,104,1,0,0.2528,150.21,-9.79,4.512,7.959,1.18,0.434,1.087
histogram,otsu,combined,105,1,0,0.2931,152.6,-7.4,4.522,8.185,1.183,0.436,1.293
histogram,otsu,combined,106,1,0,0.2931,152.6,-7.4,4.48,8.124,1.185,0.434,1.289
histogram,otsu,combined,107,1,0,0.3125,158.52,-1.48,4.299,7.77,1.196,0.436,1.105
histogram,otsu,combined,108,1,0,0.3125,158.52,-1.48,4.275,7.744,1.192,0.442,1.098
histogram,otsu,combined,109,1,0,0.2986,158.85,-1.15,4.202,7.686,1.197,0.433,1.081
histogram,otsu,combined,110,1,0,0.2986,158.85,-1.15,4.091,7.727,1.179,0.436,1.272
histogram,otsu,combined,111,1,0,0.2986,158.85,-1.15,4.119,7.586,1.141,0.477,1.096
histogram,otsu,combined,112,1,0,0.1028,162.88,2.88,3.971,7.417,1.133,0.429,1.13
histogram,otsu,combined,113,1,0,0.0958,160.56,0.56,4.44,7.914,1.129,0.433,1.168
histogram,otsu,combined,114,1,0,0.0958,160.56,0.56,4.46,8.115,1.157,0.444,1.306
histogram,otsu,combined,115,1,0,0.0111,80.11,-79.89,4.125,7.631,1.14,0.431,1.179
histogram,otsu,combined,116,1,0,0.0111,80.11,-79.89,4.057,7.744,1.143,0.441,1.349
histogram,otsu,combined,117,1,0,0.0264,80.12,-79.88,4.521,8.006,1.13,0.432,1.167
histogram,otsu,combined,118,1,0,0.0667,81.3,-78.7,4.283,7.975,1.131,0.43,1.366
histogram,otsu,combined,119,1,0,0.0667,81.3,-78.7,4.174,7.766,1.129,0.433,1.253
histogram,otsu,combined,120,1,0,0.0764,81.63,-78.37,4.322,8.164,1.134,0.43,1.524
histogram,otsu,combined,121,1,0,0.0069,80.47,-79.53,4.315,7.79,1.134,0.432,1.163
histogram,otsu,combined,122,1,0,0.0069,80.47,-79.53,4.348,7.887,1.137,0.432,1.223
histogram,otsu,combined,123,1,1,0.1117,133.83,-26.17,3.291,6.842,1.132,0.435,1.237
histogram,otsu,combined,124,1,1,0.1117,133.83,-26.17,3.467,6.943,1.138,0.43,1.098
histogram,otsu,combined,125,1,1,0.1292,202.33,42.33,3.702,7.176,1.191,0.435,1.109
histogram,otsu,combined,126,1,1,0.1517,133.86,-26.14,3.392,6.939,1.141,0.476,1.178
histogram,otsu,combined,127,1,1,0.1517,133.86,-26.14,3.303,6.858,1.141,0.436,1.243
histogram,otsu,combined,128,1,0,0.1,174.47,14.47,4.404,7.841,1.149,0.432,1.107
histogram,otsu,combined,129,1,0,0.1653,162.35,2.35,4.479,8.077,1.139,0.43,1.125
histogram,otsu,combined,130,1,0,0.1653,162.35,2.35,4.627,8.036,1.133,0.425,1.11
histogram,otsu,combined,131,1,0,0.1764,159.27,-0.73,4.365,7.97,1.133,0.431,1.244
histogram,otsu,combined,132,1,0,0.1764,159.27,-0.73,4.35,7.89,1.126,0.43,1.233
histogram,otsu,combined,133,1,0,0.1667,156.68,-3.32,4.008,7.37,1.134,0.429,1.064
histogram,otsu,combined,134,1,0,0.1667,156.68,-3.32,3.899,7.54,1.138,0.431,1.254
histogram,otsu,combined,135,1,0,0.1667,156.68,-3.32,3.994,7.628,1.19,0.438,1.257
histogram,otsu,combined,136,1,0,0.1347,157.01,-2.99,3.951,7.616,1.198,0.437,1.288
histogram,otsu,combined,137,1,0,0.0625,155.56,-4.44,3.963,7.61,1.191,0.438,1.269
histogram,otsu,combined,138,1,0,0.0625,155.56,-4.44,3.858,7.492,1.145,0.483,1.263
histogram,otsu,combined,139,1,0,0.0625,155.56,-4.44,3.912,7.368,1.138,0.437,1.101
histogram,otsu,combined,140,1,0,0.0194,233.9,73.9,4.498,8.188,1.138,0.442,1.374
histogram,otsu,combined,141,1,0,0.0167,237.04,77.04,4.343,7.831,1.131,0.435,1.181
histogram,otsu,combined,142,1,1,0.0783,179.66,19.66,3.429,7.096,1.134,0.441,1.347
histogram,otsu,combined,143,1,1,0.0783,179.66,19.66,3.344,6.843,1.134,0.433,1.107
histogram,otsu,combined,144,1,1,0.0717,179.31,19.31,3.433,7.093,1.141,0.433,1.277
histogram,otsu,combined,145,1,1,0.0975,179.44,19.44,3.404,6.879,1.191,0.429,1.11
histogram,otsu,combined,146,1,0,0.1167,157.52,-2.48,4.003,7.5,1.147,0.429,1.177
histogram,otsu,combined,147,1,0,0.1167,157.52,-2.48,3.895,7.414,1.141,0.43,1.21
histogram,otsu,combined,148,1,0,0.1139,150.45,-9.55,4.398,7.904,1.149,0.428,1.108
histogram,otsu,combined,149,1,0,0.1194,141.83,-18.17,4.376,7.958,1.134,0.441,1.162
histogram,otsu,combined,150,1,1,0.1025,137.64,-22.36,3.344,6.987,1.14,0.429,1.327
histogram,otsu,combined,151,1,1,0.1025,137.64,-22.36,3.835,7.292,1.134,0.429,1.092
histogram,otsu,combined,152,1,1,0.0683,174.67,14.67,3.432,7.076,1.224,0.447,1.223
histogram,otsu,combined,153,1,1,0.0742,174.79,14.79,3.518,6.98,1.142,0.48,1.1
histogram,otsu,combined,154,1,1,0.0742,174.79,14.79,3.438,7.054,1.132,0.427,1.313
histogram,otsu,combined,155,1,1,0.0742,174.79,14.79,3.5,6.889,1.142,0.428,1.079
histogram,otsu,combined,156,1,1,0.0833,174.94,14.94,3.45,6.946,1.17,0.433,1.156
histogram,otsu,combined,157,1,0,0.075,231.86,71.86,4.748,8.175,1.143,0.483,1.063
histogram,otsu,combined,158,1,0,0.075,231.86,71.86,4.734,8.177,1.183,0.448,1.066
histogram,otsu,combined,159,1,0,0.0417,232.58,72.58,4.511,8.526,1.519,0.465,1.243
histogram,otsu,combined,160,1,1,0.0967,184.17,24.17,3.385,6.911,1.209,0.445,1.137
histogram,otsu,combined,161,1,0,0.0069,228.92,68.92,4.353,7.784,1.181,0.433,1.076
histogram,otsu,combined,162,1,0,0.0069,228.92,68.92,4.311,8.212,1.143,0.48,1.536
histogram,otsu,combined,163,1,1,0.105,187.44,27.44,3.452,7.025,1.178,0.437,1.212
histogram,otsu,combined,164,1,1,0.105,187.44,27.44,3.508,7.091,1.134,0.431,1.271
histogram,otsu,combined,165,1,1,0.0908,187.53,27.53,3.38,6.875,1.136,0.433,1.098
histogram,otsu,combined,166,1,0,0.0625,156.06,-3.94,4.131,7.721,1.132,0.43,1.225
histogram,otsu,combined,167,1,0,0.0625,156.06,-3.94,4.019,7.62,1.204,0.432,1.221
histogram,otsu,combined,168,1,0,0.0625,156.06,-3.94,4.042,7.627,1.182,0.435,1.214
histogram,otsu,combined,169,1,0,0.1764,156.87,-3.13,4.129,7.819,1.199,0.439,1.26
histogram,otsu,combined,170,1,0,0.1764,156.87,-3.13,4.137,7.585,1.185,0.436,1.074
histogram,otsu,combined,171,1,0,0.1764,156.87,-3.13,4.13,7.747,1.184,0.446,1.242
histogram,otsu,combined,172,1,0,0.1042,156.65,-3.35,4.191,7.627,1.142,0.476,1.069
histogram,otsu,combined,173,1,0,0.0722,156.01,-3.99,4.007,7.884,1.138,0.433,1.553
histogram,otsu,combined,174,1,1,0.1008,176.7,16.7,3.467,7.032,1.131,0.429,1.263
histogram,otsu,combined,175,1,1,0.1008,176.7,16.7,3.422,6.904,1.145,0.428,1.171
histogram,otsu,combined,176,1,0,0.0389,235.35,75.35,4.448,8.04,1.163,0.433,1.185
histogram,otsu,combined,177,1,0,0.0833,178.62,18.62,3.935,7.539,1.133,0.432,1.226
histogram,otsu,combined,178,1,0,0.0833,178.62,18.62,3.84,7.431,1.133,0.426,1.217
histogram,otsu,combined,179,1,0,0.0833,178.62,18.62,3.933,7.556,1.181,0.434,1.234
histogram,otsu,combined,180,1,0,0.1069,176.5,16.5,3.949,7.446,1.194,0.44,1.098
histogram,otsu,combined,181,1,0,0.0889,184.54,24.54,3.891,7.475,1.144,0.484,1.207
histogram,otsu,combined,182,1,0,0.0472,155.91,-4.09,4.047,7.557,1.156,0.446,1.157
histogram,otsu,combined,183,1,0,0.0472,155.91,-4.09,4.072,7.578,1.126,0.431,1.198
histogram,otsu,combined,184,1,0,0.1319,156.55,-3.45,4.648,8.477,1.139,0.429,1.518
histogram,otsu,combined,185,1,0,0.1569,156.71,-3.29,4.056,7.833,1.142,0.467,1.415
histogram,otsu,combined,186,1,0,0.1653,157.36,-2.64,4.11,7.766,1.133,0.428,1.349
histogram,otsu,combined,187,1,0,0.1653,157.36,-2.64,4.975,8.457,1.133,0.429,1.151
histogram,otsu,combined,188,1,0,0.1806,156.53,-3.47,4.062,7.848,1.169,0.504,1.309
histogram,otsu,combined,189,1,0,0.2139,156.75,-3.25,4.13,7.623,1.145,0.427,1.129
histogram,otsu,combined,190,1,0,0.2139,156.75,-3.25,4.134,7.717,1.139,0.43,1.275
histogram,otsu,combined,191,1,0,0.2139,156.75,-3.25,4.062,7.526,1.135,0.427,1.151
histogram,otsu,combined,192,1,0,0.1972,157.04,-2.96,4.061,7.657,1.133,0.432,1.28
histogram,otsu,combined,193,1,0,0.1514,156.2,-3.8,4.111,7.77,1.142,0.432,1.264
histogram,otsu,combined,194,1,0,0.1806,156.59,-3.41,4.194,7.659,1.128,0.429,1.161
histogram,otsu,combined,195,1,0,0.1806,156.59,-3.41,4.118,7.598,1.177,0.458,1.052
histogram,otsu,combined,196,1,0,0.2153,157.26,-2.74,4.103,7.56,1.152,0.43,1.059
histogram,otsu,combined,197,1,0,0.2083,157.54,-2.46,4.075,7.614,1.19,0.436,1.153
histogram,otsu,combined,198,1,0,0.2083,157.54,-2.46,4.081,7.506,1.199,0.436,1.055
histogram,otsu,combined,199,1,0,0.2194,157.62,-2.38,4.065,7.616,1.192,0.449,1.133
histogram,otsu,combined,200,1,0,0.2194,157.62,-2.38,4.086,7.591,1.192,0.436,1.129
histogram,otsu,combined,201,1,0,0.1819,157.58,-2.42,4.141,7.588,1.144,0.478,1.076
histogram,otsu,combined,202,1,0,0.1736,156.55,-3.45,4.092,7.559,1.14,0.427,1.147
histogram,otsu,combined,203,1,0,0.1736,156.55,-3.45,4.156,7.745,1.127,0.43,1.293
histogram,otsu,combined,204,1,0,0.2569,157.24,-2.76,4.04,7.521,1.151,0.428,1.148
histogram,otsu,combined,205,1,0,0.2028,156.62,-3.38,4.046,7.486,1.131,0.431,1.06
histogram,otsu,combined,206,1,0,0.2028,156.62,-3.38,4.15,7.645,1.142,0.431,1.16
histogram,otsu,combined,207,1,0,0.1361,156.69,-3.31,4.174,7.698,1.125,0.431,1.163
histogram,otsu,combined,208,1,0,0.1389,155.77,-4.23,4.105,7.565,1.147,0.431,1.063
histogram,otsu,combined,209,1,0,0.1958,156.23,-3.77,4.202,7.805,1.199,0.447,1.175
histogram,otsu,combined,210,1,0,0.1958,156.23,-3.77,4.027,7.481,1.193,0.446,1.055
histogram,otsu,combined,211,1,0,0.1986,157.04,-2.96,4.116,7.636,1.196,0.438,1.135
histogram,otsu,combined,212,1,0,0.1986,157.04,-2.96,3.627,6.726,0.996,0.431,0.949
histogram,otsu,combined,213,1,0,0.2292,157.62,-2.38,3.946,7.03,0.984,0.374,1.04
histogram,otsu,combined,214,1,0,0.2292,157.62,-2.38,3.956,6.937,0.989,0.371,0.936
histogram,otsu,combined,215,1,0,0.0403,144.13,-15.87,3.879,7.043,1.034,0.38,1.078
histogram,otsu,combined,216,1,0,0.0556,155.39,-4.61,4.202,7.371,0.999,0.42,1.062
histogram,otsu,combined,217,1,0,0.0389,159.25,-0.75,3.791,6.952,0.984,0.373,1.123
histogram,otsu,combined,218,1,1,0.1775,160.72,0.72,3.065,6.042,0.988,0.37,0.956
histogram,otsu,combined,219,1,1,0.1775,160.72,0.72,3.125,6.231,1.025,0.385,0.992
histogram,otsu,combined,220,1,1,0.1792,161.78,1.78,2.939,6.037,0.997,0.375,1.045
histogram,otsu,combined,221,1,1,0.1975,160.96,0.96,3.065,6.106,1.036,0.379,0.951
histogram,otsu,combined,222,1,1,0.1975,160.96,0.96,2.957,6.023,0.998,0.389,1.004
histogram,otsu,combined,223,1,0,0.3528,158.82,-1.18,3.942,7.017,0.989,0.378,0.977
histogram,otsu,combined,224,1,0,0.3528,158.82,-1.18,4.131,7.286,1.049,0.388,1.004
histogram,otsu,combined,225,1,0,0.2889,158.73,-1.27,4.023,7.14,0.993,0.379,1.07
histogram,otsu,combined,226,1,0,0.2889,158.73,-1.27,3.975,7.092,0.983,0.375,1.066
histogram,otsu,combined,227,1,0,0.2986,159.33,-0.67,4.541,8.069,1.13,0.429,1.213
histogram,otsu,combined,228,1,0,0.2986,159.33,-0.67,4.591,8.002,1.126,0.43,1.112
histogram,otsu,combined,229,1,0,0.3306,159.74,-0.26,4.38,8.03,1.133,0.443,1.204
histogram,otsu,combined,230,1,0,0.3194,159.85,-0.15,4.347,7.844,1.135,0.431,1.111
histogram,otsu,combined,231,1,0,0.3194,159.85,-0.15,4.342,7.948,1.14,0.443,1.198
histogram,otsu,combined,232,1,0,0.3278,159.81,-0.19,4.329,7.954,1.143,0.431,1.24
histogram,otsu,combined,233,1,0,0.3472,159.91,-0.09,4.361,7.912,1.14,0.446,1.155
histogram,otsu,combined,234,1,0,0.3139,159.82,-0.18,4.356,7.991,1.141,0.432,1.234
histogram,otsu,combined,235,1,0,0.3139,159.82,-0.18,4.381,7.998,1.137,0.433,1.237
histogram,otsu,combined,236,1,0,0.3278,159.83,-0.17,4.365,7.999,1.141,0.432,1.32
histogram,otsu,combined,237,1,0,0.3181,159.8,-0.2,4.361,8.013,1.132,0.43,1.338
histogram,otsu,combined,238,1,0,0.3181,159.8,-0.2,4.347,7.989,1.143,0.432,1.317
histogram,otsu,combined,239,1,0,0.3236,159.82,-0.18,4.362,7.958,1.129,0.43,1.22
histogram,otsu,combined,240,1,0,0.3236,159.82,-0.18,4.353,7.872,1.132,0.432,1.214
histogram,otsu,combined,241,1,0,0.3194,159.86,-0.14,4.421,7.964,1.133,0.432,1.224
histogram,otsu,combined,242,1,0,0.3264,159.85,-0.15,4.343,7.866,1.138,0.431,1.211
histogram,otsu,combined,243,1,0,0.3264,159.85,-0.15,4.489,8.028,1.14,0.43,1.221
histogram,otsu,combined,244,1,0,0.3236,159.84,-0.16,4.334,7.861,1.138,0.43,1.212
histogram,otsu,combined,245,1,0,0.3278,159.82,-0.18,4.451,8.08,1.136,0.431,1.31
histogram,otsu,combined,246,1,0,0.3278,159.82,-0.18,4.357,7.984,1.134,0.431,1.317
histogram,otsu,combined,247,1,0,0.3208,159.85,-0.15,4.474,8.01,1.14,0.428,1.224
histogram,otsu,combined,248,1,0,0.3208,159.85,-0.15,4.362,8.021,1.149,0.43,1.33
histogram,otsu,combined,249,1,0,0.3264,159.84,-0.16,5.737,9.323,1.137,0.431,1.207
histogram,otsu,combined,250,1,0,0.3264,159.84,-0.16,5.785,10.273,1.339,0.592,1.63
histogram,otsu,combined,251,1,0,0.3208,159.89,-0.11,4.476,8.212,1.146,0.435,1.335
histogram,otsu,combined,252,1,0,0.3208,159.89,-0.11,4.382,8.022,1.134,0.432,1.327
histogram,otsu,combined,253,1,0,0.3264,159.83,-0.17,4.675,8.213,1.129,0.435,1.224
histogram,otsu,combined,254,1,0,0.3264,159.83,-0.17,4.412,8.073,1.141,0.432,1.332
histogram,otsu,combined,255,1,0,0.3264,159.83,-0.17,4.418,8.044,1.128,0.434,1.314
histogram,otsu,combined,256,1,0,0.3278,159.87,-0.13,4.423,7.931,1.143,0.43,1.182
histogram,otsu,combined,257,1,0,0.3278,159.87,-0.13,5.681,9.585,1.206,0.582,1.327
histogram,otsu,combined,258,1,0,0.3278,159.87,-0.13,6.216,10.068,1.188,0.462,1.321
histogram,otsu,combined,259,1,0,0.3264,159.85,-0.15,5.3,9.855,1.72,0.601,1.335
histogram,otsu,combined,260,1,0,0.3264,159.86,-0.14,4.357,7.91,1.161,0.433,1.14
histogram,otsu,combined,261,1,0,0.3278,159.91,-0.09,4.317,7.99,1.143,0.438,1.262
histogram,otsu,combined,262,1,0,0.3278,159.91,-0.09,4.378,7.888,1.143,0.432,1.142
histogram,otsu,combined,263,1,0,0.3222,159.89,-0.11,4.346,8.014,1.199,0.493,1.156
histogram,otsu,combined,264,1,0,0.3222,159.89,-0.11,4.314,7.964,1.144,0.429,1.238
histogram,otsu,combined,265,1,0,0.3208,159.85,-0.15,4.346,7.99,1.136,0.444,1.245
histogram,otsu,combined,266,1,0,0.3208,159.85,-0.15,4.337,7.968,1.143,0.481,1.194
histogram,otsu,combined,267,1,0,0.3208,159.83,-0.17,4.35,7.993,1.131,0.439,1.261
histogram,otsu,combined,268,1,0,0.3208,159.83,-0.17,4.345,7.995,1.143,0.434,1.257
histogram,otsu,combined,269,1,0,0.3278,159.96,-0.04,4.33,7.871,1.128,0.435,1.137
histogram,otsu,combined,270,1,0,0.3278,159.96,-0.04,4.309,7.967,1.145,0.439,1.242
histogram,otsu,combined,271,1,0,0.3236,159.8,-0.2,4.61,8.29,1.141,0.436,1.235
histogram,otsu,combined,272,1,0,0.3236,159.8,-0.2,4.461,7.92,1.147,0.428,1.14
histogram,otsu,combined,273,1,0,0.3236,159.81,-0.19,4.468,7.951,1.14,0.43,1.157
histogram,otsu,combined,274,1,0,0.3278,159.85,-0.15,4.433,7.998,1.139,0.432,1.254
histogram,otsu,combined,275,1,0,0.3278,159.85,-0.15,4.464,7.922,1.14,0.433,1.148
histogram,otsu,combined,276,1,0,0.3278,159.85,-0.15,4.447,7.894,1.131,0.432,1.144
histogram,otsu,combined,277,1,0,0.3208,159.91,-0.09,4.461,8.04,1.137,0.432,1.264
histogram,otsu,combined,278,1,0,0.3306,159.91,-0.09,4.428,7.996,1.14,0.43,1.251
histogram,otsu,combined,279,1,0,0.3306,159.91,-0.09,4.497,7.966,1.126,0.434,1.129
histogram,otsu,combined,280,1,0,0.3264,159.85,-0.15,4.396,7.858,1.146,0.432,1.134
histogram,otsu,combined,281,1,0,0.3194,159.87,-0.13,4.439,7.996,1.133,0.433,1.245
histogram,otsu,combined,282,1,0,0.325,159.83,-0.17,4.436,7.995,1.131,0.43,1.249
histogram,otsu,combined,283,1,0,0.325,159.83,-0.17,4.886,8.336,1.138,0.431,1.134
histogram,otsu,combined,284,1,0,0.3264,159.87,-0.13,4.331,7.869,1.143,0.431,1.207
histogram,otsu,combined,285,1,0,0.3194,159.8,-0.2,4.454,7.964,1.134,0.431,1.2
histogram,otsu,combined,286,1,0,0.3208,159.82,-0.18,4.342,7.878,1.138,0.432,1.214
histogram,otsu,combined,287,1,0,0.3208,159.82,-0.18,4.375,8.047,1.144,0.434,1.343
histogram,otsu,combined,288,1,0,0.3264,159.8,-0.2,4.326,7.851,1.137,0.433,1.209
histogram,otsu,combined,289,1,0,0.3264,159.88,-0.12,4.365,7.92,1.14,0.43,1.208
histogram,otsu,combined,290,1,0,0.3264,159.88,-0.12,4.325,7.964,1.141,0.435,1.321
histogram,otsu,combined,291,1,0,0.3236,159.8,-0.2,4.346,7.874,1.138,0.434,1.203
histogram,otsu,combined,292,1,0,0.3167,159.87,-0.13,4.349,7.887,1.134,0.439,1.137
histogram,otsu,combined,293,1,0,0.3208,159.85,-0.15,4.492,8.008,1.134,0.431,1.135
histogram,otsu,combined,294,1,0,0.3208,159.85,-0.15,4.396,7.932,1.135,0.441,1.201
histogram,otsu,combined,295,1,0,0.3208,159.86,-0.14,4.344,8.001,1.131,0.434,1.347
histogram,otsu,combined,296,1,0,0.3236,159.81,-0.19,4.358,8.004,1.143,0.435,1.325
histogram,otsu,combined,297,1,0,0.3194,159.85,-0.15,4.354,7.887,1.131,0.432,1.23
histogram,otsu,combined,298,1,0,0.3194,159.85,-0.15,4.497,8.395,1.143,0.432,1.572
histogram,otsu,combined,299,1,0,0.3236,159.81,-0.19,4.379,7.952,1.139,0.434,1.228
histogram,otsu,combined,300,1,0,0.3236,159.81,-0.19,4.318,7.861,1.133,0.433,1.238
histogram,otsu,combined,301,1,0,0.3236,159.87,-0.13,4.344,7.879,1.135,0.434,1.216
histogram,otsu,combined,302,1,0,0.3306,159.84,-0.16,4.375,8.016,1.129,0.429,1.339
histogram,otsu,combined,303,1,0,0.3306,159.84,-0.16,4.334,7.976,1.137,0.433,1.33
histogram,otsu,combined,304,1,0,0.3278,159.81,-0.19,4.424,7.958,1.133,0.431,1.223
histogram,otsu,combined,305,1,0,0.3264,159.85,-0.15,4.38,8.042,1.14,0.432,1.343
histogram,otsu,combined,306,1,0,0.3278,159.89,-0.11,4.45,7.982,1.137,0.43,1.224
histogram,otsu,combined,307,1,0,0.3278,159.89,-0.11,4.415,7.956,1.13,0.434,1.236
histogram,otsu,combined,308,1,0,0.3264,159.85,-0.15,4.421,7.941,1.142,0.432,1.203
histogram,otsu,combined,309,1,0,0.4194,159.75,-0.25,4.387,7.91,1.131,0.433,1.177
histogram,otsu,combined,310,1,0,0.3681,159.94,-0.06,4.394,7.926,1.133,0.431,1.223
histogram,otsu,combined,311,1,0,0.3681,159.94,-0.06,4.345,7.938,1.138,0.433,1.269
histogram,otsu,combined,312,1,0,0.3375,159.84,-0.16,4.588,8.145,1.134,0.432,1.245
histogram,otsu,combined,313,1,0,0.3361,159.86,-0.14,4.912,8.728,1.292,0.552,1.203
histogram,otsu,combined,314,1,0,0.3361,159.86,-0.14,4.746,8.546,1.329,0.507,1.182
histogram,otsu,combined,315,1,0,0.3375,159.9,-0.1,4.366,7.872,1.197,0.435,1.128
histogram,otsu,combined,316,1,0,0.3181,159.74,-0.26,4.469,7.973,1.199,0.446,1.127
histogram,otsu,combined,317,1,0,0.3375,159.78,-0.22,4.344,7.836,1.181,0.435,1.129
histogram,otsu,combined,318,1,0,0.3375,159.78,-0.22,4.424,8.318,1.55,0.451,1.127
histogram,otsu,combined,319,1,0,0.3403,159.8,-0.2,4.329,7.955,1.205,0.434,1.201
histogram,otsu,combined,320,1,0,0.3181,159.89,-0.11,4.43,8.033,1.187,0.434,1.237
histogram,otsu,combined,321,1,0,0.3111,159.85,-0.15,4.347,7.867,1.145,0.436,1.144
histogram,otsu,combined,322,1,0,0.3111,159.85,-0.15,4.373,7.902,1.204,0.435,1.141
histogram,otsu,combined,323,1,0,0.3208,159.82,-0.18,4.341,7.963,1.193,0.441,1.247
histogram,otsu,combined,324,1,0,0.3208,159.82,-0.18,4.339,7.957,1.201,0.433,1.24
histogram,otsu,combined,325,1,0,0.3139,159.89,-0.11,4.365,7.901,1.2,0.443,1.14
histogram,otsu,combined,326,1,0,0.3139,159.89,-0.11,4.343,7.837,1.201,0.435,1.122
histogram,otsu,combined,327,1,0,0.3181,159.83,-0.17,4.344,7.87,1.206,0.444,1.131
histogram,otsu,combined,328,1,0,0.3181,159.83,-0.17,4.408,8.036,1.203,0.434,1.25
histogram,otsu,combined,329,1,0,0.3125,159.81,-0.19,4.351,8.016,1.203,0.435,1.249
histogram,otsu,combined,330,1,0,0.3125,159.81,-0.19,4.365,7.884,1.204,0.436,1.127
histogram,otsu,combined,331,1,0,0.3125,159.84,-0.16,4.34,8.335,1.197,0.435,1.623
histogram,otsu,combined,332,1,0,0.3125,159.84,-0.16,4.345,7.985,1.139,0.43,1.254
histogram,otsu,combined,333,1,0,0.3264,159.71,-0.29,4.348,8.01,1.146,0.431,1.266
histogram,otsu,combined,334,1,0,0.3264,159.71,-0.29,4.338,7.861,1.133,0.432,1.133
histogram,otsu,combined,335,1,0,0.3222,159.83,-0.17,4.408,7.924,1.144,0.432,1.129
histogram,otsu,combined,336,1,0,0.3083,159.88,-0.12,4.346,8.006,1.151,0.43,1.263
histogram,otsu,combined,337,1,0,0.3208,159.81,-0.19,4.422,8.058,1.13,0.431,1.256
histogram,otsu,combined,338,1,0,0.3208,159.81,-0.19,4.377,7.813,1.127,0.428,1.139
histogram,otsu,combined,339,1,0,0.3125,159.87,-0.13,3.885,7.068,0.988,0.378,1.006
histogram,otsu,combined,340,1,0,0.3111,159.84,-0.16,3.815,7.023,1.034,0.384,1.113
histogram,otsu,combined,341,1,0,0.3208,159.8,-0.2,3.859,6.98,0.991,0.379,1.076
histogram,otsu,combined,342,1,0,0.3208,159.8,-0.2,3.865,7.013,1.007,0.388,1.078
histogram,otsu,combined,343,1,0,0.3181,159.76,-0.24,3.836,6.886,0.987,0.376,1.014
histogram,otsu,combined,344,1,0,0.3181,159.82,-0.18,3.885,6.995,1.051,0.38,0.979
histogram,otsu,combined,345,1,0,0.3181,159.9,-0.1,3.858,6.958,0.984,0.421,1.012
histogram,otsu,combined,346,1,0,0.3181,159.9,-0.1,3.904,7.124,0.986,0.376,1.18
histogram,otsu,combined,347,1,0,0.3208,159.74,-0.26,3.85,6.895,0.991,0.38,1.003
histogram,otsu,combined,348,1,0,0.3208,159.74,-0.26,3.84,7.052,1.048,0.379,1.111
histogram,otsu,combined,349,1,0,0.3181,159.83,-0.17,3.83,7.107,1.044,0.395,1.133
histogram,otsu,combined,350,1,0,0.3181,159.83,-0.17,3.849,7.075,0.996,0.378,1.185
histogram,otsu,combined,351,1,0,0.3181,159.83,-0.17,3.83,7.05,0.978,0.374,1.132
histogram,otsu,combined,352,1,0,0.3167,159.81,-0.19,3.85,6.936,0.98,0.377,1.002
histogram,otsu,combined,353,1,0,0.3139,159.85,-0.15,4.418,7.533,1.034,0.383,1.022
histogram,otsu,combined,354,1,0,0.325,159.78,-0.22,4.35,7.86,1.194,0.434,1.135
histogram,otsu,combined,355,1,0,0.325,159.78,-0.22,4.429,7.926,1.183,0.437,1.141
histogram,otsu,combined,356,1,0,0.3208,159.75,-0.25,4.374,7.903,1.188,0.438,1.145
histogram,otsu,combined,357,1,0,0.3097,159.83,-0.17,4.377,7.883,1.187,0.436,1.132
histogram,otsu,combined,358,1,0,0.3167,159.84,-0.16,4.353,7.871,1.196,0.438,1.137
histogram,otsu,combined,359,1,0,0.3167,159.84,-0.16,4.353,7.891,1.132,0.483,1.148
histogram,otsu,combined,360,1,0,0.3181,159.76,-0.24,4.341,7.996,1.162,0.493,1.265
histogram,adaptive,combined,0,1,0,1.0,111.06,-48.94,5.088,16.611,1.191,8.354,1.252
histogram,adaptive,combined,1,1,0,1.0,110.57,-49.43,5.141,16.792,1.196,8.24,1.465
histogram,adaptive,combined,2,1,0,1.0,111.06,-48.94,5.187,16.614,1.137,8.299,1.245
histogram,adaptive,combined,3,1,0,1.0,111.06,-48.94,5.093,16.501,1.134,8.223,1.31
histogram,adaptive,combined,4,1,0,1.0,111.06,-48.94,5.087,16.613,1.129,8.298,1.348
histogram,adaptive,combined,5,1,0,1.0,111.07,-48.93,5.109,16.737,1.133,8.29,1.454
histogram,adaptive,combined,6,1,0,1.0,111.07,-48.93,5.131,16.848,1.187,8.327,1.458
histogram,adaptive,combined,7,1,0,1.0,111.06,-48.94,5.666,17.32,1.139,8.214,1.469
histogram,adaptive,combined,8,1,0,1.0,111.55,-48.45,5.07,16.929,1.156,8.399,1.562
histogram,adaptive,combined,9,1,0,1.0,111.06,-48.94,5.099,16.763,1.138,8.334,1.445
histogram,adaptive,combined,10,1,0,1.0,111.06,-48.94,5.123,16.603,1.197,8.3,1.24
histogram,adaptive,combined,11,1,0,1.0,111.55,-48.45,5.195,16.634,1.138,8.254,1.255
histogram,adaptive,combined,12,1,0,1.0,111.06,-48.94,5.214,16.684,1.148,8.295,1.271
histogram,adaptive,combined,13,1,0,1.0,111.56,-48.44,5.096,16.526,1.138,8.223,1.325
histogram,adaptive,combined,14,1,0,1.0,111.56,-48.44,4.481,15.405,1.143,7.657,1.39
histogram,adaptive,combined,15,1,0,1.0,111.56,-48.44,4.5,14.425,0.986,7.149,1.119
histogram,adaptive,combined,16,1,0,1.0,111.56,-48.44,4.469,14.528,0.987,7.213,1.13
histogram,adaptive,combined,17,1,0,1.0,111.06,-48.94,4.466,14.46,0.988,7.15,1.152
histogram,adaptive,combined,18,1,0,1.0,110.57,-49.43,4.54,14.519,0.987,7.196,1.125
histogram,adaptive,combined,19,1,0,1.0,111.06,-48.94,4.54,14.701,1.047,7.158,1.277
histogram,adaptive,combined,20,1,0,1.0,111.06,-48.94,4.5,14.745,0.992,7.201,1.373
histogram,adaptive,combined,21,1,0,1.0,111.06,-48.94,5.105,16.318,0.985,8.001,1.482
histogram,adaptive,combined,22,1,0,1.0,110.57,-49.43,5.082,16.602,1.145,8.304,1.328
histogram,adaptive,combined,23,1,0,1.0,110.57,-49.43,5.095,16.714,1.141,8.221,1.505
histogram,adaptive,combined,24,1,0,1.0,111.06,-48.94,5.12,16.636,1.185,8.343,1.213
histogram,adaptive,combined,25,1,0,1.0,111.06,-48.94,5.25,16.948,1.283,8.306,1.232
histogram,adaptive,combined,26,1,0,1.0,111.06,-48.94,5.319,16.813,1.133,8.295,1.251
histogram,adaptive,combined,27,1,0,1.0,111.06,-48.94,5.248,16.675,1.128,8.207,1.311
histogram,adaptive,combined,28,1,0,1.0,111.06,-48.94,5.213,16.918,1.132,8.363,1.454
histogram,adaptive,combined,29,1,0,1.0,111.06,-48.94,5.237,16.891,1.188,8.259,1.455
histogram,adaptive,combined,30,1,0,1.0,111.06,-48.94,5.244,16.888,1.132,8.283,1.475
histogram,adaptive,combined,31,1,0,1.0,111.06,-48.94,5.182,16.588,1.133,8.211,1.311
histogram,adaptive,combined,32,1,0,1.0,111.56,-48.44,5.144,16.997,1.137,8.295,1.663
histogram,adaptive,combined,33,1,0,1.0,111.56,-48.44,4.532,15.17,1.183,7.603,1.12
histogram,adaptive,combined,34,1,0,1.0,111.56,-48.44,4.483,14.728,0.984,7.209,1.374
histogram,adaptive,combined,35,1,0,1.0,111.56,-48.44,4.453,14.578,0.987,7.155,1.308
histogram,adaptive,combined,36,1,0,1.0,111.56,-48.44,4.515,14.965,1.221,7.244,1.312
histogram,adaptive,combined,37,1,0,1.0,111.06,-48.94,4.458,14.708,0.99,7.154,1.397
histogram,adaptive,combined,38,1,0,1.0,111.06,-48.94,4.471,14.446,1.0,7.188,1.108
histogram,adaptive,combined,39,1,0,1.0,111.07,-48.93,4.84,15.613,1.023,7.479,1.496
histogram,adaptive,combined,40,1,0,1.0,111.07,-48.93,5.122,16.575,1.053,8.315,1.285
histogram,adaptive,combined,41,1,0,1.0,111.56,-48.44,5.217,16.592,1.14,8.208,1.278
histogram,adaptive,combined,42,1,0,1.0,111.06,-48.94,5.195,17.073,1.142,8.286,1.655
histogram,adaptive,combined,43,1,0,1.0,110.57,-49.43,5.099,16.684,1.139,8.214,1.486
histogram,adaptive,combined,44,1,0,1.0,110.57,-49.43,5.1,16.791,1.193,8.325,1.423
histogram,adaptive,combined,45,1,0,1.0,110.57,-49.43,5.153,16.757,1.134,8.235,1.424
histogram,adaptive,combined,46,1,0,1.0,110.57,-49.43,5.146,16.888,1.141,8.344,1.435
histogram,adaptive,combined,47,1,0,1.0,111.07,-48.93,5.083,16.794,1.145,8.269,1.514
histogram,adaptive,combined,48,1,0,1.0,111.07,-48.93,5.105,16.593,1.148,8.374,1.222
histogram,adaptive,combined,49,1,0,1.0,111.55,-48.45,5.094,16.512,1.181,8.279,1.215
histogram,adaptive,combined,50,1,0,1.0,111.55,-48.45,5.509,17.432,1.208,8.439,1.493
histogram,adaptive,combined,51,1,0,1.0,111.06,-48.94,5.095,16.771,1.157,8.22,1.532
histogram,adaptive,combined,52,1,0,1.0,111.06,-48.94,5.117,16.607,1.142,8.285,1.314
histogram,adaptive,combined,53,1,0,1.0,111.06,-48.94,5.1,16.731,1.177,8.247,1.459
histogram,adaptive,combined,54,1,0,1.0,111.06,-48.94,5.109,16.603,1.2,8.302,1.248
histogram,adaptive,combined,55,1,0,1.0,111.07,-48.93,5.176,16.817,1.143,8.204,1.476
histogram,adaptive,combined,56,1,0,1.0,111.07,-48.93,5.108,16.597,1.151,8.277,1.25
histogram,adaptive,combined,57,1,0,1.0,111.56,-48.44,5.124,16.773,1.132,8.196,1.559
histogram,adaptive,combined,58,1,0,1.0,112.05,-47.95,5.093,16.829,1.165,8.344,1.476
histogram,adaptive,combined,59,1,0,1.0,112.05,-47.95,5.086,16.542,1.206,8.264,1.234
histogram,adaptive,combined,60,1,0,1.0,110.08,-49.92,5.156,16.89,1.135,8.283,1.506
histogram,adaptive,combined,61,1,0,1.0,111.55,-48.45,5.147,16.549,1.137,8.221,1.247
histogram,adaptive,combined,62,1,0,1.0,111.55,-48.45,5.086,16.8,1.132,8.274,1.559
histogram,adaptive,combined,63,1,0,1.0,111.06,-48.94,5.089,16.711,1.144,8.267,1.465
histogram,adaptive,combined,64,1,0,1.0,111.06,-48.94,5.109,16.618,1.199,8.315,1.252
histogram,adaptive,combined,65,1,0,1.0,111.07,-48.93,5.161,16.846,1.139,8.227,1.492
histogram,adaptive,combined,66,1,0,1.0,111.07,-48.93,5.11,16.816,1.138,8.316,1.443
histogram,adaptive,combined,67,1,0,1.0,111.06,-48.94,5.091,16.569,1.142,8.245,1.309
histogram,adaptive,combined,68,1,0,1.0,110.57,-49.43,5.097,16.58,1.148,8.343,1.241
histogram,adaptive,combined,69,1,0,1.0,112.08,-47.92,5.532,16.96,1.185,8.253,1.247
histogram,adaptive,combined,70,0,0,0.0,0.0,,3.392,14.995,1.163,8.377,1.244
histogram,adaptive,combined,71,0,0,0.0,0.0,,3.424,14.799,1.179,8.222,1.234
histogram,adaptive,combined,72,1,0,1.0,110.58,-49.42,5.18,16.874,1.155,8.342,1.431
histogram,adaptive,combined,73,1,0,1.0,111.09,-48.91,5.142,16.815,1.193,8.323,1.411
histogram,adaptive,combined,74,1,0,1.0,112.08,-47.92,5.202,16.688,1.219,8.294,1.215
histogram,adaptive,combined,75,1,0,1.0,112.08,-47.92,5.197,16.519,1.124,8.241,1.216
histogram,adaptive,combined,76,1,0,1.0,111.09,-48.91,5.11,16.575,1.129,8.3,1.221
histogram,adaptive,combined,77,1,0,1.0,111.09,-48.91,5.091,16.546,1.139,8.254,1.286
histogram,adaptive,combined,78,1,0,1.0,111.09,-48.91,5.089,16.736,1.141,8.378,1.379
histogram,adaptive,combined,79,1,0,1.0,111.09,-48.91,5.189,16.601,1.19,8.255,1.22
histogram,adaptive,combined,80,1,0,1.0,108.56,-51.44,5.139,16.712,1.146,8.3,1.311
histogram,adaptive,combined,81,1,0,1.0,110.05,-49.95,5.171,16.582,1.123,8.239,1.294
histogram,adaptive,combined,82,1,0,1.0,110.05,-49.95,5.099,16.574,1.138,8.302,1.286
histogram,adaptive,combined,83,1,0,1.0,108.08,-51.92,5.091,16.688,1.136,8.247,1.463
histogram,adaptive,combined,84,1,0,1.0,107.58,-52.42,5.09,16.544,1.192,8.309,1.201
histogram,adaptive,combined,85,1,0,1.0,107.58,-52.42,5.095,16.686,1.187,8.271,1.387
histogram,adaptive,combined,86,1,0,1.0,107.58,-52.42,5.167,16.658,1.156,8.287,1.225
histogram,adaptive,combined,87,1,0,1.0,109.58,-50.42,5.192,16.756,1.13,8.431,1.222
histogram,adaptive,combined,88,1,0,1.0,109.58,-50.42,5.108,16.582,1.135,8.271,1.323
histogram,adaptive,combined,89,1,0,1.0,109.08,-50.92,5.136,16.485,1.129,8.208,1.27
histogram,adaptive,combined,90,1,0,1.0,109.08,-50.92,5.101,16.594,1.185,8.33,1.22
histogram,adaptive,combined,91,1,0,1.0,108.08,-51.92,5.084,16.823,1.362,8.23,1.404
histogram,adaptive,combined,92,1,0,1.0,108.08,-51.92,5.288,17.019,1.144,8.281,1.553
histogram,adaptive,combined,93,1,0,1.0,108.09,-51.91,5.07,16.671,1.134,8.202,1.512
histogram,adaptive,combined,94,1,0,1.0,105.6,-54.4,5.087,16.715,1.147,8.279,1.455
histogram,adaptive,combined,95,1,0,1.0,105.6,-54.4,5.136,16.545,1.183,8.255,1.232
histogram,adaptive,combined,96,0,0,0.0,0.0,,3.363,15.115,1.199,8.309,1.472
histogram,adaptive,combined,97,1,0,1.0,112.04,-47.96,5.109,16.532,1.191,8.267,1.197
histogram,adaptive,combined,98,1,0,1.0,112.04,-47.96,5.091,16.822,1.199,8.394,1.387
histogram,adaptive,combined,99,1,0,1.0,112.04,-47.96,5.203,16.801,1.162,8.405,1.219
histogram,adaptive,combined,100,0,0,0.0,0.0,,3.272,14.915,1.143,8.364,1.346
histogram,adaptive,combined,101,1,1,0.6,142.07,-17.93,4.309,14.33,1.001,7.168,1.123
histogram,adaptive,combined,102,1,1,0.6,143.05,-16.95,4.327,14.581,0.991,7.19,1.396
histogram,adaptive,combined,103,1,1,0.6,143.05,-16.95,4.614,14.869,0.982,7.305,1.251
histogram,adaptive,combined,104,1,1,0.6,146.07,-13.93,4.261,14.445,0.993,7.236,1.215
histogram,adaptive,combined,105,1,1,0.6,208.08,48.08,4.303,14.434,0.981,7.139,1.346
histogram,adaptive,combined,106,1,1,0.6,208.08,48.08,4.285,14.421,0.995,7.206,1.269
histogram,adaptive,combined,107,1,1,0.6,188.01,28.01,4.263,14.281,1.041,7.115,1.17
histogram,adaptive,combined,108,1,1,0.6,188.01,28.01,4.295,14.295,1.005,7.203,1.123
histogram,adaptive,combined,109,1,1,0.6,208.15,48.15,4.299,14.254,0.986,7.153,1.078
histogram,adaptive,combined,110,1,1,0.6,208.15,48.15,4.341,14.343,0.99,7.185,1.087
histogram,adaptive,combined,111,1,1,0.6,208.15,48.15,4.253,14.308,0.993,7.121,1.268
histogram,adaptive,combined,112,1,1,0.6,120.24,-39.76,4.28,14.31,1.042,7.197,1.117
histogram,adaptive,combined,113,1,1,0.6,123.22,-36.78,4.259,14.262,0.982,7.145,1.2
histogram,adaptive,combined,114,1,1,0.6,123.22,-36.78,4.342,14.528,1.0,7.245,1.195
histogram,adaptive,combined,115,1,1,0.6,128.25,-31.75,4.841,16.432,1.137,8.31,1.405
histogram,adaptive,combined,116,1,1,0.6,128.25,-31.75,4.837,16.351,1.207,8.298,1.262
histogram,adaptive,combined,117,1,1,0.6,130.27,-29.73,4.871,16.43,1.177,8.235,1.372
histogram,adaptive,combined,118,1,1,0.6,137.27,-22.73,4.858,16.294,1.139,8.283,1.2
histogram,adaptive,combined,119,1,1,0.6,137.27,-22.73,4.937,16.254,1.135,8.259,1.184
histogram,adaptive,combined,120,1,1,0.6,137.33,-22.67,4.953,16.345,1.141,8.326,1.188
histogram,adaptive,combined,121,1,1,0.6,124.32,-35.68,4.849,16.287,1.14,8.201,1.348
histogram,adaptive,combined,122,1,1,0.6,124.32,-35.68,4.877,16.34,1.14,8.313,1.265
histogram,adaptive,combined,123,1,1,0.6,209.25,49.25,4.846,16.397,1.137,8.233,1.423
histogram,adaptive,combined,124,1,1,0.6,209.25,49.25,4.839,16.425,1.144,8.28,1.369
histogram,adaptive,combined,125,1,1,0.6,192.33,32.33,4.836,16.33,1.182,8.232,1.342
histogram,adaptive,combined,126,1,1,0.6,165.3,5.3,4.851,16.441,1.193,8.314,1.335
histogram,adaptive,combined,127,1,1,0.6,165.3,5.3,4.891,16.333,1.2,8.223,1.242
histogram,adaptive,combined,128,0,0,0.0,0.0,,3.35,15.016,1.142,8.291,1.426
histogram,adaptive,combined,129,1,0,1.0,110.92,-49.08,5.127,16.521,1.189,8.226,1.234
histogram,adaptive,combined,130,1,0,1.0,110.92,-49.08,5.19,16.656,1.151,8.284,1.222
histogram,adaptive,combined,131,1,0,1.0,103.03,-56.97,5.219,16.497,1.145,8.196,1.188
histogram,adaptive,combined,132,1,0,1.0,103.03,-56.97,5.283,16.893,1.141,8.277,1.443
histogram,adaptive,combined,133,1,0,1.0,93.91,-66.09,4.507,16.109,1.316,8.205,1.308
histogram,adaptive,combined,134,1,0,1.0,93.91,-66.09,4.527,14.713,0.998,7.202,1.247
histogram,adaptive,combined,135,1,0,1.0,93.91,-66.09,4.478,14.508,0.993,7.136,1.234
histogram,adaptive,combined,136,1,0,0.9944,94.57,-65.43,4.435,14.419,1.042,7.162,1.117
histogram,adaptive,combined,137,1,0,1.0,91.65,-68.35,4.481,14.353,0.991,7.114,1.054
histogram,adaptive,combined,138,1,0,1.0,91.65,-68.35,4.436,14.538,0.982,7.221,1.228
histogram,adaptive,combined,139,1,0,1.0,91.65,-68.35,4.402,14.572,1.032,7.126,1.345
histogram,adaptive,combined,140,1,0,0.9583,86.03,-73.97,4.212,14.383,0.999,7.193,1.31
histogram,adaptive,combined,141,1,0,0.9792,86.04,-73.96,4.249,14.208,0.984,7.141,1.096
histogram,adaptive,combined,142,1,0,1.0,86.12,-73.88,4.274,14.426,1.002,7.191,1.23
histogram,adaptive,combined,143,1,0,1.0,86.12,-73.88,4.196,14.079,0.99,7.143,1.087
histogram,adaptive,combined,144,1,0,1.0,86.1,-73.9,4.205,14.366,1.043,7.185,1.253
histogram,adaptive,combined,145,1,0,1.0,86.22,-73.78,4.195,14.097,0.977,7.142,1.13
histogram,adaptive,combined,146,1,0,1.0,86.22,-73.78,4.238,14.283,1.038,7.147,1.193
histogram,adaptive,combined,147,1,0,1.0,86.22,-73.78,4.839,15.049,0.983,7.302,1.208
histogram,adaptive,combined,148,1,0,1.0,86.22,-73.78,4.808,16.301,1.147,8.27,1.246
histogram,adaptive,combined,149,1,0,1.0,86.24,-73.76,4.77,16.202,1.135,8.198,1.347
histogram,adaptive,combined,150,1,0,1.0,86.22,-73.78,4.753,16.454,1.146,8.313,1.495
histogram,adaptive,combined,151,1,0,1.0,86.22,-73.78,4.767,16.31,1.137,8.194,1.467
histogram,adaptive,combined,152,1,0,1.0,86.22,-73.78,4.784,16.759,1.138,8.472,1.565
histogram,adaptive,combined,153,1,0,0.95,86.14,-73.86,4.325,15.721,1.188,8.242,1.216
histogram,adaptive,combined,154,1,0,0.95,86.14,-73.86,4.237,14.329,1.042,7.184,1.187
histogram,adaptive,combined,155,1,0,0.95,86.14,-73.86,4.209,14.229,0.985,7.106,1.251
histogram,adaptive,combined,156,1,0,0.9736,86.18,-73.82,4.317,14.384,0.979,7.214,1.131
histogram,adaptive,combined,157,1,0,0.9236,86.13,-73.87,4.281,14.174,0.988,7.145,1.049
histogram,adaptive,combined,158,1,0,0.9236,86.13,-73.87,4.205,14.143,0.989,7.221,1.058
histogram,adaptive,combined,159,1,0,0.9389,86.14,-73.86,4.205,14.102,0.973,7.144,1.12
histogram,adaptive,combined,160,1,0,0.9625,90.64,-69.36,4.463,14.464,1.0,7.206,1.122
histogram,adaptive,combined,161,1,0,0.9514,86.2,-73.8,4.823,16.359,1.203,8.226,1.342
histogram,adaptive,combined,162,1,0,0.9514,86.2,-73.8,4.84,16.292,1.165,8.292,1.182
histogram,adaptive,combined,163,1,0,0.9611,86.16,-73.84,4.935,16.251,1.127,8.199,1.185
histogram,adaptive,combined,164,1,0,0.9611,86.16,-73.84,4.892,16.756,1.131,8.412,1.519
histogram,adaptive,combined,165,1,0,0.9889,86.13,-73.87,4.899,16.318,1.129,8.22,1.309
histogram,adaptive,combined,166,1,0,1.0,86.22,-73.78,5.024,16.736,1.142,8.394,1.426
histogram,adaptive,combined,167,1,0,1.0,86.22,-73.78,4.409,14.582,1.101,7.155,1.148
histogram,adaptive,combined,168,1,0,1.0,86.22,-73.78,4.219,14.16,0.986,7.196,1.075
histogram,adaptive,combined,169,1,0,1.0,89.05,-70.95,4.295,14.261,1.055,7.107,1.122
histogram,adaptive,combined,170,1,0,1.0,89.05,-70.95,4.229,14.172,0.984,7.222,1.074
histogram,adaptive,combined,171,1,0,1.0,89.05,-70.95,4.224,14.349,1.005,7.15,1.241
histogram,adaptive,combined,172,1,0,1.0,86.22,-73.78,4.218,14.228,0.996,7.211,1.059
histogram,adaptive,combined,173,1,0,1.0,86.22,-73.78,4.222,14.202,0.986,7.161,1.11
histogram,adaptive,combined,174,1,0,0.9639,86.08,-73.92,4.821,16.004,1.049,8.235,1.224
histogram,adaptive,combined,175,1,0,0.9639,86.08,-73.92,4.811,16.224,1.187,8.266,1.208
histogram,adaptive,combined,176,1,0,0.9347,86.18,-73.82,4.806,16.387,1.203,8.307,1.324
histogram,adaptive,combined,177,1,0,0.9375,87.18,-72.82,4.812,16.444,1.222,8.268,1.358
histogram,adaptive,combined,178,1,0,0.9375,87.18,-72.82,4.92,16.345,1.135,8.29,1.198
histogram,adaptive,combined,179,1,0,0.9375,87.18,-72.82,4.962,16.414,1.134,8.209,1.364
histogram,adaptive,combined,180,1,0,0.9361,86.12,-73.88,4.297,15.199,1.152,7.887,1.076
histogram,adaptive,combined,181,1,0,0.9431,86.13,-73.87,4.199,14.12,0.982,7.155,1.1
histogram,adaptive,combined,182,1,0,0.9736,86.11,-73.89,4.195,14.243,0.997,7.215,1.153
histogram,adaptive,combined,183,1,0,0.9736,86.11,-73.89,4.201,14.237,0.986,7.144,1.233
histogram,adaptive,combined,184,1,0,1.0,86.15,-73.85,4.206,14.401,1.034,7.174,1.307
histogram,adaptive,combined,185,1,0,1.0,92.68,-67.32,4.49,14.549,0.992,7.154,1.238
histogram,adaptive,combined,186,1,0,1.0,99.18,-60.82,4.516,14.717,0.996,7.231,1.217
histogram,adaptive,combined,187,1,0,1.0,99.18,-60.82,5.154,15.627,1.036,7.459,1.254
histogram,adaptive,combined,188,1,0,1.0,95.25,-64.75,5.1,16.511,1.187,8.308,1.172
histogram,adaptive,combined,189,1,0,1.0,93.73,-66.27,5.125,16.481,1.189,8.243,1.181
histogram,adaptive,combined,190,1,0,1.0,93.73,-66.27,5.194,16.76,1.146,8.32,1.295
histogram,adaptive,combined,191,1,0,1.0,93.73,-66.27,5.226,16.613,1.127,8.222,1.288
histogram,adaptive,combined,192,1,0,1.0,94.7,-65.3,5.119,16.742,1.149,8.296,1.431
histogram,adaptive,combined,193,1,0,1.0,93.2,-66.8,4.484,15.893,1.129,8.21,1.327
histogram,adaptive,combined,194,1,0,1.0,92.74,-67.26,4.588,14.54,0.989,7.211,1.072
histogram,adaptive,combined,195,1,0,1.0,92.74,-67.26,4.452,14.304,0.981,7.137,1.044
histogram,adaptive,combined,196,1,0,1.0,91.22,-68.78,4.425,14.473,1.045,7.176,1.139
histogram,adaptive,combined,197,1,0,1.0,87.35,-72.65,4.275,14.253,0.986,7.138,1.138
histogram,adaptive,combined,198,1,0,1.0,87.35,-72.65,4.25,14.34,0.986,7.232,1.138
histogram,adaptive,combined,199,1,0,1.0,86.24,-73.76,4.729,14.82,0.992,7.15,1.175
histogram,adaptive,combined,200,1,0,1.0,86.24,-73.76,4.863,15.183,1.005,7.391,1.234
histogram,adaptive,combined,201,1,0,1.0,86.22,-73.78,4.963,16.208,1.122,8.213,1.165
histogram,adaptive,combined,202,1,0,1.0,86.22,-73.78,4.9,16.25,1.13,8.278,1.201
histogram,adaptive,combined,203,1,0,1.0,86.22,-73.78,4.916,16.186,1.127,8.194,1.202
histogram,adaptive,combined,204,1,0,1.0,86.22,-73.78,4.824,16.244,1.142,8.28,1.245
histogram,adaptive,combined,205,1,0,1.0,86.22,-73.78,4.831,16.146,1.13,8.184,1.247
histogram,adaptive,combined,206,1,0,1.0,86.22,-73.78,4.554,15.998,1.163,8.277,1.257
histogram,adaptive,combined,207,1,0,1.0,86.22,-73.78,4.245,14.22,0.987,7.104,1.167
histogram,adaptive,combined,208,1,0,1.0,86.22,-73.78,4.191,14.257,0.984,7.224,1.137
histogram,adaptive,combined,209,1,0,1.0,90.52,-69.48,4.403,14.414,1.001,7.143,1.132
histogram,adaptive,combined,210,1,0,1.0,90.52,-69.48,4.391,14.378,0.993,7.191,1.129
histogram,adaptive,combined,211,1,0,1.0,110.02,-49.98,4.491,14.397,1.031,7.084,1.122
histogram,adaptive,combined,212,1,0,1.0,110.02,-49.98,4.549,14.568,1.0,7.2,1.131
histogram,adaptive,combined,213,1,1,0.6,217.12,57.12,4.337,14.295,0.982,7.176,1.108
histogram,adaptive,combined,214,1,1,0.6,217.12,57.12,4.317,14.353,0.991,7.216,1.157
histogram,adaptive,combined,215,1,1,0.6,112.96,-47.04,4.293,14.142,0.985,7.124,1.072
histogram,adaptive,combined,216,1,1,0.6,126.96,-33.04,4.235,14.273,1.041,7.167,1.142
histogram,adaptive,combined,217,1,1,0.6,116.97,-43.03,4.32,14.274,0.986,7.12,1.129
histogram,adaptive,combined,218,1,0,1.0,121.5,-38.5,4.459,14.488,0.988,7.233,1.091
histogram,adaptive,combined,219,1,0,1.0,121.5,-38.5,4.828,14.818,0.994,7.206,1.114
histogram,adaptive,combined,220,1,0,1.0,86.25,-73.75,4.384,14.36,0.999,7.213,1.082
histogram,adaptive,combined,221,0,0,0.0,0.0,,3.419,14.817,1.136,8.207,1.238
histogram,adaptive,combined,222,0,0,0.0,0.0,,3.401,14.898,1.247,8.333,1.169
histogram,adaptive,combined,223,0,0,0.0,0.0,,3.382,14.793,1.153,8.221,1.302
histogram,adaptive,combined,224,0,0,0.0,0.0,,3.369,14.767,1.14,8.282,1.218
histogram,adaptive,combined,225,1,0,0.9375,193.99,33.99,5.098,16.477,1.19,8.228,1.214
histogram,adaptive,combined,226,1,0,0.9375,193.99,33.99,5.189,16.727,1.133,8.334,1.225
histogram,adaptive,combined,227,1,0,0.9292,197.87,37.87,4.576,15.744,1.138,8.07,1.195
histogram,adaptive,combined,228,1,0,0.9292,197.87,37.87,4.503,14.562,0.983,7.208,1.193
histogram,adaptive,combined,229,1,0,0.9458,203.17,43.17,4.72,14.763,1.031,7.116,1.218
histogram,adaptive,combined,230,1,0,0.9333,201.42,41.42,4.515,14.934,1.055,7.481,1.109
histogram,adaptive,combined,231,1,0,0.9333,201.42,41.42,4.522,14.491,0.982,7.134,1.175
histogram,adaptive,combined,232,1,0,0.9278,201.02,41.02,4.556,14.737,1.049,7.272,1.183
histogram,adaptive,combined,233,1,0,0.9319,198.52,38.52,4.849,14.999,0.993,7.22,1.193
histogram,adaptive,combined,234,1,0,0.9306,206.15,46.15,5.304,16.048,0.99,7.797,1.259
histogram,adaptive,combined,235,1,0,0.9306,206.15,46.15,5.187,16.594,1.128,8.207,1.331
histogram,adaptive,combined,236,1,0,0.9264,197.03,37.03,5.169,16.695,1.145,8.293,1.334
histogram,adaptive,combined,237,1,0,0.9306,202.94,42.94,5.17,16.654,1.191,8.236,1.282
histogram,adaptive,combined,238,1,0,0.9306,202.94,42.94,5.215,16.842,1.209,8.291,1.378
histogram,adaptive,combined,239,1,0,0.9319,195.02,35.02,5.227,16.718,1.131,8.214,1.397
histogram,adaptive,combined,240,1,0,0.9319,195.02,35.02,5.11,16.638,1.14,8.313,1.326
histogram,adaptive,combined,241,1,0,0.9292,206.64,46.64,5.162,16.588,1.13,8.197,1.353
histogram,adaptive,combined,242,1,0,0.9278,193.53,33.53,5.135,16.773,1.193,8.316,1.378
histogram,adaptive,combined,243,1,0,0.9278,193.53,33.53,5.143,16.689,1.183,8.229,1.394
histogram,adaptive,combined,244,1,0,0.9278,199.51,39.51,5.219,16.761,1.141,8.285,1.367
histogram,adaptive,combined,245,1,0,0.9319,203.92,43.92,5.17,16.58,1.13,8.189,1.34
histogram,adaptive,combined,246,1,0,0.9319,203.92,43.92,4.517,15.783,1.138,8.099,1.296
histogram,adaptive,combined,247,1,0,0.9306,202.95,42.95,4.518,14.463,0.997,7.11,1.136
histogram,adaptive,combined,248,1,0,0.9306,202.95,42.95,4.503,14.599,0.999,7.243,1.124
histogram,adaptive,combined,249,1,0,0.9333,202.96,42.96,4.552,14.583,1.039,7.123,1.199
histogram,adaptive,combined,250,1,0,0.9333,202.96,42.96,4.495,14.51,0.986,7.218,1.139
histogram,adaptive,combined,251,1,0,0.9361,199.5,39.5,4.497,14.513,0.993,7.152,1.134
histogram,adaptive,combined,252,1,0,0.9361,199.5,39.5,4.484,14.556,0.994,7.218,1.186
histogram,adaptive,combined,253,1,0,0.9292,195.52,35.52,5.187,15.821,1.018,7.485,1.396
histogram,adaptive,combined,254,1,0,0.9292,195.52,35.52,5.098,16.755,1.129,8.294,1.485
histogram,adaptive,combined,255,1,0,0.9292,195.52,35.52,5.127,16.569,1.136,8.197,1.364
histogram,adaptive,combined,256,1,0,0.9306,207.1,47.1,5.179,16.838,1.143,8.378,1.387
histogram,adaptive,combined,257,1,0,0.9333,202.01,42.01,5.101,16.687,1.184,8.228,1.39
histogram,adaptive,combined,258,1,0,0.9333,202.01,42.01,5.175,16.713,1.14,8.313,1.282
histogram,adaptive,combined,259,1,0,0.9264,194.03,34.03,5.098,16.646,1.139,8.199,1.467
histogram,adaptive,combined,260,1,0,0.9292,195.03,35.03,5.115,16.667,1.143,8.3,1.36
histogram,adaptive,combined,261,1,0,0.9292,194.53,34.53,5.249,16.693,1.129,8.274,1.291
histogram,adaptive,combined,262,1,0,0.9292,194.53,34.53,5.142,16.807,1.18,8.331,1.399
histogram,adaptive,combined,263,1,0,0.9278,195.03,35.03,5.2,16.911,1.136,8.189,1.581
histogram,adaptive,combined,264,1,0,0.9278,195.03,35.03,5.554,17.476,1.134,8.464,1.572
histogram,adaptive,combined,265,1,0,0.9306,194.52,34.52,5.13,16.614,1.191,8.267,1.255
histogram,adaptive,combined,266,1,0,0.9306,194.52,34.52,5.095,16.777,1.199,8.367,1.368
histogram,adaptive,combined,267,1,0,0.9333,195.52,35.52,5.192,16.704,1.142,8.278,1.253
histogram,adaptive,combined,268,1,0,0.9333,195.52,35.52,5.138,16.641,1.131,8.315,1.246
histogram,adaptive,combined,269,1,0,0.9333,195.53,35.53,5.085,16.662,1.135,8.256,1.439
histogram,adaptive,combined,270,1,0,0.9333,195.53,35.53,5.094,16.686,1.137,8.345,1.367
histogram,adaptive,combined,271,1,0,0.9292,202.98,42.98,5.147,16.729,1.187,8.273,1.373
histogram,adaptive,combined,272,1,0,0.9292,202.98,42.98,5.191,16.854,1.149,8.31,1.368
histogram,adaptive,combined,273,1,0,0.9306,202.48,42.48,5.201,16.541,1.135,8.208,1.25
histogram,adaptive,combined,274,1,0,0.9292,195.03,35.03,5.108,16.574,1.131,8.269,1.317
histogram,adaptive,combined,275,1,0,0.9292,195.03,35.03,5.108,16.542,1.128,8.233,1.326
histogram,adaptive,combined,276,1,0,0.9319,202.49,42.49,5.099,16.568,1.183,8.292,1.252
histogram,adaptive,combined,277,1,0,0.9292,206.65,46.65,5.12,16.718,1.176,8.289,1.351
histogram,adaptive,combined,278,1,0,0.9292,203.94,43.94,5.205,16.672,1.149,8.268,1.248
histogram,adaptive,combined,279,1,0,0.9292,203.94,43.94,5.152,16.73,1.137,8.255,1.385
histogram,adaptive,combined,280,1,0,0.9292,202.97,42.97,5.111,16.734,1.131,8.29,1.452
histogram,adaptive,combined,281,1,0,0.9292,203.44,43.44,5.108,16.534,1.135,8.272,1.266
histogram,adaptive,combined,282,1,0,0.9347,195.52,35.52,5.115,16.612,1.194,8.303,1.259
histogram,adaptive,combined,283,1,0,0.9347,195.52,35.52,5.164,16.827,1.197,8.447,1.277
histogram,adaptive,combined,284,1,0,0.9292,199.53,39.53,5.721,17.28,1.137,8.401,1.255
histogram,adaptive,combined,285,1,0,0.9319,207.15,47.15,5.29,18.082,1.435,8.58,2.014
histogram,adaptive,combined,286,1,0,0.9306,206.63,46.63,5.231,16.776,1.15,8.299,1.27
histogram,adaptive,combined,287,1,0,0.9306,206.63,46.63,5.196,16.661,1.136,8.207,1.281
histogram,adaptive,combined,288,1,0,0.9306,199.02,39.02,5.134,16.738,1.133,8.28,1.445
histogram,adaptive,combined,289,1,0,0.9333,203.47,43.47,5.131,16.557,1.145,8.264,1.268
histogram,adaptive,combined,290,1,0,0.9333,203.47,43.47,5.884,17.552,1.187,8.356,1.374
histogram,adaptive,combined,291,1,0,0.9319,202.47,42.47,5.28,16.789,1.151,8.315,1.274
histogram,adaptive,combined,292,1,0,0.9319,199.52,39.52,5.165,16.82,1.127,8.316,1.459
histogram,adaptive,combined,293,1,0,0.9319,195.52,35.52,5.142,16.587,1.141,8.288,1.272
histogram,adaptive,combined,294,1,0,0.9319,195.52,35.52,5.754,17.46,1.202,8.347,1.377
histogram,adaptive,combined,295,1,0,0.9278,200.0,40.0,4.557,15.777,1.156,8.098,1.222
histogram,adaptive,combined,296,1,0,0.9306,202.98,42.98,4.52,14.65,0.991,7.244,1.224
histogram,adaptive,combined,297,1,0,0.9292,205.65,45.65,4.506,14.557,1.034,7.094,1.216
histogram,adaptive,combined,298,1,0,0.9292,205.65,45.65,4.575,14.628,0.992,7.267,1.116
histogram,adaptive,combined,299,1,0,0.9306,199.51,39.51,4.488,14.628,0.989,7.171,1.269
histogram,adaptive,combined,300,1,0,0.9306,199.51,39.51,4.535,14.609,1.035,7.159,1.2
histogram,adaptive,combined,301,1,0,0.9319,199.02,39.02,4.642,14.54,0.984,7.104,1.135
histogram,adaptive,combined,302,1,0,0.9306,199.53,39.53,4.497,14.616,0.99,7.223,1.234
histogram,adaptive,combined,303,1,0,0.9306,199.53,39.53,4.515,14.592,1.054,7.148,1.206
histogram,adaptive,combined,304,1,0,0.9333,199.02,39.02,4.507,14.486,0.987,7.19,1.132
histogram,adaptive,combined,305,1,0,0.9306,202.46,42.46,4.506,14.484,0.985,7.171,1.152
histogram,adaptive,combined,306,1,0,0.9333,199.02,39.02,4.487,14.543,1.036,7.162,1.183
histogram,adaptive,combined,307,1,0,0.9333,199.02,39.02,4.545,14.518,0.993,7.116,1.157
histogram,adaptive,combined,308,1,0,0.9306,166.5,6.5,4.524,14.688,0.989,7.226,1.214
histogram,adaptive,combined,309,0,0,0.0,0.0,,3.381,14.216,0.982,7.664,1.503
histogram,adaptive,combined,310,1,0,0.9569,202.98,42.98,5.209,16.663,1.134,8.262,1.238
histogram,adaptive,combined,311,1,0,0.9569,202.98,42.98,5.199,16.65,1.146,8.214,1.339
histogram,adaptive,combined,312,1,0,0.9375,204.41,44.41,5.17,16.689,1.131,8.347,1.286
histogram,adaptive,combined,313,1,0,0.95,198.55,38.55,5.197,16.652,1.185,8.224,1.299
histogram,adaptive,combined,314,1,0,0.95,198.55,38.55,5.267,16.79,1.146,8.295,1.276
histogram,adaptive,combined,315,1,0,0.9375,198.02,38.02,5.289,16.633,1.136,8.194,1.254
histogram,adaptive,combined,316,1,0,0.9278,200.95,40.95,5.193,16.701,1.146,8.292,1.323
histogram,adaptive,combined,317,1,0,0.9347,198.52,38.52,5.196,16.769,1.142,8.213,1.433
histogram,adaptive,combined,318,1,0,0.9347,198.52,38.52,5.177,16.682,1.198,8.307,1.246
histogram,adaptive,combined,319,1,0,0.9319,203.43,43.43,5.262,16.702,1.146,8.228,1.249
histogram,adaptive,combined,320,1,0,0.9264,205.97,45.97,5.257,16.804,1.14,8.287,1.372
histogram,adaptive,combined,321,1,0,0.9292,203.47,43.47,5.205,16.634,1.143,8.211,1.331
histogram,adaptive,combined,322,1,0,0.9292,203.47,43.47,5.143,16.642,1.142,8.29,1.312
histogram,adaptive,combined,323,1,0,0.9306,198.51,38.51,5.147,16.594,1.19,8.241,1.27
histogram,adaptive,combined,324,1,0,0.9306,198.51,38.51,5.223,16.864,1.215,8.3,1.377
histogram,adaptive,combined,325,1,0,0.9306,199.53,39.53,5.228,16.734,1.135,8.229,1.395
histogram,adaptive,combined,326,1,0,0.9306,199.53,39.53,5.647,17.387,1.147,8.399,1.432
histogram,adaptive,combined,327,1,0,0.9278,198.05,38.05,4.525,16.005,1.183,8.273,1.249
histogram,adaptive,combined,328,1,0,0.9278,198.05,38.05,4.556,14.753,1.042,7.166,1.313
histogram,adaptive,combined,329,1,0,0.9292,199.53,39.53,4.518,14.454,0.993,7.129,1.136
histogram,adaptive,combined,330,1,0,0.9292,199.53,39.53,4.464,14.681,0.993,7.256,1.237
histogram,adaptive,combined,331,1,0,0.9306,201.02,41.02,4.507,14.651,1.035,7.115,1.322
histogram,adaptive,combined,332,1,0,0.9306,201.02,41.02,4.491,14.606,0.982,7.214,1.245
histogram,adaptive,combined,333,1,0,0.9264,198.53,38.53,4.509,14.599,0.992,7.185,1.237
histogram,adaptive,combined,334,1,0,0.9264,198.53,38.53,4.485,14.693,1.033,7.17,1.326
histogram,adaptive,combined,335,1,0,0.9292,199.52,39.52,4.648,14.571,0.984,7.13,1.138
histogram,adaptive,combined,336,1,0,0.925,167.0,7.0,4.575,14.689,0.987,7.221,1.229
histogram,adaptive,combined,337,1,0,0.9292,199.53,39.53,4.485,14.648,1.045,7.095,1.312
histogram,adaptive,combined,338,1,0,0.9292,199.53,39.53,4.562,14.67,1.004,7.206,1.225
histogram,adaptive,combined,339,1,0,0.9278,202.92,42.92,4.533,14.47,0.982,7.158,1.12
histogram,adaptive,combined,340,1,0,0.9264,203.38,43.38,4.509,14.63,1.044,7.205,1.191
histogram,adaptive,combined,341,1,0,0.9278,165.99,5.99,5.15,15.732,0.994,7.567,1.27
histogram,adaptive,combined,342,1,0,0.9278,165.99,5.99,5.095,16.74,1.144,8.277,1.468
histogram,adaptive,combined,343,1,0,0.9292,200.03,40.03,5.149,16.605,1.141,8.311,1.264
histogram,adaptive,combined,344,1,0,0.9292,204.3,44.3,5.113,16.735,1.188,8.307,1.377
histogram,adaptive,combined,345,1,0,0.9292,203.87,43.87,5.212,16.645,1.139,8.208,1.285
histogram,adaptive,combined,346,1,0,0.9292,203.87,43.87,5.242,16.674,1.141,8.275,1.259
histogram,adaptive,combined,347,1,0,0.9278,203.87,43.87,5.319,17.008,1.138,8.219,1.482
histogram,adaptive,combined,348,1,0,0.9278,203.87,43.87,5.115,16.634,1.15,8.346,1.275
histogram,adaptive,combined,349,1,0,0.925,166.5,6.5,5.145,16.594,1.178,8.256,1.263
histogram,adaptive,combined,350,1,0,0.9278,169.84,9.84,5.204,16.712,1.189,8.295,1.267
histogram,adaptive,combined,351,1,0,0.9278,169.84,9.84,5.253,16.654,1.127,8.251,1.273
histogram,adaptive,combined,352,1,0,0.9306,167.51,7.51,5.118,16.607,1.141,8.277,1.325
histogram,adaptive,combined,353,1,0,0.9306,200.51,40.51,5.481,17.069,1.14,8.23,1.47
histogram,adaptive,combined,354,1,0,0.9306,203.87,43.87,5.119,16.938,1.321,8.447,1.254
histogram,adaptive,combined,355,1,0,0.9306,203.87,43.87,5.233,16.708,1.143,8.241,1.271
histogram,adaptive,combined,356,1,0,0.9292,200.02,40.02,5.169,16.69,1.136,8.298,1.253
histogram,adaptive,combined,357,1,0,0.9264,169.39,9.39,5.114,16.727,1.127,8.249,1.458
histogram,adaptive,combined,358,1,0,0.9292,170.39,10.39,5.566,17.231,1.132,8.402,1.383
histogram,adaptive,combined,359,1,0,0.9292,170.39,10.39,4.519,15.818,1.273,8.151,1.135
histogram,adaptive,combined,360,1,0,0.9292,203.89,43.89,4.499,14.676,1.042,7.174,1.292
