algorithm,threshold,hist_source,frame,detected,inferred,confidence,lane_center,error_px,detect_ms,total_ms,t_blur,t_threshold,t_canny
canny_hough,fixed,edges,0,0,0,0.0,0.0,,13.247,122.692,105.932,0.294,2.069
canny_hough,fixed,edges,1,0,0,0.0,0.0,,2.155,6.307,1.451,0.175,1.256
canny_hough,fixed,edges,2,0,0,0.0,0.0,,0.806,4.239,1.208,0.209,1.205
canny_hough,fixed,edges,3,0,0,0.0,0.0,,0.934,4.27,1.133,0.19,1.13
canny_hough,fixed,edges,4,0,0,0.0,0.0,,0.865,4.263,1.168,0.175,1.134
canny_hough,fixed,edges,5,0,0,0.0,0.0,,0.931,4.341,1.333,0.161,1.115
canny_hough,fixed,edges,6,0,0,0.0,0.0,,1.075,6.931,1.41,0.291,3.202
canny_hough,fixed,edges,7,0,0,0.0,0.0,,0.931,4.963,1.375,0.298,1.364
canny_hough,fixed,edges,8,0,0,0.0,0.0,,0.768,4.173,1.279,0.179,1.095
canny_hough,fixed,edges,9,0,0,0.0,0.0,,0.827,3.696,1.019,0.148,1.0
canny_hough,fixed,edges,10,0,0,0.0,0.0,,0.738,4.02,1.303,0.132,1.087
canny_hough,fixed,edges,11,0,0,0.0,0.0,,0.761,3.918,1.22,0.127,1.043
canny_hough,fixed,edges,12,0,0,0.0,0.0,,0.768,3.916,1.063,0.134,1.04
canny_hough,fixed,edges,13,0,0,0.0,0.0,,0.763,4.063,1.295,0.162,1.042
canny_hough,fixed,edges,14,0,0,0.0,0.0,,0.751,4.044,1.302,0.146,1.124
canny_hough,fixed,edges,15,0,0,0.0,0.0,,0.737,4.123,1.366,0.161,1.14
canny_hough,fixed,edges,16,0,0,0.0,0.0,,0.735,5.31,1.259,0.141,2.493
canny_hough,fixed,edges,17,0,0,0.0,0.0,,0.749,3.847,1.179,0.172,1.043
canny_hough,fixed,edges,18,0,0,0.0,0.0,,0.759,3.791,1.124,0.159,1.04
canny_hough,fixed,edges,19,0,0,0.0,0.0,,0.757,4.115,1.355,0.182,1.063
canny_hough,fixed,edges,20,0,0,0.0,0.0,,0.76,4.061,1.355,0.166,1.049
canny_hough,fixed,edges,21,0,0,0.0,0.0,,0.756,4.104,1.349,0.17,1.115
canny_hough,fixed,edges,22,0,0,0.0,0.0,,0.769,4.089,1.346,0.173,1.063
canny_hough,fixed,edges,23,0,0,0.0,0.0,,0.748,4.568,1.853,0.183,1.052
canny_hough,fixed,edges,24,0,0,0.0,0.0,,0.741,4.134,1.364,0.161,1.076
canny_hough,fixed,edges,25,0,0,0.0,0.0,,0.761,3.948,1.143,0.155,1.067
canny_hough,fixed,edges,26,0,0,0.0,0.0,,0.751,3.787,1.041,0.138,1.052
canny_hough,fixed,edges,27,0,0,0.0,0.0,,0.755,4.065,1.311,0.158,1.061
canny_hough,fixed,edges,28,0,0,0.0,0.0,,0.805,4.102,1.275,0.155,1.07
canny_hough,fixed,edges,29,0,0,0.0,0.0,,0.739,3.848,1.172,0.16,1.059
canny_hough,fixed,edges,30,0,0,0.0,0.0,,0.747,3.686,1.017,0.13,1.062
canny_hough,fixed,edges,31,0,0,0.0,0.0,,0.758,4.055,1.321,0.151,1.06
canny_hough,fixed,edges,32,0,0,0.0,0.0,,0.745,3.771,1.06,0.145,1.04
canny_hough,fixed,edges,33,0,0,0.0,0.0,,0.76,4.088,1.326,0.167,1.054
canny_hough,fixed,edges,34,0,0,0.0,0.0,,0.827,4.542,1.785,0.17,1.038
canny_hough,fixed,edges,35,0,0,0.0,0.0,,0.783,4.182,1.355,0.157,1.076
canny_hough,fixed,edges,36,0,0,0.0,0.0,,0.788,4.173,1.323,0.175,1.158
canny_hough,fixed,edges,37,0,0,0.0,0.0,,0.789,4.188,1.314,0.179,1.152
canny_hough,fixed,edges,38,0,0,0.0,0.0,,0.699,3.513,0.987,0.102,0.968
canny_hough,fixed,edges,39,0,0,0.0,0.0,,0.824,3.569,0.978,0.101,0.989
canny_hough,fixed,edges,40,0,0,0.0,0.0,,0.808,3.526,0.979,0.107,0.981
canny_hough,fixed,edges,41,0,0,0.0,0.0,,0.691,3.416,0.985,0.099,0.97
canny_hough,fixed,edges,42,0,0,0.0,0.0,,0.717,3.547,0.992,0.105,0.986
canny_hough,fixed,edges,43,0,0,0.0,0.0,,0.687,3.591,1.14,0.112,0.989
canny_hough,fixed,edges,44,0,0,0.0,0.0,,0.69,3.474,1.037,0.113,0.98
canny_hough,fixed,edges,45,0,0,0.0,0.0,,0.706,3.529,0.99,0.181,0.982
canny_hough,fixed,edges,46,0,0,0.0,0.0,,0.698,3.499,0.985,0.102,1.07
canny_hough,fixed,edges,47,0,0,0.0,0.0,,0.704,3.564,1.022,0.105,1.07
canny_hough,fixed,edges,48,0,0,0.0,0.0,,0.704,3.582,0.992,0.097,1.059
canny_hough,fixed,edges,49,0,0,0.0,0.0,,0.741,3.487,0.976,0.101,1.008
canny_hough,fixed,edges,50,0,0,0.0,0.0,,0.66,3.3,0.987,0.1,0.897
canny_hough,fixed,edges,51,0,0,0.0,0.0,,0.672,3.342,0.974,0.097,0.918
canny_hough,fixed,edges,52,0,0,0.0,0.0,,0.675,3.41,1.073,0.097,0.908
canny_hough,fixed,edges,53,0,0,0.0,0.0,,0.672,3.133,1.052,0.103,0.66
canny_hough,fixed,edges,54,0,0,0.0,0.0,,0.681,3.414,0.977,0.092,1.03
canny_hough,fixed,edges,55,0,0,0.0,0.0,,0.672,3.407,0.973,0.088,0.947
canny_hough,fixed,edges,56,0,0,0.0,0.0,,0.681,2.741,0.629,0.094,0.662
canny_hough,fixed,edges,57,0,0,0.0,0.0,,0.69,3.444,0.979,0.098,0.955
canny_hough,fixed,edges,58,0,0,0.0,0.0,,0.681,3.368,1.001,0.098,0.945
canny_hough,fixed,edges,59,0,0,0.0,0.0,,0.672,3.387,1.007,0.102,0.97
canny_hough,fixed,edges,60,0,0,0.0,0.0,,0.674,3.381,0.966,0.092,1.024
canny_hough,fixed,edges,61,0,0,0.0,0.0,,0.686,3.392,0.971,0.092,0.956
canny_hough,fixed,edges,62,0,0,0.0,0.0,,0.746,3.408,0.975,0.091,0.93
canny_hough,fixed,edges,63,0,0,0.0,0.0,,0.674,3.337,0.971,0.092,0.954
canny_hough,fixed,edges,64,0,0,0.0,0.0,,0.69,3.384,0.976,0.094,0.942
canny_hough,fixed,edges,65,0,0,0.0,0.0,,0.696,3.395,1.011,0.097,0.942
canny_hough,fixed,edges,66,0,0,0.0,0.0,,0.696,3.419,1.023,0.096,0.947
canny_hough,fixed,edges,67,0,0,0.0,0.0,,0.738,3.498,0.97,0.094,1.044
canny_hough,fixed,edges,68,0,0,0.0,0.0,,0.7,3.483,0.985,0.092,1.034
canny_hough,fixed,edges,69,0,0,0.0,0.0,,0.736,3.75,1.018,0.157,1.107
canny_hough,fixed,edges,70,0,0,0.0,0.0,,0.717,3.784,1.015,0.136,1.234
canny_hough,fixed,edges,71,0,0,0.0,0.0,,0.776,3.661,1.004,0.114,1.096
canny_hough,fixed,edges,72,0,0,0.0,0.0,,0.799,3.835,1.021,0.137,1.127
canny_hough,fixed,edges,73,0,0,0.0,0.0,,0.736,3.678,0.995,0.21,1.037
canny_hough,fixed,edges,74,0,0,0.0,0.0,,0.824,3.738,0.99,0.132,1.092
canny_hough,fixed,edges,75,0,0,0.0,0.0,,0.796,3.791,1.008,0.142,1.1
canny_hough,fixed,edges,76,0,0,0.0,0.0,,0.745,3.703,1.006,0.14,1.014
canny_hough,fixed,edges,77,0,0,0.0,0.0,,0.812,3.665,0.998,0.125,1.028
canny_hough,fixed,edges,78,0,0,0.0,0.0,,0.718,3.696,0.998,0.13,1.111
canny_hough,fixed,edges,79,0,0,0.0,0.0,,0.704,3.733,1.068,0.12,1.155
canny_hough,fixed,edges,80,0,0,0.0,0.0,,0.742,3.892,1.058,0.229,1.175
canny_hough,fixed,edges,81,0,0,0.0,0.0,,0.801,3.774,1.054,0.204,1.028
canny_hough,fixed,edges,82,0,0,0.0,0.0,,0.724,3.803,1.062,0.149,1.093
canny_hough,fixed,edges,83,0,0,0.0,0.0,,0.723,3.863,1.067,0.2,1.171
canny_hough,fixed,edges,84,0,0,0.0,0.0,,0.909,3.696,1.039,0.11,0.966
canny_hough,fixed,edges,85,0,0,0.0,0.0,,0.671,3.704,0.996,0.244,1.131
canny_hough,fixed,edges,86,0,0,0.0,0.0,,0.708,3.558,0.978,0.089,1.11
canny_hough,fixed,edges,87,0,0,0.0,0.0,,0.673,3.407,0.974,0.094,1.017
canny_hough,fixed,edges,88,0,0,0.0,0.0,,2.921,5.547,1.145,0.134,0.668
canny_hough,fixed,edges,89,0,0,0.0,0.0,,0.744,3.07,0.663,0.11,0.637
canny_hough,fixed,edges,90,0,0,0.0,0.0,,0.683,2.763,0.589,0.094,0.66
canny_hough,fixed,edges,91,0,0,0.0,0.0,,0.67,2.673,0.609,0.095,0.657
canny_hough,fixed,edges,92,0,0,0.0,0.0,,0.678,2.776,0.6,0.098,0.641
canny_hough,fixed,edges,93,0,0,0.0,0.0,,0.668,2.737,0.606,0.093,0.735
canny_hough,fixed,edges,94,0,0,0.0,0.0,,0.666,2.653,0.606,0.095,0.648
canny_hough,fixed,edges,95,0,0,0.0,0.0,,0.674,2.686,0.59,0.096,0.667
canny_hough,fixed,edges,96,0,0,0.0,0.0,,0.668,2.678,0.606,0.091,0.684
canny_hough,fixed,edges,97,0,0,0.0,0.0,,0.739,2.734,0.607,0.095,0.657
canny_hough,fixed,edges,98,0,0,0.0,0.0,,0.683,3.193,0.607,0.092,1.183
canny_hough,fixed,edges,99,0,0,0.0,0.0,,0.671,2.713,0.599,0.091,0.655
canny_hough,fixed,edges,100,0,0,0.0,0.0,,0.675,2.749,0.602,0.092,0.741
canny_hough,fixed,edges,101,0,0,0.0,0.0,,0.672,2.674,0.602,0.097,0.648
canny_hough,fixed,edges,102,0,0,0.0,0.0,,0.676,2.736,0.61,0.091,0.625
canny_hough,fixed,edges,103,0,0,0.0,0.0,,0.668,2.73,0.599,0.094,0.734
canny_hough,fixed,edges,104,0,0,0.0,0.0,,0.743,2.72,0.604,0.096,0.641
canny_hough,fixed,edges,105,0,0,0.0,0.0,,0.673,2.676,0.602,0.095,0.651
canny_hough,fixed,edges,106,0,0,0.0,0.0,,0.667,2.697,0.651,0.098,0.647
canny_hough,fixed,edges,107,0,0,0.0,0.0,,0.76,2.737,0.599,0.093,0.645
canny_hough,fixed,edges,108,0,0,0.0,0.0,,0.662,2.636,0.601,0.093,0.64
canny_hough,fixed,edges,109,0,0,0.0,0.0,,0.673,2.816,0.73,0.104,0.666
canny_hough,fixed,edges,110,0,0,0.0,0.0,,0.679,2.766,0.613,0.095,0.637
canny_hough,fixed,edges,111,0,0,0.0,0.0,,0.672,2.698,0.639,0.095,0.662
canny_hough,fixed,edges,112,0,0,0.0,0.0,,0.67,2.762,0.613,0.095,0.639
canny_hough,fixed,edges,113,0,0,0.0,0.0,,0.673,2.727,0.602,0.094,0.72
canny_hough,fixed,edges,114,0,0,0.0,0.0,,0.741,2.71,0.596,0.094,0.64
canny_hough,fixed,edges,115,0,0,0.0,0.0,,0.678,2.676,0.601,0.092,0.671
canny_hough,fixed,edges,116,0,0,0.0,0.0,,0.672,2.697,0.604,0.094,0.685
canny_hough,fixed,edges,117,0,0,0.0,0.0,,0.752,2.756,0.605,0.094,0.669
canny_hough,fixed,edges,118,0,0,0.0,0.0,,0.676,2.665,0.6,0.097,0.648
canny_hough,fixed,edges,119,0,0,0.0,0.0,,0.674,2.703,0.643,0.1,0.655
canny_hough,fixed,edges,120,0,0,0.0,0.0,,0.748,2.75,0.608,0.094,0.635
canny_hough,fixed,edges,121,0,0,0.0,0.0,,0.68,2.657,0.604,0.095,0.641
canny_hough,fixed,edges,122,0,0,0.0,0.0,,0.676,2.721,0.642,0.097,0.638
canny_hough,fixed,edges,123,0,0,0.0,0.0,,0.673,2.732,0.601,0.097,0.72
canny_hough,fixed,edges,124,0,0,0.0,0.0,,0.67,2.636,0.605,0.092,0.638
canny_hough,fixed,edges,125,0,0,0.0,0.0,,0.67,2.76,0.622,0.097,0.649
canny_hough,fixed,edges,126,0,0,0.0,0.0,,0.674,2.717,0.604,0.094,0.706
canny_hough,fixed,edges,127,0,0,0.0,0.0,,0.665,2.674,0.614,0.096,0.655
canny_hough,fixed,edges,128,0,0,0.0,0.0,,0.67,2.694,0.601,0.094,0.655
canny_hough,fixed,edges,129,0,0,0.0,0.0,,0.665,2.684,0.6,0.093,0.689
canny_hough,fixed,edges,130,0,0,0.0,0.0,,0.759,2.734,0.602,0.093,0.648
canny_hough,fixed,edges,131,0,0,0.0,0.0,,0.67,2.672,0.599,0.095,0.658
canny_hough,fixed,edges,132,0,0,0.0,0.0,,0.681,2.764,0.652,0.103,0.662
canny_hough,fixed,edges,133,0,0,0.0,0.0,,0.744,2.735,0.599,0.094,0.651
canny_hough,fixed,edges,134,0,0,0.0,0.0,,0.676,2.642,0.606,0.094,0.643
canny_hough,fixed,edges,135,0,0,0.0,0.0,,0.668,2.706,0.64,0.1,0.658
canny_hough,fixed,edges,136,0,0,0.0,0.0,,0.865,2.973,0.597,0.097,0.628
canny_hough,fixed,edges,137,0,0,0.0,0.0,,0.673,2.715,0.594,0.101,0.658
canny_hough,fixed,edges,138,0,0,0.0,0.0,,0.672,2.676,0.613,0.093,0.653
canny_hough,fixed,edges,139,0,0,0.0,0.0,,0.667,2.715,0.611,0.094,0.698
canny_hough,fixed,edges,140,0,0,0.0,0.0,,0.74,2.702,0.601,0.093,0.629
canny_hough,fixed,edges,141,0,0,0.0,0.0,,0.669,2.679,0.613,0.093,0.663
canny_hough,fixed,edges,142,0,0,0.0,0.0,,0.676,2.756,0.651,0.097,0.637
canny_hough,fixed,edges,143,0,0,0.0,0.0,,0.743,2.724,0.608,0.096,0.64
canny_hough,fixed,edges,144,0,0,0.0,0.0,,0.712,2.703,0.609,0.094,0.647
canny_hough,fixed,edges,145,0,0,0.0,0.0,,0.671,2.703,0.643,0.101,0.646
canny_hough,fixed,edges,146,0,0,0.0,0.0,,0.684,2.724,0.607,0.094,0.636
canny_hough,fixed,edges,147,0,0,0.0,0.0,,0.667,2.691,0.603,0.124,0.657
canny_hough,fixed,edges,148,0,0,0.0,0.0,,0.68,2.723,0.599,0.095,0.652
canny_hough,fixed,edges,149,0,0,0.0,0.0,,0.67,2.747,0.603,0.096,0.731
canny_hough,fixed,edges,150,0,0,0.0,0.0,,0.745,2.726,0.616,0.093,0.639
canny_hough,fixed,edges,151,0,0,0.0,0.0,,0.673,2.677,0.609,0.094,0.65
canny_hough,fixed,edges,152,0,0,0.0,0.0,,0.673,2.716,0.602,0.094,0.682
canny_hough,fixed,edges,153,0,0,0.0,0.0,,0.752,2.748,0.607,0.094,0.654
canny_hough,fixed,edges,154,0,0,0.0,0.0,,0.673,2.647,0.6,0.091,0.638
canny_hough,fixed,edges,155,0,0,0.0,0.0,,0.673,2.706,0.641,0.096,0.66
canny_hough,fixed,edges,156,0,0,0.0,0.0,,0.74,2.727,0.618,0.094,0.639
canny_hough,fixed,edges,157,0,0,0.0,0.0,,0.679,2.658,0.591,0.097,0.654
canny_hough,fixed,edges,158,0,0,0.0,0.0,,0.67,2.684,0.65,0.095,0.64
canny_hough,fixed,edges,159,0,0,0.0,0.0,,0.678,2.754,0.61,0.094,0.67
canny_hough,fixed,edges,160,0,0,0.0,0.0,,0.67,2.644,0.61,0.09,0.64
canny_hough,fixed,edges,161,0,0,0.0,0.0,,0.668,2.736,0.617,0.094,0.652
canny_hough,fixed,edges,162,0,0,0.0,0.0,,0.675,2.76,0.601,0.093,0.722
canny_hough,fixed,edges,163,0,0,0.0,0.0,,0.667,2.653,0.596,0.093,0.648
canny_hough,fixed,edges,164,0,0,0.0,0.0,,0.674,2.639,0.608,0.092,0.637
canny_hough,fixed,edges,165,0,0,0.0,0.0,,0.667,2.729,0.596,0.124,0.709
canny_hough,fixed,edges,166,0,0,0.0,0.0,,0.757,2.714,0.596,0.097,0.642
canny_hough,fixed,edges,167,0,0,0.0,0.0,,0.669,2.663,0.596,0.093,0.656
canny_hough,fixed,edges,168,0,0,0.0,0.0,,0.672,2.69,0.644,0.095,0.65
canny_hough,fixed,edges,169,0,0,0.0,0.0,,0.743,2.744,0.603,0.094,0.656
canny_hough,fixed,edges,170,0,0,0.0,0.0,,0.678,2.651,0.608,0.093,0.643
canny_hough,fixed,edges,171,0,0,0.0,0.0,,0.674,2.708,0.637,0.097,0.658
canny_hough,fixed,edges,172,0,0,0.0,0.0,,0.68,2.763,0.604,0.094,0.653
canny_hough,fixed,edges,173,0,0,0.0,0.0,,0.669,2.64,0.598,0.094,0.644
canny_hough,fixed,edges,174,0,0,0.0,0.0,,0.673,2.684,0.655,0.093,0.641
canny_hough,fixed,edges,175,0,0,0.0,0.0,,0.681,2.753,0.604,0.094,0.73
canny_hough,fixed,edges,176,0,0,0.0,0.0,,0.666,2.643,0.607,0.093,0.636
canny_hough,fixed,edges,177,0,0,0.0,0.0,,0.685,2.749,0.619,0.095,0.654
canny_hough,fixed,edges,178,0,0,0.0,0.0,,0.672,2.734,0.612,0.094,0.723
canny_hough,fixed,edges,179,0,0,0.0,0.0,,0.761,2.75,0.599,0.093,0.658
canny_hough,fixed,edges,180,0,0,0.0,0.0,,0.674,2.678,0.61,0.094,0.645
canny_hough,fixed,edges,181,0,0,0.0,0.0,,0.676,2.703,0.64,0.101,0.648
canny_hough,fixed,edges,182,0,0,0.0,0.0,,0.772,2.8,0.607,0.094,0.644
canny_hough,fixed,edges,183,0,0,0.0,0.0,,0.668,2.686,0.597,0.092,0.647
canny_hough,fixed,edges,184,0,0,0.0,0.0,,0.679,2.707,0.648,0.099,0.651
canny_hough,fixed,edges,185,0,0,0.0,0.0,,0.68,2.734,0.598,0.094,0.638
canny_hough,fixed,edges,186,0,0,0.0,0.0,,0.674,2.649,0.602,0.097,0.64
canny_hough,fixed,edges,187,0,0,0.0,0.0,,0.668,2.731,0.598,0.095,0.677
canny_hough,fixed,edges,188,0,0,0.0,0.0,,0.67,2.725,0.604,0.097,0.721
canny_hough,fixed,edges,189,0,0,0.0,0.0,,0.672,2.652,0.599,0.095,0.654
canny_hough,fixed,edges,190,0,0,0.0,0.0,,0.669,2.713,0.602,0.092,0.654
canny_hough,fixed,edges,191,0,0,0.0,0.0,,0.675,2.742,0.606,0.094,0.724
canny_hough,fixed,edges,192,0,0,0.0,0.0,,0.735,2.755,0.613,0.094,0.638
canny_hough,fixed,edges,193,0,0,0.0,0.0,,0.674,2.665,0.604,0.093,0.659
canny_hough,fixed,edges,194,0,0,0.0,0.0,,0.671,2.745,0.693,0.099,0.647
canny_hough,fixed,edges,195,0,0,0.0,0.0,,0.75,2.744,0.601,0.098,0.663
canny_hough,fixed,edges,196,0,0,0.0,0.0,,0.673,2.654,0.601,0.093,0.639
canny_hough,fixed,edges,197,0,0,0.0,0.0,,0.669,2.72,0.651,0.104,0.665
canny_hough,fixed,edges,198,0,0,0.0,0.0,,0.678,2.743,0.616,0.096,0.636
canny_hough,fixed,edges,199,0,0,0.0,0.0,,0.674,2.665,0.603,0.094,0.653
canny_hough,fixed,edges,200,0,0,0.0,0.0,,0.67,2.71,0.598,0.092,0.642
canny_hough,fixed,edges,201,0,0,0.0,0.0,,0.674,2.777,0.602,0.098,0.727
canny_hough,fixed,edges,202,0,0,0.0,0.0,,0.67,2.664,0.596,0.093,0.639
canny_hough,fixed,edges,203,0,0,0.0,0.0,,0.669,2.728,0.601,0.096,0.653
canny_hough,fixed,edges,204,0,0,0.0,0.0,,0.669,2.751,0.612,0.092,0.74
canny_hough,fixed,edges,205,0,0,0.0,0.0,,0.754,2.744,0.605,0.093,0.656
canny_hough,fixed,edges,206,0,0,0.0,0.0,,0.936,6.533,1.1,0.207,1.115
canny_hough,fixed,edges,207,0,0,0.0,0.0,,0.986,3.33,0.727,0.106,0.705
canny_hough,fixed,edges,208,0,0,0.0,0.0,,1.025,5.247,1.732,0.163,1.488
canny_hough,fixed,edges,209,0,0,0.0,0.0,,0.792,5.745,0.631,0.103,0.675
canny_hough,fixed,edges,210,0,0,0.0,0.0,,1.063,7.12,1.099,0.205,1.158
canny_hough,fixed,edges,211,0,0,0.0,0.0,,1.028,3.388,0.721,0.114,0.691
canny_hough,fixed,edges,212,0,0,0.0,0.0,,0.953,4.661,1.121,0.289,1.355
canny_hough,fixed,edges,213,0,0,0.0,0.0,,1.016,3.468,0.768,0.106,0.691
canny_hough,fixed,edges,214,0,0,0.0,0.0,,1.015,4.829,1.103,0.272,1.529
canny_hough,fixed,edges,215,0,0,0.0,0.0,,1.043,3.364,0.706,0.109,0.685
canny_hough,fixed,edges,216,0,0,0.0,0.0,,0.691,4.357,1.216,0.296,1.37
canny_hough,fixed,edges,217,0,0,0.0,0.0,,0.986,3.896,0.722,0.167,1.235
canny_hough,fixed,edges,218,0,0,0.0,0.0,,0.74,2.805,0.618,0.094,0.646
canny_hough,fixed,edges,219,0,0,0.0,0.0,,0.667,2.664,0.603,0.097,0.656
canny_hough,fixed,edges,220,0,0,0.0,0.0,,0.673,2.716,0.598,0.14,0.65
canny_hough,fixed,edges,221,0,0,0.0,0.0,,0.734,2.717,0.607,0.094,0.645
canny_hough,fixed,edges,222,0,0,0.0,0.0,,0.678,2.7,0.603,0.093,0.651
canny_hough,fixed,edges,223,0,0,0.0,0.0,,0.67,2.706,0.648,0.098,0.653
canny_hough,fixed,edges,224,0,0,0.0,0.0,,0.752,2.722,0.602,0.093,0.642
canny_hough,fixed,edges,225,0,0,0.0,0.0,,0.675,2.655,0.603,0.091,0.647
canny_hough,fixed,edges,226,0,0,0.0,0.0,,0.679,2.694,0.627,0.096,0.652
canny_hough,fixed,edges,227,0,0,0.0,0.0,,0.677,2.739,0.609,0.098,0.648
canny_hough,fixed,edges,228,0,0,0.0,0.0,,0.679,2.653,0.606,0.096,0.642
canny_hough,fixed,edges,229,0,0,0.0,0.0,,0.666,2.759,0.601,0.094,0.673
canny_hough,fixed,edges,230,0,0,0.0,0.0,,0.678,2.73,0.597,0.097,0.733
canny_hough,fixed,edges,231,0,0,0.0,0.0,,0.738,2.753,0.606,0.095,0.672
canny_hough,fixed,edges,232,0,0,0.0,0.0,,0.678,2.678,0.599,0.092,0.64
canny_hough,fixed,edges,233,0,0,0.0,0.0,,0.671,2.721,0.606,0.137,0.666
canny_hough,fixed,edges,234,0,0,0.0,0.0,,0.751,2.702,0.604,0.094,0.632
canny_hough,fixed,edges,235,0,0,0.0,0.0,,0.668,2.688,0.615,0.094,0.653
canny_hough,fixed,edges,236,0,0,0.0,0.0,,0.667,2.679,0.653,0.095,0.635
canny_hough,fixed,edges,237,0,0,0.0,0.0,,0.753,2.75,0.602,0.096,0.662
canny_hough,fixed,edges,238,0,0,0.0,0.0,,0.671,2.672,0.6,0.095,0.642
canny_hough,fixed,edges,239,0,0,0.0,0.0,,0.67,2.739,0.663,0.101,0.672
canny_hough,fixed,edges,240,0,0,0.0,0.0,,0.677,2.715,0.605,0.093,0.701
canny_hough,fixed,edges,241,0,0,0.0,0.0,,0.674,2.679,0.605,0.095,0.659
canny_hough,fixed,edges,242,0,0,0.0,0.0,,0.675,2.784,0.61,0.095,0.635
canny_hough,fixed,edges,243,0,0,0.0,0.0,,0.666,2.763,0.596,0.098,0.763
canny_hough,fixed,edges,244,0,0,0.0,0.0,,0.745,2.723,0.603,0.094,0.645
canny_hough,fixed,edges,245,0,0,0.0,0.0,,0.671,2.663,0.61,0.093,0.647
canny_hough,fixed,edges,246,0,0,0.0,0.0,,0.671,2.702,0.608,0.139,0.652
canny_hough,fixed,edges,247,0,0,0.0,0.0,,0.747,2.753,0.603,0.093,0.659
canny_hough,fixed,edges,248,0,0,0.0,0.0,,0.672,2.635,0.6,0.093,0.633
canny_hough,fixed,edges,249,0,0,0.0,0.0,,0.678,2.73,0.64,0.1,0.678
canny_hough,fixed,edges,250,0,0,0.0,0.0,,0.742,2.713,0.604,0.093,0.639
canny_hough,fixed,edges,251,0,0,0.0,0.0,,0.676,2.66,0.6,0.098,0.651
canny_hough,fixed,edges,252,0,0,0.0,0.0,,0.673,2.735,0.64,0.095,0.649
canny_hough,fixed,edges,253,0,0,0.0,0.0,,0.687,2.739,0.594,0.098,0.718
canny_hough,fixed,edges,254,0,0,0.0,0.0,,0.668,2.645,0.601,0.094,0.637
canny_hough,fixed,edges,255,0,0,0.0,0.0,,0.675,2.73,0.599,0.098,0.656
canny_hough,fixed,edges,256,0,0,0.0,0.0,,0.666,2.743,0.6,0.092,0.713
canny_hough,fixed,edges,257,0,0,0.0,0.0,,0.744,2.766,0.608,0.094,0.682
canny_hough,fixed,edges,258,0,0,0.0,0.0,,0.676,2.654,0.607,0.094,0.646
canny_hough,fixed,edges,259,0,0,0.0,0.0,,0.665,2.698,0.613,0.095,0.692
canny_hough,fixed,edges,260,0,0,0.0,0.0,,0.739,2.714,0.6,0.094,0.648
canny_hough,fixed,edges,261,0,0,0.0,0.0,,0.67,2.654,0.6,0.095,0.653
canny_hough,fixed,edges,262,0,0,0.0,0.0,,0.679,2.733,0.646,0.096,0.641
canny_hough,fixed,edges,263,0,0,0.0,0.0,,0.733,2.723,0.609,0.094,0.66
canny_hough,fixed,edges,264,0,0,0.0,0.0,,0.679,2.655,0.609,0.094,0.636
canny_hough,fixed,edges,265,0,0,0.0,0.0,,0.669,2.72,0.64,0.104,0.671
canny_hough,fixed,edges,266,0,0,0.0,0.0,,0.687,2.761,0.61,0.094,0.653
canny_hough,fixed,edges,267,0,0,0.0,0.0,,0.664,2.658,0.602,0.092,0.659
canny_hough,fixed,edges,268,0,0,0.0,0.0,,0.676,2.753,0.609,0.099,0.651
canny_hough,fixed,edges,269,0,0,0.0,0.0,,0.664,2.734,0.598,0.095,0.741
canny_hough,fixed,edges,270,0,0,0.0,0.0,,0.676,2.654,0.607,0.093,0.644
canny_hough,fixed,edges,271,0,0,0.0,0.0,,0.711,2.739,0.61,0.091,0.664
canny_hough,fixed,edges,272,0,0,0.0,0.0,,0.671,2.76,0.61,0.135,0.656
canny_hough,fixed,edges,273,0,0,0.0,0.0,,0.745,2.737,0.606,0.096,0.652
canny_hough,fixed,edges,274,0,0,0.0,0.0,,0.671,2.654,0.598,0.091,0.638
canny_hough,fixed,edges,275,0,0,0.0,0.0,,0.679,2.726,0.652,0.1,0.66
canny_hough,fixed,edges,276,0,0,0.0,0.0,,0.681,2.731,0.605,0.095,0.633
canny_hough,fixed,edges,277,0,0,0.0,0.0,,0.676,2.657,0.604,0.094,0.662
canny_hough,fixed,edges,278,0,0,0.0,0.0,,0.673,2.701,0.657,0.093,0.636
canny_hough,fixed,edges,279,0,0,0.0,0.0,,0.67,2.752,0.608,0.096,0.742
canny_hough,fixed,edges,280,0,0,0.0,0.0,,0.673,2.633,0.592,0.093,0.639
canny_hough,fixed,edges,281,0,0,0.0,0.0,,0.668,2.718,0.606,0.092,0.653
canny_hough,fixed,edges,282,0,0,0.0,0.0,,0.677,2.799,0.603,0.094,0.72
canny_hough,fixed,edges,283,0,0,0.0,0.0,,0.734,2.73,0.601,0.093,0.657
canny_hough,fixed,edges,284,0,0,0.0,0.0,,0.679,2.654,0.593,0.094,0.652
canny_hough,fixed,edges,285,0,0,0.0,0.0,,0.674,2.732,0.599,0.147,0.668
canny_hough,fixed,edges,286,0,0,0.0,0.0,,0.756,2.744,0.617,0.1,0.635
canny_hough,fixed,edges,287,0,0,0.0,0.0,,0.675,2.679,0.602,0.094,0.668
canny_hough,fixed,edges,288,0,0,0.0,0.0,,0.673,2.732,0.642,0.105,0.653
canny_hough,fixed,edges,289,0,0,0.0,0.0,,0.675,2.737,0.603,0.096,0.655
canny_hough,fixed,edges,290,0,0,0.0,0.0,,0.671,2.754,0.686,0.101,0.665
canny_hough,fixed,edges,291,0,0,0.0,0.0,,0.669,2.734,0.606,0.095,0.656
canny_hough,fixed,edges,292,0,0,0.0,0.0,,0.673,2.736,0.596,0.094,0.721
canny_hough,fixed,edges,293,0,0,0.0,0.0,,0.671,2.672,0.613,0.092,0.651
canny_hough,fixed,edges,294,0,0,0.0,0.0,,0.675,2.642,0.608,0.094,0.632
canny_hough,fixed,edges,295,0,0,0.0,0.0,,0.785,2.912,0.598,0.094,0.717
canny_hough,fixed,edges,296,0,0,0.0,0.0,,0.692,3.876,1.055,0.21,1.22
canny_hough,fixed,edges,297,0,0,0.0,0.0,,0.687,3.565,1.022,0.124,1.047
canny_hough,fixed,edges,298,0,0,0.0,0.0,,0.785,3.094,0.606,0.094,0.958
canny_hough,fixed,edges,299,0,0,0.0,0.0,,0.689,2.71,0.588,0.094,0.683
canny_hough,fixed,edges,300,0,0,0.0,0.0,,0.705,3.47,1.041,0.11,0.966
canny_hough,fixed,edges,301,0,0,0.0,0.0,,0.674,3.142,1.043,0.109,0.675
canny_hough,fixed,edges,302,0,0,0.0,0.0,,0.689,2.791,0.607,0.097,0.647
canny_hough,fixed,edges,303,0,0,0.0,0.0,,0.69,2.708,0.602,0.096,0.66
canny_hough,fixed,edges,304,0,0,0.0,0.0,,0.69,2.778,0.592,0.099,0.666
canny_hough,fixed,edges,305,0,0,0.0,0.0,,0.674,3.138,0.979,0.101,0.758
canny_hough,fixed,edges,306,0,0,0.0,0.0,,0.765,2.776,0.599,0.094,0.657
canny_hough,fixed,edges,307,0,0,0.0,0.0,,0.701,3.414,0.991,0.099,0.956
canny_hough,fixed,edges,308,0,0,0.0,0.0,,0.676,2.701,0.596,0.091,0.643
canny_hough,fixed,edges,309,0,0,0.0,0.0,,0.687,2.76,0.597,0.099,0.705
canny_hough,fixed,edges,310,0,0,0.0,0.0,,0.683,3.443,0.99,0.099,1.029
canny_hough,fixed,edges,311,0,0,0.0,0.0,,0.671,2.68,0.61,0.095,0.659
canny_hough,fixed,edges,312,0,0,0.0,0.0,,0.697,3.488,0.987,0.105,0.959
canny_hough,fixed,edges,313,0,0,0.0,0.0,,0.679,2.833,0.738,0.105,0.665
canny_hough,fixed,edges,314,0,0,0.0,0.0,,0.705,2.781,0.6,0.098,0.725
canny_hough,fixed,edges,315,0,0,0.0,0.0,,0.865,3.574,0.977,0.106,0.969
canny_hough,fixed,edges,316,0,0,0.0,0.0,,0.676,2.741,0.611,0.099,0.669
canny_hough,fixed,edges,317,0,0,0.0,0.0,,0.936,4.074,1.061,0.132,1.239
canny_hough,fixed,edges,318,0,0,0.0,0.0,,0.784,4.747,1.949,0.201,1.014
canny_hough,fixed,edges,319,0,0,0.0,0.0,,0.699,3.44,0.983,0.1,0.977
canny_hough,fixed,edges,320,0,0,0.0,0.0,,0.674,2.686,0.602,0.101,0.638
canny_hough,fixed,edges,321,0,0,0.0,0.0,,0.67,2.745,0.608,0.095,0.729
canny_hough,fixed,edges,322,0,0,0.0,0.0,,0.824,3.119,0.604,0.098,0.662
canny_hough,fixed,edges,323,0,0,0.0,0.0,,0.761,3.471,0.988,0.104,0.966
canny_hough,fixed,edges,324,0,0,0.0,0.0,,0.671,2.675,0.595,0.092,0.671
canny_hough,fixed,edges,325,0,0,0.0,0.0,,0.703,2.771,0.665,0.103,0.67
canny_hough,fixed,edges,326,0,0,0.0,0.0,,0.682,3.581,0.98,0.098,1.189
canny_hough,fixed,edges,327,0,0,0.0,0.0,,0.699,3.44,0.964,0.093,0.949
canny_hough,fixed,edges,328,0,0,0.0,0.0,,0.77,3.467,1.026,0.096,0.933
canny_hough,fixed,edges,329,0,0,0.0,0.0,,0.676,3.29,0.941,0.087,0.943
canny_hough,fixed,edges,330,0,0,0.0,0.0,,0.681,3.391,0.977,0.094,0.944
canny_hough,fixed,edges,331,0,0,0.0,0.0,,0.665,2.805,0.724,0.102,0.669
canny_hough,fixed,edges,332,0,0,0.0,0.0,,0.69,3.132,0.599,0.097,1.061
canny_hough,fixed,edges,333,0,0,0.0,0.0,,0.684,3.439,0.978,0.101,0.955
canny_hough,fixed,edges,334,0,0,0.0,0.0,,0.673,2.652,0.605,0.096,0.643
canny_hough,fixed,edges,335,0,0,0.0,0.0,,0.718,2.835,0.609,0.098,0.678
canny_hough,fixed,edges,336,0,0,0.0,0.0,,0.669,3.167,0.998,0.111,0.658
canny_hough,fixed,edges,337,0,0,0.0,0.0,,0.765,2.825,0.621,0.098,0.673
canny_hough,fixed,edges,338,0,0,0.0,0.0,,0.788,3.484,0.981,0.103,0.951
canny_hough,fixed,edges,339,0,0,0.0,0.0,,0.664,2.693,0.604,0.092,0.677
canny_hough,fixed,edges,340,0,0,0.0,0.0,,0.684,2.784,0.663,0.1,0.664
canny_hough,fixed,edges,341,0,0,0.0,0.0,,0.688,3.47,0.983,0.103,1.044
canny_hough,fixed,edges,342,0,0,0.0,0.0,,0.747,2.835,0.63,0.093,0.683
canny_hough,fixed,edges,343,0,0,0.0,0.0,,0.703,3.413,0.979,0.1,0.962
canny_hough,fixed,edges,344,0,0,0.0,0.0,,0.675,2.703,0.604,0.096,0.634
canny_hough,fixed,edges,345,0,0,0.0,0.0,,0.682,2.778,0.603,0.098,0.75
canny_hough,fixed,edges,346,0,0,0.0,0.0,,0.719,3.472,0.992,0.105,0.947
canny_hough,fixed,edges,347,0,0,0.0,0.0,,0.672,2.711,0.625,0.094,0.677
canny_hough,fixed,edges,348,0,0,0.0,0.0,,0.689,2.737,0.595,0.1,0.66
canny_hough,fixed,edges,349,0,0,0.0,0.0,,0.671,3.141,0.986,0.104,0.747
canny_hough,fixed,edges,350,0,0,0.0,0.0,,1.228,3.242,0.602,0.095,0.649
canny_hough,fixed,edges,351,0,0,0.0,0.0,,0.695,4.441,0.988,0.097,1.983
canny_hough,fixed,edges,352,0,0,0.0,0.0,,0.697,5.331,1.776,0.142,1.984
canny_hough,fixed,edges,353,0,0,0.0,0.0,,0.69,4.505,1.036,0.112,2.014
canny_hough,fixed,edges,354,0,0,0.0,0.0,,0.747,4.966,2.378,0.128,1.066
canny_hough,fixed,edges,355,0,0,0.0,0.0,,0.694,4.527,0.987,0.102,2.025
canny_hough,fixed,edges,356,0,0,0.0,0.0,,0.713,5.492,2.941,0.139,1.062
canny_hough,fixed,edges,357,0,0,0.0,0.0,,0.694,4.513,0.986,0.167,2.014
canny_hough,fixed,edges,358,0,0,0.0,0.0,,0.766,5.073,2.365,0.136,1.16
canny_hough,fixed,edges,359,0,0,0.0,0.0,,0.706,4.509,0.977,0.099,1.997
canny_hough,fixed,edges,360,0,0,0.0,0.0,,0.713,5.064,2.324,0.127,1.25
canny_hough,fixed,edges,361,0,0,0.0,0.0,,0.692,4.502,0.984,0.104,2.064
canny_hough,fixed,edges,362,0,0,0.0,0.0,,0.71,5.079,2.331,0.133,1.235
canny_hough,fixed,edges,363,0,0,0.0,0.0,,0.756,4.715,1.024,0.156,2.056
canny_hough,fixed,edges,364,0,0,0.0,0.0,,0.685,6.463,3.252,0.116,1.745
canny_hough,fixed,edges,365,0,0,0.0,0.0,,0.679,4.359,1.022,0.097,1.934
canny_hough,fixed,edges,366,0,0,0.0,0.0,,0.752,4.839,2.334,0.104,1.016
canny_hough,fixed,edges,367,0,0,0.0,0.0,,0.667,2.692,0.597,0.089,0.664
canny_hough,fixed,edges,368,0,0,0.0,0.0,,0.672,2.72,0.668,0.098,0.653
canny_hough,fixed,edges,369,0,0,0.0,0.0,,0.761,2.764,0.596,0.094,0.66
canny_hough,fixed,edges,370,0,0,0.0,0.0,,0.666,2.821,0.603,0.094,0.822
canny_hough,fixed,edges,371,0,0,0.0,0.0,,0.678,2.71,0.644,0.094,0.658
canny_hough,fixed,edges,372,0,0,0.0,0.0,,0.676,2.774,0.617,0.093,0.72
canny_hough,fixed,edges,373,0,0,0.0,0.0,,0.671,2.666,0.598,0.097,0.673
canny_hough,fixed,edges,374,0,0,0.0,0.0,,0.673,2.731,0.606,0.093,0.649
canny_hough,fixed,edges,375,0,0,0.0,0.0,,0.677,2.746,0.607,0.099,0.727
canny_hough,fixed,edges,376,0,0,0.0,0.0,,0.736,2.728,0.605,0.095,0.648
canny_hough,fixed,edges,377,0,0,0.0,0.0,,0.68,2.662,0.608,0.094,0.651
canny_hough,fixed,edges,378,0,0,0.0,0.0,,0.674,2.697,0.601,0.138,0.644
canny_hough,fixed,edges,379,0,0,0.0,0.0,,0.748,2.757,0.6,0.095,0.674
canny_hough,fixed,edges,380,0,0,0.0,0.0,,0.671,2.643,0.6,0.092,0.639
canny_hough,fixed,edges,381,0,0,0.0,0.0,,0.671,2.703,0.651,0.101,0.643
canny_hough,fixed,edges,382,0,0,0.0,0.0,,0.76,2.778,0.605,0.093,0.645
canny_hough,fixed,edges,383,0,0,0.0,0.0,,0.677,2.692,0.6,0.094,0.649
canny_hough,fixed,edges,384,0,0,0.0,0.0,,0.675,2.696,0.642,0.101,0.649
canny_hough,fixed,edges,385,0,0,0.0,0.0,,0.668,2.739,0.597,0.094,0.733
canny_hough,fixed,edges,386,0,0,0.0,0.0,,0.677,2.666,0.606,0.096,0.651
canny_hough,fixed,edges,387,0,0,0.0,0.0,,0.667,2.745,0.602,0.095,0.661
canny_hough,fixed,edges,388,0,0,0.0,0.0,,0.677,2.73,0.607,0.096,0.725
canny_hough,fixed,edges,389,0,0,0.0,0.0,,0.751,2.741,0.604,0.094,0.649
canny_hough,fixed,edges,390,0,0,0.0,0.0,,0.668,2.634,0.601,0.093,0.645
canny_hough,fixed,edges,391,0,0,0.0,0.0,,0.667,2.725,0.602,0.137,0.679
canny_hough,fixed,edges,392,0,0,0.0,0.0,,0.745,2.766,0.606,0.095,0.641
canny_hough,fixed,edges,393,0,0,0.0,0.0,,0.667,2.673,0.609,0.092,0.654
canny_hough,fixed,edges,394,0,0,0.0,0.0,,0.672,2.707,0.653,0.098,0.644
canny_hough,fixed,edges,395,0,0,0.0,0.0,,0.75,2.729,0.597,0.096,0.651
canny_hough,fixed,edges,396,0,0,0.0,0.0,,0.664,2.631,0.599,0.09,0.639
canny_hough,fixed,edges,397,0,0,0.0,0.0,,0.67,2.688,0.622,0.095,0.662
canny_hough,fixed,edges,398,0,0,0.0,0.0,,0.675,2.731,0.606,0.096,0.637
canny_hough,fixed,edges,399,0,0,0.0,0.0,,0.68,2.724,0.598,0.092,0.678
canny_hough,fixed,edges,400,0,0,0.0,0.0,,0.674,2.719,0.604,0.093,0.641
canny_hough,fixed,edges,401,0,0,0.0,0.0,,0.68,2.759,0.609,0.099,0.737
canny_hough,fixed,edges,402,0,0,0.0,0.0,,0.742,2.744,0.6,0.092,0.631
canny_hough,fixed,edges,403,0,0,0.0,0.0,,0.666,2.663,0.602,0.093,0.665
canny_hough,fixed,edges,404,0,0,0.0,0.0,,0.671,2.723,0.606,0.157,0.658
canny_hough,fixed,edges,405,0,0,0.0,0.0,,0.737,2.743,0.611,0.097,0.665
canny_hough,fixed,edges,406,0,0,0.0,0.0,,0.673,2.641,0.597,0.093,0.639
canny_hough,fixed,edges,407,0,0,0.0,0.0,,0.67,2.714,0.658,0.097,0.653
canny_hough,fixed,edges,408,0,0,0.0,0.0,,0.77,2.748,0.607,0.093,0.648
canny_hough,fixed,edges,409,0,0,0.0,0.0,,0.679,2.666,0.598,0.098,0.665
canny_hough,fixed,edges,410,0,0,0.0,0.0,,0.672,2.706,0.65,0.096,0.651
canny_hough,fixed,edges,411,0,0,0.0,0.0,,0.683,2.761,0.604,0.094,0.743
canny_hough,fixed,edges,412,0,0,0.0,0.0,,0.678,2.693,0.601,0.092,0.648
canny_hough,fixed,edges,413,0,0,0.0,0.0,,0.679,2.719,0.604,0.095,0.653
canny_hough,fixed,edges,414,0,0,0.0,0.0,,0.667,2.735,0.612,0.091,0.724
canny_hough,fixed,edges,415,0,0,0.0,0.0,,0.734,2.767,0.606,0.095,0.653
canny_hough,fixed,edges,416,0,0,0.0,0.0,,0.67,2.655,0.609,0.092,0.643
canny_hough,fixed,edges,417,0,0,0.0,0.0,,0.668,2.712,0.608,0.14,0.664
canny_hough,fixed,edges,418,0,0,0.0,0.0,,0.792,2.777,0.605,0.093,0.644
canny_hough,fixed,edges,419,0,0,0.0,0.0,,0.672,2.671,0.607,0.092,0.648
canny_hough,fixed,edges,420,0,0,0.0,0.0,,0.673,2.683,0.643,0.101,0.642
canny_hough,fixed,edges,421,0,0,0.0,0.0,,0.679,2.749,0.604,0.095,0.658
canny_hough,fixed,edges,422,0,0,0.0,0.0,,0.676,2.679,0.601,0.096,0.643
canny_hough,fixed,edges,423,0,0,0.0,0.0,,0.667,2.721,0.603,0.096,0.652
canny_hough,fixed,edges,424,0,0,0.0,0.0,,0.67,2.736,0.604,0.094,0.72
canny_hough,otsu,edges,0,0,0,0.0,0.0,,0.72,4.006,1.025,0.414,1.174
canny_hough,otsu,edges,1,0,0,0.0,0.0,,0.991,3.974,0.616,0.391,1.249
canny_hough,otsu,edges,2,0,0,0.0,0.0,,0.677,3.933,1.145,0.517,0.862
canny_hough,otsu,edges,3,0,0,0.0,0.0,,0.677,3.112,0.635,0.379,0.666
canny_hough,otsu,edges,4,0,0,0.0,0.0,,0.73,4.023,0.651,0.437,1.384
canny_hough,otsu,edges,5,0,0,0.0,0.0,,0.99,4.26,0.645,0.43,1.375
canny_hough,otsu,edges,6,0,0,0.0,0.0,,0.817,3.547,0.752,0.387,0.674
canny_hough,otsu,edges,7,0,0,0.0,0.0,,0.697,4.528,1.136,0.537,1.415
canny_hough,otsu,edges,8,0,0,0.0,0.0,,0.699,3.262,0.748,0.393,0.674
canny_hough,otsu,edges,9,0,0,0.0,0.0,,0.701,4.538,1.134,0.539,1.445
canny_hough,otsu,edges,10,0,0,0.0,0.0,,0.853,3.343,0.717,0.367,0.644
canny_hough,otsu,edges,11,0,0,0.0,0.0,,0.659,4.475,1.074,0.755,1.281
canny_hough,otsu,edges,12,0,0,0.0,0.0,,0.808,3.197,0.686,0.367,0.653
canny_hough,otsu,edges,13,0,0,0.0,0.0,,0.684,4.676,1.088,0.758,1.429
canny_hough,otsu,edges,14,0,0,0.0,0.0,,0.796,3.223,0.662,0.365,0.641
canny_hough,otsu,edges,15,0,0,0.0,0.0,,0.717,5.375,1.632,1.013,1.132
canny_hough,otsu,edges,16,0,0,0.0,0.0,,1.499,4.889,0.964,0.465,0.763
canny_hough,otsu,edges,17,0,0,0.0,0.0,,0.673,3.139,0.732,0.373,0.668
canny_hough,otsu,edges,18,0,0,0.0,0.0,,0.75,3.551,0.622,0.386,1.132
canny_hough,otsu,edges,19,0,0,0.0,0.0,,0.665,3.561,1.019,0.485,0.721
canny_hough,otsu,edges,20,0,0,0.0,0.0,,0.697,3.058,0.627,0.371,0.648
canny_hough,otsu,edges,21,0,0,0.0,0.0,,1.002,4.665,1.066,0.466,1.32
canny_hough,otsu,edges,22,0,0,0.0,0.0,,0.665,3.946,1.136,0.547,0.846
canny_hough,otsu,edges,23,0,0,0.0,0.0,,0.676,3.191,0.741,0.375,0.655
canny_hough,otsu,edges,24,0,0,0.0,0.0,,0.937,3.326,0.664,0.37,0.649
canny_hough,otsu,edges,25,0,0,0.0,0.0,,0.953,4.866,1.149,0.526,1.336
canny_hough,otsu,edges,26,0,0,0.0,0.0,,0.773,3.254,0.654,0.366,0.675
canny_hough,otsu,edges,27,0,0,0.0,0.0,,0.679,2.999,0.605,0.368,0.67
canny_hough,otsu,edges,28,0,0,0.0,0.0,,0.719,3.772,0.984,0.375,0.958
canny_hough,otsu,edges,29,0,0,0.0,0.0,,0.67,3.006,0.648,0.372,0.669
canny_hough,otsu,edges,30,0,0,0.0,0.0,,0.702,3.015,0.605,0.369,0.697
canny_hough,otsu,edges,31,0,0,0.0,0.0,,0.696,3.755,0.99,0.374,1.052
canny_hough,otsu,edges,32,0,0,0.0,0.0,,0.778,3.092,0.64,0.364,0.664
canny_hough,otsu,edges,33,0,0,0.0,0.0,,0.778,3.765,0.979,0.375,0.974
canny_hough,otsu,edges,34,0,0,0.0,0.0,,0.673,2.978,0.625,0.366,0.667
canny_hough,otsu,edges,35,0,0,0.0,0.0,,0.684,3.056,0.643,0.374,0.68
canny_hough,otsu,edges,36,0,0,0.0,0.0,,0.677,3.943,1.05,0.487,1.049
canny_hough,otsu,edges,37,0,0,0.0,0.0,,0.704,3.779,1.038,0.385,0.971
canny_hough,otsu,edges,38,0,0,0.0,0.0,,0.676,3.431,0.986,0.424,0.689
canny_hough,otsu,edges,39,0,0,0.0,0.0,,0.678,3.039,0.61,0.368,0.742
canny_hough,otsu,edges,40,0,0,0.0,0.0,,0.761,3.079,0.609,0.368,0.67
canny_hough,otsu,edges,41,0,0,0.0,0.0,,0.716,3.707,0.983,0.373,0.965
canny_hough,otsu,edges,42,0,0,0.0,0.0,,0.675,3.033,0.601,0.365,0.646
canny_hough,otsu,edges,43,0,0,0.0,0.0,,0.683,3.066,0.653,0.374,0.682
canny_hough,otsu,edges,44,0,0,0.0,0.0,,0.668,3.391,0.985,0.372,0.72
canny_hough,otsu,edges,45,0,0,0.0,0.0,,0.761,3.063,0.599,0.367,0.672
canny_hough,otsu,edges,46,0,0,0.0,0.0,,0.784,3.776,0.984,0.37,0.948
canny_hough,otsu,edges,47,0,0,0.0,0.0,,0.669,2.954,0.604,0.365,0.663
canny_hough,otsu,edges,48,0,0,0.0,0.0,,0.711,3.34,0.61,0.371,0.962
canny_hough,otsu,edges,49,0,0,0.0,0.0,,0.672,3.428,1.065,0.371,0.684
canny_hough,otsu,edges,50,0,0,0.0,0.0,,0.707,3.362,0.617,0.371,1.017
canny_hough,otsu,edges,51,0,0,0.0,0.0,,0.664,3.592,0.984,0.369,0.919
canny_hough,otsu,edges,52,0,0,0.0,0.0,,0.75,3.002,0.601,0.364,0.645
canny_hough,otsu,edges,53,0,0,0.0,0.0,,0.703,3.295,0.599,0.373,0.957
canny_hough,otsu,edges,54,0,0,0.0,0.0,,0.689,3.046,0.598,0.367,0.65
canny_hough,otsu,edges,55,0,0,0.0,0.0,,0.713,3.782,1.038,0.379,0.974
canny_hough,otsu,edges,56,0,0,0.0,0.0,,0.673,3.424,1.039,0.373,0.664
canny_hough,otsu,edges,57,0,0,0.0,0.0,,0.676,3.018,0.622,0.37,0.711
canny_hough,otsu,edges,58,0,0,0.0,0.0,,0.672,3.336,0.604,0.369,0.967
canny_hough,otsu,edges,59,0,0,0.0,0.0,,0.75,3.341,0.6,0.373,0.968
canny_hough,otsu,edges,60,0,0,0.0,0.0,,0.688,2.995,0.6,0.368,0.671
canny_hough,otsu,edges,61,0,0,0.0,0.0,,0.713,3.776,1.036,0.38,0.959
canny_hough,otsu,edges,62,0,0,0.0,0.0,,0.673,3.251,0.912,0.366,0.661
canny_hough,otsu,edges,63,0,0,0.0,0.0,,0.672,2.991,0.605,0.368,0.706
canny_hough,otsu,edges,64,0,0,0.0,0.0,,0.695,3.377,0.604,0.37,0.96
canny_hough,otsu,edges,65,0,0,0.0,0.0,,0.757,3.748,0.987,0.374,0.966
canny_hough,otsu,edges,66,0,0,0.0,0.0,,0.669,2.963,0.608,0.366,0.637
canny_hough,otsu,edges,67,0,0,0.0,0.0,,0.67,3.063,0.615,0.367,0.661
canny_hough,otsu,edges,68,0,0,0.0,0.0,,0.674,7.158,4.725,0.415,0.711
canny_hough,otsu,edges,69,0,0,0.0,0.0,,0.697,3.737,0.984,0.377,1.015
canny_hough,otsu,edges,70,0,0,0.0,0.0,,0.672,3.554,0.981,0.376,0.894
canny_hough,otsu,edges,71,0,0,0.0,0.0,,0.746,3.026,0.616,0.37,0.668
canny_hough,otsu,edges,72,0,0,0.0,0.0,,0.684,2.994,0.607,0.369,0.666
canny_hough,otsu,edges,73,0,0,0.0,0.0,,0.705,3.341,0.592,0.371,0.945
canny_hough,otsu,edges,74,0,0,0.0,0.0,,0.677,3.301,0.952,0.369,0.657
canny_hough,otsu,edges,75,0,0,0.0,0.0,,0.694,3.358,0.611,0.368,1.024
canny_hough,otsu,edges,76,0,0,0.0,0.0,,0.673,3.617,0.983,0.369,0.927
canny_hough,otsu,edges,77,0,0,0.0,0.0,,0.747,3.099,0.621,0.37,0.663
canny_hough,otsu,edges,78,0,0,0.0,0.0,,0.788,3.354,0.6,0.37,0.945
canny_hough,otsu,edges,79,0,0,0.0,0.0,,0.679,3.036,0.594,0.37,0.692
canny_hough,otsu,edges,80,0,0,0.0,0.0,,0.709,3.73,1.031,0.377,0.954
canny_hough,otsu,edges,81,0,0,0.0,0.0,,0.674,3.363,0.992,0.371,0.678
canny_hough,otsu,edges,82,0,0,0.0,0.0,,0.679,3.025,0.611,0.372,0.714
canny_hough,otsu,edges,83,0,0,0.0,0.0,,0.7,3.408,0.605,0.374,0.969
canny_hough,otsu,edges,84,0,0,0.0,0.0,,0.694,3.719,0.984,0.368,0.949
canny_hough,otsu,edges,85,0,0,0.0,0.0,,0.67,2.963,0.615,0.372,0.661
canny_hough,otsu,edges,86,0,0,0.0,0.0,,0.694,3.085,0.61,0.367,0.656
canny_hough,otsu,edges,87,0,0,0.0,0.0,,0.698,3.422,1.036,0.371,0.666
canny_hough,otsu,edges,88,0,0,0.0,0.0,,0.698,3.752,0.982,0.431,0.975
canny_hough,otsu,edges,89,0,0,0.0,0.0,,0.669,3.422,0.984,0.43,0.695
canny_hough,otsu,edges,90,0,0,0.0,0.0,,0.704,3.072,0.619,0.369,0.646
canny_hough,otsu,edges,91,0,0,0.0,0.0,,0.682,2.987,0.597,0.367,0.666
canny_hough,otsu,edges,92,0,0,0.0,0.0,,0.709,3.746,0.996,0.373,0.949
canny_hough,otsu,edges,93,0,0,0.0,0.0,,0.677,3.003,0.598,0.366,0.664
canny_hough,otsu,edges,94,0,0,0.0,0.0,,0.693,2.988,0.598,0.41,0.654
canny_hough,otsu,edges,95,0,0,0.0,0.0,,0.667,3.658,0.987,0.374,0.979
canny_hough,otsu,edges,96,0,0,0.0,0.0,,0.771,3.117,0.618,0.362,0.667
canny_hough,otsu,edges,97,0,0,0.0,0.0,,0.752,3.801,0.996,0.367,0.977
canny_hough,otsu,edges,98,0,0,0.0,0.0,,0.671,2.905,0.6,0.363,0.646
canny_hough,otsu,edges,99,0,0,0.0,0.0,,0.697,3.357,0.614,0.368,0.973
canny_hough,otsu,edges,100,0,0,0.0,0.0,,0.67,3.404,1.051,0.369,0.661
canny_hough,otsu,edges,101,0,0,0.0,0.0,,0.7,3.357,0.6,0.373,1.019
canny_hough,otsu,edges,102,0,0,0.0,0.0,,0.673,3.631,0.982,0.371,0.965
canny_hough,otsu,edges,103,0,0,0.0,0.0,,0.743,3.077,0.632,0.366,0.669
canny_hough,otsu,edges,104,0,0,0.0,0.0,,0.786,3.391,0.611,0.373,0.958
canny_hough,otsu,edges,105,0,0,0.0,0.0,,0.688,2.997,0.598,0.362,0.69
canny_hough,otsu,edges,106,0,0,0.0,0.0,,0.698,3.776,1.038,0.376,0.974
canny_hough,otsu,edges,107,0,0,0.0,0.0,,0.669,3.371,1.002,0.374,0.674
canny_hough,otsu,edges,108,0,0,0.0,0.0,,0.674,2.988,0.614,0.373,0.685
canny_hough,otsu,edges,109,0,0,0.0,0.0,,0.688,3.364,0.601,0.375,0.968
canny_hough,otsu,edges,110,0,0,0.0,0.0,,0.881,3.999,0.982,0.367,0.977
canny_hough,otsu,edges,111,0,0,0.0,0.0,,0.697,3.795,1.01,0.381,0.937
canny_hough,otsu,edges,112,0,0,0.0,0.0,,0.801,3.427,0.669,0.374,0.931
canny_hough,otsu,edges,113,0,0,0.0,0.0,,0.741,3.73,1.029,0.375,0.937
canny_hough,otsu,edges,114,0,0,0.0,0.0,,0.68,3.226,0.603,0.363,0.932
canny_hough,otsu,edges,115,0,0,0.0,0.0,,0.68,3.341,0.649,0.374,0.957
canny_hough,otsu,edges,116,0,0,0.0,0.0,,0.698,3.734,1.045,0.372,0.935
canny_hough,otsu,edges,117,0,0,0.0,0.0,,0.68,3.426,1.033,0.371,0.676
canny_hough,otsu,edges,118,0,0,0.0,0.0,,0.678,3.797,0.974,0.366,1.147
canny_hough,otsu,edges,119,0,0,0.0,0.0,,0.687,3.69,0.979,0.364,1.009
canny_hough,otsu,edges,120,0,0,0.0,0.0,,0.674,4.68,0.981,0.365,2.027
canny_hough,otsu,edges,121,0,0,0.0,0.0,,0.694,8.64,2.29,0.377,4.647
canny_hough,otsu,edges,122,0,0,0.0,0.0,,0.777,5.316,2.107,0.372,1.419
canny_hough,otsu,edges,123,0,0,0.0,0.0,,0.795,3.74,0.971,0.368,0.957
canny_hough,otsu,edges,124,0,0,0.0,0.0,,0.704,9.231,4.868,0.43,2.574
canny_hough,otsu,edges,125,0,0,0.0,0.0,,0.71,3.988,0.995,0.4,1.224
canny_hough,otsu,edges,126,0,0,0.0,0.0,,0.727,3.952,0.998,0.388,1.166
canny_hough,otsu,edges,127,0,0,0.0,0.0,,0.687,3.803,1.007,0.42,1.042
canny_hough,otsu,edges,128,0,0,0.0,0.0,,0.718,3.987,1.055,0.418,1.122
canny_hough,otsu,edges,129,0,0,0.0,0.0,,0.682,3.819,1.019,0.391,1.086
canny_hough,otsu,edges,130,0,0,0.0,0.0,,0.689,3.966,0.998,0.396,1.17
canny_hough,otsu,edges,131,0,0,0.0,0.0,,0.683,3.922,1.003,0.397,1.186
canny_hough,otsu,edges,132,0,0,0.0,0.0,,0.692,3.961,1.047,0.428,1.136
canny_hough,otsu,edges,133,0,0,0.0,0.0,,0.681,3.96,1.005,0.394,1.192
canny_hough,otsu,edges,134,0,0,0.0,0.0,,0.709,3.988,1.042,0.386,1.2
canny_hough,otsu,edges,135,0,0,0.0,0.0,,0.691,3.839,1.002,0.393,1.11
canny_hough,otsu,edges,136,0,0,0.0,0.0,,0.701,3.974,1.011,0.419,1.124
canny_hough,otsu,edges,137,0,0,0.0,0.0,,0.761,4.046,1.016,0.388,1.164
canny_hough,otsu,edges,138,0,0,0.0,0.0,,0.77,3.91,0.989,0.389,1.104
canny_hough,otsu,edges,139,0,0,0.0,0.0,,0.688,3.809,0.997,0.385,1.09
canny_hough,otsu,edges,140,0,0,0.0,0.0,,0.709,3.839,0.993,0.398,1.105
canny_hough,otsu,edges,141,0,0,0.0,0.0,,0.709,3.94,1.021,0.397,1.129
canny_hough,otsu,edges,142,0,0,0.0,0.0,,0.738,4.082,1.006,0.4,1.221
canny_hough,otsu,edges,143,0,0,0.0,0.0,,0.686,8.556,5.491,0.502,1.212
canny_hough,otsu,edges,144,0,0,0.0,0.0,,0.74,3.413,0.971,0.409,0.656
canny_hough,otsu,edges,145,0,0,0.0,0.0,,0.689,3.461,0.615,0.374,1.096
canny_hough,otsu,edges,146,0,0,0.0,0.0,,0.716,3.459,0.599,0.364,0.977
canny_hough,otsu,edges,147,0,0,0.0,0.0,,0.682,3.116,0.75,0.373,0.664
canny_hough,otsu,edges,148,0,0,0.0,0.0,,0.744,3.045,0.596,0.367,0.662
canny_hough,otsu,edges,149,0,0,0.0,0.0,,0.672,3.188,0.802,0.385,0.671
canny_hough,otsu,edges,150,0,0,0.0,0.0,,0.669,2.994,0.61,0.367,0.707
canny_hough,otsu,edges,151,0,0,0.0,0.0,,0.746,3.073,0.615,0.376,0.671
canny_hough,otsu,edges,152,0,0,0.0,0.0,,0.672,2.931,0.606,0.363,0.645
canny_hough,otsu,edges,153,0,0,0.0,0.0,,0.678,3.019,0.605,0.369,0.671
canny_hough,otsu,edges,154,0,0,0.0,0.0,,0.666,3.279,0.887,0.39,0.642
canny_hough,otsu,edges,155,0,0,0.0,0.0,,0.743,3.11,0.599,0.366,0.742
canny_hough,otsu,edges,156,0,0,0.0,0.0,,0.695,4.176,1.026,0.434,1.313
canny_hough,otsu,edges,157,0,0,0.0,0.0,,0.669,3.869,1.014,0.39,1.118
canny_hough,otsu,edges,158,0,0,0.0,0.0,,0.709,3.412,0.635,0.368,0.954
canny_hough,otsu,edges,159,0,0,0.0,0.0,,0.787,3.762,0.98,0.371,0.961
canny_hough,otsu,edges,160,0,0,0.0,0.0,,0.679,2.966,0.624,0.369,0.651
canny_hough,otsu,edges,161,0,0,0.0,0.0,,0.667,3.075,0.602,0.375,0.655
canny_hough,otsu,edges,162,0,0,0.0,0.0,,0.699,3.463,1.048,0.379,0.682
canny_hough,otsu,edges,163,0,0,0.0,0.0,,0.675,3.419,0.983,0.432,0.686
canny_hough,otsu,edges,164,0,0,0.0,0.0,,0.71,3.407,0.615,0.372,1.041
canny_hough,otsu,edges,165,0,0,0.0,0.0,,0.676,3.762,0.982,0.366,1.093
canny_hough,otsu,edges,166,0,0,0.0,0.0,,0.75,3.052,0.613,0.365,0.661
canny_hough,otsu,edges,167,0,0,0.0,0.0,,0.699,3.032,0.603,0.371,0.691
canny_hough,otsu,edges,168,0,0,0.0,0.0,,0.694,3.1,0.7,0.373,0.658
canny_hough,otsu,edges,169,0,0,0.0,0.0,,0.666,3.418,0.986,0.43,0.682
canny_hough,otsu,edges,170,0,0,0.0,0.0,,0.701,3.424,0.615,0.374,1.045
canny_hough,otsu,edges,171,0,0,0.0,0.0,,0.694,3.748,0.979,0.373,1.049
canny_hough,otsu,edges,172,0,0,0.0,0.0,,0.762,3.042,0.609,0.363,0.665
canny_hough,otsu,edges,173,0,0,0.0,0.0,,0.678,3.001,0.603,0.37,0.673
canny_hough,otsu,edges,174,0,0,0.0,0.0,,0.721,3.079,0.658,0.372,0.664
canny_hough,otsu,edges,175,0,0,0.0,0.0,,0.667,3.417,1.047,0.381,0.668
canny_hough,otsu,edges,176,0,0,0.0,0.0,,0.695,3.402,0.602,0.375,1.035
canny_hough,otsu,edges,177,0,0,0.0,0.0,,0.692,3.728,0.983,0.371,1.043
canny_hough,otsu,edges,178,0,0,0.0,0.0,,0.755,3.022,0.607,0.367,0.655
canny_hough,otsu,edges,179,0,0,0.0,0.0,,0.712,3.314,0.611,0.372,0.964
canny_hough,otsu,edges,180,0,0,0.0,0.0,,0.693,3.017,0.61,0.368,0.651
canny_hough,otsu,edges,181,0,0,0.0,0.0,,0.698,3.736,1.035,0.38,0.965
canny_hough,otsu,edges,182,0,0,0.0,0.0,,0.669,3.424,1.041,0.379,0.701
canny_hough,otsu,edges,183,0,0,0.0,0.0,,0.672,3.036,0.605,0.371,0.757
canny_hough,otsu,edges,184,0,0,0.0,0.0,,0.775,3.357,0.606,0.363,0.954
canny_hough,otsu,edges,185,0,0,0.0,0.0,,0.689,3.047,0.645,0.366,0.688
canny_hough,otsu,edges,186,0,0,0.0,0.0,,0.69,3.08,0.594,0.367,0.665
canny_hough,otsu,edges,187,0,0,0.0,0.0,,0.688,3.423,1.038,0.373,0.671
canny_hough,otsu,edges,188,0,0,0.0,0.0,,0.671,3.441,0.988,0.432,0.668
canny_hough,otsu,edges,189,0,0,0.0,0.0,,0.711,3.401,0.615,0.374,1.05
canny_hough,otsu,edges,190,0,0,0.0,0.0,,0.681,3.748,0.985,0.374,1.063
canny_hough,otsu,edges,191,0,0,0.0,0.0,,0.745,3.031,0.626,0.363,0.663
canny_hough,otsu,edges,192,0,0,0.0,0.0,,0.699,2.999,0.602,0.366,0.67
canny_hough,otsu,edges,193,0,0,0.0,0.0,,0.689,3.156,0.757,0.375,0.674
canny_hough,otsu,edges,194,0,0,0.0,0.0,,0.67,3.407,0.99,0.436,0.666
canny_hough,otsu,edges,195,0,0,0.0,0.0,,0.683,3.37,0.603,0.373,1.056
canny_hough,otsu,edges,196,0,0,0.0,0.0,,0.697,3.779,0.993,0.368,1.048
canny_hough,otsu,edges,197,0,0,0.0,0.0,,0.739,3.063,0.631,0.367,0.672
canny_hough,otsu,edges,198,0,0,0.0,0.0,,0.702,3.275,0.606,0.366,0.941
canny_hough,otsu,edges,199,0,0,0.0,0.0,,0.678,3.047,0.616,0.37,0.66
canny_hough,otsu,edges,200,0,0,0.0,0.0,,0.708,3.755,1.038,0.381,0.966
canny_hough,otsu,edges,201,0,0,0.0,0.0,,0.67,3.421,1.03,0.386,0.691
canny_hough,otsu,edges,202,0,0,0.0,0.0,,0.669,3.027,0.604,0.369,0.739
canny_hough,otsu,edges,203,0,0,0.0,0.0,,0.791,3.391,0.601,0.368,0.978
canny_hough,otsu,edges,204,0,0,0.0,0.0,,0.687,3.022,0.618,0.367,0.673
canny_hough,otsu,edges,205,0,0,0.0,0.0,,0.709,3.775,0.992,0.377,0.965
canny_hough,otsu,edges,206,0,0,0.0,0.0,,0.676,3.048,0.616,0.37,0.645
canny_hough,otsu,edges,207,0,0,0.0,0.0,,0.711,3.349,0.609,0.411,0.967
canny_hough,otsu,edges,208,0,0,0.0,0.0,,0.665,3.439,0.993,0.372,0.758
canny_hough,otsu,edges,209,0,0,0.0,0.0,,0.76,3.05,0.603,0.371,0.658
canny_hough,otsu,edges,210,0,0,0.0,0.0,,0.791,3.767,0.984,0.373,0.957
canny_hough,otsu,edges,211,0,0,0.0,0.0,,0.661,3.002,0.636,0.371,0.678
canny_hough,otsu,edges,212,0,0,0.0,0.0,,0.692,3.04,0.613,0.373,0.656
canny_hough,otsu,edges,213,0,0,0.0,0.0,,0.675,3.418,1.04,0.376,0.677
canny_hough,otsu,edges,214,0,0,0.0,0.0,,0.713,3.744,0.989,0.371,1.013
canny_hough,otsu,edges,215,0,0,0.0,0.0,,0.68,3.544,0.98,0.371,0.863
canny_hough,otsu,edges,216,0,0,0.0,0.0,,0.748,3.052,0.602,0.37,0.653
canny_hough,otsu,edges,217,0,0,0.0,0.0,,0.682,2.991,0.605,0.37,0.668
canny_hough,otsu,edges,218,0,0,0.0,0.0,,0.72,3.768,0.992,0.377,0.942
canny_hough,otsu,edges,219,0,0,0.0,0.0,,0.664,3.008,0.608,0.366,0.666
canny_hough,otsu,edges,220,0,0,0.0,0.0,,0.671,2.98,0.599,0.411,0.663
canny_hough,otsu,edges,221,0,0,0.0,0.0,,0.687,3.734,0.979,0.373,1.065
canny_hough,otsu,edges,222,0,0,0.0,0.0,,0.773,3.105,0.629,0.365,0.678
canny_hough,otsu,edges,223,0,0,0.0,0.0,,0.766,3.741,0.986,0.372,0.958
canny_hough,otsu,edges,224,0,0,0.0,0.0,,0.676,3.0,0.606,0.369,0.663
canny_hough,otsu,edges,225,0,0,0.0,0.0,,0.7,3.321,0.635,0.374,0.967
canny_hough,otsu,edges,226,0,0,0.0,0.0,,0.668,3.448,1.081,0.372,0.661
canny_hough,otsu,edges,227,0,0,0.0,0.0,,0.709,8.102,5.28,0.43,1.032
canny_hough,otsu,edges,228,0,0,0.0,0.0,,0.694,3.744,0.981,0.43,0.985
canny_hough,otsu,edges,229,0,0,0.0,0.0,,0.685,3.765,0.988,0.43,0.996
canny_hough,otsu,edges,230,0,0,0.0,0.0,,0.705,3.793,1.002,0.434,0.975
canny_hough,otsu,edges,231,0,0,0.0,0.0,,0.699,3.771,0.988,0.376,1.04
canny_hough,otsu,edges,232,0,0,0.0,0.0,,0.678,3.815,0.994,0.443,1.063
canny_hough,otsu,edges,233,0,0,0.0,0.0,,0.667,3.68,0.966,0.363,1.052
canny_hough,otsu,edges,234,0,0,0.0,0.0,,0.691,4.441,0.974,0.365,1.776
canny_hough,otsu,edges,235,0,0,0.0,0.0,,0.67,3.472,0.961,0.364,0.843
canny_hough,otsu,edges,236,0,0,0.0,0.0,,0.775,3.054,0.617,0.365,0.635
canny_hough,otsu,edges,237,0,0,0.0,0.0,,0.673,2.931,0.597,0.366,0.654
canny_hough,otsu,edges,238,0,0,0.0,0.0,,0.716,3.064,0.604,0.368,0.66
canny_hough,otsu,edges,239,0,0,0.0,0.0,,0.668,3.002,0.606,0.409,0.654
canny_hough,otsu,edges,240,0,0,0.0,0.0,,0.681,2.997,0.588,0.368,0.637
canny_hough,otsu,edges,241,0,0,0.0,0.0,,0.672,2.968,0.605,0.379,0.659
canny_hough,otsu,edges,242,0,0,0.0,0.0,,0.673,2.999,0.61,0.366,0.638
canny_hough,otsu,edges,243,0,0,0.0,0.0,,0.669,3.03,0.659,0.372,0.667
canny_hough,otsu,edges,244,0,0,0.0,0.0,,0.679,3.012,0.611,0.366,0.723
canny_hough,otsu,edges,245,0,0,0.0,0.0,,0.751,3.005,0.6,0.362,0.662
canny_hough,otsu,edges,246,0,0,0.0,0.0,,0.676,2.962,0.601,0.367,0.641
canny_hough,otsu,edges,247,0,0,0.0,0.0,,0.675,2.984,0.642,0.374,0.656
canny_hough,otsu,edges,248,0,0,0.0,0.0,,0.665,3.007,0.605,0.368,0.724
canny_hough,otsu,edges,249,0,0,0.0,0.0,,0.742,3.002,0.599,0.368,0.651
canny_hough,otsu,edges,250,0,0,0.0,0.0,,0.674,2.92,0.599,0.366,0.64
canny_hough,otsu,edges,251,0,0,0.0,0.0,,0.67,3.023,0.673,0.376,0.663
canny_hough,otsu,edges,252,0,0,0.0,0.0,,0.674,2.987,0.61,0.368,0.696
canny_hough,otsu,edges,253,0,0,0.0,0.0,,0.744,2.998,0.596,0.369,0.644
canny_hough,otsu,edges,254,0,0,0.0,0.0,,0.669,2.912,0.604,0.364,0.642
canny_hough,otsu,edges,255,0,0,0.0,0.0,,0.673,2.99,0.659,0.369,0.656
canny_hough,otsu,edges,256,0,0,0.0,0.0,,0.678,3.018,0.609,0.362,0.702
canny_hough,otsu,edges,257,0,0,0.0,0.0,,0.755,3.03,0.6,0.367,0.666
canny_hough,otsu,edges,258,0,0,0.0,0.0,,0.684,2.96,0.606,0.37,0.654
canny_hough,otsu,edges,259,0,0,0.0,0.0,,0.667,3.01,0.608,0.367,0.668
canny_hough,otsu,edges,260,0,0,0.0,0.0,,0.672,3.021,0.611,0.411,0.649
canny_hough,otsu,edges,261,0,0,0.0,0.0,,0.68,3.019,0.603,0.369,0.654
canny_hough,otsu,edges,262,0,0,0.0,0.0,,0.679,2.941,0.613,0.366,0.65
canny_hough,otsu,edges,263,0,0,0.0,0.0,,0.672,2.932,0.607,0.367,0.656
canny_hough,otsu,edges,264,0,0,0.0,0.0,,0.68,2.983,0.652,0.369,0.649
canny_hough,otsu,edges,265,0,0,0.0,0.0,,0.674,3.037,0.607,0.364,0.765
canny_hough,otsu,edges,266,0,0,0.0,0.0,,0.748,3.037,0.601,0.363,0.659
canny_hough,otsu,edges,267,0,0,0.0,0.0,,0.669,2.947,0.602,0.367,0.657
canny_hough,otsu,edges,268,0,0,0.0,0.0,,0.67,2.991,0.647,0.376,0.651
canny_hough,otsu,edges,269,0,0,0.0,0.0,,0.676,3.032,0.606,0.37,0.735
canny_hough,otsu,edges,270,0,0,0.0,0.0,,0.749,3.014,0.61,0.367,0.649
canny_hough,otsu,edges,271,0,0,0.0,0.0,,0.673,2.93,0.604,0.366,0.649
canny_hough,otsu,edges,272,0,0,0.0,0.0,,0.68,2.979,0.662,0.368,0.641
canny_hough,otsu,edges,273,0,0,0.0,0.0,,0.667,2.999,0.607,0.369,0.715
canny_hough,otsu,edges,274,0,0,0.0,0.0,,0.742,3.008,0.599,0.369,0.651
canny_hough,otsu,edges,275,0,0,0.0,0.0,,0.665,2.953,0.608,0.37,0.66
canny_hough,otsu,edges,276,0,0,0.0,0.0,,0.679,3.039,0.605,0.362,0.641
canny_hough,otsu,edges,277,0,0,0.0,0.0,,0.679,2.987,0.611,0.405,0.664
canny_hough,otsu,edges,278,0,0,0.0,0.0,,0.682,3.034,0.624,0.366,0.659
canny_hough,otsu,edges,279,0,0,0.0,0.0,,0.676,2.991,0.611,0.368,0.678
canny_hough,otsu,edges,280,0,0,0.0,0.0,,0.664,2.989,0.605,0.367,0.645
canny_hough,otsu,edges,281,0,0,0.0,0.0,,0.665,2.997,0.645,0.37,0.677
canny_hough,otsu,edges,282,0,0,0.0,0.0,,0.682,3.094,0.614,0.37,0.786
canny_hough,otsu,edges,283,0,0,0.0,0.0,,0.739,2.998,0.592,0.368,0.665
canny_hough,otsu,edges,284,0,0,0.0,0.0,,0.672,2.913,0.609,0.365,0.632
canny_hough,otsu,edges,285,0,0,0.0,0.0,,0.671,2.969,0.642,0.371,0.661
canny_hough,otsu,edges,286,0,0,0.0,0.0,,0.674,3.028,0.616,0.364,0.712
canny_hough,otsu,edges,287,0,0,0.0,0.0,,0.751,3.023,0.605,0.367,0.659
canny_hough,otsu,edges,288,0,0,0.0,0.0,,0.679,2.923,0.603,0.367,0.637
canny_hough,otsu,edges,289,0,0,0.0,0.0,,0.681,2.972,0.616,0.37,0.661
canny_hough,otsu,edges,290,0,0,0.0,0.0,,0.674,2.982,0.601,0.369,0.696
canny_hough,otsu,edges,291,0,0,0.0,0.0,,0.754,3.031,0.6,0.37,0.657
canny_hough,otsu,edges,292,0,0,0.0,0.0,,0.678,2.98,0.611,0.366,0.637
canny_hough,otsu,edges,293,0,0,0.0,0.0,,0.675,2.979,0.602,0.368,0.649
canny_hough,otsu,edges,294,0,0,0.0,0.0,,0.679,2.99,0.6,0.415,0.657
canny_hough,otsu,edges,295,0,0,0.0,0.0,,0.674,3.03,0.608,0.368,0.662
canny_hough,otsu,edges,296,0,0,0.0,0.0,,0.673,2.975,0.604,0.368,0.651
canny_hough,otsu,edges,297,0,0,0.0,0.0,,0.668,2.99,0.602,0.369,0.659
canny_hough,otsu,edges,298,0,0,0.0,0.0,,0.674,2.973,0.603,0.411,0.655
canny_hough,otsu,edges,299,0,0,0.0,0.0,,0.672,3.031,0.605,0.367,0.744
canny_hough,otsu,edges,300,0,0,0.0,0.0,,0.675,2.927,0.61,0.364,0.653
canny_hough,otsu,edges,301,0,0,0.0,0.0,,0.709,2.97,0.597,0.366,0.663
canny_hough,otsu,edges,302,0,0,0.0,0.0,,0.677,2.992,0.645,0.371,0.666
canny_hough,otsu,edges,303,0,0,0.0,0.0,,0.66,3.046,0.611,0.376,0.758
canny_hough,otsu,edges,304,0,0,0.0,0.0,,0.728,2.991,0.604,0.37,0.649
canny_hough,otsu,edges,305,0,0,0.0,0.0,,0.664,2.928,0.599,0.367,0.654
canny_hough,otsu,edges,306,0,0,0.0,0.0,,0.668,3.002,0.644,0.372,0.638
canny_hough,otsu,edges,307,0,0,0.0,0.0,,0.666,3.007,0.6,0.369,0.738
canny_hough,otsu,edges,308,0,0,0.0,0.0,,0.749,3.035,0.607,0.367,0.639
canny_hough,otsu,edges,309,0,0,0.0,0.0,,0.672,2.928,0.603,0.363,0.659
canny_hough,otsu,edges,310,0,0,0.0,0.0,,0.68,2.979,0.661,0.365,0.646
canny_hough,otsu,edges,311,0,0,0.0,0.0,,0.675,2.98,0.599,0.364,0.704
canny_hough,otsu,edges,312,0,0,0.0,0.0,,0.749,3.029,0.609,0.366,0.643
canny_hough,otsu,edges,313,0,0,0.0,0.0,,0.67,2.952,0.617,0.366,0.65
canny_hough,otsu,edges,314,0,0,0.0,0.0,,0.674,3.027,0.604,0.365,0.655
canny_hough,otsu,edges,315,0,0,0.0,0.0,,0.678,2.989,0.602,0.405,0.674
canny_hough,otsu,edges,316,0,0,0.0,0.0,,0.685,3.054,0.603,0.366,0.656
canny_hough,otsu,edges,317,0,0,0.0,0.0,,0.671,2.965,0.602,0.368,0.669
canny_hough,otsu,edges,318,0,0,0.0,0.0,,0.676,3.002,0.599,0.369,0.657
canny_hough,otsu,edges,319,0,0,0.0,0.0,,0.669,2.997,0.654,0.374,0.652
canny_hough,otsu,edges,320,0,0,0.0,0.0,,0.673,2.992,0.595,0.369,0.715
canny_hough,otsu,edges,321,0,0,0.0,0.0,,0.739,3.008,0.599,0.366,0.667
canny_hough,otsu,edges,322,0,0,0.0,0.0,,0.672,2.924,0.602,0.364,0.648
canny_hough,otsu,edges,323,0,0,0.0,0.0,,0.674,2.996,0.641,0.371,0.669
canny_hough,otsu,edges,324,0,0,0.0,0.0,,0.675,3.035,0.609,0.363,0.742
canny_hough,otsu,edges,325,0,0,0.0,0.0,,0.744,3.002,0.597,0.367,0.656
canny_hough,otsu,edges,326,0,0,0.0,0.0,,0.674,2.975,0.606,0.364,0.656
canny_hough,otsu,edges,327,0,0,0.0,0.0,,0.666,3.0,0.648,0.373,0.662
canny_hough,otsu,edges,328,0,0,0.0,0.0,,0.669,2.984,0.61,0.368,0.701
canny_hough,otsu,edges,329,0,0,0.0,0.0,,0.744,3.024,0.606,0.369,0.658
canny_hough,otsu,edges,330,0,0,0.0,0.0,,0.672,2.925,0.601,0.369,0.64
canny_hough,otsu,edges,331,0,0,0.0,0.0,,0.67,2.979,0.6,0.367,0.642
canny_hough,otsu,edges,332,0,0,0.0,0.0,,0.676,2.991,0.616,0.407,0.651
canny_hough,otsu,edges,333,0,0,0.0,0.0,,0.753,3.014,0.601,0.37,0.654
canny_hough,otsu,edges,334,0,0,0.0,0.0,,0.675,2.918,0.603,0.364,0.648
canny_hough,otsu,edges,335,0,0,0.0,0.0,,0.682,3.697,0.99,0.384,0.664
canny_hough,otsu,edges,336,0,0,0.0,0.0,,0.672,3.023,0.651,0.368,0.651
canny_hough,otsu,edges,337,0,0,0.0,0.0,,0.658,2.974,0.6,0.369,0.711
canny_hough,otsu,edges,338,0,0,0.0,0.0,,0.774,3.05,0.606,0.37,0.64
canny_hough,otsu,edges,339,0,0,0.0,0.0,,0.667,2.933,0.6,0.368,0.652
canny_hough,otsu,edges,340,0,0,0.0,0.0,,0.678,3.03,0.597,0.366,0.635
canny_hough,otsu,edges,341,0,0,0.0,0.0,,0.667,2.964,0.601,0.405,0.656
canny_hough,otsu,edges,342,0,0,0.0,0.0,,0.677,3.005,0.613,0.367,0.655
canny_hough,otsu,edges,343,0,0,0.0,0.0,,0.68,2.97,0.62,0.365,0.668
canny_hough,otsu,edges,344,0,0,0.0,0.0,,0.679,3.06,0.604,0.368,0.654
canny_hough,otsu,edges,345,0,0,0.0,0.0,,0.665,3.024,0.655,0.373,0.665
canny_hough,otsu,edges,346,0,0,0.0,0.0,,0.674,3.063,0.605,0.368,0.742
canny_hough,otsu,edges,347,0,0,0.0,0.0,,0.729,2.993,0.604,0.367,0.652
canny_hough,otsu,edges,348,0,0,0.0,0.0,,0.667,2.919,0.598,0.366,0.66
canny_hough,otsu,edges,349,0,0,0.0,0.0,,0.669,2.98,0.646,0.374,0.661
canny_hough,otsu,edges,350,0,0,0.0,0.0,,0.672,2.977,0.609,0.366,0.708
canny_hough,otsu,edges,351,0,0,0.0,0.0,,0.749,3.013,0.606,0.364,0.66
canny_hough,otsu,edges,352,0,0,0.0,0.0,,0.677,2.936,0.602,0.367,0.654
canny_hough,otsu,edges,353,0,0,0.0,0.0,,0.673,2.966,0.635,0.369,0.663
canny_hough,otsu,edges,354,0,0,0.0,0.0,,0.678,2.987,0.606,0.363,0.704
canny_hough,otsu,edges,355,0,0,0.0,0.0,,0.745,3.027,0.601,0.369,0.654
canny_hough,otsu,edges,356,0,0,0.0,0.0,,0.67,3.017,0.599,0.368,0.65
canny_hough,otsu,edges,357,0,0,0.0,0.0,,0.678,3.025,0.599,0.367,0.656
canny_hough,otsu,edges,358,0,0,0.0,0.0,,0.668,2.989,0.606,0.408,0.663
canny_hough,otsu,edges,359,0,0,0.0,0.0,,0.67,3.023,0.606,0.37,0.66
canny_hough,otsu,edges,360,0,0,0.0,0.0,,0.672,2.934,0.608,0.365,0.653
canny_hough,otsu,edges,361,0,0,0.0,0.0,,0.666,2.991,0.606,0.37,0.649
canny_hough,otsu,edges,362,0,0,0.0,0.0,,0.672,2.976,0.611,0.411,0.641
canny_hough,otsu,edges,363,0,0,0.0,0.0,,0.681,3.035,0.603,0.369,0.731
canny_hough,otsu,edges,364,0,0,0.0,0.0,,0.672,2.894,0.594,0.367,0.644
canny_hough,otsu,edges,365,0,0,0.0,0.0,,0.701,2.959,0.602,0.365,0.667
canny_hough,otsu,edges,366,0,0,0.0,0.0,,0.674,3.049,0.687,0.377,0.646
canny_hough,otsu,edges,367,0,0,0.0,0.0,,0.663,3.018,0.601,0.367,0.749
canny_hough,otsu,edges,368,0,0,0.0,0.0,,0.729,2.993,0.603,0.369,0.651
canny_hough,otsu,edges,369,0,0,0.0,0.0,,0.673,2.926,0.6,0.368,0.644
canny_hough,otsu,edges,370,0,0,0.0,0.0,,0.675,2.989,0.647,0.371,0.651
canny_hough,otsu,edges,371,0,0,0.0,0.0,,0.67,2.998,0.601,0.368,0.727
canny_hough,otsu,edges,372,0,0,0.0,0.0,,0.75,3.014,0.606,0.367,0.638
canny_hough,otsu,edges,373,0,0,0.0,0.0,,0.682,2.947,0.605,0.364,0.665
canny_hough,otsu,edges,374,0,0,0.0,0.0,,0.677,2.978,0.661,0.371,0.638
canny_hough,otsu,edges,375,0,0,0.0,0.0,,0.674,3.02,0.607,0.367,0.734
canny_hough,otsu,edges,376,0,0,0.0,0.0,,0.742,3.068,0.607,0.371,0.65
canny_hough,otsu,edges,377,0,0,0.0,0.0,,0.669,2.932,0.601,0.368,0.65
canny_hough,otsu,edges,378,0,0,0.0,0.0,,0.679,3.025,0.614,0.372,0.639
canny_hough,otsu,edges,379,0,0,0.0,0.0,,0.666,2.975,0.597,0.408,0.67
canny_hough,otsu,edges,380,0,0,0.0,0.0,,0.677,2.987,0.604,0.367,0.629
canny_hough,otsu,edges,381,0,0,0.0,0.0,,0.666,2.918,0.602,0.363,0.653
canny_hough,otsu,edges,382,0,0,0.0,0.0,,0.676,2.998,0.62,0.362,0.645
canny_hough,otsu,edges,383,0,0,0.0,0.0,,0.668,2.975,0.603,0.411,0.665
canny_hough,otsu,edges,384,0,0,0.0,0.0,,0.681,2.992,0.612,0.365,0.634
canny_hough,otsu,edges,385,0,0,0.0,0.0,,0.673,2.943,0.603,0.364,0.665
canny_hough,otsu,edges,386,0,0,0.0,0.0,,0.675,2.964,0.603,0.367,0.641
canny_hough,otsu,edges,387,0,0,0.0,0.0,,0.668,3.053,0.685,0.374,0.675
canny_hough,otsu,edges,388,0,0,0.0,0.0,,0.665,3.031,0.609,0.368,0.725
canny_hough,otsu,edges,389,0,0,0.0,0.0,,0.735,3.019,0.607,0.368,0.668
canny_hough,otsu,edges,390,0,0,0.0,0.0,,0.674,2.923,0.605,0.364,0.643
canny_hough,otsu,edges,391,0,0,0.0,0.0,,0.666,2.989,0.644,0.369,0.68
canny_hough,otsu,edges,392,0,0,0.0,0.0,,0.675,2.985,0.609,0.362,0.713
canny_hough,otsu,edges,393,0,0,0.0,0.0,,0.748,3.016,0.607,0.369,0.658
canny_hough,otsu,edges,394,0,0,0.0,0.0,,0.674,2.931,0.599,0.366,0.654
canny_hough,otsu,edges,395,0,0,0.0,0.0,,0.678,3.004,0.653,0.37,0.662
canny_hough,otsu,edges,396,0,0,0.0,0.0,,0.686,3.094,0.605,0.37,0.766
canny_hough,otsu,edges,397,0,0,0.0,0.0,,0.75,3.006,0.604,0.364,0.653
canny_hough,otsu,edges,398,0,0,0.0,0.0,,0.675,2.913,0.602,0.366,0.633
canny_hough,otsu,edges,399,0,0,0.0,0.0,,0.672,3.005,0.599,0.369,0.66
canny_hough,otsu,edges,400,0,0,0.0,0.0,,0.675,2.963,0.606,0.409,0.641
canny_hough,otsu,edges,401,0,0,0.0,0.0,,0.681,3.034,0.602,0.368,0.662
canny_hough,otsu,edges,402,0,0,0.0,0.0,,0.674,2.915,0.596,0.368,0.632
canny_hough,otsu,edges,403,0,0,0.0,0.0,,0.665,2.99,0.613,0.368,0.651
canny_hough,otsu,edges,404,0,0,0.0,0.0,,0.67,3.012,0.603,0.426,0.645
canny_hough,otsu,edges,405,0,0,0.0,0.0,,0.674,3.018,0.601,0.367,0.734
canny_hough,otsu,edges,406,0,0,0.0,0.0,,0.745,3.036,0.618,0.362,0.647
canny_hough,otsu,edges,407,0,0,0.0,0.0,,0.68,2.943,0.609,0.364,0.668
canny_hough,otsu,edges,408,0,0,0.0,0.0,,0.675,2.975,0.647,0.368,0.654
canny_hough,otsu,edges,409,0,0,0.0,0.0,,0.671,3.02,0.6,0.367,0.746
canny_hough,otsu,edges,410,0,0,0.0,0.0,,0.743,3.029,0.613,0.368,0.651
canny_hough,otsu,edges,411,0,0,0.0,0.0,,0.668,2.932,0.595,0.369,0.658
canny_hough,otsu,edges,412,0,0,0.0,0.0,,0.674,2.983,0.65,0.37,0.647
canny_hough,otsu,edges,413,0,0,0.0,0.0,,0.666,2.988,0.6,0.37,0.717
canny_hough,otsu,edges,414,0,0,0.0,0.0,,0.737,3.009,0.606,0.368,0.656
canny_hough,otsu,edges,415,0,0,0.0,0.0,,0.672,2.952,0.606,0.368,0.653
canny_hough,otsu,edges,416,0,0,0.0,0.0,,0.672,3.027,0.658,0.367,0.661
canny_hough,otsu,edges,417,0,0,0.0,0.0,,0.674,2.99,0.612,0.405,0.674
canny_hough,otsu,edges,418,0,0,0.0,0.0,,0.781,3.03,0.608,0.363,0.641
canny_hough,otsu,edges,419,0,0,0.0,0.0,,0.671,2.958,0.608,0.367,0.653
canny_hough,otsu,edges,420,0,0,0.0,0.0,,0.676,3.03,0.603,0.37,0.633
canny_hough,otsu,edges,421,0,0,0.0,0.0,,0.669,2.976,0.598,0.409,0.669
canny_hough,otsu,edges,422,0,0,0.0,0.0,,0.677,3.008,0.602,0.368,0.639
canny_hough,otsu,edges,423,0,0,0.0,0.0,,0.672,2.923,0.596,0.368,0.65
canny_hough,otsu,edges,424,0,0,0.0,0.0,,0.676,3.004,0.602,0.368,0.652
canny_hough,adaptive,edges,0,0,0,0.0,0.0,,0.705,10.955,0.66,7.851,1.024
canny_hough,adaptive,edges,1,0,0,0.0,0.0,,0.667,11.487,0.669,8.411,1.082
canny_hough,adaptive,edges,2,0,0,0.0,0.0,,1.169,12.005,0.639,8.404,0.898
canny_hough,adaptive,edges,3,0,0,0.0,0.0,,0.73,15.058,1.09,11.683,0.874
canny_hough,adaptive,edges,4,0,0,0.0,0.0,,1.053,11.802,0.62,7.832,1.504
canny_hough,adaptive,edges,5,0,0,0.0,0.0,,0.682,11.393,1.138,7.693,1.132
canny_hough,adaptive,edges,6,0,0,0.0,0.0,,0.712,10.828,0.996,7.342,1.096
canny_hough,adaptive,edges,7,0,0,0.0,0.0,,0.693,10.836,1.049,7.216,1.208
canny_hough,adaptive,edges,8,0,0,0.0,0.0,,0.752,10.781,0.986,7.279,1.118
canny_hough,adaptive,edges,9,0,0,0.0,0.0,,0.697,10.718,0.984,7.246,1.118
canny_hough,adaptive,edges,10,0,0,0.0,0.0,,0.707,10.833,1.034,7.278,1.116
canny_hough,adaptive,edges,11,0,0,0.0,0.0,,0.766,10.934,0.985,7.295,1.218
canny_hough,adaptive,edges,12,0,0,0.0,0.0,,0.776,11.045,1.044,7.393,1.126
canny_hough,adaptive,edges,13,0,0,0.0,0.0,,0.681,10.759,0.978,7.304,1.12
canny_hough,adaptive,edges,14,0,0,0.0,0.0,,0.684,10.815,1.04,7.306,1.128
canny_hough,adaptive,edges,15,0,0,0.0,0.0,,0.704,10.796,0.977,7.238,1.206
canny_hough,adaptive,edges,16,0,0,0.0,0.0,,0.706,10.754,0.986,7.27,1.133
canny_hough,adaptive,edges,17,0,0,0.0,0.0,,0.774,11.096,0.992,7.278,1.276
canny_hough,adaptive,edges,18,0,0,0.0,0.0,,0.666,10.769,1.07,7.203,1.176
canny_hough,adaptive,edges,19,0,0,0.0,0.0,,0.738,10.537,0.951,7.134,1.074
canny_hough,adaptive,edges,20,0,0,0.0,0.0,,0.674,10.546,0.957,7.212,1.038
canny_hough,adaptive,edges,21,0,0,0.0,0.0,,0.665,10.556,1.024,7.096,1.131
canny_hough,adaptive,edges,22,0,0,0.0,0.0,,0.89,10.99,0.982,7.34,1.108
canny_hough,adaptive,edges,23,0,0,0.0,0.0,,0.812,11.336,1.08,7.381,1.331
canny_hough,adaptive,edges,24,0,0,0.0,0.0,,0.762,11.149,1.016,7.548,1.125
canny_hough,adaptive,edges,25,0,0,0.0,0.0,,0.71,11.289,1.074,7.497,1.318
canny_hough,adaptive,edges,26,0,0,0.0,0.0,,0.8,11.432,1.082,7.532,1.297
canny_hough,adaptive,edges,27,0,0,0.0,0.0,,0.718,11.405,1.048,7.519,1.408
canny_hough,adaptive,edges,28,0,0,0.0,0.0,,0.704,11.203,1.058,7.59,1.103
canny_hough,adaptive,edges,29,0,0,0.0,0.0,,0.766,11.136,0.985,7.559,1.161
canny_hough,adaptive,edges,30,0,0,0.0,0.0,,0.694,11.543,1.381,7.655,1.119
canny_hough,adaptive,edges,31,0,0,0.0,0.0,,0.704,11.278,0.987,7.244,1.65
canny_hough,adaptive,edges,32,0,0,0.0,0.0,,0.676,10.787,1.037,7.219,1.196
canny_hough,adaptive,edges,33,0,0,0.0,0.0,,0.687,10.793,0.988,7.253,1.129
canny_hough,adaptive,edges,34,0,0,0.0,0.0,,0.687,10.733,0.991,7.284,1.096
canny_hough,adaptive,edges,35,0,0,0.0,0.0,,0.685,10.769,0.986,7.257,1.124
canny_hough,adaptive,edges,36,0,0,0.0,0.0,,0.699,10.842,0.998,7.275,1.215
canny_hough,adaptive,edges,37,0,0,0.0,0.0,,0.662,10.508,0.979,7.159,1.056
canny_hough,adaptive,edges,38,0,0,0.0,0.0,,0.663,10.586,0.978,7.188,1.045
canny_hough,adaptive,edges,39,0,0,0.0,0.0,,0.672,10.605,1.03,7.109,1.156
canny_hough,adaptive,edges,40,0,0,0.0,0.0,,0.689,10.566,0.986,7.145,1.087
canny_hough,adaptive,edges,41,0,0,0.0,0.0,,0.669,10.544,0.968,7.137,1.083
canny_hough,adaptive,edges,42,0,0,0.0,0.0,,0.662,10.573,0.981,7.133,1.153
canny_hough,adaptive,edges,43,0,0,0.0,0.0,,0.669,10.473,0.979,7.104,1.07
canny_hough,adaptive,edges,44,0,0,0.0,0.0,,0.665,10.554,0.982,7.146,1.079
canny_hough,adaptive,edges,45,0,0,0.0,0.0,,0.733,10.273,0.971,7.113,0.806
canny_hough,adaptive,edges,46,0,0,0.0,0.0,,0.669,9.873,0.635,7.151,0.775
canny_hough,adaptive,edges,47,0,0,0.0,0.0,,0.74,9.919,0.6,7.103,0.809
canny_hough,adaptive,edges,48,0,0,0.0,0.0,,0.677,9.841,0.602,7.143,0.775
canny_hough,adaptive,edges,49,0,0,0.0,0.0,,0.745,9.914,0.602,7.116,0.812
canny_hough,adaptive,edges,50,0,0,0.0,0.0,,0.676,9.922,0.6,7.188,0.784
canny_hough,adaptive,edges,51,0,0,0.0,0.0,,0.736,9.897,0.611,7.118,0.799
canny_hough,adaptive,edges,52,0,0,0.0,0.0,,0.673,9.851,0.607,7.15,0.781
canny_hough,adaptive,edges,53,0,0,0.0,0.0,,0.742,9.893,0.602,7.116,0.786
canny_hough,adaptive,edges,54,0,0,0.0,0.0,,0.666,9.866,0.605,7.149,0.785
canny_hough,adaptive,edges,55,0,0,0.0,0.0,,0.67,9.818,0.599,7.105,0.813
canny_hough,adaptive,edges,56,0,0,0.0,0.0,,0.671,9.872,0.601,7.169,0.789
canny_hough,adaptive,edges,57,0,0,0.0,0.0,,0.67,9.797,0.614,7.101,0.78
canny_hough,adaptive,edges,58,0,0,0.0,0.0,,0.672,9.95,0.619,7.179,0.779
canny_hough,adaptive,edges,59,0,0,0.0,0.0,,0.664,9.801,0.607,7.101,0.786
canny_hough,adaptive,edges,60,0,0,0.0,0.0,,0.67,9.939,0.602,7.09,0.846
canny_hough,adaptive,edges,61,0,0,0.0,0.0,,0.673,9.84,0.607,7.115,0.805
canny_hough,adaptive,edges,62,0,0,0.0,0.0,,0.671,9.918,0.606,7.101,0.851
canny_hough,adaptive,edges,63,0,0,0.0,0.0,,0.669,9.816,0.614,7.1,0.793
canny_hough,adaptive,edges,64,0,0,0.0,0.0,,0.671,9.932,0.652,7.094,0.869
canny_hough,adaptive,edges,65,0,0,0.0,0.0,,0.667,9.843,0.604,7.107,0.795
canny_hough,adaptive,edges,66,0,0,0.0,0.0,,0.664,9.954,0.658,7.089,0.862
canny_hough,adaptive,edges,67,0,0,0.0,0.0,,0.678,9.823,0.603,7.103,0.809
canny_hough,adaptive,edges,68,0,0,0.0,0.0,,0.676,9.939,0.653,7.094,0.887
canny_hough,adaptive,edges,69,0,0,0.0,0.0,,0.675,10.449,0.601,7.76,0.769
canny_hough,adaptive,edges,70,0,0,0.0,0.0,,0.664,9.97,0.606,7.074,0.884
canny_hough,adaptive,edges,71,0,0,0.0,0.0,,0.678,9.855,0.607,7.113,0.801
canny_hough,adaptive,edges,72,0,0,0.0,0.0,,0.679,9.927,0.611,7.071,0.857
canny_hough,adaptive,edges,73,0,0,0.0,0.0,,0.667,9.824,0.606,7.124,0.79
canny_hough,adaptive,edges,74,0,0,0.0,0.0,,0.671,9.858,0.603,7.057,0.852
canny_hough,adaptive,edges,75,0,0,0.0,0.0,,0.662,9.842,0.601,7.149,0.794
canny_hough,adaptive,edges,76,0,0,0.0,0.0,,0.676,9.916,0.643,7.103,0.857
canny_hough,adaptive,edges,77,0,0,0.0,0.0,,0.676,9.819,0.607,7.1,0.795
canny_hough,adaptive,edges,78,0,0,0.0,0.0,,0.677,9.914,0.645,7.078,0.889
canny_hough,adaptive,edges,79,0,0,0.0,0.0,,0.669,9.811,0.608,7.108,0.799
canny_hough,adaptive,edges,80,0,0,0.0,0.0,,0.679,9.997,0.644,7.107,0.889
canny_hough,adaptive,edges,81,0,0,0.0,0.0,,0.672,9.836,0.609,7.118,0.801
canny_hough,adaptive,edges,82,0,0,0.0,0.0,,0.674,9.923,0.652,7.092,0.858
canny_hough,adaptive,edges,83,0,0,0.0,0.0,,0.668,9.806,0.602,7.109,0.79
canny_hough,adaptive,edges,84,0,0,0.0,0.0,,0.673,9.947,0.604,7.167,0.798
canny_hough,adaptive,edges,85,0,0,0.0,0.0,,0.679,9.834,0.603,7.15,0.77
canny_hough,adaptive,edges,86,0,0,0.0,0.0,,0.751,9.931,0.604,7.128,0.806
canny_hough,adaptive,edges,87,0,0,0.0,0.0,,0.673,9.872,0.601,7.16,0.8
canny_hough,adaptive,edges,88,0,0,0.0,0.0,,0.744,9.921,0.608,7.128,0.797
canny_hough,adaptive,edges,89,0,0,0.0,0.0,,0.67,9.831,0.604,7.125,0.794
canny_hough,adaptive,edges,90,0,0,0.0,0.0,,0.747,9.916,0.61,7.098,0.785
canny_hough,adaptive,edges,91,0,0,0.0,0.0,,0.658,9.865,0.597,7.169,0.78
canny_hough,adaptive,edges,92,0,0,0.0,0.0,,0.759,9.905,0.606,7.113,0.8
canny_hough,adaptive,edges,93,0,0,0.0,0.0,,0.674,9.853,0.6,7.139,0.795
canny_hough,adaptive,edges,94,0,0,0.0,0.0,,0.738,9.863,0.603,7.098,0.793
canny_hough,adaptive,edges,95,0,0,0.0,0.0,,0.669,9.9,0.595,7.209,0.796
canny_hough,adaptive,edges,96,0,0,0.0,0.0,,0.736,9.899,0.616,7.121,0.794
canny_hough,adaptive,edges,97,0,0,0.0,0.0,,0.664,9.832,0.606,7.138,0.789
canny_hough,adaptive,edges,98,0,0,0.0,0.0,,0.676,9.852,0.612,7.121,0.795
canny_hough,adaptive,edges,99,0,0,0.0,0.0,,0.666,9.842,0.602,7.14,0.779
canny_hough,adaptive,edges,100,0,0,0.0,0.0,,0.676,9.857,0.609,7.122,0.782
canny_hough,adaptive,edges,101,0,0,0.0,0.0,,0.675,9.933,0.607,7.139,0.8
canny_hough,adaptive,edges,102,0,0,0.0,0.0,,0.67,9.892,0.606,7.169,0.804
canny_hough,adaptive,edges,103,0,0,0.0,0.0,,0.671,9.956,0.606,7.185,0.794
canny_hough,adaptive,edges,104,0,0,0.0,0.0,,0.669,9.853,0.604,7.138,0.806
canny_hough,adaptive,edges,105,0,0,0.0,0.0,,0.666,10.009,0.594,7.155,0.8
canny_hough,adaptive,edges,106,0,0,0.0,0.0,,0.67,9.801,0.606,7.107,0.792
canny_hough,adaptive,edges,107,0,0,0.0,0.0,,0.677,9.932,0.609,7.077,0.846
canny_hough,adaptive,edges,108,0,0,0.0,0.0,,0.668,9.845,0.602,7.132,0.797
canny_hough,adaptive,edges,109,0,0,0.0,0.0,,0.694,10.482,0.616,7.284,1.171
canny_hough,adaptive,edges,110,0,0,0.0,0.0,,0.698,10.859,0.99,7.25,1.101
canny_hough,adaptive,edges,111,0,0,0.0,0.0,,0.69,10.728,0.981,7.263,1.122
canny_hough,adaptive,edges,112,0,0,0.0,0.0,,0.715,10.882,0.99,7.324,1.128
canny_hough,adaptive,edges,113,0,0,0.0,0.0,,0.689,10.832,1.037,7.234,1.207
canny_hough,adaptive,edges,114,0,0,0.0,0.0,,0.805,10.818,0.986,7.24,1.13
canny_hough,adaptive,edges,115,0,0,0.0,0.0,,0.708,10.747,0.982,7.252,1.133
canny_hough,adaptive,edges,116,0,0,0.0,0.0,,0.689,10.808,1.046,7.306,1.108
canny_hough,adaptive,edges,117,0,0,0.0,0.0,,0.682,10.761,0.992,7.227,1.196
canny_hough,adaptive,edges,118,0,0,0.0,0.0,,0.687,10.741,0.992,7.25,1.135
canny_hough,adaptive,edges,119,0,0,0.0,0.0,,0.705,10.788,0.99,7.26,1.115
canny_hough,adaptive,edges,120,0,0,0.0,0.0,,0.705,10.883,1.041,7.229,1.197
canny_hough,adaptive,edges,121,0,0,0.0,0.0,,0.746,10.703,0.983,7.27,1.045
canny_hough,adaptive,edges,122,0,0,0.0,0.0,,0.663,10.491,0.974,7.157,1.064
canny_hough,adaptive,edges,123,0,0,0.0,0.0,,0.662,10.589,1.025,7.082,1.176
canny_hough,adaptive,edges,124,0,0,0.0,0.0,,0.726,10.558,0.98,7.145,1.06
canny_hough,adaptive,edges,125,0,0,0.0,0.0,,0.659,10.474,0.974,7.137,1.066
canny_hough,adaptive,edges,126,0,0,0.0,0.0,,0.665,10.583,1.027,7.09,1.152
canny_hough,adaptive,edges,127,0,0,0.0,0.0,,0.658,10.43,0.969,7.097,1.075
canny_hough,adaptive,edges,128,0,0,0.0,0.0,,0.675,10.553,0.98,7.146,1.074
canny_hough,adaptive,edges,129,0,0,0.0,0.0,,0.666,10.593,0.97,7.136,1.146
canny_hough,adaptive,edges,130,0,0,0.0,0.0,,0.668,10.519,0.977,7.118,1.072
canny_hough,adaptive,edges,131,0,0,0.0,0.0,,0.662,10.542,0.972,7.142,1.068
canny_hough,adaptive,edges,132,0,0,0.0,0.0,,0.669,10.556,0.981,7.122,1.135
canny_hough,adaptive,edges,133,0,0,0.0,0.0,,0.66,10.463,0.979,7.108,1.076
canny_hough,adaptive,edges,134,0,0,0.0,0.0,,0.673,10.53,1.029,7.123,1.071
canny_hough,adaptive,edges,135,0,0,0.0,0.0,,0.733,10.573,0.973,7.129,1.087
canny_hough,adaptive,edges,136,0,0,0.0,0.0,,0.657,10.438,0.97,7.107,1.065
canny_hough,adaptive,edges,137,0,0,0.0,0.0,,0.656,10.566,1.026,7.094,1.13
canny_hough,adaptive,edges,138,0,0,0.0,0.0,,0.74,10.604,0.977,7.114,1.076
canny_hough,adaptive,edges,139,0,0,0.0,0.0,,0.661,10.472,0.967,7.132,1.068
canny_hough,adaptive,edges,140,0,0,0.0,0.0,,0.687,10.596,1.021,7.091,1.138
canny_hough,adaptive,edges,141,0,0,0.0,0.0,,0.724,10.571,0.966,7.143,1.083
canny_hough,adaptive,edges,142,0,0,0.0,0.0,,0.678,10.53,0.976,7.137,1.084
canny_hough,adaptive,edges,143,0,0,0.0,0.0,,0.674,10.559,1.015,7.088,1.144
canny_hough,adaptive,edges,144,0,0,0.0,0.0,,0.738,10.54,0.977,7.122,1.076
canny_hough,adaptive,edges,145,0,0,0.0,0.0,,0.67,10.557,0.977,7.16,1.087
canny_hough,adaptive,edges,146,0,0,0.0,0.0,,0.668,10.568,1.027,7.095,1.13
canny_hough,adaptive,edges,147,0,0,0.0,0.0,,0.66,10.478,0.969,7.127,1.073
canny_hough,adaptive,edges,148,0,0,0.0,0.0,,0.677,10.522,0.98,7.165,1.073
canny_hough,adaptive,edges,149,0,0,0.0,0.0,,0.661,10.554,1.022,7.078,1.141
canny_hough,adaptive,edges,150,0,0,0.0,0.0,,0.677,10.532,0.98,7.128,1.069
canny_hough,adaptive,edges,151,0,0,0.0,0.0,,0.669,10.576,0.974,7.158,1.062
canny_hough,adaptive,edges,152,0,0,0.0,0.0,,0.667,10.526,0.971,7.119,1.144
canny_hough,adaptive,edges,153,0,0,0.0,0.0,,0.663,10.49,0.982,7.124,1.069
canny_hough,adaptive,edges,154,0,0,0.0,0.0,,0.708,10.575,0.966,7.141,1.071
canny_hough,adaptive,edges,155,0,0,0.0,0.0,,0.685,10.586,0.967,7.113,1.11
canny_hough,adaptive,edges,156,0,0,0.0,0.0,,0.661,10.501,1.002,7.121,1.067
canny_hough,adaptive,edges,157,0,0,0.0,0.0,,0.668,10.63,1.028,7.181,1.077
canny_hough,adaptive,edges,158,0,0,0.0,0.0,,0.693,10.578,0.978,7.109,1.098
canny_hough,adaptive,edges,159,0,0,0.0,0.0,,0.668,10.483,0.971,7.126,1.071
canny_hough,adaptive,edges,160,0,0,0.0,0.0,,0.679,10.579,1.022,7.072,1.128
canny_hough,adaptive,edges,161,0,0,0.0,0.0,,0.734,10.563,0.979,7.123,1.083
canny_hough,adaptive,edges,162,0,0,0.0,0.0,,0.664,10.499,0.967,7.142,1.074
canny_hough,adaptive,edges,163,0,0,0.0,0.0,,0.676,10.578,1.026,7.089,1.122
canny_hough,adaptive,edges,164,0,0,0.0,0.0,,0.735,10.547,0.969,7.129,1.076
canny_hough,adaptive,edges,165,0,0,0.0,0.0,,0.662,10.49,0.965,7.139,1.075
canny_hough,adaptive,edges,166,0,0,0.0,0.0,,0.674,10.559,1.027,7.08,1.147
canny_hough,adaptive,edges,167,0,0,0.0,0.0,,0.727,10.537,0.974,7.107,1.067
canny_hough,adaptive,edges,168,0,0,0.0,0.0,,0.658,11.111,0.98,7.748,1.068
canny_hough,adaptive,edges,169,0,0,0.0,0.0,,0.682,10.57,1.022,7.086,1.131
canny_hough,adaptive,edges,170,0,0,0.0,0.0,,0.757,10.598,0.977,7.126,1.066
canny_hough,adaptive,edges,171,0,0,0.0,0.0,,0.656,10.487,0.969,7.131,1.079
canny_hough,adaptive,edges,172,0,0,0.0,0.0,,0.668,10.531,1.021,7.086,1.126
canny_hough,adaptive,edges,173,0,0,0.0,0.0,,0.732,10.545,0.971,7.112,1.079
canny_hough,adaptive,edges,174,0,0,0.0,0.0,,0.671,10.611,0.977,7.243,1.086
canny_hough,adaptive,edges,175,0,0,0.0,0.0,,0.672,10.589,1.021,7.117,1.132
canny_hough,adaptive,edges,176,0,0,0.0,0.0,,0.739,10.605,0.982,7.135,1.108
canny_hough,adaptive,edges,177,0,0,0.0,0.0,,0.679,10.491,0.968,7.142,1.061
canny_hough,adaptive,edges,178,0,0,0.0,0.0,,0.664,10.554,1.025,7.08,1.14
canny_hough,adaptive,edges,179,0,0,0.0,0.0,,0.728,10.513,0.971,7.096,1.075
canny_hough,adaptive,edges,180,0,0,0.0,0.0,,0.668,10.571,0.974,7.165,1.083
canny_hough,adaptive,edges,181,0,0,0.0,0.0,,0.669,10.582,1.021,7.081,1.167
canny_hough,adaptive,edges,182,0,0,0.0,0.0,,0.664,10.452,0.975,7.11,1.067
canny_hough,adaptive,edges,183,0,0,0.0,0.0,,0.656,10.511,0.972,7.147,1.075
canny_hough,adaptive,edges,184,0,0,0.0,0.0,,0.662,10.576,1.025,7.085,1.155
canny_hough,adaptive,edges,185,0,0,0.0,0.0,,0.676,10.5,0.977,7.109,1.083
canny_hough,adaptive,edges,186,0,0,0.0,0.0,,0.674,10.587,0.984,7.144,1.075
canny_hough,adaptive,edges,187,0,0,0.0,0.0,,0.664,10.544,0.977,7.112,1.146
canny_hough,adaptive,edges,188,0,0,0.0,0.0,,0.656,10.474,0.971,7.13,1.072
canny_hough,adaptive,edges,189,0,0,0.0,0.0,,0.682,10.62,0.978,7.18,1.084
canny_hough,adaptive,edges,190,0,0,0.0,0.0,,0.669,10.577,0.974,7.124,1.071
canny_hough,adaptive,edges,191,0,0,0.0,0.0,,0.662,10.466,0.971,7.114,1.061
canny_hough,adaptive,edges,192,0,0,0.0,0.0,,0.662,10.535,1.022,7.152,1.064
canny_hough,adaptive,edges,193,0,0,0.0,0.0,,0.753,10.616,0.976,7.145,1.067
canny_hough,adaptive,edges,194,0,0,0.0,0.0,,0.679,10.495,0.977,7.099,1.08
canny_hough,adaptive,edges,195,0,0,0.0,0.0,,0.668,10.565,1.015,7.117,1.122
canny_hough,adaptive,edges,196,0,0,0.0,0.0,,0.737,10.523,0.975,7.115,1.058
canny_hough,adaptive,edges,197,0,0,0.0,0.0,,0.663,10.48,0.973,7.126,1.071
canny_hough,adaptive,edges,198,0,0,0.0,0.0,,0.677,10.58,1.022,7.104,1.147
canny_hough,adaptive,edges,199,0,0,0.0,0.0,,0.722,10.541,0.976,7.116,1.084
canny_hough,adaptive,edges,200,0,0,0.0,0.0,,0.677,10.51,0.964,7.137,1.066
canny_hough,adaptive,edges,201,0,0,0.0,0.0,,0.659,10.563,1.017,7.075,1.165
canny_hough,adaptive,edges,202,0,0,0.0,0.0,,0.725,10.557,0.98,7.133,1.071
canny_hough,adaptive,edges,203,0,0,0.0,0.0,,0.665,10.827,1.07,7.356,1.058
canny_hough,adaptive,edges,204,0,0,0.0,0.0,,0.655,10.584,1.029,7.097,1.153
canny_hough,adaptive,edges,205,0,0,0.0,0.0,,0.739,10.551,0.965,7.129,1.074
canny_hough,adaptive,edges,206,0,0,0.0,0.0,,0.681,10.576,0.974,7.193,1.088
canny_hough,adaptive,edges,207,0,0,0.0,0.0,,0.671,10.562,1.02,7.091,1.133
canny_hough,adaptive,edges,208,0,0,0.0,0.0,,0.766,10.593,0.978,7.117,1.072
canny_hough,adaptive,edges,209,0,0,0.0,0.0,,0.661,10.5,0.974,7.14,1.073
canny_hough,adaptive,edges,210,0,0,0.0,0.0,,0.66,10.642,1.033,7.098,1.172
canny_hough,adaptive,edges,211,0,0,0.0,0.0,,0.731,10.556,0.971,7.147,1.068
canny_hough,adaptive,edges,212,0,0,0.0,0.0,,0.677,10.492,0.972,7.147,1.063
canny_hough,adaptive,edges,213,0,0,0.0,0.0,,0.68,10.578,1.019,7.075,1.158
canny_hough,adaptive,edges,214,0,0,0.0,0.0,,0.66,10.489,0.979,7.118,1.086
canny_hough,adaptive,edges,215,0,0,0.0,0.0,,0.661,10.534,0.98,7.14,1.066
canny_hough,adaptive,edges,216,0,0,0.0,0.0,,0.676,10.535,0.98,7.12,1.126
canny_hough,adaptive,edges,217,0,0,0.0,0.0,,0.663,10.474,0.974,7.117,1.071
canny_hough,adaptive,edges,218,0,0,0.0,0.0,,0.662,10.536,0.979,7.131,1.074
canny_hough,adaptive,edges,219,0,0,0.0,0.0,,0.667,10.553,0.975,7.102,1.077
canny_hough,adaptive,edges,220,0,0,0.0,0.0,,0.67,10.511,0.979,7.115,1.061
canny_hough,adaptive,edges,221,0,0,0.0,0.0,,0.659,10.535,1.031,7.117,1.077
canny_hough,adaptive,edges,222,0,0,0.0,0.0,,0.744,10.528,0.982,7.098,1.064
canny_hough,adaptive,edges,223,0,0,0.0,0.0,,0.666,10.493,0.972,7.135,1.071
canny_hough,adaptive,edges,224,0,0,0.0,0.0,,0.67,10.543,1.021,7.086,1.132
canny_hough,adaptive,edges,225,0,0,0.0,0.0,,0.745,10.559,0.969,7.118,1.089
canny_hough,adaptive,edges,226,0,0,0.0,0.0,,0.663,10.494,0.966,7.141,1.078
canny_hough,adaptive,edges,227,0,0,0.0,0.0,,0.671,10.562,1.018,7.085,1.138
canny_hough,adaptive,edges,228,0,0,0.0,0.0,,0.743,10.543,0.978,7.11,1.075
canny_hough,adaptive,edges,229,0,0,0.0,0.0,,0.672,10.539,0.963,7.159,1.066
canny_hough,adaptive,edges,230,0,0,0.0,0.0,,0.665,10.616,1.022,7.085,1.162
canny_hough,adaptive,edges,231,0,0,0.0,0.0,,0.657,10.436,0.967,7.093,1.064
canny_hough,adaptive,edges,232,0,0,0.0,0.0,,0.684,10.523,0.982,7.139,1.073
canny_hough,adaptive,edges,233,0,0,0.0,0.0,,0.679,10.571,1.021,7.097,1.141
canny_hough,adaptive,edges,234,0,0,0.0,0.0,,0.664,10.512,0.977,7.129,1.081
canny_hough,adaptive,edges,235,0,0,0.0,0.0,,0.676,10.567,0.976,7.138,1.077
canny_hough,adaptive,edges,236,0,0,0.0,0.0,,0.679,10.526,0.98,7.121,1.119
canny_hough,adaptive,edges,237,0,0,0.0,0.0,,0.658,10.444,0.963,7.11,1.07
canny_hough,adaptive,edges,238,0,0,0.0,0.0,,0.661,10.536,0.982,7.126,1.068
canny_hough,adaptive,edges,239,0,0,0.0,0.0,,0.667,10.555,0.975,7.118,1.091
canny_hough,adaptive,edges,240,0,0,0.0,0.0,,0.685,10.553,0.971,7.149,1.066
canny_hough,adaptive,edges,241,0,0,0.0,0.0,,0.68,10.554,1.025,7.088,1.13
canny_hough,adaptive,edges,242,0,0,0.0,0.0,,0.739,10.57,0.975,7.132,1.095
canny_hough,adaptive,edges,243,0,0,0.0,0.0,,0.667,10.477,0.978,7.119,1.063
canny_hough,adaptive,edges,244,0,0,0.0,0.0,,0.677,10.584,1.023,7.114,1.13
canny_hough,adaptive,edges,245,0,0,0.0,0.0,,0.741,10.529,0.972,7.104,1.071
canny_hough,adaptive,edges,246,0,0,0.0,0.0,,0.691,10.523,0.967,7.145,1.09
canny_hough,adaptive,edges,247,0,0,0.0,0.0,,0.668,10.555,1.022,7.083,1.139
canny_hough,adaptive,edges,248,0,0,0.0,0.0,,0.735,10.566,0.979,7.141,1.075
canny_hough,adaptive,edges,249,0,0,0.0,0.0,,0.675,10.643,0.966,7.287,1.068
canny_hough,adaptive,edges,250,0,0,0.0,0.0,,0.671,10.611,1.018,7.092,1.156
canny_hough,adaptive,edges,251,0,0,0.0,0.0,,0.737,10.541,0.975,7.115,1.069
canny_hough,adaptive,edges,252,0,0,0.0,0.0,,0.67,10.531,0.978,7.162,1.065
canny_hough,adaptive,edges,253,0,0,0.0,0.0,,0.662,10.592,1.024,7.085,1.168
canny_hough,adaptive,edges,254,0,0,0.0,0.0,,0.729,10.526,0.967,7.109,1.076
canny_hough,adaptive,edges,255,0,0,0.0,0.0,,0.678,10.534,0.98,7.138,1.084
canny_hough,adaptive,edges,256,0,0,0.0,0.0,,0.674,10.545,1.024,7.096,1.127
canny_hough,adaptive,edges,257,0,0,0.0,0.0,,0.668,10.499,0.965,7.101,1.082
canny_hough,adaptive,edges,258,0,0,0.0,0.0,,0.672,10.582,0.984,7.156,1.085
canny_hough,adaptive,edges,259,0,0,0.0,0.0,,0.654,10.513,0.965,7.125,1.121
canny_hough,adaptive,edges,260,0,0,0.0,0.0,,0.676,10.499,0.967,7.104,1.066
canny_hough,adaptive,edges,261,0,0,0.0,0.0,,0.658,10.556,0.98,7.133,1.086
canny_hough,adaptive,edges,262,0,0,0.0,0.0,,0.671,10.538,0.976,7.109,1.087
canny_hough,adaptive,edges,263,0,0,0.0,0.0,,0.668,10.498,0.967,7.136,1.097
canny_hough,adaptive,edges,264,0,0,0.0,0.0,,0.673,11.121,1.047,7.319,1.442
canny_hough,adaptive,edges,265,0,0,0.0,0.0,,0.678,10.615,1.02,7.125,1.148
canny_hough,adaptive,edges,266,0,0,0.0,0.0,,0.772,10.727,0.985,7.145,1.143
canny_hough,adaptive,edges,267,0,0,0.0,0.0,,0.665,10.508,0.978,7.144,1.073
canny_hough,adaptive,edges,268,0,0,0.0,0.0,,0.66,10.574,1.026,7.082,1.163
canny_hough,adaptive,edges,269,0,0,0.0,0.0,,0.663,10.467,0.966,7.122,1.064
canny_hough,adaptive,edges,270,0,0,0.0,0.0,,0.666,10.591,0.988,7.142,1.067
canny_hough,adaptive,edges,271,0,0,0.0,0.0,,0.665,10.581,0.976,7.121,1.135
canny_hough,adaptive,edges,272,0,0,0.0,0.0,,0.671,10.485,0.974,7.113,1.073
canny_hough,adaptive,edges,273,0,0,0.0,0.0,,0.666,10.534,0.981,7.133,1.064
canny_hough,adaptive,edges,274,0,0,0.0,0.0,,0.671,10.575,0.971,7.135,1.084
canny_hough,adaptive,edges,275,0,0,0.0,0.0,,0.668,10.473,0.972,7.118,1.075
canny_hough,adaptive,edges,276,0,0,0.0,0.0,,0.673,10.568,1.021,7.151,1.075
canny_hough,adaptive,edges,277,0,0,0.0,0.0,,0.739,10.556,0.973,7.11,1.074
canny_hough,adaptive,edges,278,0,0,0.0,0.0,,0.672,10.508,0.978,7.146,1.073
canny_hough,adaptive,edges,279,0,0,0.0,0.0,,0.675,10.561,1.018,7.073,1.149
canny_hough,adaptive,edges,280,0,0,0.0,0.0,,0.742,10.541,0.962,7.1,1.07
canny_hough,adaptive,edges,281,0,0,0.0,0.0,,0.661,10.528,0.968,7.134,1.089
canny_hough,adaptive,edges,282,0,0,0.0,0.0,,0.666,10.613,1.023,7.114,1.163
canny_hough,adaptive,edges,283,0,0,0.0,0.0,,0.725,10.528,0.969,7.115,1.078
canny_hough,adaptive,edges,284,0,0,0.0,0.0,,0.672,10.484,0.974,7.132,1.066
canny_hough,adaptive,edges,285,0,0,0.0,0.0,,0.664,10.541,1.018,7.069,1.168
canny_hough,adaptive,edges,286,0,0,0.0,0.0,,0.731,10.552,0.986,7.094,1.081
canny_hough,adaptive,edges,287,0,0,0.0,0.0,,0.663,10.525,0.967,7.152,1.078
canny_hough,adaptive,edges,288,0,0,0.0,0.0,,0.658,10.595,1.026,7.122,1.156
canny_hough,adaptive,edges,289,0,0,0.0,0.0,,0.666,10.471,0.964,7.118,1.074
canny_hough,adaptive,edges,290,0,0,0.0,0.0,,0.667,10.609,0.967,7.169,1.074
canny_hough,adaptive,edges,291,0,0,0.0,0.0,,0.665,10.593,1.017,7.106,1.165
canny_hough,adaptive,edges,292,0,0,0.0,0.0,,0.665,10.425,0.968,7.089,1.066
canny_hough,adaptive,edges,293,0,0,0.0,0.0,,0.671,10.505,0.968,7.116,1.062
canny_hough,adaptive,edges,294,0,0,0.0,0.0,,0.675,10.549,0.979,7.133,1.063
canny_hough,adaptive,edges,295,0,0,0.0,0.0,,0.668,10.445,0.964,7.103,1.081
canny_hough,adaptive,edges,296,0,0,0.0,0.0,,0.664,10.548,1.029,7.151,1.072
canny_hough,adaptive,edges,297,0,0,0.0,0.0,,0.744,10.876,0.978,7.314,1.051
canny_hough,adaptive,edges,298,0,0,0.0,0.0,,0.756,11.083,0.973,7.629,1.089
canny_hough,adaptive,edges,299,0,0,0.0,0.0,,0.667,10.542,0.971,7.166,1.078
canny_hough,adaptive,edges,300,0,0,0.0,0.0,,0.657,10.581,1.027,7.12,1.116
canny_hough,adaptive,edges,301,0,0,0.0,0.0,,0.661,10.443,0.967,7.094,1.071
canny_hough,adaptive,edges,302,0,0,0.0,0.0,,0.661,10.556,0.986,7.141,1.079
canny_hough,adaptive,edges,303,0,0,0.0,0.0,,0.659,10.527,0.972,7.12,1.128
canny_hough,adaptive,edges,304,0,0,0.0,0.0,,0.664,10.486,0.974,7.146,1.062
canny_hough,adaptive,edges,305,0,0,0.0,0.0,,0.67,10.531,0.976,7.133,1.07
canny_hough,adaptive,edges,306,0,0,0.0,0.0,,0.679,10.523,0.965,7.115,1.065
canny_hough,adaptive,edges,307,0,0,0.0,0.0,,0.665,10.462,0.962,7.108,1.077
canny_hough,adaptive,edges,308,0,0,0.0,0.0,,0.662,10.559,1.027,7.09,1.136
canny_hough,adaptive,edges,309,0,0,0.0,0.0,,0.726,10.559,0.976,7.124,1.079
canny_hough,adaptive,edges,310,0,0,0.0,0.0,,0.673,10.544,0.978,7.134,1.076
canny_hough,adaptive,edges,311,0,0,0.0,0.0,,0.667,10.563,1.025,7.081,1.147
canny_hough,adaptive,edges,312,0,0,0.0,0.0,,0.738,10.547,0.98,7.118,1.076
canny_hough,adaptive,edges,313,0,0,0.0,0.0,,0.667,10.51,0.964,7.115,1.077
canny_hough,adaptive,edges,314,0,0,0.0,0.0,,0.669,10.544,1.019,7.088,1.124
canny_hough,adaptive,edges,315,0,0,0.0,0.0,,0.728,10.552,0.973,7.11,1.086
canny_hough,adaptive,edges,316,0,0,0.0,0.0,,0.661,10.485,0.974,7.135,1.066
canny_hough,adaptive,edges,317,0,0,0.0,0.0,,0.661,10.57,1.016,7.067,1.184
canny_hough,adaptive,edges,318,0,0,0.0,0.0,,0.659,10.467,0.98,7.101,1.064
canny_hough,adaptive,edges,319,0,0,0.0,0.0,,0.68,10.528,0.968,7.15,1.084
canny_hough,adaptive,edges,320,0,0,0.0,0.0,,0.68,10.639,1.023,7.091,1.168
canny_hough,adaptive,edges,321,0,0,0.0,0.0,,0.673,10.511,0.974,7.109,1.08
canny_hough,adaptive,edges,322,0,0,0.0,0.0,,0.678,10.579,0.974,7.165,1.059
canny_hough,adaptive,edges,323,0,0,0.0,0.0,,0.666,10.546,0.968,7.133,1.144
canny_hough,adaptive,edges,324,0,0,0.0,0.0,,0.663,10.486,0.98,7.111,1.078
canny_hough,adaptive,edges,325,0,0,0.0,0.0,,0.655,10.522,0.983,7.123,1.069
canny_hough,adaptive,edges,326,0,0,0.0,0.0,,0.67,10.521,0.97,7.109,1.07
canny_hough,adaptive,edges,327,0,0,0.0,0.0,,0.68,10.531,0.988,7.125,1.086
canny_hough,adaptive,edges,328,0,0,0.0,0.0,,0.676,10.584,1.029,7.151,1.083
canny_hough,adaptive,edges,329,0,0,0.0,0.0,,0.729,10.564,0.968,7.11,1.077
canny_hough,adaptive,edges,330,0,0,0.0,0.0,,0.677,10.55,0.975,7.154,1.059
canny_hough,adaptive,edges,331,0,0,0.0,0.0,,0.666,10.57,1.024,7.093,1.14
canny_hough,adaptive,edges,332,0,0,0.0,0.0,,0.746,10.557,0.979,7.123,1.086
canny_hough,adaptive,edges,333,0,0,0.0,0.0,,0.661,10.464,0.988,7.112,1.074
canny_hough,adaptive,edges,334,0,0,0.0,0.0,,0.675,10.568,1.037,7.082,1.136
canny_hough,adaptive,edges,335,0,0,0.0,0.0,,0.723,10.503,0.966,7.087,1.073
canny_hough,adaptive,edges,336,0,0,0.0,0.0,,0.665,10.518,0.973,7.135,1.079
canny_hough,adaptive,edges,337,0,0,0.0,0.0,,0.664,10.564,1.018,7.094,1.157
canny_hough,adaptive,edges,338,0,0,0.0,0.0,,0.73,10.525,0.977,7.119,1.064
canny_hough,adaptive,edges,339,0,0,0.0,0.0,,0.681,10.516,0.965,7.144,1.065
canny_hough,adaptive,edges,340,0,0,0.0,0.0,,0.664,10.64,1.034,7.097,1.158
canny_hough,adaptive,edges,341,0,0,0.0,0.0,,0.66,10.487,0.977,7.121,1.076
canny_hough,adaptive,edges,342,0,0,0.0,0.0,,0.672,10.502,0.981,7.145,1.064
canny_hough,adaptive,edges,343,0,0,0.0,0.0,,0.664,10.582,1.024,7.097,1.14
canny_hough,adaptive,edges,344,0,0,0.0,0.0,,0.672,10.521,0.97,7.134,1.07
canny_hough,adaptive,edges,345,0,0,0.0,0.0,,0.665,10.584,0.979,7.164,1.073
canny_hough,adaptive,edges,346,0,0,0.0,0.0,,0.666,10.647,0.981,7.211,1.147
canny_hough,adaptive,edges,347,0,0,0.0,0.0,,0.666,10.496,0.978,7.114,1.088
canny_hough,adaptive,edges,348,0,0,0.0,0.0,,0.676,10.59,0.974,7.149,1.1
canny_hough,adaptive,edges,349,0,0,0.0,0.0,,0.671,10.526,0.968,7.126,1.122
canny_hough,adaptive,edges,350,0,0,0.0,0.0,,0.676,10.529,0.971,7.126,1.068
canny_hough,adaptive,edges,351,0,0,0.0,0.0,,0.667,10.551,0.974,7.119,1.079
canny_hough,adaptive,edges,352,0,0,0.0,0.0,,0.735,10.504,0.975,7.096,1.063
canny_hough,adaptive,edges,353,0,0,0.0,0.0,,0.668,10.495,0.977,7.157,1.047
canny_hough,adaptive,edges,354,0,0,0.0,0.0,,0.662,10.533,1.015,7.09,1.134
canny_hough,adaptive,edges,355,0,0,0.0,0.0,,0.736,10.547,0.971,7.12,1.082
canny_hough,adaptive,edges,356,0,0,0.0,0.0,,0.672,10.466,0.975,7.119,1.073
canny_hough,adaptive,edges,357,0,0,0.0,0.0,,0.675,10.602,1.028,7.09,1.157
canny_hough,adaptive,edges,358,0,0,0.0,0.0,,0.722,10.538,0.976,7.113,1.077
canny_hough,adaptive,edges,359,0,0,0.0,0.0,,0.664,10.504,0.976,7.125,1.082
canny_hough,adaptive,edges,360,0,0,0.0,0.0,,0.679,10.644,1.019,7.1,1.163
canny_hough,adaptive,edges,361,0,0,0.0,0.0,,0.676,11.125,0.972,7.713,1.066
canny_hough,adaptive,edges,362,0,0,0.0,0.0,,0.876,10.702,0.983,7.127,1.066
canny_hough,adaptive,edges,363,0,0,0.0,0.0,,0.66,10.549,0.977,7.145,1.077
canny_hough,adaptive,edges,364,0,0,0.0,0.0,,0.682,10.657,0.98,7.211,1.089
canny_hough,adaptive,edges,365,0,0,0.0,0.0,,0.672,10.477,0.971,7.119,1.073
canny_hough,adaptive,edges,366,0,0,0.0,0.0,,0.668,10.588,1.037,7.172,1.069
canny_hough,adaptive,edges,367,0,0,0.0,0.0,,0.731,10.558,0.973,7.13,1.069
canny_hough,adaptive,edges,368,0,0,0.0,0.0,,0.663,10.495,0.984,7.123,1.079
canny_hough,adaptive,edges,369,0,0,0.0,0.0,,0.674,10.55,1.021,7.079,1.132
canny_hough,adaptive,edges,370,0,0,0.0,0.0,,0.733,10.628,0.977,7.175,1.066
canny_hough,adaptive,edges,371,0,0,0.0,0.0,,0.661,10.498,0.972,7.119,1.082
canny_hough,adaptive,edges,372,0,0,0.0,0.0,,0.667,10.6,1.023,7.162,1.106
canny_hough,adaptive,edges,373,0,0,0.0,0.0,,0.732,10.534,0.97,7.116,1.079
canny_hough,adaptive,edges,374,0,0,0.0,0.0,,0.67,10.494,0.976,7.145,1.054
canny_hough,adaptive,edges,375,0,0,0.0,0.0,,0.662,10.578,1.025,7.084,1.143
canny_hough,adaptive,edges,376,0,0,0.0,0.0,,0.725,10.626,0.978,7.173,1.075
canny_hough,adaptive,edges,377,0,0,0.0,0.0,,0.662,10.451,0.961,7.131,1.065
canny_hough,adaptive,edges,378,0,0,0.0,0.0,,0.653,10.567,1.03,7.113,1.142
canny_hough,adaptive,edges,379,0,0,0.0,0.0,,0.656,10.436,0.967,7.11,1.068
canny_hough,adaptive,edges,380,0,0,0.0,0.0,,0.67,10.627,0.981,7.165,1.077
canny_hough,adaptive,edges,381,0,0,0.0,0.0,,0.659,10.559,1.03,7.071,1.152
canny_hough,adaptive,edges,382,0,0,0.0,0.0,,0.66,10.466,0.981,7.104,1.068
canny_hough,adaptive,edges,383,0,0,0.0,0.0,,0.67,10.573,0.999,7.144,1.068
canny_hough,adaptive,edges,384,0,0,0.0,0.0,,0.673,10.541,0.963,7.12,1.135
canny_hough,adaptive,edges,385,0,0,0.0,0.0,,0.672,10.483,0.972,7.112,1.079
canny_hough,adaptive,edges,386,0,0,0.0,0.0,,0.683,10.568,0.984,7.13,1.078
canny_hough,adaptive,edges,387,0,0,0.0,0.0,,0.71,10.555,0.973,7.096,1.065
canny_hough,adaptive,edges,388,0,0,0.0,0.0,,0.66,10.468,0.971,7.127,1.059
canny_hough,adaptive,edges,389,0,0,0.0,0.0,,0.664,10.54,1.017,7.093,1.123
canny_hough,adaptive,edges,390,0,0,0.0,0.0,,0.736,10.577,0.974,7.129,1.07
canny_hough,adaptive,edges,391,0,0,0.0,0.0,,0.775,10.882,0.974,7.336,1.12
canny_hough,adaptive,edges,392,0,0,0.0,0.0,,0.683,10.72,0.984,7.19,1.061
canny_hough,adaptive,edges,393,0,0,0.0,0.0,,0.669,10.577,0.97,7.142,1.089
canny_hough,adaptive,edges,394,0,0,0.0,0.0,,0.665,10.433,0.975,7.13,1.039
canny_hough,adaptive,edges,395,0,0,0.0,0.0,,0.67,10.54,1.026,7.137,1.064
canny_hough,adaptive,edges,396,0,0,0.0,0.0,,0.746,10.537,0.97,7.117,1.067
canny_hough,adaptive,edges,397,0,0,0.0,0.0,,0.873,11.361,0.967,7.503,1.227
canny_hough,adaptive,edges,398,0,0,0.0,0.0,,0.656,11.331,1.056,7.225,1.087
canny_hough,adaptive,edges,399,0,0,0.0,0.0,,0.672,10.577,1.015,7.167,1.075
canny_hough,adaptive,edges,400,0,0,0.0,0.0,,0.726,10.646,0.967,7.117,1.084
canny_hough,adaptive,edges,401,0,0,0.0,0.0,,0.678,10.483,0.968,7.13,1.065
canny_hough,adaptive,edges,402,0,0,0.0,0.0,,0.679,10.589,1.038,7.15,1.071
canny_hough,adaptive,edges,403,0,0,0.0,0.0,,0.745,10.584,0.976,7.122,1.096
canny_hough,adaptive,edges,404,0,0,0.0,0.0,,0.661,10.463,0.974,7.111,1.067
canny_hough,adaptive,edges,405,0,0,0.0,0.0,,0.667,10.548,1.025,7.09,1.125
canny_hough,adaptive,edges,406,0,0,0.0,0.0,,0.735,10.547,0.97,7.115,1.085
canny_hough,adaptive,edges,407,0,0,0.0,0.0,,0.68,10.516,0.973,7.135,1.075
canny_hough,adaptive,edges,408,0,0,0.0,0.0,,0.668,10.595,1.025,7.118,1.139
canny_hough,adaptive,edges,409,0,0,0.0,0.0,,0.731,10.532,0.969,7.101,1.074
canny_hough,adaptive,edges,410,0,0,0.0,0.0,,0.672,10.544,0.971,7.135,1.076
canny_hough,adaptive,edges,411,0,0,0.0,0.0,,0.669,10.579,1.014,7.083,1.165
canny_hough,adaptive,edges,412,0,0,0.0,0.0,,0.734,10.513,0.961,7.104,1.08
canny_hough,adaptive,edges,413,0,0,0.0,0.0,,0.661,10.544,0.972,7.155,1.09
canny_hough,adaptive,edges,414,0,0,0.0,0.0,,0.664,10.589,1.033,7.09,1.155
canny_hough,adaptive,edges,415,0,0,0.0,0.0,,0.656,10.486,0.972,7.137,1.082
canny_hough,adaptive,edges,416,0,0,0.0,0.0,,0.68,10.556,0.978,7.142,1.062
canny_hough,adaptive,edges,417,0,0,0.0,0.0,,0.675,10.565,1.022,7.079,1.151
canny_hough,adaptive,edges,418,0,0,0.0,0.0,,0.652,10.46,0.982,7.115,1.06
canny_hough,adaptive,edges,419,0,0,0.0,0.0,,0.676,10.557,0.978,7.129,1.073
canny_hough,adaptive,edges,420,0,0,0.0,0.0,,0.682,10.575,0.975,7.122,1.07
canny_hough,adaptive,edges,421,0,0,0.0,0.0,,0.662,10.443,0.964,7.121,1.064
canny_hough,adaptive,edges,422,0,0,0.0,0.0,,0.675,10.519,1.017,7.136,1.073
canny_hough,adaptive,edges,423,0,0,0.0,0.0,,0.733,10.518,0.967,7.103,1.077
canny_hough,adaptive,edges,424,0,0,0.0,0.0,,0.663,10.502,0.968,7.15,1.069
canny_hough,fixed,binary,0,0,0,0.0,0.0,,0.754,3.718,1.134,0.144,1.016
canny_hough,fixed,binary,1,0,0,0.0,0.0,,0.674,3.665,1.127,0.181,1.0
canny_hough,fixed,binary,2,0,0,0.0,0.0,,0.872,3.762,1.04,0.199,0.965
canny_hough,fixed,binary,3,0,0,0.0,0.0,,0.677,3.912,1.307,0.214,0.981
canny_hough,fixed,binary,4,0,0,0.0,0.0,,0.997,4.54,1.052,0.275,1.387
canny_hough,fixed,binary,5,0,0,0.0,0.0,,0.678,3.725,1.188,0.155,0.974
canny_hough,fixed,binary,6,0,0,0.0,0.0,,0.945,3.865,1.072,0.125,0.964
canny_hough,fixed,binary,7,0,0,0.0,0.0,,0.829,9.271,1.146,0.155,1.084
canny_hough,fixed,binary,8,0,0,0.0,0.0,,1.115,5.483,1.24,0.36,1.805
canny_hough,fixed,binary,9,0,0,0.0,0.0,,1.564,6.071,1.364,0.352,1.899
canny_hough,fixed,binary,10,0,0,0.0,0.0,,0.824,7.259,2.304,0.519,2.306
canny_hough,fixed,binary,11,0,0,0.0,0.0,,0.939,7.22,2.96,0.264,2.214
canny_hough,fixed,binary,12,0,0,0.0,0.0,,1.03,5.165,1.402,0.293,1.458
canny_hough,fixed,binary,13,0,0,0.0,0.0,,1.145,5.22,1.318,0.297,1.425
canny_hough,fixed,binary,14,0,0,0.0,0.0,,0.763,4.086,1.236,0.151,1.16
canny_hough,fixed,binary,15,0,0,0.0,0.0,,0.752,3.755,1.008,0.14,1.135
canny_hough,fixed,binary,16,0,0,0.0,0.0,,0.742,4.111,1.296,0.148,1.167
canny_hough,fixed,binary,17,0,0,0.0,0.0,,0.739,4.097,1.362,0.164,1.128
canny_hough,fixed,binary,18,0,0,0.0,0.0,,0.741,5.229,1.267,0.151,2.394
canny_hough,fixed,binary,19,0,0,0.0,0.0,,0.747,3.849,1.178,0.17,1.035
canny_hough,fixed,binary,20,0,0,0.0,0.0,,0.733,4.07,1.37,0.174,1.064
canny_hough,fixed,binary,21,0,0,0.0,0.0,,0.734,4.072,1.376,0.17,1.067
canny_hough,fixed,binary,22,0,0,0.0,0.0,,0.743,4.366,1.672,0.166,1.069
canny_hough,fixed,binary,23,0,0,0.0,0.0,,0.774,3.992,1.282,0.158,1.053
canny_hough,fixed,binary,24,0,0,0.0,0.0,,0.761,3.849,1.161,0.147,1.037
canny_hough,fixed,binary,25,0,0,0.0,0.0,,0.77,3.852,1.135,0.15,1.067
canny_hough,fixed,binary,26,0,0,0.0,0.0,,0.763,3.865,1.152,0.17,1.059
canny_hough,fixed,binary,27,0,0,0.0,0.0,,0.776,3.828,1.119,0.157,1.058
canny_hough,fixed,binary,28,0,0,0.0,0.0,,0.747,4.296,1.596,0.168,1.05
canny_hough,fixed,binary,29,0,0,0.0,0.0,,0.744,3.823,1.145,0.164,1.046
canny_hough,fixed,binary,30,0,0,0.0,0.0,,0.79,4.266,1.56,0.163,1.027
canny_hough,fixed,binary,31,0,0,0.0,0.0,,0.747,3.845,1.107,0.158,1.059
canny_hough,fixed,binary,32,0,0,0.0,0.0,,0.763,4.133,1.324,0.157,1.057
canny_hough,fixed,binary,33,0,0,0.0,0.0,,0.759,4.07,1.279,0.154,1.055
canny_hough,fixed,binary,34,0,0,0.0,0.0,,0.819,4.281,1.348,0.152,1.065
canny_hough,fixed,binary,35,0,0,0.0,0.0,,0.86,3.857,1.073,0.145,1.049
canny_hough,fixed,binary,36,0,0,0.0,0.0,,0.809,4.085,1.327,0.16,1.056
canny_hough,fixed,binary,37,0,0,0.0,0.0,,0.87,3.912,1.103,0.143,1.076
canny_hough,fixed,binary,38,0,0,0.0,0.0,,0.814,3.83,1.084,0.143,1.057
canny_hough,fixed,binary,39,0,0,0.0,0.0,,0.956,4.232,1.313,0.154,1.067
canny_hough,fixed,binary,40,0,0,0.0,0.0,,0.763,4.305,1.314,0.173,1.246
canny_hough,fixed,binary,41,0,0,0.0,0.0,,0.765,4.152,1.362,0.162,1.034
canny_hough,fixed,binary,42,0,0,0.0,0.0,,0.737,4.117,1.361,0.15,1.144
canny_hough,fixed,binary,43,0,0,0.0,0.0,,0.75,4.06,1.292,0.156,1.14
canny_hough,fixed,binary,44,0,0,0.0,0.0,,0.751,5.224,1.251,0.155,2.346
canny_hough,fixed,binary,45,0,0,0.0,0.0,,0.744,3.898,1.184,0.193,1.067
canny_hough,fixed,binary,46,0,0,0.0,0.0,,0.741,4.072,1.362,0.172,1.083
canny_hough,fixed,binary,47,0,0,0.0,0.0,,0.739,4.06,1.359,0.185,1.064
canny_hough,fixed,binary,48,0,0,0.0,0.0,,0.747,4.004,1.323,0.155,1.057
canny_hough,fixed,binary,49,0,0,0.0,0.0,,0.733,3.848,1.2,0.155,1.056
canny_hough,fixed,binary,50,0,0,0.0,0.0,,0.755,3.765,1.085,0.149,1.069
canny_hough,fixed,binary,51,0,0,0.0,0.0,,0.735,3.813,1.186,0.159,1.023
canny_hough,fixed,binary,52,0,0,0.0,0.0,,0.734,4.136,1.367,0.182,1.13
canny_hough,fixed,binary,53,0,0,0.0,0.0,,0.734,3.978,1.188,0.204,1.14
canny_hough,fixed,binary,54,0,0,0.0,0.0,,0.735,3.678,1.055,0.139,1.017
canny_hough,fixed,binary,55,0,0,0.0,0.0,,0.746,3.781,1.115,0.169,1.047
canny_hough,fixed,binary,56,0,0,0.0,0.0,,0.733,3.717,1.108,0.153,1.024
canny_hough,fixed,binary,57,0,0,0.0,0.0,,0.73,3.689,1.041,0.135,1.083
canny_hough,fixed,binary,58,0,0,0.0,0.0,,0.726,4.0,1.079,0.131,1.396
canny_hough,fixed,binary,59,0,0,0.0,0.0,,0.723,3.77,1.085,0.134,1.127
canny_hough,fixed,binary,60,0,0,0.0,0.0,,0.731,4.146,1.078,0.133,1.521
canny_hough,fixed,binary,61,0,0,0.0,0.0,,0.77,3.806,1.076,0.14,1.098
canny_hough,fixed,binary,62,0,0,0.0,0.0,,0.742,4.148,1.045,0.127,1.557
canny_hough,fixed,binary,63,0,0,0.0,0.0,,0.728,3.654,1.022,0.134,1.073
canny_hough,fixed,binary,64,0,0,0.0,0.0,,0.716,5.106,0.999,0.123,2.562
canny_hough,fixed,binary,65,0,0,0.0,0.0,,0.87,8.371,2.434,0.165,4.212
canny_hough,fixed,binary,66,0,0,0.0,0.0,,0.757,4.452,1.07,0.143,1.772
canny_hough,fixed,binary,67,0,0,0.0,0.0,,0.701,8.183,2.483,0.201,4.081
canny_hough,fixed,binary,68,0,0,0.0,0.0,,0.749,3.941,1.035,0.16,1.284
canny_hough,fixed,binary,69,0,0,0.0,0.0,,0.712,3.827,1.033,0.181,1.146
canny_hough,fixed,binary,70,0,0,0.0,0.0,,0.73,8.165,1.67,0.167,4.929
canny_hough,fixed,binary,71,0,0,0.0,0.0,,0.779,6.0,1.701,0.222,2.372
canny_hough,fixed,binary,72,0,0,0.0,0.0,,0.836,6.969,3.298,0.665,1.267
canny_hough,fixed,binary,73,0,0,0.0,0.0,,0.749,4.052,1.147,0.159,1.244
canny_hough,fixed,binary,74,0,0,0.0,0.0,,1.105,4.902,1.311,0.182,1.496
canny_hough,fixed,binary,75,0,0,0.0,0.0,,0.973,4.24,1.081,0.204,1.15
canny_hough,fixed,binary,76,0,0,0.0,0.0,,0.826,4.0,1.146,0.138,1.12
canny_hough,fixed,binary,77,0,0,0.0,0.0,,0.999,4.099,1.142,0.165,1.025
canny_hough,fixed,binary,78,0,0,0.0,0.0,,0.862,4.032,1.047,0.148,1.233
canny_hough,fixed,binary,79,0,0,0.0,0.0,,0.742,4.098,1.111,0.16,1.203
canny_hough,fixed,binary,80,0,0,0.0,0.0,,0.822,4.179,1.129,0.181,1.08
canny_hough,fixed,binary,81,0,0,0.0,0.0,,0.751,4.459,1.029,0.149,1.331
canny_hough,fixed,binary,82,0,0,0.0,0.0,,0.745,4.023,1.023,0.131,1.336
canny_hough,fixed,binary,83,0,0,0.0,0.0,,1.26,4.23,1.073,0.133,1.091
canny_hough,fixed,binary,84,0,0,0.0,0.0,,0.682,3.587,1.077,0.115,1.01
canny_hough,fixed,binary,85,0,0,0.0,0.0,,0.671,3.938,1.491,0.151,0.973
canny_hough,fixed,binary,86,0,0,0.0,0.0,,0.685,3.034,0.606,0.091,0.947
canny_hough,fixed,binary,87,0,0,0.0,0.0,,0.712,2.728,0.609,0.095,0.664
canny_hough,fixed,binary,88,0,0,0.0,0.0,,0.677,2.974,0.619,0.097,0.651
canny_hough,fixed,binary,89,0,0,0.0,0.0,,0.674,2.762,0.601,0.097,0.723
canny_hough,fixed,binary,90,0,0,0.0,0.0,,0.735,2.715,0.601,0.096,0.656
canny_hough,fixed,binary,91,0,0,0.0,0.0,,0.678,2.711,0.597,0.094,0.701
canny_hough,fixed,binary,92,0,0,0.0,0.0,,0.676,2.709,0.655,0.107,0.64
canny_hough,fixed,binary,93,0,0,0.0,0.0,,0.747,2.742,0.608,0.094,0.65
canny_hough,fixed,binary,94,0,0,0.0,0.0,,0.669,3.029,0.891,0.116,0.666
canny_hough,fixed,binary,95,0,0,0.0,0.0,,0.674,2.733,0.601,0.093,0.66
canny_hough,fixed,binary,96,0,0,0.0,0.0,,0.666,2.758,0.611,0.099,0.743
canny_hough,fixed,binary,97,0,0,0.0,0.0,,0.744,2.758,0.607,0.097,0.669
canny_hough,fixed,binary,98,0,0,0.0,0.0,,0.665,2.666,0.606,0.095,0.654
canny_hough,fixed,binary,99,0,0,0.0,0.0,,0.673,2.744,0.603,0.096,0.736
canny_hough,fixed,binary,100,0,0,0.0,0.0,,0.738,2.717,0.599,0.094,0.649
canny_hough,fixed,binary,101,0,0,0.0,0.0,,0.67,2.672,0.606,0.095,0.67
canny_hough,fixed,binary,102,0,0,0.0,0.0,,0.675,2.695,0.644,0.098,0.637
canny_hough,fixed,binary,103,0,0,0.0,0.0,,0.749,2.743,0.599,0.1,0.654
canny_hough,fixed,binary,104,0,0,0.0,0.0,,0.673,2.692,0.601,0.092,0.646
canny_hough,fixed,binary,105,0,0,0.0,0.0,,0.674,2.775,0.718,0.101,0.653
canny_hough,fixed,binary,106,0,0,0.0,0.0,,0.675,2.757,0.617,0.094,0.734
canny_hough,fixed,binary,107,0,0,0.0,0.0,,0.668,2.704,0.607,0.095,0.661
canny_hough,fixed,binary,108,0,0,0.0,0.0,,0.677,2.718,0.61,0.09,0.651
canny_hough,fixed,binary,109,0,0,0.0,0.0,,0.667,2.733,0.603,0.094,0.726
canny_hough,fixed,binary,110,0,0,0.0,0.0,,0.756,2.723,0.6,0.093,0.645
canny_hough,fixed,binary,111,0,0,0.0,0.0,,0.668,2.659,0.601,0.092,0.645
canny_hough,fixed,binary,112,0,0,0.0,0.0,,0.677,2.713,0.605,0.142,0.657
canny_hough,fixed,binary,113,0,0,0.0,0.0,,0.741,2.733,0.6,0.095,0.654
canny_hough,fixed,binary,114,0,0,0.0,0.0,,0.676,2.684,0.596,0.096,0.648
canny_hough,fixed,binary,115,0,0,0.0,0.0,,0.669,2.721,0.65,0.098,0.66
canny_hough,fixed,binary,116,0,0,0.0,0.0,,0.722,2.771,0.603,0.099,0.64
canny_hough,fixed,binary,117,0,0,0.0,0.0,,0.681,2.677,0.59,0.092,0.671
canny_hough,fixed,binary,118,0,0,0.0,0.0,,0.668,2.694,0.584,0.096,0.639
canny_hough,fixed,binary,119,0,0,0.0,0.0,,0.683,2.745,0.597,0.097,0.722
canny_hough,fixed,binary,120,0,0,0.0,0.0,,0.666,2.63,0.606,0.097,0.63
canny_hough,fixed,binary,121,0,0,0.0,0.0,,0.672,2.735,0.598,0.095,0.669
canny_hough,fixed,binary,122,0,0,0.0,0.0,,0.672,2.708,0.602,0.093,0.72
canny_hough,fixed,binary,123,0,0,0.0,0.0,,0.753,2.727,0.598,0.096,0.644
canny_hough,fixed,binary,124,0,0,0.0,0.0,,0.669,2.688,0.596,0.092,0.654
canny_hough,fixed,binary,125,0,0,0.0,0.0,,0.679,2.794,0.604,0.167,0.674
canny_hough,fixed,binary,126,0,0,0.0,0.0,,0.758,2.735,0.609,0.095,0.636
canny_hough,fixed,binary,127,0,0,0.0,0.0,,0.669,2.66,0.607,0.093,0.651
canny_hough,fixed,binary,128,0,0,0.0,0.0,,0.668,2.714,0.649,0.097,0.662
canny_hough,fixed,binary,129,0,0,0.0,0.0,,0.681,2.744,0.612,0.096,0.651
canny_hough,fixed,binary,130,0,0,0.0,0.0,,0.671,2.642,0.598,0.092,0.644
canny_hough,fixed,binary,131,0,0,0.0,0.0,,0.663,2.702,0.653,0.094,0.652
canny_hough,fixed,binary,132,0,0,0.0,0.0,,0.678,2.744,0.601,0.094,0.73
canny_hough,fixed,binary,133,0,0,0.0,0.0,,0.665,2.652,0.602,0.094,0.647
canny_hough,fixed,binary,134,0,0,0.0,0.0,,0.678,2.782,0.603,0.092,0.659
canny_hough,fixed,binary,135,0,0,0.0,0.0,,0.674,2.721,0.604,0.099,0.709
canny_hough,fixed,binary,136,0,0,0.0,0.0,,0.917,2.911,0.601,0.094,0.65
canny_hough,fixed,binary,137,0,0,0.0,0.0,,0.666,2.669,0.599,0.092,0.655
canny_hough,fixed,binary,138,0,0,0.0,0.0,,0.684,2.717,0.645,0.101,0.652
canny_hough,fixed,binary,139,0,0,0.0,0.0,,0.747,2.744,0.595,0.094,0.653
canny_hough,fixed,binary,140,0,0,0.0,0.0,,0.677,2.633,0.594,0.095,0.639
canny_hough,fixed,binary,141,0,0,0.0,0.0,,0.675,2.723,0.639,0.097,0.659
canny_hough,fixed,binary,142,0,0,0.0,0.0,,0.68,2.724,0.603,0.097,0.634
canny_hough,fixed,binary,143,0,0,0.0,0.0,,0.675,2.715,0.6,0.093,0.661
canny_hough,fixed,binary,144,0,0,0.0,0.0,,0.672,2.757,0.599,0.094,0.642
canny_hough,fixed,binary,145,0,0,0.0,0.0,,0.676,2.732,0.602,0.095,0.719
canny_hough,fixed,binary,146,0,0,0.0,0.0,,0.741,2.704,0.603,0.091,0.642
canny_hough,fixed,binary,147,0,0,0.0,0.0,,0.675,2.662,0.603,0.092,0.654
canny_hough,fixed,binary,148,0,0,0.0,0.0,,0.675,2.712,0.618,0.093,0.691
canny_hough,fixed,binary,149,0,0,0.0,0.0,,0.745,2.723,0.598,0.095,0.647
canny_hough,fixed,binary,150,0,0,0.0,0.0,,0.672,2.669,0.605,0.092,0.654
canny_hough,fixed,binary,151,0,0,0.0,0.0,,0.709,2.759,0.653,0.105,0.654
canny_hough,fixed,binary,152,0,0,0.0,0.0,,0.753,2.746,0.603,0.094,0.653
canny_hough,fixed,binary,153,0,0,0.0,0.0,,0.679,2.68,0.605,0.096,0.649
canny_hough,fixed,binary,154,0,0,0.0,0.0,,0.675,2.751,0.648,0.096,0.659
canny_hough,fixed,binary,155,0,0,0.0,0.0,,0.672,2.778,0.623,0.096,0.747
canny_hough,fixed,binary,156,0,0,0.0,0.0,,0.676,2.652,0.607,0.092,0.649
canny_hough,fixed,binary,157,0,0,0.0,0.0,,0.663,2.709,0.6,0.093,0.658
canny_hough,fixed,binary,158,0,0,0.0,0.0,,0.673,2.725,0.603,0.096,0.723
canny_hough,fixed,binary,159,0,0,0.0,0.0,,0.747,2.744,0.594,0.097,0.658
canny_hough,fixed,binary,160,0,0,0.0,0.0,,0.675,2.657,0.608,0.097,0.634
canny_hough,fixed,binary,161,0,0,0.0,0.0,,0.796,2.854,0.597,0.139,0.668
canny_hough,fixed,binary,162,0,0,0.0,0.0,,0.744,2.75,0.598,0.123,0.655
canny_hough,fixed,binary,163,0,0,0.0,0.0,,0.679,2.679,0.605,0.094,0.666
canny_hough,fixed,binary,164,0,0,0.0,0.0,,0.669,2.708,0.639,0.097,0.638
canny_hough,fixed,binary,165,0,0,0.0,0.0,,0.684,2.763,0.595,0.093,0.683
canny_hough,fixed,binary,166,0,0,0.0,0.0,,0.671,2.659,0.602,0.093,0.651
canny_hough,fixed,binary,167,0,0,0.0,0.0,,0.676,2.745,0.606,0.095,0.666
canny_hough,fixed,binary,168,0,0,0.0,0.0,,0.672,2.72,0.601,0.09,0.73
canny_hough,fixed,binary,169,0,0,0.0,0.0,,0.675,2.663,0.608,0.096,0.655
canny_hough,fixed,binary,170,0,0,0.0,0.0,,0.675,2.708,0.599,0.094,0.635
canny_hough,fixed,binary,171,0,0,0.0,0.0,,0.664,2.726,0.601,0.095,0.717
canny_hough,fixed,binary,172,0,0,0.0,0.0,,0.736,2.704,0.606,0.096,0.634
canny_hough,fixed,binary,173,0,0,0.0,0.0,,0.665,2.684,0.62,0.101,0.658
canny_hough,fixed,binary,174,0,0,0.0,0.0,,0.772,3.0,0.644,0.097,0.671
canny_hough,fixed,binary,175,0,0,0.0,0.0,,0.675,3.515,1.048,0.214,0.872
canny_hough,fixed,binary,176,0,0,0.0,0.0,,0.85,3.027,0.661,0.11,0.663
canny_hough,fixed,binary,177,0,0,0.0,0.0,,0.832,3.599,1.014,0.108,0.975
canny_hough,fixed,binary,178,0,0,0.0,0.0,,0.674,2.672,0.595,0.092,0.653
canny_hough,fixed,binary,179,0,0,0.0,0.0,,0.692,2.772,0.639,0.104,0.665
canny_hough,fixed,binary,180,0,0,0.0,0.0,,0.672,3.546,0.991,0.096,1.111
canny_hough,fixed,binary,181,0,0,0.0,0.0,,0.773,2.785,0.606,0.097,0.665
canny_hough,fixed,binary,182,0,0,0.0,0.0,,0.71,3.418,0.982,0.105,0.953
canny_hough,fixed,binary,183,0,0,0.0,0.0,,0.67,2.825,0.626,0.099,0.656
canny_hough,fixed,binary,184,0,0,0.0,0.0,,0.69,2.779,0.619,0.096,0.703
canny_hough,fixed,binary,185,0,0,0.0,0.0,,0.698,3.502,0.981,0.106,1.057
canny_hough,fixed,binary,186,0,0,0.0,0.0,,0.675,2.692,0.636,0.093,0.649
canny_hough,fixed,binary,187,0,0,0.0,0.0,,0.705,3.085,0.607,0.101,0.953
canny_hough,fixed,binary,188,0,0,0.0,0.0,,0.678,3.047,0.976,0.101,0.655
canny_hough,fixed,binary,189,0,0,0.0,0.0,,0.696,3.115,0.602,0.101,1.033
canny_hough,fixed,binary,190,0,0,0.0,0.0,,0.678,3.46,0.989,0.1,0.96
canny_hough,fixed,binary,191,0,0,0.0,0.0,,0.677,2.693,0.611,0.1,0.657
canny_hough,fixed,binary,192,0,0,0.0,0.0,,0.695,2.804,0.623,0.097,0.657
canny_hough,fixed,binary,193,0,0,0.0,0.0,,0.67,3.147,0.984,0.165,0.689
canny_hough,fixed,binary,194,0,0,0.0,0.0,,0.74,3.144,0.601,0.097,0.94
canny_hough,fixed,binary,195,0,0,0.0,0.0,,0.807,3.486,0.972,0.097,0.956
canny_hough,fixed,binary,196,0,0,0.0,0.0,,0.683,2.64,0.594,0.089,0.651
canny_hough,fixed,binary,197,0,0,0.0,0.0,,0.686,2.737,0.643,0.102,0.658
canny_hough,fixed,binary,198,0,0,0.0,0.0,,0.679,3.488,0.98,0.105,1.056
canny_hough,fixed,binary,199,0,0,0.0,0.0,,0.758,2.817,0.624,0.095,0.67
canny_hough,fixed,binary,200,0,0,0.0,0.0,,0.705,3.414,0.993,0.096,0.955
canny_hough,fixed,binary,201,0,0,0.0,0.0,,0.672,2.798,0.602,0.093,0.657
canny_hough,fixed,binary,202,0,0,0.0,0.0,,0.699,2.813,0.606,0.098,0.71
canny_hough,fixed,binary,203,0,0,0.0,0.0,,0.698,3.513,0.979,0.103,1.076
canny_hough,fixed,binary,204,0,0,0.0,0.0,,0.675,2.726,0.637,0.095,0.647
canny_hough,fixed,binary,205,0,0,0.0,0.0,,0.708,3.032,0.61,0.103,0.961
canny_hough,fixed,binary,206,0,0,0.0,0.0,,0.682,3.012,0.933,0.099,0.655
canny_hough,fixed,binary,207,0,0,0.0,0.0,,0.684,3.148,0.601,0.103,1.059
canny_hough,fixed,binary,208,0,0,0.0,0.0,,0.692,3.485,0.996,0.098,0.967
canny_hough,fixed,binary,209,0,0,0.0,0.0,,0.668,2.691,0.606,0.095,0.669
canny_hough,fixed,binary,210,0,0,0.0,0.0,,0.704,2.775,0.603,0.096,0.645
canny_hough,fixed,binary,211,0,0,0.0,0.0,,0.671,3.198,0.983,0.201,0.693
canny_hough,fixed,binary,212,0,0,0.0,0.0,,0.683,3.103,0.602,0.099,0.973
canny_hough,fixed,binary,213,0,0,0.0,0.0,,0.756,3.473,0.99,0.104,0.965
canny_hough,fixed,binary,214,0,0,0.0,0.0,,0.682,2.697,0.605,0.093,0.645
canny_hough,fixed,binary,215,0,0,0.0,0.0,,0.7,2.756,0.646,0.099,0.66
canny_hough,fixed,binary,216,0,0,0.0,0.0,,0.692,3.501,0.983,0.098,1.053
canny_hough,fixed,binary,217,0,0,0.0,0.0,,0.761,2.842,0.63,0.095,0.684
canny_hough,fixed,binary,218,0,0,0.0,0.0,,0.712,3.396,0.985,0.104,0.949
canny_hough,fixed,binary,219,0,0,0.0,0.0,,0.667,2.681,0.601,0.091,0.666
canny_hough,fixed,binary,220,0,0,0.0,0.0,,0.699,2.724,0.607,0.092,0.687
canny_hough,fixed,binary,221,0,0,0.0,0.0,,0.688,3.499,0.991,0.104,1.045
canny_hough,fixed,binary,222,0,0,0.0,0.0,,0.673,2.709,0.64,0.098,0.666
canny_hough,fixed,binary,223,0,0,0.0,0.0,,0.699,3.1,0.616,0.097,0.956
canny_hough,fixed,binary,224,0,0,0.0,0.0,,0.672,3.132,1.02,0.101,0.661
canny_hough,fixed,binary,225,0,0,0.0,0.0,,0.704,3.1,0.613,0.103,1.039
canny_hough,fixed,binary,226,0,0,0.0,0.0,,0.691,3.451,0.98,0.1,0.948
canny_hough,fixed,binary,227,0,0,0.0,0.0,,0.675,2.666,0.597,0.094,0.654
canny_hough,fixed,binary,228,0,0,0.0,0.0,,0.685,2.76,0.601,0.099,0.663
canny_hough,fixed,binary,229,0,0,0.0,0.0,,0.674,3.135,0.987,0.103,0.728
canny_hough,fixed,binary,230,0,0,0.0,0.0,,0.797,3.083,0.601,0.097,0.94
canny_hough,fixed,binary,231,0,0,0.0,0.0,,0.752,3.479,0.982,0.102,0.975
canny_hough,fixed,binary,232,0,0,0.0,0.0,,0.674,2.638,0.59,0.091,0.647
canny_hough,fixed,binary,233,0,0,0.0,0.0,,0.688,2.754,0.647,0.105,0.665
canny_hough,fixed,binary,234,0,0,0.0,0.0,,0.69,3.47,0.978,0.104,1.03
canny_hough,fixed,binary,235,0,0,0.0,0.0,,0.758,2.855,0.626,0.098,0.677
canny_hough,fixed,binary,236,0,0,0.0,0.0,,0.71,3.422,0.985,0.107,0.957
canny_hough,fixed,binary,237,0,0,0.0,0.0,,0.671,2.727,0.596,0.092,0.667
canny_hough,fixed,binary,238,0,0,0.0,0.0,,0.684,2.732,0.603,0.095,0.715
canny_hough,fixed,binary,239,0,0,0.0,0.0,,0.706,3.482,0.983,0.102,0.954
canny_hough,fixed,binary,240,0,0,0.0,0.0,,0.675,2.697,0.641,0.092,0.646
canny_hough,fixed,binary,241,0,0,0.0,0.0,,0.709,3.087,0.613,0.101,0.96
canny_hough,fixed,binary,242,0,0,0.0,0.0,,0.667,3.117,1.043,0.1,0.659
canny_hough,fixed,binary,243,0,0,0.0,0.0,,0.699,2.808,0.605,0.1,0.674
canny_hough,fixed,binary,244,0,0,0.0,0.0,,0.782,3.505,0.985,0.098,0.951
canny_hough,fixed,binary,245,0,0,0.0,0.0,,0.665,2.66,0.594,0.091,0.657
canny_hough,fixed,binary,246,0,0,0.0,0.0,,0.697,2.76,0.645,0.101,0.665
canny_hough,fixed,binary,247,0,0,0.0,0.0,,0.688,3.47,0.981,0.104,1.041
canny_hough,fixed,binary,248,0,0,0.0,0.0,,0.762,2.776,0.612,0.094,0.665
canny_hough,fixed,binary,249,0,0,0.0,0.0,,0.71,3.436,0.979,0.103,0.986
canny_hough,fixed,binary,250,0,0,0.0,0.0,,0.667,2.749,0.604,0.095,0.654
canny_hough,fixed,binary,251,0,0,0.0,0.0,,0.696,2.762,0.598,0.099,0.727
canny_hough,fixed,binary,252,0,0,0.0,0.0,,0.7,3.474,0.976,0.098,0.949
canny_hough,fixed,binary,253,0,0,0.0,0.0,,0.676,2.761,0.63,0.095,0.688
canny_hough,fixed,binary,254,0,0,0.0,0.0,,0.736,4.08,1.07,0.126,1.316
canny_hough,fixed,binary,255,0,0,0.0,0.0,,0.81,4.348,1.108,0.285,1.371
canny_hough,fixed,binary,256,0,0,0.0,0.0,,0.833,4.141,1.109,0.24,1.21
canny_hough,fixed,binary,257,0,0,0.0,0.0,,0.749,4.477,1.214,0.3,1.348
canny_hough,fixed,binary,258,0,0,0.0,0.0,,0.995,4.671,1.136,0.335,1.445
canny_hough,fixed,binary,259,0,0,0.0,0.0,,0.983,4.413,1.202,0.418,0.877
canny_hough,fixed,binary,260,0,0,0.0,0.0,,0.732,3.579,1.176,0.147,0.693
canny_hough,fixed,binary,261,0,0,0.0,0.0,,1.035,4.337,1.197,0.341,0.801
canny_hough,fixed,binary,262,0,0,0.0,0.0,,1.04,4.938,1.305,0.247,1.421
canny_hough,fixed,binary,263,0,0,0.0,0.0,,1.045,3.944,0.721,0.121,1.119
canny_hough,fixed,binary,264,0,0,0.0,0.0,,1.091,4.987,1.082,0.262,1.556
canny_hough,fixed,binary,265,0,0,0.0,0.0,,0.708,6.852,0.988,0.099,4.381
canny_hough,fixed,binary,266,0,0,0.0,0.0,,0.668,2.718,0.677,0.096,0.65
canny_hough,fixed,binary,267,0,0,0.0,0.0,,0.675,2.744,0.601,0.097,0.727
canny_hough,fixed,binary,268,0,0,0.0,0.0,,0.772,3.057,0.596,0.096,0.945
canny_hough,fixed,binary,269,0,0,0.0,0.0,,0.684,2.768,0.602,0.093,0.683
canny_hough,fixed,binary,270,0,0,0.0,0.0,,0.767,3.52,1.035,0.111,0.948
canny_hough,fixed,binary,271,0,0,0.0,0.0,,0.669,2.784,0.6,0.094,0.766
canny_hough,fixed,binary,272,0,0,0.0,0.0,,0.842,3.156,0.909,0.111,0.652
canny_hough,fixed,binary,273,0,0,0.0,0.0,,0.677,2.686,0.6,0.091,0.646
canny_hough,fixed,binary,274,0,0,0.0,0.0,,0.673,2.725,0.645,0.1,0.638
canny_hough,fixed,binary,275,0,0,0.0,0.0,,0.674,2.744,0.603,0.093,0.727
canny_hough,fixed,binary,276,0,0,0.0,0.0,,0.67,2.65,0.606,0.095,0.648
canny_hough,fixed,binary,277,0,0,0.0,0.0,,0.675,2.827,0.596,0.099,0.668
canny_hough,fixed,binary,278,0,0,0.0,0.0,,0.706,2.791,0.605,0.096,0.733
canny_hough,fixed,binary,279,0,0,0.0,0.0,,0.811,2.811,0.615,0.096,0.654
canny_hough,fixed,binary,280,0,0,0.0,0.0,,0.672,2.646,0.593,0.093,0.654
canny_hough,fixed,binary,281,0,0,0.0,0.0,,0.676,2.815,0.659,0.126,0.717
canny_hough,fixed,binary,282,0,0,0.0,0.0,,0.833,2.809,0.604,0.095,0.645
canny_hough,fixed,binary,283,0,0,0.0,0.0,,0.667,2.673,0.603,0.095,0.665
canny_hough,fixed,binary,284,0,0,0.0,0.0,,0.677,2.734,0.669,0.099,0.632
canny_hough,fixed,binary,285,0,0,0.0,0.0,,0.681,2.774,0.603,0.094,0.726
canny_hough,fixed,binary,286,0,0,0.0,0.0,,0.667,2.641,0.6,0.091,0.64
canny_hough,fixed,binary,287,0,0,0.0,0.0,,0.68,2.745,0.599,0.098,0.665
canny_hough,fixed,binary,288,0,0,0.0,0.0,,0.67,2.732,0.602,0.096,0.72
canny_hough,fixed,binary,289,0,0,0.0,0.0,,0.737,2.732,0.609,0.097,0.651
canny_hough,fixed,binary,290,0,0,0.0,0.0,,0.673,2.665,0.607,0.092,0.643
canny_hough,fixed,binary,291,0,0,0.0,0.0,,0.664,2.718,0.654,0.101,0.662
canny_hough,fixed,binary,292,0,0,0.0,0.0,,0.748,2.719,0.603,0.095,0.64
canny_hough,fixed,binary,293,0,0,0.0,0.0,,0.663,2.663,0.603,0.096,0.667
canny_hough,fixed,binary,294,0,0,0.0,0.0,,0.668,2.725,0.647,0.096,0.642
canny_hough,fixed,binary,295,0,0,0.0,0.0,,0.678,2.732,0.613,0.095,0.643
canny_hough,fixed,binary,296,0,0,0.0,0.0,,0.677,2.642,0.6,0.092,0.645
canny_hough,fixed,binary,297,0,0,0.0,0.0,,0.665,2.691,0.648,0.098,0.643
canny_hough,fixed,binary,298,0,0,0.0,0.0,,0.681,2.749,0.614,0.094,0.715
canny_hough,fixed,binary,299,0,0,0.0,0.0,,0.663,2.649,0.6,0.093,0.659
canny_hough,fixed,binary,300,0,0,0.0,0.0,,0.671,2.751,0.611,0.093,0.649
canny_hough,fixed,binary,301,0,0,0.0,0.0,,0.675,2.793,0.607,0.095,0.754
canny_hough,fixed,binary,302,0,0,0.0,0.0,,0.733,2.715,0.602,0.093,0.645
canny_hough,fixed,binary,303,0,0,0.0,0.0,,0.678,2.657,0.603,0.094,0.645
canny_hough,fixed,binary,304,0,0,0.0,0.0,,0.673,2.758,0.602,0.146,0.659
canny_hough,fixed,binary,305,0,0,0.0,0.0,,0.739,2.735,0.601,0.096,0.659
canny_hough,fixed,binary,306,0,0,0.0,0.0,,0.676,2.666,0.599,0.096,0.641
canny_hough,fixed,binary,307,0,0,0.0,0.0,,0.669,2.728,0.656,0.104,0.656
canny_hough,fixed,binary,308,0,0,0.0,0.0,,0.678,2.722,0.601,0.095,0.641
canny_hough,fixed,binary,309,0,0,0.0,0.0,,0.668,2.663,0.595,0.096,0.656
canny_hough,fixed,binary,310,0,0,0.0,0.0,,0.685,2.722,0.597,0.096,0.651
canny_hough,fixed,binary,311,0,0,0.0,0.0,,0.672,2.75,0.599,0.097,0.735
canny_hough,fixed,binary,312,0,0,0.0,0.0,,0.674,2.655,0.602,0.098,0.649
canny_hough,fixed,binary,313,0,0,0.0,0.0,,0.675,2.742,0.603,0.095,0.66
canny_hough,fixed,binary,314,0,0,0.0,0.0,,0.67,2.748,0.608,0.1,0.696
canny_hough,fixed,binary,315,0,0,0.0,0.0,,0.736,2.734,0.596,0.092,0.669
canny_hough,fixed,binary,316,0,0,0.0,0.0,,0.672,2.649,0.605,0.094,0.638
canny_hough,fixed,binary,317,0,0,0.0,0.0,,0.682,2.764,0.651,0.102,0.653
canny_hough,fixed,binary,318,0,0,0.0,0.0,,0.745,2.722,0.607,0.094,0.637
canny_hough,fixed,binary,319,0,0,0.0,0.0,,0.675,2.675,0.603,0.094,0.667
canny_hough,fixed,binary,320,0,0,0.0,0.0,,0.669,2.69,0.643,0.097,0.636
canny_hough,fixed,binary,321,0,0,0.0,0.0,,0.682,2.754,0.596,0.094,0.673
canny_hough,fixed,binary,322,0,0,0.0,0.0,,0.671,2.652,0.6,0.094,0.646
canny_hough,fixed,binary,323,0,0,0.0,0.0,,0.673,2.733,0.603,0.098,0.665
canny_hough,fixed,binary,324,0,0,0.0,0.0,,0.679,2.776,0.607,0.094,0.723
canny_hough,fixed,binary,325,0,0,0.0,0.0,,0.673,2.648,0.601,0.093,0.662
canny_hough,fixed,binary,326,0,0,0.0,0.0,,0.667,2.7,0.599,0.092,0.647
canny_hough,fixed,binary,327,0,0,0.0,0.0,,0.661,2.732,0.601,0.1,0.72
canny_hough,fixed,binary,328,0,0,0.0,0.0,,0.762,2.744,0.599,0.093,0.651
canny_hough,fixed,binary,329,0,0,0.0,0.0,,0.667,2.662,0.609,0.096,0.653
canny_hough,fixed,binary,330,0,0,0.0,0.0,,0.677,2.694,0.642,0.098,0.637
canny_hough,fixed,binary,331,0,0,0.0,0.0,,0.733,2.724,0.606,0.095,0.653
canny_hough,fixed,binary,332,0,0,0.0,0.0,,0.677,2.649,0.601,0.091,0.642
canny_hough,fixed,binary,333,0,0,0.0,0.0,,0.668,2.745,0.646,0.129,0.668
canny_hough,fixed,binary,334,0,0,0.0,0.0,,0.687,2.772,0.608,0.093,0.64
canny_hough,fixed,binary,335,0,0,0.0,0.0,,0.673,2.669,0.604,0.1,0.647
canny_hough,fixed,binary,336,0,0,0.0,0.0,,0.68,2.699,0.599,0.098,0.641
canny_hough,fixed,binary,337,0,0,0.0,0.0,,0.671,2.741,0.599,0.096,0.737
canny_hough,fixed,binary,338,0,0,0.0,0.0,,0.684,2.669,0.599,0.096,0.66
canny_hough,fixed,binary,339,0,0,0.0,0.0,,0.671,2.733,0.604,0.091,0.668
canny_hough,fixed,binary,340,0,0,0.0,0.0,,0.681,2.696,0.595,0.097,0.697
canny_hough,fixed,binary,341,0,0,0.0,0.0,,0.734,2.728,0.6,0.095,0.66
canny_hough,fixed,binary,342,0,0,0.0,0.0,,0.709,2.685,0.601,0.093,0.647
canny_hough,fixed,binary,343,0,0,0.0,0.0,,0.674,2.714,0.599,0.146,0.654
canny_hough,fixed,binary,344,0,0,0.0,0.0,,0.74,2.737,0.608,0.093,0.63
canny_hough,fixed,binary,345,0,0,0.0,0.0,,0.673,2.655,0.604,0.098,0.643
canny_hough,fixed,binary,346,0,0,0.0,0.0,,0.667,2.685,0.648,0.096,0.638
canny_hough,fixed,binary,347,0,0,0.0,0.0,,0.688,2.749,0.604,0.096,0.656
canny_hough,fixed,binary,348,0,0,0.0,0.0,,0.666,2.632,0.6,0.092,0.632
canny_hough,fixed,binary,349,0,0,0.0,0.0,,0.698,2.78,0.652,0.125,0.67
canny_hough,fixed,binary,350,0,0,0.0,0.0,,0.676,2.723,0.602,0.099,0.713
canny_hough,fixed,binary,351,0,0,0.0,0.0,,0.668,2.664,0.597,0.093,0.655
canny_hough,fixed,binary,352,0,0,0.0,0.0,,0.673,2.701,0.601,0.099,0.63
canny_hough,fixed,binary,353,0,0,0.0,0.0,,0.667,2.733,0.601,0.095,0.734
canny_hough,fixed,binary,354,0,0,0.0,0.0,,0.743,2.757,0.612,0.098,0.637
canny_hough,fixed,binary,355,0,0,0.0,0.0,,0.667,2.659,0.602,0.095,0.649
canny_hough,fixed,binary,356,0,0,0.0,0.0,,0.671,2.708,0.606,0.142,0.648
canny_hough,fixed,binary,357,0,0,0.0,0.0,,0.738,2.721,0.6,0.094,0.652
canny_hough,fixed,binary,358,0,0,0.0,0.0,,0.673,2.662,0.607,0.093,0.651
canny_hough,fixed,binary,359,0,0,0.0,0.0,,0.665,2.707,0.644,0.1,0.661
canny_hough,fixed,binary,360,0,0,0.0,0.0,,0.79,2.739,0.601,0.093,0.631
canny_hough,fixed,binary,361,0,0,0.0,0.0,,0.672,2.675,0.597,0.091,0.671
canny_hough,fixed,binary,362,0,0,0.0,0.0,,0.672,2.713,0.66,0.096,0.646
canny_hough,fixed,binary,363,0,0,0.0,0.0,,0.672,2.738,0.596,0.092,0.744
canny_hough,fixed,binary,364,0,0,0.0,0.0,,0.667,2.679,0.595,0.092,0.653
canny_hough,fixed,binary,365,0,0,0.0,0.0,,0.676,2.752,0.603,0.123,0.663
canny_hough,fixed,binary,366,0,0,0.0,0.0,,0.671,2.745,0.6,0.096,0.739
canny_hough,fixed,binary,367,0,0,0.0,0.0,,0.742,2.72,0.605,0.098,0.65
canny_hough,fixed,binary,368,0,0,0.0,0.0,,0.674,2.665,0.604,0.096,0.649
canny_hough,fixed,binary,369,0,0,0.0,0.0,,0.663,2.718,0.614,0.138,0.662
canny_hough,fixed,binary,370,0,0,0.0,0.0,,0.742,2.727,0.604,0.094,0.644
canny_hough,fixed,binary,371,0,0,0.0,0.0,,0.675,2.685,0.597,0.092,0.664
canny_hough,fixed,binary,372,0,0,0.0,0.0,,0.666,2.7,0.649,0.099,0.656
canny_hough,fixed,binary,373,0,0,0.0,0.0,,0.768,2.763,0.605,0.096,0.663
canny_hough,fixed,binary,374,0,0,0.0,0.0,,0.669,2.68,0.599,0.092,0.652
canny_hough,fixed,binary,375,0,0,0.0,0.0,,0.686,2.775,0.652,0.1,0.66
canny_hough,fixed,binary,376,0,0,0.0,0.0,,0.672,2.739,0.597,0.093,0.734
canny_hough,fixed,binary,377,0,0,0.0,0.0,,0.673,2.664,0.604,0.094,0.665
canny_hough,fixed,binary,378,0,0,0.0,0.0,,0.672,2.701,0.599,0.093,0.643
canny_hough,fixed,binary,379,0,0,0.0,0.0,,0.669,2.737,0.598,0.094,0.735
canny_hough,fixed,binary,380,0,0,0.0,0.0,,0.739,2.708,0.606,0.092,0.638
canny_hough,fixed,binary,381,0,0,0.0,0.0,,0.663,2.691,0.602,0.125,0.663
canny_hough,fixed,binary,382,0,0,0.0,0.0,,0.674,2.704,0.648,0.098,0.638
canny_hough,fixed,binary,383,0,0,0.0,0.0,,0.733,2.73,0.61,0.097,0.657
canny_hough,fixed,binary,384,0,0,0.0,0.0,,0.675,2.688,0.596,0.095,0.653
canny_hough,fixed,binary,385,0,0,0.0,0.0,,0.66,2.708,0.648,0.1,0.658
canny_hough,fixed,binary,386,0,0,0.0,0.0,,0.682,2.721,0.6,0.092,0.645
canny_hough,fixed,binary,387,0,0,0.0,0.0,,0.672,2.659,0.595,0.092,0.652
canny_hough,fixed,binary,388,0,0,0.0,0.0,,0.676,2.704,0.661,0.095,0.644
canny_hough,fixed,binary,389,0,0,0.0,0.0,,0.669,2.739,0.595,0.096,0.739
canny_hough,fixed,binary,390,0,0,0.0,0.0,,0.679,2.657,0.605,0.095,0.643
canny_hough,fixed,binary,391,0,0,0.0,0.0,,0.67,2.74,0.601,0.093,0.659
canny_hough,fixed,binary,392,0,0,0.0,0.0,,0.683,2.721,0.605,0.094,0.708
canny_hough,fixed,binary,393,0,0,0.0,0.0,,0.749,2.752,0.602,0.096,0.646
canny_hough,fixed,binary,394,0,0,0.0,0.0,,0.675,2.7,0.602,0.093,0.641
canny_hough,fixed,binary,395,0,0,0.0,0.0,,0.662,2.7,0.603,0.137,0.657
canny_hough,fixed,binary,396,0,0,0.0,0.0,,0.747,2.712,0.6,0.093,0.645
canny_hough,fixed,binary,397,0,0,0.0,0.0,,0.67,2.701,0.596,0.095,0.666
canny_hough,fixed,binary,398,0,0,0.0,0.0,,0.677,2.71,0.648,0.101,0.647
canny_hough,fixed,binary,399,0,0,0.0,0.0,,0.679,2.745,0.605,0.095,0.659
canny_hough,fixed,binary,400,0,0,0.0,0.0,,0.675,2.657,0.61,0.093,0.651
canny_hough,fixed,binary,401,0,0,0.0,0.0,,0.672,2.727,0.656,0.098,0.653
canny_hough,fixed,binary,402,0,0,0.0,0.0,,0.681,2.739,0.605,0.096,0.71
canny_hough,fixed,binary,403,0,0,0.0,0.0,,0.668,2.673,0.593,0.099,0.667
canny_hough,fixed,binary,404,0,0,0.0,0.0,,0.667,2.748,0.608,0.091,0.645
canny_hough,fixed,binary,405,0,0,0.0,0.0,,0.674,2.73,0.595,0.096,0.732
canny_hough,fixed,binary,406,0,0,0.0,0.0,,0.784,2.759,0.608,0.093,0.637
canny_hough,fixed,binary,407,0,0,0.0,0.0,,0.678,2.665,0.602,0.092,0.65
canny_hough,fixed,binary,408,0,0,0.0,0.0,,0.67,2.716,0.654,0.099,0.653
canny_hough,fixed,binary,409,0,0,0.0,0.0,,0.748,2.747,0.603,0.095,0.666
canny_hough,fixed,binary,410,0,0,0.0,0.0,,0.67,2.658,0.607,0.093,0.637
canny_hough,fixed,binary,411,0,0,0.0,0.0,,0.674,2.719,0.637,0.103,0.657
canny_hough,fixed,binary,412,0,0,0.0,0.0,,0.677,2.728,0.602,0.094,0.641
canny_hough,fixed,binary,413,0,0,0.0,0.0,,0.676,2.69,0.602,0.096,0.647
canny_hough,fixed,binary,414,0,0,0.0,0.0,,0.674,2.749,0.596,0.093,0.649
canny_hough,fixed,binary,415,0,0,0.0,0.0,,0.667,2.749,0.602,0.093,0.755
canny_hough,fixed,binary,416,0,0,0.0,0.0,,0.675,2.635,0.61,0.091,0.63
canny_hough,fixed,binary,417,0,0,0.0,0.0,,0.67,2.702,0.604,0.093,0.643
canny_hough,fixed,binary,418,0,0,0.0,0.0,,0.699,3.475,0.598,0.093,1.386
canny_hough,fixed,binary,419,0,0,0.0,0.0,,0.677,2.77,0.609,0.094,0.729
canny_hough,fixed,binary,420,0,0,0.0,0.0,,0.67,2.64,0.61,0.092,0.632
canny_hough,fixed,binary,421,0,0,0.0,0.0,,0.668,2.74,0.6,0.094,0.659
canny_hough,fixed,binary,422,0,0,0.0,0.0,,0.671,2.739,0.598,0.093,0.708
canny_hough,fixed,binary,423,0,0,0.0,0.0,,0.664,2.738,0.607,0.096,0.673
canny_hough,fixed,binary,424,0,0,0.0,0.0,,0.678,2.672,0.592,0.092,0.638
canny_hough,otsu,binary,0,0,0,0.0,0.0,,0.779,3.556,0.631,0.431,1.035
canny_hough,otsu,binary,1,0,0,0.0,0.0,,0.669,3.565,1.008,0.49,0.727
canny_hough,otsu,binary,2,0,0,0.0,0.0,,0.709,3.086,0.633,0.373,0.665
canny_hough,otsu,binary,3,0,0,0.0,0.0,,0.695,4.549,1.116,0.538,1.425
canny_hough,otsu,binary,4,0,0,0.0,0.0,,0.8,3.302,0.702,0.388,0.659
canny_hough,otsu,binary,5,0,0,0.0,0.0,,0.686,4.509,1.124,0.546,1.372
canny_hough,otsu,binary,6,0,0,0.0,0.0,,0.694,3.26,0.747,0.388,0.678
canny_hough,otsu,binary,7,0,0,0.0,0.0,,0.698,4.472,1.11,0.512,1.454
canny_hough,otsu,binary,8,0,0,0.0,0.0,,0.822,3.345,0.744,0.393,0.66
canny_hough,otsu,binary,9,0,0,0.0,0.0,,0.681,4.518,1.113,0.502,1.446
canny_hough,otsu,binary,10,0,0,0.0,0.0,,0.745,3.185,0.711,0.39,0.658
canny_hough,otsu,binary,11,0,0,0.0,0.0,,0.67,4.657,1.091,0.727,1.488
canny_hough,otsu,binary,12,0,0,0.0,0.0,,0.833,3.197,0.648,0.361,0.654
canny_hough,otsu,binary,13,0,0,0.0,0.0,,0.671,4.716,1.079,0.762,1.462
canny_hough,otsu,binary,14,0,0,0.0,0.0,,0.752,3.145,0.679,0.364,0.657
canny_hough,otsu,binary,15,0,0,0.0,0.0,,0.671,4.883,1.072,0.689,1.717
canny_hough,otsu,binary,16,0,0,0.0,0.0,,1.501,4.809,0.964,0.413,0.832
canny_hough,otsu,binary,17,0,0,0.0,0.0,,0.674,3.896,1.144,0.419,0.679
canny_hough,otsu,binary,18,0,0,0.0,0.0,,0.739,3.836,0.862,0.5,0.987
canny_hough,otsu,binary,19,0,0,0.0,0.0,,0.671,3.563,1.086,0.417,0.716
canny_hough,otsu,binary,20,0,0,0.0,0.0,,0.743,3.117,0.636,0.369,0.734
canny_hough,otsu,binary,21,0,0,0.0,0.0,,0.986,4.7,1.054,0.473,1.32
canny_hough,otsu,binary,22,0,0,0.0,0.0,,0.673,3.9,1.144,0.573,0.759
canny_hough,otsu,binary,23,0,0,0.0,0.0,,0.664,3.231,0.722,0.372,0.815
canny_hough,otsu,binary,24,0,0,0.0,0.0,,1.051,3.639,0.678,0.374,0.717
canny_hough,otsu,binary,25,0,0,0.0,0.0,,0.707,4.368,1.13,0.514,1.261
canny_hough,otsu,binary,26,0,0,0.0,0.0,,0.713,3.28,0.763,0.372,0.641
canny_hough,otsu,binary,27,0,0,0.0,0.0,,0.829,3.688,0.673,0.375,1.137
canny_hough,otsu,binary,28,0,0,0.0,0.0,,0.695,3.054,0.629,0.366,0.667
canny_hough,otsu,binary,29,0,0,0.0,0.0,,0.705,3.368,0.599,0.367,0.951
canny_hough,otsu,binary,30,0,0,0.0,0.0,,0.668,3.226,0.885,0.376,0.659
canny_hough,otsu,binary,31,0,0,0.0,0.0,,0.697,3.359,0.606,0.374,1.02
canny_hough,otsu,binary,32,0,0,0.0,0.0,,0.661,3.589,0.98,0.369,0.939
canny_hough,otsu,binary,33,0,0,0.0,0.0,,0.744,3.065,0.617,0.366,0.667
canny_hough,otsu,binary,34,0,0,0.0,0.0,,0.763,3.711,0.976,0.368,0.939
canny_hough,otsu,binary,35,0,0,0.0,0.0,,0.665,3.026,0.639,0.366,0.701
canny_hough,otsu,binary,36,0,0,0.0,0.0,,0.708,3.397,0.7,0.372,0.958
canny_hough,otsu,binary,37,0,0,0.0,0.0,,0.669,3.387,1.031,0.373,0.659
canny_hough,otsu,binary,38,0,0,0.0,0.0,,0.708,3.37,0.605,0.372,0.996
canny_hough,otsu,binary,39,0,0,0.0,0.0,,0.666,3.675,0.987,0.37,0.974
canny_hough,otsu,binary,40,0,0,0.0,0.0,,0.761,3.041,0.622,0.362,0.657
canny_hough,otsu,binary,41,0,0,0.0,0.0,,0.788,3.39,0.602,0.37,0.967
canny_hough,otsu,binary,42,0,0,0.0,0.0,,0.699,2.989,0.6,0.365,0.667
canny_hough,otsu,binary,43,0,0,0.0,0.0,,0.754,3.821,1.048,0.38,0.978
canny_hough,otsu,binary,44,0,0,0.0,0.0,,0.678,3.288,0.942,0.37,0.654
canny_hough,otsu,binary,45,0,0,0.0,0.0,,0.678,3.01,0.609,0.37,0.711
canny_hough,otsu,binary,46,0,0,0.0,0.0,,0.708,3.39,0.612,0.373,0.955
canny_hough,otsu,binary,47,0,0,0.0,0.0,,0.76,3.73,0.979,0.367,0.964
canny_hough,otsu,binary,48,0,0,0.0,0.0,,0.678,2.952,0.593,0.367,0.642
canny_hough,otsu,binary,49,0,0,0.0,0.0,,0.695,3.053,0.616,0.367,0.661
canny_hough,otsu,binary,50,0,0,0.0,0.0,,0.684,3.385,1.027,0.374,0.66
canny_hough,otsu,binary,51,0,0,0.0,0.0,,0.705,3.74,0.978,0.43,0.98
canny_hough,otsu,binary,52,0,0,0.0,0.0,,0.671,3.396,0.985,0.371,0.723
canny_hough,otsu,binary,53,0,0,0.0,0.0,,0.734,3.03,0.612,0.368,0.669
canny_hough,otsu,binary,54,0,0,0.0,0.0,,0.687,2.977,0.595,0.369,0.66
canny_hough,otsu,binary,55,0,0,0.0,0.0,,0.709,3.758,0.987,0.374,0.979
canny_hough,otsu,binary,56,0,0,0.0,0.0,,0.665,3.002,0.655,0.369,0.666
canny_hough,otsu,binary,57,0,0,0.0,0.0,,0.673,3.018,0.597,0.412,0.659
canny_hough,otsu,binary,58,0,0,0.0,0.0,,0.695,3.81,0.981,0.375,1.03
canny_hough,otsu,binary,59,0,0,0.0,0.0,,0.757,3.122,0.642,0.372,0.683
canny_hough,otsu,binary,60,0,0,0.0,0.0,,0.789,3.773,0.99,0.375,0.965
canny_hough,otsu,binary,61,0,0,0.0,0.0,,0.664,2.938,0.603,0.365,0.649
canny_hough,otsu,binary,62,0,0,0.0,0.0,,0.715,3.343,0.644,0.375,0.952
canny_hough,otsu,binary,63,0,0,0.0,0.0,,0.675,3.402,1.031,0.372,0.675
canny_hough,otsu,binary,64,0,0,0.0,0.0,,0.709,3.364,0.61,0.372,1.013
canny_hough,otsu,binary,65,0,0,0.0,0.0,,0.664,3.66,0.989,0.372,0.996
canny_hough,otsu,binary,66,0,0,0.0,0.0,,0.748,3.055,0.623,0.369,0.647
canny_hough,otsu,binary,67,0,0,0.0,0.0,,0.774,3.379,0.601,0.374,0.972
canny_hough,otsu,binary,68,0,0,0.0,0.0,,0.692,3.183,0.607,0.364,0.832
canny_hough,otsu,binary,69,0,0,0.0,0.0,,0.79,4.046,1.044,0.415,1.088
canny_hough,otsu,binary,70,0,0,0.0,0.0,,0.704,3.344,0.761,0.389,0.665
canny_hough,otsu,binary,71,0,0,0.0,0.0,,0.708,3.767,1.036,0.376,0.983
canny_hough,otsu,binary,72,0,0,0.0,0.0,,0.672,3.429,1.075,0.377,0.667
canny_hough,otsu,binary,73,0,0,0.0,0.0,,0.665,3.005,0.598,0.369,0.738
canny_hough,otsu,binary,74,0,0,0.0,0.0,,0.815,3.379,0.602,0.37,0.946
canny_hough,otsu,binary,75,0,0,0.0,0.0,,0.791,3.385,0.602,0.369,0.954
canny_hough,otsu,binary,76,0,0,0.0,0.0,,0.69,2.995,0.593,0.364,0.665
canny_hough,otsu,binary,77,0,0,0.0,0.0,,0.708,3.748,1.032,0.387,0.956
canny_hough,otsu,binary,78,0,0,0.0,0.0,,0.675,3.406,1.003,0.373,0.67
canny_hough,otsu,binary,79,0,0,0.0,0.0,,0.662,2.974,0.604,0.371,0.688
canny_hough,otsu,binary,80,0,0,0.0,0.0,,0.705,3.358,0.604,0.372,0.954
canny_hough,otsu,binary,81,0,0,0.0,0.0,,0.761,3.745,0.987,0.371,0.961
canny_hough,otsu,binary,82,0,0,0.0,0.0,,0.674,2.926,0.604,0.368,0.642
canny_hough,otsu,binary,83,0,0,0.0,0.0,,0.69,3.068,0.62,0.366,0.675
canny_hough,otsu,binary,84,0,0,0.0,0.0,,0.675,3.407,1.036,0.373,0.679
canny_hough,otsu,binary,85,0,0,0.0,0.0,,0.698,3.733,0.982,0.426,0.977
canny_hough,otsu,binary,86,0,0,0.0,0.0,,0.681,3.42,0.985,0.369,0.74
canny_hough,otsu,binary,87,0,0,0.0,0.0,,0.917,3.192,0.598,0.367,0.66
canny_hough,otsu,binary,88,0,0,0.0,0.0,,0.697,3.207,0.623,0.368,0.671
canny_hough,otsu,binary,89,0,0,0.0,0.0,,0.704,3.705,0.98,0.367,0.962
canny_hough,otsu,binary,90,0,0,0.0,0.0,,0.675,2.981,0.596,0.361,0.653
canny_hough,otsu,binary,91,0,0,0.0,0.0,,0.698,3.076,0.679,0.374,0.679
canny_hough,otsu,binary,92,0,0,0.0,0.0,,0.673,3.409,0.983,0.37,0.74
canny_hough,otsu,binary,93,0,0,0.0,0.0,,0.703,3.407,0.602,0.366,0.959
canny_hough,otsu,binary,94,0,0,0.0,0.0,,0.712,3.783,0.979,0.372,0.957
canny_hough,otsu,binary,95,0,0,0.0,0.0,,0.671,3.019,0.64,0.368,0.693
canny_hough,otsu,binary,96,0,0,0.0,0.0,,0.674,3.005,0.609,0.366,0.651
canny_hough,otsu,binary,97,0,0,0.0,0.0,,0.685,3.444,1.028,0.379,0.694
canny_hough,otsu,binary,98,0,0,0.0,0.0,,0.673,3.423,0.987,0.431,0.66
canny_hough,otsu,binary,99,0,0,0.0,0.0,,0.7,3.357,0.607,0.37,1.036
canny_hough,otsu,binary,100,0,0,0.0,0.0,,0.693,3.703,0.983,0.37,1.026
canny_hough,otsu,binary,101,0,0,0.0,0.0,,0.738,3.078,0.639,0.376,0.671
canny_hough,otsu,binary,102,0,0,0.0,0.0,,0.689,2.973,0.601,0.367,0.649
canny_hough,otsu,binary,103,0,0,0.0,0.0,,0.693,3.126,0.704,0.372,0.69
canny_hough,otsu,binary,104,0,0,0.0,0.0,,0.674,3.403,0.983,0.436,0.681
canny_hough,otsu,binary,105,0,0,0.0,0.0,,0.703,3.368,0.603,0.37,1.044
canny_hough,otsu,binary,106,0,0,0.0,0.0,,0.691,3.751,0.993,0.369,1.056
canny_hough,otsu,binary,107,0,0,0.0,0.0,,0.784,3.076,0.614,0.367,0.658
canny_hough,otsu,binary,108,0,0,0.0,0.0,,0.699,3.327,0.602,0.368,0.972
canny_hough,otsu,binary,109,0,0,0.0,0.0,,0.673,3.0,0.598,0.371,0.655
canny_hough,otsu,binary,110,0,0,0.0,0.0,,0.715,3.755,1.038,0.379,0.954
canny_hough,otsu,binary,111,0,0,0.0,0.0,,0.672,3.433,1.035,0.379,0.691
canny_hough,otsu,binary,112,0,0,0.0,0.0,,0.67,3.077,0.608,0.37,0.737
canny_hough,otsu,binary,113,0,0,0.0,0.0,,0.775,3.379,0.619,0.37,0.962
canny_hough,otsu,binary,114,0,0,0.0,0.0,,0.868,3.803,0.979,0.371,0.921
canny_hough,otsu,binary,115,0,0,0.0,0.0,,0.785,3.851,1.053,0.39,0.934
canny_hough,otsu,binary,116,0,0,0.0,0.0,,0.815,3.816,1.01,0.374,0.937
canny_hough,otsu,binary,117,0,0,0.0,0.0,,0.681,3.46,0.734,0.385,0.973
canny_hough,otsu,binary,118,0,0,0.0,0.0,,0.702,3.352,0.597,0.389,0.936
canny_hough,otsu,binary,119,0,0,0.0,0.0,,0.736,3.837,1.085,0.389,0.972
canny_hough,otsu,binary,120,0,0,0.0,0.0,,0.684,3.656,1.026,0.37,0.937
canny_hough,otsu,binary,121,0,0,0.0,0.0,,0.675,3.71,1.066,0.375,0.944
canny_hough,otsu,binary,122,0,0,0.0,0.0,,0.687,3.364,1.02,0.366,0.659
canny_hough,otsu,binary,123,0,0,0.0,0.0,,0.68,3.434,0.974,0.37,0.772
canny_hough,otsu,binary,124,0,0,0.0,0.0,,0.698,3.674,0.97,0.369,1.014
canny_hough,otsu,binary,125,0,0,0.0,0.0,,0.682,3.393,0.618,0.366,0.954
canny_hough,otsu,binary,126,0,0,0.0,0.0,,0.786,3.684,0.969,0.361,0.927
canny_hough,otsu,binary,127,0,0,0.0,0.0,,0.676,2.996,0.616,0.369,0.685
canny_hough,otsu,binary,128,0,0,0.0,0.0,,0.696,3.338,0.599,0.366,0.924
canny_hough,otsu,binary,129,0,0,0.0,0.0,,0.668,3.362,0.974,0.37,0.69
canny_hough,otsu,binary,130,0,0,0.0,0.0,,0.676,3.416,0.979,0.414,0.668
canny_hough,otsu,binary,131,0,0,0.0,0.0,,0.657,7.345,0.976,0.366,4.707
canny_hough,otsu,binary,132,0,0,0.0,0.0,,0.679,3.689,0.983,0.363,1.022
canny_hough,otsu,binary,133,0,0,0.0,0.0,,0.669,4.002,1.045,0.48,1.14
canny_hough,otsu,binary,134,0,0,0.0,0.0,,0.684,3.955,1.03,0.393,1.196
canny_hough,otsu,binary,135,0,0,0.0,0.0,,0.727,4.072,0.993,0.434,1.171
canny_hough,otsu,binary,136,0,0,0.0,0.0,,0.701,4.009,1.048,0.427,1.143
canny_hough,otsu,binary,137,0,0,0.0,0.0,,0.757,3.714,0.666,0.378,1.228
canny_hough,otsu,binary,138,0,0,0.0,0.0,,0.674,3.932,1.006,0.404,1.155
canny_hough,otsu,binary,139,0,0,0.0,0.0,,0.766,3.454,0.624,0.371,1.013
canny_hough,otsu,binary,140,0,0,0.0,0.0,,0.857,3.951,0.979,0.432,1.003
canny_hough,otsu,binary,141,0,0,0.0,0.0,,0.826,3.317,0.639,0.376,0.714
canny_hough,otsu,binary,142,0,0,0.0,0.0,,0.815,4.139,1.061,0.4,1.064
canny_hough,otsu,binary,143,0,0,0.0,0.0,,0.705,3.153,0.684,0.378,0.678
canny_hough,otsu,binary,144,0,0,0.0,0.0,,0.734,3.6,0.601,0.386,1.014
canny_hough,otsu,binary,145,0,0,0.0,0.0,,0.762,3.382,0.852,0.377,0.693
canny_hough,otsu,binary,146,0,0,0.0,0.0,,0.738,3.809,1.126,0.385,0.708
canny_hough,otsu,binary,147,0,0,0.0,0.0,,0.849,4.181,1.157,0.395,1.017
canny_hough,otsu,binary,148,0,0,0.0,0.0,,0.801,4.153,1.185,0.39,1.043
canny_hough,otsu,binary,149,0,0,0.0,0.0,,0.787,3.983,1.016,0.431,1.001
canny_hough,otsu,binary,150,0,0,0.0,0.0,,0.737,3.967,0.987,0.391,1.146
canny_hough,otsu,binary,151,0,0,0.0,0.0,,0.842,3.892,0.937,0.391,0.993
canny_hough,otsu,binary,152,0,0,0.0,0.0,,0.827,4.032,1.07,0.41,1.006
canny_hough,otsu,binary,153,0,0,0.0,0.0,,0.717,3.88,0.9,0.399,1.175
canny_hough,otsu,binary,154,0,0,0.0,0.0,,0.81,3.776,0.894,0.375,0.985
canny_hough,otsu,binary,155,0,0,0.0,0.0,,0.699,3.965,1.074,0.406,1.138
canny_hough,otsu,binary,156,0,0,0.0,0.0,,0.701,3.805,1.09,0.382,0.961
canny_hough,otsu,binary,157,0,0,0.0,0.0,,0.761,3.793,1.043,0.376,0.951
canny_hough,otsu,binary,158,0,0,0.0,0.0,,0.675,3.366,0.683,0.382,0.654
canny_hough,otsu,binary,159,0,0,0.0,0.0,,1.207,7.58,0.61,0.374,4.757
canny_hough,otsu,binary,160,0,0,0.0,0.0,,0.671,3.305,0.655,0.482,0.823
canny_hough,otsu,binary,161,0,0,0.0,0.0,,0.698,4.005,1.084,0.398,1.174
canny_hough,otsu,binary,162,0,0,0.0,0.0,,0.706,3.756,0.993,0.37,1.019
canny_hough,otsu,binary,163,0,0,0.0,0.0,,0.697,3.801,0.98,0.378,1.005
canny_hough,otsu,binary,164,0,0,0.0,0.0,,0.808,3.799,0.978,0.371,0.98
canny_hough,otsu,binary,165,0,0,0.0,0.0,,0.772,3.796,0.977,0.369,1.001
canny_hough,otsu,binary,166,0,0,0.0,0.0,,1.096,4.154,0.984,0.374,0.982
canny_hough,otsu,binary,167,0,0,0.0,0.0,,0.772,3.855,0.992,0.377,0.989
canny_hough,otsu,binary,168,0,0,0.0,0.0,,0.766,3.792,0.986,0.373,0.971
canny_hough,otsu,binary,169,0,0,0.0,0.0,,0.774,3.81,0.977,0.372,1.015
canny_hough,otsu,binary,170,0,0,0.0,0.0,,0.778,3.794,0.984,0.371,0.99
canny_hough,otsu,binary,171,0,0,0.0,0.0,,0.787,3.897,0.987,0.375,1.066
canny_hough,otsu,binary,172,0,0,0.0,0.0,,0.775,3.761,0.979,0.372,0.978
canny_hough,otsu,binary,173,0,0,0.0,0.0,,0.695,3.71,0.988,0.376,0.979
canny_hough,otsu,binary,174,0,0,0.0,0.0,,0.699,3.763,0.988,0.372,0.991
canny_hough,otsu,binary,175,0,0,0.0,0.0,,0.705,3.802,0.984,0.379,0.968
canny_hough,otsu,binary,176,0,0,0.0,0.0,,0.694,3.728,0.992,0.369,0.968
canny_hough,otsu,binary,177,0,0,0.0,0.0,,0.706,3.761,1.035,0.377,0.973
canny_hough,otsu,binary,178,0,0,0.0,0.0,,0.697,3.545,0.811,0.374,0.96
canny_hough,otsu,binary,179,0,0,0.0,0.0,,0.666,3.41,1.035,0.374,0.684
canny_hough,otsu,binary,180,0,0,0.0,0.0,,0.709,3.379,0.605,0.373,1.026
canny_hough,otsu,binary,181,0,0,0.0,0.0,,0.698,3.782,0.986,0.374,1.083
canny_hough,otsu,binary,182,0,0,0.0,0.0,,0.75,3.035,0.616,0.364,0.659
canny_hough,otsu,binary,183,0,0,0.0,0.0,,0.792,3.391,0.599,0.374,0.969
canny_hough,otsu,binary,184,0,0,0.0,0.0,,0.688,2.995,0.603,0.367,0.662
canny_hough,otsu,binary,185,0,0,0.0,0.0,,0.7,3.794,1.04,0.381,0.988
canny_hough,otsu,binary,186,0,0,0.0,0.0,,0.673,3.338,0.983,0.373,0.665
canny_hough,otsu,binary,187,0,0,0.0,0.0,,0.67,2.989,0.599,0.371,0.697
canny_hough,otsu,binary,188,0,0,0.0,0.0,,0.709,3.408,0.609,0.373,0.954
canny_hough,otsu,binary,189,0,0,0.0,0.0,,0.697,3.766,0.979,0.371,0.991
canny_hough,otsu,binary,190,0,0,0.0,0.0,,0.671,2.93,0.609,0.363,0.648
canny_hough,otsu,binary,191,0,0,0.0,0.0,,0.697,3.063,0.616,0.37,0.661
canny_hough,otsu,binary,192,0,0,0.0,0.0,,0.68,3.377,1.018,0.371,0.664
canny_hough,otsu,binary,193,0,0,0.0,0.0,,0.698,3.741,0.979,0.419,0.981
canny_hough,otsu,binary,194,0,0,0.0,0.0,,0.671,3.43,0.982,0.371,0.763
canny_hough,otsu,binary,195,0,0,0.0,0.0,,0.668,3.397,0.922,0.392,0.763
canny_hough,otsu,binary,196,0,0,0.0,0.0,,0.795,3.043,0.611,0.365,0.638
canny_hough,otsu,binary,197,0,0,0.0,0.0,,0.668,2.924,0.587,0.367,0.66
canny_hough,otsu,binary,198,0,0,0.0,0.0,,0.672,3.001,0.65,0.369,0.652
canny_hough,otsu,binary,199,0,0,0.0,0.0,,0.677,3.02,0.598,0.364,0.76
canny_hough,otsu,binary,200,0,0,0.0,0.0,,0.756,3.011,0.612,0.363,0.647
canny_hough,otsu,binary,201,0,0,0.0,0.0,,0.673,2.942,0.606,0.366,0.659
canny_hough,otsu,binary,202,0,0,0.0,0.0,,0.682,3.009,0.659,0.372,0.653
canny_hough,otsu,binary,203,0,0,0.0,0.0,,0.678,3.06,0.61,0.37,0.702
canny_hough,otsu,binary,204,0,0,0.0,0.0,,0.802,3.077,0.598,0.365,0.626
canny_hough,otsu,binary,205,0,0,0.0,0.0,,0.674,2.932,0.592,0.365,0.659
canny_hough,otsu,binary,206,0,0,0.0,0.0,,0.734,3.097,0.616,0.364,0.652
canny_hough,otsu,binary,207,0,0,0.0,0.0,,0.669,2.987,0.597,0.407,0.669
canny_hough,otsu,binary,208,0,0,0.0,0.0,,0.678,3.06,0.603,0.368,0.666
canny_hough,otsu,binary,209,0,0,0.0,0.0,,0.669,2.925,0.6,0.37,0.646
canny_hough,otsu,binary,210,0,0,0.0,0.0,,0.672,2.918,0.599,0.368,0.639
canny_hough,otsu,binary,211,0,0,0.0,0.0,,0.667,3.006,0.653,0.372,0.676
canny_hough,otsu,binary,212,0,0,0.0,0.0,,0.669,3.047,0.605,0.369,0.772
canny_hough,otsu,binary,213,0,0,0.0,0.0,,0.741,3.0,0.611,0.362,0.649
canny_hough,otsu,binary,214,0,0,0.0,0.0,,0.673,2.927,0.615,0.362,0.646
canny_hough,otsu,binary,215,0,0,0.0,0.0,,0.675,2.991,0.652,0.369,0.672
canny_hough,otsu,binary,216,0,0,0.0,0.0,,0.67,2.974,0.602,0.363,0.722
canny_hough,otsu,binary,217,0,0,0.0,0.0,,0.747,3.025,0.6,0.368,0.672
canny_hough,otsu,binary,218,0,0,0.0,0.0,,0.679,2.971,0.598,0.365,0.652
canny_hough,otsu,binary,219,0,0,0.0,0.0,,0.662,2.958,0.613,0.373,0.668
canny_hough,otsu,binary,220,0,0,0.0,0.0,,0.667,2.976,0.603,0.366,0.701
canny_hough,otsu,binary,221,0,0,0.0,0.0,,0.738,3.035,0.599,0.366,0.653
canny_hough,otsu,binary,222,0,0,0.0,0.0,,0.671,2.918,0.599,0.368,0.64
canny_hough,otsu,binary,223,0,0,0.0,0.0,,0.671,3.003,0.597,0.369,0.673
canny_hough,otsu,binary,224,0,0,0.0,0.0,,0.671,2.954,0.61,0.408,0.634
canny_hough,otsu,binary,225,0,0,0.0,0.0,,0.75,3.007,0.602,0.367,0.649
canny_hough,otsu,binary,226,0,0,0.0,0.0,,0.675,2.916,0.606,0.363,0.646
canny_hough,otsu,binary,227,0,0,0.0,0.0,,0.666,3.009,0.6,0.364,0.666
canny_hough,otsu,binary,228,0,0,0.0,0.0,,0.671,3.006,0.617,0.407,0.647
canny_hough,otsu,binary,229,0,0,0.0,0.0,,0.68,3.027,0.6,0.367,0.666
canny_hough,otsu,binary,230,0,0,0.0,0.0,,0.674,2.924,0.603,0.366,0.644
canny_hough,otsu,binary,231,0,0,0.0,0.0,,0.673,2.984,0.6,0.364,0.649
canny_hough,otsu,binary,232,0,0,0.0,0.0,,0.674,2.972,0.599,0.41,0.658
canny_hough,otsu,binary,233,0,0,0.0,0.0,,0.681,3.01,0.609,0.365,0.724
canny_hough,otsu,binary,234,0,0,0.0,0.0,,0.678,2.925,0.61,0.363,0.646
canny_hough,otsu,binary,235,0,0,0.0,0.0,,0.715,2.96,0.593,0.368,0.65
canny_hough,otsu,binary,236,0,0,0.0,0.0,,0.681,2.988,0.647,0.371,0.651
canny_hough,otsu,binary,237,0,0,0.0,0.0,,0.667,3.141,0.596,0.369,0.863
canny_hough,otsu,binary,238,0,0,0.0,0.0,,0.744,3.028,0.605,0.367,0.644
canny_hough,otsu,binary,239,0,0,0.0,0.0,,0.671,2.919,0.599,0.366,0.649
canny_hough,otsu,binary,240,0,0,0.0,0.0,,0.673,2.989,0.642,0.366,0.645
canny_hough,otsu,binary,241,0,0,0.0,0.0,,0.672,2.993,0.606,0.366,0.716
canny_hough,otsu,binary,242,0,0,0.0,0.0,,0.748,2.99,0.605,0.362,0.651
canny_hough,otsu,binary,243,0,0,0.0,0.0,,0.724,2.994,0.606,0.363,0.665
canny_hough,otsu,binary,244,0,0,0.0,0.0,,0.675,2.988,0.592,0.367,0.658
canny_hough,otsu,binary,245,0,0,0.0,0.0,,0.667,2.994,0.6,0.411,0.666
canny_hough,otsu,binary,246,0,0,0.0,0.0,,0.77,3.011,0.602,0.365,0.637
canny_hough,otsu,binary,247,0,0,0.0,0.0,,0.67,2.919,0.609,0.363,0.656
canny_hough,otsu,binary,248,0,0,0.0,0.0,,0.677,3.042,0.6,0.367,0.651
canny_hough,otsu,binary,249,0,0,0.0,0.0,,0.673,2.984,0.598,0.414,0.663
canny_hough,otsu,binary,250,0,0,0.0,0.0,,0.681,2.986,0.597,0.364,0.642
canny_hough,otsu,binary,251,0,0,0.0,0.0,,0.665,2.978,0.607,0.367,0.664
canny_hough,otsu,binary,252,0,0,0.0,0.0,,0.67,3.003,0.609,0.368,0.652
canny_hough,otsu,binary,253,0,0,0.0,0.0,,0.671,2.996,0.646,0.373,0.667
canny_hough,otsu,binary,254,0,0,0.0,0.0,,0.672,3.004,0.601,0.367,0.725
canny_hough,otsu,binary,255,0,0,0.0,0.0,,0.737,2.998,0.606,0.366,0.648
canny_hough,otsu,binary,256,0,0,0.0,0.0,,0.674,2.936,0.613,0.363,0.651
canny_hough,otsu,binary,257,0,0,0.0,0.0,,0.68,2.996,0.656,0.368,0.662
canny_hough,otsu,binary,258,0,0,0.0,0.0,,0.679,3.061,0.606,0.364,0.714
canny_hough,otsu,binary,259,0,0,0.0,0.0,,0.747,3.034,0.598,0.37,0.675
canny_hough,otsu,binary,260,0,0,0.0,0.0,,0.677,2.933,0.606,0.367,0.636
canny_hough,otsu,binary,261,0,0,0.0,0.0,,0.667,3.024,0.651,0.371,0.664
canny_hough,otsu,binary,262,0,0,0.0,0.0,,0.668,2.957,0.6,0.367,0.675
canny_hough,otsu,binary,263,0,0,0.0,0.0,,0.738,3.04,0.605,0.367,0.697
canny_hough,otsu,binary,264,0,0,0.0,0.0,,0.669,2.925,0.602,0.368,0.649
canny_hough,otsu,binary,265,0,0,0.0,0.0,,0.663,2.977,0.6,0.364,0.656
canny_hough,otsu,binary,266,0,0,0.0,0.0,,0.688,2.971,0.595,0.411,0.653
canny_hough,otsu,binary,267,0,0,0.0,0.0,,0.748,3.01,0.6,0.369,0.647
canny_hough,otsu,binary,268,0,0,0.0,0.0,,0.674,2.97,0.604,0.367,0.645
canny_hough,otsu,binary,269,0,0,0.0,0.0,,0.668,2.986,0.598,0.369,0.647
canny_hough,otsu,binary,270,0,0,0.0,0.0,,0.669,2.966,0.61,0.41,0.638
canny_hough,otsu,binary,271,0,0,0.0,0.0,,0.674,3.022,0.611,0.369,0.661
canny_hough,otsu,binary,272,0,0,0.0,0.0,,0.67,2.886,0.598,0.363,0.637
canny_hough,otsu,binary,273,0,0,0.0,0.0,,0.671,2.982,0.609,0.364,0.647
canny_hough,otsu,binary,274,0,0,0.0,0.0,,0.678,3.003,0.606,0.371,0.643
canny_hough,otsu,binary,275,0,0,0.0,0.0,,0.673,3.012,0.601,0.364,0.739
canny_hough,otsu,binary,276,0,0,0.0,0.0,,0.737,2.991,0.602,0.366,0.654
canny_hough,otsu,binary,277,0,0,0.0,0.0,,0.668,2.951,0.603,0.368,0.675
canny_hough,otsu,binary,278,0,0,0.0,0.0,,0.678,3.03,0.644,0.374,0.652
canny_hough,otsu,binary,279,0,0,0.0,0.0,,0.668,3.024,0.612,0.37,0.743
canny_hough,otsu,binary,280,0,0,0.0,0.0,,0.751,3.003,0.604,0.369,0.643
canny_hough,otsu,binary,281,0,0,0.0,0.0,,0.669,2.949,0.599,0.368,0.653
canny_hough,otsu,binary,282,0,0,0.0,0.0,,0.669,2.972,0.641,0.367,0.661
canny_hough,otsu,binary,283,0,0,0.0,0.0,,0.67,3.01,0.613,0.366,0.727
canny_hough,otsu,binary,284,0,0,0.0,0.0,,0.747,2.972,0.602,0.366,0.635
canny_hough,otsu,binary,285,0,0,0.0,0.0,,0.678,2.945,0.604,0.364,0.667
canny_hough,otsu,binary,286,0,0,0.0,0.0,,0.677,2.969,0.656,0.369,0.641
canny_hough,otsu,binary,287,0,0,0.0,0.0,,0.677,2.985,0.601,0.364,0.702
canny_hough,otsu,binary,288,0,0,0.0,0.0,,0.755,3.038,0.601,0.364,0.644
canny_hough,otsu,binary,289,0,0,0.0,0.0,,0.665,2.935,0.595,0.366,0.667
canny_hough,otsu,binary,290,0,0,0.0,0.0,,0.676,3.376,0.637,0.467,0.785
canny_hough,otsu,binary,291,0,0,0.0,0.0,,0.664,2.997,0.645,0.371,0.674
canny_hough,otsu,binary,292,0,0,0.0,0.0,,0.668,2.998,0.605,0.366,0.723
canny_hough,otsu,binary,293,0,0,0.0,0.0,,0.753,2.999,0.599,0.367,0.641
canny_hough,otsu,binary,294,0,0,0.0,0.0,,0.67,2.927,0.601,0.368,0.642
canny_hough,otsu,binary,295,0,0,0.0,0.0,,0.666,2.972,0.645,0.371,0.652
canny_hough,otsu,binary,296,0,0,0.0,0.0,,0.669,2.998,0.602,0.368,0.716
canny_hough,otsu,binary,297,0,0,0.0,0.0,,0.74,3.019,0.604,0.369,0.668
canny_hough,otsu,binary,298,0,0,0.0,0.0,,0.679,2.957,0.604,0.364,0.64
canny_hough,otsu,binary,299,0,0,0.0,0.0,,0.665,2.957,0.643,0.367,0.65
canny_hough,otsu,binary,300,0,0,0.0,0.0,,0.678,2.983,0.6,0.363,0.723
canny_hough,otsu,binary,301,0,0,0.0,0.0,,0.747,3.007,0.602,0.365,0.658
canny_hough,otsu,binary,302,0,0,0.0,0.0,,0.677,2.929,0.599,0.363,0.651
canny_hough,otsu,binary,303,0,0,0.0,0.0,,0.68,3.006,0.658,0.369,0.658
canny_hough,otsu,binary,304,0,0,0.0,0.0,,0.668,2.982,0.6,0.409,0.659
canny_hough,otsu,binary,305,0,0,0.0,0.0,,0.744,3.018,0.604,0.365,0.655
canny_hough,otsu,binary,306,0,0,0.0,0.0,,0.675,2.957,0.601,0.366,0.643
canny_hough,otsu,binary,307,0,0,0.0,0.0,,0.667,3.007,0.601,0.368,0.654
canny_hough,otsu,binary,308,0,0,0.0,0.0,,0.666,2.979,0.595,0.406,0.635
canny_hough,otsu,binary,309,0,0,0.0,0.0,,0.677,3.018,0.602,0.368,0.652
canny_hough,otsu,binary,310,0,0,0.0,0.0,,0.677,2.895,0.596,0.363,0.642
canny_hough,otsu,binary,311,0,0,0.0,0.0,,0.669,2.986,0.604,0.371,0.648
canny_hough,otsu,binary,312,0,0,0.0,0.0,,0.668,2.965,0.602,0.409,0.646
canny_hough,otsu,binary,313,0,0,0.0,0.0,,0.674,3.014,0.602,0.368,0.647
canny_hough,otsu,binary,314,0,0,0.0,0.0,,0.672,2.911,0.597,0.366,0.634
canny_hough,otsu,binary,315,0,0,0.0,0.0,,0.671,2.986,0.592,0.37,0.641
canny_hough,otsu,binary,316,0,0,0.0,0.0,,0.676,2.979,0.65,0.372,0.646
canny_hough,otsu,binary,317,0,0,0.0,0.0,,0.671,3.01,0.597,0.367,0.737
canny_hough,otsu,binary,318,0,0,0.0,0.0,,0.734,3.013,0.602,0.365,0.646
canny_hough,otsu,binary,319,0,0,0.0,0.0,,0.665,2.916,0.606,0.363,0.651
canny_hough,otsu,binary,320,0,0,0.0,0.0,,0.669,2.946,0.645,0.366,0.645
canny_hough,otsu,binary,321,0,0,0.0,0.0,,0.67,3.141,0.611,0.367,0.832
canny_hough,otsu,binary,322,0,0,0.0,0.0,,0.754,3.027,0.616,0.366,0.65
canny_hough,otsu,binary,323,0,0,0.0,0.0,,0.668,2.982,0.601,0.369,0.663
canny_hough,otsu,binary,324,0,0,0.0,0.0,,0.671,2.972,0.652,0.368,0.639
canny_hough,otsu,binary,325,0,0,0.0,0.0,,0.666,2.975,0.609,0.369,0.695
canny_hough,otsu,binary,326,0,0,0.0,0.0,,0.745,3.011,0.612,0.366,0.651
canny_hough,otsu,binary,327,0,0,0.0,0.0,,0.668,2.946,0.606,0.367,0.669
canny_hough,otsu,binary,328,0,0,0.0,0.0,,0.676,3.022,0.603,0.363,0.66
canny_hough,otsu,binary,329,0,0,0.0,0.0,,0.674,2.985,0.597,0.411,0.671
canny_hough,otsu,binary,330,0,0,0.0,0.0,,0.684,3.018,0.601,0.364,0.662
canny_hough,otsu,binary,331,0,0,0.0,0.0,,0.671,2.943,0.599,0.369,0.654
canny_hough,otsu,binary,332,0,0,0.0,0.0,,0.678,3.179,0.611,0.37,0.662
canny_hough,otsu,binary,333,0,0,0.0,0.0,,0.664,2.967,0.642,0.367,0.656
canny_hough,otsu,binary,334,0,0,0.0,0.0,,0.676,3.037,0.603,0.365,0.758
canny_hough,otsu,binary,335,0,0,0.0,0.0,,0.736,3.001,0.603,0.366,0.666
canny_hough,otsu,binary,336,0,0,0.0,0.0,,0.687,2.957,0.599,0.366,0.654
canny_hough,otsu,binary,337,0,0,0.0,0.0,,0.673,3.032,0.646,0.372,0.661
canny_hough,otsu,binary,338,0,0,0.0,0.0,,0.671,3.04,0.594,0.367,0.717
canny_hough,otsu,binary,339,0,0,0.0,0.0,,0.741,2.998,0.595,0.37,0.655
canny_hough,otsu,binary,340,0,0,0.0,0.0,,0.668,2.911,0.597,0.367,0.639
canny_hough,otsu,binary,341,0,0,0.0,0.0,,0.672,2.973,0.626,0.372,0.66
canny_hough,otsu,binary,342,0,0,0.0,0.0,,0.673,3.0,0.602,0.371,0.719
canny_hough,otsu,binary,343,0,0,0.0,0.0,,0.735,2.998,0.599,0.372,0.66
canny_hough,otsu,binary,344,0,0,0.0,0.0,,0.671,2.923,0.606,0.364,0.646
canny_hough,otsu,binary,345,0,0,0.0,0.0,,0.668,2.986,0.601,0.364,0.656
canny_hough,otsu,binary,346,0,0,0.0,0.0,,0.673,2.969,0.6,0.41,0.667
canny_hough,otsu,binary,347,0,0,0.0,0.0,,0.758,3.021,0.6,0.366,0.656
canny_hough,otsu,binary,348,0,0,0.0,0.0,,0.68,2.97,0.601,0.365,0.652
canny_hough,otsu,binary,349,0,0,0.0,0.0,,0.664,3.016,0.609,0.367,0.664
canny_hough,otsu,binary,350,0,0,0.0,0.0,,0.681,3.004,0.602,0.409,0.656
canny_hough,otsu,binary,351,0,0,0.0,0.0,,0.679,3.008,0.595,0.364,0.663
canny_hough,otsu,binary,352,0,0,0.0,0.0,,0.677,2.944,0.601,0.366,0.663
canny_hough,otsu,binary,353,0,0,0.0,0.0,,0.67,2.97,0.601,0.367,0.651
canny_hough,otsu,binary,354,0,0,0.0,0.0,,0.665,2.965,0.645,0.372,0.643
canny_hough,otsu,binary,355,0,0,0.0,0.0,,0.663,3.042,0.612,0.366,0.746
canny_hough,otsu,binary,356,0,0,0.0,0.0,,0.735,2.983,0.609,0.368,0.636
canny_hough,otsu,binary,357,0,0,0.0,0.0,,0.666,2.941,0.593,0.373,0.658
canny_hough,otsu,binary,358,0,0,0.0,0.0,,0.678,3.024,0.651,0.375,0.647
canny_hough,otsu,binary,359,0,0,0.0,0.0,,0.678,3.005,0.602,0.365,0.731
canny_hough,otsu,binary,360,0,0,0.0,0.0,,0.79,3.163,0.608,0.361,0.642
canny_hough,otsu,binary,361,0,0,0.0,0.0,,0.665,2.939,0.593,0.366,0.659
canny_hough,otsu,binary,362,0,0,0.0,0.0,,0.705,3.008,0.598,0.367,0.634
canny_hough,otsu,binary,363,0,0,0.0,0.0,,0.667,2.998,0.588,0.442,0.665
canny_hough,otsu,binary,364,0,0,0.0,0.0,,0.752,2.977,0.594,0.37,0.63
canny_hough,otsu,binary,365,0,0,0.0,0.0,,0.67,2.91,0.595,0.367,0.638
canny_hough,otsu,binary,366,0,0,0.0,0.0,,0.677,3.009,0.607,0.365,0.649
canny_hough,otsu,binary,367,0,0,0.0,0.0,,0.674,2.965,0.602,0.407,0.651
canny_hough,otsu,binary,368,0,0,0.0,0.0,,0.684,3.036,0.605,0.364,0.647
canny_hough,otsu,binary,369,0,0,0.0,0.0,,0.678,2.969,0.601,0.365,0.65
canny_hough,otsu,binary,370,0,0,0.0,0.0,,0.686,2.944,0.596,0.368,0.645
canny_hough,otsu,binary,371,0,0,0.0,0.0,,0.764,3.52,0.638,0.374,1.062
canny_hough,otsu,binary,372,0,0,0.0,0.0,,0.67,3.665,1.199,0.423,0.698
canny_hough,otsu,binary,373,0,0,0.0,0.0,,0.698,3.442,0.616,0.38,1.088
canny_hough,otsu,binary,374,0,0,0.0,0.0,,0.675,3.751,0.975,0.374,1.095
canny_hough,otsu,binary,375,0,0,0.0,0.0,,0.742,3.12,0.624,0.366,0.672
canny_hough,otsu,binary,376,0,0,0.0,0.0,,0.774,3.335,0.606,0.366,0.942
canny_hough,otsu,binary,377,0,0,0.0,0.0,,0.685,2.996,0.601,0.366,0.684
canny_hough,otsu,binary,378,0,0,0.0,0.0,,0.696,3.81,1.09,0.38,0.962
canny_hough,otsu,binary,379,0,0,0.0,0.0,,0.673,3.246,0.892,0.372,0.67
canny_hough,otsu,binary,380,0,0,0.0,0.0,,0.664,3.007,0.613,0.369,0.714
canny_hough,otsu,binary,381,0,0,0.0,0.0,,0.704,3.375,0.596,0.375,0.973
canny_hough,otsu,binary,382,0,0,0.0,0.0,,0.926,3.923,0.985,0.367,0.984
canny_hough,otsu,binary,383,0,0,0.0,0.0,,0.674,2.994,0.628,0.37,0.656
canny_hough,otsu,binary,384,0,0,0.0,0.0,,0.682,2.973,0.597,0.37,0.655
canny_hough,otsu,binary,385,0,0,0.0,0.0,,0.695,3.338,0.931,0.375,0.651
canny_hough,otsu,binary,386,0,0,0.0,0.0,,0.716,3.745,0.98,0.429,0.956
canny_hough,otsu,binary,387,0,0,0.0,0.0,,0.667,3.402,0.982,0.431,0.682
canny_hough,otsu,binary,388,0,0,0.0,0.0,,0.68,3.047,0.612,0.366,0.644
canny_hough,otsu,binary,389,0,0,0.0,0.0,,0.692,2.994,0.601,0.367,0.676
canny_hough,otsu,binary,390,0,0,0.0,0.0,,0.705,3.761,0.993,0.371,0.956
canny_hough,otsu,binary,391,0,0,0.0,0.0,,0.669,2.977,0.598,0.365,0.649
canny_hough,otsu,binary,392,0,0,0.0,0.0,,0.697,3.031,0.606,0.431,0.656
canny_hough,otsu,binary,393,0,0,0.0,0.0,,0.662,3.59,0.983,0.372,0.926
canny_hough,otsu,binary,394,0,0,0.0,0.0,,0.774,3.085,0.622,0.364,0.66
canny_hough,otsu,binary,395,0,0,0.0,0.0,,0.755,3.749,0.989,0.369,0.967
canny_hough,otsu,binary,396,0,0,0.0,0.0,,0.67,2.918,0.6,0.364,0.655
canny_hough,otsu,binary,397,0,0,0.0,0.0,,0.692,3.35,0.657,0.373,0.965
canny_hough,otsu,binary,398,0,0,0.0,0.0,,0.662,3.444,1.045,0.38,0.667
canny_hough,otsu,binary,399,0,0,0.0,0.0,,0.714,3.347,0.606,0.368,1.014
canny_hough,otsu,binary,400,0,0,0.0,0.0,,0.686,3.771,0.993,0.37,1.088
canny_hough,otsu,binary,401,0,0,0.0,0.0,,0.797,3.129,0.611,0.368,0.666
canny_hough,otsu,binary,402,0,0,0.0,0.0,,0.77,3.365,0.615,0.372,0.95
canny_hough,otsu,binary,403,0,0,0.0,0.0,,0.689,3.001,0.601,0.365,0.669
canny_hough,otsu,binary,404,0,0,0.0,0.0,,0.727,3.82,1.038,0.381,0.944
canny_hough,otsu,binary,405,0,0,0.0,0.0,,0.672,3.228,0.866,0.374,0.668
canny_hough,otsu,binary,406,0,0,0.0,0.0,,0.673,2.99,0.603,0.37,0.701
canny_hough,otsu,binary,407,0,0,0.0,0.0,,0.689,3.723,0.978,0.375,1.044
canny_hough,otsu,binary,408,0,0,0.0,0.0,,0.761,3.096,0.626,0.367,0.655
canny_hough,otsu,binary,409,0,0,0.0,0.0,,0.792,3.76,0.982,0.373,0.953
canny_hough,otsu,binary,410,0,0,0.0,0.0,,0.675,2.964,0.614,0.366,0.642
canny_hough,otsu,binary,411,0,0,0.0,0.0,,0.684,3.057,0.653,0.376,0.68
canny_hough,otsu,binary,412,0,0,0.0,0.0,,0.676,3.404,0.983,0.426,0.674
canny_hough,otsu,binary,413,0,0,0.0,0.0,,0.701,3.379,0.609,0.377,1.035
canny_hough,otsu,binary,414,0,0,0.0,0.0,,0.68,3.726,0.977,0.37,1.06
canny_hough,otsu,binary,415,0,0,0.0,0.0,,0.744,3.035,0.609,0.367,0.659
canny_hough,otsu,binary,416,0,0,0.0,0.0,,0.696,2.994,0.609,0.368,0.656
canny_hough,otsu,binary,417,0,0,0.0,0.0,,0.685,3.218,0.791,0.374,0.667
canny_hough,otsu,binary,418,0,0,0.0,0.0,,0.673,3.407,0.984,0.431,0.649
canny_hough,otsu,binary,419,0,0,0.0,0.0,,0.701,3.373,0.624,0.368,1.032
canny_hough,otsu,binary,420,0,0,0.0,0.0,,0.693,3.707,0.985,0.37,1.027
canny_hough,otsu,binary,421,0,0,0.0,0.0,,0.734,3.045,0.632,0.366,0.663
canny_hough,otsu,binary,422,0,0,0.0,0.0,,0.697,2.986,0.604,0.367,0.651
canny_hough,otsu,binary,423,0,0,0.0,0.0,,0.685,3.101,0.717,0.368,0.653
canny_hough,otsu,binary,424,0,0,0.0,0.0,,0.666,3.386,0.989,0.433,0.664
canny_hough,adaptive,binary,0,0,0,0.0,0.0,,1.026,12.934,1.022,7.549,2.512
canny_hough,adaptive,binary,1,0,0,0.0,0.0,,0.682,12.83,1.218,8.757,1.404
canny_hough,adaptive,binary,2,0,0,0.0,0.0,,1.128,17.964,1.442,11.203,2.085
canny_hough,adaptive,binary,3,0,0,0.0,0.0,,0.714,14.642,1.457,8.762,2.675
canny_hough,adaptive,binary,4,0,0,0.0,0.0,,0.985,14.107,3.023,7.227,2.057
canny_hough,adaptive,binary,5,0,0,0.0,0.0,,0.743,11.614,1.183,7.788,1.15
canny_hough,adaptive,binary,6,0,0,0.0,0.0,,0.67,10.573,0.984,7.132,1.138
canny_hough,adaptive,binary,7,0,0,0.0,0.0,,0.68,10.684,0.977,7.242,1.121
canny_hough,adaptive,binary,8,0,0,0.0,0.0,,0.692,10.832,0.995,7.309,1.117
canny_hough,adaptive,binary,9,0,0,0.0,0.0,,0.685,10.793,1.027,7.198,1.215
canny_hough,adaptive,binary,10,0,0,0.0,0.0,,0.765,10.796,0.998,7.26,1.108
canny_hough,adaptive,binary,11,0,0,0.0,0.0,,0.695,10.714,0.98,7.236,1.118
canny_hough,adaptive,binary,12,0,0,0.0,0.0,,0.697,10.819,1.029,7.203,1.192
canny_hough,adaptive,binary,13,0,0,0.0,0.0,,0.702,10.796,0.988,7.243,1.128
canny_hough,adaptive,binary,14,0,0,0.0,0.0,,0.685,10.794,0.986,7.342,1.105
canny_hough,adaptive,binary,15,0,0,0.0,0.0,,0.696,11.663,1.209,7.792,1.132
canny_hough,adaptive,binary,16,0,0,0.0,0.0,,0.716,10.834,0.987,7.293,1.132
canny_hough,adaptive,binary,17,0,0,0.0,0.0,,0.698,10.795,0.983,7.257,1.193
canny_hough,adaptive,binary,18,0,0,0.0,0.0,,0.754,10.761,0.989,7.232,1.126
canny_hough,adaptive,binary,19,0,0,0.0,0.0,,0.682,10.708,0.985,7.244,1.119
canny_hough,adaptive,binary,20,0,0,0.0,0.0,,0.656,10.655,1.044,7.165,1.143
canny_hough,adaptive,binary,21,0,0,0.0,0.0,,0.719,10.572,1.011,7.124,1.075
canny_hough,adaptive,binary,22,0,0,0.0,0.0,,0.676,10.605,1.017,7.146,1.082
canny_hough,adaptive,binary,23,0,0,0.0,0.0,,0.664,10.646,1.035,7.144,1.149
canny_hough,adaptive,binary,24,0,0,0.0,0.0,,0.754,10.619,1.027,7.122,1.084
canny_hough,adaptive,binary,25,0,0,0.0,0.0,,0.659,10.775,0.967,7.333,1.159
canny_hough,adaptive,binary,26,0,0,0.0,0.0,,0.687,11.02,1.036,7.417,1.219
canny_hough,adaptive,binary,27,0,0,0.0,0.0,,0.736,11.375,1.301,7.359,1.292
canny_hough,adaptive,binary,28,0,0,0.0,0.0,,0.776,10.97,1.005,7.322,1.178
canny_hough,adaptive,binary,29,0,0,0.0,0.0,,0.709,11.055,0.99,7.386,1.231
canny_hough,adaptive,binary,30,0,0,0.0,0.0,,0.735,10.978,1.02,7.268,1.115
canny_hough,adaptive,binary,31,0,0,0.0,0.0,,0.747,11.342,1.133,7.493,1.254
canny_hough,adaptive,binary,32,0,0,0.0,0.0,,0.666,10.665,1.055,7.133,1.136
canny_hough,adaptive,binary,33,0,0,0.0,0.0,,0.674,9.826,0.601,7.12,0.793
canny_hough,adaptive,binary,34,0,0,0.0,0.0,,0.674,10.185,0.654,7.32,0.892
canny_hough,adaptive,binary,35,0,0,0.0,0.0,,0.662,9.819,0.614,7.135,0.774
canny_hough,adaptive,binary,36,0,0,0.0,0.0,,0.669,9.933,0.645,7.105,0.865
canny_hough,adaptive,binary,37,0,0,0.0,0.0,,0.669,9.83,0.597,7.163,0.774
canny_hough,adaptive,binary,38,0,0,0.0,0.0,,0.673,10.016,0.689,7.115,0.885
canny_hough,adaptive,binary,39,0,0,0.0,0.0,,0.667,9.809,0.604,7.108,0.797
canny_hough,adaptive,binary,40,0,0,0.0,0.0,,0.681,9.973,0.673,7.098,0.803
canny_hough,adaptive,binary,41,0,0,0.0,0.0,,0.661,9.842,0.609,7.131,0.803
canny_hough,adaptive,binary,42,0,0,0.0,0.0,,0.676,9.95,0.61,7.128,0.782
canny_hough,adaptive,binary,43,0,0,0.0,0.0,,0.678,9.824,0.598,7.124,0.787
canny_hough,adaptive,binary,44,0,0,0.0,0.0,,0.749,9.942,0.608,7.108,0.798
canny_hough,adaptive,binary,45,0,0,0.0,0.0,,0.681,9.853,0.614,7.117,0.808
canny_hough,adaptive,binary,46,0,0,0.0,0.0,,0.756,9.943,0.606,7.138,0.808
canny_hough,adaptive,binary,47,0,0,0.0,0.0,,0.667,9.832,0.605,7.135,0.781
canny_hough,adaptive,binary,48,0,0,0.0,0.0,,0.759,9.894,0.607,7.098,0.784
canny_hough,adaptive,binary,49,0,0,0.0,0.0,,0.677,9.902,0.601,7.167,0.803
canny_hough,adaptive,binary,50,0,0,0.0,0.0,,0.867,10.011,0.606,7.106,0.786
canny_hough,adaptive,binary,51,0,0,0.0,0.0,,0.662,9.873,0.594,7.158,0.793
canny_hough,adaptive,binary,52,0,0,0.0,0.0,,0.746,9.932,0.612,7.114,0.79
canny_hough,adaptive,binary,53,0,0,0.0,0.0,,0.676,9.863,0.613,7.148,0.778
canny_hough,adaptive,binary,54,0,0,0.0,0.0,,0.673,10.581,0.63,7.759,0.867
canny_hough,adaptive,binary,55,0,0,0.0,0.0,,0.673,9.793,0.605,7.101,0.776
canny_hough,adaptive,binary,56,0,0,0.0,0.0,,0.681,9.906,0.601,7.128,0.8
canny_hough,adaptive,binary,57,0,0,0.0,0.0,,0.67,9.854,0.598,7.141,0.806
canny_hough,adaptive,binary,58,0,0,0.0,0.0,,0.754,9.878,0.601,7.099,0.797
canny_hough,adaptive,binary,59,0,0,0.0,0.0,,0.671,9.829,0.597,7.147,0.792
canny_hough,adaptive,binary,60,0,0,0.0,0.0,,0.75,9.97,0.608,7.179,0.788
canny_hough,adaptive,binary,61,0,0,0.0,0.0,,0.665,9.882,0.603,7.165,0.769
canny_hough,adaptive,binary,62,0,0,0.0,0.0,,0.748,9.908,0.602,7.1,0.793
canny_hough,adaptive,binary,63,0,0,0.0,0.0,,0.678,9.901,0.601,7.185,0.792
canny_hough,adaptive,binary,64,0,0,0.0,0.0,,0.768,9.931,0.607,7.117,0.798
canny_hough,adaptive,binary,65,0,0,0.0,0.0,,0.672,9.87,0.598,7.166,0.791
canny_hough,adaptive,binary,66,0,0,0.0,0.0,,0.742,9.888,0.61,7.104,0.79
canny_hough,adaptive,binary,67,0,0,0.0,0.0,,0.669,9.853,0.59,7.151,0.806
canny_hough,adaptive,binary,68,0,0,0.0,0.0,,0.752,9.91,0.604,7.128,0.791
canny_hough,adaptive,binary,69,0,0,0.0,0.0,,0.668,9.869,0.608,7.175,0.782
canny_hough,adaptive,binary,70,0,0,0.0,0.0,,0.736,9.908,0.607,7.14,0.783
canny_hough,adaptive,binary,71,0,0,0.0,0.0,,0.663,9.831,0.599,7.15,0.779
canny_hough,adaptive,binary,72,0,0,0.0,0.0,,0.671,9.851,0.61,7.122,0.784
canny_hough,adaptive,binary,73,0,0,0.0,0.0,,0.675,9.944,0.609,7.169,0.792
canny_hough,adaptive,binary,74,0,0,0.0,0.0,,0.673,9.822,0.61,7.117,0.791
canny_hough,adaptive,binary,75,0,0,0.0,0.0,,0.669,9.93,0.61,7.156,0.796
canny_hough,adaptive,binary,76,0,0,0.0,0.0,,0.69,13.292,0.61,10.271,1.06
canny_hough,adaptive,binary,77,0,0,0.0,0.0,,0.685,10.841,1.051,7.238,1.194
canny_hough,adaptive,binary,78,0,0,0.0,0.0,,0.682,10.781,0.989,7.245,1.116
canny_hough,adaptive,binary,79,0,0,0.0,0.0,,0.685,10.697,0.978,7.237,1.12
canny_hough,adaptive,binary,80,0,0,0.0,0.0,,0.693,10.791,0.988,7.276,1.106
canny_hough,adaptive,binary,81,0,0,0.0,0.0,,0.687,10.843,0.984,7.305,1.205
canny_hough,adaptive,binary,82,0,0,0.0,0.0,,0.743,10.796,0.982,7.239,1.125
canny_hough,adaptive,binary,83,0,0,0.0,0.0,,0.708,10.727,0.979,7.243,1.129
canny_hough,adaptive,binary,84,0,0,0.0,0.0,,0.692,10.773,1.046,7.205,1.172
canny_hough,adaptive,binary,85,0,0,0.0,0.0,,0.688,10.815,0.984,7.277,1.126
canny_hough,adaptive,binary,86,0,0,0.0,0.0,,0.711,10.753,0.98,7.304,1.095
canny_hough,adaptive,binary,87,0,0,0.0,0.0,,0.695,10.809,0.992,7.305,1.104
canny_hough,adaptive,binary,88,0,0,0.0,0.0,,0.679,11.043,0.99,7.353,1.387
canny_hough,adaptive,binary,89,0,0,0.0,0.0,,0.745,10.571,1.011,7.107,1.073
canny_hough,adaptive,binary,90,0,0,0.0,0.0,,0.663,10.494,0.968,7.153,1.065
canny_hough,adaptive,binary,91,0,0,0.0,0.0,,0.659,10.586,1.027,7.1,1.149
canny_hough,adaptive,binary,92,0,0,0.0,0.0,,0.67,10.479,0.971,7.104,1.058
canny_hough,adaptive,binary,93,0,0,0.0,0.0,,0.672,10.498,0.976,7.138,1.061
canny_hough,adaptive,binary,94,0,0,0.0,0.0,,0.667,10.566,1.023,7.081,1.149
canny_hough,adaptive,binary,95,0,0,0.0,0.0,,0.663,10.455,0.969,7.103,1.07
canny_hough,adaptive,binary,96,0,0,0.0,0.0,,0.658,10.557,0.979,7.146,1.068
canny_hough,adaptive,binary,97,0,0,0.0,0.0,,0.669,10.569,0.971,7.127,1.145
canny_hough,adaptive,binary,98,0,0,0.0,0.0,,0.655,10.413,0.971,7.099,1.061
canny_hough,adaptive,binary,99,0,0,0.0,0.0,,0.681,10.614,1.027,7.193,1.069
canny_hough,adaptive,binary,100,0,0,0.0,0.0,,0.752,10.547,0.968,7.139,1.062
canny_hough,adaptive,binary,101,0,0,0.0,0.0,,0.662,10.452,0.963,7.102,1.068
canny_hough,adaptive,binary,102,0,0,0.0,0.0,,0.686,10.594,1.024,7.094,1.119
canny_hough,adaptive,binary,103,0,0,0.0,0.0,,0.728,10.565,0.977,7.133,1.087
canny_hough,adaptive,binary,104,0,0,0.0,0.0,,0.668,10.479,0.977,7.137,1.067
canny_hough,adaptive,binary,105,0,0,0.0,0.0,,0.672,10.557,1.017,7.093,1.125
canny_hough,adaptive,binary,106,0,0,0.0,0.0,,0.738,10.557,0.97,7.126,1.073
canny_hough,adaptive,binary,107,0,0,0.0,0.0,,0.67,10.5,0.973,7.126,1.078
canny_hough,adaptive,binary,108,0,0,0.0,0.0,,0.66,10.532,1.015,7.077,1.139
canny_hough,adaptive,binary,109,0,0,0.0,0.0,,0.653,10.432,0.968,7.111,1.061
canny_hough,adaptive,binary,110,0,0,0.0,0.0,,0.676,10.491,0.971,7.141,1.062
canny_hough,adaptive,binary,111,0,0,0.0,0.0,,0.691,10.593,1.013,7.091,1.162
canny_hough,adaptive,binary,112,0,0,0.0,0.0,,0.669,10.528,0.974,7.145,1.07
canny_hough,adaptive,binary,113,0,0,0.0,0.0,,0.677,10.565,0.974,7.139,1.088
canny_hough,adaptive,binary,114,0,0,0.0,0.0,,0.667,10.56,0.991,7.128,1.137
canny_hough,adaptive,binary,115,0,0,0.0,0.0,,0.664,10.463,0.968,7.117,1.078
canny_hough,adaptive,binary,116,0,0,0.0,0.0,,0.672,10.561,0.988,7.14,1.065
canny_hough,adaptive,binary,117,0,0,0.0,0.0,,0.69,10.578,0.97,7.106,1.087
canny_hough,adaptive,binary,118,0,0,0.0,0.0,,0.664,10.477,0.968,7.123,1.075
canny_hough,adaptive,binary,119,0,0,0.0,0.0,,0.672,10.587,1.025,7.159,1.077
canny_hough,adaptive,binary,120,0,0,0.0,0.0,,0.739,10.535,0.974,7.122,1.082
canny_hough,adaptive,binary,121,0,0,0.0,0.0,,0.68,10.509,0.977,7.136,1.075
canny_hough,adaptive,binary,122,0,0,0.0,0.0,,0.684,10.604,1.03,7.081,1.132
canny_hough,adaptive,binary,123,0,0,0.0,0.0,,0.733,10.539,0.967,7.131,1.061
canny_hough,adaptive,binary,124,0,0,0.0,0.0,,0.67,10.525,0.967,7.13,1.073
canny_hough,adaptive,binary,125,0,0,0.0,0.0,,0.667,10.547,1.02,7.083,1.133
canny_hough,adaptive,binary,126,0,0,0.0,0.0,,0.727,10.548,0.974,7.14,1.069
canny_hough,adaptive,binary,127,0,0,0.0,0.0,,0.654,10.499,0.974,7.136,1.077
canny_hough,adaptive,binary,128,0,0,0.0,0.0,,0.667,10.586,1.029,7.08,1.157
canny_hough,adaptive,binary,129,0,0,0.0,0.0,,0.725,10.544,0.985,7.104,1.08
canny_hough,adaptive,binary,130,0,0,0.0,0.0,,0.671,10.508,0.981,7.14,1.073
canny_hough,adaptive,binary,131,0,0,0.0,0.0,,0.66,10.552,1.013,7.091,1.143
canny_hough,adaptive,binary,132,0,0,0.0,0.0,,0.67,10.506,0.974,7.104,1.084
canny_hough,adaptive,binary,133,0,0,0.0,0.0,,0.665,10.605,0.983,7.155,1.093
canny_hough,adaptive,binary,134,0,0,0.0,0.0,,0.662,10.575,0.97,7.106,1.153
canny_hough,adaptive,binary,135,0,0,0.0,0.0,,0.661,10.459,0.978,7.102,1.073
canny_hough,adaptive,binary,136,0,0,0.0,0.0,,0.67,10.738,0.977,7.305,1.055
canny_hough,adaptive,binary,137,0,0,0.0,0.0,,0.672,10.557,0.971,7.134,1.138
canny_hough,adaptive,binary,138,0,0,0.0,0.0,,0.678,10.505,0.97,7.136,1.084
canny_hough,adaptive,binary,139,0,0,0.0,0.0,,0.663,10.548,0.979,7.126,1.069
canny_hough,adaptive,binary,140,0,0,0.0,0.0,,0.67,10.553,0.976,7.126,1.063
canny_hough,adaptive,binary,141,0,0,0.0,0.0,,0.655,10.461,0.973,7.111,1.074
canny_hough,adaptive,binary,142,0,0,0.0,0.0,,0.674,10.596,1.033,7.147,1.064
canny_hough,adaptive,binary,143,0,0,0.0,0.0,,0.663,10.58,0.996,7.121,1.089
canny_hough,adaptive,binary,144,0,0,0.0,0.0,,0.655,10.452,0.964,7.137,1.048
canny_hough,adaptive,binary,145,0,0,0.0,0.0,,0.667,10.519,1.029,7.065,1.106
canny_hough,adaptive,binary,146,0,0,0.0,0.0,,0.752,10.542,0.976,7.109,1.073
canny_hough,adaptive,binary,147,0,0,0.0,0.0,,0.66,10.455,0.967,7.118,1.064
canny_hough,adaptive,binary,148,0,0,0.0,0.0,,0.665,10.557,1.022,7.073,1.145
canny_hough,adaptive,binary,149,0,0,0.0,0.0,,0.73,10.542,0.972,7.108,1.087
canny_hough,adaptive,binary,150,0,0,0.0,0.0,,0.682,10.521,0.971,7.166,1.068
canny_hough,adaptive,binary,151,0,0,0.0,0.0,,0.676,11.205,1.012,7.776,1.087
canny_hough,adaptive,binary,152,0,0,0.0,0.0,,0.732,10.571,0.977,7.105,1.067
canny_hough,adaptive,binary,153,0,0,0.0,0.0,,0.668,10.495,0.964,7.141,1.076
canny_hough,adaptive,binary,154,0,0,0.0,0.0,,0.675,10.57,1.023,7.124,1.119
canny_hough,adaptive,binary,155,0,0,0.0,0.0,,0.732,10.547,0.965,7.118,1.078
canny_hough,adaptive,binary,156,0,0,0.0,0.0,,0.663,10.515,0.981,7.135,1.069
canny_hough,adaptive,binary,157,0,0,0.0,0.0,,0.652,10.574,1.014,7.133,1.147
canny_hough,adaptive,binary,158,0,0,0.0,0.0,,0.729,10.548,0.98,7.136,1.059
canny_hough,adaptive,binary,159,0,0,0.0,0.0,,0.66,10.465,0.966,7.142,1.05
canny_hough,adaptive,binary,160,0,0,0.0,0.0,,0.664,10.62,1.027,7.147,1.143
canny_hough,adaptive,binary,161,0,0,0.0,0.0,,0.71,10.514,0.965,7.11,1.076
canny_hough,adaptive,binary,162,0,0,0.0,0.0,,0.68,10.607,0.974,7.234,1.042
canny_hough,adaptive,binary,163,0,0,0.0,0.0,,0.657,10.637,1.047,7.101,1.168
canny_hough,adaptive,binary,164,0,0,0.0,0.0,,0.657,10.429,0.967,7.114,1.06
canny_hough,adaptive,binary,165,0,0,0.0,0.0,,0.672,10.53,0.979,7.18,1.053
canny_hough,adaptive,binary,166,0,0,0.0,0.0,,0.675,10.57,1.029,7.096,1.134
canny_hough,adaptive,binary,167,0,0,0.0,0.0,,0.655,10.471,0.974,7.116,1.084
canny_hough,adaptive,binary,168,0,0,0.0,0.0,,0.676,10.588,0.982,7.154,1.088
canny_hough,adaptive,binary,169,0,0,0.0,0.0,,0.677,10.562,0.978,7.113,1.16
canny_hough,adaptive,binary,170,0,0,0.0,0.0,,0.679,10.71,0.974,7.324,1.073
canny_hough,adaptive,binary,171,0,0,0.0,0.0,,0.694,10.79,0.98,7.279,1.093
canny_hough,adaptive,binary,172,0,0,0.0,0.0,,0.683,10.938,1.049,7.269,1.227
canny_hough,adaptive,binary,173,0,0,0.0,0.0,,0.757,10.759,0.981,7.248,1.103
canny_hough,adaptive,binary,174,0,0,0.0,0.0,,0.685,10.699,0.988,7.244,1.11
canny_hough,adaptive,binary,175,0,0,0.0,0.0,,0.689,10.777,1.034,7.27,1.111
canny_hough,adaptive,binary,176,0,0,0.0,0.0,,0.684,10.791,0.992,7.254,1.194
canny_hough,adaptive,binary,177,0,0,0.0,0.0,,0.675,10.71,0.978,7.254,1.125
canny_hough,adaptive,binary,178,0,0,0.0,0.0,,0.684,10.785,0.987,7.269,1.117
canny_hough,adaptive,binary,179,0,0,0.0,0.0,,0.683,10.815,1.041,7.194,1.236
canny_hough,adaptive,binary,180,0,0,0.0,0.0,,0.762,10.784,0.986,7.259,1.11
canny_hough,adaptive,binary,181,0,0,0.0,0.0,,0.709,10.735,0.972,7.279,1.111
canny_hough,adaptive,binary,182,0,0,0.0,0.0,,0.675,10.825,1.035,7.258,1.183
canny_hough,adaptive,binary,183,0,0,0.0,0.0,,0.734,10.577,1.012,7.118,1.082
canny_hough,adaptive,binary,184,0,0,0.0,0.0,,0.662,10.518,0.97,7.154,1.066
canny_hough,adaptive,binary,185,0,0,0.0,0.0,,0.673,10.572,1.036,7.099,1.131
canny_hough,adaptive,binary,186,0,0,0.0,0.0,,0.747,10.54,0.984,7.105,1.078
canny_hough,adaptive,binary,187,0,0,0.0,0.0,,0.662,10.453,0.966,7.118,1.062
canny_hough,adaptive,binary,188,0,0,0.0,0.0,,0.674,10.576,1.027,7.088,1.127
canny_hough,adaptive,binary,189,0,0,0.0,0.0,,0.723,10.53,0.974,7.109,1.078
canny_hough,adaptive,binary,190,0,0,0.0,0.0,,0.663,10.545,0.982,7.176,1.071
canny_hough,adaptive,binary,191,0,0,0.0,0.0,,0.659,10.568,1.026,7.093,1.152
canny_hough,adaptive,binary,192,0,0,0.0,0.0,,0.73,10.574,0.978,7.134,1.069
canny_hough,adaptive,binary,193,0,0,0.0,0.0,,0.671,10.538,0.978,7.171,1.07
canny_hough,adaptive,binary,194,0,0,0.0,0.0,,0.663,10.582,1.024,7.08,1.164
canny_hough,adaptive,binary,195,0,0,0.0,0.0,,0.668,10.472,0.976,7.103,1.079
canny_hough,adaptive,binary,196,0,0,0.0,0.0,,0.661,10.57,0.979,7.16,1.067
canny_hough,adaptive,binary,197,0,0,0.0,0.0,,0.655,10.497,0.968,7.127,1.104
canny_hough,adaptive,binary,198,0,0,0.0,0.0,,0.66,10.443,0.976,7.097,1.064
canny_hough,adaptive,binary,199,0,0,0.0,0.0,,0.671,10.547,0.971,7.138,1.07
canny_hough,adaptive,binary,200,0,0,0.0,0.0,,0.671,10.574,0.977,7.122,1.082
canny_hough,adaptive,binary,201,0,0,0.0,0.0,,0.662,10.482,0.972,7.119,1.078
canny_hough,adaptive,binary,202,0,0,0.0,0.0,,0.673,10.61,1.036,7.09,1.127
canny_hough,adaptive,binary,203,0,0,0.0,0.0,,0.734,10.539,0.977,7.111,1.079
canny_hough,adaptive,binary,204,0,0,0.0,0.0,,0.669,10.482,0.977,7.124,1.067
canny_hough,adaptive,binary,205,0,0,0.0,0.0,,0.661,10.531,1.031,7.089,1.113
canny_hough,adaptive,binary,206,0,0,0.0,0.0,,0.723,10.567,0.988,7.127,1.071
canny_hough,adaptive,binary,207,0,0,0.0,0.0,,0.663,10.511,0.972,7.134,1.087
canny_hough,adaptive,binary,208,0,0,0.0,0.0,,0.691,10.635,1.032,7.078,1.148
canny_hough,adaptive,binary,209,0,0,0.0,0.0,,0.737,10.526,0.976,7.112,1.068
canny_hough,adaptive,binary,210,0,0,0.0,0.0,,0.657,10.509,0.982,7.15,1.06
canny_hough,adaptive,binary,211,0,0,0.0,0.0,,0.668,10.548,1.021,7.069,1.151
canny_hough,adaptive,binary,212,0,0,0.0,0.0,,0.666,10.538,0.975,7.111,1.063
canny_hough,adaptive,binary,213,0,0,0.0,0.0,,0.659,10.517,0.977,7.145,1.079
canny_hough,adaptive,binary,214,0,0,0.0,0.0,,0.66,10.55,1.026,7.101,1.132
canny_hough,adaptive,binary,215,0,0,0.0,0.0,,0.664,10.447,0.972,7.089,1.08
canny_hough,adaptive,binary,216,0,0,0.0,0.0,,0.666,10.586,0.982,7.172,1.072
canny_hough,adaptive,binary,217,0,0,0.0,0.0,,0.669,10.57,0.975,7.124,1.153
canny_hough,adaptive,binary,218,0,0,0.0,0.0,,0.665,10.474,0.975,7.127,1.07
canny_hough,adaptive,binary,219,0,0,0.0,0.0,,0.658,10.534,0.981,7.132,1.077
canny_hough,adaptive,binary,220,0,0,0.0,0.0,,0.732,10.505,0.97,7.095,1.075
canny_hough,adaptive,binary,221,0,0,0.0,0.0,,0.66,10.47,0.976,7.119,1.072
canny_hough,adaptive,binary,222,0,0,0.0,0.0,,0.681,10.585,1.03,7.079,1.134
canny_hough,adaptive,binary,223,0,0,0.0,0.0,,0.724,10.543,0.976,7.106,1.089
canny_hough,adaptive,binary,224,0,0,0.0,0.0,,0.674,10.49,0.975,7.127,1.073
canny_hough,adaptive,binary,225,0,0,0.0,0.0,,0.666,10.535,1.016,7.083,1.138
canny_hough,adaptive,binary,226,0,0,0.0,0.0,,0.746,10.526,0.968,7.105,1.072
canny_hough,adaptive,binary,227,0,0,0.0,0.0,,0.689,10.559,0.967,7.185,1.065
canny_hough,adaptive,binary,228,0,0,0.0,0.0,,0.659,10.585,1.02,7.097,1.154
canny_hough,adaptive,binary,229,0,0,0.0,0.0,,0.711,10.564,0.973,7.137,1.101
canny_hough,adaptive,binary,230,0,0,0.0,0.0,,0.664,10.546,0.97,7.169,1.086
canny_hough,adaptive,binary,231,0,0,0.0,0.0,,0.668,10.556,1.014,7.077,1.155
canny_hough,adaptive,binary,232,0,0,0.0,0.0,,0.729,10.66,0.976,7.21,1.066
canny_hough,adaptive,binary,233,0,0,0.0,0.0,,0.662,10.513,0.971,7.144,1.082
canny_hough,adaptive,binary,234,0,0,0.0,0.0,,0.668,10.589,1.039,7.098,1.14
canny_hough,adaptive,binary,235,0,0,0.0,0.0,,0.659,10.496,0.974,7.148,1.074
canny_hough,adaptive,binary,236,0,0,0.0,0.0,,0.662,10.547,0.971,7.169,1.065
canny_hough,adaptive,binary,237,0,0,0.0,0.0,,0.657,10.54,0.972,7.122,1.142
canny_hough,adaptive,binary,238,0,0,0.0,0.0,,0.657,10.476,0.988,7.106,1.069
canny_hough,adaptive,binary,239,0,0,0.0,0.0,,0.667,10.557,0.982,7.136,1.071
canny_hough,adaptive,binary,240,0,0,0.0,0.0,,0.677,10.578,0.982,7.118,1.079
canny_hough,adaptive,binary,241,0,0,0.0,0.0,,0.665,10.53,0.973,7.194,1.061
canny_hough,adaptive,binary,242,0,0,0.0,0.0,,0.692,10.587,1.028,7.134,1.074
canny_hough,adaptive,binary,243,0,0,0.0,0.0,,0.76,10.529,0.972,7.114,1.045
canny_hough,adaptive,binary,244,0,0,0.0,0.0,,0.651,10.461,0.972,7.109,1.073
canny_hough,adaptive,binary,245,0,0,0.0,0.0,,0.674,10.609,1.021,7.138,1.135
canny_hough,adaptive,binary,246,0,0,0.0,0.0,,0.743,10.527,0.968,7.11,1.075
canny_hough,adaptive,binary,247,0,0,0.0,0.0,,0.674,11.157,0.967,7.828,1.044
canny_hough,adaptive,binary,248,0,0,0.0,0.0,,0.678,10.588,0.98,7.145,1.08
canny_hough,adaptive,binary,249,0,0,0.0,0.0,,0.666,10.532,0.967,7.118,1.147
canny_hough,adaptive,binary,250,0,0,0.0,0.0,,0.665,10.479,0.973,7.159,1.056
canny_hough,adaptive,binary,251,0,0,0.0,0.0,,0.669,10.555,0.975,7.146,1.077
canny_hough,adaptive,binary,252,0,0,0.0,0.0,,0.67,10.602,0.978,7.117,1.093
canny_hough,adaptive,binary,253,0,0,0.0,0.0,,0.657,10.461,0.977,7.112,1.063
canny_hough,adaptive,binary,254,0,0,0.0,0.0,,0.66,10.558,1.023,7.098,1.127
canny_hough,adaptive,binary,255,0,0,0.0,0.0,,0.724,10.527,0.975,7.101,1.076
canny_hough,adaptive,binary,256,0,0,0.0,0.0,,0.675,10.467,0.973,7.129,1.065
canny_hough,adaptive,binary,257,0,0,0.0,0.0,,0.674,10.528,1.019,7.079,1.125
canny_hough,adaptive,binary,258,0,0,0.0,0.0,,0.729,10.509,0.962,7.109,1.078
canny_hough,adaptive,binary,259,0,0,0.0,0.0,,0.659,10.501,0.97,7.151,1.073
canny_hough,adaptive,binary,260,0,0,0.0,0.0,,0.668,10.567,1.02,7.072,1.155
canny_hough,adaptive,binary,261,0,0,0.0,0.0,,0.657,10.415,0.973,7.104,1.048
canny_hough,adaptive,binary,262,0,0,0.0,0.0,,0.684,10.601,0.978,7.201,1.072
canny_hough,adaptive,binary,263,0,0,0.0,0.0,,0.668,10.57,1.016,7.108,1.134
canny_hough,adaptive,binary,264,0,0,0.0,0.0,,0.772,10.83,0.97,7.275,1.132
canny_hough,adaptive,binary,265,0,0,0.0,0.0,,0.673,10.571,1.019,7.152,1.081
canny_hough,adaptive,binary,266,0,0,0.0,0.0,,0.655,10.547,1.016,7.097,1.155
canny_hough,adaptive,binary,267,0,0,0.0,0.0,,0.656,10.457,0.969,7.123,1.063
canny_hough,adaptive,binary,268,0,0,0.0,0.0,,0.66,10.526,0.985,7.158,1.068
canny_hough,adaptive,binary,269,0,0,0.0,0.0,,0.662,10.548,1.016,7.088,1.14
canny_hough,adaptive,binary,270,0,0,0.0,0.0,,0.804,12.1,0.98,8.453,1.168
canny_hough,adaptive,binary,271,0,0,0.0,0.0,,0.676,10.505,0.982,7.124,1.067
canny_hough,adaptive,binary,272,0,0,0.0,0.0,,0.685,10.571,0.97,7.162,1.069
canny_hough,adaptive,binary,273,0,0,0.0,0.0,,0.673,10.609,1.033,7.11,1.154
canny_hough,adaptive,binary,274,0,0,0.0,0.0,,0.704,10.511,0.966,7.13,1.064
canny_hough,adaptive,binary,275,0,0,0.0,0.0,,0.671,10.595,0.975,7.172,1.07
canny_hough,adaptive,binary,276,0,0,0.0,0.0,,0.675,10.542,1.017,7.081,1.143
canny_hough,adaptive,binary,277,0,0,0.0,0.0,,0.662,10.461,0.965,7.113,1.079
canny_hough,adaptive,binary,278,0,0,0.0,0.0,,0.655,10.577,0.972,7.173,1.074
canny_hough,adaptive,binary,279,0,0,0.0,0.0,,0.662,10.517,0.965,7.111,1.131
canny_hough,adaptive,binary,280,0,0,0.0,0.0,,0.66,10.452,0.969,7.1,1.066
canny_hough,adaptive,binary,281,0,0,0.0,0.0,,0.658,10.533,1.019,7.13,1.078
canny_hough,adaptive,binary,282,0,0,0.0,0.0,,0.755,10.623,0.981,7.124,1.078
canny_hough,adaptive,binary,283,0,0,0.0,0.0,,0.661,10.435,0.962,7.123,1.057
canny_hough,adaptive,binary,284,0,0,0.0,0.0,,0.658,10.53,1.026,7.088,1.104
canny_hough,adaptive,binary,285,0,0,0.0,0.0,,0.732,10.509,0.968,7.1,1.065
canny_hough,adaptive,binary,286,0,0,0.0,0.0,,0.67,10.522,0.979,7.168,1.056
canny_hough,adaptive,binary,287,0,0,0.0,0.0,,0.658,10.546,1.024,7.077,1.144
canny_hough,adaptive,binary,288,0,0,0.0,0.0,,0.754,10.535,0.98,7.108,1.064
canny_hough,adaptive,binary,289,0,0,0.0,0.0,,0.655,10.495,0.968,7.152,1.071
canny_hough,adaptive,binary,290,0,0,0.0,0.0,,0.668,10.584,1.027,7.093,1.167
canny_hough,adaptive,binary,291,0,0,0.0,0.0,,0.659,10.421,0.962,7.081,1.081
canny_hough,adaptive,binary,292,0,0,0.0,0.0,,0.672,10.565,0.973,7.146,1.064
canny_hough,adaptive,binary,293,0,0,0.0,0.0,,0.662,10.553,0.966,7.123,1.146
canny_hough,adaptive,binary,294,0,0,0.0,0.0,,0.666,10.54,0.982,7.153,1.081
canny_hough,adaptive,binary,295,0,0,0.0,0.0,,0.671,10.548,0.976,7.144,1.071
canny_hough,adaptive,binary,296,0,0,0.0,0.0,,0.679,10.519,0.97,7.117,1.062
canny_hough,adaptive,binary,297,0,0,0.0,0.0,,0.66,10.415,0.961,7.096,1.068
canny_hough,adaptive,binary,298,0,0,0.0,0.0,,0.667,10.573,1.027,7.171,1.065
canny_hough,adaptive,binary,299,0,0,0.0,0.0,,0.733,10.51,0.965,7.104,1.069
canny_hough,adaptive,binary,300,0,0,0.0,0.0,,0.672,10.512,0.974,7.147,1.066
canny_hough,adaptive,binary,301,0,0,0.0,0.0,,0.662,10.559,1.017,7.092,1.138
canny_hough,adaptive,binary,302,0,0,0.0,0.0,,0.723,10.595,0.979,7.128,1.077
canny_hough,adaptive,binary,303,0,0,0.0,0.0,,0.676,10.505,0.976,7.123,1.074
canny_hough,adaptive,binary,304,0,0,0.0,0.0,,0.673,10.522,1.014,7.082,1.126
canny_hough,adaptive,binary,305,0,0,0.0,0.0,,0.725,10.513,0.972,7.111,1.068
canny_hough,adaptive,binary,306,0,0,0.0,0.0,,0.663,10.515,0.975,7.145,1.077
canny_hough,adaptive,binary,307,0,0,0.0,0.0,,0.659,10.565,1.01,7.095,1.156
canny_hough,adaptive,binary,308,0,0,0.0,0.0,,0.659,10.45,0.969,7.123,1.06
canny_hough,adaptive,binary,309,0,0,0.0,0.0,,0.667,10.48,0.965,7.132,1.063
canny_hough,adaptive,binary,310,0,0,0.0,0.0,,0.66,10.577,0.977,7.192,1.121
canny_hough,adaptive,binary,311,0,0,0.0,0.0,,0.658,10.444,0.973,7.112,1.074
canny_hough,adaptive,binary,312,0,0,0.0,0.0,,0.679,10.587,0.985,7.136,1.06
canny_hough,adaptive,binary,313,0,0,0.0,0.0,,0.668,10.557,0.962,7.138,1.147
canny_hough,adaptive,binary,314,0,0,0.0,0.0,,0.663,10.483,0.97,7.116,1.08
canny_hough,adaptive,binary,315,0,0,0.0,0.0,,0.665,10.55,1.025,7.141,1.062
canny_hough,adaptive,binary,316,0,0,0.0,0.0,,0.671,10.583,0.98,7.11,1.074
canny_hough,adaptive,binary,317,0,0,0.0,0.0,,0.66,10.444,0.964,7.117,1.069
canny_hough,adaptive,binary,318,0,0,0.0,0.0,,0.674,10.526,1.029,7.07,1.119
canny_hough,adaptive,binary,319,0,0,0.0,0.0,,0.748,10.546,0.972,7.11,1.072
canny_hough,adaptive,binary,320,0,0,0.0,0.0,,0.659,10.478,0.973,7.121,1.073
canny_hough,adaptive,binary,321,0,0,0.0,0.0,,0.672,10.597,1.026,7.094,1.167
canny_hough,adaptive,binary,322,0,0,0.0,0.0,,0.747,10.568,0.98,7.11,1.079
canny_hough,adaptive,binary,323,0,0,0.0,0.0,,0.661,10.493,0.963,7.148,1.083
canny_hough,adaptive,binary,324,0,0,0.0,0.0,,0.664,10.583,1.017,7.088,1.171
canny_hough,adaptive,binary,325,0,0,0.0,0.0,,0.718,10.513,0.969,7.094,1.067
canny_hough,adaptive,binary,326,0,0,0.0,0.0,,0.669,10.544,0.974,7.208,1.061
canny_hough,adaptive,binary,327,0,0,0.0,0.0,,0.665,10.544,1.02,7.067,1.139
canny_hough,adaptive,binary,328,0,0,0.0,0.0,,0.672,10.506,0.978,7.122,1.09
canny_hough,adaptive,binary,329,0,0,0.0,0.0,,0.673,10.631,0.979,7.143,1.061
canny_hough,adaptive,binary,330,0,0,0.0,0.0,,0.658,10.554,1.029,7.073,1.136
canny_hough,adaptive,binary,331,0,0,0.0,0.0,,0.654,10.467,0.966,7.127,1.073
canny_hough,adaptive,binary,332,0,0,0.0,0.0,,0.667,10.603,0.973,7.153,1.072
canny_hough,adaptive,binary,333,0,0,0.0,0.0,,0.661,10.534,0.968,7.12,1.133
canny_hough,adaptive,binary,334,0,0,0.0,0.0,,0.659,10.45,0.977,7.113,1.064
canny_hough,adaptive,binary,335,0,0,0.0,0.0,,0.664,10.534,1.023,7.128,1.066
canny_hough,adaptive,binary,336,0,0,0.0,0.0,,0.737,10.504,0.962,7.123,1.06
canny_hough,adaptive,binary,337,0,0,0.0,0.0,,0.648,10.451,0.976,7.119,1.066
canny_hough,adaptive,binary,338,0,0,0.0,0.0,,0.673,10.55,1.024,7.088,1.127
canny_hough,adaptive,binary,339,0,0,0.0,0.0,,0.73,10.56,0.972,7.12,1.086
canny_hough,adaptive,binary,340,0,0,0.0,0.0,,0.67,10.479,0.973,7.118,1.069
canny_hough,adaptive,binary,341,0,0,0.0,0.0,,0.673,10.54,1.019,7.076,1.131
canny_hough,adaptive,binary,342,0,0,0.0,0.0,,0.73,10.616,0.981,7.154,1.07
canny_hough,adaptive,binary,343,0,0,0.0,0.0,,0.666,10.506,0.975,7.128,1.078
canny_hough,adaptive,binary,344,0,0,0.0,0.0,,0.66,11.192,1.469,7.322,1.065
canny_hough,adaptive,binary,345,0,0,0.0,0.0,,0.734,10.53,0.971,7.11,1.066
canny_hough,adaptive,binary,346,0,0,0.0,0.0,,0.678,10.502,0.982,7.113,1.081
canny_hough,adaptive,binary,347,0,0,0.0,0.0,,0.671,10.542,1.021,7.095,1.103
canny_hough,adaptive,binary,348,0,0,0.0,0.0,,0.73,10.5,0.966,7.113,1.065
canny_hough,adaptive,binary,349,0,0,0.0,0.0,,0.668,10.492,0.973,7.123,1.076
canny_hough,adaptive,binary,350,0,0,0.0,0.0,,0.663,10.545,1.03,7.067,1.14
canny_hough,adaptive,binary,351,0,0,0.0,0.0,,0.729,10.512,0.967,7.134,1.056
canny_hough,adaptive,binary,352,0,0,0.0,0.0,,0.69,10.542,0.973,7.145,1.064
canny_hough,adaptive,binary,353,0,0,0.0,0.0,,0.67,10.55,1.016,7.081,1.132
canny_hough,adaptive,binary,354,0,0,0.0,0.0,,0.656,10.475,0.974,7.124,1.066
canny_hough,adaptive,binary,355,0,0,0.0,0.0,,0.672,10.572,0.965,7.164,1.056
canny_hough,adaptive,binary,356,0,0,0.0,0.0,,0.677,10.537,0.966,7.14,1.137
canny_hough,adaptive,binary,357,0,0,0.0,0.0,,0.676,10.458,0.97,7.098,1.069
canny_hough,adaptive,binary,358,0,0,0.0,0.0,,0.684,10.903,0.97,7.452,1.087
canny_hough,adaptive,binary,359,0,0,0.0,0.0,,0.657,10.754,1.066,7.196,1.156
canny_hough,adaptive,binary,360,0,0,0.0,0.0,,0.658,10.552,0.974,7.155,1.069
canny_hough,adaptive,binary,361,0,0,0.0,0.0,,0.677,10.558,0.977,7.193,1.054
canny_hough,adaptive,binary,362,0,0,0.0,0.0,,0.661,10.61,1.031,7.093,1.14
canny_hough,adaptive,binary,363,0,0,0.0,0.0,,0.656,10.447,0.973,7.096,1.069
canny_hough,adaptive,binary,364,0,0,0.0,0.0,,0.67,10.561,0.984,7.144,1.067
canny_hough,adaptive,binary,365,0,0,0.0,0.0,,0.666,10.544,0.97,7.124,1.137
canny_hough,adaptive,binary,366,0,0,0.0,0.0,,0.665,10.443,0.972,7.099,1.082
canny_hough,adaptive,binary,367,0,0,0.0,0.0,,0.664,10.529,0.97,7.138,1.064
canny_hough,adaptive,binary,368,0,0,0.0,0.0,,0.67,10.546,0.97,7.12,1.069
canny_hough,adaptive,binary,369,0,0,0.0,0.0,,0.653,10.474,0.967,7.129,1.069
canny_hough,adaptive,binary,370,0,0,0.0,0.0,,0.664,10.56,1.022,7.101,1.124
canny_hough,adaptive,binary,371,0,0,0.0,0.0,,0.726,10.542,0.976,7.12,1.078
canny_hough,adaptive,binary,372,0,0,0.0,0.0,,0.673,10.484,0.969,7.125,1.057
canny_hough,adaptive,binary,373,0,0,0.0,0.0,,0.669,10.556,1.026,7.073,1.135
canny_hough,adaptive,binary,374,0,0,0.0,0.0,,0.737,10.57,0.974,7.11,1.074
canny_hough,adaptive,binary,375,0,0,0.0,0.0,,0.656,10.471,0.967,7.121,1.076
canny_hough,adaptive,binary,376,0,0,0.0,0.0,,0.664,10.568,1.016,7.083,1.157
canny_hough,adaptive,binary,377,0,0,0.0,0.0,,0.726,10.513,0.967,7.109,1.057
canny_hough,adaptive,binary,378,0,0,0.0,0.0,,0.662,10.495,0.978,7.148,1.068
canny_hough,adaptive,binary,379,0,0,0.0,0.0,,0.67,10.576,1.017,7.081,1.137
canny_hough,adaptive,binary,380,0,0,0.0,0.0,,0.651,10.489,0.981,7.124,1.077
canny_hough,adaptive,binary,381,0,0,0.0,0.0,,0.68,10.58,0.981,7.147,1.073
canny_hough,adaptive,binary,382,0,0,0.0,0.0,,0.678,10.62,0.979,7.083,1.144
canny_hough,adaptive,binary,383,0,0,0.0,0.0,,0.664,10.46,0.965,7.12,1.079
canny_hough,adaptive,binary,384,0,0,0.0,0.0,,0.663,10.56,0.974,7.168,1.059
canny_hough,adaptive,binary,385,0,0,0.0,0.0,,0.673,10.511,0.965,7.112,1.059
canny_hough,adaptive,binary,386,0,0,0.0,0.0,,0.661,10.461,0.968,7.121,1.065
canny_hough,adaptive,binary,387,0,0,0.0,0.0,,0.659,10.545,1.02,7.136,1.078
canny_hough,adaptive,binary,388,0,0,0.0,0.0,,0.736,10.549,0.97,7.117,1.074
canny_hough,adaptive,binary,389,0,0,0.0,0.0,,0.657,10.468,0.974,7.127,1.067
canny_hough,adaptive,binary,390,0,0,0.0,0.0,,0.672,10.566,1.031,7.089,1.114
canny_hough,adaptive,binary,391,0,0,0.0,0.0,,0.738,10.501,0.961,7.102,1.063
canny_hough,adaptive,binary,392,0,0,0.0,0.0,,0.681,10.539,0.972,7.147,1.064
canny_hough,adaptive,binary,393,0,0,0.0,0.0,,0.669,10.564,1.019,7.087,1.142
canny_hough,adaptive,binary,394,0,0,0.0,0.0,,0.729,10.506,0.97,7.107,1.059
canny_hough,adaptive,binary,395,0,0,0.0,0.0,,0.66,10.477,0.972,7.138,1.074
canny_hough,adaptive,binary,396,0,0,0.0,0.0,,0.664,10.527,1.017,7.086,1.133
canny_hough,adaptive,binary,397,0,0,0.0,0.0,,0.667,10.46,0.976,7.102,1.069
canny_hough,adaptive,binary,398,0,0,0.0,0.0,,0.68,10.61,0.969,7.191,1.079
canny_hough,adaptive,binary,399,0,0,0.0,0.0,,0.669,10.563,0.962,7.138,1.141
canny_hough,adaptive,binary,400,0,0,0.0,0.0,,0.662,10.462,0.97,7.113,1.064
canny_hough,adaptive,binary,401,0,0,0.0,0.0,,0.662,10.522,0.971,7.129,1.06
canny_hough,adaptive,binary,402,0,0,0.0,0.0,,0.668,10.542,0.979,7.106,1.063
canny_hough,adaptive,binary,403,0,0,0.0,0.0,,0.655,10.444,0.978,7.115,1.052
canny_hough,adaptive,binary,404,0,0,0.0,0.0,,0.665,10.538,1.016,7.092,1.134
canny_hough,adaptive,binary,405,0,0,0.0,0.0,,0.731,10.523,0.962,7.118,1.072
canny_hough,adaptive,binary,406,0,0,0.0,0.0,,0.66,10.536,0.985,7.146,1.07
canny_hough,adaptive,binary,407,0,0,0.0,0.0,,0.661,10.549,1.02,7.08,1.14
canny_hough,adaptive,binary,408,0,0,0.0,0.0,,0.734,10.53,0.973,7.124,1.064
canny_hough,adaptive,binary,409,0,0,0.0,0.0,,0.661,10.505,0.974,7.161,1.07
canny_hough,adaptive,binary,410,0,0,0.0,0.0,,0.673,10.576,1.023,7.106,1.138
canny_hough,adaptive,binary,411,0,0,0.0,0.0,,0.728,10.508,0.965,7.101,1.072
canny_hough,adaptive,binary,412,0,0,0.0,0.0,,0.674,10.543,0.966,7.146,1.074
canny_hough,adaptive,binary,413,0,0,0.0,0.0,,0.663,10.564,1.015,7.084,1.157
canny_hough,adaptive,binary,414,0,0,0.0,0.0,,0.659,10.436,0.972,7.096,1.069
canny_hough,adaptive,binary,415,0,0,0.0,0.0,,0.661,10.518,0.964,7.149,1.063
canny_hough,adaptive,binary,416,0,0,0.0,0.0,,0.67,10.514,0.969,7.13,1.116
canny_hough,adaptive,binary,417,0,0,0.0,0.0,,0.663,10.415,0.962,7.101,1.063
canny_hough,adaptive,binary,418,0,0,0.0,0.0,,0.66,10.555,1.026,7.145,1.081
canny_hough,adaptive,binary,419,0,0,0.0,0.0,,0.729,10.542,0.976,7.102,1.073
canny_hough,adaptive,binary,420,0,0,0.0,0.0,,0.665,10.49,0.977,7.13,1.066
canny_hough,adaptive,binary,421,0,0,0.0,0.0,,0.675,10.542,1.009,7.082,1.133
canny_hough,adaptive,binary,422,0,0,0.0,0.0,,0.737,10.608,0.975,7.117,1.081
canny_hough,adaptive,binary,423,0,0,0.0,0.0,,0.656,10.459,0.979,7.108,1.073
canny_hough,adaptive,binary,424,0,0,0.0,0.0,,0.664,10.525,1.015,7.085,1.127
canny_hough,fixed,combined,0,0,0,0.0,0.0,,0.744,3.818,1.098,0.136,1.174
canny_hough,fixed,combined,1,0,0,0.0,0.0,,1.003,4.717,1.093,0.291,1.543
canny_hough,fixed,combined,2,0,0,0.0,0.0,,1.022,4.781,1.124,0.266,1.524
canny_hough,fixed,combined,3,0,0,0.0,0.0,,1.017,4.788,1.208,0.27,1.455
canny_hough,fixed,combined,4,0,0,0.0,0.0,,1.056,5.012,1.131,0.295,1.602
canny_hough,fixed,combined,5,0,0,0.0,0.0,,0.986,5.207,1.065,0.423,1.836
canny_hough,fixed,combined,6,0,0,0.0,0.0,,1.059,5.453,1.074,0.535,1.868
canny_hough,fixed,combined,7,0,0,0.0,0.0,,0.798,7.12,1.574,0.546,3.092
canny_hough,fixed,combined,8,0,0,0.0,0.0,,0.784,3.771,1.074,0.143,1.056
canny_hough,fixed,combined,9,0,0,0.0,0.0,,0.937,4.235,1.1,0.192,1.269
canny_hough,fixed,combined,10,0,0,0.0,0.0,,0.784,3.723,1.179,0.107,0.923
canny_hough,fixed,combined,11,0,0,0.0,0.0,,1.008,4.643,1.204,0.241,1.327
canny_hough,fixed,combined,12,0,0,0.0,0.0,,0.847,4.615,1.184,0.259,1.29
canny_hough,fixed,combined,13,0,0,0.0,0.0,,0.717,3.472,0.981,0.102,0.962
canny_hough,fixed,combined,14,0,0,0.0,0.0,,0.703,3.578,0.987,0.099,0.959
canny_hough,fixed,combined,15,0,0,0.0,0.0,,0.69,3.489,0.978,0.104,0.994
canny_hough,fixed,combined,16,0,0,0.0,0.0,,0.712,3.547,1.045,0.111,0.987
canny_hough,fixed,combined,17,0,0,0.0,0.0,,0.708,3.495,1.037,0.118,0.968
canny_hough,fixed,combined,18,0,0,0.0,0.0,,0.746,3.509,0.98,0.099,1.025
canny_hough,fixed,combined,19,0,0,0.0,0.0,,0.695,3.475,0.981,0.1,1.024
canny_hough,fixed,combined,20,0,0,0.0,0.0,,0.709,3.499,0.98,0.101,0.992
canny_hough,fixed,combined,21,0,0,0.0,0.0,,0.781,3.492,0.975,0.099,0.977
canny_hough,fixed,combined,22,0,0,0.0,0.0,,0.773,3.505,0.977,0.099,0.983
canny_hough,fixed,combined,23,0,0,0.0,0.0,,0.698,3.431,0.978,0.101,0.983
canny_hough,fixed,combined,24,0,0,0.0,0.0,,0.701,3.49,1.005,0.098,0.968
canny_hough,fixed,combined,25,0,0,0.0,0.0,,0.688,3.493,1.038,0.106,0.983
canny_hough,fixed,combined,26,0,0,0.0,0.0,,0.711,3.522,1.037,0.113,0.964
canny_hough,fixed,combined,27,0,0,0.0,0.0,,0.702,3.49,0.988,0.104,1.037
canny_hough,fixed,combined,28,0,0,0.0,0.0,,0.707,3.494,0.982,0.103,1.059
canny_hough,fixed,combined,29,0,0,0.0,0.0,,0.71,3.484,0.976,0.104,0.963
canny_hough,fixed,combined,30,0,0,0.0,0.0,,0.784,3.506,0.986,0.103,0.974
canny_hough,fixed,combined,31,0,0,0.0,0.0,,0.844,3.602,0.98,0.102,0.975
canny_hough,fixed,combined,32,0,0,0.0,0.0,,0.704,3.435,0.985,0.098,0.969
canny_hough,fixed,combined,33,0,0,0.0,0.0,,0.697,3.476,0.992,0.103,0.962
canny_hough,fixed,combined,34,0,0,0.0,0.0,,0.694,3.441,1.027,0.106,0.963
canny_hough,fixed,combined,35,0,0,0.0,0.0,,0.701,3.517,1.055,0.116,0.987
canny_hough,fixed,combined,36,0,0,0.0,0.0,,0.698,3.583,0.992,0.102,1.103
canny_hough,fixed,combined,37,0,0,0.0,0.0,,0.7,3.523,0.973,0.102,1.092
canny_hough,fixed,combined,38,0,0,0.0,0.0,,0.695,3.58,0.983,0.1,1.138
canny_hough,fixed,combined,39,0,0,0.0,0.0,,0.775,3.488,0.976,0.102,0.968
canny_hough,fixed,combined,40,0,0,0.0,0.0,,1.134,3.889,0.991,0.098,0.957
canny_hough,fixed,combined,41,0,0,0.0,0.0,,0.773,3.802,0.991,0.109,0.973
canny_hough,fixed,combined,42,0,0,0.0,0.0,,0.774,3.508,0.982,0.098,0.984
canny_hough,fixed,combined,43,0,0,0.0,0.0,,0.679,3.412,0.987,0.106,0.963
canny_hough,fixed,combined,44,0,0,0.0,0.0,,0.694,3.458,0.994,0.098,0.953
canny_hough,fixed,combined,45,0,0,0.0,0.0,,0.69,3.463,1.028,0.106,0.972
canny_hough,fixed,combined,46,0,0,0.0,0.0,,0.707,3.509,1.038,0.111,0.969
canny_hough,fixed,combined,47,0,0,0.0,0.0,,0.708,3.501,0.988,0.109,1.042
canny_hough,fixed,combined,48,0,0,0.0,0.0,,0.71,3.487,0.975,0.104,1.042
canny_hough,fixed,combined,49,0,0,0.0,0.0,,0.711,3.502,0.976,0.1,0.978
canny_hough,fixed,combined,50,0,0,0.0,0.0,,0.777,3.534,0.992,0.102,0.967
canny_hough,fixed,combined,51,0,0,0.0,0.0,,0.769,3.491,0.984,0.1,0.959
canny_hough,fixed,combined,52,0,0,0.0,0.0,,0.695,3.403,0.993,0.097,0.949
canny_hough,fixed,combined,53,0,0,0.0,0.0,,0.701,3.496,0.987,0.101,0.986
canny_hough,fixed,combined,54,0,0,0.0,0.0,,0.684,3.518,1.048,0.104,1.043
canny_hough,fixed,combined,55,0,0,0.0,0.0,,0.737,3.653,1.07,0.147,1.045
canny_hough,fixed,combined,56,0,0,0.0,0.0,,0.691,3.72,1.136,0.121,1.023
canny_hough,fixed,combined,57,0,0,0.0,0.0,,0.679,3.24,1.01,0.092,0.815
canny_hough,fixed,combined,58,0,0,0.0,0.0,,0.688,3.378,0.963,0.091,0.999
canny_hough,fixed,combined,59,0,0,0.0,0.0,,0.758,3.407,0.978,0.091,0.939
canny_hough,fixed,combined,60,0,0,0.0,0.0,,0.676,2.681,0.613,0.092,0.648
canny_hough,fixed,combined,61,0,0,0.0,0.0,,0.707,3.917,1.023,0.109,1.445
canny_hough,fixed,combined,62,0,0,0.0,0.0,,0.692,3.396,1.024,0.101,0.942
canny_hough,fixed,combined,63,0,0,0.0,0.0,,0.682,3.434,1.025,0.108,0.979
canny_hough,fixed,combined,64,0,0,0.0,0.0,,0.68,3.488,0.971,0.092,1.11
canny_hough,fixed,combined,65,0,0,0.0,0.0,,0.683,3.419,0.969,0.098,1.026
canny_hough,fixed,combined,66,0,0,0.0,0.0,,0.757,3.407,0.973,0.09,0.919
canny_hough,fixed,combined,67,0,0,0.0,0.0,,0.765,3.456,0.979,0.093,0.964
canny_hough,fixed,combined,68,0,0,0.0,0.0,,0.677,3.343,0.964,0.092,0.942
canny_hough,fixed,combined,69,0,0,0.0,0.0,,0.675,3.405,0.975,0.097,0.951
canny_hough,fixed,combined,70,0,0,0.0,0.0,,0.675,3.419,1.042,0.097,0.953
canny_hough,fixed,combined,71,0,0,0.0,0.0,,0.774,3.498,0.974,0.147,0.951
canny_hough,fixed,combined,72,0,0,0.0,0.0,,0.673,3.446,1.079,0.169,0.842
canny_hough,fixed,combined,73,0,0,0.0,0.0,,0.769,3.372,0.616,0.11,1.122
canny_hough,fixed,combined,74,0,0,0.0,0.0,,0.759,3.817,1.009,0.13,1.077
canny_hough,fixed,combined,75,0,0,0.0,0.0,,0.76,3.889,1.054,0.14,1.164
canny_hough,fixed,combined,76,0,0,0.0,0.0,,0.767,3.528,0.995,0.104,0.941
canny_hough,fixed,combined,77,0,0,0.0,0.0,,1.065,4.346,1.083,0.2,1.187
canny_hough,fixed,combined,78,0,0,0.0,0.0,,0.825,3.9,1.102,0.136,0.992
canny_hough,fixed,combined,79,0,0,0.0,0.0,,0.723,4.914,1.899,0.192,1.389
canny_hough,fixed,combined,80,0,0,0.0,0.0,,0.701,3.716,1.066,0.111,1.136
canny_hough,fixed,combined,81,0,0,0.0,0.0,,0.71,3.821,1.082,0.146,1.215
canny_hough,fixed,combined,82,0,0,0.0,0.0,,0.8,3.832,1.006,0.135,1.156
canny_hough,fixed,combined,83,0,0,0.0,0.0,,0.749,3.843,1.1,0.155,1.057
canny_hough,fixed,combined,84,0,0,0.0,0.0,,0.781,3.98,1.036,0.157,1.181
canny_hough,fixed,combined,85,0,0,0.0,0.0,,0.769,3.933,1.015,0.138,1.34
canny_hough,fixed,combined,86,0,0,0.0,0.0,,0.746,3.95,1.027,0.184,1.063
canny_hough,fixed,combined,87,0,0,0.0,0.0,,0.792,3.874,1.063,0.127,1.146
canny_hough,fixed,combined,88,0,0,0.0,0.0,,0.693,3.656,1.013,0.215,1.057
canny_hough,fixed,combined,89,0,0,0.0,0.0,,0.877,3.648,0.996,0.113,0.953
canny_hough,fixed,combined,90,0,0,0.0,0.0,,0.772,3.49,0.982,0.096,0.93
canny_hough,fixed,combined,91,0,0,0.0,0.0,,0.758,3.963,1.044,0.136,1.358
canny_hough,fixed,combined,92,0,0,0.0,0.0,,0.725,3.554,1.017,0.17,0.961
canny_hough,fixed,combined,93,0,0,0.0,0.0,,0.771,3.385,0.607,0.1,0.966
canny_hough,fixed,combined,94,0,0,0.0,0.0,,0.711,3.532,1.025,0.124,0.957
canny_hough,fixed,combined,95,0,0,0.0,0.0,,0.687,3.504,1.04,0.114,0.987
canny_hough,fixed,combined,96,0,0,0.0,0.0,,0.709,3.526,1.036,0.118,0.962
canny_hough,fixed,combined,97,0,0,0.0,0.0,,0.708,3.5,0.98,0.107,1.045
canny_hough,fixed,combined,98,0,0,0.0,0.0,,0.707,3.535,0.994,0.105,1.088
canny_hough,fixed,combined,99,0,0,0.0,0.0,,0.705,3.673,1.055,0.127,1.081
canny_hough,fixed,combined,100,0,0,0.0,0.0,,0.777,3.503,0.983,0.101,0.971
canny_hough,fixed,combined,101,0,0,0.0,0.0,,0.783,3.537,0.986,0.103,1.003
canny_hough,fixed,combined,102,0,0,0.0,0.0,,0.689,3.408,0.987,0.098,0.968
canny_hough,fixed,combined,103,0,0,0.0,0.0,,0.698,3.521,0.99,0.101,0.974
canny_hough,fixed,combined,104,0,0,0.0,0.0,,0.687,3.501,1.046,0.106,0.966
canny_hough,fixed,combined,105,0,0,0.0,0.0,,0.698,3.503,1.043,0.117,0.972
canny_hough,fixed,combined,106,0,0,0.0,0.0,,0.711,3.538,0.994,0.167,0.986
canny_hough,fixed,combined,107,0,0,0.0,0.0,,0.752,3.55,0.977,0.1,1.059
canny_hough,fixed,combined,108,0,0,0.0,0.0,,0.715,3.544,0.983,0.101,1.095
canny_hough,fixed,combined,109,0,0,0.0,0.0,,0.696,3.546,0.99,0.101,1.004
canny_hough,fixed,combined,110,0,0,0.0,0.0,,0.766,3.504,0.996,0.098,0.981
canny_hough,fixed,combined,111,0,0,0.0,0.0,,0.677,3.397,0.982,0.099,0.953
canny_hough,fixed,combined,112,0,0,0.0,0.0,,0.698,3.416,0.984,0.101,0.952
canny_hough,fixed,combined,113,0,0,0.0,0.0,,0.689,3.474,1.04,0.103,0.968
canny_hough,fixed,combined,114,0,0,0.0,0.0,,0.711,3.522,1.041,0.113,0.996
canny_hough,fixed,combined,115,0,0,0.0,0.0,,0.696,3.508,1.045,0.121,0.983
canny_hough,fixed,combined,116,0,0,0.0,0.0,,0.722,3.546,0.981,0.107,1.027
canny_hough,fixed,combined,117,0,0,0.0,0.0,,0.699,3.534,0.98,0.101,1.083
canny_hough,fixed,combined,118,0,0,0.0,0.0,,0.704,3.521,0.991,0.098,0.981
canny_hough,fixed,combined,119,0,0,0.0,0.0,,0.764,3.511,0.979,0.102,0.989
canny_hough,fixed,combined,120,0,0,0.0,0.0,,0.759,3.488,0.986,0.1,0.965
canny_hough,fixed,combined,121,0,0,0.0,0.0,,0.692,3.402,0.975,0.105,0.966
canny_hough,fixed,combined,122,0,0,0.0,0.0,,0.713,3.535,0.994,0.103,0.979
canny_hough,fixed,combined,123,0,0,0.0,0.0,,0.702,3.49,1.041,0.109,0.979
canny_hough,fixed,combined,124,0,0,0.0,0.0,,0.714,3.542,1.051,0.113,1.006
canny_hough,fixed,combined,125,0,0,0.0,0.0,,0.687,3.468,0.985,0.102,1.025
canny_hough,fixed,combined,126,0,0,0.0,0.0,,0.71,3.535,0.991,0.099,1.044
canny_hough,fixed,combined,127,0,0,0.0,0.0,,0.698,3.513,0.989,0.101,1.051
canny_hough,fixed,combined,128,0,0,0.0,0.0,,0.762,3.478,0.99,0.098,0.967
canny_hough,fixed,combined,129,0,0,0.0,0.0,,0.751,3.55,1.057,0.143,0.937
canny_hough,fixed,combined,130,0,0,0.0,0.0,,0.688,3.322,0.975,0.089,0.93
canny_hough,fixed,combined,131,0,0,0.0,0.0,,0.681,3.366,0.965,0.094,0.934
canny_hough,fixed,combined,132,0,0,0.0,0.0,,0.675,3.346,1.027,0.095,0.922
canny_hough,fixed,combined,133,0,0,0.0,0.0,,0.666,3.362,0.973,0.095,0.981
canny_hough,fixed,combined,134,0,0,0.0,0.0,,0.678,3.377,0.971,0.09,1.023
canny_hough,fixed,combined,135,0,0,0.0,0.0,,0.707,3.452,0.976,0.092,0.944
canny_hough,fixed,combined,136,0,0,0.0,0.0,,0.678,2.666,0.598,0.094,0.634
canny_hough,fixed,combined,137,0,0,0.0,0.0,,0.674,2.718,0.601,0.094,0.649
canny_hough,fixed,combined,138,0,0,0.0,0.0,,0.671,2.874,0.627,0.105,0.817
canny_hough,fixed,combined,139,0,0,0.0,0.0,,0.678,2.673,0.61,0.095,0.659
canny_hough,fixed,combined,140,0,0,0.0,0.0,,0.672,2.651,0.6,0.094,0.63
canny_hough,fixed,combined,141,0,0,0.0,0.0,,0.675,2.741,0.6,0.128,0.701
canny_hough,fixed,combined,142,0,0,0.0,0.0,,0.743,2.741,0.603,0.093,0.655
canny_hough,fixed,combined,143,0,0,0.0,0.0,,0.679,2.643,0.602,0.092,0.636
canny_hough,fixed,combined,144,0,0,0.0,0.0,,0.671,2.713,0.658,0.098,0.643
canny_hough,fixed,combined,145,0,0,0.0,0.0,,0.745,2.732,0.603,0.098,0.655
canny_hough,fixed,combined,146,0,0,0.0,0.0,,0.68,2.697,0.606,0.093,0.639
canny_hough,fixed,combined,147,0,0,0.0,0.0,,0.665,2.708,0.655,0.1,0.645
canny_hough,fixed,combined,148,0,0,0.0,0.0,,0.688,2.786,0.603,0.092,0.639
canny_hough,fixed,combined,149,0,0,0.0,0.0,,0.665,2.643,0.601,0.093,0.638
canny_hough,fixed,combined,150,0,0,0.0,0.0,,0.68,2.736,0.601,0.096,0.639
canny_hough,fixed,combined,151,0,0,0.0,0.0,,0.662,2.723,0.605,0.096,0.72
canny_hough,fixed,combined,152,0,0,0.0,0.0,,0.674,2.642,0.602,0.095,0.641
canny_hough,fixed,combined,153,0,0,0.0,0.0,,0.668,2.658,0.596,0.094,0.641
canny_hough,fixed,combined,154,0,0,0.0,0.0,,0.678,2.702,0.608,0.098,0.684
canny_hough,fixed,combined,155,0,0,0.0,0.0,,0.731,2.71,0.603,0.094,0.638
canny_hough,fixed,combined,156,0,0,0.0,0.0,,0.678,2.688,0.601,0.096,0.64
canny_hough,fixed,combined,157,0,0,0.0,0.0,,0.675,2.697,0.648,0.098,0.629
canny_hough,fixed,combined,158,0,0,0.0,0.0,,0.762,2.728,0.601,0.095,0.64
canny_hough,fixed,combined,159,0,0,0.0,0.0,,0.671,2.68,0.594,0.118,0.647
canny_hough,fixed,combined,160,0,0,0.0,0.0,,0.673,2.681,0.649,0.096,0.635
canny_hough,fixed,combined,161,0,0,0.0,0.0,,0.676,2.751,0.618,0.095,0.642
canny_hough,fixed,combined,162,0,0,0.0,0.0,,0.676,2.636,0.604,0.095,0.631
canny_hough,fixed,combined,163,0,0,0.0,0.0,,0.674,2.713,0.653,0.099,0.648
canny_hough,fixed,combined,164,0,0,0.0,0.0,,0.683,2.717,0.6,0.097,0.703
canny_hough,fixed,combined,165,0,0,0.0,0.0,,0.671,2.644,0.6,0.094,0.632
canny_hough,fixed,combined,166,0,0,0.0,0.0,,0.675,2.757,0.61,0.093,0.637
canny_hough,fixed,combined,167,0,0,0.0,0.0,,0.674,2.723,0.604,0.095,0.716
canny_hough,fixed,combined,168,0,0,0.0,0.0,,0.735,2.711,0.611,0.093,0.636
canny_hough,fixed,combined,169,0,0,0.0,0.0,,0.679,2.666,0.603,0.096,0.645
canny_hough,fixed,combined,170,0,0,0.0,0.0,,0.667,2.691,0.619,0.139,0.653
canny_hough,fixed,combined,171,0,0,0.0,0.0,,0.732,2.712,0.608,0.096,0.639
canny_hough,fixed,combined,172,0,0,0.0,0.0,,0.673,2.645,0.603,0.09,0.632
canny_hough,fixed,combined,173,0,0,0.0,0.0,,0.666,2.693,0.654,0.098,0.637
canny_hough,fixed,combined,174,0,0,0.0,0.0,,0.76,2.725,0.601,0.095,0.627
canny_hough,fixed,combined,175,0,0,0.0,0.0,,0.664,2.644,0.605,0.093,0.641
canny_hough,fixed,combined,176,0,0,0.0,0.0,,0.666,2.711,0.642,0.1,0.635
canny_hough,fixed,combined,177,0,0,0.0,0.0,,0.674,2.769,0.611,0.097,0.645
canny_hough,fixed,combined,178,0,0,0.0,0.0,,0.675,2.644,0.609,0.092,0.641
canny_hough,fixed,combined,179,0,0,0.0,0.0,,0.667,2.723,0.602,0.095,0.651
canny_hough,fixed,combined,180,0,0,0.0,0.0,,0.672,2.726,0.607,0.092,0.715
canny_hough,fixed,combined,181,0,0,0.0,0.0,,0.668,2.658,0.606,0.093,0.645
canny_hough,fixed,combined,182,0,0,0.0,0.0,,0.675,2.716,0.604,0.097,0.647
canny_hough,fixed,combined,183,0,0,0.0,0.0,,0.666,2.699,0.593,0.093,0.705
canny_hough,fixed,combined,184,0,0,0.0,0.0,,0.744,2.718,0.611,0.094,0.635
canny_hough,fixed,combined,185,0,0,0.0,0.0,,0.667,2.656,0.596,0.09,0.652
canny_hough,fixed,combined,186,0,0,0.0,0.0,,0.675,2.734,0.61,0.145,0.643
canny_hough,fixed,combined,187,0,0,0.0,0.0,,0.745,2.73,0.602,0.095,0.64
canny_hough,fixed,combined,188,0,0,0.0,0.0,,0.67,2.629,0.604,0.095,0.628
canny_hough,fixed,combined,189,0,0,0.0,0.0,,0.662,2.69,0.647,0.098,0.643
canny_hough,fixed,combined,190,0,0,0.0,0.0,,0.755,2.723,0.598,0.094,0.643
canny_hough,fixed,combined,191,0,0,0.0,0.0,,0.671,2.64,0.598,0.093,0.631
canny_hough,fixed,combined,192,0,0,0.0,0.0,,0.677,2.695,0.645,0.099,0.635
canny_hough,fixed,combined,193,0,0,0.0,0.0,,0.677,2.712,0.596,0.093,0.639
canny_hough,fixed,combined,194,0,0,0.0,0.0,,0.67,2.65,0.601,0.091,0.659
canny_hough,fixed,combined,195,0,0,0.0,0.0,,0.671,2.763,0.601,0.094,0.644
canny_hough,fixed,combined,196,0,0,0.0,0.0,,0.682,2.774,0.604,0.093,0.735
canny_hough,fixed,combined,197,0,0,0.0,0.0,,0.673,2.65,0.596,0.095,0.635
canny_hough,fixed,combined,198,0,0,0.0,0.0,,0.674,2.645,0.606,0.097,0.63
canny_hough,fixed,combined,199,0,0,0.0,0.0,,0.673,2.711,0.601,0.094,0.704
canny_hough,fixed,combined,200,0,0,0.0,0.0,,0.745,2.693,0.603,0.098,0.623
canny_hough,fixed,combined,201,0,0,0.0,0.0,,0.668,2.661,0.599,0.094,0.662
canny_hough,fixed,combined,202,0,0,0.0,0.0,,0.679,2.696,0.648,0.099,0.636
canny_hough,fixed,combined,203,0,0,0.0,0.0,,0.739,2.732,0.599,0.093,0.646
canny_hough,fixed,combined,204,0,0,0.0,0.0,,0.677,2.636,0.611,0.094,0.627
canny_hough,fixed,combined,205,0,0,0.0,0.0,,0.677,2.709,0.642,0.098,0.645
canny_hough,fixed,combined,206,0,0,0.0,0.0,,0.681,2.743,0.595,0.098,0.621
canny_hough,fixed,combined,207,0,0,0.0,0.0,,0.672,2.652,0.609,0.093,0.639
canny_hough,fixed,combined,208,0,0,0.0,0.0,,0.672,2.675,0.654,0.095,0.63
canny_hough,fixed,combined,209,0,0,0.0,0.0,,0.703,2.751,0.597,0.092,0.711
canny_hough,fixed,combined,210,0,0,0.0,0.0,,0.677,2.625,0.604,0.093,0.629
canny_hough,fixed,combined,211,0,0,0.0,0.0,,0.671,2.721,0.597,0.095,0.65
canny_hough,fixed,combined,212,0,0,0.0,0.0,,0.672,2.679,0.592,0.099,0.695
canny_hough,fixed,combined,213,0,0,0.0,0.0,,0.669,2.659,0.601,0.096,0.652
canny_hough,fixed,combined,214,0,0,0.0,0.0,,0.668,2.684,0.619,0.096,0.634
canny_hough,fixed,combined,215,0,0,0.0,0.0,,0.671,2.715,0.605,0.095,0.705
canny_hough,fixed,combined,216,0,0,0.0,0.0,,0.737,2.737,0.602,0.093,0.639
canny_hough,fixed,combined,217,0,0,0.0,0.0,,0.673,2.649,0.598,0.092,0.638
canny_hough,fixed,combined,218,0,0,0.0,0.0,,0.669,2.683,0.646,0.099,0.634
canny_hough,fixed,combined,219,0,0,0.0,0.0,,0.744,2.757,0.603,0.095,0.669
canny_hough,fixed,combined,220,0,0,0.0,0.0,,0.67,2.642,0.601,0.091,0.642
canny_hough,fixed,combined,221,0,0,0.0,0.0,,0.666,2.689,0.647,0.099,0.641
canny_hough,fixed,combined,222,0,0,0.0,0.0,,0.681,2.735,0.617,0.095,0.635
canny_hough,fixed,combined,223,0,0,0.0,0.0,,0.667,2.635,0.593,0.094,0.636
canny_hough,fixed,combined,224,0,0,0.0,0.0,,0.676,2.702,0.602,0.095,0.636
canny_hough,fixed,combined,225,0,0,0.0,0.0,,0.668,2.749,0.614,0.094,0.73
canny_hough,fixed,combined,226,0,0,0.0,0.0,,0.675,2.683,0.602,0.095,0.649
canny_hough,fixed,combined,227,0,0,0.0,0.0,,0.666,2.719,0.604,0.093,0.65
canny_hough,fixed,combined,228,0,0,0.0,0.0,,0.672,2.723,0.608,0.096,0.712
canny_hough,fixed,combined,229,0,0,0.0,0.0,,0.73,2.729,0.607,0.098,0.647
canny_hough,fixed,combined,230,0,0,0.0,0.0,,0.682,2.659,0.607,0.099,0.635
canny_hough,fixed,combined,231,0,0,0.0,0.0,,0.672,2.705,0.6,0.14,0.647
canny_hough,fixed,combined,232,0,0,0.0,0.0,,0.745,2.755,0.607,0.1,0.631
canny_hough,fixed,combined,233,0,0,0.0,0.0,,0.671,2.678,0.611,0.096,0.649
canny_hough,fixed,combined,234,0,0,0.0,0.0,,0.675,2.672,0.639,0.099,0.633
canny_hough,fixed,combined,235,0,0,0.0,0.0,,0.682,2.768,0.603,0.095,0.661
canny_hough,fixed,combined,236,0,0,0.0,0.0,,0.67,2.667,0.61,0.092,0.631
canny_hough,fixed,combined,237,0,0,0.0,0.0,,0.667,2.715,0.659,0.094,0.646
canny_hough,fixed,combined,238,0,0,0.0,0.0,,0.669,2.712,0.61,0.094,0.704
canny_hough,fixed,combined,239,0,0,0.0,0.0,,0.667,2.64,0.606,0.092,0.642
canny_hough,fixed,combined,240,0,0,0.0,0.0,,0.707,2.729,0.6,0.093,0.63
canny_hough,fixed,combined,241,0,0,0.0,0.0,,0.668,2.697,0.591,0.093,0.706
canny_hough,fixed,combined,242,0,0,0.0,0.0,,0.666,2.705,0.612,0.096,0.627
canny_hough,fixed,combined,243,0,0,0.0,0.0,,0.67,2.66,0.604,0.094,0.652
canny_hough,fixed,combined,244,0,0,0.0,0.0,,0.667,2.706,0.617,0.092,0.698
canny_hough,fixed,combined,245,0,0,0.0,0.0,,0.746,2.719,0.601,0.095,0.643
canny_hough,fixed,combined,246,0,0,0.0,0.0,,0.673,2.68,0.607,0.092,0.633
canny_hough,fixed,combined,247,0,0,0.0,0.0,,0.674,2.716,0.645,0.101,0.652
canny_hough,fixed,combined,248,0,0,0.0,0.0,,0.747,2.716,0.607,0.093,0.63
canny_hough,fixed,combined,249,0,0,0.0,0.0,,0.679,2.646,0.597,0.095,0.637
canny_hough,fixed,combined,250,0,0,0.0,0.0,,0.665,2.719,0.651,0.098,0.643
canny_hough,fixed,combined,251,0,0,0.0,0.0,,0.68,2.739,0.6,0.095,0.655
canny_hough,fixed,combined,252,0,0,0.0,0.0,,0.674,2.643,0.603,0.093,0.634
canny_hough,fixed,combined,253,0,0,0.0,0.0,,0.676,2.709,0.596,0.097,0.644
canny_hough,fixed,combined,254,0,0,0.0,0.0,,0.673,2.722,0.609,0.093,0.715
canny_hough,fixed,combined,255,0,0,0.0,0.0,,0.679,2.663,0.603,0.099,0.648
canny_hough,fixed,combined,256,0,0,0.0,0.0,,0.676,2.757,0.611,0.093,0.638
canny_hough,fixed,combined,257,0,0,0.0,0.0,,0.682,2.716,0.6,0.095,0.706
canny_hough,fixed,combined,258,0,0,0.0,0.0,,0.737,2.714,0.596,0.097,0.64
canny_hough,fixed,combined,259,0,0,0.0,0.0,,0.679,2.67,0.603,0.092,0.649
canny_hough,fixed,combined,260,0,0,0.0,0.0,,0.677,2.715,0.65,0.1,0.652
canny_hough,fixed,combined,261,0,0,0.0,0.0,,0.744,2.726,0.605,0.099,0.643
canny_hough,fixed,combined,262,0,0,0.0,0.0,,0.672,2.649,0.598,0.093,0.643
canny_hough,fixed,combined,263,0,0,0.0,0.0,,0.67,2.711,0.64,0.099,0.654
canny_hough,fixed,combined,264,0,0,0.0,0.0,,0.751,2.728,0.61,0.095,0.634
canny_hough,fixed,combined,265,0,0,0.0,0.0,,0.669,2.679,0.602,0.095,0.648
canny_hough,fixed,combined,266,0,0,0.0,0.0,,0.677,2.729,0.653,0.096,0.624
canny_hough,fixed,combined,267,0,0,0.0,0.0,,0.677,2.768,0.606,0.095,0.721
canny_hough,fixed,combined,268,0,0,0.0,0.0,,0.667,2.615,0.598,0.092,0.626
canny_hough,fixed,combined,269,0,0,0.0,0.0,,0.668,2.704,0.596,0.094,0.657
canny_hough,fixed,combined,270,0,0,0.0,0.0,,0.667,2.686,0.604,0.093,0.697
canny_hough,fixed,combined,271,0,0,0.0,0.0,,0.67,2.647,0.611,0.094,0.637
canny_hough,fixed,combined,272,0,0,0.0,0.0,,0.66,2.629,0.605,0.093,0.623
canny_hough,fixed,combined,273,0,0,0.0,0.0,,0.705,2.725,0.601,0.093,0.682
canny_hough,fixed,combined,274,0,0,0.0,0.0,,0.735,2.704,0.599,0.092,0.641
canny_hough,fixed,combined,275,0,0,0.0,0.0,,0.673,2.636,0.592,0.091,0.648
canny_hough,fixed,combined,276,0,0,0.0,0.0,,0.672,2.704,0.641,0.099,0.633
canny_hough,fixed,combined,277,0,0,0.0,0.0,,0.749,2.74,0.596,0.094,0.662
canny_hough,fixed,combined,278,0,0,0.0,0.0,,0.67,2.635,0.601,0.092,0.629
canny_hough,fixed,combined,279,0,0,0.0,0.0,,0.667,2.685,0.641,0.099,0.643
canny_hough,fixed,combined,280,0,0,0.0,0.0,,0.748,2.682,0.599,0.092,0.622
canny_hough,fixed,combined,281,0,0,0.0,0.0,,0.67,2.688,0.6,0.105,0.663
canny_hough,fixed,combined,282,0,0,0.0,0.0,,0.67,2.678,0.655,0.096,0.621
canny_hough,fixed,combined,283,0,0,0.0,0.0,,0.675,2.759,0.594,0.099,0.72
canny_hough,fixed,combined,284,0,0,0.0,0.0,,0.667,2.629,0.606,0.094,0.623
canny_hough,fixed,combined,285,0,0,0.0,0.0,,0.676,2.742,0.613,0.096,0.654
canny_hough,fixed,combined,286,0,0,0.0,0.0,,0.671,2.743,0.616,0.093,0.696
canny_hough,fixed,combined,287,0,0,0.0,0.0,,0.739,2.721,0.599,0.095,0.653
canny_hough,fixed,combined,288,0,0,0.0,0.0,,0.666,2.639,0.598,0.09,0.635
canny_hough,fixed,combined,289,0,0,0.0,0.0,,0.678,2.724,0.596,0.094,0.72
canny_hough,fixed,combined,290,0,0,0.0,0.0,,0.745,2.735,0.609,0.092,0.645
canny_hough,fixed,combined,291,0,0,0.0,0.0,,0.678,2.659,0.6,0.096,0.649
canny_hough,fixed,combined,292,0,0,0.0,0.0,,0.667,2.702,0.658,0.098,0.648
canny_hough,fixed,combined,293,0,0,0.0,0.0,,0.749,2.74,0.609,0.096,0.65
canny_hough,fixed,combined,294,0,0,0.0,0.0,,0.668,2.64,0.604,0.092,0.621
canny_hough,fixed,combined,295,0,0,0.0,0.0,,0.672,2.702,0.638,0.099,0.66
canny_hough,fixed,combined,296,0,0,0.0,0.0,,0.678,2.762,0.603,0.093,0.631
canny_hough,fixed,combined,297,0,0,0.0,0.0,,0.673,2.65,0.595,0.101,0.648
canny_hough,fixed,combined,298,0,0,0.0,0.0,,0.671,2.739,0.597,0.096,0.641
canny_hough,fixed,combined,299,0,0,0.0,0.0,,0.664,2.721,0.601,0.094,0.724
canny_hough,fixed,combined,300,0,0,0.0,0.0,,0.671,2.629,0.606,0.091,0.619
canny_hough,fixed,combined,301,0,0,0.0,0.0,,0.671,2.715,0.604,0.093,0.654
canny_hough,fixed,combined,302,0,0,0.0,0.0,,0.67,2.716,0.606,0.094,0.701
canny_hough,fixed,combined,303,0,0,0.0,0.0,,0.738,2.708,0.604,0.095,0.643
canny_hough,fixed,combined,304,0,0,0.0,0.0,,0.677,2.651,0.604,0.091,0.638
canny_hough,fixed,combined,305,0,0,0.0,0.0,,0.659,2.705,0.604,0.144,0.66
canny_hough,fixed,combined,306,0,0,0.0,0.0,,0.741,2.742,0.602,0.093,0.631
canny_hough,fixed,combined,307,0,0,0.0,0.0,,0.669,2.642,0.603,0.094,0.642
canny_hough,fixed,combined,308,0,0,0.0,0.0,,0.669,2.689,0.651,0.095,0.633
canny_hough,fixed,combined,309,0,0,0.0,0.0,,0.757,2.739,0.607,0.095,0.65
canny_hough,fixed,combined,310,0,0,0.0,0.0,,0.667,2.627,0.598,0.093,0.631
canny_hough,fixed,combined,311,0,0,0.0,0.0,,0.662,2.694,0.647,0.1,0.641
canny_hough,fixed,combined,312,0,0,0.0,0.0,,0.676,2.733,0.602,0.099,0.639
canny_hough,fixed,combined,313,0,0,0.0,0.0,,0.673,2.649,0.599,0.092,0.649
canny_hough,fixed,combined,314,0,0,0.0,0.0,,0.674,2.769,0.606,0.093,0.638
canny_hough,fixed,combined,315,0,0,0.0,0.0,,0.68,2.722,0.609,0.094,0.706
canny_hough,fixed,combined,316,0,0,0.0,0.0,,0.67,2.729,0.61,0.092,0.632
canny_hough,fixed,combined,317,0,0,0.0,0.0,,0.676,2.649,0.598,0.094,0.641
canny_hough,fixed,combined,318,0,0,0.0,0.0,,0.676,2.701,0.601,0.092,0.691
canny_hough,fixed,combined,319,0,0,0.0,0.0,,0.755,2.721,0.598,0.093,0.637
canny_hough,fixed,combined,320,0,0,0.0,0.0,,0.673,2.649,0.597,0.095,0.633
canny_hough,fixed,combined,321,0,0,0.0,0.0,,0.678,2.692,0.641,0.096,0.64
canny_hough,fixed,combined,322,0,0,0.0,0.0,,0.743,2.719,0.612,0.095,0.629
canny_hough,fixed,combined,323,0,0,0.0,0.0,,0.675,2.65,0.597,0.092,0.649
canny_hough,fixed,combined,324,0,0,0.0,0.0,,0.667,2.74,0.689,0.101,0.651
canny_hough,fixed,combined,325,0,0,0.0,0.0,,0.675,2.727,0.599,0.096,0.653
canny_hough,fixed,combined,326,0,0,0.0,0.0,,0.671,2.667,0.595,0.094,0.637
canny_hough,fixed,combined,327,0,0,0.0,0.0,,0.673,2.715,0.604,0.096,0.65
canny_hough,fixed,combined,328,0,0,0.0,0.0,,0.668,2.73,0.611,0.092,0.706
canny_hough,fixed,combined,329,0,0,0.0,0.0,,0.68,2.673,0.605,0.1,0.651
canny_hough,fixed,combined,330,0,0,0.0,0.0,,0.67,2.736,0.612,0.091,0.62
canny_hough,fixed,combined,331,0,0,0.0,0.0,,0.665,2.735,0.6,0.1,0.722
canny_hough,fixed,combined,332,0,0,0.0,0.0,,0.739,2.71,0.601,0.092,0.641
canny_hough,fixed,combined,333,0,0,0.0,0.0,,0.674,2.664,0.604,0.094,0.651
canny_hough,fixed,combined,334,0,0,0.0,0.0,,0.669,2.695,0.651,0.098,0.635
canny_hough,fixed,combined,335,0,0,0.0,0.0,,0.741,2.716,0.603,0.095,0.635
canny_hough,fixed,combined,336,0,0,0.0,0.0,,0.667,2.656,0.6,0.096,0.626
canny_hough,fixed,combined,337,0,0,0.0,0.0,,0.7,2.725,0.644,0.097,0.647
canny_hough,fixed,combined,338,0,0,0.0,0.0,,0.755,2.726,0.617,0.095,0.619
canny_hough,fixed,combined,339,0,0,0.0,0.0,,0.673,2.648,0.6,0.094,0.643
canny_hough,fixed,combined,340,0,0,0.0,0.0,,0.667,2.686,0.65,0.096,0.637
canny_hough,fixed,combined,341,0,0,0.0,0.0,,0.683,2.732,0.601,0.095,0.712
canny_hough,fixed,combined,342,0,0,0.0,0.0,,0.666,2.629,0.608,0.092,0.625
canny_hough,fixed,combined,343,0,0,0.0,0.0,,0.674,2.76,0.617,0.097,0.65
canny_hough,fixed,combined,344,0,0,0.0,0.0,,0.665,2.694,0.604,0.094,0.7
canny_hough,fixed,combined,345,0,0,0.0,0.0,,0.667,2.644,0.598,0.093,0.652
canny_hough,fixed,combined,346,0,0,0.0,0.0,,0.672,2.689,0.604,0.092,0.631
canny_hough,fixed,combined,347,0,0,0.0,0.0,,0.681,2.713,0.604,0.094,0.694
canny_hough,fixed,combined,348,0,0,0.0,0.0,,0.727,2.695,0.602,0.092,0.628
canny_hough,fixed,combined,349,0,0,0.0,0.0,,0.675,2.657,0.599,0.093,0.653
canny_hough,fixed,combined,350,0,0,0.0,0.0,,0.667,2.684,0.657,0.098,0.628
canny_hough,fixed,combined,351,0,0,0.0,0.0,,0.75,2.737,0.604,0.094,0.649
canny_hough,fixed,combined,352,0,0,0.0,0.0,,0.672,2.648,0.601,0.092,0.643
canny_hough,fixed,combined,353,0,0,0.0,0.0,,0.671,2.717,0.644,0.097,0.67
canny_hough,fixed,combined,354,0,0,0.0,0.0,,0.672,2.727,0.602,0.093,0.649
canny_hough,fixed,combined,355,0,0,0.0,0.0,,0.682,2.676,0.597,0.098,0.654
canny_hough,fixed,combined,356,0,0,0.0,0.0,,0.678,2.755,0.591,0.097,0.654
canny_hough,fixed,combined,357,0,0,0.0,0.0,,0.667,2.763,0.613,0.096,0.75
canny_hough,fixed,combined,358,0,0,0.0,0.0,,0.676,2.644,0.609,0.092,0.644
canny_hough,fixed,combined,359,0,0,0.0,0.0,,0.669,2.735,0.604,0.096,0.661
canny_hough,fixed,combined,360,0,0,0.0,0.0,,0.668,2.718,0.62,0.093,0.696
canny_hough,fixed,combined,361,0,0,0.0,0.0,,0.735,2.721,0.603,0.097,0.653
canny_hough,fixed,combined,362,0,0,0.0,0.0,,0.673,2.687,0.613,0.092,0.635
canny_hough,fixed,combined,363,0,0,0.0,0.0,,0.674,2.712,0.645,0.101,0.658
canny_hough,fixed,combined,364,0,0,0.0,0.0,,0.734,2.699,0.604,0.095,0.635
canny_hough,fixed,combined,365,0,0,0.0,0.0,,0.672,2.659,0.597,0.094,0.657
canny_hough,fixed,combined,366,0,0,0.0,0.0,,0.67,2.713,0.645,0.099,0.635
canny_hough,fixed,combined,367,0,0,0.0,0.0,,0.687,2.726,0.598,0.093,0.647
canny_hough,fixed,combined,368,0,0,0.0,0.0,,0.67,2.652,0.607,0.092,0.643
canny_hough,fixed,combined,369,0,0,0.0,0.0,,0.672,2.723,0.653,0.104,0.652
canny_hough,fixed,combined,370,0,0,0.0,0.0,,0.679,2.827,0.604,0.093,0.799
canny_hough,fixed,combined,371,0,0,0.0,0.0,,0.673,2.657,0.609,0.094,0.658
canny_hough,fixed,combined,372,0,0,0.0,0.0,,0.676,2.708,0.602,0.093,0.643
canny_hough,fixed,combined,373,0,0,0.0,0.0,,0.672,2.745,0.608,0.098,0.721
canny_hough,fixed,combined,374,0,0,0.0,0.0,,0.747,2.734,0.609,0.098,0.645
canny_hough,fixed,combined,375,0,0,0.0,0.0,,0.667,2.662,0.607,0.097,0.65
canny_hough,fixed,combined,376,0,0,0.0,0.0,,0.677,2.755,0.647,0.098,0.654
canny_hough,fixed,combined,377,0,0,0.0,0.0,,0.738,2.759,0.615,0.095,0.67
canny_hough,fixed,combined,378,0,0,0.0,0.0,,0.683,2.694,0.601,0.094,0.649
canny_hough,fixed,combined,379,0,0,0.0,0.0,,0.674,2.709,0.637,0.098,0.656
canny_hough,fixed,combined,380,0,0,0.0,0.0,,0.685,2.727,0.598,0.096,0.638
canny_hough,fixed,combined,381,0,0,0.0,0.0,,0.677,2.66,0.597,0.092,0.649
canny_hough,fixed,combined,382,0,0,0.0,0.0,,0.672,3.357,1.084,0.108,0.642
canny_hough,fixed,combined,383,0,0,0.0,0.0,,0.679,2.731,0.646,0.11,0.664
canny_hough,fixed,combined,384,0,0,0.0,0.0,,0.754,2.728,0.604,0.092,0.639
canny_hough,fixed,combined,385,0,0,0.0,0.0,,0.671,2.669,0.598,0.098,0.668
canny_hough,fixed,combined,386,0,0,0.0,0.0,,0.672,2.747,0.651,0.1,0.64
canny_hough,fixed,combined,387,0,0,0.0,0.0,,0.674,2.744,0.605,0.096,0.658
canny_hough,fixed,combined,388,0,0,0.0,0.0,,0.666,2.639,0.604,0.092,0.644
canny_hough,fixed,combined,389,0,0,0.0,0.0,,0.668,2.717,0.604,0.096,0.653
canny_hough,fixed,combined,390,0,0,0.0,0.0,,0.671,2.742,0.607,0.093,0.731
canny_hough,fixed,combined,391,0,0,0.0,0.0,,0.661,2.66,0.608,0.096,0.658
canny_hough,fixed,combined,392,0,0,0.0,0.0,,0.673,2.711,0.602,0.093,0.637
canny_hough,fixed,combined,393,0,0,0.0,0.0,,0.671,2.725,0.608,0.096,0.716
canny_hough,fixed,combined,394,0,0,0.0,0.0,,0.75,2.782,0.609,0.092,0.657
canny_hough,fixed,combined,395,0,0,0.0,0.0,,0.667,2.666,0.606,0.093,0.655
canny_hough,fixed,combined,396,0,0,0.0,0.0,,0.676,2.77,0.65,0.099,0.662
canny_hough,fixed,combined,397,0,0,0.0,0.0,,0.737,2.734,0.6,0.094,0.66
canny_hough,fixed,combined,398,0,0,0.0,0.0,,0.68,2.635,0.599,0.092,0.636
canny_hough,fixed,combined,399,0,0,0.0,0.0,,0.674,2.716,0.643,0.099,0.657
canny_hough,fixed,combined,400,0,0,0.0,0.0,,0.679,2.74,0.606,0.099,0.642
canny_hough,fixed,combined,401,0,0,0.0,0.0,,0.706,2.695,0.597,0.094,0.652
canny_hough,fixed,combined,402,0,0,0.0,0.0,,0.674,2.726,0.612,0.094,0.649
canny_hough,fixed,combined,403,0,0,0.0,0.0,,0.669,2.737,0.601,0.094,0.741
canny_hough,fixed,combined,404,0,0,0.0,0.0,,0.675,2.641,0.595,0.091,0.635
canny_hough,fixed,combined,405,0,0,0.0,0.0,,0.665,2.715,0.6,0.093,0.657
canny_hough,fixed,combined,406,0,0,0.0,0.0,,0.68,2.755,0.61,0.095,0.691
canny_hough,fixed,combined,407,0,0,0.0,0.0,,0.736,2.73,0.604,0.092,0.658
canny_hough,fixed,combined,408,0,0,0.0,0.0,,0.685,2.674,0.613,0.096,0.646
canny_hough,fixed,combined,409,0,0,0.0,0.0,,0.67,2.703,0.638,0.099,0.652
canny_hough,fixed,combined,410,0,0,0.0,0.0,,0.754,2.774,0.588,0.098,0.657
canny_hough,fixed,combined,411,0,0,0.0,0.0,,0.67,2.662,0.603,0.093,0.656
canny_hough,fixed,combined,412,0,0,0.0,0.0,,0.678,2.692,0.645,0.098,0.635
canny_hough,fixed,combined,413,0,0,0.0,0.0,,0.679,2.742,0.596,0.095,0.649
canny_hough,fixed,combined,414,0,0,0.0,0.0,,0.68,2.637,0.599,0.093,0.637
canny_hough,fixed,combined,415,0,0,0.0,0.0,,0.67,2.715,0.595,0.095,0.655
canny_hough,fixed,combined,416,0,0,0.0,0.0,,0.671,2.766,0.605,0.094,0.729
canny_hough,fixed,combined,417,0,0,0.0,0.0,,0.671,2.65,0.603,0.094,0.653
canny_hough,fixed,combined,418,0,0,0.0,0.0,,0.663,2.682,0.599,0.093,0.635
canny_hough,fixed,combined,419,0,0,0.0,0.0,,0.722,2.785,0.602,0.094,0.735
canny_hough,fixed,combined,420,0,0,0.0,0.0,,0.838,4.01,1.038,0.158,1.226
canny_hough,fixed,combined,421,0,0,0.0,0.0,,0.763,2.927,0.68,0.096,0.684
canny_hough,fixed,combined,422,0,0,0.0,0.0,,0.695,3.034,0.611,0.097,0.954
canny_hough,fixed,combined,423,0,0,0.0,0.0,,0.675,2.737,0.587,0.097,0.672
canny_hough,fixed,combined,424,0,0,0.0,0.0,,0.716,3.465,0.97,0.103,1.027
canny_hough,otsu,combined,0,0,0,0.0,0.0,,0.721,3.175,0.637,0.366,0.746
canny_hough,otsu,combined,1,0,0,0.0,0.0,,0.826,3.267,0.654,0.379,0.699
canny_hough,otsu,combined,2,0,0,0.0,0.0,,1.019,4.25,1.01,0.392,1.092
canny_hough,otsu,combined,3,0,0,0.0,0.0,,0.664,4.581,1.249,0.554,1.369
canny_hough,otsu,combined,4,0,0,0.0,0.0,,1.007,3.71,0.729,0.386,0.716
canny_hough,otsu,combined,5,0,0,0.0,0.0,,0.669,4.323,1.252,0.555,1.076
canny_hough,otsu,combined,6,0,0,0.0,0.0,,0.713,3.206,0.662,0.382,0.671
canny_hough,otsu,combined,7,0,0,0.0,0.0,,0.682,4.498,1.232,0.561,1.288
canny_hough,otsu,combined,8,0,0,0.0,0.0,,0.7,3.371,0.782,0.401,0.678
canny_hough,otsu,combined,9,0,0,0.0,0.0,,0.675,4.504,1.162,0.555,1.37
canny_hough,otsu,combined,10,0,0,0.0,0.0,,1.144,4.139,0.757,0.407,1.045
canny_hough,otsu,combined,11,0,0,0.0,0.0,,0.663,4.019,1.188,0.641,0.802
canny_hough,otsu,combined,12,0,0,0.0,0.0,,1.164,3.689,0.691,0.368,0.715
canny_hough,otsu,combined,13,0,0,0.0,0.0,,0.691,3.925,1.079,0.641,0.813
canny_hough,otsu,combined,14,0,0,0.0,0.0,,1.203,4.961,1.034,0.376,1.513
canny_hough,otsu,combined,15,0,0,0.0,0.0,,0.681,3.83,1.275,0.429,0.713
canny_hough,otsu,combined,16,0,0,0.0,0.0,,1.202,8.186,1.365,0.76,3.751
canny_hough,otsu,combined,17,0,0,0.0,0.0,,0.666,3.468,1.069,0.382,0.659
canny_hough,otsu,combined,18,0,0,0.0,0.0,,0.765,3.673,0.645,0.382,1.157
canny_hough,otsu,combined,19,0,0,0.0,0.0,,0.67,3.704,1.112,0.533,0.732
canny_hough,otsu,combined,20,0,0,0.0,0.0,,0.824,3.597,0.649,0.374,1.048
canny_hough,otsu,combined,21,0,0,0.0,0.0,,0.692,4.076,1.173,0.428,1.084
canny_hough,otsu,combined,22,0,0,0.0,0.0,,0.748,3.044,0.62,0.368,0.66
canny_hough,otsu,combined,23,0,0,0.0,0.0,,0.75,3.388,0.616,0.368,0.995
canny_hough,otsu,combined,24,0,0,0.0,0.0,,0.697,2.98,0.622,0.364,0.66
canny_hough,otsu,combined,25,0,0,0.0,0.0,,0.719,3.941,1.033,0.377,1.063
canny_hough,otsu,combined,26,0,0,0.0,0.0,,0.671,3.137,0.805,0.374,0.651
canny_hough,otsu,combined,27,0,0,0.0,0.0,,0.668,3.007,0.6,0.371,0.711
canny_hough,otsu,combined,28,0,0,0.0,0.0,,0.702,3.749,0.993,0.374,1.046
canny_hough,otsu,combined,29,0,0,0.0,0.0,,1.429,3.759,0.612,0.367,0.685
canny_hough,otsu,combined,30,0,0,0.0,0.0,,0.698,3.855,0.98,0.37,0.976
canny_hough,otsu,combined,31,0,0,0.0,0.0,,0.716,6.336,2.313,0.43,2.216
canny_hough,otsu,combined,32,0,0,0.0,0.0,,0.702,6.225,2.792,0.397,1.683
canny_hough,otsu,combined,33,0,0,0.0,0.0,,0.69,3.76,0.983,0.373,1.062
canny_hough,otsu,combined,34,0,0,0.0,0.0,,0.703,4.781,0.984,0.374,2.061
canny_hough,otsu,combined,35,0,0,0.0,0.0,,0.702,8.91,2.313,0.396,4.854
canny_hough,otsu,combined,36,0,0,0.0,0.0,,0.726,5.401,2.34,0.393,1.178
canny_hough,otsu,combined,37,0,0,0.0,0.0,,0.697,4.707,0.982,0.367,1.995
canny_hough,otsu,combined,38,0,0,0.0,0.0,,0.711,6.047,3.26,0.401,1.043
canny_hough,otsu,combined,39,0,0,0.0,0.0,,0.757,3.815,0.987,0.371,0.974
canny_hough,otsu,combined,40,0,0,0.0,0.0,,0.696,3.784,0.999,0.375,0.967
canny_hough,otsu,combined,41,0,0,0.0,0.0,,0.704,3.83,1.067,0.381,1.016
canny_hough,otsu,combined,42,0,0,0.0,0.0,,0.716,3.784,1.04,0.37,1.006
canny_hough,otsu,combined,43,0,0,0.0,0.0,,0.693,3.767,1.04,0.38,0.991
canny_hough,otsu,combined,44,0,0,0.0,0.0,,0.707,3.746,1.037,0.379,0.963
canny_hough,otsu,combined,45,0,0,0.0,0.0,,0.702,3.805,1.057,0.375,0.977
canny_hough,otsu,combined,46,0,0,0.0,0.0,,0.718,3.797,1.038,0.383,1.003
canny_hough,otsu,combined,47,0,0,0.0,0.0,,0.775,3.934,1.042,0.385,1.065
canny_hough,otsu,combined,48,0,0,0.0,0.0,,1.022,4.921,1.125,0.535,1.382
canny_hough,otsu,combined,49,0,0,0.0,0.0,,1.075,4.97,1.124,0.513,1.343
canny_hough,otsu,combined,50,0,0,0.0,0.0,,0.763,4.177,1.115,0.428,1.026
canny_hough,otsu,combined,51,0,0,0.0,0.0,,0.702,3.864,0.98,0.375,1.058
canny_hough,otsu,combined,52,0,0,0.0,0.0,,0.767,3.688,0.971,0.361,0.94
canny_hough,otsu,combined,53,0,0,0.0,0.0,,0.668,2.938,0.586,0.365,0.66
canny_hough,otsu,combined,54,0,0,0.0,0.0,,0.721,3.039,0.604,0.365,0.634
canny_hough,otsu,combined,55,0,0,0.0,0.0,,0.702,3.42,0.61,0.423,1.0
canny_hough,otsu,combined,56,0,0,0.0,0.0,,0.672,3.413,0.982,0.373,0.761
canny_hough,otsu,combined,57,0,0,0.0,0.0,,0.765,3.036,0.612,0.367,0.646
canny_hough,otsu,combined,58,0,0,0.0,0.0,,0.801,3.804,0.987,0.374,0.968
canny_hough,otsu,combined,59,0,0,0.0,0.0,,0.675,2.983,0.635,0.365,0.655
canny_hough,otsu,combined,60,0,0,0.0,0.0,,0.698,3.135,0.599,0.369,0.665
canny_hough,otsu,combined,61,0,0,0.0,0.0,,0.686,3.418,1.044,0.376,0.668
canny_hough,otsu,combined,62,0,0,0.0,0.0,,0.677,3.436,0.986,0.439,0.687
canny_hough,otsu,combined,63,0,0,0.0,0.0,,0.704,3.441,0.599,0.376,1.108
canny_hough,otsu,combined,64,0,0,0.0,0.0,,0.681,3.755,1.007,0.366,1.051
canny_hough,otsu,combined,65,0,0,0.0,0.0,,0.741,3.008,0.611,0.368,0.657
canny_hough,otsu,combined,66,0,0,0.0,0.0,,0.694,2.981,0.602,0.365,0.658
canny_hough,otsu,combined,67,0,0,0.0,0.0,,0.686,3.18,0.815,0.372,0.655
canny_hough,otsu,combined,68,0,0,0.0,0.0,,0.668,3.408,0.984,0.429,0.664
canny_hough,otsu,combined,69,0,0,0.0,0.0,,0.693,3.377,0.599,0.375,1.057
canny_hough,otsu,combined,70,0,0,0.0,0.0,,0.684,3.77,0.98,0.37,1.061
canny_hough,otsu,combined,71,0,0,0.0,0.0,,0.736,3.049,0.615,0.368,0.687
canny_hough,otsu,combined,72,0,0,0.0,0.0,,0.695,3.0,0.6,0.37,0.672
canny_hough,otsu,combined,73,0,0,0.0,0.0,,0.686,3.119,0.668,0.371,0.691
canny_hough,otsu,combined,74,0,0,0.0,0.0,,0.67,3.401,0.981,0.44,0.663
canny_hough,otsu,combined,75,0,0,0.0,0.0,,0.693,3.393,0.602,0.373,1.066
canny_hough,otsu,combined,76,0,0,0.0,0.0,,0.701,3.717,0.977,0.371,1.032
canny_hough,otsu,combined,77,0,0,0.0,0.0,,0.743,3.041,0.606,0.367,0.687
canny_hough,otsu,combined,78,0,0,0.0,0.0,,0.739,3.33,0.605,0.368,0.958
canny_hough,otsu,combined,79,0,0,0.0,0.0,,0.674,2.996,0.603,0.369,0.649
canny_hough,otsu,combined,80,0,0,0.0,0.0,,0.714,3.783,1.035,0.377,0.963
canny_hough,otsu,combined,81,0,0,0.0,0.0,,0.675,3.42,1.044,0.379,0.677
canny_hough,otsu,combined,82,0,0,0.0,0.0,,0.667,3.052,0.617,0.369,0.743
canny_hough,otsu,combined,83,0,0,0.0,0.0,,0.779,3.362,0.601,0.371,0.965
canny_hough,otsu,combined,84,0,0,0.0,0.0,,0.683,3.017,0.624,0.367,0.672
canny_hough,otsu,combined,85,0,0,0.0,0.0,,0.689,3.049,0.594,0.368,0.658
canny_hough,otsu,combined,86,0,0,0.0,0.0,,0.671,3.389,1.036,0.378,0.658
canny_hough,otsu,combined,87,0,0,0.0,0.0,,0.706,3.746,0.988,0.431,0.96
canny_hough,otsu,combined,88,0,0,0.0,0.0,,0.675,3.408,0.976,0.366,0.756
canny_hough,otsu,combined,89,0,0,0.0,0.0,,0.748,3.009,0.594,0.368,0.658
canny_hough,otsu,combined,90,0,0,0.0,0.0,,0.686,3.006,0.6,0.369,0.642
canny_hough,otsu,combined,91,0,0,0.0,0.0,,0.701,3.781,0.983,0.375,0.97
canny_hough,otsu,combined,92,0,0,0.0,0.0,,0.714,3.783,1.045,0.375,0.998
canny_hough,otsu,combined,93,0,0,0.0,0.0,,0.695,3.79,1.052,0.38,0.99
canny_hough,otsu,combined,94,0,0,0.0,0.0,,0.718,3.776,1.038,0.38,0.985
canny_hough,otsu,combined,95,0,0,0.0,0.0,,0.704,3.806,1.042,0.384,1.014
canny_hough,otsu,combined,96,0,0,0.0,0.0,,0.705,3.773,1.045,0.374,0.997
canny_hough,otsu,combined,97,0,0,0.0,0.0,,0.691,3.762,1.043,0.382,0.978
canny_hough,otsu,combined,98,0,0,0.0,0.0,,0.691,3.768,1.047,0.382,0.989
canny_hough,otsu,combined,99,0,0,0.0,0.0,,0.705,3.787,0.992,0.431,0.992
canny_hough,otsu,combined,100,0,0,0.0,0.0,,0.685,3.793,0.98,0.436,0.99
canny_hough,otsu,combined,101,0,0,0.0,0.0,,0.709,3.791,0.975,0.373,1.069
canny_hough,otsu,combined,102,0,0,0.0,0.0,,0.7,3.775,0.983,0.371,1.05
canny_hough,otsu,combined,103,0,0,0.0,0.0,,0.734,3.847,0.992,0.374,1.078
canny_hough,otsu,combined,104,0,0,0.0,0.0,,0.692,3.798,0.99,0.374,1.081
canny_hough,otsu,combined,105,0,0,0.0,0.0,,0.712,3.802,0.985,0.374,1.072
canny_hough,otsu,combined,106,0,0,0.0,0.0,,0.71,3.793,0.983,0.376,1.08
canny_hough,otsu,combined,107,0,0,0.0,0.0,,0.699,3.812,0.99,0.376,1.076
canny_hough,otsu,combined,108,0,0,0.0,0.0,,0.705,3.775,0.977,0.372,0.996
canny_hough,otsu,combined,109,0,0,0.0,0.0,,0.694,3.834,0.978,0.371,1.018
canny_hough,otsu,combined,110,0,0,0.0,0.0,,0.772,3.82,0.989,0.375,0.996
canny_hough,otsu,combined,111,0,0,0.0,0.0,,0.773,3.782,0.973,0.377,0.989
canny_hough,otsu,combined,112,0,0,0.0,0.0,,0.779,3.775,0.981,0.372,0.98
canny_hough,otsu,combined,113,0,0,0.0,0.0,,0.744,3.662,0.989,0.387,0.9
canny_hough,otsu,combined,114,0,0,0.0,0.0,,0.674,3.599,0.972,0.366,0.938
canny_hough,otsu,combined,115,0,0,0.0,0.0,,0.706,3.669,0.972,0.369,0.939
canny_hough,otsu,combined,116,0,0,0.0,0.0,,0.687,3.649,0.965,0.366,0.942
canny_hough,otsu,combined,117,0,0,0.0,0.0,,0.675,3.712,1.019,0.371,0.978
canny_hough,otsu,combined,118,0,0,0.0,0.0,,0.676,3.665,1.025,0.37,0.951
canny_hough,otsu,combined,119,0,0,0.0,0.0,,0.672,3.703,1.048,0.374,0.954
canny_hough,otsu,combined,120,0,0,0.0,0.0,,0.667,3.673,1.019,0.373,0.951
canny_hough,otsu,combined,121,0,0,0.0,0.0,,0.68,3.674,0.975,0.414,0.963
canny_hough,otsu,combined,122,0,0,0.0,0.0,,0.701,3.668,0.971,0.368,1.008
canny_hough,otsu,combined,123,0,0,0.0,0.0,,0.688,3.724,0.977,0.365,1.05
canny_hough,otsu,combined,124,0,0,0.0,0.0,,0.671,3.685,0.972,0.369,1.043
canny_hough,otsu,combined,125,0,0,0.0,0.0,,0.702,3.793,0.966,0.368,1.104
canny_hough,otsu,combined,126,0,0,0.0,0.0,,0.691,3.698,0.973,0.364,0.95
canny_hough,otsu,combined,127,0,0,0.0,0.0,,0.76,3.807,0.974,0.366,0.964
canny_hough,otsu,combined,128,0,0,0.0,0.0,,0.717,4.007,1.004,0.4,1.098
canny_hough,otsu,combined,129,0,0,0.0,0.0,,0.733,4.089,1.004,0.4,1.256
canny_hough,otsu,combined,130,0,0,0.0,0.0,,0.732,4.052,0.996,0.389,1.212
canny_hough,otsu,combined,131,0,0,0.0,0.0,,0.84,3.936,1.0,0.374,1.05
canny_hough,otsu,combined,132,0,0,0.0,0.0,,0.816,3.984,0.975,0.371,1.165
canny_hough,otsu,combined,133,0,0,0.0,0.0,,0.753,4.126,1.004,0.397,1.288
canny_hough,otsu,combined,134,0,0,0.0,0.0,,0.826,4.227,1.001,0.394,1.349
canny_hough,otsu,combined,135,0,0,0.0,0.0,,0.708,3.963,1.0,0.398,1.177
canny_hough,otsu,combined,136,0,0,0.0,0.0,,0.803,4.064,1.04,0.426,1.124
canny_hough,otsu,combined,137,0,0,0.0,0.0,,0.754,3.935,1.056,0.391,1.033
canny_hough,otsu,combined,138,0,0,0.0,0.0,,0.688,3.784,1.009,0.391,1.037
canny_hough,otsu,combined,139,0,0,0.0,0.0,,0.739,4.065,1.016,0.391,1.244
canny_hough,otsu,combined,140,0,0,0.0,0.0,,0.744,3.995,1.003,0.401,1.119
canny_hough,otsu,combined,141,0,0,0.0,0.0,,0.729,4.097,1.006,0.43,1.24
canny_hough,otsu,combined,142,0,0,0.0,0.0,,0.681,3.803,1.009,0.456,0.978
canny_hough,otsu,combined,143,0,0,0.0,0.0,,0.697,3.916,0.998,0.392,1.184
canny_hough,otsu,combined,144,0,0,0.0,0.0,,0.68,3.652,0.973,0.361,1.007
canny_hough,otsu,combined,145,0,0,0.0,0.0,,0.665,3.842,1.034,0.407,1.082
canny_hough,otsu,combined,146,0,0,0.0,0.0,,0.791,3.9,1.011,0.4,1.033
canny_hough,otsu,combined,147,0,0,0.0,0.0,,0.674,3.725,0.978,0.375,1.033
canny_hough,otsu,combined,148,0,0,0.0,0.0,,0.684,3.728,0.981,0.413,1.031
canny_hough,otsu,combined,149,0,0,0.0,0.0,,0.701,3.721,0.978,0.365,0.944
canny_hough,otsu,combined,150,0,0,0.0,0.0,,0.677,2.986,0.614,0.364,0.657
canny_hough,otsu,combined,151,0,0,0.0,0.0,,0.678,2.94,0.596,0.366,0.659
canny_hough,otsu,combined,152,0,0,0.0,0.0,,0.746,3.07,0.654,0.373,0.649
canny_hough,otsu,combined,153,0,0,0.0,0.0,,0.671,3.048,0.6,0.368,0.742
canny_hough,otsu,combined,154,0,0,0.0,0.0,,0.747,3.091,0.61,0.366,0.683
canny_hough,otsu,combined,155,0,0,0.0,0.0,,0.665,2.953,0.596,0.368,0.667
canny_hough,otsu,combined,156,0,0,0.0,0.0,,0.67,2.953,0.633,0.37,0.647
canny_hough,otsu,combined,157,0,0,0.0,0.0,,0.672,3.015,0.599,0.369,0.73
canny_hough,otsu,combined,158,0,0,0.0,0.0,,0.762,3.012,0.604,0.366,0.639
canny_hough,otsu,combined,159,0,0,0.0,0.0,,0.668,2.916,0.594,0.367,0.648
canny_hough,otsu,combined,160,0,0,0.0,0.0,,0.674,3.026,0.601,0.366,0.661
canny_hough,otsu,combined,161,0,0,0.0,0.0,,0.673,2.971,0.604,0.406,0.659
canny_hough,otsu,combined,162,0,0,0.0,0.0,,0.807,3.061,0.603,0.368,0.65
canny_hough,otsu,combined,163,0,0,0.0,0.0,,0.667,2.907,0.594,0.366,0.646
canny_hough,otsu,combined,164,0,0,0.0,0.0,,0.679,3.023,0.604,0.364,0.645
canny_hough,otsu,combined,165,0,0,0.0,0.0,,0.676,2.986,0.603,0.412,0.657
canny_hough,otsu,combined,166,0,0,0.0,0.0,,0.683,3.02,0.603,0.367,0.717
canny_hough,otsu,combined,167,0,0,0.0,0.0,,0.765,3.074,0.608,0.367,0.679
canny_hough,otsu,combined,168,0,0,0.0,0.0,,0.667,2.92,0.598,0.368,0.639
canny_hough,otsu,combined,169,0,0,0.0,0.0,,0.671,3.002,0.653,0.372,0.658
canny_hough,otsu,combined,170,0,0,0.0,0.0,,0.668,3.045,0.607,0.366,0.739
canny_hough,otsu,combined,171,0,0,0.0,0.0,,0.747,3.025,0.606,0.366,0.664
canny_hough,otsu,combined,172,0,0,0.0,0.0,,0.671,2.916,0.61,0.364,0.641
canny_hough,otsu,combined,173,0,0,0.0,0.0,,0.674,2.984,0.643,0.37,0.666
canny_hough,otsu,combined,174,0,0,0.0,0.0,,0.675,2.994,0.603,0.362,0.72
canny_hough,otsu,combined,175,0,0,0.0,0.0,,0.747,3.033,0.601,0.367,0.669
canny_hough,otsu,combined,176,0,0,0.0,0.0,,0.668,2.943,0.6,0.368,0.651
canny_hough,otsu,combined,177,0,0,0.0,0.0,,0.665,2.996,0.649,0.37,0.661
canny_hough,otsu,combined,178,0,0,0.0,0.0,,0.667,2.989,0.614,0.411,0.653
canny_hough,otsu,combined,179,0,0,0.0,0.0,,0.75,3.017,0.594,0.369,0.661
canny_hough,otsu,combined,180,0,0,0.0,0.0,,0.673,2.951,0.608,0.368,0.627
canny_hough,otsu,combined,181,0,0,0.0,0.0,,0.672,3.005,0.605,0.365,0.656
canny_hough,otsu,combined,182,0,0,0.0,0.0,,0.681,3.025,0.6,0.404,0.673
canny_hough,otsu,combined,183,0,0,0.0,0.0,,0.679,3.036,0.62,0.366,0.667
canny_hough,otsu,combined,184,0,0,0.0,0.0,,0.673,2.962,0.613,0.369,0.659
canny_hough,otsu,combined,185,0,0,0.0,0.0,,0.664,3.023,0.61,0.37,0.662
canny_hough,otsu,combined,186,0,0,0.0,0.0,,0.666,2.97,0.647,0.367,0.652
canny_hough,otsu,combined,187,0,0,0.0,0.0,,0.667,3.027,0.603,0.369,0.741
canny_hough,otsu,combined,188,0,0,0.0,0.0,,0.753,3.022,0.605,0.365,0.659
canny_hough,otsu,combined,189,0,0,0.0,0.0,,0.67,2.937,0.596,0.368,0.661
canny_hough,otsu,combined,190,0,0,0.0,0.0,,0.668,3.025,0.648,0.371,0.643
canny_hough,otsu,combined,191,0,0,0.0,0.0,,0.669,2.999,0.599,0.368,0.729
canny_hough,otsu,combined,192,0,0,0.0,0.0,,0.755,3.004,0.601,0.369,0.635
canny_hough,otsu,combined,193,0,0,0.0,0.0,,0.669,2.91,0.601,0.363,0.645
canny_hough,otsu,combined,194,0,0,0.0,0.0,,0.671,2.988,0.657,0.368,0.657
canny_hough,otsu,combined,195,0,0,0.0,0.0,,0.678,2.995,0.612,0.365,0.715
canny_hough,otsu,combined,196,0,0,0.0,0.0,,0.746,2.998,0.6,0.363,0.656
canny_hough,otsu,combined,197,0,0,0.0,0.0,,0.676,2.934,0.598,0.366,0.649
canny_hough,otsu,combined,198,0,0,0.0,0.0,,0.676,3.004,0.682,0.37,0.628
canny_hough,otsu,combined,199,0,0,0.0,0.0,,0.668,2.988,0.6,0.409,0.662
canny_hough,otsu,combined,200,0,0,0.0,0.0,,0.862,3.162,0.61,0.366,0.638
canny_hough,otsu,combined,201,0,0,0.0,0.0,,0.664,2.956,0.604,0.363,0.651
canny_hough,otsu,combined,202,0,0,0.0,0.0,,0.674,2.986,0.615,0.365,0.64
canny_hough,otsu,combined,203,0,0,0.0,0.0,,0.675,2.981,0.601,0.407,0.669
canny_hough,otsu,combined,204,0,0,0.0,0.0,,0.681,2.986,0.605,0.36,0.709
canny_hough,otsu,combined,205,0,0,0.0,0.0,,0.675,2.937,0.598,0.365,0.662
canny_hough,otsu,combined,206,0,0,0.0,0.0,,0.678,2.95,0.601,0.369,0.659
canny_hough,otsu,combined,207,0,0,0.0,0.0,,0.665,2.983,0.637,0.375,0.667
canny_hough,otsu,combined,208,0,0,0.0,0.0,,0.666,3.001,0.607,0.367,0.716
canny_hough,otsu,combined,209,0,0,0.0,0.0,,0.743,3.033,0.623,0.372,0.657
canny_hough,otsu,combined,210,0,0,0.0,0.0,,0.675,2.984,0.601,0.367,0.651
canny_hough,otsu,combined,211,0,0,0.0,0.0,,0.667,3.031,0.681,0.372,0.664
canny_hough,otsu,combined,212,0,0,0.0,0.0,,0.669,2.974,0.604,0.364,0.712
canny_hough,otsu,combined,213,0,0,0.0,0.0,,0.749,3.025,0.613,0.365,0.666
canny_hough,otsu,combined,214,0,0,0.0,0.0,,0.674,2.944,0.607,0.364,0.657
canny_hough,otsu,combined,215,0,0,0.0,0.0,,0.673,2.992,0.651,0.371,0.653
canny_hough,otsu,combined,216,0,0,0.0,0.0,,0.666,2.993,0.606,0.405,0.662
canny_hough,otsu,combined,217,0,0,0.0,0.0,,0.743,3.028,0.602,0.366,0.647
canny_hough,otsu,combined,218,0,0,0.0,0.0,,0.672,2.961,0.6,0.367,0.638
canny_hough,otsu,combined,219,0,0,0.0,0.0,,0.669,3.008,0.605,0.367,0.646
canny_hough,otsu,combined,220,0,0,0.0,0.0,,0.67,3.011,0.603,0.407,0.656
canny_hough,otsu,combined,221,0,0,0.0,0.0,,0.682,3.022,0.604,0.364,0.652
canny_hough,otsu,combined,222,0,0,0.0,0.0,,0.673,2.92,0.604,0.363,0.651
canny_hough,otsu,combined,223,0,0,0.0,0.0,,0.675,3.008,0.608,0.365,0.661
canny_hough,otsu,combined,224,0,0,0.0,0.0,,0.675,2.972,0.645,0.368,0.649
canny_hough,otsu,combined,225,0,0,0.0,0.0,,0.681,3.015,0.599,0.365,0.732
canny_hough,otsu,combined,226,0,0,0.0,0.0,,0.752,3.003,0.601,0.368,0.647
canny_hough,otsu,combined,227,0,0,0.0,0.0,,0.667,2.94,0.599,0.368,0.653
canny_hough,otsu,combined,228,0,0,0.0,0.0,,0.67,2.971,0.643,0.371,0.635
canny_hough,otsu,combined,229,0,0,0.0,0.0,,0.673,3.03,0.619,0.365,0.742
canny_hough,otsu,combined,230,0,0,0.0,0.0,,0.751,3.041,0.606,0.366,0.647
canny_hough,otsu,combined,231,0,0,0.0,0.0,,0.759,3.047,0.608,0.368,0.664
canny_hough,otsu,combined,232,0,0,0.0,0.0,,0.667,2.999,0.68,0.372,0.639
canny_hough,otsu,combined,233,0,0,0.0,0.0,,0.671,3.002,0.603,0.369,0.721
canny_hough,otsu,combined,234,0,0,0.0,0.0,,0.747,2.99,0.6,0.368,0.642
canny_hough,otsu,combined,235,0,0,0.0,0.0,,0.678,2.956,0.606,0.365,0.66
canny_hough,otsu,combined,236,0,0,0.0,0.0,,0.674,2.97,0.596,0.362,0.637
canny_hough,otsu,combined,237,0,0,0.0,0.0,,0.677,3.009,0.604,0.41,0.654
canny_hough,otsu,combined,238,0,0,0.0,0.0,,0.685,2.999,0.596,0.365,0.639
canny_hough,otsu,combined,239,0,0,0.0,0.0,,0.67,2.937,0.602,0.371,0.653
canny_hough,otsu,combined,240,0,0,0.0,0.0,,0.666,3.061,0.599,0.367,0.654
canny_hough,otsu,combined,241,0,0,0.0,0.0,,0.667,2.991,0.605,0.413,0.658
canny_hough,otsu,combined,242,0,0,0.0,0.0,,0.678,3.035,0.604,0.369,0.717
canny_hough,otsu,combined,243,0,0,0.0,0.0,,0.731,2.986,0.594,0.366,0.654
canny_hough,otsu,combined,244,0,0,0.0,0.0,,0.675,2.96,0.618,0.365,0.672
canny_hough,otsu,combined,245,0,0,0.0,0.0,,0.674,2.983,0.652,0.368,0.656
canny_hough,otsu,combined,246,0,0,0.0,0.0,,0.673,3.006,0.602,0.364,0.737
canny_hough,otsu,combined,247,0,0,0.0,0.0,,0.739,3.025,0.604,0.368,0.66
canny_hough,otsu,combined,248,0,0,0.0,0.0,,0.678,2.929,0.596,0.368,0.64
canny_hough,otsu,combined,249,0,0,0.0,0.0,,0.667,2.975,0.637,0.371,0.656
canny_hough,otsu,combined,250,0,0,0.0,0.0,,0.67,3.032,0.605,0.368,0.715
canny_hough,otsu,combined,251,0,0,0.0,0.0,,0.739,3.007,0.606,0.368,0.647
canny_hough,otsu,combined,252,0,0,0.0,0.0,,0.668,2.92,0.596,0.37,0.643
canny_hough,otsu,combined,253,0,0,0.0,0.0,,0.669,3.585,1.218,0.381,0.671
canny_hough,otsu,combined,254,0,0,0.0,0.0,,0.677,2.999,0.657,0.367,0.667
canny_hough,otsu,combined,255,0,0,0.0,0.0,,0.675,3.062,0.612,0.366,0.75
canny_hough,otsu,combined,256,0,0,0.0,0.0,,0.741,3.004,0.605,0.365,0.65
canny_hough,otsu,combined,257,0,0,0.0,0.0,,0.665,2.939,0.599,0.368,0.655
canny_hough,otsu,combined,258,0,0,0.0,0.0,,0.663,2.98,0.651,0.373,0.649
canny_hough,otsu,combined,259,0,0,0.0,0.0,,0.67,3.014,0.605,0.369,0.733
canny_hough,otsu,combined,260,0,0,0.0,0.0,,0.748,3.039,0.604,0.368,0.636
canny_hough,otsu,combined,261,0,0,0.0,0.0,,0.668,2.938,0.599,0.368,0.672
canny_hough,otsu,combined,262,0,0,0.0,0.0,,0.677,2.977,0.659,0.364,0.64
canny_hough,otsu,combined,263,0,0,0.0,0.0,,0.672,2.987,0.607,0.368,0.704
canny_hough,otsu,combined,264,0,0,0.0,0.0,,0.753,3.0,0.606,0.365,0.638
canny_hough,otsu,combined,265,0,0,0.0,0.0,,0.671,2.929,0.604,0.365,0.656
canny_hough,otsu,combined,266,0,0,0.0,0.0,,0.682,3.007,0.594,0.367,0.659
canny_hough,otsu,combined,267,0,0,0.0,0.0,,0.673,2.98,0.602,0.407,0.659
canny_hough,otsu,combined,268,0,0,0.0,0.0,,0.674,3.012,0.602,0.37,0.638
canny_hough,otsu,combined,269,0,0,0.0,0.0,,0.661,2.935,0.606,0.368,0.652
canny_hough,otsu,combined,270,0,0,0.0,0.0,,0.672,3.029,0.61,0.367,0.645
canny_hough,otsu,combined,271,0,0,0.0,0.0,,0.673,3.019,0.589,0.41,0.659
canny_hough,otsu,combined,272,0,0,0.0,0.0,,0.673,3.014,0.604,0.37,0.728
canny_hough,otsu,combined,273,0,0,0.0,0.0,,0.727,3.035,0.602,0.365,0.701
canny_hough,otsu,combined,274,0,0,0.0,0.0,,0.666,2.936,0.608,0.367,0.647
canny_hough,otsu,combined,275,0,0,0.0,0.0,,0.67,2.99,0.645,0.372,0.66
canny_hough,otsu,combined,276,0,0,0.0,0.0,,0.661,3.01,0.606,0.367,0.742
canny_hough,otsu,combined,277,0,0,0.0,0.0,,0.734,3.009,0.601,0.369,0.665
canny_hough,otsu,combined,278,0,0,0.0,0.0,,0.67,2.928,0.607,0.365,0.659
canny_hough,otsu,combined,279,0,0,0.0,0.0,,0.695,6.21,0.642,0.37,3.881
canny_hough,otsu,combined,280,0,0,0.0,0.0,,0.696,3.435,0.642,0.372,1.027
canny_hough,otsu,combined,281,0,0,0.0,0.0,,0.688,3.812,0.985,0.38,1.013
canny_hough,otsu,combined,282,0,0,0.0,0.0,,0.679,2.948,0.599,0.364,0.666
canny_hough,otsu,combined,283,0,0,0.0,0.0,,0.684,2.994,0.598,0.37,0.664
canny_hough,otsu,combined,284,0,0,0.0,0.0,,0.705,3.292,0.896,0.374,0.668
canny_hough,otsu,combined,285,0,0,0.0,0.0,,0.674,3.446,0.985,0.444,0.683
canny_hough,otsu,combined,286,0,0,0.0,0.0,,0.712,3.414,0.606,0.375,1.058
canny_hough,otsu,combined,287,0,0,0.0,0.0,,0.687,3.77,0.99,0.369,1.041
canny_hough,otsu,combined,288,0,0,0.0,0.0,,0.759,3.03,0.615,0.365,0.66
canny_hough,otsu,combined,289,0,0,0.0,0.0,,0.71,3.315,0.61,0.371,0.955
canny_hough,otsu,combined,290,0,0,0.0,0.0,,0.682,3.071,0.609,0.366,0.666
canny_hough,otsu,combined,291,0,0,0.0,0.0,,0.699,3.743,1.027,0.378,0.967
canny_hough,otsu,combined,292,0,0,0.0,0.0,,0.675,3.388,1.044,0.372,0.657
canny_hough,otsu,combined,293,0,0,0.0,0.0,,0.671,3.034,0.609,0.37,0.747
canny_hough,otsu,combined,294,0,0,0.0,0.0,,0.791,3.39,0.61,0.371,0.963
canny_hough,otsu,combined,295,0,0,0.0,0.0,,0.798,3.399,0.591,0.37,0.975
canny_hough,otsu,combined,296,0,0,0.0,0.0,,0.688,2.991,0.602,0.367,0.66
canny_hough,otsu,combined,297,0,0,0.0,0.0,,0.706,3.758,1.034,0.385,0.973
canny_hough,otsu,combined,298,0,0,0.0,0.0,,0.679,3.386,1.031,0.377,0.656
canny_hough,otsu,combined,299,0,0,0.0,0.0,,0.666,2.989,0.596,0.367,0.711
canny_hough,otsu,combined,300,0,0,0.0,0.0,,0.713,3.431,0.602,0.37,0.957
canny_hough,otsu,combined,301,0,0,0.0,0.0,,0.694,3.765,0.984,0.375,0.975
canny_hough,otsu,combined,302,0,0,0.0,0.0,,0.674,2.916,0.595,0.361,0.65
canny_hough,otsu,combined,303,0,0,0.0,0.0,,0.691,3.067,0.605,0.372,0.664
canny_hough,otsu,combined,304,0,0,0.0,0.0,,0.697,3.409,1.028,0.374,0.664
canny_hough,otsu,combined,305,0,0,0.0,0.0,,0.708,3.747,0.984,0.417,0.975
canny_hough,otsu,combined,306,0,0,0.0,0.0,,0.671,3.419,0.983,0.425,0.685
canny_hough,otsu,combined,307,0,0,0.0,0.0,,0.684,3.028,0.602,0.371,0.65
canny_hough,otsu,combined,308,0,0,0.0,0.0,,0.69,3.003,0.614,0.366,0.658
canny_hough,otsu,combined,309,0,0,0.0,0.0,,0.711,3.768,0.989,0.374,0.972
canny_hough,otsu,combined,310,0,0,0.0,0.0,,0.669,3.017,0.595,0.368,0.644
canny_hough,otsu,combined,311,0,0,0.0,0.0,,0.684,3.008,0.602,0.407,0.67
canny_hough,otsu,combined,312,0,0,0.0,0.0,,0.669,3.611,1.026,0.375,0.904
canny_hough,otsu,combined,313,0,0,0.0,0.0,,0.793,3.119,0.615,0.367,0.678
canny_hough,otsu,combined,314,0,0,0.0,0.0,,0.799,3.789,0.974,0.366,0.966
canny_hough,otsu,combined,315,0,0,0.0,0.0,,0.674,2.985,0.636,0.365,0.666
canny_hough,otsu,combined,316,0,0,0.0,0.0,,0.694,3.063,0.605,0.366,0.676
canny_hough,otsu,combined,317,0,0,0.0,0.0,,0.677,3.409,1.028,0.373,0.687
canny_hough,otsu,combined,318,0,0,0.0,0.0,,0.697,3.741,0.981,0.425,0.965
canny_hough,otsu,combined,319,0,0,0.0,0.0,,0.669,3.472,0.983,0.377,0.764
canny_hough,otsu,combined,320,0,0,0.0,0.0,,0.747,3.032,0.605,0.366,0.644
canny_hough,otsu,combined,321,0,0,0.0,0.0,,0.692,2.987,0.602,0.372,0.655
canny_hough,otsu,combined,322,0,0,0.0,0.0,,0.706,3.747,0.998,0.375,0.957
canny_hough,otsu,combined,323,0,0,0.0,0.0,,0.693,3.76,1.049,0.379,0.972
canny_hough,otsu,combined,324,0,0,0.0,0.0,,0.67,3.1,0.761,0.37,0.658
canny_hough,otsu,combined,325,0,0,0.0,0.0,,0.684,3.037,0.601,0.371,0.719
canny_hough,otsu,combined,326,0,0,0.0,0.0,,0.688,3.731,0.986,0.371,1.044
canny_hough,otsu,combined,327,0,0,0.0,0.0,,0.755,3.041,0.606,0.369,0.657
canny_hough,otsu,combined,328,0,0,0.0,0.0,,0.766,3.735,0.989,0.376,0.949
canny_hough,otsu,combined,329,0,0,0.0,0.0,,0.663,2.948,0.602,0.371,0.66
canny_hough,otsu,combined,330,0,0,0.0,0.0,,0.689,3.067,0.641,0.374,0.658
canny_hough,otsu,combined,331,0,0,0.0,0.0,,0.67,3.414,0.98,0.427,0.681
canny_hough,otsu,combined,332,0,0,0.0,0.0,,0.693,4.357,0.599,0.374,2.03
canny_hough,otsu,combined,333,0,0,0.0,0.0,,0.755,6.389,0.98,0.466,3.54
canny_hough,otsu,combined,334,0,0,0.0,0.0,,0.695,4.713,0.985,0.37,2.004
canny_hough,otsu,combined,335,0,0,0.0,0.0,,0.729,5.708,2.355,0.393,1.529
canny_hough,otsu,combined,336,0,0,0.0,0.0,,0.78,5.338,2.229,0.394,1.291
canny_hough,otsu,combined,337,0,0,0.0,0.0,,0.695,4.736,0.987,0.369,2.014
canny_hough,otsu,combined,338,0,0,0.0,0.0,,0.699,5.661,2.37,0.397,1.548
canny_hough,otsu,combined,339,0,0,0.0,0.0,,0.764,5.46,2.172,0.391,1.461
canny_hough,otsu,combined,340,0,0,0.0,0.0,,0.695,4.738,0.986,0.374,1.988
canny_hough,otsu,combined,341,0,0,0.0,0.0,,0.666,5.693,2.348,0.393,1.662
canny_hough,otsu,combined,342,0,0,0.0,0.0,,0.755,5.377,2.194,0.379,1.409
canny_hough,otsu,combined,343,0,0,0.0,0.0,,0.667,2.944,0.603,0.364,0.656
canny_hough,otsu,combined,344,0,0,0.0,0.0,,0.672,3.021,0.594,0.365,0.651
canny_hough,otsu,combined,345,0,0,0.0,0.0,,0.68,2.989,0.603,0.413,0.663
canny_hough,otsu,combined,346,0,0,0.0,0.0,,0.683,3.017,0.609,0.362,0.649
canny_hough,otsu,combined,347,0,0,0.0,0.0,,0.68,2.961,0.595,0.368,0.674
canny_hough,otsu,combined,348,0,0,0.0,0.0,,0.669,3.012,0.606,0.369,0.639
canny_hough,otsu,combined,349,0,0,0.0,0.0,,0.668,2.989,0.653,0.371,0.659
canny_hough,otsu,combined,350,0,0,0.0,0.0,,0.677,3.252,0.782,0.381,0.738
canny_hough,otsu,combined,351,0,0,0.0,0.0,,0.758,3.063,0.604,0.371,0.658
canny_hough,otsu,combined,352,0,0,0.0,0.0,,0.678,2.925,0.596,0.366,0.642
canny_hough,otsu,combined,353,0,0,0.0,0.0,,0.667,2.98,0.648,0.369,0.638
canny_hough,otsu,combined,354,0,0,0.0,0.0,,0.673,2.988,0.613,0.369,0.698
canny_hough,otsu,combined,355,0,0,0.0,0.0,,0.748,3.022,0.61,0.371,0.641
canny_hough,otsu,combined,356,0,0,0.0,0.0,,0.676,2.924,0.601,0.367,0.641
canny_hough,otsu,combined,357,0,0,0.0,0.0,,0.672,2.987,0.6,0.368,0.65
canny_hough,otsu,combined,358,0,0,0.0,0.0,,0.708,3.004,0.606,0.408,0.645
canny_hough,otsu,combined,359,0,0,0.0,0.0,,0.696,3.009,0.605,0.364,0.645
canny_hough,otsu,combined,360,0,0,0.0,0.0,,0.679,2.948,0.606,0.363,0.633
canny_hough,otsu,combined,361,0,0,0.0,0.0,,0.67,2.989,0.591,0.367,0.665
canny_hough,otsu,combined,362,0,0,0.0,0.0,,0.675,2.982,0.607,0.411,0.645
canny_hough,otsu,combined,363,0,0,0.0,0.0,,0.674,3.024,0.598,0.363,0.669
canny_hough,otsu,combined,364,0,0,0.0,0.0,,0.675,2.915,0.609,0.367,0.634
canny_hough,otsu,combined,365,0,0,0.0,0.0,,0.662,2.997,0.611,0.368,0.644
canny_hough,otsu,combined,366,0,0,0.0,0.0,,0.669,2.97,0.648,0.372,0.636
canny_hough,otsu,combined,367,0,0,0.0,0.0,,0.66,3.075,0.609,0.37,0.756
canny_hough,otsu,combined,368,0,0,0.0,0.0,,0.736,2.991,0.604,0.367,0.647
canny_hough,otsu,combined,369,0,0,0.0,0.0,,0.668,2.925,0.611,0.367,0.647
canny_hough,otsu,combined,370,0,0,0.0,0.0,,0.668,2.997,0.653,0.369,0.631
canny_hough,otsu,combined,371,0,0,0.0,0.0,,0.671,2.998,0.61,0.369,0.724
canny_hough,otsu,combined,372,0,0,0.0,0.0,,0.736,2.96,0.604,0.362,0.639
canny_hough,otsu,combined,373,0,0,0.0,0.0,,0.665,2.912,0.604,0.366,0.649
canny_hough,otsu,combined,374,0,0,0.0,0.0,,0.672,2.969,0.652,0.371,0.64
canny_hough,otsu,combined,375,0,0,0.0,0.0,,0.676,2.994,0.598,0.364,0.716
canny_hough,otsu,combined,376,0,0,0.0,0.0,,0.752,2.999,0.598,0.365,0.643
canny_hough,otsu,combined,377,0,0,0.0,0.0,,0.672,2.911,0.591,0.365,0.65
canny_hough,otsu,combined,378,0,0,0.0,0.0,,0.678,2.975,0.652,0.37,0.633
canny_hough,otsu,combined,379,0,0,0.0,0.0,,0.665,2.994,0.601,0.37,0.712
canny_hough,otsu,combined,380,0,0,0.0,0.0,,0.745,3.012,0.602,0.365,0.628
canny_hough,otsu,combined,381,0,0,0.0,0.0,,0.678,2.953,0.605,0.367,0.648
canny_hough,otsu,combined,382,0,0,0.0,0.0,,0.676,2.973,0.668,0.367,0.628
canny_hough,otsu,combined,383,0,0,0.0,0.0,,0.672,3.013,0.602,0.409,0.664
canny_hough,otsu,combined,384,0,0,0.0,0.0,,0.774,3.031,0.612,0.369,0.638
canny_hough,otsu,combined,385,0,0,0.0,0.0,,0.666,2.946,0.604,0.37,0.643
canny_hough,otsu,combined,386,0,0,0.0,0.0,,0.666,2.991,0.6,0.367,0.638
canny_hough,otsu,combined,387,0,0,0.0,0.0,,0.665,2.961,0.596,0.411,0.644
canny_hough,otsu,combined,388,0,0,0.0,0.0,,0.677,3.001,0.603,0.367,0.643
canny_hough,otsu,combined,389,0,0,0.0,0.0,,0.666,2.918,0.601,0.366,0.644
canny_hough,otsu,combined,390,0,0,0.0,0.0,,0.673,3.02,0.615,0.365,0.628
canny_hough,otsu,combined,391,0,0,0.0,0.0,,0.665,2.965,0.603,0.408,0.65
canny_hough,otsu,combined,392,0,0,0.0,0.0,,0.673,2.978,0.605,0.365,0.708
canny_hough,otsu,combined,393,0,0,0.0,0.0,,0.666,2.932,0.602,0.365,0.675
canny_hough,otsu,combined,394,0,0,0.0,0.0,,0.676,2.922,0.601,0.364,0.644
canny_hough,otsu,combined,395,0,0,0.0,0.0,,0.672,2.977,0.646,0.37,0.659
canny_hough,otsu,combined,396,0,0,0.0,0.0,,0.678,3.007,0.606,0.366,0.716
canny_hough,otsu,combined,397,0,0,0.0,0.0,,0.741,3.01,0.603,0.369,0.665
canny_hough,otsu,combined,398,0,0,0.0,0.0,,0.666,2.931,0.604,0.368,0.636
canny_hough,otsu,combined,399,0,0,0.0,0.0,,0.666,3.005,0.645,0.377,0.64
canny_hough,otsu,combined,400,0,0,0.0,0.0,,0.67,3.03,0.611,0.366,0.716
canny_hough,otsu,combined,401,0,0,0.0,0.0,,0.743,3.014,0.611,0.368,0.649
canny_hough,otsu,combined,402,0,0,0.0,0.0,,0.669,2.921,0.601,0.363,0.655
canny_hough,otsu,combined,403,0,0,0.0,0.0,,0.67,2.97,0.648,0.369,0.644
canny_hough,otsu,combined,404,0,0,0.0,0.0,,0.671,2.959,0.6,0.364,0.692
canny_hough,otsu,combined,405,0,0,0.0,0.0,,0.741,2.992,0.604,0.366,0.648
canny_hough,otsu,combined,406,0,0,0.0,0.0,,0.675,2.926,0.604,0.364,0.65
canny_hough,otsu,combined,407,0,0,0.0,0.0,,0.677,2.993,0.655,0.368,0.664
canny_hough,otsu,combined,408,0,0,0.0,0.0,,0.676,2.96,0.603,0.364,0.689
canny_hough,otsu,combined,409,0,0,0.0,0.0,,0.736,3.012,0.601,0.37,0.672
canny_hough,otsu,combined,410,0,0,0.0,0.0,,0.677,2.972,0.611,0.367,0.641
canny_hough,otsu,combined,411,0,0,0.0,0.0,,0.67,2.992,0.596,0.368,0.65
canny_hough,otsu,combined,412,0,0,0.0,0.0,,0.659,2.982,0.606,0.41,0.656
canny_hough,otsu,combined,413,0,0,0.0,0.0,,0.673,2.984,0.606,0.368,0.633
canny_hough,otsu,combined,414,0,0,0.0,0.0,,0.67,2.945,0.598,0.367,0.635
canny_hough,otsu,combined,415,0,0,0.0,0.0,,0.663,2.987,0.613,0.366,0.64
canny_hough,otsu,combined,416,0,0,0.0,0.0,,0.669,2.96,0.6,0.42,0.635
canny_hough,otsu,combined,417,0,0,0.0,0.0,,0.669,2.997,0.597,0.37,0.655
canny_hough,otsu,combined,418,0,0,0.0,0.0,,0.67,2.901,0.603,0.367,0.623
canny_hough,otsu,combined,419,0,0,0.0,0.0,,0.666,3.002,0.614,0.365,0.647
canny_hough,otsu,combined,420,0,0,0.0,0.0,,0.68,3.025,0.615,0.41,0.65
canny_hough,otsu,combined,421,0,0,0.0,0.0,,0.67,3.003,0.602,0.364,0.734
canny_hough,otsu,combined,422,0,0,0.0,0.0,,0.765,2.987,0.594,0.365,0.633
canny_hough,otsu,combined,423,0,0,0.0,0.0,,0.672,2.939,0.605,0.37,0.651
canny_hough,otsu,combined,424,0,0,0.0,0.0,,0.675,2.938,0.639,0.371,0.628
canny_hough,adaptive,combined,0,0,0,0.0,0.0,,0.72,11.675,1.036,8.142,1.089
canny_hough,adaptive,combined,1,0,0,0.0,0.0,,0.666,12.073,1.11,8.606,0.995
canny_hough,adaptive,combined,2,0,0,0.0,0.0,,0.668,11.635,0.651,8.71,0.938
canny_hough,adaptive,combined,3,0,0,0.0,0.0,,0.732,13.849,0.66,10.91,0.843
canny_hough,adaptive,combined,4,0,0,0.0,0.0,,1.016,11.878,0.691,7.823,1.487
canny_hough,adaptive,combined,5,0,0,0.0,0.0,,0.68,11.361,1.187,7.604,1.114
canny_hough,adaptive,combined,6,0,0,0.0,0.0,,0.687,10.866,1.048,7.234,1.235
canny_hough,adaptive,combined,7,0,0,0.0,0.0,,0.769,10.803,0.989,7.262,1.113
canny_hough,adaptive,combined,8,0,0,0.0,0.0,,0.73,10.816,0.983,7.247,1.121
canny_hough,adaptive,combined,9,0,0,0.0,0.0,,0.678,10.789,1.051,7.254,1.139
canny_hough,adaptive,combined,10,0,0,0.0,0.0,,0.713,10.832,0.985,7.278,1.197
canny_hough,adaptive,combined,11,0,0,0.0,0.0,,0.678,10.682,0.974,7.243,1.103
canny_hough,adaptive,combined,12,0,0,0.0,0.0,,0.685,10.788,0.987,7.284,1.116
canny_hough,adaptive,combined,13,0,0,0.0,0.0,,0.688,10.793,1.032,7.196,1.213
canny_hough,adaptive,combined,14,0,0,0.0,0.0,,0.74,10.803,0.98,7.263,1.116
canny_hough,adaptive,combined,15,0,0,0.0,0.0,,0.712,10.754,0.985,7.249,1.132
canny_hough,adaptive,combined,16,0,0,0.0,0.0,,0.706,10.788,1.037,7.211,1.115
canny_hough,adaptive,combined,17,0,0,0.0,0.0,,0.683,10.778,0.977,7.315,1.083
canny_hough,adaptive,combined,18,0,0,0.0,0.0,,0.673,10.534,1.017,7.149,1.073
canny_hough,adaptive,combined,19,0,0,0.0,0.0,,0.656,10.587,1.007,7.154,1.065
canny_hough,adaptive,combined,20,0,0,0.0,0.0,,0.674,10.645,1.024,7.147,1.08
canny_hough,adaptive,combined,21,0,0,0.0,0.0,,0.672,10.513,1.017,7.12,1.065
canny_hough,adaptive,combined,22,0,0,0.0,0.0,,0.717,10.902,1.027,7.294,1.214
canny_hough,adaptive,combined,23,0,0,0.0,0.0,,0.676,11.018,1.138,7.294,1.205
canny_hough,adaptive,combined,24,0,0,0.0,0.0,,0.737,10.961,1.03,7.354,1.15
canny_hough,adaptive,combined,25,0,0,0.0,0.0,,0.678,10.974,1.047,7.413,1.167
canny_hough,adaptive,combined,26,0,0,0.0,0.0,,0.715,11.23,1.018,7.458,1.187
canny_hough,adaptive,combined,27,0,0,0.0,0.0,,0.728,11.296,1.127,7.436,1.289
canny_hough,adaptive,combined,28,0,0,0.0,0.0,,0.665,10.85,1.016,7.448,1.07
canny_hough,adaptive,combined,29,0,0,0.0,0.0,,0.701,10.236,0.619,7.46,0.813
canny_hough,adaptive,combined,30,0,0,0.0,0.0,,0.669,10.207,0.823,7.188,0.871
canny_hough,adaptive,combined,31,0,0,0.0,0.0,,0.708,9.881,0.607,7.13,0.791
canny_hough,adaptive,combined,32,0,0,0.0,0.0,,0.672,10.075,0.613,7.175,0.785
canny_hough,adaptive,combined,33,0,0,0.0,0.0,,0.666,9.823,0.601,7.127,0.794
canny_hough,adaptive,combined,34,0,0,0.0,0.0,,0.667,10.02,0.605,7.104,0.886
canny_hough,adaptive,combined,35,0,0,0.0,0.0,,0.658,9.857,0.601,7.144,0.816
canny_hough,adaptive,combined,36,0,0,0.0,0.0,,0.667,9.95,0.619,7.088,0.868
canny_hough,adaptive,combined,37,0,0,0.0,0.0,,0.678,9.819,0.606,7.105,0.795
canny_hough,adaptive,combined,38,0,0,0.0,0.0,,0.673,9.902,0.605,7.083,0.853
canny_hough,adaptive,combined,39,0,0,0.0,0.0,,0.673,9.844,0.612,7.112,0.807
canny_hough,adaptive,combined,40,0,0,0.0,0.0,,0.671,9.904,0.649,7.088,0.866
canny_hough,adaptive,combined,41,0,0,0.0,0.0,,0.666,10.466,0.622,7.783,0.766
canny_hough,adaptive,combined,42,0,0,0.0,0.0,,0.673,9.933,0.601,7.156,0.778
canny_hough,adaptive,combined,43,0,0,0.0,0.0,,0.67,9.795,0.606,7.104,0.782
canny_hough,adaptive,combined,44,0,0,0.0,0.0,,0.671,9.963,0.603,7.165,0.788
canny_hough,adaptive,combined,45,0,0,0.0,0.0,,0.661,9.833,0.609,7.114,0.814
canny_hough,adaptive,combined,46,0,0,0.0,0.0,,0.663,9.976,0.62,7.106,0.848
canny_hough,adaptive,combined,47,0,0,0.0,0.0,,0.692,10.088,0.604,7.313,0.831
canny_hough,adaptive,combined,48,0,0,0.0,0.0,,0.7,10.898,0.992,7.351,1.123
canny_hough,adaptive,combined,49,0,0,0.0,0.0,,0.69,10.927,1.049,7.226,1.302
canny_hough,adaptive,combined,50,0,0,0.0,0.0,,0.761,10.775,0.977,7.246,1.116
canny_hough,adaptive,combined,51,0,0,0.0,0.0,,0.684,10.697,0.98,7.24,1.114
canny_hough,adaptive,combined,52,0,0,0.0,0.0,,0.71,10.803,1.033,7.287,1.125
canny_hough,adaptive,combined,53,0,0,0.0,0.0,,0.695,10.752,0.975,7.232,1.195
canny_hough,adaptive,combined,54,0,0,0.0,0.0,,0.684,10.757,0.993,7.268,1.12
canny_hough,adaptive,combined,55,0,0,0.0,0.0,,0.69,10.796,0.999,7.257,1.111
canny_hough,adaptive,combined,56,0,0,0.0,0.0,,0.701,10.986,1.046,7.202,1.376
canny_hough,adaptive,combined,57,0,0,0.0,0.0,,0.746,10.75,0.969,7.249,1.121
canny_hough,adaptive,combined,58,0,0,0.0,0.0,,0.695,10.76,0.989,7.253,1.127
canny_hough,adaptive,combined,59,0,0,0.0,0.0,,0.755,11.024,1.035,7.237,1.241
canny_hough,adaptive,combined,60,0,0,0.0,0.0,,0.663,10.64,0.976,7.106,1.163
canny_hough,adaptive,combined,61,0,0,0.0,0.0,,0.661,10.438,0.964,7.095,1.066
canny_hough,adaptive,combined,62,0,0,0.0,0.0,,0.67,10.588,0.989,7.168,1.067
canny_hough,adaptive,combined,63,0,0,0.0,0.0,,0.673,10.54,0.969,7.125,1.128
canny_hough,adaptive,combined,64,0,0,0.0,0.0,,0.675,10.497,0.983,7.108,1.072
canny_hough,adaptive,combined,65,0,0,0.0,0.0,,0.668,10.527,1.021,7.156,1.044
canny_hough,adaptive,combined,66,0,0,0.0,0.0,,0.735,10.537,0.971,7.117,1.073
canny_hough,adaptive,combined,67,0,0,0.0,0.0,,0.659,10.477,0.976,7.112,1.084
canny_hough,adaptive,combined,68,0,0,0.0,0.0,,0.674,10.528,1.027,7.07,1.128
canny_hough,adaptive,combined,69,0,0,0.0,0.0,,0.734,10.514,0.976,7.102,1.065
canny_hough,adaptive,combined,70,0,0,0.0,0.0,,0.673,10.533,0.977,7.154,1.076
canny_hough,adaptive,combined,71,0,0,0.0,0.0,,0.669,10.541,1.021,7.077,1.135
canny_hough,adaptive,combined,72,0,0,0.0,0.0,,0.725,10.549,0.971,7.121,1.079
canny_hough,adaptive,combined,73,0,0,0.0,0.0,,0.661,10.491,0.974,7.125,1.071
canny_hough,adaptive,combined,74,0,0,0.0,0.0,,0.662,10.612,1.021,7.083,1.17
canny_hough,adaptive,combined,75,0,0,0.0,0.0,,0.665,10.454,0.979,7.104,1.065
canny_hough,adaptive,combined,76,0,0,0.0,0.0,,0.686,10.488,0.967,7.128,1.071
canny_hough,adaptive,combined,77,0,0,0.0,0.0,,0.672,10.575,1.023,7.091,1.144
canny_hough,adaptive,combined,78,0,0,0.0,0.0,,0.666,10.517,0.974,7.157,1.071
canny_hough,adaptive,combined,79,0,0,0.0,0.0,,0.677,10.558,0.974,7.126,1.089
canny_hough,adaptive,combined,80,0,0,0.0,0.0,,0.666,10.536,0.976,7.116,1.133
canny_hough,adaptive,combined,81,0,0,0.0,0.0,,0.653,10.413,0.964,7.1,1.053
canny_hough,adaptive,combined,82,0,0,0.0,0.0,,0.673,10.545,1.018,7.154,1.061
canny_hough,adaptive,combined,83,0,0,0.0,0.0,,0.744,10.567,0.978,7.102,1.1
canny_hough,adaptive,combined,84,0,0,0.0,0.0,,0.674,10.5,0.966,7.127,1.069
canny_hough,adaptive,combined,85,0,0,0.0,0.0,,0.664,10.547,1.022,7.082,1.126
canny_hough,adaptive,combined,86,0,0,0.0,0.0,,0.733,10.524,0.966,7.116,1.069
canny_hough,adaptive,combined,87,0,0,0.0,0.0,,0.653,10.468,0.98,7.122,1.051
canny_hough,adaptive,combined,88,0,0,0.0,0.0,,0.656,10.562,1.029,7.091,1.149
canny_hough,adaptive,combined,89,0,0,0.0,0.0,,0.733,10.512,0.969,7.111,1.066
canny_hough,adaptive,combined,90,0,0,0.0,0.0,,0.669,10.474,0.969,7.14,1.064
canny_hough,adaptive,combined,91,0,0,0.0,0.0,,0.66,10.581,1.023,7.084,1.155
canny_hough,adaptive,combined,92,0,0,0.0,0.0,,0.671,10.451,0.963,7.11,1.075
canny_hough,adaptive,combined,93,0,0,0.0,0.0,,0.667,10.517,0.967,7.133,1.058
canny_hough,adaptive,combined,94,0,0,0.0,0.0,,0.665,10.555,0.968,7.119,1.143
canny_hough,adaptive,combined,95,0,0,0.0,0.0,,0.652,10.462,0.973,7.126,1.068
canny_hough,adaptive,combined,96,0,0,0.0,0.0,,0.663,10.605,0.984,7.182,1.067
canny_hough,adaptive,combined,97,0,0,0.0,0.0,,0.671,10.516,0.968,7.089,1.084
canny_hough,adaptive,combined,98,0,0,0.0,0.0,,0.669,10.443,0.971,7.113,1.057
canny_hough,adaptive,combined,99,0,0,0.0,0.0,,0.679,10.582,1.028,7.097,1.08
canny_hough,adaptive,combined,100,0,0,0.0,0.0,,0.741,10.533,0.974,7.107,1.07
canny_hough,adaptive,combined,101,0,0,0.0,0.0,,0.675,10.486,0.973,7.127,1.063
canny_hough,adaptive,combined,102,0,0,0.0,0.0,,0.679,10.587,1.03,7.088,1.148
canny_hough,adaptive,combined,103,0,0,0.0,0.0,,0.734,10.509,0.971,7.095,1.075
canny_hough,adaptive,combined,104,0,0,0.0,0.0,,0.677,10.542,0.969,7.164,1.063
canny_hough,adaptive,combined,105,0,0,0.0,0.0,,0.658,10.55,1.013,7.078,1.146
canny_hough,adaptive,combined,106,0,0,0.0,0.0,,0.727,10.522,0.974,7.1,1.07
canny_hough,adaptive,combined,107,0,0,0.0,0.0,,0.651,10.512,0.977,7.144,1.077
canny_hough,adaptive,combined,108,0,0,0.0,0.0,,0.664,10.572,1.03,7.094,1.14
canny_hough,adaptive,combined,109,0,0,0.0,0.0,,0.664,10.449,0.97,7.096,1.07
canny_hough,adaptive,combined,110,0,0,0.0,0.0,,0.661,10.544,0.971,7.155,1.059
canny_hough,adaptive,combined,111,0,0,0.0,0.0,,0.657,10.501,0.968,7.074,1.121
canny_hough,adaptive,combined,112,0,0,0.0,0.0,,0.663,10.488,0.969,7.132,1.076
canny_hough,adaptive,combined,113,0,0,0.0,0.0,,0.662,10.539,0.978,7.127,1.065
canny_hough,adaptive,combined,114,0,0,0.0,0.0,,0.671,10.592,0.97,7.133,1.075
canny_hough,adaptive,combined,115,0,0,0.0,0.0,,0.663,10.475,0.977,7.116,1.068
canny_hough,adaptive,combined,116,0,0,0.0,0.0,,0.667,10.537,1.028,7.142,1.065
canny_hough,adaptive,combined,117,0,0,0.0,0.0,,0.734,10.51,0.971,7.104,1.06
canny_hough,adaptive,combined,118,0,0,0.0,0.0,,0.671,10.499,0.967,7.138,1.069
canny_hough,adaptive,combined,119,0,0,0.0,0.0,,0.659,10.564,1.018,7.074,1.144
canny_hough,adaptive,combined,120,0,0,0.0,0.0,,0.733,10.514,0.981,7.098,1.071
canny_hough,adaptive,combined,121,0,0,0.0,0.0,,0.675,10.501,0.965,7.139,1.076
canny_hough,adaptive,combined,122,0,0,0.0,0.0,,0.666,10.598,1.015,7.085,1.142
canny_hough,adaptive,combined,123,0,0,0.0,0.0,,0.744,10.677,0.967,7.25,1.07
canny_hough,adaptive,combined,124,0,0,0.0,0.0,,0.667,10.541,0.963,7.166,1.071
canny_hough,adaptive,combined,125,0,0,0.0,0.0,,0.662,10.583,1.024,7.087,1.15
canny_hough,adaptive,combined,126,0,0,0.0,0.0,,0.731,10.582,0.974,7.165,1.078
canny_hough,adaptive,combined,127,0,0,0.0,0.0,,0.669,10.504,0.985,7.157,1.061
canny_hough,adaptive,combined,128,0,0,0.0,0.0,,0.659,10.524,1.019,7.071,1.14
canny_hough,adaptive,combined,129,0,0,0.0,0.0,,0.662,10.461,0.977,7.099,1.08
canny_hough,adaptive,combined,130,0,0,0.0,0.0,,0.661,10.538,0.972,7.138,1.064
canny_hough,adaptive,combined,131,0,0,0.0,0.0,,0.655,10.559,0.974,7.156,1.117
canny_hough,adaptive,combined,132,0,0,0.0,0.0,,0.667,10.539,0.984,7.126,1.078
canny_hough,adaptive,combined,133,0,0,0.0,0.0,,0.659,10.543,0.982,7.14,1.063
canny_hough,adaptive,combined,134,0,0,0.0,0.0,,0.672,10.559,0.978,7.13,1.12
canny_hough,adaptive,combined,135,0,0,0.0,0.0,,0.668,10.451,0.974,7.095,1.064
canny_hough,adaptive,combined,136,0,0,0.0,0.0,,0.675,10.509,1.008,7.103,1.081
canny_hough,adaptive,combined,137,0,0,0.0,0.0,,0.734,10.506,0.97,7.085,1.068
canny_hough,adaptive,combined,138,0,0,0.0,0.0,,0.664,11.11,0.974,7.759,1.087
canny_hough,adaptive,combined,139,0,0,0.0,0.0,,0.667,10.545,0.974,7.143,1.065
canny_hough,adaptive,combined,140,0,0,0.0,0.0,,0.669,10.52,0.962,7.123,1.133
canny_hough,adaptive,combined,141,0,0,0.0,0.0,,0.686,10.833,0.963,7.434,1.084
canny_hough,adaptive,combined,142,0,0,0.0,0.0,,0.703,10.876,0.985,7.334,1.125
canny_hough,adaptive,combined,143,0,0,0.0,0.0,,0.697,10.855,1.049,7.241,1.208
canny_hough,adaptive,combined,144,0,0,0.0,0.0,,0.765,10.832,1.014,7.248,1.12
canny_hough,adaptive,combined,145,0,0,0.0,0.0,,0.708,10.729,0.983,7.237,1.128
canny_hough,adaptive,combined,146,0,0,0.0,0.0,,0.7,10.772,1.04,7.264,1.104
canny_hough,adaptive,combined,147,0,0,0.0,0.0,,1.522,12.404,0.98,7.782,1.324
canny_hough,adaptive,combined,148,0,0,0.0,0.0,,0.698,11.085,1.107,7.359,1.203
canny_hough,adaptive,combined,149,0,0,0.0,0.0,,0.748,10.751,0.983,7.225,1.115
canny_hough,adaptive,combined,150,0,0,0.0,0.0,,0.696,10.752,0.983,7.32,1.081
canny_hough,adaptive,combined,151,0,0,0.0,0.0,,0.681,10.792,0.992,7.283,1.11
canny_hough,adaptive,combined,152,0,0,0.0,0.0,,0.687,10.809,0.983,7.271,1.208
canny_hough,adaptive,combined,153,0,0,0.0,0.0,,0.757,10.819,0.986,7.306,1.118
canny_hough,adaptive,combined,154,0,0,0.0,0.0,,0.682,10.587,0.982,7.166,1.072
canny_hough,adaptive,combined,155,0,0,0.0,0.0,,0.658,10.755,1.016,7.098,1.35
canny_hough,adaptive,combined,156,0,0,0.0,0.0,,0.729,10.571,0.982,7.143,1.073
canny_hough,adaptive,combined,157,0,0,0.0,0.0,,0.674,10.506,0.973,7.14,1.062
canny_hough,adaptive,combined,158,0,0,0.0,0.0,,0.675,10.584,1.015,7.088,1.178
canny_hough,adaptive,combined,159,0,0,0.0,0.0,,0.666,10.447,0.969,7.104,1.066
canny_hough,adaptive,combined,160,0,0,0.0,0.0,,0.671,10.479,0.966,7.147,1.056
canny_hough,adaptive,combined,161,0,0,0.0,0.0,,0.683,10.567,1.022,7.064,1.166
canny_hough,adaptive,combined,162,0,0,0.0,0.0,,0.673,10.47,0.971,7.139,1.064
canny_hough,adaptive,combined,163,0,0,0.0,0.0,,0.662,10.56,0.973,7.142,1.075
canny_hough,adaptive,combined,164,0,0,0.0,0.0,,0.669,10.582,0.973,7.119,1.141
canny_hough,adaptive,combined,165,0,0,0.0,0.0,,0.657,10.429,0.964,7.099,1.054
canny_hough,adaptive,combined,166,0,0,0.0,0.0,,0.67,10.536,1.026,7.139,1.068
canny_hough,adaptive,combined,167,0,0,0.0,0.0,,0.746,10.554,0.972,7.123,1.073
canny_hough,adaptive,combined,168,0,0,0.0,0.0,,0.661,10.466,0.977,7.11,1.064
canny_hough,adaptive,combined,169,0,0,0.0,0.0,,0.675,10.578,1.013,7.131,1.12
canny_hough,adaptive,combined,170,0,0,0.0,0.0,,0.751,10.559,0.977,7.134,1.065
canny_hough,adaptive,combined,171,0,0,0.0,0.0,,0.667,10.505,0.972,7.144,1.066
canny_hough,adaptive,combined,172,0,0,0.0,0.0,,0.677,10.61,1.031,7.106,1.147
canny_hough,adaptive,combined,173,0,0,0.0,0.0,,0.756,10.523,0.969,7.097,1.066
canny_hough,adaptive,combined,174,0,0,0.0,0.0,,0.692,10.539,0.965,7.141,1.08
canny_hough,adaptive,combined,175,0,0,0.0,0.0,,0.669,10.551,1.014,7.093,1.125
canny_hough,adaptive,combined,176,0,0,0.0,0.0,,0.744,10.575,0.976,7.117,1.082
canny_hough,adaptive,combined,177,0,0,0.0,0.0,,0.658,10.486,0.968,7.158,1.063
canny_hough,adaptive,combined,178,0,0,0.0,0.0,,0.666,10.518,1.017,7.075,1.138
canny_hough,adaptive,combined,179,0,0,0.0,0.0,,0.658,10.479,0.989,7.118,1.073
canny_hough,adaptive,combined,180,0,0,0.0,0.0,,0.664,10.566,0.979,7.169,1.074
canny_hough,adaptive,combined,181,0,0,0.0,0.0,,0.658,10.525,0.967,7.105,1.143
canny_hough,adaptive,combined,182,0,0,0.0,0.0,,0.669,10.46,0.974,7.11,1.068
canny_hough,adaptive,combined,183,0,0,0.0,0.0,,0.673,10.547,0.977,7.124,1.078
canny_hough,adaptive,combined,184,0,0,0.0,0.0,,0.683,10.55,0.973,7.097,1.085
canny_hough,adaptive,combined,185,0,0,0.0,0.0,,0.675,10.476,0.969,7.137,1.06
canny_hough,adaptive,combined,186,0,0,0.0,0.0,,0.669,10.618,1.025,7.101,1.139
canny_hough,adaptive,combined,187,0,0,0.0,0.0,,0.729,10.565,0.964,7.108,1.077
canny_hough,adaptive,combined,188,0,0,0.0,0.0,,0.663,10.504,0.972,7.134,1.075
canny_hough,adaptive,combined,189,0,0,0.0,0.0,,0.666,10.547,1.02,7.083,1.136
canny_hough,adaptive,combined,190,0,0,0.0,0.0,,0.738,10.503,0.977,7.1,1.06
canny_hough,adaptive,combined,191,0,0,0.0,0.0,,0.662,10.492,0.966,7.122,1.073
canny_hough,adaptive,combined,192,0,0,0.0,0.0,,0.667,10.567,1.035,7.077,1.142
canny_hough,adaptive,combined,193,0,0,0.0,0.0,,0.725,10.476,0.973,7.095,1.053
canny_hough,adaptive,combined,194,0,0,0.0,0.0,,0.673,10.551,0.972,7.169,1.067
canny_hough,adaptive,combined,195,0,0,0.0,0.0,,0.66,10.562,1.022,7.076,1.147
canny_hough,adaptive,combined,196,0,0,0.0,0.0,,0.665,10.49,0.982,7.106,1.074
canny_hough,adaptive,combined,197,0,0,0.0,0.0,,0.673,10.54,0.969,7.145,1.079
canny_hough,adaptive,combined,198,0,0,0.0,0.0,,0.673,10.517,0.972,7.119,1.125
canny_hough,adaptive,combined,199,0,0,0.0,0.0,,0.651,10.425,0.965,7.116,1.068
canny_hough,adaptive,combined,200,0,0,0.0,0.0,,0.667,10.54,0.973,7.149,1.062
canny_hough,adaptive,combined,201,0,0,0.0,0.0,,0.669,10.567,0.977,7.104,1.084
canny_hough,adaptive,combined,202,0,0,0.0,0.0,,0.665,10.487,0.982,7.106,1.073
canny_hough,adaptive,combined,203,0,0,0.0,0.0,,0.672,10.577,1.028,7.092,1.138
canny_hough,adaptive,combined,204,0,0,0.0,0.0,,0.737,10.553,0.975,7.095,1.07
canny_hough,adaptive,combined,205,0,0,0.0,0.0,,0.662,10.486,0.964,7.111,1.061
canny_hough,adaptive,combined,206,0,0,0.0,0.0,,0.662,10.55,1.033,7.078,1.129
canny_hough,adaptive,combined,207,0,0,0.0,0.0,,0.733,10.496,0.974,7.096,1.057
canny_hough,adaptive,combined,208,0,0,0.0,0.0,,0.668,10.476,0.967,7.14,1.065
canny_hough,adaptive,combined,209,0,0,0.0,0.0,,0.662,10.599,1.034,7.089,1.155
canny_hough,adaptive,combined,210,0,0,0.0,0.0,,0.728,10.545,0.973,7.121,1.076
canny_hough,adaptive,combined,211,0,0,0.0,0.0,,0.656,10.531,0.979,7.171,1.072
canny_hough,adaptive,combined,212,0,0,0.0,0.0,,0.655,10.482,1.01,7.068,1.122
canny_hough,adaptive,combined,213,0,0,0.0,0.0,,0.66,10.394,0.965,7.092,1.052
canny_hough,adaptive,combined,214,0,0,0.0,0.0,,0.672,10.583,0.975,7.144,1.062
canny_hough,adaptive,combined,215,0,0,0.0,0.0,,0.665,10.508,0.964,7.107,1.116
canny_hough,adaptive,combined,216,0,0,0.0,0.0,,0.67,10.463,0.969,7.123,1.063
canny_hough,adaptive,combined,217,0,0,0.0,0.0,,0.673,10.537,1.016,7.131,1.068
canny_hough,adaptive,combined,218,0,0,0.0,0.0,,0.729,10.533,0.976,7.113,1.069
canny_hough,adaptive,combined,219,0,0,0.0,0.0,,0.666,10.582,0.979,7.199,1.086
canny_hough,adaptive,combined,220,0,0,0.0,0.0,,0.682,10.558,1.013,7.08,1.156
canny_hough,adaptive,combined,221,0,0,0.0,0.0,,0.739,10.523,0.97,7.124,1.049
canny_hough,adaptive,combined,222,0,0,0.0,0.0,,0.66,10.509,0.97,7.184,1.054
canny_hough,adaptive,combined,223,0,0,0.0,0.0,,0.657,10.544,1.025,7.088,1.121
canny_hough,adaptive,combined,224,0,0,0.0,0.0,,0.723,10.567,0.969,7.112,1.062
canny_hough,adaptive,combined,225,0,0,0.0,0.0,,0.66,10.463,0.964,7.116,1.074
canny_hough,adaptive,combined,226,0,0,0.0,0.0,,0.662,10.559,1.018,7.094,1.148
canny_hough,adaptive,combined,227,0,0,0.0,0.0,,0.657,10.449,0.973,7.116,1.067
canny_hough,adaptive,combined,228,0,0,0.0,0.0,,0.657,10.457,0.971,7.143,1.059
canny_hough,adaptive,combined,229,0,0,0.0,0.0,,0.659,10.535,1.026,7.074,1.134
canny_hough,adaptive,combined,230,0,0,0.0,0.0,,0.66,10.455,0.976,7.11,1.07
canny_hough,adaptive,combined,231,0,0,0.0,0.0,,0.655,10.552,0.977,7.155,1.058
canny_hough,adaptive,combined,232,0,0,0.0,0.0,,0.673,10.56,0.976,7.137,1.072
canny_hough,adaptive,combined,233,0,0,0.0,0.0,,0.657,10.46,0.977,7.11,1.068
canny_hough,adaptive,combined,234,0,0,0.0,0.0,,0.672,11.199,1.025,7.769,1.067
canny_hough,adaptive,combined,235,0,0,0.0,0.0,,0.667,10.712,1.019,7.26,1.122
canny_hough,adaptive,combined,236,0,0,0.0,0.0,,0.739,10.551,0.972,7.154,1.062
canny_hough,adaptive,combined,237,0,0,0.0,0.0,,0.667,10.492,0.967,7.138,1.065
canny_hough,adaptive,combined,238,0,0,0.0,0.0,,0.657,10.596,1.025,7.116,1.15
canny_hough,adaptive,combined,239,0,0,0.0,0.0,,0.657,10.446,0.966,7.097,1.079
canny_hough,adaptive,combined,240,0,0,0.0,0.0,,0.661,10.594,0.977,7.182,1.069
canny_hough,adaptive,combined,241,0,0,0.0,0.0,,0.658,10.584,0.975,7.175,1.134
canny_hough,adaptive,combined,242,0,0,0.0,0.0,,0.664,10.489,0.966,7.176,1.057
canny_hough,adaptive,combined,243,0,0,0.0,0.0,,0.67,10.56,0.974,7.149,1.068
canny_hough,adaptive,combined,244,0,0,0.0,0.0,,0.679,10.624,0.98,7.142,1.14
canny_hough,adaptive,combined,245,0,0,0.0,0.0,,0.673,10.471,0.979,7.105,1.076
canny_hough,adaptive,combined,246,0,0,0.0,0.0,,0.675,10.545,0.983,7.163,1.035
canny_hough,adaptive,combined,247,0,0,0.0,0.0,,0.672,10.515,0.966,7.121,1.065
canny_hough,adaptive,combined,248,0,0,0.0,0.0,,0.671,10.487,0.979,7.123,1.058
canny_hough,adaptive,combined,249,0,0,0.0,0.0,,0.659,10.571,1.022,7.101,1.141
canny_hough,adaptive,combined,250,0,0,0.0,0.0,,0.734,10.579,0.971,7.133,1.064
canny_hough,adaptive,combined,251,0,0,0.0,0.0,,0.663,10.47,0.963,7.124,1.061
canny_hough,adaptive,combined,252,0,0,0.0,0.0,,0.663,10.549,1.025,7.084,1.136
canny_hough,adaptive,combined,253,0,0,0.0,0.0,,0.731,10.503,0.969,7.105,1.06
canny_hough,adaptive,combined,254,0,0,0.0,0.0,,0.676,10.487,0.96,7.133,1.056
canny_hough,adaptive,combined,255,0,0,0.0,0.0,,0.661,10.58,1.019,7.081,1.168
canny_hough,adaptive,combined,256,0,0,0.0,0.0,,0.664,10.454,0.969,7.102,1.067
canny_hough,adaptive,combined,257,0,0,0.0,0.0,,0.671,10.483,0.972,7.131,1.072
canny_hough,adaptive,combined,258,0,0,0.0,0.0,,0.666,10.558,1.03,7.078,1.146
canny_hough,adaptive,combined,259,0,0,0.0,0.0,,0.655,10.436,0.967,7.101,1.071
canny_hough,adaptive,combined,260,0,0,0.0,0.0,,0.658,10.58,0.965,7.165,1.069
canny_hough,adaptive,combined,261,0,0,0.0,0.0,,0.668,10.52,0.972,7.103,1.129
canny_hough,adaptive,combined,262,0,0,0.0,0.0,,0.658,10.434,0.974,7.102,1.05
canny_hough,adaptive,combined,263,0,0,0.0,0.0,,0.664,10.516,1.016,7.115,1.082
canny_hough,adaptive,combined,264,0,0,0.0,0.0,,0.731,10.579,0.973,7.123,1.087
canny_hough,adaptive,combined,265,0,0,0.0,0.0,,0.666,10.468,0.975,7.119,1.065
canny_hough,adaptive,combined,266,0,0,0.0,0.0,,0.665,10.537,1.024,7.081,1.126
canny_hough,adaptive,combined,267,0,0,0.0,0.0,,0.729,10.548,0.974,7.144,1.063
canny_hough,adaptive,combined,268,0,0,0.0,0.0,,0.67,10.479,0.968,7.129,1.072
canny_hough,adaptive,combined,269,0,0,0.0,0.0,,0.663,10.576,1.021,7.09,1.14
canny_hough,adaptive,combined,270,0,0,0.0,0.0,,0.726,10.543,0.972,7.13,1.076
canny_hough,adaptive,combined,271,0,0,0.0,0.0,,0.664,10.513,0.976,7.163,1.061
canny_hough,adaptive,combined,272,0,0,0.0,0.0,,0.662,10.53,1.025,7.083,1.137
canny_hough,adaptive,combined,273,0,0,0.0,0.0,,0.663,10.452,0.965,7.111,1.068
canny_hough,adaptive,combined,274,0,0,0.0,0.0,,0.666,10.569,0.969,7.139,1.077
canny_hough,adaptive,combined,275,0,0,0.0,0.0,,0.659,10.582,0.963,7.144,1.136
canny_hough,adaptive,combined,276,0,0,0.0,0.0,,0.657,10.482,0.974,7.103,1.086
canny_hough,adaptive,combined,277,0,0,0.0,0.0,,0.652,10.506,0.977,7.11,1.063
canny_hough,adaptive,combined,278,0,0,0.0,0.0,,0.671,10.523,0.975,7.112,1.056
canny_hough,adaptive,combined,279,0,0,0.0,0.0,,0.657,10.439,0.964,7.105,1.076
canny_hough,adaptive,combined,280,0,0,0.0,0.0,,0.665,10.559,1.024,7.101,1.135
canny_hough,adaptive,combined,281,0,0,0.0,0.0,,0.727,10.506,0.975,7.086,1.072
canny_hough,adaptive,combined,282,0,0,0.0,0.0,,0.659,10.499,0.972,7.137,1.079
canny_hough,adaptive,combined,283,0,0,0.0,0.0,,0.657,10.559,1.016,7.098,1.133
canny_hough,adaptive,combined,284,0,0,0.0,0.0,,0.726,10.568,0.976,7.123,1.072
canny_hough,adaptive,combined,285,0,0,0.0,0.0,,0.664,10.497,0.974,7.15,1.062
canny_hough,adaptive,combined,286,0,0,0.0,0.0,,0.673,10.589,1.031,7.101,1.143
canny_hough,adaptive,combined,287,0,0,0.0,0.0,,0.727,10.531,0.972,7.115,1.061
canny_hough,adaptive,combined,288,0,0,0.0,0.0,,0.659,10.53,0.975,7.171,1.069
canny_hough,adaptive,combined,289,0,0,0.0,0.0,,0.655,10.544,1.01,7.077,1.144
canny_hough,adaptive,combined,290,0,0,0.0,0.0,,0.65,10.462,0.982,7.125,1.06
canny_hough,adaptive,combined,291,0,0,0.0,0.0,,0.667,10.585,0.97,7.15,1.063
canny_hough,adaptive,combined,292,0,0,0.0,0.0,,0.664,10.511,0.966,7.129,1.124
canny_hough,adaptive,combined,293,0,0,0.0,0.0,,0.662,10.465,0.977,7.096,1.083
canny_hough,adaptive,combined,294,0,0,0.0,0.0,,0.676,10.615,0.988,7.146,1.065
canny_hough,adaptive,combined,295,0,0,0.0,0.0,,0.686,10.536,0.973,7.11,1.06
canny_hough,adaptive,combined,296,0,0,0.0,0.0,,0.657,10.441,0.966,7.112,1.069
canny_hough,adaptive,combined,297,0,0,0.0,0.0,,0.659,10.479,1.015,7.06,1.113
canny_hough,adaptive,combined,298,0,0,0.0,0.0,,0.737,10.51,0.966,7.111,1.069
canny_hough,adaptive,combined,299,0,0,0.0,0.0,,0.652,10.451,0.958,7.127,1.073
canny_hough,adaptive,combined,300,0,0,0.0,0.0,,0.667,10.561,1.025,7.099,1.133
canny_hough,adaptive,combined,301,0,0,0.0,0.0,,0.736,10.513,0.971,7.12,1.055
canny_hough,adaptive,combined,302,0,0,0.0,0.0,,0.665,10.48,0.968,7.156,1.061
canny_hough,adaptive,combined,303,0,0,0.0,0.0,,0.662,10.576,1.019,7.087,1.162
canny_hough,adaptive,combined,304,0,0,0.0,0.0,,0.731,10.562,0.97,7.101,1.082
canny_hough,adaptive,combined,305,0,0,0.0,0.0,,0.662,10.476,0.968,7.15,1.056
canny_hough,adaptive,combined,306,0,0,0.0,0.0,,0.658,10.516,1.013,7.065,1.129
canny_hough,adaptive,combined,307,0,0,0.0,0.0,,0.666,10.477,0.969,7.095,1.056
canny_hough,adaptive,combined,308,0,0,0.0,0.0,,0.673,10.535,0.981,7.138,1.058
canny_hough,adaptive,combined,309,0,0,0.0,0.0,,0.661,10.575,0.976,7.118,1.169
canny_hough,adaptive,combined,310,0,0,0.0,0.0,,0.671,10.49,0.968,7.125,1.088
canny_hough,adaptive,combined,311,0,0,0.0,0.0,,0.665,10.536,1.032,7.148,1.051
canny_hough,adaptive,combined,312,0,0,0.0,0.0,,0.818,10.635,0.976,7.134,1.06
canny_hough,adaptive,combined,313,0,0,0.0,0.0,,0.66,10.556,0.976,7.18,1.09
canny_hough,adaptive,combined,314,0,0,0.0,0.0,,0.672,10.612,1.033,7.165,1.059
canny_hough,adaptive,combined,315,0,0,0.0,0.0,,0.865,10.689,0.976,7.142,1.067
canny_hough,adaptive,combined,316,0,0,0.0,0.0,,0.66,10.463,0.971,7.105,1.063
canny_hough,adaptive,combined,317,0,0,0.0,0.0,,0.656,10.53,1.015,7.073,1.125
canny_hough,adaptive,combined,318,0,0,0.0,0.0,,0.738,10.591,0.98,7.146,1.084
canny_hough,adaptive,combined,319,0,0,0.0,0.0,,0.671,10.486,0.977,7.129,1.059
canny_hough,adaptive,combined,320,0,0,0.0,0.0,,0.669,10.534,1.022,7.078,1.141
canny_hough,adaptive,combined,321,0,0,0.0,0.0,,0.732,10.518,0.966,7.121,1.063
canny_hough,adaptive,combined,322,0,0,0.0,0.0,,0.661,10.457,0.965,7.136,1.061
canny_hough,adaptive,combined,323,0,0,0.0,0.0,,0.662,10.575,1.019,7.075,1.144
canny_hough,adaptive,combined,324,0,0,0.0,0.0,,0.732,10.542,0.971,7.093,1.069
canny_hough,adaptive,combined,325,0,0,0.0,0.0,,0.662,10.503,0.973,7.142,1.077
canny_hough,adaptive,combined,326,0,0,0.0,0.0,,0.66,10.564,1.039,7.074,1.14
canny_hough,adaptive,combined,327,0,0,0.0,0.0,,0.652,10.452,0.97,7.108,1.075
canny_hough,adaptive,combined,328,0,0,0.0,0.0,,0.663,10.545,0.977,7.145,1.08
canny_hough,adaptive,combined,329,0,0,0.0,0.0,,0.866,11.062,0.968,7.296,1.199
canny_hough,adaptive,combined,330,0,0,0.0,0.0,,1.126,11.122,1.053,7.215,1.05
canny_hough,adaptive,combined,331,0,0,0.0,0.0,,0.654,10.665,0.985,7.137,1.066
canny_hough,adaptive,combined,332,0,0,0.0,0.0,,0.658,10.54,0.969,7.126,1.093
canny_hough,adaptive,combined,333,0,0,0.0,0.0,,0.667,10.518,0.96,7.118,1.068
canny_hough,adaptive,combined,334,0,0,0.0,0.0,,0.67,10.509,0.967,7.126,1.067
canny_hough,adaptive,combined,335,0,0,0.0,0.0,,0.651,10.573,1.024,7.173,1.072
canny_hough,adaptive,combined,336,0,0,0.0,0.0,,0.745,10.515,0.968,7.123,1.057
canny_hough,adaptive,combined,337,0,0,0.0,0.0,,0.653,10.464,0.976,7.125,1.059
canny_hough,adaptive,combined,338,0,0,0.0,0.0,,0.667,10.532,1.023,7.09,1.118
canny_hough,adaptive,combined,339,0,0,0.0,0.0,,0.724,10.551,0.965,7.153,1.056
canny_hough,adaptive,combined,340,0,0,0.0,0.0,,0.668,10.477,0.973,7.137,1.054
canny_hough,adaptive,combined,341,0,0,0.0,0.0,,0.654,10.55,1.03,7.086,1.134
canny_hough,adaptive,combined,342,0,0,0.0,0.0,,0.655,10.441,0.971,7.103,1.077
canny_hough,adaptive,combined,343,0,0,0.0,0.0,,0.651,10.426,0.969,7.128,1.051
canny_hough,adaptive,combined,344,0,0,0.0,0.0,,0.674,10.592,1.034,7.085,1.124
canny_hough,adaptive,combined,345,0,0,0.0,0.0,,0.655,10.423,0.961,7.102,1.059
canny_hough,adaptive,combined,346,0,0,0.0,0.0,,0.664,10.563,0.98,7.141,1.073
canny_hough,adaptive,combined,347,0,0,0.0,0.0,,0.671,10.535,0.972,7.111,1.068
canny_hough,adaptive,combined,348,0,0,0.0,0.0,,0.669,10.507,0.986,7.133,1.061
canny_hough,adaptive,combined,349,0,0,0.0,0.0,,0.659,10.585,1.039,7.17,1.067
canny_hough,adaptive,combined,350,0,0,0.0,0.0,,0.674,10.55,0.97,7.128,1.065
canny_hough,adaptive,combined,351,0,0,0.0,0.0,,0.657,10.458,0.976,7.114,1.054
canny_hough,adaptive,combined,352,0,0,0.0,0.0,,0.671,10.502,1.019,7.082,1.109
canny_hough,adaptive,combined,353,0,0,0.0,0.0,,0.736,10.512,0.962,7.113,1.072
canny_hough,adaptive,combined,354,0,0,0.0,0.0,,0.67,10.539,0.971,7.139,1.082
canny_hough,adaptive,combined,355,0,0,0.0,0.0,,0.679,10.567,1.017,7.109,1.113
canny_hough,adaptive,combined,356,0,0,0.0,0.0,,0.739,10.538,0.977,7.103,1.081
canny_hough,adaptive,combined,357,0,0,0.0,0.0,,0.66,10.488,0.969,7.144,1.064
canny_hough,adaptive,combined,358,0,0,0.0,0.0,,0.68,10.655,1.026,7.112,1.18
canny_hough,adaptive,combined,359,0,0,0.0,0.0,,0.724,10.551,0.976,7.118,1.085
canny_hough,adaptive,combined,360,0,0,0.0,0.0,,0.664,10.524,0.971,7.153,1.079
canny_hough,adaptive,combined,361,0,0,0.0,0.0,,0.655,10.556,1.023,7.079,1.14
canny_hough,adaptive,combined,362,0,0,0.0,0.0,,0.658,10.438,0.975,7.096,1.071
canny_hough,adaptive,combined,363,0,0,0.0,0.0,,0.655,10.546,0.984,7.142,1.073
canny_hough,adaptive,combined,364,0,0,0.0,0.0,,0.671,10.536,0.971,7.116,1.115
canny_hough,adaptive,combined,365,0,0,0.0,0.0,,0.66,10.433,0.97,7.093,1.067
canny_hough,adaptive,combined,366,0,0,0.0,0.0,,0.666,10.523,0.974,7.132,1.072
canny_hough,adaptive,combined,367,0,0,0.0,0.0,,0.669,10.54,0.965,7.112,1.085
canny_hough,adaptive,combined,368,0,0,0.0,0.0,,0.66,10.466,0.968,7.128,1.057
canny_hough,adaptive,combined,369,0,0,0.0,0.0,,0.657,10.54,1.022,7.084,1.131
canny_hough,adaptive,combined,370,0,0,0.0,0.0,,0.73,10.539,0.978,7.12,1.08
canny_hough,adaptive,combined,371,0,0,0.0,0.0,,0.664,10.502,0.976,7.145,1.071
canny_hough,adaptive,combined,372,0,0,0.0,0.0,,0.663,10.556,1.017,7.101,1.144
canny_hough,adaptive,combined,373,0,0,0.0,0.0,,0.721,10.542,0.982,7.124,1.065
canny_hough,adaptive,combined,374,0,0,0.0,0.0,,0.666,10.542,0.974,7.152,1.071
canny_hough,adaptive,combined,375,0,0,0.0,0.0,,0.656,10.552,1.006,7.078,1.155
canny_hough,adaptive,combined,376,0,0,0.0,0.0,,0.649,10.422,0.968,7.101,1.067
canny_hough,adaptive,combined,377,0,0,0.0,0.0,,0.677,10.596,0.976,7.143,1.067
canny_hough,adaptive,combined,378,0,0,0.0,0.0,,0.66,10.551,1.012,7.101,1.137
canny_hough,adaptive,combined,379,0,0,0.0,0.0,,0.654,10.444,0.962,7.115,1.069
canny_hough,adaptive,combined,380,0,0,0.0,0.0,,0.66,10.571,0.982,7.157,1.068
canny_hough,adaptive,combined,381,0,0,0.0,0.0,,0.661,10.531,0.969,7.117,1.13
canny_hough,adaptive,combined,382,0,0,0.0,0.0,,0.655,10.441,0.971,7.112,1.056
canny_hough,adaptive,combined,383,0,0,0.0,0.0,,0.655,10.544,0.969,7.134,1.088
canny_hough,adaptive,combined,384,0,0,0.0,0.0,,0.673,10.557,0.98,7.115,1.074
canny_hough,adaptive,combined,385,0,0,0.0,0.0,,0.655,10.447,0.962,7.11,1.077
canny_hough,adaptive,combined,386,0,0,0.0,0.0,,0.654,10.529,1.021,7.081,1.127
canny_hough,adaptive,combined,387,0,0,0.0,0.0,,0.73,10.555,0.966,7.142,1.07
canny_hough,adaptive,combined,388,0,0,0.0,0.0,,0.662,10.49,0.965,7.177,1.057
canny_hough,adaptive,combined,389,0,0,0.0,0.0,,0.659,10.558,1.022,7.074,1.132
canny_hough,adaptive,combined,390,0,0,0.0,0.0,,0.726,10.515,0.98,7.104,1.047
canny_hough,adaptive,combined,391,0,0,0.0,0.0,,0.657,10.481,0.971,7.133,1.064
canny_hough,adaptive,combined,392,0,0,0.0,0.0,,0.648,10.528,1.022,7.077,1.144
canny_hough,adaptive,combined,393,0,0,0.0,0.0,,0.657,10.429,0.968,7.116,1.053
canny_hough,adaptive,combined,394,0,0,0.0,0.0,,0.676,10.554,0.969,7.135,1.064
canny_hough,adaptive,combined,395,0,0,0.0,0.0,,0.662,10.52,0.972,7.133,1.113
canny_hough,adaptive,combined,396,0,0,0.0,0.0,,0.656,10.477,0.974,7.137,1.072
canny_hough,adaptive,combined,397,0,0,0.0,0.0,,0.653,10.537,0.973,7.17,1.052
canny_hough,adaptive,combined,398,0,0,0.0,0.0,,0.668,10.573,0.981,7.139,1.064
canny_hough,adaptive,combined,399,0,0,0.0,0.0,,0.653,10.433,0.97,7.111,1.052
canny_hough,adaptive,combined,400,0,0,0.0,0.0,,0.653,10.531,1.022,7.095,1.125
canny_hough,adaptive,combined,401,0,0,0.0,0.0,,0.73,10.513,0.97,7.115,1.061
canny_hough,adaptive,combined,402,0,0,0.0,0.0,,0.662,10.467,0.969,7.133,1.074
canny_hough,adaptive,combined,403,0,0,0.0,0.0,,0.659,10.58,1.023,7.116,1.123
canny_hough,adaptive,combined,404,0,0,0.0,0.0,,0.72,10.561,0.968,7.119,1.072
canny_hough,adaptive,combined,405,0,0,0.0,0.0,,0.648,10.467,0.967,7.128,1.056
canny_hough,adaptive,combined,406,0,0,0.0,0.0,,0.653,10.545,1.02,7.08,1.152
canny_hough,adaptive,combined,407,0,0,0.0,0.0,,0.652,10.404,0.97,7.089,1.063
canny_hough,adaptive,combined,408,0,0,0.0,0.0,,0.666,10.482,0.967,7.142,1.07
canny_hough,adaptive,combined,409,0,0,0.0,0.0,,0.663,10.603,1.013,7.154,1.139
canny_hough,adaptive,combined,410,0,0,0.0,0.0,,0.666,10.453,0.971,7.105,1.078
canny_hough,adaptive,combined,411,0,0,0.0,0.0,,0.656,10.537,0.971,7.141,1.068
canny_hough,adaptive,combined,412,0,0,0.0,0.0,,0.661,10.667,0.964,7.218,1.181
canny_hough,adaptive,combined,413,0,0,0.0,0.0,,0.653,10.438,0.966,7.116,1.064
canny_hough,adaptive,combined,414,0,0,0.0,0.0,,0.681,10.611,0.981,7.148,1.083
canny_hough,adaptive,combined,415,0,0,0.0,0.0,,0.685,10.547,0.973,7.098,1.109
canny_hough,adaptive,combined,416,0,0,0.0,0.0,,0.667,10.472,0.973,7.135,1.068
canny_hough,adaptive,combined,417,0,0,0.0,0.0,,0.68,10.551,1.02,7.082,1.066
canny_hough,adaptive,combined,418,0,0,0.0,0.0,,0.725,10.566,0.974,7.122,1.099
canny_hough,adaptive,combined,419,0,0,0.0,0.0,,0.653,10.515,0.969,7.171,1.068
canny_hough,adaptive,combined,420,0,0,0.0,0.0,,0.666,10.567,1.02,7.114,1.137
canny_hough,adaptive,combined,421,0,0,0.0,0.0,,0.729,10.544,0.973,7.119,1.073
canny_hough,adaptive,combined,422,0,0,0.0,0.0,,0.654,10.458,0.968,7.136,1.056
canny_hough,adaptive,combined,423,0,0,0.0,0.0,,0.747,10.641,1.019,7.082,1.146
canny_hough,adaptive,combined,424,0,0,0.0,0.0,,0.681,10.983,1.095,7.343,1.067
histogram,fixed,edges,0,0,0,0.0,0.0,,1.047,3.939,1.013,0.131,1.078
histogram,fixed,edges,1,0,0,0.0,0.0,,1.125,4.935,1.121,0.286,1.47
histogram,fixed,edges,2,0,0,0.0,0.0,,1.116,4.947,1.133,0.281,1.573
histogram,fixed,edges,3,0,0,0.0,0.0,,1.075,4.906,1.221,0.276,1.478
histogram,fixed,edges,4,0,0,0.0,0.0,,2.045,5.853,1.093,0.278,1.466
histogram,fixed,edges,5,0,0,0.0,0.0,,1.042,5.501,1.113,0.514,1.837
histogram,fixed,edges,6,0,0,0.0,0.0,,2.268,7.547,1.132,0.141,2.759
histogram,fixed,edges,7,0,0,0.0,0.0,,0.758,4.207,1.21,0.166,1.067
histogram,fixed,edges,8,0,0,0.0,0.0,,0.865,4.045,1.096,0.172,1.175
histogram,fixed,edges,9,0,0,0.0,0.0,,1.101,4.679,1.195,0.25,1.249
histogram,fixed,edges,10,0,0,0.0,0.0,,0.71,3.592,1.071,0.095,0.947
histogram,fixed,edges,11,0,0,0.0,0.0,,1.127,4.326,1.078,0.096,1.1
histogram,fixed,edges,12,0,0,0.0,0.0,,1.144,4.03,0.964,0.09,0.994
histogram,fixed,edges,13,0,0,0.0,0.0,,0.821,3.825,1.206,0.128,0.932
histogram,fixed,edges,14,0,0,0.0,0.0,,0.695,3.407,0.971,0.09,0.969
histogram,fixed,edges,15,0,0,0.0,0.0,,0.7,3.45,0.986,0.095,0.941
histogram,fixed,edges,16,0,0,0.0,0.0,,0.703,3.097,0.962,0.106,0.659
histogram,fixed,edges,17,0,0,0.0,0.0,,0.726,3.569,0.992,0.114,1.048
histogram,fixed,edges,18,0,0,0.0,0.0,,0.729,3.613,0.995,0.101,1.082
histogram,fixed,edges,19,0,0,0.0,0.0,,0.721,3.593,0.982,0.11,1.078
histogram,fixed,edges,20,0,0,0.0,0.0,,0.734,3.578,0.995,0.102,1.002
histogram,fixed,edges,21,0,0,0.0,0.0,,0.808,3.598,0.999,0.106,0.988
histogram,fixed,edges,22,0,0,0.0,0.0,,0.799,3.566,0.991,0.106,0.982
histogram,fixed,edges,23,0,0,0.0,0.0,,0.737,3.553,0.998,0.129,0.993
histogram,fixed,edges,24,0,0,0.0,0.0,,0.711,3.521,0.989,0.098,0.975
histogram,fixed,edges,25,0,0,0.0,0.0,,0.727,3.565,1.047,0.113,0.973
histogram,fixed,edges,26,0,0,0.0,0.0,,0.752,3.588,1.053,0.123,0.979
histogram,fixed,edges,27,0,0,0.0,0.0,,0.748,3.574,1.042,0.119,0.981
histogram,fixed,edges,28,0,0,0.0,0.0,,0.724,3.598,0.991,0.099,1.049
histogram,fixed,edges,29,0,0,0.0,0.0,,0.705,3.588,0.997,0.103,1.099
histogram,fixed,edges,30,0,0,0.0,0.0,,0.707,3.596,1.03,0.105,1.082
histogram,fixed,edges,31,0,0,0.0,0.0,,0.807,3.571,0.989,0.099,0.996
histogram,fixed,edges,32,0,0,0.0,0.0,,0.805,3.601,0.998,0.101,0.973
histogram,fixed,edges,33,0,0,0.0,0.0,,0.8,3.577,0.996,0.108,0.98
histogram,fixed,edges,34,0,0,0.0,0.0,,0.749,3.504,0.994,0.101,0.98
histogram,fixed,edges,35,0,0,0.0,0.0,,0.748,3.555,0.995,0.1,0.964
histogram,fixed,edges,36,0,0,0.0,0.0,,0.727,3.543,1.047,0.105,0.974
histogram,fixed,edges,37,0,0,0.0,0.0,,0.72,3.557,1.042,0.118,0.982
histogram,fixed,edges,38,0,0,0.0,0.0,,0.746,3.587,0.988,0.169,0.991
histogram,fixed,edges,39,0,0,0.0,0.0,,0.719,3.553,0.986,0.101,1.07
histogram,fixed,edges,40,0,0,0.0,0.0,,0.714,3.559,0.982,0.104,1.076
histogram,fixed,edges,41,0,0,0.0,0.0,,0.72,3.571,0.996,0.103,0.992
histogram,fixed,edges,42,0,0,0.0,0.0,,0.822,3.564,0.988,0.106,0.981
histogram,fixed,edges,43,0,0,0.0,0.0,,0.812,3.564,0.987,0.104,0.985
histogram,fixed,edges,44,0,0,0.0,0.0,,0.735,3.501,0.985,0.1,0.991
histogram,fixed,edges,45,0,0,0.0,0.0,,0.729,3.558,0.995,0.103,0.996
histogram,fixed,edges,46,0,0,0.0,0.0,,0.741,3.633,1.043,0.108,0.995
histogram,fixed,edges,47,0,0,0.0,0.0,,0.726,3.562,1.068,0.115,0.966
histogram,fixed,edges,48,0,0,0.0,0.0,,0.725,3.582,1.055,0.112,0.971
histogram,fixed,edges,49,0,0,0.0,0.0,,0.718,3.546,0.992,0.105,1.036
histogram,fixed,edges,50,0,0,0.0,0.0,,0.722,3.605,0.999,0.105,1.109
histogram,fixed,edges,51,0,0,0.0,0.0,,0.706,3.555,0.993,0.105,1.063
histogram,fixed,edges,52,0,0,0.0,0.0,,0.734,3.597,0.992,0.101,0.987
histogram,fixed,edges,53,0,0,0.0,0.0,,0.8,3.558,0.988,0.104,0.973
histogram,fixed,edges,54,0,0,0.0,0.0,,0.783,3.546,1.002,0.102,0.966
histogram,fixed,edges,55,0,0,0.0,0.0,,0.689,3.469,1.075,0.114,0.928
histogram,fixed,edges,56,0,0,0.0,0.0,,0.733,3.712,1.037,0.166,1.039
histogram,fixed,edges,57,0,0,0.0,0.0,,0.715,3.516,1.08,0.122,0.926
histogram,fixed,edges,58,0,0,0.0,0.0,,0.692,3.198,1.028,0.1,0.674
histogram,fixed,edges,59,0,0,0.0,0.0,,0.694,3.187,0.98,0.095,0.752
histogram,fixed,edges,60,0,0,0.0,0.0,,0.709,3.449,0.98,0.089,1.023
histogram,fixed,edges,61,0,0,0.0,0.0,,0.799,3.476,0.98,0.092,0.936
histogram,fixed,edges,62,0,0,0.0,0.0,,0.692,2.74,0.619,0.091,0.671
histogram,fixed,edges,63,0,0,0.0,0.0,,0.701,3.465,1.029,0.106,0.97
histogram,fixed,edges,64,0,0,0.0,0.0,,0.726,3.932,1.059,0.101,1.399
histogram,fixed,edges,65,0,0,0.0,0.0,,0.7,3.485,1.028,0.127,0.955
histogram,fixed,edges,66,0,0,0.0,0.0,,0.707,3.425,0.972,0.094,0.996
histogram,fixed,edges,67,0,0,0.0,0.0,,0.707,3.49,0.977,0.095,1.049
histogram,fixed,edges,68,0,0,0.0,0.0,,0.723,3.493,0.97,0.091,0.966
histogram,fixed,edges,69,0,0,0.0,0.0,,0.776,3.476,0.981,0.094,0.944
histogram,fixed,edges,70,0,0,0.0,0.0,,0.763,3.474,0.984,0.092,0.965
histogram,fixed,edges,71,0,0,0.0,0.0,,0.704,3.409,0.977,0.091,0.975
histogram,fixed,edges,72,0,0,0.0,0.0,,0.865,3.831,1.012,0.129,1.099
histogram,fixed,edges,73,0,0,0.0,0.0,,0.805,3.737,1.053,0.156,1.009
histogram,fixed,edges,74,0,0,0.0,0.0,,0.754,3.855,1.08,0.159,1.149
histogram,fixed,edges,75,0,0,0.0,0.0,,0.703,3.57,1.064,0.11,0.99
histogram,fixed,edges,76,0,0,0.0,0.0,,0.733,3.786,1.056,0.154,1.155
histogram,fixed,edges,77,0,0,0.0,0.0,,0.816,3.852,1.102,0.164,1.054
histogram,fixed,edges,78,0,0,0.0,0.0,,0.836,3.895,1.097,0.132,1.106
histogram,fixed,edges,79,0,0,0.0,0.0,,0.816,3.973,1.107,0.138,1.218
histogram,fixed,edges,80,0,0,0.0,0.0,,0.753,3.9,1.1,0.155,1.132
histogram,fixed,edges,81,0,0,0.0,0.0,,0.737,3.755,1.052,0.2,1.053
histogram,fixed,edges,82,0,0,0.0,0.0,,0.829,3.75,1.006,0.199,0.993
histogram,fixed,edges,83,0,0,0.0,0.0,,0.838,3.776,1.013,0.125,1.064
histogram,fixed,edges,84,0,0,0.0,0.0,,0.743,3.796,0.997,0.132,1.233
histogram,fixed,edges,85,0,0,0.0,0.0,,0.792,3.849,1.009,0.136,1.14
histogram,fixed,edges,86,0,0,0.0,0.0,,0.828,4.036,1.036,0.207,1.209
histogram,fixed,edges,87,0,0,0.0,0.0,,0.746,4.184,0.977,0.096,1.7
histogram,fixed,edges,88,0,0,0.0,0.0,,0.713,3.577,0.992,0.1,1.03
histogram,fixed,edges,89,0,0,0.0,0.0,,0.822,3.577,0.969,0.094,1.013
histogram,fixed,edges,90,0,0,0.0,0.0,,0.701,3.491,1.001,0.098,0.934
histogram,fixed,edges,91,0,0,0.0,0.0,,0.861,3.458,0.628,0.119,1.188
histogram,fixed,edges,92,0,0,0.0,0.0,,0.688,2.737,0.62,0.1,0.65
histogram,fixed,edges,93,0,0,0.0,0.0,,0.688,2.903,0.766,0.138,0.659
histogram,fixed,edges,94,0,0,0.0,0.0,,0.68,2.782,0.619,0.1,0.725
histogram,fixed,edges,95,0,0,0.0,0.0,,0.694,2.715,0.618,0.094,0.654
histogram,fixed,edges,96,0,0,0.0,0.0,,0.687,2.788,0.619,0.094,0.66
histogram,fixed,edges,97,0,0,0.0,0.0,,0.689,2.791,0.619,0.097,0.724
histogram,fixed,edges,98,0,0,0.0,0.0,,0.787,2.879,0.609,0.094,0.67
histogram,fixed,edges,99,0,0,0.0,0.0,,0.739,2.792,0.61,0.095,0.67
histogram,fixed,edges,100,0,0,0.0,0.0,,0.691,2.745,0.623,0.099,0.656
histogram,fixed,edges,101,0,0,0.0,0.0,,0.68,2.837,0.622,0.095,0.66
histogram,fixed,edges,102,0,0,0.0,0.0,,0.684,2.679,0.608,0.094,0.641
histogram,fixed,edges,103,0,0,0.0,0.0,,0.693,2.762,0.603,0.094,0.655
histogram,fixed,edges,104,0,0,0.0,0.0,,0.689,2.779,0.603,0.091,0.742
histogram,fixed,edges,105,0,0,0.0,0.0,,0.77,2.786,0.612,0.1,0.646
histogram,fixed,edges,106,0,0,0.0,0.0,,0.687,2.701,0.607,0.092,0.646
histogram,fixed,edges,107,0,0,0.0,0.0,,0.686,2.749,0.648,0.101,0.664
histogram,fixed,edges,108,0,0,0.0,0.0,,0.79,2.834,0.604,0.093,0.65
histogram,fixed,edges,109,0,0,0.0,0.0,,0.687,2.706,0.603,0.092,0.66
histogram,fixed,edges,110,0,0,0.0,0.0,,0.694,2.795,0.7,0.104,0.65
histogram,fixed,edges,111,0,0,0.0,0.0,,0.694,2.808,0.608,0.093,0.757
histogram,fixed,edges,112,0,0,0.0,0.0,,0.683,2.675,0.606,0.093,0.638
histogram,fixed,edges,113,0,0,0.0,0.0,,0.687,2.761,0.604,0.096,0.656
histogram,fixed,edges,114,0,0,0.0,0.0,,0.692,2.764,0.619,0.093,0.698
histogram,fixed,edges,115,0,0,0.0,0.0,,0.772,2.792,0.614,0.094,0.652
histogram,fixed,edges,116,0,0,0.0,0.0,,0.694,2.731,0.605,0.094,0.671
histogram,fixed,edges,117,0,0,0.0,0.0,,0.685,2.74,0.647,0.098,0.654
histogram,fixed,edges,118,0,0,0.0,0.0,,0.693,2.812,0.609,0.097,0.651
histogram,fixed,edges,119,0,0,0.0,0.0,,0.68,2.745,0.606,0.096,0.66
histogram,fixed,edges,120,0,0,0.0,0.0,,0.702,2.771,0.604,0.095,0.654
histogram,fixed,edges,121,0,0,0.0,0.0,,0.696,2.791,0.606,0.095,0.741
histogram,fixed,edges,122,0,0,0.0,0.0,,0.768,2.785,0.608,0.095,0.647
histogram,fixed,edges,123,0,0,0.0,0.0,,0.685,2.714,0.611,0.093,0.656
histogram,fixed,edges,124,0,0,0.0,0.0,,0.697,2.772,0.611,0.139,0.663
histogram,fixed,edges,125,0,0,0.0,0.0,,0.762,2.788,0.607,0.094,0.654
histogram,fixed,edges,126,0,0,0.0,0.0,,0.683,2.69,0.611,0.094,0.656
histogram,fixed,edges,127,0,0,0.0,0.0,,0.691,2.766,0.65,0.099,0.664
histogram,fixed,edges,128,0,0,0.0,0.0,,0.682,2.803,0.613,0.094,0.649
histogram,fixed,edges,129,0,0,0.0,0.0,,0.696,2.708,0.609,0.098,0.653
histogram,fixed,edges,130,0,0,0.0,0.0,,0.684,2.799,0.616,0.094,0.665
histogram,fixed,edges,131,0,0,0.0,0.0,,0.699,2.77,0.606,0.094,0.718
histogram,fixed,edges,132,0,0,0.0,0.0,,0.766,2.782,0.608,0.096,0.652
histogram,fixed,edges,133,0,0,0.0,0.0,,0.697,2.712,0.611,0.092,0.65
histogram,fixed,edges,134,0,0,0.0,0.0,,0.693,2.789,0.655,0.099,0.679
histogram,fixed,edges,135,0,0,0.0,0.0,,0.76,2.76,0.606,0.093,0.642
histogram,fixed,edges,136,0,0,0.0,0.0,,0.695,2.692,0.6,0.093,0.653
histogram,fixed,edges,137,0,0,0.0,0.0,,0.724,2.785,0.649,0.099,0.645
histogram,fixed,edges,138,0,0,0.0,0.0,,0.676,2.794,0.61,0.094,0.729
histogram,fixed,edges,139,0,0,0.0,0.0,,0.701,2.692,0.605,0.093,0.636
histogram,fixed,edges,140,0,0,0.0,0.0,,0.693,2.76,0.615,0.093,0.644
histogram,fixed,edges,141,0,0,0.0,0.0,,0.691,2.768,0.603,0.095,0.723
histogram,fixed,edges,142,0,0,0.0,0.0,,0.771,2.793,0.607,0.095,0.654
histogram,fixed,edges,143,0,0,0.0,0.0,,0.715,2.72,0.607,0.095,0.647
histogram,fixed,edges,144,0,0,0.0,0.0,,0.701,2.751,0.645,0.101,0.65
histogram,fixed,edges,145,0,0,0.0,0.0,,0.756,2.775,0.609,0.1,0.642
histogram,fixed,edges,146,0,0,0.0,0.0,,0.695,2.699,0.604,0.092,0.653
histogram,fixed,edges,147,0,0,0.0,0.0,,0.685,2.792,0.661,0.093,0.647
histogram,fixed,edges,148,0,0,0.0,0.0,,0.679,2.785,0.609,0.093,0.73
histogram,fixed,edges,149,0,0,0.0,0.0,,0.686,2.694,0.605,0.099,0.65
histogram,fixed,edges,150,0,0,0.0,0.0,,0.686,2.684,0.603,0.094,0.643
histogram,fixed,edges,151,0,0,0.0,0.0,,0.679,2.738,0.611,0.094,0.698
histogram,fixed,edges,152,0,0,0.0,0.0,,0.772,2.8,0.617,0.095,0.649
histogram,fixed,edges,153,0,0,0.0,0.0,,0.685,2.715,0.603,0.093,0.656
histogram,fixed,edges,154,0,0,0.0,0.0,,0.695,2.756,0.652,0.102,0.655
histogram,fixed,edges,155,0,0,0.0,0.0,,0.692,2.782,0.606,0.094,0.639
histogram,fixed,edges,156,0,0,0.0,0.0,,0.693,2.725,0.605,0.093,0.658
histogram,fixed,edges,157,0,0,0.0,0.0,,0.69,2.768,0.606,0.097,0.66
histogram,fixed,edges,158,0,0,0.0,0.0,,0.689,2.842,0.618,0.094,0.744
histogram,fixed,edges,159,0,0,0.0,0.0,,0.758,2.764,0.61,0.093,0.646
histogram,fixed,edges,160,0,0,0.0,0.0,,0.693,2.748,0.601,0.095,0.652
histogram,fixed,edges,161,0,0,0.0,0.0,,0.695,2.755,0.647,0.101,0.654
histogram,fixed,edges,162,0,0,0.0,0.0,,0.783,2.784,0.613,0.094,0.641
histogram,fixed,edges,163,0,0,0.0,0.0,,0.692,2.722,0.61,0.096,0.648
histogram,fixed,edges,164,0,0,0.0,0.0,,0.683,2.732,0.642,0.097,0.653
histogram,fixed,edges,165,0,0,0.0,0.0,,0.683,2.767,0.606,0.101,0.656
histogram,fixed,edges,166,0,0,0.0,0.0,,0.682,2.698,0.614,0.093,0.635
histogram,fixed,edges,167,0,0,0.0,0.0,,0.686,2.767,0.609,0.093,0.651
histogram,fixed,edges,168,0,0,0.0,0.0,,0.69,2.812,0.6,0.095,0.734
histogram,fixed,edges,169,0,0,0.0,0.0,,0.762,2.791,0.612,0.094,0.651
histogram,fixed,edges,170,0,0,0.0,0.0,,0.694,2.692,0.605,0.095,0.655
histogram,fixed,edges,171,0,0,0.0,0.0,,0.697,2.765,0.65,0.097,0.662
histogram,fixed,edges,172,0,0,0.0,0.0,,0.761,2.762,0.617,0.093,0.647
histogram,fixed,edges,173,0,0,0.0,0.0,,0.689,2.738,0.621,0.098,0.658
histogram,fixed,edges,174,0,0,0.0,0.0,,0.682,2.784,0.652,0.096,0.657
histogram,fixed,edges,175,0,0,0.0,0.0,,0.678,2.78,0.615,0.097,0.732
histogram,fixed,edges,176,0,0,0.0,0.0,,0.696,2.708,0.611,0.093,0.661
histogram,fixed,edges,177,0,0,0.0,0.0,,0.689,2.788,0.616,0.096,0.665
histogram,fixed,edges,178,0,0,0.0,0.0,,0.718,2.814,0.622,0.094,0.69
histogram,fixed,edges,179,0,0,0.0,0.0,,0.769,2.796,0.606,0.093,0.655
histogram,fixed,edges,180,0,0,0.0,0.0,,0.685,2.696,0.61,0.093,0.656
histogram,fixed,edges,181,0,0,0.0,0.0,,0.697,2.758,0.644,0.1,0.658
histogram,fixed,edges,182,0,0,0.0,0.0,,0.687,2.781,0.612,0.093,0.651
histogram,fixed,edges,183,0,0,0.0,0.0,,0.694,2.712,0.606,0.096,0.657
histogram,fixed,edges,184,0,0,0.0,0.0,,0.691,2.91,0.748,0.107,0.65
histogram,fixed,edges,185,0,0,0.0,0.0,,0.682,2.785,0.612,0.095,0.741
histogram,fixed,edges,186,0,0,0.0,0.0,,0.753,2.768,0.614,0.096,0.66
histogram,fixed,edges,187,0,0,0.0,0.0,,0.694,2.714,0.607,0.099,0.658
histogram,fixed,edges,188,0,0,0.0,0.0,,0.685,2.773,0.643,0.1,0.657
histogram,fixed,edges,189,0,0,0.0,0.0,,0.773,2.789,0.613,0.095,0.645
histogram,fixed,edges,190,0,0,0.0,0.0,,0.69,2.727,0.619,0.094,0.66
histogram,fixed,edges,191,0,0,0.0,0.0,,0.687,2.739,0.655,0.1,0.635
histogram,fixed,edges,192,0,0,0.0,0.0,,0.685,2.795,0.607,0.099,0.711
histogram,fixed,edges,193,0,0,0.0,0.0,,0.685,2.69,0.6,0.092,0.653
histogram,fixed,edges,194,0,0,0.0,0.0,,0.686,2.753,0.619,0.094,0.64
histogram,fixed,edges,195,0,0,0.0,0.0,,0.693,2.75,0.608,0.097,0.697
histogram,fixed,edges,196,0,0,0.0,0.0,,0.78,2.783,0.611,0.094,0.635
histogram,fixed,edges,197,0,0,0.0,0.0,,0.688,2.705,0.606,0.099,0.648
histogram,fixed,edges,198,0,0,0.0,0.0,,0.686,2.773,0.645,0.098,0.639
histogram,fixed,edges,199,0,0,0.0,0.0,,0.76,2.788,0.617,0.096,0.656
histogram,fixed,edges,200,0,0,0.0,0.0,,0.695,2.692,0.607,0.09,0.645
histogram,fixed,edges,201,0,0,0.0,0.0,,0.693,2.763,0.651,0.098,0.644
histogram,fixed,edges,202,0,0,0.0,0.0,,0.682,2.775,0.601,0.098,0.73
histogram,fixed,edges,203,0,0,0.0,0.0,,0.679,2.702,0.603,0.093,0.668
histogram,fixed,edges,204,0,0,0.0,0.0,,0.693,2.744,0.601,0.094,0.646
histogram,fixed,edges,205,0,0,0.0,0.0,,0.699,2.751,0.604,0.093,0.697
histogram,fixed,edges,206,0,0,0.0,0.0,,0.767,2.774,0.603,0.094,0.649
histogram,fixed,edges,207,0,0,0.0,0.0,,0.694,2.723,0.617,0.093,0.651
histogram,fixed,edges,208,0,0,0.0,0.0,,0.693,2.816,0.642,0.098,0.653
histogram,fixed,edges,209,0,0,0.0,0.0,,0.693,2.772,0.611,0.096,0.636
histogram,fixed,edges,210,0,0,0.0,0.0,,0.691,2.736,0.607,0.097,0.645
histogram,fixed,edges,211,0,0,0.0,0.0,,0.683,2.757,0.608,0.095,0.653
histogram,fixed,edges,212,0,0,0.0,0.0,,0.682,2.76,0.609,0.096,0.727
histogram,fixed,edges,213,0,0,0.0,0.0,,0.691,2.696,0.608,0.094,0.648
histogram,fixed,edges,214,0,0,0.0,0.0,,0.691,2.707,0.617,0.094,0.642
histogram,fixed,edges,215,0,0,0.0,0.0,,0.702,2.742,0.604,0.099,0.686
histogram,fixed,edges,216,0,0,0.0,0.0,,0.765,2.799,0.614,0.094,0.659
histogram,fixed,edges,217,0,0,0.0,0.0,,0.684,2.729,0.618,0.094,0.651
histogram,fixed,edges,218,0,0,0.0,0.0,,0.696,2.779,0.645,0.102,0.655
histogram,fixed,edges,219,0,0,0.0,0.0,,0.69,2.792,0.603,0.093,0.651
histogram,fixed,edges,220,0,0,0.0,0.0,,0.687,2.695,0.628,0.094,0.631
histogram,fixed,edges,221,0,0,0.0,0.0,,0.684,2.782,0.601,0.097,0.672
histogram,fixed,edges,222,0,0,0.0,0.0,,0.692,2.771,0.601,0.099,0.734
histogram,fixed,edges,223,0,0,0.0,0.0,,0.755,2.769,0.6,0.093,0.65
histogram,fixed,edges,224,0,0,0.0,0.0,,0.684,2.661,0.6,0.094,0.636
histogram,fixed,edges,225,0,0,0.0,0.0,,0.69,2.751,0.603,0.137,0.65
histogram,fixed,edges,226,0,0,0.0,0.0,,0.758,2.748,0.607,0.096,0.641
histogram,fixed,edges,227,0,0,0.0,0.0,,0.691,2.693,0.607,0.098,0.639
histogram,fixed,edges,228,0,0,0.0,0.0,,0.692,2.787,0.644,0.097,0.644
histogram,fixed,edges,229,0,0,0.0,0.0,,0.686,2.825,0.606,0.122,0.656
histogram,fixed,edges,230,0,0,0.0,0.0,,0.688,2.687,0.605,0.094,0.644
histogram,fixed,edges,231,0,0,0.0,0.0,,0.696,2.788,0.606,0.095,0.656
histogram,fixed,edges,232,0,0,0.0,0.0,,0.691,2.764,0.606,0.099,0.72
histogram,fixed,edges,233,0,0,0.0,0.0,,0.768,2.783,0.613,0.096,0.642
histogram,fixed,edges,234,0,0,0.0,0.0,,0.692,2.691,0.6,0.094,0.652
histogram,fixed,edges,235,0,0,0.0,0.0,,0.695,2.757,0.649,0.103,0.653
histogram,fixed,edges,236,0,0,0.0,0.0,,0.767,2.78,0.604,0.094,0.65
histogram,fixed,edges,237,0,0,0.0,0.0,,0.688,2.734,0.621,0.096,0.65
histogram,fixed,edges,238,0,0,0.0,0.0,,0.695,2.788,0.636,0.099,0.669
histogram,fixed,edges,239,0,0,0.0,0.0,,0.687,2.759,0.599,0.096,0.712
histogram,fixed,edges,240,0,0,0.0,0.0,,0.695,2.688,0.598,0.097,0.649
histogram,fixed,edges,241,0,0,0.0,0.0,,0.687,2.758,0.608,0.094,0.648
histogram,fixed,edges,242,0,0,0.0,0.0,,0.69,2.84,0.614,0.094,0.741
histogram,fixed,edges,243,0,0,0.0,0.0,,0.772,2.771,0.599,0.093,0.65
histogram,fixed,edges,244,0,0,0.0,0.0,,0.682,2.697,0.614,0.095,0.64
histogram,fixed,edges,245,0,0,0.0,0.0,,0.686,2.725,0.643,0.098,0.643
histogram,fixed,edges,246,0,0,0.0,0.0,,0.767,2.791,0.606,0.093,0.664
histogram,fixed,edges,247,0,0,0.0,0.0,,0.697,2.763,0.606,0.094,0.661
histogram,fixed,edges,248,0,0,0.0,0.0,,0.691,2.782,0.653,0.1,0.644
histogram,fixed,edges,249,0,0,0.0,0.0,,0.683,2.783,0.602,0.093,0.736
histogram,fixed,edges,250,0,0,0.0,0.0,,0.957,2.963,0.609,0.095,0.648
histogram,fixed,edges,251,0,0,0.0,0.0,,0.683,2.734,0.625,0.093,0.65
histogram,fixed,edges,252,0,0,0.0,0.0,,0.683,2.742,0.648,0.101,0.657
histogram,fixed,edges,253,0,0,0.0,0.0,,0.783,2.811,0.606,0.094,0.656
histogram,fixed,edges,254,0,0,0.0,0.0,,0.686,2.693,0.619,0.095,0.643
histogram,fixed,edges,255,0,0,0.0,0.0,,0.69,2.737,0.64,0.097,0.648
histogram,fixed,edges,256,0,0,0.0,0.0,,0.683,2.749,0.611,0.093,0.639
histogram,fixed,edges,257,0,0,0.0,0.0,,0.693,2.696,0.604,0.096,0.642
histogram,fixed,edges,258,0,0,0.0,0.0,,0.689,2.834,0.613,0.095,0.645
histogram,fixed,edges,259,0,0,0.0,0.0,,0.688,2.848,0.613,0.095,0.806
histogram,fixed,edges,260,0,0,0.0,0.0,,0.765,2.751,0.609,0.095,0.632
histogram,fixed,edges,261,0,0,0.0,0.0,,0.689,2.702,0.601,0.096,0.656
histogram,fixed,edges,262,0,0,0.0,0.0,,0.686,2.735,0.645,0.098,0.643
histogram,fixed,edges,263,0,0,0.0,0.0,,0.768,2.791,0.61,0.099,0.657
histogram,fixed,edges,264,0,0,0.0,0.0,,0.691,2.737,0.606,0.092,0.655
histogram,fixed,edges,265,0,0,0.0,0.0,,0.68,2.737,0.658,0.097,0.648
histogram,fixed,edges,266,0,0,0.0,0.0,,0.682,2.772,0.612,0.096,0.726
histogram,fixed,edges,267,0,0,0.0,0.0,,0.684,2.704,0.615,0.093,0.649
histogram,fixed,edges,268,0,0,0.0,0.0,,0.684,2.794,0.609,0.092,0.655
histogram,fixed,edges,269,0,0,0.0,0.0,,0.703,2.757,0.607,0.094,0.696
histogram,fixed,edges,270,0,0,0.0,0.0,,0.793,2.808,0.607,0.098,0.658
histogram,fixed,edges,271,0,0,0.0,0.0,,0.689,2.727,0.611,0.093,0.66
histogram,fixed,edges,272,0,0,0.0,0.0,,0.688,2.745,0.658,0.101,0.648
histogram,fixed,edges,273,0,0,0.0,0.0,,0.698,2.779,0.603,0.096,0.642
histogram,fixed,edges,274,0,0,0.0,0.0,,0.682,2.733,0.602,0.091,0.671
histogram,fixed,edges,275,0,0,0.0,0.0,,0.69,2.752,0.608,0.093,0.649
histogram,fixed,edges,276,0,0,0.0,0.0,,0.694,2.799,0.605,0.094,0.742
histogram,fixed,edges,277,0,0,0.0,0.0,,0.745,2.754,0.61,0.094,0.647
histogram,fixed,edges,278,0,0,0.0,0.0,,0.692,2.741,0.602,0.097,0.666
histogram,fixed,edges,279,0,0,0.0,0.0,,0.681,2.747,0.605,0.143,0.652
histogram,fixed,edges,280,0,0,0.0,0.0,,0.765,2.803,0.607,0.096,0.648
histogram,fixed,edges,281,0,0,0.0,0.0,,0.691,2.743,0.618,0.099,0.664
histogram,fixed,edges,282,0,0,0.0,0.0,,0.686,2.824,0.71,0.107,0.65
histogram,fixed,edges,283,0,0,0.0,0.0,,0.674,2.766,0.616,0.095,0.721
histogram,fixed,edges,284,0,0,0.0,0.0,,0.691,2.707,0.607,0.097,0.652
histogram,fixed,edges,285,0,0,0.0,0.0,,0.684,2.781,0.619,0.093,0.66
histogram,fixed,edges,286,0,0,0.0,0.0,,0.677,2.753,0.62,0.095,0.705
histogram,fixed,edges,287,0,0,0.0,0.0,,0.769,2.778,0.603,0.096,0.646
histogram,fixed,edges,288,0,0,0.0,0.0,,0.685,2.73,0.614,0.092,0.645
histogram,fixed,edges,289,0,0,0.0,0.0,,0.688,2.756,0.656,0.107,0.651
histogram,fixed,edges,290,0,0,0.0,0.0,,0.796,2.816,0.604,0.094,0.658
histogram,fixed,edges,291,0,0,0.0,0.0,,0.693,2.741,0.607,0.097,0.66
histogram,fixed,edges,292,0,0,0.0,0.0,,0.687,2.741,0.602,0.094,0.648
histogram,fixed,edges,293,0,0,0.0,0.0,,0.673,2.774,0.604,0.098,0.734
histogram,fixed,edges,294,0,0,0.0,0.0,,0.693,2.705,0.603,0.096,0.646
histogram,fixed,edges,295,0,0,0.0,0.0,,0.686,2.751,0.6,0.095,0.643
histogram,fixed,edges,296,0,0,0.0,0.0,,0.691,2.783,0.608,0.093,0.709
histogram,fixed,edges,297,0,0,0.0,0.0,,0.764,2.78,0.61,0.096,0.647
histogram,fixed,edges,298,0,0,0.0,0.0,,0.688,2.729,0.614,0.097,0.643
histogram,fixed,edges,299,0,0,0.0,0.0,,0.694,2.747,0.649,0.1,0.645
histogram,fixed,edges,300,0,0,0.0,0.0,,0.684,2.751,0.601,0.094,0.647
histogram,fixed,edges,301,0,0,0.0,0.0,,0.694,2.701,0.603,0.097,0.65
histogram,fixed,edges,302,0,0,0.0,0.0,,0.688,2.742,0.601,0.094,0.638
histogram,fixed,edges,303,0,0,0.0,0.0,,0.679,2.791,0.6,0.097,0.755
histogram,fixed,edges,304,0,0,0.0,0.0,,0.693,2.713,0.611,0.094,0.658
histogram,fixed,edges,305,0,0,0.0,0.0,,0.69,2.718,0.609,0.095,0.65
histogram,fixed,edges,306,0,0,0.0,0.0,,0.693,2.742,0.598,0.098,0.708
histogram,fixed,edges,307,0,0,0.0,0.0,,0.784,2.81,0.601,0.096,0.667
histogram,fixed,edges,308,0,0,0.0,0.0,,0.695,2.71,0.607,0.091,0.642
histogram,fixed,edges,309,0,0,0.0,0.0,,0.717,2.778,0.646,0.104,0.655
histogram,fixed,edges,310,0,0,0.0,0.0,,0.684,2.771,0.601,0.094,0.648
histogram,fixed,edges,311,0,0,0.0,0.0,,0.684,2.682,0.606,0.096,0.648
histogram,fixed,edges,312,0,0,0.0,0.0,,0.683,2.794,0.602,0.091,0.664
histogram,fixed,edges,313,0,0,0.0,0.0,,0.691,2.776,0.606,0.096,0.734
histogram,fixed,edges,314,0,0,0.0,0.0,,0.755,2.777,0.606,0.095,0.644
histogram,fixed,edges,315,0,0,0.0,0.0,,0.69,2.679,0.604,0.094,0.642
histogram,fixed,edges,316,0,0,0.0,0.0,,0.828,2.897,0.611,0.139,0.664
histogram,fixed,edges,317,0,0,0.0,0.0,,0.712,3.86,1.04,0.168,1.243
histogram,fixed,edges,318,0,0,0.0,0.0,,0.758,3.037,0.645,0.106,0.67
histogram,fixed,edges,319,0,0,0.0,0.0,,0.81,3.559,0.992,0.099,0.965
histogram,fixed,edges,320,0,0,0.0,0.0,,0.73,2.738,0.603,0.093,0.65
histogram,fixed,edges,321,0,0,0.0,0.0,,0.692,2.828,0.667,0.104,0.683
histogram,fixed,edges,322,0,0,0.0,0.0,,0.677,3.349,0.995,0.106,0.912
histogram,fixed,edges,323,0,0,0.0,0.0,,0.813,2.92,0.619,0.098,0.656
histogram,fixed,edges,324,0,0,0.0,0.0,,0.827,3.566,0.995,0.099,0.957
histogram,fixed,edges,325,0,0,0.0,0.0,,0.686,2.733,0.623,0.097,0.654
histogram,fixed,edges,326,0,0,0.0,0.0,,0.702,2.826,0.651,0.104,0.69
histogram,fixed,edges,327,0,0,0.0,0.0,,0.703,3.534,0.987,0.105,1.06
histogram,fixed,edges,328,0,0,0.0,0.0,,0.789,2.931,0.652,0.1,0.665
histogram,fixed,edges,329,0,0,0.0,0.0,,0.721,3.463,0.993,0.102,0.956
histogram,fixed,edges,330,0,0,0.0,0.0,,0.693,2.742,0.61,0.096,0.659
histogram,fixed,edges,331,0,0,0.0,0.0,,0.697,2.788,0.612,0.139,0.67
histogram,fixed,edges,332,0,0,0.0,0.0,,0.711,3.538,0.991,0.109,1.065
histogram,fixed,edges,333,0,0,0.0,0.0,,0.753,2.823,0.643,0.097,0.661
histogram,fixed,edges,334,0,0,0.0,0.0,,0.742,3.076,0.613,0.101,0.955
histogram,fixed,edges,335,0,0,0.0,0.0,,0.682,2.854,0.735,0.101,0.661
histogram,fixed,edges,336,0,0,0.0,0.0,,0.845,3.89,0.614,0.101,1.324
histogram,fixed,edges,337,0,0,0.0,0.0,,0.681,3.365,0.99,0.1,0.92
histogram,fixed,edges,338,0,0,0.0,0.0,,0.769,2.889,0.617,0.1,0.647
histogram,fixed,edges,339,0,0,0.0,0.0,,0.712,3.094,0.631,0.1,0.96
histogram,fixed,edges,340,0,0,0.0,0.0,,0.697,2.78,0.623,0.093,0.647
histogram,fixed,edges,341,0,0,0.0,0.0,,0.718,3.54,0.991,0.175,0.973
histogram,fixed,edges,342,0,0,0.0,0.0,,0.678,3.441,0.987,0.098,1.002
histogram,fixed,edges,343,0,0,0.0,0.0,,0.772,2.838,0.622,0.1,0.67
histogram,fixed,edges,344,0,0,0.0,0.0,,0.727,2.79,0.602,0.099,0.66
histogram,fixed,edges,345,0,0,0.0,0.0,,0.704,2.814,0.673,0.101,0.649
histogram,fixed,edges,346,0,0,0.0,0.0,,0.681,3.242,0.982,0.101,0.822
histogram,fixed,edges,347,0,0,0.0,0.0,,0.79,2.863,0.616,0.099,0.669
histogram,fixed,edges,348,0,0,0.0,0.0,,0.744,3.573,0.99,0.103,0.975
histogram,fixed,edges,349,0,0,0.0,0.0,,0.69,2.698,0.596,0.091,0.662
histogram,fixed,edges,350,0,0,0.0,0.0,,0.725,2.795,0.612,0.138,0.656
histogram,fixed,edges,351,0,0,0.0,0.0,,0.697,3.506,0.989,0.105,1.048
histogram,fixed,edges,352,0,0,0.0,0.0,,0.765,2.817,0.636,0.098,0.646
histogram,fixed,edges,353,0,0,0.0,0.0,,0.743,3.476,0.985,0.105,0.958
histogram,fixed,edges,354,0,0,0.0,0.0,,0.694,2.769,0.611,0.094,0.647
histogram,fixed,edges,355,0,0,0.0,0.0,,0.737,2.825,0.603,0.096,0.73
histogram,fixed,edges,356,0,0,0.0,0.0,,0.725,3.567,0.99,0.103,0.957
histogram,fixed,edges,357,0,0,0.0,0.0,,0.674,2.707,0.629,0.099,0.643
histogram,fixed,edges,358,0,0,0.0,0.0,,0.708,2.871,0.626,0.096,0.677
histogram,fixed,edges,359,0,0,0.0,0.0,,0.684,3.185,1.042,0.113,0.671
histogram,fixed,edges,360,0,0,0.0,0.0,,0.718,3.585,0.999,0.114,1.064
histogram,fixed,edges,361,0,0,0.0,0.0,,0.719,3.536,0.985,0.106,1.052
histogram,fixed,edges,362,0,0,0.0,0.0,,0.684,2.75,0.649,0.093,0.657
histogram,fixed,edges,363,0,0,0.0,0.0,,0.686,2.719,0.625,0.097,0.646
histogram,fixed,edges,364,0,0,0.0,0.0,,0.709,2.808,0.615,0.096,0.711
histogram,fixed,edges,365,0,0,0.0,0.0,,0.691,3.476,0.983,0.102,1.038
histogram,fixed,edges,366,0,0,0.0,0.0,,0.684,2.711,0.615,0.094,0.659
histogram,fixed,edges,367,0,0,0.0,0.0,,0.734,3.489,0.995,0.11,0.973
histogram,fixed,edges,368,0,0,0.0,0.0,,0.687,2.797,0.6,0.098,0.655
histogram,fixed,edges,369,0,0,0.0,0.0,,0.708,2.826,0.625,0.097,0.731
histogram,fixed,edges,370,0,0,0.0,0.0,,0.693,3.503,0.993,0.103,0.959
histogram,fixed,edges,371,0,0,0.0,0.0,,0.693,2.707,0.6,0.1,0.655
histogram,fixed,edges,372,0,0,0.0,0.0,,0.721,3.112,0.609,0.102,0.951
histogram,fixed,edges,373,0,0,0.0,0.0,,0.698,3.187,1.047,0.106,0.669
histogram,fixed,edges,374,0,0,0.0,0.0,,0.722,3.139,0.607,0.1,1.045
histogram,fixed,edges,375,0,0,0.0,0.0,,0.808,3.529,0.984,0.101,0.957
histogram,fixed,edges,376,0,0,0.0,0.0,,0.69,2.752,0.604,0.101,0.673
histogram,fixed,edges,377,0,0,0.0,0.0,,0.705,2.801,0.613,0.1,0.653
histogram,fixed,edges,378,0,0,0.0,0.0,,0.683,3.189,0.988,0.165,0.658
histogram,fixed,edges,379,0,0,0.0,0.0,,0.721,3.129,0.611,0.102,0.938
histogram,fixed,edges,380,0,0,0.0,0.0,,0.791,3.534,0.998,0.097,0.971
histogram,fixed,edges,381,0,0,0.0,0.0,,0.691,2.71,0.61,0.094,0.649
histogram,fixed,edges,382,0,0,0.0,0.0,,0.711,2.763,0.638,0.103,0.643
histogram,fixed,edges,383,0,0,0.0,0.0,,0.708,3.481,0.99,0.103,1.014
histogram,fixed,edges,384,0,0,0.0,0.0,,0.793,2.874,0.62,0.094,0.676
histogram,fixed,edges,385,0,0,0.0,0.0,,0.822,3.551,0.985,0.104,0.953
histogram,fixed,edges,386,0,0,0.0,0.0,,0.683,2.686,0.602,0.092,0.655
histogram,fixed,edges,387,0,0,0.0,0.0,,0.692,2.801,0.654,0.112,0.662
histogram,fixed,edges,388,0,0,0.0,0.0,,0.705,3.548,0.996,0.101,1.044
histogram,fixed,edges,389,0,0,0.0,0.0,,0.777,2.825,0.632,0.098,0.65
histogram,fixed,edges,390,0,0,0.0,0.0,,0.722,3.47,0.995,0.102,0.96
histogram,fixed,edges,391,0,0,0.0,0.0,,0.69,2.796,0.613,0.098,0.653
histogram,fixed,edges,392,0,0,0.0,0.0,,0.711,2.803,0.61,0.098,0.71
histogram,fixed,edges,393,0,0,0.0,0.0,,0.715,3.53,0.99,0.11,1.044
histogram,fixed,edges,394,0,0,0.0,0.0,,0.703,2.771,0.65,0.1,0.656
histogram,fixed,edges,395,0,0,0.0,0.0,,0.71,2.846,0.612,0.099,0.657
histogram,fixed,edges,396,0,0,0.0,0.0,,0.692,3.174,1.045,0.107,0.665
histogram,fixed,edges,397,0,0,0.0,0.0,,0.718,3.55,0.991,0.106,1.053
histogram,fixed,edges,398,0,0,0.0,0.0,,0.715,3.555,0.988,0.108,1.043
histogram,fixed,edges,399,0,0,0.0,0.0,,0.752,2.826,0.652,0.096,0.651
histogram,fixed,edges,400,0,0,0.0,0.0,,0.692,2.732,0.618,0.097,0.656
histogram,fixed,edges,401,0,0,0.0,0.0,,0.705,2.826,0.646,0.105,0.676
histogram,fixed,edges,402,0,0,0.0,0.0,,0.707,3.557,0.996,0.104,1.036
histogram,fixed,edges,403,0,0,0.0,0.0,,0.772,2.796,0.617,0.094,0.647
histogram,fixed,edges,404,0,0,0.0,0.0,,0.753,3.486,0.993,0.101,0.956
histogram,fixed,edges,405,0,0,0.0,0.0,,0.69,2.899,0.682,0.112,0.647
histogram,fixed,edges,406,0,0,0.0,0.0,,0.738,2.873,0.64,0.143,0.658
histogram,fixed,edges,407,0,0,0.0,0.0,,0.795,2.827,0.605,0.096,0.638
histogram,fixed,edges,408,0,0,0.0,0.0,,0.697,2.77,0.605,0.096,0.668
histogram,fixed,edges,409,0,0,0.0,0.0,,0.68,2.746,0.652,0.099,0.648
histogram,fixed,edges,410,0,0,0.0,0.0,,0.676,2.772,0.61,0.093,0.737
histogram,fixed,edges,411,0,0,0.0,0.0,,0.69,2.688,0.598,0.099,0.65
histogram,fixed,edges,412,0,0,0.0,0.0,,0.689,2.79,0.625,0.095,0.643
histogram,fixed,edges,413,0,0,0.0,0.0,,0.681,2.795,0.616,0.095,0.749
histogram,fixed,edges,414,0,0,0.0,0.0,,0.784,2.782,0.605,0.093,0.648
histogram,fixed,edges,415,0,0,0.0,0.0,,0.672,2.815,0.612,0.095,0.767
histogram,fixed,edges,416,0,0,0.0,0.0,,0.682,2.775,0.683,0.102,0.651
histogram,fixed,edges,417,0,0,0.0,0.0,,0.7,2.776,0.599,0.095,0.642
histogram,fixed,edges,418,0,0,0.0,0.0,,0.683,2.732,0.611,0.093,0.645
histogram,fixed,edges,419,0,0,0.0,0.0,,0.687,2.745,0.606,0.095,0.643
histogram,fixed,edges,420,0,0,0.0,0.0,,0.693,2.782,0.603,0.092,0.743
histogram,fixed,edges,421,0,0,0.0,0.0,,0.748,2.768,0.613,0.094,0.649
histogram,fixed,edges,422,0,0,0.0,0.0,,0.695,2.704,0.609,0.097,0.645
histogram,fixed,edges,423,0,0,0.0,0.0,,0.688,2.784,0.609,0.141,0.655
histogram,fixed,edges,424,0,0,0.0,0.0,,0.759,2.767,0.611,0.097,0.651
histogram,otsu,edges,0,0,0,0.0,0.0,,0.851,4.021,1.016,0.393,1.1
histogram,otsu,edges,1,0,0,0.0,0.0,,0.682,3.104,0.711,0.384,0.646
histogram,otsu,edges,2,0,0,0.0,0.0,,1.065,4.529,0.686,0.453,1.442
histogram,otsu,edges,3,0,0,0.0,0.0,,0.684,2.976,0.615,0.366,0.645
histogram,otsu,edges,4,0,0,0.0,0.0,,1.106,5.025,1.157,0.524,1.458
histogram,otsu,edges,5,0,0,0.0,0.0,,0.68,3.167,0.726,0.392,0.656
histogram,otsu,edges,6,0,0,0.0,0.0,,0.895,3.314,0.689,0.388,0.66
histogram,otsu,edges,7,0,0,0.0,0.0,,0.814,3.823,1.12,0.412,0.675
histogram,otsu,edges,8,0,0,0.0,0.0,,1.078,5.083,1.205,0.542,1.376
histogram,otsu,edges,9,0,0,0.0,0.0,,0.685,3.153,0.672,0.372,0.631
histogram,otsu,edges,10,0,0,0.0,0.0,,0.687,3.112,0.709,0.371,0.663
histogram,otsu,edges,11,0,0,0.0,0.0,,1.039,5.17,0.687,0.777,1.864
histogram,otsu,edges,12,0,0,0.0,0.0,,0.686,3.082,0.602,0.367,0.644
histogram,otsu,edges,13,0,0,0.0,0.0,,1.097,3.642,0.66,0.422,0.657
histogram,otsu,edges,14,0,0,0.0,0.0,,0.699,3.537,1.074,0.417,0.641
histogram,otsu,edges,15,0,0,0.0,0.0,,2.204,6.267,0.647,0.372,1.871
histogram,otsu,edges,16,0,0,0.0,0.0,,0.768,3.78,0.952,0.405,0.67
histogram,otsu,edges,17,0,0,0.0,0.0,,0.87,3.945,0.973,0.418,0.68
histogram,otsu,edges,18,0,0,0.0,0.0,,0.884,4.069,1.02,0.4,1.04
histogram,otsu,edges,19,0,0,0.0,0.0,,0.688,2.996,0.623,0.368,0.641
histogram,otsu,edges,20,0,0,0.0,0.0,,0.82,3.317,0.687,0.377,0.64
histogram,otsu,edges,21,0,0,0.0,0.0,,0.681,3.588,1.115,0.407,0.656
histogram,otsu,edges,22,0,0,0.0,0.0,,1.29,5.79,1.56,0.532,1.455
histogram,otsu,edges,23,0,0,0.0,0.0,,0.693,3.194,0.72,0.37,0.644
histogram,otsu,edges,24,0,0,0.0,0.0,,1.173,4.488,0.698,0.44,1.317
histogram,otsu,edges,25,0,0,0.0,0.0,,0.692,3.131,0.733,0.377,0.638
histogram,otsu,edges,26,0,0,0.0,0.0,,0.727,4.478,1.223,0.533,1.194
histogram,otsu,edges,27,0,0,0.0,0.0,,0.725,3.798,0.997,0.38,0.965
histogram,otsu,edges,28,0,0,0.0,0.0,,0.727,3.827,0.999,0.377,0.994
histogram,otsu,edges,29,0,0,0.0,0.0,,0.712,3.884,1.004,0.369,1.061
histogram,otsu,edges,30,0,0,0.0,0.0,,0.723,3.801,0.998,0.37,0.983
histogram,otsu,edges,31,0,0,0.0,0.0,,0.716,3.803,1.045,0.378,0.986
histogram,otsu,edges,32,0,0,0.0,0.0,,0.738,3.853,1.044,0.379,0.979
histogram,otsu,edges,33,0,0,0.0,0.0,,0.724,3.83,1.038,0.381,0.966
histogram,otsu,edges,34,0,0,0.0,0.0,,0.707,3.792,1.038,0.377,0.981
histogram,otsu,edges,35,0,0,0.0,0.0,,0.71,3.789,1.042,0.38,0.97
histogram,otsu,edges,36,0,0,0.0,0.0,,0.736,3.804,1.034,0.382,0.975
histogram,otsu,edges,37,0,0,0.0,0.0,,0.713,3.793,1.038,0.386,0.967
histogram,otsu,edges,38,0,0,0.0,0.0,,0.714,3.831,1.058,0.384,0.966
histogram,otsu,edges,39,0,0,0.0,0.0,,0.736,3.823,0.997,0.443,0.968
histogram,otsu,edges,40,0,0,0.0,0.0,,0.718,3.794,0.981,0.428,0.975
histogram,otsu,edges,41,0,0,0.0,0.0,,0.705,3.815,1.007,0.438,0.976
histogram,otsu,edges,42,0,0,0.0,0.0,,0.721,3.814,0.993,0.373,1.014
histogram,otsu,edges,43,0,0,0.0,0.0,,0.716,3.811,0.986,0.37,1.048
histogram,otsu,edges,44,0,0,0.0,0.0,,0.713,3.815,0.987,0.385,1.065
histogram,otsu,edges,45,0,0,0.0,0.0,,0.708,3.849,1.004,0.376,1.062
histogram,otsu,edges,46,0,0,0.0,0.0,,0.725,3.84,0.993,0.373,1.07
histogram,otsu,edges,47,0,0,0.0,0.0,,0.716,3.851,1.0,0.376,1.083
histogram,otsu,edges,48,0,0,0.0,0.0,,0.706,3.828,1.002,0.373,1.079
histogram,otsu,edges,49,0,0,0.0,0.0,,0.717,3.838,0.997,0.38,1.071
histogram,otsu,edges,50,0,0,0.0,0.0,,0.717,3.843,0.993,0.373,1.07
histogram,otsu,edges,51,0,0,0.0,0.0,,0.753,3.939,0.995,0.375,1.063
histogram,otsu,edges,52,0,0,0.0,0.0,,0.724,3.842,0.993,0.37,0.968
histogram,otsu,edges,53,0,0,0.0,0.0,,0.728,3.827,0.991,0.371,0.97
histogram,otsu,edges,54,0,0,0.0,0.0,,0.821,3.853,1.003,0.37,0.961
histogram,otsu,edges,55,0,0,0.0,0.0,,0.805,3.802,0.985,0.376,0.957
histogram,otsu,edges,56,0,0,0.0,0.0,,0.8,3.801,0.988,0.373,0.955
histogram,otsu,edges,57,0,0,0.0,0.0,,0.808,3.821,0.99,0.373,0.966
histogram,otsu,edges,58,0,0,0.0,0.0,,0.807,3.848,0.999,0.37,0.978
histogram,otsu,edges,59,0,0,0.0,0.0,,0.786,3.796,0.986,0.379,0.959
histogram,otsu,edges,60,0,0,0.0,0.0,,0.731,3.783,1.001,0.374,0.997
histogram,otsu,edges,61,0,0,0.0,0.0,,0.729,3.835,0.986,0.375,1.056
histogram,otsu,edges,62,0,0,0.0,0.0,,0.724,3.833,0.989,0.371,0.988
histogram,otsu,edges,63,0,0,0.0,0.0,,0.736,4.108,1.122,0.454,1.045
histogram,otsu,edges,64,0,0,0.0,0.0,,0.696,3.716,1.055,0.38,0.919
histogram,otsu,edges,65,0,0,0.0,0.0,,0.706,3.718,1.024,0.372,0.899
histogram,otsu,edges,66,0,0,0.0,0.0,,0.694,3.692,1.015,0.369,0.896
histogram,otsu,edges,67,0,0,0.0,0.0,,0.707,3.735,1.052,0.375,0.949
histogram,otsu,edges,68,0,0,0.0,0.0,,0.703,3.713,1.031,0.373,0.938
histogram,otsu,edges,69,0,0,0.0,0.0,,0.704,3.802,1.079,0.38,0.971
histogram,otsu,edges,70,0,0,0.0,0.0,,0.709,3.75,1.031,0.372,0.951
histogram,otsu,edges,71,0,0,0.0,0.0,,0.678,3.693,1.044,0.371,0.94
histogram,otsu,edges,72,0,0,0.0,0.0,,0.704,3.781,0.988,0.418,0.981
histogram,otsu,edges,73,0,0,0.0,0.0,,0.711,3.738,0.987,0.415,0.956
histogram,otsu,edges,74,0,0,0.0,0.0,,0.705,3.74,0.975,0.368,1.021
histogram,otsu,edges,75,0,0,0.0,0.0,,0.701,3.848,0.981,0.367,1.112
histogram,otsu,edges,76,0,0,0.0,0.0,,0.689,3.733,0.972,0.369,1.03
histogram,otsu,edges,77,0,0,0.0,0.0,,0.734,3.877,0.982,0.366,1.121
histogram,otsu,edges,78,0,0,0.0,0.0,,0.699,4.014,1.07,0.401,1.115
histogram,otsu,edges,79,0,0,0.0,0.0,,0.743,4.106,1.053,0.395,1.18
histogram,otsu,edges,80,0,0,0.0,0.0,,0.7,3.838,1.05,0.412,1.01
histogram,otsu,edges,81,0,0,0.0,0.0,,0.722,3.882,1.037,0.403,1.064
histogram,otsu,edges,82,0,0,0.0,0.0,,0.767,4.179,1.073,0.436,1.189
histogram,otsu,edges,83,0,0,0.0,0.0,,0.711,3.763,1.011,0.403,0.923
histogram,otsu,edges,84,0,0,0.0,0.0,,0.725,4.143,1.022,0.423,1.243
histogram,otsu,edges,85,0,0,0.0,0.0,,0.853,4.118,0.998,0.398,1.11
histogram,otsu,edges,86,0,0,0.0,0.0,,0.839,4.094,1.011,0.394,1.152
histogram,otsu,edges,87,0,0,0.0,0.0,,0.728,4.09,1.047,0.473,1.156
histogram,otsu,edges,88,0,0,0.0,0.0,,0.837,4.09,1.026,0.476,1.035
histogram,otsu,edges,89,0,0,0.0,0.0,,0.814,4.15,1.009,0.472,1.142
histogram,otsu,edges,90,0,0,0.0,0.0,,0.831,4.139,1.069,0.405,1.163
histogram,otsu,edges,91,0,0,0.0,0.0,,0.848,4.216,1.082,0.41,1.183
histogram,otsu,edges,92,0,0,0.0,0.0,,0.789,4.12,1.077,0.405,1.094
histogram,otsu,edges,93,0,0,0.0,0.0,,0.686,3.789,1.047,0.379,1.0
histogram,otsu,edges,94,0,0,0.0,0.0,,0.695,3.799,1.054,0.387,0.968
histogram,otsu,edges,95,0,0,0.0,0.0,,0.685,4.064,1.311,0.405,1.003
histogram,otsu,edges,96,0,0,0.0,0.0,,0.681,3.375,0.906,0.401,0.714
histogram,otsu,edges,97,0,0,0.0,0.0,,0.732,3.872,0.623,0.424,1.424
histogram,otsu,edges,98,0,0,0.0,0.0,,0.69,3.028,0.627,0.362,0.686
histogram,otsu,edges,99,0,0,0.0,0.0,,0.679,3.295,0.766,0.383,0.676
histogram,otsu,edges,100,0,0,0.0,0.0,,0.687,2.976,0.616,0.368,0.636
histogram,otsu,edges,101,0,0,0.0,0.0,,0.685,2.965,0.602,0.369,0.647
histogram,otsu,edges,102,0,0,0.0,0.0,,0.683,3.052,0.642,0.371,0.666
histogram,otsu,edges,103,0,0,0.0,0.0,,0.685,3.116,0.612,0.367,0.807
histogram,otsu,edges,104,0,0,0.0,0.0,,0.696,3.455,0.601,0.372,1.072
histogram,otsu,edges,105,0,0,0.0,0.0,,0.683,2.987,0.618,0.371,0.65
histogram,otsu,edges,106,0,0,0.0,0.0,,0.691,3.07,0.606,0.366,0.651
histogram,otsu,edges,107,0,0,0.0,0.0,,0.682,3.039,0.65,0.373,0.675
histogram,otsu,edges,108,0,0,0.0,0.0,,0.683,3.107,0.599,0.371,0.801
histogram,otsu,edges,109,0,0,0.0,0.0,,0.769,3.052,0.614,0.365,0.656
histogram,otsu,edges,110,0,0,0.0,0.0,,0.694,2.973,0.607,0.37,0.649
histogram,otsu,edges,111,0,0,0.0,0.0,,0.693,2.995,0.626,0.372,0.647
histogram,otsu,edges,112,0,0,0.0,0.0,,0.686,3.049,0.618,0.369,0.67
histogram,otsu,edges,113,0,0,0.0,0.0,,0.811,3.108,0.599,0.371,0.666
histogram,otsu,edges,114,0,0,0.0,0.0,,0.686,2.966,0.607,0.367,0.647
histogram,otsu,edges,115,0,0,0.0,0.0,,0.682,3.027,0.615,0.366,0.647
histogram,otsu,edges,116,0,0,0.0,0.0,,0.693,3.015,0.624,0.41,0.65
histogram,otsu,edges,117,0,0,0.0,0.0,,0.681,3.034,0.608,0.365,0.719
histogram,otsu,edges,118,0,0,0.0,0.0,,0.756,3.031,0.603,0.369,0.641
histogram,otsu,edges,119,0,0,0.0,0.0,,0.683,2.979,0.622,0.368,0.64
histogram,otsu,edges,120,0,0,0.0,0.0,,0.688,3.02,0.648,0.374,0.652
histogram,otsu,edges,121,0,0,0.0,0.0,,0.679,3.039,0.61,0.368,0.734
histogram,otsu,edges,122,0,0,0.0,0.0,,0.765,3.064,0.616,0.367,0.639
histogram,otsu,edges,123,0,0,0.0,0.0,,0.687,2.963,0.606,0.367,0.653
histogram,otsu,edges,124,0,0,0.0,0.0,,0.686,3.063,0.665,0.374,0.643
histogram,otsu,edges,125,0,0,0.0,0.0,,0.685,3.043,0.609,0.41,0.661
histogram,otsu,edges,126,0,0,0.0,0.0,,0.758,3.035,0.606,0.372,0.646
histogram,otsu,edges,127,0,0,0.0,0.0,,0.69,2.956,0.603,0.367,0.636
histogram,otsu,edges,128,0,0,0.0,0.0,,0.684,3.046,0.62,0.364,0.649
histogram,otsu,edges,129,0,0,0.0,0.0,,0.698,3.03,0.619,0.413,0.652
histogram,otsu,edges,130,0,0,0.0,0.0,,0.688,3.027,0.601,0.368,0.71
histogram,otsu,edges,131,0,0,0.0,0.0,,0.757,3.053,0.602,0.369,0.651
histogram,otsu,edges,132,0,0,0.0,0.0,,0.682,2.997,0.607,0.37,0.651
histogram,otsu,edges,133,0,0,0.0,0.0,,0.693,3.015,0.642,0.373,0.648
histogram,otsu,edges,134,0,0,0.0,0.0,,0.69,3.036,0.611,0.366,0.706
histogram,otsu,edges,135,0,0,0.0,0.0,,0.773,3.041,0.615,0.365,0.642
histogram,otsu,edges,136,0,0,0.0,0.0,,0.693,2.96,0.603,0.369,0.638
histogram,otsu,edges,137,0,0,0.0,0.0,,0.683,3.026,0.658,0.372,0.645
histogram,otsu,edges,138,0,0,0.0,0.0,,0.69,3.014,0.609,0.369,0.678
histogram,otsu,edges,139,0,0,0.0,0.0,,0.783,3.066,0.605,0.371,0.648
histogram,otsu,edges,140,0,0,0.0,0.0,,0.687,2.959,0.613,0.369,0.635
histogram,otsu,edges,141,0,0,0.0,0.0,,0.691,3.07,0.61,0.365,0.658
histogram,otsu,edges,142,0,0,0.0,0.0,,0.693,3.112,0.601,0.445,0.659
histogram,otsu,edges,143,0,0,0.0,0.0,,0.678,3.105,0.616,0.37,0.75
histogram,otsu,edges,144,0,0,0.0,0.0,,0.756,3.055,0.602,0.369,0.68
histogram,otsu,edges,145,0,0,0.0,0.0,,0.683,2.92,0.599,0.365,0.629
histogram,otsu,edges,146,0,0,0.0,0.0,,0.696,3.021,0.647,0.372,0.656
histogram,otsu,edges,147,0,0,0.0,0.0,,0.694,3.043,0.607,0.368,0.724
histogram,otsu,edges,148,0,0,0.0,0.0,,0.773,3.072,0.612,0.372,0.65
histogram,otsu,edges,149,0,0,0.0,0.0,,0.684,2.961,0.599,0.369,0.647
histogram,otsu,edges,150,0,0,0.0,0.0,,0.689,3.018,0.608,0.371,0.642
histogram,otsu,edges,151,0,0,0.0,0.0,,0.678,3.041,0.602,0.41,0.683
histogram,otsu,edges,152,0,0,0.0,0.0,,0.697,3.101,0.606,0.37,0.642
histogram,otsu,edges,153,0,0,0.0,0.0,,0.685,2.966,0.604,0.369,0.645
histogram,otsu,edges,154,0,0,0.0,0.0,,0.683,3.018,0.61,0.367,0.641
histogram,otsu,edges,155,0,0,0.0,0.0,,0.693,3.009,0.651,0.371,0.648
histogram,otsu,edges,156,0,0,0.0,0.0,,0.683,3.043,0.605,0.367,0.744
histogram,otsu,edges,157,0,0,0.0,0.0,,0.778,3.064,0.598,0.368,0.66
histogram,otsu,edges,158,0,0,0.0,0.0,,0.689,2.968,0.601,0.37,0.638
histogram,otsu,edges,159,0,0,0.0,0.0,,0.686,3.003,0.643,0.372,0.64
histogram,otsu,edges,160,0,0,0.0,0.0,,0.69,3.009,0.604,0.369,0.693
histogram,otsu,edges,161,0,0,0.0,0.0,,0.775,3.115,0.608,0.37,0.661
histogram,otsu,edges,162,0,0,0.0,0.0,,0.692,3.005,0.617,0.366,0.649
histogram,otsu,edges,163,0,0,0.0,0.0,,0.683,3.131,0.609,0.371,0.648
histogram,otsu,edges,164,0,0,0.0,0.0,,0.687,3.01,0.611,0.412,0.64
histogram,otsu,edges,165,0,0,0.0,0.0,,0.683,3.017,0.603,0.37,0.709
histogram,otsu,edges,166,0,0,0.0,0.0,,0.751,3.068,0.617,0.367,0.635
histogram,otsu,edges,167,0,0,0.0,0.0,,0.69,2.952,0.602,0.368,0.649
histogram,otsu,edges,168,0,0,0.0,0.0,,0.693,3.022,0.643,0.374,0.656
histogram,otsu,edges,169,0,0,0.0,0.0,,0.687,3.066,0.62,0.369,0.722
histogram,otsu,edges,170,0,0,0.0,0.0,,0.78,3.047,0.611,0.369,0.632
histogram,otsu,edges,171,0,0,0.0,0.0,,0.688,2.971,0.6,0.37,0.656
histogram,otsu,edges,172,0,0,0.0,0.0,,0.693,3.042,0.645,0.369,0.647
histogram,otsu,edges,173,0,0,0.0,0.0,,0.685,3.008,0.608,0.411,0.645
histogram,otsu,edges,174,0,0,0.0,0.0,,0.771,3.036,0.6,0.37,0.637
histogram,otsu,edges,175,0,0,0.0,0.0,,0.685,2.954,0.601,0.37,0.651
histogram,otsu,edges,176,0,0,0.0,0.0,,0.686,3.033,0.611,0.366,0.646
histogram,otsu,edges,177,0,0,0.0,0.0,,0.698,3.004,0.609,0.407,0.642
histogram,otsu,edges,178,0,0,0.0,0.0,,0.692,3.036,0.604,0.366,0.643
histogram,otsu,edges,179,0,0,0.0,0.0,,0.683,3.093,0.604,0.37,0.656
histogram,otsu,edges,180,0,0,0.0,0.0,,0.727,3.0,0.6,0.369,0.645
histogram,otsu,edges,181,0,0,0.0,0.0,,0.689,3.029,0.652,0.371,0.664
histogram,otsu,edges,182,0,0,0.0,0.0,,0.69,3.079,0.619,0.366,0.711
histogram,otsu,edges,183,0,0,0.0,0.0,,0.769,3.071,0.608,0.369,0.667
histogram,otsu,edges,184,0,0,0.0,0.0,,0.682,2.963,0.605,0.37,0.639
histogram,otsu,edges,185,0,0,0.0,0.0,,0.689,3.017,0.656,0.368,0.644
histogram,otsu,edges,186,0,0,0.0,0.0,,0.81,3.131,0.605,0.409,0.648
histogram,otsu,edges,187,0,0,0.0,0.0,,0.675,3.772,1.046,0.46,0.907
histogram,otsu,edges,188,0,0,0.0,0.0,,0.702,3.545,0.649,0.409,1.101
histogram,otsu,edges,189,0,0,0.0,0.0,,0.705,3.824,0.991,0.375,1.083
histogram,otsu,edges,190,0,0,0.0,0.0,,0.779,3.145,0.63,0.368,0.661
histogram,otsu,edges,191,0,0,0.0,0.0,,0.7,3.018,0.609,0.368,0.665
histogram,otsu,edges,192,0,0,0.0,0.0,,0.716,3.131,0.678,0.372,0.657
histogram,otsu,edges,193,0,0,0.0,0.0,,0.696,3.452,1.059,0.376,0.659
histogram,otsu,edges,194,0,0,0.0,0.0,,0.715,3.425,0.602,0.37,1.07
histogram,otsu,edges,195,0,0,0.0,0.0,,0.697,3.773,0.985,0.37,1.063
histogram,otsu,edges,196,0,0,0.0,0.0,,0.778,3.078,0.62,0.37,0.633
histogram,otsu,edges,197,0,0,0.0,0.0,,0.722,3.381,0.621,0.367,0.963
histogram,otsu,edges,198,0,0,0.0,0.0,,0.725,3.012,0.602,0.363,0.648
histogram,otsu,edges,199,0,0,0.0,0.0,,0.716,3.791,1.044,0.38,0.963
histogram,otsu,edges,200,0,0,0.0,0.0,,0.683,3.407,1.038,0.373,0.647
histogram,otsu,edges,201,0,0,0.0,0.0,,0.692,3.022,0.605,0.372,0.703
histogram,otsu,edges,202,0,0,0.0,0.0,,0.709,3.438,0.606,0.371,0.97
histogram,otsu,edges,203,0,0,0.0,0.0,,0.817,3.441,0.622,0.373,0.956
histogram,otsu,edges,204,0,0,0.0,0.0,,0.73,3.295,0.606,0.365,0.94
histogram,otsu,edges,205,0,0,0.0,0.0,,0.701,3.062,0.615,0.376,0.65
histogram,otsu,edges,206,0,0,0.0,0.0,,0.738,3.852,1.078,0.385,0.975
histogram,otsu,edges,207,0,0,0.0,0.0,,0.682,3.45,1.058,0.374,0.663
histogram,otsu,edges,208,0,0,0.0,0.0,,0.681,3.072,0.609,0.372,0.756
histogram,otsu,edges,209,0,0,0.0,0.0,,0.704,3.44,0.605,0.372,0.972
histogram,otsu,edges,210,0,0,0.0,0.0,,0.842,3.449,0.618,0.367,0.954
histogram,otsu,edges,211,0,0,0.0,0.0,,0.725,3.294,0.598,0.367,0.945
histogram,otsu,edges,212,0,0,0.0,0.0,,0.714,3.785,0.819,0.378,0.674
histogram,otsu,edges,213,0,0,0.0,0.0,,0.745,3.797,1.002,0.376,0.949
histogram,otsu,edges,214,0,0,0.0,0.0,,0.694,3.027,0.604,0.369,0.635
histogram,otsu,edges,215,0,0,0.0,0.0,,0.718,3.075,0.608,0.412,0.665
histogram,otsu,edges,216,0,0,0.0,0.0,,0.718,3.831,0.992,0.378,1.075
histogram,otsu,edges,217,0,0,0.0,0.0,,0.739,3.456,0.619,0.372,1.053
histogram,otsu,edges,218,0,0,0.0,0.0,,0.696,3.759,0.988,0.373,0.958
histogram,otsu,edges,219,0,0,0.0,0.0,,0.754,3.059,0.623,0.367,0.665
histogram,otsu,edges,220,0,0,0.0,0.0,,0.716,3.045,0.617,0.372,0.658
histogram,otsu,edges,221,0,0,0.0,0.0,,0.716,3.228,0.814,0.373,0.648
histogram,otsu,edges,222,0,0,0.0,0.0,,0.695,3.493,0.994,0.437,0.676
histogram,otsu,edges,223,0,0,0.0,0.0,,0.725,3.435,0.614,0.376,1.056
histogram,otsu,edges,224,0,0,0.0,0.0,,0.71,3.798,0.986,0.379,1.06
histogram,otsu,edges,225,0,0,0.0,0.0,,0.765,3.077,0.621,0.37,0.66
histogram,otsu,edges,226,0,0,0.0,0.0,,0.733,3.347,0.616,0.373,0.96
histogram,otsu,edges,227,0,0,0.0,0.0,,0.704,3.073,0.618,0.366,0.659
histogram,otsu,edges,228,0,0,0.0,0.0,,0.752,3.814,1.036,0.375,0.977
histogram,otsu,edges,229,0,0,0.0,0.0,,0.687,3.419,1.038,0.377,0.658
histogram,otsu,edges,230,0,0,0.0,0.0,,0.684,3.082,0.612,0.37,0.692
histogram,otsu,edges,231,0,0,0.0,0.0,,0.698,3.769,0.994,0.378,1.034
histogram,otsu,edges,232,0,0,0.0,0.0,,0.785,3.163,0.632,0.37,0.666
histogram,otsu,edges,233,0,0,0.0,0.0,,0.82,3.859,0.994,0.375,0.968
histogram,otsu,edges,234,0,0,0.0,0.0,,0.684,3.022,0.612,0.368,0.656
histogram,otsu,edges,235,0,0,0.0,0.0,,0.753,3.426,0.61,0.374,0.949
histogram,otsu,edges,236,0,0,0.0,0.0,,0.691,3.327,0.947,0.375,0.65
histogram,otsu,edges,237,0,0,0.0,0.0,,0.762,3.46,0.607,0.374,1.026
histogram,otsu,edges,238,0,0,0.0,0.0,,0.692,3.507,0.99,0.373,0.785
histogram,otsu,edges,239,0,0,0.0,0.0,,0.769,3.067,0.608,0.373,0.644
histogram,otsu,edges,240,0,0,0.0,0.0,,0.798,3.402,0.604,0.372,0.956
histogram,otsu,edges,241,0,0,0.0,0.0,,0.706,3.037,0.61,0.365,0.669
histogram,otsu,edges,242,0,0,0.0,0.0,,0.731,3.825,1.054,0.378,0.955
histogram,otsu,edges,243,0,0,0.0,0.0,,0.683,3.322,0.948,0.374,0.644
histogram,otsu,edges,244,0,0,0.0,0.0,,0.684,3.032,0.615,0.373,0.689
histogram,otsu,edges,245,0,0,0.0,0.0,,0.718,3.395,0.608,0.375,0.949
histogram,otsu,edges,246,0,0,0.0,0.0,,0.713,3.793,0.993,0.372,0.961
histogram,otsu,edges,247,0,0,0.0,0.0,,0.696,2.999,0.612,0.369,0.663
histogram,otsu,edges,248,0,0,0.0,0.0,,0.705,3.118,0.627,0.372,0.647
histogram,otsu,edges,249,0,0,0.0,0.0,,0.696,3.368,0.902,0.375,0.65
histogram,otsu,edges,250,0,0,0.0,0.0,,0.729,3.787,0.99,0.434,0.964
histogram,otsu,edges,251,0,0,0.0,0.0,,0.69,3.493,0.988,0.471,0.675
histogram,otsu,edges,252,0,0,0.0,0.0,,0.679,3.133,0.63,0.373,0.716
histogram,otsu,edges,253,0,0,0.0,0.0,,0.789,3.111,0.606,0.372,0.663
histogram,otsu,edges,254,0,0,0.0,0.0,,0.783,3.789,0.992,0.371,0.959
histogram,otsu,edges,255,0,0,0.0,0.0,,0.694,2.992,0.604,0.367,0.664
histogram,otsu,edges,256,0,0,0.0,0.0,,0.706,3.054,0.644,0.373,0.654
histogram,otsu,edges,257,0,0,0.0,0.0,,0.691,3.448,0.988,0.426,0.675
histogram,otsu,edges,258,0,0,0.0,0.0,,0.696,3.393,0.608,0.369,1.058
histogram,otsu,edges,259,0,0,0.0,0.0,,0.817,3.452,0.646,0.366,0.955
histogram,otsu,edges,260,0,0,0.0,0.0,,0.822,3.828,0.995,0.372,0.964
histogram,otsu,edges,261,0,0,0.0,0.0,,0.68,3.015,0.656,0.368,0.648
histogram,otsu,edges,262,0,0,0.0,0.0,,0.695,3.091,0.611,0.37,0.644
histogram,otsu,edges,263,0,0,0.0,0.0,,0.716,3.47,1.028,0.376,0.679
histogram,otsu,edges,264,0,0,0.0,0.0,,0.683,3.473,0.991,0.429,0.704
histogram,otsu,edges,265,0,0,0.0,0.0,,0.717,3.41,0.616,0.371,1.037
histogram,otsu,edges,266,0,0,0.0,0.0,,0.691,3.769,0.999,0.372,1.032
histogram,otsu,edges,267,0,0,0.0,0.0,,0.761,3.059,0.621,0.368,0.64
histogram,otsu,edges,268,0,0,0.0,0.0,,0.696,3.043,0.599,0.372,0.665
histogram,otsu,edges,269,0,0,0.0,0.0,,0.686,6.058,2.695,0.405,1.602
histogram,otsu,edges,270,0,0,0.0,0.0,,0.672,4.662,0.964,0.364,2.025
histogram,otsu,edges,271,0,0,0.0,0.0,,0.677,4.229,1.79,0.382,0.709
histogram,otsu,edges,272,0,0,0.0,0.0,,0.687,3.045,0.604,0.372,0.692
histogram,otsu,edges,273,0,0,0.0,0.0,,0.789,3.072,0.617,0.37,0.638
histogram,otsu,edges,274,0,0,0.0,0.0,,0.691,2.95,0.607,0.364,0.644
histogram,otsu,edges,275,0,0,0.0,0.0,,0.687,3.085,0.612,0.369,0.663
histogram,otsu,edges,276,0,0,0.0,0.0,,0.748,3.081,0.617,0.408,0.643
histogram,otsu,edges,277,0,0,0.0,0.0,,0.688,3.191,0.732,0.379,0.747
histogram,otsu,edges,278,0,0,0.0,0.0,,0.773,3.053,0.611,0.368,0.636
histogram,otsu,edges,279,0,0,0.0,0.0,,0.699,2.976,0.61,0.37,0.639
histogram,otsu,edges,280,0,0,0.0,0.0,,0.684,2.994,0.624,0.372,0.635
histogram,otsu,edges,281,0,0,0.0,0.0,,0.687,3.023,0.611,0.373,0.692
histogram,otsu,edges,282,0,0,0.0,0.0,,0.767,3.081,0.605,0.371,0.638
histogram,otsu,edges,283,0,0,0.0,0.0,,0.683,2.945,0.607,0.365,0.651
histogram,otsu,edges,284,0,0,0.0,0.0,,0.69,3.068,0.61,0.365,0.653
histogram,otsu,edges,285,0,0,0.0,0.0,,0.689,3.024,0.607,0.408,0.662
histogram,otsu,edges,286,0,0,0.0,0.0,,0.687,3.042,0.607,0.369,0.641
histogram,otsu,edges,287,0,0,0.0,0.0,,0.695,2.987,0.601,0.367,0.645
histogram,otsu,edges,288,0,0,0.0,0.0,,0.689,2.936,0.604,0.367,0.625
histogram,otsu,edges,289,0,0,0.0,0.0,,0.686,2.998,0.649,0.369,0.646
histogram,otsu,edges,290,0,0,0.0,0.0,,0.68,3.057,0.615,0.367,0.745
histogram,otsu,edges,291,0,0,0.0,0.0,,0.767,3.066,0.611,0.368,0.651
histogram,otsu,edges,292,0,0,0.0,0.0,,0.682,3.002,0.604,0.369,0.651
histogram,otsu,edges,293,0,0,0.0,0.0,,0.68,3.03,0.629,0.371,0.641
histogram,otsu,edges,294,0,0,0.0,0.0,,0.687,3.014,0.605,0.371,0.691
histogram,otsu,edges,295,0,0,0.0,0.0,,0.768,3.026,0.605,0.369,0.628
histogram,otsu,edges,296,0,0,0.0,0.0,,0.686,2.947,0.608,0.367,0.645
histogram,otsu,edges,297,0,0,0.0,0.0,,0.689,3.023,0.604,0.366,0.649
histogram,otsu,edges,298,0,0,0.0,0.0,,0.694,3.008,0.606,0.41,0.641
histogram,otsu,edges,299,0,0,0.0,0.0,,0.684,3.046,0.607,0.37,0.651
histogram,otsu,edges,300,0,0,0.0,0.0,,0.687,3.016,0.603,0.371,0.649
histogram,otsu,edges,301,0,0,0.0,0.0,,0.68,2.959,0.599,0.369,0.657
histogram,otsu,edges,302,0,0,0.0,0.0,,0.678,3.047,0.653,0.37,0.651
histogram,otsu,edges,303,0,0,0.0,0.0,,0.684,3.055,0.622,0.366,0.744
histogram,otsu,edges,304,0,0,0.0,0.0,,0.775,3.057,0.606,0.371,0.639
histogram,otsu,edges,305,0,0,0.0,0.0,,0.676,2.954,0.603,0.367,0.637
histogram,otsu,edges,306,0,0,0.0,0.0,,0.684,2.997,0.616,0.381,0.652
histogram,otsu,edges,307,0,0,0.0,0.0,,0.681,3.032,0.606,0.369,0.695
histogram,otsu,edges,308,0,0,0.0,0.0,,0.766,3.052,0.609,0.369,0.642
histogram,otsu,edges,309,0,0,0.0,0.0,,0.682,2.959,0.61,0.37,0.642
histogram,otsu,edges,310,0,0,0.0,0.0,,0.687,3.029,0.613,0.367,0.63
histogram,otsu,edges,311,0,0,0.0,0.0,,0.69,3.038,0.613,0.412,0.666
histogram,otsu,edges,312,0,0,0.0,0.0,,0.693,3.069,0.606,0.365,0.638
histogram,otsu,edges,313,0,0,0.0,0.0,,0.687,2.96,0.598,0.368,0.65
histogram,otsu,edges,314,0,0,0.0,0.0,,0.684,2.966,0.603,0.368,0.647
histogram,otsu,edges,315,0,0,0.0,0.0,,0.678,3.003,0.654,0.374,0.637
histogram,otsu,edges,316,0,0,0.0,0.0,,0.677,3.062,0.613,0.371,0.721
histogram,otsu,edges,317,0,0,0.0,0.0,,0.76,3.037,0.617,0.366,0.65
histogram,otsu,edges,318,0,0,0.0,0.0,,0.69,2.959,0.605,0.361,0.652
histogram,otsu,edges,319,0,0,0.0,0.0,,0.682,3.034,0.658,0.371,0.658
histogram,otsu,edges,320,0,0,0.0,0.0,,0.683,3.019,0.6,0.368,0.702
histogram,otsu,edges,321,0,0,0.0,0.0,,0.763,3.055,0.606,0.37,0.652
histogram,otsu,edges,322,0,0,0.0,0.0,,0.69,3.0,0.608,0.371,0.638
histogram,otsu,edges,323,0,0,0.0,0.0,,0.686,3.032,0.624,0.367,0.638
histogram,otsu,edges,324,0,0,0.0,0.0,,0.691,3.028,0.622,0.409,0.659
histogram,otsu,edges,325,0,0,0.0,0.0,,0.679,3.042,0.608,0.368,0.653
histogram,otsu,edges,326,0,0,0.0,0.0,,0.691,2.97,0.599,0.367,0.646
histogram,otsu,edges,327,0,0,0.0,0.0,,0.688,2.969,0.601,0.372,0.643
histogram,otsu,edges,328,0,0,0.0,0.0,,0.686,3.03,0.657,0.375,0.65
histogram,otsu,edges,329,0,0,0.0,0.0,,0.683,3.043,0.607,0.37,0.735
histogram,otsu,edges,330,0,0,0.0,0.0,,0.786,3.052,0.609,0.367,0.641
histogram,otsu,edges,331,0,0,0.0,0.0,,0.691,2.958,0.606,0.367,0.645
histogram,otsu,edges,332,0,0,0.0,0.0,,0.686,3.061,0.642,0.375,0.634
histogram,otsu,edges,333,0,0,0.0,0.0,,0.681,3.026,0.618,0.372,0.691
histogram,otsu,edges,334,0,0,0.0,0.0,,0.772,3.057,0.609,0.368,0.631
histogram,otsu,edges,335,0,0,0.0,0.0,,0.679,2.954,0.607,0.369,0.646
histogram,otsu,edges,336,0,0,0.0,0.0,,0.692,3.055,0.616,0.365,0.652
histogram,otsu,edges,337,0,0,0.0,0.0,,0.689,3.02,0.606,0.409,0.658
histogram,otsu,edges,338,0,0,0.0,0.0,,0.687,3.04,0.616,0.37,0.646
histogram,otsu,edges,339,0,0,0.0,0.0,,0.684,2.972,0.602,0.368,0.637
histogram,otsu,edges,340,0,0,0.0,0.0,,0.683,2.957,0.612,0.37,0.63
histogram,otsu,edges,341,0,0,0.0,0.0,,0.675,2.982,0.641,0.373,0.642
histogram,otsu,edges,342,0,0,0.0,0.0,,0.681,3.278,0.613,0.368,0.931
histogram,otsu,edges,343,0,0,0.0,0.0,,0.77,3.049,0.612,0.369,0.628
histogram,otsu,edges,344,0,0,0.0,0.0,,0.689,2.952,0.603,0.37,0.631
histogram,otsu,edges,345,0,0,0.0,0.0,,0.692,3.016,0.598,0.368,0.641
histogram,otsu,edges,346,0,0,0.0,0.0,,0.693,3.01,0.604,0.41,0.649
histogram,otsu,edges,347,0,0,0.0,0.0,,0.692,3.061,0.609,0.372,0.639
histogram,otsu,edges,348,0,0,0.0,0.0,,0.689,2.994,0.611,0.37,0.631
histogram,otsu,edges,349,0,0,0.0,0.0,,0.69,3.022,0.611,0.364,0.642
histogram,otsu,edges,350,0,0,0.0,0.0,,0.681,2.99,0.646,0.368,0.641
histogram,otsu,edges,351,0,0,0.0,0.0,,0.681,3.041,0.615,0.367,0.726
histogram,otsu,edges,352,0,0,0.0,0.0,,0.766,3.072,0.608,0.367,0.643
histogram,otsu,edges,353,0,0,0.0,0.0,,0.683,2.957,0.598,0.371,0.637
histogram,otsu,edges,354,0,0,0.0,0.0,,0.684,3.027,0.659,0.374,0.641
histogram,otsu,edges,355,0,0,0.0,0.0,,0.682,3.049,0.616,0.371,0.711
histogram,otsu,edges,356,0,0,0.0,0.0,,0.773,3.054,0.615,0.367,0.646
histogram,otsu,edges,357,0,0,0.0,0.0,,0.689,2.978,0.608,0.365,0.64
histogram,otsu,edges,358,0,0,0.0,0.0,,0.695,3.016,0.606,0.372,0.64
histogram,otsu,edges,359,0,0,0.0,0.0,,0.683,3.026,0.609,0.411,0.66
histogram,otsu,edges,360,0,0,0.0,0.0,,0.688,3.062,0.61,0.37,0.655
histogram,otsu,edges,361,0,0,0.0,0.0,,0.683,2.974,0.608,0.37,0.643
histogram,otsu,edges,362,0,0,0.0,0.0,,0.685,3.052,0.609,0.367,0.64
histogram,otsu,edges,363,0,0,0.0,0.0,,0.687,2.995,0.643,0.371,0.648
histogram,otsu,edges,364,0,0,0.0,0.0,,0.689,3.065,0.609,0.366,0.722
histogram,otsu,edges,365,0,0,0.0,0.0,,0.765,3.034,0.599,0.369,0.642
histogram,otsu,edges,366,0,0,0.0,0.0,,0.682,2.971,0.609,0.368,0.639
histogram,otsu,edges,367,0,0,0.0,0.0,,0.69,2.99,0.632,0.372,0.627
histogram,otsu,edges,368,0,0,0.0,0.0,,0.682,3.023,0.605,0.373,0.705
histogram,otsu,edges,369,0,0,0.0,0.0,,0.765,3.047,0.619,0.37,0.632
histogram,otsu,edges,370,0,0,0.0,0.0,,0.687,2.95,0.612,0.368,0.635
histogram,otsu,edges,371,0,0,0.0,0.0,,0.688,3.055,0.679,0.37,0.661
histogram,otsu,edges,372,0,0,0.0,0.0,,0.679,3.046,0.603,0.407,0.659
histogram,otsu,edges,373,0,0,0.0,0.0,,0.683,3.065,0.605,0.37,0.664
histogram,otsu,edges,374,0,0,0.0,0.0,,0.687,2.97,0.61,0.373,0.64
histogram,otsu,edges,375,0,0,0.0,0.0,,0.683,3.025,0.614,0.367,0.654
histogram,otsu,edges,376,0,0,0.0,0.0,,0.689,3.038,0.658,0.373,0.659
histogram,otsu,edges,377,0,0,0.0,0.0,,0.685,3.032,0.61,0.367,0.722
histogram,otsu,edges,378,0,0,0.0,0.0,,0.764,3.031,0.601,0.368,0.643
histogram,otsu,edges,379,0,0,0.0,0.0,,0.684,2.976,0.604,0.369,0.644
histogram,otsu,edges,380,0,0,0.0,0.0,,0.685,3.074,0.636,0.373,0.657
histogram,otsu,edges,381,0,0,0.0,0.0,,0.684,3.041,0.61,0.37,0.71
histogram,otsu,edges,382,0,0,0.0,0.0,,0.775,3.129,0.609,0.364,0.633
histogram,otsu,edges,383,0,0,0.0,0.0,,0.69,2.984,0.613,0.367,0.633
histogram,otsu,edges,384,0,0,0.0,0.0,,0.683,3.046,0.608,0.371,0.642
histogram,otsu,edges,385,0,0,0.0,0.0,,0.684,3.002,0.604,0.405,0.645
histogram,otsu,edges,386,0,0,0.0,0.0,,0.689,3.024,0.605,0.369,0.631
histogram,otsu,edges,387,0,0,0.0,0.0,,0.684,2.979,0.619,0.364,0.655
histogram,otsu,edges,388,0,0,0.0,0.0,,0.691,2.973,0.605,0.371,0.654
histogram,otsu,edges,389,0,0,0.0,0.0,,0.689,3.023,0.643,0.375,0.651
histogram,otsu,edges,390,0,0,0.0,0.0,,0.686,3.044,0.616,0.366,0.733
histogram,otsu,edges,391,0,0,0.0,0.0,,0.763,3.052,0.606,0.368,0.65
histogram,otsu,edges,392,0,0,0.0,0.0,,0.693,2.98,0.597,0.369,0.636
histogram,otsu,edges,393,0,0,0.0,0.0,,0.687,3.013,0.646,0.37,0.64
histogram,otsu,edges,394,0,0,0.0,0.0,,0.684,3.033,0.607,0.369,0.698
histogram,otsu,edges,395,0,0,0.0,0.0,,0.755,3.042,0.609,0.371,0.641
histogram,otsu,edges,396,0,0,0.0,0.0,,0.685,2.993,0.612,0.365,0.65
histogram,otsu,edges,397,0,0,0.0,0.0,,0.693,3.05,0.609,0.37,0.652
histogram,otsu,edges,398,0,0,0.0,0.0,,0.691,3.008,0.604,0.414,0.651
histogram,otsu,edges,399,0,0,0.0,0.0,,0.685,3.048,0.608,0.368,0.643
histogram,otsu,edges,400,0,0,0.0,0.0,,0.687,2.95,0.597,0.368,0.635
histogram,otsu,edges,401,0,0,0.0,0.0,,0.675,2.945,0.599,0.369,0.64
histogram,otsu,edges,402,0,0,0.0,0.0,,0.686,3.052,0.648,0.373,0.639
histogram,otsu,edges,403,0,0,0.0,0.0,,0.696,3.052,0.606,0.366,0.74
histogram,otsu,edges,404,0,0,0.0,0.0,,0.77,3.035,0.603,0.366,0.654
histogram,otsu,edges,405,0,0,0.0,0.0,,0.691,2.971,0.604,0.368,0.648
histogram,otsu,edges,406,0,0,0.0,0.0,,0.679,3.01,0.647,0.372,0.648
histogram,otsu,edges,407,0,0,0.0,0.0,,0.688,3.016,0.609,0.37,0.676
histogram,otsu,edges,408,0,0,0.0,0.0,,0.768,3.043,0.603,0.374,0.641
histogram,otsu,edges,409,0,0,0.0,0.0,,0.688,2.956,0.612,0.367,0.631
histogram,otsu,edges,410,0,0,0.0,0.0,,0.681,3.007,0.599,0.366,0.653
histogram,otsu,edges,411,0,0,0.0,0.0,,0.688,3.01,0.611,0.418,0.654
histogram,otsu,edges,412,0,0,0.0,0.0,,0.693,3.112,0.607,0.365,0.652
histogram,otsu,edges,413,0,0,0.0,0.0,,0.683,2.971,0.605,0.369,0.643
histogram,otsu,edges,414,0,0,0.0,0.0,,0.681,3.009,0.602,0.368,0.631
histogram,otsu,edges,415,0,0,0.0,0.0,,0.683,3.03,0.651,0.377,0.642
histogram,otsu,edges,416,0,0,0.0,0.0,,0.674,3.022,0.604,0.368,0.723
histogram,otsu,edges,417,0,0,0.0,0.0,,0.767,3.01,0.602,0.366,0.637
histogram,otsu,edges,418,0,0,0.0,0.0,,0.696,2.953,0.604,0.366,0.643
histogram,otsu,edges,419,0,0,0.0,0.0,,0.684,2.994,0.641,0.371,0.648
histogram,otsu,edges,420,0,0,0.0,0.0,,0.693,3.007,0.601,0.366,0.703
histogram,otsu,edges,421,0,0,0.0,0.0,,0.755,3.106,0.615,0.369,0.65
histogram,otsu,edges,422,0,0,0.0,0.0,,0.687,2.993,0.616,0.369,0.626
histogram,otsu,edges,423,0,0,0.0,0.0,,0.695,3.029,0.611,0.364,0.65
histogram,otsu,edges,424,0,0,0.0,0.0,,0.692,3.018,0.611,0.405,0.652
histogram,adaptive,edges,0,0,0,0.0,0.0,,0.766,10.719,0.633,7.692,0.966
histogram,adaptive,edges,1,0,0,0.0,0.0,,0.989,11.658,0.657,8.281,1.011
histogram,adaptive,edges,2,0,0,0.0,0.0,,0.681,11.623,0.621,8.663,0.872
histogram,adaptive,edges,3,0,0,0.0,0.0,,0.774,12.898,0.68,9.506,1.165
histogram,adaptive,edges,4,0,0,0.0,0.0,,0.695,17.756,1.586,13.637,1.038
histogram,adaptive,edges,5,0,0,0.0,0.0,,0.726,11.478,1.303,7.483,1.181
histogram,adaptive,edges,6,0,0,0.0,0.0,,0.725,10.965,0.995,7.35,1.119
histogram,adaptive,edges,7,0,0,0.0,0.0,,0.722,10.739,0.992,7.254,1.086
histogram,adaptive,edges,8,0,0,0.0,0.0,,0.707,10.87,1.0,7.31,1.119
histogram,adaptive,edges,9,0,0,0.0,0.0,,0.708,10.919,1.042,7.226,1.278
histogram,adaptive,edges,10,0,0,0.0,0.0,,0.799,10.912,0.991,7.31,1.127
histogram,adaptive,edges,11,0,0,0.0,0.0,,0.707,10.743,0.993,7.25,1.118
histogram,adaptive,edges,12,0,0,0.0,0.0,,0.716,10.899,1.081,7.303,1.106
histogram,adaptive,edges,13,0,0,0.0,0.0,,0.719,10.858,0.992,7.269,1.186
histogram,adaptive,edges,14,0,0,0.0,0.0,,0.807,10.892,0.995,7.287,1.108
histogram,adaptive,edges,15,0,0,0.0,0.0,,0.725,10.848,0.994,7.285,1.112
histogram,adaptive,edges,16,0,0,0.0,0.0,,0.724,10.88,1.034,7.263,1.168
histogram,adaptive,edges,17,0,0,0.0,0.0,,0.673,10.827,0.991,7.35,1.132
histogram,adaptive,edges,18,0,0,0.0,0.0,,0.678,10.586,0.96,7.222,1.068
histogram,adaptive,edges,19,0,0,0.0,0.0,,0.779,13.929,0.969,7.178,4.243
histogram,adaptive,edges,20,0,0,0.0,0.0,,0.794,10.831,1.059,7.238,1.075
histogram,adaptive,edges,21,0,0,0.0,0.0,,0.697,16.686,0.962,12.412,1.932
histogram,adaptive,edges,22,0,0,0.0,0.0,,0.821,12.327,1.828,7.688,1.268
histogram,adaptive,edges,23,0,0,0.0,0.0,,0.725,12.408,1.076,7.587,2.284
histogram,adaptive,edges,24,0,0,0.0,0.0,,0.932,17.323,2.431,7.961,5.137
histogram,adaptive,edges,25,0,0,0.0,0.0,,0.732,14.096,3.496,7.374,1.556
histogram,adaptive,edges,26,0,0,0.0,0.0,,0.774,11.999,0.99,7.444,2.098
histogram,adaptive,edges,27,0,0,0.0,0.0,,0.726,16.476,6.349,7.583,1.118
histogram,adaptive,edges,28,0,0,0.0,0.0,,0.703,10.967,1.045,7.328,1.198
histogram,adaptive,edges,29,0,0,0.0,0.0,,0.788,10.822,0.988,7.245,1.103
histogram,adaptive,edges,30,0,0,0.0,0.0,,0.714,10.834,0.986,7.351,1.1
histogram,adaptive,edges,31,0,0,0.0,0.0,,0.729,10.839,1.044,7.208,1.183
histogram,adaptive,edges,32,0,0,0.0,0.0,,0.736,10.765,0.996,7.247,1.071
histogram,adaptive,edges,33,0,0,0.0,0.0,,0.687,10.545,0.977,7.147,1.064
histogram,adaptive,edges,34,0,0,0.0,0.0,,0.69,10.629,1.018,7.186,1.075
histogram,adaptive,edges,35,0,0,0.0,0.0,,0.778,10.612,0.966,7.133,1.055
histogram,adaptive,edges,36,0,0,0.0,0.0,,0.69,10.599,0.974,7.187,1.077
histogram,adaptive,edges,37,0,0,0.0,0.0,,0.681,10.607,1.033,7.171,1.057
histogram,adaptive,edges,38,0,0,0.0,0.0,,0.761,10.396,0.976,7.169,0.795
histogram,adaptive,edges,39,0,0,0.0,0.0,,0.679,9.876,0.605,7.155,0.776
histogram,adaptive,edges,40,0,0,0.0,0.0,,0.751,9.952,0.605,7.141,0.788
histogram,adaptive,edges,41,0,0,0.0,0.0,,0.673,9.882,0.604,7.165,0.778
histogram,adaptive,edges,42,0,0,0.0,0.0,,0.784,10.097,0.614,7.226,0.799
histogram,adaptive,edges,43,0,0,0.0,0.0,,0.68,9.906,0.601,7.186,0.785
histogram,adaptive,edges,44,0,0,0.0,0.0,,0.76,9.985,0.606,7.175,0.785
histogram,adaptive,edges,45,0,0,0.0,0.0,,0.677,9.933,0.603,7.157,0.798
histogram,adaptive,edges,46,0,0,0.0,0.0,,0.765,9.965,0.609,7.147,0.786
histogram,adaptive,edges,47,0,0,0.0,0.0,,0.679,9.889,0.6,7.159,0.785
histogram,adaptive,edges,48,0,0,0.0,0.0,,0.765,9.983,0.623,7.138,0.787
histogram,adaptive,edges,49,0,0,0.0,0.0,,0.68,9.911,0.605,7.171,0.787
histogram,adaptive,edges,50,0,0,0.0,0.0,,0.761,9.966,0.622,7.15,0.781
histogram,adaptive,edges,51,0,0,0.0,0.0,,0.677,9.902,0.603,7.191,0.763
histogram,adaptive,edges,52,0,0,0.0,0.0,,0.77,9.974,0.61,7.14,0.794
histogram,adaptive,edges,53,0,0,0.0,0.0,,0.68,9.877,0.602,7.154,0.772
histogram,adaptive,edges,54,0,0,0.0,0.0,,0.751,10.013,0.615,7.166,0.804
histogram,adaptive,edges,55,0,0,0.0,0.0,,0.678,9.948,0.602,7.176,0.794
histogram,adaptive,edges,56,0,0,0.0,0.0,,0.782,9.973,0.604,7.144,0.782
histogram,adaptive,edges,57,0,0,0.0,0.0,,0.675,9.946,0.605,7.192,0.779
histogram,adaptive,edges,58,0,0,0.0,0.0,,0.772,10.012,0.612,7.184,0.79
histogram,adaptive,edges,59,0,0,0.0,0.0,,0.683,9.905,0.613,7.159,0.795
histogram,adaptive,edges,60,0,0,0.0,0.0,,0.76,9.989,0.611,7.161,0.791
histogram,adaptive,edges,61,0,0,0.0,0.0,,0.684,10.038,0.607,7.299,0.775
histogram,adaptive,edges,62,0,0,0.0,0.0,,0.69,9.997,0.616,7.169,0.791
histogram,adaptive,edges,63,0,0,0.0,0.0,,0.679,9.88,0.606,7.144,0.778
histogram,adaptive,edges,64,0,0,0.0,0.0,,0.692,9.993,0.609,7.163,0.788
histogram,adaptive,edges,65,0,0,0.0,0.0,,0.68,9.917,0.605,7.158,0.772
histogram,adaptive,edges,66,0,0,0.0,0.0,,0.726,10.039,0.607,7.179,0.795
histogram,adaptive,edges,67,0,0,0.0,0.0,,0.68,9.889,0.604,7.157,0.794
histogram,adaptive,edges,68,0,0,0.0,0.0,,0.685,9.985,0.608,7.167,0.788
histogram,adaptive,edges,69,0,0,0.0,0.0,,0.678,9.924,0.606,7.169,0.787
histogram,adaptive,edges,70,0,0,0.0,0.0,,0.692,10.026,0.61,7.18,0.8
histogram,adaptive,edges,71,0,0,0.0,0.0,,0.688,9.889,0.616,7.133,0.788
histogram,adaptive,edges,72,0,0,0.0,0.0,,0.689,9.992,0.608,7.158,0.803
histogram,adaptive,edges,73,0,0,0.0,0.0,,0.689,9.905,0.621,7.136,0.795
histogram,adaptive,edges,74,0,0,0.0,0.0,,0.692,9.982,0.605,7.159,0.785
histogram,adaptive,edges,75,0,0,0.0,0.0,,0.684,9.947,0.615,7.169,0.784
histogram,adaptive,edges,76,0,0,0.0,0.0,,0.683,9.996,0.605,7.182,0.79
histogram,adaptive,edges,77,0,0,0.0,0.0,,0.683,9.879,0.613,7.139,0.781
histogram,adaptive,edges,78,0,0,0.0,0.0,,0.679,10.015,0.623,7.177,0.79
histogram,adaptive,edges,79,0,0,0.0,0.0,,0.686,9.88,0.613,7.139,0.771
histogram,adaptive,edges,80,0,0,0.0,0.0,,0.674,9.983,0.606,7.174,0.787
histogram,adaptive,edges,81,0,0,0.0,0.0,,0.686,9.904,0.605,7.178,0.76
histogram,adaptive,edges,82,0,0,0.0,0.0,,0.68,10.006,0.622,7.168,0.801
histogram,adaptive,edges,83,0,0,0.0,0.0,,0.694,9.909,0.612,7.169,0.781
histogram,adaptive,edges,84,0,0,0.0,0.0,,0.683,9.962,0.606,7.156,0.795
histogram,adaptive,edges,85,0,0,0.0,0.0,,0.691,9.919,0.604,7.147,0.782
histogram,adaptive,edges,86,0,0,0.0,0.0,,0.689,9.986,0.604,7.171,0.793
histogram,adaptive,edges,87,0,0,0.0,0.0,,0.682,9.896,0.606,7.151,0.803
histogram,adaptive,edges,88,0,0,0.0,0.0,,0.686,9.984,0.608,7.174,0.801
histogram,adaptive,edges,89,0,0,0.0,0.0,,0.689,9.911,0.604,7.165,0.799
histogram,adaptive,edges,90,0,0,0.0,0.0,,0.682,9.991,0.607,7.177,0.788
histogram,adaptive,edges,91,0,0,0.0,0.0,,0.689,9.906,0.612,7.155,0.783
histogram,adaptive,edges,92,0,0,0.0,0.0,,0.689,9.998,0.605,7.184,0.794
histogram,adaptive,edges,93,0,0,0.0,0.0,,0.683,9.915,0.614,7.169,0.778
histogram,adaptive,edges,94,0,0,0.0,0.0,,0.678,10.01,0.665,7.13,0.861
histogram,adaptive,edges,95,0,0,0.0,0.0,,0.681,9.946,0.615,7.163,0.791
histogram,adaptive,edges,96,0,0,0.0,0.0,,0.682,10.001,0.648,7.137,0.868
histogram,adaptive,edges,97,0,0,0.0,0.0,,0.685,9.883,0.61,7.148,0.782
histogram,adaptive,edges,98,0,0,0.0,0.0,,0.684,10.035,0.675,7.147,0.859
histogram,adaptive,edges,99,0,0,0.0,0.0,,0.684,9.869,0.602,7.128,0.789
histogram,adaptive,edges,100,0,0,0.0,0.0,,0.687,9.967,0.647,7.125,0.852
histogram,adaptive,edges,101,0,0,0.0,0.0,,0.687,9.883,0.607,7.133,0.786
histogram,adaptive,edges,102,0,0,0.0,0.0,,0.683,9.978,0.644,7.126,0.852
histogram,adaptive,edges,103,0,0,0.0,0.0,,0.688,9.973,0.614,7.214,0.797
histogram,adaptive,edges,104,0,0,0.0,0.0,,0.674,10.056,0.69,7.141,0.876
histogram,adaptive,edges,105,0,0,0.0,0.0,,0.676,9.921,0.617,7.133,0.783
histogram,adaptive,edges,106,0,0,0.0,0.0,,0.676,10.026,0.649,7.154,0.877
histogram,adaptive,edges,107,0,0,0.0,0.0,,0.684,9.87,0.609,7.144,0.771
histogram,adaptive,edges,108,0,0,0.0,0.0,,0.673,10.012,0.651,7.143,0.856
histogram,adaptive,edges,109,0,0,0.0,0.0,,0.688,9.911,0.604,7.172,0.788
histogram,adaptive,edges,110,0,0,0.0,0.0,,0.677,9.996,0.653,7.123,0.869
histogram,adaptive,edges,111,0,0,0.0,0.0,,0.687,9.915,0.606,7.138,0.793
histogram,adaptive,edges,112,0,0,0.0,0.0,,0.673,10.118,0.652,7.125,1.005
histogram,adaptive,edges,113,0,0,0.0,0.0,,0.68,9.842,0.612,7.129,0.762
histogram,adaptive,edges,114,0,0,0.0,0.0,,0.677,10.007,0.653,7.144,0.87
histogram,adaptive,edges,115,0,0,0.0,0.0,,0.696,10.244,0.609,7.431,0.806
histogram,adaptive,edges,116,0,0,0.0,0.0,,0.718,10.924,1.008,7.361,1.106
histogram,adaptive,edges,117,0,0,0.0,0.0,,0.728,11.08,1.068,7.211,1.4
histogram,adaptive,edges,118,0,0,0.0,0.0,,0.804,10.937,1.002,7.316,1.128
histogram,adaptive,edges,119,0,0,0.0,0.0,,0.715,10.751,0.986,7.245,1.114
histogram,adaptive,edges,120,0,0,0.0,0.0,,0.726,10.897,1.035,7.315,1.112
histogram,adaptive,edges,121,0,0,0.0,0.0,,0.719,10.857,0.994,7.257,1.198
histogram,adaptive,edges,122,0,0,0.0,0.0,,0.807,10.918,0.994,7.299,1.137
histogram,adaptive,edges,123,0,0,0.0,0.0,,0.719,10.762,0.993,7.254,1.104
histogram,adaptive,edges,124,0,0,0.0,0.0,,0.715,10.896,1.039,7.246,1.197
histogram,adaptive,edges,125,0,0,0.0,0.0,,0.714,10.876,0.992,7.256,1.189
histogram,adaptive,edges,126,0,0,0.0,0.0,,0.729,10.81,0.987,7.289,1.119
histogram,adaptive,edges,127,0,0,0.0,0.0,,0.694,11.08,0.985,7.593,1.072
histogram,adaptive,edges,128,0,0,0.0,0.0,,0.689,10.721,1.017,7.117,1.247
histogram,adaptive,edges,129,0,0,0.0,0.0,,0.817,10.689,0.984,7.145,1.08
histogram,adaptive,edges,130,0,0,0.0,0.0,,0.682,10.592,0.976,7.18,1.087
histogram,adaptive,edges,131,0,0,0.0,0.0,,0.689,10.604,1.027,7.1,1.119
histogram,adaptive,edges,132,0,0,0.0,0.0,,0.778,10.633,0.983,7.165,1.07
histogram,adaptive,edges,133,0,0,0.0,0.0,,0.703,10.574,0.976,7.155,1.073
histogram,adaptive,edges,134,0,0,0.0,0.0,,0.694,10.654,1.035,7.12,1.137
histogram,adaptive,edges,135,0,0,0.0,0.0,,0.774,10.623,0.976,7.129,1.063
histogram,adaptive,edges,136,0,0,0.0,0.0,,0.687,10.58,0.974,7.174,1.073
histogram,adaptive,edges,137,0,0,0.0,0.0,,0.69,10.596,1.02,7.086,1.128
histogram,adaptive,edges,138,0,0,0.0,0.0,,0.773,10.646,0.983,7.164,1.076
histogram,adaptive,edges,139,0,0,0.0,0.0,,0.697,10.542,0.975,7.15,1.063
histogram,adaptive,edges,140,0,0,0.0,0.0,,0.688,10.654,1.041,7.13,1.138
histogram,adaptive,edges,141,0,0,0.0,0.0,,0.777,10.609,0.98,7.144,1.061
histogram,adaptive,edges,142,0,0,0.0,0.0,,0.687,10.66,0.976,7.254,1.072
histogram,adaptive,edges,143,0,0,0.0,0.0,,0.678,10.58,1.025,7.095,1.119
histogram,adaptive,edges,144,0,0,0.0,0.0,,0.771,10.622,0.982,7.164,1.065
histogram,adaptive,edges,145,0,0,0.0,0.0,,0.703,10.564,0.983,7.136,1.061
histogram,adaptive,edges,146,0,0,0.0,0.0,,0.685,10.657,1.031,7.125,1.148
histogram,adaptive,edges,147,0,0,0.0,0.0,,0.779,10.623,0.997,7.123,1.059
histogram,adaptive,edges,148,0,0,0.0,0.0,,0.69,10.623,0.975,7.22,1.072
histogram,adaptive,edges,149,0,0,0.0,0.0,,0.694,10.612,1.029,7.096,1.128
histogram,adaptive,edges,150,0,0,0.0,0.0,,0.775,10.637,0.979,7.153,1.066
histogram,adaptive,edges,151,0,0,0.0,0.0,,0.697,10.536,0.982,7.131,1.06
histogram,adaptive,edges,152,0,0,0.0,0.0,,0.688,10.625,1.027,7.119,1.129
histogram,adaptive,edges,153,0,0,0.0,0.0,,0.782,10.639,0.987,7.132,1.074
histogram,adaptive,edges,154,0,0,0.0,0.0,,0.688,10.547,0.982,7.151,1.063
histogram,adaptive,edges,155,0,0,0.0,0.0,,0.7,10.666,1.019,7.118,1.121
histogram,adaptive,edges,156,0,0,0.0,0.0,,0.773,10.61,0.97,7.144,1.068
histogram,adaptive,edges,157,0,0,0.0,0.0,,0.694,10.51,0.976,7.132,1.057
histogram,adaptive,edges,158,0,0,0.0,0.0,,0.688,10.641,1.028,7.115,1.142
histogram,adaptive,edges,159,0,0,0.0,0.0,,0.765,10.603,0.98,7.119,1.077
histogram,adaptive,edges,160,0,0,0.0,0.0,,0.7,10.584,0.977,7.175,1.07
histogram,adaptive,edges,161,0,0,0.0,0.0,,0.685,10.597,1.018,7.098,1.14
histogram,adaptive,edges,162,0,0,0.0,0.0,,0.761,10.631,0.986,7.134,1.082
histogram,adaptive,edges,163,0,0,0.0,0.0,,0.713,10.599,0.976,7.174,1.07
histogram,adaptive,edges,164,0,0,0.0,0.0,,0.69,10.624,1.017,7.109,1.159
histogram,adaptive,edges,165,0,0,0.0,0.0,,0.759,10.647,0.972,7.139,1.071
histogram,adaptive,edges,166,0,0,0.0,0.0,,0.702,10.627,0.974,7.219,1.067
histogram,adaptive,edges,167,0,0,0.0,0.0,,0.689,10.589,1.019,7.088,1.125
histogram,adaptive,edges,168,0,0,0.0,0.0,,0.767,10.665,0.98,7.173,1.078
histogram,adaptive,edges,169,0,0,0.0,0.0,,0.689,10.54,0.975,7.133,1.067
histogram,adaptive,edges,170,0,0,0.0,0.0,,0.692,10.593,1.015,7.113,1.127
histogram,adaptive,edges,171,0,0,0.0,0.0,,0.763,10.59,0.966,7.132,1.065
histogram,adaptive,edges,172,0,0,0.0,0.0,,0.694,10.559,0.975,7.149,1.072
histogram,adaptive,edges,173,0,0,0.0,0.0,,0.714,10.593,1.021,7.089,1.12
histogram,adaptive,edges,174,0,0,0.0,0.0,,0.763,10.631,0.97,7.157,1.073
histogram,adaptive,edges,175,0,0,0.0,0.0,,0.697,10.566,0.968,7.135,1.072
histogram,adaptive,edges,176,0,0,0.0,0.0,,0.685,10.63,1.035,7.127,1.119
histogram,adaptive,edges,177,0,0,0.0,0.0,,0.774,10.593,0.976,7.114,1.075
histogram,adaptive,edges,178,0,0,0.0,0.0,,0.694,10.582,0.985,7.167,1.069
histogram,adaptive,edges,179,0,0,0.0,0.0,,0.697,10.598,1.02,7.106,1.12
histogram,adaptive,edges,180,0,0,0.0,0.0,,0.778,10.624,0.971,7.153,1.077
histogram,adaptive,edges,181,0,0,0.0,0.0,,0.684,10.579,0.977,7.153,1.088
histogram,adaptive,edges,182,0,0,0.0,0.0,,0.685,10.637,1.036,7.13,1.129
histogram,adaptive,edges,183,0,0,0.0,0.0,,0.765,10.633,0.976,7.152,1.077
histogram,adaptive,edges,184,0,0,0.0,0.0,,0.697,10.649,0.985,7.196,1.068
histogram,adaptive,edges,185,0,0,0.0,0.0,,0.69,10.633,1.022,7.098,1.13
histogram,adaptive,edges,186,0,0,0.0,0.0,,0.779,10.63,0.972,7.158,1.078
histogram,adaptive,edges,187,0,0,0.0,0.0,,0.689,10.546,0.978,7.133,1.066
histogram,adaptive,edges,188,0,0,0.0,0.0,,0.683,10.631,1.027,7.116,1.134
histogram,adaptive,edges,189,0,0,0.0,0.0,,0.772,10.563,0.969,7.11,1.073
histogram,adaptive,edges,190,0,0,0.0,0.0,,0.688,10.569,0.984,7.154,1.071
histogram,adaptive,edges,191,0,0,0.0,0.0,,0.683,10.593,1.02,7.106,1.119
histogram,adaptive,edges,192,0,0,0.0,0.0,,0.77,10.646,0.972,7.18,1.072
histogram,adaptive,edges,193,0,0,0.0,0.0,,0.69,10.496,0.969,7.121,1.075
histogram,adaptive,edges,194,0,0,0.0,0.0,,0.694,10.651,1.021,7.127,1.132
histogram,adaptive,edges,195,0,0,0.0,0.0,,0.759,10.634,0.974,7.124,1.069
histogram,adaptive,edges,196,0,0,0.0,0.0,,0.681,10.632,0.976,7.256,1.053
histogram,adaptive,edges,197,0,0,0.0,0.0,,0.683,10.601,1.015,7.101,1.127
histogram,adaptive,edges,198,0,0,0.0,0.0,,0.768,10.584,0.982,7.142,1.046
histogram,adaptive,edges,199,0,0,0.0,0.0,,0.688,10.529,0.967,7.147,1.063
histogram,adaptive,edges,200,0,0,0.0,0.0,,0.692,10.75,1.141,7.124,1.124
histogram,adaptive,edges,201,0,0,0.0,0.0,,0.769,10.609,0.976,7.132,1.071
histogram,adaptive,edges,202,0,0,0.0,0.0,,0.698,10.64,0.979,7.191,1.07
histogram,adaptive,edges,203,0,0,0.0,0.0,,0.703,10.61,1.025,7.113,1.12
histogram,adaptive,edges,204,0,0,0.0,0.0,,0.775,10.652,0.99,7.151,1.079
histogram,adaptive,edges,205,0,0,0.0,0.0,,0.691,10.584,0.977,7.143,1.077
histogram,adaptive,edges,206,0,0,0.0,0.0,,0.67,10.598,1.035,7.11,1.126
histogram,adaptive,edges,207,0,0,0.0,0.0,,0.772,10.594,0.97,7.131,1.077
histogram,adaptive,edges,208,0,0,0.0,0.0,,1.074,11.785,0.962,7.279,1.795
histogram,adaptive,edges,209,0,0,0.0,0.0,,0.709,10.595,0.942,7.242,1.051
histogram,adaptive,edges,210,0,0,0.0,0.0,,0.693,10.656,1.022,7.173,1.108
histogram,adaptive,edges,211,0,0,0.0,0.0,,0.765,10.642,0.979,7.17,1.057
histogram,adaptive,edges,212,0,0,0.0,0.0,,0.703,10.583,0.983,7.18,1.06
histogram,adaptive,edges,213,0,0,0.0,0.0,,0.696,10.585,1.019,7.105,1.116
histogram,adaptive,edges,214,0,0,0.0,0.0,,0.765,10.628,0.978,7.137,1.085
histogram,adaptive,edges,215,0,0,0.0,0.0,,0.693,10.575,0.976,7.147,1.056
histogram,adaptive,edges,216,0,0,0.0,0.0,,0.692,10.621,1.019,7.143,1.125
histogram,adaptive,edges,217,0,0,0.0,0.0,,0.764,10.566,0.973,7.118,1.063
histogram,adaptive,edges,218,0,0,0.0,0.0,,0.688,10.565,0.974,7.162,1.074
histogram,adaptive,edges,219,0,0,0.0,0.0,,0.698,10.601,1.027,7.08,1.139
histogram,adaptive,edges,220,0,0,0.0,0.0,,0.784,10.658,0.982,7.166,1.067
histogram,adaptive,edges,221,0,0,0.0,0.0,,0.683,10.597,0.973,7.207,1.07
histogram,adaptive,edges,222,0,0,0.0,0.0,,0.692,10.636,1.026,7.115,1.15
histogram,adaptive,edges,223,0,0,0.0,0.0,,0.77,10.77,0.976,7.312,1.064
histogram,adaptive,edges,224,0,0,0.0,0.0,,0.691,10.569,0.977,7.153,1.067
histogram,adaptive,edges,225,0,0,0.0,0.0,,0.69,10.667,1.036,7.095,1.144
histogram,adaptive,edges,226,0,0,0.0,0.0,,0.784,10.635,0.976,7.15,1.07
histogram,adaptive,edges,227,0,0,0.0,0.0,,0.678,10.524,0.977,7.137,1.07
histogram,adaptive,edges,228,0,0,0.0,0.0,,0.681,10.634,1.024,7.123,1.146
histogram,adaptive,edges,229,0,0,0.0,0.0,,0.769,10.633,0.986,7.132,1.086
histogram,adaptive,edges,230,0,0,0.0,0.0,,0.695,10.571,0.984,7.162,1.064
histogram,adaptive,edges,231,0,0,0.0,0.0,,0.693,10.598,1.012,7.095,1.139
histogram,adaptive,edges,232,0,0,0.0,0.0,,0.779,10.667,0.979,7.166,1.069
histogram,adaptive,edges,233,0,0,0.0,0.0,,0.696,10.517,0.97,7.144,1.062
histogram,adaptive,edges,234,0,0,0.0,0.0,,0.69,10.622,1.011,7.133,1.134
histogram,adaptive,edges,235,0,0,0.0,0.0,,0.763,10.616,0.976,7.114,1.069
histogram,adaptive,edges,236,0,0,0.0,0.0,,0.693,10.566,0.974,7.168,1.07
histogram,adaptive,edges,237,0,0,0.0,0.0,,0.693,10.564,1.01,7.106,1.115
histogram,adaptive,edges,238,0,0,0.0,0.0,,0.761,10.693,0.971,7.214,1.077
histogram,adaptive,edges,239,0,0,0.0,0.0,,0.689,10.56,0.971,7.183,1.049
histogram,adaptive,edges,240,0,0,0.0,0.0,,0.693,10.618,1.015,7.134,1.124
histogram,adaptive,edges,241,0,0,0.0,0.0,,0.763,10.583,0.977,7.133,1.057
histogram,adaptive,edges,242,0,0,0.0,0.0,,0.69,10.56,0.97,7.165,1.071
histogram,adaptive,edges,243,0,0,0.0,0.0,,0.684,10.606,1.03,7.094,1.119
histogram,adaptive,edges,244,0,0,0.0,0.0,,0.776,10.606,0.971,7.145,1.07
histogram,adaptive,edges,245,0,0,0.0,0.0,,0.693,10.575,0.981,7.133,1.063
histogram,adaptive,edges,246,0,0,0.0,0.0,,0.703,10.677,1.037,7.141,1.128
histogram,adaptive,edges,247,0,0,0.0,0.0,,0.772,10.585,0.966,7.128,1.069
histogram,adaptive,edges,248,0,0,0.0,0.0,,0.692,10.609,0.984,7.156,1.071
histogram,adaptive,edges,249,0,0,0.0,0.0,,0.682,10.569,1.023,7.09,1.124
histogram,adaptive,edges,250,0,0,0.0,0.0,,0.763,10.605,0.978,7.153,1.063
histogram,adaptive,edges,251,0,0,0.0,0.0,,0.682,10.539,0.976,7.149,1.065
histogram,adaptive,edges,252,0,0,0.0,0.0,,0.684,10.626,1.027,7.114,1.135
histogram,adaptive,edges,253,0,0,0.0,0.0,,0.758,10.588,0.977,7.13,1.061
histogram,adaptive,edges,254,0,0,0.0,0.0,,0.687,10.567,0.973,7.189,1.059
histogram,adaptive,edges,255,0,0,0.0,0.0,,0.695,10.654,1.021,7.105,1.14
histogram,adaptive,edges,256,0,0,0.0,0.0,,0.768,10.671,0.982,7.178,1.074
histogram,adaptive,edges,257,0,0,0.0,0.0,,0.685,10.605,0.969,7.212,1.074
histogram,adaptive,edges,258,0,0,0.0,0.0,,0.691,10.63,1.019,7.126,1.131
histogram,adaptive,edges,259,0,0,0.0,0.0,,0.767,10.6,0.973,7.148,1.048
histogram,adaptive,edges,260,0,0,0.0,0.0,,0.682,10.565,0.974,7.17,1.064
histogram,adaptive,edges,261,0,0,0.0,0.0,,0.681,10.587,1.017,7.099,1.134
histogram,adaptive,edges,262,0,0,0.0,0.0,,0.77,10.648,0.984,7.16,1.069
histogram,adaptive,edges,263,0,0,0.0,0.0,,0.691,10.555,0.981,7.144,1.068
histogram,adaptive,edges,264,0,0,0.0,0.0,,0.685,10.655,1.021,7.144,1.132
histogram,adaptive,edges,265,0,0,0.0,0.0,,0.758,10.639,0.974,7.136,1.067
histogram,adaptive,edges,266,0,0,0.0,0.0,,0.695,10.555,0.972,7.161,1.065
histogram,adaptive,edges,267,0,0,0.0,0.0,,0.689,10.629,1.018,7.09,1.153
histogram,adaptive,edges,268,0,0,0.0,0.0,,0.758,10.611,0.979,7.148,1.067
histogram,adaptive,edges,269,0,0,0.0,0.0,,0.692,10.531,0.969,7.164,1.057
histogram,adaptive,edges,270,0,0,0.0,0.0,,0.683,10.634,1.01,7.117,1.153
histogram,adaptive,edges,271,0,0,0.0,0.0,,0.759,10.614,0.982,7.133,1.065
histogram,adaptive,edges,272,0,0,0.0,0.0,,0.694,10.58,0.978,7.165,1.073
histogram,adaptive,edges,273,0,0,0.0,0.0,,0.678,10.623,1.01,7.132,1.149
histogram,adaptive,edges,274,0,0,0.0,0.0,,0.763,10.658,0.984,7.165,1.085
histogram,adaptive,edges,275,0,0,0.0,0.0,,0.696,10.571,0.975,7.151,1.054
histogram,adaptive,edges,276,0,0,0.0,0.0,,0.685,10.614,1.016,7.122,1.135
histogram,adaptive,edges,277,0,0,0.0,0.0,,0.759,10.648,0.981,7.162,1.072
histogram,adaptive,edges,278,0,0,0.0,0.0,,0.69,10.598,0.979,7.159,1.073
histogram,adaptive,edges,279,0,0,0.0,0.0,,0.701,10.63,1.029,7.1,1.133
histogram,adaptive,edges,280,0,0,0.0,0.0,,0.772,10.627,0.978,7.145,1.067
histogram,adaptive,edges,281,0,0,0.0,0.0,,0.687,10.537,0.982,7.136,1.061
histogram,adaptive,edges,282,0,0,0.0,0.0,,0.699,10.613,1.016,7.123,1.129
histogram,adaptive,edges,283,0,0,0.0,0.0,,0.752,10.566,0.973,7.117,1.053
histogram,adaptive,edges,284,0,0,0.0,0.0,,0.694,10.585,0.98,7.174,1.085
histogram,adaptive,edges,285,0,0,0.0,0.0,,0.701,10.615,1.013,7.103,1.122
histogram,adaptive,edges,286,0,0,0.0,0.0,,0.757,10.616,0.972,7.16,1.063
histogram,adaptive,edges,287,0,0,0.0,0.0,,0.683,10.569,0.988,7.159,1.068
histogram,adaptive,edges,288,0,0,0.0,0.0,,0.677,10.63,1.017,7.154,1.135
histogram,adaptive,edges,289,0,0,0.0,0.0,,0.766,10.658,0.968,7.218,1.057
histogram,adaptive,edges,290,0,0,0.0,0.0,,0.688,10.571,0.965,7.173,1.08
histogram,adaptive,edges,291,0,0,0.0,0.0,,0.692,10.606,1.027,7.085,1.127
histogram,adaptive,edges,292,0,0,0.0,0.0,,0.775,10.611,0.978,7.154,1.055
histogram,adaptive,edges,293,0,0,0.0,0.0,,0.681,10.545,0.98,7.136,1.07
histogram,adaptive,edges,294,0,0,0.0,0.0,,0.685,10.634,1.026,7.117,1.137
histogram,adaptive,edges,295,0,0,0.0,0.0,,0.765,10.633,0.975,7.129,1.072
histogram,adaptive,edges,296,0,0,0.0,0.0,,0.682,10.597,0.975,7.209,1.055
histogram,adaptive,edges,297,0,0,0.0,0.0,,0.697,10.617,1.03,7.078,1.141
histogram,adaptive,edges,298,0,0,0.0,0.0,,0.751,10.574,0.967,7.139,1.064
histogram,adaptive,edges,299,0,0,0.0,0.0,,0.685,10.547,0.978,7.149,1.07
histogram,adaptive,edges,300,0,0,0.0,0.0,,0.682,10.613,1.012,7.113,1.147
histogram,adaptive,edges,301,0,0,0.0,0.0,,0.753,10.587,0.968,7.151,1.058
histogram,adaptive,edges,302,0,0,0.0,0.0,,0.864,11.2,0.976,7.491,1.103
histogram,adaptive,edges,303,0,0,0.0,0.0,,0.717,10.654,1.029,7.166,1.064
histogram,adaptive,edges,304,0,0,0.0,0.0,,0.689,10.796,0.985,7.314,1.062
histogram,adaptive,edges,305,0,0,0.0,0.0,,0.688,10.604,0.974,7.17,1.06
histogram,adaptive,edges,306,0,0,0.0,0.0,,0.678,10.631,0.982,7.197,1.059
histogram,adaptive,edges,307,0,0,0.0,0.0,,0.685,10.616,0.99,7.15,1.126
histogram,adaptive,edges,308,0,0,0.0,0.0,,0.689,10.536,0.976,7.178,1.06
histogram,adaptive,edges,309,0,0,0.0,0.0,,0.679,10.591,0.966,7.169,1.079
histogram,adaptive,edges,310,0,0,0.0,0.0,,0.69,10.605,0.97,7.148,1.069
histogram,adaptive,edges,311,0,0,0.0,0.0,,0.689,10.522,0.972,7.133,1.062
histogram,adaptive,edges,312,0,0,0.0,0.0,,0.683,10.612,1.015,7.163,1.07
histogram,adaptive,edges,313,0,0,0.0,0.0,,0.699,10.615,0.985,7.135,1.073
histogram,adaptive,edges,314,0,0,0.0,0.0,,0.699,10.583,0.971,7.169,1.067
histogram,adaptive,edges,315,0,0,0.0,0.0,,0.697,10.665,1.019,7.184,1.063
histogram,adaptive,edges,316,0,0,0.0,0.0,,0.701,10.595,0.965,7.147,1.067
histogram,adaptive,edges,317,0,0,0.0,0.0,,0.694,10.521,0.978,7.135,1.052
histogram,adaptive,edges,318,0,0,0.0,0.0,,0.688,10.66,1.039,7.194,1.062
histogram,adaptive,edges,319,0,0,0.0,0.0,,0.686,10.745,0.962,7.322,1.061
histogram,adaptive,edges,320,0,0,0.0,0.0,,0.675,10.577,0.996,7.165,1.069
histogram,adaptive,edges,321,0,0,0.0,0.0,,0.697,10.619,0.97,7.161,1.07
histogram,adaptive,edges,322,0,0,0.0,0.0,,0.69,10.597,0.978,7.139,1.066
histogram,adaptive,edges,323,0,0,0.0,0.0,,0.679,10.51,0.974,7.124,1.063
histogram,adaptive,edges,324,0,0,0.0,0.0,,0.698,10.63,1.021,7.193,1.07
histogram,adaptive,edges,325,0,0,0.0,0.0,,0.697,10.668,0.985,7.145,1.078
histogram,adaptive,edges,326,0,0,0.0,0.0,,0.691,10.542,0.974,7.144,1.059
histogram,adaptive,edges,327,0,0,0.0,0.0,,0.686,10.598,1.019,7.165,1.07
histogram,adaptive,edges,328,0,0,0.0,0.0,,0.7,10.612,0.978,7.146,1.066
histogram,adaptive,edges,329,0,0,0.0,0.0,,0.688,10.493,0.979,7.129,1.042
histogram,adaptive,edges,330,0,0,0.0,0.0,,0.675,10.623,1.012,7.207,1.076
histogram,adaptive,edges,331,0,0,0.0,0.0,,0.755,10.594,0.975,7.123,1.074
histogram,adaptive,edges,332,0,0,0.0,0.0,,0.687,10.537,0.982,7.143,1.057
histogram,adaptive,edges,333,0,0,0.0,0.0,,0.69,10.572,1.009,7.11,1.124
histogram,adaptive,edges,334,0,0,0.0,0.0,,0.769,10.703,0.98,7.224,1.081
histogram,adaptive,edges,335,0,0,0.0,0.0,,0.687,10.551,0.98,7.128,1.055
histogram,adaptive,edges,336,0,0,0.0,0.0,,0.691,10.614,1.019,7.131,1.127
histogram,adaptive,edges,337,0,0,0.0,0.0,,0.767,10.604,0.963,7.126,1.069
histogram,adaptive,edges,338,0,0,0.0,0.0,,0.689,10.572,0.982,7.154,1.067
histogram,adaptive,edges,339,0,0,0.0,0.0,,0.679,10.617,1.034,7.105,1.128
histogram,adaptive,edges,340,0,0,0.0,0.0,,0.77,10.607,0.985,7.148,1.061
histogram,adaptive,edges,341,0,0,0.0,0.0,,0.684,10.535,0.984,7.13,1.068
histogram,adaptive,edges,342,0,0,0.0,0.0,,0.683,10.617,1.015,7.121,1.131
histogram,adaptive,edges,343,0,0,0.0,0.0,,0.771,10.557,0.972,7.127,1.048
histogram,adaptive,edges,344,0,0,0.0,0.0,,0.693,10.552,0.981,7.16,1.056
histogram,adaptive,edges,345,0,0,0.0,0.0,,0.691,10.67,1.019,7.105,1.135
histogram,adaptive,edges,346,0,0,0.0,0.0,,0.769,10.615,0.971,7.159,1.068
histogram,adaptive,edges,347,0,0,0.0,0.0,,0.693,10.515,0.973,7.138,1.055
histogram,adaptive,edges,348,0,0,0.0,0.0,,0.686,10.637,1.029,7.125,1.129
histogram,adaptive,edges,349,0,0,0.0,0.0,,0.765,10.624,0.98,7.155,1.067
histogram,adaptive,edges,350,0,0,0.0,0.0,,0.693,10.66,0.974,7.202,1.083
histogram,adaptive,edges,351,0,0,0.0,0.0,,0.668,10.588,1.017,7.115,1.115
histogram,adaptive,edges,352,0,0,0.0,0.0,,0.762,10.637,0.983,7.147,1.07
histogram,adaptive,edges,353,0,0,0.0,0.0,,0.703,10.565,0.971,7.139,1.068
histogram,adaptive,edges,354,0,0,0.0,0.0,,0.689,10.62,1.022,7.117,1.132
histogram,adaptive,edges,355,0,0,0.0,0.0,,0.764,10.641,0.974,7.125,1.08
histogram,adaptive,edges,356,0,0,0.0,0.0,,0.693,10.556,0.974,7.173,1.059
histogram,adaptive,edges,357,0,0,0.0,0.0,,0.696,10.63,1.031,7.1,1.124
histogram,adaptive,edges,358,0,0,0.0,0.0,,0.756,10.617,0.97,7.151,1.091
histogram,adaptive,edges,359,0,0,0.0,0.0,,0.682,10.536,0.975,7.154,1.07
histogram,adaptive,edges,360,0,0,0.0,0.0,,0.681,10.617,1.02,7.138,1.115
histogram,adaptive,edges,361,0,0,0.0,0.0,,0.772,10.643,0.982,7.148,1.08
histogram,adaptive,edges,362,0,0,0.0,0.0,,0.696,10.595,0.972,7.189,1.079
histogram,adaptive,edges,363,0,0,0.0,0.0,,0.695,10.572,1.015,7.096,1.124
histogram,adaptive,edges,364,0,0,0.0,0.0,,0.764,10.654,0.981,7.169,1.076
histogram,adaptive,edges,365,0,0,0.0,0.0,,0.698,10.585,0.984,7.136,1.061
histogram,adaptive,edges,366,0,0,0.0,0.0,,0.691,10.582,1.025,7.096,1.132
histogram,adaptive,edges,367,0,0,0.0,0.0,,0.754,10.572,0.98,7.121,1.057
histogram,adaptive,edges,368,0,0,0.0,0.0,,0.701,10.621,0.981,7.175,1.075
histogram,adaptive,edges,369,0,0,0.0,0.0,,0.698,10.606,1.024,7.1,1.124
histogram,adaptive,edges,370,0,0,0.0,0.0,,0.763,10.597,0.976,7.135,1.063
histogram,adaptive,edges,371,0,0,0.0,0.0,,0.687,10.56,0.978,7.154,1.073
histogram,adaptive,edges,372,0,0,0.0,0.0,,0.692,10.603,1.014,7.112,1.136
histogram,adaptive,edges,373,0,0,0.0,0.0,,0.775,10.644,0.975,7.147,1.081
histogram,adaptive,edges,374,0,0,0.0,0.0,,0.683,10.57,0.976,7.163,1.077
histogram,adaptive,edges,375,0,0,0.0,0.0,,0.689,10.643,1.033,7.085,1.128
histogram,adaptive,edges,376,0,0,0.0,0.0,,0.767,10.594,0.969,7.134,1.086
histogram,adaptive,edges,377,0,0,0.0,0.0,,0.685,10.536,0.98,7.146,1.056
histogram,adaptive,edges,378,0,0,0.0,0.0,,0.684,10.645,1.024,7.137,1.128
histogram,adaptive,edges,379,0,0,0.0,0.0,,0.767,10.587,0.976,7.142,1.059
histogram,adaptive,edges,380,0,0,0.0,0.0,,0.689,10.58,0.975,7.184,1.071
histogram,adaptive,edges,381,0,0,0.0,0.0,,0.685,10.588,1.017,7.103,1.126
histogram,adaptive,edges,382,0,0,0.0,0.0,,0.768,10.601,0.975,7.149,1.059
histogram,adaptive,edges,383,0,0,0.0,0.0,,0.698,10.541,0.973,7.143,1.055
histogram,adaptive,edges,384,0,0,0.0,0.0,,0.696,10.675,1.02,7.122,1.144
histogram,adaptive,edges,385,0,0,0.0,0.0,,0.775,10.714,0.976,7.21,1.055
histogram,adaptive,edges,386,0,0,0.0,0.0,,0.685,10.592,0.978,7.176,1.072
histogram,adaptive,edges,387,0,0,0.0,0.0,,0.684,10.622,1.033,7.1,1.132
histogram,adaptive,edges,388,0,0,0.0,0.0,,0.751,10.66,0.982,7.18,1.103
histogram,adaptive,edges,389,0,0,0.0,0.0,,0.683,10.545,0.977,7.149,1.065
histogram,adaptive,edges,390,0,0,0.0,0.0,,0.691,10.639,1.028,7.124,1.124
histogram,adaptive,edges,391,0,0,0.0,0.0,,0.771,10.608,0.973,7.142,1.074
histogram,adaptive,edges,392,0,0,0.0,0.0,,0.691,10.568,0.98,7.167,1.076
histogram,adaptive,edges,393,0,0,0.0,0.0,,0.69,10.611,1.025,7.099,1.127
histogram,adaptive,edges,394,0,0,0.0,0.0,,0.782,10.62,0.976,7.153,1.066
histogram,adaptive,edges,395,0,0,0.0,0.0,,0.687,10.597,0.975,7.158,1.073
histogram,adaptive,edges,396,0,0,0.0,0.0,,0.685,10.826,1.025,7.356,1.106
histogram,adaptive,edges,397,0,0,0.0,0.0,,0.801,10.708,0.982,7.186,1.073
histogram,adaptive,edges,398,0,0,0.0,0.0,,0.677,10.565,0.983,7.185,1.047
histogram,adaptive,edges,399,0,0,0.0,0.0,,0.688,10.61,1.034,7.099,1.119
histogram,adaptive,edges,400,0,0,0.0,0.0,,0.757,10.719,0.965,7.248,1.065
histogram,adaptive,edges,401,0,0,0.0,0.0,,0.684,10.535,0.984,7.127,1.066
histogram,adaptive,edges,402,0,0,0.0,0.0,,0.688,10.676,1.046,7.236,1.062
histogram,adaptive,edges,403,0,0,0.0,0.0,,0.774,10.647,0.977,7.162,1.076
histogram,adaptive,edges,404,0,0,0.0,0.0,,0.683,10.541,0.974,7.155,1.06
histogram,adaptive,edges,405,0,0,0.0,0.0,,0.702,10.619,1.025,7.085,1.13
histogram,adaptive,edges,406,0,0,0.0,0.0,,0.772,10.602,0.973,7.149,1.062
histogram,adaptive,edges,407,0,0,0.0,0.0,,0.683,10.499,0.969,7.125,1.056
histogram,adaptive,edges,408,0,0,0.0,0.0,,0.688,10.699,1.021,7.171,1.155
histogram,adaptive,edges,409,0,0,0.0,0.0,,0.77,10.603,0.969,7.138,1.062
histogram,adaptive,edges,410,0,0,0.0,0.0,,0.678,10.567,0.975,7.179,1.074
histogram,adaptive,edges,411,0,0,0.0,0.0,,0.684,10.61,1.017,7.102,1.135
histogram,adaptive,edges,412,0,0,0.0,0.0,,0.769,10.615,0.979,7.144,1.077
histogram,adaptive,edges,413,0,0,0.0,0.0,,0.693,10.557,0.982,7.142,1.072
histogram,adaptive,edges,414,0,0,0.0,0.0,,0.693,10.65,1.028,7.14,1.114
histogram,adaptive,edges,415,0,0,0.0,0.0,,0.706,10.804,0.965,7.334,1.05
histogram,adaptive,edges,416,0,0,0.0,0.0,,0.694,10.604,0.976,7.156,1.078
histogram,adaptive,edges,417,0,0,0.0,0.0,,0.697,10.609,1.025,7.158,1.071
histogram,adaptive,edges,418,0,0,0.0,0.0,,0.703,10.607,0.968,7.151,1.075
histogram,adaptive,edges,419,0,0,0.0,0.0,,0.696,10.498,0.971,7.123,1.06
histogram,adaptive,edges,420,0,0,0.0,0.0,,0.687,10.637,1.028,7.185,1.068
histogram,adaptive,edges,421,0,0,0.0,0.0,,0.771,10.611,0.985,7.145,1.061
histogram,adaptive,edges,422,0,0,0.0,0.0,,0.692,10.568,0.976,7.155,1.077
histogram,adaptive,edges,423,0,0,0.0,0.0,,0.682,10.593,1.004,7.107,1.143
histogram,adaptive,edges,424,0,0,0.0,0.0,,0.765,10.633,0.974,7.162,1.072
histogram,fixed,binary,0,1,0,1.0,86.22,-73.78,5.961,10.358,1.874,0.154,1.686
histogram,fixed,binary,1,1,0,1.0,86.22,-73.78,5.763,8.95,1.131,0.131,1.083
histogram,fixed,binary,2,1,0,1.0,86.22,-73.78,5.669,8.865,1.064,0.122,1.092
histogram,fixed,binary,3,1,0,1.0,86.22,-73.78,5.193,8.78,1.035,0.095,1.589
histogram,fixed,binary,4,1,0,1.0,86.22,-73.78,7.472,12.097,1.058,0.091,2.439
histogram,fixed,binary,5,1,0,1.0,86.22,-73.78,4.792,7.591,1.006,0.108,1.012
histogram,fixed,binary,6,1,0,1.0,86.22,-73.78,5.944,9.396,1.075,0.184,1.373
histogram,fixed,binary,7,1,0,1.0,86.22,-73.78,4.21,7.293,1.185,0.147,0.993
histogram,fixed,binary,8,1,0,1.0,86.22,-73.78,4.242,7.144,1.035,0.175,1.004
histogram,fixed,binary,9,1,0,1.0,86.22,-73.78,4.206,7.112,1.001,0.098,1.089
histogram,fixed,binary,10,1,0,1.0,86.22,-73.78,4.214,6.982,1.007,0.099,0.963
histogram,fixed,binary,11,1,0,1.0,86.22,-73.78,4.266,7.133,1.01,0.108,0.986
histogram,fixed,binary,12,1,0,1.0,86.22,-73.78,4.204,7.032,1.065,0.111,0.958
histogram,fixed,binary,13,1,0,1.0,86.22,-73.78,4.211,7.096,1.002,0.108,1.076
histogram,fixed,binary,14,1,0,1.0,86.22,-73.78,4.182,7.037,1.004,0.098,0.977
histogram,fixed,binary,15,1,0,1.0,86.22,-73.78,4.221,7.024,1.008,0.104,0.989
histogram,fixed,binary,16,1,0,1.0,86.22,-73.78,4.192,7.025,1.054,0.108,0.972
histogram,fixed,binary,17,1,0,1.0,86.22,-73.78,4.211,7.079,1.064,0.113,1.001
histogram,fixed,binary,18,1,0,1.0,86.22,-73.78,4.186,7.141,0.998,0.099,1.156
histogram,fixed,binary,19,1,0,1.0,86.22,-73.78,4.201,7.008,0.995,0.101,0.985
histogram,fixed,binary,20,1,0,1.0,86.22,-73.78,4.216,7.008,0.995,0.101,1.009
histogram,fixed,binary,21,1,0,1.0,86.22,-73.78,4.193,7.016,1.05,0.109,0.972
histogram,fixed,binary,22,1,0,1.0,86.22,-73.78,4.246,7.086,1.005,0.102,1.034
histogram,fixed,binary,23,1,0,1.0,86.22,-73.78,4.167,7.049,1.008,0.106,0.993
histogram,fixed,binary,24,1,0,1.0,86.22,-73.78,4.177,6.956,0.998,0.103,0.988
histogram,fixed,binary,25,1,0,1.0,86.22,-73.78,4.329,7.182,1.08,0.109,0.973
histogram,fixed,binary,26,1,0,1.0,86.22,-73.78,4.472,7.578,1.182,0.147,1.061
histogram,fixed,binary,27,1,0,1.0,86.22,-73.78,4.115,6.932,1.002,0.099,1.021
histogram,fixed,binary,28,1,0,1.0,86.22,-73.78,4.108,6.922,0.997,0.094,0.968
histogram,fixed,binary,29,1,0,1.0,86.22,-73.78,4.119,6.88,0.992,0.095,0.973
histogram,fixed,binary,30,1,0,1.0,86.22,-73.78,4.108,6.855,1.034,0.096,0.938
histogram,fixed,binary,31,1,0,1.0,86.22,-73.78,4.11,6.942,0.992,0.095,1.07
histogram,fixed,binary,32,1,0,1.0,86.22,-73.78,4.158,6.874,0.988,0.093,0.965
histogram,fixed,binary,33,1,0,1.0,86.22,-73.78,4.307,11.222,3.901,0.18,2.131
histogram,fixed,binary,34,1,0,1.0,86.22,-73.78,4.736,8.661,1.997,0.164,1.024
histogram,fixed,binary,35,1,0,1.0,86.22,-73.78,4.498,7.472,1.02,0.128,1.102
histogram,fixed,binary,36,1,0,1.0,86.22,-73.78,4.52,7.712,1.05,0.203,1.173
histogram,fixed,binary,37,1,0,1.0,86.22,-73.78,4.538,7.578,1.08,0.131,1.087
histogram,fixed,binary,38,1,0,1.0,86.22,-73.78,4.661,7.652,1.073,0.203,1.009
histogram,fixed,binary,39,1,0,1.0,86.22,-73.78,4.374,7.485,1.09,0.15,1.119
histogram,fixed,binary,40,1,0,1.0,86.22,-73.78,4.322,7.142,1.021,0.125,0.998
histogram,fixed,binary,41,1,0,1.0,86.22,-73.78,4.475,7.311,1.009,0.114,1.025
histogram,fixed,binary,42,1,0,1.0,86.22,-73.78,4.546,7.322,1.0,0.097,0.96
histogram,fixed,binary,43,1,0,1.0,86.22,-73.78,4.078,6.765,0.991,0.093,0.935
histogram,fixed,binary,44,1,0,1.0,86.22,-73.78,4.103,6.827,1.034,0.094,0.924
histogram,fixed,binary,45,1,0,1.0,86.22,-73.78,4.084,7.09,0.997,0.264,1.069
histogram,fixed,binary,46,1,0,1.0,86.22,-73.78,4.084,6.767,0.995,0.088,0.92
histogram,fixed,binary,47,1,0,1.0,86.22,-73.78,4.104,6.797,0.987,0.092,0.945
histogram,fixed,binary,48,1,0,1.0,86.22,-73.78,4.083,6.829,1.026,0.098,0.949
histogram,fixed,binary,49,1,0,1.0,86.22,-73.78,4.092,6.923,1.013,0.098,1.016
histogram,fixed,binary,50,1,0,1.0,86.22,-73.78,4.128,6.816,0.986,0.091,0.936
histogram,fixed,binary,51,1,0,1.0,86.22,-73.78,4.061,6.827,0.994,0.092,0.939
histogram,fixed,binary,52,1,0,1.0,86.22,-73.78,4.128,6.87,1.043,0.096,0.935
histogram,fixed,binary,53,1,0,1.0,86.22,-73.78,4.067,6.81,0.989,0.097,0.93
histogram,fixed,binary,54,1,0,1.0,86.22,-73.78,4.072,6.769,0.994,0.091,0.936
histogram,fixed,binary,55,1,0,1.0,86.22,-73.78,4.091,6.825,1.035,0.098,0.93
histogram,fixed,binary,56,1,0,1.0,86.22,-73.78,4.109,6.907,0.994,0.09,1.03
histogram,fixed,binary,57,1,0,1.0,86.22,-73.78,4.105,6.802,0.981,0.092,0.951
histogram,fixed,binary,58,1,0,1.0,86.22,-73.78,4.104,6.85,0.992,0.091,0.924
histogram,fixed,binary,59,1,0,1.0,86.22,-73.78,4.08,6.892,1.04,0.102,0.955
histogram,fixed,binary,60,1,0,1.0,86.22,-73.78,4.104,6.879,0.989,0.087,1.022
histogram,fixed,binary,61,1,0,1.0,86.22,-73.78,4.085,6.773,0.991,0.093,0.93
histogram,fixed,binary,62,1,0,1.0,86.22,-73.78,4.086,6.845,1.054,0.09,0.935
histogram,fixed,binary,63,1,0,1.0,86.22,-73.78,4.084,6.842,0.993,0.093,1.001
histogram,fixed,binary,64,1,0,1.0,86.22,-73.78,4.084,6.945,0.995,0.089,1.022
histogram,fixed,binary,65,1,0,1.0,86.22,-73.78,4.089,6.769,0.98,0.093,0.933
histogram,fixed,binary,66,1,0,1.0,86.22,-73.78,4.07,6.806,1.039,0.099,0.914
histogram,fixed,binary,67,1,0,1.0,86.22,-73.78,4.079,6.872,0.998,0.092,1.02
histogram,fixed,binary,68,1,0,1.0,86.22,-73.78,4.13,6.776,0.983,0.09,0.906
histogram,fixed,binary,69,1,0,1.0,86.22,-73.78,4.074,6.88,0.989,0.092,0.956
histogram,fixed,binary,70,1,0,1.0,86.22,-73.78,4.081,6.821,1.039,0.096,0.944
histogram,fixed,binary,71,1,0,1.0,86.22,-73.78,4.056,6.837,0.984,0.095,1.026
histogram,fixed,binary,72,1,0,1.0,86.22,-73.78,4.078,6.754,0.988,0.089,0.912
histogram,fixed,binary,73,1,0,1.0,86.22,-73.78,4.068,6.821,1.034,0.098,0.952
histogram,fixed,binary,74,1,0,1.0,86.22,-73.78,4.082,6.886,0.991,0.095,1.052
histogram,fixed,binary,75,1,0,1.0,86.22,-73.78,4.073,6.769,0.986,0.099,0.937
histogram,fixed,binary,76,1,0,1.0,86.22,-73.78,4.091,6.837,0.992,0.09,0.925
histogram,fixed,binary,77,1,0,1.0,86.22,-73.78,4.083,6.918,1.103,0.107,0.952
histogram,fixed,binary,78,1,0,1.0,86.22,-73.78,4.097,6.877,0.987,0.091,1.027
histogram,fixed,binary,79,1,0,1.0,86.22,-73.78,4.12,6.846,0.99,0.095,0.933
histogram,fixed,binary,80,1,0,1.0,86.22,-73.78,4.085,6.853,0.986,0.094,0.929
histogram,fixed,binary,81,1,0,1.0,86.22,-73.78,4.098,6.857,1.036,0.104,0.945
histogram,fixed,binary,82,1,0,1.0,86.22,-73.78,4.047,6.821,0.994,0.091,0.991
histogram,fixed,binary,83,1,0,1.0,86.22,-73.78,4.088,6.81,0.994,0.093,0.966
histogram,fixed,binary,84,1,0,1.0,86.22,-73.78,4.127,6.867,1.038,0.099,0.939
histogram,fixed,binary,85,1,0,1.0,86.22,-73.78,4.091,6.865,0.996,0.094,1.006
histogram,fixed,binary,86,1,0,1.0,86.22,-73.78,4.102,6.798,0.995,0.091,0.932
histogram,fixed,binary,87,1,0,1.0,86.22,-73.78,4.084,6.833,0.984,0.092,0.94
histogram,fixed,binary,88,1,0,1.0,86.22,-73.78,4.083,6.838,1.031,0.097,0.942
histogram,fixed,binary,89,1,0,1.0,86.22,-73.78,4.091,6.904,1.0,0.096,1.017
histogram,fixed,binary,90,1,0,1.0,86.22,-73.78,4.097,6.781,0.985,0.09,0.937
histogram,fixed,binary,91,1,0,1.0,86.22,-73.78,4.07,6.841,0.995,0.094,0.934
histogram,fixed,binary,92,1,0,1.0,86.22,-73.78,4.231,6.967,0.99,0.136,0.935
histogram,fixed,binary,93,1,0,1.0,86.22,-73.78,4.051,6.829,0.978,0.095,0.951
histogram,fixed,binary,94,1,0,1.0,86.22,-73.78,4.63,7.316,0.988,0.088,0.934
histogram,fixed,binary,95,1,0,1.0,86.22,-73.78,4.187,8.813,1.9,0.129,1.706
histogram,fixed,binary,96,1,0,1.0,86.22,-73.78,4.251,7.034,0.999,0.1,0.974
histogram,fixed,binary,97,1,0,1.0,86.22,-73.78,4.235,7.096,1.004,0.111,0.98
histogram,fixed,binary,98,1,0,1.0,86.22,-73.78,4.198,7.036,1.058,0.108,0.969
histogram,fixed,binary,99,1,0,1.0,86.22,-73.78,4.206,7.157,1.043,0.108,1.066
histogram,fixed,binary,100,1,0,1.0,86.22,-73.78,4.239,7.076,1.004,0.101,0.966
histogram,fixed,binary,101,1,0,1.0,86.22,-73.78,4.185,6.933,1.002,0.107,0.959
histogram,fixed,binary,102,1,0,1.0,86.22,-73.78,4.186,6.994,1.063,0.106,0.95
histogram,fixed,binary,103,1,0,1.0,86.22,-73.78,4.203,7.047,1.004,0.159,0.989
histogram,fixed,binary,104,1,0,1.0,86.22,-73.78,4.163,7.057,0.996,0.099,1.087
histogram,fixed,binary,105,1,0,1.0,86.22,-73.78,4.203,6.977,0.995,0.104,0.962
histogram,fixed,binary,106,1,0,1.0,86.22,-73.78,4.187,7.014,0.998,0.102,0.975
histogram,fixed,binary,107,1,0,1.0,86.22,-73.78,4.202,7.076,1.064,0.12,0.998
histogram,fixed,binary,108,1,0,1.0,86.22,-73.78,4.194,7.079,1.01,0.099,1.07
histogram,fixed,binary,109,1,0,1.0,86.22,-73.78,4.243,7.037,1.0,0.108,0.964
histogram,fixed,binary,110,1,0,1.0,86.22,-73.78,4.182,6.932,0.992,0.096,0.968
histogram,fixed,binary,111,1,0,1.0,86.22,-73.78,4.226,7.065,1.055,0.112,0.974
histogram,fixed,binary,112,1,0,1.0,86.22,-73.78,4.209,7.032,0.998,0.099,1.02
histogram,fixed,binary,113,1,0,1.0,86.22,-73.78,4.597,7.462,1.009,0.106,0.969
histogram,fixed,binary,114,1,0,1.0,86.22,-73.78,4.062,6.782,0.995,0.092,0.945
histogram,fixed,binary,115,1,0,1.0,86.22,-73.78,4.09,6.854,1.0,0.093,0.931
histogram,fixed,binary,116,1,0,1.0,86.22,-73.78,4.128,6.888,1.044,0.1,0.926
histogram,fixed,binary,117,1,0,1.0,86.22,-73.78,4.137,6.931,0.997,0.092,1.019
histogram,fixed,binary,118,1,0,1.0,86.22,-73.78,4.116,6.78,0.988,0.09,0.913
histogram,fixed,binary,119,1,0,1.0,86.22,-73.78,4.06,6.845,1.045,0.097,0.936
histogram,fixed,binary,120,1,0,1.0,86.22,-73.78,4.112,6.939,0.992,0.093,1.073
histogram,fixed,binary,121,1,0,1.0,86.22,-73.78,4.077,6.839,0.994,0.095,0.932
histogram,fixed,binary,122,1,0,1.0,86.22,-73.78,4.088,6.763,0.983,0.092,0.919
histogram,fixed,binary,123,1,0,1.0,86.22,-73.78,4.096,6.842,1.04,0.1,0.933
histogram,fixed,binary,124,1,0,1.0,86.22,-73.78,4.087,6.861,0.988,0.09,1.018
histogram,fixed,binary,125,1,0,1.0,86.22,-73.78,4.094,6.761,0.984,0.094,0.915
histogram,fixed,binary,126,1,0,1.0,86.22,-73.78,4.086,6.841,0.99,0.09,0.922
histogram,fixed,binary,127,1,0,1.0,86.22,-73.78,4.079,7.207,1.055,0.167,1.226
histogram,fixed,binary,128,1,0,1.0,86.22,-73.78,4.099,6.858,0.985,0.093,1.007
histogram,fixed,binary,129,1,0,1.0,86.22,-73.78,4.087,6.823,0.99,0.097,0.926
histogram,fixed,binary,130,1,0,1.0,86.22,-73.78,4.057,6.809,0.988,0.09,0.937
histogram,fixed,binary,131,1,0,1.0,86.22,-73.78,4.078,6.913,0.988,0.143,1.025
histogram,fixed,binary,132,1,0,1.0,86.22,-73.78,4.128,6.896,0.99,0.091,0.939
histogram,fixed,binary,133,1,0,1.0,86.22,-73.78,4.08,6.785,0.995,0.093,0.936
histogram,fixed,binary,134,1,0,1.0,86.22,-73.78,4.093,6.822,1.039,0.096,0.93
histogram,fixed,binary,135,1,0,1.0,86.22,-73.78,4.118,6.893,0.997,0.093,1.009
histogram,fixed,binary,136,1,0,1.0,86.22,-73.78,4.091,6.783,0.983,0.091,0.948
histogram,fixed,binary,137,1,0,1.0,86.22,-73.78,4.06,6.757,0.987,0.099,0.936
histogram,fixed,binary,138,1,0,1.0,86.22,-73.78,4.084,6.831,1.041,0.097,0.931
histogram,fixed,binary,139,1,0,1.0,86.22,-73.78,4.071,6.85,0.983,0.095,1.0
histogram,fixed,binary,140,1,0,1.0,86.22,-73.78,4.107,6.795,0.99,0.089,0.939
histogram,fixed,binary,141,1,0,1.0,86.22,-73.78,4.07,6.828,1.05,0.099,0.935
histogram,fixed,binary,142,1,0,1.0,86.22,-73.78,4.096,6.826,0.996,0.09,0.967
histogram,fixed,binary,143,1,0,1.0,86.22,-73.78,4.121,6.8,0.992,0.092,0.924
histogram,fixed,binary,144,1,0,1.0,86.22,-73.78,4.089,6.785,0.989,0.088,0.926
histogram,fixed,binary,145,1,0,1.0,86.22,-73.78,4.123,6.86,1.037,0.101,0.934
histogram,fixed,binary,146,1,0,1.0,86.22,-73.78,4.097,6.864,0.985,0.094,1.016
histogram,fixed,binary,147,1,0,1.0,86.22,-73.78,4.088,6.782,0.982,0.094,0.932
histogram,fixed,binary,148,1,0,1.0,86.22,-73.78,4.114,6.856,0.988,0.091,0.926
histogram,fixed,binary,149,1,0,1.0,86.22,-73.78,4.074,6.846,1.035,0.101,0.933
histogram,fixed,binary,150,1,0,1.0,86.22,-73.78,4.07,6.864,0.995,0.096,0.941
histogram,fixed,binary,151,1,0,1.0,86.22,-73.78,4.07,6.762,0.992,0.092,0.933
histogram,fixed,binary,152,1,0,1.0,86.22,-73.78,4.103,6.838,1.042,0.095,0.926
histogram,fixed,binary,153,1,0,1.0,86.22,-73.78,4.098,6.879,0.994,0.097,1.009
histogram,fixed,binary,154,1,0,1.0,86.22,-73.78,4.085,6.764,0.996,0.089,0.926
histogram,fixed,binary,155,1,0,1.0,86.22,-73.78,4.082,6.825,0.994,0.092,0.917
histogram,fixed,binary,156,1,0,1.0,86.22,-73.78,4.074,6.84,1.051,0.097,0.953
histogram,fixed,binary,157,1,0,1.0,86.22,-73.78,4.086,6.875,0.998,0.095,1.025
histogram,fixed,binary,158,1,0,1.0,86.22,-73.78,4.088,6.763,0.986,0.091,0.918
histogram,fixed,binary,159,1,0,1.0,86.22,-73.78,4.07,6.856,1.046,0.096,0.929
histogram,fixed,binary,160,1,0,1.0,86.22,-73.78,4.1,6.834,0.998,0.089,0.976
histogram,fixed,binary,161,1,0,1.0,86.22,-73.78,4.144,6.831,0.994,0.097,0.93
histogram,fixed,binary,162,1,0,1.0,86.22,-73.78,4.085,6.768,0.99,0.09,0.92
histogram,fixed,binary,163,1,0,1.0,86.22,-73.78,4.089,6.834,1.036,0.099,0.94
histogram,fixed,binary,164,1,0,1.0,86.22,-73.78,4.137,6.881,0.99,0.089,1.003
histogram,fixed,binary,165,1,0,1.0,86.22,-73.78,4.085,6.778,0.996,0.095,0.93
histogram,fixed,binary,166,1,0,1.0,86.22,-73.78,4.08,6.827,0.993,0.088,0.928
histogram,fixed,binary,167,1,0,1.0,86.22,-73.78,4.081,6.848,0.992,0.146,0.947
histogram,fixed,binary,168,1,0,1.0,86.22,-73.78,4.118,6.875,0.991,0.088,0.931
histogram,fixed,binary,169,1,0,1.0,86.22,-73.78,4.079,6.799,0.985,0.093,0.929
histogram,fixed,binary,170,1,0,1.0,86.22,-73.78,4.102,6.848,1.037,0.097,0.943
histogram,fixed,binary,171,1,0,1.0,86.22,-73.78,4.098,6.875,0.988,0.095,1.015
histogram,fixed,binary,172,1,0,1.0,86.22,-73.78,4.106,6.79,0.996,0.089,0.925
histogram,fixed,binary,173,1,0,1.0,86.22,-73.78,4.081,6.843,0.989,0.094,0.94
histogram,fixed,binary,174,1,0,1.0,86.22,-73.78,4.092,6.832,1.043,0.093,0.928
histogram,fixed,binary,175,1,0,1.0,86.22,-73.78,4.088,6.838,0.988,0.092,1.002
histogram,fixed,binary,176,1,0,1.0,86.22,-73.78,4.071,6.778,0.988,0.091,0.948
histogram,fixed,binary,177,1,0,1.0,86.22,-73.78,4.068,6.851,1.067,0.099,0.947
histogram,fixed,binary,178,1,0,1.0,86.22,-73.78,4.095,6.922,0.989,0.092,1.068
histogram,fixed,binary,179,1,0,1.0,86.22,-73.78,4.075,6.863,0.989,0.094,0.928
histogram,fixed,binary,180,1,0,1.0,86.22,-73.78,4.123,6.816,0.994,0.09,0.933
histogram,fixed,binary,181,1,0,1.0,86.22,-73.78,4.073,6.857,1.044,0.098,0.956
histogram,fixed,binary,182,1,0,1.0,86.22,-73.78,4.098,6.874,0.989,0.09,1.026
histogram,fixed,binary,183,1,0,1.0,86.22,-73.78,4.117,6.801,0.992,0.097,0.93
histogram,fixed,binary,184,1,0,1.0,86.22,-73.78,4.08,6.846,0.992,0.088,0.939
histogram,fixed,binary,185,1,0,1.0,86.22,-73.78,4.07,6.837,1.048,0.101,0.938
histogram,fixed,binary,186,1,0,1.0,86.22,-73.78,4.044,6.958,0.994,0.09,1.15
histogram,fixed,binary,187,1,0,1.0,86.22,-73.78,4.082,6.76,0.985,0.093,0.926
histogram,fixed,binary,188,1,0,1.0,86.22,-73.78,4.065,6.81,1.057,0.093,0.925
histogram,fixed,binary,189,1,0,1.0,86.22,-73.78,4.09,6.88,0.995,0.091,1.0
histogram,fixed,binary,190,1,0,1.0,86.22,-73.78,4.144,6.829,0.987,0.091,0.938
histogram,fixed,binary,191,1,0,1.0,86.22,-73.78,4.088,6.791,0.989,0.094,0.947
histogram,fixed,binary,192,1,0,1.0,86.22,-73.78,4.08,6.85,1.036,0.095,0.953
histogram,fixed,binary,193,1,0,1.0,86.22,-73.78,4.087,6.85,0.986,0.091,1.015
histogram,fixed,binary,194,1,0,1.0,86.22,-73.78,4.097,6.776,0.994,0.091,0.924
histogram,fixed,binary,195,1,0,1.0,86.22,-73.78,4.044,6.791,0.988,0.097,0.928
histogram,fixed,binary,196,1,0,1.0,86.22,-73.78,4.123,6.877,0.994,0.14,0.932
histogram,fixed,binary,197,1,0,1.0,86.22,-73.78,4.067,6.847,0.988,0.093,0.944
histogram,fixed,binary,198,1,0,1.0,86.22,-73.78,4.094,6.773,0.98,0.089,0.932
histogram,fixed,binary,199,1,0,1.0,86.22,-73.78,4.087,6.874,1.045,0.103,0.943
histogram,fixed,binary,200,1,0,1.0,86.22,-73.78,4.112,6.881,0.998,0.091,0.997
histogram,fixed,binary,201,1,0,1.0,86.22,-73.78,4.104,6.797,0.992,0.093,0.931
histogram,fixed,binary,202,1,0,1.0,86.22,-73.78,4.091,6.839,0.992,0.089,0.927
histogram,fixed,binary,203,1,0,1.0,86.22,-73.78,4.092,6.852,1.039,0.101,0.944
histogram,fixed,binary,204,1,0,1.0,86.22,-73.78,4.11,6.871,0.989,0.088,0.998
histogram,fixed,binary,205,1,0,1.0,86.22,-73.78,4.083,6.797,0.996,0.095,0.941
histogram,fixed,binary,206,1,0,1.0,86.22,-73.78,4.066,6.834,1.057,0.09,0.943
histogram,fixed,binary,207,1,0,1.0,86.22,-73.78,4.092,6.912,0.99,0.091,1.059
histogram,fixed,binary,208,1,0,1.0,86.22,-73.78,4.129,6.871,0.991,0.092,0.918
histogram,fixed,binary,209,1,0,1.0,86.22,-73.78,4.074,6.794,0.991,0.092,0.932
histogram,fixed,binary,210,1,0,1.0,86.22,-73.78,4.08,6.832,1.047,0.095,0.931
histogram,fixed,binary,211,1,0,1.0,86.22,-73.78,4.095,6.868,0.99,0.094,1.018
histogram,fixed,binary,212,1,0,1.0,86.22,-73.78,4.111,6.806,0.983,0.093,0.95
histogram,fixed,binary,213,1,0,1.0,86.22,-73.78,4.088,6.851,0.995,0.095,0.939
histogram,fixed,binary,214,1,0,1.0,86.22,-73.78,4.088,6.831,1.038,0.097,0.935
histogram,fixed,binary,215,1,0,1.0,86.22,-73.78,4.076,6.841,0.986,0.094,1.01
histogram,fixed,binary,216,1,0,1.0,86.22,-73.78,4.098,6.761,0.982,0.093,0.923
histogram,fixed,binary,217,1,0,1.0,86.22,-73.78,4.077,6.818,1.04,0.099,0.934
histogram,fixed,binary,218,1,0,1.0,86.22,-73.78,4.101,6.854,0.993,0.09,0.99
histogram,fixed,binary,219,1,0,1.0,86.22,-73.78,4.099,6.823,0.991,0.091,0.931
histogram,fixed,binary,220,1,0,1.0,86.22,-73.78,4.086,6.752,0.978,0.09,0.92
histogram,fixed,binary,221,1,0,1.0,86.22,-73.78,4.077,6.822,1.049,0.1,0.935
histogram,fixed,binary,222,1,0,1.0,86.22,-73.78,4.064,7.514,0.986,0.093,1.692
histogram,fixed,binary,223,1,0,1.0,86.22,-73.78,4.081,6.838,0.988,0.098,0.929
histogram,fixed,binary,224,1,0,1.0,86.22,-73.78,4.205,6.871,0.982,0.088,0.915
histogram,fixed,binary,225,1,0,1.0,86.22,-73.78,4.068,6.837,1.045,0.102,0.933
histogram,fixed,binary,226,1,0,1.0,86.22,-73.78,4.098,6.882,0.995,0.09,1.02
histogram,fixed,binary,227,1,0,1.0,86.22,-73.78,4.078,6.767,0.984,0.093,0.938
histogram,fixed,binary,228,1,0,1.0,86.22,-73.78,4.126,6.886,0.993,0.088,0.94
histogram,fixed,binary,229,1,0,1.0,86.22,-73.78,4.061,6.859,1.04,0.101,0.948
histogram,fixed,binary,230,1,0,1.0,86.22,-73.78,4.081,6.847,0.993,0.09,1.008
histogram,fixed,binary,231,1,0,1.0,86.22,-73.78,4.11,6.892,0.998,0.094,1.012
histogram,fixed,binary,232,1,0,1.0,86.22,-73.78,4.083,6.816,0.988,0.09,0.92
histogram,fixed,binary,233,1,0,1.0,86.22,-73.78,4.089,6.833,0.99,0.092,0.986
histogram,fixed,binary,234,1,0,1.0,86.22,-73.78,4.079,6.821,0.991,0.09,0.923
histogram,fixed,binary,235,1,0,1.0,86.22,-73.78,4.091,6.778,0.99,0.092,0.927
histogram,fixed,binary,236,1,0,1.0,86.22,-73.78,4.093,6.84,1.034,0.098,0.938
histogram,fixed,binary,237,1,0,1.0,86.22,-73.78,4.095,7.021,0.992,0.093,1.033
histogram,fixed,binary,238,1,0,1.0,86.22,-73.78,5.019,7.71,0.99,0.091,0.94
histogram,fixed,binary,239,1,0,1.0,86.22,-73.78,4.2,7.032,1.019,0.108,0.971
histogram,fixed,binary,240,1,0,1.0,86.22,-73.78,4.231,7.092,1.004,0.103,0.979
histogram,fixed,binary,241,1,0,1.0,86.22,-73.78,4.23,7.095,1.064,0.121,0.985
histogram,fixed,binary,242,1,0,1.0,86.22,-73.78,4.235,7.139,0.994,0.1,1.104
histogram,fixed,binary,243,1,0,1.0,86.22,-73.78,4.169,7.025,1.008,0.104,0.979
histogram,fixed,binary,244,1,0,1.0,86.22,-73.78,4.26,7.002,0.992,0.101,0.958
histogram,fixed,binary,245,1,0,1.0,86.22,-73.78,4.183,7.003,0.996,0.105,0.97
histogram,fixed,binary,246,1,0,1.0,86.22,-73.78,4.26,7.084,1.057,0.109,0.963
histogram,fixed,binary,247,1,0,1.0,86.22,-73.78,4.393,7.437,1.001,0.102,1.25
histogram,fixed,binary,248,1,0,1.0,86.22,-73.78,5.399,8.281,1.003,0.102,0.977
histogram,fixed,binary,249,1,0,1.0,86.22,-73.78,4.192,7.086,0.999,0.103,1.058
histogram,fixed,binary,250,1,0,1.0,86.22,-73.78,4.227,6.999,0.997,0.098,0.979
histogram,fixed,binary,251,1,0,1.0,86.22,-73.78,4.244,7.112,1.009,0.103,0.979
histogram,fixed,binary,252,1,0,1.0,86.22,-73.78,4.262,7.09,1.059,0.11,0.96
histogram,fixed,binary,253,1,0,1.0,86.22,-73.78,4.209,7.061,1.003,0.105,1.041
histogram,fixed,binary,254,1,0,1.0,86.22,-73.78,4.216,7.056,0.994,0.099,0.959
histogram,fixed,binary,255,1,0,1.0,86.22,-73.78,4.193,6.976,1.002,0.102,0.969
histogram,fixed,binary,256,1,0,1.0,86.22,-73.78,4.203,7.065,1.056,0.106,0.986
histogram,fixed,binary,257,1,0,1.0,86.22,-73.78,4.708,7.53,1.053,0.12,0.969
histogram,fixed,binary,258,1,0,1.0,86.22,-73.78,4.092,6.865,0.989,0.091,1.015
histogram,fixed,binary,259,1,0,1.0,86.22,-73.78,4.119,6.856,0.993,0.096,0.944
histogram,fixed,binary,260,1,0,1.0,86.22,-73.78,4.077,6.768,0.987,0.091,0.935
histogram,fixed,binary,261,1,0,1.0,86.22,-73.78,4.121,6.88,1.045,0.101,0.93
histogram,fixed,binary,262,1,0,1.0,86.22,-73.78,4.075,6.848,0.994,0.091,1.013
histogram,fixed,binary,263,1,0,1.0,86.22,-73.78,4.075,6.782,0.994,0.094,0.951
histogram,fixed,binary,264,1,0,1.0,86.22,-73.78,4.062,6.82,0.991,0.091,0.924
histogram,fixed,binary,265,1,0,1.0,86.22,-73.78,4.089,6.851,0.995,0.138,0.95
histogram,fixed,binary,266,1,0,1.0,86.22,-73.78,4.085,6.839,0.985,0.092,0.941
histogram,fixed,binary,267,1,0,1.0,86.22,-73.78,4.073,6.761,0.985,0.096,0.931
histogram,fixed,binary,268,1,0,1.0,86.22,-73.78,4.075,6.818,1.039,0.094,0.928
histogram,fixed,binary,269,1,0,1.0,86.22,-73.78,4.055,7.4,0.996,0.094,1.547
histogram,fixed,binary,270,1,0,1.0,86.22,-73.78,4.079,6.839,0.991,0.089,0.922
histogram,fixed,binary,271,1,0,1.0,86.22,-73.78,4.06,6.742,0.984,0.097,0.934
histogram,fixed,binary,272,1,0,1.0,86.22,-73.78,4.108,6.899,1.051,0.095,0.955
histogram,fixed,binary,273,1,0,1.0,86.22,-73.78,4.114,6.917,0.993,0.093,1.028
histogram,fixed,binary,274,1,0,1.0,86.22,-73.78,4.561,7.236,0.981,0.091,0.933
histogram,fixed,binary,275,1,0,1.0,86.22,-73.78,4.066,6.753,0.994,0.091,0.931
histogram,fixed,binary,276,1,0,1.0,86.22,-73.78,4.081,6.864,1.051,0.095,0.955
histogram,fixed,binary,277,1,0,1.0,86.22,-73.78,4.083,6.868,0.994,0.091,1.023
histogram,fixed,binary,278,1,0,1.0,86.22,-73.78,4.082,6.751,0.983,0.09,0.92
histogram,fixed,binary,279,1,0,1.0,86.22,-73.78,4.063,6.852,0.993,0.093,0.937
histogram,fixed,binary,280,1,0,1.0,86.22,-73.78,4.083,6.829,1.043,0.1,0.922
histogram,fixed,binary,281,1,0,1.0,86.22,-73.78,4.071,6.837,0.997,0.094,1.004
histogram,fixed,binary,282,1,0,1.0,86.22,-73.78,4.098,6.772,0.985,0.09,0.924
histogram,fixed,binary,283,1,0,1.0,86.22,-73.78,4.051,6.805,1.039,0.1,0.941
histogram,fixed,binary,284,1,0,1.0,86.22,-73.78,4.081,6.845,0.991,0.092,0.992
histogram,fixed,binary,285,1,0,1.0,86.22,-73.78,4.093,6.782,0.994,0.094,0.927
histogram,fixed,binary,286,1,0,1.0,86.22,-73.78,4.087,6.825,0.986,0.089,0.93
histogram,fixed,binary,287,1,0,1.0,86.22,-73.78,4.092,6.855,1.041,0.103,0.945
histogram,fixed,binary,288,1,0,1.0,86.22,-73.78,4.11,6.861,0.99,0.092,1.001
histogram,fixed,binary,289,1,0,1.0,86.22,-73.78,4.073,6.798,0.993,0.092,0.931
histogram,fixed,binary,290,1,0,1.0,86.22,-73.78,4.08,6.828,0.989,0.092,0.914
histogram,fixed,binary,291,1,0,1.0,86.22,-73.78,4.066,6.836,0.999,0.097,1.002
histogram,fixed,binary,292,1,0,1.0,86.22,-73.78,4.065,6.822,0.986,0.091,0.947
histogram,fixed,binary,293,1,0,1.0,86.22,-73.78,4.07,6.777,0.991,0.093,0.944
histogram,fixed,binary,294,1,0,1.0,86.22,-73.78,4.086,6.8,1.038,0.095,0.913
histogram,fixed,binary,295,1,0,1.0,86.22,-73.78,4.073,6.831,0.987,0.096,1.014
histogram,fixed,binary,296,1,0,1.0,86.22,-73.78,4.094,6.778,0.994,0.089,0.928
histogram,fixed,binary,297,1,0,1.0,86.22,-73.78,4.084,6.823,0.987,0.094,0.931
histogram,fixed,binary,298,1,0,1.0,86.22,-73.78,4.072,6.818,0.987,0.138,0.936
histogram,fixed,binary,299,1,0,1.0,86.22,-73.78,4.079,6.881,0.996,0.098,0.941
histogram,fixed,binary,300,1,0,1.0,86.22,-73.78,4.091,6.795,0.983,0.09,0.949
histogram,fixed,binary,301,1,0,1.0,86.22,-73.78,4.085,6.847,1.054,0.097,0.938
histogram,fixed,binary,302,1,0,1.0,86.22,-73.78,4.148,6.923,0.986,0.094,1.026
histogram,fixed,binary,303,1,0,1.0,86.22,-73.78,4.074,6.763,0.994,0.096,0.929
histogram,fixed,binary,304,1,0,1.0,86.22,-73.78,4.089,6.825,0.99,0.092,0.921
histogram,fixed,binary,305,1,0,1.0,86.22,-73.78,4.072,6.834,1.035,0.1,0.94
histogram,fixed,binary,306,1,0,1.0,86.22,-73.78,4.088,6.845,0.993,0.089,1.008
histogram,fixed,binary,307,1,0,1.0,86.22,-73.78,4.055,6.776,0.996,0.096,0.946
histogram,fixed,binary,308,1,0,1.0,86.22,-73.78,4.072,6.826,1.063,0.095,0.92
histogram,fixed,binary,309,1,0,1.0,86.22,-73.78,4.081,6.933,0.989,0.094,1.059
histogram,fixed,binary,310,1,0,1.0,86.22,-73.78,4.162,6.836,0.983,0.089,0.932
histogram,fixed,binary,311,1,0,1.0,86.22,-73.78,4.096,6.796,0.99,0.092,0.942
histogram,fixed,binary,312,1,0,1.0,86.22,-73.78,4.146,6.884,1.041,0.097,0.929
histogram,fixed,binary,313,1,0,1.0,86.22,-73.78,4.076,6.882,0.998,0.094,1.038
histogram,fixed,binary,314,1,0,1.0,86.22,-73.78,4.104,6.784,0.983,0.09,0.935
histogram,fixed,binary,315,1,0,1.0,86.22,-73.78,4.074,6.838,0.994,0.094,0.937
histogram,fixed,binary,316,1,0,1.0,86.22,-73.78,4.117,6.848,1.037,0.098,0.928
histogram,fixed,binary,317,1,0,1.0,86.22,-73.78,4.077,6.838,0.994,0.095,1.008
histogram,fixed,binary,318,1,0,1.0,86.22,-73.78,4.09,6.783,0.997,0.09,0.924
histogram,fixed,binary,319,1,0,1.0,86.22,-73.78,4.075,6.86,1.043,0.098,0.928
histogram,fixed,binary,320,1,0,1.0,86.22,-73.78,4.081,6.86,1.003,0.094,1.007
histogram,fixed,binary,321,1,0,1.0,86.22,-73.78,4.138,6.913,0.992,0.091,1.018
histogram,fixed,binary,322,1,0,1.0,86.22,-73.78,4.094,6.77,0.983,0.092,0.926
histogram,fixed,binary,323,1,0,1.0,86.22,-73.78,4.084,6.828,1.031,0.101,0.932
histogram,fixed,binary,324,1,0,1.0,86.22,-73.78,4.095,6.858,0.988,0.094,1.019
histogram,fixed,binary,325,1,0,1.0,86.22,-73.78,4.097,6.791,0.994,0.091,0.935
histogram,fixed,binary,326,1,0,1.0,86.22,-73.78,4.086,6.857,0.987,0.091,0.931
histogram,fixed,binary,327,1,0,1.0,86.22,-73.78,4.091,6.846,0.991,0.15,0.936
histogram,fixed,binary,328,1,0,1.0,86.22,-73.78,4.094,6.839,0.985,0.09,0.924
histogram,fixed,binary,329,1,0,1.0,86.22,-73.78,4.073,6.801,0.993,0.095,0.939
histogram,fixed,binary,330,1,0,1.0,86.22,-73.78,4.122,6.865,1.035,0.095,0.934
histogram,fixed,binary,331,1,0,1.0,86.22,-73.78,4.076,6.864,0.992,0.094,1.022
histogram,fixed,binary,332,1,0,1.0,86.22,-73.78,4.097,6.876,0.991,0.089,1.017
histogram,fixed,binary,333,1,0,1.0,86.22,-73.78,4.065,6.757,0.992,0.094,0.928
histogram,fixed,binary,334,1,0,1.0,86.22,-73.78,4.089,6.819,1.036,0.102,0.922
histogram,fixed,binary,335,1,0,1.0,86.22,-73.78,4.084,6.858,0.991,0.093,1.016
histogram,fixed,binary,336,1,0,1.0,86.22,-73.78,4.124,6.804,0.993,0.094,0.918
histogram,fixed,binary,337,1,0,1.0,86.22,-73.78,4.107,6.845,1.05,0.093,0.923
histogram,fixed,binary,338,1,0,1.0,86.22,-73.78,4.105,6.841,0.986,0.091,0.99
histogram,fixed,binary,339,1,0,1.0,86.22,-73.78,4.069,6.874,1.004,0.093,0.93
histogram,fixed,binary,340,1,0,1.0,86.22,-73.78,4.08,6.758,1.002,0.09,0.918
histogram,fixed,binary,341,1,0,1.0,86.22,-73.78,4.067,6.833,1.043,0.098,0.945
histogram,fixed,binary,342,1,0,1.0,86.22,-73.78,4.091,6.864,0.996,0.093,1.023
histogram,fixed,binary,343,1,0,1.0,86.22,-73.78,4.101,6.779,0.99,0.096,0.926
histogram,fixed,binary,344,1,0,1.0,86.22,-73.78,4.118,6.887,0.992,0.091,0.925
histogram,fixed,binary,345,1,0,1.0,86.22,-73.78,4.077,6.834,1.043,0.098,0.943
histogram,fixed,binary,346,1,0,1.0,86.22,-73.78,4.081,6.818,0.985,0.09,0.992
histogram,fixed,binary,347,1,0,1.0,86.22,-73.78,4.057,6.764,0.994,0.096,0.957
histogram,fixed,binary,348,1,0,1.0,86.22,-73.78,4.085,6.829,1.038,0.099,0.932
histogram,fixed,binary,349,1,0,1.0,86.22,-73.78,4.099,6.904,0.988,0.095,1.012
histogram,fixed,binary,350,1,0,1.0,86.22,-73.78,4.09,6.78,0.994,0.09,0.93
histogram,fixed,binary,351,1,0,1.0,86.22,-73.78,4.081,6.841,0.988,0.092,0.94
histogram,fixed,binary,352,1,0,1.0,86.22,-73.78,4.093,6.846,1.04,0.099,0.928
histogram,fixed,binary,353,1,0,1.0,86.22,-73.78,4.092,6.85,0.992,0.092,1.003
histogram,fixed,binary,354,1,0,1.0,86.22,-73.78,4.084,6.751,0.992,0.089,0.919
histogram,fixed,binary,355,1,0,1.0,86.22,-73.78,4.071,6.842,1.049,0.095,0.956
histogram,fixed,binary,356,1,0,1.0,86.22,-73.78,4.079,6.814,0.996,0.095,0.985
histogram,fixed,binary,357,1,0,1.0,86.22,-73.78,4.139,6.838,0.992,0.105,0.928
histogram,fixed,binary,358,1,0,1.0,86.22,-73.78,4.128,6.811,0.99,0.093,0.938
histogram,fixed,binary,359,1,0,1.0,86.22,-73.78,4.085,6.869,1.034,0.096,0.944
histogram,fixed,binary,360,1,0,1.0,86.22,-73.78,4.085,6.859,0.99,0.089,1.022
histogram,fixed,binary,361,1,0,1.0,86.22,-73.78,4.083,6.769,0.986,0.095,0.936
histogram,fixed,binary,362,1,0,1.0,86.22,-73.78,4.073,6.84,0.989,0.09,0.939
histogram,fixed,binary,363,1,0,1.0,86.22,-73.78,4.081,6.815,1.037,0.102,0.93
histogram,fixed,binary,364,1,0,1.0,86.22,-73.78,4.047,6.803,0.997,0.09,0.928
histogram,fixed,binary,365,1,0,1.0,86.22,-73.78,4.067,6.738,0.983,0.091,0.928
histogram,fixed,binary,366,1,0,1.0,86.22,-73.78,4.065,6.793,1.042,0.093,0.926
histogram,fixed,binary,367,1,0,1.0,86.22,-73.78,4.08,6.888,0.991,0.093,1.047
histogram,fixed,binary,368,1,0,1.0,86.22,-73.78,4.099,6.754,0.981,0.089,0.924
histogram,fixed,binary,369,1,0,1.0,86.22,-73.78,4.067,6.843,0.995,0.09,0.926
histogram,fixed,binary,370,1,0,1.0,86.22,-73.78,4.078,6.854,1.058,0.098,0.947
histogram,fixed,binary,371,1,0,1.0,86.22,-73.78,4.061,6.813,0.99,0.097,0.991
histogram,fixed,binary,372,1,0,1.0,86.22,-73.78,4.116,6.813,0.992,0.09,0.924
histogram,fixed,binary,373,1,0,1.0,86.22,-73.78,4.086,6.834,1.035,0.096,0.945
histogram,fixed,binary,374,1,0,1.0,86.22,-73.78,4.11,6.92,0.991,0.089,1.05
histogram,fixed,binary,375,1,0,1.0,86.22,-73.78,4.103,6.847,0.986,0.096,0.924
histogram,fixed,binary,376,1,0,1.0,86.22,-73.78,4.074,6.757,0.988,0.09,0.928
histogram,fixed,binary,377,1,0,1.0,86.22,-73.78,4.07,6.804,1.031,0.1,0.925
histogram,fixed,binary,378,1,0,1.0,86.22,-73.78,4.082,6.838,0.991,0.09,1.004
histogram,fixed,binary,379,1,0,1.0,86.22,-73.78,4.083,6.811,0.985,0.099,0.936
histogram,fixed,binary,380,1,0,1.0,86.22,-73.78,4.069,6.817,0.989,0.09,0.922
histogram,fixed,binary,381,1,0,1.0,86.22,-73.78,4.054,7.386,1.051,0.138,1.458
histogram,fixed,binary,382,1,0,1.0,86.22,-73.78,4.95,7.717,0.987,0.09,1.012
histogram,fixed,binary,383,1,0,1.0,86.22,-73.78,4.286,7.112,1.024,0.121,1.011
histogram,fixed,binary,384,1,0,1.0,86.22,-73.78,4.081,6.788,0.994,0.089,0.948
histogram,fixed,binary,385,1,0,1.0,86.22,-73.78,4.075,6.872,1.0,0.11,0.946
histogram,fixed,binary,386,1,0,1.0,86.22,-73.78,4.099,6.851,1.044,0.098,0.936
histogram,fixed,binary,387,1,0,1.0,86.22,-73.78,4.098,6.987,0.994,0.092,1.068
histogram,fixed,binary,388,1,0,1.0,86.22,-73.78,4.085,6.777,0.991,0.091,0.931
histogram,fixed,binary,389,1,0,1.0,86.22,-73.78,4.064,6.832,1.041,0.096,0.924
histogram,fixed,binary,390,1,0,1.0,86.22,-73.78,4.099,6.841,0.989,0.09,0.99
histogram,fixed,binary,391,1,0,1.0,86.22,-73.78,4.188,6.878,0.985,0.096,0.928
histogram,fixed,binary,392,1,0,1.0,86.22,-73.78,4.076,6.751,0.982,0.089,0.927
histogram,fixed,binary,393,1,0,1.0,86.22,-73.78,4.08,7.008,1.208,0.107,0.935
histogram,fixed,binary,394,1,0,1.0,86.22,-73.78,4.096,6.915,1.012,0.09,1.044
histogram,fixed,binary,395,1,0,1.0,86.22,-73.78,4.077,6.763,0.991,0.096,0.931
histogram,fixed,binary,396,1,0,1.0,86.22,-73.78,4.086,6.852,0.992,0.091,0.942
histogram,fixed,binary,397,1,0,1.0,86.22,-73.78,4.097,6.854,1.026,0.099,0.962
histogram,fixed,binary,398,1,0,1.0,86.22,-73.78,4.085,6.863,0.993,0.09,1.013
histogram,fixed,binary,399,1,0,1.0,86.22,-73.78,4.111,6.839,0.985,0.093,0.932
histogram,fixed,binary,400,1,0,1.0,86.22,-73.78,4.125,6.867,1.054,0.094,0.931
histogram,fixed,binary,401,1,0,1.0,86.22,-73.78,4.134,6.875,0.996,0.096,0.977
histogram,fixed,binary,402,1,0,1.0,86.22,-73.78,4.272,7.036,0.99,0.092,0.933
histogram,fixed,binary,403,1,0,1.0,86.22,-73.78,4.06,6.757,0.988,0.093,0.937
histogram,fixed,binary,404,1,0,1.0,86.22,-73.78,4.076,6.799,1.036,0.095,0.924
histogram,fixed,binary,405,1,0,1.0,86.22,-73.78,4.092,6.872,0.992,0.099,1.027
histogram,fixed,binary,406,1,0,1.0,86.22,-73.78,4.08,6.839,0.991,0.095,1.002
histogram,fixed,binary,407,1,0,1.0,86.22,-73.78,4.06,6.823,0.995,0.093,0.936
histogram,fixed,binary,408,1,0,1.0,86.22,-73.78,4.098,6.851,1.031,0.096,0.945
histogram,fixed,binary,409,1,0,1.0,86.22,-73.78,4.074,6.879,0.992,0.093,1.011
histogram,fixed,binary,410,1,0,1.0,86.22,-73.78,4.071,6.772,0.986,0.091,0.939
histogram,fixed,binary,411,1,0,1.0,86.22,-73.78,4.063,6.821,1.05,0.094,0.939
histogram,fixed,binary,412,1,0,1.0,86.22,-73.78,4.084,6.818,0.986,0.09,0.983
histogram,fixed,binary,413,1,0,1.0,86.22,-73.78,4.142,6.829,0.987,0.092,0.932
histogram,fixed,binary,414,1,0,1.0,86.22,-73.78,4.081,6.757,0.982,0.09,0.925
histogram,fixed,binary,415,1,0,1.0,86.22,-73.78,4.138,6.877,1.036,0.099,0.932
histogram,fixed,binary,416,1,0,1.0,86.22,-73.78,4.088,6.852,0.995,0.088,1.007
histogram,fixed,binary,417,1,0,1.0,86.22,-73.78,4.076,6.754,0.989,0.098,0.927
histogram,fixed,binary,418,1,0,1.0,86.22,-73.78,4.077,6.812,0.988,0.091,0.919
histogram,fixed,binary,419,1,0,1.0,86.22,-73.78,4.084,6.865,0.993,0.14,0.941
histogram,fixed,binary,420,1,0,1.0,86.22,-73.78,4.071,6.799,0.979,0.089,0.923
histogram,fixed,binary,421,1,0,1.0,86.22,-73.78,4.063,6.756,0.986,0.097,0.936
histogram,fixed,binary,422,1,0,1.0,86.22,-73.78,4.427,7.158,1.036,0.096,0.924
histogram,fixed,binary,423,1,0,1.0,86.22,-73.78,4.087,6.836,0.988,0.096,0.998
histogram,fixed,binary,424,1,0,1.0,86.22,-73.78,4.103,6.779,0.991,0.088,0.924
histogram,otsu,binary,0,1,0,1.0,150.79,-9.21,5.611,8.59,0.992,0.368,0.929
histogram,otsu,binary,1,1,0,1.0,151.51,-8.49,5.927,10.294,1.244,0.525,1.839
histogram,otsu,binary,2,1,0,1.0,151.51,-8.49,5.421,9.069,1.135,0.41,1.28
histogram,otsu,binary,3,1,0,1.0,151.51,-8.49,6.183,9.302,1.047,0.366,0.936
histogram,otsu,binary,4,1,0,1.0,153.27,-6.73,4.693,10.936,1.401,0.865,2.866
histogram,otsu,binary,5,1,0,1.0,149.73,-10.27,6.03,9.797,1.075,0.472,1.388
histogram,otsu,binary,6,1,0,1.0,157.25,-2.75,4.096,7.421,1.179,0.418,0.974
histogram,otsu,binary,7,1,0,1.0,157.25,-2.75,4.133,7.278,1.008,0.431,1.007
histogram,otsu,binary,8,1,0,1.0,149.56,-10.44,4.246,7.387,0.993,0.373,1.089
histogram,otsu,binary,9,1,0,1.0,150.46,-9.54,4.197,7.306,1.002,0.374,0.969
histogram,otsu,binary,10,1,0,1.0,150.46,-9.54,4.239,7.265,0.994,0.37,0.964
histogram,otsu,binary,11,1,0,1.0,150.41,-9.59,4.338,7.454,1.003,0.368,0.974
histogram,otsu,binary,12,1,0,1.0,151.83,-8.17,4.206,7.282,1.05,0.375,0.958
histogram,otsu,binary,13,1,0,1.0,149.26,-10.74,4.199,7.339,1.058,0.379,0.975
histogram,otsu,binary,14,1,0,1.0,150.64,-9.36,4.231,7.333,1.012,0.374,1.023
histogram,otsu,binary,15,1,0,1.0,152.14,-7.86,4.202,7.324,0.995,0.378,1.052
histogram,otsu,binary,16,1,0,1.0,153.27,-6.73,4.329,7.377,1.002,0.371,0.973
histogram,otsu,binary,17,1,0,1.0,150.13,-9.87,4.235,7.27,0.991,0.377,0.975
histogram,otsu,binary,18,1,0,1.0,151.07,-8.93,4.217,7.3,0.998,0.375,0.96
histogram,otsu,binary,19,1,0,1.0,151.07,-8.93,4.243,7.373,1.061,0.381,0.989
histogram,otsu,binary,20,1,0,1.0,152.4,-7.6,4.216,7.306,0.999,0.431,0.966
histogram,otsu,binary,21,1,0,1.0,152.4,-7.6,4.242,7.381,1.0,0.374,1.068
histogram,otsu,binary,22,1,0,1.0,153.78,-6.22,4.204,7.319,0.999,0.372,0.964
histogram,otsu,binary,23,1,0,1.0,153.78,-6.22,4.199,7.281,1.0,0.371,0.978
histogram,otsu,binary,24,1,0,1.0,151.44,-8.56,4.103,10.444,4.171,0.421,1.002
histogram,otsu,binary,25,1,0,1.0,150.57,-9.43,4.117,7.128,0.992,0.415,0.937
histogram,otsu,binary,26,1,0,1.0,150.55,-9.45,4.117,7.141,0.993,0.368,0.992
histogram,otsu,binary,27,1,0,1.0,150.92,-9.08,4.107,7.084,1.003,0.371,0.929
histogram,otsu,binary,28,1,0,1.0,150.92,-9.08,4.128,7.1,0.991,0.368,0.903
histogram,otsu,binary,29,1,0,1.0,155.26,-4.74,4.049,7.046,1.03,0.375,0.928
histogram,otsu,binary,30,1,0,1.0,150.94,-9.06,4.115,7.155,0.993,0.398,0.964
histogram,otsu,binary,31,1,0,1.0,150.94,-9.06,9.474,12.555,0.991,0.368,1.046
histogram,otsu,binary,32,1,0,1.0,149.68,-10.32,4.294,7.453,0.993,0.365,1.098
histogram,otsu,binary,33,1,0,1.0,155.75,-4.25,4.548,7.921,1.012,0.402,1.171
histogram,otsu,binary,34,1,0,1.0,155.75,-4.25,4.55,7.741,0.992,0.396,1.112
histogram,otsu,binary,35,1,0,1.0,156.63,-3.37,4.651,7.949,1.02,0.427,1.149
histogram,otsu,binary,36,1,0,1.0,150.73,-9.27,4.485,7.832,1.008,0.389,1.271
histogram,otsu,binary,37,1,0,1.0,148.34,-11.66,4.634,7.955,1.014,0.396,1.186
histogram,otsu,binary,38,1,0,1.0,148.34,-11.66,4.281,7.538,1.029,0.399,1.162
histogram,otsu,binary,39,1,0,1.0,156.26,-3.74,4.292,7.478,1.082,0.381,0.942
histogram,otsu,binary,40,1,0,1.0,156.26,-3.74,4.325,7.333,0.986,0.381,0.945
histogram,otsu,binary,41,1,0,1.0,152.38,-7.62,4.202,7.328,1.027,0.38,0.947
histogram,otsu,binary,42,1,0,1.0,150.43,-9.57,4.139,7.144,1.04,0.372,0.918
histogram,otsu,binary,43,1,0,1.0,150.43,-9.57,4.281,7.326,0.99,0.415,0.928
histogram,otsu,binary,44,1,0,1.0,150.05,-9.95,4.095,7.151,0.988,0.365,1.023
histogram,otsu,binary,45,1,0,1.0,150.05,-9.95,4.076,7.089,0.993,0.366,0.932
histogram,otsu,binary,46,1,0,1.0,149.99,-10.01,4.057,7.021,0.986,0.365,0.933
histogram,otsu,binary,47,1,0,1.0,153.35,-6.65,4.084,7.11,1.042,0.371,0.942
histogram,otsu,binary,48,1,0,1.0,153.35,-6.65,4.152,7.156,0.993,0.412,0.927
histogram,otsu,binary,49,1,0,1.0,151.57,-8.43,4.085,7.123,0.986,0.365,1.021
histogram,otsu,binary,50,1,0,1.0,150.26,-9.74,4.1,7.054,0.988,0.362,0.922
histogram,otsu,binary,51,1,0,1.0,150.26,-9.74,4.14,7.178,0.991,0.368,0.933
histogram,otsu,binary,52,1,0,1.0,151.63,-8.37,4.124,7.122,1.043,0.364,0.916
histogram,otsu,binary,53,1,0,1.0,148.88,-11.12,4.069,7.123,0.985,0.415,0.945
histogram,otsu,binary,54,1,0,1.0,148.88,-11.12,4.06,7.106,0.985,0.365,1.016
histogram,otsu,binary,55,1,0,1.0,154.81,-5.19,4.06,7.047,0.998,0.369,0.948
histogram,otsu,binary,56,1,0,1.0,154.81,-5.19,4.071,7.083,0.982,0.366,0.928
histogram,otsu,binary,57,1,0,1.0,148.01,-11.99,3.989,7.021,1.044,0.372,0.942
histogram,otsu,binary,58,1,0,1.0,152.29,-7.71,4.11,7.141,0.989,0.363,0.995
histogram,otsu,binary,59,1,0,1.0,152.29,-7.71,4.077,7.095,0.984,0.365,0.929
histogram,otsu,binary,60,1,0,1.0,155.75,-4.25,4.045,6.962,0.985,0.366,0.919
histogram,otsu,binary,61,1,0,1.0,151.07,-8.93,4.134,7.147,1.053,0.367,0.929
histogram,otsu,binary,62,1,0,1.0,151.07,-8.93,4.143,7.165,1.036,0.373,0.939
histogram,otsu,binary,63,1,0,1.0,150.69,-9.31,4.094,7.168,0.991,0.367,1.012
histogram,otsu,binary,64,1,0,1.0,150.69,-9.31,4.132,7.278,0.984,0.365,0.921
histogram,otsu,binary,65,1,0,1.0,155.24,-4.76,4.053,7.029,0.994,0.368,0.942
histogram,otsu,binary,66,1,0,1.0,156.74,-3.26,3.983,6.991,1.039,0.368,0.922
histogram,otsu,binary,67,1,0,1.0,156.74,-3.26,4.027,7.051,1.036,0.372,0.944
histogram,otsu,binary,68,1,0,1.0,156.28,-3.72,3.995,7.046,0.994,0.365,1.02
histogram,otsu,binary,69,1,0,1.0,155.28,-4.72,4.042,6.99,0.991,0.366,0.92
histogram,otsu,binary,70,1,0,1.0,155.28,-4.72,4.048,7.058,0.987,0.368,0.929
histogram,otsu,binary,71,1,0,1.0,149.17,-10.83,4.041,7.047,1.031,0.368,0.928
histogram,otsu,binary,72,1,0,1.0,149.17,-10.83,4.04,7.088,0.994,0.362,1.012
histogram,otsu,binary,73,1,0,1.0,151.43,-8.57,4.074,7.132,0.988,0.367,0.935
histogram,otsu,binary,74,1,0,1.0,151.43,-8.57,4.131,7.106,0.997,0.363,0.935
histogram,otsu,binary,75,1,0,1.0,151.43,-8.57,4.079,7.113,0.988,0.365,0.945
histogram,otsu,binary,76,1,0,1.0,152.53,-7.47,4.078,7.093,1.034,0.37,0.938
histogram,otsu,binary,77,1,0,1.0,152.98,-7.02,4.123,7.175,1.002,0.368,1.011
histogram,otsu,binary,78,1,0,1.0,152.98,-7.02,4.094,7.133,0.993,0.362,0.929
histogram,otsu,binary,79,1,0,1.0,153.31,-6.69,4.117,7.08,0.991,0.368,0.938
histogram,otsu,binary,80,1,0,1.0,150.62,-9.38,4.108,7.127,1.045,0.368,0.932
histogram,otsu,binary,81,1,0,1.0,153.87,-6.13,4.099,7.127,1.042,0.373,0.942
histogram,otsu,binary,82,1,0,1.0,153.87,-6.13,4.134,7.188,0.999,0.367,1.007
histogram,otsu,binary,83,1,0,1.0,151.58,-8.42,4.118,7.172,0.991,0.366,0.931
histogram,otsu,binary,84,1,0,1.0,151.58,-8.42,4.108,7.061,0.991,0.363,0.923
histogram,otsu,binary,85,1,0,1.0,154.31,-5.69,4.136,7.159,1.048,0.365,0.934
histogram,otsu,binary,86,1,0,1.0,152.89,-7.11,4.096,7.098,1.036,0.368,0.922
histogram,otsu,binary,87,1,0,1.0,152.89,-7.11,4.105,7.152,0.991,0.369,1.022
histogram,otsu,binary,88,1,0,1.0,150.69,-9.31,4.168,7.124,0.991,0.368,0.92
histogram,otsu,binary,89,1,0,1.0,151.87,-8.13,4.096,7.054,0.989,0.363,0.924
histogram,otsu,binary,90,1,0,1.0,151.87,-8.13,4.094,7.094,1.037,0.369,0.921
histogram,otsu,binary,91,1,0,1.0,152.34,-7.66,4.101,7.136,0.99,0.413,0.954
histogram,otsu,binary,92,1,0,1.0,152.34,-7.66,4.939,7.999,0.989,0.363,1.028
histogram,otsu,binary,93,1,0,1.0,152.52,-7.48,4.271,7.416,1.014,0.374,1.039
histogram,otsu,binary,94,1,0,1.0,149.81,-10.19,4.214,7.343,0.998,0.372,0.98
histogram,otsu,binary,95,1,0,1.0,149.81,-10.19,4.22,7.27,0.996,0.392,0.971
histogram,otsu,binary,96,1,0,1.0,153.36,-6.64,4.275,7.383,1.001,0.373,0.974
histogram,otsu,binary,97,1,0,1.0,150.08,-9.92,4.22,7.373,1.075,0.381,1.002
histogram,otsu,binary,98,1,0,1.0,150.08,-9.92,4.196,7.311,1.063,0.38,0.97
histogram,otsu,binary,99,1,0,1.0,151.89,-8.11,4.241,7.332,0.995,0.423,0.973
histogram,otsu,binary,100,1,0,1.0,150.7,-9.3,4.289,7.48,1.002,0.373,1.118
histogram,otsu,binary,101,1,0,1.0,150.72,-9.28,4.243,7.353,0.999,0.376,0.972
histogram,otsu,binary,102,1,0,1.0,150.72,-9.28,4.257,7.287,0.996,0.375,0.962
histogram,otsu,binary,103,1,0,1.0,155.56,-4.44,4.311,7.484,1.007,0.379,0.976
histogram,otsu,binary,104,1,0,1.0,155.56,-4.44,4.333,7.451,1.068,0.379,0.973
histogram,otsu,binary,105,1,0,1.0,150.12,-9.88,4.198,7.327,1.064,0.38,0.985
histogram,otsu,binary,106,1,0,1.0,157.57,-2.43,4.28,7.406,1.031,0.421,0.974
histogram,otsu,binary,107,1,0,1.0,157.57,-2.43,4.24,7.403,1.007,0.374,1.088
histogram,otsu,binary,108,1,0,1.0,157.51,-2.49,4.225,7.45,1.0,0.378,1.151
histogram,otsu,binary,109,1,0,1.0,152.81,-7.19,4.281,7.355,0.995,0.377,0.996
histogram,otsu,binary,110,1,0,1.0,152.81,-7.19,4.349,7.495,0.997,0.376,1.065
histogram,otsu,binary,111,1,0,1.0,149.73,-10.27,4.204,7.278,1.002,0.369,0.941
histogram,otsu,binary,112,1,0,1.0,149.73,-10.27,4.075,7.215,1.142,0.373,0.942
histogram,otsu,binary,113,1,0,1.0,153.39,-6.61,4.12,7.175,0.991,0.41,0.944
histogram,otsu,binary,114,1,0,1.0,155.29,-4.71,4.134,7.161,0.983,0.365,1.007
histogram,otsu,binary,115,1,0,1.0,155.29,-4.71,4.083,7.043,0.987,0.367,0.939
histogram,otsu,binary,116,1,0,1.0,152.5,-7.5,4.087,7.087,0.985,0.366,0.924
histogram,otsu,binary,117,1,0,1.0,153.42,-6.58,4.096,7.137,1.037,0.369,0.95
histogram,otsu,binary,118,1,0,1.0,153.42,-6.58,4.115,7.129,0.995,0.417,0.93
histogram,otsu,binary,119,1,0,1.0,155.26,-4.74,4.017,7.058,0.988,0.366,1.016
histogram,otsu,binary,120,1,0,1.0,155.26,-4.74,4.06,6.991,0.984,0.36,0.924
histogram,otsu,binary,121,1,0,1.0,153.02,-6.98,4.107,7.17,0.998,0.367,0.945
histogram,otsu,binary,122,1,0,1.0,155.27,-4.73,4.023,7.043,1.031,0.374,0.946
histogram,otsu,binary,123,1,0,1.0,155.27,-4.73,4.08,7.247,0.999,0.367,1.065
histogram,otsu,binary,124,1,0,1.0,150.44,-9.56,4.048,7.084,0.984,0.362,0.933
histogram,otsu,binary,125,1,0,1.0,155.78,-4.22,4.045,7.017,0.991,0.366,0.944
histogram,otsu,binary,126,1,0,1.0,155.78,-4.22,4.02,7.047,1.043,0.37,0.932
histogram,otsu,binary,127,1,0,1.0,153.03,-6.97,4.177,7.214,1.047,0.368,0.948
histogram,otsu,binary,128,1,0,1.0,153.03,-6.97,4.198,7.238,0.988,0.366,1.013
histogram,otsu,binary,129,1,0,1.0,152.88,-7.12,4.094,7.137,0.982,0.362,0.956
histogram,otsu,binary,130,1,0,1.0,155.8,-4.2,4.074,7.046,0.992,0.365,0.942
histogram,otsu,binary,131,1,0,1.0,155.8,-4.2,4.034,7.069,1.053,0.367,0.944
histogram,otsu,binary,132,1,0,1.0,149.96,-10.04,4.039,7.058,1.045,0.367,0.924
histogram,otsu,binary,133,1,0,1.0,155.8,-4.2,4.362,7.456,0.987,0.37,1.026
histogram,otsu,binary,134,1,0,1.0,155.8,-4.2,4.026,7.076,0.987,0.366,0.941
histogram,otsu,binary,135,1,0,1.0,152.27,-7.73,4.115,7.096,1.004,0.367,0.933
histogram,otsu,binary,136,1,0,1.0,152.27,-7.73,4.106,7.101,1.045,0.368,0.922
histogram,otsu,binary,137,1,0,1.0,151.89,-8.11,4.09,7.122,1.04,0.371,0.937
histogram,otsu,binary,138,1,0,1.0,152.05,-7.95,4.132,7.174,0.983,0.366,1.022
histogram,otsu,binary,139,1,0,1.0,154.77,-5.23,4.056,7.073,0.984,0.362,0.937
histogram,otsu,binary,140,1,0,1.0,154.77,-5.23,4.064,7.014,0.986,0.361,0.922
histogram,otsu,binary,141,1,0,1.0,150.21,-9.79,4.016,7.04,1.039,0.372,0.939
histogram,otsu,binary,142,1,0,1.0,150.21,-9.79,4.044,7.054,0.992,0.414,0.929
histogram,otsu,binary,143,1,0,1.0,150.37,-9.63,4.114,7.211,0.99,0.366,1.023
histogram,otsu,binary,144,1,0,1.0,150.37,-9.63,4.132,7.082,0.996,0.362,0.93
histogram,otsu,binary,145,1,0,1.0,149.9,-10.1,4.078,7.103,0.991,0.367,0.934
histogram,otsu,binary,146,1,0,1.0,149.9,-10.1,4.114,7.115,1.042,0.369,0.919
histogram,otsu,binary,147,1,0,1.0,156.29,-3.71,4.015,7.029,0.987,0.411,0.941
histogram,otsu,binary,148,1,0,1.0,151.83,-8.17,4.177,7.204,0.985,0.36,1.004
histogram,otsu,binary,149,1,0,1.0,154.3,-5.7,4.089,7.079,0.992,0.366,0.96
histogram,otsu,binary,150,1,0,1.0,154.3,-5.7,4.077,7.104,0.996,0.36,0.934
histogram,otsu,binary,151,1,0,1.0,154.8,-5.2,4.078,7.092,1.028,0.37,0.936
histogram,otsu,binary,152,1,0,1.0,154.8,-5.2,4.079,7.093,0.99,0.367,0.982
histogram,otsu,binary,153,1,0,1.0,151.53,-8.47,4.098,7.146,0.99,0.367,0.941
histogram,otsu,binary,154,1,0,1.0,152.43,-7.57,4.108,7.137,0.984,0.365,1.006
histogram,otsu,binary,155,1,0,1.0,152.43,-7.57,4.094,7.114,0.988,0.366,0.93
histogram,otsu,binary,156,1,0,1.0,150.61,-9.39,4.099,7.187,1.09,0.373,0.943
histogram,otsu,binary,157,1,0,1.0,154.52,-5.48,4.093,7.114,0.988,0.364,0.998
histogram,otsu,binary,158,1,0,1.0,154.52,-5.48,4.07,7.103,0.992,0.364,0.93
histogram,otsu,binary,159,1,0,1.0,155.25,-4.75,4.061,7.009,0.977,0.364,0.939
histogram,otsu,binary,160,1,0,1.0,155.25,-4.75,4.049,7.089,1.059,0.369,0.931
histogram,otsu,binary,161,1,0,1.0,151.47,-8.53,4.112,7.125,1.037,0.369,0.935
histogram,otsu,binary,162,1,0,1.0,151.47,-8.53,4.116,7.177,0.993,0.364,1.024
histogram,otsu,binary,163,1,0,1.0,150.51,-9.49,4.1,7.164,0.99,0.365,0.94
histogram,otsu,binary,164,1,0,1.0,150.51,-9.49,4.076,7.303,0.992,0.365,1.195
histogram,otsu,binary,165,1,0,1.0,151.55,-8.45,4.142,7.173,0.992,0.366,0.933
histogram,otsu,binary,166,1,0,1.0,151.55,-8.45,4.072,7.071,1.036,0.366,0.93
histogram,otsu,binary,167,1,0,1.0,151.76,-8.24,4.095,7.133,0.996,0.363,1.002
histogram,otsu,binary,168,1,0,1.0,151.76,-8.24,4.065,7.095,0.997,0.363,0.923
histogram,otsu,binary,169,1,0,1.0,156.81,-3.19,3.999,6.954,0.986,0.366,0.932
histogram,otsu,binary,170,1,0,1.0,156.81,-3.19,3.98,6.998,1.05,0.366,0.928
histogram,otsu,binary,171,1,0,1.0,156.32,-3.68,3.999,7.022,0.991,0.408,0.944
histogram,otsu,binary,172,1,0,1.0,156.32,-3.68,4.008,7.055,0.992,0.363,1.011
histogram,otsu,binary,173,1,0,1.0,155.81,-4.19,4.038,7.03,0.995,0.365,0.922
histogram,otsu,binary,174,1,0,1.0,155.39,-4.61,4.053,7.067,0.997,0.364,0.932
histogram,otsu,binary,175,1,0,1.0,155.39,-4.61,4.048,7.07,1.047,0.37,0.936
histogram,otsu,binary,176,1,0,1.0,155.39,-4.61,4.061,7.091,0.993,0.363,0.988
histogram,otsu,binary,177,1,0,1.0,150.59,-9.41,4.121,7.164,0.993,0.366,0.934
histogram,otsu,binary,178,1,0,1.0,150.59,-9.41,4.131,7.08,0.994,0.365,0.925
histogram,otsu,binary,179,1,0,1.0,154.79,-5.21,4.118,7.13,1.059,0.363,0.92
histogram,otsu,binary,180,1,0,1.0,154.79,-5.21,4.062,7.102,1.034,0.368,0.961
histogram,otsu,binary,181,1,0,1.0,150.92,-9.08,4.119,7.214,1.001,0.366,1.054
histogram,otsu,binary,182,1,0,1.0,149.37,-10.63,4.034,7.064,0.987,0.36,0.941
histogram,otsu,binary,183,1,0,1.0,149.37,-10.63,4.022,7.027,0.99,0.365,0.941
histogram,otsu,binary,184,1,0,1.0,151.6,-8.4,4.086,7.125,1.045,0.374,0.943
histogram,otsu,binary,185,1,0,1.0,153.97,-6.03,4.089,7.126,0.996,0.41,0.946
histogram,otsu,binary,186,1,0,1.0,153.97,-6.03,4.108,7.135,0.984,0.363,1.011
histogram,otsu,binary,187,1,0,1.0,150.85,-9.15,4.108,7.07,0.992,0.367,0.934
histogram,otsu,binary,188,1,0,1.0,150.85,-9.15,4.094,7.122,0.991,0.36,0.93
histogram,otsu,binary,189,1,0,1.0,151.21,-8.79,3.994,7.019,1.039,0.37,0.944
histogram,otsu,binary,190,1,0,1.0,151.21,-8.79,4.03,7.04,0.994,0.418,0.938
histogram,otsu,binary,191,1,0,1.0,151.21,-8.79,3.984,7.03,0.993,0.367,1.012
histogram,otsu,binary,192,1,0,1.0,152.97,-7.03,4.008,6.968,0.984,0.369,0.93
histogram,otsu,binary,193,1,0,1.0,156.03,-3.97,4.024,7.087,1.04,0.365,0.949
histogram,otsu,binary,194,1,0,1.0,158.22,-1.78,3.989,7.01,1.037,0.371,0.939
histogram,otsu,binary,195,1,0,1.0,158.22,-1.78,3.92,6.964,0.994,0.366,1.009
histogram,otsu,binary,196,1,0,1.0,155.97,-4.03,4.017,6.99,0.994,0.361,0.932
histogram,otsu,binary,197,1,0,1.0,155.15,-4.85,4.034,7.064,0.989,0.363,0.941
histogram,otsu,binary,198,1,0,1.0,155.15,-4.85,4.029,7.058,1.044,0.369,0.946
histogram,otsu,binary,199,1,0,1.0,156.29,-3.71,4.023,7.057,0.993,0.368,1.002
histogram,otsu,binary,200,1,0,1.0,156.29,-3.71,3.996,7.035,0.986,0.368,0.934
histogram,otsu,binary,201,1,0,1.0,156.44,-3.56,3.985,6.955,0.986,0.362,0.933
histogram,otsu,binary,202,1,0,1.0,156.12,-3.88,3.994,7.018,1.04,0.364,0.941
histogram,otsu,binary,203,1,0,1.0,156.12,-3.88,3.995,7.03,0.992,0.409,0.931
histogram,otsu,binary,204,1,0,1.0,158.72,-1.28,3.885,6.926,0.988,0.365,1.007
histogram,otsu,binary,205,1,0,1.0,158.14,-1.86,3.943,6.905,0.988,0.368,0.928
histogram,otsu,binary,206,1,0,0.9458,160.17,0.17,3.828,6.835,1.034,0.369,0.934
histogram,otsu,binary,207,1,0,0.9458,160.17,0.17,3.837,6.852,0.991,0.407,0.942
histogram,otsu,binary,208,1,0,0.9944,160.68,0.68,3.646,6.654,0.993,0.366,0.92
histogram,otsu,binary,209,1,0,0.95,159.92,-0.08,3.685,6.711,0.994,0.366,0.937
histogram,otsu,binary,210,1,0,0.95,159.92,-0.08,3.718,6.712,1.039,0.372,0.929
histogram,otsu,binary,211,1,0,0.9528,159.87,-0.13,3.709,6.738,0.99,0.366,1.001
histogram,otsu,binary,212,1,0,0.9528,159.87,-0.13,3.719,6.675,0.98,0.361,0.933
histogram,otsu,binary,213,1,0,0.9514,160.14,0.14,3.611,6.68,1.036,0.371,0.945
histogram,otsu,binary,214,1,0,0.9486,159.3,-0.7,3.868,6.986,1.004,0.365,1.088
histogram,otsu,binary,215,1,0,0.9486,159.3,-0.7,3.821,6.788,0.989,0.369,0.936
histogram,otsu,binary,216,1,0,0.95,159.62,-0.38,3.766,6.773,0.988,0.363,0.92
histogram,otsu,binary,217,1,0,0.9444,160.19,0.19,3.73,6.763,0.995,0.415,0.954
histogram,otsu,binary,218,1,0,0.9444,160.19,0.19,3.656,6.767,0.996,0.369,1.07
histogram,otsu,binary,219,1,0,0.9639,159.05,-0.95,3.719,6.694,0.983,0.364,0.951
histogram,otsu,binary,220,1,0,0.9639,159.05,-0.95,3.755,6.781,1.041,0.371,0.941
histogram,otsu,binary,221,1,0,0.9958,159.83,-0.17,3.734,6.794,0.983,0.366,1.037
histogram,otsu,binary,222,1,0,0.9403,158.33,-1.67,3.832,6.798,0.991,0.364,0.927
histogram,otsu,binary,223,1,0,0.9403,158.33,-1.67,3.828,6.9,1.042,0.362,0.946
histogram,otsu,binary,224,1,0,0.9403,158.33,-1.67,3.832,6.85,0.991,0.408,0.945
histogram,otsu,binary,225,1,0,0.9167,159.27,-0.73,3.801,6.84,0.999,0.367,1.009
histogram,otsu,binary,226,1,0,0.9167,159.27,-0.73,3.859,6.822,0.984,0.365,0.929
histogram,otsu,binary,227,1,0,0.9625,159.72,-0.28,3.714,6.727,1.031,0.373,0.938
histogram,otsu,binary,228,1,0,0.9625,159.72,-0.28,3.727,6.768,0.989,0.365,1.016
histogram,otsu,binary,229,1,0,0.9569,159.55,-0.45,3.838,6.792,0.982,0.365,0.934
histogram,otsu,binary,230,1,0,0.9569,159.55,-0.45,3.819,6.828,1.053,0.366,0.915
histogram,otsu,binary,231,1,0,0.9569,159.55,-0.45,3.821,6.838,0.983,0.414,0.94
histogram,otsu,binary,232,1,0,0.9792,159.0,-1.0,4.641,7.69,0.99,0.364,1.017
histogram,otsu,binary,233,1,0,0.9819,157.56,-2.44,4.018,7.206,1.013,0.376,0.976
histogram,otsu,binary,234,1,0,0.9819,157.56,-2.44,4.024,7.07,1.004,0.371,0.97
histogram,otsu,binary,235,1,0,0.9778,159.7,-0.3,3.921,7.034,1.065,0.382,0.975
histogram,otsu,binary,236,1,0,0.9778,159.7,-0.3,3.859,6.963,1.048,0.381,0.979
histogram,otsu,binary,237,1,0,0.9806,157.57,-2.43,3.977,7.111,0.993,0.377,1.078
histogram,otsu,binary,238,1,0,0.9806,157.57,-2.43,3.968,6.998,0.999,0.373,0.957
histogram,otsu,binary,239,1,0,0.9806,157.57,-2.43,3.963,7.079,1.023,0.375,0.966
histogram,otsu,binary,240,1,0,1.0,156.35,-3.65,3.869,6.963,1.058,0.38,0.967
histogram,otsu,binary,241,1,0,0.95,160.23,0.23,3.971,7.097,0.998,0.374,1.041
histogram,otsu,binary,242,1,0,0.95,160.23,0.23,3.992,7.091,1.002,0.37,0.971
histogram,otsu,binary,243,1,0,0.9083,157.11,-2.89,3.713,6.792,0.993,0.372,0.986
histogram,otsu,binary,244,1,0,0.8819,90.89,-69.11,4.016,7.145,1.049,0.374,0.997
histogram,otsu,binary,245,1,1,0.6,24.68,-135.32,4.064,7.199,1.01,0.428,0.998
histogram,otsu,binary,246,1,1,0.6,24.68,-135.32,4.078,7.213,1.001,0.369,1.067
histogram,otsu,binary,247,1,1,0.6,300.9,140.9,3.911,6.954,1.005,0.376,0.972
histogram,otsu,binary,248,1,1,0.6,300.9,140.9,3.914,7.031,1.007,0.374,0.97
histogram,otsu,binary,249,1,1,0.6,290.22,130.22,3.884,7.002,1.055,0.377,0.986
histogram,otsu,binary,250,1,1,0.6,290.22,130.22,3.948,7.053,0.997,0.374,1.029
histogram,otsu,binary,251,1,1,0.6,290.22,130.22,4.098,7.207,1.002,0.376,0.971
histogram,otsu,binary,252,1,1,0.6,286.46,126.46,3.874,6.861,0.993,0.367,0.941
histogram,otsu,binary,253,1,1,0.6,280.69,120.69,3.863,6.938,1.04,0.371,0.958
histogram,otsu,binary,254,1,1,0.6,280.69,120.69,3.85,6.865,0.99,0.407,0.94
histogram,otsu,binary,255,1,1,0.6,280.12,120.12,4.006,7.045,0.991,0.363,1.001
histogram,otsu,binary,256,1,1,0.6,280.12,120.12,3.844,6.804,0.981,0.364,0.933
histogram,otsu,binary,257,1,1,0.6,277.27,117.27,3.792,6.809,1.035,0.364,0.943
histogram,otsu,binary,258,1,1,0.6,276.38,116.38,3.857,6.868,0.985,0.367,0.986
histogram,otsu,binary,259,1,1,0.6,276.38,116.38,3.742,6.757,0.99,0.366,0.926
histogram,otsu,binary,260,1,1,0.6,276.85,116.85,3.832,6.874,0.994,0.362,0.94
histogram,otsu,binary,261,1,1,0.6,275.46,115.46,3.823,6.863,1.051,0.369,0.945
histogram,otsu,binary,262,1,1,0.6,275.46,115.46,3.832,6.909,0.991,0.367,1.039
histogram,otsu,binary,263,1,1,0.6,275.55,115.55,3.828,6.822,0.992,0.368,0.932
histogram,otsu,binary,264,1,1,0.6,275.06,115.06,3.852,6.877,0.987,0.367,0.93
histogram,otsu,binary,265,1,1,0.6,275.24,115.24,3.873,6.896,0.989,0.423,0.939
histogram,otsu,binary,266,1,1,0.6,275.24,115.24,3.874,6.92,0.992,0.364,1.018
histogram,otsu,binary,267,1,1,0.6,274.91,114.91,3.849,6.826,0.989,0.366,0.945
histogram,otsu,binary,268,1,1,0.6,274.91,114.91,3.825,6.835,1.039,0.37,0.925
histogram,otsu,binary,269,1,1,0.6,275.43,115.43,3.847,6.872,0.987,0.409,0.953
histogram,otsu,binary,270,1,1,0.6,274.93,114.93,3.742,6.748,0.982,0.362,0.913
histogram,otsu,binary,271,1,1,0.6,274.93,114.93,3.814,6.851,0.983,0.369,0.944
histogram,otsu,binary,272,1,1,0.6,275.55,115.55,3.835,6.851,1.041,0.371,0.928
histogram,otsu,binary,273,1,1,0.6,275.5,115.5,3.855,6.943,0.994,0.366,1.023
histogram,otsu,binary,274,1,1,0.6,275.5,115.5,3.838,6.798,0.992,0.365,0.932
histogram,otsu,binary,275,1,1,0.6,275.5,115.5,3.827,6.879,0.994,0.365,0.949
histogram,otsu,binary,276,1,1,0.6,274.95,114.95,3.807,6.818,1.03,0.367,0.932
histogram,otsu,binary,277,1,1,0.6,275.49,115.49,3.803,6.851,0.995,0.367,1.019
histogram,otsu,binary,278,1,1,0.6,275.47,115.47,3.841,6.869,0.981,0.366,1.001
histogram,otsu,binary,279,1,1,0.6,275.47,115.47,3.858,7.111,1.183,0.433,0.955
histogram,otsu,binary,280,1,1,0.6,274.93,114.93,3.825,6.825,0.985,0.407,0.939
histogram,otsu,binary,281,1,1,0.6,274.93,114.93,3.783,6.84,0.994,0.367,1.021
histogram,otsu,binary,282,1,1,0.6,275.07,115.07,3.823,6.807,0.988,0.364,0.956
histogram,otsu,binary,283,1,1,0.6,275.07,115.07,3.817,6.89,1.043,0.366,0.948
histogram,otsu,binary,284,1,1,0.6,275.59,115.59,3.827,6.861,0.996,0.361,0.997
histogram,otsu,binary,285,1,1,0.6,275.54,115.54,3.755,6.862,0.99,0.368,1.014
histogram,otsu,binary,286,1,1,0.6,275.54,115.54,3.815,6.854,0.992,0.364,0.943
histogram,otsu,binary,287,1,1,0.6,274.95,114.95,3.855,6.884,1.044,0.372,0.94
histogram,otsu,binary,288,1,1,0.6,274.99,114.99,3.832,6.889,0.995,0.362,1.025
histogram,otsu,binary,289,1,1,0.6,274.86,114.86,3.809,6.751,0.983,0.363,0.924
histogram,otsu,binary,290,1,1,0.6,274.86,114.86,3.841,6.848,1.043,0.369,0.924
histogram,otsu,binary,291,1,1,0.6,275.53,115.53,3.831,6.864,0.998,0.413,0.946
histogram,otsu,binary,292,1,1,0.6,275.53,115.53,3.872,6.915,0.993,0.364,1.015
histogram,otsu,binary,293,1,1,0.6,275.47,115.47,3.821,6.814,0.98,0.363,0.945
histogram,otsu,binary,294,1,1,0.6,275.47,115.47,3.836,6.848,1.037,0.365,0.928
histogram,otsu,binary,295,1,1,0.6,275.59,115.59,3.815,6.852,0.986,0.367,1.003
histogram,otsu,binary,296,1,1,0.6,275.59,115.59,3.842,6.793,0.998,0.365,0.914
histogram,otsu,binary,297,1,1,0.6,275.6,115.6,3.843,6.885,0.991,0.368,0.944
histogram,otsu,binary,298,1,1,0.6,275.6,115.6,3.818,6.814,1.027,0.369,0.923
histogram,otsu,binary,299,1,1,0.6,275.6,115.6,3.829,6.87,0.986,0.364,1.012
histogram,otsu,binary,300,1,1,0.6,274.88,114.88,3.825,6.764,0.985,0.366,0.924
histogram,otsu,binary,301,1,1,0.6,275.44,115.44,3.883,6.938,1.054,0.372,0.956
histogram,otsu,binary,302,1,1,0.6,275.36,115.36,3.859,6.93,0.994,0.459,0.942
histogram,otsu,binary,303,1,1,0.6,275.36,115.36,3.837,6.917,0.986,0.366,1.008
histogram,otsu,binary,304,1,1,0.6,275.07,115.07,3.858,6.805,0.99,0.364,0.931
histogram,otsu,binary,305,1,1,0.6,275.38,115.38,3.835,6.846,1.033,0.367,0.945
histogram,otsu,binary,306,1,1,0.6,275.38,115.38,3.856,6.862,0.994,0.365,0.974
histogram,otsu,binary,307,1,1,0.6,275.37,115.37,3.759,6.899,0.991,0.367,1.057
histogram,otsu,binary,308,1,1,0.6,275.37,115.37,3.844,6.788,0.984,0.363,0.925
histogram,otsu,binary,309,1,1,0.6,274.81,114.81,3.831,6.856,1.038,0.371,0.95
histogram,otsu,binary,310,1,1,0.6,275.26,115.26,3.871,6.913,0.99,0.359,1.012
histogram,otsu,binary,311,1,1,0.6,275.26,115.26,3.862,6.827,0.988,0.364,0.932
histogram,otsu,binary,312,1,1,0.6,274.76,114.76,3.826,6.853,0.983,0.363,0.948
histogram,otsu,binary,313,1,1,0.6,274.9,114.9,3.826,6.881,1.042,0.372,0.932
histogram,otsu,binary,314,1,1,0.6,274.9,114.9,3.818,6.861,0.998,0.366,1.004
histogram,otsu,binary,315,1,1,0.6,274.68,114.68,3.87,6.853,0.99,0.367,0.948
histogram,otsu,binary,316,1,1,0.6,274.68,114.68,3.845,6.946,1.041,0.366,1.018
histogram,otsu,binary,317,1,1,0.6,275.22,115.22,3.855,6.875,0.988,0.412,0.952
histogram,otsu,binary,318,1,1,0.6,275.22,115.22,3.812,6.845,0.988,0.36,1.005
histogram,otsu,binary,319,1,1,0.6,274.78,114.78,3.832,6.799,0.98,0.366,0.94
histogram,otsu,binary,320,1,1,0.6,274.78,114.78,3.827,6.819,1.034,0.369,0.919
histogram,otsu,binary,321,1,1,0.6,274.76,114.76,3.865,6.902,0.994,0.366,1.004
histogram,otsu,binary,322,1,1,0.6,275.2,115.2,3.853,6.826,0.993,0.365,0.942
histogram,otsu,binary,323,1,1,0.6,275.2,115.2,3.863,6.94,0.993,0.366,0.936
histogram,otsu,binary,324,1,1,0.6,274.08,114.08,3.871,6.898,1.035,0.365,0.948
histogram,otsu,binary,325,1,1,0.6,275.17,115.17,3.87,6.94,0.995,0.367,1.035
histogram,otsu,binary,326,1,1,0.6,275.37,115.37,3.836,6.794,0.986,0.365,0.933
histogram,otsu,binary,327,1,1,0.6,275.37,115.37,3.83,6.859,0.99,0.367,0.94
histogram,otsu,binary,328,1,1,0.6,275.37,115.37,3.816,6.846,0.991,0.409,0.951
histogram,otsu,binary,329,1,1,0.6,274.69,114.69,3.853,6.969,0.984,0.368,1.09
histogram,otsu,binary,330,1,1,0.6,274.69,114.69,3.827,6.793,0.985,0.362,0.938
histogram,otsu,binary,331,1,1,0.6,274.69,114.69,3.841,6.843,1.046,0.376,0.918
histogram,otsu,binary,332,1,1,0.6,274.84,114.84,3.829,6.861,0.984,0.408,0.963
histogram,otsu,binary,333,1,1,0.6,274.81,114.81,3.745,6.811,0.997,0.366,0.936
histogram,otsu,binary,334,1,1,0.6,274.81,114.81,3.82,6.778,0.978,0.361,0.944
histogram,otsu,binary,335,1,1,0.6,275.46,115.46,3.825,6.857,1.039,0.367,0.946
histogram,otsu,binary,336,1,1,0.6,275.46,115.46,3.876,6.914,0.985,0.365,1.014
histogram,otsu,binary,337,1,1,0.6,275.41,115.41,3.861,6.823,0.994,0.368,0.927
histogram,otsu,binary,338,1,1,0.6,275.41,115.41,3.855,6.884,0.985,0.367,0.947
histogram,otsu,binary,339,1,1,0.6,275.41,115.41,3.823,6.842,1.032,0.371,0.938
histogram,otsu,binary,340,1,1,0.6,275.49,115.49,3.832,6.879,0.986,0.363,1.013
histogram,otsu,binary,341,1,1,0.6,275.72,115.72,3.85,6.806,0.987,0.364,0.929
histogram,otsu,binary,342,1,1,0.6,275.72,115.72,3.839,6.829,1.025,0.367,0.921
histogram,otsu,binary,343,1,1,0.6,275.66,115.66,3.862,6.91,0.989,0.411,0.94
histogram,otsu,binary,344,1,1,0.6,275.66,115.66,3.75,6.78,0.981,0.365,0.939
histogram,otsu,binary,345,1,1,0.6,275.65,115.65,3.819,6.776,0.985,0.362,0.938
histogram,otsu,binary,346,1,1,0.6,275.77,115.77,3.848,6.85,1.036,0.371,0.922
histogram,otsu,binary,347,1,1,0.6,275.77,115.77,3.831,6.874,0.99,0.365,1.022
histogram,otsu,binary,348,1,1,0.6,275.72,115.72,3.818,6.859,0.992,0.363,1.009
histogram,otsu,binary,349,1,1,0.6,275.59,115.59,3.833,6.864,0.99,0.364,0.931
histogram,otsu,binary,350,1,1,0.6,275.59,115.59,3.832,6.837,1.027,0.368,0.933
histogram,otsu,binary,351,1,1,0.6,275.76,115.76,3.83,6.858,0.982,0.369,1.007
histogram,otsu,binary,352,1,1,0.6,275.76,115.76,3.842,6.781,0.994,0.364,0.914
histogram,otsu,binary,353,1,1,0.6,275.6,115.6,3.833,6.907,1.035,0.368,0.97
histogram,otsu,binary,354,1,1,0.6,275.68,115.68,3.847,6.951,0.988,0.407,1.033
histogram,otsu,binary,355,1,1,0.6,275.68,115.68,3.761,6.837,0.981,0.364,0.918
histogram,otsu,binary,356,1,1,0.6,275.13,115.13,3.844,6.806,0.989,0.361,0.93
histogram,otsu,binary,357,1,1,0.6,275.14,115.14,3.868,6.896,1.033,0.371,0.954
histogram,otsu,binary,358,1,1,0.6,275.14,115.14,3.88,7.015,1.002,0.367,1.093
histogram,otsu,binary,359,1,1,0.6,275.66,115.66,3.813,6.788,0.987,0.367,0.952
histogram,otsu,binary,360,1,1,0.6,275.66,115.66,3.842,6.857,0.989,0.364,0.924
histogram,otsu,binary,361,1,1,0.6,275.72,115.72,3.863,6.869,1.04,0.372,0.929
histogram,otsu,binary,362,1,1,0.6,275.71,115.71,3.837,6.936,0.988,0.367,1.069
histogram,otsu,binary,363,1,1,0.6,275.71,115.71,3.826,6.815,0.983,0.368,0.934
histogram,otsu,binary,364,1,1,0.6,275.11,115.11,3.811,6.812,0.988,0.365,0.919
histogram,otsu,binary,365,1,1,0.6,275.64,115.64,3.841,6.848,0.989,0.415,0.937
histogram,otsu,binary,366,1,1,0.6,275.64,115.64,3.84,6.877,0.987,0.361,1.013
histogram,otsu,binary,367,1,1,0.6,275.03,115.03,3.821,6.801,0.992,0.364,0.936
histogram,otsu,binary,368,1,1,0.6,275.03,115.03,3.824,6.822,1.037,0.366,0.924
histogram,otsu,binary,369,1,1,0.6,275.59,115.59,3.834,6.854,0.984,0.365,0.997
histogram,otsu,binary,370,1,1,0.6,275.09,115.09,3.823,6.789,0.996,0.367,0.928
histogram,otsu,binary,371,1,1,0.6,275.09,115.09,3.824,6.847,0.995,0.366,0.931
histogram,otsu,binary,372,1,1,0.6,275.71,115.71,3.866,6.882,1.037,0.366,0.928
histogram,otsu,binary,373,1,1,0.6,275.67,115.67,3.828,6.919,0.987,0.364,1.028
histogram,otsu,binary,374,1,1,0.6,275.67,115.67,3.845,6.798,0.989,0.364,0.935
histogram,otsu,binary,375,1,1,0.6,276.23,116.23,3.865,6.888,1.042,0.369,0.943
histogram,otsu,binary,376,1,1,0.6,276.23,116.23,4.645,7.742,0.983,0.412,0.985
histogram,otsu,binary,377,1,1,0.6,275.68,115.68,3.87,7.056,1.021,0.49,0.982
histogram,otsu,binary,378,1,1,0.6,275.62,115.62,3.827,6.878,0.985,0.364,1.03
histogram,otsu,binary,379,1,1,0.6,275.62,115.62,3.894,6.876,0.992,0.371,0.943
histogram,otsu,binary,380,1,1,0.6,275.62,115.62,3.854,6.987,1.154,0.368,0.927
histogram,otsu,binary,381,1,1,0.6,275.68,115.68,3.83,6.987,0.987,0.41,1.025
histogram,otsu,binary,382,1,1,0.6,275.68,115.68,3.817,6.859,0.988,0.366,1.013
histogram,otsu,binary,383,1,1,0.6,275.6,115.6,3.827,6.82,0.998,0.366,0.932
histogram,otsu,binary,384,1,1,0.6,276.14,116.14,3.859,6.88,1.039,0.371,0.937
histogram,otsu,binary,385,1,1,0.6,275.09,115.09,3.829,6.845,0.99,0.367,0.989
histogram,otsu,binary,386,1,1,0.6,275.09,115.09,3.847,6.796,0.983,0.363,0.92
histogram,otsu,binary,387,1,1,0.6,275.62,115.62,3.81,6.858,0.995,0.364,0.954
histogram,otsu,binary,388,1,1,0.6,275.62,115.62,3.839,6.861,1.043,0.371,0.94
histogram,otsu,binary,389,1,1,0.6,275.72,115.72,3.834,6.891,0.996,0.366,1.028
histogram,otsu,binary,390,1,1,0.6,275.63,115.63,3.841,6.802,0.986,0.365,0.939
histogram,otsu,binary,391,1,1,0.6,275.63,115.63,3.838,6.897,1.071,0.369,0.948
histogram,otsu,binary,392,1,1,0.6,275.63,115.63,3.839,6.863,0.99,0.406,0.95
histogram,otsu,binary,393,1,1,0.6,275.71,115.71,3.809,6.884,0.991,0.365,1.014
histogram,otsu,binary,394,1,1,0.6,275.71,115.71,3.84,6.79,0.984,0.364,0.931
histogram,otsu,binary,395,1,1,0.6,275.76,115.76,3.85,6.886,1.044,0.37,0.945
histogram,otsu,binary,396,1,1,0.6,275.76,115.76,3.848,6.84,0.981,0.364,0.98
histogram,otsu,binary,397,1,1,0.6,275.74,115.74,3.802,6.808,1.0,0.37,0.946
histogram,otsu,binary,398,1,1,0.6,275.72,115.72,3.838,6.865,0.986,0.361,0.943
histogram,otsu,binary,399,1,1,0.6,275.72,115.72,3.845,6.853,1.028,0.371,0.936
histogram,otsu,binary,400,1,1,0.6,275.01,115.01,3.858,6.886,0.99,0.364,1.008
histogram,otsu,binary,401,1,1,0.6,275.64,115.64,3.849,6.813,0.988,0.363,0.938
histogram,otsu,binary,402,1,1,0.6,275.64,115.64,3.804,6.828,1.049,0.363,0.937
histogram,otsu,binary,403,1,1,0.6,275.61,115.61,3.949,7.033,0.996,0.412,0.967
histogram,otsu,binary,404,1,1,0.6,275.61,115.61,3.818,6.929,0.984,0.362,1.086
histogram,otsu,binary,405,1,1,0.6,275.63,115.63,3.838,6.81,0.978,0.369,0.943
histogram,otsu,binary,406,1,1,0.6,275.71,115.71,3.873,6.884,1.039,0.368,0.931
histogram,otsu,binary,407,1,1,0.6,275.71,115.71,3.848,6.856,0.988,0.415,0.934
histogram,otsu,binary,408,1,1,0.6,275.75,115.75,3.753,6.772,0.984,0.364,0.933
histogram,otsu,binary,409,1,1,0.6,275.2,115.2,3.823,6.794,0.983,0.362,0.954
histogram,otsu,binary,410,1,1,0.6,275.2,115.2,3.825,6.845,1.044,0.37,0.92
histogram,otsu,binary,411,1,1,0.6,275.66,115.66,3.858,6.922,0.995,0.366,1.027
histogram,otsu,binary,412,1,1,0.6,275.66,115.66,3.868,6.814,0.983,0.366,0.931
histogram,otsu,binary,413,1,1,0.6,275.69,115.69,3.841,6.902,0.994,0.366,0.937
histogram,otsu,binary,414,1,1,0.6,275.65,115.65,3.869,6.875,1.026,0.371,0.93
histogram,otsu,binary,415,1,1,0.6,275.65,115.65,3.844,6.985,0.986,0.364,1.115
histogram,otsu,binary,416,1,1,0.6,275.62,115.62,3.849,6.81,0.994,0.366,0.929
histogram,otsu,binary,417,1,1,0.6,275.59,115.59,3.84,6.872,1.046,0.37,0.941
histogram,otsu,binary,418,1,1,0.6,275.59,115.59,3.843,6.857,0.988,0.408,0.938
histogram,otsu,binary,419,1,1,0.6,275.7,115.7,3.817,6.853,0.987,0.362,1.01
histogram,otsu,binary,420,1,1,0.6,275.7,115.7,3.851,6.793,0.983,0.366,0.931
histogram,otsu,binary,421,1,1,0.6,275.79,115.79,3.83,6.85,1.041,0.37,0.938
histogram,otsu,binary,422,1,1,0.6,276.17,116.17,3.845,6.868,0.983,0.366,1.003
histogram,otsu,binary,423,1,1,0.6,276.17,116.17,3.862,6.866,0.994,0.367,0.934
histogram,otsu,binary,424,1,1,0.6,275.63,115.63,3.83,6.836,0.986,0.361,0.926
histogram,adaptive,binary,0,1,0,1.0,86.22,-73.78,6.092,17.839,1.082,8.281,1.63
histogram,adaptive,binary,1,1,0,1.0,86.22,-73.78,9.123,22.356,1.156,9.026,2.204
histogram,adaptive,binary,2,1,0,1.0,86.22,-73.78,5.239,16.727,1.044,7.984,1.528
histogram,adaptive,binary,3,1,0,1.0,86.22,-73.78,4.232,14.335,0.999,7.268,1.14
histogram,adaptive,binary,4,1,0,1.0,86.22,-73.78,4.214,14.42,1.066,7.252,1.185
histogram,adaptive,binary,5,1,0,1.0,86.22,-73.78,4.199,14.251,1.009,7.233,1.111
histogram,adaptive,binary,6,1,0,1.0,86.22,-73.78,4.183,14.34,0.998,7.296,1.097
histogram,adaptive,binary,7,1,0,1.0,86.22,-73.78,4.186,14.376,1.008,7.255,1.104
histogram,adaptive,binary,8,1,0,1.0,86.22,-73.78,4.205,14.289,0.988,7.296,1.097
histogram,adaptive,binary,9,1,0,1.0,86.22,-73.78,4.206,14.368,1.053,7.209,1.201
histogram,adaptive,binary,10,1,0,1.0,86.22,-73.78,4.262,14.348,0.994,7.267,1.125
histogram,adaptive,binary,11,1,0,1.0,86.22,-73.78,4.265,14.428,1.006,7.281,1.107
histogram,adaptive,binary,12,1,0,1.0,86.22,-73.78,4.105,14.545,1.131,7.403,1.211
histogram,adaptive,binary,13,1,0,1.0,86.22,-73.78,4.097,14.024,0.983,7.188,1.084
histogram,adaptive,binary,14,1,0,1.0,86.22,-73.78,4.102,14.042,1.037,7.133,1.096
histogram,adaptive,binary,15,1,0,1.0,86.22,-73.78,4.411,14.323,0.989,7.147,1.079
histogram,adaptive,binary,16,1,0,1.0,86.22,-73.78,4.657,15.133,1.069,7.424,1.282
histogram,adaptive,binary,17,1,0,1.0,86.22,-73.78,4.447,14.975,1.011,7.395,1.385
histogram,adaptive,binary,18,1,0,1.0,86.22,-73.78,4.798,15.188,1.021,7.374,1.26
histogram,adaptive,binary,19,1,0,1.0,86.22,-73.78,4.37,14.504,1.014,7.399,1.045
histogram,adaptive,binary,20,1,0,1.0,86.22,-73.78,4.319,14.399,1.02,7.333,1.068
histogram,adaptive,binary,21,1,0,1.0,86.22,-73.78,4.254,14.15,0.995,7.124,1.1
histogram,adaptive,binary,22,1,0,1.0,86.22,-73.78,4.086,14.031,0.984,7.167,1.071
histogram,adaptive,binary,23,1,0,1.0,86.22,-73.78,4.082,14.085,0.99,7.132,1.069
histogram,adaptive,binary,24,1,0,1.0,86.22,-73.78,4.058,13.963,0.972,7.196,1.061
histogram,adaptive,binary,25,1,0,1.0,86.22,-73.78,4.09,14.046,0.984,7.15,1.071
histogram,adaptive,binary,26,1,0,1.0,86.22,-73.78,4.079,13.994,0.985,7.19,1.067
histogram,adaptive,binary,27,1,0,1.0,86.22,-73.78,4.061,14.012,0.993,7.13,1.122
histogram,adaptive,binary,28,1,0,1.0,86.22,-73.78,4.075,13.927,0.98,7.14,1.063
histogram,adaptive,binary,29,1,0,1.0,86.22,-73.78,4.086,13.999,0.989,7.114,1.131
histogram,adaptive,binary,30,1,0,1.0,86.22,-73.78,4.064,13.942,0.982,7.137,1.089
histogram,adaptive,binary,31,1,0,1.0,86.22,-73.78,4.079,14.03,0.996,7.146,1.143
histogram,adaptive,binary,32,1,0,1.0,86.22,-73.78,4.082,13.969,0.994,7.168,1.053
histogram,adaptive,binary,33,1,0,1.0,86.22,-73.78,4.087,14.015,1.041,7.097,1.12
histogram,adaptive,binary,34,1,0,1.0,86.22,-73.78,4.123,13.992,0.985,7.148,1.064
histogram,adaptive,binary,35,1,0,1.0,86.22,-73.78,4.08,14.088,1.037,7.141,1.147
histogram,adaptive,binary,36,1,0,1.0,86.22,-73.78,4.076,13.944,0.981,7.149,1.054
histogram,adaptive,binary,37,1,0,1.0,86.22,-73.78,4.088,14.062,1.031,7.084,1.149
histogram,adaptive,binary,38,1,0,1.0,86.22,-73.78,4.075,13.954,0.992,7.128,1.087
histogram,adaptive,binary,39,1,0,1.0,86.22,-73.78,4.099,14.043,1.032,7.111,1.12
histogram,adaptive,binary,40,1,0,1.0,86.22,-73.78,4.092,13.977,0.984,7.171,1.054
histogram,adaptive,binary,41,1,0,1.0,86.22,-73.78,4.086,14.035,1.036,7.118,1.124
histogram,adaptive,binary,42,1,0,1.0,86.22,-73.78,4.123,13.985,0.987,7.149,1.058
histogram,adaptive,binary,43,1,0,1.0,86.22,-73.78,4.07,14.012,1.049,7.081,1.127
histogram,adaptive,binary,44,1,0,1.0,86.22,-73.78,4.107,13.939,0.977,7.124,1.057
histogram,adaptive,binary,45,1,0,1.0,86.22,-73.78,4.203,14.355,1.043,7.337,1.083
histogram,adaptive,binary,46,1,0,1.0,86.22,-73.78,4.309,14.473,1.066,7.294,1.105
histogram,adaptive,binary,47,1,0,1.0,86.22,-73.78,4.22,14.383,1.08,7.267,1.096
histogram,adaptive,binary,48,1,0,1.0,86.22,-73.78,4.186,14.388,1.122,7.233,1.143
histogram,adaptive,binary,49,1,0,1.0,86.22,-73.78,4.197,14.354,1.083,7.283,1.099
histogram,adaptive,binary,50,1,0,1.0,86.22,-73.78,4.24,14.45,1.058,7.315,1.075
histogram,adaptive,binary,51,1,0,1.0,86.22,-73.78,4.165,14.339,1.081,7.228,1.174
histogram,adaptive,binary,52,1,0,1.0,86.22,-73.78,4.199,14.343,1.069,7.289,1.097
histogram,adaptive,binary,53,1,0,1.0,86.22,-73.78,4.188,14.373,1.131,7.201,1.158
histogram,adaptive,binary,54,1,0,1.0,86.22,-73.78,4.081,14.114,1.079,7.225,1.055
histogram,adaptive,binary,55,1,0,1.0,86.22,-73.78,4.067,14.039,1.11,7.156,1.033
histogram,adaptive,binary,56,1,0,1.0,86.22,-73.78,4.084,14.038,1.059,7.15,1.077
histogram,adaptive,binary,57,1,0,1.0,86.22,-73.78,4.052,14.116,1.059,7.155,1.065
histogram,adaptive,binary,58,1,0,1.0,86.22,-73.78,4.137,14.072,1.07,7.152,1.042
histogram,adaptive,binary,59,1,0,1.0,86.22,-73.78,4.061,14.01,1.052,7.159,1.046
histogram,adaptive,binary,60,1,0,1.0,86.22,-73.78,4.064,14.155,1.064,7.247,1.1
histogram,adaptive,binary,61,1,0,1.0,86.22,-73.78,4.055,14.02,1.062,7.164,1.067
histogram,adaptive,binary,62,1,0,1.0,86.22,-73.78,4.071,14.053,1.06,7.144,1.106
histogram,adaptive,binary,63,1,0,1.0,86.22,-73.78,4.071,14.032,1.069,7.155,1.065
histogram,adaptive,binary,64,1,0,1.0,86.22,-73.78,4.068,14.076,1.108,7.116,1.115
histogram,adaptive,binary,65,1,0,1.0,86.22,-73.78,4.102,14.015,1.062,7.107,1.067
histogram,adaptive,binary,66,1,0,1.0,86.22,-73.78,4.118,14.146,1.112,7.118,1.12
histogram,adaptive,binary,67,1,0,1.0,86.22,-73.78,4.096,14.068,1.069,7.128,1.063
histogram,adaptive,binary,68,1,0,1.0,86.22,-73.78,4.067,14.051,1.101,7.121,1.088
histogram,adaptive,binary,69,1,0,1.0,86.22,-73.78,4.109,14.018,1.067,7.146,1.037
histogram,adaptive,binary,70,1,0,1.0,86.22,-73.78,4.076,14.017,1.086,7.16,1.032
histogram,adaptive,binary,71,1,0,1.0,86.22,-73.78,4.081,14.213,1.075,7.342,1.048
histogram,adaptive,binary,72,1,0,1.0,86.22,-73.78,4.068,14.059,1.056,7.18,1.022
histogram,adaptive,binary,73,1,0,1.0,86.22,-73.78,4.082,13.999,1.067,7.132,1.065
histogram,adaptive,binary,74,1,0,1.0,86.22,-73.78,4.076,14.084,1.06,7.183,1.028
histogram,adaptive,binary,75,1,0,1.0,86.22,-73.78,4.15,14.08,1.062,7.125,1.065
histogram,adaptive,binary,76,1,0,1.0,86.22,-73.78,4.075,14.018,1.062,7.179,1.025
histogram,adaptive,binary,77,1,0,1.0,86.22,-73.78,4.105,14.19,1.068,7.128,1.132
histogram,adaptive,binary,78,1,0,1.0,86.22,-73.78,4.089,14.055,1.061,7.169,1.053
histogram,adaptive,binary,79,1,0,1.0,86.22,-73.78,4.079,14.063,1.101,7.096,1.11
histogram,adaptive,binary,80,1,0,1.0,86.22,-73.78,4.089,14.033,1.059,7.142,1.072
histogram,adaptive,binary,81,1,0,1.0,86.22,-73.78,4.136,14.119,1.119,7.097,1.093
histogram,adaptive,binary,82,1,0,1.0,86.22,-73.78,4.195,14.135,1.059,7.145,1.057
histogram,adaptive,binary,83,1,0,1.0,86.22,-73.78,4.061,14.045,1.099,7.093,1.122
histogram,adaptive,binary,84,1,0,1.0,86.22,-73.78,4.074,14.04,1.069,7.134,1.071
histogram,adaptive,binary,85,1,0,1.0,86.22,-73.78,4.058,13.973,1.072,7.142,1.033
histogram,adaptive,binary,86,1,0,1.0,86.22,-73.78,4.096,14.035,1.066,7.14,1.061
histogram,adaptive,binary,87,1,0,1.0,86.22,-73.78,4.051,14.089,1.056,7.146,1.067
histogram,adaptive,binary,88,1,0,1.0,86.22,-73.78,4.08,14.043,1.064,7.149,1.069
histogram,adaptive,binary,89,1,0,1.0,86.22,-73.78,4.066,14.063,1.053,7.185,1.034
histogram,adaptive,binary,90,1,0,1.0,86.22,-73.78,4.082,14.01,1.062,7.14,1.061
histogram,adaptive,binary,91,1,0,1.0,86.22,-73.78,4.056,13.998,1.056,7.16,1.061
histogram,adaptive,binary,92,1,0,1.0,86.22,-73.78,4.091,14.091,1.061,7.141,1.063
histogram,adaptive,binary,93,1,0,1.0,86.22,-73.78,4.074,14.02,1.06,7.156,1.057
histogram,adaptive,binary,94,1,0,1.0,86.22,-73.78,4.067,14.081,1.058,7.153,1.122
histogram,adaptive,binary,95,1,0,1.0,86.22,-73.78,4.081,14.079,1.084,7.154,1.089
histogram,adaptive,binary,96,1,0,1.0,86.22,-73.78,4.064,14.073,1.105,7.114,1.121
histogram,adaptive,binary,97,1,0,1.0,86.22,-73.78,4.084,13.997,1.069,7.099,1.042
histogram,adaptive,binary,98,1,0,1.0,86.22,-73.78,4.113,14.098,1.098,7.11,1.099
histogram,adaptive,binary,99,1,0,1.0,86.22,-73.78,4.067,14.006,1.062,7.129,1.066
histogram,adaptive,binary,100,1,0,1.0,86.22,-73.78,4.081,14.094,1.105,7.122,1.114
histogram,adaptive,binary,101,1,0,1.0,86.22,-73.78,4.091,14.008,1.078,7.102,1.065
histogram,adaptive,binary,102,1,0,1.0,86.22,-73.78,4.07,14.044,1.11,7.108,1.097
histogram,adaptive,binary,103,1,0,1.0,86.22,-73.78,4.083,13.997,1.07,7.134,1.045
histogram,adaptive,binary,104,1,0,1.0,86.22,-73.78,4.061,14.018,1.067,7.192,1.027
histogram,adaptive,binary,105,1,0,1.0,86.22,-73.78,4.087,14.003,1.058,7.121,1.059
histogram,adaptive,binary,106,1,0,1.0,86.22,-73.78,4.063,14.042,1.051,7.165,1.034
histogram,adaptive,binary,107,1,0,1.0,86.22,-73.78,4.151,14.09,1.061,7.106,1.07
histogram,adaptive,binary,108,1,0,1.0,86.22,-73.78,4.056,14.063,1.062,7.176,1.034
histogram,adaptive,binary,109,1,0,1.0,86.22,-73.78,4.085,14.025,1.06,7.123,1.072
histogram,adaptive,binary,110,1,0,1.0,86.22,-73.78,4.082,14.032,1.052,7.178,1.048
histogram,adaptive,binary,111,1,0,1.0,86.22,-73.78,4.104,14.086,1.071,7.114,1.068
histogram,adaptive,binary,112,1,0,1.0,86.22,-73.78,4.088,14.036,1.057,7.182,1.048
histogram,adaptive,binary,113,1,0,1.0,86.22,-73.78,4.092,14.071,1.066,7.123,1.111
histogram,adaptive,binary,114,1,0,1.0,86.22,-73.78,4.357,14.297,1.048,7.175,1.053
histogram,adaptive,binary,115,1,0,1.0,86.22,-73.78,4.914,14.9,1.099,7.101,1.099
histogram,adaptive,binary,116,1,0,1.0,86.22,-73.78,4.215,14.469,1.054,7.304,1.111
histogram,adaptive,binary,117,1,0,1.0,86.22,-73.78,4.19,14.338,0.997,7.288,1.121
histogram,adaptive,binary,118,1,0,1.0,86.22,-73.78,4.206,14.425,1.056,7.258,1.19
histogram,adaptive,binary,119,1,0,1.0,86.22,-73.78,4.174,14.235,0.997,7.213,1.146
histogram,adaptive,binary,120,1,0,1.0,86.22,-73.78,4.618,15.212,1.07,7.482,1.233
histogram,adaptive,binary,121,1,0,1.0,86.22,-73.78,4.257,14.566,1.072,7.229,1.306
histogram,adaptive,binary,122,1,0,1.0,86.22,-73.78,4.264,14.323,1.001,7.257,1.1
histogram,adaptive,binary,123,1,0,1.0,86.22,-73.78,4.183,14.325,1.006,7.243,1.122
histogram,adaptive,binary,124,1,0,1.0,86.22,-73.78,4.345,14.481,0.995,7.275,1.18
histogram,adaptive,binary,125,1,0,1.0,86.22,-73.78,4.113,14.014,0.997,7.159,1.07
histogram,adaptive,binary,126,1,0,1.0,86.22,-73.78,4.206,14.191,1.04,7.122,1.146
histogram,adaptive,binary,127,1,0,1.0,86.22,-73.78,4.069,13.973,0.995,7.124,1.069
histogram,adaptive,binary,128,1,0,1.0,86.22,-73.78,4.088,14.045,1.045,7.111,1.128
histogram,adaptive,binary,129,1,0,1.0,86.22,-73.78,4.06,13.984,0.998,7.146,1.096
histogram,adaptive,binary,130,1,0,1.0,86.22,-73.78,4.106,14.084,1.04,7.132,1.125
histogram,adaptive,binary,131,1,0,1.0,86.22,-73.78,4.087,13.997,0.995,7.129,1.103
histogram,adaptive,binary,132,1,0,1.0,86.22,-73.78,4.058,14.15,1.041,7.307,1.067
histogram,adaptive,binary,133,1,0,1.0,86.22,-73.78,4.079,13.995,0.993,7.138,1.096
histogram,adaptive,binary,134,1,0,1.0,86.22,-73.78,4.091,14.033,0.988,7.177,1.045
histogram,adaptive,binary,135,1,0,1.0,86.22,-73.78,4.087,13.944,0.985,7.151,1.047
histogram,adaptive,binary,136,1,0,1.0,86.22,-73.78,4.057,14.053,0.982,7.232,1.043
histogram,adaptive,binary,137,1,0,1.0,86.22,-73.78,4.08,13.967,0.989,7.11,1.072
histogram,adaptive,binary,138,1,0,1.0,86.22,-73.78,4.082,14.084,0.995,7.174,1.09
histogram,adaptive,binary,139,1,0,1.0,86.22,-73.78,4.074,14.051,0.999,7.15,1.101
histogram,adaptive,binary,140,1,0,1.0,86.22,-73.78,4.079,13.992,0.993,7.169,1.079
histogram,adaptive,binary,141,1,0,1.0,86.22,-73.78,4.078,14.017,1.0,7.122,1.075
histogram,adaptive,binary,142,1,0,1.0,86.22,-73.78,4.079,13.947,0.992,7.148,1.058
histogram,adaptive,binary,143,1,0,1.0,86.22,-73.78,4.366,14.38,0.994,7.127,1.065
histogram,adaptive,binary,144,1,0,1.0,86.22,-73.78,4.089,13.98,0.992,7.162,1.068
histogram,adaptive,binary,145,1,0,1.0,86.22,-73.78,4.109,14.07,1.04,7.094,1.162
histogram,adaptive,binary,146,1,0,1.0,86.22,-73.78,4.119,14.006,0.993,7.155,1.054
histogram,adaptive,binary,147,1,0,1.0,86.22,-73.78,4.156,14.183,1.038,7.117,1.15
histogram,adaptive,binary,148,1,0,1.0,86.22,-73.78,4.095,13.933,0.986,7.118,1.063
histogram,adaptive,binary,149,1,0,1.0,86.22,-73.78,4.102,14.017,1.025,7.091,1.129
histogram,adaptive,binary,150,1,0,1.0,86.22,-73.78,4.078,13.924,0.988,7.134,1.048
histogram,adaptive,binary,151,1,0,1.0,86.22,-73.78,4.086,14.029,1.043,7.094,1.13
histogram,adaptive,binary,152,1,0,1.0,86.22,-73.78,4.096,13.97,0.991,7.158,1.054
histogram,adaptive,binary,153,1,0,1.0,86.22,-73.78,4.067,14.043,1.07,7.161,1.072
histogram,adaptive,binary,154,1,0,1.0,86.22,-73.78,4.104,13.945,0.99,7.123,1.057
histogram,adaptive,binary,155,1,0,1.0,86.22,-73.78,4.061,14.09,1.115,7.159,1.077
histogram,adaptive,binary,156,1,0,1.0,86.22,-73.78,4.11,13.992,0.984,7.139,1.077
histogram,adaptive,binary,157,1,0,1.0,86.22,-73.78,4.064,14.061,0.997,7.148,1.071
histogram,adaptive,binary,158,1,0,1.0,86.22,-73.78,4.127,13.976,0.988,7.152,1.039
histogram,adaptive,binary,159,1,0,1.0,86.22,-73.78,4.062,13.987,0.992,7.144,1.048
histogram,adaptive,binary,160,1,0,1.0,86.22,-73.78,4.099,13.97,0.993,7.133,1.066
histogram,adaptive,binary,161,1,0,1.0,86.22,-73.78,4.081,14.028,0.989,7.151,1.072
histogram,adaptive,binary,162,1,0,1.0,86.22,-73.78,4.181,14.059,0.991,7.158,1.067
histogram,adaptive,binary,163,1,0,1.0,86.22,-73.78,4.088,13.997,0.993,7.158,1.077
histogram,adaptive,binary,164,1,0,1.0,86.22,-73.78,4.076,14.039,0.987,7.155,1.071
histogram,adaptive,binary,165,1,0,1.0,86.22,-73.78,4.114,14.003,0.991,7.16,1.059
histogram,adaptive,binary,166,1,0,1.0,86.22,-73.78,4.064,14.006,0.985,7.142,1.13
histogram,adaptive,binary,167,1,0,1.0,86.22,-73.78,4.067,13.941,0.989,7.118,1.052
histogram,adaptive,binary,168,1,0,1.0,86.22,-73.78,4.087,14.059,0.992,7.173,1.126
histogram,adaptive,binary,169,1,0,1.0,86.22,-73.78,4.068,13.931,0.985,7.134,1.071
histogram,adaptive,binary,170,1,0,1.0,86.22,-73.78,4.08,14.027,1.035,7.104,1.126
histogram,adaptive,binary,171,1,0,1.0,86.22,-73.78,4.081,13.931,0.991,7.12,1.067
histogram,adaptive,binary,172,1,0,1.0,86.22,-73.78,4.093,14.052,1.034,7.117,1.13
histogram,adaptive,binary,173,1,0,1.0,86.22,-73.78,4.088,13.929,0.982,7.111,1.081
histogram,adaptive,binary,174,1,0,1.0,86.22,-73.78,4.087,14.062,1.028,7.144,1.134
histogram,adaptive,binary,175,1,0,1.0,86.22,-73.78,4.089,13.922,0.982,7.122,1.069
histogram,adaptive,binary,176,1,0,1.0,86.22,-73.78,4.128,14.099,1.057,7.101,1.139
histogram,adaptive,binary,177,1,0,1.0,86.22,-73.78,4.14,14.031,0.991,7.106,1.08
histogram,adaptive,binary,178,1,0,1.0,86.22,-73.78,4.114,14.101,1.038,7.131,1.137
histogram,adaptive,binary,179,1,0,1.0,86.22,-73.78,4.071,13.94,0.993,7.112,1.089
histogram,adaptive,binary,180,1,0,1.0,86.22,-73.78,4.099,14.049,1.036,7.108,1.127
histogram,adaptive,binary,181,1,0,1.0,86.22,-73.78,4.084,13.956,0.99,7.132,1.076
histogram,adaptive,binary,182,1,0,1.0,86.22,-73.78,4.073,14.03,1.039,7.1,1.132
histogram,adaptive,binary,183,1,0,1.0,86.22,-73.78,4.081,13.954,0.984,7.131,1.071
histogram,adaptive,binary,184,1,0,1.0,86.22,-73.78,4.081,14.051,1.035,7.177,1.073
histogram,adaptive,binary,185,1,0,1.0,86.22,-73.78,4.137,13.99,0.983,7.13,1.07
histogram,adaptive,binary,186,1,0,1.0,86.22,-73.78,4.486,14.749,0.991,7.435,1.098
histogram,adaptive,binary,187,1,0,1.0,86.22,-73.78,4.138,14.148,0.991,7.151,1.15
histogram,adaptive,binary,188,1,0,1.0,86.22,-73.78,4.167,14.095,0.985,7.194,1.058
histogram,adaptive,binary,189,1,0,1.0,86.22,-73.78,4.116,14.073,1.032,7.086,1.15
histogram,adaptive,binary,190,1,0,1.0,86.22,-73.78,4.091,13.925,0.99,7.125,1.052
histogram,adaptive,binary,191,1,0,1.0,86.22,-73.78,4.134,14.083,1.032,7.094,1.146
histogram,adaptive,binary,192,1,0,1.0,86.22,-73.78,4.09,13.994,0.987,7.174,1.064
histogram,adaptive,binary,193,1,0,1.0,86.22,-73.78,4.128,14.071,1.043,7.096,1.136
histogram,adaptive,binary,194,1,0,1.0,86.22,-73.78,4.091,13.938,0.986,7.125,1.06
histogram,adaptive,binary,195,1,0,1.0,86.22,-73.78,4.087,14.049,1.044,7.086,1.146
histogram,adaptive,binary,196,1,0,1.0,86.22,-73.78,4.124,13.982,0.988,7.129,1.057
histogram,adaptive,binary,197,1,0,1.0,86.22,-73.78,4.072,14.035,1.043,7.077,1.124
histogram,adaptive,binary,198,1,0,1.0,86.22,-73.78,4.097,13.969,0.981,7.156,1.062
histogram,adaptive,binary,199,1,0,1.0,86.22,-73.78,4.083,14.026,1.051,7.143,1.076
histogram,adaptive,binary,200,1,0,1.0,86.22,-73.78,4.123,13.969,0.988,7.144,1.048
histogram,adaptive,binary,201,1,0,1.0,86.22,-73.78,4.069,14.001,0.992,7.131,1.068
histogram,adaptive,binary,202,1,0,1.0,86.22,-73.78,4.119,14.036,0.993,7.164,1.085
histogram,adaptive,binary,203,1,0,1.0,86.22,-73.78,4.093,14.005,0.991,7.118,1.068
histogram,adaptive,binary,204,1,0,1.0,86.22,-73.78,4.099,13.994,0.989,7.138,1.085
histogram,adaptive,binary,205,1,0,1.0,86.22,-73.78,4.079,14.169,0.988,7.191,1.064
histogram,adaptive,binary,206,1,0,1.0,86.22,-73.78,4.083,14.028,0.99,7.133,1.075
histogram,adaptive,binary,207,1,0,1.0,86.22,-73.78,4.083,14.008,0.991,7.151,1.068
histogram,adaptive,binary,208,1,0,1.0,86.22,-73.78,4.075,14.009,0.988,7.139,1.057
histogram,adaptive,binary,209,1,0,1.0,86.22,-73.78,4.109,14.01,0.985,7.177,1.064
histogram,adaptive,binary,210,1,0,1.0,86.22,-73.78,4.108,14.05,0.982,7.151,1.135
histogram,adaptive,binary,211,1,0,1.0,86.22,-73.78,4.078,13.944,0.986,7.146,1.055
histogram,adaptive,binary,212,1,0,1.0,86.22,-73.78,4.108,14.041,0.987,7.14,1.134
histogram,adaptive,binary,213,1,0,1.0,86.22,-73.78,4.083,13.922,0.986,7.129,1.056
histogram,adaptive,binary,214,1,0,1.0,86.22,-73.78,4.097,14.046,1.041,7.116,1.128
histogram,adaptive,binary,215,1,0,1.0,86.22,-73.78,4.086,13.961,0.993,7.122,1.075
histogram,adaptive,binary,216,1,0,1.0,86.22,-73.78,4.117,14.265,1.045,7.297,1.128
histogram,adaptive,binary,217,1,0,1.0,86.22,-73.78,4.067,13.976,1.0,7.136,1.066
histogram,adaptive,binary,218,1,0,1.0,86.22,-73.78,4.088,14.045,1.035,7.119,1.139
histogram,adaptive,binary,219,1,0,1.0,86.22,-73.78,4.06,13.965,0.998,7.137,1.09
histogram,adaptive,binary,220,1,0,1.0,86.22,-73.78,4.071,14.046,1.037,7.139,1.119
histogram,adaptive,binary,221,1,0,1.0,86.22,-73.78,4.081,13.936,0.995,7.126,1.072
histogram,adaptive,binary,222,1,0,1.0,86.22,-73.78,4.068,14.024,1.041,7.113,1.123
histogram,adaptive,binary,223,1,0,1.0,86.22,-73.78,4.092,13.979,0.992,7.12,1.092
histogram,adaptive,binary,224,1,0,1.0,86.22,-73.78,4.095,14.065,1.068,7.165,1.069
histogram,adaptive,binary,225,1,0,1.0,86.22,-73.78,4.125,14.02,1.001,7.128,1.085
histogram,adaptive,binary,226,1,0,1.0,86.22,-73.78,4.08,14.037,0.983,7.184,1.056
histogram,adaptive,binary,227,1,0,1.0,86.22,-73.78,4.163,14.074,0.992,7.123,1.07
histogram,adaptive,binary,228,1,0,1.0,86.22,-73.78,4.09,14.042,0.991,7.153,1.062
histogram,adaptive,binary,229,1,0,1.0,86.22,-73.78,4.095,13.974,0.981,7.145,1.082
histogram,adaptive,binary,230,1,0,1.0,86.22,-73.78,4.087,13.997,0.986,7.179,1.067
histogram,adaptive,binary,231,1,0,1.0,86.22,-73.78,4.082,14.037,0.998,7.135,1.081
histogram,adaptive,binary,232,1,0,1.0,86.22,-73.78,4.102,14.006,0.981,7.183,1.065
histogram,adaptive,binary,233,1,0,1.0,86.22,-73.78,4.067,14.007,0.984,7.138,1.066
histogram,adaptive,binary,234,1,0,1.0,86.22,-73.78,4.081,13.962,0.985,7.176,1.052
histogram,adaptive,binary,235,1,0,1.0,86.22,-73.78,4.106,14.025,0.988,7.127,1.126
histogram,adaptive,binary,236,1,0,1.0,86.22,-73.78,4.079,13.944,0.986,7.142,1.055
histogram,adaptive,binary,237,1,0,1.0,86.22,-73.78,4.072,14.026,0.98,7.122,1.139
histogram,adaptive,binary,238,1,0,1.0,86.22,-73.78,4.087,13.961,0.981,7.162,1.046
histogram,adaptive,binary,239,1,0,1.0,86.22,-73.78,4.094,14.053,1.035,7.106,1.136
histogram,adaptive,binary,240,1,0,1.0,86.22,-73.78,4.074,13.967,1.01,7.14,1.052
histogram,adaptive,binary,241,1,0,1.0,86.22,-73.78,4.115,14.079,1.041,7.089,1.148
histogram,adaptive,binary,242,1,0,1.0,86.22,-73.78,4.1,13.966,0.99,7.146,1.046
histogram,adaptive,binary,243,1,0,1.0,86.22,-73.78,4.1,14.062,1.032,7.105,1.146
histogram,adaptive,binary,244,1,0,1.0,86.22,-73.78,4.095,13.933,0.985,7.141,1.049
histogram,adaptive,binary,245,1,0,1.0,86.22,-73.78,4.105,14.062,1.037,7.115,1.144
histogram,adaptive,binary,246,1,0,1.0,86.22,-73.78,4.08,13.937,0.989,7.128,1.066
histogram,adaptive,binary,247,1,0,1.0,86.22,-73.78,4.088,14.088,1.044,7.125,1.126
histogram,adaptive,binary,248,1,0,1.0,86.22,-73.78,4.078,13.992,0.992,7.176,1.063
histogram,adaptive,binary,249,1,0,1.0,86.22,-73.78,4.11,14.192,1.183,7.149,1.069
histogram,adaptive,binary,250,1,0,1.0,86.22,-73.78,4.124,14.004,0.997,7.145,1.068
histogram,adaptive,binary,251,1,0,1.0,86.22,-73.78,4.05,14.018,0.994,7.166,1.075
histogram,adaptive,binary,252,1,0,1.0,86.22,-73.78,4.087,13.998,0.994,7.15,1.077
histogram,adaptive,binary,253,1,0,1.0,86.22,-73.78,4.071,14.025,0.983,7.167,1.065
histogram,adaptive,binary,254,1,0,1.0,86.22,-73.78,4.076,13.931,0.982,7.135,1.062
histogram,adaptive,binary,255,1,0,1.0,86.22,-73.78,4.074,14.041,0.993,7.157,1.066
histogram,adaptive,binary,256,1,0,1.0,86.22,-73.78,4.123,13.984,0.982,7.141,1.057
histogram,adaptive,binary,257,1,0,1.0,86.22,-73.78,4.408,14.789,0.985,7.474,1.095
histogram,adaptive,binary,258,1,0,1.0,86.22,-73.78,4.136,14.342,1.032,7.122,1.378
histogram,adaptive,binary,259,1,0,1.0,86.22,-73.78,4.157,14.023,0.985,7.14,1.076
histogram,adaptive,binary,260,1,0,1.0,86.22,-73.78,4.083,14.06,1.039,7.116,1.135
histogram,adaptive,binary,261,1,0,1.0,86.22,-73.78,4.07,13.914,0.989,7.102,1.072
histogram,adaptive,binary,262,1,0,1.0,86.22,-73.78,4.072,14.021,1.025,7.126,1.126
histogram,adaptive,binary,263,1,0,1.0,86.22,-73.78,4.085,13.929,0.989,7.122,1.065
histogram,adaptive,binary,264,1,0,1.0,86.22,-73.78,4.075,14.037,1.052,7.167,1.061
histogram,adaptive,binary,265,1,0,1.0,86.22,-73.78,4.085,13.944,0.987,7.132,1.071
histogram,adaptive,binary,266,1,0,1.0,86.22,-73.78,4.059,14.022,1.05,7.176,1.063
histogram,adaptive,binary,267,1,0,1.0,86.22,-73.78,4.111,14.003,0.989,7.125,1.073
histogram,adaptive,binary,268,1,0,1.0,86.22,-73.78,4.085,14.019,0.986,7.156,1.057
histogram,adaptive,binary,269,1,0,1.0,86.22,-73.78,4.091,13.942,0.987,7.126,1.069
histogram,adaptive,binary,270,1,0,1.0,86.22,-73.78,4.058,14.0,0.989,7.154,1.061
histogram,adaptive,binary,271,1,0,1.0,86.22,-73.78,4.133,13.997,0.982,7.139,1.073
histogram,adaptive,binary,272,1,0,1.0,86.22,-73.78,4.074,14.015,0.983,7.152,1.056
histogram,adaptive,binary,273,1,0,1.0,86.22,-73.78,4.102,13.942,0.988,7.098,1.074
histogram,adaptive,binary,274,1,0,1.0,86.22,-73.78,4.097,14.032,0.987,7.15,1.068
histogram,adaptive,binary,275,1,0,1.0,86.22,-73.78,4.093,14.007,0.989,7.122,1.071
histogram,adaptive,binary,276,1,0,1.0,86.22,-73.78,4.066,13.976,0.983,7.18,1.06
histogram,adaptive,binary,277,1,0,1.0,86.22,-73.78,4.071,14.106,0.987,7.108,1.086
histogram,adaptive,binary,278,1,0,1.0,86.22,-73.78,4.078,13.966,0.984,7.165,1.07
histogram,adaptive,binary,279,1,0,1.0,86.22,-73.78,4.089,14.045,1.008,7.138,1.126
histogram,adaptive,binary,280,1,0,1.0,86.22,-73.78,4.074,13.967,0.991,7.159,1.067
histogram,adaptive,binary,281,1,0,1.0,86.22,-73.78,4.068,13.977,0.99,7.11,1.135
histogram,adaptive,binary,282,1,0,1.0,86.22,-73.78,4.064,13.944,0.983,7.164,1.053
histogram,adaptive,binary,283,1,0,1.0,86.22,-73.78,4.082,14.012,0.981,7.132,1.138
histogram,adaptive,binary,284,1,0,1.0,86.22,-73.78,4.072,13.934,0.99,7.145,1.053
histogram,adaptive,binary,285,1,0,1.0,86.22,-73.78,4.079,14.038,1.043,7.108,1.135
histogram,adaptive,binary,286,1,0,1.0,86.22,-73.78,4.13,14.023,0.992,7.176,1.054
histogram,adaptive,binary,287,1,0,1.0,86.22,-73.78,4.088,14.061,1.043,7.081,1.144
histogram,adaptive,binary,288,1,0,1.0,86.22,-73.78,4.214,14.093,0.984,7.148,1.061
histogram,adaptive,binary,289,1,0,1.0,86.22,-73.78,4.067,14.498,1.474,7.211,1.067
histogram,adaptive,binary,290,1,0,1.0,86.22,-73.78,4.107,13.964,0.99,7.134,1.06
histogram,adaptive,binary,291,1,0,1.0,86.22,-73.78,4.164,14.165,0.994,7.203,1.063
histogram,adaptive,binary,292,1,0,1.0,86.22,-73.78,4.097,14.044,0.98,7.215,1.083
histogram,adaptive,binary,293,1,0,1.0,86.22,-73.78,4.074,14.047,0.998,7.168,1.078
histogram,adaptive,binary,294,1,0,1.0,86.22,-73.78,4.143,14.087,0.992,7.167,1.102
histogram,adaptive,binary,295,1,0,1.0,86.22,-73.78,4.053,13.961,0.984,7.156,1.082
histogram,adaptive,binary,296,1,0,1.0,86.22,-73.78,4.081,14.023,0.988,7.152,1.059
histogram,adaptive,binary,297,1,0,1.0,86.22,-73.78,4.072,14.02,0.989,7.179,1.065
histogram,adaptive,binary,298,1,0,1.0,86.22,-73.78,4.073,13.97,0.987,7.135,1.046
histogram,adaptive,binary,299,1,0,1.0,86.22,-73.78,4.064,13.904,0.99,7.118,1.06
histogram,adaptive,binary,300,1,0,1.0,86.22,-73.78,4.122,14.128,0.991,7.226,1.117
histogram,adaptive,binary,301,1,0,1.0,86.22,-73.78,4.083,13.954,0.987,7.149,1.067
histogram,adaptive,binary,302,1,0,1.0,86.22,-73.78,4.09,14.021,1.031,7.109,1.118
histogram,adaptive,binary,303,1,0,1.0,86.22,-73.78,4.083,13.95,0.991,7.141,1.065
histogram,adaptive,binary,304,1,0,1.0,86.22,-73.78,4.089,14.046,1.043,7.106,1.149
histogram,adaptive,binary,305,1,0,1.0,86.22,-73.78,4.054,13.947,0.991,7.143,1.08
histogram,adaptive,binary,306,1,0,1.0,86.22,-73.78,4.098,14.075,1.038,7.127,1.133
histogram,adaptive,binary,307,1,0,1.0,86.22,-73.78,4.085,13.958,0.991,7.104,1.054
histogram,adaptive,binary,308,1,0,1.0,86.22,-73.78,4.1,14.052,1.033,7.105,1.14
histogram,adaptive,binary,309,1,0,1.0,86.22,-73.78,4.059,13.92,0.994,7.125,1.066
histogram,adaptive,binary,310,1,0,1.0,86.22,-73.78,4.09,14.053,1.036,7.124,1.122
histogram,adaptive,binary,311,1,0,1.0,86.22,-73.78,4.082,13.965,0.984,7.158,1.067
histogram,adaptive,binary,312,1,0,1.0,86.22,-73.78,4.082,14.04,1.041,7.105,1.137
histogram,adaptive,binary,313,1,0,1.0,86.22,-73.78,4.103,13.952,0.996,7.119,1.071
histogram,adaptive,binary,314,1,0,1.0,86.22,-73.78,4.11,14.069,1.037,7.115,1.142
histogram,adaptive,binary,315,1,0,1.0,86.22,-73.78,4.099,13.998,0.998,7.133,1.075
histogram,adaptive,binary,316,1,0,1.0,86.22,-73.78,4.07,14.022,1.04,7.171,1.062
histogram,adaptive,binary,317,1,0,1.0,86.22,-73.78,4.09,14.0,0.996,7.131,1.067
histogram,adaptive,binary,318,1,0,1.0,86.22,-73.78,4.075,14.089,0.99,7.23,1.059
histogram,adaptive,binary,319,1,0,1.0,86.22,-73.78,4.118,13.971,0.995,7.128,1.064
histogram,adaptive,binary,320,1,0,1.0,86.22,-73.78,4.074,14.051,0.982,7.187,1.066
histogram,adaptive,binary,321,1,0,1.0,86.22,-73.78,4.102,13.974,0.993,7.14,1.066
histogram,adaptive,binary,322,1,0,1.0,86.22,-73.78,4.08,14.0,0.985,7.16,1.051
histogram,adaptive,binary,323,1,0,1.0,86.22,-73.78,4.104,13.981,0.986,7.149,1.071
histogram,adaptive,binary,324,1,0,1.0,86.22,-73.78,4.065,13.971,0.982,7.182,1.062
histogram,adaptive,binary,325,1,0,1.0,86.22,-73.78,4.098,14.028,0.989,7.124,1.068
histogram,adaptive,binary,326,1,0,1.0,86.22,-73.78,4.075,13.973,0.981,7.164,1.066
histogram,adaptive,binary,327,1,0,1.0,86.22,-73.78,4.075,14.056,0.987,7.139,1.066
histogram,adaptive,binary,328,1,0,1.0,86.22,-73.78,4.303,14.65,0.99,7.415,1.114
histogram,adaptive,binary,329,1,0,1.0,86.22,-73.78,4.105,14.225,1.183,7.112,1.14
histogram,adaptive,binary,330,1,0,1.0,86.22,-73.78,4.168,14.037,0.98,7.15,1.061
histogram,adaptive,binary,331,1,0,1.0,86.22,-73.78,4.084,14.036,1.049,7.151,1.07
histogram,adaptive,binary,332,1,0,1.0,86.22,-73.78,4.175,14.011,0.99,7.133,1.048
histogram,adaptive,binary,333,1,0,1.0,86.22,-73.78,4.053,14.016,0.989,7.156,1.078
histogram,adaptive,binary,334,1,0,1.0,86.22,-73.78,4.09,13.973,0.991,7.146,1.067
histogram,adaptive,binary,335,1,0,1.0,86.22,-73.78,4.065,14.03,0.995,7.149,1.076
histogram,adaptive,binary,336,1,0,1.0,86.22,-73.78,4.086,13.971,0.991,7.165,1.056
histogram,adaptive,binary,337,1,0,1.0,86.22,-73.78,4.09,14.108,0.993,7.174,1.075
histogram,adaptive,binary,338,1,0,1.0,86.22,-73.78,4.203,14.099,0.992,7.16,1.068
histogram,adaptive,binary,339,1,0,1.0,86.22,-73.78,4.082,14.01,0.993,7.187,1.073
histogram,adaptive,binary,340,1,0,1.0,86.22,-73.78,4.06,13.989,0.985,7.136,1.076
histogram,adaptive,binary,341,1,0,1.0,86.22,-73.78,4.06,13.984,0.997,7.168,1.084
histogram,adaptive,binary,342,1,0,1.0,86.22,-73.78,4.111,14.063,0.994,7.149,1.122
histogram,adaptive,binary,343,1,0,1.0,86.22,-73.78,4.064,13.916,0.987,7.124,1.062
histogram,adaptive,binary,344,1,0,1.0,86.22,-73.78,4.077,14.038,0.983,7.157,1.138
histogram,adaptive,binary,345,1,0,1.0,86.22,-73.78,4.061,13.915,0.988,7.119,1.072
histogram,adaptive,binary,346,1,0,1.0,86.22,-73.78,4.1,14.007,0.991,7.149,1.097
histogram,adaptive,binary,347,1,0,1.0,86.22,-73.78,4.089,14.014,0.985,7.169,1.064
histogram,adaptive,binary,348,1,0,1.0,86.22,-73.78,4.093,14.061,1.028,7.133,1.133
histogram,adaptive,binary,349,1,0,1.0,86.22,-73.78,4.075,13.951,0.992,7.148,1.068
histogram,adaptive,binary,350,1,0,1.0,86.22,-73.78,4.098,14.171,1.033,7.231,1.137
histogram,adaptive,binary,351,1,0,1.0,86.22,-73.78,4.095,13.935,0.99,7.108,1.065
histogram,adaptive,binary,352,1,0,1.0,86.22,-73.78,4.106,14.052,1.041,7.106,1.131
histogram,adaptive,binary,353,1,0,1.0,86.22,-73.78,4.084,13.936,0.984,7.114,1.078
histogram,adaptive,binary,354,1,0,1.0,86.22,-73.78,4.111,14.077,1.035,7.112,1.135
histogram,adaptive,binary,355,1,0,1.0,86.22,-73.78,4.075,13.938,0.982,7.132,1.068
histogram,adaptive,binary,356,1,0,1.0,86.22,-73.78,4.131,14.073,1.045,7.109,1.121
histogram,adaptive,binary,357,1,0,1.0,86.22,-73.78,4.091,13.98,0.994,7.115,1.07
histogram,adaptive,binary,358,1,0,1.0,86.22,-73.78,4.082,14.057,1.053,7.175,1.073
histogram,adaptive,binary,359,1,0,1.0,86.22,-73.78,4.11,13.987,0.991,7.128,1.087
histogram,adaptive,binary,360,1,0,1.0,86.22,-73.78,4.067,13.997,0.983,7.161,1.058
histogram,adaptive,binary,361,1,0,1.0,86.22,-73.78,4.459,14.329,0.984,7.132,1.082
histogram,adaptive,binary,362,1,0,1.0,86.22,-73.78,4.086,13.978,0.985,7.173,1.059
histogram,adaptive,binary,363,1,0,1.0,86.22,-73.78,4.149,13.998,0.993,7.118,1.061
histogram,adaptive,binary,364,1,0,1.0,86.22,-73.78,4.076,13.952,0.977,7.179,1.055
histogram,adaptive,binary,365,1,0,1.0,86.22,-73.78,4.116,14.061,0.991,7.13,1.079
histogram,adaptive,binary,366,1,0,1.0,86.22,-73.78,4.069,13.959,0.979,7.166,1.073
histogram,adaptive,binary,367,1,0,1.0,86.22,-73.78,4.105,14.091,0.993,7.141,1.138
histogram,adaptive,binary,368,1,0,1.0,86.22,-73.78,4.08,13.96,0.988,7.158,1.061
histogram,adaptive,binary,369,1,0,1.0,86.22,-73.78,4.07,13.996,0.981,7.13,1.132
histogram,adaptive,binary,370,1,0,1.0,86.22,-73.78,4.103,14.001,0.982,7.159,1.069
histogram,adaptive,binary,371,1,0,1.0,86.22,-73.78,4.08,14.056,1.036,7.091,1.162
histogram,adaptive,binary,372,1,0,1.0,86.22,-73.78,4.083,13.944,0.984,7.14,1.055
histogram,adaptive,binary,373,1,0,1.0,86.22,-73.78,4.1,14.12,1.084,7.107,1.15
histogram,adaptive,binary,374,1,0,1.0,86.22,-73.78,4.076,13.975,0.994,7.184,1.058
histogram,adaptive,binary,375,1,0,1.0,86.22,-73.78,4.114,14.074,1.032,7.103,1.141
histogram,adaptive,binary,376,1,0,1.0,86.22,-73.78,4.146,14.002,0.989,7.13,1.062
histogram,adaptive,binary,377,1,0,1.0,86.22,-73.78,4.089,14.052,1.028,7.082,1.136
histogram,adaptive,binary,378,1,0,1.0,86.22,-73.78,4.08,13.938,0.99,7.126,1.058
histogram,adaptive,binary,379,1,0,1.0,86.22,-73.78,4.094,14.039,1.044,7.085,1.131
histogram,adaptive,binary,380,1,0,1.0,86.22,-73.78,4.083,13.951,0.989,7.148,1.055
histogram,adaptive,binary,381,1,0,1.0,86.22,-73.78,4.087,14.023,1.044,7.093,1.128
histogram,adaptive,binary,382,1,0,1.0,86.22,-73.78,4.1,13.958,0.991,7.141,1.051
histogram,adaptive,binary,383,1,0,1.0,86.22,-73.78,4.11,14.042,1.048,7.145,1.06
histogram,adaptive,binary,384,1,0,1.0,86.22,-73.78,4.096,13.939,0.989,7.13,1.057
histogram,adaptive,binary,385,1,0,1.0,86.22,-73.78,4.114,14.069,1.001,7.161,1.059
histogram,adaptive,binary,386,1,0,1.0,86.22,-73.78,4.637,14.497,0.981,7.138,1.064
histogram,adaptive,binary,387,1,0,1.0,86.22,-73.78,4.086,14.088,0.987,7.23,1.071
histogram,adaptive,binary,388,1,0,1.0,86.22,-73.78,4.072,14.006,0.991,7.148,1.132
histogram,adaptive,binary,389,1,0,1.0,86.22,-73.78,4.076,13.97,0.989,7.136,1.09
histogram,adaptive,binary,390,1,0,1.0,86.22,-73.78,4.091,14.024,0.987,7.146,1.118
histogram,adaptive,binary,391,1,0,1.0,86.22,-73.78,4.071,13.982,0.984,7.183,1.066
histogram,adaptive,binary,392,1,0,1.0,86.22,-73.78,4.081,14.059,1.049,7.13,1.125
histogram,adaptive,binary,393,1,0,1.0,86.22,-73.78,4.067,13.935,0.988,7.125,1.079
histogram,adaptive,binary,394,1,0,1.0,86.22,-73.78,4.094,14.074,1.03,7.136,1.132
histogram,adaptive,binary,395,1,0,1.0,86.22,-73.78,4.092,13.955,0.985,7.127,1.072
histogram,adaptive,binary,396,1,0,1.0,86.22,-73.78,4.109,14.058,1.027,7.112,1.136
histogram,adaptive,binary,397,1,0,1.0,86.22,-73.78,4.076,13.969,0.998,7.128,1.073
histogram,adaptive,binary,398,1,0,1.0,86.22,-73.78,4.103,14.108,1.055,7.128,1.143
histogram,adaptive,binary,399,1,0,1.0,86.22,-73.78,4.113,14.351,0.992,7.319,1.239
histogram,adaptive,binary,400,1,0,1.0,86.22,-73.78,4.118,14.119,0.998,7.18,1.09
histogram,adaptive,binary,401,1,0,1.0,86.22,-73.78,4.164,14.085,0.996,7.15,1.076
histogram,adaptive,binary,402,1,0,1.0,86.22,-73.78,4.079,14.016,0.988,7.157,1.06
histogram,adaptive,binary,403,1,0,1.0,86.22,-73.78,4.249,14.143,0.991,7.154,1.067
histogram,adaptive,binary,404,1,0,1.0,86.22,-73.78,4.087,14.019,0.982,7.211,1.054
histogram,adaptive,binary,405,1,0,1.0,86.22,-73.78,4.054,14.005,0.993,7.141,1.085
histogram,adaptive,binary,406,1,0,1.0,86.22,-73.78,4.067,13.956,0.986,7.158,1.064
histogram,adaptive,binary,407,1,0,1.0,86.22,-73.78,4.073,14.046,0.993,7.136,1.13
histogram,adaptive,binary,408,1,0,1.0,86.22,-73.78,4.086,13.982,0.989,7.174,1.063
histogram,adaptive,binary,409,1,0,1.0,86.22,-73.78,4.118,14.042,0.987,7.144,1.125
histogram,adaptive,binary,410,1,0,1.0,86.22,-73.78,4.078,13.953,0.988,7.162,1.046
histogram,adaptive,binary,411,1,0,1.0,86.22,-73.78,4.098,14.023,1.034,7.072,1.145
histogram,adaptive,binary,412,1,0,1.0,86.22,-73.78,4.08,13.955,0.987,7.16,1.054
histogram,adaptive,binary,413,1,0,1.0,86.22,-73.78,4.129,14.053,1.035,7.087,1.131
histogram,adaptive,binary,414,1,0,1.0,86.22,-73.78,4.087,13.954,0.981,7.138,1.069
histogram,adaptive,binary,415,1,0,1.0,86.22,-73.78,4.1,14.046,1.025,7.086,1.153
histogram,adaptive,binary,416,1,0,1.0,86.22,-73.78,4.074,13.94,0.988,7.136,1.06
histogram,adaptive,binary,417,1,0,1.0,86.22,-73.78,4.104,14.084,1.039,7.092,1.136
histogram,adaptive,binary,418,1,0,1.0,86.22,-73.78,4.079,13.923,0.987,7.12,1.057
histogram,adaptive,binary,419,1,0,1.0,86.22,-73.78,4.094,14.032,1.045,7.09,1.127
histogram,adaptive,binary,420,1,0,1.0,86.22,-73.78,4.087,13.965,0.991,7.154,1.065
histogram,adaptive,binary,421,1,0,1.0,86.22,-73.78,4.087,14.027,1.043,7.095,1.13
histogram,adaptive,binary,422,1,0,1.0,86.22,-73.78,4.08,13.902,0.986,7.122,1.046
histogram,adaptive,binary,423,1,0,1.0,86.22,-73.78,4.071,14.132,1.13,7.111,1.12
histogram,adaptive,binary,424,1,0,1.0,86.22,-73.78,4.095,13.986,0.987,7.168,1.059
histogram,fixed,combined,0,1,0,1.0,86.22,-73.78,5.032,7.874,0.985,0.093,1.004
histogram,fixed,combined,1,1,0,1.0,86.22,-73.78,5.949,8.934,1.053,0.125,0.961
histogram,fixed,combined,2,1,0,1.0,86.22,-73.78,6.074,8.989,1.092,0.122,0.959
histogram,fixed,combined,3,1,0,1.0,86.22,-73.78,5.476,8.462,1.078,0.127,1.044
histogram,fixed,combined,4,1,0,1.0,86.22,-73.78,8.352,12.224,1.049,0.417,1.5
histogram,fixed,combined,5,1,0,1.0,86.22,-73.78,4.98,9.091,1.442,0.152,1.468
histogram,fixed,combined,6,1,0,1.0,86.22,-73.78,5.906,8.745,1.01,0.103,0.965
histogram,fixed,combined,7,1,0,1.0,86.22,-73.78,5.164,8.806,1.153,0.262,1.341
histogram,fixed,combined,8,1,0,1.0,86.22,-73.78,4.349,7.224,0.998,0.1,1.077
histogram,fixed,combined,9,1,0,1.0,86.22,-73.78,4.395,7.173,0.998,0.106,0.979
histogram,fixed,combined,10,1,0,1.0,86.22,-73.78,4.311,7.078,0.988,0.104,0.983
histogram,fixed,combined,11,1,0,1.0,86.22,-73.78,4.305,7.197,1.066,0.113,0.981
histogram,fixed,combined,12,1,0,1.0,86.22,-73.78,4.313,7.192,1.062,0.118,0.985
histogram,fixed,combined,13,1,0,1.0,86.22,-73.78,4.33,7.192,1.001,0.099,1.068
histogram,fixed,combined,14,1,0,1.0,86.22,-73.78,4.424,7.216,1.01,0.097,0.989
histogram,fixed,combined,15,1,0,1.0,86.22,-73.78,4.735,7.507,1.002,0.104,0.973
histogram,fixed,combined,16,1,0,1.0,86.22,-73.78,4.301,7.104,0.991,0.102,1.008
histogram,fixed,combined,17,1,0,1.0,86.22,-73.78,4.366,7.235,1.062,0.112,1.007
histogram,fixed,combined,18,1,0,1.0,86.22,-73.78,4.31,7.15,1.053,0.115,0.983
histogram,fixed,combined,19,1,0,1.0,86.22,-73.78,4.354,7.288,1.009,0.102,1.128
histogram,fixed,combined,20,1,0,1.0,86.22,-73.78,4.382,7.157,1.0,0.098,0.97
histogram,fixed,combined,21,1,0,1.0,86.22,-73.78,4.309,7.086,0.99,0.099,0.962
histogram,fixed,combined,22,1,0,1.0,86.22,-73.78,4.318,7.149,1.06,0.1,0.975
histogram,fixed,combined,23,1,0,1.0,86.22,-73.78,4.302,7.187,1.091,0.125,0.969
histogram,fixed,combined,24,1,0,1.0,86.22,-73.78,4.329,7.197,1.001,0.097,1.088
histogram,fixed,combined,25,1,0,1.0,86.22,-73.78,4.392,7.168,1.004,0.1,0.98
histogram,fixed,combined,26,1,0,1.0,86.22,-73.78,4.699,7.457,1.009,0.105,0.952
histogram,fixed,combined,27,1,0,1.0,86.22,-73.78,4.24,7.116,1.067,0.121,0.928
histogram,fixed,combined,28,1,0,1.0,86.22,-73.78,4.24,7.075,1.16,0.106,0.903
histogram,fixed,combined,29,1,0,1.0,86.22,-73.78,4.263,7.074,0.995,0.095,1.056
histogram,fixed,combined,30,1,0,1.0,86.22,-73.78,4.228,7.0,0.998,0.089,0.938
histogram,fixed,combined,31,1,0,1.0,86.22,-73.78,4.217,6.917,0.987,0.094,0.917
histogram,fixed,combined,32,1,0,1.0,86.22,-73.78,4.234,6.933,1.049,0.091,0.911
histogram,fixed,combined,33,1,0,1.0,86.22,-73.78,4.244,7.023,1.067,0.139,0.921
histogram,fixed,combined,34,1,0,1.0,86.22,-73.78,7.237,10.134,1.103,0.089,1.015
histogram,fixed,combined,35,1,0,1.0,86.22,-73.78,4.847,12.873,1.939,0.162,1.044
histogram,fixed,combined,36,1,0,1.0,86.22,-73.78,4.666,11.863,3.834,0.166,2.492
histogram,fixed,combined,37,1,0,1.0,86.22,-73.78,4.739,8.716,1.922,0.156,1.182
histogram,fixed,combined,38,1,0,1.0,86.22,-73.78,4.769,7.875,1.046,0.116,1.213
histogram,fixed,combined,39,1,0,1.0,86.22,-73.78,4.682,7.733,1.022,0.143,1.028
histogram,fixed,combined,40,1,0,1.0,86.22,-73.78,4.424,7.461,1.26,0.108,0.918
histogram,fixed,combined,41,1,0,1.0,86.22,-73.78,4.332,7.236,1.0,0.093,1.034
histogram,fixed,combined,42,1,0,1.0,86.22,-73.78,4.355,7.331,0.989,0.155,1.007
histogram,fixed,combined,43,1,0,1.0,86.22,-73.78,4.329,7.432,1.047,0.261,1.035
histogram,fixed,combined,44,1,0,1.0,86.22,-73.78,4.208,6.917,1.03,0.096,0.929
histogram,fixed,combined,45,1,0,1.0,86.22,-73.78,4.329,7.115,0.99,0.091,1.034
histogram,fixed,combined,46,1,0,1.0,86.22,-73.78,4.198,6.912,1.004,0.088,0.949
histogram,fixed,combined,47,1,0,1.0,86.22,-73.78,4.221,6.94,0.986,0.088,0.934
histogram,fixed,combined,48,1,0,1.0,86.22,-73.78,4.188,6.927,1.044,0.095,0.936
histogram,fixed,combined,49,1,0,1.0,86.22,-73.78,4.242,6.999,0.983,0.094,1.021
histogram,fixed,combined,50,1,0,1.0,86.22,-73.78,4.235,6.914,0.996,0.089,0.912
histogram,fixed,combined,51,1,0,1.0,86.22,-73.78,4.185,6.971,0.985,0.093,0.944
histogram,fixed,combined,52,1,0,1.0,86.22,-73.78,4.208,6.951,1.033,0.099,0.938
histogram,fixed,combined,53,1,0,1.0,86.22,-73.78,4.193,7.121,0.991,0.095,1.177
histogram,fixed,combined,54,1,0,1.0,86.22,-73.78,4.265,6.943,0.984,0.086,0.934
histogram,fixed,combined,55,1,0,1.0,86.22,-73.78,4.186,6.874,0.999,0.09,0.93
histogram,fixed,combined,56,1,0,1.0,86.22,-73.78,4.209,6.949,1.042,0.094,0.933
histogram,fixed,combined,57,1,0,1.0,86.22,-73.78,4.196,6.992,0.999,0.094,1.031
histogram,fixed,combined,58,1,0,1.0,86.22,-73.78,4.258,7.032,0.999,0.093,1.012
histogram,fixed,combined,59,1,0,1.0,86.22,-73.78,4.199,6.901,0.986,0.091,0.945
histogram,fixed,combined,60,1,0,1.0,86.22,-73.78,4.197,6.937,1.039,0.092,0.932
histogram,fixed,combined,61,1,0,1.0,86.22,-73.78,4.208,7.032,0.978,0.092,1.064
histogram,fixed,combined,62,1,0,1.0,86.22,-73.78,4.313,6.99,0.999,0.086,0.918
histogram,fixed,combined,63,1,0,1.0,86.22,-73.78,4.182,6.883,0.984,0.094,0.951
histogram,fixed,combined,64,1,0,1.0,86.22,-73.78,4.197,6.935,1.041,0.093,0.936
histogram,fixed,combined,65,1,0,1.0,86.22,-73.78,4.24,7.022,0.98,0.09,1.044
histogram,fixed,combined,66,1,0,1.0,86.22,-73.78,4.195,6.95,1.003,0.088,0.924
histogram,fixed,combined,67,1,0,1.0,86.22,-73.78,4.186,6.893,0.988,0.092,0.96
histogram,fixed,combined,68,1,0,1.0,86.22,-73.78,4.224,7.009,1.073,0.098,0.939
histogram,fixed,combined,69,1,0,1.0,86.22,-73.78,4.214,6.965,0.998,0.09,0.993
histogram,fixed,combined,70,1,0,1.0,86.22,-73.78,4.218,6.986,0.993,0.088,0.931
histogram,fixed,combined,71,1,0,1.0,86.22,-73.78,4.189,6.907,0.985,0.092,0.934
histogram,fixed,combined,72,1,0,1.0,86.22,-73.78,4.19,6.959,1.057,0.093,0.939
histogram,fixed,combined,73,1,0,1.0,86.22,-73.78,4.214,6.967,0.997,0.091,0.991
histogram,fixed,combined,74,1,0,1.0,86.22,-73.78,4.206,6.959,0.987,0.086,0.929
histogram,fixed,combined,75,1,0,1.0,86.22,-73.78,4.179,6.886,0.996,0.091,0.949
histogram,fixed,combined,76,1,0,1.0,86.22,-73.78,4.198,6.917,1.046,0.09,0.922
histogram,fixed,combined,77,1,0,1.0,86.22,-73.78,4.197,6.999,0.989,0.089,1.048
histogram,fixed,combined,78,1,0,1.0,86.22,-73.78,4.237,6.959,0.978,0.086,0.922
histogram,fixed,combined,79,1,0,1.0,86.22,-73.78,4.193,6.883,0.993,0.091,0.938
histogram,fixed,combined,80,1,0,1.0,86.22,-73.78,4.19,6.941,1.056,0.092,0.925
histogram,fixed,combined,81,1,0,1.0,86.22,-73.78,4.22,6.995,0.993,0.089,0.985
histogram,fixed,combined,82,1,0,1.0,86.22,-73.78,4.181,6.952,0.992,0.09,0.931
histogram,fixed,combined,83,1,0,1.0,86.22,-73.78,4.189,6.883,0.986,0.093,0.946
histogram,fixed,combined,84,1,0,1.0,86.22,-73.78,5.001,7.859,1.037,0.092,1.016
histogram,fixed,combined,85,1,0,1.0,86.22,-73.78,4.355,7.149,1.07,0.104,0.932
histogram,fixed,combined,86,1,0,1.0,86.22,-73.78,4.363,7.19,1.047,0.11,0.968
histogram,fixed,combined,87,1,0,1.0,86.22,-73.78,4.342,7.225,1.009,0.101,1.074
histogram,fixed,combined,88,1,0,1.0,86.22,-73.78,4.392,7.225,1.009,0.097,1.003
histogram,fixed,combined,89,1,0,1.0,86.22,-73.78,4.317,7.102,1.002,0.098,0.986
histogram,fixed,combined,90,1,0,1.0,86.22,-73.78,4.315,7.144,1.055,0.104,0.972
histogram,fixed,combined,91,1,0,1.0,86.22,-73.78,4.333,7.23,1.065,0.113,0.967
histogram,fixed,combined,92,1,0,1.0,86.22,-73.78,4.353,7.296,1.001,0.097,1.165
histogram,fixed,combined,93,1,0,1.0,86.22,-73.78,4.309,7.148,0.996,0.102,0.964
histogram,fixed,combined,94,1,0,1.0,86.22,-73.78,4.322,7.097,0.994,0.099,0.989
histogram,fixed,combined,95,1,0,1.0,86.22,-73.78,4.311,7.158,1.007,0.104,0.969
histogram,fixed,combined,96,1,0,1.0,86.22,-73.78,4.335,7.162,1.048,0.107,0.976
histogram,fixed,combined,97,1,0,1.0,86.22,-73.78,4.386,7.238,1.002,0.1,1.044
histogram,fixed,combined,98,1,0,1.0,86.22,-73.78,4.324,7.144,0.999,0.098,1.033
histogram,fixed,combined,99,1,0,1.0,86.22,-73.78,4.325,7.131,1.013,0.105,0.981
histogram,fixed,combined,100,1,0,1.0,86.22,-73.78,4.332,7.172,0.997,0.1,0.987
histogram,fixed,combined,101,1,0,1.0,86.22,-73.78,4.31,7.18,1.063,0.113,0.964
histogram,fixed,combined,102,1,0,1.0,86.22,-73.78,4.331,7.156,1.003,0.1,1.033
histogram,fixed,combined,103,1,0,1.0,86.22,-73.78,4.315,7.348,1.007,0.103,1.168
histogram,fixed,combined,104,1,0,1.0,86.22,-73.78,4.217,6.874,0.983,0.09,0.917
histogram,fixed,combined,105,1,0,1.0,86.22,-73.78,4.225,6.989,0.985,0.095,0.941
histogram,fixed,combined,106,1,0,1.0,86.22,-73.78,4.206,6.953,1.037,0.094,0.931
histogram,fixed,combined,107,1,0,1.0,86.22,-73.78,4.284,7.082,0.995,0.089,1.044
histogram,fixed,combined,108,1,0,1.0,86.22,-73.78,4.264,6.961,0.988,0.09,0.942
histogram,fixed,combined,109,1,0,1.0,86.22,-73.78,4.204,6.867,0.985,0.09,0.916
histogram,fixed,combined,110,1,0,1.0,86.22,-73.78,4.192,6.93,1.041,0.094,0.927
histogram,fixed,combined,111,1,0,1.0,86.22,-73.78,4.208,7.027,0.995,0.095,1.033
histogram,fixed,combined,112,1,0,1.0,86.22,-73.78,4.239,6.933,0.987,0.087,0.942
histogram,fixed,combined,113,1,0,1.0,86.22,-73.78,4.221,6.906,0.994,0.093,0.922
histogram,fixed,combined,114,1,0,1.0,86.22,-73.78,4.195,6.922,1.035,0.092,0.921
histogram,fixed,combined,115,1,0,1.0,86.22,-73.78,4.208,6.982,0.985,0.089,1.026
histogram,fixed,combined,116,1,0,1.0,86.22,-73.78,4.271,6.939,0.983,0.087,0.922
histogram,fixed,combined,117,1,0,1.0,86.22,-73.78,4.183,6.862,0.981,0.091,0.932
histogram,fixed,combined,118,1,0,1.0,86.22,-73.78,4.201,6.936,1.044,0.094,0.932
histogram,fixed,combined,119,1,0,1.0,86.22,-73.78,4.2,6.991,1.001,0.094,1.031
histogram,fixed,combined,120,1,0,1.0,86.22,-73.78,4.271,6.962,0.999,0.089,0.925
histogram,fixed,combined,121,1,0,1.0,86.22,-73.78,4.201,6.934,0.994,0.093,0.94
histogram,fixed,combined,122,1,0,1.0,86.22,-73.78,4.194,6.939,1.036,0.095,0.938
histogram,fixed,combined,123,1,0,1.0,86.22,-73.78,4.214,6.995,0.999,0.09,1.021
histogram,fixed,combined,124,1,0,1.0,86.22,-73.78,4.265,6.942,0.983,0.088,0.936
histogram,fixed,combined,125,1,0,1.0,86.22,-73.78,4.209,6.886,0.991,0.092,0.93
histogram,fixed,combined,126,1,0,1.0,86.22,-73.78,4.195,6.92,1.041,0.092,0.923
histogram,fixed,combined,127,1,0,1.0,86.22,-73.78,4.209,7.054,0.985,0.09,1.099
histogram,fixed,combined,128,1,0,1.0,86.22,-73.78,4.29,6.975,0.984,0.089,0.94
histogram,fixed,combined,129,1,0,1.0,86.22,-73.78,4.248,6.923,0.989,0.092,0.941
histogram,fixed,combined,130,1,0,1.0,86.22,-73.78,4.206,6.941,1.038,0.102,0.929
histogram,fixed,combined,131,1,0,1.0,86.22,-73.78,4.19,6.97,0.992,0.094,0.994
histogram,fixed,combined,132,1,0,1.0,86.22,-73.78,4.246,6.906,0.981,0.092,0.921
histogram,fixed,combined,133,1,0,1.0,86.22,-73.78,4.193,6.864,0.991,0.095,0.925
histogram,fixed,combined,134,1,0,1.0,86.22,-73.78,4.237,6.975,1.043,0.096,0.922
histogram,fixed,combined,135,1,0,1.0,86.22,-73.78,4.2,6.958,0.993,0.095,0.997
histogram,fixed,combined,136,1,0,1.0,86.22,-73.78,4.279,6.972,1.004,0.09,0.929
histogram,fixed,combined,137,1,0,1.0,86.22,-73.78,4.203,6.897,0.994,0.094,0.947
histogram,fixed,combined,138,1,0,1.0,86.22,-73.78,4.201,6.931,1.042,0.095,0.92
histogram,fixed,combined,139,1,0,1.0,86.22,-73.78,4.224,6.973,0.994,0.091,0.994
histogram,fixed,combined,140,1,0,1.0,86.22,-73.78,4.295,6.977,0.988,0.09,0.931
histogram,fixed,combined,141,1,0,1.0,86.22,-73.78,4.182,6.894,0.982,0.09,0.931
histogram,fixed,combined,142,1,0,1.0,86.22,-73.78,4.239,6.979,1.049,0.091,0.927
histogram,fixed,combined,143,1,0,1.0,86.22,-73.78,4.217,6.964,0.993,0.089,0.988
histogram,fixed,combined,144,1,0,1.0,86.22,-73.78,4.3,6.977,0.989,0.089,0.923
histogram,fixed,combined,145,1,0,1.0,86.22,-73.78,4.225,6.921,1.003,0.089,0.935
histogram,fixed,combined,146,1,0,1.0,86.22,-73.78,4.201,6.921,1.042,0.097,0.922
histogram,fixed,combined,147,1,0,1.0,86.22,-73.78,4.195,7.023,0.993,0.089,1.058
histogram,fixed,combined,148,1,0,1.0,86.22,-73.78,4.199,6.936,0.991,0.089,0.922
histogram,fixed,combined,149,1,0,1.0,86.22,-73.78,4.193,6.895,0.991,0.092,0.943
histogram,fixed,combined,150,1,0,1.0,86.22,-73.78,4.198,6.928,1.039,0.093,0.924
histogram,fixed,combined,151,1,0,1.0,86.22,-73.78,4.208,6.976,0.988,0.09,0.986
histogram,fixed,combined,152,1,0,1.0,86.22,-73.78,4.28,6.942,0.986,0.089,0.918
histogram,fixed,combined,153,1,0,1.0,86.22,-73.78,4.176,6.855,0.98,0.09,0.94
histogram,fixed,combined,154,1,0,1.0,86.22,-73.78,4.189,6.947,1.047,0.093,0.941
histogram,fixed,combined,155,1,0,1.0,86.22,-73.78,4.203,6.957,0.993,0.091,0.994
histogram,fixed,combined,156,1,0,1.0,86.22,-73.78,4.281,6.967,0.995,0.088,0.928
histogram,fixed,combined,157,1,0,1.0,86.22,-73.78,4.493,7.168,0.989,0.092,0.923
histogram,fixed,combined,158,1,0,1.0,86.22,-73.78,4.263,6.994,1.049,0.092,0.913
histogram,fixed,combined,159,1,0,1.0,86.22,-73.78,4.19,6.94,1.04,0.099,0.943
histogram,fixed,combined,160,1,0,1.0,86.22,-73.78,4.195,6.958,0.995,0.091,1.003
histogram,fixed,combined,161,1,0,1.0,86.22,-73.78,4.233,6.945,0.989,0.096,0.928
histogram,fixed,combined,162,1,0,1.0,86.22,-73.78,4.176,6.918,0.995,0.086,0.927
histogram,fixed,combined,163,1,0,1.0,86.22,-73.78,4.174,6.931,1.048,0.098,0.945
histogram,fixed,combined,164,1,0,1.0,86.22,-73.78,4.224,6.987,1.001,0.09,1.0
histogram,fixed,combined,165,1,0,1.0,86.22,-73.78,4.23,6.9,0.991,0.09,0.928
histogram,fixed,combined,166,1,0,1.0,86.22,-73.78,4.189,6.934,0.992,0.089,0.923
histogram,fixed,combined,167,1,0,1.0,86.22,-73.78,4.171,6.931,1.046,0.096,0.936
histogram,fixed,combined,168,1,0,1.0,86.22,-73.78,4.201,6.957,0.986,0.088,0.995
histogram,fixed,combined,169,1,0,1.0,86.22,-73.78,4.181,6.844,0.983,0.09,0.928
histogram,fixed,combined,170,1,0,1.0,86.22,-73.78,4.189,6.928,1.058,0.092,0.911
histogram,fixed,combined,171,1,0,1.0,86.22,-73.78,4.181,6.972,0.996,0.138,0.948
histogram,fixed,combined,172,1,0,1.0,86.22,-73.78,4.224,6.957,0.992,0.087,0.929
histogram,fixed,combined,173,1,0,1.0,86.22,-73.78,4.18,6.867,0.99,0.088,0.935
histogram,fixed,combined,174,1,0,1.0,86.22,-73.78,4.203,6.973,1.057,0.095,0.946
histogram,fixed,combined,175,1,0,1.0,86.22,-73.78,4.193,6.907,0.982,0.088,0.988
histogram,fixed,combined,176,1,0,1.0,86.22,-73.78,4.232,6.989,0.996,0.089,0.927
histogram,fixed,combined,177,1,0,1.0,86.22,-73.78,4.259,6.944,0.989,0.093,0.93
histogram,fixed,combined,178,1,0,1.0,86.22,-73.78,4.197,6.939,1.047,0.089,0.931
histogram,fixed,combined,179,1,0,1.0,86.22,-73.78,4.185,6.938,0.99,0.136,0.957
histogram,fixed,combined,180,1,0,1.0,86.22,-73.78,4.192,7.028,0.993,0.086,0.943
histogram,fixed,combined,181,1,0,1.0,86.22,-73.78,4.172,6.889,0.99,0.09,0.935
histogram,fixed,combined,182,1,0,1.0,86.22,-73.78,4.219,6.964,1.052,0.09,0.93
histogram,fixed,combined,183,1,0,1.0,86.22,-73.78,4.176,6.91,0.987,0.146,0.93
histogram,fixed,combined,184,1,0,1.0,86.22,-73.78,4.207,6.962,0.998,0.089,0.926
histogram,fixed,combined,185,1,0,1.0,86.22,-73.78,4.183,6.888,0.992,0.092,0.938
histogram,fixed,combined,186,1,0,1.0,86.22,-73.78,4.182,6.896,1.047,0.089,0.925
histogram,fixed,combined,187,1,0,1.0,86.22,-73.78,4.195,6.963,0.998,0.095,1.001
histogram,fixed,combined,188,1,0,1.0,86.22,-73.78,4.195,7.029,0.997,0.089,1.069
histogram,fixed,combined,189,1,0,1.0,86.22,-73.78,4.185,6.871,0.994,0.091,0.929
histogram,fixed,combined,190,1,0,1.0,86.22,-73.78,4.193,6.933,1.043,0.092,0.931
histogram,fixed,combined,191,1,0,1.0,86.22,-73.78,4.192,6.983,0.998,0.138,0.945
histogram,fixed,combined,192,1,0,1.0,86.22,-73.78,4.23,6.995,0.985,0.09,0.947
histogram,fixed,combined,193,1,0,1.0,86.22,-73.78,4.194,6.859,0.981,0.09,0.921
histogram,fixed,combined,194,1,0,1.0,86.22,-73.78,4.196,6.919,1.048,0.09,0.923
histogram,fixed,combined,195,1,0,1.0,86.22,-73.78,4.206,6.958,0.994,0.089,0.998
histogram,fixed,combined,196,1,0,1.0,86.22,-73.78,4.21,6.98,0.986,0.091,0.945
histogram,fixed,combined,197,1,0,1.0,86.22,-73.78,4.189,6.881,0.987,0.093,0.935
histogram,fixed,combined,198,1,0,1.0,86.22,-73.78,4.213,6.945,1.042,0.093,0.922
histogram,fixed,combined,199,1,0,1.0,86.22,-73.78,4.171,6.898,0.983,0.093,0.98
histogram,fixed,combined,200,1,0,1.0,86.22,-73.78,4.203,6.948,0.989,0.092,0.913
histogram,fixed,combined,201,1,0,1.0,86.22,-73.78,4.187,6.876,0.987,0.094,0.922
histogram,fixed,combined,202,1,0,1.0,86.22,-73.78,4.193,6.913,1.054,0.096,0.919
histogram,fixed,combined,203,1,0,1.0,86.22,-73.78,4.199,6.951,0.999,0.09,0.989
histogram,fixed,combined,204,1,0,1.0,86.22,-73.78,4.195,6.955,0.995,0.088,0.934
histogram,fixed,combined,205,1,0,1.0,86.22,-73.78,4.232,6.905,0.987,0.09,0.926
histogram,fixed,combined,206,1,0,1.0,86.22,-73.78,4.176,6.922,1.046,0.09,0.94
histogram,fixed,combined,207,1,0,1.0,86.22,-73.78,4.367,7.113,0.99,0.091,0.99
histogram,fixed,combined,208,1,0,1.0,86.22,-73.78,4.231,7.014,0.993,0.089,0.937
histogram,fixed,combined,209,1,0,1.0,86.22,-73.78,4.196,6.885,0.991,0.091,0.928
histogram,fixed,combined,210,1,0,1.0,86.22,-73.78,4.191,6.926,1.048,0.091,0.929
histogram,fixed,combined,211,1,0,1.0,86.22,-73.78,4.184,6.96,0.993,0.134,0.944
histogram,fixed,combined,212,1,0,1.0,86.22,-73.78,4.206,6.975,0.998,0.088,0.907
histogram,fixed,combined,213,1,0,1.0,86.22,-73.78,4.194,6.912,0.987,0.093,0.962
histogram,fixed,combined,214,1,0,1.0,86.22,-73.78,4.18,6.922,1.046,0.09,0.923
histogram,fixed,combined,215,1,0,1.0,86.22,-73.78,4.2,6.936,0.991,0.135,0.942
histogram,fixed,combined,216,1,0,1.0,86.22,-73.78,4.202,6.929,0.987,0.088,0.918
histogram,fixed,combined,217,1,0,1.0,86.22,-73.78,4.192,6.883,0.992,0.092,0.931
histogram,fixed,combined,218,1,0,1.0,86.22,-73.78,4.188,6.952,1.065,0.091,0.926
histogram,fixed,combined,219,1,0,1.0,86.22,-73.78,4.173,6.943,0.988,0.092,1.009
histogram,fixed,combined,220,1,0,1.0,86.22,-73.78,4.183,6.931,0.993,0.088,0.918
histogram,fixed,combined,221,1,0,1.0,86.22,-73.78,4.18,6.868,0.99,0.092,0.925
histogram,fixed,combined,222,1,0,1.0,86.22,-73.78,4.196,6.937,1.039,0.1,0.937
histogram,fixed,combined,223,1,0,1.0,86.22,-73.78,4.19,6.933,0.99,0.095,0.995
histogram,fixed,combined,224,1,0,1.0,86.22,-73.78,4.271,6.926,0.981,0.093,0.925
histogram,fixed,combined,225,1,0,1.0,86.22,-73.78,4.188,6.869,0.983,0.094,0.929
histogram,fixed,combined,226,1,0,1.0,86.22,-73.78,4.987,7.937,1.06,0.097,1.06
histogram,fixed,combined,227,1,0,1.0,86.22,-73.78,4.347,7.203,1.07,0.111,0.977
histogram,fixed,combined,228,1,0,1.0,86.22,-73.78,4.376,7.205,1.008,0.162,0.972
histogram,fixed,combined,229,1,0,1.0,86.22,-73.78,4.306,7.149,1.002,0.101,1.056
histogram,fixed,combined,230,1,0,1.0,86.22,-73.78,4.416,7.166,0.993,0.101,0.96
histogram,fixed,combined,231,1,0,1.0,86.22,-73.78,4.309,7.098,0.992,0.107,0.962
histogram,fixed,combined,232,1,0,1.0,86.22,-73.78,4.329,7.138,1.043,0.11,0.971
histogram,fixed,combined,233,1,0,1.0,86.22,-73.78,4.309,7.171,1.058,0.123,0.991
histogram,fixed,combined,234,1,0,1.0,86.22,-73.78,4.299,7.16,0.993,0.104,1.073
histogram,fixed,combined,235,1,0,1.0,86.22,-73.78,5.082,7.898,1.005,0.127,0.984
histogram,fixed,combined,236,1,0,1.0,86.22,-73.78,4.486,7.679,1.201,0.14,0.999
histogram,fixed,combined,237,1,0,1.0,86.22,-73.78,4.293,7.074,0.991,0.103,0.982
histogram,fixed,combined,238,1,0,1.0,86.22,-73.78,4.329,7.178,1.009,0.102,0.963
histogram,fixed,combined,239,1,0,1.0,86.22,-73.78,4.332,7.172,1.064,0.109,0.98
histogram,fixed,combined,240,1,0,1.0,86.22,-73.78,4.338,7.279,0.998,0.1,1.13
histogram,fixed,combined,241,1,0,1.0,86.22,-73.78,4.315,7.199,1.001,0.107,1.058
histogram,fixed,combined,242,1,0,1.0,86.22,-73.78,4.372,7.132,1.001,0.102,0.952
histogram,fixed,combined,243,1,0,1.0,86.22,-73.78,4.282,7.029,0.996,0.104,0.956
histogram,fixed,combined,244,1,0,1.0,86.22,-73.78,4.309,7.111,1.052,0.108,0.946
histogram,fixed,combined,245,1,0,1.0,86.22,-73.78,4.214,7.278,1.12,0.227,1.035
histogram,fixed,combined,246,1,0,1.0,86.22,-73.78,4.22,6.97,0.982,0.088,1.009
histogram,fixed,combined,247,1,0,1.0,86.22,-73.78,4.198,7.062,0.993,0.091,1.111
histogram,fixed,combined,248,1,0,1.0,86.22,-73.78,4.208,6.94,0.985,0.089,0.924
histogram,fixed,combined,249,1,0,1.0,86.22,-73.78,4.172,7.172,1.034,0.099,1.203
histogram,fixed,combined,250,1,0,1.0,86.22,-73.78,4.215,6.991,0.991,0.091,1.022
histogram,fixed,combined,251,1,0,1.0,86.22,-73.78,4.272,6.999,0.996,0.093,0.934
histogram,fixed,combined,252,1,0,1.0,86.22,-73.78,4.205,6.877,0.985,0.091,0.915
histogram,fixed,combined,253,1,0,1.0,86.22,-73.78,4.184,6.944,1.056,0.096,0.935
histogram,fixed,combined,254,1,0,1.0,86.22,-73.78,4.215,6.962,0.988,0.09,1.018
histogram,fixed,combined,255,1,0,1.0,86.22,-73.78,4.279,6.978,0.989,0.092,0.94
histogram,fixed,combined,256,1,0,1.0,86.22,-73.78,4.233,6.924,0.994,0.093,0.922
histogram,fixed,combined,257,1,0,1.0,86.22,-73.78,4.183,6.927,1.038,0.1,0.93
histogram,fixed,combined,258,1,0,1.0,86.22,-73.78,4.21,6.969,0.991,0.089,1.006
histogram,fixed,combined,259,1,0,1.0,86.22,-73.78,4.253,6.947,0.997,0.095,0.929
histogram,fixed,combined,260,1,0,1.0,86.22,-73.78,4.179,6.868,0.989,0.092,0.928
histogram,fixed,combined,261,1,0,1.0,86.22,-73.78,4.193,6.993,1.054,0.101,0.935
histogram,fixed,combined,262,1,0,1.0,86.22,-73.78,4.218,7.007,0.985,0.086,1.052
histogram,fixed,combined,263,1,0,1.0,86.22,-73.78,4.262,6.938,0.994,0.093,0.923
histogram,fixed,combined,264,1,0,1.0,86.22,-73.78,4.182,6.843,0.983,0.093,0.922
histogram,fixed,combined,265,1,0,1.0,86.22,-73.78,4.197,6.943,1.045,0.102,0.923
histogram,fixed,combined,266,1,0,1.0,86.22,-73.78,4.202,6.959,0.998,0.088,0.998
histogram,fixed,combined,267,1,0,1.0,86.22,-73.78,4.251,6.942,0.998,0.093,0.93
histogram,fixed,combined,268,1,0,1.0,86.22,-73.78,4.182,6.867,0.989,0.09,0.924
histogram,fixed,combined,269,1,0,1.0,86.22,-73.78,4.206,6.951,1.048,0.097,0.935
histogram,fixed,combined,270,1,0,1.0,86.22,-73.78,4.221,6.984,0.998,0.086,1.008
histogram,fixed,combined,271,1,0,1.0,86.22,-73.78,4.261,6.995,0.989,0.089,0.945
histogram,fixed,combined,272,1,0,1.0,86.22,-73.78,4.201,6.888,0.989,0.094,0.932
histogram,fixed,combined,273,1,0,1.0,86.22,-73.78,4.178,6.937,1.048,0.101,0.941
histogram,fixed,combined,274,1,0,1.0,86.22,-73.78,4.211,6.969,0.986,0.089,1.015
histogram,fixed,combined,275,1,0,1.0,86.22,-73.78,4.271,6.95,0.99,0.091,0.931
histogram,fixed,combined,276,1,0,1.0,86.22,-73.78,4.198,6.884,1.0,0.088,0.916
histogram,fixed,combined,277,1,0,1.0,86.22,-73.78,4.175,6.919,1.046,0.096,0.929
histogram,fixed,combined,278,1,0,1.0,86.22,-73.78,4.217,6.975,1.0,0.087,0.991
histogram,fixed,combined,279,1,0,1.0,86.22,-73.78,4.315,7.039,0.997,0.092,0.954
histogram,fixed,combined,280,1,0,1.0,86.22,-73.78,4.168,6.855,0.989,0.09,0.927
histogram,fixed,combined,281,1,0,1.0,86.22,-73.78,4.198,6.992,1.04,0.096,0.95
histogram,fixed,combined,282,1,0,1.0,86.22,-73.78,4.201,7.031,0.992,0.088,1.07
histogram,fixed,combined,283,1,0,1.0,86.22,-73.78,4.202,6.959,0.996,0.09,0.935
histogram,fixed,combined,284,1,0,1.0,86.22,-73.78,4.205,6.87,0.979,0.09,0.937
histogram,fixed,combined,285,1,0,1.0,86.22,-73.78,4.237,6.975,1.043,0.099,0.932
histogram,fixed,combined,286,1,0,1.0,86.22,-73.78,4.216,6.974,1.001,0.086,0.996
histogram,fixed,combined,287,1,0,1.0,86.22,-73.78,4.226,6.959,0.994,0.09,0.923
histogram,fixed,combined,288,1,0,1.0,86.22,-73.78,4.197,6.88,0.993,0.089,0.928
histogram,fixed,combined,289,1,0,1.0,86.22,-73.78,4.177,6.913,1.045,0.097,0.935
histogram,fixed,combined,290,1,0,1.0,86.22,-73.78,4.209,6.936,0.984,0.087,0.98
histogram,fixed,combined,291,1,0,1.0,86.22,-73.78,4.194,7.009,0.996,0.09,0.953
histogram,fixed,combined,292,1,0,1.0,86.22,-73.78,4.191,6.841,0.985,0.087,0.914
histogram,fixed,combined,293,1,0,1.0,86.22,-73.78,4.184,6.934,1.036,0.101,0.941
histogram,fixed,combined,294,1,0,1.0,86.22,-73.78,4.207,6.971,0.996,0.087,0.999
histogram,fixed,combined,295,1,0,1.0,86.22,-73.78,4.277,6.952,0.984,0.093,0.927
histogram,fixed,combined,296,1,0,1.0,86.22,-73.78,4.201,6.885,0.995,0.087,0.93
histogram,fixed,combined,297,1,0,1.0,86.22,-73.78,4.195,6.943,1.046,0.094,0.932
histogram,fixed,combined,298,1,0,1.0,86.22,-73.78,4.227,6.987,0.999,0.087,0.992
histogram,fixed,combined,299,1,0,1.0,86.22,-73.78,4.292,6.99,1.003,0.092,0.921
histogram,fixed,combined,300,1,0,1.0,86.22,-73.78,4.185,6.861,0.988,0.09,0.921
histogram,fixed,combined,301,1,0,1.0,86.22,-73.78,4.181,6.955,1.046,0.11,0.922
histogram,fixed,combined,302,1,0,1.0,86.22,-73.78,4.542,7.354,0.987,0.089,1.058
histogram,fixed,combined,303,1,0,1.0,86.22,-73.78,4.168,7.728,0.987,0.091,1.787
histogram,fixed,combined,304,1,0,1.0,86.22,-73.78,4.209,6.957,0.991,0.089,0.923
histogram,fixed,combined,305,1,0,1.0,86.22,-73.78,4.198,6.885,0.983,0.093,0.936
histogram,fixed,combined,306,1,0,1.0,86.22,-73.78,4.185,6.943,1.059,0.091,0.93
histogram,fixed,combined,307,1,0,1.0,86.22,-73.78,4.189,6.916,0.993,0.092,0.979
histogram,fixed,combined,308,1,0,1.0,86.22,-73.78,4.188,6.937,1.0,0.087,0.922
histogram,fixed,combined,309,1,0,1.0,86.22,-73.78,4.181,6.875,0.988,0.092,0.937
histogram,fixed,combined,310,1,0,1.0,86.22,-73.78,4.205,6.934,1.046,0.092,0.919
histogram,fixed,combined,311,1,0,1.0,86.22,-73.78,4.184,6.996,0.995,0.092,1.014
histogram,fixed,combined,312,1,0,1.0,86.22,-73.78,4.193,7.027,0.998,0.09,1.006
histogram,fixed,combined,313,1,0,1.0,86.22,-73.78,4.229,6.887,0.978,0.092,0.933
histogram,fixed,combined,314,1,0,1.0,86.22,-73.78,4.197,6.956,1.056,0.091,0.924
histogram,fixed,combined,315,1,0,1.0,86.22,-73.78,4.196,6.941,1.002,0.09,0.977
histogram,fixed,combined,316,1,0,1.0,86.22,-73.78,4.197,6.976,1.006,0.087,0.933
histogram,fixed,combined,317,1,0,1.0,86.22,-73.78,4.186,6.895,1.002,0.09,0.942
histogram,fixed,combined,318,1,0,1.0,86.22,-73.78,4.226,6.969,1.057,0.091,0.923
histogram,fixed,combined,319,1,0,1.0,86.22,-73.78,4.177,6.936,1.0,0.134,0.941
histogram,fixed,combined,320,1,0,1.0,86.22,-73.78,4.188,6.947,0.996,0.087,0.931
histogram,fixed,combined,321,1,0,1.0,86.22,-73.78,4.189,6.905,0.984,0.094,0.937
histogram,fixed,combined,322,1,0,1.0,86.22,-73.78,4.188,6.927,1.045,0.092,0.925
histogram,fixed,combined,323,1,0,1.0,86.22,-73.78,4.198,6.936,0.998,0.09,0.976
histogram,fixed,combined,324,1,0,1.0,86.22,-73.78,4.199,6.948,0.996,0.086,0.935
histogram,fixed,combined,325,1,0,1.0,86.22,-73.78,4.258,6.946,0.994,0.09,0.93
histogram,fixed,combined,326,1,0,1.0,86.22,-73.78,4.196,6.927,1.053,0.09,0.913
histogram,fixed,combined,327,1,0,1.0,86.22,-73.78,4.256,7.012,0.999,0.093,0.981
histogram,fixed,combined,328,1,0,1.0,86.22,-73.78,4.198,6.941,0.998,0.088,0.917
histogram,fixed,combined,329,1,0,1.0,86.22,-73.78,4.211,6.875,0.983,0.094,0.936
histogram,fixed,combined,330,1,0,1.0,86.22,-73.78,4.194,6.925,1.038,0.098,0.916
histogram,fixed,combined,331,1,0,1.0,86.22,-73.78,4.197,6.961,0.99,0.094,0.968
histogram,fixed,combined,332,1,0,1.0,86.22,-73.78,4.21,6.978,0.999,0.093,0.936
histogram,fixed,combined,333,1,0,1.0,86.22,-73.78,4.216,6.911,1.002,0.094,0.933
histogram,fixed,combined,334,1,0,1.0,86.22,-73.78,4.196,6.891,1.027,0.099,0.924
histogram,fixed,combined,335,1,0,1.0,86.22,-73.78,4.194,6.95,0.997,0.094,0.988
histogram,fixed,combined,336,1,0,1.0,86.22,-73.78,4.2,6.954,1.0,0.091,0.93
histogram,fixed,combined,337,1,0,1.0,86.22,-73.78,4.181,6.866,0.989,0.094,0.934
histogram,fixed,combined,338,1,0,1.0,86.22,-73.78,4.203,6.961,1.055,0.098,0.924
histogram,fixed,combined,339,1,0,1.0,86.22,-73.78,4.184,6.958,1.001,0.089,1.006
histogram,fixed,combined,340,1,0,1.0,86.22,-73.78,4.198,6.946,0.994,0.088,0.942
histogram,fixed,combined,341,1,0,1.0,86.22,-73.78,4.241,6.99,1.001,0.092,0.954
histogram,fixed,combined,342,1,0,1.0,86.22,-73.78,4.194,6.944,1.064,0.09,0.935
histogram,fixed,combined,343,1,0,1.0,86.22,-73.78,4.2,6.922,0.991,0.095,0.98
histogram,fixed,combined,344,1,0,1.0,86.22,-73.78,4.2,6.968,1.003,0.09,0.934
histogram,fixed,combined,345,1,0,1.0,86.22,-73.78,4.18,6.87,1.0,0.092,0.928
histogram,fixed,combined,346,1,0,1.0,86.22,-73.78,4.197,6.942,1.041,0.097,0.938
histogram,fixed,combined,347,1,0,1.0,86.22,-73.78,4.182,6.975,0.998,0.093,1.03
histogram,fixed,combined,348,1,0,1.0,86.22,-73.78,4.221,7.022,0.988,0.091,0.929
histogram,fixed,combined,349,1,0,1.0,86.22,-73.78,4.181,6.851,0.985,0.097,0.933
histogram,fixed,combined,350,1,0,1.0,86.22,-73.78,4.184,6.954,1.073,0.101,0.923
histogram,fixed,combined,351,1,0,1.0,86.22,-73.78,4.194,6.988,1.0,0.095,0.99
histogram,fixed,combined,352,1,0,1.0,86.22,-73.78,4.249,6.959,0.983,0.087,0.912
histogram,fixed,combined,353,1,0,1.0,86.22,-73.78,4.165,6.86,0.986,0.096,0.936
histogram,fixed,combined,354,1,0,1.0,86.22,-73.78,4.201,6.942,1.04,0.096,0.933
histogram,fixed,combined,355,1,0,1.0,86.22,-73.78,4.245,7.005,1.003,0.092,0.994
histogram,fixed,combined,356,1,0,1.0,86.22,-73.78,4.192,6.923,0.979,0.089,0.927
histogram,fixed,combined,357,1,0,1.0,86.22,-73.78,4.166,6.871,0.988,0.09,0.95
histogram,fixed,combined,358,1,0,1.0,86.22,-73.78,4.213,6.986,1.049,0.095,0.949
histogram,fixed,combined,359,1,0,1.0,86.22,-73.78,4.192,6.917,0.985,0.089,0.975
histogram,fixed,combined,360,1,0,1.0,86.22,-73.78,4.196,6.947,0.994,0.088,0.931
histogram,fixed,combined,361,1,0,1.0,86.22,-73.78,4.18,6.91,0.992,0.091,0.945
histogram,fixed,combined,362,1,0,1.0,86.22,-73.78,4.208,6.934,1.028,0.092,0.926
histogram,fixed,combined,363,1,0,1.0,86.22,-73.78,4.196,7.001,0.995,0.092,1.045
histogram,fixed,combined,364,1,0,1.0,86.22,-73.78,4.207,6.98,0.992,0.088,0.946
histogram,fixed,combined,365,1,0,1.0,86.22,-73.78,4.173,6.86,0.994,0.089,0.935
histogram,fixed,combined,366,1,0,1.0,86.22,-73.78,4.199,6.938,1.047,0.091,0.924
histogram,fixed,combined,367,1,0,1.0,86.22,-73.78,4.25,6.996,0.988,0.093,0.992
histogram,fixed,combined,368,1,0,1.0,86.22,-73.78,4.501,7.89,1.042,0.167,1.46
histogram,fixed,combined,369,1,0,1.0,86.22,-73.78,4.237,7.014,0.996,0.091,0.946
histogram,fixed,combined,370,1,0,1.0,86.22,-73.78,4.224,6.907,0.994,0.087,0.922
histogram,fixed,combined,371,1,0,1.0,86.22,-73.78,4.193,6.985,1.063,0.099,0.924
histogram,fixed,combined,372,1,0,1.0,86.22,-73.78,4.278,7.043,0.992,0.142,0.953
histogram,fixed,combined,373,1,0,1.0,86.22,-73.78,4.181,6.972,1.003,0.093,1.016
histogram,fixed,combined,374,1,0,1.0,86.22,-73.78,4.198,6.893,1.002,0.09,0.92
histogram,fixed,combined,375,1,0,1.0,86.22,-73.78,4.168,6.926,1.0,0.091,0.935
histogram,fixed,combined,376,1,0,1.0,86.22,-73.78,4.424,7.183,1.002,0.151,0.928
histogram,fixed,combined,377,1,0,1.0,86.22,-73.78,4.153,7.687,0.992,0.091,1.778
histogram,fixed,combined,378,1,0,1.0,86.22,-73.78,4.201,6.974,0.997,0.086,0.924
histogram,fixed,combined,379,1,0,1.0,86.22,-73.78,4.204,6.896,0.994,0.089,0.934
histogram,fixed,combined,380,1,0,1.0,86.22,-73.78,4.173,6.941,1.068,0.093,0.931
histogram,fixed,combined,381,1,0,1.0,86.22,-73.78,4.167,6.953,0.994,0.145,0.942
histogram,fixed,combined,382,1,0,1.0,86.22,-73.78,4.187,6.949,1.0,0.087,0.929
histogram,fixed,combined,383,1,0,1.0,86.22,-73.78,4.187,6.892,0.989,0.094,0.932
histogram,fixed,combined,384,1,0,1.0,86.22,-73.78,4.235,6.969,1.053,0.09,0.93
histogram,fixed,combined,385,1,0,1.0,86.22,-73.78,4.199,6.964,0.996,0.161,0.933
histogram,fixed,combined,386,1,0,1.0,86.22,-73.78,4.206,6.973,0.996,0.089,0.994
histogram,fixed,combined,387,1,0,1.0,86.22,-73.78,4.196,6.889,0.997,0.093,0.927
histogram,fixed,combined,388,1,0,1.0,86.22,-73.78,4.181,6.919,1.05,0.091,0.93
histogram,fixed,combined,389,1,0,1.0,86.22,-73.78,4.235,6.991,1.0,0.145,0.948
histogram,fixed,combined,390,1,0,1.0,86.22,-73.78,4.195,6.949,0.987,0.092,0.993
histogram,fixed,combined,391,1,0,1.0,86.22,-73.78,4.173,6.9,0.997,0.093,0.931
histogram,fixed,combined,392,1,0,1.0,86.22,-73.78,4.209,6.937,1.049,0.091,0.918
histogram,fixed,combined,393,1,0,1.0,86.22,-73.78,4.211,6.975,0.995,0.139,0.96
histogram,fixed,combined,394,1,0,1.0,86.22,-73.78,4.204,6.96,0.989,0.088,0.995
histogram,fixed,combined,395,1,0,1.0,86.22,-73.78,4.183,6.883,1.001,0.092,0.927
histogram,fixed,combined,396,1,0,1.0,86.22,-73.78,4.191,6.952,1.051,0.093,0.944
histogram,fixed,combined,397,1,0,1.0,86.22,-73.78,4.223,6.96,0.99,0.135,0.954
histogram,fixed,combined,398,1,0,1.0,86.22,-73.78,4.238,7.022,0.997,0.088,1.007
histogram,fixed,combined,399,1,0,1.0,86.22,-73.78,4.197,6.879,0.991,0.09,0.932
histogram,fixed,combined,400,1,0,1.0,86.22,-73.78,4.21,6.93,1.05,0.088,0.913
histogram,fixed,combined,401,1,0,1.0,86.22,-73.78,4.186,6.992,1.003,0.146,0.958
histogram,fixed,combined,402,1,0,1.0,86.22,-73.78,4.185,6.945,0.994,0.091,1.009
histogram,fixed,combined,403,1,0,1.0,86.22,-73.78,4.201,6.87,0.995,0.093,0.93
histogram,fixed,combined,404,1,0,1.0,86.22,-73.78,4.186,6.902,1.042,0.093,0.917
histogram,fixed,combined,405,1,0,1.0,86.22,-73.78,4.201,6.969,0.989,0.142,0.969
histogram,fixed,combined,406,1,0,1.0,86.22,-73.78,4.2,6.947,0.992,0.091,0.917
histogram,fixed,combined,407,1,0,1.0,86.22,-73.78,4.168,6.857,0.985,0.096,0.93
histogram,fixed,combined,408,1,0,1.0,86.22,-73.78,4.185,6.923,1.051,0.093,0.929
histogram,fixed,combined,409,1,0,1.0,86.22,-73.78,4.193,6.96,1.01,0.09,0.987
histogram,fixed,combined,410,1,0,1.0,86.22,-73.78,4.193,6.967,1.007,0.089,0.925
histogram,fixed,combined,411,1,0,1.0,86.22,-73.78,4.21,6.928,0.986,0.088,0.944
histogram,fixed,combined,412,1,0,1.0,86.22,-73.78,4.233,6.963,1.043,0.094,0.916
histogram,fixed,combined,413,1,0,1.0,86.22,-73.78,4.207,6.938,0.987,0.138,0.934
histogram,fixed,combined,414,1,0,1.0,86.22,-73.78,4.212,6.95,0.986,0.088,0.931
histogram,fixed,combined,415,1,0,1.0,86.22,-73.78,4.183,6.861,0.985,0.095,0.925
histogram,fixed,combined,416,1,0,1.0,86.22,-73.78,4.196,6.944,1.042,0.093,0.947
histogram,fixed,combined,417,1,0,1.0,86.22,-73.78,4.207,6.927,0.988,0.091,0.971
histogram,fixed,combined,418,1,0,1.0,86.22,-73.78,4.215,6.969,1.0,0.089,0.926
histogram,fixed,combined,419,1,0,1.0,86.22,-73.78,4.174,6.861,0.996,0.09,0.938
histogram,fixed,combined,420,1,0,1.0,86.22,-73.78,4.196,6.929,1.034,0.095,0.926
histogram,fixed,combined,421,1,0,1.0,86.22,-73.78,4.197,6.984,0.993,0.091,0.997
histogram,fixed,combined,422,1,0,1.0,86.22,-73.78,4.201,6.93,0.99,0.088,0.916
histogram,fixed,combined,423,1,0,1.0,86.22,-73.78,4.189,6.862,0.986,0.093,0.918
histogram,fixed,combined,424,1,0,1.0,86.22,-73.78,4.2,6.92,1.037,0.094,0.928
histogram,otsu,combined,0,1,0,1.0,150.79,-9.21,5.39,8.644,1.146,0.415,1.005
histogram,otsu,combined,1,1,0,1.0,151.51,-8.49,6.065,9.313,1.116,0.393,0.972
histogram,otsu,combined,2,1,0,1.0,151.51,-8.49,5.908,9.209,1.064,0.412,1.034
histogram,otsu,combined,3,1,0,1.0,151.51,-8.49,5.354,8.694,1.082,0.448,0.983
histogram,otsu,combined,4,1,0,1.0,153.27,-6.73,7.971,11.112,1.084,0.37,0.932
histogram,otsu,combined,5,1,0,1.0,149.73,-10.27,5.054,8.941,1.378,0.418,0.959
histogram,otsu,combined,6,1,0,1.0,157.25,-2.75,5.395,8.5,1.068,0.384,0.946
histogram,otsu,combined,7,1,0,1.0,157.25,-2.75,5.306,9.286,1.157,0.524,1.35
histogram,otsu,combined,8,1,0,1.0,149.56,-10.44,4.379,7.539,1.005,0.374,0.985
histogram,otsu,combined,9,1,0,1.0,150.46,-9.54,4.418,7.491,0.996,0.374,1.016
histogram,otsu,combined,10,1,0,1.0,150.46,-9.54,4.374,7.454,0.994,0.375,1.023
histogram,otsu,combined,11,1,0,1.0,150.41,-9.59,4.437,7.553,1.006,0.374,0.983
histogram,otsu,combined,12,1,0,1.0,151.83,-8.17,4.351,7.49,1.064,0.381,1.0
histogram,otsu,combined,13,1,0,1.0,149.26,-10.74,4.342,7.463,1.061,0.38,0.999
histogram,otsu,combined,14,1,0,1.0,150.64,-9.36,4.353,7.49,0.998,0.422,1.013
histogram,otsu,combined,15,1,0,1.0,152.14,-7.86,4.345,7.576,0.998,0.374,1.13
histogram,otsu,combined,16,1,0,1.0,153.27,-6.73,4.386,7.51,0.997,0.369,1.071
histogram,otsu,combined,17,1,0,1.0,150.13,-9.87,4.338,7.506,1.007,0.374,1.082
histogram,otsu,combined,18,1,0,1.0,151.07,-8.93,4.408,7.448,0.999,0.375,0.966
histogram,otsu,combined,19,1,0,1.0,151.07,-8.93,4.816,7.878,1.012,0.372,0.985
histogram,otsu,combined,20,1,0,1.0,152.4,-7.6,4.313,7.356,0.993,0.367,0.995
histogram,otsu,combined,21,1,0,1.0,152.4,-7.6,4.322,7.415,0.996,0.367,0.988
histogram,otsu,combined,22,1,0,1.0,153.78,-6.22,4.318,7.391,1.065,0.379,0.946
histogram,otsu,combined,23,1,0,1.0,153.78,-6.22,4.31,7.4,1.052,0.383,0.957
histogram,otsu,combined,24,1,0,1.0,151.44,-8.56,4.334,7.426,1.004,0.372,1.018
histogram,otsu,combined,25,1,0,1.0,150.57,-9.43,4.625,9.217,1.02,0.374,2.485
histogram,otsu,combined,26,1,0,1.0,150.55,-9.45,4.263,7.44,1.146,0.395,0.957
histogram,otsu,combined,27,1,0,1.0,150.92,-9.08,4.258,7.315,1.069,0.403,0.925
histogram,otsu,combined,28,1,0,1.0,150.92,-9.08,4.268,7.367,1.068,0.365,0.99
histogram,otsu,combined,29,1,0,1.0,155.26,-4.74,4.232,7.341,1.065,0.368,0.922
histogram,otsu,combined,30,1,0,1.0,150.94,-9.06,4.245,7.276,1.069,0.367,0.912
histogram,otsu,combined,31,1,0,1.0,150.94,-9.06,4.283,7.368,1.058,0.366,0.921
histogram,otsu,combined,32,1,0,1.0,149.68,-10.32,5.061,8.417,1.265,0.442,0.963
histogram,otsu,combined,33,1,0,1.0,155.75,-4.25,4.695,8.072,1.101,0.407,1.073
histogram,otsu,combined,34,1,0,1.0,155.75,-4.25,4.709,8.185,1.027,0.423,1.084
histogram,otsu,combined,35,1,0,1.0,156.63,-3.37,4.554,7.943,1.008,0.397,1.176
histogram,otsu,combined,36,1,0,1.0,150.73,-9.27,4.806,8.075,1.02,0.4,1.12
histogram,otsu,combined,37,1,0,1.0,148.34,-11.66,4.755,8.072,1.009,0.403,1.169
histogram,otsu,combined,38,1,0,1.0,148.34,-11.66,4.451,7.506,1.051,0.399,0.933
histogram,otsu,combined,39,1,0,1.0,156.26,-3.74,4.728,7.69,0.986,0.369,0.932
histogram,otsu,combined,40,1,0,1.0,156.26,-3.74,4.341,7.585,0.994,0.367,1.039
histogram,otsu,combined,41,1,0,1.0,152.38,-7.62,4.184,7.451,1.039,0.411,1.146
histogram,otsu,combined,42,1,0,1.0,150.43,-9.57,4.221,7.268,1.072,0.371,0.925
histogram,otsu,combined,43,1,0,1.0,150.43,-9.57,4.216,7.365,0.999,0.46,1.015
histogram,otsu,combined,44,1,0,1.0,150.05,-9.95,4.219,7.286,0.995,0.362,1.036
histogram,otsu,combined,45,1,0,1.0,150.05,-9.95,4.201,7.269,0.994,0.366,0.939
histogram,otsu,combined,46,1,0,1.0,149.99,-10.01,4.159,7.124,0.982,0.361,0.944
histogram,otsu,combined,47,1,0,1.0,153.35,-6.65,4.219,7.265,1.0,0.366,0.947
histogram,otsu,combined,48,1,0,1.0,153.35,-6.65,4.262,7.285,1.053,0.372,0.927
histogram,otsu,combined,49,1,0,1.0,151.57,-8.43,4.195,7.214,0.994,0.408,0.942
histogram,otsu,combined,50,1,0,1.0,150.26,-9.74,4.2,7.207,0.995,0.359,0.995
histogram,otsu,combined,51,1,0,1.0,150.26,-9.74,4.208,7.173,0.992,0.367,0.929
histogram,otsu,combined,52,1,0,1.0,151.63,-8.37,4.222,7.134,0.979,0.358,0.918
histogram,otsu,combined,53,1,0,1.0,148.88,-11.12,4.171,7.19,1.046,0.367,0.939
histogram,otsu,combined,54,1,0,1.0,148.88,-11.12,4.187,7.216,0.998,0.41,0.944
histogram,otsu,combined,55,1,0,1.0,154.81,-5.19,4.207,7.31,1.006,0.363,1.026
histogram,otsu,combined,56,1,0,1.0,154.81,-5.19,4.169,7.158,0.982,0.363,0.919
histogram,otsu,combined,57,1,0,1.0,148.01,-11.99,4.172,7.113,0.987,0.366,0.932
histogram,otsu,combined,58,1,0,1.0,152.29,-7.71,4.208,7.251,1.056,0.363,0.939
histogram,otsu,combined,59,1,0,1.0,152.29,-7.71,4.209,7.243,1.059,0.372,0.934
histogram,otsu,combined,60,1,0,1.0,155.75,-4.25,4.161,7.16,0.995,0.363,0.966
histogram,otsu,combined,61,1,0,1.0,151.07,-8.93,4.247,7.279,0.991,0.363,1.008
histogram,otsu,combined,62,1,0,1.0,151.07,-8.93,4.281,7.253,0.996,0.363,0.926
histogram,otsu,combined,63,1,0,1.0,150.69,-9.31,4.231,7.198,0.987,0.36,0.941
histogram,otsu,combined,64,1,0,1.0,150.69,-9.31,4.225,7.222,1.042,0.37,0.916
histogram,otsu,combined,65,1,0,1.0,155.24,-4.76,4.143,7.196,1.048,0.365,0.937
histogram,otsu,combined,66,1,0,1.0,156.74,-3.26,4.119,7.197,0.992,0.363,1.049
histogram,otsu,combined,67,1,0,1.0,156.74,-3.26,4.112,7.153,0.989,0.363,0.939
histogram,otsu,combined,68,1,0,1.0,156.28,-3.72,4.131,7.07,0.982,0.364,0.92
histogram,otsu,combined,69,1,0,1.0,155.28,-4.72,4.156,7.173,1.052,0.366,0.928
histogram,otsu,combined,70,1,0,1.0,155.28,-4.72,4.169,7.196,1.045,0.372,0.928
histogram,otsu,combined,71,1,0,1.0,149.17,-10.83,4.15,7.194,1.003,0.361,1.012
histogram,otsu,combined,72,1,0,1.0,149.17,-10.83,4.14,7.156,0.991,0.364,0.924
histogram,otsu,combined,73,1,0,1.0,151.43,-8.57,4.22,7.178,0.992,0.366,0.933
histogram,otsu,combined,74,1,0,1.0,151.43,-8.57,4.216,7.233,0.994,0.361,0.926
histogram,otsu,combined,75,1,0,1.0,151.43,-8.57,4.202,7.264,1.051,0.371,0.932
histogram,otsu,combined,76,1,0,1.0,152.53,-7.47,4.212,7.226,1.001,0.41,0.92
histogram,otsu,combined,77,1,0,1.0,152.98,-7.02,5.084,8.169,0.997,0.383,1.027
histogram,otsu,combined,78,1,0,1.0,152.98,-7.02,4.382,7.543,0.994,0.37,1.096
histogram,otsu,combined,79,1,0,1.0,153.31,-6.69,4.382,7.544,0.998,0.367,1.111
histogram,otsu,combined,80,1,0,1.0,150.62,-9.38,4.361,7.485,0.997,0.373,0.975
histogram,otsu,combined,81,1,0,1.0,153.87,-6.13,4.352,7.43,1.004,0.376,0.995
histogram,otsu,combined,82,1,0,1.0,153.87,-6.13,4.339,7.372,0.993,0.379,0.961
histogram,otsu,combined,83,1,0,1.0,151.58,-8.42,4.306,7.431,1.065,0.376,0.979
histogram,otsu,combined,84,1,0,1.0,151.58,-8.42,4.337,7.47,1.078,0.379,0.982
histogram,otsu,combined,85,1,0,1.0,154.31,-5.69,4.548,7.68,1.052,0.381,0.98
histogram,otsu,combined,86,1,0,1.0,152.89,-7.11,4.349,7.472,1.004,0.432,0.996
histogram,otsu,combined,87,1,0,1.0,152.89,-7.11,4.354,7.485,0.994,0.372,1.072
histogram,otsu,combined,88,1,0,1.0,150.69,-9.31,4.357,7.479,0.999,0.373,1.067
histogram,otsu,combined,89,1,0,1.0,151.87,-8.13,4.41,7.458,1.012,0.376,0.966
histogram,otsu,combined,90,1,0,1.0,151.87,-8.13,4.348,7.365,1.003,0.373,0.952
histogram,otsu,combined,91,1,0,1.0,152.34,-7.66,4.324,7.416,1.002,0.375,0.964
histogram,otsu,combined,92,1,0,1.0,152.34,-7.66,4.317,7.405,1.044,0.382,0.966
histogram,otsu,combined,93,1,0,1.0,152.52,-7.48,4.329,7.43,1.059,0.38,0.969
histogram,otsu,combined,94,1,0,1.0,149.81,-10.19,4.335,7.44,1.011,0.428,0.975
histogram,otsu,combined,95,1,0,1.0,149.81,-10.19,4.56,7.752,1.005,0.375,1.064
histogram,otsu,combined,96,1,0,1.0,153.36,-6.64,4.256,7.309,1.0,0.363,1.019
histogram,otsu,combined,97,1,0,1.0,150.08,-9.92,4.314,7.276,0.987,0.359,0.931
histogram,otsu,combined,98,1,0,1.0,150.08,-9.92,4.288,7.255,0.995,0.364,0.942
histogram,otsu,combined,99,1,0,1.0,151.89,-8.11,4.295,7.324,0.997,0.369,0.931
histogram,otsu,combined,100,1,0,1.0,150.7,-9.3,4.243,7.255,1.036,0.373,0.928
histogram,otsu,combined,101,1,0,1.0,150.72,-9.28,4.21,7.215,0.987,0.411,0.935
histogram,otsu,combined,102,1,0,1.0,150.72,-9.28,4.244,7.288,0.997,0.366,1.011
histogram,otsu,combined,103,1,0,1.0,155.56,-4.44,4.396,7.391,1.001,0.36,0.942
histogram,otsu,combined,104,1,0,1.0,155.56,-4.44,4.32,7.249,0.981,0.362,0.929
histogram,otsu,combined,105,1,0,1.0,150.12,-9.88,4.181,7.248,1.002,0.365,0.924
histogram,otsu,combined,106,1,0,1.0,157.57,-2.43,4.239,7.259,1.036,0.37,0.947
histogram,otsu,combined,107,1,0,1.0,157.57,-2.43,4.24,7.265,1.005,0.412,0.941
histogram,otsu,combined,108,1,0,1.0,157.51,-2.49,4.251,7.308,0.992,0.366,1.023
histogram,otsu,combined,109,1,0,1.0,152.81,-7.19,4.214,7.246,1.003,0.364,0.922
histogram,otsu,combined,110,1,0,1.0,152.81,-7.19,4.218,7.172,0.986,0.364,0.934
histogram,otsu,combined,111,1,0,1.0,149.73,-10.27,4.229,7.257,0.994,0.364,0.935
histogram,otsu,combined,112,1,0,1.0,149.73,-10.27,4.192,7.211,1.041,0.369,0.935
histogram,otsu,combined,113,1,0,1.0,153.39,-6.61,4.229,7.215,0.987,0.358,0.98
histogram,otsu,combined,114,1,0,1.0,155.29,-4.71,4.178,7.201,0.994,0.36,1.003
histogram,otsu,combined,115,1,0,1.0,155.29,-4.71,4.178,7.194,1.009,0.363,0.929
histogram,otsu,combined,116,1,0,1.0,152.5,-7.5,4.195,7.226,0.989,0.364,0.945
histogram,otsu,combined,117,1,0,1.0,153.42,-6.58,4.236,7.237,1.039,0.367,0.924
histogram,otsu,combined,118,1,0,1.0,153.42,-6.58,4.221,7.217,0.987,0.41,0.927
histogram,otsu,combined,119,1,0,1.0,155.26,-4.74,4.176,7.311,0.999,0.361,1.107
histogram,otsu,combined,120,1,0,1.0,155.26,-4.74,4.173,7.17,0.98,0.362,0.916
histogram,otsu,combined,121,1,0,1.0,153.02,-6.98,4.214,7.182,0.999,0.364,0.93
histogram,otsu,combined,122,1,0,1.0,155.27,-4.73,4.15,7.173,0.996,0.362,0.915
histogram,otsu,combined,123,1,0,1.0,155.27,-4.73,4.138,7.15,1.03,0.37,0.929
histogram,otsu,combined,124,1,0,1.0,150.44,-9.56,4.181,7.188,0.989,0.36,0.977
histogram,otsu,combined,125,1,0,1.0,155.78,-4.22,4.138,7.208,0.99,0.364,1.007
histogram,otsu,combined,126,1,0,1.0,155.78,-4.22,4.167,7.129,0.997,0.361,0.925
histogram,otsu,combined,127,1,0,1.0,153.03,-6.97,4.317,7.333,0.991,0.364,0.93
histogram,otsu,combined,128,1,0,1.0,153.03,-6.97,4.292,7.275,1.026,0.363,0.926
histogram,otsu,combined,129,1,0,1.0,152.88,-7.12,4.198,7.234,0.991,0.412,0.954
histogram,otsu,combined,130,1,0,1.0,155.8,-4.2,4.144,7.214,0.992,0.368,1.036
histogram,otsu,combined,131,1,0,1.0,155.8,-4.2,4.138,7.158,0.998,0.363,0.929
histogram,otsu,combined,132,1,0,1.0,149.96,-10.04,4.133,7.082,0.98,0.359,0.93
histogram,otsu,combined,133,1,0,1.0,155.8,-4.2,4.117,7.158,1.069,0.369,0.929
histogram,otsu,combined,134,1,0,1.0,155.8,-4.2,4.155,7.168,1.036,0.364,0.944
histogram,otsu,combined,135,1,0,1.0,152.27,-7.73,4.348,7.442,0.998,0.361,1.034
histogram,otsu,combined,136,1,0,1.0,152.27,-7.73,4.205,7.344,0.998,0.364,1.094
histogram,otsu,combined,137,1,0,1.0,151.89,-8.11,4.209,7.167,0.986,0.364,0.931
histogram,otsu,combined,138,1,0,1.0,152.05,-7.95,4.198,7.192,0.985,0.365,0.965
histogram,otsu,combined,139,1,0,1.0,154.77,-5.23,4.149,7.161,1.053,0.369,0.923
histogram,otsu,combined,140,1,0,1.0,154.77,-5.23,4.184,7.179,0.992,0.413,0.931
histogram,otsu,combined,141,1,0,1.0,150.21,-9.79,4.15,7.215,0.995,0.364,1.034
histogram,otsu,combined,142,1,0,1.0,150.21,-9.79,4.132,7.156,0.985,0.36,0.94
histogram,otsu,combined,143,1,0,1.0,150.37,-9.63,4.266,7.217,0.988,0.363,0.93
histogram,otsu,combined,144,1,0,1.0,150.37,-9.63,4.234,7.246,0.992,0.361,0.913
histogram,otsu,combined,145,1,0,1.0,149.9,-10.1,4.186,7.237,1.046,0.367,0.947
histogram,otsu,combined,146,1,0,1.0,149.9,-10.1,4.231,7.238,0.992,0.364,0.975
histogram,otsu,combined,147,1,0,1.0,156.29,-3.71,4.126,7.187,1.003,0.364,1.013
histogram,otsu,combined,148,1,0,1.0,151.83,-8.17,4.284,7.234,0.991,0.365,0.914
histogram,otsu,combined,149,1,0,1.0,154.3,-5.7,4.188,7.2,0.982,0.36,0.933
histogram,otsu,combined,150,1,0,1.0,154.3,-5.7,4.178,7.215,1.047,0.378,0.941
histogram,otsu,combined,151,1,0,1.0,154.8,-5.2,4.18,7.207,1.005,0.411,0.937
histogram,otsu,combined,152,1,0,1.0,154.8,-5.2,4.208,7.268,0.995,0.363,1.03
histogram,otsu,combined,153,1,0,1.0,151.53,-8.47,4.206,7.23,0.984,0.361,0.934
histogram,otsu,combined,154,1,0,1.0,152.43,-7.57,4.202,7.134,0.984,0.362,0.925
histogram,otsu,combined,155,1,0,1.0,152.43,-7.57,4.192,7.258,0.992,0.365,0.941
histogram,otsu,combined,156,1,0,1.0,150.61,-9.39,4.216,7.243,1.047,0.368,0.945
histogram,otsu,combined,157,1,0,1.0,154.52,-5.48,4.526,7.573,1.0,0.408,0.966
histogram,otsu,combined,158,1,0,1.0,154.52,-5.48,4.215,7.254,0.984,0.364,1.015
histogram,otsu,combined,159,1,0,1.0,155.25,-4.75,4.188,7.221,0.987,0.363,0.936
histogram,otsu,combined,160,1,0,1.0,155.25,-4.75,4.19,7.127,0.983,0.364,0.914
histogram,otsu,combined,161,1,0,1.0,151.47,-8.53,4.185,7.198,0.98,0.362,0.93
histogram,otsu,combined,162,1,0,1.0,151.47,-8.53,4.267,7.281,1.043,0.367,0.934
histogram,otsu,combined,163,1,0,1.0,150.51,-9.49,4.172,7.2,0.998,0.413,0.932
histogram,otsu,combined,164,1,0,1.0,150.51,-9.49,4.209,7.239,0.987,0.364,1.006
histogram,otsu,combined,165,1,0,1.0,151.55,-8.45,4.197,7.272,0.994,0.362,0.953
histogram,otsu,combined,166,1,0,1.0,151.55,-8.45,4.211,7.164,0.997,0.364,0.92
histogram,otsu,combined,167,1,0,1.0,151.76,-8.24,4.171,7.21,1.04,0.363,0.967
histogram,otsu,combined,168,1,0,1.0,151.76,-8.24,4.195,7.194,1.038,0.368,0.928
histogram,otsu,combined,169,1,0,1.0,156.81,-3.19,4.124,7.168,0.991,0.357,1.018
histogram,otsu,combined,170,1,0,1.0,156.81,-3.19,4.107,7.132,0.998,0.363,0.933
histogram,otsu,combined,171,1,0,1.0,156.32,-3.68,4.092,7.028,0.985,0.36,0.927
histogram,otsu,combined,172,1,0,1.0,156.32,-3.68,4.115,7.146,1.043,0.368,0.933
histogram,otsu,combined,173,1,0,1.0,155.81,-4.19,4.131,7.128,0.994,0.371,0.917
histogram,otsu,combined,174,1,0,1.0,155.39,-4.61,4.156,7.199,0.981,0.363,1.02
histogram,otsu,combined,175,1,0,1.0,155.39,-4.61,4.259,7.246,0.983,0.363,0.931
histogram,otsu,combined,176,1,0,1.0,155.39,-4.61,4.145,7.114,0.994,0.361,0.928
histogram,otsu,combined,177,1,0,1.0,150.59,-9.41,4.203,7.236,1.054,0.369,0.932
histogram,otsu,combined,178,1,0,1.0,150.59,-9.41,4.212,7.207,1.032,0.361,0.945
histogram,otsu,combined,179,1,0,1.0,154.79,-5.21,4.261,7.262,0.995,0.363,0.985
histogram,otsu,combined,180,1,0,1.0,154.79,-5.21,4.18,7.294,0.996,0.364,1.067
histogram,otsu,combined,181,1,0,1.0,150.92,-9.08,4.244,7.197,0.991,0.364,0.921
histogram,otsu,combined,182,1,0,1.0,149.37,-10.63,4.144,7.179,0.987,0.363,0.944
histogram,otsu,combined,183,1,0,1.0,149.37,-10.63,4.147,7.153,1.038,0.368,0.931
histogram,otsu,combined,184,1,0,1.0,151.6,-8.4,4.195,7.188,0.994,0.409,0.927
histogram,otsu,combined,185,1,0,1.0,153.97,-6.03,4.259,7.34,1.005,0.367,1.009
histogram,otsu,combined,186,1,0,1.0,153.97,-6.03,4.27,7.205,0.987,0.365,0.917
histogram,otsu,combined,187,1,0,1.0,150.85,-9.15,4.19,7.152,0.999,0.365,0.93
histogram,otsu,combined,188,1,0,1.0,150.85,-9.15,4.2,7.222,0.988,0.366,0.927
histogram,otsu,combined,189,1,0,1.0,151.21,-8.79,4.095,7.135,1.043,0.364,0.954
histogram,otsu,combined,190,1,0,1.0,151.21,-8.79,4.128,7.214,1.001,0.362,1.048
histogram,otsu,combined,191,1,0,1.0,151.21,-8.79,4.139,7.172,0.999,0.365,0.995
histogram,otsu,combined,192,1,0,1.0,152.97,-7.03,4.136,7.109,0.996,0.364,0.935
histogram,otsu,combined,193,1,0,1.0,156.03,-3.97,4.123,7.171,1.001,0.363,0.951
histogram,otsu,combined,194,1,0,1.0,158.22,-1.78,4.061,7.075,1.046,0.368,0.92
histogram,otsu,combined,195,1,0,1.0,158.22,-1.78,4.044,7.103,0.99,0.364,1.001
histogram,otsu,combined,196,1,0,1.0,155.97,-4.03,4.135,7.156,0.996,0.364,0.919
histogram,otsu,combined,197,1,0,1.0,155.15,-4.85,4.206,7.18,0.997,0.363,0.941
histogram,otsu,combined,198,1,0,1.0,155.15,-4.85,4.176,7.161,0.981,0.363,0.917
histogram,otsu,combined,199,1,0,1.0,156.29,-3.71,4.096,7.135,1.035,0.367,0.961
histogram,otsu,combined,200,1,0,1.0,156.29,-3.71,4.166,7.18,0.986,0.363,0.988
histogram,otsu,combined,201,1,0,1.0,156.44,-3.56,4.097,7.128,0.991,0.365,1.004
histogram,otsu,combined,202,1,0,1.0,156.12,-3.88,4.124,7.096,0.994,0.36,0.932
histogram,otsu,combined,203,1,0,1.0,156.12,-3.88,4.112,7.153,0.998,0.364,0.924
histogram,otsu,combined,204,1,0,1.0,158.72,-1.28,4.035,7.045,1.049,0.367,0.919
histogram,otsu,combined,205,1,0,1.0,158.14,-1.86,4.042,7.072,0.987,0.358,0.985
histogram,otsu,combined,206,1,0,0.9458,160.17,0.17,3.924,6.983,0.995,0.364,0.942
histogram,otsu,combined,207,1,0,0.9458,160.17,0.17,3.95,6.931,0.986,0.364,0.963
histogram,otsu,combined,208,1,0,0.9944,160.68,0.68,3.837,6.83,1.032,0.37,0.921
histogram,otsu,combined,209,1,0,0.95,159.92,-0.08,3.796,6.837,1.0,0.36,1.001
histogram,otsu,combined,210,1,0,0.95,159.92,-0.08,3.764,6.738,0.982,0.361,0.953
histogram,otsu,combined,211,1,0,0.9528,159.87,-0.13,3.794,6.831,1.0,0.364,0.937
histogram,otsu,combined,212,1,0,0.9528,159.87,-0.13,3.815,6.814,1.032,0.368,0.933
histogram,otsu,combined,213,1,0,0.9514,160.14,0.14,3.739,6.79,0.995,0.36,1.012
histogram,otsu,combined,214,1,0,0.9486,159.3,-0.7,4.467,7.42,0.984,0.365,0.916
histogram,otsu,combined,215,1,0,0.9486,159.3,-0.7,4.221,7.484,1.034,0.394,1.016
histogram,otsu,combined,216,1,0,0.95,159.62,-0.38,4.021,7.39,1.068,0.398,1.209
histogram,otsu,combined,217,1,0,0.9444,160.19,0.19,4.011,7.116,1.048,0.381,0.982
histogram,otsu,combined,218,1,0,0.9444,160.19,0.19,4.018,7.258,1.004,0.372,1.155
histogram,otsu,combined,219,1,0,0.9639,159.05,-0.95,3.996,7.168,1.008,0.37,1.096
histogram,otsu,combined,220,1,0,0.9639,159.05,-0.95,4.07,7.13,1.002,0.377,0.992
histogram,otsu,combined,221,1,0,0.9958,159.83,-0.17,3.949,7.082,1.016,0.374,0.982
histogram,otsu,combined,222,1,0,0.9403,158.33,-1.67,4.076,7.179,1.064,0.376,0.969
histogram,otsu,combined,223,1,0,0.9403,158.33,-1.67,4.116,7.251,1.005,0.374,1.052
histogram,otsu,combined,224,1,0,0.9403,158.33,-1.67,4.069,7.206,1.0,0.368,1.078
histogram,otsu,combined,225,1,0,0.9167,159.27,-0.73,4.059,7.159,1.004,0.38,0.978
histogram,otsu,combined,226,1,0,0.9167,159.27,-0.73,4.094,7.201,1.008,0.369,0.964
histogram,otsu,combined,227,1,0,0.9625,159.72,-0.28,3.928,7.049,1.059,0.38,0.996
histogram,otsu,combined,228,1,0,0.9625,159.72,-0.28,3.954,7.037,0.995,0.425,0.969
histogram,otsu,combined,229,1,0,0.9569,159.55,-0.45,4.014,7.159,1.009,0.374,1.074
histogram,otsu,combined,230,1,0,0.9569,159.55,-0.45,4.018,7.071,1.005,0.375,0.98
histogram,otsu,combined,231,1,0,0.9569,159.55,-0.45,4.019,7.136,1.007,0.374,0.977
histogram,otsu,combined,232,1,0,0.9792,159.0,-1.0,3.985,7.073,1.045,0.379,0.968
histogram,otsu,combined,233,1,0,0.9819,157.56,-2.44,4.342,7.5,1.007,0.371,1.086
histogram,otsu,combined,234,1,0,0.9819,157.56,-2.44,4.025,7.065,0.999,0.362,1.007
histogram,otsu,combined,235,1,0,0.9778,159.7,-0.3,3.884,6.911,0.995,0.364,0.962
histogram,otsu,combined,236,1,0,0.9778,159.7,-0.3,3.947,6.978,0.99,0.367,0.921
histogram,otsu,combined,237,1,0,0.9806,157.57,-2.43,4.032,7.063,1.04,0.369,0.943
histogram,otsu,combined,238,1,0,0.9806,157.57,-2.43,3.997,7.033,0.994,0.363,1.009
histogram,otsu,combined,239,1,0,0.9806,157.57,-2.43,4.019,6.979,0.993,0.363,0.933
histogram,otsu,combined,240,1,0,1.0,156.35,-3.65,3.883,6.821,0.98,0.363,0.919
histogram,otsu,combined,241,1,0,0.95,160.23,0.23,4.006,7.034,1.051,0.369,0.939
histogram,otsu,combined,242,1,0,0.95,160.23,0.23,4.005,7.017,0.993,0.367,0.973
histogram,otsu,combined,243,1,0,0.9083,157.11,-2.89,3.631,6.674,0.999,0.358,0.942
histogram,otsu,combined,244,1,0,0.8819,90.89,-69.11,4.029,7.077,1.0,0.364,0.942
histogram,otsu,combined,245,1,1,0.6,24.68,-135.32,4.067,7.13,1.053,0.368,0.937
histogram,otsu,combined,246,1,1,0.6,24.68,-135.32,4.071,7.086,0.986,0.361,0.994
histogram,otsu,combined,247,1,1,0.6,300.9,140.9,3.889,6.959,1.002,0.362,1.03
histogram,otsu,combined,248,1,1,0.6,300.9,140.9,3.932,6.883,0.984,0.365,0.922
histogram,otsu,combined,249,1,1,0.6,290.22,130.22,3.886,6.924,1.042,0.366,0.956
histogram,otsu,combined,250,1,1,0.6,290.22,130.22,3.907,7.008,1.01,0.403,1.016
histogram,otsu,combined,251,1,1,0.6,290.22,130.22,3.867,6.909,0.994,0.363,1.015
histogram,otsu,combined,252,1,1,0.6,286.46,126.46,3.966,6.937,0.985,0.364,0.94
histogram,otsu,combined,253,1,1,0.6,280.69,120.69,3.967,6.99,1.042,0.366,0.948
histogram,otsu,combined,254,1,1,0.6,280.69,120.69,3.948,6.943,0.985,0.409,0.928
histogram,otsu,combined,255,1,1,0.6,280.12,120.12,3.947,7.038,1.002,0.363,1.027
histogram,otsu,combined,256,1,1,0.6,280.12,120.12,3.949,6.911,0.98,0.361,0.933
histogram,otsu,combined,257,1,1,0.6,277.27,117.27,3.912,6.953,1.049,0.363,0.95
histogram,otsu,combined,258,1,1,0.6,276.38,116.38,3.916,6.92,0.987,0.407,0.942
histogram,otsu,combined,259,1,1,0.6,276.38,116.38,3.892,6.92,0.99,0.36,0.999
histogram,otsu,combined,260,1,1,0.6,276.85,116.85,3.964,6.938,0.99,0.361,0.942
histogram,otsu,combined,261,1,1,0.6,275.46,115.46,3.947,6.974,1.044,0.368,0.932
histogram,otsu,combined,262,1,1,0.6,275.46,115.46,3.954,6.97,0.996,0.409,0.928
histogram,otsu,combined,263,1,1,0.6,275.55,115.55,3.955,6.996,0.999,0.361,1.006
histogram,otsu,combined,264,1,1,0.6,275.06,115.06,4.016,6.987,0.986,0.366,0.934
histogram,otsu,combined,265,1,1,0.6,275.24,115.24,3.967,7.023,1.049,0.364,0.928
histogram,otsu,combined,266,1,1,0.6,275.24,115.24,3.982,6.98,1.034,0.371,0.914
histogram,otsu,combined,267,1,1,0.6,274.91,114.91,3.933,6.996,0.997,0.362,1.03
histogram,otsu,combined,268,1,1,0.6,274.91,114.91,3.941,6.907,1.001,0.363,0.925
histogram,otsu,combined,269,1,1,0.6,275.43,115.43,3.943,6.956,0.984,0.366,0.925
histogram,otsu,combined,270,1,1,0.6,274.93,114.93,3.935,7.002,1.047,0.369,0.94
histogram,otsu,combined,271,1,1,0.6,274.93,114.93,3.934,7.088,0.985,0.364,1.13
histogram,otsu,combined,272,1,1,0.6,275.55,115.55,3.967,6.911,0.984,0.36,0.924
histogram,otsu,combined,273,1,1,0.6,275.5,115.5,3.934,6.975,0.993,0.364,0.94
histogram,otsu,combined,274,1,1,0.6,275.5,115.5,3.96,6.967,1.041,0.37,0.928
histogram,otsu,combined,275,1,1,0.6,275.5,115.5,3.959,7.05,0.993,0.365,1.023
histogram,otsu,combined,276,1,1,0.6,274.95,114.95,3.937,6.838,0.988,0.363,0.906
histogram,otsu,combined,277,1,1,0.6,275.49,115.49,3.941,6.951,0.996,0.363,0.934
histogram,otsu,combined,278,1,1,0.6,275.47,115.47,4.056,7.081,1.044,0.367,0.941
histogram,otsu,combined,279,1,1,0.6,275.47,115.47,3.948,6.959,0.982,0.366,0.985
histogram,otsu,combined,280,1,1,0.6,274.93,114.93,3.867,6.909,0.997,0.36,0.93
histogram,otsu,combined,281,1,1,0.6,274.93,114.93,3.915,6.878,0.991,0.359,0.938
histogram,otsu,combined,282,1,1,0.6,275.07,115.07,3.925,6.922,1.037,0.368,0.919
histogram,otsu,combined,283,1,1,0.6,275.07,115.07,3.96,6.993,0.995,0.364,1.004
histogram,otsu,combined,284,1,1,0.6,275.59,115.59,3.986,7.006,0.991,0.364,0.933
histogram,otsu,combined,285,1,1,0.6,275.54,115.54,3.952,6.949,0.985,0.365,0.94
histogram,otsu,combined,286,1,1,0.6,275.54,115.54,3.943,6.957,1.035,0.366,0.939
histogram,otsu,combined,287,1,1,0.6,274.95,114.95,3.945,6.927,0.988,0.363,0.977
histogram,otsu,combined,288,1,1,0.6,274.99,114.99,3.951,6.969,0.989,0.364,0.923
histogram,otsu,combined,289,1,1,0.6,274.86,114.86,3.988,6.908,0.98,0.366,0.922
histogram,otsu,combined,290,1,1,0.6,274.86,114.86,3.955,7.009,1.045,0.371,0.968
histogram,otsu,combined,291,1,1,0.6,275.53,115.53,3.957,6.939,0.986,0.406,0.938
histogram,otsu,combined,292,1,1,0.6,275.53,115.53,3.941,6.923,0.989,0.364,0.92
histogram,otsu,combined,293,1,1,0.6,275.47,115.47,3.937,6.878,0.985,0.368,0.932
histogram,otsu,combined,294,1,1,0.6,275.47,115.47,3.962,6.961,1.039,0.37,0.915
histogram,otsu,combined,295,1,1,0.6,275.59,115.59,3.941,7.009,0.993,0.362,0.996
histogram,otsu,combined,296,1,1,0.6,275.59,115.59,3.929,6.957,0.992,0.363,0.937
histogram,otsu,combined,297,1,1,0.6,275.6,115.6,3.928,6.89,0.994,0.365,0.932
histogram,otsu,combined,298,1,1,0.6,275.6,115.6,3.997,7.019,1.047,0.365,0.934
histogram,otsu,combined,299,1,1,0.6,275.6,115.6,3.948,6.976,0.993,0.407,0.946
histogram,otsu,combined,300,1,1,0.6,274.88,114.88,3.93,6.932,0.983,0.357,0.993
histogram,otsu,combined,301,1,1,0.6,275.44,115.44,4.281,7.251,0.99,0.364,0.936
histogram,otsu,combined,302,1,1,0.6,275.36,115.36,3.957,6.997,0.995,0.364,0.946
histogram,otsu,combined,303,1,1,0.6,275.36,115.36,3.966,6.955,1.04,0.369,0.919
histogram,otsu,combined,304,1,1,0.6,275.07,115.07,3.931,6.962,0.993,0.363,1.015
histogram,otsu,combined,305,1,1,0.6,275.38,115.38,3.932,6.922,0.994,0.363,0.931
histogram,otsu,combined,306,1,1,0.6,275.38,115.38,3.944,6.956,0.988,0.361,0.932
histogram,otsu,combined,307,1,1,0.6,275.37,115.37,3.937,6.961,1.032,0.365,0.944
histogram,otsu,combined,308,1,1,0.6,275.37,115.37,3.959,7.007,0.988,0.366,1.019
histogram,otsu,combined,309,1,1,0.6,274.81,114.81,3.94,6.902,0.995,0.359,0.937
histogram,otsu,combined,310,1,1,0.6,275.26,115.26,3.962,6.976,0.99,0.365,0.926
histogram,otsu,combined,311,1,1,0.6,275.26,115.26,3.95,6.989,1.052,0.371,0.937
histogram,otsu,combined,312,1,1,0.6,274.76,114.76,3.994,7.035,1.003,0.363,1.009
histogram,otsu,combined,313,1,1,0.6,274.9,114.9,3.938,6.885,0.99,0.365,0.938
histogram,otsu,combined,314,1,1,0.6,274.9,114.9,3.901,6.948,0.995,0.362,0.95
histogram,otsu,combined,315,1,1,0.6,274.68,114.68,3.932,6.997,1.04,0.372,0.939
histogram,otsu,combined,316,1,1,0.6,274.68,114.68,3.953,6.984,0.999,0.363,1.002
histogram,otsu,combined,317,1,1,0.6,275.22,115.22,3.951,6.891,0.985,0.361,0.926
histogram,otsu,combined,318,1,1,0.6,275.22,115.22,3.967,6.993,0.982,0.361,0.924
histogram,otsu,combined,319,1,1,0.6,274.78,114.78,3.945,6.965,1.045,0.365,0.928
histogram,otsu,combined,320,1,1,0.6,274.78,114.78,3.962,6.954,0.991,0.358,0.981
histogram,otsu,combined,321,1,1,0.6,274.76,114.76,3.875,6.918,1.014,0.359,0.929
histogram,otsu,combined,322,1,1,0.6,275.2,115.2,3.964,6.932,0.995,0.358,0.939
histogram,otsu,combined,323,1,1,0.6,275.2,115.2,3.972,7.015,1.048,0.367,0.943
histogram,otsu,combined,324,1,1,0.6,274.08,114.08,3.942,6.986,0.986,0.363,1.025
histogram,otsu,combined,325,1,1,0.6,275.17,115.17,3.954,7.03,1.002,0.365,0.947
histogram,otsu,combined,326,1,1,0.6,275.37,115.37,3.972,7.05,0.989,0.364,1.046
histogram,otsu,combined,327,1,1,0.6,275.37,115.37,3.938,6.955,1.039,0.366,0.944
histogram,otsu,combined,328,1,1,0.6,275.37,115.37,3.954,6.977,1.0,0.41,0.944
histogram,otsu,combined,329,1,1,0.6,274.69,114.69,3.952,6.988,0.986,0.368,1.009
histogram,otsu,combined,330,1,1,0.6,274.69,114.69,3.964,6.925,0.981,0.363,0.947
histogram,otsu,combined,331,1,1,0.6,274.69,114.69,3.946,6.984,1.045,0.367,0.943
histogram,otsu,combined,332,1,1,0.6,274.84,114.84,3.933,6.937,0.996,0.413,0.923
histogram,otsu,combined,333,1,1,0.6,274.81,114.81,3.95,6.989,0.998,0.363,1.008
histogram,otsu,combined,334,1,1,0.6,274.81,114.81,3.957,6.912,0.997,0.364,0.921
histogram,otsu,combined,335,1,1,0.6,275.46,115.46,3.942,6.994,1.054,0.366,0.931
histogram,otsu,combined,336,1,1,0.6,275.46,115.46,3.955,6.939,1.038,0.368,0.926
histogram,otsu,combined,337,1,1,0.6,275.41,115.41,4.039,7.097,1.002,0.365,1.018
histogram,otsu,combined,338,1,1,0.6,275.41,115.41,3.933,6.874,0.984,0.359,0.92
histogram,otsu,combined,339,1,1,0.6,275.41,115.41,3.939,6.973,0.996,0.359,0.935
histogram,otsu,combined,340,1,1,0.6,275.49,115.49,3.982,7.001,1.055,0.366,0.924
histogram,otsu,combined,341,1,1,0.6,275.72,115.72,3.975,7.023,0.992,0.363,1.018
histogram,otsu,combined,342,1,1,0.6,275.72,115.72,3.978,6.932,0.992,0.363,0.92
histogram,otsu,combined,343,1,1,0.6,275.66,115.66,3.964,6.985,1.003,0.363,0.926
histogram,otsu,combined,344,1,1,0.6,275.66,115.66,3.964,6.969,1.043,0.369,0.927
histogram,otsu,combined,345,1,1,0.6,275.65,115.65,3.969,7.045,0.986,0.362,1.019
histogram,otsu,combined,346,1,1,0.6,275.77,115.77,3.962,6.915,0.997,0.359,0.925
histogram,otsu,combined,347,1,1,0.6,275.77,115.77,3.939,6.974,0.993,0.362,0.944
histogram,otsu,combined,348,1,1,0.6,275.72,115.72,3.964,6.98,1.031,0.364,0.945
histogram,otsu,combined,349,1,1,0.6,275.59,115.59,3.95,6.959,0.994,0.36,0.978
histogram,otsu,combined,350,1,1,0.6,275.59,115.59,3.901,6.908,0.987,0.359,0.926
histogram,otsu,combined,351,1,1,0.6,275.76,115.76,3.97,6.957,0.99,0.361,0.95
histogram,otsu,combined,352,1,1,0.6,275.76,115.76,3.951,6.969,1.049,0.37,0.923
histogram,otsu,combined,353,1,1,0.6,275.6,115.6,3.993,7.01,0.994,0.363,0.993
histogram,otsu,combined,354,1,1,0.6,275.68,115.68,3.953,6.979,0.998,0.362,0.921
histogram,otsu,combined,355,1,1,0.6,275.68,115.68,3.999,6.988,0.993,0.365,0.933
histogram,otsu,combined,356,1,1,0.6,275.13,115.13,4.84,7.989,1.039,0.376,1.02
histogram,otsu,combined,357,1,1,0.6,275.14,115.14,3.925,6.958,1.035,0.377,0.949
histogram,otsu,combined,358,1,1,0.6,275.14,115.14,3.958,6.982,0.996,0.412,0.946
histogram,otsu,combined,359,1,1,0.6,275.66,115.66,3.946,7.013,0.987,0.363,1.037
histogram,otsu,combined,360,1,1,0.6,275.66,115.66,4.003,6.97,0.988,0.361,0.944
histogram,otsu,combined,361,1,1,0.6,275.72,115.72,3.929,7.046,1.095,0.382,0.969
histogram,otsu,combined,362,1,1,0.6,275.71,115.71,3.97,6.993,1.05,0.372,0.932
histogram,otsu,combined,363,1,1,0.6,275.71,115.71,3.965,7.008,0.992,0.363,1.019
histogram,otsu,combined,364,1,1,0.6,275.11,115.11,3.949,6.87,0.986,0.363,0.922
histogram,otsu,combined,365,1,1,0.6,275.64,115.64,3.945,7.009,0.998,0.364,0.933
histogram,otsu,combined,366,1,1,0.6,275.64,115.64,3.965,6.979,1.042,0.366,0.93
histogram,otsu,combined,367,1,1,0.6,275.03,115.03,3.939,6.981,0.987,0.365,1.032
histogram,otsu,combined,368,1,1,0.6,275.03,115.03,3.945,6.894,0.991,0.362,0.929
histogram,otsu,combined,369,1,1,0.6,275.59,115.59,3.984,7.023,0.99,0.365,0.938
histogram,otsu,combined,370,1,1,0.6,275.09,115.09,3.925,6.944,1.048,0.369,0.926
histogram,otsu,combined,371,1,1,0.6,275.09,115.09,3.951,7.006,0.988,0.365,1.027
histogram,otsu,combined,372,1,1,0.6,275.71,115.71,3.945,6.897,0.996,0.358,0.921
histogram,otsu,combined,373,1,1,0.6,275.67,115.67,3.943,6.975,0.997,0.36,0.928
histogram,otsu,combined,374,1,1,0.6,275.67,115.67,3.977,6.995,1.041,0.365,0.929
histogram,otsu,combined,375,1,1,0.6,276.23,116.23,3.964,7.03,0.987,0.361,0.996
histogram,otsu,combined,376,1,1,0.6,276.23,116.23,3.93,6.925,0.988,0.361,0.917
histogram,otsu,combined,377,1,1,0.6,275.68,115.68,3.956,6.905,0.979,0.361,0.934
histogram,otsu,combined,378,1,1,0.6,275.62,115.62,3.971,6.991,1.038,0.369,0.941
histogram,otsu,combined,379,1,1,0.6,275.62,115.62,3.941,6.934,0.985,0.372,0.973
histogram,otsu,combined,380,1,1,0.6,275.62,115.62,3.967,6.974,0.999,0.365,0.915
histogram,otsu,combined,381,1,1,0.6,275.68,115.68,3.964,6.923,0.982,0.364,0.942
histogram,otsu,combined,382,1,1,0.6,275.68,115.68,3.944,6.966,1.052,0.367,0.917
histogram,otsu,combined,383,1,1,0.6,275.6,115.6,3.981,6.997,0.988,0.36,1.002
histogram,otsu,combined,384,1,1,0.6,276.14,116.14,3.973,7.016,0.997,0.363,0.944
histogram,otsu,combined,385,1,1,0.6,275.09,115.09,3.936,6.935,0.987,0.365,0.939
histogram,otsu,combined,386,1,1,0.6,275.09,115.09,3.945,6.947,1.032,0.37,0.926
histogram,otsu,combined,387,1,1,0.6,275.62,115.62,3.956,6.967,1.002,0.41,0.925
histogram,otsu,combined,388,1,1,0.6,275.62,115.62,3.956,6.968,0.994,0.365,0.98
histogram,otsu,combined,389,1,1,0.6,275.72,115.72,3.94,6.907,0.992,0.364,0.934
histogram,otsu,combined,390,1,1,0.6,275.63,115.63,3.954,6.954,1.034,0.366,0.924
histogram,otsu,combined,391,1,1,0.6,275.63,115.63,3.939,6.956,0.996,0.412,0.935
histogram,otsu,combined,392,1,1,0.6,275.63,115.63,3.96,7.151,1.143,0.367,1.011
histogram,otsu,combined,393,1,1,0.6,275.71,115.71,3.944,6.892,0.98,0.364,0.929
histogram,otsu,combined,394,1,1,0.6,275.71,115.71,3.967,7.003,1.062,0.363,0.936
histogram,otsu,combined,395,1,1,0.6,275.76,115.76,3.949,7.009,0.985,0.41,0.939
histogram,otsu,combined,396,1,1,0.6,275.76,115.76,3.965,6.998,0.987,0.359,1.017
histogram,otsu,combined,397,1,1,0.6,275.74,115.74,3.986,6.968,0.99,0.364,0.951
histogram,otsu,combined,398,1,1,0.6,275.72,115.72,3.95,7.057,1.007,0.367,0.925
histogram,otsu,combined,399,1,1,0.6,275.72,115.72,3.961,6.987,1.04,0.368,0.954
histogram,otsu,combined,400,1,1,0.6,275.01,115.01,3.964,6.988,0.993,0.362,1.002
histogram,otsu,combined,401,1,1,0.6,275.64,115.64,3.946,6.924,0.996,0.363,0.948
histogram,otsu,combined,402,1,1,0.6,275.64,115.64,3.956,7.065,0.995,0.364,1.002
histogram,otsu,combined,403,1,1,0.6,275.61,115.61,3.953,6.929,1.028,0.369,0.922
histogram,otsu,combined,404,1,1,0.6,275.61,115.61,3.973,6.989,0.996,0.363,0.983
histogram,otsu,combined,405,1,1,0.6,275.63,115.63,3.869,7.0,0.994,0.363,0.921
histogram,otsu,combined,406,1,1,0.6,275.71,115.71,3.968,6.934,0.994,0.358,0.923
histogram,otsu,combined,407,1,1,0.6,275.71,115.71,3.942,6.951,1.034,0.366,0.93
histogram,otsu,combined,408,1,1,0.6,275.75,115.75,3.967,6.968,0.985,0.36,0.979
histogram,otsu,combined,409,1,1,0.6,275.2,115.2,3.924,6.953,0.988,0.36,0.933
histogram,otsu,combined,410,1,1,0.6,275.2,115.2,3.943,6.91,0.977,0.36,0.943
histogram,otsu,combined,411,1,1,0.6,275.66,115.66,3.97,6.999,1.044,0.364,0.941
histogram,otsu,combined,412,1,1,0.6,275.66,115.66,3.957,6.972,0.991,0.364,0.937
histogram,otsu,combined,413,1,1,0.6,275.69,115.69,3.948,7.0,1.001,0.365,0.94
histogram,otsu,combined,414,1,1,0.6,275.65,115.65,3.96,6.918,0.983,0.366,0.925
histogram,otsu,combined,415,1,1,0.6,275.65,115.65,3.945,6.974,1.032,0.366,0.93
histogram,otsu,combined,416,1,1,0.6,275.62,115.62,3.956,6.96,0.995,0.413,0.928
histogram,otsu,combined,417,1,1,0.6,275.59,115.59,3.963,7.021,0.994,0.366,1.021
histogram,otsu,combined,418,1,1,0.6,275.59,115.59,3.947,6.909,0.995,0.363,0.927
histogram,otsu,combined,419,1,1,0.6,275.7,115.7,3.938,6.947,1.037,0.363,0.933
histogram,otsu,combined,420,1,1,0.6,275.7,115.7,3.966,6.97,0.988,0.409,0.931
histogram,otsu,combined,421,1,1,0.6,275.79,115.79,3.922,6.919,0.972,0.358,1.009
histogram,otsu,combined,422,1,1,0.6,276.17,116.17,3.964,6.912,0.986,0.363,0.917
histogram,otsu,combined,423,1,1,0.6,276.17,116.17,3.969,7.006,1.046,0.363,0.945
histogram,otsu,combined,424,1,1,0.6,275.63,115.63,3.941,7.057,0.984,0.506,0.957
histogram,adaptive,combined,0,1,0,1.0,86.22,-73.78,6.351,17.231,0.988,7.711,1.444
histogram,adaptive,combined,1,1,0,1.0,86.22,-73.78,9.382,22.404,1.211,8.869,1.961
histogram,adaptive,combined,2,1,0,1.0,86.22,-73.78,6.181,17.403,1.012,7.771,1.623
histogram,adaptive,combined,3,1,0,1.0,86.22,-73.78,4.31,14.488,1.054,7.197,1.224
histogram,adaptive,combined,4,1,0,1.0,86.22,-73.78,4.383,14.51,1.0,7.292,1.132
histogram,adaptive,combined,5,1,0,1.0,86.22,-73.78,4.306,14.376,0.992,7.26,1.112
histogram,adaptive,combined,6,1,0,1.0,86.22,-73.78,4.311,14.52,1.053,7.243,1.23
histogram,adaptive,combined,7,1,0,1.0,86.22,-73.78,4.31,14.379,1.004,7.244,1.124
histogram,adaptive,combined,8,1,0,1.0,86.22,-73.78,4.329,14.505,0.994,7.283,1.118
histogram,adaptive,combined,9,1,0,1.0,86.22,-73.78,4.322,14.769,1.0,7.523,1.205
histogram,adaptive,combined,10,1,0,1.0,86.22,-73.78,4.318,14.449,0.996,7.311,1.126
histogram,adaptive,combined,11,1,0,1.0,86.22,-73.78,4.672,14.889,1.03,7.289,1.118
histogram,adaptive,combined,12,1,0,1.0,86.22,-73.78,4.261,14.378,1.136,7.201,1.107
histogram,adaptive,combined,13,1,0,1.0,86.22,-73.78,4.21,14.122,1.002,7.167,1.076
histogram,adaptive,combined,14,1,0,1.0,86.22,-73.78,4.241,14.225,1.049,7.135,1.112
histogram,adaptive,combined,15,1,0,1.0,86.22,-73.78,4.47,14.404,1.001,7.162,1.08
histogram,adaptive,combined,16,1,0,1.0,86.22,-73.78,4.548,14.979,0.996,7.407,1.197
histogram,adaptive,combined,17,1,0,1.0,86.22,-73.78,4.695,15.279,1.228,7.415,1.194
histogram,adaptive,combined,18,1,0,1.0,86.22,-73.78,4.669,15.152,1.008,7.391,1.248
histogram,adaptive,combined,19,1,0,1.0,86.22,-73.78,4.182,14.379,1.055,7.382,1.042
histogram,adaptive,combined,20,1,0,1.0,86.22,-73.78,4.603,14.873,0.985,7.505,1.086
histogram,adaptive,combined,21,1,0,1.0,86.22,-73.78,4.186,14.219,1.037,7.172,1.143
histogram,adaptive,combined,22,1,0,1.0,86.22,-73.78,4.187,14.115,0.987,7.197,1.088
histogram,adaptive,combined,23,1,0,1.0,86.22,-73.78,4.196,14.143,1.055,7.16,1.059
histogram,adaptive,combined,24,1,0,1.0,86.22,-73.78,4.298,14.182,0.984,7.152,1.068
histogram,adaptive,combined,25,1,0,1.0,86.22,-73.78,4.193,14.143,0.987,7.168,1.056
histogram,adaptive,combined,26,1,0,1.0,86.22,-73.78,4.278,14.144,0.992,7.146,1.052
histogram,adaptive,combined,27,1,0,1.0,86.22,-73.78,4.173,14.061,0.99,7.162,1.065
histogram,adaptive,combined,28,1,0,1.0,86.22,-73.78,4.201,14.149,0.98,7.154,1.136
histogram,adaptive,combined,29,1,0,1.0,86.22,-73.78,4.18,14.085,0.996,7.149,1.056
histogram,adaptive,combined,30,1,0,1.0,86.22,-73.78,4.22,14.193,1.039,7.107,1.139
histogram,adaptive,combined,31,1,0,1.0,86.22,-73.78,4.218,14.06,0.987,7.116,1.064
histogram,adaptive,combined,32,1,0,1.0,86.22,-73.78,4.203,14.171,1.037,7.129,1.122
histogram,adaptive,combined,33,1,0,1.0,86.22,-73.78,4.201,14.072,0.999,7.122,1.079
histogram,adaptive,combined,34,1,0,1.0,86.22,-73.78,4.341,14.65,1.051,7.458,1.1
histogram,adaptive,combined,35,1,0,1.0,86.22,-73.78,4.329,14.607,1.087,7.28,1.205
histogram,adaptive,combined,36,1,0,1.0,86.22,-73.78,4.353,14.466,0.999,7.323,1.094
histogram,adaptive,combined,37,1,0,1.0,86.22,-73.78,4.281,14.406,1.052,7.251,1.123
histogram,adaptive,combined,38,1,0,1.0,86.22,-73.78,4.619,14.716,0.996,7.283,1.117
histogram,adaptive,combined,39,1,0,1.0,86.22,-73.78,4.321,14.502,1.003,7.31,1.124
histogram,adaptive,combined,40,1,0,1.0,86.22,-73.78,4.322,14.492,1.057,7.241,1.175
histogram,adaptive,combined,41,1,0,1.0,86.22,-73.78,4.386,14.459,0.999,7.248,1.126
histogram,adaptive,combined,42,1,0,1.0,86.22,-73.78,4.313,14.4,0.991,7.289,1.112
histogram,adaptive,combined,43,1,0,1.0,86.22,-73.78,4.227,14.333,1.057,7.216,1.158
histogram,adaptive,combined,44,1,0,1.0,86.22,-73.78,4.23,14.103,0.986,7.156,1.061
histogram,adaptive,combined,45,1,0,1.0,86.22,-73.78,4.16,14.198,1.04,7.168,1.139
histogram,adaptive,combined,46,1,0,1.0,86.22,-73.78,4.209,14.073,0.996,7.124,1.06
histogram,adaptive,combined,47,1,0,1.0,86.22,-73.78,4.218,14.176,0.994,7.144,1.071
histogram,adaptive,combined,48,1,0,1.0,86.22,-73.78,4.2,14.075,0.996,7.141,1.06
histogram,adaptive,combined,49,1,0,1.0,86.22,-73.78,4.187,14.102,0.976,7.171,1.072
histogram,adaptive,combined,50,1,0,1.0,86.22,-73.78,4.201,14.158,0.988,7.156,1.056
histogram,adaptive,combined,51,1,0,1.0,86.22,-73.78,4.173,14.048,0.989,7.138,1.066
histogram,adaptive,combined,52,1,0,1.0,86.22,-73.78,4.195,14.147,1.048,7.107,1.124
histogram,adaptive,combined,53,1,0,1.0,86.22,-73.78,4.18,14.052,0.982,7.138,1.065
histogram,adaptive,combined,54,1,0,1.0,86.22,-73.78,4.256,14.234,1.047,7.116,1.135
histogram,adaptive,combined,55,1,0,1.0,86.22,-73.78,4.178,14.078,0.985,7.134,1.089
histogram,adaptive,combined,56,1,0,1.0,86.22,-73.78,4.187,14.152,1.037,7.112,1.135
histogram,adaptive,combined,57,1,0,1.0,86.22,-73.78,4.193,14.084,1.006,7.15,1.066
histogram,adaptive,combined,58,1,0,1.0,86.22,-73.78,4.196,14.124,0.983,7.167,1.059
histogram,adaptive,combined,59,1,0,1.0,86.22,-73.78,4.203,14.11,0.993,7.111,1.081
histogram,adaptive,combined,60,1,0,1.0,86.22,-73.78,4.198,14.076,0.98,7.177,1.052
histogram,adaptive,combined,61,1,0,1.0,86.22,-73.78,4.204,14.115,0.991,7.112,1.064
histogram,adaptive,combined,62,1,0,1.0,86.22,-73.78,4.211,14.135,0.983,7.194,1.057
histogram,adaptive,combined,63,1,0,1.0,86.22,-73.78,4.242,14.217,1.049,7.112,1.133
histogram,adaptive,combined,64,1,0,1.0,86.22,-73.78,4.195,14.094,0.99,7.158,1.063
histogram,adaptive,combined,65,1,0,1.0,86.22,-73.78,4.199,14.142,1.047,7.091,1.121
histogram,adaptive,combined,66,1,0,1.0,86.22,-73.78,4.206,14.108,0.997,7.131,1.094
histogram,adaptive,combined,67,1,0,1.0,86.22,-73.78,4.193,14.145,1.043,7.097,1.076
histogram,adaptive,combined,68,1,0,1.0,86.22,-73.78,4.216,14.095,0.992,7.142,1.062
histogram,adaptive,combined,69,1,0,1.0,86.22,-73.78,4.16,14.367,1.0,7.314,1.108
histogram,adaptive,combined,70,1,0,1.0,86.22,-73.78,4.242,14.207,0.998,7.151,1.066
histogram,adaptive,combined,71,1,0,1.0,86.22,-73.78,4.188,14.094,0.999,7.151,1.068
histogram,adaptive,combined,72,1,0,1.0,86.22,-73.78,4.211,14.178,1.044,7.119,1.136
histogram,adaptive,combined,73,1,0,1.0,86.22,-73.78,4.197,14.069,0.987,7.119,1.074
histogram,adaptive,combined,74,1,0,1.0,86.22,-73.78,4.207,14.16,1.046,7.11,1.126
histogram,adaptive,combined,75,1,0,1.0,86.22,-73.78,4.194,14.087,1.014,7.125,1.074
histogram,adaptive,combined,76,1,0,1.0,86.22,-73.78,4.198,14.127,1.039,7.103,1.124
histogram,adaptive,combined,77,1,0,1.0,86.22,-73.78,4.199,14.066,0.986,7.12,1.087
histogram,adaptive,combined,78,1,0,1.0,86.22,-73.78,4.196,14.18,0.999,7.18,1.061
histogram,adaptive,combined,79,1,0,1.0,86.22,-73.78,4.298,14.204,0.997,7.129,1.076
histogram,adaptive,combined,80,1,0,1.0,86.22,-73.78,4.564,14.462,0.991,7.16,1.062
histogram,adaptive,combined,81,1,0,1.0,86.22,-73.78,4.19,14.161,1.048,7.096,1.143
histogram,adaptive,combined,82,1,0,1.0,86.22,-73.78,4.204,14.08,0.989,7.152,1.061
histogram,adaptive,combined,83,1,0,1.0,86.22,-73.78,4.215,14.164,1.042,7.084,1.134
histogram,adaptive,combined,84,1,0,1.0,86.22,-73.78,4.192,14.054,0.989,7.13,1.057
histogram,adaptive,combined,85,1,0,1.0,86.22,-73.78,4.183,14.135,1.04,7.092,1.14
histogram,adaptive,combined,86,1,0,1.0,86.22,-73.78,4.229,14.074,0.977,7.136,1.069
histogram,adaptive,combined,87,1,0,1.0,86.22,-73.78,4.188,14.147,0.983,7.151,1.071
histogram,adaptive,combined,88,1,0,1.0,86.22,-73.78,4.216,14.088,0.994,7.144,1.051
histogram,adaptive,combined,89,1,0,1.0,86.22,-73.78,4.192,14.114,0.984,7.147,1.081
histogram,adaptive,combined,90,1,0,1.0,86.22,-73.78,4.209,14.148,0.985,7.15,1.073
histogram,adaptive,combined,91,1,0,1.0,86.22,-73.78,4.207,14.081,0.996,7.136,1.076
histogram,adaptive,combined,92,1,0,1.0,86.22,-73.78,4.212,14.21,1.07,7.116,1.145
histogram,adaptive,combined,93,1,0,1.0,86.22,-73.78,4.184,14.063,0.987,7.143,1.079
histogram,adaptive,combined,94,1,0,1.0,86.22,-73.78,4.218,14.358,1.034,7.163,1.261
histogram,adaptive,combined,95,1,0,1.0,86.22,-73.78,4.203,14.057,0.988,7.113,1.067
histogram,adaptive,combined,96,1,0,1.0,86.22,-73.78,4.207,14.166,1.058,7.161,1.058
histogram,adaptive,combined,97,1,0,1.0,86.22,-73.78,4.189,14.12,1.007,7.156,1.082
histogram,adaptive,combined,98,1,0,1.0,86.22,-73.78,4.191,14.161,0.986,7.17,1.07
histogram,adaptive,combined,99,1,0,1.0,86.22,-73.78,4.197,14.129,0.987,7.113,1.063
histogram,adaptive,combined,100,1,0,1.0,86.22,-73.78,4.203,14.109,0.984,7.177,1.059
histogram,adaptive,combined,101,1,0,1.0,86.22,-73.78,4.19,14.131,0.995,7.149,1.124
histogram,adaptive,combined,102,1,0,1.0,86.22,-73.78,4.186,14.078,0.983,7.157,1.072
histogram,adaptive,combined,103,1,0,1.0,86.22,-73.78,4.212,14.12,1.037,7.069,1.137
histogram,adaptive,combined,104,1,0,1.0,86.22,-73.78,4.883,14.915,0.982,7.174,1.165
histogram,adaptive,combined,105,1,0,1.0,86.22,-73.78,4.357,14.493,0.994,7.303,1.125
histogram,adaptive,combined,106,1,0,1.0,86.22,-73.78,4.335,14.562,1.056,7.251,1.228
histogram,adaptive,combined,107,1,0,1.0,86.22,-73.78,4.362,14.433,1.004,7.245,1.128
histogram,adaptive,combined,108,1,0,1.0,86.22,-73.78,4.589,14.774,1.005,7.285,1.125
histogram,adaptive,combined,109,1,0,1.0,86.22,-73.78,4.323,14.874,1.143,7.471,1.205
histogram,adaptive,combined,110,1,0,1.0,86.22,-73.78,4.332,14.43,1.001,7.289,1.108
histogram,adaptive,combined,111,1,0,1.0,86.22,-73.78,4.348,14.452,0.986,7.287,1.11
histogram,adaptive,combined,112,1,0,1.0,86.22,-73.78,4.319,14.527,1.051,7.241,1.214
histogram,adaptive,combined,113,1,0,1.0,86.22,-73.78,4.28,14.559,1.002,7.252,1.232
histogram,adaptive,combined,114,1,0,1.0,86.22,-73.78,4.196,14.182,0.984,7.209,1.055
histogram,adaptive,combined,115,1,0,1.0,86.22,-73.78,4.376,14.224,0.984,7.118,1.075
histogram,adaptive,combined,116,1,0,1.0,86.22,-73.78,4.188,14.064,0.984,7.158,1.05
histogram,adaptive,combined,117,1,0,1.0,86.22,-73.78,4.221,14.174,0.993,7.139,1.138
histogram,adaptive,combined,118,1,0,1.0,86.22,-73.78,4.203,14.082,0.993,7.13,1.063
histogram,adaptive,combined,119,1,0,1.0,86.22,-73.78,4.205,14.214,1.047,7.094,1.15
histogram,adaptive,combined,120,1,0,1.0,86.22,-73.78,4.197,14.106,0.982,7.182,1.071
histogram,adaptive,combined,121,1,0,1.0,86.22,-73.78,4.186,14.117,1.042,7.084,1.117
histogram,adaptive,combined,122,1,0,1.0,86.22,-73.78,4.212,14.1,1.003,7.138,1.069
histogram,adaptive,combined,123,1,0,1.0,86.22,-73.78,4.174,14.181,0.998,7.172,1.069
histogram,adaptive,combined,124,1,0,1.0,86.22,-73.78,4.202,14.085,0.985,7.154,1.061
histogram,adaptive,combined,125,1,0,1.0,86.22,-73.78,4.184,14.137,0.985,7.175,1.061
histogram,adaptive,combined,126,1,0,1.0,86.22,-73.78,4.297,14.138,0.977,7.148,1.065
histogram,adaptive,combined,127,1,0,1.0,86.22,-73.78,4.186,14.08,0.982,7.173,1.053
histogram,adaptive,combined,128,1,0,1.0,86.22,-73.78,4.212,14.154,0.992,7.161,1.12
histogram,adaptive,combined,129,1,0,1.0,86.22,-73.78,4.187,14.092,1.002,7.125,1.061
histogram,adaptive,combined,130,1,0,1.0,86.22,-73.78,4.21,14.204,1.047,7.125,1.151
histogram,adaptive,combined,131,1,0,1.0,86.22,-73.78,4.211,14.097,0.989,7.136,1.081
histogram,adaptive,combined,132,1,0,1.0,86.22,-73.78,4.201,14.15,1.048,7.103,1.121
histogram,adaptive,combined,133,1,0,1.0,86.22,-73.78,4.201,14.082,0.992,7.145,1.067
histogram,adaptive,combined,134,1,0,1.0,86.22,-73.78,4.182,14.157,0.995,7.181,1.053
histogram,adaptive,combined,135,1,0,1.0,86.22,-73.78,4.194,14.074,0.985,7.145,1.081
histogram,adaptive,combined,136,1,0,1.0,86.22,-73.78,4.202,14.151,0.979,7.163,1.058
histogram,adaptive,combined,137,1,0,1.0,86.22,-73.78,4.195,14.11,0.986,7.108,1.073
histogram,adaptive,combined,138,1,0,1.0,86.22,-73.78,4.197,14.091,0.991,7.177,1.057
histogram,adaptive,combined,139,1,0,1.0,86.22,-73.78,4.201,14.185,0.991,7.135,1.14
histogram,adaptive,combined,140,1,0,1.0,86.22,-73.78,4.199,14.08,0.993,7.158,1.052
histogram,adaptive,combined,141,1,0,1.0,86.22,-73.78,4.214,14.298,1.042,7.198,1.155
histogram,adaptive,combined,142,1,0,1.0,86.22,-73.78,4.211,14.114,0.984,7.182,1.062
histogram,adaptive,combined,143,1,0,1.0,86.22,-73.78,4.176,14.12,1.037,7.086,1.133
histogram,adaptive,combined,144,1,0,1.0,86.22,-73.78,4.221,14.072,0.985,7.153,1.056
histogram,adaptive,combined,145,1,0,1.0,86.22,-73.78,4.178,14.146,0.992,7.149,1.078
histogram,adaptive,combined,146,1,0,1.0,86.22,-73.78,4.217,14.074,0.995,7.134,1.063
histogram,adaptive,combined,147,1,0,1.0,86.22,-73.78,4.179,14.072,0.985,7.165,1.064
histogram,adaptive,combined,148,1,0,1.0,86.22,-73.78,4.211,14.178,0.998,7.15,1.066
histogram,adaptive,combined,149,1,0,1.0,86.22,-73.78,4.184,14.088,0.991,7.132,1.062
histogram,adaptive,combined,150,1,0,1.0,86.22,-73.78,4.189,14.134,1.036,7.104,1.126
histogram,adaptive,combined,151,1,0,1.0,86.22,-73.78,4.209,14.089,0.986,7.154,1.062
histogram,adaptive,combined,152,1,0,1.0,86.22,-73.78,4.195,14.944,1.027,7.111,1.935
histogram,adaptive,combined,153,1,0,1.0,86.22,-73.78,4.252,14.111,0.983,7.136,1.061
histogram,adaptive,combined,154,1,0,1.0,86.22,-73.78,4.194,14.087,0.985,7.168,1.056
histogram,adaptive,combined,155,1,0,1.0,86.22,-73.78,4.194,14.127,0.993,7.119,1.066
histogram,adaptive,combined,156,1,0,1.0,86.22,-73.78,4.197,14.075,0.979,7.168,1.069
histogram,adaptive,combined,157,1,0,1.0,86.22,-73.78,4.22,14.181,1.037,7.1,1.153
histogram,adaptive,combined,158,1,0,1.0,86.22,-73.78,4.232,14.093,0.994,7.137,1.045
histogram,adaptive,combined,159,1,0,1.0,86.22,-73.78,4.211,14.191,1.044,7.086,1.137
histogram,adaptive,combined,160,1,0,1.0,86.22,-73.78,4.193,14.038,0.982,7.129,1.054
histogram,adaptive,combined,161,1,0,1.0,86.22,-73.78,4.192,14.101,1.041,7.067,1.128
histogram,adaptive,combined,162,1,0,1.0,86.22,-73.78,4.23,14.113,0.996,7.163,1.067
histogram,adaptive,combined,163,1,0,1.0,86.22,-73.78,4.259,14.195,0.988,7.13,1.064
histogram,adaptive,combined,164,1,0,1.0,86.22,-73.78,4.287,14.157,0.993,7.146,1.063
histogram,adaptive,combined,165,1,0,1.0,86.22,-73.78,4.193,14.074,0.98,7.164,1.081
histogram,adaptive,combined,166,1,0,1.0,86.22,-73.78,4.197,14.192,0.984,7.184,1.072
histogram,adaptive,combined,167,1,0,1.0,86.22,-73.78,4.184,14.037,0.994,7.118,1.06
histogram,adaptive,combined,168,1,0,1.0,86.22,-73.78,4.205,14.134,1.04,7.105,1.128
histogram,adaptive,combined,169,1,0,1.0,86.22,-73.78,4.202,14.107,0.985,7.129,1.075
histogram,adaptive,combined,170,1,0,1.0,86.22,-73.78,4.198,14.156,1.05,7.095,1.134
histogram,adaptive,combined,171,1,0,1.0,86.22,-73.78,4.184,14.047,0.994,7.116,1.072
histogram,adaptive,combined,172,1,0,1.0,86.22,-73.78,4.182,14.133,1.042,7.1,1.126
histogram,adaptive,combined,173,1,0,1.0,86.22,-73.78,4.199,14.081,1.002,7.129,1.079
histogram,adaptive,combined,174,1,0,1.0,86.22,-73.78,5.139,15.187,0.987,7.153,1.133
histogram,adaptive,combined,175,1,0,1.0,86.22,-73.78,4.215,14.319,1.137,7.152,1.122
histogram,adaptive,combined,176,1,0,1.0,86.22,-73.78,4.245,14.146,0.989,7.177,1.057
histogram,adaptive,combined,177,1,0,1.0,86.22,-73.78,4.176,14.157,1.05,7.182,1.067
histogram,adaptive,combined,178,1,0,1.0,86.22,-73.78,4.215,14.06,0.984,7.132,1.072
histogram,adaptive,combined,179,1,0,1.0,86.22,-73.78,4.194,14.193,1.0,7.124,1.071
histogram,adaptive,combined,180,1,0,1.0,86.22,-73.78,4.29,14.157,0.987,7.134,1.063
histogram,adaptive,combined,181,1,0,1.0,86.22,-73.78,4.211,14.094,0.981,7.156,1.073
histogram,adaptive,combined,182,1,0,1.0,86.22,-73.78,4.228,14.185,0.987,7.153,1.133
histogram,adaptive,combined,183,1,0,1.0,86.22,-73.78,4.191,14.054,0.987,7.122,1.073
histogram,adaptive,combined,184,1,0,1.0,86.22,-73.78,4.216,14.199,1.039,7.113,1.155
histogram,adaptive,combined,185,1,0,1.0,86.22,-73.78,4.182,14.04,0.994,7.11,1.068
histogram,adaptive,combined,186,1,0,1.0,86.22,-73.78,4.199,14.144,1.037,7.112,1.125
histogram,adaptive,combined,187,1,0,1.0,86.22,-73.78,4.187,14.044,0.985,7.117,1.073
histogram,adaptive,combined,188,1,0,1.0,86.22,-73.78,4.193,14.192,1.059,7.173,1.07
histogram,adaptive,combined,189,1,0,1.0,86.22,-73.78,4.187,14.072,0.988,7.114,1.071
histogram,adaptive,combined,190,1,0,1.0,86.22,-73.78,4.229,14.155,0.986,7.148,1.06
histogram,adaptive,combined,191,1,0,1.0,86.22,-73.78,4.254,14.163,0.988,7.141,1.095
histogram,adaptive,combined,192,1,0,1.0,86.22,-73.78,4.21,14.139,0.984,7.2,1.069
histogram,adaptive,combined,193,1,0,1.0,86.22,-73.78,4.188,14.133,0.99,7.133,1.143
histogram,adaptive,combined,194,1,0,1.0,86.22,-73.78,4.189,14.079,0.991,7.148,1.068
histogram,adaptive,combined,195,1,0,1.0,86.22,-73.78,4.201,14.173,1.044,7.092,1.152
histogram,adaptive,combined,196,1,0,1.0,86.22,-73.78,4.193,14.07,0.992,7.137,1.063
histogram,adaptive,combined,197,1,0,1.0,86.22,-73.78,4.203,14.158,1.041,7.095,1.142
histogram,adaptive,combined,198,1,0,1.0,86.22,-73.78,4.213,14.027,0.982,7.118,1.06
histogram,adaptive,combined,199,1,0,1.0,86.22,-73.78,4.188,14.226,1.061,7.135,1.075
histogram,adaptive,combined,200,1,0,1.0,86.22,-73.78,4.204,14.106,0.994,7.154,1.071
histogram,adaptive,combined,201,1,0,1.0,86.22,-73.78,4.184,14.166,0.993,7.178,1.069
histogram,adaptive,combined,202,1,0,1.0,86.22,-73.78,4.287,14.166,0.994,7.158,1.059
histogram,adaptive,combined,203,1,0,1.0,86.22,-73.78,4.172,14.049,0.981,7.142,1.072
histogram,adaptive,combined,204,1,0,1.0,86.22,-73.78,4.215,14.159,0.996,7.143,1.12
histogram,adaptive,combined,205,1,0,1.0,86.22,-73.78,4.18,14.016,0.981,7.124,1.066
histogram,adaptive,combined,206,1,0,1.0,86.22,-73.78,4.232,14.205,1.048,7.111,1.132
histogram,adaptive,combined,207,1,0,1.0,86.22,-73.78,4.199,14.04,0.998,7.107,1.055
histogram,adaptive,combined,208,1,0,1.0,86.22,-73.78,4.215,14.142,1.039,7.106,1.127
histogram,adaptive,combined,209,1,0,1.0,86.22,-73.78,4.181,14.076,0.992,7.115,1.073
histogram,adaptive,combined,210,1,0,1.0,86.22,-73.78,4.188,14.162,1.055,7.191,1.051
histogram,adaptive,combined,211,1,0,1.0,86.22,-73.78,4.19,14.054,0.988,7.127,1.075
histogram,adaptive,combined,212,1,0,1.0,86.22,-73.78,4.186,14.199,0.987,7.172,1.097
histogram,adaptive,combined,213,1,0,1.0,86.22,-73.78,4.274,14.23,0.988,7.22,1.063
histogram,adaptive,combined,214,1,0,1.0,86.22,-73.78,4.209,14.129,0.994,7.168,1.076
histogram,adaptive,combined,215,1,0,1.0,86.22,-73.78,4.188,14.146,0.996,7.13,1.147
histogram,adaptive,combined,216,1,0,1.0,86.22,-73.78,4.202,14.058,0.979,7.144,1.052
histogram,adaptive,combined,217,1,0,1.0,86.22,-73.78,4.207,14.181,1.044,7.093,1.158
histogram,adaptive,combined,218,1,0,1.0,86.22,-73.78,4.216,14.098,0.993,7.144,1.066
histogram,adaptive,combined,219,1,0,1.0,86.22,-73.78,4.188,14.184,1.046,7.108,1.127
histogram,adaptive,combined,220,1,0,1.0,86.22,-73.78,4.183,14.092,0.995,7.154,1.084
histogram,adaptive,combined,221,1,0,1.0,86.22,-73.78,4.193,14.13,0.995,7.154,1.046
histogram,adaptive,combined,222,1,0,1.0,86.22,-73.78,4.25,14.132,0.999,7.133,1.064
histogram,adaptive,combined,223,1,0,1.0,86.22,-73.78,4.181,14.125,0.988,7.153,1.064
histogram,adaptive,combined,224,1,0,1.0,86.22,-73.78,4.57,14.529,0.991,7.148,1.078
histogram,adaptive,combined,225,1,0,1.0,86.22,-73.78,4.193,14.055,0.992,7.147,1.063
histogram,adaptive,combined,226,1,0,1.0,86.22,-73.78,4.204,14.173,1.037,7.104,1.159
histogram,adaptive,combined,227,1,0,1.0,86.22,-73.78,4.19,14.042,0.987,7.112,1.068
histogram,adaptive,combined,228,1,0,1.0,86.22,-73.78,4.196,14.165,1.043,7.117,1.132
histogram,adaptive,combined,229,1,0,1.0,86.22,-73.78,4.186,14.082,1.001,7.132,1.07
histogram,adaptive,combined,230,1,0,1.0,86.22,-73.78,4.193,14.153,0.995,7.172,1.05
histogram,adaptive,combined,231,1,0,1.0,86.22,-73.78,4.192,14.05,0.99,7.123,1.064
histogram,adaptive,combined,232,1,0,1.0,86.22,-73.78,4.186,14.117,0.98,7.149,1.072
histogram,adaptive,combined,233,1,0,1.0,86.22,-73.78,4.252,14.105,0.982,7.123,1.077
histogram,adaptive,combined,234,1,0,1.0,86.22,-73.78,4.189,14.097,0.99,7.183,1.054
histogram,adaptive,combined,235,1,0,1.0,86.22,-73.78,4.293,14.211,0.997,7.133,1.107
histogram,adaptive,combined,236,1,0,1.0,86.22,-73.78,4.208,14.089,0.982,7.166,1.043
histogram,adaptive,combined,237,1,0,1.0,86.22,-73.78,4.2,14.16,1.041,7.093,1.142
histogram,adaptive,combined,238,1,0,1.0,86.22,-73.78,4.232,14.092,0.993,7.14,1.05
histogram,adaptive,combined,239,1,0,1.0,86.22,-73.78,4.181,14.14,1.032,7.086,1.124
histogram,adaptive,combined,240,1,0,1.0,86.22,-73.78,4.194,14.08,1.001,7.151,1.049
histogram,adaptive,combined,241,1,0,1.0,86.22,-73.78,4.179,14.147,1.045,7.151,1.087
histogram,adaptive,combined,242,1,0,1.0,86.22,-73.78,4.204,14.086,0.986,7.138,1.075
histogram,adaptive,combined,243,1,0,1.0,86.22,-73.78,4.172,14.132,0.995,7.156,1.068
histogram,adaptive,combined,244,1,0,1.0,86.22,-73.78,4.268,14.148,0.998,7.131,1.072
histogram,adaptive,combined,245,1,0,1.0,86.22,-73.78,4.269,14.367,1.003,7.381,1.046
histogram,adaptive,combined,246,1,0,1.0,86.22,-73.78,4.231,14.22,1.033,7.138,1.138
histogram,adaptive,combined,247,1,0,1.0,86.22,-73.78,4.217,14.133,1.001,7.185,1.045
histogram,adaptive,combined,248,1,0,1.0,86.22,-73.78,4.209,14.168,1.049,7.113,1.111
histogram,adaptive,combined,249,1,0,1.0,86.22,-73.78,4.179,14.094,0.995,7.147,1.053
histogram,adaptive,combined,250,1,0,1.0,86.22,-73.78,4.197,14.136,1.049,7.167,1.061
histogram,adaptive,combined,251,1,0,1.0,86.22,-73.78,4.206,14.081,0.999,7.122,1.065
histogram,adaptive,combined,252,1,0,1.0,86.22,-73.78,4.175,14.126,0.99,7.159,1.055
histogram,adaptive,combined,253,1,0,1.0,86.22,-73.78,4.275,14.151,0.999,7.135,1.074
histogram,adaptive,combined,254,1,0,1.0,86.22,-73.78,4.257,14.151,0.981,7.17,1.061
histogram,adaptive,combined,255,1,0,1.0,86.22,-73.78,4.187,14.137,0.995,7.134,1.136
histogram,adaptive,combined,256,1,0,1.0,86.22,-73.78,4.232,14.106,0.997,7.148,1.053
histogram,adaptive,combined,257,1,0,1.0,86.22,-73.78,4.207,14.179,1.041,7.085,1.157
histogram,adaptive,combined,258,1,0,1.0,86.22,-73.78,4.217,14.091,0.995,7.159,1.054
histogram,adaptive,combined,259,1,0,1.0,86.22,-73.78,4.185,14.181,1.044,7.099,1.143
histogram,adaptive,combined,260,1,0,1.0,86.22,-73.78,4.207,14.095,1.0,7.135,1.076
histogram,adaptive,combined,261,1,0,1.0,86.22,-73.78,4.178,14.123,0.986,7.165,1.072
histogram,adaptive,combined,262,1,0,1.0,86.22,-73.78,4.221,14.118,0.997,7.136,1.083
histogram,adaptive,combined,263,1,0,1.0,86.22,-73.78,4.172,14.101,0.982,7.145,1.068
histogram,adaptive,combined,264,1,0,1.0,86.22,-73.78,4.195,14.145,0.985,7.154,1.064
histogram,adaptive,combined,265,1,0,1.0,86.22,-73.78,4.17,13.995,0.975,7.136,1.058
histogram,adaptive,combined,266,1,0,1.0,86.22,-73.78,4.202,14.148,0.998,7.145,1.13
histogram,adaptive,combined,267,1,0,1.0,86.22,-73.78,4.186,14.061,0.984,7.136,1.072
histogram,adaptive,combined,268,1,0,1.0,86.22,-73.78,4.243,14.23,1.04,7.124,1.137
histogram,adaptive,combined,269,1,0,1.0,86.22,-73.78,4.177,14.078,0.987,7.123,1.086
histogram,adaptive,combined,270,1,0,1.0,86.22,-73.78,4.216,14.169,1.034,7.131,1.108
histogram,adaptive,combined,271,1,0,1.0,86.22,-73.78,4.185,14.071,0.998,7.135,1.079
histogram,adaptive,combined,272,1,0,1.0,86.22,-73.78,4.179,14.141,1.045,7.175,1.062
histogram,adaptive,combined,273,1,0,1.0,86.22,-73.78,4.189,14.083,0.991,7.132,1.087
histogram,adaptive,combined,274,1,0,1.0,86.22,-73.78,4.197,14.169,0.997,7.172,1.06
histogram,adaptive,combined,275,1,0,1.0,86.22,-73.78,4.286,14.17,0.998,7.139,1.08
histogram,adaptive,combined,276,1,0,1.0,86.22,-73.78,4.187,14.084,0.984,7.174,1.06
histogram,adaptive,combined,277,1,0,1.0,86.22,-73.78,4.181,14.119,0.994,7.135,1.133
histogram,adaptive,combined,278,1,0,1.0,86.22,-73.78,4.205,14.065,0.994,7.14,1.055
histogram,adaptive,combined,279,1,0,1.0,86.22,-73.78,4.215,14.198,1.04,7.084,1.138
histogram,adaptive,combined,280,1,0,1.0,86.22,-73.78,4.193,14.072,0.988,7.149,1.056
histogram,adaptive,combined,281,1,0,1.0,86.22,-73.78,4.192,14.116,1.03,7.083,1.137
histogram,adaptive,combined,282,1,0,1.0,86.22,-73.78,4.202,14.068,0.978,7.148,1.066
histogram,adaptive,combined,283,1,0,1.0,86.22,-73.78,4.224,14.162,1.046,7.144,1.072
histogram,adaptive,combined,284,1,0,1.0,86.22,-73.78,4.209,14.068,0.993,7.134,1.047
histogram,adaptive,combined,285,1,0,1.0,86.22,-73.78,4.17,14.232,0.991,7.274,1.056
histogram,adaptive,combined,286,1,0,1.0,86.22,-73.78,4.281,14.184,1.003,7.149,1.077
histogram,adaptive,combined,287,1,0,1.0,86.22,-73.78,4.173,14.069,0.996,7.133,1.075
histogram,adaptive,combined,288,1,0,1.0,86.22,-73.78,4.218,14.152,0.996,7.133,1.129
histogram,adaptive,combined,289,1,0,1.0,86.22,-73.78,4.172,14.075,0.986,7.125,1.077
histogram,adaptive,combined,290,1,0,1.0,86.22,-73.78,4.223,14.202,1.049,7.116,1.14
histogram,adaptive,combined,291,1,0,1.0,86.22,-73.78,4.184,14.084,1.012,7.129,1.081
histogram,adaptive,combined,292,1,0,1.0,86.22,-73.78,4.204,14.114,1.029,7.092,1.129
histogram,adaptive,combined,293,1,0,1.0,86.22,-73.78,4.192,14.035,0.989,7.112,1.063
histogram,adaptive,combined,294,1,0,1.0,86.22,-73.78,4.19,14.175,1.051,7.183,1.066
histogram,adaptive,combined,295,1,0,1.0,86.22,-73.78,4.201,14.073,0.995,7.124,1.065
histogram,adaptive,combined,296,1,0,1.0,86.22,-73.78,4.486,14.449,0.984,7.17,1.07
histogram,adaptive,combined,297,1,0,1.0,86.22,-73.78,4.211,14.155,1.003,7.122,1.063
histogram,adaptive,combined,298,1,0,1.0,86.22,-73.78,4.185,14.052,0.984,7.141,1.056
histogram,adaptive,combined,299,1,0,1.0,86.22,-73.78,4.2,14.196,1.037,7.09,1.156
histogram,adaptive,combined,300,1,0,1.0,86.22,-73.78,4.192,14.088,0.996,7.148,1.069
histogram,adaptive,combined,301,1,0,1.0,86.22,-73.78,4.215,14.151,1.044,7.089,1.123
histogram,adaptive,combined,302,1,0,1.0,86.22,-73.78,4.189,14.051,0.984,7.139,1.059
histogram,adaptive,combined,303,1,0,1.0,86.22,-73.78,4.176,14.119,1.039,7.09,1.135
histogram,adaptive,combined,304,1,0,1.0,86.22,-73.78,4.212,14.097,1.0,7.142,1.066
histogram,adaptive,combined,305,1,0,1.0,86.22,-73.78,4.244,14.209,0.987,7.159,1.072
histogram,adaptive,combined,306,1,0,1.0,86.22,-73.78,4.263,14.138,0.989,7.146,1.072
histogram,adaptive,combined,307,1,0,1.0,86.22,-73.78,4.177,14.062,0.99,7.137,1.062
histogram,adaptive,combined,308,1,0,1.0,86.22,-73.78,4.19,14.181,0.995,7.197,1.112
histogram,adaptive,combined,309,1,0,1.0,86.22,-73.78,4.215,14.103,0.983,7.136,1.055
histogram,adaptive,combined,310,1,0,1.0,86.22,-73.78,4.202,14.186,1.039,7.116,1.142
histogram,adaptive,combined,311,1,0,1.0,86.22,-73.78,4.239,14.073,1.0,7.092,1.054
histogram,adaptive,combined,312,1,0,1.0,86.22,-73.78,4.222,14.137,1.027,7.106,1.121
histogram,adaptive,combined,313,1,0,1.0,86.22,-73.78,4.185,14.049,0.995,7.111,1.076
histogram,adaptive,combined,314,1,0,1.0,86.22,-73.78,4.181,14.14,1.057,7.159,1.063
histogram,adaptive,combined,315,1,0,1.0,86.22,-73.78,5.07,15.286,1.0,7.301,1.181
histogram,adaptive,combined,316,1,0,1.0,86.22,-73.78,4.209,14.102,0.999,7.172,1.035
histogram,adaptive,combined,317,1,0,1.0,86.22,-73.78,4.316,14.307,1.056,7.1,1.157
histogram,adaptive,combined,318,1,0,1.0,86.22,-73.78,4.219,14.123,0.994,7.173,1.052
histogram,adaptive,combined,319,1,0,1.0,86.22,-73.78,4.396,14.413,0.996,7.179,1.06
histogram,adaptive,combined,320,1,0,1.0,86.22,-73.78,4.225,14.18,0.997,7.166,1.044
histogram,adaptive,combined,321,1,0,1.0,86.22,-73.78,4.192,14.1,0.985,7.185,1.061
histogram,adaptive,combined,322,1,0,1.0,86.22,-73.78,4.204,14.155,0.998,7.145,1.124
histogram,adaptive,combined,323,1,0,1.0,86.22,-73.78,4.216,14.088,0.993,7.12,1.072
histogram,adaptive,combined,324,1,0,1.0,86.22,-73.78,4.21,14.185,1.041,7.103,1.151
histogram,adaptive,combined,325,1,0,1.0,86.22,-73.78,4.209,14.078,0.994,7.129,1.073
histogram,adaptive,combined,326,1,0,1.0,86.22,-73.78,4.186,14.131,1.034,7.117,1.123
histogram,adaptive,combined,327,1,0,1.0,86.22,-73.78,4.202,14.094,0.994,7.124,1.074
histogram,adaptive,combined,328,1,0,1.0,86.22,-73.78,4.189,14.141,0.993,7.156,1.053
histogram,adaptive,combined,329,1,0,1.0,86.22,-73.78,4.197,14.066,0.986,7.123,1.071
histogram,adaptive,combined,330,1,0,1.0,86.22,-73.78,4.176,14.156,0.981,7.18,1.07
histogram,adaptive,combined,331,1,0,1.0,86.22,-73.78,4.219,14.168,1.002,7.119,1.072
histogram,adaptive,combined,332,1,0,1.0,86.22,-73.78,4.195,14.08,0.983,7.186,1.055
histogram,adaptive,combined,333,1,0,1.0,86.22,-73.78,4.2,14.152,0.994,7.146,1.133
histogram,adaptive,combined,334,1,0,1.0,86.22,-73.78,4.207,14.078,0.991,7.149,1.056
histogram,adaptive,combined,335,1,0,1.0,86.22,-73.78,4.205,14.216,1.048,7.102,1.161
histogram,adaptive,combined,336,1,0,1.0,86.22,-73.78,4.197,14.103,0.995,7.163,1.065
histogram,adaptive,combined,337,1,0,1.0,86.22,-73.78,4.177,14.097,1.047,7.087,1.12
histogram,adaptive,combined,338,1,0,1.0,86.22,-73.78,4.227,14.111,0.994,7.154,1.059
histogram,adaptive,combined,339,1,0,1.0,86.22,-73.78,4.218,14.231,1.0,7.16,1.072
histogram,adaptive,combined,340,1,0,1.0,86.22,-73.78,4.213,14.133,0.992,7.15,1.066
histogram,adaptive,combined,341,1,0,1.0,86.22,-73.78,4.169,14.077,0.987,7.174,1.058
histogram,adaptive,combined,342,1,0,1.0,86.22,-73.78,4.196,14.149,0.997,7.15,1.058
histogram,adaptive,combined,343,1,0,1.0,86.22,-73.78,4.174,14.009,0.974,7.131,1.072
histogram,adaptive,combined,344,1,0,1.0,86.22,-73.78,4.194,14.134,0.987,7.139,1.133
histogram,adaptive,combined,345,1,0,1.0,86.22,-73.78,4.192,14.074,0.992,7.13,1.071
histogram,adaptive,combined,346,1,0,1.0,86.22,-73.78,4.209,14.167,1.034,7.104,1.143
histogram,adaptive,combined,347,1,0,1.0,86.22,-73.78,4.188,14.05,0.99,7.124,1.084
histogram,adaptive,combined,348,1,0,1.0,86.22,-73.78,4.204,14.163,1.046,7.104,1.122
histogram,adaptive,combined,349,1,0,1.0,86.22,-73.78,4.194,14.113,0.996,7.13,1.065
histogram,adaptive,combined,350,1,0,1.0,86.22,-73.78,4.17,14.163,0.985,7.169,1.074
histogram,adaptive,combined,351,1,0,1.0,86.22,-73.78,4.185,14.054,0.983,7.126,1.081
histogram,adaptive,combined,352,1,0,1.0,86.22,-73.78,4.2,14.155,0.991,7.163,1.062
histogram,adaptive,combined,353,1,0,1.0,86.22,-73.78,4.233,14.19,0.992,7.137,1.095
histogram,adaptive,combined,354,1,0,1.0,86.22,-73.78,4.2,14.105,0.989,7.164,1.064
histogram,adaptive,combined,355,1,0,1.0,86.22,-73.78,4.192,14.121,0.987,7.141,1.143
histogram,adaptive,combined,356,1,0,1.0,86.22,-73.78,4.197,14.085,0.992,7.147,1.07
histogram,adaptive,combined,357,1,0,1.0,86.22,-73.78,4.182,14.203,1.04,7.105,1.201
histogram,adaptive,combined,358,1,0,1.0,86.22,-73.78,4.236,14.115,0.991,7.151,1.068
histogram,adaptive,combined,359,1,0,1.0,86.22,-73.78,4.202,14.178,1.042,7.079,1.136
histogram,adaptive,combined,360,1,0,1.0,86.22,-73.78,4.191,14.093,0.999,7.143,1.084
histogram,adaptive,combined,361,1,0,1.0,86.22,-73.78,4.163,14.134,0.999,7.144,1.091
histogram,adaptive,combined,362,1,0,1.0,86.22,-73.78,4.188,14.088,1.004,7.156,1.057
histogram,adaptive,combined,363,1,0,1.0,86.22,-73.78,4.181,14.097,0.988,7.177,1.075
histogram,adaptive,combined,364,1,0,1.0,86.22,-73.78,4.185,14.142,0.985,7.165,1.077
histogram,adaptive,combined,365,1,0,1.0,86.22,-73.78,4.193,14.046,0.987,7.128,1.065
histogram,adaptive,combined,366,1,0,1.0,86.22,-73.78,4.208,14.175,1.046,7.11,1.125
histogram,adaptive,combined,367,1,0,1.0,86.22,-73.78,4.22,14.079,0.996,7.129,1.062
histogram,adaptive,combined,368,1,0,1.0,86.22,-73.78,4.2,14.145,1.037,7.092,1.147
histogram,adaptive,combined,369,1,0,1.0,86.22,-73.78,4.17,14.269,0.993,7.303,1.087
histogram,adaptive,combined,370,1,0,1.0,86.22,-73.78,4.196,14.168,1.048,7.167,1.073
histogram,adaptive,combined,371,1,0,1.0,86.22,-73.78,4.207,14.089,0.992,7.133,1.07
histogram,adaptive,combined,372,1,0,1.0,86.22,-73.78,4.23,14.202,0.999,7.153,1.07
histogram,adaptive,combined,373,1,0,1.0,86.22,-73.78,4.262,14.143,0.985,7.147,1.069
histogram,adaptive,combined,374,1,0,1.0,86.22,-73.78,4.187,14.078,0.991,7.15,1.057
histogram,adaptive,combined,375,1,0,1.0,86.22,-73.78,4.183,14.195,0.988,7.133,1.202
histogram,adaptive,combined,376,1,0,1.0,86.22,-73.78,4.194,14.062,0.988,7.165,1.059
histogram,adaptive,combined,377,1,0,1.0,86.22,-73.78,4.204,14.161,1.034,7.085,1.162
histogram,adaptive,combined,378,1,0,1.0,86.22,-73.78,4.183,14.079,1.008,7.144,1.065
histogram,adaptive,combined,379,1,0,1.0,86.22,-73.78,4.2,14.212,1.045,7.108,1.14
histogram,adaptive,combined,380,1,0,1.0,86.22,-73.78,4.207,14.124,0.997,7.186,1.063
histogram,adaptive,combined,381,1,0,1.0,86.22,-73.78,4.159,14.085,0.985,7.132,1.071
histogram,adaptive,combined,382,1,0,1.0,86.22,-73.78,4.241,14.114,0.998,7.148,1.058
histogram,adaptive,combined,383,1,0,1.0,86.22,-73.78,4.181,14.141,0.981,7.155,1.08
histogram,adaptive,combined,384,1,0,1.0,86.22,-73.78,4.231,14.18,0.996,7.145,1.071
histogram,adaptive,combined,385,1,0,1.0,86.22,-73.78,4.554,14.477,0.986,7.15,1.091
histogram,adaptive,combined,386,1,0,1.0,86.22,-73.78,4.205,14.907,1.499,7.349,1.145
histogram,adaptive,combined,387,1,0,1.0,86.22,-73.78,4.209,14.157,0.994,7.131,1.06
histogram,adaptive,combined,388,1,0,1.0,86.22,-73.78,4.259,14.172,0.984,7.183,1.068
histogram,adaptive,combined,389,1,0,1.0,86.22,-73.78,4.181,14.17,0.983,7.144,1.152
histogram,adaptive,combined,390,1,0,1.0,86.22,-73.78,4.201,14.247,0.994,7.282,1.086
histogram,adaptive,combined,391,1,0,1.0,86.22,-73.78,4.199,14.395,1.05,7.108,1.349
histogram,adaptive,combined,392,1,0,1.0,86.22,-73.78,4.212,14.056,0.983,7.122,1.075
histogram,adaptive,combined,393,1,0,1.0,86.22,-73.78,4.167,14.127,1.049,7.17,1.067
histogram,adaptive,combined,394,1,0,1.0,86.22,-73.78,4.201,14.107,0.992,7.155,1.085
histogram,adaptive,combined,395,1,0,1.0,86.22,-73.78,4.182,14.138,0.985,7.139,1.078
histogram,adaptive,combined,396,1,0,1.0,86.22,-73.78,4.303,14.2,0.998,7.149,1.072
histogram,adaptive,combined,397,1,0,1.0,86.22,-73.78,4.226,14.114,1.001,7.135,1.081
histogram,adaptive,combined,398,1,0,1.0,86.22,-73.78,4.18,14.14,0.991,7.147,1.133
histogram,adaptive,combined,399,1,0,1.0,86.22,-73.78,4.19,14.105,0.993,7.121,1.074
histogram,adaptive,combined,400,1,0,1.0,86.22,-73.78,4.21,14.18,1.045,7.092,1.147
histogram,adaptive,combined,401,1,0,1.0,86.22,-73.78,4.186,14.056,0.992,7.131,1.076
histogram,adaptive,combined,402,1,0,1.0,86.22,-73.78,4.196,14.187,1.046,7.124,1.135
histogram,adaptive,combined,403,1,0,1.0,86.22,-73.78,4.203,14.078,0.991,7.125,1.085
histogram,adaptive,combined,404,1,0,1.0,86.22,-73.78,4.196,14.141,1.046,7.154,1.065
histogram,adaptive,combined,405,1,0,1.0,86.22,-73.78,4.187,14.061,0.996,7.123,1.072
histogram,adaptive,combined,406,1,0,1.0,86.22,-73.78,4.208,14.177,0.998,7.161,1.068
histogram,adaptive,combined,407,1,0,1.0,86.22,-73.78,4.264,14.152,0.996,7.116,1.083
histogram,adaptive,combined,408,1,0,1.0,86.22,-73.78,4.177,14.067,0.983,7.147,1.075
histogram,adaptive,combined,409,1,0,1.0,86.22,-73.78,4.183,14.167,0.982,7.149,1.15
histogram,adaptive,combined,410,1,0,1.0,86.22,-73.78,4.251,14.154,1.0,7.169,1.064
histogram,adaptive,combined,411,1,0,1.0,86.22,-73.78,4.2,14.18,1.044,7.083,1.169
histogram,adaptive,combined,412,1,0,1.0,86.22,-73.78,4.201,14.052,0.986,7.14,1.066
histogram,adaptive,combined,413,1,0,1.0,86.22,-73.78,4.19,14.148,1.047,7.099,1.126
histogram,adaptive,combined,414,1,0,1.0,86.22,-73.78,4.197,14.082,0.991,7.143,1.065
histogram,adaptive,combined,415,1,0,1.0,86.22,-73.78,4.169,14.137,0.996,7.161,1.071
histogram,adaptive,combined,416,1,0,1.0,86.22,-73.78,4.193,14.095,0.995,7.151,1.07
histogram,adaptive,combined,417,1,0,1.0,86.22,-73.78,4.187,14.154,0.993,7.167,1.073
histogram,adaptive,combined,418,1,0,1.0,86.22,-73.78,4.208,14.162,0.997,7.144,1.063
histogram,adaptive,combined,419,1,0,1.0,86.22,-73.78,4.188,14.068,0.989,7.123,1.07
histogram,adaptive,combined,420,1,0,1.0,86.22,-73.78,4.193,14.141,1.0,7.14,1.131
histogram,adaptive,combined,421,1,0,1.0,86.22,-73.78,4.18,14.066,0.989,7.13,1.081
histogram,adaptive,combined,422,1,0,1.0,86.22,-73.78,4.194,14.178,1.032,7.132,1.147
histogram,adaptive,combined,423,1,0,1.0,86.22,-73.78,4.181,14.057,0.984,7.14,1.084
histogram,adaptive,combined,424,1,0,1.0,86.22,-73.78,4.238,14.215,1.04,7.112,1.139
