algorithm,threshold,hist_source,frame,detected,inferred,confidence,lane_center,error_px,detect_ms,total_ms,t_blur,t_threshold,t_canny
canny_hough,fixed,edges,0,1,1,0.3,250.23,90.23,11.991,30.845,14.961,0.448,2.393
canny_hough,fixed,edges,1,1,1,0.3,250.23,90.23,7.6,11.812,1.705,0.213,1.058
canny_hough,fixed,edges,2,1,1,0.3,250.23,90.23,2.94,7.344,1.482,0.157,1.626
canny_hough,fixed,edges,3,1,1,0.45,253.92,93.92,3.268,8.821,1.015,0.106,3.739
canny_hough,fixed,edges,4,1,1,0.3,250.23,90.23,3.747,7.722,1.236,0.259,1.54
canny_hough,fixed,edges,5,1,1,0.3,250.23,90.23,2.727,6.259,1.32,0.26,1.168
canny_hough,fixed,edges,6,1,1,0.45,253.92,93.92,2.899,5.744,0.993,0.103,1.056
canny_hough,fixed,edges,7,1,1,0.3,254.1,94.1,2.713,5.643,1.039,0.115,1.083
canny_hough,fixed,edges,8,1,1,0.3,254.1,94.1,2.713,5.448,0.988,0.106,0.961
canny_hough,fixed,edges,9,1,1,0.3,254.1,94.1,2.631,5.585,1.001,0.106,1.154
canny_hough,fixed,edges,10,1,1,0.3,253.79,93.79,2.696,6.613,1.0,0.102,2.062
canny_hough,fixed,edges,11,1,1,0.3,250.23,90.23,2.719,5.626,1.007,0.154,1.027
canny_hough,fixed,edges,12,1,1,0.3,250.23,90.23,2.709,5.653,1.0,0.1,1.118
canny_hough,fixed,edges,13,1,1,0.3,250.23,90.23,2.656,5.622,0.994,0.102,1.174
canny_hough,fixed,edges,14,1,1,0.3,250.23,90.23,2.738,5.674,1.053,0.104,1.077
canny_hough,fixed,edges,15,1,1,0.3,251.44,91.44,2.648,5.511,0.997,0.103,0.991
canny_hough,fixed,edges,16,1,1,0.45,254.1,94.1,2.85,5.729,1.059,0.116,0.991
canny_hough,fixed,edges,17,1,1,0.3,250.23,90.23,2.904,5.796,1.008,0.108,1.082
canny_hough,fixed,edges,18,1,1,0.45,248.44,88.44,2.859,5.732,1.013,0.151,1.001
canny_hough,fixed,edges,19,1,1,0.3,253.79,93.79,2.72,5.521,1.004,0.1,0.986
canny_hough,fixed,edges,20,1,1,0.3,253.79,93.79,2.664,6.173,0.998,0.1,1.709
canny_hough,fixed,edges,21,1,1,0.45,253.53,93.53,2.831,5.612,0.987,0.101,0.988
canny_hough,fixed,edges,22,1,1,0.3,250.23,90.23,2.677,5.759,0.999,0.1,1.273
canny_hough,fixed,edges,23,1,1,0.3,250.23,90.23,2.677,5.691,1.003,0.104,1.079
canny_hough,fixed,edges,24,1,1,0.3,250.23,90.23,2.697,5.565,1.013,0.1,0.972
canny_hough,fixed,edges,25,1,1,0.45,253.4,93.4,2.844,5.74,1.058,0.109,1.005
canny_hough,fixed,edges,26,1,1,0.45,253.4,93.4,2.876,5.703,1.012,0.107,1.01
canny_hough,fixed,edges,27,1,1,0.45,253.6,93.6,2.841,5.807,0.999,0.177,1.092
canny_hough,fixed,edges,28,1,1,0.3,251.44,91.44,2.735,5.534,1.004,0.102,0.993
canny_hough,fixed,edges,29,1,1,0.3,251.44,91.44,2.825,5.868,1.011,0.1,1.216
canny_hough,fixed,edges,30,1,1,0.3,250.23,90.23,2.828,5.93,1.055,0.148,1.121
canny_hough,fixed,edges,31,1,1,0.45,254.1,94.1,2.668,5.741,0.998,0.097,1.3
canny_hough,fixed,edges,32,1,1,0.45,254.1,94.1,2.802,5.619,0.994,0.095,0.946
canny_hough,fixed,edges,33,1,1,0.3,250.23,90.23,2.551,5.659,1.051,0.096,1.277
canny_hough,fixed,edges,34,1,1,0.3,250.23,90.23,2.658,5.32,1.053,0.102,0.824
canny_hough,fixed,edges,35,1,1,0.3,253.79,93.79,2.655,5.387,0.985,0.095,0.967
canny_hough,fixed,edges,36,1,1,0.3,253.79,93.79,2.605,4.902,0.643,0.095,0.812
canny_hough,fixed,edges,37,1,1,0.3,250.23,90.23,2.644,5.421,1.032,0.105,0.965
canny_hough,fixed,edges,38,1,1,0.3,250.23,90.23,2.637,5.372,0.994,0.094,0.951
canny_hough,fixed,edges,39,1,1,0.3,250.23,90.23,2.58,5.465,0.994,0.093,1.115
canny_hough,fixed,edges,40,1,1,0.3,250.23,90.23,2.661,5.576,1.08,0.103,1.054
canny_hough,fixed,edges,41,1,1,0.45,254.1,94.1,3.005,11.975,7.253,0.176,0.856
canny_hough,fixed,edges,42,1,1,0.45,254.1,94.1,2.993,5.908,1.014,0.108,1.05
canny_hough,fixed,edges,43,1,1,0.45,253.53,93.53,3.104,5.543,0.747,0.114,0.861
canny_hough,fixed,edges,44,1,1,0.3,250.23,90.23,2.82,5.417,0.639,0.151,1.011
canny_hough,fixed,edges,45,1,1,0.3,250.23,90.23,2.824,5.715,1.004,0.104,1.098
canny_hough,fixed,edges,46,1,1,0.3,250.23,90.23,3.005,5.499,0.641,0.112,0.932
canny_hough,fixed,edges,47,1,1,0.3,250.23,90.23,2.795,5.842,1.042,0.128,1.145
canny_hough,fixed,edges,48,1,1,0.45,253.6,93.6,3.03,6.236,1.095,0.136,1.271
canny_hough,fixed,edges,49,1,1,0.3,250.23,90.23,2.812,5.815,1.02,0.122,1.157
canny_hough,fixed,edges,50,1,1,0.3,250.23,90.23,2.878,5.956,1.106,0.201,1.039
canny_hough,fixed,edges,51,1,1,0.45,253.53,93.53,2.889,6.024,1.005,0.138,1.287
canny_hough,fixed,edges,52,1,1,0.3,250.23,90.23,2.721,5.554,1.048,0.114,0.943
canny_hough,fixed,edges,53,1,1,0.3,253.79,93.79,2.654,5.587,1.077,0.132,1.041
canny_hough,fixed,edges,54,1,1,0.3,253.79,93.79,2.791,5.543,1.029,0.098,0.947
canny_hough,fixed,edges,55,1,1,0.3,250.23,90.23,2.805,5.765,0.991,0.096,1.096
canny_hough,fixed,edges,56,1,1,0.45,253.92,93.92,3.001,5.981,0.993,0.092,1.163
canny_hough,fixed,edges,57,1,1,0.45,253.92,93.92,2.813,5.641,0.988,0.095,1.049
canny_hough,fixed,edges,58,1,1,0.3,250.23,90.23,2.587,5.461,0.998,0.091,1.115
canny_hough,fixed,edges,59,1,1,0.3,250.23,90.23,2.642,5.027,0.775,0.103,0.821
canny_hough,fixed,edges,60,1,1,0.3,250.23,90.23,2.643,4.877,0.643,0.094,0.813
canny_hough,fixed,edges,61,1,1,0.3,250.23,90.23,3.038,5.275,0.636,0.097,0.814
canny_hough,fixed,edges,62,1,1,0.3,250.23,90.23,2.985,5.822,0.715,0.168,1.103
canny_hough,fixed,edges,63,1,1,0.45,254.1,94.1,2.857,5.761,1.01,0.105,1.079
canny_hough,fixed,edges,64,1,1,0.45,254.85,94.85,2.818,5.713,1.006,0.1,1.081
canny_hough,fixed,edges,65,1,1,0.45,254.85,94.85,2.811,5.706,0.992,0.108,1.097
canny_hough,fixed,edges,66,1,1,0.45,255.02,95.02,2.808,5.702,1.003,0.103,1.087
canny_hough,fixed,edges,67,1,1,0.45,254.49,94.49,2.851,5.75,1.005,0.113,0.988
canny_hough,fixed,edges,68,1,1,0.3,250.23,90.23,2.68,5.555,1.003,0.104,1.053
canny_hough,fixed,edges,69,1,1,0.3,250.23,90.23,2.714,5.563,1.054,0.108,0.986
canny_hough,fixed,edges,70,1,1,0.45,254.1,94.1,2.846,5.655,1.002,0.101,0.994
canny_hough,fixed,edges,71,1,1,0.45,254.1,94.1,2.836,5.782,1.01,0.106,1.133
canny_hough,fixed,edges,72,1,1,0.3,250.23,90.23,2.723,5.619,0.995,0.102,1.069
canny_hough,fixed,edges,73,1,1,0.45,253.92,93.92,2.815,5.74,1.011,0.106,1.114
canny_hough,fixed,edges,74,1,1,0.3,253.79,93.79,5.016,7.965,1.005,0.103,1.085
canny_hough,fixed,edges,75,1,1,0.3,253.79,93.79,2.698,5.64,1.007,0.103,1.059
canny_hough,fixed,edges,76,1,1,0.3,254.1,94.1,2.623,5.493,1.005,0.105,1.058
canny_hough,fixed,edges,77,1,1,0.3,254.1,94.1,2.73,5.567,1.056,0.109,0.987
canny_hough,fixed,edges,78,1,1,0.3,254.1,94.1,2.714,5.603,0.992,0.101,1.09
canny_hough,fixed,edges,79,1,1,0.45,253.92,93.92,2.889,5.84,0.999,0.101,1.149
canny_hough,fixed,edges,80,1,1,0.45,253.92,93.92,2.876,5.786,1.001,0.101,1.096
canny_hough,fixed,edges,81,1,1,0.3,253.79,93.79,2.625,5.634,1.009,0.102,1.205
canny_hough,fixed,edges,82,1,1,0.45,253.4,93.4,2.901,5.79,0.999,0.1,0.993
canny_hough,fixed,edges,83,1,1,0.45,253.4,93.4,2.802,5.761,1.001,0.101,1.154
canny_hough,fixed,edges,84,1,1,0.45,254.49,94.49,2.857,5.713,1.052,0.114,0.997
canny_hough,fixed,edges,85,1,1,0.3,253.79,93.79,2.725,5.51,0.993,0.107,0.986
canny_hough,fixed,edges,86,1,1,0.45,253.53,93.53,2.985,5.848,1.052,0.11,0.999
canny_hough,fixed,edges,87,1,1,0.45,253.53,93.53,2.758,5.475,0.992,0.096,0.943
canny_hough,fixed,edges,88,1,1,0.3,253.79,93.79,2.592,5.383,0.99,0.094,1.032
canny_hough,fixed,edges,89,1,1,0.3,253.79,93.79,2.649,5.539,0.993,0.097,1.026
canny_hough,fixed,edges,90,1,1,0.45,255.02,95.02,2.802,5.53,0.997,0.09,0.958
canny_hough,fixed,edges,91,1,1,0.3,250.23,90.23,2.64,5.422,1.051,0.096,0.948
canny_hough,fixed,edges,92,1,1,0.3,250.23,90.23,2.632,5.509,1.011,0.106,1.049
canny_hough,fixed,edges,93,1,1,0.3,250.23,90.23,2.605,6.182,0.978,0.093,1.812
canny_hough,fixed,edges,94,1,1,0.45,253.92,93.92,2.773,5.463,0.98,0.091,0.945
canny_hough,fixed,edges,95,1,1,0.45,253.92,93.92,2.706,5.574,0.98,0.094,1.116
canny_hough,fixed,edges,96,1,1,0.3,250.23,90.23,2.634,4.921,0.69,0.095,0.817
canny_hough,fixed,edges,97,1,1,0.3,253.79,93.79,2.613,4.841,0.63,0.095,0.815
canny_hough,fixed,edges,98,1,1,0.3,250.23,90.23,2.651,4.881,0.646,0.092,0.817
canny_hough,fixed,edges,99,1,1,0.3,250.23,90.23,2.567,4.868,0.634,0.093,0.886
canny_hough,fixed,edges,100,1,1,0.3,250.23,90.23,2.575,4.822,0.668,0.095,0.809
canny_hough,fixed,edges,101,1,1,0.3,250.23,90.23,2.631,4.924,0.635,0.091,0.825
canny_hough,fixed,edges,102,1,1,0.45,254.1,94.1,2.825,5.087,0.646,0.092,0.812
canny_hough,fixed,edges,103,1,1,0.3,253.65,93.65,2.567,4.85,0.624,0.092,0.822
canny_hough,fixed,edges,104,1,1,0.3,250.23,90.23,2.569,4.814,0.638,0.131,0.816
canny_hough,fixed,edges,105,1,1,0.3,250.23,90.23,2.632,4.939,0.628,0.09,0.827
canny_hough,fixed,edges,106,1,1,0.45,253.4,93.4,2.752,4.986,0.637,0.094,0.81
canny_hough,fixed,edges,107,1,1,0.45,253.4,93.4,3.509,5.756,0.637,0.097,0.834
canny_hough,fixed,edges,108,1,1,0.45,253.53,93.53,2.778,5.052,0.691,0.093,0.824
canny_hough,fixed,edges,109,1,1,0.45,254.1,94.1,2.745,4.98,0.638,0.095,0.816
canny_hough,fixed,edges,110,1,1,0.45,254.1,94.1,2.794,5.039,0.651,0.093,0.819
canny_hough,fixed,edges,111,1,1,0.45,254.1,94.1,2.696,4.988,0.636,0.093,0.872
canny_hough,fixed,edges,112,1,1,0.3,250.23,90.23,2.646,4.943,0.626,0.092,0.807
canny_hough,fixed,edges,113,1,1,0.45,253.52,93.52,2.819,5.033,0.635,0.094,0.804
canny_hough,fixed,edges,114,1,1,0.45,253.52,93.52,2.725,5.01,0.633,0.092,0.801
canny_hough,fixed,edges,115,1,1,0.3,250.23,90.23,2.592,4.913,0.669,0.096,0.867
canny_hough,fixed,edges,116,1,1,0.3,250.23,90.23,2.63,4.927,0.634,0.091,0.831
canny_hough,fixed,edges,117,1,1,0.45,253.53,93.53,2.719,4.932,0.631,0.094,0.818
canny_hough,fixed,edges,118,1,1,0.3,250.23,90.23,2.585,4.9,0.64,0.091,0.82
canny_hough,fixed,edges,119,1,1,0.3,250.23,90.23,2.56,4.805,0.627,0.13,0.816
canny_hough,fixed,edges,120,1,1,0.3,253.79,93.79,2.652,4.956,0.629,0.094,0.807
canny_hough,fixed,edges,121,1,1,0.45,253.92,93.92,2.779,5.011,0.635,0.094,0.82
canny_hough,fixed,edges,122,1,1,0.45,253.92,93.92,2.739,5.073,0.639,0.097,0.814
canny_hough,fixed,edges,123,1,1,0.45,253.92,93.92,2.72,4.992,0.632,0.135,0.823
canny_hough,fixed,edges,124,1,1,0.3,254.1,94.1,2.61,4.894,0.63,0.092,0.824
canny_hough,fixed,edges,125,1,1,0.3,254.1,94.1,2.627,4.842,0.637,0.093,0.814
canny_hough,fixed,edges,126,1,1,0.45,253.53,93.53,2.703,4.99,0.631,0.095,0.816
canny_hough,fixed,edges,127,1,1,0.3,253.79,93.79,2.564,4.859,0.636,0.147,0.822
canny_hough,fixed,edges,128,1,1,0.3,253.79,93.79,2.635,4.921,0.626,0.094,0.816
canny_hough,fixed,edges,129,1,1,0.3,253.79,93.79,2.623,4.874,0.648,0.094,0.816
canny_hough,fixed,edges,130,1,1,0.3,250.23,90.23,2.67,4.896,0.638,0.093,0.816
canny_hough,fixed,edges,131,1,1,0.3,250.23,90.23,2.565,4.848,0.633,0.093,0.873
canny_hough,fixed,edges,132,1,1,0.3,250.23,90.23,2.643,4.923,0.696,0.094,0.802
canny_hough,fixed,edges,133,1,1,0.3,253.96,93.96,2.627,4.842,0.636,0.095,0.816
canny_hough,fixed,edges,134,1,1,0.3,253.96,93.96,2.657,4.864,0.64,0.09,0.799
canny_hough,fixed,edges,135,1,1,0.45,253.53,93.53,2.703,5.027,0.636,0.096,0.907
canny_hough,fixed,edges,136,1,1,0.45,255.02,95.02,2.801,5.083,0.687,0.096,0.806
canny_hough,fixed,edges,137,1,1,0.45,253.4,93.4,2.768,5.021,0.65,0.092,0.827
canny_hough,fixed,edges,138,1,1,0.45,253.4,93.4,2.795,5.028,0.649,0.091,0.818
canny_hough,fixed,edges,139,1,1,0.3,250.23,90.23,2.592,4.878,0.64,0.092,0.866
canny_hough,fixed,edges,140,1,1,0.3,253.79,93.79,2.631,4.905,0.627,0.091,0.804
canny_hough,fixed,edges,141,1,1,0.3,253.79,93.79,2.659,4.924,0.634,0.097,0.837
canny_hough,fixed,edges,142,1,1,0.45,253.53,93.53,2.747,5.016,0.646,0.095,0.817
canny_hough,fixed,edges,143,1,1,0.45,253.53,93.53,2.666,4.93,0.634,0.096,0.869
canny_hough,fixed,edges,144,1,1,0.3,253.65,93.65,2.641,4.908,0.622,0.092,0.814
canny_hough,fixed,edges,145,1,1,0.3,254.1,94.1,2.594,4.829,0.636,0.096,0.812
canny_hough,fixed,edges,146,1,1,0.3,253.48,93.48,2.639,4.849,0.63,0.093,0.802
canny_hough,fixed,edges,147,1,1,0.3,253.48,93.48,2.545,4.84,0.641,0.093,0.881
canny_hough,fixed,edges,148,1,1,0.45,253.32,93.32,2.808,5.064,0.677,0.094,0.817
canny_hough,fixed,edges,149,1,1,0.45,253.53,93.53,2.728,4.953,0.626,0.096,0.821
canny_hough,fixed,edges,150,1,1,0.45,253.53,93.53,2.756,4.973,0.637,0.091,0.812
canny_hough,fixed,edges,151,1,1,0.3,250.23,90.23,2.573,4.875,0.637,0.094,0.891
canny_hough,fixed,edges,152,1,1,0.3,250.23,90.23,2.67,5.015,0.72,0.101,0.811
canny_hough,fixed,edges,153,1,1,0.3,250.23,90.23,2.613,4.815,0.625,0.091,0.811
canny_hough,fixed,edges,154,1,1,0.3,250.23,90.23,2.656,4.857,0.636,0.092,0.804
canny_hough,fixed,edges,155,1,1,0.3,250.23,90.23,2.548,4.853,0.638,0.096,0.888
canny_hough,fixed,edges,156,1,1,0.3,250.23,90.23,2.58,4.866,0.684,0.097,0.821
canny_hough,fixed,edges,157,1,1,0.3,253.79,93.79,2.651,4.891,0.621,0.095,0.833
canny_hough,fixed,edges,158,1,1,0.45,253.53,93.53,2.745,4.977,0.638,0.092,0.818
canny_hough,fixed,edges,159,1,1,0.45,253.53,93.53,2.663,4.989,0.643,0.095,0.893
canny_hough,fixed,edges,160,1,1,0.3,253.79,93.79,2.584,4.859,0.681,0.096,0.815
canny_hough,fixed,edges,161,1,1,0.3,250.23,90.23,2.62,5.024,0.808,0.101,0.811
canny_hough,fixed,edges,162,1,1,0.3,250.23,90.23,2.67,4.943,0.645,0.093,0.826
canny_hough,fixed,edges,163,1,1,0.3,253.79,93.79,2.552,4.857,0.642,0.094,0.873
canny_hough,fixed,edges,164,1,1,0.3,253.79,93.79,2.576,4.867,0.675,0.1,0.832
canny_hough,fixed,edges,165,1,1,0.3,253.79,93.79,2.623,4.92,0.635,0.092,0.82
canny_hough,fixed,edges,166,1,1,0.3,253.79,93.79,2.678,4.897,0.639,0.092,0.807
canny_hough,fixed,edges,167,1,1,0.3,253.79,93.79,2.582,4.91,0.651,0.093,0.821
canny_hough,fixed,edges,168,1,1,0.3,253.79,93.79,2.581,4.838,0.637,0.134,0.819
canny_hough,fixed,edges,169,1,1,0.3,253.79,93.79,2.628,4.908,0.627,0.093,0.81
canny_hough,fixed,edges,170,1,1,0.3,253.79,93.79,2.63,4.86,0.631,0.096,0.821
canny_hough,fixed,edges,171,1,1,0.3,253.79,93.79,2.63,4.874,0.638,0.093,0.815
canny_hough,fixed,edges,172,1,1,0.45,254.49,94.49,2.74,5.047,0.633,0.091,0.868
canny_hough,fixed,edges,173,1,1,0.45,254.49,94.49,2.771,5.063,0.626,0.094,0.817
canny_hough,fixed,edges,174,1,1,0.45,253.53,93.53,2.727,4.955,0.639,0.093,0.814
canny_hough,fixed,edges,175,1,1,0.3,253.79,93.79,2.644,4.865,0.642,0.091,0.813
canny_hough,fixed,edges,176,1,1,0.3,253.79,93.79,2.565,4.847,0.636,0.096,0.863
canny_hough,fixed,edges,177,1,1,0.3,253.79,93.79,2.629,4.956,0.633,0.095,0.83
canny_hough,fixed,edges,178,1,1,0.3,253.79,93.79,2.634,4.857,0.636,0.092,0.814
canny_hough,fixed,edges,179,1,1,0.3,253.79,93.79,2.653,4.887,0.637,0.094,0.811
canny_hough,fixed,edges,180,1,1,0.45,253.92,93.92,2.734,5.015,0.624,0.091,0.907
canny_hough,fixed,edges,181,1,1,0.3,253.79,93.79,2.635,4.898,0.684,0.093,0.801
canny_hough,fixed,edges,182,1,1,0.3,250.23,90.23,2.625,4.872,0.637,0.093,0.803
canny_hough,fixed,edges,183,1,1,0.3,250.23,90.23,2.634,4.843,0.635,0.093,0.807
canny_hough,fixed,edges,184,1,1,0.3,253.79,93.79,2.568,4.856,0.634,0.092,0.886
canny_hough,fixed,edges,185,1,1,0.45,253.4,93.4,2.743,5.017,0.671,0.099,0.821
canny_hough,fixed,edges,186,1,1,0.45,253.4,93.4,2.741,4.988,0.644,0.093,0.828
canny_hough,fixed,edges,187,1,1,0.3,254.1,94.1,2.618,4.845,0.641,0.096,0.808
canny_hough,fixed,edges,188,1,1,0.3,254.1,94.1,2.542,4.833,0.637,0.094,0.877
canny_hough,fixed,edges,189,1,1,0.45,253.92,93.92,2.819,5.113,0.677,0.1,0.827
canny_hough,fixed,edges,190,1,1,0.45,253.92,93.92,2.793,5.028,0.643,0.094,0.813
canny_hough,fixed,edges,191,1,1,0.45,253.92,93.92,2.794,5.071,0.656,0.095,0.839
canny_hough,fixed,edges,192,1,1,0.3,253.79,93.79,2.569,4.903,0.634,0.093,0.885
canny_hough,fixed,edges,193,1,1,0.3,253.79,93.79,2.638,4.935,0.689,0.095,0.813
canny_hough,fixed,edges,194,1,1,0.3,253.79,93.79,2.641,4.865,0.63,0.094,0.814
canny_hough,fixed,edges,195,1,1,0.45,253.92,93.92,2.802,5.026,0.634,0.093,0.824
canny_hough,fixed,edges,196,1,1,0.3,253.79,93.79,2.579,4.903,0.645,0.094,0.904
canny_hough,fixed,edges,197,1,1,0.3,253.79,93.79,2.633,4.914,0.678,0.096,0.826
canny_hough,fixed,edges,198,1,1,0.45,255.02,95.02,2.775,5.004,0.629,0.094,0.824
canny_hough,fixed,edges,199,1,1,0.45,253.53,93.53,2.752,5.008,0.638,0.095,0.827
canny_hough,fixed,edges,200,1,1,0.3,253.48,93.48,2.556,4.847,0.635,0.097,0.883
canny_hough,fixed,edges,201,1,1,0.3,253.48,93.48,2.642,4.92,0.671,0.1,0.82
canny_hough,fixed,edges,202,1,1,0.3,253.79,93.79,2.628,4.904,0.632,0.094,0.828
canny_hough,fixed,edges,203,1,1,0.3,253.79,93.79,2.633,4.863,0.636,0.093,0.816
canny_hough,fixed,edges,204,1,1,0.3,253.79,93.79,2.571,4.867,0.635,0.092,0.897
canny_hough,fixed,edges,205,1,1,0.45,253.53,93.53,2.763,5.016,0.67,0.096,0.805
canny_hough,fixed,edges,206,1,1,0.45,253.53,93.53,2.735,4.967,0.627,0.092,0.832
canny_hough,fixed,edges,207,1,1,0.3,250.23,90.23,2.647,4.884,0.639,0.095,0.82
canny_hough,fixed,edges,208,1,1,0.45,253.4,93.4,2.72,5.036,0.636,0.093,0.911
canny_hough,fixed,edges,209,1,1,0.45,253.4,93.4,2.792,5.066,0.675,0.096,0.825
canny_hough,fixed,edges,210,1,1,0.45,253.4,93.4,2.773,5.013,0.628,0.091,0.831
canny_hough,fixed,edges,211,1,1,0.45,253.53,93.53,2.767,5.019,0.644,0.095,0.821
canny_hough,fixed,edges,212,1,1,0.3,250.23,90.23,2.569,4.898,0.635,0.092,0.891
canny_hough,fixed,edges,213,1,1,0.3,250.23,90.23,2.638,4.922,0.683,0.095,0.817
canny_hough,fixed,edges,214,1,1,0.45,255.1,95.1,2.797,5.03,0.632,0.096,0.817
canny_hough,fixed,edges,215,1,1,0.45,255.1,95.1,2.851,5.072,0.646,0.094,0.795
canny_hough,fixed,edges,216,1,1,0.45,253.92,93.92,2.725,5.013,0.649,0.094,0.859
canny_hough,fixed,edges,217,1,1,0.45,254.46,94.46,2.72,5.007,0.635,0.092,0.815
canny_hough,fixed,edges,218,1,1,0.45,253.4,93.4,2.774,5.023,0.634,0.093,0.835
canny_hough,fixed,edges,219,1,1,0.3,254.1,94.1,2.547,4.833,0.642,0.094,0.808
canny_hough,fixed,edges,220,1,1,0.3,250.23,90.23,2.569,4.829,0.638,0.093,0.843
canny_hough,fixed,edges,221,1,1,0.3,250.23,90.23,2.658,4.971,0.635,0.097,0.823
canny_hough,fixed,edges,222,1,1,0.3,253.79,93.79,2.623,4.904,0.636,0.097,0.827
canny_hough,fixed,edges,223,1,1,0.3,253.79,93.79,2.64,4.883,0.64,0.095,0.824
canny_hough,fixed,edges,224,1,1,0.45,253.9,93.9,2.733,4.993,0.633,0.091,0.864
canny_hough,fixed,edges,225,1,1,0.45,253.9,93.9,2.771,5.068,0.631,0.097,0.811
canny_hough,fixed,edges,226,1,1,0.3,253.79,93.79,2.645,4.891,0.652,0.097,0.815
canny_hough,fixed,edges,227,1,1,0.3,253.79,93.79,2.635,4.89,0.644,0.098,0.826
canny_hough,fixed,edges,228,1,1,0.3,253.79,93.79,2.569,4.86,0.635,0.093,0.878
canny_hough,fixed,edges,229,1,1,0.3,254.1,94.1,2.667,4.998,0.734,0.099,0.809
canny_hough,fixed,edges,230,1,1,0.3,253.79,93.79,2.643,4.867,0.631,0.095,0.812
canny_hough,fixed,edges,231,1,1,0.3,253.79,93.79,2.647,4.865,0.639,0.094,0.818
canny_hough,fixed,edges,232,1,1,0.45,253.92,93.92,2.721,5.026,0.621,0.092,0.885
canny_hough,fixed,edges,233,1,1,0.45,254.49,94.49,2.763,5.035,0.687,0.095,0.81
canny_hough,fixed,edges,234,1,1,0.45,254.49,94.49,2.784,4.996,0.636,0.091,0.808
canny_hough,fixed,edges,235,1,1,0.45,253.4,93.4,2.809,5.069,0.639,0.095,0.834
canny_hough,fixed,edges,236,1,1,0.45,253.4,93.4,2.722,4.968,0.627,0.095,0.858
canny_hough,fixed,edges,237,1,1,0.45,253.4,93.4,2.74,5.031,0.631,0.092,0.823
canny_hough,fixed,edges,238,1,1,0.3,253.79,93.79,2.634,4.858,0.659,0.092,0.805
canny_hough,fixed,edges,239,1,1,0.3,253.96,93.96,2.667,4.89,0.637,0.094,0.805
canny_hough,fixed,edges,240,1,1,0.3,253.96,93.96,2.591,4.863,0.641,0.094,0.856
canny_hough,fixed,edges,241,1,1,0.45,254.1,94.1,2.752,5.048,0.635,0.096,0.813
canny_hough,fixed,edges,242,1,1,0.3,253.79,93.79,2.632,4.906,0.643,0.093,0.825
canny_hough,fixed,edges,243,1,1,0.3,253.79,93.79,2.637,4.859,0.638,0.091,0.813
canny_hough,fixed,edges,244,1,1,0.3,253.79,93.79,2.587,4.871,0.638,0.093,0.885
canny_hough,fixed,edges,245,1,1,0.3,253.79,93.79,2.622,4.903,0.692,0.094,0.811
canny_hough,fixed,edges,246,1,1,0.3,254.1,94.1,2.607,4.841,0.635,0.09,0.826
canny_hough,fixed,edges,247,1,1,0.45,253.4,93.4,2.789,5.076,0.659,0.097,0.82
canny_hough,fixed,edges,248,1,1,0.3,254.1,94.1,2.554,4.839,0.634,0.093,0.883
canny_hough,fixed,edges,249,1,1,0.3,254.1,94.1,2.627,4.921,0.675,0.103,0.826
canny_hough,fixed,edges,250,1,1,0.45,253.92,93.92,2.779,5.009,0.632,0.093,0.817
canny_hough,fixed,edges,251,1,1,0.45,253.92,93.92,2.817,5.055,0.634,0.093,0.822
canny_hough,fixed,edges,252,1,1,0.45,254.58,94.58,2.789,5.068,0.631,0.093,0.855
canny_hough,fixed,edges,253,1,1,0.3,253.79,93.79,2.646,4.933,0.632,0.092,0.817
canny_hough,fixed,edges,254,1,1,0.3,253.79,93.79,2.648,4.86,0.635,0.092,0.807
canny_hough,fixed,edges,255,1,1,0.45,252.22,92.22,2.734,4.931,0.633,0.094,0.809
canny_hough,fixed,edges,256,1,1,0.3,253.79,93.79,2.936,5.213,0.635,0.093,0.87
canny_hough,fixed,edges,257,1,1,0.3,253.79,93.79,2.713,5.836,1.06,0.147,1.078
canny_hough,fixed,edges,258,1,1,0.3,253.79,93.79,2.654,5.539,1.001,0.1,1.086
canny_hough,fixed,edges,259,1,1,0.3,253.79,93.79,2.719,5.566,1.049,0.109,0.987
canny_hough,fixed,edges,260,1,1,0.3,253.79,93.79,2.74,5.528,1.0,0.102,0.986
canny_hough,fixed,edges,261,1,1,0.3,253.96,93.96,2.756,5.693,0.993,0.172,1.074
canny_hough,fixed,edges,262,1,1,0.3,253.65,93.65,2.704,5.613,1.001,0.101,1.08
canny_hough,fixed,edges,263,1,1,0.3,253.65,93.65,2.633,5.532,1.012,0.102,1.088
canny_hough,fixed,edges,264,1,1,0.3,253.65,93.65,2.699,5.566,1.009,0.104,0.996
canny_hough,fixed,edges,265,1,1,0.3,253.79,93.79,2.648,5.588,1.002,0.103,1.064
canny_hough,fixed,edges,266,1,1,0.3,253.79,93.79,2.72,5.68,1.051,0.111,1.096
canny_hough,fixed,edges,267,1,1,0.3,254.1,94.1,2.948,5.846,1.001,0.105,1.092
canny_hough,fixed,edges,268,1,1,0.3,253.79,93.79,2.741,5.72,1.001,0.161,1.104
canny_hough,fixed,edges,269,1,1,0.3,253.79,93.79,2.688,5.583,0.998,0.102,1.084
canny_hough,fixed,edges,270,1,1,0.45,253.4,93.4,2.898,6.387,0.994,0.1,1.693
canny_hough,fixed,edges,271,1,1,0.3,253.79,93.79,2.688,5.506,1.005,0.102,1.001
canny_hough,fixed,edges,272,1,1,0.3,253.48,93.48,2.634,5.656,1.01,0.098,1.192
canny_hough,fixed,edges,273,1,1,0.3,253.48,93.48,2.711,5.717,0.997,0.104,1.138
canny_hough,fixed,edges,274,1,1,0.3,254.1,94.1,2.628,5.488,1.006,0.099,0.974
canny_hough,fixed,edges,275,1,1,0.3,254.1,94.1,2.682,5.639,1.062,0.112,1.079
canny_hough,fixed,edges,276,1,1,0.3,253.79,93.79,2.754,5.535,0.998,0.105,0.995
canny_hough,fixed,edges,277,1,1,0.45,253.92,93.92,2.805,5.647,1.012,0.101,1.041
canny_hough,fixed,edges,278,1,1,0.45,254.1,94.1,2.878,5.853,1.005,0.101,1.093
canny_hough,fixed,edges,279,1,1,0.45,254.1,94.1,2.785,5.747,0.998,0.108,1.16
canny_hough,fixed,edges,280,1,1,0.3,253.79,93.79,2.728,5.575,0.996,0.1,1.011
canny_hough,fixed,edges,281,1,1,0.3,253.65,93.65,2.85,5.859,1.019,0.103,1.103
canny_hough,fixed,edges,282,1,1,0.3,253.65,93.65,2.675,5.48,1.041,0.1,0.944
canny_hough,fixed,edges,283,1,1,0.45,253.4,93.4,2.79,5.505,0.982,0.094,0.949
canny_hough,fixed,edges,284,1,1,0.45,253.4,93.4,2.716,5.65,0.985,0.091,1.184
canny_hough,fixed,edges,285,1,1,0.3,250.23,90.23,2.613,5.465,0.979,0.092,1.049
canny_hough,fixed,edges,286,1,1,0.3,253.79,93.79,2.58,5.354,0.988,0.094,0.936
canny_hough,fixed,edges,287,1,1,0.3,253.79,93.79,2.63,5.455,1.046,0.123,0.97
canny_hough,fixed,edges,288,1,1,0.45,253.32,93.32,2.778,5.485,0.979,0.092,0.95
canny_hough,fixed,edges,289,1,1,0.45,253.32,93.32,2.719,5.809,0.991,0.097,1.318
canny_hough,fixed,edges,290,1,1,0.45,253.92,93.92,2.78,5.589,0.995,0.098,0.968
canny_hough,fixed,edges,291,1,1,0.45,253.92,93.92,2.729,5.583,0.989,0.094,1.033
canny_hough,fixed,edges,292,1,1,0.45,254.42,94.42,2.781,5.063,0.67,0.097,0.82
canny_hough,fixed,edges,293,1,1,0.3,253.79,93.79,2.665,4.907,0.649,0.094,0.816
canny_hough,fixed,edges,294,1,1,0.3,253.79,93.79,2.677,4.909,0.641,0.094,0.821
canny_hough,fixed,edges,295,1,1,0.3,253.65,93.65,2.567,4.863,0.637,0.093,0.881
canny_hough,fixed,edges,296,1,1,0.3,253.65,93.65,2.603,4.858,0.673,0.096,0.81
canny_hough,fixed,edges,297,1,1,0.3,253.79,93.79,2.618,4.876,0.62,0.093,0.808
canny_hough,fixed,edges,298,1,1,0.3,250.23,90.23,2.637,4.871,0.637,0.094,0.826
canny_hough,fixed,edges,299,1,1,0.3,250.23,90.23,2.578,4.892,0.643,0.097,0.817
canny_hough,fixed,edges,300,1,1,0.3,253.79,93.79,2.569,4.84,0.636,0.096,0.861
canny_hough,fixed,edges,301,1,1,0.45,253.32,93.32,2.77,5.06,0.624,0.094,0.818
canny_hough,fixed,edges,302,1,1,0.45,253.38,93.38,2.755,5.028,0.642,0.096,0.821
canny_hough,fixed,edges,303,1,1,0.45,253.38,93.38,2.698,5.009,0.643,0.097,0.824
canny_hough,fixed,edges,304,1,1,0.45,253.53,93.53,2.686,4.974,0.699,0.097,0.817
canny_hough,fixed,edges,305,1,1,0.3,253.79,93.79,2.621,4.909,0.632,0.094,0.81
canny_hough,fixed,edges,306,1,1,0.3,253.79,93.79,2.646,4.868,0.643,0.091,0.809
canny_hough,fixed,edges,307,1,1,0.3,250.23,90.23,3.096,5.66,0.644,0.096,0.833
canny_hough,fixed,edges,308,1,1,0.3,250.23,90.23,2.64,4.932,0.708,0.094,0.816
canny_hough,fixed,edges,309,1,1,0.3,253.65,93.65,2.62,4.843,0.637,0.093,0.81
canny_hough,fixed,edges,310,1,1,0.45,253.53,93.53,2.905,5.134,0.645,0.093,0.815
canny_hough,fixed,edges,311,1,1,0.45,253.53,93.53,2.673,4.983,0.653,0.095,0.873
canny_hough,fixed,edges,312,1,1,0.3,253.48,93.48,2.652,4.972,0.64,0.091,0.796
canny_hough,fixed,edges,313,1,1,0.45,253.4,93.4,2.753,4.974,0.631,0.092,0.814
canny_hough,fixed,edges,314,1,1,0.45,253.4,93.4,2.788,5.035,0.649,0.092,0.821
canny_hough,fixed,edges,315,1,1,0.45,253.4,93.4,2.707,5.002,0.635,0.097,0.836
canny_hough,fixed,edges,316,1,1,0.3,254.1,94.1,2.605,4.919,0.645,0.096,0.821
canny_hough,fixed,edges,317,1,1,0.3,254.1,94.1,2.605,4.833,0.637,0.093,0.817
canny_hough,fixed,edges,318,1,1,0.45,253.92,93.92,2.824,5.038,0.634,0.095,0.811
canny_hough,fixed,edges,319,1,1,0.3,254.1,94.1,2.541,4.807,0.631,0.092,0.856
canny_hough,fixed,edges,320,1,1,0.45,255.02,95.02,2.809,5.101,0.63,0.093,0.825
canny_hough,fixed,edges,321,1,1,0.45,255.02,95.02,2.765,5.014,0.65,0.093,0.82
canny_hough,fixed,edges,322,1,1,0.3,253.79,93.79,2.587,4.932,0.64,0.094,0.827
canny_hough,fixed,edges,323,1,1,0.3,253.79,93.79,2.56,4.843,0.633,0.137,0.826
canny_hough,fixed,edges,324,1,1,0.3,253.79,93.79,2.664,4.962,0.641,0.093,0.806
canny_hough,fixed,edges,325,1,1,0.45,253.4,93.4,2.756,4.997,0.652,0.094,0.814
canny_hough,fixed,edges,326,1,1,0.45,253.53,93.53,2.695,4.989,0.631,0.092,0.826
canny_hough,fixed,edges,327,1,1,0.45,253.53,93.53,2.667,4.943,0.637,0.133,0.82
canny_hough,fixed,edges,328,1,1,0.45,253.31,93.31,2.778,5.074,0.641,0.097,0.811
canny_hough,fixed,edges,329,1,1,0.45,253.31,93.31,2.785,5.008,0.637,0.093,0.811
canny_hough,fixed,edges,330,1,1,0.45,253.9,93.9,2.738,5.025,0.639,0.092,0.881
canny_hough,fixed,edges,331,1,1,0.45,253.08,93.08,2.769,5.035,0.675,0.095,0.819
canny_hough,fixed,edges,332,1,1,0.45,255.02,95.02,2.781,5.04,0.639,0.092,0.805
canny_hough,fixed,edges,333,1,1,0.45,255.02,95.02,2.785,5.026,0.639,0.093,0.824
canny_hough,fixed,edges,334,1,1,0.45,252.05,92.05,2.651,4.958,0.647,0.096,0.887
canny_hough,fixed,edges,335,1,1,0.45,252.05,92.05,2.708,5.005,0.694,0.096,0.818
canny_hough,fixed,edges,336,1,1,0.3,250.23,90.23,2.635,4.854,0.636,0.092,0.803
canny_hough,fixed,edges,337,1,1,0.45,253.53,93.53,2.778,5.004,0.638,0.095,0.812
canny_hough,fixed,edges,338,1,1,0.45,253.53,93.53,2.68,4.982,0.636,0.096,0.891
canny_hough,fixed,edges,339,1,1,0.45,253.53,93.53,2.741,5.006,0.693,0.094,0.788
canny_hough,fixed,edges,340,1,1,0.3,250.23,90.23,2.643,4.868,0.635,0.093,0.817
canny_hough,fixed,edges,341,1,1,0.3,250.23,90.23,2.669,4.896,0.64,0.096,0.809
canny_hough,fixed,edges,342,1,1,0.3,253.79,93.79,2.579,4.896,0.631,0.091,0.892
canny_hough,fixed,edges,343,1,1,0.3,253.79,93.79,2.629,4.9,0.684,0.097,0.812
canny_hough,fixed,edges,344,1,1,0.3,253.79,93.79,2.627,4.857,0.649,0.092,0.82
canny_hough,fixed,edges,345,1,1,0.3,253.79,93.79,2.66,4.897,0.64,0.094,0.821
canny_hough,fixed,edges,346,1,1,0.3,253.79,93.79,2.563,4.877,0.649,0.095,0.89
canny_hough,fixed,edges,347,1,1,0.3,253.96,93.96,2.55,4.838,0.672,0.1,0.832
canny_hough,fixed,edges,348,1,1,0.3,253.96,93.96,2.621,4.838,0.626,0.093,0.811
canny_hough,fixed,edges,349,1,1,0.3,253.48,93.48,2.656,4.865,0.632,0.094,0.801
canny_hough,fixed,edges,350,1,1,0.45,253.52,93.52,2.72,5.019,0.651,0.093,0.812
canny_hough,fixed,edges,351,1,1,0.45,253.52,93.52,2.731,4.963,0.66,0.097,0.808
canny_hough,fixed,edges,352,1,1,0.45,255.02,95.02,2.789,5.038,0.614,0.095,0.817
canny_hough,fixed,edges,353,1,1,0.45,255.02,95.02,2.786,5.001,0.638,0.093,0.798
canny_hough,fixed,edges,354,1,1,0.3,254.1,94.1,2.542,4.838,0.636,0.093,0.898
canny_hough,fixed,edges,355,1,1,0.45,253.32,93.32,2.79,5.057,0.673,0.094,0.809
canny_hough,fixed,edges,356,1,1,0.45,253.32,93.32,2.783,5.158,0.79,0.101,0.809
canny_hough,fixed,edges,357,1,1,0.45,254.49,94.49,2.804,5.02,0.634,0.092,0.808
canny_hough,fixed,edges,358,1,1,0.3,253.79,93.79,2.582,4.869,0.639,0.092,0.873
canny_hough,fixed,edges,359,1,1,0.3,253.79,93.79,2.633,4.921,0.686,0.092,0.821
canny_hough,fixed,edges,360,1,1,0.3,253.79,93.79,2.637,4.871,0.648,0.092,0.816
canny_hough,fixed,edges,361,1,1,0.45,253.92,93.92,2.813,5.043,0.633,0.094,0.82
canny_hough,fixed,edges,362,1,1,0.45,253.52,93.52,2.715,5.049,0.652,0.093,0.874
canny_hough,fixed,edges,363,1,1,0.45,253.52,93.52,2.754,5.051,0.62,0.095,0.831
canny_hough,otsu,edges,0,1,1,0.3,250.23,90.23,3.192,6.466,1.015,0.431,1.139
canny_hough,otsu,edges,1,1,1,0.3,250.23,90.23,3.774,8.064,1.109,0.591,1.726
canny_hough,otsu,edges,2,1,1,0.3,250.23,90.23,3.379,6.222,0.79,0.409,0.825
canny_hough,otsu,edges,3,1,1,0.45,253.92,93.92,7.317,10.957,0.739,0.521,1.469
canny_hough,otsu,edges,4,1,1,0.3,250.23,90.23,7.284,15.082,1.572,0.896,3.865
canny_hough,otsu,edges,5,1,1,0.3,250.23,90.23,3.023,6.438,1.026,0.413,1.228
canny_hough,otsu,edges,6,1,1,0.45,253.92,93.92,3.915,7.976,1.078,0.549,1.54
canny_hough,otsu,edges,7,1,1,0.3,254.1,94.1,3.262,6.531,1.056,0.385,0.969
canny_hough,otsu,edges,8,1,1,0.3,254.1,94.1,2.615,5.842,1.01,0.388,1.118
canny_hough,otsu,edges,9,1,1,0.3,254.1,94.1,2.696,5.906,1.003,0.391,1.084
canny_hough,otsu,edges,10,1,1,0.3,253.79,93.79,2.655,5.885,0.997,0.385,1.143
canny_hough,otsu,edges,11,1,1,0.3,250.23,90.23,2.727,5.946,0.987,0.386,1.095
canny_hough,otsu,edges,12,1,1,0.3,250.23,90.23,2.629,5.889,1.005,0.387,1.168
canny_hough,otsu,edges,13,1,1,0.3,250.23,90.23,2.713,6.034,1.012,0.387,1.143
canny_hough,otsu,edges,14,1,1,0.3,250.23,90.23,2.649,5.89,1.002,0.388,1.145
canny_hough,otsu,edges,15,1,1,0.3,251.44,91.44,2.699,5.839,0.997,0.388,0.995
canny_hough,otsu,edges,16,1,1,0.45,254.1,94.1,2.815,6.073,0.994,0.382,1.181
canny_hough,otsu,edges,17,1,1,0.3,250.23,90.23,2.716,5.917,1.001,0.388,1.024
canny_hough,otsu,edges,18,1,1,0.45,248.44,88.44,2.786,5.97,1.023,0.387,1.069
canny_hough,otsu,edges,19,1,1,0.3,253.79,93.79,2.691,5.846,1.002,0.383,1.015
canny_hough,otsu,edges,20,1,1,0.3,253.79,93.79,2.655,5.925,1.013,0.387,1.175
canny_hough,otsu,edges,21,1,1,0.45,253.53,93.53,2.813,5.963,1.011,0.386,0.974
canny_hough,otsu,edges,22,1,1,0.3,250.23,90.23,2.644,5.818,0.998,0.385,1.07
canny_hough,otsu,edges,23,1,1,0.3,250.23,90.23,2.701,5.944,1.006,0.39,1.084
canny_hough,otsu,edges,24,1,1,0.3,250.23,90.23,2.64,5.916,1.01,0.386,1.173
canny_hough,otsu,edges,25,1,1,0.45,253.4,93.4,2.827,5.99,1.003,0.385,1.011
canny_hough,otsu,edges,26,1,1,0.45,253.4,93.4,2.755,6.103,1.001,0.389,1.255
canny_hough,otsu,edges,27,1,1,0.45,253.6,93.6,2.819,5.979,1.0,0.387,0.97
canny_hough,otsu,edges,28,1,1,0.3,251.44,91.44,2.667,5.817,1.003,0.388,1.08
canny_hough,otsu,edges,29,1,1,0.3,251.44,91.44,2.706,5.83,0.994,0.383,0.976
canny_hough,otsu,edges,30,1,1,0.3,250.23,90.23,2.658,5.844,1.0,0.386,1.106
canny_hough,otsu,edges,31,1,1,0.45,254.1,94.1,2.711,11.312,1.004,0.387,6.424
canny_hough,otsu,edges,32,1,1,0.45,254.1,94.1,2.83,5.973,1.029,0.386,1.058
canny_hough,otsu,edges,33,1,1,0.3,250.23,90.23,2.66,5.673,0.991,0.382,0.953
canny_hough,otsu,edges,34,1,1,0.3,250.23,90.23,2.641,5.82,1.042,0.384,1.071
canny_hough,otsu,edges,35,1,1,0.3,253.79,93.79,2.645,5.69,0.99,0.38,0.988
canny_hough,otsu,edges,36,1,1,0.3,253.79,93.79,2.658,5.852,0.989,0.422,1.093
canny_hough,otsu,edges,37,1,1,0.3,250.23,90.23,2.66,5.904,0.988,0.38,1.121
canny_hough,otsu,edges,38,1,1,0.3,250.23,90.23,2.588,5.647,0.985,0.421,0.962
canny_hough,otsu,edges,39,1,1,0.3,250.23,90.23,2.936,9.017,0.998,0.379,3.956
canny_hough,otsu,edges,40,1,1,0.3,250.23,90.23,2.794,6.096,1.02,0.411,1.095
canny_hough,otsu,edges,41,1,1,0.45,254.1,94.1,3.055,6.325,1.079,0.427,1.049
canny_hough,otsu,edges,42,1,1,0.45,254.1,94.1,2.946,6.35,1.019,0.407,1.27
canny_hough,otsu,edges,43,1,1,0.45,253.53,93.53,2.975,6.413,1.016,0.427,1.189
canny_hough,otsu,edges,44,1,1,0.3,250.23,90.23,2.881,6.14,1.018,0.455,1.086
canny_hough,otsu,edges,45,1,1,0.3,250.23,90.23,2.868,6.15,1.027,0.408,1.109
canny_hough,otsu,edges,46,1,1,0.3,250.23,90.23,2.839,6.306,1.07,0.426,1.248
canny_hough,otsu,edges,47,1,1,0.3,250.23,90.23,2.808,6.319,1.019,0.419,1.279
canny_hough,otsu,edges,48,1,1,0.45,253.6,93.6,2.843,6.249,1.033,0.422,1.082
canny_hough,otsu,edges,49,1,1,0.3,250.23,90.23,2.568,5.803,1.074,0.421,1.043
canny_hough,otsu,edges,50,1,1,0.3,250.23,90.23,2.754,5.737,0.655,0.404,0.98
canny_hough,otsu,edges,51,1,1,0.45,253.53,93.53,2.719,5.969,1.098,0.411,0.993
canny_hough,otsu,edges,52,1,1,0.3,250.23,90.23,2.64,5.378,0.793,0.42,0.848
canny_hough,otsu,edges,53,1,1,0.3,253.79,93.79,2.642,5.156,0.642,0.381,0.809
canny_hough,otsu,edges,54,1,1,0.3,253.79,93.79,2.583,5.177,0.636,0.375,0.909
canny_hough,otsu,edges,55,1,1,0.3,250.23,90.23,2.771,5.352,0.69,0.383,0.816
canny_hough,otsu,edges,56,1,1,0.45,253.92,93.92,2.815,5.338,0.641,0.381,0.809
canny_hough,otsu,edges,57,1,1,0.45,253.92,93.92,2.722,5.361,0.633,0.385,0.917
canny_hough,otsu,edges,58,1,1,0.3,250.23,90.23,2.667,5.226,0.624,0.379,0.806
canny_hough,otsu,edges,59,1,1,0.3,250.23,90.23,2.655,5.144,0.635,0.378,0.809
canny_hough,otsu,edges,60,1,1,0.3,250.23,90.23,2.566,5.173,0.637,0.377,0.887
canny_hough,otsu,edges,61,1,1,0.3,250.23,90.23,2.692,5.25,0.676,0.385,0.811
canny_hough,otsu,edges,62,1,1,0.3,250.23,90.23,2.681,5.184,0.639,0.376,0.803
canny_hough,otsu,edges,63,1,1,0.45,254.1,94.1,2.678,5.269,0.64,0.38,0.88
canny_hough,otsu,edges,64,1,1,0.45,254.85,94.85,2.798,5.35,0.674,0.381,0.813
canny_hough,otsu,edges,65,1,1,0.45,254.85,94.85,2.743,5.254,0.64,0.377,0.809
canny_hough,otsu,edges,66,1,1,0.45,255.02,95.02,2.726,5.309,0.634,0.379,0.89
canny_hough,otsu,edges,67,1,1,0.45,254.49,94.49,2.795,5.388,0.677,0.383,0.809
canny_hough,otsu,edges,68,1,1,0.3,250.23,90.23,2.808,5.316,0.64,0.379,0.8
canny_hough,otsu,edges,69,1,1,0.3,250.23,90.23,2.722,6.007,1.06,0.57,0.932
canny_hough,otsu,edges,70,1,1,0.45,254.1,94.1,2.853,5.384,0.634,0.378,0.82
canny_hough,otsu,edges,71,1,1,0.45,254.1,94.1,2.76,5.956,1.01,0.386,1.097
canny_hough,otsu,edges,72,1,1,0.3,250.23,90.23,2.725,5.987,1.005,0.389,1.089
canny_hough,otsu,edges,73,1,1,0.45,253.92,93.92,2.799,5.99,1.008,0.392,1.076
canny_hough,otsu,edges,74,1,1,0.3,253.79,93.79,2.696,5.836,0.994,0.384,0.997
canny_hough,otsu,edges,75,1,1,0.3,253.79,93.79,2.622,5.775,1.005,0.386,1.06
canny_hough,otsu,edges,76,1,1,0.3,254.1,94.1,2.686,5.814,1.059,0.394,0.97
canny_hough,otsu,edges,77,1,1,0.3,254.1,94.1,2.605,5.825,0.999,0.384,1.106
canny_hough,otsu,edges,78,1,1,0.3,254.1,94.1,2.681,5.804,1.057,0.386,0.996
canny_hough,otsu,edges,79,1,1,0.45,253.92,93.92,2.811,6.005,0.993,0.386,0.995
canny_hough,otsu,edges,80,1,1,0.45,253.92,93.92,2.903,6.124,1.045,0.397,1.074
canny_hough,otsu,edges,81,1,1,0.3,253.79,93.79,2.64,5.892,0.994,0.385,1.168
canny_hough,otsu,edges,82,1,1,0.45,253.4,93.4,2.903,6.02,1.045,0.388,0.98
canny_hough,otsu,edges,83,1,1,0.45,253.4,93.4,2.819,6.012,0.998,0.384,1.107
canny_hough,otsu,edges,84,1,1,0.45,254.49,94.49,2.828,6.038,1.043,0.387,1.088
canny_hough,otsu,edges,85,1,1,0.3,253.79,93.79,2.653,5.912,1.001,0.387,1.176
canny_hough,otsu,edges,86,1,1,0.45,253.53,93.53,2.815,5.947,1.07,0.389,0.974
canny_hough,otsu,edges,87,1,1,0.45,253.53,93.53,2.762,5.963,1.0,0.387,1.088
canny_hough,otsu,edges,88,1,1,0.3,253.79,93.79,2.73,5.946,1.062,0.39,1.077
canny_hough,otsu,edges,89,1,1,0.3,253.79,93.79,2.7,6.742,1.0,0.383,1.953
canny_hough,otsu,edges,90,1,1,0.45,255.02,95.02,2.893,5.997,1.002,0.385,1.01
canny_hough,otsu,edges,91,1,1,0.3,250.23,90.23,2.72,6.045,1.016,0.44,1.168
canny_hough,otsu,edges,92,1,1,0.3,250.23,90.23,2.72,5.787,1.003,0.383,0.979
canny_hough,otsu,edges,93,1,1,0.3,250.23,90.23,2.62,5.838,1.027,0.501,0.986
canny_hough,otsu,edges,94,1,1,0.45,253.92,93.92,2.806,5.808,0.979,0.379,0.967
canny_hough,otsu,edges,95,1,1,0.45,253.92,93.92,2.707,5.864,0.989,0.378,1.111
canny_hough,otsu,edges,96,1,1,0.3,250.23,90.23,2.647,5.788,0.987,0.38,1.029
canny_hough,otsu,edges,97,1,1,0.3,253.79,93.79,2.604,5.725,0.995,0.378,1.04
canny_hough,otsu,edges,98,1,1,0.3,250.23,90.23,2.627,5.702,1.054,0.399,0.946
canny_hough,otsu,edges,99,1,1,0.3,250.23,90.23,2.567,5.738,0.997,0.377,1.121
canny_hough,otsu,edges,100,1,1,0.3,250.23,90.23,2.645,5.544,1.007,0.384,0.818
canny_hough,otsu,edges,101,1,1,0.3,250.23,90.23,2.653,5.145,0.635,0.38,0.797
canny_hough,otsu,edges,102,1,1,0.45,254.1,94.1,2.698,5.288,0.637,0.378,0.891
canny_hough,otsu,edges,103,1,1,0.3,253.65,93.65,2.68,5.245,0.678,0.379,0.826
canny_hough,otsu,edges,104,1,1,0.3,250.23,90.23,2.64,5.158,0.63,0.379,0.827
canny_hough,otsu,edges,105,1,1,0.3,250.23,90.23,2.564,5.159,0.641,0.379,0.886
canny_hough,otsu,edges,106,1,1,0.45,253.4,93.4,2.761,5.319,0.687,0.383,0.81
canny_hough,otsu,edges,107,1,1,0.45,253.4,93.4,2.752,5.298,0.629,0.379,0.82
canny_hough,otsu,edges,108,1,1,0.45,253.53,93.53,2.683,5.257,0.639,0.374,0.813
canny_hough,otsu,edges,109,1,1,0.45,254.1,94.1,2.76,5.316,0.682,0.384,0.807
canny_hough,otsu,edges,110,1,1,0.45,254.1,94.1,2.756,5.255,0.632,0.377,0.805
canny_hough,otsu,edges,111,1,1,0.45,254.1,94.1,2.7,5.251,0.637,0.376,0.802
canny_hough,otsu,edges,112,1,1,0.3,250.23,90.23,2.645,5.188,0.672,0.383,0.804
canny_hough,otsu,edges,113,1,1,0.45,253.52,93.52,2.797,5.294,0.625,0.378,0.831
canny_hough,otsu,edges,114,1,1,0.45,253.52,93.52,2.725,5.291,0.635,0.379,0.804
canny_hough,otsu,edges,115,1,1,0.3,250.23,90.23,2.624,5.201,0.693,0.384,0.809
canny_hough,otsu,edges,116,1,1,0.3,250.23,90.23,2.621,5.149,0.645,0.375,0.826
canny_hough,otsu,edges,117,1,1,0.45,253.53,93.53,2.748,5.299,0.641,0.379,0.807
canny_hough,otsu,edges,118,1,1,0.3,250.23,90.23,2.574,5.138,0.639,0.417,0.823
canny_hough,otsu,edges,119,1,1,0.3,250.23,90.23,2.619,5.168,0.632,0.378,0.797
canny_hough,otsu,edges,120,1,1,0.3,253.79,93.79,2.665,5.195,0.639,0.38,0.83
canny_hough,otsu,edges,121,1,1,0.45,253.92,93.92,2.73,5.332,0.643,0.388,0.887
canny_hough,otsu,edges,122,1,1,0.45,253.92,93.92,2.783,6.008,0.9,0.391,0.813
canny_hough,otsu,edges,123,1,1,0.45,253.92,93.92,2.706,5.294,0.641,0.379,0.884
canny_hough,otsu,edges,124,1,1,0.3,254.1,94.1,2.629,5.188,0.686,0.383,0.813
canny_hough,otsu,edges,125,1,1,0.3,254.1,94.1,2.601,5.115,0.633,0.38,0.814
canny_hough,otsu,edges,126,1,1,0.45,253.53,93.53,2.704,5.29,0.637,0.375,0.819
canny_hough,otsu,edges,127,1,1,0.3,253.79,93.79,2.634,5.227,0.678,0.383,0.807
canny_hough,otsu,edges,128,1,1,0.3,253.79,93.79,2.629,5.112,0.632,0.378,0.803
canny_hough,otsu,edges,129,1,1,0.3,253.79,93.79,2.694,5.212,0.643,0.38,0.817
canny_hough,otsu,edges,130,1,1,0.3,250.23,90.23,2.618,5.171,0.641,0.416,0.814
canny_hough,otsu,edges,131,1,1,0.3,250.23,90.23,2.632,5.212,0.634,0.378,0.805
canny_hough,otsu,edges,132,1,1,0.3,250.23,90.23,2.646,5.164,0.634,0.379,0.818
canny_hough,otsu,edges,133,1,1,0.3,253.96,93.96,2.577,5.16,0.65,0.38,0.869
canny_hough,otsu,edges,134,1,1,0.3,253.96,93.96,2.654,5.211,0.625,0.38,0.808
canny_hough,otsu,edges,135,1,1,0.45,253.53,93.53,2.756,5.289,0.644,0.378,0.826
canny_hough,otsu,edges,136,1,1,0.45,255.02,95.02,2.729,5.307,0.633,0.378,0.888
canny_hough,otsu,edges,137,1,1,0.45,253.4,93.4,2.761,5.351,0.689,0.381,0.799
canny_hough,otsu,edges,138,1,1,0.45,253.4,93.4,2.791,5.32,0.638,0.379,0.815
canny_hough,otsu,edges,139,1,1,0.3,250.23,90.23,2.562,5.149,0.639,0.38,0.885
canny_hough,otsu,edges,140,1,1,0.3,253.79,93.79,2.638,5.19,0.68,0.38,0.816
canny_hough,otsu,edges,141,1,1,0.3,253.79,93.79,2.639,5.143,0.637,0.375,0.809
canny_hough,otsu,edges,142,1,1,0.45,253.53,93.53,2.675,5.272,0.635,0.381,0.896
canny_hough,otsu,edges,143,1,1,0.45,253.53,93.53,2.731,5.309,0.681,0.383,0.823
canny_hough,otsu,edges,144,1,1,0.3,253.65,93.65,2.635,5.131,0.634,0.379,0.799
canny_hough,otsu,edges,145,1,1,0.3,254.1,94.1,2.576,5.15,0.64,0.379,0.89
canny_hough,otsu,edges,146,1,1,0.3,253.48,93.48,2.631,5.182,0.676,0.382,0.812
canny_hough,otsu,edges,147,1,1,0.3,253.48,93.48,2.614,5.187,0.645,0.376,0.827
canny_hough,otsu,edges,148,1,1,0.45,253.32,93.32,2.751,5.32,0.636,0.38,0.804
canny_hough,otsu,edges,149,1,1,0.45,253.53,93.53,2.731,5.298,0.632,0.423,0.812
canny_hough,otsu,edges,150,1,1,0.45,253.53,93.53,2.759,5.255,0.634,0.378,0.807
canny_hough,otsu,edges,151,1,1,0.3,250.23,90.23,2.576,5.189,0.651,0.381,0.809
canny_hough,otsu,edges,152,1,1,0.3,250.23,90.23,2.576,5.142,0.641,0.415,0.832
canny_hough,otsu,edges,153,1,1,0.3,250.23,90.23,2.601,5.134,0.643,0.38,0.822
canny_hough,otsu,edges,154,1,1,0.3,250.23,90.23,2.644,5.152,0.645,0.38,0.801
canny_hough,otsu,edges,155,1,1,0.3,250.23,90.23,2.56,5.152,0.661,0.374,0.863
canny_hough,otsu,edges,156,1,1,0.3,250.23,90.23,2.629,5.183,0.62,0.378,0.808
canny_hough,otsu,edges,157,1,1,0.3,253.79,93.79,2.648,5.174,0.635,0.379,0.809
canny_hough,otsu,edges,158,1,1,0.45,253.53,93.53,2.673,5.252,0.637,0.377,0.883
canny_hough,otsu,edges,159,1,1,0.45,253.53,93.53,2.715,5.326,0.706,0.379,0.83
canny_hough,otsu,edges,160,1,1,0.3,253.79,93.79,2.651,5.174,0.659,0.378,0.811
canny_hough,otsu,edges,161,1,1,0.3,250.23,90.23,2.59,5.159,0.638,0.378,0.88
canny_hough,otsu,edges,162,1,1,0.3,250.23,90.23,2.648,5.194,0.678,0.384,0.802
canny_hough,otsu,edges,163,1,1,0.3,253.79,93.79,2.623,5.104,0.635,0.378,0.802
canny_hough,otsu,edges,164,1,1,0.3,253.79,93.79,2.583,5.273,0.622,0.385,0.814
canny_hough,otsu,edges,165,1,1,0.3,253.79,93.79,2.629,5.208,0.678,0.381,0.831
canny_hough,otsu,edges,166,1,1,0.3,253.79,93.79,2.721,5.217,0.626,0.378,0.803
canny_hough,otsu,edges,167,1,1,0.3,253.79,93.79,2.589,5.214,0.642,0.377,0.817
canny_hough,otsu,edges,168,1,1,0.3,253.79,93.79,2.573,5.117,0.634,0.416,0.817
canny_hough,otsu,edges,169,1,1,0.3,253.79,93.79,2.615,5.178,0.627,0.377,0.822
canny_hough,otsu,edges,170,1,1,0.3,253.79,93.79,2.645,5.155,0.637,0.379,0.804
canny_hough,otsu,edges,171,1,1,0.3,253.79,93.79,2.58,5.152,0.642,0.381,0.864
canny_hough,otsu,edges,172,1,1,0.45,254.49,94.49,2.761,5.321,0.622,0.379,0.808
canny_hough,otsu,edges,173,1,1,0.45,254.49,94.49,2.778,5.304,0.638,0.377,0.827
canny_hough,otsu,edges,174,1,1,0.45,253.53,93.53,2.68,5.272,0.658,0.381,0.874
canny_hough,otsu,edges,175,1,1,0.3,253.79,93.79,2.626,5.188,0.619,0.378,0.824
canny_hough,otsu,edges,176,1,1,0.3,253.79,93.79,2.667,5.175,0.637,0.378,0.813
canny_hough,otsu,edges,177,1,1,0.3,253.79,93.79,2.6,5.248,0.644,0.381,0.908
canny_hough,otsu,edges,178,1,1,0.3,253.79,93.79,2.652,5.216,0.691,0.378,0.814
canny_hough,otsu,edges,179,1,1,0.3,253.79,93.79,2.638,5.1,0.636,0.376,0.789
canny_hough,otsu,edges,180,1,1,0.45,253.92,93.92,2.727,5.327,0.634,0.376,0.908
canny_hough,otsu,edges,181,1,1,0.3,253.79,93.79,2.637,5.204,0.681,0.386,0.818
canny_hough,otsu,edges,182,1,1,0.3,250.23,90.23,2.634,5.143,0.65,0.381,0.797
canny_hough,otsu,edges,183,1,1,0.3,250.23,90.23,2.576,5.172,0.647,0.377,0.889
canny_hough,otsu,edges,184,1,1,0.3,253.79,93.79,2.636,5.183,0.672,0.383,0.811
canny_hough,otsu,edges,185,1,1,0.45,253.4,93.4,2.741,5.23,0.629,0.378,0.795
canny_hough,otsu,edges,186,1,1,0.45,253.4,93.4,2.761,5.265,0.632,0.38,0.807
canny_hough,otsu,edges,187,1,1,0.3,254.1,94.1,2.544,5.143,0.639,0.415,0.833
canny_hough,otsu,edges,188,1,1,0.3,254.1,94.1,2.599,5.101,0.628,0.379,0.82
canny_hough,otsu,edges,189,1,1,0.45,253.92,93.92,2.802,5.301,0.636,0.376,0.798
canny_hough,otsu,edges,190,1,1,0.45,253.92,93.92,2.728,5.279,0.633,0.416,0.823
canny_hough,otsu,edges,191,1,1,0.45,253.92,93.92,2.77,5.356,0.629,0.382,0.812
canny_hough,otsu,edges,192,1,1,0.3,253.79,93.79,2.652,5.174,0.657,0.379,0.815
canny_hough,otsu,edges,193,1,1,0.3,253.79,93.79,2.599,5.15,0.636,0.417,0.814
canny_hough,otsu,edges,194,1,1,0.3,253.79,93.79,2.662,5.247,0.634,0.38,0.82
canny_hough,otsu,edges,195,1,1,0.45,253.92,93.92,2.791,5.295,0.637,0.378,0.803
canny_hough,otsu,edges,196,1,1,0.3,253.79,93.79,2.562,5.123,0.628,0.379,0.869
canny_hough,otsu,edges,197,1,1,0.3,253.79,93.79,2.651,5.266,0.623,0.381,0.823
canny_hough,otsu,edges,198,1,1,0.45,255.02,95.02,2.786,5.298,0.635,0.379,0.812
canny_hough,otsu,edges,199,1,1,0.45,253.53,93.53,2.666,5.252,0.638,0.376,0.883
canny_hough,otsu,edges,200,1,1,0.3,253.48,93.48,2.642,5.235,0.705,0.38,0.818
canny_hough,otsu,edges,201,1,1,0.3,253.48,93.48,2.628,5.131,0.637,0.38,0.806
canny_hough,otsu,edges,202,1,1,0.3,253.79,93.79,2.556,5.154,0.651,0.377,0.89
canny_hough,otsu,edges,203,1,1,0.3,253.79,93.79,2.632,5.182,0.675,0.382,0.81
canny_hough,otsu,edges,204,1,1,0.3,253.79,93.79,2.623,5.082,0.631,0.376,0.792
canny_hough,otsu,edges,205,1,1,0.45,253.53,93.53,2.678,5.27,0.639,0.38,0.817
canny_hough,otsu,edges,206,1,1,0.45,253.53,93.53,2.75,5.305,0.674,0.379,0.821
canny_hough,otsu,edges,207,1,1,0.3,250.23,90.23,2.616,5.165,0.633,0.378,0.817
canny_hough,otsu,edges,208,1,1,0.45,253.4,93.4,2.845,5.314,0.634,0.374,0.8
canny_hough,otsu,edges,209,1,1,0.45,253.4,93.4,2.784,5.372,0.651,0.428,0.824
canny_hough,otsu,edges,210,1,1,0.45,253.4,93.4,2.784,5.312,0.65,0.38,0.809
canny_hough,otsu,edges,211,1,1,0.45,253.53,93.53,2.687,5.272,0.635,0.379,0.811
canny_hough,otsu,edges,212,1,1,0.3,250.23,90.23,2.639,5.164,0.674,0.375,0.809
canny_hough,otsu,edges,213,1,1,0.3,250.23,90.23,2.623,5.131,0.629,0.381,0.812
canny_hough,otsu,edges,214,1,1,0.45,255.1,95.1,2.815,5.32,0.634,0.378,0.809
canny_hough,otsu,edges,215,1,1,0.45,255.1,95.1,2.806,5.373,0.634,0.414,0.825
canny_hough,otsu,edges,216,1,1,0.45,253.92,93.92,2.765,5.254,0.622,0.379,0.796
canny_hough,otsu,edges,217,1,1,0.45,254.46,94.46,2.67,5.287,0.641,0.375,0.816
canny_hough,otsu,edges,218,1,1,0.45,253.4,93.4,2.797,5.357,0.635,0.417,0.822
canny_hough,otsu,edges,219,1,1,0.3,254.1,94.1,2.597,5.113,0.631,0.379,0.817
canny_hough,otsu,edges,220,1,1,0.3,250.23,90.23,2.644,5.122,0.636,0.38,0.794
canny_hough,otsu,edges,221,1,1,0.3,250.23,90.23,2.559,5.134,0.647,0.429,0.812
canny_hough,otsu,edges,222,1,1,0.3,253.79,93.79,2.626,5.203,0.634,0.378,0.808
canny_hough,otsu,edges,223,1,1,0.3,253.79,93.79,2.629,5.161,0.641,0.377,0.832
canny_hough,otsu,edges,224,1,1,0.45,253.9,93.9,2.762,5.337,0.65,0.378,0.869
canny_hough,otsu,edges,225,1,1,0.45,253.9,93.9,2.782,5.398,0.618,0.378,0.819
canny_hough,otsu,edges,226,1,1,0.3,253.79,93.79,2.642,5.182,0.638,0.381,0.828
canny_hough,otsu,edges,227,1,1,0.3,253.79,93.79,2.556,5.165,0.633,0.377,0.873
canny_hough,otsu,edges,228,1,1,0.3,253.79,93.79,2.627,5.189,0.629,0.381,0.805
canny_hough,otsu,edges,229,1,1,0.3,254.1,94.1,2.618,5.143,0.645,0.376,0.819
canny_hough,otsu,edges,230,1,1,0.3,253.79,93.79,2.564,5.182,0.646,0.379,0.91
canny_hough,otsu,edges,231,1,1,0.3,253.79,93.79,2.637,5.296,0.74,0.385,0.845
canny_hough,otsu,edges,232,1,1,0.45,253.92,93.92,2.777,5.278,0.636,0.379,0.805
canny_hough,otsu,edges,233,1,1,0.45,254.49,94.49,2.694,5.279,0.635,0.378,0.89
canny_hough,otsu,edges,234,1,1,0.45,254.49,94.49,2.772,5.333,0.671,0.381,0.832
canny_hough,otsu,edges,235,1,1,0.45,253.4,93.4,2.743,5.252,0.635,0.377,0.812
canny_hough,otsu,edges,236,1,1,0.45,253.4,93.4,2.679,5.267,0.638,0.381,0.883
canny_hough,otsu,edges,237,1,1,0.45,253.4,93.4,2.762,5.377,0.683,0.388,0.827
canny_hough,otsu,edges,238,1,1,0.3,253.79,93.79,2.669,5.159,0.634,0.377,0.798
canny_hough,otsu,edges,239,1,1,0.3,253.96,93.96,2.579,5.178,0.638,0.379,0.895
canny_hough,otsu,edges,240,1,1,0.3,253.96,93.96,2.667,5.2,0.667,0.381,0.809
canny_hough,otsu,edges,241,1,1,0.45,254.1,94.1,2.783,5.319,0.643,0.38,0.823
canny_hough,otsu,edges,242,1,1,0.3,253.79,93.79,2.576,5.166,0.643,0.378,0.892
canny_hough,otsu,edges,243,1,1,0.3,253.79,93.79,2.633,5.21,0.691,0.383,0.814
canny_hough,otsu,edges,244,1,1,0.3,253.79,93.79,2.663,5.149,0.629,0.377,0.803
canny_hough,otsu,edges,245,1,1,0.3,253.79,93.79,2.633,5.159,0.657,0.378,0.801
canny_hough,otsu,edges,246,1,1,0.3,254.1,94.1,2.564,5.101,0.63,0.415,0.817
canny_hough,otsu,edges,247,1,1,0.45,253.4,93.4,2.746,5.355,0.626,0.38,0.818
canny_hough,otsu,edges,248,1,1,0.3,254.1,94.1,2.624,5.175,0.655,0.381,0.83
canny_hough,otsu,edges,249,1,1,0.3,254.1,94.1,2.547,5.099,0.643,0.377,0.851
canny_hough,otsu,edges,250,1,1,0.45,253.92,93.92,2.775,5.344,0.625,0.379,0.806
canny_hough,otsu,edges,251,1,1,0.45,253.92,93.92,2.773,5.297,0.641,0.378,0.812
canny_hough,otsu,edges,252,1,1,0.45,254.58,94.58,2.751,5.321,0.646,0.38,0.866
canny_hough,otsu,edges,253,1,1,0.3,253.79,93.79,2.628,5.204,0.624,0.38,0.827
canny_hough,otsu,edges,254,1,1,0.3,253.79,93.79,2.831,6.361,1.036,0.446,1.267
canny_hough,otsu,edges,255,1,1,0.45,252.22,92.22,2.811,5.425,0.707,0.384,0.819
canny_hough,otsu,edges,256,1,1,0.3,253.79,93.79,2.755,5.553,0.643,0.387,1.069
canny_hough,otsu,edges,257,1,1,0.3,253.79,93.79,2.676,5.671,1.009,0.441,0.826
canny_hough,otsu,edges,258,1,1,0.3,253.79,93.79,2.695,5.25,0.643,0.378,0.844
canny_hough,otsu,edges,259,1,1,0.3,253.79,93.79,2.649,5.303,0.654,0.38,0.849
canny_hough,otsu,edges,260,1,1,0.3,253.79,93.79,2.695,5.635,1.045,0.387,0.826
canny_hough,otsu,edges,261,1,1,0.3,253.96,93.96,2.688,5.261,0.642,0.38,0.848
canny_hough,otsu,edges,262,1,1,0.3,253.65,93.65,2.598,5.551,1.0,0.389,0.885
canny_hough,otsu,edges,263,1,1,0.3,253.65,93.65,2.639,5.221,0.691,0.38,0.821
canny_hough,otsu,edges,264,1,1,0.3,253.65,93.65,2.687,5.47,0.645,0.383,1.052
canny_hough,otsu,edges,265,1,1,0.3,253.79,93.79,2.616,5.601,1.003,0.44,0.858
canny_hough,otsu,edges,266,1,1,0.3,253.79,93.79,2.669,5.21,0.64,0.383,0.839
canny_hough,otsu,edges,267,1,1,0.3,254.1,94.1,2.714,5.312,0.644,0.382,0.848
canny_hough,otsu,edges,268,1,1,0.3,253.79,93.79,2.688,5.645,1.054,0.386,0.834
canny_hough,otsu,edges,269,1,1,0.3,253.79,93.79,2.701,5.251,0.652,0.381,0.823
canny_hough,otsu,edges,270,1,1,0.45,253.4,93.4,2.813,6.095,1.0,0.383,1.213
canny_hough,otsu,edges,271,1,1,0.3,253.79,93.79,2.691,5.9,1.005,0.386,1.068
canny_hough,otsu,edges,272,1,1,0.3,253.48,93.48,2.663,5.792,0.999,0.386,1.05
canny_hough,otsu,edges,273,1,1,0.3,253.48,93.48,2.723,5.922,0.996,0.384,1.077
canny_hough,otsu,edges,274,1,1,0.3,254.1,94.1,2.628,5.902,1.012,0.389,1.171
canny_hough,otsu,edges,275,1,1,0.3,254.1,94.1,2.68,5.812,1.003,0.387,0.985
canny_hough,otsu,edges,276,1,1,0.3,253.79,93.79,2.645,5.894,1.001,0.379,1.181
canny_hough,otsu,edges,277,1,1,0.45,253.92,93.92,2.874,6.052,1.06,0.387,1.007
canny_hough,otsu,edges,278,1,1,0.45,254.1,94.1,2.802,5.974,1.002,0.386,1.095
canny_hough,otsu,edges,279,1,1,0.45,254.1,94.1,2.815,5.919,1.047,0.387,0.985
canny_hough,otsu,edges,280,1,1,0.3,253.79,93.79,2.652,5.783,1.0,0.386,1.052
canny_hough,otsu,edges,281,1,1,0.3,253.65,93.65,2.69,5.939,1.058,0.394,1.096
canny_hough,otsu,edges,282,1,1,0.3,253.65,93.65,2.64,5.891,0.997,0.38,1.182
canny_hough,otsu,edges,283,1,1,0.45,253.4,93.4,2.842,6.138,1.07,0.384,1.139
canny_hough,otsu,edges,284,1,1,0.45,253.4,93.4,2.834,6.847,1.001,0.422,1.903
canny_hough,otsu,edges,285,1,1,0.3,250.23,90.23,2.635,5.627,0.993,0.374,0.934
canny_hough,otsu,edges,286,1,1,0.3,253.79,93.79,2.574,5.627,0.997,0.379,1.004
canny_hough,otsu,edges,287,1,1,0.3,253.79,93.79,2.634,5.811,0.987,0.377,1.036
canny_hough,otsu,edges,288,1,1,0.45,253.32,93.32,2.739,5.802,0.998,0.376,1.019
canny_hough,otsu,edges,289,1,1,0.45,253.32,93.32,2.776,5.965,1.057,0.395,1.051
canny_hough,otsu,edges,290,1,1,0.45,253.92,93.92,2.749,5.807,0.983,0.379,1.024
canny_hough,otsu,edges,291,1,1,0.45,253.92,93.92,2.78,5.38,0.734,0.385,0.802
canny_hough,otsu,edges,292,1,1,0.45,254.42,94.42,2.788,5.297,0.643,0.38,0.819
canny_hough,otsu,edges,293,1,1,0.3,253.79,93.79,2.555,5.155,0.639,0.378,0.902
canny_hough,otsu,edges,294,1,1,0.3,253.79,93.79,2.669,5.241,0.692,0.383,0.81
canny_hough,otsu,edges,295,1,1,0.3,253.65,93.65,2.672,5.199,0.638,0.379,0.823
canny_hough,otsu,edges,296,1,1,0.3,253.65,93.65,2.567,5.143,0.638,0.379,0.88
canny_hough,otsu,edges,297,1,1,0.3,253.79,93.79,2.64,5.225,0.667,0.383,0.824
canny_hough,otsu,edges,298,1,1,0.3,250.23,90.23,2.633,5.148,0.649,0.38,0.808
canny_hough,otsu,edges,299,1,1,0.3,250.23,90.23,2.604,5.198,0.636,0.376,0.813
canny_hough,otsu,edges,300,1,1,0.3,253.79,93.79,2.576,5.138,0.634,0.416,0.832
canny_hough,otsu,edges,301,1,1,0.45,253.32,93.32,2.759,5.279,0.628,0.382,0.818
canny_hough,otsu,edges,302,1,1,0.45,253.38,93.38,2.777,5.268,0.64,0.372,0.799
canny_hough,otsu,edges,303,1,1,0.45,253.38,93.38,2.768,5.332,0.637,0.419,0.826
canny_hough,otsu,edges,304,1,1,0.45,253.53,93.53,2.731,5.243,0.633,0.378,0.816
canny_hough,otsu,edges,305,1,1,0.3,253.79,93.79,2.668,5.183,0.654,0.377,0.804
canny_hough,otsu,edges,306,1,1,0.3,253.79,93.79,2.571,5.103,0.63,0.417,0.821
canny_hough,otsu,edges,307,1,1,0.3,250.23,90.23,2.624,5.262,0.64,0.387,0.819
canny_hough,otsu,edges,308,1,1,0.3,250.23,90.23,2.644,5.173,0.65,0.382,0.807
canny_hough,otsu,edges,309,1,1,0.3,253.65,93.65,2.558,5.12,0.635,0.379,0.861
canny_hough,otsu,edges,310,1,1,0.45,253.53,93.53,2.738,5.317,0.63,0.379,0.814
canny_hough,otsu,edges,311,1,1,0.45,253.53,93.53,2.768,5.28,0.649,0.377,0.796
canny_hough,otsu,edges,312,1,1,0.3,253.48,93.48,2.663,6.025,0.634,0.381,1.659
canny_hough,otsu,edges,313,1,1,0.45,253.4,93.4,2.77,5.294,0.639,0.378,0.815
canny_hough,otsu,edges,314,1,1,0.45,253.4,93.4,2.68,5.289,0.638,0.38,0.897
canny_hough,otsu,edges,315,1,1,0.45,253.4,93.4,2.752,5.312,0.68,0.379,0.833
canny_hough,otsu,edges,316,1,1,0.3,254.1,94.1,2.607,5.111,0.633,0.379,0.811
canny_hough,otsu,edges,317,1,1,0.3,254.1,94.1,2.564,5.192,0.653,0.376,0.807
canny_hough,otsu,edges,318,1,1,0.45,253.92,93.92,2.796,5.343,0.633,0.417,0.817
canny_hough,otsu,edges,319,1,1,0.3,254.1,94.1,2.576,5.099,0.631,0.378,0.821
canny_hough,otsu,edges,320,1,1,0.45,255.02,95.02,2.796,5.312,0.656,0.38,0.798
canny_hough,otsu,edges,321,1,1,0.45,255.02,95.02,2.698,5.253,0.641,0.411,0.829
canny_hough,otsu,edges,322,1,1,0.3,253.79,93.79,2.655,5.154,0.63,0.378,0.811
canny_hough,otsu,edges,323,1,1,0.3,253.79,93.79,2.623,5.163,0.65,0.379,0.83
canny_hough,otsu,edges,324,1,1,0.3,253.79,93.79,2.573,5.123,0.631,0.378,0.854
canny_hough,otsu,edges,325,1,1,0.45,253.4,93.4,2.737,5.338,0.63,0.377,0.829
canny_hough,otsu,edges,326,1,1,0.45,253.53,93.53,2.789,5.297,0.636,0.379,0.814
canny_hough,otsu,edges,327,1,1,0.45,253.53,93.53,2.67,5.228,0.625,0.377,0.843
canny_hough,otsu,edges,328,1,1,0.45,253.31,93.31,2.77,5.344,0.63,0.375,0.813
canny_hough,otsu,edges,329,1,1,0.45,253.31,93.31,2.794,5.311,0.646,0.38,0.81
canny_hough,otsu,edges,330,1,1,0.45,253.9,93.9,2.722,5.271,0.633,0.378,0.853
canny_hough,otsu,edges,331,1,1,0.45,253.08,93.08,2.744,5.316,0.626,0.377,0.815
canny_hough,otsu,edges,332,1,1,0.45,255.02,95.02,2.807,5.32,0.641,0.375,0.812
canny_hough,otsu,edges,333,1,1,0.45,255.02,95.02,2.714,5.26,0.637,0.416,0.811
canny_hough,otsu,edges,334,1,1,0.45,252.05,92.05,2.733,5.31,0.649,0.378,0.804
canny_hough,otsu,edges,335,1,1,0.45,252.05,92.05,2.727,5.238,0.645,0.378,0.808
canny_hough,otsu,edges,336,1,1,0.3,250.23,90.23,2.567,5.11,0.63,0.378,0.851
canny_hough,otsu,edges,337,1,1,0.45,253.53,93.53,2.718,5.311,0.625,0.376,0.805
canny_hough,otsu,edges,338,1,1,0.45,253.53,93.53,2.748,5.247,0.64,0.378,0.801
canny_hough,otsu,edges,339,1,1,0.45,253.53,93.53,2.66,5.237,0.647,0.377,0.863
canny_hough,otsu,edges,340,1,1,0.3,250.23,90.23,2.635,5.191,0.629,0.376,0.804
canny_hough,otsu,edges,341,1,1,0.3,250.23,90.23,2.672,5.196,0.641,0.383,0.81
canny_hough,otsu,edges,342,1,1,0.3,253.79,93.79,2.578,5.151,0.636,0.381,0.882
canny_hough,otsu,edges,343,1,1,0.3,253.79,93.79,2.634,5.199,0.676,0.383,0.821
canny_hough,otsu,edges,344,1,1,0.3,253.79,93.79,2.647,5.159,0.633,0.378,0.81
canny_hough,otsu,edges,345,1,1,0.3,253.79,93.79,2.564,5.157,0.645,0.38,0.882
canny_hough,otsu,edges,346,1,1,0.3,253.79,93.79,2.645,5.206,0.682,0.382,0.822
canny_hough,otsu,edges,347,1,1,0.3,253.96,93.96,2.619,5.163,0.634,0.381,0.812
canny_hough,otsu,edges,348,1,1,0.3,253.96,93.96,2.574,5.151,0.644,0.376,0.811
canny_hough,otsu,edges,349,1,1,0.3,253.48,93.48,2.593,5.141,0.634,0.416,0.821
canny_hough,otsu,edges,350,1,1,0.45,253.52,93.52,2.764,5.328,0.639,0.374,0.81
canny_hough,otsu,edges,351,1,1,0.45,253.52,93.52,2.77,5.283,0.633,0.379,0.819
canny_hough,otsu,edges,352,1,1,0.45,255.02,95.02,2.716,5.254,0.636,0.416,0.808
canny_hough,otsu,edges,353,1,1,0.45,255.02,95.02,2.767,5.331,0.632,0.375,0.812
canny_hough,otsu,edges,354,1,1,0.3,254.1,94.1,2.762,5.268,0.636,0.379,0.808
canny_hough,otsu,edges,355,1,1,0.45,253.32,93.32,2.755,5.309,0.647,0.416,0.8
canny_hough,otsu,edges,356,1,1,0.45,253.32,93.32,2.772,5.276,0.621,0.376,0.815
canny_hough,otsu,edges,357,1,1,0.45,254.49,94.49,2.771,5.317,0.65,0.376,0.798
canny_hough,otsu,edges,358,1,1,0.3,253.79,93.79,2.569,5.123,0.636,0.43,0.81
canny_hough,otsu,edges,359,1,1,0.3,253.79,93.79,2.614,5.193,0.63,0.376,0.817
canny_hough,otsu,edges,360,1,1,0.3,253.79,93.79,2.643,5.138,0.637,0.378,0.8
canny_hough,otsu,edges,361,1,1,0.45,253.92,93.92,2.731,5.286,0.645,0.375,0.847
canny_hough,otsu,edges,362,1,1,0.45,253.52,93.52,2.77,5.331,0.623,0.377,0.809
canny_hough,otsu,edges,363,1,1,0.45,253.52,93.52,2.768,5.263,0.632,0.379,0.803
canny_hough,adaptive,edges,0,1,1,0.3,250.23,90.23,3.684,17.172,1.077,9.127,2.342
canny_hough,adaptive,edges,1,1,1,0.3,250.23,90.23,4.513,25.053,1.152,14.603,3.506
canny_hough,adaptive,edges,2,1,1,0.3,250.23,90.23,3.69,14.828,1.029,7.818,1.33
canny_hough,adaptive,edges,3,1,1,0.45,253.92,93.92,2.86,13.575,1.232,7.336,1.353
canny_hough,adaptive,edges,4,1,1,0.3,250.23,90.23,2.715,13.014,1.074,7.267,1.258
canny_hough,adaptive,edges,5,1,1,0.3,250.23,90.23,2.688,13.03,1.057,7.268,1.315
canny_hough,adaptive,edges,6,1,1,0.45,253.92,93.92,2.874,13.104,1.0,7.307,1.169
canny_hough,adaptive,edges,7,1,1,0.3,254.1,94.1,2.66,12.821,0.998,7.298,1.147
canny_hough,adaptive,edges,8,1,1,0.3,254.1,94.1,2.707,12.833,0.999,7.265,1.17
canny_hough,adaptive,edges,9,1,1,0.3,254.1,94.1,2.609,12.861,1.058,7.287,1.207
canny_hough,adaptive,edges,10,1,1,0.3,253.79,93.79,2.703,13.037,1.007,7.287,1.255
canny_hough,adaptive,edges,11,1,1,0.3,250.23,90.23,2.701,12.98,1.003,7.439,1.137
canny_hough,adaptive,edges,12,1,1,0.3,250.23,90.23,2.72,12.861,0.997,7.245,1.176
canny_hough,adaptive,edges,13,1,1,0.3,250.23,90.23,2.614,13.233,1.064,7.404,1.449
canny_hough,adaptive,edges,14,1,1,0.3,250.23,90.23,2.654,12.955,1.052,7.239,1.327
canny_hough,adaptive,edges,15,1,1,0.3,251.44,91.44,2.623,12.735,1.069,7.231,1.112
canny_hough,adaptive,edges,16,1,1,0.45,254.1,94.1,2.778,12.765,0.992,7.168,1.134
canny_hough,adaptive,edges,17,1,1,0.3,250.23,90.23,2.845,17.74,5.227,7.479,1.472
canny_hough,adaptive,edges,18,1,1,0.45,248.44,88.44,3.032,13.436,1.012,7.387,1.17
canny_hough,adaptive,edges,19,1,1,0.3,253.79,93.79,2.782,13.47,1.038,7.464,1.375
canny_hough,adaptive,edges,20,1,1,0.3,253.79,93.79,3.074,13.43,1.056,7.347,1.245
canny_hough,adaptive,edges,21,1,1,0.45,253.53,93.53,2.977,13.341,1.048,7.497,1.103
canny_hough,adaptive,edges,22,1,1,0.3,250.23,90.23,2.738,12.959,1.02,7.242,1.132
canny_hough,adaptive,edges,23,1,1,0.3,250.23,90.23,2.556,12.199,0.75,7.161,1.033
canny_hough,adaptive,edges,24,1,1,0.3,250.23,90.23,2.618,12.137,0.603,7.209,0.967
canny_hough,adaptive,edges,25,1,1,0.45,253.4,93.4,2.737,12.278,0.623,7.215,0.946
canny_hough,adaptive,edges,26,1,1,0.45,253.4,93.4,2.807,12.347,0.627,7.259,0.965
canny_hough,adaptive,edges,27,1,1,0.45,253.6,93.6,2.747,12.219,0.627,7.198,0.953
canny_hough,adaptive,edges,28,1,1,0.3,251.44,91.44,3.17,12.941,0.642,7.198,1.226
canny_hough,adaptive,edges,29,1,1,0.3,251.44,91.44,2.736,12.449,0.656,7.347,0.995
canny_hough,adaptive,edges,30,1,1,0.3,250.23,90.23,2.651,12.958,0.998,7.295,1.312
canny_hough,adaptive,edges,31,1,1,0.45,254.1,94.1,2.844,13.234,1.054,7.397,1.233
canny_hough,adaptive,edges,32,1,1,0.45,254.1,94.1,2.823,13.051,0.992,7.26,1.257
canny_hough,adaptive,edges,33,1,1,0.3,250.23,90.23,3.035,13.252,1.011,7.356,1.122
canny_hough,adaptive,edges,34,1,1,0.3,250.23,90.23,2.763,13.267,1.08,7.523,1.135
canny_hough,adaptive,edges,35,1,1,0.3,253.79,93.79,2.667,12.865,1.032,7.327,1.134
canny_hough,adaptive,edges,36,1,1,0.3,253.79,93.79,2.738,12.975,1.005,7.274,1.255
canny_hough,adaptive,edges,37,1,1,0.3,250.23,90.23,2.658,12.93,1.006,7.329,1.238
canny_hough,adaptive,edges,38,1,1,0.3,250.23,90.23,2.628,12.299,0.739,7.202,1.051
canny_hough,adaptive,edges,39,1,1,0.3,250.23,90.23,2.96,12.636,0.614,7.33,0.965
canny_hough,adaptive,edges,40,1,1,0.3,250.23,90.23,2.636,12.612,0.994,7.172,1.116
canny_hough,adaptive,edges,41,1,1,0.45,254.1,94.1,2.745,12.774,1.002,7.232,1.11
canny_hough,adaptive,edges,42,1,1,0.45,254.1,94.1,2.786,12.778,0.991,7.185,1.101
canny_hough,adaptive,edges,43,1,1,0.45,253.53,93.53,2.658,12.708,1.034,7.151,1.197
canny_hough,adaptive,edges,44,1,1,0.3,250.23,90.23,2.562,12.068,0.697,7.113,1.019
canny_hough,adaptive,edges,45,1,1,0.3,250.23,90.23,2.565,12.107,0.627,7.138,1.021
canny_hough,adaptive,edges,46,1,1,0.3,250.23,90.23,2.58,12.066,0.625,7.089,1.03
canny_hough,adaptive,edges,47,1,1,0.3,250.23,90.23,2.559,12.084,0.635,7.202,0.941
canny_hough,adaptive,edges,48,1,1,0.45,253.6,93.6,2.768,12.232,0.634,7.192,0.955
canny_hough,adaptive,edges,49,1,1,0.3,250.23,90.23,2.614,12.154,0.638,7.239,0.973
canny_hough,adaptive,edges,50,1,1,0.3,250.23,90.23,2.618,12.071,0.638,7.169,0.964
canny_hough,adaptive,edges,51,1,1,0.45,253.53,93.53,2.718,12.217,0.636,7.206,0.965
canny_hough,adaptive,edges,52,1,1,0.3,250.23,90.23,2.62,12.09,0.641,7.161,0.959
canny_hough,adaptive,edges,53,1,1,0.3,253.79,93.79,2.657,12.156,0.652,7.191,0.964
canny_hough,adaptive,edges,54,1,1,0.3,253.79,93.79,2.629,12.038,0.636,7.13,0.952
canny_hough,adaptive,edges,55,1,1,0.3,250.23,90.23,2.612,12.093,0.635,7.176,0.979
canny_hough,adaptive,edges,56,1,1,0.45,253.92,93.92,2.805,12.434,0.639,7.368,0.944
canny_hough,adaptive,edges,57,1,1,0.45,253.92,93.92,2.783,12.243,0.648,7.166,0.965
canny_hough,adaptive,edges,58,1,1,0.3,250.23,90.23,2.629,12.089,0.653,7.157,0.977
canny_hough,adaptive,edges,59,1,1,0.3,250.23,90.23,2.649,12.139,0.649,7.183,0.972
canny_hough,adaptive,edges,60,1,1,0.3,250.23,90.23,2.574,12.068,0.643,7.12,0.981
canny_hough,adaptive,edges,61,1,1,0.3,250.23,90.23,2.55,12.096,0.638,7.192,1.028
canny_hough,adaptive,edges,62,1,1,0.3,250.23,90.23,2.566,12.09,0.668,7.114,1.019
canny_hough,adaptive,edges,63,1,1,0.45,254.1,94.1,2.681,12.232,0.671,7.164,1.032
canny_hough,adaptive,edges,64,1,1,0.45,254.85,94.85,2.678,12.168,0.672,7.099,1.034
canny_hough,adaptive,edges,65,1,1,0.45,254.85,94.85,2.682,12.218,0.625,7.148,1.016
canny_hough,adaptive,edges,66,1,1,0.45,255.02,95.02,2.781,12.303,0.638,7.167,0.969
canny_hough,adaptive,edges,67,1,1,0.45,254.49,94.49,2.762,12.265,0.632,7.217,0.967
canny_hough,adaptive,edges,68,1,1,0.3,250.23,90.23,2.638,12.115,0.642,7.203,0.947
canny_hough,adaptive,edges,69,1,1,0.3,250.23,90.23,2.68,12.177,0.641,7.217,0.951
canny_hough,adaptive,edges,70,1,1,0.45,254.1,94.1,2.765,12.188,0.635,7.15,0.961
canny_hough,adaptive,edges,71,1,1,0.45,254.1,94.1,2.739,12.239,0.652,7.207,0.942
canny_hough,adaptive,edges,72,1,1,0.3,250.23,90.23,2.631,12.084,0.645,7.138,0.954
canny_hough,adaptive,edges,73,1,1,0.45,253.92,93.92,2.777,12.237,0.637,7.176,0.961
canny_hough,adaptive,edges,74,1,1,0.3,253.79,93.79,2.667,12.09,0.632,7.147,0.959
canny_hough,adaptive,edges,75,1,1,0.3,253.79,93.79,2.623,12.077,0.64,7.166,0.973
canny_hough,adaptive,edges,76,1,1,0.3,254.1,94.1,2.617,12.038,0.635,7.123,0.98
canny_hough,adaptive,edges,77,1,1,0.3,254.1,94.1,2.611,12.036,0.633,7.166,0.941
canny_hough,adaptive,edges,78,1,1,0.3,254.1,94.1,2.615,12.024,0.635,7.132,0.965
canny_hough,adaptive,edges,79,1,1,0.45,253.92,93.92,2.799,12.28,0.659,7.166,0.971
canny_hough,adaptive,edges,80,1,1,0.45,253.92,93.92,2.752,12.253,0.628,7.152,0.961
canny_hough,adaptive,edges,81,1,1,0.3,253.79,93.79,2.554,12.139,0.675,7.156,1.077
canny_hough,adaptive,edges,82,1,1,0.45,253.4,93.4,2.732,12.277,0.68,7.102,1.058
canny_hough,adaptive,edges,83,1,1,0.45,253.4,93.4,2.724,12.291,0.621,7.171,1.023
canny_hough,adaptive,edges,84,1,1,0.45,254.49,94.49,2.826,12.333,0.631,7.166,0.954
canny_hough,adaptive,edges,85,1,1,0.3,253.79,93.79,2.629,12.113,0.636,7.185,0.965
canny_hough,adaptive,edges,86,1,1,0.45,253.53,93.53,2.734,12.197,0.628,7.192,0.959
canny_hough,adaptive,edges,87,1,1,0.45,253.53,93.53,2.722,12.21,0.64,7.199,0.974
canny_hough,adaptive,edges,88,1,1,0.3,253.79,93.79,2.626,12.048,0.639,7.15,0.944
canny_hough,adaptive,edges,89,1,1,0.3,253.79,93.79,2.614,12.063,0.643,7.18,0.941
canny_hough,adaptive,edges,90,1,1,0.45,255.02,95.02,2.778,12.215,0.644,7.159,0.961
canny_hough,adaptive,edges,91,1,1,0.3,250.23,90.23,2.632,12.083,0.637,7.164,0.976
canny_hough,adaptive,edges,92,1,1,0.3,250.23,90.23,2.627,12.131,0.641,7.16,0.977
canny_hough,adaptive,edges,93,1,1,0.3,250.23,90.23,2.633,12.139,0.635,7.212,0.966
canny_hough,adaptive,edges,94,1,1,0.45,253.92,93.92,2.802,12.224,0.644,7.129,0.979
canny_hough,adaptive,edges,95,1,1,0.45,253.92,93.92,2.792,12.264,0.64,7.183,0.965
canny_hough,adaptive,edges,96,1,1,0.3,250.23,90.23,2.577,12.059,0.633,7.138,0.973
canny_hough,adaptive,edges,97,1,1,0.3,253.79,93.79,2.562,12.082,0.636,7.173,0.951
canny_hough,adaptive,edges,98,1,1,0.3,250.23,90.23,2.576,12.12,0.633,7.152,1.076
canny_hough,adaptive,edges,99,1,1,0.3,250.23,90.23,2.55,12.081,0.68,7.143,1.038
canny_hough,adaptive,edges,100,1,1,0.3,250.23,90.23,2.569,12.058,0.667,7.111,1.023
canny_hough,adaptive,edges,101,1,1,0.3,250.23,90.23,2.616,12.518,0.976,7.213,1.031
canny_hough,adaptive,edges,102,1,1,0.45,254.1,94.1,2.768,12.304,0.636,7.156,0.948
canny_hough,adaptive,edges,103,1,1,0.3,253.65,93.65,2.612,12.094,0.64,7.211,0.942
canny_hough,adaptive,edges,104,1,1,0.3,250.23,90.23,2.636,12.07,0.644,7.167,0.953
canny_hough,adaptive,edges,105,1,1,0.3,250.23,90.23,2.627,12.099,0.626,7.202,0.971
canny_hough,adaptive,edges,106,1,1,0.45,253.4,93.4,2.766,12.228,0.633,7.195,0.957
canny_hough,adaptive,edges,107,1,1,0.45,253.4,93.4,2.742,12.293,0.634,7.26,0.966
canny_hough,adaptive,edges,108,1,1,0.45,253.53,93.53,2.73,12.148,0.633,7.144,0.968
canny_hough,adaptive,edges,109,1,1,0.45,254.1,94.1,3.077,12.921,0.632,7.269,1.215
canny_hough,adaptive,edges,110,1,1,0.45,254.1,94.1,2.783,12.664,0.679,7.269,1.218
canny_hough,adaptive,edges,111,1,1,0.45,254.1,94.1,2.863,13.225,1.041,7.324,1.246
canny_hough,adaptive,edges,112,1,1,0.3,250.23,90.23,2.686,12.962,1.006,7.27,1.259
canny_hough,adaptive,edges,113,1,1,0.45,253.52,93.52,2.824,13.1,1.013,7.296,1.257
canny_hough,adaptive,edges,114,1,1,0.45,253.52,93.52,2.79,13.223,1.057,7.46,1.229
canny_hough,adaptive,edges,115,1,1,0.3,250.23,90.23,2.708,13.089,1.008,7.368,1.243
canny_hough,adaptive,edges,116,1,1,0.3,250.23,90.23,2.716,12.967,1.007,7.28,1.259
canny_hough,adaptive,edges,117,1,1,0.45,253.53,93.53,2.778,13.107,0.996,7.308,1.328
canny_hough,adaptive,edges,118,1,1,0.3,250.23,90.23,2.701,12.911,1.066,7.305,1.129
canny_hough,adaptive,edges,119,1,1,0.3,250.23,90.23,2.946,13.134,0.998,7.307,1.17
canny_hough,adaptive,edges,120,1,1,0.3,253.79,93.79,2.674,12.75,1.003,7.143,1.241
canny_hough,adaptive,edges,121,1,1,0.45,253.92,93.92,2.716,12.873,0.985,7.199,1.288
canny_hough,adaptive,edges,122,1,1,0.45,253.92,93.92,2.73,12.757,1.038,7.114,1.166
canny_hough,adaptive,edges,123,1,1,0.45,253.92,93.92,2.782,12.804,0.993,7.194,1.086
canny_hough,adaptive,edges,124,1,1,0.3,254.1,94.1,2.607,12.612,0.98,7.143,1.204
canny_hough,adaptive,edges,125,1,1,0.3,254.1,94.1,2.599,12.578,0.986,7.171,1.136
canny_hough,adaptive,edges,126,1,1,0.45,253.53,93.53,2.695,12.751,0.995,7.134,1.198
canny_hough,adaptive,edges,127,1,1,0.3,253.79,93.79,2.559,12.683,1.034,7.142,1.259
canny_hough,adaptive,edges,128,1,1,0.3,253.79,93.79,2.658,12.709,0.982,7.16,1.182
canny_hough,adaptive,edges,129,1,1,0.3,253.79,93.79,2.606,12.637,0.987,7.162,1.193
canny_hough,adaptive,edges,130,1,1,0.3,250.23,90.23,2.62,12.56,0.998,7.149,1.119
canny_hough,adaptive,edges,131,1,1,0.3,250.23,90.23,2.657,12.705,0.995,7.201,1.182
canny_hough,adaptive,edges,132,1,1,0.3,250.23,90.23,2.584,12.648,0.972,7.141,1.264
canny_hough,adaptive,edges,133,1,1,0.3,253.96,93.96,2.616,12.663,1.048,7.138,1.175
canny_hough,adaptive,edges,134,1,1,0.3,253.96,93.96,2.66,12.733,0.991,7.145,1.195
canny_hough,adaptive,edges,135,1,1,0.45,253.53,93.53,2.767,12.815,0.997,7.174,1.195
canny_hough,adaptive,edges,136,1,1,0.45,255.02,95.02,2.794,12.731,0.987,7.14,1.126
canny_hough,adaptive,edges,137,1,1,0.45,253.4,93.4,2.704,12.714,0.988,7.176,1.159
canny_hough,adaptive,edges,138,1,1,0.45,253.4,93.4,2.786,13.695,1.024,7.104,2.091
canny_hough,adaptive,edges,139,1,1,0.3,250.23,90.23,2.626,12.688,0.996,7.17,1.212
canny_hough,adaptive,edges,140,1,1,0.3,253.79,93.79,2.658,12.59,0.99,7.15,1.11
canny_hough,adaptive,edges,141,1,1,0.3,253.79,93.79,2.573,12.679,0.986,7.162,1.273
canny_hough,adaptive,edges,142,1,1,0.45,253.53,93.53,2.687,12.724,1.033,7.108,1.187
canny_hough,adaptive,edges,143,1,1,0.45,253.53,93.53,2.72,12.759,0.982,7.213,1.098
canny_hough,adaptive,edges,144,1,1,0.3,253.65,93.65,2.607,12.631,0.985,7.168,1.195
canny_hough,adaptive,edges,145,1,1,0.3,254.1,94.1,2.605,12.532,0.987,7.174,1.093
canny_hough,adaptive,edges,146,1,1,0.3,253.48,93.48,2.619,12.521,0.995,7.134,1.09
canny_hough,adaptive,edges,147,1,1,0.3,253.48,93.48,2.537,12.591,0.991,7.189,1.188
canny_hough,adaptive,edges,148,1,1,0.45,253.32,93.32,2.783,12.776,1.039,7.113,1.163
canny_hough,adaptive,edges,149,1,1,0.45,253.53,93.53,2.722,12.742,0.992,7.189,1.084
canny_hough,adaptive,edges,150,1,1,0.45,253.53,93.53,2.717,12.781,0.983,7.229,1.174
canny_hough,adaptive,edges,151,1,1,0.3,250.23,90.23,2.623,12.619,0.985,7.2,1.116
canny_hough,adaptive,edges,152,1,1,0.3,250.23,90.23,2.566,12.662,0.999,7.136,1.194
canny_hough,adaptive,edges,153,1,1,0.3,250.23,90.23,2.567,12.67,1.034,7.136,1.262
canny_hough,adaptive,edges,154,1,1,0.3,250.23,90.23,2.622,12.639,0.993,7.173,1.115
canny_hough,adaptive,edges,155,1,1,0.3,250.23,90.23,2.619,12.693,0.998,7.206,1.189
canny_hough,adaptive,edges,156,1,1,0.3,250.23,90.23,2.615,12.561,0.987,7.162,1.119
canny_hough,adaptive,edges,157,1,1,0.3,253.79,93.79,2.637,12.582,0.99,7.178,1.097
canny_hough,adaptive,edges,158,1,1,0.45,253.53,93.53,2.682,12.652,0.982,7.155,1.165
canny_hough,adaptive,edges,159,1,1,0.45,253.53,93.53,2.667,12.798,1.025,7.148,1.259
canny_hough,adaptive,edges,160,1,1,0.3,253.79,93.79,2.631,12.742,0.985,7.187,1.193
canny_hough,adaptive,edges,161,1,1,0.3,250.23,90.23,2.609,12.634,0.986,7.24,1.117
canny_hough,adaptive,edges,162,1,1,0.3,250.23,90.23,2.641,12.584,1.001,7.141,1.09
canny_hough,adaptive,edges,163,1,1,0.3,253.79,93.79,2.581,12.697,0.986,7.187,1.199
canny_hough,adaptive,edges,164,1,1,0.3,253.79,93.79,2.569,12.676,1.035,7.104,1.286
canny_hough,adaptive,edges,165,1,1,0.3,253.79,93.79,2.655,12.677,1.044,7.193,1.104
canny_hough,adaptive,edges,166,1,1,0.3,253.79,93.79,2.615,12.656,0.992,7.173,1.187
canny_hough,adaptive,edges,167,1,1,0.3,253.79,93.79,2.61,12.565,0.986,7.182,1.091
canny_hough,adaptive,edges,168,1,1,0.3,253.79,93.79,2.643,12.63,0.989,7.128,1.203
canny_hough,adaptive,edges,169,1,1,0.3,253.79,93.79,2.563,12.568,0.983,7.165,1.119
canny_hough,adaptive,edges,170,1,1,0.3,253.79,93.79,2.566,12.661,1.041,7.113,1.263
canny_hough,adaptive,edges,171,1,1,0.3,253.79,93.79,2.618,12.685,0.981,7.236,1.086
canny_hough,adaptive,edges,172,1,1,0.45,254.49,94.49,2.746,12.738,0.979,7.187,1.112
canny_hough,adaptive,edges,173,1,1,0.45,254.49,94.49,2.742,12.788,0.997,7.177,1.2
canny_hough,adaptive,edges,174,1,1,0.45,253.53,93.53,2.75,12.762,0.99,7.133,1.213
canny_hough,adaptive,edges,175,1,1,0.3,253.79,93.79,2.565,12.678,1.032,7.128,1.279
canny_hough,adaptive,edges,176,1,1,0.3,253.79,93.79,2.628,12.61,1.05,7.159,1.093
canny_hough,adaptive,edges,177,1,1,0.3,253.79,93.79,2.626,12.661,0.978,7.192,1.176
canny_hough,adaptive,edges,178,1,1,0.3,253.79,93.79,2.709,12.608,0.989,7.15,1.083
canny_hough,adaptive,edges,179,1,1,0.3,253.79,93.79,2.635,12.597,0.989,7.179,1.119
canny_hough,adaptive,edges,180,1,1,0.45,253.92,93.92,2.762,12.726,0.995,7.114,1.118
canny_hough,adaptive,edges,181,1,1,0.3,253.79,93.79,2.566,12.711,1.039,7.148,1.269
canny_hough,adaptive,edges,182,1,1,0.3,250.23,90.23,2.631,12.675,0.99,7.154,1.107
canny_hough,adaptive,edges,183,1,1,0.3,250.23,90.23,2.628,12.681,0.985,7.193,1.193
canny_hough,adaptive,edges,184,1,1,0.3,253.79,93.79,2.623,12.55,0.997,7.153,1.108
canny_hough,adaptive,edges,185,1,1,0.45,253.4,93.4,2.728,12.779,0.982,7.302,1.076
canny_hough,adaptive,edges,186,1,1,0.45,253.4,93.4,2.7,12.72,1.033,7.123,1.183
canny_hough,adaptive,edges,187,1,1,0.3,254.1,94.1,3.191,13.336,1.038,7.211,1.148
canny_hough,adaptive,edges,188,1,1,0.3,254.1,94.1,2.613,12.646,1.016,7.217,1.085
canny_hough,adaptive,edges,189,1,1,0.45,253.92,93.92,2.796,12.891,0.991,7.216,1.215
canny_hough,adaptive,edges,190,1,1,0.45,253.92,93.92,2.731,12.746,0.998,7.139,1.199
canny_hough,adaptive,edges,191,1,1,0.45,253.92,93.92,2.777,12.823,1.04,7.161,1.171
canny_hough,adaptive,edges,192,1,1,0.3,253.79,93.79,2.649,12.744,0.987,7.221,1.179
canny_hough,adaptive,edges,193,1,1,0.3,253.79,93.79,2.61,12.659,0.984,7.183,1.191
canny_hough,adaptive,edges,194,1,1,0.3,253.79,93.79,2.625,12.578,0.996,7.15,1.129
canny_hough,adaptive,edges,195,1,1,0.45,253.92,93.92,2.719,12.71,0.985,7.172,1.105
canny_hough,adaptive,edges,196,1,1,0.3,253.79,93.79,2.59,12.655,1.025,7.087,1.279
canny_hough,adaptive,edges,197,1,1,0.3,253.79,93.79,2.631,12.657,0.996,7.194,1.097
canny_hough,adaptive,edges,198,1,1,0.45,255.02,95.02,2.768,12.771,0.994,7.137,1.187
canny_hough,adaptive,edges,199,1,1,0.45,253.53,93.53,2.719,12.789,0.999,7.191,1.19
canny_hough,adaptive,edges,200,1,1,0.3,253.48,93.48,2.551,12.635,0.992,7.144,1.221
canny_hough,adaptive,edges,201,1,1,0.3,253.48,93.48,2.541,12.65,1.037,7.137,1.26
canny_hough,adaptive,edges,202,1,1,0.3,253.79,93.79,2.632,12.669,1.042,7.201,1.076
canny_hough,adaptive,edges,203,1,1,0.3,253.79,93.79,2.608,12.597,0.98,7.202,1.121
canny_hough,adaptive,edges,204,1,1,0.3,253.79,93.79,2.626,12.656,0.996,7.171,1.189
canny_hough,adaptive,edges,205,1,1,0.45,253.53,93.53,2.721,12.722,0.979,7.152,1.201
canny_hough,adaptive,edges,206,1,1,0.45,253.53,93.53,2.68,12.643,0.992,7.14,1.163
canny_hough,adaptive,edges,207,1,1,0.3,250.23,90.23,2.558,12.569,1.028,7.143,1.158
canny_hough,adaptive,edges,208,1,1,0.45,253.4,93.4,2.797,12.873,0.999,7.153,1.186
canny_hough,adaptive,edges,209,1,1,0.45,253.4,93.4,2.755,12.701,0.99,7.182,1.086
canny_hough,adaptive,edges,210,1,1,0.45,253.4,93.4,2.792,12.734,0.988,7.163,1.113
canny_hough,adaptive,edges,211,1,1,0.45,253.53,93.53,2.711,12.793,0.985,7.203,1.113
canny_hough,adaptive,edges,212,1,1,0.3,250.23,90.23,2.616,12.647,1.034,7.109,1.174
canny_hough,adaptive,edges,213,1,1,0.3,250.23,90.23,2.616,12.737,0.992,7.198,1.185
canny_hough,adaptive,edges,214,1,1,0.45,255.1,95.1,2.787,12.787,0.994,7.137,1.18
canny_hough,adaptive,edges,215,1,1,0.45,255.1,95.1,2.77,12.804,0.997,7.164,1.19
canny_hough,adaptive,edges,216,1,1,0.45,253.92,93.92,2.737,12.802,1.0,7.121,1.211
canny_hough,adaptive,edges,217,1,1,0.45,254.46,94.46,2.661,12.78,1.028,7.158,1.252
canny_hough,adaptive,edges,218,1,1,0.45,253.4,93.4,3.111,13.235,0.986,7.169,1.198
canny_hough,adaptive,edges,219,1,1,0.3,254.1,94.1,2.582,12.556,0.998,7.157,1.106
canny_hough,adaptive,edges,220,1,1,0.3,250.23,90.23,2.619,12.648,0.996,7.152,1.203
canny_hough,adaptive,edges,221,1,1,0.3,250.23,90.23,2.566,12.591,0.996,7.178,1.167
canny_hough,adaptive,edges,222,1,1,0.3,253.79,93.79,2.577,12.59,1.027,7.119,1.169
canny_hough,adaptive,edges,223,1,1,0.3,253.79,93.79,2.622,12.654,0.983,7.199,1.093
canny_hough,adaptive,edges,224,1,1,0.45,253.9,93.9,2.781,12.672,0.986,7.144,1.076
canny_hough,adaptive,edges,225,1,1,0.45,253.9,93.9,2.766,12.818,0.994,7.175,1.206
canny_hough,adaptive,edges,226,1,1,0.3,253.79,93.79,2.584,12.559,0.999,7.126,1.114
canny_hough,adaptive,edges,227,1,1,0.3,253.79,93.79,2.562,12.574,1.028,7.132,1.185
canny_hough,adaptive,edges,228,1,1,0.3,253.79,93.79,2.608,12.564,1.032,7.114,1.141
canny_hough,adaptive,edges,229,1,1,0.3,254.1,94.1,2.611,12.746,0.983,7.224,1.19
canny_hough,adaptive,edges,230,1,1,0.3,253.79,93.79,2.623,12.512,0.993,7.118,1.098
canny_hough,adaptive,edges,231,1,1,0.3,253.79,93.79,2.614,12.663,0.991,7.182,1.205
canny_hough,adaptive,edges,232,1,1,0.45,253.92,93.92,2.724,12.824,0.991,7.136,1.212
canny_hough,adaptive,edges,233,1,1,0.45,254.49,94.49,2.702,12.74,1.03,7.142,1.194
canny_hough,adaptive,edges,234,1,1,0.45,254.49,94.49,2.767,12.835,0.981,7.156,1.194
canny_hough,adaptive,edges,235,1,1,0.45,253.4,93.4,2.733,12.704,0.984,7.183,1.108
canny_hough,adaptive,edges,236,1,1,0.45,253.4,93.4,2.759,12.702,0.995,7.183,1.088
canny_hough,adaptive,edges,237,1,1,0.45,253.4,93.4,2.688,12.692,0.991,7.168,1.113
canny_hough,adaptive,edges,238,1,1,0.3,253.79,93.79,2.556,12.654,1.042,7.117,1.266
canny_hough,adaptive,edges,239,1,1,0.3,253.96,93.96,2.632,12.663,0.99,7.192,1.097
canny_hough,adaptive,edges,240,1,1,0.3,253.96,93.96,2.64,12.659,0.996,7.157,1.188
canny_hough,adaptive,edges,241,1,1,0.45,254.1,94.1,2.737,12.73,0.996,7.206,1.103
canny_hough,adaptive,edges,242,1,1,0.3,253.79,93.79,2.629,12.582,0.982,7.148,1.112
canny_hough,adaptive,edges,243,1,1,0.3,253.79,93.79,2.569,12.608,0.99,7.195,1.167
canny_hough,adaptive,edges,244,1,1,0.3,253.79,93.79,2.593,12.591,1.032,7.117,1.173
canny_hough,adaptive,edges,245,1,1,0.3,253.79,93.79,2.628,12.744,0.985,7.205,1.181
canny_hough,adaptive,edges,246,1,1,0.3,254.1,94.1,2.595,12.488,0.993,7.141,1.09
canny_hough,adaptive,edges,247,1,1,0.45,253.4,93.4,2.773,12.731,0.988,7.176,1.116
canny_hough,adaptive,edges,248,1,1,0.3,254.1,94.1,2.606,12.616,0.995,7.136,1.205
canny_hough,adaptive,edges,249,1,1,0.3,254.1,94.1,2.544,12.628,0.999,7.205,1.201
canny_hough,adaptive,edges,250,1,1,0.45,253.92,93.92,2.831,12.893,1.035,7.118,1.232
canny_hough,adaptive,edges,251,1,1,0.45,253.92,93.92,2.783,12.858,0.98,7.241,1.16
canny_hough,adaptive,edges,252,1,1,0.45,254.58,94.58,2.794,12.87,0.997,7.16,1.205
canny_hough,adaptive,edges,253,1,1,0.3,253.79,93.79,2.625,12.576,0.986,7.178,1.108
canny_hough,adaptive,edges,254,1,1,0.3,253.79,93.79,2.581,12.555,1.036,7.104,1.154
canny_hough,adaptive,edges,255,1,1,0.45,252.22,92.22,2.66,12.808,1.021,7.153,1.236
canny_hough,adaptive,edges,256,1,1,0.3,253.79,93.79,2.625,12.619,0.992,7.25,1.073
canny_hough,adaptive,edges,257,1,1,0.3,253.79,93.79,2.606,12.639,0.984,7.184,1.182
canny_hough,adaptive,edges,258,1,1,0.3,253.79,93.79,2.623,12.629,0.991,7.128,1.209
canny_hough,adaptive,edges,259,1,1,0.3,253.79,93.79,2.576,12.61,1.009,7.19,1.094
canny_hough,adaptive,edges,260,1,1,0.3,253.79,93.79,2.615,12.639,1.031,7.125,1.2
canny_hough,adaptive,edges,261,1,1,0.3,253.96,93.96,2.64,12.656,1.059,7.186,1.083
canny_hough,adaptive,edges,262,1,1,0.3,253.65,93.65,2.603,12.678,0.991,7.178,1.194
canny_hough,adaptive,edges,263,1,1,0.3,253.65,93.65,2.607,12.637,0.987,7.179,1.185
canny_hough,adaptive,edges,264,1,1,0.3,253.65,93.65,2.612,12.735,1.108,7.128,1.215
canny_hough,adaptive,edges,265,1,1,0.3,253.79,93.79,2.573,12.689,0.984,7.182,1.27
canny_hough,adaptive,edges,266,1,1,0.3,253.79,93.79,2.637,12.935,1.037,7.407,1.172
canny_hough,adaptive,edges,267,1,1,0.3,254.1,94.1,2.62,12.698,0.98,7.256,1.155
canny_hough,adaptive,edges,268,1,1,0.3,253.79,93.79,2.661,12.614,0.988,7.181,1.12
canny_hough,adaptive,edges,269,1,1,0.3,253.79,93.79,2.615,12.597,0.987,7.18,1.129
canny_hough,adaptive,edges,270,1,1,0.45,253.4,93.4,2.712,12.805,0.989,7.14,1.286
canny_hough,adaptive,edges,271,1,1,0.3,253.79,93.79,2.57,12.614,1.034,7.169,1.164
canny_hough,adaptive,edges,272,1,1,0.3,253.48,93.48,2.629,12.655,0.984,7.18,1.089
canny_hough,adaptive,edges,273,1,1,0.3,253.48,93.48,2.635,12.656,0.979,7.173,1.188
canny_hough,adaptive,edges,274,1,1,0.3,254.1,94.1,2.628,12.671,0.998,7.141,1.228
canny_hough,adaptive,edges,275,1,1,0.3,254.1,94.1,2.639,12.569,1.002,7.159,1.092
canny_hough,adaptive,edges,276,1,1,0.3,253.79,93.79,2.567,12.559,1.036,7.112,1.172
canny_hough,adaptive,edges,277,1,1,0.45,253.92,93.92,2.774,12.907,1.054,7.159,1.238
canny_hough,adaptive,edges,278,1,1,0.45,254.1,94.1,2.747,12.674,0.979,7.174,1.103
canny_hough,adaptive,edges,279,1,1,0.45,254.1,94.1,2.761,12.824,0.991,7.183,1.207
canny_hough,adaptive,edges,280,1,1,0.3,253.79,93.79,2.636,12.649,0.993,7.138,1.214
canny_hough,adaptive,edges,281,1,1,0.3,253.65,93.65,2.555,12.579,1.003,7.159,1.171
canny_hough,adaptive,edges,282,1,1,0.3,253.65,93.65,2.576,12.613,1.03,7.122,1.178
canny_hough,adaptive,edges,283,1,1,0.45,253.4,93.4,2.788,12.935,0.984,7.218,1.194
canny_hough,adaptive,edges,284,1,1,0.45,253.4,93.4,2.761,12.66,0.981,7.133,1.11
canny_hough,adaptive,edges,285,1,1,0.3,250.23,90.23,2.657,12.625,0.997,7.18,1.092
canny_hough,adaptive,edges,286,1,1,0.3,253.79,93.79,2.569,12.66,0.988,7.141,1.211
canny_hough,adaptive,edges,287,1,1,0.3,253.79,93.79,2.573,12.705,1.035,7.147,1.271
canny_hough,adaptive,edges,288,1,1,0.45,253.32,93.32,2.817,12.884,0.982,7.172,1.177
canny_hough,adaptive,edges,289,1,1,0.45,253.32,93.32,2.776,12.822,0.987,7.158,1.216
canny_hough,adaptive,edges,290,1,1,0.45,253.92,93.92,2.809,12.724,0.995,7.137,1.09
canny_hough,adaptive,edges,291,1,1,0.45,253.92,93.92,2.738,12.829,0.988,7.173,1.259
canny_hough,adaptive,edges,292,1,1,0.45,254.42,94.42,2.718,12.853,1.034,7.122,1.264
canny_hough,adaptive,edges,293,1,1,0.3,253.79,93.79,2.644,12.694,0.989,7.189,1.183
canny_hough,adaptive,edges,294,1,1,0.3,253.79,93.79,2.639,12.667,0.995,7.171,1.188
canny_hough,adaptive,edges,295,1,1,0.3,253.65,93.65,2.621,12.58,0.995,7.158,1.117
canny_hough,adaptive,edges,296,1,1,0.3,253.65,93.65,2.557,12.631,0.987,7.158,1.204
canny_hough,adaptive,edges,297,1,1,0.3,253.79,93.79,2.555,12.706,1.042,7.153,1.266
canny_hough,adaptive,edges,298,1,1,0.3,250.23,90.23,2.626,12.716,0.993,7.169,1.187
canny_hough,adaptive,edges,299,1,1,0.3,250.23,90.23,2.614,12.894,0.996,7.401,1.202
canny_hough,adaptive,edges,300,1,1,0.3,253.79,93.79,2.628,12.559,0.986,7.146,1.118
canny_hough,adaptive,edges,301,1,1,0.45,253.32,93.32,2.789,12.706,0.989,7.178,1.074
canny_hough,adaptive,edges,302,1,1,0.45,253.38,93.38,2.734,12.893,1.034,7.121,1.289
canny_hough,adaptive,edges,303,1,1,0.45,253.38,93.38,2.741,12.79,0.99,7.199,1.109
canny_hough,adaptive,edges,304,1,1,0.45,253.53,93.53,2.726,12.652,0.987,7.158,1.102
canny_hough,adaptive,edges,305,1,1,0.3,253.79,93.79,2.62,12.665,0.989,7.176,1.192
canny_hough,adaptive,edges,306,1,1,0.3,253.79,93.79,2.653,12.684,0.99,7.169,1.2
canny_hough,adaptive,edges,307,1,1,0.3,250.23,90.23,2.568,12.592,1.031,7.151,1.157
canny_hough,adaptive,edges,308,1,1,0.3,250.23,90.23,2.566,12.676,1.037,7.139,1.262
canny_hough,adaptive,edges,309,1,1,0.3,253.65,93.65,2.607,12.666,0.985,7.199,1.192
canny_hough,adaptive,edges,310,1,1,0.45,253.53,93.53,2.713,12.619,0.984,7.145,1.096
canny_hough,adaptive,edges,311,1,1,0.45,253.53,93.53,2.747,12.684,0.989,7.173,1.091
canny_hough,adaptive,edges,312,1,1,0.3,253.48,93.48,2.57,12.689,0.993,7.131,1.272
canny_hough,adaptive,edges,313,1,1,0.45,253.4,93.4,2.691,12.846,1.042,7.162,1.265
canny_hough,adaptive,edges,314,1,1,0.45,253.4,93.4,2.752,12.783,0.992,7.179,1.114
canny_hough,adaptive,edges,315,1,1,0.45,253.4,93.4,2.742,12.703,0.986,7.189,1.091
canny_hough,adaptive,edges,316,1,1,0.3,254.1,94.1,2.669,12.596,0.982,7.128,1.139
canny_hough,adaptive,edges,317,1,1,0.3,254.1,94.1,2.547,12.648,0.995,7.173,1.199
canny_hough,adaptive,edges,318,1,1,0.45,253.92,93.92,2.733,12.757,1.032,7.107,1.2
canny_hough,adaptive,edges,319,1,1,0.3,254.1,94.1,2.591,12.72,0.98,7.199,1.193
canny_hough,adaptive,edges,320,1,1,0.45,255.02,95.02,2.763,12.672,0.988,7.154,1.08
canny_hough,adaptive,edges,321,1,1,0.45,255.02,95.02,2.806,12.862,0.987,7.205,1.183
canny_hough,adaptive,edges,322,1,1,0.3,253.79,93.79,2.582,12.729,0.998,7.162,1.213
canny_hough,adaptive,edges,323,1,1,0.3,253.79,93.79,2.565,12.597,1.021,7.147,1.193
canny_hough,adaptive,edges,324,1,1,0.3,253.79,93.79,2.623,12.716,1.046,7.178,1.196
canny_hough,adaptive,edges,325,1,1,0.45,253.4,93.4,2.756,12.704,0.996,7.206,1.073
canny_hough,adaptive,edges,326,1,1,0.45,253.53,93.53,2.733,12.67,0.988,7.149,1.124
canny_hough,adaptive,edges,327,1,1,0.45,253.53,93.53,2.729,12.77,0.995,7.178,1.192
canny_hough,adaptive,edges,328,1,1,0.45,253.31,93.31,2.729,12.75,1.037,7.11,1.189
canny_hough,adaptive,edges,329,1,1,0.45,253.31,93.31,2.777,12.915,1.038,7.218,1.202
canny_hough,adaptive,edges,330,1,1,0.45,253.9,93.9,2.823,12.846,0.994,7.151,1.202
canny_hough,adaptive,edges,331,1,1,0.45,253.08,93.08,2.773,12.822,0.986,7.182,1.192
canny_hough,adaptive,edges,332,1,1,0.45,255.02,95.02,2.729,12.85,1.0,7.129,1.218
canny_hough,adaptive,edges,333,1,1,0.45,255.02,95.02,2.706,12.732,1.032,7.15,1.169
canny_hough,adaptive,edges,334,1,1,0.45,252.05,92.05,2.718,12.775,0.982,7.159,1.181
canny_hough,adaptive,edges,335,1,1,0.45,252.05,92.05,2.708,12.758,0.99,7.189,1.189
canny_hough,adaptive,edges,336,1,1,0.3,250.23,90.23,2.716,12.746,0.993,7.134,1.22
canny_hough,adaptive,edges,337,1,1,0.45,253.53,93.53,2.664,12.669,0.985,7.171,1.115
canny_hough,adaptive,edges,338,1,1,0.45,253.53,93.53,2.669,12.647,1.029,7.111,1.169
canny_hough,adaptive,edges,339,1,1,0.45,253.53,93.53,2.759,12.747,0.986,7.176,1.088
canny_hough,adaptive,edges,340,1,1,0.3,250.23,90.23,2.62,12.636,0.979,7.151,1.201
canny_hough,adaptive,edges,341,1,1,0.3,250.23,90.23,2.601,12.572,1.0,7.165,1.119
canny_hough,adaptive,edges,342,1,1,0.3,253.79,93.79,2.646,12.696,0.996,7.26,1.084
canny_hough,adaptive,edges,343,1,1,0.3,253.79,93.79,2.563,12.617,1.038,7.139,1.199
canny_hough,adaptive,edges,344,1,1,0.3,253.79,93.79,2.775,13.267,1.029,7.383,1.393
canny_hough,adaptive,edges,345,1,1,0.3,253.79,93.79,2.692,12.781,1.002,7.211,1.191
canny_hough,adaptive,edges,346,1,1,0.3,253.79,93.79,2.62,12.761,0.997,7.152,1.317
canny_hough,adaptive,edges,347,1,1,0.3,253.96,93.96,2.541,12.644,0.989,7.177,1.258
canny_hough,adaptive,edges,348,1,1,0.3,253.96,93.96,2.551,12.597,1.025,7.106,1.262
canny_hough,adaptive,edges,349,1,1,0.3,253.48,93.48,2.6,12.617,0.991,7.18,1.112
canny_hough,adaptive,edges,350,1,1,0.45,253.52,93.52,2.758,12.785,0.997,7.163,1.192
canny_hough,adaptive,edges,351,1,1,0.45,253.52,93.52,2.741,12.803,0.999,7.18,1.193
canny_hough,adaptive,edges,352,1,1,0.45,255.02,95.02,2.797,12.748,0.992,7.15,1.088
canny_hough,adaptive,edges,353,1,1,0.45,255.02,95.02,2.718,12.868,1.027,7.146,1.295
canny_hough,adaptive,edges,354,1,1,0.3,254.1,94.1,2.619,12.723,0.991,7.177,1.196
canny_hough,adaptive,edges,355,1,1,0.45,253.32,93.32,2.761,12.721,0.984,7.179,1.118
canny_hough,adaptive,edges,356,1,1,0.45,253.32,93.32,2.774,12.708,0.995,7.139,1.116
canny_hough,adaptive,edges,357,1,1,0.45,254.49,94.49,2.746,12.717,0.991,7.176,1.13
canny_hough,adaptive,edges,358,1,1,0.3,253.79,93.79,2.57,12.665,1.032,7.114,1.272
canny_hough,adaptive,edges,359,1,1,0.3,253.79,93.79,2.663,12.739,1.043,7.276,1.072
canny_hough,adaptive,edges,360,1,1,0.3,253.79,93.79,2.617,12.539,0.991,7.158,1.093
canny_hough,adaptive,edges,361,1,1,0.45,253.92,93.92,2.787,12.856,0.985,7.208,1.197
canny_hough,adaptive,edges,362,1,1,0.45,253.52,93.52,2.764,12.734,0.994,7.153,1.11
canny_hough,adaptive,edges,363,1,1,0.45,253.52,93.52,2.704,12.798,0.989,7.172,1.267
canny_hough,fixed,binary,0,1,1,0.3,250.23,90.23,3.446,6.72,1.145,0.155,1.288
canny_hough,fixed,binary,1,1,1,0.3,250.23,90.23,3.393,6.403,1.067,0.182,0.989
canny_hough,fixed,binary,2,1,1,0.3,250.23,90.23,3.697,7.446,1.08,0.153,1.663
canny_hough,fixed,binary,3,1,1,0.45,253.92,93.92,3.644,6.637,1.058,0.124,1.058
canny_hough,fixed,binary,4,1,1,0.3,250.23,90.23,7.083,10.072,1.125,0.132,0.965
canny_hough,fixed,binary,5,1,1,0.3,250.23,90.23,6.746,10.329,1.334,0.151,1.046
canny_hough,fixed,binary,6,1,1,0.45,253.92,93.92,5.421,9.06,1.323,0.154,0.995
canny_hough,fixed,binary,7,1,1,0.3,254.1,94.1,2.823,5.747,1.027,0.106,1.052
canny_hough,fixed,binary,8,1,1,0.3,254.1,94.1,3.627,6.802,1.101,0.19,1.104
canny_hough,fixed,binary,9,1,1,0.3,254.1,94.1,3.844,7.571,1.163,0.264,1.396
canny_hough,fixed,binary,10,1,1,0.3,253.79,93.79,2.735,5.556,1.001,0.11,0.97
canny_hough,fixed,binary,11,1,1,0.3,250.23,90.23,2.743,5.698,1.066,0.116,1.084
canny_hough,fixed,binary,12,1,1,0.3,250.23,90.23,2.735,5.553,1.005,0.102,1.001
canny_hough,fixed,binary,13,1,1,0.3,250.23,90.23,2.676,5.574,1.005,0.104,1.091
canny_hough,fixed,binary,14,1,1,0.3,250.23,90.23,2.709,5.543,0.999,0.101,0.966
canny_hough,fixed,binary,15,1,1,0.3,251.44,91.44,2.63,5.637,1.021,0.118,1.157
canny_hough,fixed,binary,16,1,1,0.45,254.1,94.1,2.842,5.808,1.056,0.108,1.104
canny_hough,fixed,binary,17,1,1,0.3,250.23,90.23,2.705,5.639,1.003,0.105,1.081
canny_hough,fixed,binary,18,1,1,0.45,248.44,88.44,2.867,5.744,1.062,0.121,0.998
canny_hough,fixed,binary,19,1,1,0.3,253.79,93.79,2.704,5.571,0.994,0.103,1.066
canny_hough,fixed,binary,20,1,1,0.3,253.79,93.79,2.666,5.559,1.006,0.103,1.088
canny_hough,fixed,binary,21,1,1,0.45,253.53,93.53,2.828,5.762,1.0,0.107,1.068
canny_hough,fixed,binary,22,1,1,0.3,250.23,90.23,2.646,5.458,0.994,0.099,0.948
canny_hough,fixed,binary,23,1,1,0.3,250.23,90.23,2.716,5.687,1.061,0.108,1.099
canny_hough,fixed,binary,24,1,1,0.3,250.23,90.23,2.728,5.598,0.995,0.101,1.082
canny_hough,fixed,binary,25,1,1,0.45,253.4,93.4,2.873,5.826,1.013,0.103,1.127
canny_hough,fixed,binary,26,1,1,0.45,253.4,93.4,2.821,5.72,1.002,0.102,1.088
canny_hough,fixed,binary,27,1,1,0.45,253.6,93.6,2.782,5.706,1.014,0.104,1.077
canny_hough,fixed,binary,28,1,1,0.3,251.44,91.44,2.721,5.58,1.01,0.098,0.981
canny_hough,fixed,binary,29,1,1,0.3,251.44,91.44,2.654,5.524,1.0,0.1,0.985
canny_hough,fixed,binary,30,1,1,0.3,250.23,90.23,2.732,6.344,1.381,0.197,1.328
canny_hough,fixed,binary,31,1,1,0.45,254.1,94.1,2.763,5.74,1.004,0.106,1.161
canny_hough,fixed,binary,32,1,1,0.45,254.1,94.1,2.845,5.675,1.052,0.11,0.971
canny_hough,fixed,binary,33,1,1,0.3,250.23,90.23,2.707,5.595,0.992,0.099,1.081
canny_hough,fixed,binary,34,1,1,0.3,250.23,90.23,2.973,5.834,1.054,0.119,0.988
canny_hough,fixed,binary,35,1,1,0.3,253.79,93.79,2.663,5.822,1.024,0.138,1.291
canny_hough,fixed,binary,36,1,1,0.3,253.79,93.79,2.588,5.431,1.054,0.097,1.009
canny_hough,fixed,binary,37,1,1,0.3,250.23,90.23,2.64,5.684,0.983,0.095,1.206
canny_hough,fixed,binary,38,1,1,0.3,250.23,90.23,2.601,5.7,1.053,0.094,1.277
canny_hough,fixed,binary,39,1,1,0.3,250.23,90.23,2.637,5.661,1.033,0.105,1.206
canny_hough,fixed,binary,40,1,1,0.3,250.23,90.23,2.581,5.672,1.049,0.099,1.2
canny_hough,fixed,binary,41,1,1,0.45,254.1,94.1,2.83,5.706,1.101,0.104,0.978
canny_hough,fixed,binary,42,1,1,0.45,254.1,94.1,2.783,5.515,0.993,0.092,0.953
canny_hough,fixed,binary,43,1,1,0.45,253.53,93.53,2.692,5.491,0.991,0.093,1.036
canny_hough,fixed,binary,44,1,1,0.3,250.23,90.23,2.877,5.765,0.992,0.092,1.062
canny_hough,fixed,binary,45,1,1,0.3,250.23,90.23,2.836,5.98,1.036,0.19,1.207
canny_hough,fixed,binary,46,1,1,0.3,250.23,90.23,2.861,5.981,1.062,0.151,1.17
canny_hough,fixed,binary,47,1,1,0.3,250.23,90.23,2.777,5.895,1.033,0.165,1.139
canny_hough,fixed,binary,48,1,1,0.45,253.6,93.6,2.998,6.228,1.102,0.135,1.264
canny_hough,fixed,binary,49,1,1,0.3,250.23,90.23,2.774,5.904,1.018,0.142,1.239
canny_hough,fixed,binary,50,1,1,0.3,250.23,90.23,2.901,6.071,1.021,0.19,1.151
canny_hough,fixed,binary,51,1,1,0.45,253.53,93.53,2.9,6.101,1.033,0.15,1.238
canny_hough,fixed,binary,52,1,1,0.3,250.23,90.23,2.856,5.896,1.014,0.138,1.182
canny_hough,fixed,binary,53,1,1,0.3,253.79,93.79,2.855,6.077,1.034,0.131,1.342
canny_hough,fixed,binary,54,1,1,0.3,253.79,93.79,2.728,5.505,1.012,0.112,0.957
canny_hough,fixed,binary,55,1,1,0.3,250.23,90.23,2.822,5.835,1.048,0.112,1.125
canny_hough,fixed,binary,56,1,1,0.45,253.92,93.92,2.946,5.866,1.002,0.112,1.042
canny_hough,fixed,binary,57,1,1,0.45,253.92,93.92,2.89,5.829,0.994,0.102,1.088
canny_hough,fixed,binary,58,1,1,0.3,250.23,90.23,2.64,5.6,1.19,0.122,0.956
canny_hough,fixed,binary,59,1,1,0.3,250.23,90.23,2.63,5.337,0.987,0.092,0.963
canny_hough,fixed,binary,60,1,1,0.3,250.23,90.23,2.66,5.734,0.994,0.14,1.228
canny_hough,fixed,binary,61,1,1,0.3,250.23,90.23,2.625,5.354,0.994,0.095,0.965
canny_hough,fixed,binary,62,1,1,0.3,250.23,90.23,2.573,6.172,0.993,0.092,1.812
canny_hough,fixed,binary,63,1,1,0.45,254.1,94.1,2.751,5.615,0.99,0.093,1.039
canny_hough,fixed,binary,64,1,1,0.45,254.85,94.85,2.691,5.485,0.988,0.092,1.026
canny_hough,fixed,binary,65,1,1,0.45,254.85,94.85,2.751,5.617,1.031,0.099,1.051
canny_hough,fixed,binary,66,1,1,0.45,255.02,95.02,2.836,5.635,0.995,0.095,1.039
canny_hough,fixed,binary,67,1,1,0.45,254.49,94.49,2.781,5.612,0.987,0.136,0.976
canny_hough,fixed,binary,68,1,1,0.3,250.23,90.23,2.648,5.359,0.991,0.09,0.945
canny_hough,fixed,binary,69,1,1,0.3,250.23,90.23,2.58,5.372,0.986,0.093,1.031
canny_hough,fixed,binary,70,1,1,0.45,254.1,94.1,2.795,5.641,1.036,0.097,1.04
canny_hough,fixed,binary,71,1,1,0.45,254.1,94.1,2.762,5.442,0.982,0.092,0.928
canny_hough,fixed,binary,72,1,1,0.3,250.23,90.23,2.576,5.349,0.998,0.092,0.997
canny_hough,fixed,binary,73,1,1,0.45,253.92,93.92,2.823,5.608,0.994,0.093,0.953
canny_hough,fixed,binary,74,1,1,0.3,253.79,93.79,2.651,5.355,0.989,0.092,0.941
canny_hough,fixed,binary,75,1,1,0.3,253.79,93.79,2.565,5.325,1.038,0.097,0.935
canny_hough,fixed,binary,76,1,1,0.3,254.1,94.1,2.622,5.435,0.993,0.093,1.045
canny_hough,fixed,binary,77,1,1,0.3,254.1,94.1,2.553,5.377,1.0,0.094,1.007
canny_hough,fixed,binary,78,1,1,0.3,254.1,94.1,2.644,5.377,1.023,0.095,0.941
canny_hough,fixed,binary,79,1,1,0.45,253.92,93.92,2.786,5.503,0.983,0.094,0.954
canny_hough,fixed,binary,80,1,1,0.45,253.92,93.92,2.744,5.643,0.986,0.092,1.135
canny_hough,fixed,binary,81,1,1,0.3,253.79,93.79,2.615,5.492,1.002,0.091,1.033
canny_hough,fixed,binary,82,1,1,0.45,253.4,93.4,2.819,5.535,0.99,0.094,0.943
canny_hough,fixed,binary,83,1,1,0.45,253.4,93.4,2.798,5.666,1.04,0.1,1.038
canny_hough,fixed,binary,84,1,1,0.45,254.49,94.49,2.792,5.583,0.978,0.098,1.037
canny_hough,fixed,binary,85,1,1,0.3,253.79,93.79,2.577,5.47,0.989,0.093,1.125
canny_hough,fixed,binary,86,1,1,0.45,253.53,93.53,2.73,5.484,0.984,0.09,0.941
canny_hough,fixed,binary,87,1,1,0.45,253.53,93.53,2.783,5.523,0.99,0.092,0.943
canny_hough,fixed,binary,88,1,1,0.3,253.79,93.79,2.629,5.509,1.044,0.097,1.055
canny_hough,fixed,binary,89,1,1,0.3,253.79,93.79,2.63,5.377,1.009,0.096,0.95
canny_hough,fixed,binary,90,1,1,0.45,255.02,95.02,2.735,6.178,0.991,0.092,1.684
canny_hough,fixed,binary,91,1,1,0.3,250.23,90.23,2.614,5.328,0.985,0.091,0.957
canny_hough,fixed,binary,92,1,1,0.3,250.23,90.23,2.576,5.347,0.984,0.096,0.949
canny_hough,fixed,binary,93,1,1,0.3,250.23,90.23,2.637,5.408,1.033,0.107,0.944
canny_hough,fixed,binary,94,1,1,0.45,253.92,93.92,2.787,5.494,0.995,0.092,0.937
canny_hough,fixed,binary,95,1,1,0.45,253.92,93.92,2.732,5.617,0.992,0.095,1.124
canny_hough,fixed,binary,96,1,1,0.3,250.23,90.23,2.628,5.371,0.98,0.092,0.932
canny_hough,fixed,binary,97,1,1,0.3,253.79,93.79,2.638,5.403,0.994,0.095,0.972
canny_hough,fixed,binary,98,1,1,0.3,250.23,90.23,2.572,5.331,0.997,0.097,0.988
canny_hough,fixed,binary,99,1,1,0.3,250.23,90.23,2.614,5.399,0.988,0.094,0.949
canny_hough,fixed,binary,100,1,1,0.3,250.23,90.23,2.656,5.342,0.982,0.091,0.934
canny_hough,fixed,binary,101,1,1,0.3,250.23,90.23,2.637,5.409,1.034,0.097,0.958
canny_hough,fixed,binary,102,1,1,0.45,254.1,94.1,2.791,5.51,0.983,0.092,0.954
canny_hough,fixed,binary,103,1,1,0.3,253.65,93.65,2.568,5.383,0.982,0.093,1.048
canny_hough,fixed,binary,104,1,1,0.3,250.23,90.23,2.635,5.379,1.04,0.096,0.941
canny_hough,fixed,binary,105,1,1,0.3,250.23,90.23,2.678,5.379,0.984,0.091,0.953
canny_hough,fixed,binary,106,1,1,0.45,253.4,93.4,2.701,5.514,0.992,0.093,1.046
canny_hough,fixed,binary,107,1,1,0.45,253.4,93.4,2.746,5.711,0.982,0.098,1.097
canny_hough,fixed,binary,108,1,1,0.45,253.53,93.53,2.695,5.444,0.987,0.092,0.942
canny_hough,fixed,binary,109,1,1,0.45,254.1,94.1,2.773,5.617,1.093,0.104,0.959
canny_hough,fixed,binary,110,1,1,0.45,254.1,94.1,2.758,5.56,0.993,0.094,1.028
canny_hough,fixed,binary,111,1,1,0.45,254.1,94.1,2.702,5.559,0.991,0.099,1.096
canny_hough,fixed,binary,112,1,1,0.3,250.23,90.23,2.632,5.498,0.98,0.091,1.051
canny_hough,fixed,binary,113,1,1,0.45,253.52,93.52,2.782,5.466,0.982,0.092,0.945
canny_hough,fixed,binary,114,1,1,0.45,253.52,93.52,2.773,5.63,1.032,0.096,1.041
canny_hough,fixed,binary,115,1,1,0.3,250.23,90.23,2.636,5.357,0.986,0.092,0.955
canny_hough,fixed,binary,116,1,1,0.3,250.23,90.23,2.583,5.947,0.986,0.092,1.609
canny_hough,fixed,binary,117,1,1,0.45,253.53,93.53,2.72,5.533,0.991,0.091,0.95
canny_hough,fixed,binary,118,1,1,0.3,250.23,90.23,2.579,5.347,0.989,0.092,0.937
canny_hough,fixed,binary,119,1,1,0.3,250.23,90.23,2.622,5.49,1.034,0.096,1.051
canny_hough,fixed,binary,120,1,1,0.3,253.79,93.79,2.639,5.451,0.989,0.093,1.048
canny_hough,fixed,binary,121,1,1,0.45,253.92,93.92,2.755,5.634,0.99,0.093,1.121
canny_hough,fixed,binary,122,1,1,0.45,253.92,93.92,2.781,5.567,0.996,0.091,0.958
canny_hough,fixed,binary,123,1,1,0.45,253.92,93.92,2.733,5.692,0.995,0.092,1.033
canny_hough,fixed,binary,124,1,1,0.3,254.1,94.1,2.61,5.465,1.041,0.096,1.04
canny_hough,fixed,binary,125,1,1,0.3,254.1,94.1,2.627,5.448,0.996,0.093,1.051
canny_hough,fixed,binary,126,1,1,0.45,253.53,93.53,2.692,5.498,0.995,0.095,1.037
canny_hough,fixed,binary,127,1,1,0.3,253.79,93.79,2.65,5.451,0.975,0.093,0.961
canny_hough,fixed,binary,128,1,1,0.3,253.79,93.79,2.649,6.801,1.908,0.229,1.326
canny_hough,fixed,binary,129,1,1,0.3,253.79,93.79,2.677,5.761,0.998,0.103,1.217
canny_hough,fixed,binary,130,1,1,0.3,250.23,90.23,2.657,5.542,0.994,0.093,1.105
canny_hough,fixed,binary,131,1,1,0.3,250.23,90.23,2.695,5.671,1.065,0.109,1.109
canny_hough,fixed,binary,132,1,1,0.3,250.23,90.23,2.709,5.575,0.987,0.101,1.083
canny_hough,fixed,binary,133,1,1,0.3,253.96,93.96,2.742,5.639,1.052,0.118,1.02
canny_hough,fixed,binary,134,1,1,0.3,253.96,93.96,2.735,5.51,0.987,0.101,0.988
canny_hough,fixed,binary,135,1,1,0.45,253.53,93.53,2.787,5.788,1.008,0.101,1.189
canny_hough,fixed,binary,136,1,1,0.45,255.02,95.02,2.894,5.833,1.002,0.106,1.084
canny_hough,fixed,binary,137,1,1,0.45,253.4,93.4,2.805,5.717,1.013,0.102,1.052
canny_hough,fixed,binary,138,1,1,0.45,253.4,93.4,3.064,5.916,1.058,0.111,0.985
canny_hough,fixed,binary,139,1,1,0.3,250.23,90.23,2.648,5.57,1.002,0.102,1.092
canny_hough,fixed,binary,140,1,1,0.3,253.79,93.79,2.766,5.696,1.042,0.111,1.077
canny_hough,fixed,binary,141,1,1,0.3,253.79,93.79,2.756,5.681,1.007,0.107,1.112
canny_hough,fixed,binary,142,1,1,0.45,253.53,93.53,2.827,5.857,0.996,0.113,1.147
canny_hough,fixed,binary,143,1,1,0.45,253.53,93.53,2.825,5.662,1.005,0.103,1.025
canny_hough,fixed,binary,144,1,1,0.3,253.65,93.65,2.655,5.561,1.013,0.1,1.091
canny_hough,fixed,binary,145,1,1,0.3,254.1,94.1,2.682,5.538,1.007,0.107,0.987
canny_hough,fixed,binary,146,1,1,0.3,253.48,93.48,2.643,5.482,0.999,0.102,0.982
canny_hough,fixed,binary,147,1,1,0.3,253.48,93.48,2.713,5.581,1.044,0.11,0.978
canny_hough,fixed,binary,148,1,1,0.45,253.32,93.32,2.893,5.767,0.999,0.1,1.069
canny_hough,fixed,binary,149,1,1,0.45,253.53,93.53,2.745,5.581,0.999,0.104,1.031
canny_hough,fixed,binary,150,1,1,0.45,253.53,93.53,2.811,5.602,0.999,0.104,0.982
canny_hough,fixed,binary,151,1,1,0.3,250.23,90.23,2.64,5.606,0.995,0.101,1.163
canny_hough,fixed,binary,152,1,1,0.3,250.23,90.23,2.75,5.608,1.065,0.108,0.976
canny_hough,fixed,binary,153,1,1,0.3,250.23,90.23,2.989,5.879,0.994,0.108,1.087
canny_hough,fixed,binary,154,1,1,0.3,250.23,90.23,2.648,5.545,1.047,0.107,1.057
canny_hough,fixed,binary,155,1,1,0.3,250.23,90.23,2.652,5.388,0.993,0.096,0.964
canny_hough,fixed,binary,156,1,1,0.3,250.23,90.23,2.577,5.492,0.997,0.092,1.152
canny_hough,fixed,binary,157,1,1,0.3,253.79,93.79,2.633,5.453,0.982,0.098,0.958
canny_hough,fixed,binary,158,1,1,0.45,253.53,93.53,2.766,5.584,0.992,0.094,1.058
canny_hough,fixed,binary,159,1,1,0.45,253.53,93.53,2.751,5.576,1.053,0.117,0.969
canny_hough,fixed,binary,160,1,1,0.3,253.79,93.79,2.645,5.354,0.989,0.092,0.948
canny_hough,fixed,binary,161,1,1,0.3,250.23,90.23,2.572,5.366,0.998,0.092,1.024
canny_hough,fixed,binary,162,1,1,0.3,250.23,90.23,2.653,5.425,1.036,0.095,0.96
canny_hough,fixed,binary,163,1,1,0.3,253.79,93.79,2.637,5.389,1.011,0.092,0.952
canny_hough,fixed,binary,164,1,1,0.3,253.79,93.79,2.578,5.413,0.98,0.093,1.095
canny_hough,fixed,binary,165,1,1,0.3,253.79,93.79,2.685,5.459,0.983,0.1,0.951
canny_hough,fixed,binary,166,1,1,0.3,253.79,93.79,2.638,5.43,0.988,0.096,1.038
canny_hough,fixed,binary,167,1,1,0.3,253.79,93.79,2.58,5.361,1.025,0.101,0.968
canny_hough,fixed,binary,168,1,1,0.3,253.79,93.79,2.664,5.468,0.977,0.092,1.054
canny_hough,fixed,binary,169,1,1,0.3,253.79,93.79,2.57,5.431,0.988,0.094,1.104
canny_hough,fixed,binary,170,1,1,0.3,253.79,93.79,2.65,5.412,1.038,0.1,0.948
canny_hough,fixed,binary,171,1,1,0.3,253.79,93.79,2.635,5.356,0.993,0.094,0.933
canny_hough,fixed,binary,172,1,1,0.45,254.49,94.49,2.705,5.584,0.994,0.091,1.12
canny_hough,fixed,binary,173,1,1,0.45,254.49,94.49,2.75,5.543,0.977,0.092,0.958
canny_hough,fixed,binary,174,1,1,0.45,253.53,93.53,2.742,5.544,0.988,0.095,1.041
canny_hough,fixed,binary,175,1,1,0.3,253.79,93.79,2.641,5.422,1.023,0.098,0.967
canny_hough,fixed,binary,176,1,1,0.3,253.79,93.79,2.631,5.348,0.987,0.095,0.954
canny_hough,fixed,binary,177,1,1,0.3,253.79,93.79,2.573,5.453,0.983,0.095,1.095
canny_hough,fixed,binary,178,1,1,0.3,253.79,93.79,2.647,5.496,1.029,0.101,1.046
canny_hough,fixed,binary,179,1,1,0.3,253.79,93.79,2.896,5.988,1.14,0.099,1.087
canny_hough,fixed,binary,180,1,1,0.45,253.92,93.92,3.122,6.213,1.179,0.104,1.057
canny_hough,fixed,binary,181,1,1,0.3,253.79,93.79,2.851,5.998,1.146,0.103,1.075
canny_hough,fixed,binary,182,1,1,0.3,250.23,90.23,2.917,6.146,1.182,0.111,1.189
canny_hough,fixed,binary,183,1,1,0.3,250.23,90.23,2.901,6.995,1.135,0.099,2.092
canny_hough,fixed,binary,184,1,1,0.3,253.79,93.79,2.96,6.009,1.136,0.1,1.063
canny_hough,fixed,binary,185,1,1,0.45,253.4,93.4,3.049,6.193,1.178,0.112,1.099
canny_hough,fixed,binary,186,1,1,0.45,253.4,93.4,3.073,6.242,1.138,0.099,1.176
canny_hough,fixed,binary,187,1,1,0.3,254.1,94.1,2.881,6.045,1.184,0.107,1.082
canny_hough,fixed,binary,188,1,1,0.3,254.1,94.1,2.828,6.061,1.137,0.101,1.244
canny_hough,fixed,binary,189,1,1,0.45,253.92,93.92,3.094,6.222,1.178,0.103,1.085
canny_hough,fixed,binary,190,1,1,0.45,253.92,93.92,3.053,6.274,1.131,0.105,1.236
canny_hough,fixed,binary,191,1,1,0.45,253.92,93.92,3.089,6.32,1.133,0.099,1.182
canny_hough,fixed,binary,192,1,1,0.3,253.79,93.79,2.937,6.038,1.129,0.098,1.121
canny_hough,fixed,binary,193,1,1,0.3,253.79,93.79,2.905,6.0,1.134,0.1,1.103
canny_hough,fixed,binary,194,1,1,0.3,253.79,93.79,2.934,6.042,1.187,0.102,1.068
canny_hough,fixed,binary,195,1,1,0.45,253.92,93.92,2.789,5.873,1.143,0.099,1.096
canny_hough,fixed,binary,196,1,1,0.3,253.79,93.79,2.569,5.325,0.984,0.091,1.0
canny_hough,fixed,binary,197,1,1,0.3,253.79,93.79,2.624,5.621,0.986,0.092,1.131
canny_hough,fixed,binary,198,1,1,0.45,255.02,95.02,2.732,5.608,0.998,0.092,1.104
canny_hough,fixed,binary,199,1,1,0.45,253.53,93.53,2.79,5.56,1.039,0.096,0.959
canny_hough,fixed,binary,200,1,1,0.3,253.48,93.48,2.631,5.329,0.983,0.093,0.937
canny_hough,fixed,binary,201,1,1,0.3,253.48,93.48,2.565,5.398,0.989,0.096,1.079
canny_hough,fixed,binary,202,1,1,0.3,253.79,93.79,2.637,5.503,0.983,0.095,1.043
canny_hough,fixed,binary,203,1,1,0.3,253.79,93.79,2.636,5.365,0.994,0.097,0.968
canny_hough,fixed,binary,204,1,1,0.3,253.79,93.79,2.576,5.34,1.034,0.102,0.954
canny_hough,fixed,binary,205,1,1,0.45,253.53,93.53,2.715,5.485,0.984,0.093,0.945
canny_hough,fixed,binary,206,1,1,0.45,253.53,93.53,2.688,5.569,0.99,0.091,1.116
canny_hough,fixed,binary,207,1,1,0.3,250.23,90.23,2.662,5.499,1.014,0.099,1.037
canny_hough,fixed,binary,208,1,1,0.45,253.4,93.4,2.793,5.505,0.979,0.093,0.962
canny_hough,fixed,binary,209,1,1,0.45,253.4,93.4,2.73,5.509,0.997,0.097,1.006
canny_hough,fixed,binary,210,1,1,0.45,253.4,93.4,2.79,5.806,1.158,0.112,0.965
canny_hough,fixed,binary,211,1,1,0.45,253.53,93.53,2.681,6.312,0.977,0.098,1.853
canny_hough,fixed,binary,212,1,1,0.3,250.23,90.23,2.625,5.316,0.977,0.095,0.941
canny_hough,fixed,binary,213,1,1,0.3,250.23,90.23,2.572,5.332,0.988,0.092,0.938
canny_hough,fixed,binary,214,1,1,0.45,255.1,95.1,2.812,5.568,1.042,0.098,0.936
canny_hough,fixed,binary,215,1,1,0.45,255.1,95.1,2.81,5.526,0.985,0.092,0.95
canny_hough,fixed,binary,216,1,1,0.45,253.92,93.92,2.733,5.619,0.98,0.093,1.138
canny_hough,fixed,binary,217,1,1,0.45,254.46,94.46,2.734,5.655,0.991,0.092,1.062
canny_hough,fixed,binary,218,1,1,0.45,253.4,93.4,2.734,5.509,0.99,0.092,0.943
canny_hough,fixed,binary,219,1,1,0.3,254.1,94.1,2.605,5.461,1.036,0.098,1.045
canny_hough,fixed,binary,220,1,1,0.3,250.23,90.23,2.666,5.471,0.99,0.092,1.043
canny_hough,fixed,binary,221,1,1,0.3,250.23,90.23,2.576,5.456,0.988,0.092,1.119
canny_hough,fixed,binary,222,1,1,0.3,253.79,93.79,2.633,5.434,1.05,0.093,0.971
canny_hough,fixed,binary,223,1,1,0.3,253.79,93.79,2.638,5.361,0.99,0.093,0.948
canny_hough,fixed,binary,224,1,1,0.45,253.9,93.9,2.787,5.668,0.989,0.092,1.115
canny_hough,fixed,binary,225,1,1,0.45,253.9,93.9,2.804,5.616,0.987,0.092,1.055
canny_hough,fixed,binary,226,1,1,0.3,253.79,93.79,2.578,5.466,0.993,0.094,1.12
canny_hough,fixed,binary,227,1,1,0.3,253.79,93.79,2.645,5.431,1.031,0.096,0.944
canny_hough,fixed,binary,228,1,1,0.3,253.79,93.79,2.628,5.327,0.983,0.093,0.945
canny_hough,fixed,binary,229,1,1,0.3,254.1,94.1,2.591,5.525,0.988,0.093,1.182
canny_hough,fixed,binary,230,1,1,0.3,253.79,93.79,2.64,5.499,0.975,0.091,1.051
canny_hough,fixed,binary,231,1,1,0.3,253.79,93.79,2.576,5.33,0.984,0.091,0.937
canny_hough,fixed,binary,232,1,1,0.45,253.92,93.92,2.836,5.655,1.022,0.1,1.047
canny_hough,fixed,binary,233,1,1,0.45,254.49,94.49,2.746,5.572,0.99,0.093,1.058
canny_hough,fixed,binary,234,1,1,0.45,254.49,94.49,2.706,5.607,0.997,0.093,1.136
canny_hough,fixed,binary,235,1,1,0.45,253.4,93.4,2.747,5.517,0.98,0.092,0.953
canny_hough,fixed,binary,236,1,1,0.45,253.4,93.4,2.716,5.493,0.977,0.095,0.945
canny_hough,fixed,binary,237,1,1,0.45,253.4,93.4,2.757,5.553,1.036,0.097,0.941
canny_hough,fixed,binary,238,1,1,0.3,253.79,93.79,2.633,5.323,0.992,0.096,0.925
canny_hough,fixed,binary,239,1,1,0.3,253.96,93.96,2.588,6.106,0.982,0.093,1.721
canny_hough,fixed,binary,240,1,1,0.3,253.96,93.96,2.639,5.35,0.978,0.093,0.958
canny_hough,fixed,binary,241,1,1,0.45,254.1,94.1,2.719,5.566,0.984,0.097,1.097
canny_hough,fixed,binary,242,1,1,0.3,253.79,93.79,2.66,5.415,1.034,0.094,0.949
canny_hough,fixed,binary,243,1,1,0.3,253.79,93.79,2.651,5.442,0.991,0.093,1.029
canny_hough,fixed,binary,244,1,1,0.3,253.79,93.79,2.59,5.484,0.986,0.091,1.138
canny_hough,fixed,binary,245,1,1,0.3,253.79,93.79,2.612,5.502,1.0,0.093,1.048
canny_hough,fixed,binary,246,1,1,0.3,254.1,94.1,2.636,5.425,0.979,0.092,1.042
canny_hough,fixed,binary,247,1,1,0.45,253.4,93.4,2.815,5.614,1.03,0.099,0.947
canny_hough,fixed,binary,248,1,1,0.3,254.1,94.1,2.603,5.404,0.978,0.092,1.046
canny_hough,fixed,binary,249,1,1,0.3,254.1,94.1,2.543,5.423,0.988,0.096,1.111
canny_hough,fixed,binary,250,1,1,0.45,253.92,93.92,2.786,5.544,1.033,0.097,0.942
canny_hough,fixed,binary,251,1,1,0.45,253.92,93.92,2.789,5.577,0.979,0.093,1.031
canny_hough,fixed,binary,252,1,1,0.45,254.58,94.58,2.747,5.496,0.983,0.095,0.997
canny_hough,fixed,binary,253,1,1,0.3,253.79,93.79,2.651,5.351,0.977,0.093,0.943
canny_hough,fixed,binary,254,1,1,0.3,253.79,93.79,2.572,5.443,0.986,0.096,1.119
canny_hough,fixed,binary,255,1,1,0.45,252.22,92.22,2.745,5.58,1.025,0.099,1.033
canny_hough,fixed,binary,256,1,1,0.3,253.79,93.79,2.643,5.459,0.994,0.094,1.051
canny_hough,fixed,binary,257,1,1,0.3,253.79,93.79,2.574,5.555,0.992,0.092,1.185
canny_hough,fixed,binary,258,1,1,0.3,253.79,93.79,2.627,5.507,0.988,0.091,1.056
canny_hough,fixed,binary,259,1,1,0.3,253.79,93.79,2.575,5.351,0.987,0.094,0.95
canny_hough,fixed,binary,260,1,1,0.3,253.79,93.79,2.638,5.487,1.025,0.096,1.047
canny_hough,fixed,binary,261,1,1,0.3,253.96,93.96,2.792,5.522,0.99,0.092,0.962
canny_hough,fixed,binary,262,1,1,0.3,253.65,93.65,2.7,5.694,1.007,0.11,1.186
canny_hough,fixed,binary,263,1,1,0.3,253.65,93.65,2.658,5.525,0.994,0.094,1.041
canny_hough,fixed,binary,264,1,1,0.3,253.65,93.65,2.62,5.409,0.991,0.093,1.033
canny_hough,fixed,binary,265,1,1,0.3,253.79,93.79,2.568,5.317,1.026,0.096,0.944
canny_hough,fixed,binary,266,1,1,0.3,253.79,93.79,2.625,5.431,0.991,0.091,1.047
canny_hough,fixed,binary,267,1,1,0.3,254.1,94.1,2.552,5.496,0.991,0.091,1.127
canny_hough,fixed,binary,268,1,1,0.3,253.79,93.79,2.655,5.506,1.038,0.096,1.041
canny_hough,fixed,binary,269,1,1,0.3,253.79,93.79,2.649,5.453,0.994,0.093,1.036
canny_hough,fixed,binary,270,1,1,0.45,253.4,93.4,2.773,5.536,0.982,0.09,1.018
canny_hough,fixed,binary,271,1,1,0.3,253.79,93.79,2.628,5.478,0.986,0.091,1.038
canny_hough,fixed,binary,272,1,1,0.3,253.48,93.48,2.64,5.366,0.99,0.091,0.965
canny_hough,fixed,binary,273,1,1,0.3,253.48,93.48,2.637,5.419,1.035,0.103,0.956
canny_hough,fixed,binary,274,1,1,0.3,254.1,94.1,2.605,5.334,0.991,0.09,0.957
canny_hough,fixed,binary,275,1,1,0.3,254.1,94.1,2.542,5.342,0.991,0.092,1.032
canny_hough,fixed,binary,276,1,1,0.3,253.79,93.79,2.641,5.386,1.029,0.096,0.945
canny_hough,fixed,binary,277,1,1,0.45,253.92,93.92,2.815,5.553,0.976,0.095,0.947
canny_hough,fixed,binary,278,1,1,0.45,254.1,94.1,2.698,5.6,1.0,0.091,1.132
canny_hough,fixed,binary,279,1,1,0.45,254.1,94.1,2.755,5.691,0.994,0.094,1.101
canny_hough,fixed,binary,280,1,1,0.3,253.79,93.79,2.59,5.378,0.996,0.092,0.941
canny_hough,fixed,binary,281,1,1,0.3,253.65,93.65,2.623,5.488,1.046,0.098,1.05
canny_hough,fixed,binary,282,1,1,0.3,253.65,93.65,2.62,5.435,0.982,0.096,1.053
canny_hough,fixed,binary,283,1,1,0.45,253.4,93.4,2.719,5.497,0.983,0.097,1.032
canny_hough,fixed,binary,284,1,1,0.45,253.4,93.4,2.865,5.704,1.043,0.095,1.031
canny_hough,fixed,binary,285,1,1,0.3,250.23,90.23,2.664,5.389,1.003,0.095,0.941
canny_hough,fixed,binary,286,1,1,0.3,253.79,93.79,2.58,5.329,1.029,0.1,0.939
canny_hough,fixed,binary,287,1,1,0.3,253.79,93.79,2.63,5.395,0.987,0.092,0.971
canny_hough,fixed,binary,288,1,1,0.45,253.32,93.32,2.736,5.6,0.992,0.093,1.107
canny_hough,fixed,binary,289,1,1,0.45,253.32,93.32,2.803,5.568,1.037,0.097,0.945
canny_hough,fixed,binary,290,1,1,0.45,253.92,93.92,2.818,5.544,0.994,0.091,0.961
canny_hough,fixed,binary,291,1,1,0.45,253.92,93.92,2.71,5.478,0.988,0.092,0.997
canny_hough,fixed,binary,292,1,1,0.45,254.42,94.42,2.766,5.523,0.98,0.096,0.946
canny_hough,fixed,binary,293,1,1,0.3,253.79,93.79,2.608,5.379,0.981,0.098,0.947
canny_hough,fixed,binary,294,1,1,0.3,253.79,93.79,2.643,5.489,1.033,0.102,1.043
canny_hough,fixed,binary,295,1,1,0.3,253.65,93.65,2.62,5.427,0.992,0.096,1.047
canny_hough,fixed,binary,296,1,1,0.3,253.65,93.65,2.576,5.531,0.983,0.095,1.215
canny_hough,fixed,binary,297,1,1,0.3,253.79,93.79,2.64,5.464,0.987,0.096,0.953
canny_hough,fixed,binary,298,1,1,0.3,250.23,90.23,2.658,5.443,0.983,0.094,1.033
canny_hough,fixed,binary,299,1,1,0.3,250.23,90.23,2.577,5.374,1.032,0.105,0.969
canny_hough,fixed,binary,300,1,1,0.3,253.79,93.79,2.76,5.563,0.989,0.092,1.045
canny_hough,fixed,binary,301,1,1,0.45,253.32,93.32,2.727,5.49,0.979,0.094,1.006
canny_hough,fixed,binary,302,1,1,0.45,253.38,93.38,2.758,5.518,1.035,0.097,0.951
canny_hough,fixed,binary,303,1,1,0.45,253.38,93.38,2.78,5.493,0.982,0.093,0.938
canny_hough,fixed,binary,304,1,1,0.45,253.53,93.53,2.679,5.423,0.993,0.091,0.975
canny_hough,fixed,binary,305,1,1,0.3,253.79,93.79,3.114,6.39,1.0,0.152,1.33
canny_hough,fixed,binary,306,1,1,0.3,253.79,93.79,2.649,5.555,1.005,0.103,1.08
canny_hough,fixed,binary,307,1,1,0.3,250.23,90.23,2.731,5.654,0.997,0.112,1.001
canny_hough,fixed,binary,308,1,1,0.3,250.23,90.23,2.657,5.631,0.996,0.103,1.176
canny_hough,fixed,binary,309,1,1,0.3,253.65,93.65,2.721,5.599,1.05,0.11,0.997
canny_hough,fixed,binary,310,1,1,0.45,253.53,93.53,2.877,5.662,1.002,0.1,0.976
canny_hough,fixed,binary,311,1,1,0.45,253.53,93.53,2.835,5.716,1.054,0.115,1.016
canny_hough,fixed,binary,312,1,1,0.3,253.48,93.48,2.696,5.535,1.004,0.1,1.029
canny_hough,fixed,binary,313,1,1,0.45,253.4,93.4,2.769,5.644,0.998,0.105,1.081
canny_hough,fixed,binary,314,1,1,0.45,253.4,93.4,2.811,5.769,1.004,0.103,1.083
canny_hough,fixed,binary,315,1,1,0.45,253.4,93.4,2.741,5.675,1.0,0.104,1.133
canny_hough,fixed,binary,316,1,1,0.3,254.1,94.1,3.039,6.073,1.078,0.133,1.099
canny_hough,fixed,binary,317,1,1,0.3,254.1,94.1,2.753,5.828,1.022,0.11,1.094
canny_hough,fixed,binary,318,1,1,0.45,253.92,93.92,2.905,5.857,1.065,0.112,1.079
canny_hough,fixed,binary,319,1,1,0.3,254.1,94.1,2.628,5.631,1.002,0.103,1.112
canny_hough,fixed,binary,320,1,1,0.45,255.02,95.02,2.905,5.745,1.047,0.109,0.996
canny_hough,fixed,binary,321,1,1,0.45,255.02,95.02,2.863,5.774,0.996,0.104,1.108
canny_hough,fixed,binary,322,1,1,0.3,253.79,93.79,3.074,6.122,1.082,0.114,1.139
canny_hough,fixed,binary,323,1,1,0.3,253.79,93.79,3.0,6.168,1.153,0.115,1.117
canny_hough,fixed,binary,324,1,1,0.3,253.79,93.79,3.026,6.325,1.197,0.117,1.212
canny_hough,fixed,binary,325,1,1,0.45,253.4,93.4,3.067,6.402,1.15,0.114,1.299
canny_hough,fixed,binary,326,1,1,0.45,253.53,93.53,3.132,6.318,1.154,0.106,1.083
canny_hough,fixed,binary,327,1,1,0.45,253.53,93.53,3.109,6.386,1.156,0.113,1.199
canny_hough,fixed,binary,328,1,1,0.45,253.31,93.31,3.18,6.337,1.155,0.109,1.105
canny_hough,fixed,binary,329,1,1,0.45,253.31,93.31,3.419,6.67,1.196,0.118,1.124
canny_hough,fixed,binary,330,1,1,0.45,253.9,93.9,3.11,6.378,1.14,0.102,1.264
canny_hough,fixed,binary,331,1,1,0.45,253.08,93.08,3.085,6.239,1.121,0.1,1.173
canny_hough,fixed,binary,332,1,1,0.45,255.02,95.02,3.126,6.353,1.18,0.107,1.179
canny_hough,fixed,binary,333,1,1,0.45,255.02,95.02,3.137,6.222,1.132,0.099,1.101
canny_hough,fixed,binary,334,1,1,0.45,252.05,92.05,3.084,6.303,1.184,0.102,1.181
canny_hough,fixed,binary,335,1,1,0.45,252.05,92.05,2.946,6.1,1.137,0.099,1.16
canny_hough,fixed,binary,336,1,1,0.3,250.23,90.23,2.924,6.078,1.138,0.098,1.091
canny_hough,fixed,binary,337,1,1,0.45,253.53,93.53,2.965,6.203,1.136,0.101,1.148
canny_hough,fixed,binary,338,1,1,0.45,253.53,93.53,2.758,5.738,1.143,0.098,1.006
canny_hough,fixed,binary,339,1,1,0.45,253.53,93.53,2.675,5.491,0.995,0.096,1.042
canny_hough,fixed,binary,340,1,1,0.3,250.23,90.23,2.648,5.505,1.043,0.095,1.035
canny_hough,fixed,binary,341,1,1,0.3,250.23,90.23,2.645,5.442,0.991,0.092,1.036
canny_hough,fixed,binary,342,1,1,0.3,253.79,93.79,2.572,5.335,0.986,0.137,0.952
canny_hough,fixed,binary,343,1,1,0.3,253.79,93.79,2.63,5.482,0.985,0.094,1.031
canny_hough,fixed,binary,344,1,1,0.3,253.79,93.79,2.578,5.379,0.991,0.094,0.967
canny_hough,fixed,binary,345,1,1,0.3,253.79,93.79,2.633,5.499,1.05,0.099,1.042
canny_hough,fixed,binary,346,1,1,0.3,253.79,93.79,2.634,5.352,0.988,0.09,0.967
canny_hough,fixed,binary,347,1,1,0.3,253.96,93.96,2.579,5.42,0.995,0.093,1.044
canny_hough,fixed,binary,348,1,1,0.3,253.96,93.96,2.674,5.421,1.03,0.095,0.944
canny_hough,fixed,binary,349,1,1,0.3,253.48,93.48,2.624,5.333,0.99,0.09,0.948
canny_hough,fixed,binary,350,1,1,0.45,253.52,93.52,2.72,5.571,0.988,0.097,1.096
canny_hough,fixed,binary,351,1,1,0.45,253.52,93.52,2.769,5.674,0.988,0.092,1.045
canny_hough,fixed,binary,352,1,1,0.45,255.02,95.02,2.76,5.544,0.995,0.09,1.012
canny_hough,fixed,binary,353,1,1,0.45,255.02,95.02,2.785,5.551,1.029,0.099,0.948
canny_hough,fixed,binary,354,1,1,0.3,254.1,94.1,2.621,5.424,0.994,0.093,1.044
canny_hough,fixed,binary,355,1,1,0.45,253.32,93.32,2.736,5.617,0.993,0.092,1.111
canny_hough,fixed,binary,356,1,1,0.45,253.32,93.32,2.768,5.552,0.997,0.093,0.952
canny_hough,fixed,binary,357,1,1,0.45,254.49,94.49,2.756,5.57,0.991,0.092,0.949
canny_hough,fixed,binary,358,1,1,0.3,253.79,93.79,2.654,5.436,1.043,0.096,0.957
canny_hough,fixed,binary,359,1,1,0.3,253.79,93.79,2.643,5.439,0.988,0.091,1.033
canny_hough,fixed,binary,360,1,1,0.3,253.79,93.79,2.571,5.353,0.985,0.094,1.032
canny_hough,fixed,binary,361,1,1,0.45,253.92,93.92,2.781,5.544,1.049,0.096,0.939
canny_hough,fixed,binary,362,1,1,0.45,253.52,93.52,2.794,5.615,1.001,0.093,1.044
canny_hough,fixed,binary,363,1,1,0.45,253.52,93.52,2.788,5.579,1.033,0.099,0.969
canny_hough,otsu,binary,0,1,1,0.3,250.23,90.23,3.543,6.82,1.026,0.408,1.148
canny_hough,otsu,binary,1,1,1,0.3,250.23,90.23,3.697,7.823,1.199,0.54,1.506
canny_hough,otsu,binary,2,1,1,0.3,250.23,90.23,6.127,10.715,1.269,0.552,1.825
canny_hough,otsu,binary,3,1,1,0.45,253.92,93.92,8.352,16.32,1.78,0.785,3.924
canny_hough,otsu,binary,4,1,1,0.3,250.23,90.23,2.98,6.434,1.083,0.427,1.098
canny_hough,otsu,binary,5,1,1,0.3,250.23,90.23,3.768,7.951,1.118,0.543,1.657
canny_hough,otsu,binary,6,1,1,0.45,253.92,93.92,2.863,6.934,1.149,0.535,1.556
canny_hough,otsu,binary,7,1,1,0.3,254.1,94.1,2.704,5.965,1.005,0.387,1.146
canny_hough,otsu,binary,8,1,1,0.3,254.1,94.1,2.613,5.825,0.994,0.387,1.138
canny_hough,otsu,binary,9,1,1,0.3,254.1,94.1,2.691,5.867,0.993,0.387,1.095
canny_hough,otsu,binary,10,1,1,0.3,253.79,93.79,2.677,5.833,0.994,0.384,1.075
canny_hough,otsu,binary,11,1,1,0.3,250.23,90.23,2.724,5.953,1.002,0.385,1.097
canny_hough,otsu,binary,12,1,1,0.3,250.23,90.23,2.661,5.935,1.002,0.383,1.169
canny_hough,otsu,binary,13,1,1,0.3,250.23,90.23,2.729,5.885,1.003,0.383,0.997
canny_hough,otsu,binary,14,1,1,0.3,250.23,90.23,2.655,5.86,1.009,0.405,1.094
canny_hough,otsu,binary,15,1,1,0.3,251.44,91.44,2.667,5.923,1.002,0.39,1.091
canny_hough,otsu,binary,16,1,1,0.45,254.1,94.1,2.772,5.958,0.995,0.387,1.098
canny_hough,otsu,binary,17,1,1,0.3,250.23,90.23,2.686,5.918,1.005,0.389,1.076
canny_hough,otsu,binary,18,1,1,0.45,248.44,88.44,2.789,5.986,1.005,0.383,1.107
canny_hough,otsu,binary,19,1,1,0.3,253.79,93.79,2.715,5.835,1.006,0.389,0.963
canny_hough,otsu,binary,20,1,1,0.3,253.79,93.79,2.653,5.857,1.003,0.387,1.111
canny_hough,otsu,binary,21,1,1,0.45,253.53,93.53,2.818,6.284,1.291,0.408,0.989
canny_hough,otsu,binary,22,1,1,0.3,250.23,90.23,2.644,5.856,1.003,0.389,1.08
canny_hough,otsu,binary,23,1,1,0.3,250.23,90.23,2.713,5.842,1.005,0.388,0.98
canny_hough,otsu,binary,24,1,1,0.3,250.23,90.23,2.655,5.829,1.006,0.387,1.088
canny_hough,otsu,binary,25,1,1,0.45,253.4,93.4,2.816,6.039,1.002,0.388,1.085
canny_hough,otsu,binary,26,1,1,0.45,253.4,93.4,2.783,5.969,1.003,0.389,1.095
canny_hough,otsu,binary,27,1,1,0.45,253.6,93.6,2.869,6.059,1.018,0.393,1.002
canny_hough,otsu,binary,28,1,1,0.3,251.44,91.44,2.677,5.933,0.991,0.39,1.168
canny_hough,otsu,binary,29,1,1,0.3,251.44,91.44,2.927,6.069,1.002,0.388,0.985
canny_hough,otsu,binary,30,1,1,0.3,250.23,90.23,2.63,6.066,1.022,0.404,1.305
canny_hough,otsu,binary,31,1,1,0.45,254.1,94.1,2.767,6.071,1.049,0.377,1.199
canny_hough,otsu,binary,32,1,1,0.45,254.1,94.1,2.783,5.891,0.996,0.422,0.971
canny_hough,otsu,binary,33,1,1,0.3,250.23,90.23,2.641,5.95,1.041,0.379,1.206
canny_hough,otsu,binary,34,1,1,0.3,250.23,90.23,2.64,5.942,0.993,0.376,1.217
canny_hough,otsu,binary,35,1,1,0.3,253.79,93.79,2.639,5.869,0.97,0.38,1.196
canny_hough,otsu,binary,36,1,1,0.3,253.79,93.79,2.568,5.725,0.998,0.379,1.115
canny_hough,otsu,binary,37,1,1,0.3,250.23,90.23,2.648,5.763,1.004,0.38,0.984
canny_hough,otsu,binary,38,1,1,0.3,250.23,90.23,2.588,5.767,0.985,0.375,1.136
canny_hough,otsu,binary,39,1,1,0.3,250.23,90.23,3.038,6.202,1.034,0.383,0.958
canny_hough,otsu,binary,40,1,1,0.3,250.23,90.23,3.247,7.16,1.229,0.564,1.313
canny_hough,otsu,binary,41,1,1,0.45,254.1,94.1,3.314,7.159,1.192,0.466,1.399
canny_hough,otsu,binary,42,1,1,0.45,254.1,94.1,3.374,7.092,1.151,0.465,1.258
canny_hough,otsu,binary,43,1,1,0.45,253.53,93.53,3.285,7.007,1.233,0.476,1.198
canny_hough,otsu,binary,44,1,1,0.3,250.23,90.23,3.146,7.032,1.233,0.472,1.402
canny_hough,otsu,binary,45,1,1,0.3,250.23,90.23,3.106,6.902,1.157,0.477,1.34
canny_hough,otsu,binary,46,1,1,0.3,250.23,90.23,3.124,6.784,1.168,0.458,1.169
canny_hough,otsu,binary,47,1,1,0.3,250.23,90.23,3.141,6.879,1.257,0.48,1.2
canny_hough,otsu,binary,48,1,1,0.45,253.6,93.6,3.284,7.011,1.133,0.543,1.265
canny_hough,otsu,binary,49,1,1,0.3,250.23,90.23,3.069,6.747,1.144,0.442,1.329
canny_hough,otsu,binary,50,1,1,0.3,250.23,90.23,2.914,6.895,1.144,0.433,1.603
canny_hough,otsu,binary,51,1,1,0.45,253.53,93.53,3.086,6.817,1.241,0.477,1.216
canny_hough,otsu,binary,52,1,1,0.3,250.23,90.23,2.945,6.499,1.147,0.488,1.081
canny_hough,otsu,binary,53,1,1,0.3,253.79,93.79,2.93,6.345,1.145,0.434,1.065
canny_hough,otsu,binary,54,1,1,0.3,253.79,93.79,2.642,6.166,1.291,0.438,1.05
canny_hough,otsu,binary,55,1,1,0.3,250.23,90.23,2.619,6.046,0.998,0.379,1.384
canny_hough,otsu,binary,56,1,1,0.45,253.92,93.92,2.796,6.01,1.215,0.388,0.93
canny_hough,otsu,binary,57,1,1,0.45,253.92,93.92,2.734,5.89,0.987,0.372,1.12
canny_hough,otsu,binary,58,1,1,0.3,250.23,90.23,2.638,5.909,1.174,0.387,1.038
canny_hough,otsu,binary,59,1,1,0.3,250.23,90.23,2.564,5.707,0.987,0.376,1.099
canny_hough,otsu,binary,60,1,1,0.3,250.23,90.23,2.706,5.75,1.039,0.383,0.942
canny_hough,otsu,binary,61,1,1,0.3,250.23,90.23,2.671,5.676,0.988,0.378,0.953
canny_hough,otsu,binary,62,1,1,0.3,250.23,90.23,2.649,5.819,1.034,0.384,1.042
canny_hough,otsu,binary,63,1,1,0.45,254.1,94.1,2.754,5.714,0.974,0.374,0.93
canny_hough,otsu,binary,64,1,1,0.45,254.85,94.85,2.695,5.727,0.999,0.417,0.948
canny_hough,otsu,binary,65,1,1,0.45,254.85,94.85,2.742,5.73,0.981,0.379,0.944
canny_hough,otsu,binary,66,1,1,0.45,255.02,95.02,2.715,5.876,0.992,0.376,1.122
canny_hough,otsu,binary,67,1,1,0.45,254.49,94.49,2.754,5.814,0.979,0.378,0.945
canny_hough,otsu,binary,68,1,1,0.3,250.23,90.23,2.588,5.656,0.993,0.379,1.02
canny_hough,otsu,binary,69,1,1,0.3,250.23,90.23,2.627,5.668,1.035,0.382,0.947
canny_hough,otsu,binary,70,1,1,0.45,254.1,94.1,2.708,5.757,0.983,0.379,0.956
canny_hough,otsu,binary,71,1,1,0.45,254.1,94.1,2.933,5.98,1.041,0.384,0.934
canny_hough,otsu,binary,72,1,1,0.3,250.23,90.23,2.848,6.381,1.146,0.429,1.173
canny_hough,otsu,binary,73,1,1,0.45,253.92,93.92,3.104,6.671,1.215,0.43,1.178
canny_hough,otsu,binary,74,1,1,0.3,253.79,93.79,2.942,6.49,1.139,0.482,1.176
canny_hough,otsu,binary,75,1,1,0.3,253.79,93.79,2.842,6.304,1.132,0.435,1.08
canny_hough,otsu,binary,76,1,1,0.3,254.1,94.1,2.89,6.317,1.196,0.435,1.054
canny_hough,otsu,binary,77,1,1,0.3,254.1,94.1,2.859,6.44,1.139,0.432,1.26
canny_hough,otsu,binary,78,1,1,0.3,254.1,94.1,2.91,6.46,1.143,0.428,1.173
canny_hough,otsu,binary,79,1,1,0.45,253.92,93.92,3.099,6.548,1.192,0.431,1.07
canny_hough,otsu,binary,80,1,1,0.45,253.92,93.92,3.037,6.514,1.145,0.431,1.146
canny_hough,otsu,binary,81,1,1,0.3,253.79,93.79,2.914,6.476,1.139,0.434,1.161
canny_hough,otsu,binary,82,1,1,0.45,253.4,93.4,3.11,6.748,1.139,0.53,1.182
canny_hough,otsu,binary,83,1,1,0.45,253.4,93.4,3.025,6.513,1.142,0.429,1.16
canny_hough,otsu,binary,84,1,1,0.45,254.49,94.49,3.087,6.643,1.132,0.432,1.176
canny_hough,otsu,binary,85,1,1,0.3,253.79,93.79,2.922,6.402,1.144,0.486,1.086
canny_hough,otsu,binary,86,1,1,0.45,253.53,93.53,2.987,6.537,1.128,0.433,1.174
canny_hough,otsu,binary,87,1,1,0.45,253.53,93.53,2.736,6.239,1.188,0.439,1.129
canny_hough,otsu,binary,88,1,1,0.3,253.79,93.79,2.582,5.748,0.984,0.382,1.121
canny_hough,otsu,binary,89,1,1,0.3,253.79,93.79,2.633,5.675,1.034,0.381,0.941
canny_hough,otsu,binary,90,1,1,0.45,255.02,95.02,2.735,5.802,0.991,0.378,0.958
canny_hough,otsu,binary,91,1,1,0.3,250.23,90.23,2.657,5.808,1.028,0.384,1.054
canny_hough,otsu,binary,92,1,1,0.3,250.23,90.23,2.671,5.698,0.988,0.374,0.945
canny_hough,otsu,binary,93,1,1,0.3,250.23,90.23,2.646,5.774,0.984,0.431,1.041
canny_hough,otsu,binary,94,1,1,0.45,253.92,93.92,2.81,5.888,0.985,0.377,1.041
canny_hough,otsu,binary,95,1,1,0.45,253.92,93.92,2.803,5.941,0.983,0.423,1.052
canny_hough,otsu,binary,96,1,1,0.3,250.23,90.23,2.648,5.641,0.984,0.374,0.948
canny_hough,otsu,binary,97,1,1,0.3,253.79,93.79,2.578,5.722,0.985,0.38,1.095
canny_hough,otsu,binary,98,1,1,0.3,250.23,90.23,2.636,5.776,0.984,0.373,1.051
canny_hough,otsu,binary,99,1,1,0.3,250.23,90.23,2.575,5.64,0.983,0.378,1.031
canny_hough,otsu,binary,100,1,1,0.3,250.23,90.23,2.633,5.682,1.033,0.383,0.945
canny_hough,otsu,binary,101,1,1,0.3,250.23,90.23,2.578,5.749,1.001,0.379,1.032
canny_hough,otsu,binary,102,1,1,0.45,254.1,94.1,3.056,8.134,1.042,0.379,2.866
canny_hough,otsu,binary,103,1,1,0.3,253.65,93.65,2.745,5.91,1.058,0.395,1.004
canny_hough,otsu,binary,104,1,1,0.3,250.23,90.23,2.936,6.297,0.994,0.387,1.259
canny_hough,otsu,binary,105,1,1,0.3,250.23,90.23,2.978,6.544,1.21,0.448,1.123
canny_hough,otsu,binary,106,1,1,0.45,253.4,93.4,3.184,6.763,1.16,0.498,1.142
canny_hough,otsu,binary,107,1,1,0.45,253.4,93.4,3.104,6.668,1.162,0.445,1.156
canny_hough,otsu,binary,108,1,1,0.45,253.53,93.53,3.113,6.754,1.157,0.437,1.217
canny_hough,otsu,binary,109,1,1,0.45,254.1,94.1,3.169,6.853,1.155,0.451,1.24
canny_hough,otsu,binary,110,1,1,0.45,254.1,94.1,3.07,6.631,1.156,0.439,1.205
canny_hough,otsu,binary,111,1,1,0.45,254.1,94.1,3.158,6.889,1.151,0.441,1.289
canny_hough,otsu,binary,112,1,1,0.3,250.23,90.23,2.996,6.573,1.199,0.448,1.117
canny_hough,otsu,binary,113,1,1,0.45,253.52,93.52,3.154,6.839,1.153,0.443,1.314
canny_hough,otsu,binary,114,1,1,0.45,253.52,93.52,3.097,6.778,1.146,0.438,1.247
canny_hough,otsu,binary,115,1,1,0.3,250.23,90.23,2.982,6.628,1.205,0.446,1.216
canny_hough,otsu,binary,116,1,1,0.3,250.23,90.23,3.013,6.525,1.141,0.497,1.102
canny_hough,otsu,binary,117,1,1,0.45,253.53,93.53,3.061,6.759,1.15,0.441,1.213
canny_hough,otsu,binary,118,1,1,0.3,250.23,90.23,2.998,6.555,1.228,0.448,1.104
canny_hough,otsu,binary,119,1,1,0.3,250.23,90.23,2.753,6.287,1.149,0.499,1.104
canny_hough,otsu,binary,120,1,1,0.3,253.79,93.79,2.72,5.772,0.989,0.388,0.976
canny_hough,otsu,binary,121,1,1,0.45,253.92,93.92,2.877,6.043,0.997,0.385,1.083
canny_hough,otsu,binary,122,1,1,0.45,253.92,93.92,2.86,6.151,0.997,0.387,1.152
canny_hough,otsu,binary,123,1,1,0.45,253.92,93.92,2.894,6.012,1.002,0.437,0.983
canny_hough,otsu,binary,124,1,1,0.3,254.1,94.1,2.643,5.829,1.021,0.45,1.02
canny_hough,otsu,binary,125,1,1,0.3,254.1,94.1,2.544,5.597,0.993,0.423,0.949
canny_hough,otsu,binary,126,1,1,0.45,253.53,93.53,2.759,5.848,0.988,0.378,1.047
canny_hough,otsu,binary,127,1,1,0.3,253.79,93.79,2.569,5.632,0.989,0.374,1.009
canny_hough,otsu,binary,128,1,1,0.3,253.79,93.79,2.633,5.703,0.984,0.377,0.966
canny_hough,otsu,binary,129,1,1,0.3,253.79,93.79,2.583,5.783,0.992,0.377,1.163
canny_hough,otsu,binary,130,1,1,0.3,250.23,90.23,2.637,5.68,1.027,0.378,0.959
canny_hough,otsu,binary,131,1,1,0.3,250.23,90.23,2.59,5.651,0.98,0.379,0.946
canny_hough,otsu,binary,132,1,1,0.3,250.23,90.23,2.648,5.8,1.035,0.379,1.027
canny_hough,otsu,binary,133,1,1,0.3,253.96,93.96,2.65,5.63,0.993,0.379,0.926
canny_hough,otsu,binary,134,1,1,0.3,253.96,93.96,2.58,5.627,0.989,0.415,0.96
canny_hough,otsu,binary,135,1,1,0.45,253.53,93.53,2.756,5.846,0.989,0.379,0.968
canny_hough,otsu,binary,136,1,1,0.45,255.02,95.02,2.809,5.991,0.99,0.378,1.137
canny_hough,otsu,binary,137,1,1,0.45,253.4,93.4,3.093,6.555,1.148,0.431,1.057
canny_hough,otsu,binary,138,1,1,0.45,253.4,93.4,3.098,6.562,1.191,0.433,1.083
canny_hough,otsu,binary,139,1,1,0.3,250.23,90.23,2.847,6.343,1.146,0.431,1.163
canny_hough,otsu,binary,140,1,1,0.3,253.79,93.79,2.974,6.46,1.144,0.432,1.091
canny_hough,otsu,binary,141,1,1,0.3,253.79,93.79,2.925,6.493,1.142,0.476,1.191
canny_hough,otsu,binary,142,1,1,0.45,253.53,93.53,2.971,6.576,1.142,0.432,1.176
canny_hough,otsu,binary,143,1,1,0.45,253.53,93.53,3.046,6.609,1.193,0.437,1.173
canny_hough,otsu,binary,144,1,1,0.3,253.65,93.65,2.931,6.357,1.132,0.434,1.107
canny_hough,otsu,binary,145,1,1,0.3,254.1,94.1,2.889,6.267,1.131,0.435,1.052
canny_hough,otsu,binary,146,1,1,0.3,253.48,93.48,2.904,6.331,1.193,0.434,1.057
canny_hough,otsu,binary,147,1,1,0.3,253.48,93.48,2.836,6.313,1.144,0.428,1.142
canny_hough,otsu,binary,148,1,1,0.45,253.32,93.32,3.093,6.655,1.209,0.437,1.163
canny_hough,otsu,binary,149,1,1,0.45,253.53,93.53,3.048,6.596,1.137,0.481,1.185
canny_hough,otsu,binary,150,1,1,0.45,253.53,93.53,3.008,6.589,1.167,0.431,1.231
canny_hough,otsu,binary,151,1,1,0.3,250.23,90.23,2.917,6.374,1.205,0.438,1.054
canny_hough,otsu,binary,152,1,1,0.3,250.23,90.23,2.659,6.223,1.143,0.432,1.214
canny_hough,otsu,binary,153,1,1,0.3,250.23,90.23,2.618,5.601,0.983,0.375,0.944
canny_hough,otsu,binary,154,1,1,0.3,250.23,90.23,2.571,5.629,0.989,0.377,1.016
canny_hough,otsu,binary,155,1,1,0.3,250.23,90.23,2.629,5.772,1.051,0.376,1.034
canny_hough,otsu,binary,156,1,1,0.3,250.23,90.23,2.623,5.747,0.99,0.379,1.088
canny_hough,otsu,binary,157,1,1,0.3,253.79,93.79,2.672,5.795,1.024,0.38,1.036
canny_hough,otsu,binary,158,1,1,0.45,253.53,93.53,2.757,5.734,0.992,0.378,0.934
canny_hough,otsu,binary,159,1,1,0.45,253.53,93.53,2.753,5.797,1.029,0.382,0.946
canny_hough,otsu,binary,160,1,1,0.3,253.79,93.79,2.635,5.732,0.992,0.374,1.054
canny_hough,otsu,binary,161,1,1,0.3,250.23,90.23,2.64,5.721,0.993,0.421,0.976
canny_hough,otsu,binary,162,1,1,0.3,250.23,90.23,2.641,5.681,0.991,0.377,0.963
canny_hough,otsu,binary,163,1,1,0.3,253.79,93.79,2.557,5.746,0.992,0.38,1.128
canny_hough,otsu,binary,164,1,1,0.3,253.79,93.79,2.629,5.771,0.983,0.377,1.04
canny_hough,otsu,binary,165,1,1,0.3,253.79,93.79,2.577,5.722,0.985,0.376,1.101
canny_hough,otsu,binary,166,1,1,0.3,253.79,93.79,2.65,5.785,1.039,0.381,1.038
canny_hough,otsu,binary,167,1,1,0.3,253.79,93.79,2.579,5.749,0.988,0.376,1.054
canny_hough,otsu,binary,168,1,1,0.3,253.79,93.79,2.659,5.785,1.032,0.382,1.039
canny_hough,otsu,binary,169,1,1,0.3,253.79,93.79,2.635,5.69,0.983,0.377,1.025
canny_hough,otsu,binary,170,1,1,0.3,253.79,93.79,2.666,5.812,0.988,0.423,1.049
canny_hough,otsu,binary,171,1,1,0.3,253.79,93.79,2.67,5.658,0.984,0.378,0.934
canny_hough,otsu,binary,172,1,1,0.45,254.49,94.49,2.748,5.816,0.991,0.379,0.994
canny_hough,otsu,binary,173,1,1,0.45,254.49,94.49,2.756,5.853,0.996,0.376,0.975
canny_hough,otsu,binary,174,1,1,0.45,253.53,93.53,2.681,5.761,0.996,0.378,1.027
canny_hough,otsu,binary,175,1,1,0.3,253.79,93.79,2.609,5.752,0.988,0.379,1.034
canny_hough,otsu,binary,176,1,1,0.3,253.79,93.79,2.577,5.661,0.985,0.379,1.035
canny_hough,otsu,binary,177,1,1,0.3,253.79,93.79,2.626,5.766,1.038,0.383,1.032
canny_hough,otsu,binary,178,1,1,0.3,253.79,93.79,2.645,5.631,0.996,0.377,0.93
canny_hough,otsu,binary,179,1,1,0.3,253.79,93.79,2.635,5.688,1.043,0.383,0.957
canny_hough,otsu,binary,180,1,1,0.45,253.92,93.92,2.796,5.946,0.983,0.374,1.106
canny_hough,otsu,binary,181,1,1,0.3,253.79,93.79,2.648,5.796,0.993,0.422,1.051
canny_hough,otsu,binary,182,1,1,0.3,250.23,90.23,2.622,5.728,0.984,0.378,1.029
canny_hough,otsu,binary,183,1,1,0.3,250.23,90.23,2.604,5.752,0.993,0.377,1.095
canny_hough,otsu,binary,184,1,1,0.3,253.79,93.79,2.639,5.687,0.988,0.377,0.931
canny_hough,otsu,binary,185,1,1,0.45,253.4,93.4,2.697,5.837,0.986,0.379,1.105
canny_hough,otsu,binary,186,1,1,0.45,253.4,93.4,3.091,6.248,1.064,0.381,1.032
canny_hough,otsu,binary,187,1,1,0.3,254.1,94.1,2.56,5.674,1.0,0.378,1.048
canny_hough,otsu,binary,188,1,1,0.3,254.1,94.1,2.662,5.825,1.057,0.376,1.035
canny_hough,otsu,binary,189,1,1,0.45,253.92,93.92,2.721,5.812,0.989,0.379,1.038
canny_hough,otsu,binary,190,1,1,0.45,253.92,93.92,2.784,6.019,1.044,0.384,1.115
canny_hough,otsu,binary,191,1,1,0.45,253.92,93.92,2.733,5.78,0.981,0.377,1.009
canny_hough,otsu,binary,192,1,1,0.3,253.79,93.79,2.63,5.684,1.023,0.381,0.941
canny_hough,otsu,binary,193,1,1,0.3,253.79,93.79,2.656,5.662,0.992,0.381,0.949
canny_hough,otsu,binary,194,1,1,0.3,253.79,93.79,2.648,5.782,1.036,0.382,1.031
canny_hough,otsu,binary,195,1,1,0.45,253.92,93.92,2.787,5.876,0.982,0.377,1.045
canny_hough,otsu,binary,196,1,1,0.3,253.79,93.79,2.664,5.805,0.989,0.42,1.06
canny_hough,otsu,binary,197,1,1,0.3,253.79,93.79,2.614,5.715,0.993,0.374,1.045
canny_hough,otsu,binary,198,1,1,0.45,255.02,95.02,2.733,5.953,0.999,0.378,1.147
canny_hough,otsu,binary,199,1,1,0.45,253.53,93.53,2.728,5.736,0.986,0.378,0.96
canny_hough,otsu,binary,200,1,1,0.3,253.48,93.48,2.565,5.646,0.989,0.379,1.037
canny_hough,otsu,binary,201,1,1,0.3,253.48,93.48,2.613,5.649,0.981,0.378,0.929
canny_hough,otsu,binary,202,1,1,0.3,253.79,93.79,2.58,5.681,0.996,0.375,1.007
canny_hough,otsu,binary,203,1,1,0.3,253.79,93.79,2.637,5.681,1.034,0.383,0.942
canny_hough,otsu,binary,204,1,1,0.3,253.79,93.79,2.771,5.724,0.985,0.374,0.928
canny_hough,otsu,binary,205,1,1,0.45,253.53,93.53,3.031,6.486,1.184,0.435,1.074
canny_hough,otsu,binary,206,1,1,0.45,253.53,93.53,2.991,6.456,1.138,0.433,1.142
canny_hough,otsu,binary,207,1,1,0.3,250.23,90.23,2.91,6.372,1.142,0.431,1.066
canny_hough,otsu,binary,208,1,1,0.45,253.4,93.4,3.1,6.525,1.133,0.475,1.067
canny_hough,otsu,binary,209,1,1,0.45,253.4,93.4,3.013,6.472,1.13,0.432,1.092
canny_hough,otsu,binary,210,1,1,0.45,253.4,93.4,3.097,6.662,1.189,0.436,1.182
canny_hough,otsu,binary,211,1,1,0.45,253.53,93.53,3.061,6.615,1.13,0.432,1.229
canny_hough,otsu,binary,212,1,1,0.3,250.23,90.23,2.865,6.467,1.14,0.427,1.192
canny_hough,otsu,binary,213,1,1,0.3,250.23,90.23,2.906,6.389,1.186,0.438,1.098
canny_hough,otsu,binary,214,1,1,0.45,255.1,95.1,3.13,6.707,1.132,0.431,1.262
canny_hough,otsu,binary,215,1,1,0.45,255.1,95.1,3.088,6.587,1.138,0.43,1.173
canny_hough,otsu,binary,216,1,1,0.45,253.92,93.92,3.106,6.529,1.173,0.437,1.069
canny_hough,otsu,binary,217,1,1,0.45,254.46,94.46,3.027,6.607,1.124,0.434,1.27
canny_hough,otsu,binary,218,1,1,0.45,253.4,93.4,3.087,6.482,1.128,0.432,1.077
canny_hough,otsu,binary,219,1,1,0.3,254.1,94.1,2.912,6.407,1.205,0.433,1.095
canny_hough,otsu,binary,220,1,1,0.3,250.23,90.23,2.618,6.018,1.133,0.434,1.086
canny_hough,otsu,binary,221,1,1,0.3,250.23,90.23,2.624,5.678,1.042,0.382,0.949
canny_hough,otsu,binary,222,1,1,0.3,253.79,93.79,2.572,5.755,0.995,0.374,1.038
canny_hough,otsu,binary,223,1,1,0.3,253.79,93.79,2.635,5.67,1.036,0.387,0.939
canny_hough,otsu,binary,224,1,1,0.45,253.9,93.9,2.781,5.848,0.982,0.374,1.031
canny_hough,otsu,binary,225,1,1,0.45,253.9,93.9,2.787,5.82,0.983,0.423,0.947
canny_hough,otsu,binary,226,1,1,0.3,253.79,93.79,2.641,5.731,0.985,0.379,1.038
canny_hough,otsu,binary,227,1,1,0.3,253.79,93.79,2.561,5.713,1.007,0.38,1.082
canny_hough,otsu,binary,228,1,1,0.3,253.79,93.79,2.635,5.774,0.988,0.379,1.025
canny_hough,otsu,binary,229,1,1,0.3,254.1,94.1,2.554,5.704,0.983,0.38,1.11
canny_hough,otsu,binary,230,1,1,0.3,253.79,93.79,2.641,6.17,1.059,0.38,1.418
canny_hough,otsu,binary,231,1,1,0.3,253.79,93.79,2.571,5.64,0.979,0.379,1.045
canny_hough,otsu,binary,232,1,1,0.45,253.92,93.92,2.778,5.895,1.04,0.384,0.974
canny_hough,otsu,binary,233,1,1,0.45,254.49,94.49,2.708,5.863,0.997,0.379,1.096
canny_hough,otsu,binary,234,1,1,0.45,254.49,94.49,2.793,5.81,1.033,0.382,0.921
canny_hough,otsu,binary,235,1,1,0.45,253.4,93.4,2.733,5.92,0.986,0.379,1.051
canny_hough,otsu,binary,236,1,1,0.45,253.4,93.4,2.744,5.861,1.036,0.378,1.027
canny_hough,otsu,binary,237,1,1,0.45,253.4,93.4,2.756,5.739,0.983,0.378,0.941
canny_hough,otsu,binary,238,1,1,0.3,253.79,93.79,2.646,5.673,1.025,0.384,0.941
canny_hough,otsu,binary,239,1,1,0.3,253.96,93.96,2.657,5.655,0.983,0.381,0.949
canny_hough,otsu,binary,240,1,1,0.3,253.96,93.96,2.575,5.719,0.986,0.42,1.054
canny_hough,otsu,binary,241,1,1,0.45,254.1,94.1,2.745,5.941,0.997,0.377,1.042
canny_hough,otsu,binary,242,1,1,0.3,253.79,93.79,2.577,5.659,0.989,0.379,0.999
canny_hough,otsu,binary,243,1,1,0.3,253.79,93.79,2.619,5.682,0.992,0.379,0.943
canny_hough,otsu,binary,244,1,1,0.3,253.79,93.79,2.577,5.644,0.992,0.386,1.012
canny_hough,otsu,binary,245,1,1,0.3,253.79,93.79,2.637,5.903,1.167,0.385,1.047
canny_hough,otsu,binary,246,1,1,0.3,254.1,94.1,2.546,5.689,0.99,0.374,1.042
canny_hough,otsu,binary,247,1,1,0.45,253.4,93.4,2.864,5.914,1.031,0.383,0.946
canny_hough,otsu,binary,248,1,1,0.3,254.1,94.1,2.625,5.592,0.99,0.376,0.932
canny_hough,otsu,binary,249,1,1,0.3,254.1,94.1,2.612,5.731,0.987,0.422,1.032
canny_hough,otsu,binary,250,1,1,0.45,253.92,93.92,2.865,5.844,0.98,0.382,0.938
canny_hough,otsu,binary,251,1,1,0.45,253.92,93.92,2.847,5.98,0.994,0.379,1.076
canny_hough,otsu,binary,252,1,1,0.45,254.58,94.58,2.799,5.906,0.979,0.378,1.038
canny_hough,otsu,binary,253,1,1,0.3,253.79,93.79,2.569,5.646,0.992,0.377,1.017
canny_hough,otsu,binary,254,1,1,0.3,253.79,93.79,2.623,5.847,0.992,0.379,1.1
canny_hough,otsu,binary,255,1,1,0.45,252.22,92.22,2.668,5.825,0.986,0.378,1.111
canny_hough,otsu,binary,256,1,1,0.3,253.79,93.79,2.653,5.725,0.982,0.379,0.969
canny_hough,otsu,binary,257,1,1,0.3,253.79,93.79,2.573,5.656,0.998,0.378,1.021
canny_hough,otsu,binary,258,1,1,0.3,253.79,93.79,2.649,5.771,1.029,0.38,1.033
canny_hough,otsu,binary,259,1,1,0.3,253.79,93.79,2.636,5.626,0.988,0.378,0.941
canny_hough,otsu,binary,260,1,1,0.3,253.79,93.79,2.633,5.652,1.034,0.381,0.933
canny_hough,otsu,binary,261,1,1,0.3,253.96,93.96,2.649,5.644,0.986,0.379,0.948
canny_hough,otsu,binary,262,1,1,0.3,253.65,93.65,2.557,5.721,0.988,0.379,1.085
canny_hough,otsu,binary,263,1,1,0.3,253.65,93.65,2.706,5.841,0.984,0.377,1.032
canny_hough,otsu,binary,264,1,1,0.3,253.65,93.65,2.559,5.701,0.986,0.374,1.107
canny_hough,otsu,binary,265,1,1,0.3,253.79,93.79,2.631,5.676,1.042,0.381,0.942
canny_hough,otsu,binary,266,1,1,0.3,253.79,93.79,2.581,5.732,0.993,0.374,1.038
canny_hough,otsu,binary,267,1,1,0.3,254.1,94.1,2.76,7.929,1.04,0.384,2.926
canny_hough,otsu,binary,268,1,1,0.3,253.79,93.79,2.744,5.923,1.08,0.401,0.991
canny_hough,otsu,binary,269,1,1,0.3,253.79,93.79,2.713,5.822,1.001,0.387,1.013
canny_hough,otsu,binary,270,1,1,0.45,253.4,93.4,2.85,6.074,1.046,0.393,1.087
canny_hough,otsu,binary,271,1,1,0.3,253.79,93.79,2.733,5.798,1.001,0.388,0.975
canny_hough,otsu,binary,272,1,1,0.3,253.48,93.48,2.718,5.914,1.061,0.397,1.007
canny_hough,otsu,binary,273,1,1,0.3,253.48,93.48,2.73,5.88,0.985,0.382,1.089
canny_hough,otsu,binary,274,1,1,0.3,254.1,94.1,2.691,5.83,1.044,0.392,1.014
canny_hough,otsu,binary,275,1,1,0.3,254.1,94.1,2.685,5.76,1.004,0.386,0.986
canny_hough,otsu,binary,276,1,1,0.3,253.79,93.79,2.704,5.839,0.994,0.44,0.999
canny_hough,otsu,binary,277,1,1,0.45,253.92,93.92,2.875,6.063,1.005,0.387,1.09
canny_hough,otsu,binary,278,1,1,0.45,254.1,94.1,2.849,6.091,1.0,0.439,1.087
canny_hough,otsu,binary,279,1,1,0.45,254.1,94.1,2.835,6.029,1.0,0.401,1.092
canny_hough,otsu,binary,280,1,1,0.3,253.79,93.79,2.734,5.89,1.059,0.394,0.997
canny_hough,otsu,binary,281,1,1,0.3,253.65,93.65,2.701,5.867,1.0,0.389,1.074
canny_hough,otsu,binary,282,1,1,0.3,253.65,93.65,2.744,5.936,0.999,0.439,1.007
canny_hough,otsu,binary,283,1,1,0.45,253.4,93.4,2.862,5.949,0.999,0.385,0.99
canny_hough,otsu,binary,284,1,1,0.45,253.4,93.4,2.885,6.023,1.003,0.44,0.998
canny_hough,otsu,binary,285,1,1,0.3,250.23,90.23,2.722,5.796,0.992,0.387,0.985
canny_hough,otsu,binary,286,1,1,0.3,253.79,93.79,2.73,5.977,0.999,0.44,1.102
canny_hough,otsu,binary,287,1,1,0.3,253.79,93.79,2.716,5.895,1.003,0.388,1.088
canny_hough,otsu,binary,288,1,1,0.45,253.32,93.32,2.889,6.035,1.006,0.441,1.003
canny_hough,otsu,binary,289,1,1,0.45,253.32,93.32,3.177,6.721,1.148,0.442,1.225
canny_hough,otsu,binary,290,1,1,0.45,253.92,93.92,3.366,6.896,1.198,0.447,1.09
canny_hough,otsu,binary,291,1,1,0.45,253.92,93.92,3.113,6.579,1.134,0.487,1.07
canny_hough,otsu,binary,292,1,1,0.45,254.42,94.42,3.015,6.507,1.142,0.432,1.069
canny_hough,otsu,binary,293,1,1,0.3,253.79,93.79,2.928,6.48,1.197,0.438,1.161
canny_hough,otsu,binary,294,1,1,0.3,253.79,93.79,2.938,6.386,1.136,0.476,1.086
canny_hough,otsu,binary,295,1,1,0.3,253.65,93.65,2.957,6.381,1.13,0.435,1.098
canny_hough,otsu,binary,296,1,1,0.3,253.65,93.65,2.926,6.193,1.177,0.438,0.9
canny_hough,otsu,binary,297,1,1,0.3,253.79,93.79,2.946,5.789,0.737,0.435,0.911
canny_hough,otsu,binary,298,1,1,0.3,250.23,90.23,2.958,5.826,0.754,0.433,0.919
canny_hough,otsu,binary,299,1,1,0.3,250.23,90.23,2.929,5.75,0.718,0.433,0.911
canny_hough,otsu,binary,300,1,1,0.3,253.79,93.79,2.923,5.796,0.715,0.474,0.922
canny_hough,otsu,binary,301,1,1,0.45,253.32,93.32,3.114,5.936,0.718,0.433,0.907
canny_hough,otsu,binary,302,1,1,0.45,253.38,93.38,3.111,6.008,0.715,0.477,0.91
canny_hough,otsu,binary,303,1,1,0.45,253.38,93.38,3.083,5.891,0.714,0.433,0.901
canny_hough,otsu,binary,304,1,1,0.45,253.53,93.53,3.067,5.924,0.715,0.474,0.914
canny_hough,otsu,binary,305,1,1,0.3,253.79,93.79,2.942,5.755,0.718,0.435,0.897
canny_hough,otsu,binary,306,1,1,0.3,253.79,93.79,2.924,5.79,0.717,0.433,0.96
canny_hough,otsu,binary,307,1,1,0.3,250.23,90.23,2.912,5.747,0.714,0.436,0.914
canny_hough,otsu,binary,308,1,1,0.3,250.23,90.23,2.851,5.736,0.731,0.434,0.969
canny_hough,otsu,binary,309,1,1,0.3,253.65,93.65,2.933,5.798,0.709,0.432,0.896
canny_hough,otsu,binary,310,1,1,0.45,253.53,93.53,3.026,5.907,0.712,0.435,0.971
canny_hough,otsu,binary,311,1,1,0.45,253.53,93.53,3.029,5.907,0.707,0.435,0.899
canny_hough,otsu,binary,312,1,1,0.3,253.48,93.48,2.825,5.749,0.723,0.434,0.976
canny_hough,otsu,binary,313,1,1,0.45,253.4,93.4,3.056,5.891,0.733,0.438,0.907
canny_hough,otsu,binary,314,1,1,0.45,253.4,93.4,3.003,5.917,0.731,0.435,0.903
canny_hough,otsu,binary,315,1,1,0.45,253.4,93.4,3.048,5.901,0.754,0.434,0.902
canny_hough,otsu,binary,316,1,1,0.3,254.1,94.1,2.839,5.736,0.724,0.434,0.904
canny_hough,otsu,binary,317,1,1,0.3,254.1,94.1,2.903,5.764,0.763,0.437,0.904
canny_hough,otsu,binary,318,1,1,0.45,253.92,93.92,3.148,5.95,0.723,0.432,0.894
canny_hough,otsu,binary,319,1,1,0.3,254.1,94.1,2.892,5.783,0.791,0.438,0.899
canny_hough,otsu,binary,320,1,1,0.45,255.02,95.02,3.101,5.919,0.715,0.428,0.916
canny_hough,otsu,binary,321,1,1,0.45,255.02,95.02,3.109,5.988,0.719,0.47,0.932
canny_hough,otsu,binary,322,1,1,0.3,253.79,93.79,2.937,5.767,0.715,0.431,0.897
canny_hough,otsu,binary,323,1,1,0.3,253.79,93.79,2.992,5.85,0.718,0.472,0.908
canny_hough,otsu,binary,324,1,1,0.3,253.79,93.79,2.938,5.757,0.714,0.428,0.909
canny_hough,otsu,binary,325,1,1,0.45,253.4,93.4,3.081,5.942,0.719,0.435,0.948
canny_hough,otsu,binary,326,1,1,0.45,253.53,93.53,3.036,5.859,0.717,0.433,0.912
canny_hough,otsu,binary,327,1,1,0.45,253.53,93.53,3.038,5.898,0.721,0.433,0.942
canny_hough,otsu,binary,328,1,1,0.45,253.31,93.31,3.08,5.879,0.708,0.432,0.899
canny_hough,otsu,binary,329,1,1,0.45,253.31,93.31,3.097,5.99,0.731,0.433,0.971
canny_hough,otsu,binary,330,1,1,0.45,253.9,93.9,3.086,5.882,0.713,0.433,0.897
canny_hough,otsu,binary,331,1,1,0.45,253.08,93.08,3.004,5.963,0.725,0.435,0.981
canny_hough,otsu,binary,332,1,1,0.45,255.02,95.02,3.091,5.935,0.713,0.433,0.901
canny_hough,otsu,binary,333,1,1,0.45,255.02,95.02,3.088,5.986,0.726,0.433,0.986
canny_hough,otsu,binary,334,1,1,0.45,252.05,92.05,3.008,5.813,0.719,0.432,0.906
canny_hough,otsu,binary,335,1,1,0.45,252.05,92.05,2.947,5.827,0.722,0.433,0.966
canny_hough,otsu,binary,336,1,1,0.3,250.23,90.23,2.907,5.797,0.713,0.431,0.919
canny_hough,otsu,binary,337,1,1,0.45,253.53,93.53,2.996,5.901,0.725,0.434,0.985
canny_hough,otsu,binary,338,1,1,0.45,253.53,93.53,3.025,5.863,0.703,0.432,0.891
canny_hough,otsu,binary,339,1,1,0.45,253.53,93.53,2.804,5.709,0.731,0.431,0.987
canny_hough,otsu,binary,340,1,1,0.3,250.23,90.23,2.632,5.136,0.638,0.381,0.81
canny_hough,otsu,binary,341,1,1,0.3,250.23,90.23,2.632,5.164,0.637,0.378,0.823
canny_hough,otsu,binary,342,1,1,0.3,253.79,93.79,2.568,5.216,0.641,0.379,0.887
canny_hough,otsu,binary,343,1,1,0.3,253.79,93.79,2.634,5.194,0.676,0.383,0.807
canny_hough,otsu,binary,344,1,1,0.3,253.79,93.79,2.63,5.121,0.633,0.38,0.797
canny_hough,otsu,binary,345,1,1,0.3,253.79,93.79,2.586,5.185,0.648,0.376,0.817
canny_hough,otsu,binary,346,1,1,0.3,253.79,93.79,2.569,5.122,0.642,0.418,0.819
canny_hough,otsu,binary,347,1,1,0.3,253.96,93.96,2.61,5.241,0.675,0.378,0.822
canny_hough,otsu,binary,348,1,1,0.3,253.96,93.96,2.633,5.146,0.651,0.381,0.798
canny_hough,otsu,binary,349,1,1,0.3,253.48,93.48,2.559,5.111,0.637,0.377,0.862
canny_hough,otsu,binary,350,1,1,0.45,253.52,93.52,2.759,5.33,0.619,0.382,0.816
canny_hough,otsu,binary,351,1,1,0.45,253.52,93.52,2.805,5.318,0.641,0.378,0.816
canny_hough,otsu,binary,352,1,1,0.45,255.02,95.02,2.722,5.327,0.633,0.379,0.869
canny_hough,otsu,binary,353,1,1,0.45,255.02,95.02,2.782,5.348,0.624,0.379,0.809
canny_hough,otsu,binary,354,1,1,0.3,254.1,94.1,2.625,5.139,0.643,0.377,0.806
canny_hough,otsu,binary,355,1,1,0.45,253.32,93.32,2.726,5.302,0.64,0.379,0.866
canny_hough,otsu,binary,356,1,1,0.45,253.32,93.32,2.772,5.336,0.621,0.38,0.82
canny_hough,otsu,binary,357,1,1,0.45,254.49,94.49,2.805,5.331,0.634,0.379,0.824
canny_hough,otsu,binary,358,1,1,0.3,253.79,93.79,2.566,5.14,0.657,0.377,0.855
canny_hough,otsu,binary,359,1,1,0.3,253.79,93.79,2.933,5.494,0.625,0.378,0.789
canny_hough,otsu,binary,360,1,1,0.3,253.79,93.79,2.666,5.183,0.631,0.381,0.818
canny_hough,otsu,binary,361,1,1,0.45,253.92,93.92,2.71,5.276,0.644,0.374,0.855
canny_hough,otsu,binary,362,1,1,0.45,253.52,93.52,2.766,5.367,0.625,0.378,0.807
canny_hough,otsu,binary,363,1,1,0.45,253.52,93.52,2.769,5.282,0.633,0.377,0.804
canny_hough,adaptive,binary,0,1,1,0.3,250.23,90.23,3.774,15.55,1.071,8.249,1.661
canny_hough,adaptive,binary,1,1,1,0.3,250.23,90.23,6.573,25.575,1.142,13.058,3.617
canny_hough,adaptive,binary,2,1,1,0.3,250.23,90.23,3.697,15.184,1.022,7.86,1.7
canny_hough,adaptive,binary,3,1,1,0.45,253.92,93.92,2.896,13.393,1.176,7.424,1.099
canny_hough,adaptive,binary,4,1,1,0.3,250.23,90.23,2.915,14.648,1.144,8.345,1.473
canny_hough,adaptive,binary,5,1,1,0.3,250.23,90.23,2.982,14.745,1.197,8.409,1.376
canny_hough,adaptive,binary,6,1,1,0.45,253.92,93.92,3.181,14.852,1.152,8.438,1.294
canny_hough,adaptive,binary,7,1,1,0.3,254.1,94.1,2.886,14.622,1.163,8.393,1.364
canny_hough,adaptive,binary,8,1,1,0.3,254.1,94.1,2.995,14.616,1.153,8.343,1.293
canny_hough,adaptive,binary,9,1,1,0.3,254.1,94.1,2.963,14.639,1.211,8.427,1.265
canny_hough,adaptive,binary,10,1,1,0.3,253.79,93.79,2.907,14.648,1.155,8.333,1.475
canny_hough,adaptive,binary,11,1,1,0.3,250.23,90.23,2.969,14.661,1.145,8.417,1.287
canny_hough,adaptive,binary,12,1,1,0.3,250.23,90.23,2.971,14.947,1.208,8.452,1.536
canny_hough,adaptive,binary,13,1,1,0.3,250.23,90.23,2.923,14.547,1.147,8.304,1.409
canny_hough,adaptive,binary,14,1,1,0.3,250.23,90.23,2.918,14.36,1.135,8.247,1.283
canny_hough,adaptive,binary,15,1,1,0.3,251.44,91.44,2.947,14.462,1.188,8.314,1.243
canny_hough,adaptive,binary,16,1,1,0.45,254.1,94.1,3.466,15.409,1.257,8.453,1.375
canny_hough,adaptive,binary,17,1,1,0.3,250.23,90.23,2.785,14.821,1.175,8.514,1.536
canny_hough,adaptive,binary,18,1,1,0.45,248.44,88.44,3.076,13.647,1.078,7.382,1.397
canny_hough,adaptive,binary,19,1,1,0.3,253.79,93.79,2.896,13.434,1.025,7.471,1.299
canny_hough,adaptive,binary,20,1,1,0.3,253.79,93.79,2.639,12.801,1.052,7.235,1.193
canny_hough,adaptive,binary,21,1,1,0.45,253.53,93.53,2.735,13.29,1.276,7.436,1.094
canny_hough,adaptive,binary,22,1,1,0.3,250.23,90.23,2.632,12.542,0.995,7.136,1.106
canny_hough,adaptive,binary,23,1,1,0.3,250.23,90.23,2.635,12.668,0.989,7.236,1.11
canny_hough,adaptive,binary,24,1,1,0.3,250.23,90.23,2.57,12.589,0.995,7.154,1.12
canny_hough,adaptive,binary,25,1,1,0.45,253.4,93.4,3.1,13.641,1.029,7.426,1.387
canny_hough,adaptive,binary,26,1,1,0.45,253.4,93.4,3.062,14.449,1.141,8.234,1.253
canny_hough,adaptive,binary,27,1,1,0.45,253.6,93.6,3.072,14.539,1.183,8.277,1.21
canny_hough,adaptive,binary,28,1,1,0.3,251.44,91.44,2.927,14.407,1.137,8.291,1.294
canny_hough,adaptive,binary,29,1,1,0.3,251.44,91.44,2.963,14.657,1.139,8.462,1.336
canny_hough,adaptive,binary,30,1,1,0.3,250.23,90.23,2.969,14.648,1.236,8.422,1.231
canny_hough,adaptive,binary,31,1,1,0.45,254.1,94.1,3.154,14.9,1.142,8.398,1.432
canny_hough,adaptive,binary,32,1,1,0.45,254.1,94.1,2.88,14.02,1.156,8.04,1.175
canny_hough,adaptive,binary,33,1,1,0.3,250.23,90.23,2.65,13.026,1.045,7.29,1.352
canny_hough,adaptive,binary,34,1,1,0.3,250.23,90.23,2.715,13.017,1.0,7.317,1.21
canny_hough,adaptive,binary,35,1,1,0.3,253.79,93.79,2.691,12.904,0.999,7.34,1.165
canny_hough,adaptive,binary,36,1,1,0.3,253.79,93.79,2.714,12.979,1.002,7.296,1.264
canny_hough,adaptive,binary,37,1,1,0.3,250.23,90.23,2.637,12.956,1.053,7.284,1.24
canny_hough,adaptive,binary,38,1,1,0.3,250.23,90.23,2.703,12.911,1.008,7.294,1.147
canny_hough,adaptive,binary,39,1,1,0.3,250.23,90.23,2.626,12.941,1.004,7.443,1.177
canny_hough,adaptive,binary,40,1,1,0.3,250.23,90.23,2.856,13.879,0.988,7.918,1.423
canny_hough,adaptive,binary,41,1,1,0.45,254.1,94.1,3.06,14.678,1.143,8.262,1.383
canny_hough,adaptive,binary,42,1,1,0.45,254.1,94.1,3.062,14.495,1.183,8.266,1.223
canny_hough,adaptive,binary,43,1,1,0.45,253.53,93.53,2.971,14.489,1.14,8.328,1.282
canny_hough,adaptive,binary,44,1,1,0.3,250.23,90.23,2.92,14.473,1.141,8.249,1.346
canny_hough,adaptive,binary,45,1,1,0.3,250.23,90.23,2.924,14.48,1.137,8.261,1.396
canny_hough,adaptive,binary,46,1,1,0.3,250.23,90.23,2.863,14.391,1.132,8.232,1.349
canny_hough,adaptive,binary,47,1,1,0.3,250.23,90.23,2.636,13.318,1.175,7.611,1.11
canny_hough,adaptive,binary,48,1,1,0.45,253.6,93.6,2.781,12.686,0.987,7.171,1.079
canny_hough,adaptive,binary,49,1,1,0.3,250.23,90.23,2.624,12.684,0.989,7.171,1.212
canny_hough,adaptive,binary,50,1,1,0.3,250.23,90.23,2.637,12.587,0.991,7.154,1.13
canny_hough,adaptive,binary,51,1,1,0.45,253.53,93.53,2.654,12.802,0.997,7.198,1.271
canny_hough,adaptive,binary,52,1,1,0.3,250.23,90.23,2.618,12.708,1.027,7.147,1.199
canny_hough,adaptive,binary,53,1,1,0.3,253.79,93.79,2.648,12.63,0.983,7.206,1.109
canny_hough,adaptive,binary,54,1,1,0.3,253.79,93.79,2.627,12.546,0.989,7.153,1.095
canny_hough,adaptive,binary,55,1,1,0.3,250.23,90.23,2.619,12.699,0.995,7.191,1.208
canny_hough,adaptive,binary,56,1,1,0.45,253.92,93.92,2.732,12.809,0.99,7.132,1.215
canny_hough,adaptive,binary,57,1,1,0.45,253.92,93.92,2.732,12.764,1.025,7.128,1.18
canny_hough,adaptive,binary,58,1,1,0.3,250.23,90.23,2.63,12.714,0.998,7.168,1.178
canny_hough,adaptive,binary,59,1,1,0.3,250.23,90.23,2.608,12.531,0.981,7.164,1.083
canny_hough,adaptive,binary,60,1,1,0.3,250.23,90.23,2.618,12.567,0.982,7.149,1.131
canny_hough,adaptive,binary,61,1,1,0.3,250.23,90.23,2.62,12.574,0.99,7.175,1.106
canny_hough,adaptive,binary,62,1,1,0.3,250.23,90.23,2.56,12.664,0.996,7.159,1.267
canny_hough,adaptive,binary,63,1,1,0.45,254.1,94.1,3.043,14.085,1.027,8.092,1.226
canny_hough,adaptive,binary,64,1,1,0.45,254.85,94.85,3.018,14.439,1.132,8.261,1.269
canny_hough,adaptive,binary,65,1,1,0.45,254.85,94.85,3.04,14.536,1.164,8.261,1.242
canny_hough,adaptive,binary,66,1,1,0.45,255.02,95.02,3.085,14.48,1.192,8.241,1.197
canny_hough,adaptive,binary,67,1,1,0.45,254.49,94.49,2.99,14.591,1.138,8.264,1.404
canny_hough,adaptive,binary,68,1,1,0.3,250.23,90.23,2.897,14.426,1.131,8.22,1.364
canny_hough,adaptive,binary,69,1,1,0.3,250.23,90.23,2.917,14.47,1.149,8.318,1.333
canny_hough,adaptive,binary,70,1,1,0.45,254.1,94.1,3.064,14.399,1.137,8.21,1.227
canny_hough,adaptive,binary,71,1,1,0.45,254.1,94.1,3.053,14.864,1.332,8.368,1.35
canny_hough,adaptive,binary,72,1,1,0.3,250.23,90.23,2.926,14.445,1.134,8.238,1.395
canny_hough,adaptive,binary,73,1,1,0.45,253.92,93.92,3.148,14.637,1.142,8.251,1.343
canny_hough,adaptive,binary,74,1,1,0.3,253.79,93.79,2.908,14.318,1.191,8.235,1.227
canny_hough,adaptive,binary,75,1,1,0.3,253.79,93.79,2.835,14.386,1.133,8.264,1.392
canny_hough,adaptive,binary,76,1,1,0.3,254.1,94.1,2.874,14.314,1.132,8.211,1.338
canny_hough,adaptive,binary,77,1,1,0.3,254.1,94.1,2.889,14.379,1.193,8.291,1.217
canny_hough,adaptive,binary,78,1,1,0.3,254.1,94.1,2.826,14.225,1.128,8.223,1.294
canny_hough,adaptive,binary,79,1,1,0.45,253.92,93.92,3.083,14.522,1.189,8.27,1.212
canny_hough,adaptive,binary,80,1,1,0.45,253.92,93.92,3.141,14.562,1.142,8.223,1.293
canny_hough,adaptive,binary,81,1,1,0.3,253.79,93.79,2.9,14.38,1.132,8.266,1.324
canny_hough,adaptive,binary,82,1,1,0.45,253.4,93.4,3.098,14.638,1.195,8.257,1.341
canny_hough,adaptive,binary,83,1,1,0.45,253.4,93.4,3.121,14.689,1.131,8.259,1.421
canny_hough,adaptive,binary,84,1,1,0.45,254.49,94.49,2.751,13.069,1.127,7.331,1.114
canny_hough,adaptive,binary,85,1,1,0.3,253.79,93.79,2.604,12.63,0.988,7.165,1.191
canny_hough,adaptive,binary,86,1,1,0.45,253.53,93.53,2.79,12.699,0.996,7.153,1.082
canny_hough,adaptive,binary,87,1,1,0.45,253.53,93.53,2.681,12.858,1.035,7.139,1.286
canny_hough,adaptive,binary,88,1,1,0.3,253.79,93.79,2.623,12.744,0.989,7.173,1.208
canny_hough,adaptive,binary,89,1,1,0.3,253.79,93.79,2.632,12.68,0.999,7.189,1.179
canny_hough,adaptive,binary,90,1,1,0.45,255.02,95.02,2.775,12.786,0.994,7.139,1.202
canny_hough,adaptive,binary,91,1,1,0.3,250.23,90.23,2.583,12.65,0.997,7.188,1.114
canny_hough,adaptive,binary,92,1,1,0.3,250.23,90.23,2.566,12.589,1.033,7.128,1.178
canny_hough,adaptive,binary,93,1,1,0.3,250.23,90.23,2.615,12.653,1.042,7.217,1.097
canny_hough,adaptive,binary,94,1,1,0.45,253.92,93.92,2.765,12.769,0.98,7.242,1.096
canny_hough,adaptive,binary,95,1,1,0.45,253.92,93.92,2.81,12.847,0.998,7.177,1.185
canny_hough,adaptive,binary,96,1,1,0.3,250.23,90.23,2.642,12.573,0.994,7.152,1.1
canny_hough,adaptive,binary,97,1,1,0.3,253.79,93.79,2.576,12.647,0.983,7.187,1.184
canny_hough,adaptive,binary,98,1,1,0.3,250.23,90.23,2.568,12.55,1.034,7.11,1.154
canny_hough,adaptive,binary,99,1,1,0.3,250.23,90.23,2.627,12.691,0.992,7.22,1.102
canny_hough,adaptive,binary,100,1,1,0.3,250.23,90.23,2.614,12.546,0.979,7.155,1.106
canny_hough,adaptive,binary,101,1,1,0.3,250.23,90.23,2.73,12.731,0.982,7.176,1.171
canny_hough,adaptive,binary,102,1,1,0.45,254.1,94.1,2.756,12.766,0.986,7.117,1.202
canny_hough,adaptive,binary,103,1,1,0.3,253.65,93.65,2.618,12.993,1.03,7.281,1.375
canny_hough,adaptive,binary,104,1,1,0.3,250.23,90.23,2.721,12.975,0.996,7.337,1.15
canny_hough,adaptive,binary,105,1,1,0.3,250.23,90.23,2.688,12.891,1.01,7.319,1.148
canny_hough,adaptive,binary,106,1,1,0.45,253.4,93.4,2.792,13.103,1.002,7.274,1.266
canny_hough,adaptive,binary,107,1,1,0.45,253.4,93.4,2.838,13.149,1.052,7.282,1.233
canny_hough,adaptive,binary,108,1,1,0.45,253.53,93.53,2.815,13.088,1.002,7.306,1.241
canny_hough,adaptive,binary,109,1,1,0.45,254.1,94.1,2.823,13.056,0.999,7.341,1.176
canny_hough,adaptive,binary,110,1,1,0.45,254.1,94.1,2.785,12.972,1.001,7.278,1.203
canny_hough,adaptive,binary,111,1,1,0.45,254.1,94.1,2.887,13.164,1.061,7.354,1.159
canny_hough,adaptive,binary,112,1,1,0.3,250.23,90.23,2.694,12.857,1.001,7.309,1.148
canny_hough,adaptive,binary,113,1,1,0.45,253.52,93.52,2.76,12.845,0.996,7.274,1.109
canny_hough,adaptive,binary,114,1,1,0.45,253.52,93.52,2.709,12.678,0.988,7.153,1.15
canny_hough,adaptive,binary,115,1,1,0.3,250.23,90.23,2.597,12.78,1.035,7.15,1.26
canny_hough,adaptive,binary,116,1,1,0.3,250.23,90.23,2.64,12.673,0.978,7.199,1.168
canny_hough,adaptive,binary,117,1,1,0.45,253.53,93.53,2.726,12.726,0.982,7.166,1.117
canny_hough,adaptive,binary,118,1,1,0.3,250.23,90.23,2.643,12.657,0.988,7.135,1.204
canny_hough,adaptive,binary,119,1,1,0.3,250.23,90.23,2.567,12.674,0.993,7.166,1.274
canny_hough,adaptive,binary,120,1,1,0.3,253.79,93.79,2.576,12.54,1.035,7.117,1.15
canny_hough,adaptive,binary,121,1,1,0.45,253.92,93.92,2.792,12.903,0.983,7.201,1.184
canny_hough,adaptive,binary,122,1,1,0.45,253.92,93.92,2.772,12.788,0.996,7.144,1.196
canny_hough,adaptive,binary,123,1,1,0.45,253.92,93.92,2.761,12.715,0.996,7.163,1.105
canny_hough,adaptive,binary,124,1,1,0.3,254.1,94.1,2.553,12.514,0.982,7.141,1.097
canny_hough,adaptive,binary,125,1,1,0.3,254.1,94.1,2.547,12.674,1.032,7.134,1.285
canny_hough,adaptive,binary,126,1,1,0.45,253.53,93.53,2.756,12.83,1.042,7.148,1.209
canny_hough,adaptive,binary,127,1,1,0.3,253.79,93.79,2.621,12.625,0.986,7.21,1.09
canny_hough,adaptive,binary,128,1,1,0.3,253.79,93.79,2.662,12.716,0.986,7.176,1.207
canny_hough,adaptive,binary,129,1,1,0.3,253.79,93.79,2.623,12.606,0.995,7.179,1.114
canny_hough,adaptive,binary,130,1,1,0.3,250.23,90.23,2.58,12.665,0.997,7.144,1.267
canny_hough,adaptive,binary,131,1,1,0.3,250.23,90.23,2.564,12.583,1.039,7.145,1.148
canny_hough,adaptive,binary,132,1,1,0.3,250.23,90.23,2.619,12.659,0.996,7.183,1.111
canny_hough,adaptive,binary,133,1,1,0.3,253.96,93.96,2.627,12.556,0.988,7.174,1.079
canny_hough,adaptive,binary,134,1,1,0.3,253.96,93.96,2.645,12.588,0.998,7.131,1.135
canny_hough,adaptive,binary,135,1,1,0.45,253.53,93.53,2.749,12.813,0.988,7.175,1.211
canny_hough,adaptive,binary,136,1,1,0.45,255.02,95.02,2.737,12.817,1.028,7.102,1.274
canny_hough,adaptive,binary,137,1,1,0.45,253.4,93.4,2.785,12.942,1.049,7.193,1.197
canny_hough,adaptive,binary,138,1,1,0.45,253.4,93.4,2.808,12.893,1.008,7.174,1.219
canny_hough,adaptive,binary,139,1,1,0.3,250.23,90.23,2.91,13.425,0.986,7.485,1.343
canny_hough,adaptive,binary,140,1,1,0.3,253.79,93.79,2.897,14.313,1.175,8.252,1.231
canny_hough,adaptive,binary,141,1,1,0.3,253.79,93.79,2.849,14.321,1.129,8.283,1.312
canny_hough,adaptive,binary,142,1,1,0.45,253.53,93.53,3.023,14.588,1.167,8.231,1.353
canny_hough,adaptive,binary,143,1,1,0.45,253.53,93.53,3.075,14.533,1.193,8.291,1.209
canny_hough,adaptive,binary,144,1,1,0.3,253.65,93.65,2.856,14.28,1.128,8.23,1.306
canny_hough,adaptive,binary,145,1,1,0.3,254.1,94.1,2.876,14.321,1.185,8.265,1.238
canny_hough,adaptive,binary,146,1,1,0.3,253.48,93.48,2.549,13.83,1.147,8.11,1.29
canny_hough,adaptive,binary,147,1,1,0.3,253.48,93.48,2.614,12.797,0.986,7.203,1.183
canny_hough,adaptive,binary,148,1,1,0.45,253.32,93.32,2.776,12.887,0.995,7.347,1.084
canny_hough,adaptive,binary,149,1,1,0.45,253.53,93.53,2.729,12.774,0.988,7.169,1.214
canny_hough,adaptive,binary,150,1,1,0.45,253.53,93.53,2.681,12.683,0.996,7.136,1.129
canny_hough,adaptive,binary,151,1,1,0.3,250.23,90.23,2.552,12.643,1.026,7.139,1.252
canny_hough,adaptive,binary,152,1,1,0.3,250.23,90.23,2.628,12.73,0.982,7.182,1.193
canny_hough,adaptive,binary,153,1,1,0.3,250.23,90.23,2.624,12.64,0.986,7.177,1.184
canny_hough,adaptive,binary,154,1,1,0.3,250.23,90.23,2.627,12.646,0.998,7.153,1.192
canny_hough,adaptive,binary,155,1,1,0.3,250.23,90.23,2.62,12.603,0.994,7.167,1.129
canny_hough,adaptive,binary,156,1,1,0.3,250.23,90.23,2.571,12.651,1.001,7.152,1.249
canny_hough,adaptive,binary,157,1,1,0.3,253.79,93.79,2.567,12.598,1.033,7.126,1.156
canny_hough,adaptive,binary,158,1,1,0.45,253.53,93.53,2.731,12.731,0.996,7.153,1.098
canny_hough,adaptive,binary,159,1,1,0.45,253.53,93.53,2.742,12.713,0.997,7.196,1.076
canny_hough,adaptive,binary,160,1,1,0.3,253.79,93.79,2.646,12.57,0.993,7.14,1.109
canny_hough,adaptive,binary,161,1,1,0.3,250.23,90.23,2.628,12.592,0.988,7.19,1.09
canny_hough,adaptive,binary,162,1,1,0.3,250.23,90.23,2.578,12.678,1.041,7.12,1.267
canny_hough,adaptive,binary,163,1,1,0.3,253.79,93.79,2.633,12.739,1.035,7.139,1.192
canny_hough,adaptive,binary,164,1,1,0.3,253.79,93.79,2.62,12.599,1.0,7.178,1.11
canny_hough,adaptive,binary,165,1,1,0.3,253.79,93.79,2.665,12.732,0.998,7.174,1.212
canny_hough,adaptive,binary,166,1,1,0.3,253.79,93.79,2.626,12.666,0.991,7.182,1.194
canny_hough,adaptive,binary,167,1,1,0.3,253.79,93.79,2.547,12.68,0.992,7.182,1.251
canny_hough,adaptive,binary,168,1,1,0.3,253.79,93.79,2.571,12.783,1.034,7.115,1.382
canny_hough,adaptive,binary,169,1,1,0.3,253.79,93.79,2.614,12.648,0.985,7.192,1.109
canny_hough,adaptive,binary,170,1,1,0.3,253.79,93.79,2.691,12.646,0.978,7.138,1.187
canny_hough,adaptive,binary,171,1,1,0.3,253.79,93.79,2.612,12.685,0.986,7.17,1.222
canny_hough,adaptive,binary,172,1,1,0.45,254.49,94.49,2.706,12.811,0.994,7.166,1.212
canny_hough,adaptive,binary,173,1,1,0.45,254.49,94.49,2.695,12.727,1.034,7.149,1.169
canny_hough,adaptive,binary,174,1,1,0.45,253.53,93.53,2.752,12.822,0.981,7.156,1.19
canny_hough,adaptive,binary,175,1,1,0.3,253.79,93.79,2.609,12.647,0.988,7.167,1.192
canny_hough,adaptive,binary,176,1,1,0.3,253.79,93.79,2.65,12.572,0.989,7.143,1.101
canny_hough,adaptive,binary,177,1,1,0.3,253.79,93.79,2.611,12.688,0.995,7.166,1.195
canny_hough,adaptive,binary,178,1,1,0.3,253.79,93.79,2.569,12.536,1.027,7.095,1.158
canny_hough,adaptive,binary,179,1,1,0.3,253.79,93.79,2.562,12.738,1.025,7.225,1.236
canny_hough,adaptive,binary,180,1,1,0.45,253.92,93.92,2.989,13.251,0.983,7.45,1.11
canny_hough,adaptive,binary,181,1,1,0.3,253.79,93.79,2.654,12.619,1.0,7.207,1.095
canny_hough,adaptive,binary,182,1,1,0.3,250.23,90.23,2.618,12.535,0.983,7.136,1.117
canny_hough,adaptive,binary,183,1,1,0.3,250.23,90.23,2.56,12.723,1.029,7.197,1.279
canny_hough,adaptive,binary,184,1,1,0.3,253.79,93.79,2.626,12.696,1.051,7.096,1.182
canny_hough,adaptive,binary,185,1,1,0.45,253.4,93.4,2.752,12.817,0.981,7.205,1.19
canny_hough,adaptive,binary,186,1,1,0.45,253.4,93.4,2.753,12.774,0.995,7.142,1.204
canny_hough,adaptive,binary,187,1,1,0.3,254.1,94.1,2.611,12.669,0.98,7.161,1.209
canny_hough,adaptive,binary,188,1,1,0.3,254.1,94.1,2.545,12.614,0.985,7.095,1.272
canny_hough,adaptive,binary,189,1,1,0.45,253.92,93.92,2.705,12.726,1.033,7.151,1.147
canny_hough,adaptive,binary,190,1,1,0.45,253.92,93.92,2.783,12.802,0.979,7.165,1.193
canny_hough,adaptive,binary,191,1,1,0.45,253.92,93.92,2.822,12.897,0.997,7.182,1.212
canny_hough,adaptive,binary,192,1,1,0.3,253.79,93.79,2.643,12.653,0.996,7.129,1.205
canny_hough,adaptive,binary,193,1,1,0.3,253.79,93.79,2.575,12.634,1.047,7.137,1.193
canny_hough,adaptive,binary,194,1,1,0.3,253.79,93.79,2.897,14.08,1.034,8.107,1.349
canny_hough,adaptive,binary,195,1,1,0.45,253.92,93.92,3.076,14.768,1.145,8.27,1.516
canny_hough,adaptive,binary,196,1,1,0.3,253.79,93.79,2.921,14.278,1.129,8.216,1.257
canny_hough,adaptive,binary,197,1,1,0.3,253.79,93.79,2.904,14.378,1.177,8.28,1.229
canny_hough,adaptive,binary,198,1,1,0.45,255.02,95.02,3.028,14.528,1.138,8.204,1.4
canny_hough,adaptive,binary,199,1,1,0.45,253.53,93.53,3.022,14.549,1.129,8.245,1.323
canny_hough,adaptive,binary,200,1,1,0.3,253.48,93.48,2.943,14.345,1.139,8.276,1.241
canny_hough,adaptive,binary,201,1,1,0.3,253.48,93.48,2.597,13.115,1.127,7.442,1.21
canny_hough,adaptive,binary,202,1,1,0.3,253.79,93.79,2.639,12.674,0.997,7.146,1.207
canny_hough,adaptive,binary,203,1,1,0.3,253.79,93.79,2.573,12.696,0.986,7.191,1.27
canny_hough,adaptive,binary,204,1,1,0.3,253.79,93.79,2.569,12.641,1.026,7.13,1.252
canny_hough,adaptive,binary,205,1,1,0.45,253.53,93.53,2.724,12.824,0.987,7.186,1.188
canny_hough,adaptive,binary,206,1,1,0.45,253.53,93.53,2.722,12.744,0.99,7.144,1.205
canny_hough,adaptive,binary,207,1,1,0.3,250.23,90.23,2.618,12.612,0.981,7.169,1.129
canny_hough,adaptive,binary,208,1,1,0.45,253.4,93.4,2.76,12.71,0.985,7.142,1.104
canny_hough,adaptive,binary,209,1,1,0.45,253.4,93.4,2.715,12.739,1.033,7.155,1.159
canny_hough,adaptive,binary,210,1,1,0.45,253.4,93.4,2.784,12.804,0.986,7.155,1.116
canny_hough,adaptive,binary,211,1,1,0.45,253.53,93.53,2.736,12.67,0.985,7.169,1.084
canny_hough,adaptive,binary,212,1,1,0.3,250.23,90.23,2.633,12.554,0.982,7.137,1.129
canny_hough,adaptive,binary,213,1,1,0.3,250.23,90.23,2.626,12.573,0.989,7.174,1.119
canny_hough,adaptive,binary,214,1,1,0.45,255.1,95.1,2.734,12.75,1.053,7.111,1.161
canny_hough,adaptive,binary,215,1,1,0.45,255.1,95.1,2.79,12.912,1.045,7.196,1.189
canny_hough,adaptive,binary,216,1,1,0.45,253.92,93.92,2.806,12.81,0.991,7.129,1.193
canny_hough,adaptive,binary,217,1,1,0.45,254.46,94.46,2.726,12.811,0.982,7.184,1.201
canny_hough,adaptive,binary,218,1,1,0.45,253.4,93.4,2.72,12.803,0.991,7.151,1.207
canny_hough,adaptive,binary,219,1,1,0.3,254.1,94.1,2.516,12.648,1.022,7.162,1.272
canny_hough,adaptive,binary,220,1,1,0.3,250.23,90.23,2.637,12.639,0.994,7.189,1.087
canny_hough,adaptive,binary,221,1,1,0.3,250.23,90.23,2.623,12.562,0.978,7.181,1.105
canny_hough,adaptive,binary,222,1,1,0.3,253.79,93.79,2.625,12.59,0.975,7.131,1.191
canny_hough,adaptive,binary,223,1,1,0.3,253.79,93.79,2.627,12.583,0.987,7.181,1.108
canny_hough,adaptive,binary,224,1,1,0.45,253.9,93.9,2.769,12.708,0.98,7.136,1.108
canny_hough,adaptive,binary,225,1,1,0.45,253.9,93.9,2.713,12.803,1.027,7.123,1.256
canny_hough,adaptive,binary,226,1,1,0.3,253.79,93.79,2.622,12.695,0.982,7.152,1.195
canny_hough,adaptive,binary,227,1,1,0.3,253.79,93.79,2.635,12.924,0.985,7.425,1.159
canny_hough,adaptive,binary,228,1,1,0.3,253.79,93.79,2.642,12.667,1.001,7.136,1.214
canny_hough,adaptive,binary,229,1,1,0.3,254.1,94.1,2.55,12.672,0.996,7.171,1.27
canny_hough,adaptive,binary,230,1,1,0.3,253.79,93.79,2.588,12.656,1.041,7.096,1.246
canny_hough,adaptive,binary,231,1,1,0.3,253.79,93.79,2.625,12.751,0.988,7.205,1.192
canny_hough,adaptive,binary,232,1,1,0.45,253.92,93.92,2.785,12.784,0.984,7.146,1.192
canny_hough,adaptive,binary,233,1,1,0.45,254.49,94.49,2.759,12.772,0.986,7.209,1.133
canny_hough,adaptive,binary,234,1,1,0.45,254.49,94.49,2.71,12.637,0.978,7.127,1.094
canny_hough,adaptive,binary,235,1,1,0.45,253.4,93.4,2.686,12.723,1.031,7.148,1.17
canny_hough,adaptive,binary,236,1,1,0.45,253.4,93.4,2.742,12.842,0.995,7.174,1.184
canny_hough,adaptive,binary,237,1,1,0.45,253.4,93.4,2.746,12.733,0.997,7.197,1.081
canny_hough,adaptive,binary,238,1,1,0.3,253.79,93.79,2.633,12.651,0.989,7.139,1.218
canny_hough,adaptive,binary,239,1,1,0.3,253.96,93.96,2.589,12.63,0.994,7.17,1.133
canny_hough,adaptive,binary,240,1,1,0.3,253.96,93.96,2.851,12.865,1.026,7.118,1.188
canny_hough,adaptive,binary,241,1,1,0.45,254.1,94.1,2.75,12.875,1.005,7.191,1.182
canny_hough,adaptive,binary,242,1,1,0.3,253.79,93.79,2.618,12.527,0.988,7.151,1.09
canny_hough,adaptive,binary,243,1,1,0.3,253.79,93.79,2.634,12.636,0.992,7.206,1.121
canny_hough,adaptive,binary,244,1,1,0.3,253.79,93.79,2.625,12.503,0.985,7.124,1.084
canny_hough,adaptive,binary,245,1,1,0.3,253.79,93.79,2.584,12.706,0.99,7.198,1.256
canny_hough,adaptive,binary,246,1,1,0.3,254.1,94.1,2.549,12.521,1.038,7.103,1.161
canny_hough,adaptive,binary,247,1,1,0.45,253.4,93.4,2.754,12.811,0.999,7.218,1.056
canny_hough,adaptive,binary,248,1,1,0.3,254.1,94.1,2.603,12.622,0.994,7.142,1.199
canny_hough,adaptive,binary,249,1,1,0.3,254.1,94.1,2.618,12.557,0.989,7.158,1.105
canny_hough,adaptive,binary,250,1,1,0.45,253.92,93.92,2.746,12.923,0.995,7.228,1.206
canny_hough,adaptive,binary,251,1,1,0.45,253.92,93.92,2.712,12.798,1.027,7.129,1.259
canny_hough,adaptive,binary,252,1,1,0.45,254.58,94.58,2.827,12.911,0.984,7.164,1.199
canny_hough,adaptive,binary,253,1,1,0.3,253.79,93.79,2.608,12.528,0.98,7.164,1.092
canny_hough,adaptive,binary,254,1,1,0.3,253.79,93.79,2.618,12.635,0.986,7.151,1.203
canny_hough,adaptive,binary,255,1,1,0.45,252.22,92.22,2.693,12.698,0.988,7.173,1.113
canny_hough,adaptive,binary,256,1,1,0.3,253.79,93.79,2.565,12.654,1.034,7.253,1.126
canny_hough,adaptive,binary,257,1,1,0.3,253.79,93.79,3.205,13.355,1.043,7.191,1.164
canny_hough,adaptive,binary,258,1,1,0.3,253.79,93.79,2.624,12.741,1.006,7.223,1.18
canny_hough,adaptive,binary,259,1,1,0.3,253.79,93.79,2.645,12.712,0.997,7.188,1.201
canny_hough,adaptive,binary,260,1,1,0.3,253.79,93.79,2.566,12.612,0.985,7.212,1.188
canny_hough,adaptive,binary,261,1,1,0.3,253.96,93.96,2.569,12.597,1.045,7.167,1.13
canny_hough,adaptive,binary,262,1,1,0.3,253.65,93.65,2.698,12.822,0.994,7.191,1.202
canny_hough,adaptive,binary,263,1,1,0.3,253.65,93.65,2.586,12.806,1.084,7.33,1.113
canny_hough,adaptive,binary,264,1,1,0.3,253.65,93.65,2.92,13.096,0.995,7.156,1.333
canny_hough,adaptive,binary,265,1,1,0.3,253.79,93.79,2.901,14.456,1.181,8.316,1.304
canny_hough,adaptive,binary,266,1,1,0.3,253.79,93.79,2.865,14.265,1.135,8.228,1.281
canny_hough,adaptive,binary,267,1,1,0.3,254.1,94.1,2.88,14.373,1.133,8.254,1.24
canny_hough,adaptive,binary,268,1,1,0.3,253.79,93.79,2.901,14.449,1.143,8.261,1.393
canny_hough,adaptive,binary,269,1,1,0.3,253.79,93.79,2.849,14.427,1.138,8.265,1.356
canny_hough,adaptive,binary,270,1,1,0.45,253.4,93.4,3.105,14.551,1.182,8.263,1.241
canny_hough,adaptive,binary,271,1,1,0.3,253.79,93.79,2.582,14.0,1.131,8.284,1.261
canny_hough,adaptive,binary,272,1,1,0.3,253.48,93.48,2.635,12.732,0.984,7.174,1.197
canny_hough,adaptive,binary,273,1,1,0.3,253.48,93.48,2.616,12.584,0.992,7.179,1.101
canny_hough,adaptive,binary,274,1,1,0.3,254.1,94.1,2.607,12.526,0.983,7.159,1.097
canny_hough,adaptive,binary,275,1,1,0.3,254.1,94.1,2.593,12.543,0.988,7.167,1.108
canny_hough,adaptive,binary,276,1,1,0.3,253.79,93.79,2.559,12.644,0.991,7.155,1.256
canny_hough,adaptive,binary,277,1,1,0.45,253.92,93.92,2.721,12.772,1.032,7.129,1.172
canny_hough,adaptive,binary,278,1,1,0.45,254.1,94.1,2.76,12.85,0.994,7.163,1.193
canny_hough,adaptive,binary,279,1,1,0.45,254.1,94.1,3.051,13.105,0.98,7.216,1.156
canny_hough,adaptive,binary,280,1,1,0.3,253.79,93.79,2.939,14.349,1.138,8.217,1.294
canny_hough,adaptive,binary,281,1,1,0.3,253.65,93.65,2.877,14.338,1.142,8.307,1.241
canny_hough,adaptive,binary,282,1,1,0.3,253.65,93.65,2.894,14.308,1.174,8.246,1.24
canny_hough,adaptive,binary,283,1,1,0.45,253.4,93.4,3.039,14.582,1.143,8.241,1.401
canny_hough,adaptive,binary,284,1,1,0.45,253.4,93.4,3.075,14.448,1.137,8.216,1.207
canny_hough,adaptive,binary,285,1,1,0.3,250.23,90.23,2.902,14.351,1.127,8.324,1.235
canny_hough,adaptive,binary,286,1,1,0.3,253.79,93.79,2.607,14.153,1.144,8.212,1.387
canny_hough,adaptive,binary,287,1,1,0.3,253.79,93.79,2.576,12.756,1.026,7.144,1.279
canny_hough,adaptive,binary,288,1,1,0.45,253.32,93.32,2.785,12.787,0.985,7.172,1.104
canny_hough,adaptive,binary,289,1,1,0.45,253.32,93.32,2.776,12.759,0.993,7.179,1.118
canny_hough,adaptive,binary,290,1,1,0.45,253.92,93.92,2.776,12.697,0.991,7.14,1.11
canny_hough,adaptive,binary,291,1,1,0.45,253.92,93.92,2.709,12.772,0.98,7.17,1.185
canny_hough,adaptive,binary,292,1,1,0.45,254.42,94.42,2.701,12.815,1.029,7.126,1.281
canny_hough,adaptive,binary,293,1,1,0.3,253.79,93.79,2.624,12.658,0.998,7.191,1.097
canny_hough,adaptive,binary,294,1,1,0.3,253.79,93.79,2.613,12.656,0.995,7.165,1.207
canny_hough,adaptive,binary,295,1,1,0.3,253.65,93.65,2.625,12.555,0.985,7.188,1.081
canny_hough,adaptive,binary,296,1,1,0.3,253.65,93.65,2.637,12.664,0.982,7.146,1.234
canny_hough,adaptive,binary,297,1,1,0.3,253.79,93.79,2.6,12.672,0.995,7.179,1.179
canny_hough,adaptive,binary,298,1,1,0.3,250.23,90.23,2.609,12.581,1.032,7.126,1.132
canny_hough,adaptive,binary,299,1,1,0.3,250.23,90.23,2.619,12.683,0.996,7.216,1.089
canny_hough,adaptive,binary,300,1,1,0.3,253.79,93.79,2.62,12.539,0.988,7.158,1.082
canny_hough,adaptive,binary,301,1,1,0.45,253.32,93.32,2.776,12.808,0.982,7.163,1.199
canny_hough,adaptive,binary,302,1,1,0.45,253.38,93.38,2.755,12.699,1.0,7.148,1.112
canny_hough,adaptive,binary,303,1,1,0.45,253.38,93.38,2.687,12.815,1.032,7.136,1.279
canny_hough,adaptive,binary,304,1,1,0.45,253.53,93.53,2.746,12.847,0.983,7.161,1.205
canny_hough,adaptive,binary,305,1,1,0.3,253.79,93.79,2.949,12.927,0.989,7.184,1.116
canny_hough,adaptive,binary,306,1,1,0.3,253.79,93.79,2.647,12.586,0.988,7.167,1.094
canny_hough,adaptive,binary,307,1,1,0.3,250.23,90.23,2.574,12.614,1.001,7.169,1.107
canny_hough,adaptive,binary,308,1,1,0.3,250.23,90.23,2.546,12.635,1.031,7.095,1.285
canny_hough,adaptive,binary,309,1,1,0.3,253.65,93.65,2.621,12.69,1.048,7.225,1.107
canny_hough,adaptive,binary,310,1,1,0.45,253.53,93.53,2.724,12.654,0.993,7.165,1.078
canny_hough,adaptive,binary,311,1,1,0.45,253.53,93.53,2.763,12.747,0.991,7.186,1.116
canny_hough,adaptive,binary,312,1,1,0.3,253.48,93.48,2.606,12.627,0.99,7.146,1.198
canny_hough,adaptive,binary,313,1,1,0.45,253.4,93.4,2.688,12.766,0.983,7.163,1.263
canny_hough,adaptive,binary,314,1,1,0.45,253.4,93.4,2.76,12.85,1.039,7.109,1.26
canny_hough,adaptive,binary,315,1,1,0.45,253.4,93.4,2.734,12.788,0.992,7.189,1.191
canny_hough,adaptive,binary,316,1,1,0.3,254.1,94.1,2.603,12.538,1.001,7.148,1.113
canny_hough,adaptive,binary,317,1,1,0.3,254.1,94.1,2.586,12.667,0.99,7.168,1.193
canny_hough,adaptive,binary,318,1,1,0.45,253.92,93.92,3.054,13.392,0.992,7.379,1.272
canny_hough,adaptive,binary,319,1,1,0.3,254.1,94.1,2.888,14.405,1.128,8.298,1.242
canny_hough,adaptive,binary,320,1,1,0.45,255.02,95.02,3.084,14.52,1.131,8.302,1.237
canny_hough,adaptive,binary,321,1,1,0.45,255.02,95.02,3.005,14.556,1.14,8.256,1.391
canny_hough,adaptive,binary,322,1,1,0.3,253.79,93.79,2.924,14.317,1.208,8.219,1.209
canny_hough,adaptive,binary,323,1,1,0.3,253.79,93.79,2.92,14.401,1.141,8.269,1.302
canny_hough,adaptive,binary,324,1,1,0.3,253.79,93.79,2.922,14.272,1.142,8.243,1.205
canny_hough,adaptive,binary,325,1,1,0.45,253.4,93.4,2.758,14.141,1.249,8.21,1.191
canny_hough,adaptive,binary,326,1,1,0.45,253.53,93.53,2.752,12.679,0.988,7.15,1.1
canny_hough,adaptive,binary,327,1,1,0.45,253.53,93.53,2.76,12.758,1.0,7.178,1.103
canny_hough,adaptive,binary,328,1,1,0.45,253.31,93.31,2.765,12.831,0.982,7.132,1.259
canny_hough,adaptive,binary,329,1,1,0.45,253.31,93.31,2.767,12.797,1.024,7.164,1.161
canny_hough,adaptive,binary,330,1,1,0.45,253.9,93.9,2.783,12.837,0.995,7.168,1.206
canny_hough,adaptive,binary,331,1,1,0.45,253.08,93.08,2.766,12.81,0.991,7.172,1.202
canny_hough,adaptive,binary,332,1,1,0.45,255.02,95.02,2.779,12.777,0.99,7.212,1.11
canny_hough,adaptive,binary,333,1,1,0.45,255.02,95.02,2.708,13.01,1.045,7.327,1.25
canny_hough,adaptive,binary,334,1,1,0.45,252.05,92.05,2.73,12.775,0.985,7.222,1.083
canny_hough,adaptive,binary,335,1,1,0.45,252.05,92.05,2.759,12.822,0.996,7.187,1.196
canny_hough,adaptive,binary,336,1,1,0.3,250.23,90.23,2.629,12.566,0.988,7.135,1.123
canny_hough,adaptive,binary,337,1,1,0.45,253.53,93.53,2.681,12.764,0.996,7.222,1.082
canny_hough,adaptive,binary,338,1,1,0.45,253.53,93.53,2.673,12.961,1.202,7.138,1.263
canny_hough,adaptive,binary,339,1,1,0.45,253.53,93.53,2.716,12.863,0.985,7.209,1.206
canny_hough,adaptive,binary,340,1,1,0.3,250.23,90.23,2.654,12.568,0.986,7.144,1.1
canny_hough,adaptive,binary,341,1,1,0.3,250.23,90.23,2.651,12.579,0.992,7.175,1.079
canny_hough,adaptive,binary,342,1,1,0.3,253.79,93.79,2.571,12.552,0.98,7.139,1.128
canny_hough,adaptive,binary,343,1,1,0.3,253.79,93.79,2.574,12.62,1.026,7.167,1.174
canny_hough,adaptive,binary,344,1,1,0.3,253.79,93.79,2.63,12.722,1.029,7.105,1.274
canny_hough,adaptive,binary,345,1,1,0.3,253.79,93.79,2.616,12.578,0.99,7.18,1.103
canny_hough,adaptive,binary,346,1,1,0.3,253.79,93.79,2.611,12.51,0.995,7.135,1.089
canny_hough,adaptive,binary,347,1,1,0.3,253.96,93.96,2.621,12.725,0.998,7.189,1.197
canny_hough,adaptive,binary,348,1,1,0.3,253.96,93.96,2.57,12.593,0.993,7.166,1.131
canny_hough,adaptive,binary,349,1,1,0.3,253.48,93.48,2.896,13.589,1.038,7.687,1.271
canny_hough,adaptive,binary,350,1,1,0.45,253.52,93.52,3.071,14.535,1.13,8.228,1.352
canny_hough,adaptive,binary,351,1,1,0.45,253.52,93.52,3.044,14.506,1.191,8.269,1.244
canny_hough,adaptive,binary,352,1,1,0.45,255.02,95.02,3.074,14.507,1.148,8.233,1.3
canny_hough,adaptive,binary,353,1,1,0.45,255.02,95.02,3.09,14.428,1.142,8.236,1.208
canny_hough,adaptive,binary,354,1,1,0.3,254.1,94.1,2.887,14.317,1.18,8.27,1.232
canny_hough,adaptive,binary,355,1,1,0.45,253.32,93.32,3.053,14.495,1.147,8.25,1.279
canny_hough,adaptive,binary,356,1,1,0.45,253.32,93.32,2.78,13.724,1.139,7.837,1.13
canny_hough,adaptive,binary,357,1,1,0.45,254.49,94.49,2.744,12.716,0.988,7.174,1.126
canny_hough,adaptive,binary,358,1,1,0.3,253.79,93.79,2.566,12.613,0.987,7.127,1.207
canny_hough,adaptive,binary,359,1,1,0.3,253.79,93.79,2.568,12.668,1.024,7.135,1.255
canny_hough,adaptive,binary,360,1,1,0.3,253.79,93.79,2.62,12.65,1.033,7.143,1.184
canny_hough,adaptive,binary,361,1,1,0.45,253.92,93.92,2.765,12.676,0.978,7.166,1.099
canny_hough,adaptive,binary,362,1,1,0.45,253.52,93.52,2.746,12.75,0.988,7.126,1.205
canny_hough,adaptive,binary,363,1,1,0.45,253.52,93.52,2.766,12.782,0.987,7.168,1.193
canny_hough,fixed,combined,0,1,1,0.3,250.23,90.23,3.506,6.701,1.133,0.146,1.222
canny_hough,fixed,combined,1,1,1,0.3,250.23,90.23,3.726,7.806,1.131,0.297,1.795
canny_hough,fixed,combined,2,1,1,0.3,250.23,90.23,4.262,8.301,1.137,0.28,1.691
canny_hough,fixed,combined,3,1,1,0.45,253.92,93.92,8.171,15.336,1.762,0.524,3.358
canny_hough,fixed,combined,4,1,1,0.3,250.23,90.23,2.917,8.207,1.666,0.59,1.779
canny_hough,fixed,combined,5,1,1,0.3,250.23,90.23,3.571,6.87,1.052,0.194,1.261
canny_hough,fixed,combined,6,1,1,0.45,253.92,93.92,3.748,7.741,1.291,0.251,1.539
canny_hough,fixed,combined,7,1,1,0.3,254.1,94.1,2.653,5.476,1.002,0.097,1.028
canny_hough,fixed,combined,8,1,1,0.3,254.1,94.1,2.589,5.667,1.064,0.102,1.222
canny_hough,fixed,combined,9,1,1,0.3,254.1,94.1,2.64,5.429,1.043,0.097,0.95
canny_hough,fixed,combined,10,1,1,0.3,253.79,93.79,2.614,5.77,1.071,0.099,1.207
canny_hough,fixed,combined,11,1,1,0.3,250.23,90.23,2.689,5.468,1.046,0.099,0.947
canny_hough,fixed,combined,12,1,1,0.3,250.23,90.23,2.728,5.582,0.988,0.095,1.045
canny_hough,fixed,combined,13,1,1,0.3,250.23,90.23,2.733,5.688,1.063,0.101,1.102
canny_hough,fixed,combined,14,1,1,0.3,250.23,90.23,2.66,5.456,1.003,0.093,0.959
canny_hough,fixed,combined,15,1,1,0.3,251.44,91.44,2.616,5.71,0.997,0.102,1.291
canny_hough,fixed,combined,16,1,1,0.45,254.1,94.1,2.837,5.773,1.05,0.112,1.075
canny_hough,fixed,combined,17,1,1,0.3,250.23,90.23,2.716,5.592,0.993,0.101,1.084
canny_hough,fixed,combined,18,1,1,0.45,248.44,88.44,2.891,5.736,1.004,0.159,0.967
canny_hough,fixed,combined,19,1,1,0.3,253.79,93.79,2.707,5.597,0.994,0.103,1.087
canny_hough,fixed,combined,20,1,1,0.3,253.79,93.79,2.678,5.544,1.0,0.102,1.067
canny_hough,fixed,combined,21,1,1,0.45,253.53,93.53,2.852,5.76,1.002,0.108,1.012
canny_hough,fixed,combined,22,1,1,0.3,250.23,90.23,2.662,5.733,1.004,0.101,1.239
canny_hough,fixed,combined,23,1,1,0.3,250.23,90.23,2.764,5.692,1.044,0.113,1.076
canny_hough,fixed,combined,24,1,1,0.3,250.23,90.23,2.727,5.605,1.001,0.106,1.074
canny_hough,fixed,combined,25,1,1,0.45,253.4,93.4,2.841,5.699,1.055,0.112,0.991
canny_hough,fixed,combined,26,1,1,0.45,253.4,93.4,2.828,5.62,1.009,0.103,0.969
canny_hough,fixed,combined,27,1,1,0.45,253.6,93.6,2.802,5.861,1.0,0.106,1.252
canny_hough,fixed,combined,28,1,1,0.3,251.44,91.44,2.706,5.524,1.001,0.103,0.95
canny_hough,fixed,combined,29,1,1,0.3,251.44,91.44,2.657,5.538,1.008,0.101,1.053
canny_hough,fixed,combined,30,1,1,0.3,250.23,90.23,2.712,5.62,1.036,0.112,1.075
canny_hough,fixed,combined,31,1,1,0.45,254.1,94.1,2.852,5.634,0.997,0.099,0.981
canny_hough,fixed,combined,32,1,1,0.45,254.1,94.1,2.868,5.835,0.998,0.151,1.086
canny_hough,fixed,combined,33,1,1,0.3,250.23,90.23,2.699,5.477,0.995,0.105,0.974
canny_hough,fixed,combined,34,1,1,0.3,250.23,90.23,2.892,5.777,1.017,0.102,1.064
canny_hough,fixed,combined,35,1,1,0.3,253.79,93.79,2.674,5.842,1.017,0.13,1.255
canny_hough,fixed,combined,36,1,1,0.3,253.79,93.79,2.59,5.622,0.996,0.095,1.275
canny_hough,fixed,combined,37,1,1,0.3,250.23,90.23,2.677,5.475,1.046,0.099,0.958
canny_hough,fixed,combined,38,1,1,0.3,250.23,90.23,2.667,5.685,1.048,0.095,1.198
canny_hough,fixed,combined,39,1,1,0.3,250.23,90.23,2.6,5.588,0.974,0.149,1.201
canny_hough,fixed,combined,40,1,1,0.3,250.23,90.23,2.998,5.954,0.982,0.091,1.206
canny_hough,fixed,combined,41,1,1,0.45,254.1,94.1,2.698,5.718,0.99,0.094,1.255
canny_hough,fixed,combined,42,1,1,0.45,254.1,94.1,2.79,5.826,0.977,0.094,1.198
canny_hough,fixed,combined,43,1,1,0.45,253.53,93.53,2.686,5.513,0.995,0.093,1.047
canny_hough,fixed,combined,44,1,1,0.3,250.23,90.23,2.638,5.429,1.036,0.1,0.964
canny_hough,fixed,combined,45,1,1,0.3,250.23,90.23,2.8,5.536,0.993,0.093,0.947
canny_hough,fixed,combined,46,1,1,0.3,250.23,90.23,2.974,5.966,1.015,0.23,1.02
canny_hough,fixed,combined,47,1,1,0.3,250.23,90.23,2.913,5.83,1.004,0.125,1.08
canny_hough,fixed,combined,48,1,1,0.45,253.6,93.6,2.902,5.947,0.998,0.098,1.27
canny_hough,fixed,combined,49,1,1,0.3,250.23,90.23,3.187,6.24,1.041,0.143,1.01
canny_hough,fixed,combined,50,1,1,0.3,250.23,90.23,3.196,6.691,1.233,0.2,1.269
canny_hough,fixed,combined,51,1,1,0.45,253.53,93.53,3.385,6.755,1.197,0.127,1.261
canny_hough,fixed,combined,52,1,1,0.3,250.23,90.23,3.124,6.427,1.156,0.138,1.188
canny_hough,fixed,combined,53,1,1,0.3,253.79,93.79,3.153,6.614,1.213,0.205,1.183
canny_hough,fixed,combined,54,1,1,0.3,253.79,93.79,3.049,6.451,1.176,0.131,1.304
canny_hough,fixed,combined,55,1,1,0.3,250.23,90.23,3.098,6.476,1.188,0.133,1.197
canny_hough,fixed,combined,56,1,1,0.45,253.92,93.92,3.254,6.529,1.203,0.119,1.185
canny_hough,fixed,combined,57,1,1,0.45,253.92,93.92,3.123,6.273,1.14,0.102,1.065
canny_hough,fixed,combined,58,1,1,0.3,250.23,90.23,3.091,6.357,1.187,0.102,1.204
canny_hough,fixed,combined,59,1,1,0.3,250.23,90.23,3.077,6.373,1.145,0.113,1.229
canny_hough,fixed,combined,60,1,1,0.3,250.23,90.23,2.919,6.094,1.13,0.102,1.18
canny_hough,fixed,combined,61,1,1,0.3,250.23,90.23,2.945,6.053,1.186,0.103,1.065
canny_hough,fixed,combined,62,1,1,0.3,250.23,90.23,2.932,6.141,1.142,0.1,1.18
canny_hough,fixed,combined,63,1,1,0.45,254.1,94.1,3.321,6.446,1.184,0.106,1.079
canny_hough,fixed,combined,64,1,1,0.45,254.85,94.85,2.992,6.134,1.146,0.097,1.139
canny_hough,fixed,combined,65,1,1,0.45,254.85,94.85,3.052,6.286,1.197,0.102,1.188
canny_hough,fixed,combined,66,1,1,0.45,255.02,95.02,3.103,6.465,1.132,0.1,1.392
canny_hough,fixed,combined,67,1,1,0.45,254.49,94.49,3.104,6.169,1.13,0.102,1.077
canny_hough,fixed,combined,68,1,1,0.3,250.23,90.23,2.966,6.197,1.185,0.102,1.182
canny_hough,fixed,combined,69,1,1,0.3,250.23,90.23,2.917,5.978,1.138,0.099,1.063
canny_hough,fixed,combined,70,1,1,0.45,254.1,94.1,3.07,6.166,1.174,0.101,1.073
canny_hough,fixed,combined,71,1,1,0.45,254.1,94.1,3.015,6.155,1.127,0.104,1.066
canny_hough,fixed,combined,72,1,1,0.3,250.23,90.23,2.913,6.166,1.188,0.102,1.181
canny_hough,fixed,combined,73,1,1,0.45,253.92,93.92,3.104,7.028,1.138,0.103,1.909
canny_hough,fixed,combined,74,1,1,0.3,253.79,93.79,2.929,5.982,1.132,0.104,1.068
canny_hough,fixed,combined,75,1,1,0.3,253.79,93.79,2.912,6.163,1.193,0.106,1.191
canny_hough,fixed,combined,76,1,1,0.3,254.1,94.1,3.042,6.114,1.14,0.098,1.075
canny_hough,fixed,combined,77,1,1,0.3,254.1,94.1,2.891,6.015,1.183,0.11,1.075
canny_hough,fixed,combined,78,1,1,0.3,254.1,94.1,2.837,6.066,1.138,0.099,1.241
canny_hough,fixed,combined,79,1,1,0.45,253.92,93.92,3.092,6.293,1.171,0.101,1.18
canny_hough,fixed,combined,80,1,1,0.45,253.92,93.92,3.045,6.298,1.139,0.1,1.263
canny_hough,fixed,combined,81,1,1,0.3,253.79,93.79,2.64,5.752,1.135,0.097,1.058
canny_hough,fixed,combined,82,1,1,0.45,253.4,93.4,2.745,5.647,0.994,0.094,1.109
canny_hough,fixed,combined,83,1,1,0.45,253.4,93.4,2.813,5.683,1.04,0.096,1.044
canny_hough,fixed,combined,84,1,1,0.45,254.49,94.49,2.803,5.515,0.99,0.093,0.947
canny_hough,fixed,combined,85,1,1,0.3,253.79,93.79,2.659,5.5,1.02,0.097,1.043
canny_hough,fixed,combined,86,1,1,0.45,253.53,93.53,2.727,5.447,0.992,0.092,0.96
canny_hough,fixed,combined,87,1,1,0.45,253.53,93.53,2.678,5.621,0.989,0.094,1.176
canny_hough,fixed,combined,88,1,1,0.3,253.79,93.79,2.623,5.493,1.05,0.094,1.042
canny_hough,fixed,combined,89,1,1,0.3,253.79,93.79,2.65,5.347,0.982,0.094,0.944
canny_hough,fixed,combined,90,1,1,0.45,255.02,95.02,2.816,5.724,0.987,0.092,1.14
canny_hough,fixed,combined,91,1,1,0.3,250.23,90.23,2.627,5.428,0.978,0.093,1.049
canny_hough,fixed,combined,92,1,1,0.3,250.23,90.23,2.569,6.229,0.989,0.094,1.823
canny_hough,fixed,combined,93,1,1,0.3,250.23,90.23,2.743,5.6,0.99,0.092,1.03
canny_hough,fixed,combined,94,1,1,0.45,253.92,93.92,2.73,5.595,0.98,0.093,1.119
canny_hough,fixed,combined,95,1,1,0.45,253.92,93.92,2.785,5.549,1.04,0.098,0.952
canny_hough,fixed,combined,96,1,1,0.3,250.23,90.23,2.924,5.983,1.042,0.183,1.09
canny_hough,fixed,combined,97,1,1,0.3,253.79,93.79,2.748,5.62,1.055,0.114,0.992
canny_hough,fixed,combined,98,1,1,0.3,250.23,90.23,2.737,5.521,1.003,0.101,0.965
canny_hough,fixed,combined,99,1,1,0.3,250.23,90.23,2.651,5.56,1.01,0.102,1.085
canny_hough,fixed,combined,100,1,1,0.3,250.23,90.23,2.774,5.687,0.99,0.102,1.062
canny_hough,fixed,combined,101,1,1,0.3,250.23,90.23,2.627,5.504,1.017,0.101,1.041
canny_hough,fixed,combined,102,1,1,0.45,254.1,94.1,2.856,5.755,1.048,0.111,0.995
canny_hough,fixed,combined,103,1,1,0.3,253.65,93.65,2.734,5.587,0.992,0.105,1.062
canny_hough,fixed,combined,104,1,1,0.3,250.23,90.23,2.696,5.59,1.009,0.177,0.998
canny_hough,fixed,combined,105,1,1,0.3,250.23,90.23,2.696,5.607,0.998,0.103,1.111
canny_hough,fixed,combined,106,1,1,0.45,253.4,93.4,2.786,5.724,0.999,0.104,1.12
canny_hough,fixed,combined,107,1,1,0.45,253.4,93.4,2.833,5.735,1.019,0.115,1.003
canny_hough,fixed,combined,108,1,1,0.45,253.53,93.53,2.753,5.704,1.0,0.099,1.149
canny_hough,fixed,combined,109,1,1,0.45,254.1,94.1,2.871,5.719,1.054,0.114,0.971
canny_hough,fixed,combined,110,1,1,0.45,254.1,94.1,2.876,5.678,1.006,0.108,0.987
canny_hough,fixed,combined,111,1,1,0.45,254.1,94.1,2.833,5.803,1.043,0.112,1.11
canny_hough,fixed,combined,112,1,1,0.3,250.23,90.23,2.713,5.641,0.994,0.108,1.105
canny_hough,fixed,combined,113,1,1,0.45,253.52,93.52,2.776,5.721,0.997,0.103,1.143
canny_hough,fixed,combined,114,1,1,0.45,253.52,93.52,2.843,5.743,0.994,0.1,1.1
canny_hough,fixed,combined,115,1,1,0.3,250.23,90.23,2.658,5.615,1.002,0.102,1.155
canny_hough,fixed,combined,116,1,1,0.3,250.23,90.23,2.74,5.602,1.069,0.105,0.998
canny_hough,fixed,combined,117,1,1,0.45,253.53,93.53,3.046,6.21,1.147,0.11,1.172
canny_hough,fixed,combined,118,1,1,0.3,250.23,90.23,2.993,6.195,1.214,0.111,1.098
canny_hough,fixed,combined,119,1,1,0.3,250.23,90.23,2.939,6.174,1.162,0.114,1.186
canny_hough,fixed,combined,120,1,1,0.3,253.79,93.79,3.016,6.207,1.138,0.111,1.109
canny_hough,fixed,combined,121,1,1,0.45,253.92,93.92,3.1,6.502,1.184,0.222,1.213
canny_hough,fixed,combined,122,1,1,0.45,253.92,93.92,3.109,6.196,1.127,0.1,1.072
canny_hough,fixed,combined,123,1,1,0.45,253.92,93.92,3.088,6.333,1.195,0.106,1.187
canny_hough,fixed,combined,124,1,1,0.3,254.1,94.1,2.818,6.07,1.138,0.099,1.262
canny_hough,fixed,combined,125,1,1,0.3,254.1,94.1,2.946,6.093,1.132,0.104,1.075
canny_hough,fixed,combined,126,1,1,0.45,253.53,93.53,3.053,6.447,1.138,0.098,1.403
canny_hough,fixed,combined,127,1,1,0.3,253.79,93.79,2.919,6.053,1.127,0.099,1.16
canny_hough,fixed,combined,128,1,1,0.3,253.79,93.79,3.002,6.11,1.134,0.153,1.076
canny_hough,fixed,combined,129,1,1,0.3,253.79,93.79,2.919,6.088,1.137,0.097,1.179
canny_hough,fixed,combined,130,1,1,0.3,250.23,90.23,2.938,6.134,1.169,0.101,1.179
canny_hough,fixed,combined,131,1,1,0.3,250.23,90.23,2.904,5.986,1.135,0.105,1.087
canny_hough,fixed,combined,132,1,1,0.3,250.23,90.23,2.941,6.236,1.183,0.104,1.219
canny_hough,fixed,combined,133,1,1,0.3,253.96,93.96,2.586,5.703,1.147,0.102,1.055
canny_hough,fixed,combined,134,1,1,0.3,253.96,93.96,2.652,5.403,1.024,0.096,0.967
canny_hough,fixed,combined,135,1,1,0.45,253.53,93.53,2.76,5.558,0.989,0.093,1.045
canny_hough,fixed,combined,136,1,1,0.45,255.02,95.02,2.808,6.098,0.984,0.094,1.53
canny_hough,fixed,combined,137,1,1,0.45,253.4,93.4,2.759,5.473,0.992,0.09,0.941
canny_hough,fixed,combined,138,1,1,0.45,253.4,93.4,2.729,5.611,0.999,0.094,1.116
canny_hough,fixed,combined,139,1,1,0.3,250.23,90.23,2.635,5.501,1.038,0.097,1.047
canny_hough,fixed,combined,140,1,1,0.3,253.79,93.79,2.633,5.326,0.995,0.093,0.93
canny_hough,fixed,combined,141,1,1,0.3,253.79,93.79,2.575,5.352,0.996,0.095,1.015
canny_hough,fixed,combined,142,1,1,0.45,253.53,93.53,2.747,5.534,0.996,0.095,0.926
canny_hough,fixed,combined,143,1,1,0.45,253.53,93.53,2.734,5.47,0.994,0.099,0.953
canny_hough,fixed,combined,144,1,1,0.3,253.65,93.65,2.638,5.407,1.041,0.095,0.964
canny_hough,fixed,combined,145,1,1,0.3,254.1,94.1,2.606,5.443,0.989,0.096,1.085
canny_hough,fixed,combined,146,1,1,0.3,253.48,93.48,2.573,5.417,0.986,0.096,1.097
canny_hough,fixed,combined,147,1,1,0.3,253.48,93.48,2.609,5.461,1.031,0.1,1.04
canny_hough,fixed,combined,148,1,1,0.45,253.32,93.32,2.824,5.637,0.995,0.097,1.049
canny_hough,fixed,combined,149,1,1,0.45,253.53,93.53,2.673,5.526,0.991,0.09,1.094
canny_hough,fixed,combined,150,1,1,0.45,253.53,93.53,2.754,5.552,0.98,0.093,1.044
canny_hough,fixed,combined,151,1,1,0.3,250.23,90.23,2.764,5.55,0.99,0.098,1.007
canny_hough,fixed,combined,152,1,1,0.3,250.23,90.23,2.915,6.058,1.188,0.1,1.071
canny_hough,fixed,combined,153,1,1,0.3,250.23,90.23,2.882,6.02,1.139,0.099,1.144
canny_hough,fixed,combined,154,1,1,0.3,250.23,90.23,2.965,6.174,1.138,0.098,1.162
canny_hough,fixed,combined,155,1,1,0.3,250.23,90.23,2.844,5.987,1.133,0.1,1.151
canny_hough,fixed,combined,156,1,1,0.3,250.23,90.23,2.908,6.158,1.143,0.099,1.186
canny_hough,fixed,combined,157,1,1,0.3,253.79,93.79,2.853,5.972,1.132,0.1,1.144
canny_hough,fixed,combined,158,1,1,0.45,253.53,93.53,3.037,6.095,1.139,0.103,1.066
canny_hough,fixed,combined,159,1,1,0.45,253.53,93.53,3.035,6.281,1.156,0.145,1.178
canny_hough,fixed,combined,160,1,1,0.3,253.79,93.79,2.932,6.092,1.13,0.098,1.187
canny_hough,fixed,combined,161,1,1,0.3,250.23,90.23,2.928,6.139,1.176,0.103,1.175
canny_hough,fixed,combined,162,1,1,0.3,250.23,90.23,2.869,6.131,1.141,0.102,1.177
canny_hough,fixed,combined,163,1,1,0.3,253.79,93.79,2.911,6.026,1.18,0.106,1.072
canny_hough,fixed,combined,164,1,1,0.3,253.79,93.79,2.886,6.123,1.142,0.097,1.243
canny_hough,fixed,combined,165,1,1,0.3,253.79,93.79,2.91,6.12,1.2,0.102,1.166
canny_hough,fixed,combined,166,1,1,0.3,253.79,93.79,2.863,5.993,1.141,0.097,1.151
canny_hough,fixed,combined,167,1,1,0.3,253.79,93.79,2.9,6.154,1.147,0.098,1.156
canny_hough,fixed,combined,168,1,1,0.3,253.79,93.79,2.574,5.777,1.135,0.097,1.244
canny_hough,fixed,combined,169,1,1,0.3,253.79,93.79,2.625,5.388,0.982,0.093,0.94
canny_hough,fixed,combined,170,1,1,0.3,253.79,93.79,2.649,5.446,0.99,0.091,1.034
canny_hough,fixed,combined,171,1,1,0.3,253.79,93.79,2.641,5.505,1.038,0.098,1.041
canny_hough,fixed,combined,172,1,1,0.45,254.49,94.49,2.758,5.6,0.989,0.09,1.045
canny_hough,fixed,combined,173,1,1,0.45,254.49,94.49,2.703,5.483,0.982,0.097,1.019
canny_hough,fixed,combined,174,1,1,0.45,253.53,93.53,2.76,5.501,1.033,0.095,0.946
canny_hough,fixed,combined,175,1,1,0.3,253.79,93.79,2.628,5.397,0.981,0.092,1.03
canny_hough,fixed,combined,176,1,1,0.3,253.79,93.79,2.585,5.324,0.984,0.096,0.99
canny_hough,fixed,combined,177,1,1,0.3,253.79,93.79,2.623,5.412,0.991,0.092,0.964
canny_hough,fixed,combined,178,1,1,0.3,253.79,93.79,2.65,5.351,0.994,0.092,0.941
canny_hough,fixed,combined,179,1,1,0.3,253.79,93.79,2.56,5.284,1.025,0.099,0.944
canny_hough,fixed,combined,180,1,1,0.45,253.92,93.92,2.815,5.578,0.992,0.092,0.938
canny_hough,fixed,combined,181,1,1,0.3,253.79,93.79,2.568,5.333,0.989,0.094,1.004
canny_hough,fixed,combined,182,1,1,0.3,250.23,90.23,2.647,5.44,1.039,0.095,0.952
canny_hough,fixed,combined,183,1,1,0.3,250.23,90.23,2.622,5.326,0.99,0.091,0.935
canny_hough,fixed,combined,184,1,1,0.3,253.79,93.79,2.594,6.006,0.992,0.092,1.653
canny_hough,fixed,combined,185,1,1,0.45,253.4,93.4,2.73,5.51,0.99,0.091,0.949
canny_hough,fixed,combined,186,1,1,0.45,253.4,93.4,2.696,5.474,0.992,0.093,0.944
canny_hough,fixed,combined,187,1,1,0.3,254.1,94.1,2.597,5.489,1.039,0.1,1.069
canny_hough,fixed,combined,188,1,1,0.3,254.1,94.1,2.615,5.469,0.983,0.094,1.117
canny_hough,fixed,combined,189,1,1,0.45,253.92,93.92,2.742,5.57,0.992,0.097,1.027
canny_hough,fixed,combined,190,1,1,0.45,253.92,93.92,2.787,5.628,0.985,0.093,1.027
canny_hough,fixed,combined,191,1,1,0.45,253.92,93.92,2.717,5.6,0.994,0.094,1.042
canny_hough,fixed,combined,192,1,1,0.3,253.79,93.79,2.658,5.539,1.037,0.099,1.04
canny_hough,fixed,combined,193,1,1,0.3,253.79,93.79,2.647,5.456,0.995,0.096,1.046
canny_hough,fixed,combined,194,1,1,0.3,253.79,93.79,2.578,5.449,0.996,0.094,1.11
canny_hough,fixed,combined,195,1,1,0.45,253.92,93.92,2.816,5.635,0.984,0.091,1.019
canny_hough,fixed,combined,196,1,1,0.3,253.79,93.79,2.602,5.362,0.992,0.092,0.938
canny_hough,fixed,combined,197,1,1,0.3,253.79,93.79,2.641,5.396,1.024,0.097,0.951
canny_hough,fixed,combined,198,1,1,0.45,255.02,95.02,2.785,5.515,0.992,0.094,0.955
canny_hough,fixed,combined,199,1,1,0.45,253.53,93.53,2.698,5.591,0.99,0.093,1.133
canny_hough,fixed,combined,200,1,1,0.3,253.48,93.48,2.625,5.373,1.042,0.095,0.928
canny_hough,fixed,combined,201,1,1,0.3,253.48,93.48,2.602,5.383,1.041,0.094,0.963
canny_hough,fixed,combined,202,1,1,0.3,253.79,93.79,2.586,5.386,0.991,0.094,1.003
canny_hough,fixed,combined,203,1,1,0.3,253.79,93.79,2.624,5.482,0.988,0.092,1.037
canny_hough,fixed,combined,204,1,1,0.3,253.79,93.79,2.649,5.319,0.985,0.091,0.935
canny_hough,fixed,combined,205,1,1,0.45,253.53,93.53,2.744,5.525,1.044,0.096,0.959
canny_hough,fixed,combined,206,1,1,0.45,253.53,93.53,2.737,5.534,0.997,0.091,1.03
canny_hough,fixed,combined,207,1,1,0.3,250.23,90.23,2.577,5.344,0.985,0.094,1.017
canny_hough,fixed,combined,208,1,1,0.45,253.4,93.4,2.789,5.523,1.022,0.097,0.937
canny_hough,fixed,combined,209,1,1,0.45,253.4,93.4,2.786,5.501,0.983,0.092,0.955
canny_hough,fixed,combined,210,1,1,0.45,253.4,93.4,2.728,5.487,0.995,0.096,0.993
canny_hough,fixed,combined,211,1,1,0.45,253.53,93.53,2.784,5.57,0.988,0.094,0.952
canny_hough,fixed,combined,212,1,1,0.3,250.23,90.23,2.584,5.506,1.0,0.092,1.119
canny_hough,fixed,combined,213,1,1,0.3,250.23,90.23,2.624,5.396,1.036,0.1,0.958
canny_hough,fixed,combined,214,1,1,0.45,255.1,95.1,2.794,5.511,0.991,0.091,0.948
canny_hough,fixed,combined,215,1,1,0.45,255.1,95.1,2.841,5.889,0.987,0.092,1.233
canny_hough,fixed,combined,216,1,1,0.45,253.92,93.92,2.78,5.5,0.99,0.098,0.95
canny_hough,fixed,combined,217,1,1,0.45,254.46,94.46,2.671,5.547,0.996,0.097,1.112
canny_hough,fixed,combined,218,1,1,0.45,253.4,93.4,2.869,5.691,1.026,0.096,1.023
canny_hough,fixed,combined,219,1,1,0.3,254.1,94.1,2.617,5.323,0.986,0.096,0.939
canny_hough,fixed,combined,220,1,1,0.3,250.23,90.23,2.586,5.331,0.988,0.093,0.999
canny_hough,fixed,combined,221,1,1,0.3,250.23,90.23,2.629,5.417,0.99,0.09,0.959
canny_hough,fixed,combined,222,1,1,0.3,253.79,93.79,2.601,5.497,0.995,0.092,1.04
canny_hough,fixed,combined,223,1,1,0.3,253.79,93.79,2.91,5.909,1.11,0.109,1.088
canny_hough,fixed,combined,224,1,1,0.45,253.9,93.9,3.111,6.348,1.142,0.1,1.231
canny_hough,fixed,combined,225,1,1,0.45,253.9,93.9,3.105,6.328,1.193,0.105,1.174
canny_hough,fixed,combined,226,1,1,0.3,253.79,93.79,2.932,6.93,1.129,0.102,2.01
canny_hough,fixed,combined,227,1,1,0.3,253.79,93.79,2.943,6.018,1.133,0.102,1.075
canny_hough,fixed,combined,228,1,1,0.3,253.79,93.79,2.932,6.037,1.175,0.108,1.075
canny_hough,fixed,combined,229,1,1,0.3,254.1,94.1,2.888,5.944,1.14,0.102,1.066
canny_hough,fixed,combined,230,1,1,0.3,253.79,93.79,2.927,6.138,1.189,0.105,1.171
canny_hough,fixed,combined,231,1,1,0.3,253.79,93.79,2.85,6.071,1.132,0.097,1.176
canny_hough,fixed,combined,232,1,1,0.45,253.92,93.92,3.108,6.364,1.184,0.103,1.19
canny_hough,fixed,combined,233,1,1,0.45,254.49,94.49,3.071,7.154,1.138,0.099,2.095
canny_hough,fixed,combined,234,1,1,0.45,254.49,94.49,3.088,6.14,1.14,0.102,1.062
canny_hough,fixed,combined,235,1,1,0.45,253.4,93.4,3.056,6.19,1.192,0.102,1.074
canny_hough,fixed,combined,236,1,1,0.45,253.4,93.4,2.986,6.136,1.14,0.103,1.09
canny_hough,fixed,combined,237,1,1,0.45,253.4,93.4,3.051,6.169,1.193,0.102,1.066
canny_hough,fixed,combined,238,1,1,0.3,253.79,93.79,2.858,6.071,1.137,0.098,1.236
canny_hough,fixed,combined,239,1,1,0.3,253.96,93.96,2.917,6.149,1.143,0.1,1.165
canny_hough,fixed,combined,240,1,1,0.3,253.96,93.96,2.877,6.125,1.14,0.099,1.26
canny_hough,fixed,combined,241,1,1,0.45,254.1,94.1,3.077,6.16,1.141,0.101,1.087
canny_hough,fixed,combined,242,1,1,0.3,253.79,93.79,2.92,6.18,1.126,0.151,1.202
canny_hough,fixed,combined,243,1,1,0.3,253.79,93.79,2.957,6.205,1.138,0.1,1.247
canny_hough,fixed,combined,244,1,1,0.3,253.79,93.79,2.934,6.148,1.175,0.103,1.183
canny_hough,fixed,combined,245,1,1,0.3,253.79,93.79,2.866,6.082,1.136,0.099,1.167
canny_hough,fixed,combined,246,1,1,0.3,254.1,94.1,2.976,6.079,1.179,0.102,1.071
canny_hough,fixed,combined,247,1,1,0.45,253.4,93.4,2.984,6.243,1.144,0.099,1.261
canny_hough,fixed,combined,248,1,1,0.3,254.1,94.1,2.894,6.013,1.139,0.099,1.062
canny_hough,fixed,combined,249,1,1,0.3,254.1,94.1,2.832,6.078,1.141,0.099,1.259
canny_hough,fixed,combined,250,1,1,0.45,253.92,93.92,3.091,6.207,1.133,0.104,1.067
canny_hough,fixed,combined,251,1,1,0.45,253.92,93.92,3.129,6.416,1.126,0.1,1.302
canny_hough,fixed,combined,252,1,1,0.45,254.58,94.58,3.14,6.228,1.144,0.099,1.058
canny_hough,fixed,combined,253,1,1,0.3,253.79,93.79,2.917,6.117,1.174,0.106,1.17
canny_hough,fixed,combined,254,1,1,0.3,253.79,93.79,2.871,5.974,1.134,0.099,1.062
canny_hough,fixed,combined,255,1,1,0.45,252.22,92.22,2.855,6.065,1.181,0.102,1.17
canny_hough,fixed,combined,256,1,1,0.3,253.79,93.79,2.65,5.351,0.99,0.091,0.948
canny_hough,fixed,combined,257,1,1,0.3,253.79,93.79,2.556,5.465,1.037,0.1,1.049
canny_hough,fixed,combined,258,1,1,0.3,253.79,93.79,2.638,5.504,0.992,0.095,1.109
canny_hough,fixed,combined,259,1,1,0.3,253.79,93.79,2.598,6.202,0.984,0.098,1.821
canny_hough,fixed,combined,260,1,1,0.3,253.79,93.79,2.622,5.473,0.984,0.093,1.037
canny_hough,fixed,combined,261,1,1,0.3,253.96,93.96,2.593,5.378,0.984,0.093,0.956
canny_hough,fixed,combined,262,1,1,0.3,253.65,93.65,2.638,5.5,1.023,0.095,1.034
canny_hough,fixed,combined,263,1,1,0.3,253.65,93.65,2.605,5.421,0.991,0.093,1.046
canny_hough,fixed,combined,264,1,1,0.3,253.65,93.65,2.575,6.014,0.989,0.092,1.674
canny_hough,fixed,combined,265,1,1,0.3,253.79,93.79,2.627,5.419,0.99,0.094,0.969
canny_hough,fixed,combined,266,1,1,0.3,253.79,93.79,2.579,5.52,0.99,0.092,1.18
canny_hough,fixed,combined,267,1,1,0.3,254.1,94.1,3.16,6.061,1.03,0.096,1.056
canny_hough,fixed,combined,268,1,1,0.3,253.79,93.79,2.719,5.525,1.007,0.107,0.969
canny_hough,fixed,combined,269,1,1,0.3,253.79,93.79,2.741,5.728,1.059,0.116,1.107
canny_hough,fixed,combined,270,1,1,0.45,253.4,93.4,2.87,5.672,0.998,0.103,0.99
canny_hough,fixed,combined,271,1,1,0.3,253.79,93.79,2.636,5.504,1.0,0.102,1.067
canny_hough,fixed,combined,272,1,1,0.3,253.48,93.48,2.708,5.595,1.001,0.103,0.979
canny_hough,fixed,combined,273,1,1,0.3,253.48,93.48,2.929,5.786,0.995,0.102,1.041
canny_hough,fixed,combined,274,1,1,0.3,254.1,94.1,2.97,6.309,1.228,0.114,1.227
canny_hough,fixed,combined,275,1,1,0.3,254.1,94.1,2.881,6.173,1.16,0.107,1.247
canny_hough,fixed,combined,276,1,1,0.3,253.79,93.79,2.987,6.307,1.153,0.114,1.226
canny_hough,fixed,combined,277,1,1,0.45,253.92,93.92,3.156,6.474,1.161,0.171,1.213
canny_hough,fixed,combined,278,1,1,0.45,254.1,94.1,3.138,6.306,1.154,0.108,1.132
canny_hough,fixed,combined,279,1,1,0.45,254.1,94.1,3.134,6.462,1.214,0.116,1.211
canny_hough,fixed,combined,280,1,1,0.3,253.79,93.79,2.942,6.346,1.163,0.111,1.303
canny_hough,fixed,combined,281,1,1,0.3,253.65,93.65,2.99,6.264,1.15,0.113,1.23
canny_hough,fixed,combined,282,1,1,0.3,253.65,93.65,3.02,6.36,1.201,0.115,1.216
canny_hough,fixed,combined,283,1,1,0.45,253.4,93.4,3.097,6.402,1.142,0.11,1.213
canny_hough,fixed,combined,284,1,1,0.45,253.4,93.4,3.192,6.412,1.211,0.111,1.131
canny_hough,fixed,combined,285,1,1,0.3,250.23,90.23,2.944,6.16,1.141,0.11,1.199
canny_hough,fixed,combined,286,1,1,0.3,253.79,93.79,3.021,6.165,1.149,0.108,1.108
canny_hough,fixed,combined,287,1,1,0.3,253.79,93.79,3.033,6.366,1.157,0.175,1.221
canny_hough,fixed,combined,288,1,1,0.45,253.32,93.32,3.188,6.411,1.147,0.108,1.202
canny_hough,fixed,combined,289,1,1,0.45,253.32,93.32,2.968,6.183,1.2,0.113,1.127
canny_hough,fixed,combined,290,1,1,0.45,253.92,93.92,2.822,5.691,0.999,0.099,1.057
canny_hough,fixed,combined,291,1,1,0.45,253.92,93.92,2.793,5.707,1.089,0.153,0.982
canny_hough,fixed,combined,292,1,1,0.45,254.42,94.42,2.771,5.531,0.99,0.092,0.963
canny_hough,fixed,combined,293,1,1,0.3,253.79,93.79,2.571,5.432,0.994,0.154,1.04
canny_hough,fixed,combined,294,1,1,0.3,253.79,93.79,2.625,5.321,0.987,0.094,0.946
canny_hough,fixed,combined,295,1,1,0.3,253.65,93.65,2.574,5.43,0.986,0.095,1.11
canny_hough,fixed,combined,296,1,1,0.3,253.65,93.65,2.662,5.493,1.026,0.098,0.988
canny_hough,fixed,combined,297,1,1,0.3,253.79,93.79,2.628,5.34,0.986,0.091,0.962
canny_hough,fixed,combined,298,1,1,0.3,250.23,90.23,2.585,5.526,0.99,0.092,1.179
canny_hough,fixed,combined,299,1,1,0.3,250.23,90.23,2.623,5.43,1.048,0.099,0.971
canny_hough,fixed,combined,300,1,1,0.3,253.79,93.79,2.641,5.447,0.999,0.092,1.042
canny_hough,fixed,combined,301,1,1,0.45,253.32,93.32,2.757,5.584,0.986,0.136,0.952
canny_hough,fixed,combined,302,1,1,0.45,253.38,93.38,2.772,5.576,0.981,0.095,1.029
canny_hough,fixed,combined,303,1,1,0.45,253.38,93.38,2.698,6.21,0.99,0.094,1.739
canny_hough,fixed,combined,304,1,1,0.45,253.53,93.53,2.738,5.443,0.988,0.095,0.952
canny_hough,fixed,combined,305,1,1,0.3,253.79,93.79,2.564,6.317,0.992,0.096,1.988
canny_hough,fixed,combined,306,1,1,0.3,253.79,93.79,2.628,5.405,0.985,0.092,0.955
canny_hough,fixed,combined,307,1,1,0.3,250.23,90.23,2.83,5.703,0.989,0.098,1.101
canny_hough,fixed,combined,308,1,1,0.3,250.23,90.23,2.925,6.021,1.188,0.101,1.063
canny_hough,fixed,combined,309,1,1,0.3,253.65,93.65,2.853,5.974,1.135,0.097,1.13
canny_hough,fixed,combined,310,1,1,0.45,253.53,93.53,3.045,6.155,1.178,0.103,1.08
canny_hough,fixed,combined,311,1,1,0.45,253.53,93.53,2.968,6.176,1.126,0.1,1.231
canny_hough,fixed,combined,312,1,1,0.3,253.48,93.48,2.888,6.036,1.138,0.097,1.061
canny_hough,fixed,combined,313,1,1,0.45,253.4,93.4,2.989,6.125,1.14,0.098,1.145
canny_hough,fixed,combined,314,1,1,0.45,253.4,93.4,3.053,6.108,1.138,0.101,1.067
canny_hough,fixed,combined,315,1,1,0.45,253.4,93.4,3.105,6.251,1.137,0.157,1.093
canny_hough,fixed,combined,316,1,1,0.3,254.1,94.1,2.916,6.065,1.126,0.099,1.174
canny_hough,fixed,combined,317,1,1,0.3,254.1,94.1,2.903,6.023,1.189,0.104,1.073
canny_hough,fixed,combined,318,1,1,0.45,253.92,93.92,3.106,6.275,1.135,0.099,1.18
canny_hough,fixed,combined,319,1,1,0.3,254.1,94.1,2.897,6.017,1.173,0.107,1.084
canny_hough,fixed,combined,320,1,1,0.45,255.02,95.02,3.053,6.154,1.133,0.098,1.117
canny_hough,fixed,combined,321,1,1,0.45,255.02,95.02,3.091,6.323,1.194,0.103,1.187
canny_hough,fixed,combined,322,1,1,0.3,253.79,93.79,2.853,6.03,1.138,0.099,1.152
canny_hough,fixed,combined,323,1,1,0.3,253.79,93.79,2.917,6.155,1.146,0.099,1.177
canny_hough,fixed,combined,324,1,1,0.3,253.79,93.79,2.585,5.598,1.082,0.092,1.103
canny_hough,fixed,combined,325,1,1,0.45,253.4,93.4,2.754,5.617,0.979,0.09,1.063
canny_hough,fixed,combined,326,1,1,0.45,253.53,93.53,2.68,5.532,0.99,0.095,1.035
canny_hough,fixed,combined,327,1,1,0.45,253.53,93.53,2.756,5.613,1.025,0.1,1.04
canny_hough,fixed,combined,328,1,1,0.45,253.31,93.31,2.796,5.521,0.998,0.093,0.95
canny_hough,fixed,combined,329,1,1,0.45,253.31,93.31,2.774,5.529,0.985,0.092,1.015
canny_hough,fixed,combined,330,1,1,0.45,253.9,93.9,2.781,5.663,0.987,0.092,1.06
canny_hough,fixed,combined,331,1,1,0.45,253.08,93.08,2.716,5.501,0.995,0.094,1.019
canny_hough,fixed,combined,332,1,1,0.45,255.02,95.02,2.805,5.609,1.033,0.098,0.967
canny_hough,fixed,combined,333,1,1,0.45,255.02,95.02,2.784,5.572,0.985,0.091,1.034
canny_hough,fixed,combined,334,1,1,0.45,252.05,92.05,2.668,5.424,0.983,0.094,0.988
canny_hough,fixed,combined,335,1,1,0.45,252.05,92.05,2.703,5.468,0.992,0.094,0.936
canny_hough,fixed,combined,336,1,1,0.3,250.23,90.23,2.557,5.444,0.991,0.092,1.051
canny_hough,fixed,combined,337,1,1,0.45,253.53,93.53,2.752,5.599,1.025,0.099,1.047
canny_hough,fixed,combined,338,1,1,0.45,253.53,93.53,2.76,5.56,0.99,0.096,1.045
canny_hough,fixed,combined,339,1,1,0.45,253.53,93.53,2.671,5.431,0.987,0.094,1.013
canny_hough,fixed,combined,340,1,1,0.3,250.23,90.23,2.629,5.399,0.979,0.091,0.962
canny_hough,fixed,combined,341,1,1,0.3,250.23,90.23,2.628,5.444,1.003,0.098,1.045
canny_hough,fixed,combined,342,1,1,0.3,253.79,93.79,2.577,5.36,1.039,0.097,0.949
canny_hough,fixed,combined,343,1,1,0.3,253.79,93.79,2.624,5.358,0.991,0.097,0.961
canny_hough,fixed,combined,344,1,1,0.3,253.79,93.79,2.598,5.481,0.992,0.093,1.123
canny_hough,fixed,combined,345,1,1,0.3,253.79,93.79,2.668,5.41,1.019,0.096,0.939
canny_hough,fixed,combined,346,1,1,0.3,253.79,93.79,2.63,5.425,0.983,0.091,1.047
canny_hough,fixed,combined,347,1,1,0.3,253.96,93.96,2.551,5.451,0.983,0.092,1.148
canny_hough,fixed,combined,348,1,1,0.3,253.96,93.96,2.631,5.494,1.042,0.097,1.045
canny_hough,fixed,combined,349,1,1,0.3,253.48,93.48,2.616,5.323,0.985,0.094,0.941
canny_hough,fixed,combined,350,1,1,0.45,253.52,93.52,2.705,5.47,0.995,0.091,0.994
canny_hough,fixed,combined,351,1,1,0.45,253.52,93.52,2.767,5.707,0.987,0.092,1.115
canny_hough,fixed,combined,352,1,1,0.45,255.02,95.02,2.732,5.613,0.987,0.095,1.101
canny_hough,fixed,combined,353,1,1,0.45,255.02,95.02,2.784,5.653,1.04,0.097,1.061
canny_hough,fixed,combined,354,1,1,0.3,254.1,94.1,2.618,5.339,0.992,0.095,0.953
canny_hough,fixed,combined,355,1,1,0.45,253.32,93.32,2.729,5.472,0.984,0.134,0.946
canny_hough,fixed,combined,356,1,1,0.45,253.32,93.32,2.773,5.576,0.985,0.092,1.042
canny_hough,fixed,combined,357,1,1,0.45,254.49,94.49,2.727,5.587,0.989,0.096,1.096
canny_hough,fixed,combined,358,1,1,0.3,253.79,93.79,2.664,5.514,1.035,0.1,1.048
canny_hough,fixed,combined,359,1,1,0.3,253.79,93.79,2.65,5.448,0.983,0.093,1.038
canny_hough,fixed,combined,360,1,1,0.3,253.79,93.79,2.804,5.529,0.975,0.097,0.99
canny_hough,fixed,combined,361,1,1,0.45,253.92,93.92,3.087,6.189,1.154,0.109,1.084
canny_hough,fixed,combined,362,1,1,0.45,253.52,93.52,3.071,6.317,1.127,0.151,1.181
canny_hough,fixed,combined,363,1,1,0.45,253.52,93.52,3.07,6.117,1.127,0.101,1.073
canny_hough,otsu,combined,0,1,1,0.3,250.23,90.23,3.703,9.186,2.162,0.475,2.036
canny_hough,otsu,combined,1,1,1,0.3,250.23,90.23,3.985,7.0,0.813,0.455,0.929
canny_hough,otsu,combined,2,1,1,0.3,250.23,90.23,3.612,6.64,0.762,0.457,0.919
canny_hough,otsu,combined,3,1,1,0.45,253.92,93.92,3.705,6.976,0.861,0.518,0.994
canny_hough,otsu,combined,4,1,1,0.3,250.23,90.23,8.049,15.588,0.83,0.458,5.043
canny_hough,otsu,combined,5,1,1,0.3,250.23,90.23,3.89,12.442,2.179,0.943,3.865
canny_hough,otsu,combined,6,1,1,0.45,253.92,93.92,3.048,13.534,2.598,0.525,6.583
canny_hough,otsu,combined,7,1,1,0.3,254.1,94.1,3.283,7.723,1.321,0.593,1.587
canny_hough,otsu,combined,8,1,1,0.3,254.1,94.1,2.973,5.879,0.783,0.436,0.921
canny_hough,otsu,combined,9,1,1,0.3,254.1,94.1,2.933,6.035,0.73,0.438,1.087
canny_hough,otsu,combined,10,1,1,0.3,253.79,93.79,3.004,6.634,1.196,0.446,1.219
canny_hough,otsu,combined,11,1,1,0.3,250.23,90.23,3.008,6.694,1.156,0.527,1.229
canny_hough,otsu,combined,12,1,1,0.3,250.23,90.23,2.935,6.491,1.157,0.448,1.097
canny_hough,otsu,combined,13,1,1,0.3,250.23,90.23,3.01,6.641,1.199,0.45,1.204
canny_hough,otsu,combined,14,1,1,0.3,250.23,90.23,3.021,6.548,1.145,0.495,1.112
canny_hough,otsu,combined,15,1,1,0.3,251.44,91.44,2.92,6.46,1.152,0.441,1.1
canny_hough,otsu,combined,16,1,1,0.45,254.1,94.1,3.144,6.779,1.2,0.446,1.212
canny_hough,otsu,combined,17,1,1,0.3,250.23,90.23,3.011,7.362,1.149,0.65,1.745
canny_hough,otsu,combined,18,1,1,0.45,248.44,88.44,3.18,6.866,1.161,0.442,1.312
canny_hough,otsu,combined,19,1,1,0.3,253.79,93.79,3.009,6.574,1.144,0.444,1.208
canny_hough,otsu,combined,20,1,1,0.3,253.79,93.79,2.988,6.647,1.22,0.443,1.219
canny_hough,otsu,combined,21,1,1,0.45,253.53,93.53,3.149,6.811,1.158,0.443,1.29
canny_hough,otsu,combined,22,1,1,0.3,250.23,90.23,2.88,6.357,1.149,0.437,1.117
canny_hough,otsu,combined,23,1,1,0.3,250.23,90.23,2.733,5.912,1.051,0.392,1.012
canny_hough,otsu,combined,24,1,1,0.3,250.23,90.23,2.765,5.833,0.992,0.382,0.991
canny_hough,otsu,combined,25,1,1,0.45,253.4,93.4,2.839,5.954,1.045,0.394,0.973
canny_hough,otsu,combined,26,1,1,0.45,253.4,93.4,2.835,5.911,0.991,0.388,0.996
canny_hough,otsu,combined,27,1,1,0.45,253.6,93.6,2.846,6.021,1.058,0.395,0.98
canny_hough,otsu,combined,28,1,1,0.3,251.44,91.44,2.74,5.803,1.002,0.381,0.988
canny_hough,otsu,combined,29,1,1,0.3,251.44,91.44,2.762,6.008,1.053,0.393,1.097
canny_hough,otsu,combined,30,1,1,0.3,250.23,90.23,2.533,10.692,1.005,0.385,6.092
canny_hough,otsu,combined,31,1,1,0.45,254.1,94.1,2.797,5.882,1.061,0.383,0.958
canny_hough,otsu,combined,32,1,1,0.45,254.1,94.1,2.739,5.911,0.985,0.375,1.119
canny_hough,otsu,combined,33,1,1,0.3,250.23,90.23,2.646,5.709,1.045,0.382,0.949
canny_hough,otsu,combined,34,1,1,0.3,250.23,90.23,2.627,5.715,0.985,0.382,0.938
canny_hough,otsu,combined,35,1,1,0.3,253.79,93.79,2.678,5.73,1.039,0.377,0.961
canny_hough,otsu,combined,36,1,1,0.3,253.79,93.79,2.679,5.781,0.991,0.379,1.047
canny_hough,otsu,combined,37,1,1,0.3,250.23,90.23,2.657,5.748,0.995,0.426,0.952
canny_hough,otsu,combined,38,1,1,0.3,250.23,90.23,2.668,5.659,0.98,0.379,0.966
canny_hough,otsu,combined,39,1,1,0.3,250.23,90.23,3.192,6.899,1.102,0.511,1.388
canny_hough,otsu,combined,40,1,1,0.3,250.23,90.23,3.127,6.831,1.163,0.468,1.262
canny_hough,otsu,combined,41,1,1,0.45,254.1,94.1,3.279,6.971,1.17,0.465,1.171
canny_hough,otsu,combined,42,1,1,0.45,254.1,94.1,3.321,7.097,1.275,0.478,1.207
canny_hough,otsu,combined,43,1,1,0.45,253.53,93.53,3.309,7.218,1.187,0.516,1.407
canny_hough,otsu,combined,44,1,1,0.3,250.23,90.23,3.158,6.899,1.179,0.464,1.288
canny_hough,otsu,combined,45,1,1,0.3,250.23,90.23,3.073,6.831,1.215,0.466,1.199
canny_hough,otsu,combined,46,1,1,0.3,250.23,90.23,3.258,7.071,1.229,0.48,1.307
canny_hough,otsu,combined,47,1,1,0.3,250.23,90.23,3.292,7.223,1.3,0.504,1.27
canny_hough,otsu,combined,48,1,1,0.45,253.6,93.6,3.208,6.828,1.149,0.549,1.156
canny_hough,otsu,combined,49,1,1,0.3,250.23,90.23,2.865,6.583,1.159,0.49,1.211
canny_hough,otsu,combined,50,1,1,0.3,250.23,90.23,3.246,7.919,1.828,0.481,1.606
canny_hough,otsu,combined,51,1,1,0.45,253.53,93.53,3.018,7.199,1.27,0.438,1.725
canny_hough,otsu,combined,52,1,1,0.3,250.23,90.23,3.018,6.562,1.178,0.435,1.172
canny_hough,otsu,combined,53,1,1,0.3,253.79,93.79,2.675,6.243,1.14,0.432,1.25
canny_hough,otsu,combined,54,1,1,0.3,253.79,93.79,2.684,5.715,1.032,0.379,0.94
canny_hough,otsu,combined,55,1,1,0.3,250.23,90.23,2.589,5.718,0.983,0.38,1.035
canny_hough,otsu,combined,56,1,1,0.45,253.92,93.92,2.842,5.886,1.033,0.382,0.949
canny_hough,otsu,combined,57,1,1,0.45,253.92,93.92,2.912,6.01,0.99,0.376,1.037
canny_hough,otsu,combined,58,1,1,0.3,250.23,90.23,2.638,5.757,1.032,0.379,1.029
canny_hough,otsu,combined,59,1,1,0.3,250.23,90.23,2.65,5.712,0.994,0.378,1.021
canny_hough,otsu,combined,60,1,1,0.3,250.23,90.23,2.653,5.707,1.004,0.42,0.946
canny_hough,otsu,combined,61,1,1,0.3,250.23,90.23,5.863,8.836,0.978,0.376,0.941
canny_hough,otsu,combined,62,1,1,0.3,250.23,90.23,2.655,5.9,1.004,0.385,1.147
canny_hough,otsu,combined,63,1,1,0.45,254.1,94.1,2.89,6.121,1.063,0.388,1.087
canny_hough,otsu,combined,64,1,1,0.45,254.85,94.85,2.786,5.948,1.003,0.386,1.077
canny_hough,otsu,combined,65,1,1,0.45,254.85,94.85,2.828,6.025,1.048,0.394,1.06
canny_hough,otsu,combined,66,1,1,0.45,255.02,95.02,2.8,6.034,0.989,0.389,1.152
canny_hough,otsu,combined,67,1,1,0.45,254.49,94.49,2.85,6.025,1.061,0.391,0.993
canny_hough,otsu,combined,68,1,1,0.3,250.23,90.23,2.648,5.892,1.0,0.388,1.16
canny_hough,otsu,combined,69,1,1,0.3,250.23,90.23,2.709,5.886,1.07,0.39,1.012
canny_hough,otsu,combined,70,1,1,0.45,254.1,94.1,3.076,6.523,1.0,0.438,1.294
canny_hough,otsu,combined,71,1,1,0.45,254.1,94.1,3.192,6.655,1.134,0.441,1.123
canny_hough,otsu,combined,72,1,1,0.3,250.23,90.23,3.002,6.644,1.203,0.447,1.214
canny_hough,otsu,combined,73,1,1,0.45,253.92,93.92,3.195,6.72,1.149,0.443,1.168
canny_hough,otsu,combined,74,1,1,0.3,253.79,93.79,3.023,6.599,1.152,0.443,1.207
canny_hough,otsu,combined,75,1,1,0.3,253.79,93.79,3.007,6.53,1.199,0.445,1.103
canny_hough,otsu,combined,76,1,1,0.3,254.1,94.1,2.895,6.479,1.157,0.44,1.203
canny_hough,otsu,combined,77,1,1,0.3,254.1,94.1,2.981,6.504,1.144,0.444,1.125
canny_hough,otsu,combined,78,1,1,0.3,254.1,94.1,2.985,6.535,1.21,0.449,1.125
canny_hough,otsu,combined,79,1,1,0.45,253.92,93.92,3.187,6.865,1.155,0.442,1.313
canny_hough,otsu,combined,80,1,1,0.45,253.92,93.92,3.208,6.804,1.16,0.444,1.203
canny_hough,otsu,combined,81,1,1,0.3,253.79,93.79,3.007,6.577,1.211,0.451,1.138
canny_hough,otsu,combined,82,1,1,0.45,253.4,93.4,3.218,6.733,1.147,0.441,1.152
canny_hough,otsu,combined,83,1,1,0.45,253.4,93.4,3.591,7.074,1.151,0.442,1.091
canny_hough,otsu,combined,84,1,1,0.45,254.49,94.49,3.086,6.536,1.135,0.43,1.052
canny_hough,otsu,combined,85,1,1,0.3,253.79,93.79,2.669,6.102,1.144,0.486,1.06
canny_hough,otsu,combined,86,1,1,0.45,253.53,93.53,2.752,5.735,0.983,0.375,0.935
canny_hough,otsu,combined,87,1,1,0.45,253.53,93.53,2.704,5.802,1.001,0.431,0.956
canny_hough,otsu,combined,88,1,1,0.3,253.79,93.79,2.651,5.72,0.983,0.377,1.045
canny_hough,otsu,combined,89,1,1,0.3,253.79,93.79,2.596,5.632,0.981,0.375,1.02
canny_hough,otsu,combined,90,1,1,0.45,255.02,95.02,2.793,5.922,0.986,0.377,1.023
canny_hough,otsu,combined,91,1,1,0.3,250.23,90.23,2.577,5.713,0.989,0.379,1.101
canny_hough,otsu,combined,92,1,1,0.3,250.23,90.23,2.638,5.747,1.039,0.379,1.022
canny_hough,otsu,combined,93,1,1,0.3,250.23,90.23,2.583,5.732,1.0,0.381,1.082
canny_hough,otsu,combined,94,1,1,0.45,253.92,93.92,2.789,5.832,1.038,0.376,0.949
canny_hough,otsu,combined,95,1,1,0.45,253.92,93.92,2.817,5.813,0.989,0.378,0.961
canny_hough,otsu,combined,96,1,1,0.3,250.23,90.23,2.657,5.834,1.06,0.385,1.05
canny_hough,otsu,combined,97,1,1,0.3,253.79,93.79,2.644,5.754,0.99,0.377,1.035
canny_hough,otsu,combined,98,1,1,0.3,250.23,90.23,2.648,5.765,0.981,0.418,1.037
canny_hough,otsu,combined,99,1,1,0.3,250.23,90.23,2.638,5.716,0.989,0.376,1.038
canny_hough,otsu,combined,100,1,1,0.3,250.23,90.23,2.586,5.674,0.973,0.372,1.08
canny_hough,otsu,combined,101,1,1,0.3,250.23,90.23,2.636,5.779,0.996,0.38,1.024
canny_hough,otsu,combined,102,1,1,0.45,254.1,94.1,2.764,5.819,0.989,0.376,1.016
canny_hough,otsu,combined,103,1,1,0.3,253.65,93.65,2.953,6.402,1.196,0.434,1.064
canny_hough,otsu,combined,104,1,1,0.3,250.23,90.23,2.934,6.39,1.136,0.431,1.126
canny_hough,otsu,combined,105,1,1,0.3,250.23,90.23,2.925,6.328,1.142,0.427,1.085
canny_hough,otsu,combined,106,1,1,0.45,253.4,93.4,3.083,6.514,1.187,0.436,1.061
canny_hough,otsu,combined,107,1,1,0.45,253.4,93.4,3.005,6.608,1.131,0.431,1.258
canny_hough,otsu,combined,108,1,1,0.45,253.53,93.53,3.057,6.515,1.127,0.431,1.069
canny_hough,otsu,combined,109,1,1,0.45,254.1,94.1,3.118,6.563,1.185,0.437,1.066
canny_hough,otsu,combined,110,1,1,0.45,254.1,94.1,3.012,6.603,1.14,0.431,1.27
canny_hough,otsu,combined,111,1,1,0.45,254.1,94.1,3.082,6.536,1.145,0.427,1.058
canny_hough,otsu,combined,112,1,1,0.3,250.23,90.23,2.932,6.495,1.199,0.437,1.167
canny_hough,otsu,combined,113,1,1,0.45,253.52,93.52,3.011,6.567,1.125,0.433,1.238
canny_hough,otsu,combined,114,1,1,0.45,253.52,93.52,3.068,6.6,1.131,0.429,1.153
canny_hough,otsu,combined,115,1,1,0.3,250.23,90.23,2.945,6.485,1.129,0.482,1.18
canny_hough,otsu,combined,116,1,1,0.3,250.23,90.23,2.849,6.314,1.133,0.428,1.086
canny_hough,otsu,combined,117,1,1,0.45,253.53,93.53,3.043,6.497,1.19,0.435,1.05
canny_hough,otsu,combined,118,1,1,0.3,250.23,90.23,2.59,6.034,1.133,0.433,1.138
canny_hough,otsu,combined,119,1,1,0.3,250.23,90.23,2.633,5.662,0.992,0.378,0.922
canny_hough,otsu,combined,120,1,1,0.3,253.79,93.79,2.629,5.705,0.99,0.376,1.027
canny_hough,otsu,combined,121,1,1,0.45,253.92,93.92,2.796,5.904,1.035,0.383,1.022
canny_hough,otsu,combined,122,1,1,0.45,253.92,93.92,2.762,5.819,0.994,0.377,0.943
canny_hough,otsu,combined,123,1,1,0.45,253.92,93.92,2.777,5.898,1.036,0.382,1.029
canny_hough,otsu,combined,124,1,1,0.3,254.1,94.1,2.575,5.633,0.983,0.379,0.944
canny_hough,otsu,combined,125,1,1,0.3,254.1,94.1,2.616,5.74,1.035,0.378,1.034
canny_hough,otsu,combined,126,1,1,0.45,253.53,93.53,2.767,5.754,0.987,0.376,0.949
canny_hough,otsu,combined,127,1,1,0.3,253.79,93.79,2.588,5.772,0.989,0.419,0.966
canny_hough,otsu,combined,128,1,1,0.3,253.79,93.79,2.637,5.719,0.988,0.379,1.033
canny_hough,otsu,combined,129,1,1,0.3,253.79,93.79,2.585,5.741,0.994,0.378,1.105
canny_hough,otsu,combined,130,1,1,0.3,250.23,90.23,2.639,5.791,0.989,0.373,1.047
canny_hough,otsu,combined,131,1,1,0.3,250.23,90.23,2.589,5.658,0.991,0.379,1.019
canny_hough,otsu,combined,132,1,1,0.3,250.23,90.23,2.654,5.728,1.042,0.377,0.971
canny_hough,otsu,combined,133,1,1,0.3,253.96,93.96,2.607,5.634,0.981,0.379,0.955
canny_hough,otsu,combined,134,1,1,0.3,253.96,93.96,2.648,5.78,1.037,0.378,1.045
canny_hough,otsu,combined,135,1,1,0.45,253.53,93.53,2.803,5.788,0.997,0.377,0.933
canny_hough,otsu,combined,136,1,1,0.45,255.02,95.02,3.114,6.546,1.187,0.439,1.076
canny_hough,otsu,combined,137,1,1,0.45,253.4,93.4,3.031,6.508,1.139,0.428,1.128
canny_hough,otsu,combined,138,1,1,0.45,253.4,93.4,3.084,6.536,1.137,0.431,1.062
canny_hough,otsu,combined,139,1,1,0.3,250.23,90.23,2.935,6.363,1.141,0.479,1.058
canny_hough,otsu,combined,140,1,1,0.3,253.79,93.79,2.939,6.309,1.134,0.429,1.056
canny_hough,otsu,combined,141,1,1,0.3,253.79,93.79,2.924,6.345,1.188,0.433,1.057
canny_hough,otsu,combined,142,1,1,0.45,253.53,93.53,2.986,6.47,1.133,0.432,1.169
canny_hough,otsu,combined,143,1,1,0.45,253.53,93.53,3.045,6.597,1.136,0.431,1.17
canny_hough,otsu,combined,144,1,1,0.3,253.65,93.65,2.941,6.48,1.173,0.435,1.179
canny_hough,otsu,combined,145,1,1,0.3,254.1,94.1,2.848,6.313,1.131,0.437,1.142
canny_hough,otsu,combined,146,1,1,0.3,253.48,93.48,2.907,6.453,1.204,0.428,1.171
canny_hough,otsu,combined,147,1,1,0.3,253.48,93.48,2.96,6.429,1.14,0.481,1.06
canny_hough,otsu,combined,148,1,1,0.45,253.32,93.32,3.106,6.599,1.133,0.431,1.169
canny_hough,otsu,combined,149,1,1,0.45,253.53,93.53,3.041,6.793,1.191,0.431,1.179
canny_hough,otsu,combined,150,1,1,0.45,253.53,93.53,3.067,6.599,1.129,0.477,1.179
canny_hough,otsu,combined,151,1,1,0.3,250.23,90.23,2.715,6.279,1.149,0.429,1.173
canny_hough,otsu,combined,152,1,1,0.3,250.23,90.23,2.654,5.68,1.024,0.38,0.943
canny_hough,otsu,combined,153,1,1,0.3,250.23,90.23,2.662,5.645,0.992,0.377,0.946
canny_hough,otsu,combined,154,1,1,0.3,250.23,90.23,2.655,5.763,0.983,0.422,1.028
canny_hough,otsu,combined,155,1,1,0.3,250.23,90.23,2.639,5.639,0.986,0.378,0.962
canny_hough,otsu,combined,156,1,1,0.3,250.23,90.23,2.579,5.656,0.992,0.373,1.027
canny_hough,otsu,combined,157,1,1,0.3,253.79,93.79,2.651,5.82,0.983,0.381,1.028
canny_hough,otsu,combined,158,1,1,0.45,253.53,93.53,2.686,5.755,0.991,0.375,1.025
canny_hough,otsu,combined,159,1,1,0.45,253.53,93.53,2.733,5.772,1.042,0.379,0.938
canny_hough,otsu,combined,160,1,1,0.3,253.79,93.79,2.569,5.728,1.001,0.378,1.098
canny_hough,otsu,combined,161,1,1,0.3,250.23,90.23,2.654,5.775,1.046,0.382,1.016
canny_hough,otsu,combined,162,1,1,0.3,250.23,90.23,2.646,5.694,0.981,0.376,1.016
canny_hough,otsu,combined,163,1,1,0.3,253.79,93.79,2.634,5.693,0.989,0.424,0.966
canny_hough,otsu,combined,164,1,1,0.3,253.79,93.79,2.672,5.755,0.994,0.378,1.025
canny_hough,otsu,combined,165,1,1,0.3,253.79,93.79,2.578,5.591,0.991,0.376,0.975
canny_hough,otsu,combined,166,1,1,0.3,253.79,93.79,2.629,5.789,1.009,0.376,1.026
canny_hough,otsu,combined,167,1,1,0.3,253.79,93.79,2.62,5.706,0.986,0.377,1.011
canny_hough,otsu,combined,168,1,1,0.3,253.79,93.79,2.652,5.682,1.025,0.382,0.945
canny_hough,otsu,combined,169,1,1,0.3,253.79,93.79,2.865,6.202,0.99,0.428,1.236
canny_hough,otsu,combined,170,1,1,0.3,253.79,93.79,2.921,6.487,1.189,0.436,1.186
canny_hough,otsu,combined,171,1,1,0.3,253.79,93.79,2.956,6.399,1.145,0.433,1.12
canny_hough,otsu,combined,172,1,1,0.45,254.49,94.49,3.082,6.573,1.133,0.433,1.174
canny_hough,otsu,combined,173,1,1,0.45,254.49,94.49,3.116,6.546,1.192,0.434,1.061
canny_hough,otsu,combined,174,1,1,0.45,253.53,93.53,3.07,6.532,1.136,0.433,1.14
canny_hough,otsu,combined,175,1,1,0.3,253.79,93.79,2.931,6.429,1.138,0.432,1.172
canny_hough,otsu,combined,176,1,1,0.3,253.79,93.79,2.954,6.417,1.181,0.435,1.089
canny_hough,otsu,combined,177,1,1,0.3,253.79,93.79,2.859,6.476,1.146,0.432,1.256
canny_hough,otsu,combined,178,1,1,0.3,253.79,93.79,2.948,6.495,1.129,0.431,1.171
canny_hough,otsu,combined,179,1,1,0.3,253.79,93.79,3.766,7.218,1.139,0.489,1.065
canny_hough,otsu,combined,180,1,1,0.45,253.92,93.92,3.124,6.624,1.15,0.431,1.16
canny_hough,otsu,combined,181,1,1,0.3,253.79,93.79,2.935,6.524,1.139,0.432,1.257
canny_hough,otsu,combined,182,1,1,0.3,250.23,90.23,2.924,6.461,1.183,0.437,1.168
canny_hough,otsu,combined,183,1,1,0.3,250.23,90.23,2.897,6.336,1.127,0.431,1.135
canny_hough,otsu,combined,184,1,1,0.3,253.79,93.79,2.925,6.481,1.13,0.432,1.176
canny_hough,otsu,combined,185,1,1,0.45,253.4,93.4,3.071,6.502,1.135,0.484,1.06
canny_hough,otsu,combined,186,1,1,0.45,253.4,93.4,2.999,6.431,1.132,0.433,1.059
canny_hough,otsu,combined,187,1,1,0.3,254.1,94.1,2.92,6.366,1.179,0.435,1.05
canny_hough,otsu,combined,188,1,1,0.3,254.1,94.1,2.905,6.451,1.139,0.43,1.232
canny_hough,otsu,combined,189,1,1,0.45,253.92,93.92,3.097,6.499,1.138,0.428,1.084
canny_hough,otsu,combined,190,1,1,0.45,253.92,93.92,3.124,6.552,1.183,0.437,1.061
canny_hough,otsu,combined,191,1,1,0.45,253.92,93.92,3.045,6.612,1.126,0.438,1.25
canny_hough,otsu,combined,192,1,1,0.3,253.79,93.79,2.936,6.431,1.127,0.432,1.183
canny_hough,otsu,combined,193,1,1,0.3,253.79,93.79,2.93,6.358,1.17,0.436,1.083
canny_hough,otsu,combined,194,1,1,0.3,253.79,93.79,2.869,6.331,1.127,0.434,1.137
canny_hough,otsu,combined,195,1,1,0.45,253.92,93.92,3.091,6.638,1.205,0.433,1.165
canny_hough,otsu,combined,196,1,1,0.3,253.79,93.79,2.947,6.491,1.122,0.479,1.197
canny_hough,otsu,combined,197,1,1,0.3,253.79,93.79,2.863,6.442,1.136,0.429,1.161
canny_hough,otsu,combined,198,1,1,0.45,255.02,95.02,3.107,6.657,1.193,0.437,1.165
canny_hough,otsu,combined,199,1,1,0.45,253.53,93.53,3.116,6.589,1.139,0.433,1.149
canny_hough,otsu,combined,200,1,1,0.3,253.48,93.48,2.636,5.879,1.133,0.407,0.964
canny_hough,otsu,combined,201,1,1,0.3,253.48,93.48,2.627,5.681,0.992,0.422,0.953
canny_hough,otsu,combined,202,1,1,0.3,253.79,93.79,2.636,5.629,0.995,0.378,0.938
canny_hough,otsu,combined,203,1,1,0.3,253.79,93.79,2.582,5.644,0.988,0.377,1.022
canny_hough,otsu,combined,204,1,1,0.3,253.79,93.79,2.64,5.839,0.994,0.379,1.078
canny_hough,otsu,combined,205,1,1,0.45,253.53,93.53,2.674,5.862,0.999,0.378,1.137
canny_hough,otsu,combined,206,1,1,0.45,253.53,93.53,2.756,5.76,1.032,0.379,0.93
canny_hough,otsu,combined,207,1,1,0.3,250.23,90.23,2.591,5.698,0.995,0.379,0.941
canny_hough,otsu,combined,208,1,1,0.45,253.4,93.4,2.777,5.84,1.047,0.38,0.958
canny_hough,otsu,combined,209,1,1,0.45,253.4,93.4,2.789,5.871,0.995,0.378,1.038
canny_hough,otsu,combined,210,1,1,0.45,253.4,93.4,2.806,5.863,1.034,0.385,0.958
canny_hough,otsu,combined,211,1,1,0.45,253.53,93.53,2.798,5.784,0.984,0.378,0.948
canny_hough,otsu,combined,212,1,1,0.3,250.23,90.23,2.65,5.689,0.979,0.42,0.956
canny_hough,otsu,combined,213,1,1,0.3,250.23,90.23,2.639,5.7,0.981,0.379,1.029
canny_hough,otsu,combined,214,1,1,0.45,255.1,95.1,2.736,5.767,0.979,0.375,0.996
canny_hough,otsu,combined,215,1,1,0.45,255.1,95.1,2.958,6.105,0.994,0.377,1.034
canny_hough,otsu,combined,216,1,1,0.45,253.92,93.92,2.728,5.833,0.981,0.375,1.077
canny_hough,otsu,combined,217,1,1,0.45,254.46,94.46,2.994,6.139,0.977,0.378,1.029
canny_hough,otsu,combined,218,1,1,0.45,253.4,93.4,3.101,6.652,1.139,0.479,1.18
canny_hough,otsu,combined,219,1,1,0.3,254.1,94.1,2.848,6.279,1.133,0.429,1.051
canny_hough,otsu,combined,220,1,1,0.3,250.23,90.23,2.949,6.489,1.182,0.435,1.173
canny_hough,otsu,combined,221,1,1,0.3,250.23,90.23,2.873,6.307,1.134,0.432,1.119
canny_hough,otsu,combined,222,1,1,0.3,253.79,93.79,3.061,9.372,3.852,0.513,1.151
canny_hough,otsu,combined,223,1,1,0.3,253.79,93.79,3.011,6.594,1.153,0.442,1.202
canny_hough,otsu,combined,224,1,1,0.45,253.9,93.9,3.202,6.696,1.14,0.44,1.135
canny_hough,otsu,combined,225,1,1,0.45,253.9,93.9,3.193,6.826,1.21,0.451,1.203
canny_hough,otsu,combined,226,1,1,0.3,253.79,93.79,3.06,6.705,1.156,0.441,1.274
canny_hough,otsu,combined,227,1,1,0.3,253.79,93.79,2.931,6.508,1.141,0.44,1.095
canny_hough,otsu,combined,228,1,1,0.3,253.79,93.79,3.023,6.553,1.192,0.448,1.11
canny_hough,otsu,combined,229,1,1,0.3,254.1,94.1,2.979,6.636,1.159,0.447,1.285
canny_hough,otsu,combined,230,1,1,0.3,253.79,93.79,2.948,6.683,1.152,0.444,1.273
canny_hough,otsu,combined,231,1,1,0.3,253.79,93.79,3.044,6.697,1.206,0.455,1.211
canny_hough,otsu,combined,232,1,1,0.45,253.92,93.92,2.964,6.596,1.146,0.5,1.209
canny_hough,otsu,combined,233,1,1,0.45,254.49,94.49,2.859,5.917,0.99,0.386,0.986
canny_hough,otsu,combined,234,1,1,0.45,254.49,94.49,2.86,6.096,1.052,0.395,1.088
canny_hough,otsu,combined,235,1,1,0.45,253.4,93.4,2.847,5.917,0.998,0.38,0.989
canny_hough,otsu,combined,236,1,1,0.45,253.4,93.4,2.885,6.004,1.042,0.386,0.993
canny_hough,otsu,combined,237,1,1,0.45,253.4,93.4,2.847,5.937,0.992,0.383,0.988
canny_hough,otsu,combined,238,1,1,0.3,253.79,93.79,2.736,5.858,1.042,0.39,0.982
canny_hough,otsu,combined,239,1,1,0.3,253.96,93.96,2.743,5.918,1.003,0.382,1.089
canny_hough,otsu,combined,240,1,1,0.3,253.96,93.96,2.756,5.997,1.066,0.389,1.093
canny_hough,otsu,combined,241,1,1,0.45,254.1,94.1,2.865,5.947,1.01,0.382,0.98
canny_hough,otsu,combined,242,1,1,0.3,253.79,93.79,2.71,5.838,1.055,0.387,0.978
canny_hough,otsu,combined,243,1,1,0.3,253.79,93.79,2.712,5.807,0.994,0.387,1.005
canny_hough,otsu,combined,244,1,1,0.3,253.79,93.79,2.837,6.034,1.0,0.451,1.036
canny_hough,otsu,combined,245,1,1,0.3,253.79,93.79,2.669,5.668,0.992,0.377,0.948
canny_hough,otsu,combined,246,1,1,0.3,254.1,94.1,2.563,5.58,0.972,0.427,0.96
canny_hough,otsu,combined,247,1,1,0.45,253.4,93.4,2.801,5.994,0.997,0.379,1.028
canny_hough,otsu,combined,248,1,1,0.3,254.1,94.1,2.568,5.621,0.991,0.377,1.008
canny_hough,otsu,combined,249,1,1,0.3,254.1,94.1,2.897,5.945,0.99,0.377,0.949
canny_hough,otsu,combined,250,1,1,0.45,253.92,93.92,3.113,6.577,1.149,0.428,1.141
canny_hough,otsu,combined,251,1,1,0.45,253.92,93.92,3.112,6.581,1.129,0.431,1.165
canny_hough,otsu,combined,252,1,1,0.45,254.58,94.58,3.122,6.558,1.181,0.434,1.065
canny_hough,otsu,combined,253,1,1,0.3,253.79,93.79,2.87,6.506,1.138,0.434,1.252
canny_hough,otsu,combined,254,1,1,0.3,253.79,93.79,2.939,6.409,1.128,0.43,1.164
canny_hough,otsu,combined,255,1,1,0.45,252.22,92.22,3.049,6.466,1.171,0.434,1.064
canny_hough,otsu,combined,256,1,1,0.3,253.79,93.79,2.875,6.34,1.139,0.431,1.141
canny_hough,otsu,combined,257,1,1,0.3,253.79,93.79,2.931,6.405,1.136,0.431,1.054
canny_hough,otsu,combined,258,1,1,0.3,253.79,93.79,2.94,6.474,1.129,0.476,1.181
canny_hough,otsu,combined,259,1,1,0.3,253.79,93.79,2.944,6.417,1.124,0.434,1.171
canny_hough,otsu,combined,260,1,1,0.3,253.79,93.79,2.937,6.386,1.184,0.434,1.083
canny_hough,otsu,combined,261,1,1,0.3,253.96,93.96,2.873,6.473,1.146,0.432,1.276
canny_hough,otsu,combined,262,1,1,0.3,253.65,93.65,2.933,6.489,1.129,0.433,1.184
canny_hough,otsu,combined,263,1,1,0.3,253.65,93.65,2.92,6.458,1.17,0.436,1.191
canny_hough,otsu,combined,264,1,1,0.3,253.65,93.65,2.837,6.311,1.144,0.431,1.138
canny_hough,otsu,combined,265,1,1,0.3,253.79,93.79,2.929,6.463,1.187,0.434,1.161
canny_hough,otsu,combined,266,1,1,0.3,253.79,93.79,2.95,6.525,1.142,0.486,1.198
canny_hough,otsu,combined,267,1,1,0.3,254.1,94.1,2.912,6.346,1.146,0.433,1.067
canny_hough,otsu,combined,268,1,1,0.3,253.79,93.79,2.926,6.37,1.189,0.434,1.074
canny_hough,otsu,combined,269,1,1,0.3,253.79,93.79,2.866,6.353,1.146,0.432,1.159
canny_hough,otsu,combined,270,1,1,0.45,253.4,93.4,3.113,6.656,1.125,0.43,1.175
canny_hough,otsu,combined,271,1,1,0.3,253.79,93.79,2.932,6.39,1.197,0.439,1.082
canny_hough,otsu,combined,272,1,1,0.3,253.48,93.48,2.911,6.463,1.131,0.427,1.245
canny_hough,otsu,combined,273,1,1,0.3,253.48,93.48,2.925,6.359,1.195,0.434,1.053
canny_hough,otsu,combined,274,1,1,0.3,254.1,94.1,2.907,6.327,1.13,0.43,1.11
canny_hough,otsu,combined,275,1,1,0.3,254.1,94.1,2.912,6.394,1.125,0.433,1.176
canny_hough,otsu,combined,276,1,1,0.3,253.79,93.79,2.94,6.565,1.176,0.436,1.258
canny_hough,otsu,combined,277,1,1,0.45,253.92,93.92,3.057,6.739,1.128,0.432,1.265
canny_hough,otsu,combined,278,1,1,0.45,254.1,94.1,3.09,6.568,1.135,0.433,1.153
canny_hough,otsu,combined,279,1,1,0.45,254.1,94.1,3.075,6.598,1.172,0.435,1.176
canny_hough,otsu,combined,280,1,1,0.3,253.79,93.79,2.814,6.398,1.144,0.428,1.27
canny_hough,otsu,combined,281,1,1,0.3,253.65,93.65,2.631,5.716,0.997,0.379,0.959
canny_hough,otsu,combined,282,1,1,0.3,253.65,93.65,2.581,5.642,0.982,0.375,1.031
canny_hough,otsu,combined,283,1,1,0.45,253.4,93.4,2.793,5.835,1.032,0.382,0.949
canny_hough,otsu,combined,284,1,1,0.45,253.4,93.4,2.731,5.784,0.984,0.379,0.94
canny_hough,otsu,combined,285,1,1,0.3,250.23,90.23,2.649,5.775,1.037,0.38,1.043
canny_hough,otsu,combined,286,1,1,0.3,253.79,93.79,2.654,5.647,0.99,0.374,0.956
canny_hough,otsu,combined,287,1,1,0.3,253.79,93.79,2.662,5.724,1.027,0.384,0.94
canny_hough,otsu,combined,288,1,1,0.45,253.32,93.32,2.792,5.776,0.982,0.376,0.946
canny_hough,otsu,combined,289,1,1,0.45,253.32,93.32,2.791,5.92,0.987,0.421,1.038
canny_hough,otsu,combined,290,1,1,0.45,253.92,93.92,2.82,5.818,0.99,0.375,0.952
canny_hough,otsu,combined,291,1,1,0.45,253.92,93.92,2.749,5.791,0.985,0.378,1.011
canny_hough,otsu,combined,292,1,1,0.45,254.42,94.42,2.769,5.808,0.989,0.373,0.933
canny_hough,otsu,combined,293,1,1,0.3,253.79,93.79,2.581,5.727,0.981,0.377,1.118
canny_hough,otsu,combined,294,1,1,0.3,253.79,93.79,2.638,5.695,1.057,0.378,0.944
canny_hough,otsu,combined,295,1,1,0.3,253.65,93.65,2.586,5.653,0.992,0.38,1.011
canny_hough,otsu,combined,296,1,1,0.3,253.65,93.65,2.651,5.763,1.035,0.381,1.021
canny_hough,otsu,combined,297,1,1,0.3,253.79,93.79,2.642,5.753,0.99,0.379,1.035
canny_hough,otsu,combined,298,1,1,0.3,250.23,90.23,2.939,6.089,1.028,0.383,1.055
canny_hough,otsu,combined,299,1,1,0.3,250.23,90.23,2.868,6.301,1.133,0.431,1.069
canny_hough,otsu,combined,300,1,1,0.3,253.79,93.79,2.988,6.529,1.196,0.434,1.159
canny_hough,otsu,combined,301,1,1,0.45,253.32,93.32,3.119,6.581,1.138,0.43,1.145
canny_hough,otsu,combined,302,1,1,0.45,253.38,93.38,3.084,6.594,1.143,0.431,1.169
canny_hough,otsu,combined,303,1,1,0.45,253.38,93.38,3.085,6.601,1.172,0.436,1.162
canny_hough,otsu,combined,304,1,1,0.45,253.53,93.53,3.105,6.653,1.143,0.426,1.232
canny_hough,otsu,combined,305,1,1,0.3,253.79,93.79,2.935,6.297,1.131,0.432,1.048
canny_hough,otsu,combined,306,1,1,0.3,253.79,93.79,2.93,6.364,1.191,0.437,1.064
canny_hough,otsu,combined,307,1,1,0.3,250.23,90.23,2.863,6.366,1.146,0.429,1.151
canny_hough,otsu,combined,308,1,1,0.3,250.23,90.23,2.912,6.385,1.14,0.427,1.085
canny_hough,otsu,combined,309,1,1,0.3,253.65,93.65,2.942,6.363,1.137,0.479,1.064
canny_hough,otsu,combined,310,1,1,0.45,253.53,93.53,3.066,6.444,1.134,0.43,1.067
canny_hough,otsu,combined,311,1,1,0.45,253.53,93.53,3.045,6.468,1.19,0.436,1.057
canny_hough,otsu,combined,312,1,1,0.3,253.48,93.48,2.847,6.309,1.14,0.433,1.142
canny_hough,otsu,combined,313,1,1,0.45,253.4,93.4,3.048,6.596,1.145,0.431,1.164
canny_hough,otsu,combined,314,1,1,0.45,253.4,93.4,3.064,6.49,1.185,0.433,1.055
canny_hough,otsu,combined,315,1,1,0.45,253.4,93.4,2.998,6.564,1.138,0.434,1.241
canny_hough,otsu,combined,316,1,1,0.3,254.1,94.1,2.886,6.436,1.13,0.431,1.167
canny_hough,otsu,combined,317,1,1,0.3,254.1,94.1,2.915,6.5,1.137,0.482,1.181
canny_hough,otsu,combined,318,1,1,0.45,253.92,93.92,3.078,6.64,1.139,0.43,1.243
canny_hough,otsu,combined,319,1,1,0.3,254.1,94.1,2.884,6.422,1.199,0.436,1.162
canny_hough,otsu,combined,320,1,1,0.45,255.02,95.02,3.119,6.657,1.151,0.475,1.153
canny_hough,otsu,combined,321,1,1,0.45,255.02,95.02,3.043,6.588,1.14,0.433,1.164
canny_hough,otsu,combined,322,1,1,0.3,253.79,93.79,2.921,6.367,1.19,0.435,1.074
canny_hough,otsu,combined,323,1,1,0.3,253.79,93.79,2.938,6.538,1.133,0.433,1.279
canny_hough,otsu,combined,324,1,1,0.3,253.79,93.79,2.926,6.43,1.14,0.433,1.174
canny_hough,otsu,combined,325,1,1,0.45,253.4,93.4,3.066,6.597,1.197,0.435,1.154
canny_hough,otsu,combined,326,1,1,0.45,253.53,93.53,3.013,6.512,1.138,0.434,1.187
canny_hough,otsu,combined,327,1,1,0.45,253.53,93.53,3.079,6.608,1.135,0.433,1.177
canny_hough,otsu,combined,328,1,1,0.45,253.31,93.31,3.122,6.655,1.175,0.439,1.165
canny_hough,otsu,combined,329,1,1,0.45,253.31,93.31,2.727,6.254,1.147,0.434,1.205
canny_hough,otsu,combined,330,1,1,0.45,253.9,93.9,2.792,5.85,0.988,0.376,0.953
canny_hough,otsu,combined,331,1,1,0.45,253.08,93.08,2.719,5.881,0.994,0.378,1.121
canny_hough,otsu,combined,332,1,1,0.45,255.02,95.02,2.828,5.9,0.982,0.38,0.974
canny_hough,otsu,combined,333,1,1,0.45,255.02,95.02,2.753,5.901,0.995,0.377,1.094
canny_hough,otsu,combined,334,1,1,0.45,252.05,92.05,2.727,5.812,0.992,0.377,0.955
canny_hough,otsu,combined,335,1,1,0.45,252.05,92.05,2.675,5.823,0.991,0.379,1.107
canny_hough,otsu,combined,336,1,1,0.3,250.23,90.23,2.655,5.719,1.042,0.382,0.962
canny_hough,otsu,combined,337,1,1,0.45,253.53,93.53,2.69,5.787,0.988,0.376,0.969
canny_hough,otsu,combined,338,1,1,0.45,253.53,93.53,2.764,5.78,1.02,0.383,0.956
canny_hough,otsu,combined,339,1,1,0.45,253.53,93.53,2.759,5.757,1.002,0.378,0.941
canny_hough,otsu,combined,340,1,1,0.3,250.23,90.23,2.65,5.687,1.039,0.38,0.934
canny_hough,otsu,combined,341,1,1,0.3,250.23,90.23,2.67,5.665,0.992,0.38,0.943
canny_hough,otsu,combined,342,1,1,0.3,253.79,93.79,2.653,6.29,0.988,0.377,1.597
canny_hough,otsu,combined,343,1,1,0.3,253.79,93.79,2.649,5.652,0.994,0.38,0.949
canny_hough,otsu,combined,344,1,1,0.3,253.79,93.79,2.582,5.608,0.98,0.374,0.996
canny_hough,otsu,combined,345,1,1,0.3,253.79,93.79,2.64,5.673,0.989,0.378,0.929
canny_hough,otsu,combined,346,1,1,0.3,253.79,93.79,2.717,5.757,0.976,0.375,1.003
canny_hough,otsu,combined,347,1,1,0.3,253.96,93.96,2.961,6.54,1.193,0.435,1.173
canny_hough,otsu,combined,348,1,1,0.3,253.96,93.96,2.917,6.454,1.133,0.431,1.218
canny_hough,otsu,combined,349,1,1,0.3,253.48,93.48,2.905,6.325,1.157,0.428,1.083
canny_hough,otsu,combined,350,1,1,0.45,253.52,93.52,3.08,6.538,1.19,0.437,1.079
canny_hough,otsu,combined,351,1,1,0.45,253.52,93.52,3.02,6.577,1.128,0.431,1.261
canny_hough,otsu,combined,352,1,1,0.45,255.02,95.02,3.095,6.593,1.124,0.435,1.18
canny_hough,otsu,combined,353,1,1,0.45,255.02,95.02,3.104,6.545,1.187,0.443,1.045
canny_hough,otsu,combined,354,1,1,0.3,254.1,94.1,2.845,6.331,1.134,0.433,1.172
canny_hough,otsu,combined,355,1,1,0.45,253.32,93.32,3.084,6.636,1.141,0.431,1.17
canny_hough,otsu,combined,356,1,1,0.45,253.32,93.32,3.102,6.533,1.186,0.436,1.057
canny_hough,otsu,combined,357,1,1,0.45,254.49,94.49,2.995,6.476,1.124,0.435,1.138
canny_hough,otsu,combined,358,1,1,0.3,253.79,93.79,2.918,6.468,1.131,0.433,1.16
canny_hough,otsu,combined,359,1,1,0.3,253.79,93.79,2.939,6.377,1.139,0.48,1.07
canny_hough,otsu,combined,360,1,1,0.3,253.79,93.79,2.938,6.309,1.126,0.432,1.066
canny_hough,otsu,combined,361,1,1,0.45,253.92,93.92,3.127,6.564,1.182,0.437,1.07
canny_hough,otsu,combined,362,1,1,0.45,253.52,93.52,3.083,6.679,1.141,0.432,1.269
canny_hough,otsu,combined,363,1,1,0.45,253.52,93.52,3.076,6.456,1.131,0.431,1.066
canny_hough,adaptive,combined,0,1,1,0.3,250.23,90.23,4.185,17.195,1.22,9.111,1.833
canny_hough,adaptive,combined,1,1,1,0.3,250.23,90.23,6.943,26.801,1.326,13.798,3.598
canny_hough,adaptive,combined,2,1,1,0.3,250.23,90.23,4.088,17.038,1.182,8.861,1.867
canny_hough,adaptive,combined,3,1,1,0.45,253.92,93.92,3.106,14.871,1.231,8.32,1.368
canny_hough,adaptive,combined,4,1,1,0.3,250.23,90.23,3.035,14.742,1.148,8.443,1.275
canny_hough,adaptive,combined,5,1,1,0.3,250.23,90.23,2.995,14.99,1.205,8.589,1.399
canny_hough,adaptive,combined,6,1,1,0.45,253.92,93.92,3.219,14.981,1.153,8.367,1.456
canny_hough,adaptive,combined,7,1,1,0.3,254.1,94.1,2.899,14.612,1.152,8.351,1.368
canny_hough,adaptive,combined,8,1,1,0.3,254.1,94.1,2.963,14.528,1.199,8.333,1.259
canny_hough,adaptive,combined,9,1,1,0.3,254.1,94.1,3.218,14.954,1.164,8.352,1.45
canny_hough,adaptive,combined,10,1,1,0.3,253.79,93.79,2.925,14.818,1.239,8.445,1.374
canny_hough,adaptive,combined,11,1,1,0.3,250.23,90.23,3.005,14.576,1.144,8.302,1.283
canny_hough,adaptive,combined,12,1,1,0.3,250.23,90.23,3.163,15.277,1.237,8.386,1.664
canny_hough,adaptive,combined,13,1,1,0.3,250.23,90.23,2.963,14.52,1.194,8.268,1.279
canny_hough,adaptive,combined,14,1,1,0.3,250.23,90.23,2.935,14.379,1.142,8.246,1.277
canny_hough,adaptive,combined,15,1,1,0.3,251.44,91.44,2.939,14.506,1.188,8.266,1.344
canny_hough,adaptive,combined,16,1,1,0.45,254.1,94.1,3.417,15.234,1.253,8.564,1.186
canny_hough,adaptive,combined,17,1,1,0.3,250.23,90.23,3.192,14.688,0.742,8.619,1.149
canny_hough,adaptive,combined,18,1,1,0.45,248.44,88.44,3.336,15.511,1.23,8.587,1.529
canny_hough,adaptive,combined,19,1,1,0.3,253.79,93.79,3.209,15.297,1.239,8.638,1.387
canny_hough,adaptive,combined,20,1,1,0.3,253.79,93.79,3.055,15.43,1.269,8.602,1.633
canny_hough,adaptive,combined,21,1,1,0.45,253.53,93.53,3.352,15.086,1.231,8.466,1.259
canny_hough,adaptive,combined,22,1,1,0.3,250.23,90.23,2.905,14.621,1.16,8.324,1.354
canny_hough,adaptive,combined,23,1,1,0.3,250.23,90.23,2.995,14.767,1.15,8.314,1.461
canny_hough,adaptive,combined,24,1,1,0.3,250.23,90.23,2.985,14.607,1.202,8.396,1.248
canny_hough,adaptive,combined,25,1,1,0.45,253.4,93.4,3.042,14.773,1.148,8.318,1.486
canny_hough,adaptive,combined,26,1,1,0.45,253.4,93.4,3.064,14.475,1.142,8.313,1.191
canny_hough,adaptive,combined,27,1,1,0.45,253.6,93.6,3.093,14.619,1.191,8.248,1.338
canny_hough,adaptive,combined,28,1,1,0.3,251.44,91.44,2.873,14.412,1.135,8.221,1.432
canny_hough,adaptive,combined,29,1,1,0.3,251.44,91.44,2.935,14.409,1.128,8.211,1.318
canny_hough,adaptive,combined,30,1,1,0.3,250.23,90.23,2.912,14.352,1.146,8.298,1.234
canny_hough,adaptive,combined,31,1,1,0.45,254.1,94.1,3.01,14.307,1.143,8.191,1.212
canny_hough,adaptive,combined,32,1,1,0.45,254.1,94.1,2.699,12.799,1.035,7.115,1.245
canny_hough,adaptive,combined,33,1,1,0.3,250.23,90.23,2.63,12.598,0.999,7.159,1.067
canny_hough,adaptive,combined,34,1,1,0.3,250.23,90.23,2.621,12.466,0.984,7.149,1.048
canny_hough,adaptive,combined,35,1,1,0.3,253.79,93.79,2.624,12.574,0.988,7.117,1.177
canny_hough,adaptive,combined,36,1,1,0.3,253.79,93.79,2.633,12.616,0.992,7.124,1.195
canny_hough,adaptive,combined,37,1,1,0.3,250.23,90.23,2.579,12.6,0.991,7.111,1.236
canny_hough,adaptive,combined,38,1,1,0.3,250.23,90.23,2.567,12.633,1.033,7.104,1.252
canny_hough,adaptive,combined,39,1,1,0.3,250.23,90.23,2.71,12.655,0.984,7.146,1.075
canny_hough,adaptive,combined,40,1,1,0.3,250.23,90.23,2.905,14.232,1.141,8.223,1.212
canny_hough,adaptive,combined,41,1,1,0.45,254.1,94.1,3.075,14.525,1.177,8.219,1.309
canny_hough,adaptive,combined,42,1,1,0.45,254.1,94.1,2.995,14.433,1.133,8.212,1.312
canny_hough,adaptive,combined,43,1,1,0.45,253.53,93.53,3.079,14.556,1.13,8.215,1.317
canny_hough,adaptive,combined,44,1,1,0.3,250.23,90.23,2.905,14.372,1.257,8.241,1.191
canny_hough,adaptive,combined,45,1,1,0.3,250.23,90.23,2.852,14.295,1.13,8.188,1.309
canny_hough,adaptive,combined,46,1,1,0.3,250.23,90.23,2.895,14.334,1.179,8.275,1.218
canny_hough,adaptive,combined,47,1,1,0.3,250.23,90.23,2.844,14.31,1.126,8.21,1.374
canny_hough,adaptive,combined,48,1,1,0.45,253.6,93.6,3.045,14.545,1.146,8.227,1.317
canny_hough,adaptive,combined,49,1,1,0.3,250.23,90.23,2.92,14.387,1.178,8.223,1.32
canny_hough,adaptive,combined,50,1,1,0.3,250.23,90.23,2.848,14.259,1.147,8.217,1.296
canny_hough,adaptive,combined,51,1,1,0.45,253.53,93.53,3.031,14.371,1.176,8.207,1.205
canny_hough,adaptive,combined,52,1,1,0.3,250.23,90.23,2.847,14.268,1.128,8.236,1.262
canny_hough,adaptive,combined,53,1,1,0.3,253.79,93.79,2.938,14.258,1.128,8.203,1.237
canny_hough,adaptive,combined,54,1,1,0.3,253.79,93.79,2.915,14.331,1.181,8.272,1.206
canny_hough,adaptive,combined,55,1,1,0.3,250.23,90.23,2.841,14.347,1.144,8.207,1.399
canny_hough,adaptive,combined,56,1,1,0.45,253.92,93.92,3.086,14.489,1.182,8.246,1.226
canny_hough,adaptive,combined,57,1,1,0.45,253.92,93.92,3.118,14.611,1.13,8.209,1.401
canny_hough,adaptive,combined,58,1,1,0.3,250.23,90.23,2.913,14.323,1.137,8.189,1.33
canny_hough,adaptive,combined,59,1,1,0.3,250.23,90.23,3.721,15.224,1.19,8.256,1.306
canny_hough,adaptive,combined,60,1,1,0.3,250.23,90.23,2.953,14.463,1.145,8.229,1.32
canny_hough,adaptive,combined,61,1,1,0.3,250.23,90.23,2.922,14.245,1.136,8.194,1.237
canny_hough,adaptive,combined,62,1,1,0.3,250.23,90.23,2.936,14.379,1.187,8.258,1.207
canny_hough,adaptive,combined,63,1,1,0.45,254.1,94.1,3.043,14.517,1.145,8.185,1.396
canny_hough,adaptive,combined,64,1,1,0.45,254.85,94.85,3.045,14.569,1.137,8.225,1.336
canny_hough,adaptive,combined,65,1,1,0.45,254.85,94.85,3.056,14.517,1.175,8.21,1.32
canny_hough,adaptive,combined,66,1,1,0.45,255.02,95.02,3.036,14.616,1.142,8.271,1.41
canny_hough,adaptive,combined,67,1,1,0.45,254.49,94.49,3.054,14.539,1.136,8.193,1.342
canny_hough,adaptive,combined,68,1,1,0.3,250.23,90.23,2.925,14.327,1.189,8.267,1.195
canny_hough,adaptive,combined,69,1,1,0.3,250.23,90.23,2.855,14.223,1.126,8.209,1.218
canny_hough,adaptive,combined,70,1,1,0.45,254.1,94.1,3.048,14.478,1.195,8.245,1.224
canny_hough,adaptive,combined,71,1,1,0.45,254.1,94.1,3.008,14.347,1.131,8.198,1.259
canny_hough,adaptive,combined,72,1,1,0.3,250.23,90.23,2.905,14.261,1.139,8.211,1.215
canny_hough,adaptive,combined,73,1,1,0.45,253.92,93.92,3.101,14.443,1.178,8.214,1.191
canny_hough,adaptive,combined,74,1,1,0.3,253.79,93.79,3.053,14.449,1.127,8.209,1.299
canny_hough,adaptive,combined,75,1,1,0.3,253.79,93.79,2.751,13.226,1.173,7.453,1.106
canny_hough,adaptive,combined,76,1,1,0.3,254.1,94.1,2.687,12.799,0.998,7.266,1.137
canny_hough,adaptive,combined,77,1,1,0.3,254.1,94.1,2.705,12.783,1.007,7.24,1.127
canny_hough,adaptive,combined,78,1,1,0.3,254.1,94.1,2.627,12.842,0.991,7.245,1.231
canny_hough,adaptive,combined,79,1,1,0.45,253.92,93.92,2.867,13.012,1.064,7.249,1.135
canny_hough,adaptive,combined,80,1,1,0.45,253.92,93.92,2.875,12.998,0.997,7.274,1.151
canny_hough,adaptive,combined,81,1,1,0.3,253.79,93.79,2.702,12.936,1.011,7.241,1.265
canny_hough,adaptive,combined,82,1,1,0.45,253.4,93.4,3.117,13.468,0.998,7.269,1.342
canny_hough,adaptive,combined,83,1,1,0.45,253.4,93.4,3.181,14.77,1.142,8.335,1.267
canny_hough,adaptive,combined,84,1,1,0.45,254.49,94.49,3.325,15.046,1.205,8.365,1.371
canny_hough,adaptive,combined,85,1,1,0.3,253.79,93.79,2.924,14.421,1.136,8.207,1.386
canny_hough,adaptive,combined,86,1,1,0.45,253.53,93.53,3.11,14.458,1.128,8.225,1.238
canny_hough,adaptive,combined,87,1,1,0.45,253.53,93.53,3.023,14.497,1.198,8.216,1.308
canny_hough,adaptive,combined,88,1,1,0.3,253.79,93.79,2.85,14.252,1.14,8.219,1.296
canny_hough,adaptive,combined,89,1,1,0.3,253.79,93.79,2.625,14.109,1.137,8.226,1.23
canny_hough,adaptive,combined,90,1,1,0.45,255.02,95.02,2.792,12.688,0.993,7.132,1.083
canny_hough,adaptive,combined,91,1,1,0.3,250.23,90.23,2.619,12.671,1.039,7.087,1.25
canny_hough,adaptive,combined,92,1,1,0.3,250.23,90.23,2.639,12.707,1.033,7.101,1.235
canny_hough,adaptive,combined,93,1,1,0.3,250.23,90.23,2.632,12.604,0.993,7.127,1.167
canny_hough,adaptive,combined,94,1,1,0.45,253.92,93.92,2.781,12.817,0.991,7.175,1.193
canny_hough,adaptive,combined,95,1,1,0.45,253.92,93.92,2.789,12.736,0.976,7.123,1.181
canny_hough,adaptive,combined,96,1,1,0.3,250.23,90.23,2.573,12.534,0.996,7.124,1.166
canny_hough,adaptive,combined,97,1,1,0.3,253.79,93.79,2.581,12.502,1.033,7.077,1.134
canny_hough,adaptive,combined,98,1,1,0.3,250.23,90.23,2.619,12.617,0.991,7.174,1.084
canny_hough,adaptive,combined,99,1,1,0.3,250.23,90.23,2.631,12.553,0.984,7.166,1.082
canny_hough,adaptive,combined,100,1,1,0.3,250.23,90.23,2.625,12.547,0.998,7.14,1.103
canny_hough,adaptive,combined,101,1,1,0.3,250.23,90.23,2.636,12.601,0.993,7.115,1.18
canny_hough,adaptive,combined,102,1,1,0.45,254.1,94.1,2.706,12.768,0.994,7.118,1.188
canny_hough,adaptive,combined,103,1,1,0.3,253.65,93.65,2.565,12.521,1.029,7.079,1.172
canny_hough,adaptive,combined,104,1,1,0.3,250.23,90.23,2.619,12.713,1.041,7.183,1.184
canny_hough,adaptive,combined,105,1,1,0.3,250.23,90.23,2.633,12.644,0.996,7.14,1.185
canny_hough,adaptive,combined,106,1,1,0.45,253.4,93.4,2.751,12.759,0.993,7.14,1.206
canny_hough,adaptive,combined,107,1,1,0.45,253.4,93.4,2.804,12.792,0.981,7.134,1.188
canny_hough,adaptive,combined,108,1,1,0.45,253.53,93.53,2.673,12.68,1.042,7.105,1.184
canny_hough,adaptive,combined,109,1,1,0.45,254.1,94.1,2.773,12.816,1.042,7.079,1.237
canny_hough,adaptive,combined,110,1,1,0.45,254.1,94.1,2.734,12.725,0.975,7.155,1.201
canny_hough,adaptive,combined,111,1,1,0.45,254.1,94.1,2.766,12.742,0.991,7.107,1.199
canny_hough,adaptive,combined,112,1,1,0.3,250.23,90.23,2.624,12.587,0.99,7.133,1.119
canny_hough,adaptive,combined,113,1,1,0.45,253.52,93.52,2.999,13.299,0.994,7.204,1.406
canny_hough,adaptive,combined,114,1,1,0.45,253.52,93.52,3.068,14.486,1.137,8.225,1.206
canny_hough,adaptive,combined,115,1,1,0.3,250.23,90.23,2.931,14.412,1.179,8.226,1.32
canny_hough,adaptive,combined,116,1,1,0.3,250.23,90.23,2.848,14.223,1.134,8.216,1.21
canny_hough,adaptive,combined,117,1,1,0.45,253.53,93.53,3.029,14.394,1.193,8.209,1.218
canny_hough,adaptive,combined,118,1,1,0.3,250.23,90.23,2.863,14.257,1.13,8.212,1.303
canny_hough,adaptive,combined,119,1,1,0.3,250.23,90.23,2.931,14.336,1.139,8.22,1.228
canny_hough,adaptive,combined,120,1,1,0.3,253.79,93.79,2.656,14.089,1.147,8.267,1.287
canny_hough,adaptive,combined,121,1,1,0.45,253.92,93.92,2.779,12.735,0.985,7.105,1.18
canny_hough,adaptive,combined,122,1,1,0.45,253.92,93.92,2.828,12.716,0.98,7.115,1.09
canny_hough,adaptive,combined,123,1,1,0.45,253.92,93.92,2.803,12.774,0.984,7.113,1.187
canny_hough,adaptive,combined,124,1,1,0.3,254.1,94.1,2.555,12.644,1.037,7.095,1.268
canny_hough,adaptive,combined,125,1,1,0.3,254.1,94.1,2.607,12.578,1.053,7.142,1.091
canny_hough,adaptive,combined,126,1,1,0.45,253.53,93.53,2.773,12.793,0.993,7.166,1.181
canny_hough,adaptive,combined,127,1,1,0.3,253.79,93.79,2.619,12.606,0.995,7.123,1.184
canny_hough,adaptive,combined,128,1,1,0.3,253.79,93.79,2.63,12.639,0.986,7.18,1.17
canny_hough,adaptive,combined,129,1,1,0.3,253.79,93.79,2.576,12.502,0.987,7.129,1.08
canny_hough,adaptive,combined,130,1,1,0.3,250.23,90.23,2.576,12.566,1.035,7.087,1.191
canny_hough,adaptive,combined,131,1,1,0.3,250.23,90.23,2.652,12.714,1.064,7.127,1.189
canny_hough,adaptive,combined,132,1,1,0.3,250.23,90.23,2.618,12.609,0.998,7.18,1.09
canny_hough,adaptive,combined,133,1,1,0.3,253.96,93.96,2.639,12.588,0.988,7.12,1.165
canny_hough,adaptive,combined,134,1,1,0.3,253.96,93.96,2.64,12.504,0.99,7.121,1.101
canny_hough,adaptive,combined,135,1,1,0.45,253.53,93.53,2.77,12.591,0.995,7.092,1.067
canny_hough,adaptive,combined,136,1,1,0.45,255.02,95.02,2.778,13.387,1.438,7.392,1.087
canny_hough,adaptive,combined,137,1,1,0.45,253.4,93.4,2.755,12.779,0.992,7.137,1.216
canny_hough,adaptive,combined,138,1,1,0.45,253.4,93.4,2.814,12.728,0.985,7.139,1.106
canny_hough,adaptive,combined,139,1,1,0.3,250.23,90.23,2.63,12.53,1.003,7.133,1.08
canny_hough,adaptive,combined,140,1,1,0.3,253.79,93.79,2.553,12.457,0.975,7.116,1.138
canny_hough,adaptive,combined,141,1,1,0.3,253.79,93.79,2.58,12.601,1.068,7.091,1.177
canny_hough,adaptive,combined,142,1,1,0.45,253.53,93.53,2.736,12.834,0.996,7.16,1.171
canny_hough,adaptive,combined,143,1,1,0.45,253.53,93.53,2.732,12.592,0.982,7.115,1.083
canny_hough,adaptive,combined,144,1,1,0.3,253.65,93.65,2.623,12.53,0.987,7.167,1.069
canny_hough,adaptive,combined,145,1,1,0.3,254.1,94.1,2.6,12.446,0.979,7.113,1.086
canny_hough,adaptive,combined,146,1,1,0.3,253.48,93.48,2.556,12.58,0.991,7.201,1.09
canny_hough,adaptive,combined,147,1,1,0.3,253.48,93.48,2.559,12.559,1.024,7.109,1.186
canny_hough,adaptive,combined,148,1,1,0.45,253.32,93.32,2.795,12.873,1.052,7.145,1.198
canny_hough,adaptive,combined,149,1,1,0.45,253.53,93.53,2.725,12.599,0.979,7.136,1.08
canny_hough,adaptive,combined,150,1,1,0.45,253.53,93.53,2.732,12.599,0.982,7.113,1.086
canny_hough,adaptive,combined,151,1,1,0.3,250.23,90.23,2.624,12.844,0.983,7.306,1.253
canny_hough,adaptive,combined,152,1,1,0.3,250.23,90.23,2.84,13.301,1.061,7.277,1.393
canny_hough,adaptive,combined,153,1,1,0.3,250.23,90.23,2.973,14.555,1.141,8.302,1.313
canny_hough,adaptive,combined,154,1,1,0.3,250.23,90.23,2.902,14.302,1.185,8.254,1.203
canny_hough,adaptive,combined,155,1,1,0.3,250.23,90.23,2.899,14.289,1.134,8.208,1.275
canny_hough,adaptive,combined,156,1,1,0.3,250.23,90.23,2.914,14.439,1.194,8.223,1.349
canny_hough,adaptive,combined,157,1,1,0.3,253.79,93.79,2.925,14.42,1.134,8.22,1.379
canny_hough,adaptive,combined,158,1,1,0.45,253.53,93.53,3.026,14.475,1.127,8.238,1.33
canny_hough,adaptive,combined,159,1,1,0.45,253.53,93.53,2.733,13.981,1.193,8.225,1.084
canny_hough,adaptive,combined,160,1,1,0.3,253.79,93.79,2.635,12.621,0.993,7.132,1.187
canny_hough,adaptive,combined,161,1,1,0.3,250.23,90.23,2.643,12.491,0.988,7.119,1.07
canny_hough,adaptive,combined,162,1,1,0.3,250.23,90.23,2.581,12.73,0.981,7.125,1.204
canny_hough,adaptive,combined,163,1,1,0.3,253.79,93.79,2.573,12.565,1.035,7.096,1.189
canny_hough,adaptive,combined,164,1,1,0.3,253.79,93.79,2.623,12.694,1.055,7.178,1.166
canny_hough,adaptive,combined,165,1,1,0.3,253.79,93.79,2.63,12.506,0.989,7.136,1.058
canny_hough,adaptive,combined,166,1,1,0.3,253.79,93.79,2.622,12.632,0.991,7.139,1.197
canny_hough,adaptive,combined,167,1,1,0.3,253.79,93.79,2.661,12.653,0.993,7.121,1.203
canny_hough,adaptive,combined,168,1,1,0.3,253.79,93.79,2.574,12.66,0.987,7.145,1.213
canny_hough,adaptive,combined,169,1,1,0.3,253.79,93.79,2.566,12.518,1.031,7.075,1.16
canny_hough,adaptive,combined,170,1,1,0.3,253.79,93.79,2.559,12.651,1.046,7.205,1.085
canny_hough,adaptive,combined,171,1,1,0.3,253.79,93.79,2.664,12.549,0.997,7.14,1.075
canny_hough,adaptive,combined,172,1,1,0.45,254.49,94.49,2.742,12.734,0.979,7.138,1.18
canny_hough,adaptive,combined,173,1,1,0.45,254.49,94.49,2.78,12.764,1.0,7.115,1.19
canny_hough,adaptive,combined,174,1,1,0.45,253.53,93.53,2.674,12.732,0.987,7.136,1.251
canny_hough,adaptive,combined,175,1,1,0.3,253.79,93.79,2.576,12.535,1.037,7.086,1.159
canny_hough,adaptive,combined,176,1,1,0.3,253.79,93.79,2.637,12.706,0.992,7.151,1.175
canny_hough,adaptive,combined,177,1,1,0.3,253.79,93.79,2.628,12.599,0.995,7.128,1.17
canny_hough,adaptive,combined,178,1,1,0.3,253.79,93.79,2.626,12.552,0.999,7.162,1.079
canny_hough,adaptive,combined,179,1,1,0.3,253.79,93.79,2.63,12.554,0.981,7.145,1.108
canny_hough,adaptive,combined,180,1,1,0.45,253.92,93.92,2.74,12.705,0.993,7.144,1.149
canny_hough,adaptive,combined,181,1,1,0.3,253.79,93.79,2.567,12.54,1.038,7.096,1.152
canny_hough,adaptive,combined,182,1,1,0.3,250.23,90.23,2.679,12.792,0.985,7.16,1.19
canny_hough,adaptive,combined,183,1,1,0.3,250.23,90.23,2.636,12.526,0.987,7.118,1.106
canny_hough,adaptive,combined,184,1,1,0.3,253.79,93.79,2.624,12.544,0.997,7.15,1.084
canny_hough,adaptive,combined,185,1,1,0.45,253.4,93.4,2.74,12.705,0.981,7.109,1.195
canny_hough,adaptive,combined,186,1,1,0.45,253.4,93.4,2.728,12.687,0.987,7.152,1.144
canny_hough,adaptive,combined,187,1,1,0.3,254.1,94.1,2.557,12.517,1.027,7.084,1.168
canny_hough,adaptive,combined,188,1,1,0.3,254.1,94.1,2.607,12.672,0.998,7.162,1.161
canny_hough,adaptive,combined,189,1,1,0.45,253.92,93.92,2.794,12.791,0.984,7.146,1.19
canny_hough,adaptive,combined,190,1,1,0.45,253.92,93.92,2.845,12.734,0.989,7.139,1.07
canny_hough,adaptive,combined,191,1,1,0.45,253.92,93.92,2.758,12.788,0.991,7.102,1.2
canny_hough,adaptive,combined,192,1,1,0.3,253.79,93.79,2.571,12.613,1.03,7.107,1.17
canny_hough,adaptive,combined,193,1,1,0.3,253.79,93.79,2.688,12.71,0.993,7.133,1.158
canny_hough,adaptive,combined,194,1,1,0.3,253.79,93.79,2.631,12.653,0.995,7.167,1.177
canny_hough,adaptive,combined,195,1,1,0.45,253.92,93.92,2.771,12.681,1.0,7.138,1.096
canny_hough,adaptive,combined,196,1,1,0.3,253.79,93.79,2.624,12.522,0.99,7.149,1.076
canny_hough,adaptive,combined,197,1,1,0.3,253.79,93.79,2.579,12.593,0.981,7.112,1.243
canny_hough,adaptive,combined,198,1,1,0.45,255.02,95.02,2.724,12.803,1.085,7.092,1.221
canny_hough,adaptive,combined,199,1,1,0.45,253.53,93.53,2.764,12.819,0.993,7.142,1.178
canny_hough,adaptive,combined,200,1,1,0.3,253.48,93.48,2.603,12.535,0.991,7.147,1.107
canny_hough,adaptive,combined,201,1,1,0.3,253.48,93.48,2.623,12.485,0.988,7.111,1.094
canny_hough,adaptive,combined,202,1,1,0.3,253.79,93.79,2.636,12.556,0.995,7.137,1.085
canny_hough,adaptive,combined,203,1,1,0.3,253.79,93.79,2.613,12.568,1.034,7.095,1.133
canny_hough,adaptive,combined,204,1,1,0.3,253.79,93.79,2.58,12.651,1.03,7.102,1.26
canny_hough,adaptive,combined,205,1,1,0.45,253.53,93.53,2.749,12.711,0.989,7.148,1.081
canny_hough,adaptive,combined,206,1,1,0.45,253.53,93.53,2.725,12.735,0.985,7.163,1.183
canny_hough,adaptive,combined,207,1,1,0.3,250.23,90.23,2.661,12.6,0.977,7.122,1.193
canny_hough,adaptive,combined,208,1,1,0.45,253.4,93.4,2.731,12.806,0.994,7.152,1.185
canny_hough,adaptive,combined,209,1,1,0.45,253.4,93.4,2.733,12.803,1.046,7.089,1.254
canny_hough,adaptive,combined,210,1,1,0.45,253.4,93.4,2.791,12.97,0.987,7.15,1.295
canny_hough,adaptive,combined,211,1,1,0.45,253.53,93.53,2.76,12.661,0.986,7.125,1.097
canny_hough,adaptive,combined,212,1,1,0.3,250.23,90.23,2.642,12.563,0.991,7.129,1.083
canny_hough,adaptive,combined,213,1,1,0.3,250.23,90.23,2.579,12.617,0.991,7.119,1.19
canny_hough,adaptive,combined,214,1,1,0.45,255.1,95.1,2.741,12.736,1.03,7.104,1.179
canny_hough,adaptive,combined,215,1,1,0.45,255.1,95.1,2.803,13.434,0.988,7.517,1.385
canny_hough,adaptive,combined,216,1,1,0.45,253.92,93.92,2.777,12.692,0.987,7.146,1.096
canny_hough,adaptive,combined,217,1,1,0.45,254.46,94.46,2.727,12.587,0.993,7.114,1.07
canny_hough,adaptive,combined,218,1,1,0.45,253.4,93.4,2.788,12.877,0.985,7.174,1.253
canny_hough,adaptive,combined,219,1,1,0.3,254.1,94.1,2.554,12.529,1.06,7.155,1.076
canny_hough,adaptive,combined,220,1,1,0.3,250.23,90.23,2.632,12.619,0.982,7.159,1.164
canny_hough,adaptive,combined,221,1,1,0.3,250.23,90.23,2.622,12.519,0.996,7.135,1.088
canny_hough,adaptive,combined,222,1,1,0.3,253.79,93.79,2.648,12.592,0.992,7.163,1.081
canny_hough,adaptive,combined,223,1,1,0.3,253.79,93.79,2.624,12.496,0.985,7.106,1.095
canny_hough,adaptive,combined,224,1,1,0.45,253.9,93.9,2.722,12.679,0.984,7.131,1.169
canny_hough,adaptive,combined,225,1,1,0.45,253.9,93.9,2.736,12.639,1.028,7.076,1.117
canny_hough,adaptive,combined,226,1,1,0.3,253.79,93.79,2.621,12.609,0.987,7.167,1.082
canny_hough,adaptive,combined,227,1,1,0.3,253.79,93.79,2.631,12.51,0.987,7.118,1.084
canny_hough,adaptive,combined,228,1,1,0.3,253.79,93.79,2.755,12.692,0.999,7.185,1.065
canny_hough,adaptive,combined,229,1,1,0.3,254.1,94.1,2.562,13.062,1.163,7.424,1.195
canny_hough,adaptive,combined,230,1,1,0.3,253.79,93.79,2.556,12.668,1.047,7.124,1.26
canny_hough,adaptive,combined,231,1,1,0.3,253.79,93.79,2.669,12.754,1.001,7.161,1.119
canny_hough,adaptive,combined,232,1,1,0.45,253.92,93.92,2.763,12.717,0.994,7.152,1.095
canny_hough,adaptive,combined,233,1,1,0.45,254.49,94.49,2.784,12.831,0.992,7.214,1.166
canny_hough,adaptive,combined,234,1,1,0.45,254.49,94.49,2.752,12.818,0.999,7.125,1.253
canny_hough,adaptive,combined,235,1,1,0.45,253.4,93.4,2.69,12.648,1.032,7.092,1.151
canny_hough,adaptive,combined,236,1,1,0.45,253.4,93.4,2.741,12.791,0.985,7.167,1.162
canny_hough,adaptive,combined,237,1,1,0.45,253.4,93.4,2.742,12.604,0.994,7.119,1.066
canny_hough,adaptive,combined,238,1,1,0.3,253.79,93.79,2.663,12.648,0.994,7.117,1.193
canny_hough,adaptive,combined,239,1,1,0.3,253.96,93.96,2.629,12.614,0.983,7.113,1.208
canny_hough,adaptive,combined,240,1,1,0.3,253.96,93.96,2.578,12.626,1.027,7.095,1.253
canny_hough,adaptive,combined,241,1,1,0.45,254.1,94.1,2.747,12.756,1.031,7.078,1.213
canny_hough,adaptive,combined,242,1,1,0.3,253.79,93.79,2.626,12.551,0.984,7.165,1.069
canny_hough,adaptive,combined,243,1,1,0.3,253.79,93.79,2.622,12.485,0.99,7.106,1.094
canny_hough,adaptive,combined,244,1,1,0.3,253.79,93.79,2.619,12.619,0.993,7.128,1.193
canny_hough,adaptive,combined,245,1,1,0.3,253.79,93.79,2.649,12.516,0.999,7.11,1.075
canny_hough,adaptive,combined,246,1,1,0.3,254.1,94.1,2.558,12.583,0.983,7.115,1.251
canny_hough,adaptive,combined,247,1,1,0.45,253.4,93.4,2.707,12.719,1.044,7.077,1.221
canny_hough,adaptive,combined,248,1,1,0.3,254.1,94.1,2.596,12.733,0.981,7.2,1.202
canny_hough,adaptive,combined,249,1,1,0.3,254.1,94.1,2.595,12.445,0.987,7.113,1.077
canny_hough,adaptive,combined,250,1,1,0.45,253.92,93.92,2.8,12.684,0.981,7.122,1.093
canny_hough,adaptive,combined,251,1,1,0.45,253.92,93.92,2.78,12.754,0.995,7.113,1.187
canny_hough,adaptive,combined,252,1,1,0.45,254.58,94.58,2.747,12.741,1.036,7.103,1.151
canny_hough,adaptive,combined,253,1,1,0.3,253.79,93.79,2.644,12.596,0.981,7.151,1.088
canny_hough,adaptive,combined,254,1,1,0.3,253.79,93.79,2.698,12.612,0.988,7.155,1.082
canny_hough,adaptive,combined,255,1,1,0.45,252.22,92.22,2.722,12.599,0.986,7.102,1.109
canny_hough,adaptive,combined,256,1,1,0.3,253.79,93.79,2.623,12.573,0.988,7.111,1.174
canny_hough,adaptive,combined,257,1,1,0.3,253.79,93.79,2.57,12.6,0.993,7.11,1.195
canny_hough,adaptive,combined,258,1,1,0.3,253.79,93.79,2.567,12.682,1.028,7.153,1.254
canny_hough,adaptive,combined,259,1,1,0.3,253.79,93.79,2.642,12.691,0.99,7.15,1.166
canny_hough,adaptive,combined,260,1,1,0.3,253.79,93.79,2.646,12.65,0.986,7.18,1.174
canny_hough,adaptive,combined,261,1,1,0.3,253.96,93.96,2.636,12.511,0.987,7.114,1.092
canny_hough,adaptive,combined,262,1,1,0.3,253.65,93.65,2.597,12.613,0.986,7.125,1.185
canny_hough,adaptive,combined,263,1,1,0.3,253.65,93.65,2.905,14.109,0.987,8.159,1.366
canny_hough,adaptive,combined,264,1,1,0.3,253.65,93.65,2.893,14.34,1.134,8.213,1.35
canny_hough,adaptive,combined,265,1,1,0.3,253.79,93.79,2.915,14.272,1.187,8.21,1.213
canny_hough,adaptive,combined,266,1,1,0.3,253.79,93.79,2.873,14.37,1.136,8.224,1.379
canny_hough,adaptive,combined,267,1,1,0.3,254.1,94.1,2.895,14.353,1.132,8.206,1.302
canny_hough,adaptive,combined,268,1,1,0.3,253.79,93.79,2.918,14.305,1.135,8.22,1.28
canny_hough,adaptive,combined,269,1,1,0.3,253.79,93.79,2.915,14.353,1.14,8.203,1.34
canny_hough,adaptive,combined,270,1,1,0.45,253.4,93.4,2.78,13.369,1.177,7.423,1.234
canny_hough,adaptive,combined,271,1,1,0.3,253.79,93.79,2.639,12.548,0.982,7.17,1.088
canny_hough,adaptive,combined,272,1,1,0.3,253.48,93.48,2.621,12.563,0.993,7.151,1.079
canny_hough,adaptive,combined,273,1,1,0.3,253.48,93.48,2.636,12.525,0.992,7.119,1.094
canny_hough,adaptive,combined,274,1,1,0.3,254.1,94.1,2.619,12.506,0.997,7.118,1.086
canny_hough,adaptive,combined,275,1,1,0.3,254.1,94.1,2.571,12.611,1.024,7.083,1.257
canny_hough,adaptive,combined,276,1,1,0.3,253.79,93.79,2.569,12.624,1.031,7.125,1.221
canny_hough,adaptive,combined,277,1,1,0.45,253.92,93.92,2.789,12.776,1.0,7.139,1.094
canny_hough,adaptive,combined,278,1,1,0.45,254.1,94.1,2.748,12.742,0.991,7.163,1.16
canny_hough,adaptive,combined,279,1,1,0.45,254.1,94.1,2.807,12.678,0.997,7.117,1.072
canny_hough,adaptive,combined,280,1,1,0.3,253.79,93.79,2.577,12.583,0.979,7.124,1.232
canny_hough,adaptive,combined,281,1,1,0.3,253.65,93.65,2.571,12.619,1.029,7.076,1.256
canny_hough,adaptive,combined,282,1,1,0.3,253.65,93.65,2.623,12.643,0.984,7.147,1.098
canny_hough,adaptive,combined,283,1,1,0.45,253.4,93.4,2.778,12.638,0.99,7.135,1.064
canny_hough,adaptive,combined,284,1,1,0.45,253.4,93.4,2.759,12.761,0.981,7.159,1.177
canny_hough,adaptive,combined,285,1,1,0.3,250.23,90.23,2.639,12.554,0.997,7.141,1.102
canny_hough,adaptive,combined,286,1,1,0.3,253.79,93.79,2.567,12.487,0.98,7.115,1.149
canny_hough,adaptive,combined,287,1,1,0.3,253.79,93.79,2.621,12.705,1.027,7.097,1.279
canny_hough,adaptive,combined,288,1,1,0.45,253.32,93.32,2.771,12.752,0.984,7.161,1.1
canny_hough,adaptive,combined,289,1,1,0.45,253.32,93.32,2.782,12.745,0.987,7.132,1.172
canny_hough,adaptive,combined,290,1,1,0.45,253.92,93.92,2.772,12.75,0.986,7.123,1.19
canny_hough,adaptive,combined,291,1,1,0.45,253.92,93.92,2.731,12.728,0.984,7.106,1.176
canny_hough,adaptive,combined,292,1,1,0.45,254.42,94.42,2.701,12.707,1.036,7.105,1.155
canny_hough,adaptive,combined,293,1,1,0.3,253.79,93.79,2.641,12.623,0.976,7.148,1.114
canny_hough,adaptive,combined,294,1,1,0.3,253.79,93.79,2.962,13.949,0.983,8.111,1.195
canny_hough,adaptive,combined,295,1,1,0.3,253.65,93.65,2.915,15.111,1.138,8.991,1.326
canny_hough,adaptive,combined,296,1,1,0.3,253.65,93.65,2.848,14.364,1.132,8.226,1.396
canny_hough,adaptive,combined,297,1,1,0.3,253.79,93.79,2.94,14.455,1.143,8.265,1.3
canny_hough,adaptive,combined,298,1,1,0.3,250.23,90.23,2.905,14.374,1.177,8.242,1.301
canny_hough,adaptive,combined,299,1,1,0.3,250.23,90.23,2.861,14.192,1.129,8.2,1.196
canny_hough,adaptive,combined,300,1,1,0.3,253.79,93.79,2.911,14.441,1.2,8.244,1.333
canny_hough,adaptive,combined,301,1,1,0.45,253.32,93.32,2.876,13.215,1.147,7.353,1.1
canny_hough,adaptive,combined,302,1,1,0.45,253.38,93.38,2.687,12.693,1.04,7.098,1.154
canny_hough,adaptive,combined,303,1,1,0.45,253.38,93.38,2.765,12.687,0.986,7.153,1.062
canny_hough,adaptive,combined,304,1,1,0.45,253.53,93.53,2.721,12.619,0.988,7.142,1.085
canny_hough,adaptive,combined,305,1,1,0.3,253.79,93.79,2.925,13.274,0.994,7.199,1.444
canny_hough,adaptive,combined,306,1,1,0.3,253.79,93.79,2.59,12.72,1.025,7.235,1.186
canny_hough,adaptive,combined,307,1,1,0.3,250.23,90.23,2.567,12.557,1.046,7.106,1.158
canny_hough,adaptive,combined,308,1,1,0.3,250.23,90.23,2.654,12.673,0.999,7.176,1.092
canny_hough,adaptive,combined,309,1,1,0.3,253.65,93.65,2.639,12.624,0.982,7.127,1.194
canny_hough,adaptive,combined,310,1,1,0.45,253.53,93.53,2.752,12.65,0.988,7.16,1.072
canny_hough,adaptive,combined,311,1,1,0.45,253.53,93.53,2.826,12.736,0.992,7.133,1.095
canny_hough,adaptive,combined,312,1,1,0.3,253.48,93.48,2.552,12.654,1.046,7.092,1.259
canny_hough,adaptive,combined,313,1,1,0.45,253.4,93.4,2.748,12.702,1.047,7.086,1.136
canny_hough,adaptive,combined,314,1,1,0.45,253.4,93.4,2.762,12.71,0.991,7.201,1.072
canny_hough,adaptive,combined,315,1,1,0.45,253.4,93.4,2.741,12.658,0.987,7.14,1.104
canny_hough,adaptive,combined,316,1,1,0.3,254.1,94.1,2.739,12.664,0.997,7.148,1.093
canny_hough,adaptive,combined,317,1,1,0.3,254.1,94.1,2.886,14.285,1.178,8.238,1.215
canny_hough,adaptive,combined,318,1,1,0.45,253.92,93.92,3.088,14.487,1.137,8.219,1.215
canny_hough,adaptive,combined,319,1,1,0.3,254.1,94.1,2.893,14.349,1.173,8.209,1.324
canny_hough,adaptive,combined,320,1,1,0.45,255.02,95.02,3.082,14.482,1.139,8.202,1.307
canny_hough,adaptive,combined,321,1,1,0.45,255.02,95.02,3.115,14.5,1.138,8.176,1.314
canny_hough,adaptive,combined,322,1,1,0.3,253.79,93.79,2.898,14.368,1.177,8.232,1.303
canny_hough,adaptive,combined,323,1,1,0.3,253.79,93.79,2.853,14.208,1.14,8.203,1.255
canny_hough,adaptive,combined,324,1,1,0.3,253.79,93.79,2.642,12.96,1.122,7.198,1.193
canny_hough,adaptive,combined,325,1,1,0.45,253.4,93.4,2.768,12.744,0.99,7.113,1.2
canny_hough,adaptive,combined,326,1,1,0.45,253.53,93.53,2.741,12.632,0.998,7.13,1.073
canny_hough,adaptive,combined,327,1,1,0.45,253.53,93.53,2.741,12.746,0.994,7.128,1.205
canny_hough,adaptive,combined,328,1,1,0.45,253.31,93.31,2.732,12.708,1.027,7.115,1.179
canny_hough,adaptive,combined,329,1,1,0.45,253.31,93.31,2.798,12.757,0.984,7.165,1.066
canny_hough,adaptive,combined,330,1,1,0.45,253.9,93.9,2.781,12.76,0.983,7.171,1.136
canny_hough,adaptive,combined,331,1,1,0.45,253.08,93.08,2.757,12.65,0.994,7.121,1.092
canny_hough,adaptive,combined,332,1,1,0.45,255.02,95.02,3.091,14.461,1.07,8.201,1.378
canny_hough,adaptive,combined,333,1,1,0.45,255.02,95.02,3.093,14.524,1.143,8.212,1.319
canny_hough,adaptive,combined,334,1,1,0.45,252.05,92.05,3.002,14.51,1.187,8.246,1.314
canny_hough,adaptive,combined,335,1,1,0.45,252.05,92.05,3.034,14.519,1.14,8.185,1.414
canny_hough,adaptive,combined,336,1,1,0.3,250.23,90.23,2.937,14.31,1.15,8.232,1.224
canny_hough,adaptive,combined,337,1,1,0.45,253.53,93.53,3.04,14.52,1.189,8.222,1.318
canny_hough,adaptive,combined,338,1,1,0.45,253.53,93.53,2.971,14.372,1.129,8.223,1.29
canny_hough,adaptive,combined,339,1,1,0.45,253.53,93.53,3.059,14.537,1.14,8.198,1.32
canny_hough,adaptive,combined,340,1,1,0.3,250.23,90.23,2.918,14.315,1.133,8.231,1.216
canny_hough,adaptive,combined,341,1,1,0.3,250.23,90.23,2.927,14.32,1.145,8.173,1.321
canny_hough,adaptive,combined,342,1,1,0.3,253.79,93.79,2.906,14.344,1.179,8.256,1.214
canny_hough,adaptive,combined,343,1,1,0.3,253.79,93.79,2.859,14.236,1.133,8.187,1.313
canny_hough,adaptive,combined,344,1,1,0.3,253.79,93.79,2.902,14.3,1.139,8.239,1.203
canny_hough,adaptive,combined,345,1,1,0.3,253.79,93.79,2.935,14.389,1.14,8.198,1.36
canny_hough,adaptive,combined,346,1,1,0.3,253.79,93.79,2.614,12.937,1.151,7.225,1.197
canny_hough,adaptive,combined,347,1,1,0.3,253.96,93.96,2.627,12.498,0.987,7.118,1.077
canny_hough,adaptive,combined,348,1,1,0.3,253.96,93.96,2.609,12.505,0.99,7.125,1.104
canny_hough,adaptive,combined,349,1,1,0.3,253.48,93.48,2.56,12.576,0.981,7.129,1.241
canny_hough,adaptive,combined,350,1,1,0.45,253.52,93.52,2.728,12.784,1.035,7.107,1.23
canny_hough,adaptive,combined,351,1,1,0.45,253.52,93.52,2.771,12.745,0.984,7.145,1.077
canny_hough,adaptive,combined,352,1,1,0.45,255.02,95.02,2.764,12.685,0.982,7.127,1.099
canny_hough,adaptive,combined,353,1,1,0.45,255.02,95.02,2.785,12.664,0.993,7.112,1.091
canny_hough,adaptive,combined,354,1,1,0.3,254.1,94.1,2.563,12.518,0.996,7.128,1.083
canny_hough,adaptive,combined,355,1,1,0.45,253.32,93.32,2.713,12.683,1.035,7.075,1.173
canny_hough,adaptive,combined,356,1,1,0.45,253.32,93.32,2.787,12.841,1.054,7.17,1.157
canny_hough,adaptive,combined,357,1,1,0.45,254.49,94.49,2.737,12.736,0.994,7.125,1.187
canny_hough,adaptive,combined,358,1,1,0.3,253.79,93.79,2.618,12.548,0.975,7.145,1.162
canny_hough,adaptive,combined,359,1,1,0.3,253.79,93.79,2.622,12.593,0.995,7.108,1.188
canny_hough,adaptive,combined,360,1,1,0.3,253.79,93.79,2.566,12.591,0.989,7.119,1.237
canny_hough,adaptive,combined,361,1,1,0.45,253.92,93.92,2.735,12.681,1.041,7.067,1.159
canny_hough,adaptive,combined,362,1,1,0.45,253.52,93.52,2.759,12.888,0.995,7.19,1.168
canny_hough,adaptive,combined,363,1,1,0.45,253.52,93.52,2.76,12.639,0.982,7.137,1.074
histogram,fixed,edges,0,1,1,0.0142,190.07,30.07,3.246,6.064,0.981,0.095,1.036
histogram,fixed,edges,1,1,1,0.0142,190.07,30.07,3.782,6.591,1.005,0.102,0.937
histogram,fixed,edges,2,1,1,0.0142,190.07,30.07,4.137,7.882,1.079,0.246,1.568
histogram,fixed,edges,3,1,1,0.0142,190.07,30.07,3.567,6.537,1.072,0.18,0.96
histogram,fixed,edges,4,1,1,0.0142,190.07,30.07,8.317,12.011,1.077,0.124,1.643
histogram,fixed,edges,5,1,1,0.0142,190.07,30.07,8.157,11.799,1.334,0.15,1.116
histogram,fixed,edges,6,1,1,0.0142,190.07,30.07,4.037,7.749,1.389,0.159,1.158
histogram,fixed,edges,7,1,1,0.0142,190.31,30.31,3.067,5.935,1.002,0.107,1.045
histogram,fixed,edges,8,1,1,0.0142,190.31,30.31,3.995,7.422,1.054,0.173,1.456
histogram,fixed,edges,9,1,1,0.0142,190.31,30.31,3.671,7.775,1.351,0.281,1.533
histogram,fixed,edges,10,1,1,0.0142,190.54,30.54,3.095,6.407,1.14,0.179,1.211
histogram,fixed,edges,11,1,1,0.0142,190.07,30.07,3.048,6.378,1.154,0.116,1.215
histogram,fixed,edges,12,1,1,0.0142,190.07,30.07,3.052,7.517,1.519,0.169,1.974
histogram,fixed,edges,13,1,1,0.0142,190.07,30.07,3.108,6.41,1.208,0.208,1.114
histogram,fixed,edges,14,1,1,0.0142,190.07,30.07,3.016,6.25,1.158,0.112,1.171
histogram,fixed,edges,15,1,1,0.0142,190.69,30.69,3.066,6.358,1.149,0.109,1.208
histogram,fixed,edges,16,1,1,0.0142,190.95,30.95,3.095,6.275,1.156,0.111,1.151
histogram,fixed,edges,17,1,1,0.0142,190.07,30.07,3.137,6.289,1.146,0.111,1.083
histogram,fixed,edges,18,1,1,0.0142,190.46,30.46,3.108,6.447,1.203,0.117,1.239
histogram,fixed,edges,19,1,1,0.0142,190.09,30.09,2.992,6.287,1.144,0.112,1.279
histogram,fixed,edges,20,1,1,0.0142,190.09,30.09,3.083,6.402,1.171,0.115,1.19
histogram,fixed,edges,21,1,1,0.0142,190.44,30.44,3.087,6.368,1.142,0.114,1.253
histogram,fixed,edges,22,1,1,0.0142,190.07,30.07,3.103,6.324,1.149,0.11,1.188
histogram,fixed,edges,23,1,1,0.0142,190.07,30.07,3.12,6.414,1.2,0.12,1.203
histogram,fixed,edges,24,1,1,0.0142,190.07,30.07,3.011,6.206,1.143,0.112,1.167
histogram,fixed,edges,25,1,1,0.0142,190.97,30.97,3.091,6.31,1.151,0.11,1.116
histogram,fixed,edges,26,1,1,0.0142,190.97,30.97,3.179,6.564,1.156,0.11,1.336
histogram,fixed,edges,27,1,1,0.0142,190.07,30.07,3.084,6.366,1.14,0.114,1.225
histogram,fixed,edges,28,1,1,0.0142,190.29,30.29,3.101,6.419,1.204,0.112,1.226
histogram,fixed,edges,29,1,1,0.0142,190.29,30.29,3.012,6.201,1.15,0.118,1.158
histogram,fixed,edges,30,1,1,0.0142,190.07,30.07,3.397,6.733,1.158,0.107,1.217
histogram,fixed,edges,31,1,1,0.0142,190.95,30.95,3.518,7.319,1.26,0.213,1.534
histogram,fixed,edges,32,1,1,0.0142,190.95,30.95,3.277,6.768,1.237,0.231,1.14
histogram,fixed,edges,33,1,1,0.0142,190.07,30.07,2.955,6.434,1.2,0.1,1.438
histogram,fixed,edges,34,1,1,0.0142,190.07,30.07,3.045,6.486,1.198,0.114,1.378
histogram,fixed,edges,35,1,1,0.0142,190.09,30.09,3.039,6.229,1.198,0.101,1.139
histogram,fixed,edges,36,1,1,0.0142,190.09,30.09,3.073,6.475,1.189,0.099,1.367
histogram,fixed,edges,37,1,1,0.0142,190.07,30.07,3.042,6.319,1.191,0.11,1.19
histogram,fixed,edges,38,1,1,0.0142,190.07,30.07,2.955,6.185,1.132,0.103,1.24
histogram,fixed,edges,39,1,1,0.0142,190.07,30.07,3.036,6.192,1.212,0.11,1.078
histogram,fixed,edges,40,1,1,0.0142,190.07,30.07,2.926,5.802,0.998,0.093,1.032
histogram,fixed,edges,41,1,1,0.0142,190.07,30.07,3.213,6.652,1.106,0.167,1.339
histogram,fixed,edges,42,1,1,0.0142,190.07,30.07,3.125,6.06,1.006,0.108,1.062
histogram,fixed,edges,43,1,1,0.0142,190.95,30.95,3.072,6.33,1.015,0.166,1.35
histogram,fixed,edges,44,1,1,0.0142,190.07,30.07,3.11,6.54,1.104,0.216,1.366
histogram,fixed,edges,45,1,1,0.0142,190.07,30.07,3.03,6.448,1.087,0.156,1.43
histogram,fixed,edges,46,1,1,0.0142,190.07,30.07,3.335,6.799,1.16,0.156,1.333
histogram,fixed,edges,47,1,1,0.0142,190.07,30.07,3.172,6.783,1.273,0.199,1.277
histogram,fixed,edges,48,1,1,0.0142,190.07,30.07,3.009,6.43,1.131,0.145,1.418
histogram,fixed,edges,49,1,1,0.0142,190.07,30.07,3.152,6.542,1.16,0.179,1.317
histogram,fixed,edges,50,1,1,0.0142,190.07,30.07,3.237,6.669,1.183,0.171,1.342
histogram,fixed,edges,51,1,1,0.0142,190.97,30.97,2.987,6.223,1.09,0.109,1.342
histogram,fixed,edges,52,1,1,0.0142,190.07,30.07,3.037,6.176,1.072,0.103,1.225
histogram,fixed,edges,53,1,1,0.0142,190.31,30.31,3.221,6.377,1.053,0.113,1.265
histogram,fixed,edges,54,1,1,0.0142,190.31,30.31,2.997,6.737,1.475,0.138,1.309
histogram,fixed,edges,55,1,1,0.0142,190.07,30.07,2.749,5.881,1.118,0.112,1.208
histogram,fixed,edges,56,1,1,0.0142,190.07,30.07,2.654,5.852,1.084,0.105,1.321
histogram,fixed,edges,57,1,1,0.0142,190.07,30.07,2.839,5.914,1.17,0.115,1.067
histogram,fixed,edges,58,1,1,0.0142,190.07,30.07,2.694,5.757,1.068,0.129,1.084
histogram,fixed,edges,59,1,1,0.0142,190.07,30.07,2.776,5.602,1.047,0.111,0.98
histogram,fixed,edges,60,1,1,0.0142,190.07,30.07,2.778,5.657,1.004,0.105,1.074
histogram,fixed,edges,61,1,1,0.0142,190.07,30.07,2.686,5.518,1.018,0.109,1.018
histogram,fixed,edges,62,1,1,0.0142,190.07,30.07,2.77,5.584,1.005,0.098,0.958
histogram,fixed,edges,63,1,1,0.0142,190.09,30.09,2.665,5.59,1.001,0.105,1.112
histogram,fixed,edges,64,1,1,0.0142,189.84,29.84,2.808,5.681,1.045,0.119,0.98
histogram,fixed,edges,65,1,1,0.0142,189.84,29.84,2.717,5.437,0.983,0.094,0.958
histogram,fixed,edges,66,1,1,0.0142,191.22,31.22,2.584,5.346,0.982,0.09,1.007
histogram,fixed,edges,67,1,1,0.0142,190.95,30.95,2.674,5.552,0.995,0.094,1.023
histogram,fixed,edges,68,1,1,0.0142,190.07,30.07,2.604,5.38,0.997,0.096,0.926
histogram,fixed,edges,69,1,1,0.0142,190.07,30.07,2.787,5.542,1.03,0.101,0.946
histogram,fixed,edges,70,1,1,0.0142,190.95,30.95,2.671,5.341,0.988,0.094,0.929
histogram,fixed,edges,71,1,1,0.0142,190.95,30.95,2.616,5.494,0.989,0.091,1.13
histogram,fixed,edges,72,1,1,0.0142,190.07,30.07,2.682,4.958,0.701,0.096,0.807
histogram,fixed,edges,73,1,1,0.0142,190.07,30.07,2.699,4.898,0.638,0.093,0.79
histogram,fixed,edges,74,1,1,0.0142,190.09,30.09,2.696,4.915,0.643,0.092,0.812
histogram,fixed,edges,75,1,1,0.0142,190.09,30.09,2.612,4.905,0.648,0.095,0.876
histogram,fixed,edges,76,1,1,0.0142,190.31,30.31,2.679,4.95,0.691,0.095,0.804
histogram,fixed,edges,77,1,1,0.0142,190.31,30.31,2.66,4.912,0.636,0.099,0.797
histogram,fixed,edges,78,1,1,0.0142,190.31,30.31,2.68,4.921,0.654,0.095,0.81
histogram,fixed,edges,79,1,1,0.0142,190.07,30.07,2.619,4.926,0.637,0.095,0.895
histogram,fixed,edges,80,1,1,0.0142,190.07,30.07,2.737,5.035,0.709,0.101,0.81
histogram,fixed,edges,81,1,1,0.0142,190.09,30.09,2.734,4.959,0.64,0.094,0.812
histogram,fixed,edges,82,1,1,0.0142,190.29,30.29,2.703,4.882,0.638,0.09,0.79
histogram,fixed,edges,83,1,1,0.0142,190.29,30.29,2.628,4.938,0.644,0.094,0.901
histogram,fixed,edges,84,1,1,0.0142,190.95,30.95,2.702,4.969,0.695,0.097,0.799
histogram,fixed,edges,85,1,1,0.0142,190.09,30.09,2.696,4.908,0.629,0.094,0.81
histogram,fixed,edges,86,1,1,0.0142,190.95,30.95,2.705,4.917,0.65,0.093,0.8
histogram,fixed,edges,87,1,1,0.0142,190.95,30.95,2.668,4.996,0.644,0.095,0.88
histogram,fixed,edges,88,1,1,0.0142,190.09,30.09,2.694,4.957,0.694,0.096,0.792
histogram,fixed,edges,89,1,1,0.0142,190.09,30.09,2.698,4.931,0.654,0.093,0.803
histogram,fixed,edges,90,1,1,0.0142,191.22,31.22,2.725,4.947,0.649,0.093,0.801
histogram,fixed,edges,91,1,1,0.0142,190.07,30.07,2.626,4.909,0.635,0.097,0.877
histogram,fixed,edges,92,1,1,0.0142,190.07,30.07,2.691,4.943,0.692,0.094,0.791
histogram,fixed,edges,93,1,1,0.0142,190.07,30.07,2.672,4.901,0.655,0.095,0.796
histogram,fixed,edges,94,1,1,0.0142,190.09,30.09,3.034,5.439,0.723,0.098,0.895
histogram,fixed,edges,95,1,1,0.0142,190.09,30.09,3.026,5.554,0.756,0.108,0.916
histogram,fixed,edges,96,1,1,0.0142,190.07,30.07,3.027,5.507,0.715,0.103,0.911
histogram,fixed,edges,97,1,1,0.0142,190.09,30.09,2.976,5.578,0.727,0.102,0.99
histogram,fixed,edges,98,1,1,0.0142,190.07,30.07,3.027,5.551,0.707,0.097,0.895
histogram,fixed,edges,99,1,1,0.0142,190.07,30.07,3.018,5.496,0.727,0.101,0.896
histogram,fixed,edges,100,1,1,0.0142,190.07,30.07,3.029,5.567,0.768,0.102,0.918
histogram,fixed,edges,101,1,1,0.0142,190.07,30.07,3.019,5.515,0.721,0.107,0.916
histogram,fixed,edges,102,1,1,0.0142,190.95,30.95,2.93,5.491,0.745,0.099,0.967
histogram,fixed,edges,103,1,1,0.0142,190.82,30.82,3.071,5.608,0.725,0.1,0.888
histogram,fixed,edges,104,1,1,0.0142,190.07,30.07,3.028,5.488,0.733,0.1,0.892
histogram,fixed,edges,105,1,1,0.0142,190.07,30.07,3.045,5.588,0.765,0.106,0.916
histogram,fixed,edges,106,1,1,0.0142,190.12,30.12,3.01,5.513,0.734,0.104,0.905
histogram,fixed,edges,107,1,1,0.0142,190.12,30.12,2.949,5.534,0.725,0.101,0.981
histogram,fixed,edges,108,1,1,0.0142,190.95,30.95,3.033,5.563,0.713,0.098,0.91
histogram,fixed,edges,109,1,1,0.0142,190.07,30.07,3.039,5.517,0.729,0.103,0.901
histogram,fixed,edges,110,1,1,0.0142,190.07,30.07,3.033,5.546,0.761,0.105,0.893
histogram,fixed,edges,111,1,1,0.0142,190.07,30.07,3.024,5.508,0.725,0.1,0.9
histogram,fixed,edges,112,1,1,0.0142,190.07,30.07,2.605,5.177,0.743,0.104,0.982
histogram,fixed,edges,113,1,1,0.0142,190.12,30.12,2.728,4.99,0.679,0.101,0.804
histogram,fixed,edges,114,1,1,0.0142,190.12,30.12,2.684,4.904,0.642,0.093,0.803
histogram,fixed,edges,115,1,1,0.0142,190.07,30.07,2.694,4.92,0.644,0.096,0.813
histogram,fixed,edges,116,1,1,0.0142,190.07,30.07,2.62,4.956,0.634,0.092,0.935
histogram,fixed,edges,117,1,1,0.0142,190.95,30.95,2.693,4.987,0.68,0.1,0.8
histogram,fixed,edges,118,1,1,0.0142,190.07,30.07,2.672,4.879,0.638,0.095,0.793
histogram,fixed,edges,119,1,1,0.0142,190.07,30.07,2.7,4.926,0.644,0.095,0.805
histogram,fixed,edges,120,1,1,0.0142,190.33,30.33,2.62,4.938,0.646,0.094,0.895
histogram,fixed,edges,121,1,1,0.0142,190.09,30.09,2.705,4.963,0.674,0.098,0.8
histogram,fixed,edges,122,1,1,0.0142,190.09,30.09,2.684,4.899,0.641,0.091,0.801
histogram,fixed,edges,123,1,1,0.0142,190.09,30.09,2.709,4.951,0.651,0.098,0.809
histogram,fixed,edges,124,1,1,0.0142,190.33,30.33,2.599,4.916,0.645,0.096,0.892
histogram,fixed,edges,125,1,1,0.0142,190.33,30.33,2.667,4.933,0.683,0.101,0.802
histogram,fixed,edges,126,1,1,0.015,190.71,30.71,2.692,4.912,0.635,0.094,0.814
histogram,fixed,edges,127,1,1,0.0142,190.09,30.09,2.707,4.957,0.635,0.098,0.802
histogram,fixed,edges,128,1,1,0.0142,190.09,30.09,2.598,4.944,0.657,0.097,0.906
histogram,fixed,edges,129,1,1,0.0142,190.09,30.09,2.75,5.017,0.672,0.102,0.815
histogram,fixed,edges,130,1,1,0.0142,190.07,30.07,2.7,4.916,0.635,0.096,0.806
histogram,fixed,edges,131,1,1,0.0142,190.07,30.07,2.719,4.932,0.641,0.092,0.806
histogram,fixed,edges,132,1,1,0.0142,190.07,30.07,2.605,4.925,0.651,0.094,0.898
histogram,fixed,edges,133,1,1,0.0142,190.31,30.31,2.687,4.939,0.673,0.102,0.801
histogram,fixed,edges,134,1,1,0.0142,190.31,30.31,2.688,4.882,0.628,0.093,0.81
histogram,fixed,edges,135,1,1,0.0142,190.44,30.44,2.699,4.903,0.643,0.095,0.803
histogram,fixed,edges,136,1,1,0.0142,191.22,31.22,2.581,4.877,0.647,0.095,0.882
histogram,fixed,edges,137,1,1,0.0142,190.09,30.09,2.623,4.912,0.677,0.099,0.793
histogram,fixed,edges,138,1,1,0.0142,190.09,30.09,2.68,4.873,0.633,0.092,0.797
histogram,fixed,edges,139,1,1,0.0142,190.07,30.07,2.697,4.921,0.648,0.097,0.8
histogram,fixed,edges,140,1,1,0.0142,190.09,30.09,2.612,4.901,0.643,0.095,0.867
histogram,fixed,edges,141,1,1,0.0142,190.09,30.09,2.63,4.886,0.678,0.098,0.793
histogram,fixed,edges,142,1,1,0.0142,190.46,30.46,2.694,5.007,0.632,0.095,0.817
histogram,fixed,edges,143,1,1,0.0142,190.46,30.46,2.698,4.933,0.654,0.097,0.808
histogram,fixed,edges,144,1,1,0.0142,191.09,31.09,2.611,4.925,0.641,0.095,0.883
histogram,fixed,edges,145,1,1,0.0142,190.31,30.31,2.642,4.902,0.673,0.103,0.802
histogram,fixed,edges,146,1,1,0.0142,190.31,30.31,2.667,4.953,0.637,0.095,0.805
histogram,fixed,edges,147,1,1,0.0142,190.31,30.31,2.676,4.926,0.638,0.097,0.799
histogram,fixed,edges,148,1,1,0.015,190.68,30.68,2.608,4.914,0.647,0.096,0.812
histogram,fixed,edges,149,1,1,0.0142,190.95,30.95,2.627,4.888,0.633,0.142,0.806
histogram,fixed,edges,150,1,1,0.0142,190.95,30.95,2.69,4.986,0.636,0.093,0.817
histogram,fixed,edges,151,1,1,0.0142,190.07,30.07,2.684,4.897,0.636,0.093,0.806
histogram,fixed,edges,152,1,1,0.0142,190.07,30.07,2.618,4.916,0.641,0.094,0.79
histogram,fixed,edges,153,1,1,0.0142,190.07,30.07,3.025,5.537,0.77,0.109,0.885
histogram,fixed,edges,154,1,1,0.0142,190.07,30.07,3.056,5.521,0.717,0.099,0.898
histogram,fixed,edges,155,1,1,0.0142,190.07,30.07,2.961,5.511,0.736,0.102,0.967
histogram,fixed,edges,156,1,1,0.0142,190.07,30.07,3.024,5.567,0.725,0.098,0.893
histogram,fixed,edges,157,1,1,0.0142,190.09,30.09,3.041,5.55,0.724,0.101,0.899
histogram,fixed,edges,158,1,1,0.0142,190.97,30.97,3.021,5.548,0.769,0.104,0.896
histogram,fixed,edges,159,1,1,0.0142,190.97,30.97,3.01,5.484,0.719,0.102,0.895
histogram,fixed,edges,160,1,1,0.0142,190.33,30.33,2.923,5.49,0.722,0.097,0.99
histogram,fixed,edges,161,1,1,0.0142,190.07,30.07,3.099,5.643,0.711,0.105,0.897
histogram,fixed,edges,162,1,1,0.0142,190.07,30.07,3.038,5.521,0.738,0.099,0.894
histogram,fixed,edges,163,1,1,0.0142,190.09,30.09,3.034,5.528,0.767,0.107,0.876
histogram,fixed,edges,164,1,1,0.0142,190.09,30.09,3.012,5.488,0.715,0.1,0.912
histogram,fixed,edges,165,1,1,0.0142,190.09,30.09,2.937,5.502,0.722,0.101,0.982
histogram,fixed,edges,166,1,1,0.0142,190.12,30.12,3.011,5.549,0.709,0.102,0.9
histogram,fixed,edges,167,1,1,0.0142,190.12,30.12,3.025,5.513,0.726,0.1,0.884
histogram,fixed,edges,168,1,1,0.0142,190.12,30.12,3.021,5.546,0.73,0.14,0.908
histogram,fixed,edges,169,1,1,0.0142,190.09,30.09,3.041,5.513,0.724,0.1,0.903
histogram,fixed,edges,170,1,1,0.0142,190.09,30.09,2.933,5.482,0.724,0.099,0.972
histogram,fixed,edges,171,1,1,0.0142,190.33,30.33,3.014,5.568,0.783,0.108,0.91
histogram,fixed,edges,172,1,1,0.0142,190.95,30.95,3.015,5.491,0.736,0.103,0.893
histogram,fixed,edges,173,1,1,0.0142,190.95,30.95,3.031,5.541,0.722,0.099,0.939
histogram,fixed,edges,174,1,1,0.0142,190.46,30.46,3.031,5.51,0.733,0.097,0.898
histogram,fixed,edges,175,1,1,0.0142,190.09,30.09,2.929,5.48,0.721,0.102,0.983
histogram,fixed,edges,176,1,1,0.0142,190.09,30.09,3.024,5.528,0.753,0.104,0.889
histogram,fixed,edges,177,1,1,0.0142,190.09,30.09,3.083,5.648,0.742,0.1,0.906
histogram,fixed,edges,178,1,1,0.0142,190.09,30.09,3.046,5.578,0.723,0.148,0.906
histogram,fixed,edges,179,1,1,0.0142,190.09,30.09,3.02,5.51,0.717,0.099,0.897
histogram,fixed,edges,180,1,1,0.0142,190.07,30.07,2.941,5.487,0.727,0.101,0.968
histogram,fixed,edges,181,1,1,0.0142,190.12,30.12,3.022,5.536,0.767,0.105,0.89
histogram,fixed,edges,182,1,1,0.0142,190.07,30.07,3.017,5.529,0.729,0.1,0.923
histogram,fixed,edges,183,1,1,0.0142,190.07,30.07,3.037,5.554,0.726,0.102,0.937
histogram,fixed,edges,184,1,1,0.0142,190.12,30.12,3.027,5.489,0.718,0.098,0.901
histogram,fixed,edges,185,1,1,0.0142,190.97,30.97,2.945,5.49,0.718,0.101,0.966
histogram,fixed,edges,186,1,1,0.0142,190.97,30.97,3.029,5.543,0.751,0.104,0.908
histogram,fixed,edges,187,1,1,0.0142,190.31,30.31,3.021,5.54,0.72,0.107,0.895
histogram,fixed,edges,188,1,1,0.0142,190.31,30.31,3.079,5.591,0.722,0.099,0.942
histogram,fixed,edges,189,1,1,0.0142,190.68,30.68,3.039,5.491,0.708,0.1,0.889
histogram,fixed,edges,190,1,1,0.0142,190.07,30.07,2.936,5.486,0.725,0.101,0.97
histogram,fixed,edges,191,1,1,0.0142,190.07,30.07,3.055,5.588,0.74,0.101,0.925
histogram,fixed,edges,192,1,1,0.0142,190.09,30.09,3.043,5.514,0.728,0.099,0.898
histogram,fixed,edges,193,1,1,0.0142,190.09,30.09,3.074,5.577,0.723,0.101,0.933
histogram,fixed,edges,194,1,1,0.0142,190.09,30.09,3.903,6.395,0.743,0.099,0.908
histogram,fixed,edges,195,1,1,0.0142,190.09,30.09,3.046,5.62,0.751,0.158,0.909
histogram,fixed,edges,196,1,1,0.0142,190.09,30.09,3.045,5.512,0.718,0.098,0.893
histogram,fixed,edges,197,1,1,0.0142,190.09,30.09,2.936,5.521,0.721,0.105,0.975
histogram,fixed,edges,198,1,1,0.0142,191.22,31.22,3.003,5.52,0.718,0.097,0.892
histogram,fixed,edges,199,1,1,0.0142,190.68,30.68,3.02,5.501,0.738,0.102,0.89
histogram,fixed,edges,200,1,1,0.0142,190.31,30.31,3.013,5.519,0.726,0.14,0.895
histogram,fixed,edges,201,1,1,0.0142,190.31,30.31,3.015,5.465,0.717,0.099,0.893
histogram,fixed,edges,202,1,1,0.0142,190.09,30.09,2.937,5.505,0.729,0.099,0.974
histogram,fixed,edges,203,1,1,0.0142,190.09,30.09,3.051,5.545,0.75,0.104,0.887
histogram,fixed,edges,204,1,1,0.0142,190.09,30.09,3.031,5.5,0.729,0.099,0.892
histogram,fixed,edges,205,1,1,0.0142,190.95,30.95,3.142,5.682,0.736,0.101,0.951
histogram,fixed,edges,206,1,1,0.0142,190.95,30.95,3.039,5.498,0.717,0.1,0.897
histogram,fixed,edges,207,1,1,0.0142,190.05,30.05,2.934,5.506,0.724,0.099,0.968
histogram,fixed,edges,208,1,1,0.0142,190.07,30.07,3.025,5.569,0.772,0.1,0.911
histogram,fixed,edges,209,1,1,0.0142,190.07,30.07,3.069,5.55,0.729,0.106,0.899
histogram,fixed,edges,210,1,1,0.0142,190.07,30.07,3.024,5.535,0.725,0.139,0.898
histogram,fixed,edges,211,1,1,0.0142,190.09,30.09,3.28,5.782,0.733,0.102,0.909
histogram,fixed,edges,212,1,1,0.0142,190.07,30.07,3.444,6.754,1.233,0.285,0.996
histogram,fixed,edges,213,1,1,0.0142,190.07,30.07,3.02,6.189,1.142,0.112,1.072
histogram,fixed,edges,214,1,1,0.0142,190.97,30.97,3.124,6.423,1.218,0.112,1.194
histogram,fixed,edges,215,1,1,0.0142,190.97,30.97,3.097,6.451,1.147,0.112,1.318
histogram,fixed,edges,216,1,1,0.0142,190.09,30.09,3.135,6.378,1.152,0.108,1.208
histogram,fixed,edges,217,1,1,0.0142,190.07,30.07,3.145,6.374,1.203,0.124,1.093
histogram,fixed,edges,218,1,1,0.0142,190.07,30.07,3.051,6.235,1.147,0.11,1.081
histogram,fixed,edges,219,1,1,0.0142,190.33,30.33,3.073,6.269,1.203,0.114,1.098
histogram,fixed,edges,220,1,1,0.0142,190.07,30.07,3.093,6.456,1.163,0.109,1.284
histogram,fixed,edges,221,1,1,0.0142,190.07,30.07,3.285,6.407,1.135,0.111,1.1
histogram,fixed,edges,222,1,1,0.0142,190.09,30.09,3.863,7.69,1.331,0.178,1.498
histogram,fixed,edges,223,1,1,0.0142,190.09,30.09,3.114,6.433,1.205,0.131,1.208
histogram,fixed,edges,224,1,1,0.015,190.74,30.74,3.014,6.25,1.15,0.115,1.113
histogram,fixed,edges,225,1,1,0.015,190.74,30.74,3.146,6.472,1.233,0.123,1.207
histogram,fixed,edges,226,1,1,0.0142,190.09,30.09,3.113,6.343,1.151,0.106,1.179
histogram,fixed,edges,227,1,1,0.0142,190.09,30.09,3.093,6.248,1.146,0.115,1.087
histogram,fixed,edges,228,1,1,0.0142,190.09,30.09,3.146,6.44,1.205,0.114,1.21
histogram,fixed,edges,229,1,1,0.0142,190.31,30.31,2.978,6.311,1.143,0.107,1.32
histogram,fixed,edges,230,1,1,0.0142,190.09,30.09,3.07,6.26,1.213,0.111,1.102
histogram,fixed,edges,231,1,1,0.0142,190.09,30.09,3.092,6.479,1.154,0.114,1.349
histogram,fixed,edges,232,1,1,0.0142,190.09,30.09,3.108,6.21,1.144,0.109,1.085
histogram,fixed,edges,233,1,1,0.0142,190.95,30.95,3.123,6.404,1.191,0.122,1.209
histogram,fixed,edges,234,1,1,0.0142,190.95,30.95,3.076,6.484,1.152,0.107,1.31
histogram,fixed,edges,235,1,1,0.0142,190.97,30.97,3.01,6.125,1.134,0.1,1.064
histogram,fixed,edges,236,1,1,0.0142,190.97,30.97,3.02,6.321,1.15,0.098,1.31
histogram,fixed,edges,237,1,1,0.0142,190.97,30.97,3.023,6.096,1.138,0.1,1.058
histogram,fixed,edges,238,1,1,0.0142,190.12,30.12,3.066,6.304,1.197,0.105,1.181
histogram,fixed,edges,239,1,1,0.0142,190.33,30.33,2.684,5.918,1.361,0.113,1.03
histogram,fixed,edges,240,1,1,0.0142,190.33,30.33,2.685,5.551,1.038,0.1,1.044
histogram,fixed,edges,241,1,1,0.0142,190.95,30.95,2.68,5.372,0.987,0.093,0.93
histogram,fixed,edges,242,1,1,0.0142,190.09,30.09,2.592,5.38,1.003,0.092,1.017
histogram,fixed,edges,243,1,1,0.0142,190.09,30.09,2.72,5.193,0.879,0.102,0.801
histogram,fixed,edges,244,1,1,0.0142,190.09,30.09,2.679,4.879,0.639,0.093,0.8
histogram,fixed,edges,245,1,1,0.0142,190.09,30.09,2.718,4.926,0.637,0.093,0.805
histogram,fixed,edges,246,1,1,0.0142,190.33,30.33,2.582,4.9,0.645,0.092,0.895
histogram,fixed,edges,247,1,1,0.0142,190.12,30.12,2.719,5.025,0.688,0.097,0.809
histogram,fixed,edges,248,1,1,0.0142,190.31,30.31,2.658,4.883,0.653,0.094,0.803
histogram,fixed,edges,249,1,1,0.0142,190.31,30.31,2.678,4.881,0.64,0.094,0.795
histogram,fixed,edges,250,1,1,0.0142,190.09,30.09,2.615,4.928,0.662,0.095,0.872
histogram,fixed,edges,251,1,1,0.0142,190.09,30.09,2.702,4.949,0.675,0.099,0.794
histogram,fixed,edges,252,1,1,0.0142,191.22,31.22,2.678,4.879,0.633,0.091,0.801
histogram,fixed,edges,253,1,1,0.0142,190.31,30.31,2.696,4.908,0.641,0.095,0.795
histogram,fixed,edges,254,1,1,0.0142,190.31,30.31,2.593,4.875,0.64,0.095,0.876
histogram,fixed,edges,255,1,1,0.0142,190.09,30.09,2.613,4.937,0.689,0.098,0.801
histogram,fixed,edges,256,1,1,0.0142,190.12,30.12,2.716,4.92,0.642,0.093,0.802
histogram,fixed,edges,257,1,1,0.0142,190.12,30.12,2.685,4.927,0.645,0.094,0.802
histogram,fixed,edges,258,1,1,0.0142,190.12,30.12,2.601,4.898,0.645,0.093,0.884
histogram,fixed,edges,259,1,1,0.0142,190.12,30.12,3.038,5.49,0.758,0.106,0.899
histogram,fixed,edges,260,1,1,0.0142,190.12,30.12,3.045,5.506,0.72,0.1,0.901
histogram,fixed,edges,261,1,1,0.0142,190.31,30.31,2.929,5.475,0.721,0.102,0.977
histogram,fixed,edges,262,1,1,0.0142,191.22,31.22,3.005,5.553,0.711,0.101,0.897
histogram,fixed,edges,263,1,1,0.0142,191.22,31.22,3.0,5.479,0.722,0.104,0.893
histogram,fixed,edges,264,1,1,0.0142,191.22,31.22,3.013,5.542,0.767,0.105,0.915
histogram,fixed,edges,265,1,1,0.0142,190.12,30.12,3.018,5.479,0.72,0.102,0.893
histogram,fixed,edges,266,1,1,0.0142,190.12,30.12,2.947,5.549,0.729,0.1,1.014
histogram,fixed,edges,267,1,1,0.0142,190.31,30.31,3.0,5.568,0.716,0.101,0.897
histogram,fixed,edges,268,1,1,0.0142,190.12,30.12,3.023,5.499,0.748,0.1,0.892
histogram,fixed,edges,269,1,1,0.0142,190.12,30.12,3.05,5.81,0.99,0.116,0.914
histogram,fixed,edges,270,1,1,0.0142,190.07,30.07,3.022,5.507,0.735,0.101,0.895
histogram,fixed,edges,271,1,1,0.0142,190.09,30.09,2.984,5.521,0.73,0.103,0.959
histogram,fixed,edges,272,1,1,0.0142,190.97,30.97,3.014,5.553,0.716,0.099,0.9
histogram,fixed,edges,273,1,1,0.0142,190.97,30.97,3.027,5.509,0.728,0.1,0.897
histogram,fixed,edges,274,1,1,0.0142,190.33,30.33,3.041,5.555,0.766,0.1,0.893
histogram,fixed,edges,275,1,1,0.0142,190.33,30.33,2.998,5.468,0.724,0.1,0.9
histogram,fixed,edges,276,1,1,0.0142,190.09,30.09,2.936,5.499,0.747,0.099,0.976
histogram,fixed,edges,277,1,1,0.0142,190.09,30.09,2.999,5.572,0.716,0.099,0.887
histogram,fixed,edges,278,1,1,0.0142,190.66,30.66,3.02,5.505,0.728,0.099,0.889
histogram,fixed,edges,279,1,1,0.0142,190.66,30.66,3.036,5.551,0.754,0.108,0.896
histogram,fixed,edges,280,1,1,0.0142,190.09,30.09,3.025,5.502,0.737,0.097,0.899
histogram,fixed,edges,281,1,1,0.0142,190.92,30.92,2.972,5.529,0.719,0.102,0.996
histogram,fixed,edges,282,1,1,0.0142,190.92,30.92,3.035,5.579,0.717,0.097,0.9
histogram,fixed,edges,283,1,1,0.0142,190.07,30.07,3.051,5.519,0.718,0.099,0.894
histogram,fixed,edges,284,1,1,0.0142,190.07,30.07,3.047,5.578,0.766,0.108,0.907
histogram,fixed,edges,285,1,1,0.0142,190.07,30.07,3.07,5.543,0.724,0.101,0.902
histogram,fixed,edges,286,1,1,0.0142,190.09,30.09,2.952,5.511,0.739,0.101,0.965
histogram,fixed,edges,287,1,1,0.0142,190.09,30.09,3.009,5.584,0.72,0.101,0.891
histogram,fixed,edges,288,1,1,0.0142,190.09,30.09,3.023,5.507,0.724,0.099,0.911
histogram,fixed,edges,289,1,1,0.015,190.68,30.68,3.044,5.568,0.757,0.111,0.904
histogram,fixed,edges,290,1,1,0.0142,190.09,30.09,3.048,5.529,0.736,0.099,0.9
histogram,fixed,edges,291,1,1,0.0142,190.09,30.09,2.954,5.507,0.726,0.1,0.971
histogram,fixed,edges,292,1,1,0.0142,190.07,30.07,3.019,5.571,0.737,0.098,0.901
histogram,fixed,edges,293,1,1,0.0142,190.09,30.09,3.032,5.498,0.725,0.102,0.897
histogram,fixed,edges,294,1,1,0.0142,190.09,30.09,3.033,5.571,0.774,0.102,0.914
histogram,fixed,edges,295,1,1,0.0142,191.09,31.09,3.015,5.482,0.724,0.104,0.891
histogram,fixed,edges,296,1,1,0.0142,191.09,31.09,2.946,5.487,0.724,0.1,0.973
histogram,fixed,edges,297,1,1,0.0142,190.09,30.09,3.016,5.587,0.717,0.102,0.893
histogram,fixed,edges,298,1,1,0.0142,190.07,30.07,3.018,5.491,0.73,0.098,0.906
histogram,fixed,edges,299,1,1,0.0142,190.07,30.07,3.066,5.578,0.756,0.107,0.893
histogram,fixed,edges,300,1,1,0.0142,190.12,30.12,3.042,5.529,0.731,0.103,0.905
histogram,fixed,edges,301,1,1,0.0142,190.09,30.09,2.955,5.55,0.747,0.101,1.005
histogram,fixed,edges,302,1,1,0.015,190.74,30.74,3.019,5.551,0.727,0.099,0.893
histogram,fixed,edges,303,1,1,0.015,190.74,30.74,3.036,5.508,0.724,0.101,0.901
histogram,fixed,edges,304,1,1,0.0142,190.68,30.68,3.069,5.596,0.761,0.103,0.91
histogram,fixed,edges,305,1,1,0.0142,190.12,30.12,3.033,5.514,0.733,0.106,0.891
histogram,fixed,edges,306,1,1,0.0142,190.12,30.12,2.961,5.499,0.738,0.099,0.958
histogram,fixed,edges,307,1,1,0.0142,190.07,30.07,3.018,5.584,0.718,0.101,0.9
histogram,fixed,edges,308,1,1,0.0142,190.07,30.07,3.087,5.543,0.725,0.097,0.887
histogram,fixed,edges,309,1,1,0.0142,190.92,30.92,3.013,5.555,0.769,0.108,0.913
histogram,fixed,edges,310,1,1,0.0142,190.95,30.95,3.054,5.53,0.722,0.101,0.892
histogram,fixed,edges,311,1,1,0.0142,190.95,30.95,2.957,5.484,0.722,0.102,0.957
histogram,fixed,edges,312,1,1,0.0142,190.31,30.31,3.005,5.58,0.721,0.097,0.933
histogram,fixed,edges,313,1,1,0.0142,190.97,30.97,3.056,5.517,0.717,0.101,0.893
histogram,fixed,edges,314,1,1,0.0142,190.97,30.97,3.061,5.58,0.764,0.103,0.901
histogram,fixed,edges,315,1,1,0.0142,190.97,30.97,3.047,5.513,0.724,0.102,0.9
histogram,fixed,edges,316,1,1,0.0142,190.31,30.31,2.937,5.485,0.736,0.1,0.96
histogram,fixed,edges,317,1,1,0.0142,190.31,30.31,2.992,5.57,0.719,0.103,0.897
histogram,fixed,edges,318,1,1,0.0142,190.07,30.07,3.014,5.505,0.741,0.1,0.9
histogram,fixed,edges,319,1,1,0.0142,190.31,30.31,3.021,5.539,0.761,0.105,0.909
histogram,fixed,edges,320,1,1,0.0142,190.92,30.92,2.991,5.459,0.723,0.098,0.906
histogram,fixed,edges,321,1,1,0.0142,190.92,30.92,2.922,5.481,0.727,0.1,0.984
histogram,fixed,edges,322,1,1,0.0142,190.09,30.09,3.034,5.581,0.72,0.098,0.898
histogram,fixed,edges,323,1,1,0.0142,190.09,30.09,3.036,5.528,0.727,0.105,0.909
histogram,fixed,edges,324,1,1,0.0142,190.09,30.09,3.03,5.558,0.764,0.101,0.914
histogram,fixed,edges,325,1,1,0.0142,190.12,30.12,3.011,5.48,0.725,0.101,0.897
histogram,fixed,edges,326,1,1,0.0142,190.95,30.95,2.95,5.506,0.734,0.101,0.972
histogram,fixed,edges,327,1,1,0.0142,190.95,30.95,3.051,5.645,0.713,0.102,0.9
histogram,fixed,edges,328,1,1,0.0142,190.97,30.97,3.017,5.498,0.739,0.101,0.892
histogram,fixed,edges,329,1,1,0.0142,190.97,30.97,3.038,5.543,0.756,0.107,0.894
histogram,fixed,edges,330,1,1,0.015,190.74,30.74,3.011,5.495,0.729,0.097,0.913
histogram,fixed,edges,331,1,1,0.0142,191.09,31.09,2.94,5.478,0.724,0.1,0.972
histogram,fixed,edges,332,1,1,0.0142,191.22,31.22,3.012,5.542,0.709,0.098,0.888
histogram,fixed,edges,333,1,1,0.0142,191.22,31.22,2.997,5.477,0.723,0.101,0.9
histogram,fixed,edges,334,1,1,0.0142,190.68,30.68,3.126,5.661,0.76,0.11,0.906
histogram,fixed,edges,335,1,1,0.0142,190.68,30.68,3.034,5.505,0.721,0.101,0.901
histogram,fixed,edges,336,1,1,0.0142,190.07,30.07,3.0,5.546,0.73,0.098,0.971
histogram,fixed,edges,337,1,1,0.0142,190.97,30.97,3.015,5.602,0.708,0.101,0.912
histogram,fixed,edges,338,1,1,0.0142,190.97,30.97,3.03,5.493,0.729,0.1,0.885
histogram,fixed,edges,339,1,1,0.0142,190.97,30.97,3.036,5.536,0.759,0.105,0.881
histogram,fixed,edges,340,1,1,0.0142,190.07,30.07,3.024,5.504,0.718,0.097,0.907
histogram,fixed,edges,341,1,1,0.0142,190.07,30.07,2.944,5.509,0.735,0.107,0.973
histogram,fixed,edges,342,1,1,0.0142,190.12,30.12,3.026,5.597,0.711,0.099,0.903
histogram,fixed,edges,343,1,1,0.0142,190.09,30.09,3.02,5.487,0.729,0.105,0.896
histogram,fixed,edges,344,1,1,0.0142,190.09,30.09,3.052,5.559,0.77,0.102,0.891
histogram,fixed,edges,345,1,1,0.0142,190.09,30.09,3.09,5.578,0.725,0.101,0.906
histogram,fixed,edges,346,1,1,0.0142,190.09,30.09,2.944,5.499,0.724,0.105,0.979
histogram,fixed,edges,347,1,1,0.0142,190.95,30.95,3.01,5.577,0.706,0.1,0.914
histogram,fixed,edges,348,1,1,0.0142,190.95,30.95,3.032,5.501,0.728,0.1,0.903
histogram,fixed,edges,349,1,1,0.0142,190.31,30.31,3.032,5.553,0.764,0.107,0.89
histogram,fixed,edges,350,1,1,0.0142,190.66,30.66,3.014,5.509,0.72,0.1,0.926
histogram,fixed,edges,351,1,1,0.0142,190.66,30.66,2.943,5.487,0.727,0.104,0.966
histogram,fixed,edges,352,1,1,0.0142,191.22,31.22,3.027,5.546,0.715,0.099,0.891
histogram,fixed,edges,353,1,1,0.0142,191.22,31.22,3.009,5.465,0.72,0.1,0.893
histogram,fixed,edges,354,1,1,0.0142,190.33,30.33,3.035,5.55,0.778,0.103,0.889
histogram,fixed,edges,355,1,1,0.0142,190.09,30.09,3.021,5.495,0.722,0.101,0.902
histogram,fixed,edges,356,1,1,0.0142,190.09,30.09,2.936,5.518,0.726,0.098,0.979
histogram,fixed,edges,357,1,1,0.0142,191.22,31.22,3.045,5.617,0.71,0.106,0.898
histogram,fixed,edges,358,1,1,0.0142,190.12,30.12,3.083,5.597,0.732,0.1,0.914
histogram,fixed,edges,359,1,1,0.0142,190.12,30.12,3.035,5.583,0.758,0.108,0.926
histogram,fixed,edges,360,1,1,0.0142,190.12,30.12,3.021,5.53,0.742,0.103,0.914
histogram,fixed,edges,361,1,1,0.0142,190.09,30.09,2.958,5.515,0.724,0.106,0.978
histogram,fixed,edges,362,1,1,0.0142,190.66,30.66,3.014,5.55,0.718,0.098,0.905
histogram,fixed,edges,363,1,1,0.0142,190.66,30.66,3.144,5.612,0.731,0.102,0.894
histogram,otsu,edges,0,1,1,0.0142,190.07,30.07,4.157,7.906,1.182,0.456,1.303
histogram,otsu,edges,1,1,1,0.0142,190.07,30.07,4.4,8.965,1.288,0.597,1.605
histogram,otsu,edges,2,1,1,0.0142,190.07,30.07,7.047,11.66,1.276,0.597,1.779
histogram,otsu,edges,3,1,1,0.0142,190.07,30.07,7.951,15.992,1.716,1.122,3.577
histogram,otsu,edges,4,1,1,0.0142,190.07,30.07,3.724,7.436,1.173,0.468,1.164
histogram,otsu,edges,5,1,1,0.0142,190.07,30.07,4.462,9.57,1.293,0.602,2.09
histogram,otsu,edges,6,1,1,0.0142,190.07,30.07,3.165,7.052,1.234,0.484,1.233
histogram,otsu,edges,7,1,1,0.0142,190.31,30.31,2.973,6.629,1.148,0.439,1.296
histogram,otsu,edges,8,1,1,0.0142,190.31,30.31,3.055,6.589,1.137,0.44,1.136
histogram,otsu,edges,9,1,1,0.0142,190.31,30.31,3.082,6.725,1.151,0.501,1.219
histogram,otsu,edges,10,1,1,0.0142,190.54,30.54,2.994,6.667,1.155,0.443,1.312
histogram,otsu,edges,11,1,1,0.0142,190.07,30.07,3.221,6.862,1.149,0.458,1.204
histogram,otsu,edges,12,1,1,0.0142,190.07,30.07,3.093,6.759,1.196,0.447,1.226
histogram,otsu,edges,13,1,1,0.0142,190.07,30.07,3.093,6.617,1.144,0.437,1.175
histogram,otsu,edges,14,1,1,0.0142,190.07,30.07,2.788,6.069,1.076,0.384,1.074
histogram,otsu,edges,15,1,1,0.0142,190.69,30.69,2.746,5.867,0.992,0.439,0.991
histogram,otsu,edges,16,1,1,0.0142,190.95,30.95,3.01,6.867,1.114,0.465,1.408
histogram,otsu,edges,17,1,1,0.0142,190.07,30.07,2.801,5.909,1.046,0.387,0.969
histogram,otsu,edges,18,1,1,0.0142,190.46,30.46,2.657,5.801,0.991,0.39,1.066
histogram,otsu,edges,19,1,1,0.0142,190.09,30.09,2.763,5.915,1.061,0.396,0.983
histogram,otsu,edges,20,1,1,0.0142,190.09,30.09,2.67,5.92,0.995,0.39,1.156
histogram,otsu,edges,21,1,1,0.0142,190.44,30.44,2.808,6.052,1.072,0.396,1.069
histogram,otsu,edges,22,1,1,0.0142,190.07,30.07,2.665,5.918,0.993,0.387,1.152
histogram,otsu,edges,23,1,1,0.0142,190.07,30.07,2.779,5.922,1.046,0.391,0.999
histogram,otsu,edges,24,1,1,0.0142,190.07,30.07,2.676,5.927,1.006,0.387,1.159
histogram,otsu,edges,25,1,1,0.0142,190.97,30.97,2.754,6.028,1.055,0.395,1.127
histogram,otsu,edges,26,1,1,0.0142,190.97,30.97,2.659,6.099,1.008,0.388,1.372
histogram,otsu,edges,27,1,1,0.0142,190.07,30.07,2.77,5.926,1.059,0.395,1.001
histogram,otsu,edges,28,1,1,0.0142,190.29,30.29,2.604,5.929,1.01,0.385,1.263
histogram,otsu,edges,29,1,1,0.0142,190.29,30.29,2.73,6.06,1.082,0.477,1.074
histogram,otsu,edges,30,1,1,0.0142,190.07,30.07,2.965,6.155,0.983,0.381,1.14
histogram,otsu,edges,31,1,1,0.0142,190.95,30.95,3.075,7.009,1.241,0.477,1.377
histogram,otsu,edges,32,1,1,0.0142,190.95,30.95,3.062,6.839,1.181,0.439,1.372
histogram,otsu,edges,33,1,1,0.0142,190.07,30.07,3.058,6.791,1.135,0.435,1.422
histogram,otsu,edges,34,1,1,0.0142,190.07,30.07,2.937,6.719,1.13,0.434,1.373
histogram,otsu,edges,35,1,1,0.0142,190.09,30.09,3.028,6.756,1.192,0.437,1.358
histogram,otsu,edges,36,1,1,0.0142,190.09,30.09,3.042,6.559,1.208,0.476,1.072
histogram,otsu,edges,37,1,1,0.0142,190.07,30.07,9.065,12.643,1.14,0.431,1.245
histogram,otsu,edges,38,1,1,0.0142,190.07,30.07,3.451,8.697,2.353,0.521,1.554
histogram,otsu,edges,39,1,1,0.0142,190.07,30.07,3.464,14.202,2.667,0.507,6.758
histogram,otsu,edges,40,1,1,0.0142,190.07,30.07,3.462,7.744,1.299,0.519,1.598
histogram,otsu,edges,41,1,1,0.0142,190.07,30.07,3.413,7.754,1.276,0.473,1.607
histogram,otsu,edges,42,1,1,0.0142,190.07,30.07,3.381,7.706,1.272,0.504,1.69
histogram,otsu,edges,43,1,1,0.0142,190.95,30.95,3.488,7.814,1.269,0.518,1.525
histogram,otsu,edges,44,1,1,0.0142,190.07,30.07,3.303,7.67,1.279,0.499,1.551
histogram,otsu,edges,45,1,1,0.0142,190.07,30.07,3.854,8.172,1.213,0.633,1.637
histogram,otsu,edges,46,1,1,0.0142,190.07,30.07,3.717,7.845,1.448,0.455,1.398
histogram,otsu,edges,47,1,1,0.0142,190.07,30.07,3.488,7.73,1.152,0.473,1.685
histogram,otsu,edges,48,1,1,0.0142,190.07,30.07,3.175,7.04,1.156,0.437,1.141
histogram,otsu,edges,49,1,1,0.0142,190.07,30.07,3.128,6.675,1.203,0.444,1.13
histogram,otsu,edges,50,1,1,0.0142,190.07,30.07,3.047,6.698,1.139,0.442,1.242
histogram,otsu,edges,51,1,1,0.0142,190.97,30.97,3.123,6.987,1.504,0.474,1.113
histogram,otsu,edges,52,1,1,0.0142,190.07,30.07,3.122,6.678,1.202,0.448,1.088
histogram,otsu,edges,53,1,1,0.0142,190.31,30.31,3.123,6.818,1.154,0.538,1.223
histogram,otsu,edges,54,1,1,0.0142,190.31,30.31,2.992,6.642,1.16,0.444,1.279
histogram,otsu,edges,55,1,1,0.0142,190.07,30.07,3.249,6.758,1.145,0.444,1.075
histogram,otsu,edges,56,1,1,0.0142,190.07,30.07,3.039,6.499,1.181,0.45,1.077
histogram,otsu,edges,57,1,1,0.0142,190.07,30.07,2.91,6.401,1.14,0.433,1.159
histogram,otsu,edges,58,1,1,0.0142,190.07,30.07,3.026,6.593,1.21,0.438,1.17
histogram,otsu,edges,59,1,1,0.0142,190.07,30.07,3.025,6.544,1.135,0.471,1.173
histogram,otsu,edges,60,1,1,0.0142,190.07,30.07,2.935,6.426,1.142,0.446,1.091
histogram,otsu,edges,61,1,1,0.0142,190.07,30.07,3.032,6.459,1.188,0.437,1.055
histogram,otsu,edges,62,1,1,0.0142,190.07,30.07,3.045,6.501,1.144,0.432,1.108
histogram,otsu,edges,63,1,1,0.0142,190.09,30.09,3.081,5.909,0.726,0.436,0.917
histogram,otsu,edges,64,1,1,0.0142,189.84,29.84,3.027,5.892,0.732,0.433,0.949
histogram,otsu,edges,65,1,1,0.0142,189.84,29.84,3.017,5.828,0.706,0.454,0.892
histogram,otsu,edges,66,1,1,0.0142,191.22,31.22,2.928,5.809,0.726,0.434,0.978
histogram,otsu,edges,67,1,1,0.0142,190.95,30.95,3.027,5.886,0.716,0.432,0.895
histogram,otsu,edges,68,1,1,0.0142,190.07,30.07,2.958,5.876,0.748,0.436,0.987
histogram,otsu,edges,69,1,1,0.0142,190.07,30.07,3.062,5.925,0.715,0.432,0.892
histogram,otsu,edges,70,1,1,0.0142,190.95,30.95,2.958,5.873,0.727,0.436,1.009
histogram,otsu,edges,71,1,1,0.0142,190.95,30.95,3.023,5.893,0.709,0.436,0.908
histogram,otsu,edges,72,1,1,0.0142,190.07,30.07,2.941,5.907,0.726,0.434,1.008
histogram,otsu,edges,73,1,1,0.0142,190.07,30.07,3.01,5.89,0.714,0.429,0.908
histogram,otsu,edges,74,1,1,0.0142,190.09,30.09,2.938,5.829,0.731,0.436,0.964
histogram,otsu,edges,75,1,1,0.0142,190.09,30.09,3.014,5.876,0.706,0.434,0.908
histogram,otsu,edges,76,1,1,0.0142,190.31,30.31,2.928,5.831,0.726,0.437,0.985
histogram,otsu,edges,77,1,1,0.0142,190.31,30.31,3.027,5.84,0.729,0.436,0.896
histogram,otsu,edges,78,1,1,0.0142,190.31,30.31,2.939,5.839,0.726,0.431,0.916
histogram,otsu,edges,79,1,1,0.0142,190.07,30.07,3.056,5.913,0.762,0.437,0.903
histogram,otsu,edges,80,1,1,0.0142,190.07,30.07,3.036,5.849,0.73,0.436,0.894
histogram,otsu,edges,81,1,1,0.0142,190.09,30.09,3.036,5.889,0.763,0.436,0.91
histogram,otsu,edges,82,1,1,0.0142,190.29,30.29,3.034,5.873,0.726,0.435,0.897
histogram,otsu,edges,83,1,1,0.0142,190.29,30.29,3.038,5.901,0.774,0.436,0.912
histogram,otsu,edges,84,1,1,0.0142,190.95,30.95,3.024,5.842,0.739,0.436,0.895
histogram,otsu,edges,85,1,1,0.0142,190.09,30.09,3.085,5.937,0.761,0.438,0.9
histogram,otsu,edges,86,1,1,0.0142,190.95,30.95,3.031,5.861,0.734,0.434,0.912
histogram,otsu,edges,87,1,1,0.0142,190.95,30.95,3.041,5.914,0.736,0.478,0.912
histogram,otsu,edges,88,1,1,0.0142,190.09,30.09,3.032,5.858,0.743,0.436,0.896
histogram,otsu,edges,89,1,1,0.0142,190.09,30.09,3.056,5.936,0.737,0.478,0.917
histogram,otsu,edges,90,1,1,0.0142,191.22,31.22,3.018,5.825,0.729,0.435,0.901
histogram,otsu,edges,91,1,1,0.0142,190.07,30.07,3.041,5.908,0.722,0.473,0.917
histogram,otsu,edges,92,1,1,0.0142,190.07,30.07,3.041,5.906,0.724,0.429,0.917
histogram,otsu,edges,93,1,1,0.0142,190.07,30.07,3.043,5.909,0.722,0.486,0.905
histogram,otsu,edges,94,1,1,0.0142,190.09,30.09,3.043,5.852,0.721,0.432,0.898
histogram,otsu,edges,95,1,1,0.0142,190.09,30.09,3.039,5.893,0.72,0.474,0.903
histogram,otsu,edges,96,1,1,0.0142,190.07,30.07,3.023,5.833,0.719,0.434,0.907
histogram,otsu,edges,97,1,1,0.0142,190.09,30.09,3.044,5.979,0.744,0.436,1.006
histogram,otsu,edges,98,1,1,0.0142,190.07,30.07,3.026,5.849,0.722,0.437,0.923
histogram,otsu,edges,99,1,1,0.0142,190.07,30.07,3.027,5.904,0.729,0.433,0.964
histogram,otsu,edges,100,1,1,0.0142,190.07,30.07,3.02,5.844,0.719,0.435,0.919
histogram,otsu,edges,101,1,1,0.0142,190.07,30.07,3.013,5.889,0.705,0.438,0.974
histogram,otsu,edges,102,1,1,0.0142,190.95,30.95,3.027,5.871,0.719,0.433,0.902
histogram,otsu,edges,103,1,1,0.0142,190.82,30.82,2.951,5.827,0.729,0.429,0.966
histogram,otsu,edges,104,1,1,0.0142,190.07,30.07,3.02,5.905,0.724,0.428,0.902
histogram,otsu,edges,105,1,1,0.0142,190.07,30.07,2.945,5.84,0.718,0.435,0.986
histogram,otsu,edges,106,1,1,0.0142,190.12,30.12,3.03,5.897,0.717,0.435,0.897
histogram,otsu,edges,107,1,1,0.0142,190.12,30.12,2.986,5.865,0.724,0.431,0.983
histogram,otsu,edges,108,1,1,0.0142,190.95,30.95,3.023,5.939,0.716,0.433,0.931
histogram,otsu,edges,109,1,1,0.0142,190.07,30.07,2.948,5.857,0.731,0.438,0.983
histogram,otsu,edges,110,1,1,0.0142,190.07,30.07,3.038,5.888,0.705,0.431,0.899
histogram,otsu,edges,111,1,1,0.0142,190.07,30.07,2.94,5.83,0.721,0.435,0.981
histogram,otsu,edges,112,1,1,0.0142,190.07,30.07,3.026,5.923,0.774,0.434,0.905
histogram,otsu,edges,113,1,1,0.0142,190.12,30.12,2.943,5.869,0.759,0.435,0.977
histogram,otsu,edges,114,1,1,0.0142,190.12,30.12,3.038,5.877,0.744,0.437,0.911
histogram,otsu,edges,115,1,1,0.0142,190.07,30.07,2.947,5.856,0.734,0.433,0.916
histogram,otsu,edges,116,1,1,0.0142,190.07,30.07,3.029,5.887,0.759,0.432,0.928
histogram,otsu,edges,117,1,1,0.0142,190.95,30.95,3.072,5.891,0.719,0.434,0.908
histogram,otsu,edges,118,1,1,0.0142,190.07,30.07,3.035,5.888,0.763,0.436,0.9
histogram,otsu,edges,119,1,1,0.0142,190.07,30.07,3.028,5.842,0.721,0.438,0.913
histogram,otsu,edges,120,1,1,0.0142,190.33,30.33,3.042,5.91,0.764,0.436,0.921
histogram,otsu,edges,121,1,1,0.0142,190.09,30.09,3.038,5.851,0.733,0.434,0.903
histogram,otsu,edges,122,1,1,0.0142,190.09,30.09,3.051,5.973,0.772,0.439,0.928
histogram,otsu,edges,123,1,1,0.0142,190.09,30.09,3.034,5.841,0.719,0.437,0.908
histogram,otsu,edges,124,1,1,0.0142,190.33,30.33,3.032,5.901,0.779,0.438,0.901
histogram,otsu,edges,125,1,1,0.0142,190.33,30.33,3.012,5.83,0.719,0.434,0.91
histogram,otsu,edges,126,1,1,0.015,190.71,30.71,3.044,5.917,0.721,0.475,0.921
histogram,otsu,edges,127,1,1,0.0142,190.09,30.09,3.036,5.839,0.718,0.435,0.896
histogram,otsu,edges,128,1,1,0.0142,190.09,30.09,3.046,5.903,0.72,0.476,0.914
histogram,otsu,edges,129,1,1,0.0142,190.09,30.09,3.03,5.823,0.717,0.433,0.899
histogram,otsu,edges,130,1,1,0.0142,190.07,30.07,3.035,5.882,0.721,0.473,0.906
histogram,otsu,edges,131,1,1,0.0142,190.07,30.07,3.051,5.898,0.746,0.435,0.907
histogram,otsu,edges,132,1,1,0.0142,190.07,30.07,3.036,5.987,0.729,0.468,0.926
histogram,otsu,edges,133,1,1,0.0142,190.31,30.31,3.062,5.869,0.72,0.431,0.905
histogram,otsu,edges,134,1,1,0.0142,190.31,30.31,3.024,5.883,0.728,0.435,0.945
histogram,otsu,edges,135,1,1,0.0142,190.44,30.44,3.038,5.834,0.715,0.434,0.896
histogram,otsu,edges,136,1,1,0.0142,191.22,31.22,2.932,5.805,0.718,0.435,0.973
histogram,otsu,edges,137,1,1,0.0142,190.09,30.09,3.018,5.817,0.716,0.435,0.899
histogram,otsu,edges,138,1,1,0.0142,190.09,30.09,2.997,5.887,0.727,0.433,0.984
histogram,otsu,edges,139,1,1,0.0142,190.07,30.07,3.025,5.896,0.724,0.433,0.887
histogram,otsu,edges,140,1,1,0.0142,190.09,30.09,2.974,5.869,0.73,0.428,0.994
histogram,otsu,edges,141,1,1,0.0142,190.09,30.09,3.032,5.91,0.707,0.43,0.914
histogram,otsu,edges,142,1,1,0.0142,190.46,30.46,2.946,5.884,0.729,0.434,0.981
histogram,otsu,edges,143,1,1,0.0142,190.46,30.46,3.034,5.899,0.713,0.435,0.891
histogram,otsu,edges,144,1,1,0.0142,191.09,31.09,2.941,5.872,0.728,0.433,1.004
histogram,otsu,edges,145,1,1,0.0142,190.31,30.31,2.996,5.872,0.707,0.436,0.908
histogram,otsu,edges,146,1,1,0.0142,190.31,30.31,2.933,5.83,0.731,0.433,0.991
histogram,otsu,edges,147,1,1,0.0142,190.31,30.31,3.002,5.886,0.792,0.437,0.901
histogram,otsu,edges,148,1,1,0.015,190.68,30.68,2.956,5.825,0.705,0.435,0.906
histogram,otsu,edges,149,1,1,0.0142,190.95,30.95,3.075,5.945,0.766,0.434,0.918
histogram,otsu,edges,150,1,1,0.0142,190.95,30.95,2.94,5.861,0.737,0.43,0.933
histogram,otsu,edges,151,1,1,0.0142,190.07,30.07,3.045,6.003,0.836,0.442,0.924
histogram,otsu,edges,152,1,1,0.0142,190.07,30.07,2.977,5.898,0.723,0.435,0.908
histogram,otsu,edges,153,1,1,0.0142,190.07,30.07,3.038,5.884,0.755,0.433,0.896
histogram,otsu,edges,154,1,1,0.0142,190.07,30.07,2.971,5.856,0.736,0.435,0.9
histogram,otsu,edges,155,1,1,0.0142,190.07,30.07,3.073,5.929,0.765,0.441,0.899
histogram,otsu,edges,156,1,1,0.0142,190.07,30.07,3.077,5.916,0.736,0.432,0.917
histogram,otsu,edges,157,1,1,0.0142,190.09,30.09,3.049,5.9,0.757,0.438,0.911
histogram,otsu,edges,158,1,1,0.0142,190.97,30.97,3.031,5.834,0.72,0.433,0.907
histogram,otsu,edges,159,1,1,0.0142,190.97,30.97,3.05,5.933,0.787,0.44,0.907
histogram,otsu,edges,160,1,1,0.0142,190.33,30.33,3.012,5.832,0.732,0.434,0.9
histogram,otsu,edges,161,1,1,0.0142,190.07,30.07,3.06,5.936,0.768,0.439,0.911
histogram,otsu,edges,162,1,1,0.0142,190.07,30.07,3.044,5.916,0.734,0.436,0.913
histogram,otsu,edges,163,1,1,0.0142,190.09,30.09,3.042,5.891,0.751,0.436,0.906
histogram,otsu,edges,164,1,1,0.0142,190.09,30.09,3.032,5.858,0.722,0.432,0.91
histogram,otsu,edges,165,1,1,0.0142,190.09,30.09,3.088,5.953,0.73,0.479,0.903
histogram,otsu,edges,166,1,1,0.0142,190.12,30.12,3.044,5.848,0.721,0.433,0.905
histogram,otsu,edges,167,1,1,0.0142,190.12,30.12,3.036,6.267,0.718,0.551,1.21
histogram,otsu,edges,168,1,1,0.0142,190.12,30.12,3.029,5.852,0.723,0.431,0.914
histogram,otsu,edges,169,1,1,0.0142,190.09,30.09,3.045,5.907,0.763,0.433,0.895
histogram,otsu,edges,170,1,1,0.0142,190.09,30.09,3.072,5.916,0.74,0.437,0.913
histogram,otsu,edges,171,1,1,0.0142,190.33,30.33,3.024,5.883,0.756,0.437,0.911
histogram,otsu,edges,172,1,1,0.0142,190.95,30.95,3.059,5.91,0.724,0.435,0.905
histogram,otsu,edges,173,1,1,0.0142,190.95,30.95,3.033,5.878,0.762,0.433,0.901
histogram,otsu,edges,174,1,1,0.0142,190.46,30.46,3.037,5.891,0.75,0.434,0.918
histogram,otsu,edges,175,1,1,0.0142,190.09,30.09,3.241,6.21,0.728,0.477,0.966
histogram,otsu,edges,176,1,1,0.0142,190.09,30.09,2.771,5.742,0.749,0.416,1.072
histogram,otsu,edges,177,1,1,0.0142,190.09,30.09,2.783,5.729,1.053,0.39,0.817
histogram,otsu,edges,178,1,1,0.0142,190.09,30.09,2.817,5.329,0.644,0.379,0.816
histogram,otsu,edges,179,1,1,0.0142,190.09,30.09,2.667,5.672,1.0,0.381,0.943
histogram,otsu,edges,180,1,1,0.0142,190.07,30.07,2.787,5.355,0.633,0.381,0.814
histogram,otsu,edges,181,1,1,0.0142,190.12,30.12,2.798,5.522,0.676,0.388,0.966
histogram,otsu,edges,182,1,1,0.0142,190.07,30.07,2.782,5.753,1.054,0.387,0.818
histogram,otsu,edges,183,1,1,0.0142,190.07,30.07,2.749,5.277,0.665,0.383,0.784
histogram,otsu,edges,184,1,1,0.0142,190.12,30.12,2.683,5.502,0.65,0.383,1.121
histogram,otsu,edges,185,1,1,0.0142,190.97,30.97,3.061,5.616,0.667,0.384,0.809
histogram,otsu,edges,186,1,1,0.0142,190.97,30.97,2.941,5.491,0.666,0.381,0.823
histogram,otsu,edges,187,1,1,0.0142,190.31,30.31,2.768,5.737,1.059,0.397,0.822
histogram,otsu,edges,188,1,1,0.0142,190.31,30.31,2.772,5.306,0.65,0.382,0.819
histogram,otsu,edges,189,1,1,0.0142,190.68,30.68,2.678,5.778,1.004,0.386,1.033
histogram,otsu,edges,190,1,1,0.0142,190.07,30.07,2.758,5.321,0.634,0.381,0.811
histogram,otsu,edges,191,1,1,0.0142,190.07,30.07,2.784,5.486,0.653,0.387,0.964
histogram,otsu,edges,192,1,1,0.0142,190.09,30.09,2.757,5.733,1.049,0.387,0.819
histogram,otsu,edges,193,1,1,0.0142,190.09,30.09,2.967,5.491,0.64,0.381,0.815
histogram,otsu,edges,194,1,1,0.0142,190.09,30.09,3.129,6.259,0.737,0.44,1.18
histogram,otsu,edges,195,1,1,0.0142,190.09,30.09,3.105,5.913,0.71,0.442,0.899
histogram,otsu,edges,196,1,1,0.0142,190.09,30.09,3.145,6.11,0.773,0.437,0.976
histogram,otsu,edges,197,1,1,0.0142,190.09,30.09,3.125,5.917,0.699,0.427,0.92
histogram,otsu,edges,198,1,1,0.0142,191.22,31.22,3.075,6.639,1.218,0.449,1.126
histogram,otsu,edges,199,1,1,0.0142,190.68,30.68,3.025,6.564,1.151,0.445,1.164
histogram,otsu,edges,200,1,1,0.0142,190.31,30.31,3.094,6.752,1.161,0.443,1.22
histogram,otsu,edges,201,1,1,0.0142,190.31,30.31,3.1,6.735,1.205,0.45,1.213
histogram,otsu,edges,202,1,1,0.0142,190.09,30.09,3.08,6.791,1.151,0.441,1.311
histogram,otsu,edges,203,1,1,0.0142,190.09,30.09,3.092,6.58,1.147,0.444,1.121
histogram,otsu,edges,204,1,1,0.0142,190.09,30.09,3.139,6.795,1.22,0.44,1.228
histogram,otsu,edges,205,1,1,0.0142,190.95,30.95,3.098,6.732,1.153,0.445,1.265
histogram,otsu,edges,206,1,1,0.0142,190.95,30.95,3.341,6.812,1.161,0.439,1.12
histogram,otsu,edges,207,1,1,0.0142,190.05,30.05,3.017,6.474,1.199,0.435,1.079
histogram,otsu,edges,208,1,1,0.0142,190.07,30.07,3.033,6.568,1.134,0.482,1.171
histogram,otsu,edges,209,1,1,0.0142,190.07,30.07,2.946,6.5,1.14,0.434,1.167
histogram,otsu,edges,210,1,1,0.0142,190.07,30.07,3.038,6.575,1.191,0.437,1.16
histogram,otsu,edges,211,1,1,0.0142,190.09,30.09,3.024,6.597,1.142,0.443,1.228
histogram,otsu,edges,212,1,1,0.0142,190.07,30.07,3.05,6.592,1.148,0.43,1.179
histogram,otsu,edges,213,1,1,0.0142,190.07,30.07,3.049,5.892,0.756,0.437,0.905
histogram,otsu,edges,214,1,1,0.0142,190.97,30.97,3.047,5.854,0.72,0.435,0.906
histogram,otsu,edges,215,1,1,0.0142,190.97,30.97,3.046,5.91,0.771,0.437,0.907
histogram,otsu,edges,216,1,1,0.0142,190.09,30.09,3.051,5.905,0.745,0.437,0.926
histogram,otsu,edges,217,1,1,0.0142,190.07,30.07,3.055,5.906,0.759,0.439,0.909
histogram,otsu,edges,218,1,1,0.0142,190.07,30.07,3.035,5.842,0.724,0.435,0.897
histogram,otsu,edges,219,1,1,0.0142,190.33,30.33,3.032,5.887,0.761,0.437,0.911
histogram,otsu,edges,220,1,1,0.0142,190.07,30.07,3.04,5.845,0.725,0.434,0.898
histogram,otsu,edges,221,1,1,0.0142,190.07,30.07,3.048,5.911,0.726,0.474,0.908
histogram,otsu,edges,222,1,1,0.0142,190.09,30.09,3.036,5.901,0.724,0.434,0.912
histogram,otsu,edges,223,1,1,0.0142,190.09,30.09,3.054,5.926,0.722,0.478,0.918
histogram,otsu,edges,224,1,1,0.015,190.74,30.74,3.033,5.861,0.723,0.428,0.922
histogram,otsu,edges,225,1,1,0.015,190.74,30.74,3.033,5.924,0.733,0.474,0.92
histogram,otsu,edges,226,1,1,0.0142,190.09,30.09,3.06,5.863,0.721,0.434,0.894
histogram,otsu,edges,227,1,1,0.0142,190.09,30.09,3.021,5.884,0.717,0.481,0.912
histogram,otsu,edges,228,1,1,0.0142,190.09,30.09,3.065,5.875,0.72,0.435,0.904
histogram,otsu,edges,229,1,1,0.0142,190.31,30.31,3.018,5.884,0.726,0.434,0.959
histogram,otsu,edges,230,1,1,0.0142,190.09,30.09,3.049,5.869,0.718,0.441,0.909
histogram,otsu,edges,231,1,1,0.0142,190.09,30.09,3.019,5.893,0.718,0.436,0.962
histogram,otsu,edges,232,1,1,0.0142,190.09,30.09,3.022,5.886,0.72,0.432,0.92
histogram,otsu,edges,233,1,1,0.0142,190.95,30.95,2.95,5.837,0.729,0.433,0.979
histogram,otsu,edges,234,1,1,0.0142,190.95,30.95,3.062,5.88,0.718,0.429,0.912
histogram,otsu,edges,235,1,1,0.0142,190.97,30.97,2.957,5.842,0.721,0.434,0.976
histogram,otsu,edges,236,1,1,0.0142,190.97,30.97,3.035,5.942,0.73,0.441,0.916
histogram,otsu,edges,237,1,1,0.0142,190.97,30.97,2.947,5.845,0.732,0.434,0.981
histogram,otsu,edges,238,1,1,0.0142,190.12,30.12,3.004,5.937,0.734,0.433,0.915
histogram,otsu,edges,239,1,1,0.0142,190.33,30.33,2.922,5.807,0.722,0.429,0.984
histogram,otsu,edges,240,1,1,0.0142,190.33,30.33,3.007,5.894,0.712,0.434,0.911
histogram,otsu,edges,241,1,1,0.0142,190.95,30.95,2.951,5.845,0.723,0.437,0.979
histogram,otsu,edges,242,1,1,0.0142,190.09,30.09,3.012,5.923,0.714,0.434,0.908
histogram,otsu,edges,243,1,1,0.0142,190.09,30.09,2.948,5.83,0.721,0.433,0.98
histogram,otsu,edges,244,1,1,0.0142,190.09,30.09,3.051,5.936,0.789,0.437,0.908
histogram,otsu,edges,245,1,1,0.0142,190.09,30.09,3.034,5.905,0.716,0.433,0.976
histogram,otsu,edges,246,1,1,0.0142,190.33,30.33,3.017,5.868,0.77,0.433,0.908
histogram,otsu,edges,247,1,1,0.0142,190.12,30.12,2.946,5.831,0.722,0.435,0.902
histogram,otsu,edges,248,1,1,0.0142,190.31,30.31,3.016,5.899,0.779,0.432,0.916
histogram,otsu,edges,249,1,1,0.0142,190.31,30.31,2.919,5.816,0.721,0.438,0.899
histogram,otsu,edges,250,1,1,0.0142,190.09,30.09,3.038,5.891,0.764,0.44,0.902
histogram,otsu,edges,251,1,1,0.0142,190.09,30.09,3.033,5.844,0.719,0.435,0.912
histogram,otsu,edges,252,1,1,0.0142,191.22,31.22,3.024,5.937,0.773,0.44,0.913
histogram,otsu,edges,253,1,1,0.0142,190.31,30.31,3.01,5.819,0.726,0.433,0.901
histogram,otsu,edges,254,1,1,0.0142,190.31,30.31,3.021,5.886,0.767,0.436,0.904
histogram,otsu,edges,255,1,1,0.0142,190.09,30.09,3.031,5.833,0.724,0.431,0.889
histogram,otsu,edges,256,1,1,0.0142,190.12,30.12,3.049,5.916,0.719,0.472,0.918
histogram,otsu,edges,257,1,1,0.0142,190.12,30.12,3.067,5.883,0.724,0.435,0.91
histogram,otsu,edges,258,1,1,0.0142,190.12,30.12,3.071,5.936,0.725,0.473,0.919
histogram,otsu,edges,259,1,1,0.0142,190.12,30.12,3.029,5.886,0.755,0.441,0.913
histogram,otsu,edges,260,1,1,0.0142,190.12,30.12,3.078,5.937,0.722,0.47,0.914
histogram,otsu,edges,261,1,1,0.0142,190.31,30.31,3.004,5.812,0.722,0.428,0.909
histogram,otsu,edges,262,1,1,0.0142,191.22,31.22,3.007,5.909,0.737,0.473,0.903
histogram,otsu,edges,263,1,1,0.0142,191.22,31.22,3.004,5.823,0.717,0.435,0.907
histogram,otsu,edges,264,1,1,0.0142,191.22,31.22,3.021,5.903,0.739,0.473,0.923
histogram,otsu,edges,265,1,1,0.0142,190.12,30.12,3.032,5.84,0.721,0.435,0.901
histogram,otsu,edges,266,1,1,0.0142,190.12,30.12,3.021,5.884,0.726,0.433,0.958
histogram,otsu,edges,267,1,1,0.0142,190.31,30.31,3.005,5.812,0.714,0.433,0.91
histogram,otsu,edges,268,1,1,0.0142,190.12,30.12,2.959,5.957,0.739,0.441,1.076
histogram,otsu,edges,269,1,1,0.0142,190.12,30.12,3.016,5.829,0.709,0.431,0.914
histogram,otsu,edges,270,1,1,0.0142,190.07,30.07,2.95,5.836,0.725,0.434,0.978
histogram,otsu,edges,271,1,1,0.0142,190.09,30.09,3.014,5.886,0.709,0.437,0.893
histogram,otsu,edges,272,1,1,0.0142,190.97,30.97,2.943,5.845,0.722,0.433,0.971
histogram,otsu,edges,273,1,1,0.0142,190.97,30.97,3.012,5.883,0.708,0.435,0.901
histogram,otsu,edges,274,1,1,0.0142,190.33,30.33,2.956,5.84,0.726,0.435,0.978
histogram,otsu,edges,275,1,1,0.0142,190.33,30.33,3.002,5.873,0.712,0.433,0.899
histogram,otsu,edges,276,1,1,0.0142,190.09,30.09,2.935,5.821,0.739,0.429,0.967
histogram,otsu,edges,277,1,1,0.0142,190.09,30.09,3.034,5.881,0.769,0.436,0.896
histogram,otsu,edges,278,1,1,0.0142,190.66,30.66,2.931,5.833,0.736,0.435,0.905
histogram,otsu,edges,279,1,1,0.0142,190.66,30.66,3.072,5.927,0.76,0.44,0.905
histogram,otsu,edges,280,1,1,0.0142,190.09,30.09,2.948,5.832,0.724,0.435,0.904
histogram,otsu,edges,281,1,1,0.0142,190.92,30.92,3.032,5.895,0.765,0.437,0.909
histogram,otsu,edges,282,1,1,0.0142,190.92,30.92,3.0,5.857,0.728,0.436,0.914
histogram,otsu,edges,283,1,1,0.0142,190.07,30.07,3.047,5.906,0.768,0.436,0.913
histogram,otsu,edges,284,1,1,0.0142,190.07,30.07,3.028,5.833,0.726,0.434,0.91
histogram,otsu,edges,285,1,1,0.0142,190.07,30.07,3.035,5.881,0.762,0.44,0.899
histogram,otsu,edges,286,1,1,0.0142,190.09,30.09,3.032,5.853,0.731,0.432,0.901
histogram,otsu,edges,287,1,1,0.0142,190.09,30.09,3.053,5.908,0.759,0.432,0.911
histogram,otsu,edges,288,1,1,0.0142,190.09,30.09,3.072,5.874,0.717,0.433,0.901
histogram,otsu,edges,289,1,1,0.015,190.68,30.68,3.043,5.908,0.734,0.475,0.894
histogram,otsu,edges,290,1,1,0.0142,190.09,30.09,3.036,5.841,0.731,0.433,0.891
histogram,otsu,edges,291,1,1,0.0142,190.09,30.09,3.044,5.901,0.726,0.475,0.91
histogram,otsu,edges,292,1,1,0.0142,190.07,30.07,3.03,5.895,0.737,0.432,0.91
histogram,otsu,edges,293,1,1,0.0142,190.09,30.09,3.032,5.885,0.733,0.475,0.897
histogram,otsu,edges,294,1,1,0.0142,190.09,30.09,3.05,5.854,0.726,0.433,0.899
histogram,otsu,edges,295,1,1,0.0142,191.09,31.09,3.032,5.899,0.723,0.476,0.913
histogram,otsu,edges,296,1,1,0.0142,191.09,31.09,3.022,5.843,0.719,0.429,0.915
histogram,otsu,edges,297,1,1,0.0142,190.09,30.09,3.039,5.92,0.73,0.435,0.956
histogram,otsu,edges,298,1,1,0.0142,190.07,30.07,3.042,5.869,0.732,0.434,0.908
histogram,otsu,edges,299,1,1,0.0142,190.07,30.07,2.951,5.906,0.725,0.439,0.963
histogram,otsu,edges,300,1,1,0.0142,190.12,30.12,3.043,5.829,0.714,0.432,0.891
histogram,otsu,edges,301,1,1,0.0142,190.09,30.09,2.965,5.839,0.717,0.435,0.976
histogram,otsu,edges,302,1,1,0.015,190.74,30.74,3.058,6.007,0.728,0.435,0.918
histogram,otsu,edges,303,1,1,0.015,190.74,30.74,2.96,5.847,0.719,0.435,0.986
histogram,otsu,edges,304,1,1,0.0142,190.68,30.68,3.065,5.932,0.713,0.434,0.901
histogram,otsu,edges,305,1,1,0.0142,190.12,30.12,2.947,5.842,0.72,0.435,0.981
histogram,otsu,edges,306,1,1,0.0142,190.12,30.12,3.029,5.901,0.712,0.434,0.91
histogram,otsu,edges,307,1,1,0.0142,190.07,30.07,2.947,5.823,0.726,0.436,0.973
histogram,otsu,edges,308,1,1,0.0142,190.07,30.07,3.037,5.918,0.716,0.432,0.911
histogram,otsu,edges,309,1,1,0.0142,190.92,30.92,2.911,5.812,0.728,0.433,0.986
histogram,otsu,edges,310,1,1,0.0142,190.95,30.95,3.02,5.908,0.706,0.431,0.92
histogram,otsu,edges,311,1,1,0.0142,190.95,30.95,2.934,5.82,0.719,0.434,0.974
histogram,otsu,edges,312,1,1,0.0142,190.31,30.31,3.002,5.931,0.787,0.438,0.908
histogram,otsu,edges,313,1,1,0.0142,190.97,30.97,2.94,5.809,0.717,0.435,0.897
histogram,otsu,edges,314,1,1,0.0142,190.97,30.97,3.045,5.905,0.771,0.436,0.908
histogram,otsu,edges,315,1,1,0.0142,190.97,30.97,2.953,5.853,0.727,0.439,0.916
histogram,otsu,edges,316,1,1,0.0142,190.31,30.31,3.236,6.134,0.789,0.438,0.917
histogram,otsu,edges,317,1,1,0.0142,190.31,30.31,2.943,5.806,0.721,0.433,0.894
histogram,otsu,edges,318,1,1,0.0142,190.07,30.07,3.044,5.897,0.76,0.437,0.91
histogram,otsu,edges,319,1,1,0.0142,190.31,30.31,2.938,5.833,0.728,0.433,0.917
histogram,otsu,edges,320,1,1,0.0142,190.92,30.92,3.018,5.889,0.76,0.434,0.921
histogram,otsu,edges,321,1,1,0.0142,190.92,30.92,3.026,5.833,0.728,0.43,0.897
histogram,otsu,edges,322,1,1,0.0142,190.09,30.09,3.044,6.021,0.833,0.435,0.914
histogram,otsu,edges,323,1,1,0.0142,190.09,30.09,3.041,5.845,0.72,0.437,0.9
histogram,otsu,edges,324,1,1,0.0142,190.09,30.09,3.043,5.905,0.763,0.437,0.896
histogram,otsu,edges,325,1,1,0.0142,190.12,30.12,3.035,5.829,0.715,0.436,0.901
histogram,otsu,edges,326,1,1,0.0142,190.95,30.95,3.051,5.899,0.762,0.437,0.906
histogram,otsu,edges,327,1,1,0.0142,190.95,30.95,3.031,5.829,0.715,0.435,0.904
histogram,otsu,edges,328,1,1,0.0142,190.97,30.97,3.06,5.934,0.726,0.475,0.919
histogram,otsu,edges,329,1,1,0.0142,190.97,30.97,3.034,5.842,0.719,0.432,0.896
histogram,otsu,edges,330,1,1,0.015,190.74,30.74,3.036,5.912,0.724,0.476,0.925
histogram,otsu,edges,331,1,1,0.0142,191.09,31.09,3.062,5.879,0.719,0.43,0.918
histogram,otsu,edges,332,1,1,0.0142,191.22,31.22,3.004,5.922,0.731,0.474,0.912
histogram,otsu,edges,333,1,1,0.0142,191.22,31.22,3.016,5.814,0.721,0.435,0.894
histogram,otsu,edges,334,1,1,0.0142,190.68,30.68,3.038,5.879,0.72,0.472,0.908
histogram,otsu,edges,335,1,1,0.0142,190.68,30.68,3.037,5.828,0.716,0.435,0.894
histogram,otsu,edges,336,1,1,0.0142,190.07,30.07,3.02,5.895,0.731,0.436,0.953
histogram,otsu,edges,337,1,1,0.0142,190.97,30.97,3.014,5.822,0.718,0.433,0.906
histogram,otsu,edges,338,1,1,0.0142,190.97,30.97,3.104,6.362,0.736,0.43,1.278
histogram,otsu,edges,339,1,1,0.0142,190.97,30.97,3.031,5.831,0.719,0.434,0.901
histogram,otsu,edges,340,1,1,0.0142,190.07,30.07,3.039,5.925,0.735,0.475,0.919
histogram,otsu,edges,341,1,1,0.0142,190.07,30.07,3.032,5.849,0.727,0.434,0.907
histogram,otsu,edges,342,1,1,0.0142,190.12,30.12,3.902,6.846,0.723,0.433,0.942
histogram,otsu,edges,343,1,1,0.0142,190.09,30.09,2.95,6.558,1.188,0.504,1.12
histogram,otsu,edges,344,1,1,0.0142,190.09,30.09,3.04,5.916,0.708,0.436,0.909
histogram,otsu,edges,345,1,1,0.0142,190.09,30.09,3.037,5.943,0.73,0.431,1.0
histogram,otsu,edges,346,1,1,0.0142,190.09,30.09,3.026,5.912,0.716,0.432,0.914
histogram,otsu,edges,347,1,1,0.0142,190.95,30.95,2.929,5.814,0.718,0.436,0.982
histogram,otsu,edges,348,1,1,0.0142,190.95,30.95,3.051,5.983,0.732,0.445,0.918
histogram,otsu,edges,349,1,1,0.0142,190.31,30.31,2.917,5.819,0.73,0.433,0.978
histogram,otsu,edges,350,1,1,0.0142,190.66,30.66,3.017,5.876,0.711,0.435,0.9
histogram,otsu,edges,351,1,1,0.0142,190.66,30.66,2.938,5.827,0.731,0.433,0.982
histogram,otsu,edges,352,1,1,0.0142,191.22,31.22,2.994,5.916,0.776,0.44,0.901
histogram,otsu,edges,353,1,1,0.0142,191.22,31.22,2.925,5.822,0.738,0.433,0.972
histogram,otsu,edges,354,1,1,0.0142,190.33,30.33,3.009,5.879,0.767,0.433,0.919
histogram,otsu,edges,355,1,1,0.0142,190.09,30.09,2.951,5.838,0.735,0.435,0.892
histogram,otsu,edges,356,1,1,0.0142,190.09,30.09,3.039,5.911,0.767,0.441,0.909
histogram,otsu,edges,357,1,1,0.0142,191.22,31.22,3.004,5.811,0.723,0.435,0.902
histogram,otsu,edges,358,1,1,0.0142,190.12,30.12,3.043,5.902,0.767,0.438,0.903
histogram,otsu,edges,359,1,1,0.0142,190.12,30.12,3.062,5.867,0.73,0.438,0.894
histogram,otsu,edges,360,1,1,0.0142,190.12,30.12,3.036,5.888,0.764,0.437,0.888
histogram,otsu,edges,361,1,1,0.0142,190.09,30.09,3.032,5.851,0.72,0.43,0.914
histogram,otsu,edges,362,1,1,0.0142,190.66,30.66,3.098,5.989,0.719,0.477,0.904
histogram,otsu,edges,363,1,1,0.0142,190.66,30.66,3.02,5.821,0.724,0.429,0.892
histogram,adaptive,edges,0,1,1,0.0142,190.07,30.07,4.458,16.948,0.782,8.964,1.901
histogram,adaptive,edges,1,1,1,0.0142,190.07,30.07,8.449,27.558,1.28,12.663,4.013
histogram,adaptive,edges,2,1,1,0.0142,190.07,30.07,4.104,16.874,1.171,8.902,1.732
histogram,adaptive,edges,3,1,1,0.0142,190.07,30.07,3.031,14.859,1.226,8.366,1.458
histogram,adaptive,edges,4,1,1,0.0142,190.07,30.07,3.146,14.075,0.698,8.336,1.07
histogram,adaptive,edges,5,1,1,0.0142,190.07,30.07,3.193,14.221,0.757,8.328,1.156
histogram,adaptive,edges,6,1,1,0.0142,190.07,30.07,3.154,14.065,0.72,8.341,1.053
histogram,adaptive,edges,7,1,1,0.0142,190.31,30.31,3.12,14.044,0.736,8.305,1.113
histogram,adaptive,edges,8,1,1,0.0142,190.31,30.31,3.101,14.229,0.727,8.353,1.28
histogram,adaptive,edges,9,1,1,0.0142,190.31,30.31,3.139,14.704,1.2,8.366,1.227
histogram,adaptive,edges,10,1,1,0.0142,190.54,30.54,3.106,14.728,1.154,8.332,1.359
histogram,adaptive,edges,11,1,1,0.0142,190.07,30.07,3.121,14.747,1.153,8.324,1.374
histogram,adaptive,edges,12,1,1,0.0142,190.07,30.07,3.183,14.895,1.209,8.373,1.352
histogram,adaptive,edges,13,1,1,0.0142,190.07,30.07,3.337,15.34,1.159,8.5,1.579
histogram,adaptive,edges,14,1,1,0.0142,190.07,30.07,3.072,14.74,1.134,8.259,1.51
histogram,adaptive,edges,15,1,1,0.0142,190.69,30.69,3.046,14.465,1.204,8.237,1.226
histogram,adaptive,edges,16,1,1,0.0142,190.95,30.95,3.09,14.422,1.186,8.282,1.071
histogram,adaptive,edges,17,1,1,0.0142,190.07,30.07,3.439,14.985,1.147,8.232,1.363
histogram,adaptive,edges,18,1,1,0.0142,190.46,30.46,3.294,15.258,1.19,8.507,1.488
histogram,adaptive,edges,19,1,1,0.0142,190.09,30.09,3.32,15.45,1.193,8.5,1.592
histogram,adaptive,edges,20,1,1,0.0142,190.09,30.09,3.311,15.22,1.235,8.458,1.332
histogram,adaptive,edges,21,1,1,0.0142,190.44,30.44,3.282,15.133,1.229,8.511,1.332
histogram,adaptive,edges,22,1,1,0.0142,190.07,30.07,3.057,14.834,1.201,8.349,1.475
histogram,adaptive,edges,23,1,1,0.0142,190.07,30.07,2.934,14.568,1.33,8.284,1.27
histogram,adaptive,edges,24,1,1,0.0142,190.07,30.07,3.034,14.761,1.193,8.272,1.407
histogram,adaptive,edges,25,1,1,0.0142,190.97,30.97,3.066,14.451,1.134,8.216,1.286
histogram,adaptive,edges,26,1,1,0.0142,190.97,30.97,2.98,14.515,1.132,8.212,1.33
histogram,adaptive,edges,27,1,1,0.0142,190.07,30.07,3.022,14.413,1.185,8.267,1.192
histogram,adaptive,edges,28,1,1,0.0142,190.29,30.29,2.989,14.239,1.132,8.211,1.163
histogram,adaptive,edges,29,1,1,0.0142,190.29,30.29,3.047,13.906,0.728,8.276,1.037
histogram,adaptive,edges,30,1,1,0.0142,190.07,30.07,2.971,13.789,0.739,8.184,1.145
histogram,adaptive,edges,31,1,1,0.0142,190.95,30.95,3.084,13.907,0.71,8.245,1.055
histogram,adaptive,edges,32,1,1,0.0142,190.95,30.95,2.962,13.791,0.722,8.21,1.151
histogram,adaptive,edges,33,1,1,0.0142,190.07,30.07,3.045,13.835,0.715,8.222,1.034
histogram,adaptive,edges,34,1,1,0.0142,190.07,30.07,2.964,13.778,0.724,8.227,1.111
histogram,adaptive,edges,35,1,1,0.0142,190.09,30.09,3.043,13.838,0.77,8.233,1.048
histogram,adaptive,edges,36,1,1,0.0142,190.09,30.09,2.973,13.852,0.735,8.219,1.071
histogram,adaptive,edges,37,1,1,0.0142,190.07,30.07,3.069,13.87,0.764,8.228,1.051
histogram,adaptive,edges,38,1,1,0.0142,190.07,30.07,3.07,13.796,0.73,8.192,1.062
histogram,adaptive,edges,39,1,1,0.0142,190.07,30.07,3.055,13.838,0.76,8.224,1.056
histogram,adaptive,edges,40,1,1,0.0142,190.07,30.07,3.079,13.846,0.741,8.222,1.059
histogram,adaptive,edges,41,1,1,0.0142,190.07,30.07,3.118,13.899,0.764,8.218,1.053
histogram,adaptive,edges,42,1,1,0.0142,190.07,30.07,3.058,13.813,0.722,8.209,1.07
histogram,adaptive,edges,43,1,1,0.0142,190.95,30.95,3.072,14.002,0.725,8.385,1.062
histogram,adaptive,edges,44,1,1,0.0142,190.07,30.07,3.061,13.799,0.726,8.208,1.056
histogram,adaptive,edges,45,1,1,0.0142,190.07,30.07,3.055,13.842,0.732,8.261,1.043
histogram,adaptive,edges,46,1,1,0.0142,190.07,30.07,3.316,14.153,0.768,8.227,1.058
histogram,adaptive,edges,47,1,1,0.0142,190.07,30.07,3.079,13.991,0.716,8.414,1.038
histogram,adaptive,edges,48,1,1,0.0142,190.07,30.07,3.062,13.799,0.722,8.2,1.066
histogram,adaptive,edges,49,1,1,0.0142,190.07,30.07,3.053,13.857,0.726,8.287,1.045
histogram,adaptive,edges,50,1,1,0.0142,190.07,30.07,3.082,13.855,0.725,8.234,1.067
histogram,adaptive,edges,51,1,1,0.0142,190.97,30.97,3.032,13.818,0.719,8.194,1.114
histogram,adaptive,edges,52,1,1,0.0142,190.07,30.07,3.059,13.852,0.724,8.255,1.063
histogram,adaptive,edges,53,1,1,0.0142,190.31,30.31,2.818,13.621,0.731,8.206,1.11
histogram,adaptive,edges,54,1,1,0.0142,190.31,30.31,2.689,12.178,0.632,7.145,0.963
histogram,adaptive,edges,55,1,1,0.0142,190.07,30.07,2.717,12.149,0.635,7.162,0.95
histogram,adaptive,edges,56,1,1,0.0142,190.07,30.07,2.719,12.187,0.644,7.164,0.948
histogram,adaptive,edges,57,1,1,0.0142,190.07,30.07,2.752,12.178,0.639,7.146,0.951
histogram,adaptive,edges,58,1,1,0.0142,190.07,30.07,2.714,12.141,0.647,7.16,0.942
histogram,adaptive,edges,59,1,1,0.0142,190.07,30.07,3.227,12.643,0.637,7.142,0.953
histogram,adaptive,edges,60,1,1,0.0142,190.07,30.07,2.794,13.17,1.045,7.41,1.128
histogram,adaptive,edges,61,1,1,0.0142,190.07,30.07,2.781,13.109,1.056,7.226,1.341
histogram,adaptive,edges,62,1,1,0.0142,190.07,30.07,2.784,12.953,1.005,7.253,1.226
histogram,adaptive,edges,63,1,1,0.0142,190.09,30.09,2.796,12.993,1.003,7.236,1.245
histogram,adaptive,edges,64,1,1,0.0142,189.84,29.84,2.72,12.956,1.008,7.269,1.268
histogram,adaptive,edges,65,1,1,0.0142,189.84,29.84,2.771,12.92,1.04,7.202,1.209
histogram,adaptive,edges,66,1,1,0.0142,191.22,31.22,2.758,12.915,1.009,7.281,1.139
histogram,adaptive,edges,67,1,1,0.0142,190.95,30.95,2.779,12.962,1.005,7.226,1.254
histogram,adaptive,edges,68,1,1,0.0142,190.07,30.07,2.726,12.986,0.992,7.255,1.322
histogram,adaptive,edges,69,1,1,0.0142,190.07,30.07,3.111,13.262,1.049,7.183,1.218
histogram,adaptive,edges,70,1,1,0.0142,190.95,30.95,2.965,14.495,1.153,8.292,1.248
histogram,adaptive,edges,71,1,1,0.0142,190.95,30.95,3.025,14.403,1.189,8.218,1.23
histogram,adaptive,edges,72,1,1,0.0142,190.07,30.07,3.044,14.592,1.138,8.237,1.423
histogram,adaptive,edges,73,1,1,0.0142,190.07,30.07,3.068,14.37,1.133,8.189,1.241
histogram,adaptive,edges,74,1,1,0.0142,190.09,30.09,3.038,14.422,1.186,8.246,1.21
histogram,adaptive,edges,75,1,1,0.0142,190.09,30.09,2.952,14.349,1.126,8.202,1.323
histogram,adaptive,edges,76,1,1,0.0142,190.31,30.31,3.001,14.461,1.137,8.225,1.246
histogram,adaptive,edges,77,1,1,0.0142,190.31,30.31,3.005,14.41,1.141,8.286,1.231
histogram,adaptive,edges,78,1,1,0.0142,190.31,30.31,3.007,14.322,1.135,8.187,1.248
histogram,adaptive,edges,79,1,1,0.0142,190.07,30.07,3.029,14.41,1.183,8.225,1.208
histogram,adaptive,edges,80,1,1,0.0142,190.07,30.07,3.05,14.602,1.134,8.245,1.419
histogram,adaptive,edges,81,1,1,0.0142,190.09,30.09,3.05,14.357,1.137,8.201,1.226
histogram,adaptive,edges,82,1,1,0.0142,190.29,30.29,3.062,14.581,1.184,8.258,1.324
histogram,adaptive,edges,83,1,1,0.0142,190.29,30.29,2.954,14.31,1.132,8.174,1.303
histogram,adaptive,edges,84,1,1,0.0142,190.95,30.95,3.041,14.458,1.132,8.244,1.219
histogram,adaptive,edges,85,1,1,0.0142,190.09,30.09,3.058,14.423,1.135,8.201,1.281
histogram,adaptive,edges,86,1,1,0.0142,190.95,30.95,3.014,14.37,1.136,8.208,1.235
histogram,adaptive,edges,87,1,1,0.0142,190.95,30.95,3.016,14.39,1.181,8.222,1.228
histogram,adaptive,edges,88,1,1,0.0142,190.09,30.09,2.988,14.421,1.131,8.278,1.281
histogram,adaptive,edges,89,1,1,0.0142,190.09,30.09,3.065,14.404,1.119,8.232,1.238
histogram,adaptive,edges,90,1,1,0.0142,191.22,31.22,3.013,14.517,1.183,8.253,1.324
histogram,adaptive,edges,91,1,1,0.0142,190.07,30.07,2.967,14.428,1.148,8.173,1.398
histogram,adaptive,edges,92,1,1,0.0142,190.07,30.07,3.044,14.543,1.141,8.191,1.343
histogram,adaptive,edges,93,1,1,0.0142,190.07,30.07,3.03,14.416,1.132,8.289,1.213
histogram,adaptive,edges,94,1,1,0.0142,190.09,30.09,3.051,14.358,1.131,8.223,1.215
histogram,adaptive,edges,95,1,1,0.0142,190.09,30.09,3.034,14.489,1.186,8.21,1.323
histogram,adaptive,edges,96,1,1,0.0142,190.07,30.07,3.045,14.611,1.135,8.22,1.424
histogram,adaptive,edges,97,1,1,0.0142,190.09,30.09,3.024,14.335,1.13,8.192,1.236
histogram,adaptive,edges,98,1,1,0.0142,190.07,30.07,3.036,14.547,1.196,8.249,1.316
histogram,adaptive,edges,99,1,1,0.0142,190.07,30.07,2.959,14.501,1.135,8.212,1.425
histogram,adaptive,edges,100,1,1,0.0142,190.07,30.07,3.046,14.426,1.149,8.206,1.203
histogram,adaptive,edges,101,1,1,0.0142,190.07,30.07,3.034,14.408,1.173,8.231,1.217
histogram,adaptive,edges,102,1,1,0.0142,190.95,30.95,2.957,14.418,1.15,8.199,1.238
histogram,adaptive,edges,103,1,1,0.0142,190.82,30.82,3.022,14.504,1.216,8.208,1.313
histogram,adaptive,edges,104,1,1,0.0142,190.07,30.07,3.053,14.506,1.136,8.204,1.361
histogram,adaptive,edges,105,1,1,0.0142,190.07,30.07,3.091,14.501,1.141,8.197,1.325
histogram,adaptive,edges,106,1,1,0.0142,190.12,30.12,3.022,14.473,1.186,8.242,1.223
histogram,adaptive,edges,107,1,1,0.0142,190.12,30.12,3.038,14.538,1.139,8.21,1.403
histogram,adaptive,edges,108,1,1,0.0142,190.95,30.95,3.044,14.508,1.147,8.221,1.342
histogram,adaptive,edges,109,1,1,0.0142,190.07,30.07,3.025,14.401,1.196,8.211,1.223
histogram,adaptive,edges,110,1,1,0.0142,190.07,30.07,2.973,14.371,1.155,8.217,1.284
histogram,adaptive,edges,111,1,1,0.0142,190.07,30.07,3.028,14.523,1.124,8.218,1.338
histogram,adaptive,edges,112,1,1,0.0142,190.07,30.07,3.044,14.517,1.138,8.265,1.324
histogram,adaptive,edges,113,1,1,0.0142,190.12,30.12,2.952,14.418,1.138,8.195,1.38
histogram,adaptive,edges,114,1,1,0.0142,190.12,30.12,3.05,14.455,1.187,8.233,1.237
histogram,adaptive,edges,115,1,1,0.0142,190.07,30.07,3.025,14.398,1.141,8.198,1.287
histogram,adaptive,edges,116,1,1,0.0142,190.07,30.07,3.037,14.409,1.143,8.232,1.215
histogram,adaptive,edges,117,1,1,0.0142,190.95,30.95,3.02,14.4,1.183,8.226,1.224
histogram,adaptive,edges,118,1,1,0.0142,190.07,30.07,2.682,13.978,1.144,8.215,1.187
histogram,adaptive,edges,119,1,1,0.0142,190.07,30.07,2.631,12.677,1.035,7.103,1.232
histogram,adaptive,edges,120,1,1,0.0142,190.33,30.33,2.699,12.758,0.985,7.322,1.074
histogram,adaptive,edges,121,1,1,0.0142,190.09,30.09,2.693,12.664,0.995,7.12,1.179
histogram,adaptive,edges,122,1,1,0.0142,190.09,30.09,2.698,12.686,0.989,7.13,1.191
histogram,adaptive,edges,123,1,1,0.0142,190.09,30.09,2.626,12.665,0.987,7.129,1.249
histogram,adaptive,edges,124,1,1,0.0142,190.33,30.33,2.656,12.732,1.043,7.096,1.262
histogram,adaptive,edges,125,1,1,0.0142,190.33,30.33,2.696,12.754,0.995,7.164,1.154
histogram,adaptive,edges,126,1,1,0.015,190.71,30.71,3.026,13.327,0.992,7.261,1.327
histogram,adaptive,edges,127,1,1,0.0142,190.09,30.09,3.024,14.394,1.13,8.215,1.275
histogram,adaptive,edges,128,1,1,0.0142,190.09,30.09,3.058,14.365,1.13,8.214,1.219
histogram,adaptive,edges,129,1,1,0.0142,190.09,30.09,3.032,14.519,1.17,8.247,1.32
histogram,adaptive,edges,130,1,1,0.0142,190.07,30.07,3.895,15.426,1.138,8.21,1.418
histogram,adaptive,edges,131,1,1,0.0142,190.07,30.07,3.04,14.73,1.151,8.363,1.398
histogram,adaptive,edges,132,1,1,0.0142,190.07,30.07,3.119,15.07,1.16,8.621,1.307
histogram,adaptive,edges,133,1,1,0.0142,190.31,30.31,3.098,14.705,1.201,8.369,1.258
histogram,adaptive,edges,134,1,1,0.0142,190.31,30.31,3.166,14.913,1.159,8.343,1.47
histogram,adaptive,edges,135,1,1,0.0142,190.44,30.44,3.028,14.676,1.166,8.344,1.362
histogram,adaptive,edges,136,1,1,0.0142,191.22,31.22,3.136,14.88,1.212,8.349,1.374
histogram,adaptive,edges,137,1,1,0.0142,190.09,30.09,3.14,14.79,1.205,8.374,1.301
histogram,adaptive,edges,138,1,1,0.0142,190.09,30.09,3.064,14.62,1.154,8.32,1.32
histogram,adaptive,edges,139,1,1,0.0142,190.07,30.07,3.111,14.708,1.145,8.322,1.29
histogram,adaptive,edges,140,1,1,0.0142,190.09,30.09,3.042,14.622,1.25,8.367,1.203
histogram,adaptive,edges,141,1,1,0.0142,190.09,30.09,2.947,14.344,1.137,8.205,1.303
histogram,adaptive,edges,142,1,1,0.0142,190.46,30.46,3.021,14.535,1.144,8.221,1.332
histogram,adaptive,edges,143,1,1,0.0142,190.46,30.46,3.117,14.525,1.192,8.259,1.209
histogram,adaptive,edges,144,1,1,0.0142,191.09,31.09,2.934,14.371,1.132,8.222,1.317
histogram,adaptive,edges,145,1,1,0.0142,190.31,30.31,3.011,14.399,1.186,8.221,1.228
histogram,adaptive,edges,146,1,1,0.0142,190.31,30.31,3.027,14.58,1.136,8.238,1.395
histogram,adaptive,edges,147,1,1,0.0142,190.31,30.31,3.021,14.462,1.14,8.226,1.321
histogram,adaptive,edges,148,1,1,0.015,190.68,30.68,3.038,14.56,1.192,8.242,1.337
histogram,adaptive,edges,149,1,1,0.0142,190.95,30.95,3.042,14.429,1.139,8.196,1.305
histogram,adaptive,edges,150,1,1,0.0142,190.95,30.95,3.038,14.366,1.144,8.206,1.227
histogram,adaptive,edges,151,1,1,0.0142,190.07,30.07,3.041,14.518,1.185,8.221,1.333
histogram,adaptive,edges,152,1,1,0.0142,190.07,30.07,3.015,14.528,1.143,8.231,1.388
histogram,adaptive,edges,153,1,1,0.0142,190.07,30.07,3.083,14.56,1.143,8.195,1.331
histogram,adaptive,edges,154,1,1,0.0142,190.07,30.07,2.63,13.26,1.193,7.431,1.269
histogram,adaptive,edges,155,1,1,0.0142,190.07,30.07,2.71,12.768,0.985,7.132,1.185
histogram,adaptive,edges,156,1,1,0.0142,190.07,30.07,2.688,12.632,0.997,7.137,1.1
histogram,adaptive,edges,157,1,1,0.0142,190.09,30.09,2.701,12.711,0.99,7.149,1.202
histogram,adaptive,edges,158,1,1,0.0142,190.97,30.97,2.702,12.643,0.98,7.121,1.196
histogram,adaptive,edges,159,1,1,0.0142,190.97,30.97,2.614,12.589,1.039,7.081,1.177
histogram,adaptive,edges,160,1,1,0.0142,190.33,30.33,2.622,12.555,1.044,7.09,1.137
histogram,adaptive,edges,161,1,1,0.0142,190.07,30.07,2.704,12.668,0.985,7.175,1.09
histogram,adaptive,edges,162,1,1,0.0142,190.07,30.07,2.698,12.592,0.994,7.154,1.07
histogram,adaptive,edges,163,1,1,0.0142,190.09,30.09,2.702,12.592,0.986,7.112,1.11
histogram,adaptive,edges,164,1,1,0.0142,190.09,30.09,2.689,12.673,0.99,7.131,1.197
histogram,adaptive,edges,165,1,1,0.0142,190.09,30.09,2.639,12.599,1.036,7.085,1.174
histogram,adaptive,edges,166,1,1,0.0142,190.12,30.12,2.685,12.722,1.045,7.176,1.103
histogram,adaptive,edges,167,1,1,0.0142,190.12,30.12,2.717,12.633,0.991,7.186,1.066
histogram,adaptive,edges,168,1,1,0.0142,190.12,30.12,2.727,12.623,0.985,7.122,1.101
histogram,adaptive,edges,169,1,1,0.0142,190.09,30.09,2.695,12.662,0.979,7.119,1.194
histogram,adaptive,edges,170,1,1,0.0142,190.09,30.09,2.606,12.664,0.99,7.138,1.255
histogram,adaptive,edges,171,1,1,0.0142,190.33,30.33,2.605,12.687,1.032,7.102,1.264
histogram,adaptive,edges,172,1,1,0.0142,190.95,30.95,2.692,12.765,0.996,7.172,1.168
histogram,adaptive,edges,173,1,1,0.0142,190.95,30.95,2.696,12.58,0.991,7.127,1.088
histogram,adaptive,edges,174,1,1,0.0142,190.46,30.46,2.689,12.645,0.998,7.155,1.123
histogram,adaptive,edges,175,1,1,0.0142,190.09,30.09,2.703,12.613,0.995,7.13,1.112
histogram,adaptive,edges,176,1,1,0.0142,190.09,30.09,2.648,12.662,1.03,7.11,1.163
histogram,adaptive,edges,177,1,1,0.0142,190.09,30.09,2.645,12.648,1.032,7.086,1.219
histogram,adaptive,edges,178,1,1,0.0142,190.09,30.09,2.689,12.623,0.997,7.167,1.094
histogram,adaptive,edges,179,1,1,0.0142,190.09,30.09,2.679,12.553,0.996,7.098,1.103
histogram,adaptive,edges,180,1,1,0.0142,190.07,30.07,2.733,12.605,1.0,7.116,1.09
histogram,adaptive,edges,181,1,1,0.0142,190.12,30.12,2.7,12.594,0.988,7.113,1.114
histogram,adaptive,edges,182,1,1,0.0142,190.07,30.07,2.636,12.705,1.043,7.086,1.265
histogram,adaptive,edges,183,1,1,0.0142,190.07,30.07,2.685,12.646,1.045,7.157,1.082
histogram,adaptive,edges,184,1,1,0.0142,190.12,30.12,2.729,12.682,0.995,7.171,1.102
histogram,adaptive,edges,185,1,1,0.0142,190.97,30.97,2.695,12.623,0.982,7.101,1.182
histogram,adaptive,edges,186,1,1,0.0142,190.97,30.97,2.677,12.597,0.997,7.11,1.1
histogram,adaptive,edges,187,1,1,0.0142,190.31,30.31,2.606,12.635,0.993,7.112,1.194
histogram,adaptive,edges,188,1,1,0.0142,190.31,30.31,2.66,12.746,1.042,7.11,1.253
histogram,adaptive,edges,189,1,1,0.0142,190.68,30.68,2.695,12.669,0.991,7.137,1.107
histogram,adaptive,edges,190,1,1,0.0142,190.07,30.07,2.703,12.59,0.987,7.13,1.103
histogram,adaptive,edges,191,1,1,0.0142,190.07,30.07,2.687,12.56,0.991,7.13,1.073
histogram,adaptive,edges,192,1,1,0.0142,190.09,30.09,2.714,12.643,0.986,7.159,1.104
histogram,adaptive,edges,193,1,1,0.0142,190.09,30.09,2.631,12.565,0.991,7.132,1.138
histogram,adaptive,edges,194,1,1,0.0142,190.09,30.09,3.021,14.283,1.04,8.313,1.219
histogram,adaptive,edges,195,1,1,0.0142,190.09,30.09,2.984,14.352,1.142,8.196,1.285
histogram,adaptive,edges,196,1,1,0.0142,190.09,30.09,3.015,14.538,1.13,8.192,1.35
histogram,adaptive,edges,197,1,1,0.0142,190.09,30.09,3.042,14.427,1.194,8.209,1.232
histogram,adaptive,edges,198,1,1,0.0142,191.22,31.22,2.925,14.299,1.137,8.207,1.228
histogram,adaptive,edges,199,1,1,0.0142,190.68,30.68,3.025,14.462,1.175,8.19,1.316
histogram,adaptive,edges,200,1,1,0.0142,190.31,30.31,3.064,14.466,1.14,8.211,1.289
histogram,adaptive,edges,201,1,1,0.0142,190.31,30.31,2.672,13.019,1.148,7.3,1.171
histogram,adaptive,edges,202,1,1,0.0142,190.09,30.09,2.73,12.701,0.992,7.115,1.2
histogram,adaptive,edges,203,1,1,0.0142,190.09,30.09,2.616,12.637,0.987,7.109,1.18
histogram,adaptive,edges,204,1,1,0.0142,190.09,30.09,3.497,13.515,1.037,7.081,1.206
histogram,adaptive,edges,205,1,1,0.0142,190.95,30.95,2.747,12.76,1.021,7.197,1.094
histogram,adaptive,edges,206,1,1,0.0142,190.95,30.95,2.714,12.789,0.994,7.166,1.203
histogram,adaptive,edges,207,1,1,0.0142,190.05,30.05,2.619,12.653,0.991,7.131,1.178
histogram,adaptive,edges,208,1,1,0.0142,190.07,30.07,2.64,12.911,1.043,7.303,1.255
histogram,adaptive,edges,209,1,1,0.0142,190.07,30.07,3.589,15.416,1.116,8.329,1.625
histogram,adaptive,edges,210,1,1,0.0142,190.07,30.07,3.02,14.82,1.207,8.368,1.248
histogram,adaptive,edges,211,1,1,0.0142,190.09,30.09,3.09,14.479,1.139,8.302,1.208
histogram,adaptive,edges,212,1,1,0.0142,190.07,30.07,2.954,14.381,1.131,8.238,1.248
histogram,adaptive,edges,213,1,1,0.0142,190.07,30.07,3.039,14.415,1.193,8.216,1.214
histogram,adaptive,edges,214,1,1,0.0142,190.97,30.97,3.036,14.539,1.147,8.203,1.405
histogram,adaptive,edges,215,1,1,0.0142,190.97,30.97,3.032,14.43,1.131,8.194,1.329
histogram,adaptive,edges,216,1,1,0.0142,190.09,30.09,3.076,14.636,1.187,8.256,1.338
histogram,adaptive,edges,217,1,1,0.0142,190.07,30.07,2.972,14.478,1.135,8.218,1.405
histogram,adaptive,edges,218,1,1,0.0142,190.07,30.07,3.026,14.364,1.129,8.213,1.24
histogram,adaptive,edges,219,1,1,0.0142,190.33,30.33,3.028,14.418,1.188,8.239,1.214
histogram,adaptive,edges,220,1,1,0.0142,190.07,30.07,2.965,14.362,1.136,8.235,1.276
histogram,adaptive,edges,221,1,1,0.0142,190.07,30.07,3.017,14.406,1.197,8.203,1.244
histogram,adaptive,edges,222,1,1,0.0142,190.09,30.09,3.058,14.412,1.141,8.209,1.255
histogram,adaptive,edges,223,1,1,0.0142,190.09,30.09,3.057,14.451,1.127,8.192,1.326
histogram,adaptive,edges,224,1,1,0.015,190.74,30.74,3.03,14.534,1.188,8.24,1.332
histogram,adaptive,edges,225,1,1,0.015,190.74,30.74,2.976,14.373,1.129,8.212,1.314
histogram,adaptive,edges,226,1,1,0.0142,190.09,30.09,3.055,14.495,1.139,8.216,1.227
histogram,adaptive,edges,227,1,1,0.0142,190.09,30.09,3.048,14.578,1.171,8.254,1.355
histogram,adaptive,edges,228,1,1,0.0142,190.09,30.09,2.961,14.492,1.147,8.223,1.406
histogram,adaptive,edges,229,1,1,0.0142,190.31,30.31,3.004,14.402,1.137,8.199,1.23
histogram,adaptive,edges,230,1,1,0.0142,190.09,30.09,3.04,14.53,1.139,8.286,1.323
histogram,adaptive,edges,231,1,1,0.0142,190.09,30.09,2.951,14.401,1.126,8.194,1.321
histogram,adaptive,edges,232,1,1,0.0142,190.09,30.09,3.059,14.462,1.191,8.227,1.239
histogram,adaptive,edges,233,1,1,0.0142,190.95,30.95,3.035,14.42,1.126,8.212,1.3
histogram,adaptive,edges,234,1,1,0.0142,190.95,30.95,3.032,14.36,1.143,8.201,1.235
histogram,adaptive,edges,235,1,1,0.0142,190.97,30.97,3.026,14.408,1.189,8.218,1.227
histogram,adaptive,edges,236,1,1,0.0142,190.97,30.97,2.872,14.295,1.151,8.197,1.303
histogram,adaptive,edges,237,1,1,0.0142,190.97,30.97,2.687,12.767,1.054,7.163,1.182
histogram,adaptive,edges,238,1,1,0.0142,190.12,30.12,2.698,12.688,0.987,7.151,1.182
histogram,adaptive,edges,239,1,1,0.0142,190.33,30.33,2.655,12.574,0.989,7.13,1.12
histogram,adaptive,edges,240,1,1,0.0142,190.33,30.33,2.665,12.658,0.99,7.134,1.19
histogram,adaptive,edges,241,1,1,0.0142,190.95,30.95,2.618,12.552,0.986,7.126,1.145
histogram,adaptive,edges,242,1,1,0.0142,190.09,30.09,2.633,12.698,1.035,7.101,1.252
histogram,adaptive,edges,243,1,1,0.0142,190.09,30.09,2.711,12.736,0.991,7.13,1.167
histogram,adaptive,edges,244,1,1,0.0142,190.09,30.09,2.826,12.778,0.986,7.136,1.108
histogram,adaptive,edges,245,1,1,0.0142,190.09,30.09,2.971,14.431,1.134,8.195,1.396
histogram,adaptive,edges,246,1,1,0.0142,190.33,30.33,3.016,14.451,1.14,8.209,1.239
histogram,adaptive,edges,247,1,1,0.0142,190.12,30.12,3.043,14.562,1.209,8.249,1.317
histogram,adaptive,edges,248,1,1,0.0142,190.31,30.31,2.986,14.484,1.144,8.203,1.405
histogram,adaptive,edges,249,1,1,0.0142,190.31,30.31,3.005,14.403,1.14,8.229,1.224
histogram,adaptive,edges,250,1,1,0.0142,190.09,30.09,3.045,14.546,1.144,8.211,1.401
histogram,adaptive,edges,251,1,1,0.0142,190.09,30.09,2.925,14.332,1.131,8.258,1.221
histogram,adaptive,edges,252,1,1,0.0142,191.22,31.22,2.658,12.708,1.031,7.111,1.233
histogram,adaptive,edges,253,1,1,0.0142,190.31,30.31,2.676,12.657,0.989,7.136,1.104
histogram,adaptive,edges,254,1,1,0.0142,190.31,30.31,2.683,12.661,0.986,7.141,1.181
histogram,adaptive,edges,255,1,1,0.0142,190.09,30.09,2.694,12.657,0.988,7.122,1.176
histogram,adaptive,edges,256,1,1,0.0142,190.12,30.12,2.636,12.777,1.001,7.186,1.189
histogram,adaptive,edges,257,1,1,0.0142,190.12,30.12,2.625,12.6,1.033,7.086,1.181
histogram,adaptive,edges,258,1,1,0.0142,190.12,30.12,2.695,12.686,1.055,7.151,1.109
histogram,adaptive,edges,259,1,1,0.0142,190.12,30.12,2.829,12.727,0.986,7.15,1.089
histogram,adaptive,edges,260,1,1,0.0142,190.12,30.12,2.976,14.502,1.138,8.24,1.403
histogram,adaptive,edges,261,1,1,0.0142,190.31,30.31,3.001,14.475,1.141,8.196,1.32
histogram,adaptive,edges,262,1,1,0.0142,191.22,31.22,3.027,14.523,1.147,8.207,1.398
histogram,adaptive,edges,263,1,1,0.0142,191.22,31.22,2.971,14.352,1.14,8.202,1.23
histogram,adaptive,edges,264,1,1,0.0142,191.22,31.22,3.008,14.417,1.197,8.241,1.222
histogram,adaptive,edges,265,1,1,0.0142,190.12,30.12,3.036,14.592,1.135,8.284,1.392
histogram,adaptive,edges,266,1,1,0.0142,190.12,30.12,3.047,14.374,1.137,8.205,1.206
histogram,adaptive,edges,267,1,1,0.0142,190.31,30.31,2.615,12.668,1.029,7.078,1.272
histogram,adaptive,edges,268,1,1,0.0142,190.12,30.12,2.626,12.551,1.054,7.146,1.055
histogram,adaptive,edges,269,1,1,0.0142,190.12,30.12,2.693,12.603,0.99,7.133,1.102
histogram,adaptive,edges,270,1,1,0.0142,190.07,30.07,2.682,12.672,0.993,7.161,1.166
histogram,adaptive,edges,271,1,1,0.0142,190.09,30.09,2.68,12.656,0.986,7.11,1.198
histogram,adaptive,edges,272,1,1,0.0142,190.97,30.97,2.614,12.576,0.992,7.125,1.112
histogram,adaptive,edges,273,1,1,0.0142,190.97,30.97,2.639,12.581,1.046,7.088,1.145
histogram,adaptive,edges,274,1,1,0.0142,190.33,30.33,2.722,12.724,1.057,7.156,1.106
histogram,adaptive,edges,275,1,1,0.0142,190.33,30.33,3.049,14.474,1.142,8.211,1.33
histogram,adaptive,edges,276,1,1,0.0142,190.09,30.09,3.117,14.676,1.193,8.26,1.321
histogram,adaptive,edges,277,1,1,0.0142,190.09,30.09,3.101,14.772,1.205,8.407,1.287
histogram,adaptive,edges,278,1,1,0.0142,190.66,30.66,3.067,14.395,1.136,8.244,1.197
histogram,adaptive,edges,279,1,1,0.0142,190.66,30.66,3.031,14.409,1.183,8.242,1.207
histogram,adaptive,edges,280,1,1,0.0142,190.09,30.09,2.992,14.395,1.143,8.21,1.301
histogram,adaptive,edges,281,1,1,0.0142,190.92,30.92,3.359,14.728,1.126,8.203,1.223
histogram,adaptive,edges,282,1,1,0.0142,190.92,30.92,3.008,14.495,1.186,8.235,1.319
histogram,adaptive,edges,283,1,1,0.0142,190.07,30.07,2.96,14.475,1.14,8.233,1.402
histogram,adaptive,edges,284,1,1,0.0142,190.07,30.07,3.031,14.459,1.15,8.238,1.227
histogram,adaptive,edges,285,1,1,0.0142,190.07,30.07,3.069,14.443,1.132,8.254,1.231
histogram,adaptive,edges,286,1,1,0.0142,190.09,30.09,2.969,14.491,1.146,8.19,1.339
histogram,adaptive,edges,287,1,1,0.0142,190.09,30.09,3.024,14.396,1.195,8.194,1.231
histogram,adaptive,edges,288,1,1,0.0142,190.09,30.09,3.001,14.367,1.132,8.216,1.268
histogram,adaptive,edges,289,1,1,0.015,190.68,30.68,2.709,12.596,0.976,7.143,1.09
histogram,adaptive,edges,290,1,1,0.0142,190.09,30.09,2.691,12.679,0.991,7.127,1.201
histogram,adaptive,edges,291,1,1,0.0142,190.09,30.09,2.718,12.614,0.995,7.131,1.095
histogram,adaptive,edges,292,1,1,0.0142,190.07,30.07,2.624,12.732,0.998,7.138,1.264
histogram,adaptive,edges,293,1,1,0.0142,190.09,30.09,2.624,12.685,1.029,7.095,1.249
histogram,adaptive,edges,294,1,1,0.0142,190.09,30.09,2.708,12.772,0.987,7.16,1.177
histogram,adaptive,edges,295,1,1,0.0142,191.09,31.09,2.683,12.639,0.982,7.119,1.197
histogram,adaptive,edges,296,1,1,0.0142,191.09,31.09,2.674,12.626,0.984,7.146,1.118
histogram,adaptive,edges,297,1,1,0.0142,190.09,30.09,2.682,12.582,0.995,7.119,1.101
histogram,adaptive,edges,298,1,1,0.0142,190.07,30.07,2.627,12.602,1.038,7.115,1.162
histogram,adaptive,edges,299,1,1,0.0142,190.07,30.07,2.634,12.651,1.033,7.082,1.229
histogram,adaptive,edges,300,1,1,0.0142,190.12,30.12,2.71,12.779,0.983,7.168,1.18
histogram,adaptive,edges,301,1,1,0.0142,190.09,30.09,2.693,12.669,0.988,7.122,1.19
histogram,adaptive,edges,302,1,1,0.015,190.74,30.74,2.694,12.608,0.987,7.145,1.117
histogram,adaptive,edges,303,1,1,0.015,190.74,30.74,2.614,12.637,0.993,7.12,1.186
histogram,adaptive,edges,304,1,1,0.0142,190.68,30.68,2.609,12.705,1.044,7.121,1.255
histogram,adaptive,edges,305,1,1,0.0142,190.12,30.12,2.687,12.727,0.986,7.126,1.18
histogram,adaptive,edges,306,1,1,0.0142,190.12,30.12,2.689,12.651,0.99,7.14,1.114
histogram,adaptive,edges,307,1,1,0.0142,190.07,30.07,2.692,12.609,1.026,7.099,1.123
histogram,adaptive,edges,308,1,1,0.0142,190.07,30.07,2.698,12.574,0.994,7.13,1.108
histogram,adaptive,edges,309,1,1,0.0142,190.92,30.92,2.619,12.552,0.983,7.121,1.138
histogram,adaptive,edges,310,1,1,0.0142,190.95,30.95,2.635,12.706,1.033,7.097,1.26
histogram,adaptive,edges,311,1,1,0.0142,190.95,30.95,2.697,12.671,0.985,7.145,1.104
histogram,adaptive,edges,312,1,1,0.0142,190.31,30.31,2.694,12.677,0.99,7.135,1.184
histogram,adaptive,edges,313,1,1,0.0142,190.97,30.97,2.696,12.67,0.986,7.134,1.186
histogram,adaptive,edges,314,1,1,0.0142,190.97,30.97,2.636,12.695,0.999,7.125,1.195
histogram,adaptive,edges,315,1,1,0.0142,190.97,30.97,2.684,12.746,1.031,7.084,1.274
histogram,adaptive,edges,316,1,1,0.0142,190.31,30.31,2.679,12.779,0.984,7.159,1.187
histogram,adaptive,edges,317,1,1,0.0142,190.31,30.31,2.679,12.629,0.984,7.116,1.18
histogram,adaptive,edges,318,1,1,0.0142,190.07,30.07,2.677,12.701,0.996,7.14,1.214
histogram,adaptive,edges,319,1,1,0.0142,190.31,30.31,2.671,12.631,0.992,7.119,1.187
histogram,adaptive,edges,320,1,1,0.0142,190.92,30.92,2.99,13.097,1.047,7.12,1.25
histogram,adaptive,edges,321,1,1,0.0142,190.92,30.92,2.992,14.373,1.141,8.199,1.221
histogram,adaptive,edges,322,1,1,0.0142,190.09,30.09,3.055,14.557,1.133,8.299,1.324
histogram,adaptive,edges,323,1,1,0.0142,190.09,30.09,2.998,14.384,1.143,8.195,1.206
histogram,adaptive,edges,324,1,1,0.0142,190.09,30.09,3.05,14.554,1.193,8.234,1.328
histogram,adaptive,edges,325,1,1,0.0142,190.12,30.12,3.036,14.482,1.13,8.192,1.379
histogram,adaptive,edges,326,1,1,0.0142,190.95,30.95,3.024,14.404,1.143,8.214,1.238
histogram,adaptive,edges,327,1,1,0.0142,190.95,30.95,2.79,14.211,1.188,8.299,1.194
histogram,adaptive,edges,328,1,1,0.0142,190.97,30.97,2.683,12.7,0.993,7.136,1.204
histogram,adaptive,edges,329,1,1,0.0142,190.97,30.97,2.67,12.569,0.988,7.119,1.12
histogram,adaptive,edges,330,1,1,0.015,190.74,30.74,2.621,12.631,0.992,7.166,1.178
histogram,adaptive,edges,331,1,1,0.0142,191.09,31.09,2.634,12.549,1.026,7.078,1.128
histogram,adaptive,edges,332,1,1,0.0142,191.22,31.22,2.678,12.684,0.994,7.152,1.108
histogram,adaptive,edges,333,1,1,0.0142,191.22,31.22,2.661,12.557,0.985,7.133,1.1
histogram,adaptive,edges,334,1,1,0.0142,190.68,30.68,2.713,12.697,1.006,7.122,1.183
histogram,adaptive,edges,335,1,1,0.0142,190.68,30.68,2.962,12.849,0.989,7.118,1.096
histogram,adaptive,edges,336,1,1,0.0142,190.07,30.07,3.042,14.601,1.194,8.247,1.33
histogram,adaptive,edges,337,1,1,0.0142,190.97,30.97,2.951,14.316,1.133,8.189,1.294
histogram,adaptive,edges,338,1,1,0.0142,190.97,30.97,3.042,14.441,1.148,8.206,1.218
histogram,adaptive,edges,339,1,1,0.0142,190.97,30.97,3.059,14.607,1.186,8.306,1.292
histogram,adaptive,edges,340,1,1,0.0142,190.07,30.07,2.964,14.408,1.147,8.217,1.318
histogram,adaptive,edges,341,1,1,0.0142,190.07,30.07,3.022,14.394,1.145,8.197,1.213
histogram,adaptive,edges,342,1,1,0.0142,190.12,30.12,2.877,14.264,1.139,8.241,1.255
histogram,adaptive,edges,343,1,1,0.0142,190.09,30.09,2.698,12.563,0.98,7.127,1.09
histogram,adaptive,edges,344,1,1,0.0142,190.09,30.09,2.694,12.664,0.985,7.11,1.187
histogram,adaptive,edges,345,1,1,0.0142,190.09,30.09,2.693,12.616,0.993,7.14,1.117
histogram,adaptive,edges,346,1,1,0.0142,190.09,30.09,2.63,12.626,0.994,7.128,1.167
histogram,adaptive,edges,347,1,1,0.0142,190.95,30.95,2.634,12.66,1.029,7.091,1.229
histogram,adaptive,edges,348,1,1,0.0142,190.95,30.95,2.727,12.737,0.987,7.186,1.088
histogram,adaptive,edges,349,1,1,0.0142,190.31,30.31,2.665,12.649,0.985,7.143,1.184
histogram,adaptive,edges,350,1,1,0.0142,190.66,30.66,2.7,12.71,1.003,7.133,1.198
histogram,adaptive,edges,351,1,1,0.0142,190.66,30.66,3.075,13.12,0.993,7.112,1.183
histogram,adaptive,edges,352,1,1,0.0142,191.22,31.22,2.698,12.983,1.171,7.29,1.114
histogram,adaptive,edges,353,1,1,0.0142,191.22,31.22,2.701,12.705,0.989,7.16,1.181
histogram,adaptive,edges,354,1,1,0.0142,190.33,30.33,2.69,12.678,0.991,7.17,1.163
histogram,adaptive,edges,355,1,1,0.0142,190.09,30.09,2.677,12.552,0.984,7.122,1.092
histogram,adaptive,edges,356,1,1,0.0142,190.09,30.09,2.624,12.783,1.001,7.145,1.303
histogram,adaptive,edges,357,1,1,0.0142,191.22,31.22,2.613,12.547,1.036,7.079,1.134
histogram,adaptive,edges,358,1,1,0.0142,190.12,30.12,2.701,12.719,1.001,7.173,1.107
histogram,adaptive,edges,359,1,1,0.0142,190.12,30.12,2.678,12.876,0.992,7.331,1.198
histogram,adaptive,edges,360,1,1,0.0142,190.12,30.12,2.721,12.728,0.995,7.134,1.2
histogram,adaptive,edges,361,1,1,0.0142,190.09,30.09,2.634,12.582,0.985,7.132,1.142
histogram,adaptive,edges,362,1,1,0.0142,190.66,30.66,2.673,12.743,1.029,7.099,1.266
histogram,adaptive,edges,363,1,1,0.0142,190.66,30.66,2.708,12.767,0.983,7.157,1.178
histogram,fixed,binary,0,1,1,0.0942,189.94,29.94,3.924,7.11,1.083,0.128,1.291
histogram,fixed,binary,1,1,1,0.0933,189.92,29.92,3.812,6.403,0.76,0.136,0.833
histogram,fixed,binary,2,1,1,0.0933,189.92,29.92,3.736,7.016,0.743,0.194,1.509
histogram,fixed,binary,3,1,1,0.0942,189.94,29.94,3.877,6.341,0.745,0.128,0.842
histogram,fixed,binary,4,1,1,0.0933,189.94,29.94,8.134,12.857,0.718,0.153,2.968
histogram,fixed,binary,5,1,1,0.0933,189.94,29.94,8.252,11.627,0.991,0.155,0.852
histogram,fixed,binary,6,1,1,0.0933,189.92,29.92,3.095,5.38,0.665,0.101,0.832
histogram,fixed,binary,7,1,1,0.0942,189.91,29.91,3.385,5.809,0.713,0.114,0.899
histogram,fixed,binary,8,1,1,0.0942,189.91,29.91,3.753,6.126,0.675,0.114,0.845
histogram,fixed,binary,9,1,1,0.0942,189.91,29.91,3.654,6.942,0.783,0.15,1.482
histogram,fixed,binary,10,1,1,0.0933,189.89,29.89,3.196,5.594,0.73,0.099,0.825
histogram,fixed,binary,11,1,1,0.0933,189.94,29.94,2.951,5.559,0.696,0.11,1.074
histogram,fixed,binary,12,1,1,0.0933,189.94,29.94,2.919,5.13,0.613,0.093,0.828
histogram,fixed,binary,13,1,1,0.0933,189.91,29.91,2.901,5.385,0.654,0.105,0.977
histogram,fixed,binary,14,1,1,0.0933,189.91,29.91,2.941,5.501,0.809,0.1,0.956
histogram,fixed,binary,15,1,1,0.0933,189.92,29.92,2.918,5.209,0.674,0.098,0.834
histogram,fixed,binary,16,1,1,0.0942,189.94,29.94,2.867,5.374,0.669,0.099,1.043
histogram,fixed,binary,17,1,1,0.0933,189.94,29.94,2.937,5.222,0.676,0.098,0.831
histogram,fixed,binary,18,1,1,0.0942,189.94,29.94,2.962,5.261,0.672,0.097,0.839
histogram,fixed,binary,19,1,1,0.0933,189.95,29.95,2.853,5.848,0.994,0.11,1.19
histogram,fixed,binary,20,1,1,0.0933,189.95,29.95,3.327,6.564,1.142,0.106,1.221
histogram,fixed,binary,21,1,1,0.0942,189.94,29.94,3.278,6.532,1.2,0.12,1.124
histogram,fixed,binary,22,1,1,0.0942,189.9,29.9,3.218,6.53,1.145,0.112,1.285
histogram,fixed,binary,23,1,1,0.0942,189.9,29.9,3.312,6.49,1.149,0.108,1.079
histogram,fixed,binary,24,1,1,0.0942,189.9,29.9,3.337,6.677,1.21,0.124,1.238
histogram,fixed,binary,25,1,1,0.0933,189.94,29.94,3.192,6.416,1.142,0.114,1.191
histogram,fixed,binary,26,1,1,0.0933,189.94,29.94,3.306,6.645,1.154,0.11,1.213
histogram,fixed,binary,27,1,1,0.0933,189.94,29.94,3.343,6.645,1.197,0.12,1.218
histogram,fixed,binary,28,1,1,0.0933,189.92,29.92,3.217,6.491,1.166,0.123,1.21
histogram,fixed,binary,29,1,1,0.0933,189.92,29.92,3.325,6.635,1.153,0.109,1.217
histogram,fixed,binary,30,1,1,0.0933,189.94,29.94,3.316,6.52,1.202,0.117,1.095
histogram,fixed,binary,31,1,1,0.0933,189.94,29.94,3.208,6.565,1.151,0.111,1.231
histogram,fixed,binary,32,1,1,0.0933,189.94,29.94,3.294,6.498,1.149,0.115,1.112
histogram,fixed,binary,33,1,1,0.0933,189.92,29.92,3.677,6.897,1.146,0.112,1.193
histogram,fixed,binary,34,1,1,0.0933,189.94,29.94,3.203,6.633,1.15,0.115,1.211
histogram,fixed,binary,35,1,1,0.0942,189.94,29.94,3.369,6.872,1.175,0.115,1.381
histogram,fixed,binary,36,1,1,0.0942,189.94,29.94,3.477,6.862,1.196,0.145,1.277
histogram,fixed,binary,37,1,1,0.0942,189.9,29.9,3.211,6.535,1.201,0.111,1.249
histogram,fixed,binary,38,1,1,0.0942,189.9,29.9,3.245,6.655,1.191,0.102,1.369
histogram,fixed,binary,39,1,1,0.0942,189.92,29.92,3.23,6.62,1.185,0.108,1.358
histogram,fixed,binary,40,1,1,0.0933,189.92,29.92,3.218,6.664,1.142,0.102,1.452
histogram,fixed,binary,41,1,1,0.0933,189.92,29.92,3.267,6.646,1.127,0.103,1.372
histogram,fixed,binary,42,1,1,0.0933,189.92,29.92,3.252,6.5,1.188,0.105,1.199
histogram,fixed,binary,43,1,1,0.0933,189.94,29.94,3.204,6.364,1.128,0.101,1.182
histogram,fixed,binary,44,1,1,0.0933,189.94,29.94,9.693,12.746,1.124,0.099,1.073
histogram,fixed,binary,45,1,1,0.0933,189.94,29.94,3.538,7.12,1.132,0.101,1.581
histogram,fixed,binary,46,1,1,0.0933,189.89,29.89,3.594,7.078,1.148,0.143,1.418
histogram,fixed,binary,47,1,1,0.0933,189.89,29.89,3.453,6.963,1.216,0.159,1.327
histogram,fixed,binary,48,1,1,0.0933,189.92,29.92,3.582,7.111,1.224,0.168,1.355
histogram,fixed,binary,49,1,1,0.0933,189.92,29.92,3.523,7.016,1.175,0.163,1.375
histogram,fixed,binary,50,1,1,0.0933,189.92,29.92,3.577,7.029,1.193,0.131,1.26
histogram,fixed,binary,51,1,1,0.0933,189.92,29.92,3.641,7.15,1.151,0.135,1.352
histogram,fixed,binary,52,1,1,0.0933,189.94,29.94,3.507,6.918,1.219,0.167,1.22
histogram,fixed,binary,53,1,1,0.0933,189.92,29.92,3.881,7.169,1.26,0.122,1.13
histogram,fixed,binary,54,1,1,0.0933,189.92,29.92,3.235,6.562,1.128,0.099,1.254
histogram,fixed,binary,55,1,1,0.0933,189.92,29.92,4.338,8.272,1.252,0.115,1.177
histogram,fixed,binary,56,1,1,0.0933,189.92,29.92,3.174,6.686,1.128,0.099,1.432
histogram,fixed,binary,57,1,1,0.0933,189.92,29.92,3.201,6.412,1.175,0.105,1.187
histogram,fixed,binary,58,1,1,0.0933,189.89,29.89,3.115,6.243,1.132,0.097,1.154
histogram,fixed,binary,59,1,1,0.0933,189.89,29.89,3.187,6.571,1.145,0.134,1.279
histogram,fixed,binary,60,1,1,0.0933,189.89,29.89,3.264,6.482,1.134,0.155,1.176
histogram,fixed,binary,61,1,1,0.0933,189.92,29.92,3.149,6.458,1.136,0.1,1.18
histogram,fixed,binary,62,1,1,0.0933,189.92,29.92,3.201,6.427,1.197,0.103,1.172
histogram,fixed,binary,63,1,1,0.0933,189.94,29.94,3.294,6.591,1.14,0.1,1.309
histogram,fixed,binary,64,1,1,0.0933,189.94,29.94,3.226,6.263,1.13,0.098,1.07
histogram,fixed,binary,65,1,1,0.0933,189.94,29.94,3.217,6.417,1.185,0.105,1.17
histogram,fixed,binary,66,1,1,0.0933,189.89,29.89,3.209,7.255,1.127,0.099,2.055
histogram,fixed,binary,67,1,1,0.0933,189.94,29.94,3.192,6.207,1.124,0.102,1.046
histogram,fixed,binary,68,1,1,0.0933,189.9,29.9,3.214,6.319,1.182,0.101,1.08
histogram,fixed,binary,69,1,1,0.0933,189.9,29.9,3.143,6.369,1.135,0.098,1.251
histogram,fixed,binary,70,1,1,0.0933,189.94,29.94,3.193,6.301,1.125,0.097,1.076
histogram,fixed,binary,71,1,1,0.0933,189.94,29.94,3.243,6.552,1.134,0.099,1.297
histogram,fixed,binary,72,1,1,0.0933,189.89,29.89,3.244,6.297,1.145,0.099,1.07
histogram,fixed,binary,73,1,1,0.0933,189.94,29.94,3.198,6.286,1.172,0.11,1.058
histogram,fixed,binary,74,1,1,0.0933,189.89,29.89,3.139,6.257,1.135,0.099,1.14
histogram,fixed,binary,75,1,1,0.0933,189.89,29.89,3.208,6.313,1.136,0.101,1.067
histogram,fixed,binary,76,1,1,0.0933,189.92,29.92,3.255,6.552,1.134,0.1,1.313
histogram,fixed,binary,77,1,1,0.0933,189.92,29.92,3.212,6.257,1.14,0.101,1.066
histogram,fixed,binary,78,1,1,0.0933,189.92,29.92,3.251,6.438,1.174,0.104,1.164
histogram,fixed,binary,79,1,1,0.0933,189.94,29.94,3.129,6.361,1.14,0.1,1.248
histogram,fixed,binary,80,1,1,0.0933,189.94,29.94,3.234,6.268,1.13,0.096,1.069
histogram,fixed,binary,81,1,1,0.0933,189.9,29.9,3.237,6.356,1.169,0.107,1.057
histogram,fixed,binary,82,1,1,0.0933,189.94,29.94,3.141,6.371,1.147,0.096,1.167
histogram,fixed,binary,83,1,1,0.0933,189.94,29.94,3.206,6.295,1.187,0.103,1.06
histogram,fixed,binary,84,1,1,0.0933,189.91,29.91,3.15,6.287,1.138,0.102,1.161
histogram,fixed,binary,85,1,1,0.0933,189.94,29.94,3.199,6.351,1.123,0.1,1.188
histogram,fixed,binary,86,1,1,0.0933,189.89,29.89,3.216,6.323,1.182,0.108,1.068
histogram,fixed,binary,87,1,1,0.0933,189.89,29.89,3.202,6.257,1.132,0.1,1.076
histogram,fixed,binary,88,1,1,0.0933,189.94,29.94,3.215,6.317,1.183,0.102,1.071
histogram,fixed,binary,89,1,1,0.0933,189.94,29.94,3.143,6.294,1.137,0.1,1.164
histogram,fixed,binary,90,1,1,0.0933,189.91,29.91,3.225,6.448,1.122,0.099,1.178
histogram,fixed,binary,91,1,1,0.0933,189.91,29.91,3.252,6.382,1.186,0.109,1.056
histogram,fixed,binary,92,1,1,0.0933,189.95,29.95,3.246,6.292,1.131,0.102,1.066
histogram,fixed,binary,93,1,1,0.0933,189.95,29.95,3.193,6.298,1.18,0.103,1.075
histogram,fixed,binary,94,1,1,0.0933,189.94,29.94,3.131,6.342,1.13,0.099,1.242
histogram,fixed,binary,95,1,1,0.0933,189.94,29.94,3.203,6.244,1.128,0.1,1.072
histogram,fixed,binary,96,1,1,0.0933,189.95,29.95,3.205,6.41,1.189,0.106,1.169
histogram,fixed,binary,97,1,1,0.0933,189.92,29.92,3.216,6.261,1.131,0.099,1.069
histogram,fixed,binary,98,1,1,0.0933,189.91,29.91,3.208,6.423,1.187,0.103,1.171
histogram,fixed,binary,99,1,1,0.0933,189.91,29.91,3.197,6.428,1.13,0.103,1.257
histogram,fixed,binary,100,1,1,0.0933,189.9,29.9,3.194,6.235,1.135,0.098,1.061
histogram,fixed,binary,101,1,1,0.0933,189.9,29.9,3.225,6.354,1.19,0.104,1.062
histogram,fixed,binary,102,1,1,0.0933,189.94,29.94,3.287,6.36,1.142,0.101,1.082
histogram,fixed,binary,103,1,1,0.0933,189.91,29.91,3.205,6.34,1.192,0.106,1.093
histogram,fixed,binary,104,1,1,0.0933,189.92,29.92,3.2,6.342,1.131,0.098,1.173
histogram,fixed,binary,105,1,1,0.0933,189.92,29.92,3.189,6.243,1.131,0.101,1.073
histogram,fixed,binary,106,1,1,0.0933,189.9,29.9,3.224,6.349,1.193,0.103,1.073
histogram,fixed,binary,107,1,1,0.0933,189.9,29.9,3.22,6.293,1.141,0.098,1.086
histogram,fixed,binary,108,1,1,0.0933,189.94,29.94,3.302,6.512,1.18,0.103,1.182
histogram,fixed,binary,109,1,1,0.0933,189.91,29.91,3.206,6.421,1.131,0.098,1.25
histogram,fixed,binary,110,1,1,0.0933,189.91,29.91,3.346,6.524,1.126,0.097,1.207
histogram,fixed,binary,111,1,1,0.0933,189.91,29.91,2.856,5.968,1.186,0.106,1.05
histogram,fixed,binary,112,1,1,0.0933,189.89,29.89,2.857,5.572,0.984,0.098,0.959
histogram,fixed,binary,113,1,1,0.0925,189.59,29.59,2.866,5.63,0.992,0.142,0.957
histogram,fixed,binary,114,1,1,0.0925,189.59,29.59,2.832,5.606,0.981,0.088,1.032
histogram,fixed,binary,115,1,1,0.0933,189.91,29.91,2.771,5.617,0.989,0.097,1.107
histogram,fixed,binary,116,1,1,0.0933,189.91,29.91,2.844,5.711,0.99,0.092,1.039
histogram,fixed,binary,117,1,1,0.0933,189.95,29.95,2.772,5.55,0.987,0.093,0.954
histogram,fixed,binary,118,1,1,0.0933,189.94,29.94,2.88,5.711,1.028,0.097,1.037
histogram,fixed,binary,119,1,1,0.0933,189.94,29.94,2.836,5.539,0.992,0.094,0.933
histogram,fixed,binary,120,1,1,0.0933,189.95,29.95,2.78,5.55,0.996,0.093,1.007
histogram,fixed,binary,121,1,1,0.0933,189.92,29.92,2.842,5.719,0.987,0.092,1.035
histogram,fixed,binary,122,1,1,0.0933,189.92,29.92,2.764,5.551,0.986,0.092,1.026
histogram,fixed,binary,123,1,1,0.0933,189.92,29.92,2.848,5.602,1.034,0.101,0.941
histogram,fixed,binary,124,1,1,0.0933,189.94,29.94,2.892,5.684,0.981,0.094,1.047
histogram,fixed,binary,125,1,1,0.0933,189.94,29.94,2.854,5.588,1.029,0.095,0.935
histogram,fixed,binary,126,1,1,0.0933,189.87,29.87,2.854,5.663,0.984,0.095,1.054
histogram,fixed,binary,127,1,1,0.0933,189.91,29.91,2.767,5.732,0.99,0.094,1.205
histogram,fixed,binary,128,1,1,0.0933,189.91,29.91,2.993,5.815,0.98,0.095,1.035
histogram,fixed,binary,129,1,1,0.0933,189.91,29.91,3.526,7.169,1.309,0.224,1.336
histogram,fixed,binary,130,1,1,0.0933,189.93,29.93,3.257,6.917,1.246,0.116,1.488
histogram,fixed,binary,131,1,1,0.0933,189.89,29.89,3.282,6.478,1.142,0.113,1.129
histogram,fixed,binary,132,1,1,0.0933,189.89,29.89,3.32,6.565,1.24,0.126,1.105
histogram,fixed,binary,133,1,1,0.0933,189.89,29.89,3.198,6.53,1.145,0.116,1.286
histogram,fixed,binary,134,1,1,0.0933,189.89,29.89,3.317,6.635,1.15,0.112,1.226
histogram,fixed,binary,135,1,1,0.0933,189.92,29.92,3.316,6.626,1.205,0.126,1.209
histogram,fixed,binary,136,1,1,0.0933,189.94,29.94,3.198,6.454,1.153,0.107,1.187
histogram,fixed,binary,137,1,1,0.0933,189.91,29.91,3.271,6.491,1.147,0.111,1.127
histogram,fixed,binary,138,1,1,0.0933,189.91,29.91,3.334,6.672,1.16,0.183,1.223
histogram,fixed,binary,139,1,1,0.0925,189.56,29.56,3.217,6.439,1.141,0.112,1.11
histogram,fixed,binary,140,1,1,0.0933,189.92,29.92,3.345,6.669,1.145,0.118,1.21
histogram,fixed,binary,141,1,1,0.0933,189.92,29.92,3.31,6.542,1.143,0.173,1.103
histogram,fixed,binary,142,1,1,0.0933,189.87,29.87,3.841,7.043,1.15,0.107,1.099
histogram,fixed,binary,143,1,1,0.0933,189.87,29.87,3.711,7.206,1.227,0.213,1.171
histogram,fixed,binary,144,1,1,0.0933,189.95,29.95,3.317,6.641,1.219,0.117,1.219
histogram,fixed,binary,145,1,1,0.0933,189.92,29.92,3.317,6.627,1.143,0.116,1.279
histogram,fixed,binary,146,1,1,0.0933,189.91,29.91,3.841,7.005,1.161,0.109,1.104
histogram,fixed,binary,147,1,1,0.0933,189.91,29.91,3.287,6.594,1.155,0.115,1.218
histogram,fixed,binary,148,1,1,0.0933,189.91,29.91,3.296,6.618,1.205,0.117,1.223
histogram,fixed,binary,149,1,1,0.0933,189.91,29.91,3.205,6.413,1.149,0.11,1.169
histogram,fixed,binary,150,1,1,0.0933,189.91,29.91,3.316,6.509,1.148,0.106,1.097
histogram,fixed,binary,151,1,1,0.0933,189.95,29.95,3.587,6.808,1.155,0.164,1.111
histogram,fixed,binary,152,1,1,0.0933,189.89,29.89,3.124,6.246,1.136,0.098,1.076
histogram,fixed,binary,153,1,1,0.0933,189.89,29.89,3.221,6.34,1.201,0.105,1.067
histogram,fixed,binary,154,1,1,0.0933,189.89,29.89,3.194,6.363,1.132,0.101,1.18
histogram,fixed,binary,155,1,1,0.0933,189.91,29.91,3.214,6.268,1.13,0.102,1.081
histogram,fixed,binary,156,1,1,0.0933,189.91,29.91,3.257,6.508,1.195,0.135,1.186
histogram,fixed,binary,157,1,1,0.0933,189.93,29.93,3.139,6.255,1.135,0.103,1.068
histogram,fixed,binary,158,1,1,0.0933,189.92,29.92,3.194,6.315,1.192,0.098,1.074
histogram,fixed,binary,159,1,1,0.0933,189.92,29.92,2.814,6.098,1.133,0.103,1.316
histogram,fixed,binary,160,1,1,0.0933,189.95,29.95,2.852,5.644,0.975,0.092,1.049
histogram,fixed,binary,161,1,1,0.0933,189.91,29.91,2.81,6.423,0.991,0.096,1.808
histogram,fixed,binary,162,1,1,0.0933,189.91,29.91,2.839,5.536,0.983,0.089,0.941
histogram,fixed,binary,163,1,1,0.0925,189.56,29.56,2.796,5.561,0.981,0.096,1.018
histogram,fixed,binary,164,1,1,0.0925,189.56,29.56,2.857,5.697,1.036,0.094,1.038
histogram,fixed,binary,165,1,1,0.0925,189.56,29.56,2.834,5.531,0.986,0.095,0.942
histogram,fixed,binary,166,1,1,0.0933,189.96,29.96,2.851,5.628,1.035,0.097,0.959
histogram,fixed,binary,167,1,1,0.0933,189.96,29.96,2.872,5.57,0.989,0.093,0.942
histogram,fixed,binary,168,1,1,0.0933,189.96,29.96,2.783,5.563,0.99,0.092,1.024
histogram,fixed,binary,169,1,1,0.0933,189.92,29.92,2.832,5.695,0.988,0.09,1.05
histogram,fixed,binary,170,1,1,0.0933,189.92,29.92,2.778,5.643,0.983,0.094,1.106
histogram,fixed,binary,171,1,1,0.0933,189.89,29.89,2.843,5.749,1.052,0.101,1.039
histogram,fixed,binary,172,1,1,0.0925,189.54,29.54,2.903,5.624,0.993,0.09,0.954
histogram,fixed,binary,173,1,1,0.0925,189.54,29.54,2.837,5.708,1.033,0.1,1.057
histogram,fixed,binary,174,1,1,0.0925,189.6,29.6,2.815,5.634,0.989,0.091,1.059
histogram,fixed,binary,175,1,1,0.0925,189.56,29.56,2.784,5.573,0.988,0.095,1.036
histogram,fixed,binary,176,1,1,0.0925,189.56,29.56,2.831,5.63,0.991,0.09,0.969
histogram,fixed,binary,177,1,1,0.0925,189.56,29.56,3.121,6.047,0.99,0.106,1.139
histogram,fixed,binary,178,1,1,0.0933,189.92,29.92,3.229,6.454,1.136,0.098,1.176
histogram,fixed,binary,179,1,1,0.0933,189.92,29.92,3.208,6.324,1.14,0.102,1.119
histogram,fixed,binary,180,1,1,0.0933,189.92,29.92,3.212,6.377,1.146,0.097,1.178
histogram,fixed,binary,181,1,1,0.0933,189.9,29.9,3.2,6.337,1.188,0.102,1.07
histogram,fixed,binary,182,1,1,0.0933,189.95,29.95,3.14,6.353,1.132,0.102,1.227
histogram,fixed,binary,183,1,1,0.0933,189.87,29.87,3.221,6.4,1.147,0.107,1.079
histogram,fixed,binary,184,1,1,0.0933,189.9,29.9,3.21,6.427,1.131,0.098,1.244
histogram,fixed,binary,185,1,1,0.0933,189.9,29.9,3.209,6.254,1.137,0.097,1.068
histogram,fixed,binary,186,1,1,0.0933,189.9,29.9,3.2,6.409,1.171,0.102,1.185
histogram,fixed,binary,187,1,1,0.0933,189.89,29.89,3.141,6.373,1.141,0.099,1.255
histogram,fixed,binary,188,1,1,0.0933,189.89,29.89,3.242,6.348,1.134,0.097,1.061
histogram,fixed,binary,189,1,1,0.0933,189.94,29.94,3.214,6.428,1.176,0.108,1.182
histogram,fixed,binary,190,1,1,0.0933,189.93,29.93,3.131,6.46,1.144,0.097,1.266
histogram,fixed,binary,191,1,1,0.0933,189.93,29.93,3.197,6.383,1.224,0.104,1.071
histogram,fixed,binary,192,1,1,0.0925,189.56,29.56,3.298,6.619,1.132,0.102,1.336
histogram,fixed,binary,193,1,1,0.0933,189.91,29.91,3.192,6.335,1.12,0.098,1.181
histogram,fixed,binary,194,1,1,0.0925,189.54,29.54,3.229,6.454,1.184,0.102,1.193
histogram,fixed,binary,195,1,1,0.0933,189.89,29.89,3.123,6.264,1.138,0.1,1.155
histogram,fixed,binary,196,1,1,0.0933,189.91,29.91,3.2,6.411,1.123,0.098,1.177
histogram,fixed,binary,197,1,1,0.0933,189.91,29.91,3.224,6.422,1.133,0.1,1.221
histogram,fixed,binary,198,1,1,0.0933,189.92,29.92,3.215,6.259,1.137,0.1,1.06
histogram,fixed,binary,199,1,1,0.0933,189.91,29.91,3.211,6.331,1.182,0.108,1.089
histogram,fixed,binary,200,1,1,0.0933,189.91,29.91,3.139,6.393,1.139,0.098,1.274
histogram,fixed,binary,201,1,1,0.0933,189.91,29.91,3.201,6.459,1.138,0.1,1.179
histogram,fixed,binary,202,1,1,0.0933,189.91,29.91,3.217,6.331,1.187,0.104,1.075
histogram,fixed,binary,203,1,1,0.0933,189.91,29.91,3.195,6.335,1.138,0.098,1.16
histogram,fixed,binary,204,1,1,0.0933,189.92,29.92,3.256,6.377,1.189,0.103,1.072
histogram,fixed,binary,205,1,1,0.0933,189.9,29.9,3.258,6.979,1.128,0.102,1.746
histogram,fixed,binary,206,1,1,0.0933,189.9,29.9,3.216,6.363,1.138,0.099,1.164
histogram,fixed,binary,207,1,1,0.0933,189.92,29.92,3.216,6.326,1.178,0.105,1.077
histogram,fixed,binary,208,1,1,0.0933,189.95,29.95,3.157,6.366,1.128,0.1,1.244
histogram,fixed,binary,209,1,1,0.0933,189.95,29.95,3.213,6.419,1.126,0.103,1.169
histogram,fixed,binary,210,1,1,0.0933,189.95,29.95,3.227,6.342,1.196,0.107,1.069
histogram,fixed,binary,211,1,1,0.0933,189.91,29.91,3.137,6.398,1.134,0.098,1.171
histogram,fixed,binary,212,1,1,0.0933,189.89,29.89,3.244,6.35,1.176,0.103,1.074
histogram,fixed,binary,213,1,1,0.0933,189.89,29.89,3.196,6.48,1.138,0.102,1.289
histogram,fixed,binary,214,1,1,0.0925,189.54,29.54,3.213,6.261,1.138,0.098,1.066
histogram,fixed,binary,215,1,1,0.0925,189.54,29.54,3.205,6.419,1.181,0.108,1.181
histogram,fixed,binary,216,1,1,0.0933,189.91,29.91,3.117,6.235,1.133,0.098,1.086
histogram,fixed,binary,217,1,1,0.0933,189.92,29.92,3.204,6.44,1.19,0.102,1.206
histogram,fixed,binary,218,1,1,0.0933,189.87,29.87,3.223,6.526,1.136,0.099,1.327
histogram,fixed,binary,219,1,1,0.0933,189.96,29.96,3.203,6.244,1.135,0.099,1.063
histogram,fixed,binary,220,1,1,0.0933,189.92,29.92,3.249,6.354,1.186,0.101,1.059
histogram,fixed,binary,221,1,1,0.0933,189.92,29.92,3.126,6.372,1.126,0.105,1.232
histogram,fixed,binary,222,1,1,0.0925,189.6,29.6,3.184,6.314,1.136,0.102,1.082
histogram,fixed,binary,223,1,1,0.0933,189.94,29.94,3.212,6.457,1.142,0.103,1.252
histogram,fixed,binary,224,1,1,0.0933,189.93,29.93,3.221,6.383,1.124,0.099,1.199
histogram,fixed,binary,225,1,1,0.0933,189.93,29.93,3.198,6.295,1.184,0.102,1.062
histogram,fixed,binary,226,1,1,0.0933,189.89,29.89,3.176,7.319,1.128,0.1,2.166
histogram,fixed,binary,227,1,1,0.0933,189.89,29.89,3.184,6.373,1.138,0.099,1.198
histogram,fixed,binary,228,1,1,0.0933,189.89,29.89,3.221,6.426,1.185,0.105,1.178
histogram,fixed,binary,229,1,1,0.0925,189.56,29.56,3.185,6.426,1.139,0.102,1.255
histogram,fixed,binary,230,1,1,0.0933,189.89,29.89,3.209,6.355,1.127,0.101,1.174
histogram,fixed,binary,231,1,1,0.0933,189.89,29.89,3.213,6.441,1.177,0.106,1.17
histogram,fixed,binary,232,1,1,0.0933,189.89,29.89,3.133,6.345,1.128,0.097,1.185
histogram,fixed,binary,233,1,1,0.0933,189.92,29.92,3.221,6.318,1.188,0.1,1.063
histogram,fixed,binary,234,1,1,0.0933,189.92,29.92,3.216,6.44,1.135,0.098,1.237
histogram,fixed,binary,235,1,1,0.0933,189.9,29.9,3.216,6.255,1.133,0.1,1.07
histogram,fixed,binary,236,1,1,0.0933,189.9,29.9,3.29,6.38,1.177,0.102,1.072
histogram,fixed,binary,237,1,1,0.0933,189.87,29.87,3.134,6.339,1.125,0.099,1.24
histogram,fixed,binary,238,1,1,0.0933,189.91,29.91,3.208,6.416,1.133,0.097,1.172
histogram,fixed,binary,239,1,1,0.0933,189.92,29.92,3.224,6.531,1.133,0.098,1.334
histogram,fixed,binary,240,1,1,0.0933,189.92,29.92,3.232,6.391,1.135,0.097,1.187
histogram,fixed,binary,241,1,1,0.0933,189.89,29.89,3.214,6.456,1.168,0.103,1.192
histogram,fixed,binary,242,1,1,0.0925,189.57,29.57,3.145,6.366,1.14,0.097,1.241
histogram,fixed,binary,243,1,1,0.0925,189.57,29.57,3.196,6.227,1.13,0.101,1.052
histogram,fixed,binary,244,1,1,0.0933,189.91,29.91,3.232,6.333,1.185,0.104,1.069
histogram,fixed,binary,245,1,1,0.0933,189.91,29.91,3.2,6.347,1.136,0.102,1.163
histogram,fixed,binary,246,1,1,0.0933,189.91,29.91,3.211,6.317,1.181,0.1,1.075
histogram,fixed,binary,247,1,1,0.0933,189.9,29.9,3.122,6.349,1.125,0.102,1.262
histogram,fixed,binary,248,1,1,0.0933,189.9,29.9,3.203,6.315,1.122,0.099,1.068
histogram,fixed,binary,249,1,1,0.0933,189.9,29.9,3.213,6.442,1.179,0.107,1.191
histogram,fixed,binary,250,1,1,0.0933,189.89,29.89,3.138,6.366,1.138,0.099,1.177
histogram,fixed,binary,251,1,1,0.0933,189.89,29.89,3.197,6.329,1.183,0.105,1.075
histogram,fixed,binary,252,1,1,0.0933,189.92,29.92,3.289,6.518,1.134,0.099,1.255
histogram,fixed,binary,253,1,1,0.0933,189.9,29.9,3.204,6.242,1.128,0.099,1.061
histogram,fixed,binary,254,1,1,0.0933,189.9,29.9,3.246,6.464,1.186,0.1,1.188
histogram,fixed,binary,255,1,1,0.0933,189.94,29.94,3.134,6.253,1.138,0.099,1.069
histogram,fixed,binary,256,1,1,0.0933,189.9,29.9,3.215,6.337,1.211,0.099,1.07
histogram,fixed,binary,257,1,1,0.0933,189.9,29.9,3.198,6.412,1.127,0.103,1.237
histogram,fixed,binary,258,1,1,0.0933,189.9,29.9,3.215,6.265,1.13,0.099,1.08
histogram,fixed,binary,259,1,1,0.0925,189.59,29.59,3.224,6.436,1.184,0.105,1.185
histogram,fixed,binary,260,1,1,0.0925,189.59,29.59,3.132,6.343,1.14,0.098,1.228
histogram,fixed,binary,261,1,1,0.0925,189.58,29.58,3.198,6.362,1.142,0.102,1.063
histogram,fixed,binary,262,1,1,0.0933,189.9,29.9,3.189,6.314,1.143,0.098,1.145
histogram,fixed,binary,263,1,1,0.0933,189.9,29.9,3.209,6.249,1.13,0.099,1.068
histogram,fixed,binary,264,1,1,0.0933,189.9,29.9,3.218,6.437,1.182,0.105,1.185
histogram,fixed,binary,265,1,1,0.0933,189.9,29.9,3.124,6.225,1.14,0.098,1.051
histogram,fixed,binary,266,1,1,0.0933,189.9,29.9,3.24,6.354,1.194,0.1,1.076
histogram,fixed,binary,267,1,1,0.0933,189.89,29.89,3.229,6.369,1.132,0.102,1.154
histogram,fixed,binary,268,1,1,0.0925,189.55,29.55,3.212,6.258,1.122,0.099,1.083
histogram,fixed,binary,269,1,1,0.0925,189.55,29.55,3.236,6.349,1.179,0.104,1.087
histogram,fixed,binary,270,1,1,0.0933,189.87,29.87,3.109,6.23,1.139,0.097,1.075
histogram,fixed,binary,271,1,1,0.0933,189.9,29.9,3.211,6.354,1.193,0.105,1.066
histogram,fixed,binary,272,1,1,0.0933,189.89,29.89,3.218,6.471,1.143,0.097,1.27
histogram,fixed,binary,273,1,1,0.0933,189.89,29.89,3.221,6.361,1.13,0.098,1.175
histogram,fixed,binary,274,1,1,0.0933,189.93,29.93,3.218,6.438,1.183,0.1,1.189
histogram,fixed,binary,275,1,1,0.0933,189.93,29.93,3.117,6.345,1.141,0.1,1.236
histogram,fixed,binary,276,1,1,0.0933,189.92,29.92,3.212,6.315,1.125,0.099,1.069
histogram,fixed,binary,277,1,1,0.0925,189.54,29.54,3.222,6.417,1.129,0.102,1.227
histogram,fixed,binary,278,1,1,0.0933,189.93,29.93,3.204,6.241,1.125,0.098,1.065
histogram,fixed,binary,279,1,1,0.0933,189.93,29.93,3.227,6.335,1.179,0.105,1.072
histogram,fixed,binary,280,1,1,0.0933,189.89,29.89,3.114,6.329,1.129,0.098,1.241
histogram,fixed,binary,281,1,1,0.0933,189.92,29.92,3.248,6.394,1.141,0.104,1.061
histogram,fixed,binary,282,1,1,0.0933,189.92,29.92,3.222,6.341,1.134,0.103,1.135
histogram,fixed,binary,283,1,1,0.0925,189.56,29.56,3.21,6.355,1.134,0.098,1.177
histogram,fixed,binary,284,1,1,0.0925,189.56,29.56,3.298,6.515,1.181,0.102,1.185
histogram,fixed,binary,285,1,1,0.0933,189.89,29.89,3.363,7.157,1.2,0.179,1.594
histogram,fixed,binary,286,1,1,0.0933,189.93,29.93,3.278,6.554,1.16,0.109,1.101
histogram,fixed,binary,287,1,1,0.0933,189.93,29.93,3.32,6.557,1.242,0.123,1.1
histogram,fixed,binary,288,1,1,0.0933,189.91,29.91,3.335,6.54,1.149,0.107,1.186
histogram,fixed,binary,289,1,1,0.0933,189.9,29.9,3.305,6.439,1.14,0.11,1.122
histogram,fixed,binary,290,1,1,0.0925,189.56,29.56,3.284,6.485,1.192,0.119,1.105
histogram,fixed,binary,291,1,1,0.0925,189.56,29.56,3.294,7.206,1.143,0.113,1.834
histogram,fixed,binary,292,1,1,0.0933,189.91,29.91,3.213,6.595,1.148,0.112,1.222
histogram,fixed,binary,293,1,1,0.0925,189.58,29.58,3.268,6.615,1.176,0.11,1.23
histogram,fixed,binary,294,1,1,0.0925,189.58,29.58,3.391,6.653,1.146,0.18,1.162
histogram,fixed,binary,295,1,1,0.0933,189.93,29.93,3.255,6.474,1.151,0.112,1.11
histogram,fixed,binary,296,1,1,0.0933,189.93,29.93,3.327,6.656,1.147,0.112,1.212
histogram,fixed,binary,297,1,1,0.0933,189.9,29.9,3.318,6.634,1.147,0.169,1.23
histogram,fixed,binary,298,1,1,0.0933,189.92,29.92,3.205,6.54,1.157,0.107,1.226
histogram,fixed,binary,299,1,1,0.0933,189.92,29.92,3.291,6.592,1.146,0.111,1.209
histogram,fixed,binary,300,1,1,0.0933,189.92,29.92,3.308,6.534,1.151,0.111,1.198
histogram,fixed,binary,301,1,1,0.0925,189.57,29.57,3.188,6.548,1.14,0.107,1.239
histogram,fixed,binary,302,1,1,0.0933,189.91,29.91,3.284,6.705,1.217,0.117,1.29
histogram,fixed,binary,303,1,1,0.0933,189.91,29.91,3.305,6.626,1.146,0.112,1.299
histogram,fixed,binary,304,1,1,0.0933,189.91,29.91,3.207,6.62,1.147,0.114,1.3
histogram,fixed,binary,305,1,1,0.0933,189.93,29.93,3.305,6.507,1.148,0.112,1.107
histogram,fixed,binary,306,1,1,0.0933,189.93,29.93,3.199,7.726,1.146,0.11,2.508
histogram,fixed,binary,307,1,1,0.0933,189.92,29.92,3.209,6.488,1.138,0.102,1.301
histogram,fixed,binary,308,1,1,0.0933,189.92,29.92,3.229,6.271,1.133,0.097,1.064
histogram,fixed,binary,309,1,1,0.0933,189.93,29.93,3.266,6.363,1.181,0.11,1.065
histogram,fixed,binary,310,1,1,0.0933,189.87,29.87,3.198,6.44,1.137,0.1,1.251
histogram,fixed,binary,311,1,1,0.0933,189.87,29.87,3.215,6.359,1.132,0.104,1.075
histogram,fixed,binary,312,1,1,0.0933,189.9,29.9,3.208,6.452,1.131,0.1,1.235
histogram,fixed,binary,313,1,1,0.0933,189.93,29.93,3.205,6.253,1.142,0.099,1.059
histogram,fixed,binary,314,1,1,0.0933,189.93,29.93,3.181,6.415,1.312,0.104,1.066
histogram,fixed,binary,315,1,1,0.0933,189.93,29.93,3.117,6.357,1.137,0.105,1.251
histogram,fixed,binary,316,1,1,0.0933,189.91,29.91,3.209,6.319,1.131,0.103,1.064
histogram,fixed,binary,317,1,1,0.0933,189.91,29.91,3.238,6.347,1.139,0.153,1.071
histogram,fixed,binary,318,1,1,0.0933,189.9,29.9,3.202,6.353,1.127,0.098,1.168
histogram,fixed,binary,319,1,1,0.0925,189.58,29.58,3.193,6.306,1.186,0.104,1.071
histogram,fixed,binary,320,1,1,0.0925,189.56,29.56,3.117,6.341,1.13,0.102,1.242
histogram,fixed,binary,321,1,1,0.0925,189.56,29.56,3.184,6.336,1.134,0.104,1.072
histogram,fixed,binary,322,1,1,0.0925,189.57,29.57,3.249,6.545,1.138,0.151,1.252
histogram,fixed,binary,323,1,1,0.0925,189.57,29.57,3.165,6.372,1.127,0.102,1.177
histogram,fixed,binary,324,1,1,0.0925,189.57,29.57,3.222,6.332,1.192,0.102,1.078
histogram,fixed,binary,325,1,1,0.0925,189.56,29.56,3.199,6.523,1.134,0.101,1.351
histogram,fixed,binary,326,1,1,0.0933,189.9,29.9,3.218,6.381,1.133,0.098,1.18
histogram,fixed,binary,327,1,1,0.0933,189.9,29.9,3.228,6.428,1.181,0.104,1.176
histogram,fixed,binary,328,1,1,0.0933,189.91,29.91,3.114,6.228,1.14,0.095,1.137
histogram,fixed,binary,329,1,1,0.0933,189.91,29.91,3.193,6.296,1.131,0.102,1.063
histogram,fixed,binary,330,1,1,0.0933,189.94,29.94,3.231,6.473,1.14,0.096,1.258
histogram,fixed,binary,331,1,1,0.0933,189.94,29.94,3.187,6.385,1.139,0.102,1.173
histogram,fixed,binary,332,1,1,0.0925,189.57,29.57,3.216,6.424,1.189,0.102,1.171
histogram,fixed,binary,333,1,1,0.0925,189.57,29.57,3.17,6.309,1.141,0.1,1.156
histogram,fixed,binary,334,1,1,0.0933,189.91,29.91,3.22,6.32,1.13,0.096,1.065
histogram,fixed,binary,335,1,1,0.0933,189.91,29.91,3.211,6.481,1.125,0.099,1.299
histogram,fixed,binary,336,1,1,0.0925,189.6,29.6,3.212,6.273,1.129,0.098,1.089
histogram,fixed,binary,337,1,1,0.0925,189.59,29.59,3.307,6.505,1.178,0.103,1.175
histogram,fixed,binary,338,1,1,0.0925,189.59,29.59,3.211,7.102,1.135,0.098,1.887
histogram,fixed,binary,339,1,1,0.0925,189.59,29.59,3.19,6.36,1.134,0.104,1.187
histogram,fixed,binary,340,1,1,0.0933,189.9,29.9,3.248,6.46,1.186,0.104,1.173
histogram,fixed,binary,341,1,1,0.0933,189.9,29.9,3.215,6.4,1.135,0.103,1.168
histogram,fixed,binary,342,1,1,0.0933,189.93,29.93,3.187,6.251,1.13,0.097,1.081
histogram,fixed,binary,343,1,1,0.0925,189.59,29.59,3.24,6.351,1.185,0.106,1.07
histogram,fixed,binary,344,1,1,0.0925,189.59,29.59,3.199,6.248,1.135,0.096,1.067
histogram,fixed,binary,345,1,1,0.0933,189.91,29.91,3.207,6.411,1.178,0.108,1.178
histogram,fixed,binary,346,1,1,0.0925,189.58,29.58,3.143,6.333,1.139,0.103,1.145
histogram,fixed,binary,347,1,1,0.0933,189.95,29.95,3.197,6.251,1.134,0.101,1.069
histogram,fixed,binary,348,1,1,0.0933,189.95,29.95,3.213,6.432,1.19,0.105,1.178
histogram,fixed,binary,349,1,1,0.0925,189.56,29.56,2.869,5.715,0.982,0.097,1.048
histogram,fixed,binary,350,1,1,0.0933,189.96,29.96,2.926,5.666,1.028,0.094,0.95
histogram,fixed,binary,351,1,1,0.0933,189.96,29.96,2.826,5.67,0.983,0.099,1.059
histogram,fixed,binary,352,1,1,0.0933,189.91,29.91,2.807,5.629,0.994,0.092,1.019
histogram,fixed,binary,353,1,1,0.0933,189.91,29.91,2.843,5.695,0.992,0.092,1.037
histogram,fixed,binary,354,1,1,0.0925,189.58,29.58,2.769,5.662,0.987,0.094,1.114
histogram,fixed,binary,355,1,1,0.0925,189.61,29.61,2.855,5.626,1.037,0.098,0.958
histogram,fixed,binary,356,1,1,0.0925,189.61,29.61,2.839,5.553,0.988,0.09,0.955
histogram,fixed,binary,357,1,1,0.0933,189.93,29.93,2.814,5.562,1.03,0.098,0.938
histogram,fixed,binary,358,1,1,0.0933,189.91,29.91,2.853,5.648,0.991,0.095,1.042
histogram,fixed,binary,359,1,1,0.0933,189.91,29.91,2.773,5.583,0.994,0.096,1.038
histogram,fixed,binary,360,1,1,0.0933,189.91,29.91,2.841,5.611,0.985,0.089,0.947
histogram,fixed,binary,361,1,1,0.0933,189.93,29.93,2.792,5.671,0.984,0.098,1.035
histogram,fixed,binary,362,1,1,0.0933,189.91,29.91,2.835,5.594,1.031,0.096,0.947
histogram,fixed,binary,363,1,1,0.0933,189.91,29.91,2.845,5.643,0.989,0.092,1.048
histogram,otsu,binary,0,1,0,0.0278,155.76,-4.24,5.221,8.911,1.039,0.423,1.458
histogram,otsu,binary,1,1,0,0.0278,155.69,-4.31,5.14,9.234,1.15,0.556,1.503
histogram,otsu,binary,2,1,0,0.0278,155.69,-4.31,11.888,19.311,1.285,0.981,4.012
histogram,otsu,binary,3,1,0,0.0222,155.7,-4.3,3.9,8.08,1.582,0.468,1.081
histogram,otsu,binary,4,1,0,0.0292,155.94,-4.06,3.255,9.525,1.066,0.8,3.724
histogram,otsu,binary,5,1,0,0.0292,155.94,-4.06,4.367,8.703,1.15,0.508,1.566
histogram,otsu,binary,6,1,0,0.0306,155.86,-4.14,3.462,6.082,0.648,0.375,0.833
histogram,otsu,binary,7,1,0,0.0292,156.08,-3.92,3.499,6.722,1.055,0.398,1.085
histogram,otsu,binary,8,1,0,0.0292,156.08,-3.92,3.385,6.54,0.996,0.388,1.072
histogram,otsu,binary,9,1,0,0.0292,156.08,-3.92,3.468,6.551,1.003,0.387,0.983
histogram,otsu,binary,10,1,0,0.0306,155.88,-4.12,3.443,6.661,1.038,0.393,1.091
histogram,otsu,binary,11,1,0,0.0319,155.95,-4.05,3.473,7.008,1.358,0.412,1.068
histogram,otsu,binary,12,1,0,0.0319,155.95,-4.05,3.464,6.625,1.002,0.387,1.074
histogram,otsu,binary,13,1,0,0.0264,155.85,-4.15,3.449,6.576,1.037,0.392,0.997
histogram,otsu,binary,14,1,0,0.0264,155.85,-4.15,3.436,6.588,0.998,0.384,1.079
histogram,otsu,binary,15,1,0,0.0264,155.74,-4.26,3.415,6.6,1.001,0.393,1.097
histogram,otsu,binary,16,1,0,0.0292,155.88,-4.12,3.456,6.731,1.057,0.386,1.112
histogram,otsu,binary,17,1,0,0.0333,155.9,-4.1,3.46,6.594,0.998,0.39,1.055
histogram,otsu,binary,18,1,0,0.0306,155.81,-4.19,3.438,6.474,0.991,0.386,0.979
histogram,otsu,binary,19,1,0,0.0292,155.78,-4.22,3.424,6.61,1.039,0.392,1.069
histogram,otsu,binary,20,1,0,0.0292,155.78,-4.22,3.44,6.694,1.002,0.388,1.171
histogram,otsu,binary,21,1,0,0.025,155.88,-4.12,3.42,6.487,0.998,0.387,0.982
histogram,otsu,binary,22,1,0,0.0097,155.53,-4.47,3.397,6.506,1.048,0.389,0.982
histogram,otsu,binary,23,1,0,0.0097,155.53,-4.47,3.39,6.665,0.999,0.384,1.19
histogram,otsu,binary,24,1,0,0.0097,155.53,-4.47,3.39,6.578,1.005,0.386,1.099
histogram,otsu,binary,25,1,0,0.0306,155.94,-4.06,3.439,6.684,1.038,0.396,1.111
histogram,otsu,binary,26,1,0,0.0306,155.94,-4.06,3.546,8.169,1.002,1.686,1.201
histogram,otsu,binary,27,1,0,0.0264,155.72,-4.28,3.384,6.622,1.061,0.381,1.1
histogram,otsu,binary,28,1,0,0.0306,155.93,-4.07,3.79,7.518,1.141,0.435,1.45
histogram,otsu,binary,29,1,0,0.0306,155.93,-4.07,3.821,7.508,1.131,0.434,1.383
histogram,otsu,binary,30,1,0,0.0264,155.95,-4.05,3.838,7.589,1.139,0.436,1.381
histogram,otsu,binary,31,1,0,0.0319,155.86,-4.14,3.882,7.633,1.146,0.436,1.364
histogram,otsu,binary,32,1,0,0.0319,155.86,-4.14,3.847,7.603,1.19,0.436,1.379
histogram,otsu,binary,33,1,0,0.0278,155.83,-4.17,3.798,7.263,1.185,0.443,1.088
histogram,otsu,binary,34,1,0,0.0417,156.16,-3.84,4.331,7.798,1.152,0.481,1.084
histogram,otsu,binary,35,1,0,0.0306,155.73,-4.27,4.142,8.155,1.276,0.537,1.428
histogram,otsu,binary,36,1,0,0.0306,155.73,-4.27,4.225,8.064,1.325,0.475,1.227
histogram,otsu,binary,37,1,0,0.0292,156.01,-3.99,4.306,8.102,1.222,0.477,1.299
histogram,otsu,binary,38,1,0,0.0292,156.01,-3.99,4.202,7.909,1.232,0.468,1.206
histogram,otsu,binary,39,1,0,0.0208,155.61,-4.39,4.276,8.171,1.227,0.469,1.421
histogram,otsu,binary,40,1,0,0.0278,155.81,-4.19,4.176,8.006,1.221,0.464,1.339
histogram,otsu,binary,41,1,0,0.0292,155.84,-4.16,4.212,8.108,1.244,0.474,1.391
histogram,otsu,binary,42,1,0,0.0292,155.84,-4.16,4.464,8.219,1.325,0.48,1.206
histogram,otsu,binary,43,1,0,0.0292,156.1,-3.9,5.768,9.681,1.145,0.433,1.148
histogram,otsu,binary,44,1,0,0.0278,155.74,-4.26,4.312,8.61,1.237,0.44,1.859
histogram,otsu,binary,45,1,0,0.0278,155.74,-4.26,3.833,7.255,1.133,0.483,1.062
histogram,otsu,binary,46,1,0,0.0292,155.78,-4.22,3.861,7.375,1.138,0.431,1.167
histogram,otsu,binary,47,1,0,0.0292,155.78,-4.22,4.401,7.231,0.726,0.435,0.923
histogram,otsu,binary,48,1,0,0.0292,155.97,-4.03,3.851,6.683,0.716,0.435,0.931
histogram,otsu,binary,49,1,0,0.0347,155.83,-4.17,3.853,6.746,0.773,0.44,0.932
histogram,otsu,binary,50,1,0,0.0347,155.83,-4.17,3.799,6.709,0.718,0.433,1.008
histogram,otsu,binary,51,1,0,0.0417,156.11,-3.89,3.842,6.666,0.724,0.432,0.922
histogram,otsu,binary,52,1,0,0.0444,156.11,-3.89,3.814,6.802,0.861,0.443,0.926
histogram,otsu,binary,53,1,0,0.0403,156.26,-3.74,3.829,6.723,0.728,0.433,0.981
histogram,otsu,binary,54,1,0,0.0403,156.26,-3.74,3.811,6.642,0.718,0.433,0.927
histogram,otsu,binary,55,1,0,0.025,155.81,-4.19,3.812,6.697,0.782,0.433,0.92
histogram,otsu,binary,56,1,0,0.025,155.81,-4.19,3.811,6.746,0.731,0.433,0.978
histogram,otsu,binary,57,1,0,0.025,155.81,-4.19,3.82,6.645,0.726,0.434,0.913
histogram,otsu,binary,58,1,0,0.0375,155.87,-4.13,3.788,6.697,0.726,0.438,0.923
histogram,otsu,binary,59,1,0,0.0375,155.87,-4.13,3.796,6.668,0.718,0.48,0.918
histogram,otsu,binary,60,1,0,0.0375,155.87,-4.13,3.707,6.614,0.723,0.434,0.928
histogram,otsu,binary,61,1,0,0.025,155.83,-4.17,3.82,6.721,0.727,0.434,0.926
histogram,otsu,binary,62,1,0,0.025,155.83,-4.17,3.819,6.708,0.73,0.474,0.939
histogram,otsu,binary,63,1,0,0.0222,155.53,-4.47,3.766,6.671,0.719,0.433,0.996
histogram,otsu,binary,64,1,0,0.0292,155.71,-4.29,3.829,6.65,0.713,0.433,0.926
histogram,otsu,binary,65,1,0,0.0292,155.71,-4.29,4.661,7.641,0.77,0.44,0.957
histogram,otsu,binary,66,1,0,0.0278,155.65,-4.35,4.064,7.745,1.21,0.454,1.194
histogram,otsu,binary,67,1,0,0.0306,156.04,-3.96,3.91,7.479,1.204,0.453,1.141
histogram,otsu,binary,68,1,0,0.0375,156.16,-3.84,3.912,7.644,1.153,0.494,1.308
histogram,otsu,binary,69,1,0,0.0375,156.16,-3.84,3.929,7.449,1.142,0.436,1.177
histogram,otsu,binary,70,1,0,0.0292,155.97,-4.03,3.899,7.564,1.159,0.441,1.289
histogram,otsu,binary,71,1,0,0.0292,155.97,-4.03,3.881,7.547,1.143,0.444,1.308
histogram,otsu,binary,72,1,0,0.0306,155.97,-4.03,3.822,7.476,1.142,0.447,1.219
histogram,otsu,binary,73,1,0,0.0222,155.61,-4.39,3.904,7.515,1.149,0.441,1.255
histogram,otsu,binary,74,1,0,0.0292,155.7,-4.3,3.923,7.543,1.178,0.454,1.144
histogram,otsu,binary,75,1,0,0.0292,155.7,-4.3,3.908,7.447,1.209,0.448,1.104
histogram,otsu,binary,76,1,0,0.0292,155.69,-4.31,3.894,7.602,1.212,0.448,1.233
histogram,otsu,binary,77,1,0,0.0292,155.69,-4.31,3.892,7.44,1.202,0.45,1.127
histogram,otsu,binary,78,1,0,0.0292,155.69,-4.31,3.92,7.568,1.147,0.499,1.236
histogram,otsu,binary,79,1,0,0.0194,155.63,-4.37,3.9,7.44,1.152,0.441,1.18
histogram,otsu,binary,80,1,0,0.0194,155.63,-4.37,3.931,7.489,1.148,0.441,1.2
histogram,otsu,binary,81,1,0,0.0125,155.57,-4.43,3.861,7.526,1.146,0.442,1.217
histogram,otsu,binary,82,1,0,0.0278,155.79,-4.21,3.877,7.367,1.149,0.44,1.129
histogram,otsu,binary,83,1,0,0.0278,155.79,-4.21,3.897,7.414,1.15,0.44,1.104
histogram,otsu,binary,84,1,0,0.0278,155.95,-4.05,3.774,7.436,1.348,0.481,1.078
histogram,otsu,binary,85,1,0,0.0208,155.64,-4.36,3.832,7.364,1.183,0.436,1.175
histogram,otsu,binary,86,1,0,0.0319,155.86,-4.14,3.845,7.446,1.135,0.488,1.198
histogram,otsu,binary,87,1,0,0.0319,155.86,-4.14,4.203,7.672,1.139,0.432,1.151
histogram,otsu,binary,88,1,0,0.0264,155.86,-4.14,3.8,7.473,1.154,0.441,1.315
histogram,otsu,binary,89,1,0,0.0264,155.86,-4.14,3.778,7.432,1.141,0.434,1.329
histogram,otsu,binary,90,1,0,0.025,155.88,-4.12,3.824,7.196,1.134,0.434,1.059
histogram,otsu,binary,91,1,0,0.0153,155.56,-4.44,3.782,7.242,1.142,0.429,1.076
histogram,otsu,binary,92,1,0,0.0167,155.68,-4.32,3.813,7.089,1.159,0.437,0.933
histogram,otsu,binary,93,1,0,0.0167,155.68,-4.32,3.808,6.706,0.72,0.436,0.989
histogram,otsu,binary,94,1,0,0.0194,155.59,-4.41,3.843,6.664,0.719,0.433,0.92
histogram,otsu,binary,95,1,0,0.0194,155.59,-4.41,3.795,6.681,0.712,0.432,0.917
histogram,otsu,binary,96,1,0,0.0208,155.64,-4.36,3.836,6.763,0.735,0.47,0.939
histogram,otsu,binary,97,1,0,0.0278,156.2,-3.8,3.777,6.673,0.724,0.433,0.924
histogram,otsu,binary,98,1,0,0.0167,155.6,-4.4,3.815,6.718,0.72,0.431,0.933
histogram,otsu,binary,99,1,0,0.0167,155.6,-4.4,3.813,6.708,0.726,0.479,0.938
histogram,otsu,binary,100,1,0,0.0278,155.86,-4.14,3.831,6.722,0.718,0.435,0.991
histogram,otsu,binary,101,1,0,0.0278,155.86,-4.14,3.825,6.657,0.715,0.429,0.932
histogram,otsu,binary,102,1,0,0.025,155.75,-4.25,3.816,6.696,0.768,0.438,0.926
histogram,otsu,binary,103,1,0,0.0194,155.76,-4.24,3.771,6.683,0.724,0.43,1.003
histogram,otsu,binary,104,1,0,0.0319,155.84,-4.16,3.823,6.646,0.716,0.432,0.925
histogram,otsu,binary,105,1,0,0.0319,155.84,-4.16,3.802,6.678,0.76,0.433,0.93
histogram,otsu,binary,106,1,0,0.0069,155.07,-4.93,3.808,6.742,0.719,0.433,0.995
histogram,otsu,binary,107,1,0,0.0069,155.07,-4.93,3.777,6.614,0.717,0.431,0.932
histogram,otsu,binary,108,1,0,0.0167,155.69,-4.31,3.804,6.693,0.792,0.434,0.92
histogram,otsu,binary,109,1,0,0.0194,155.71,-4.29,3.801,6.686,0.722,0.436,0.973
histogram,otsu,binary,110,1,0,0.0194,155.71,-4.29,3.82,6.644,0.725,0.433,0.923
histogram,otsu,binary,111,1,0,0.0194,155.71,-4.29,3.776,6.661,0.708,0.434,0.918
histogram,otsu,binary,112,1,0,0.0236,155.79,-4.21,3.861,6.76,0.722,0.474,0.949
histogram,otsu,binary,113,1,0,0.0069,155.31,-4.69,3.733,6.672,0.747,0.436,0.925
histogram,otsu,binary,114,1,0,0.0069,155.31,-4.69,3.765,6.651,0.719,0.432,0.921
histogram,otsu,binary,115,1,1,0.1,155.76,-4.24,3.264,6.152,0.721,0.481,0.933
histogram,otsu,binary,116,1,1,0.1,155.76,-4.24,3.212,6.11,0.735,0.429,0.943
histogram,otsu,binary,117,1,0,0.0264,156.17,-3.83,3.871,6.751,0.77,0.439,0.923
histogram,otsu,binary,118,1,0,0.0236,156.03,-3.97,3.851,6.758,0.722,0.429,1.006
histogram,otsu,binary,119,1,0,0.0236,156.03,-3.97,3.838,6.662,0.717,0.433,0.924
histogram,otsu,binary,120,1,0,0.0111,155.66,-4.34,3.818,6.721,0.772,0.436,0.939
histogram,otsu,binary,121,1,0,0.025,155.73,-4.27,3.812,6.71,0.733,0.436,0.973
histogram,otsu,binary,122,1,0,0.025,155.73,-4.27,3.818,6.665,0.721,0.432,0.946
histogram,otsu,binary,123,1,0,0.025,155.73,-4.27,3.804,6.7,0.717,0.433,0.92
histogram,otsu,binary,124,1,0,0.025,156.06,-3.94,3.864,6.744,0.731,0.472,0.928
histogram,otsu,binary,125,1,0,0.025,156.06,-3.94,3.752,6.649,0.722,0.436,0.912
histogram,otsu,binary,126,1,0,0.0333,155.9,-4.1,3.818,6.752,0.729,0.432,0.924
histogram,otsu,binary,127,1,0,0.0194,155.56,-4.44,3.812,6.725,0.772,0.436,0.934
histogram,otsu,binary,128,1,0,0.0194,155.56,-4.44,3.798,6.718,0.729,0.434,1.011
histogram,otsu,binary,129,1,0,0.0194,155.56,-4.44,3.8,6.623,0.719,0.428,0.924
histogram,otsu,binary,130,1,0,0.0333,155.84,-4.16,3.818,6.704,0.763,0.437,0.923
histogram,otsu,binary,131,1,0,0.0292,155.82,-4.18,3.814,6.733,0.722,0.44,1.01
histogram,otsu,binary,132,1,0,0.0292,155.82,-4.18,3.818,6.675,0.75,0.433,0.921
histogram,otsu,binary,133,1,0,0.0292,155.98,-4.02,3.787,6.625,0.742,0.435,0.919
histogram,otsu,binary,134,1,0,0.0292,155.98,-4.02,3.801,6.742,0.729,0.429,1.016
histogram,otsu,binary,135,1,0,0.0139,155.56,-4.44,3.829,6.649,0.716,0.432,0.919
histogram,otsu,binary,136,1,0,0.0194,155.7,-4.3,3.781,6.715,0.703,0.431,0.939
histogram,otsu,binary,137,1,0,0.0292,155.73,-4.27,3.821,6.705,0.722,0.48,0.935
histogram,otsu,binary,138,1,0,0.0292,155.73,-4.27,3.811,6.648,0.726,0.429,0.926
histogram,otsu,binary,139,1,0,0.0208,155.6,-4.4,3.777,6.659,0.714,0.433,0.919
histogram,otsu,binary,140,1,0,0.0306,155.98,-4.02,3.805,6.705,0.722,0.475,0.95
histogram,otsu,binary,141,1,0,0.0306,155.98,-4.02,3.718,6.625,0.723,0.435,0.922
histogram,otsu,binary,142,1,0,0.025,155.76,-4.24,3.812,6.639,0.715,0.428,0.925
histogram,otsu,binary,143,1,0,0.025,155.76,-4.24,3.844,6.725,0.773,0.44,0.93
histogram,otsu,binary,144,1,0,0.0236,155.82,-4.18,3.811,6.742,0.721,0.429,1.023
histogram,otsu,binary,145,1,0,0.0333,155.82,-4.18,3.828,6.646,0.713,0.435,0.92
histogram,otsu,binary,146,1,0,0.0208,155.58,-4.42,3.812,6.737,0.763,0.435,0.936
histogram,otsu,binary,147,1,0,0.0208,155.58,-4.42,3.818,6.705,0.723,0.435,0.984
histogram,otsu,binary,148,1,0,0.0278,155.83,-4.17,3.887,6.726,0.724,0.432,0.931
histogram,otsu,binary,149,1,0,0.0319,155.72,-4.28,3.816,6.691,0.778,0.434,0.918
histogram,otsu,binary,150,1,0,0.0319,155.72,-4.28,3.829,6.736,0.738,0.428,0.981
histogram,otsu,binary,151,1,0,0.0264,155.78,-4.22,3.828,6.685,0.743,0.435,0.93
histogram,otsu,binary,152,1,0,0.0333,155.94,-4.06,3.808,6.693,0.713,0.431,0.923
histogram,otsu,binary,153,1,0,0.0333,155.94,-4.06,3.835,6.713,0.731,0.483,0.921
histogram,otsu,binary,154,1,0,0.0333,155.93,-4.07,3.733,6.653,0.728,0.433,0.923
histogram,otsu,binary,155,1,0,0.0167,155.6,-4.4,3.778,6.584,0.711,0.434,0.917
histogram,otsu,binary,156,1,0,0.0167,155.6,-4.4,3.36,6.253,0.725,0.477,0.919
histogram,otsu,binary,157,1,0,0.0194,155.55,-4.45,3.34,5.873,0.634,0.381,0.827
histogram,otsu,binary,158,1,0,0.0083,155.51,-4.49,3.378,5.955,0.675,0.38,0.838
histogram,otsu,binary,159,1,0,0.0083,155.51,-4.49,3.35,5.886,0.64,0.379,0.836
histogram,otsu,binary,160,1,0,0.0181,155.7,-4.3,3.357,5.935,0.677,0.383,0.838
histogram,otsu,binary,161,1,0,0.0222,155.77,-4.23,3.361,5.885,0.643,0.378,0.829
histogram,otsu,binary,162,1,0,0.0222,155.77,-4.23,3.366,5.962,0.678,0.379,0.848
histogram,otsu,binary,163,1,0,0.0333,155.94,-4.06,3.362,5.884,0.64,0.377,0.829
histogram,otsu,binary,164,1,0,0.0333,155.94,-4.06,3.385,5.97,0.647,0.415,0.839
histogram,otsu,binary,165,1,0,0.0333,155.94,-4.06,3.375,5.892,0.644,0.379,0.817
histogram,otsu,binary,166,1,0,0.0319,156.06,-3.94,3.387,5.998,0.642,0.413,0.834
histogram,otsu,binary,167,1,0,0.0319,156.06,-3.94,3.381,5.893,0.643,0.376,0.818
histogram,otsu,binary,168,1,0,0.0319,156.06,-3.94,3.38,5.972,0.651,0.419,0.839
histogram,otsu,binary,169,1,0,0.0292,155.72,-4.28,3.397,5.905,0.636,0.38,0.823
histogram,otsu,binary,170,1,0,0.0292,155.72,-4.28,3.391,6.0,0.643,0.415,0.838
histogram,otsu,binary,171,1,0,0.0278,155.79,-4.21,3.381,5.903,0.645,0.38,0.817
histogram,otsu,binary,172,1,0,0.0292,156.12,-3.88,3.415,5.988,0.647,0.42,0.831
histogram,otsu,binary,173,1,0,0.0292,156.12,-3.88,3.843,6.472,0.65,0.38,0.913
histogram,otsu,binary,174,1,0,0.0194,155.56,-4.44,3.79,6.695,0.799,0.434,0.92
histogram,otsu,binary,175,1,0,0.0194,155.71,-4.29,3.846,6.75,0.732,0.436,0.981
histogram,otsu,binary,176,1,0,0.0194,155.71,-4.29,3.79,6.671,0.733,0.435,0.923
histogram,otsu,binary,177,1,0,0.0194,155.71,-4.29,3.789,6.693,0.717,0.434,0.928
histogram,otsu,binary,178,1,0,0.0319,155.97,-4.03,3.868,6.741,0.725,0.474,0.926
histogram,otsu,binary,179,1,0,0.0319,155.97,-4.03,3.704,6.622,0.724,0.429,0.939
histogram,otsu,binary,180,1,0,0.0139,155.41,-4.59,3.791,6.597,0.713,0.433,0.915
histogram,otsu,binary,181,1,0,0.0153,155.62,-4.38,3.804,6.688,0.761,0.439,0.926
histogram,otsu,binary,182,1,0,0.0181,155.7,-4.3,3.789,6.702,0.733,0.433,0.992
histogram,otsu,binary,183,1,0,0.0167,155.84,-4.16,3.796,6.618,0.716,0.436,0.916
histogram,otsu,binary,184,1,0,0.0236,155.8,-4.2,3.829,6.719,0.782,0.439,0.923
histogram,otsu,binary,185,1,0,0.0056,155.42,-4.58,3.767,6.691,0.725,0.435,1.007
histogram,otsu,binary,186,1,0,0.0056,155.42,-4.58,3.778,6.662,0.723,0.434,0.936
histogram,otsu,binary,187,1,0,0.0292,155.72,-4.28,3.811,6.722,0.782,0.438,0.938
histogram,otsu,binary,188,1,0,0.0292,155.72,-4.28,3.832,6.749,0.734,0.433,1.006
histogram,otsu,binary,189,1,0,0.0181,155.8,-4.2,3.851,6.708,0.75,0.435,0.927
histogram,otsu,binary,190,1,0,0.0319,156.07,-3.93,3.817,6.753,0.732,0.433,0.94
histogram,otsu,binary,191,1,0,0.0319,156.07,-3.93,3.893,6.783,0.719,0.48,0.937
histogram,otsu,binary,192,1,0,0.0347,155.98,-4.02,3.731,6.638,0.721,0.431,0.921
histogram,otsu,binary,193,1,0,0.0319,155.97,-4.03,3.808,6.692,0.712,0.433,0.915
histogram,otsu,binary,194,1,0,0.0222,155.79,-4.21,3.815,6.723,0.744,0.484,0.935
histogram,otsu,binary,195,1,0,0.0264,155.8,-4.2,3.775,6.675,0.72,0.435,0.991
histogram,otsu,binary,196,1,0,0.025,155.59,-4.41,3.801,6.66,0.716,0.431,0.926
histogram,otsu,binary,197,1,0,0.025,155.59,-4.41,3.923,6.798,0.764,0.437,0.917
histogram,otsu,binary,198,1,0,0.0278,155.82,-4.18,3.837,6.743,0.722,0.434,1.006
histogram,otsu,binary,199,1,0,0.0167,155.66,-4.34,3.824,6.656,0.717,0.433,0.927
histogram,otsu,binary,200,1,0,0.0278,155.88,-4.12,3.802,6.654,0.741,0.434,0.933
histogram,otsu,binary,201,1,0,0.0278,155.88,-4.12,3.809,6.713,0.724,0.43,0.996
histogram,otsu,binary,202,1,0,0.0181,155.57,-4.43,3.82,6.643,0.722,0.433,0.923
histogram,otsu,binary,203,1,0,0.0181,155.57,-4.43,3.778,6.691,0.717,0.434,0.932
histogram,otsu,binary,204,1,0,0.0319,155.95,-4.05,3.844,6.726,0.724,0.476,0.932
histogram,otsu,binary,205,1,0,0.0361,155.99,-4.01,3.804,6.639,0.721,0.431,0.93
histogram,otsu,binary,206,1,0,0.0361,155.99,-4.01,3.835,6.756,0.715,0.431,0.924
histogram,otsu,binary,207,1,0,0.0083,155.49,-4.51,3.85,6.721,0.722,0.475,0.923
histogram,otsu,binary,208,1,0,0.0181,155.82,-4.18,3.821,6.723,0.722,0.435,0.996
histogram,otsu,binary,209,1,0,0.0181,155.82,-4.18,3.814,6.619,0.717,0.433,0.902
histogram,otsu,binary,210,1,0,0.0181,155.82,-4.18,3.842,6.73,0.768,0.437,0.934
histogram,otsu,binary,211,1,0,0.0292,155.78,-4.22,3.795,6.714,0.723,0.436,0.999
histogram,otsu,binary,212,1,0,0.025,155.66,-4.34,4.207,8.057,1.182,0.513,1.261
histogram,otsu,binary,213,1,0,0.025,155.66,-4.34,4.034,6.917,0.765,0.436,0.923
histogram,otsu,binary,214,1,0,0.0278,155.71,-4.29,3.887,6.799,0.699,0.438,0.925
histogram,otsu,binary,215,1,0,0.0278,155.71,-4.29,3.966,7.054,0.736,0.482,1.108
histogram,otsu,binary,216,1,0,0.025,155.66,-4.34,3.912,7.487,1.141,0.443,1.183
histogram,otsu,binary,217,1,0,0.0319,155.95,-4.05,3.922,7.589,1.14,0.443,1.318
histogram,otsu,binary,218,1,0,0.025,155.8,-4.2,3.86,7.408,1.154,0.441,1.185
histogram,otsu,binary,219,1,0,0.0333,155.86,-4.14,3.882,7.466,1.152,0.442,1.227
histogram,otsu,binary,220,1,0,0.0333,155.95,-4.05,4.747,8.719,1.148,0.44,1.561
histogram,otsu,binary,221,1,0,0.0333,155.95,-4.05,3.874,8.435,1.222,0.521,2.001
histogram,otsu,binary,222,1,0,0.0292,156.0,-4.0,4.003,7.679,1.141,0.439,1.324
histogram,otsu,binary,223,1,0,0.0319,155.86,-4.14,3.907,7.58,1.16,0.442,1.304
histogram,otsu,binary,224,1,0,0.0208,155.7,-4.3,3.886,7.573,1.155,0.441,1.23
histogram,otsu,binary,225,1,0,0.0208,155.7,-4.3,3.933,7.523,1.144,0.438,1.238
histogram,otsu,binary,226,1,0,0.0319,155.91,-4.09,3.917,7.625,1.152,0.444,1.242
histogram,otsu,binary,227,1,0,0.0319,155.91,-4.09,3.911,7.488,1.23,0.445,1.131
histogram,otsu,binary,228,1,0,0.0319,155.91,-4.09,3.911,7.558,1.203,0.447,1.231
histogram,otsu,binary,229,1,0,0.0097,155.56,-4.44,3.862,7.502,1.203,0.448,1.222
histogram,otsu,binary,230,1,0,0.0194,155.83,-4.17,3.867,7.421,1.151,0.496,1.136
histogram,otsu,binary,231,1,0,0.0194,155.83,-4.17,4.063,7.798,1.156,0.445,1.358
histogram,otsu,binary,232,1,0,0.0292,155.83,-4.17,3.84,7.327,1.143,0.432,1.171
histogram,otsu,binary,233,1,0,0.0319,155.73,-4.27,3.785,7.306,1.139,0.428,1.206
histogram,otsu,binary,234,1,0,0.0319,155.73,-4.27,3.798,7.18,1.133,0.432,1.067
histogram,otsu,binary,235,1,0,0.0222,155.7,-4.3,3.837,7.402,1.124,0.436,1.184
histogram,otsu,binary,236,1,0,0.0222,155.7,-4.3,3.795,7.073,1.104,0.44,0.949
histogram,otsu,binary,237,1,0,0.0222,155.71,-4.29,3.762,7.372,0.722,0.437,1.7
histogram,otsu,binary,238,1,0,0.0194,155.88,-4.12,3.788,6.715,0.726,0.432,1.015
histogram,otsu,binary,239,1,0,0.0194,155.62,-4.38,3.842,6.689,0.718,0.436,0.933
histogram,otsu,binary,240,1,0,0.0194,155.62,-4.38,3.816,6.704,0.781,0.436,0.927
histogram,otsu,binary,241,1,0,0.0306,155.82,-4.18,3.793,6.696,0.72,0.433,0.996
histogram,otsu,binary,242,1,0,0.0194,155.6,-4.4,3.808,6.638,0.729,0.433,0.916
histogram,otsu,binary,243,1,0,0.0194,155.6,-4.4,3.775,6.639,0.75,0.436,0.937
histogram,otsu,binary,244,1,0,0.0097,155.62,-4.38,3.783,6.713,0.724,0.435,1.021
histogram,otsu,binary,245,1,0,0.0097,155.62,-4.38,3.753,6.583,0.722,0.433,0.911
histogram,otsu,binary,246,1,0,0.0194,155.66,-4.34,3.788,6.708,0.778,0.432,0.93
histogram,otsu,binary,247,1,0,0.0319,155.84,-4.16,3.829,6.717,0.725,0.43,0.978
histogram,otsu,binary,248,1,0,0.0194,155.68,-4.32,3.801,6.635,0.724,0.434,0.935
histogram,otsu,binary,249,1,0,0.0194,155.68,-4.32,3.771,6.666,0.715,0.432,0.923
histogram,otsu,binary,250,1,0,0.0319,155.95,-4.05,3.831,6.714,0.724,0.474,0.938
histogram,otsu,binary,251,1,0,0.0319,155.95,-4.05,3.719,6.634,0.73,0.43,0.93
histogram,otsu,binary,252,1,0,0.0208,155.58,-4.42,3.792,6.667,0.708,0.431,0.929
histogram,otsu,binary,253,1,0,0.0153,155.58,-4.42,3.786,6.669,0.72,0.478,0.93
histogram,otsu,binary,254,1,0,0.0153,155.58,-4.42,3.786,6.695,0.729,0.433,0.994
histogram,otsu,binary,255,1,0,0.0333,156.04,-3.96,3.845,6.671,0.705,0.434,0.929
histogram,otsu,binary,256,1,0,0.0319,155.86,-4.14,3.817,6.754,0.783,0.436,0.931
histogram,otsu,binary,257,1,0,0.0319,155.86,-4.14,3.814,6.745,0.724,0.43,1.015
histogram,otsu,binary,258,1,0,0.0319,155.86,-4.14,3.822,6.646,0.717,0.434,0.927
histogram,otsu,binary,259,1,0,0.0306,155.93,-4.07,3.789,6.664,0.766,0.438,0.92
histogram,otsu,binary,260,1,0,0.0306,155.93,-4.07,3.844,6.762,0.726,0.435,1.012
histogram,otsu,binary,261,1,0,0.0333,156.28,-3.72,3.837,6.7,0.733,0.436,0.919
histogram,otsu,binary,262,1,0,0.0194,155.68,-4.32,3.817,6.705,0.712,0.431,0.935
histogram,otsu,binary,263,1,0,0.0194,155.68,-4.32,3.801,6.69,0.719,0.477,0.943
histogram,otsu,binary,264,1,0,0.0194,155.68,-4.32,3.791,6.614,0.723,0.434,0.922
histogram,otsu,binary,265,1,0,0.0194,155.76,-4.24,3.766,6.664,0.727,0.435,0.913
histogram,otsu,binary,266,1,0,0.0194,155.76,-4.24,3.789,6.704,0.721,0.475,0.93
histogram,otsu,binary,267,1,0,0.0194,155.73,-4.27,3.712,6.614,0.722,0.436,0.928
histogram,otsu,binary,268,1,0,0.0236,155.74,-4.26,3.809,6.706,0.719,0.434,0.925
histogram,otsu,binary,269,1,0,0.0236,155.74,-4.26,3.85,6.731,0.721,0.479,0.931
histogram,otsu,binary,270,1,0,0.0292,155.72,-4.28,3.781,6.75,0.726,0.429,1.065
histogram,otsu,binary,271,1,0,0.0111,155.4,-4.6,3.794,6.607,0.712,0.436,0.918
histogram,otsu,binary,272,1,0,0.0278,155.84,-4.16,3.811,6.686,0.766,0.434,0.921
histogram,otsu,binary,273,1,0,0.0278,155.84,-4.16,3.811,6.72,0.718,0.436,1.006
histogram,otsu,binary,274,1,0,0.0194,155.65,-4.35,3.784,6.604,0.714,0.434,0.925
histogram,otsu,binary,275,1,0,0.0194,155.65,-4.35,3.791,6.651,0.757,0.437,0.919
histogram,otsu,binary,276,1,0,0.0222,155.84,-4.16,3.844,6.787,0.72,0.435,0.999
histogram,otsu,binary,277,1,0,0.0292,155.96,-4.04,3.819,6.639,0.715,0.435,0.922
histogram,otsu,binary,278,1,0,0.0194,155.64,-4.36,3.774,6.666,0.781,0.432,0.93
histogram,otsu,binary,279,1,0,0.0194,155.64,-4.36,3.805,6.685,0.719,0.433,0.976
histogram,otsu,binary,280,1,0,0.0222,155.68,-4.32,3.817,6.65,0.726,0.428,0.927
histogram,otsu,binary,281,1,0,0.0167,155.69,-4.31,3.789,6.718,0.717,0.445,0.92
histogram,otsu,binary,282,1,0,0.0167,155.69,-4.31,3.801,6.701,0.734,0.474,0.948
histogram,otsu,binary,283,1,0,0.0181,155.64,-4.36,3.75,6.661,0.719,0.429,0.933
histogram,otsu,binary,284,1,0,0.0181,155.64,-4.36,3.786,6.67,0.708,0.435,0.926
histogram,otsu,binary,285,1,0,0.0181,155.68,-4.32,3.786,6.695,0.732,0.485,0.939
histogram,otsu,binary,286,1,0,0.0222,155.75,-4.25,3.809,6.756,0.73,0.432,1.001
histogram,otsu,binary,287,1,0,0.0222,155.75,-4.25,3.773,6.595,0.714,0.432,0.919
histogram,otsu,binary,288,1,0,0.0181,155.75,-4.25,3.799,6.68,0.771,0.435,0.923
histogram,otsu,binary,289,1,0,0.0194,155.71,-4.29,3.78,6.718,0.734,0.429,1.015
histogram,otsu,binary,290,1,0,0.0236,155.65,-4.35,3.81,6.636,0.714,0.433,0.93
histogram,otsu,binary,291,1,0,0.0236,155.65,-4.35,3.803,6.669,0.761,0.432,0.923
histogram,otsu,binary,292,1,0,0.0194,155.66,-4.34,3.8,6.706,0.723,0.432,1.007
histogram,otsu,binary,293,1,0,0.0181,155.48,-4.52,3.828,6.67,0.723,0.428,0.933
histogram,otsu,binary,294,1,0,0.0181,155.48,-4.52,3.779,6.665,0.776,0.434,0.931
histogram,otsu,binary,295,1,0,0.0194,155.75,-4.25,3.805,6.693,0.724,0.435,0.976
histogram,otsu,binary,296,1,0,0.0194,155.75,-4.25,3.804,6.685,0.725,0.434,0.932
histogram,otsu,binary,297,1,0,0.0194,155.77,-4.23,3.776,6.684,0.723,0.429,0.934
histogram,otsu,binary,298,1,0,0.0194,155.57,-4.43,3.863,6.739,0.727,0.476,0.927
histogram,otsu,binary,299,1,0,0.0194,155.57,-4.43,3.688,6.653,0.718,0.438,0.924
histogram,otsu,binary,300,1,0,0.0236,155.83,-4.17,3.827,6.735,0.71,0.429,0.937
histogram,otsu,binary,301,1,0,0.0319,155.92,-4.08,3.806,6.68,0.723,0.482,0.921
histogram,otsu,binary,302,1,0,0.0292,155.78,-4.22,3.789,6.701,0.719,0.428,1.012
histogram,otsu,binary,303,1,0,0.0292,155.78,-4.22,3.791,6.623,0.724,0.432,0.933
histogram,otsu,binary,304,1,0,0.0333,156.08,-3.92,3.806,6.685,0.764,0.433,0.92
histogram,otsu,binary,305,1,0,0.0069,155.46,-4.54,3.746,6.649,0.72,0.433,1.002
histogram,otsu,binary,306,1,0,0.0069,155.46,-4.54,3.766,6.636,0.721,0.433,0.925
histogram,otsu,binary,307,1,0,0.0194,155.6,-4.4,3.797,6.658,0.76,0.435,0.922
histogram,otsu,binary,308,1,0,0.0194,155.6,-4.4,3.792,6.695,0.72,0.435,0.994
histogram,otsu,binary,309,1,0,0.0222,155.73,-4.27,3.796,6.627,0.725,0.433,0.926
histogram,otsu,binary,310,1,0,0.0125,155.59,-4.41,3.796,6.663,0.752,0.437,0.925
histogram,otsu,binary,311,1,0,0.0125,155.59,-4.41,3.808,6.692,0.717,0.434,0.988
histogram,otsu,binary,312,1,0,0.0236,155.93,-4.07,3.88,6.716,0.726,0.436,0.925
histogram,otsu,binary,313,1,0,0.0181,155.57,-4.43,3.794,6.706,0.724,0.435,0.94
histogram,otsu,binary,314,1,0,0.0181,155.57,-4.43,3.828,6.741,0.74,0.474,0.945
histogram,otsu,binary,315,1,0,0.0181,155.57,-4.43,3.78,6.628,0.724,0.435,0.941
histogram,otsu,binary,316,1,0,0.0167,155.67,-4.33,3.796,6.73,0.713,0.431,0.933
histogram,otsu,binary,317,1,0,0.0167,155.67,-4.33,3.825,6.718,0.735,0.477,0.932
histogram,otsu,binary,318,1,0,0.0194,155.67,-4.33,3.784,6.71,0.723,0.434,0.992
histogram,otsu,binary,319,1,0,0.025,155.78,-4.22,3.774,6.622,0.735,0.432,0.926
histogram,otsu,binary,320,1,0,0.0194,155.61,-4.39,3.803,6.681,0.77,0.436,0.928
histogram,otsu,binary,321,1,0,0.0194,155.61,-4.39,3.769,6.691,0.722,0.435,1.005
histogram,otsu,binary,322,1,0,0.0181,155.61,-4.39,3.828,6.662,0.73,0.434,0.92
histogram,otsu,binary,323,1,0,0.0181,155.61,-4.39,3.796,6.662,0.754,0.437,0.917
histogram,otsu,binary,324,1,0,0.0181,155.61,-4.39,3.813,6.717,0.731,0.435,0.99
histogram,otsu,binary,325,1,0,0.0194,155.7,-4.3,3.788,6.609,0.716,0.434,0.923
histogram,otsu,binary,326,1,0,0.0181,155.58,-4.42,3.844,6.782,0.761,0.438,0.945
histogram,otsu,binary,327,1,0,0.0181,155.58,-4.42,3.82,6.73,0.737,0.435,0.977
histogram,otsu,binary,328,1,0,0.0181,155.57,-4.43,3.802,6.633,0.733,0.435,0.916
histogram,otsu,binary,329,1,0,0.0181,155.57,-4.43,3.774,6.666,0.721,0.432,0.917
histogram,otsu,binary,330,1,0,0.0222,155.92,-4.08,3.853,6.735,0.732,0.476,0.927
histogram,otsu,binary,331,1,0,0.025,155.74,-4.26,3.808,6.647,0.732,0.434,0.91
histogram,otsu,binary,332,1,0,0.0208,155.81,-4.19,3.789,6.684,0.714,0.431,0.933
histogram,otsu,binary,333,1,0,0.0208,155.81,-4.19,3.79,6.688,0.722,0.483,0.922
histogram,otsu,binary,334,1,0,0.025,155.81,-4.19,3.832,6.745,0.723,0.436,0.935
histogram,otsu,binary,335,1,0,0.025,155.81,-4.19,3.773,6.613,0.714,0.431,0.933
histogram,otsu,binary,336,1,1,0.1008,155.71,-4.29,3.237,6.156,0.772,0.439,0.926
histogram,otsu,binary,337,1,0,0.0153,155.52,-4.48,3.81,6.668,0.723,0.436,0.922
histogram,otsu,binary,338,1,0,0.0153,155.52,-4.48,3.776,6.679,0.719,0.43,0.928
histogram,otsu,binary,339,1,0,0.0153,155.52,-4.48,3.788,6.652,0.722,0.481,0.916
histogram,otsu,binary,340,1,0,0.0208,155.8,-4.2,3.747,6.649,0.719,0.435,0.93
histogram,otsu,binary,341,1,0,0.0208,155.8,-4.2,3.919,6.721,0.706,0.434,0.913
histogram,otsu,binary,342,1,1,0.1008,155.67,-4.33,3.237,6.124,0.771,0.436,0.929
histogram,otsu,binary,343,1,0,0.0319,156.05,-3.95,3.815,6.63,0.716,0.436,0.918
histogram,otsu,binary,344,1,0,0.0319,156.05,-3.95,3.802,6.675,0.708,0.432,0.916
histogram,otsu,binary,345,1,0,0.0153,155.5,-4.5,3.81,6.692,0.725,0.476,0.935
histogram,otsu,binary,346,1,0,0.025,155.92,-4.08,3.738,6.68,0.723,0.434,0.932
histogram,otsu,binary,347,1,0,0.0333,155.77,-4.23,3.796,6.73,0.743,0.436,0.93
histogram,otsu,binary,348,1,0,0.0333,155.77,-4.23,3.809,6.707,0.77,0.433,0.944
histogram,otsu,binary,349,1,0,0.0083,155.44,-4.56,3.809,6.717,0.724,0.438,0.998
histogram,otsu,binary,350,1,0,0.0139,155.49,-4.51,3.794,6.629,0.713,0.43,0.938
histogram,otsu,binary,351,1,0,0.0139,155.49,-4.51,3.773,6.65,0.767,0.437,0.925
histogram,otsu,binary,352,1,0,0.0056,155.36,-4.64,3.785,6.697,0.719,0.434,1.004
histogram,otsu,binary,353,1,0,0.0056,155.36,-4.64,3.798,6.619,0.719,0.434,0.915
histogram,otsu,binary,354,1,0,0.0069,155.43,-4.57,3.829,6.722,0.775,0.439,0.921
histogram,otsu,binary,355,1,0,0.0181,155.74,-4.26,3.822,6.699,0.722,0.434,0.976
histogram,otsu,binary,356,1,0,0.0181,155.74,-4.26,3.784,6.674,0.726,0.435,0.921
histogram,otsu,binary,357,1,0,0.0083,155.51,-4.49,4.508,7.808,0.775,0.444,1.294
histogram,otsu,binary,358,1,0,0.0083,155.65,-4.35,4.077,7.452,1.177,0.481,0.946
histogram,otsu,binary,359,1,0,0.0083,155.65,-4.35,3.795,6.669,0.762,0.443,0.915
histogram,otsu,binary,360,1,0,0.0083,155.65,-4.35,3.78,6.726,0.736,0.439,1.021
histogram,otsu,binary,361,1,0,0.0181,155.63,-4.37,3.825,6.633,0.706,0.433,0.921
histogram,otsu,binary,362,1,0,0.025,155.88,-4.12,3.906,6.791,0.773,0.434,0.928
histogram,otsu,binary,363,1,0,0.025,155.88,-4.12,3.821,6.713,0.718,0.434,0.984
histogram,adaptive,binary,0,1,0,1.0,86.22,-73.78,6.256,18.596,0.715,9.405,1.374
histogram,adaptive,binary,1,1,0,1.0,86.22,-73.78,12.045,27.415,0.881,11.579,1.651
histogram,adaptive,binary,2,1,0,1.0,86.22,-73.78,6.174,18.07,1.025,8.661,1.138
histogram,adaptive,binary,3,1,0,1.0,86.22,-73.78,4.751,16.418,0.843,8.527,1.448
histogram,adaptive,binary,4,1,0,1.0,86.22,-73.78,4.802,16.577,1.147,8.379,1.48
histogram,adaptive,binary,5,1,0,1.0,86.22,-73.78,4.762,16.445,1.157,8.345,1.401
histogram,adaptive,binary,6,1,0,1.0,86.22,-73.78,4.757,16.435,1.151,8.445,1.258
histogram,adaptive,binary,7,1,0,1.0,86.22,-73.78,4.752,16.485,1.208,8.389,1.368
histogram,adaptive,binary,8,1,0,1.0,86.22,-73.78,4.767,16.535,1.218,8.409,1.375
histogram,adaptive,binary,9,1,0,1.0,86.22,-73.78,4.747,16.8,1.306,8.348,1.391
histogram,adaptive,binary,10,1,0,1.0,86.22,-73.78,4.777,16.532,1.144,8.398,1.441
histogram,adaptive,binary,11,1,0,1.0,86.22,-73.78,4.739,16.783,1.147,8.453,1.639
histogram,adaptive,binary,12,1,0,1.0,86.22,-73.78,4.683,16.162,1.191,8.345,1.184
histogram,adaptive,binary,13,1,0,1.0,86.22,-73.78,4.709,15.998,1.182,8.28,1.068
histogram,adaptive,binary,14,1,0,1.0,86.22,-73.78,4.705,16.02,1.18,8.328,1.052
histogram,adaptive,binary,15,1,0,1.0,86.22,-73.78,5.195,17.024,1.199,8.48,1.378
histogram,adaptive,binary,16,1,0,1.0,86.22,-73.78,5.298,17.298,1.197,8.45,1.521
histogram,adaptive,binary,17,1,0,1.0,86.22,-73.78,5.141,17.057,1.177,8.48,1.471
histogram,adaptive,binary,18,1,0,1.0,86.22,-73.78,4.978,16.731,1.258,8.537,1.175
histogram,adaptive,binary,19,1,0,1.0,86.22,-73.78,4.864,16.791,1.24,8.441,1.487
histogram,adaptive,binary,20,1,0,1.0,86.22,-73.78,4.797,16.439,1.22,8.297,1.341
histogram,adaptive,binary,21,1,0,1.0,86.22,-73.78,4.655,16.362,1.129,8.483,1.255
histogram,adaptive,binary,22,1,0,1.0,86.22,-73.78,4.681,16.133,1.144,8.282,1.276
histogram,adaptive,binary,23,1,0,1.0,86.22,-73.78,4.058,15.072,1.13,7.871,1.218
histogram,adaptive,binary,24,1,0,1.0,86.22,-73.78,4.077,14.131,0.983,7.217,1.184
histogram,adaptive,binary,25,1,0,1.0,86.22,-73.78,4.081,14.111,0.995,7.129,1.237
histogram,adaptive,binary,26,1,0,1.0,86.22,-73.78,4.065,14.11,0.985,7.187,1.193
histogram,adaptive,binary,27,1,0,1.0,86.22,-73.78,4.115,14.123,1.036,7.114,1.179
histogram,adaptive,binary,28,1,0,1.0,86.22,-73.78,4.063,14.092,0.985,7.188,1.182
histogram,adaptive,binary,29,1,0,1.0,86.22,-73.78,4.099,14.089,1.048,7.121,1.141
histogram,adaptive,binary,30,1,0,1.0,86.22,-73.78,4.103,14.143,0.981,7.189,1.196
histogram,adaptive,binary,31,1,0,1.0,86.22,-73.78,4.084,14.15,1.032,7.171,1.168
histogram,adaptive,binary,32,1,0,1.0,86.22,-73.78,4.074,14.136,0.991,7.182,1.205
histogram,adaptive,binary,33,1,0,1.0,86.22,-73.78,4.091,14.203,0.992,7.206,1.17
histogram,adaptive,binary,34,1,0,1.0,86.22,-73.78,4.057,14.105,0.993,7.207,1.113
histogram,adaptive,binary,35,1,0,1.0,86.22,-73.78,4.081,14.037,0.997,7.178,1.099
histogram,adaptive,binary,36,1,0,1.0,86.22,-73.78,4.092,14.222,0.991,7.2,1.263
histogram,adaptive,binary,37,1,0,1.0,86.22,-73.78,4.63,14.619,0.986,7.133,1.183
histogram,adaptive,binary,38,1,0,1.0,86.22,-73.78,4.649,16.116,1.2,8.289,1.231
histogram,adaptive,binary,39,1,0,1.0,86.22,-73.78,4.653,16.059,1.138,8.24,1.214
histogram,adaptive,binary,40,1,0,1.0,86.22,-73.78,4.647,16.124,1.142,8.28,1.232
histogram,adaptive,binary,41,1,0,1.0,86.22,-73.78,4.712,16.26,1.154,8.212,1.332
histogram,adaptive,binary,42,1,0,1.0,86.22,-73.78,4.72,16.205,1.13,8.279,1.328
histogram,adaptive,binary,43,1,0,1.0,86.22,-73.78,4.723,16.067,1.144,8.21,1.241
histogram,adaptive,binary,44,1,0,1.0,86.22,-73.78,4.671,16.095,1.132,8.275,1.214
histogram,adaptive,binary,45,1,0,1.0,86.22,-73.78,4.651,16.158,1.129,8.209,1.412
histogram,adaptive,binary,46,1,0,1.0,86.22,-73.78,4.652,16.102,1.138,8.259,1.305
histogram,adaptive,binary,47,1,0,1.0,86.22,-73.78,4.667,16.111,1.145,8.221,1.331
histogram,adaptive,binary,48,1,0,1.0,86.22,-73.78,4.678,16.27,1.139,8.291,1.418
histogram,adaptive,binary,49,1,0,1.0,86.22,-73.78,4.663,16.206,1.148,8.24,1.403
histogram,adaptive,binary,50,1,0,1.0,86.22,-73.78,4.624,16.061,1.139,8.269,1.287
histogram,adaptive,binary,51,1,0,1.0,86.22,-73.78,4.646,16.169,1.14,8.214,1.365
histogram,adaptive,binary,52,1,0,1.0,86.22,-73.78,4.687,16.176,1.141,8.377,1.233
histogram,adaptive,binary,53,1,0,1.0,86.22,-73.78,4.633,16.154,1.192,8.253,1.322
histogram,adaptive,binary,54,1,0,1.0,86.22,-73.78,4.647,16.204,1.18,8.315,1.32
histogram,adaptive,binary,55,1,0,1.0,86.22,-73.78,4.648,16.206,1.2,8.257,1.348
histogram,adaptive,binary,56,1,0,1.0,86.22,-73.78,4.645,16.108,1.196,8.301,1.225
histogram,adaptive,binary,57,1,0,1.0,86.22,-73.78,4.62,16.147,1.141,8.222,1.337
histogram,adaptive,binary,58,1,0,1.0,86.22,-73.78,5.428,17.093,1.135,8.343,1.333
histogram,adaptive,binary,59,1,0,1.0,86.22,-73.78,4.821,16.607,1.229,8.457,1.334
histogram,adaptive,binary,60,1,0,1.0,86.22,-73.78,4.751,16.51,1.145,8.377,1.467
histogram,adaptive,binary,61,1,0,1.0,86.22,-73.78,4.754,16.395,1.156,8.426,1.259
histogram,adaptive,binary,62,1,0,1.0,86.22,-73.78,4.89,16.61,1.221,8.472,1.243
histogram,adaptive,binary,63,1,0,1.0,86.22,-73.78,4.747,16.402,1.217,8.374,1.286
histogram,adaptive,binary,64,1,0,1.0,86.22,-73.78,4.864,16.507,1.146,8.419,1.24
histogram,adaptive,binary,65,1,0,1.0,86.22,-73.78,4.835,16.399,1.151,8.344,1.288
histogram,adaptive,binary,66,1,0,1.0,86.22,-73.78,5.005,16.762,1.147,8.384,1.447
histogram,adaptive,binary,67,1,0,1.0,86.22,-73.78,4.655,16.146,1.129,8.257,1.348
histogram,adaptive,binary,68,1,0,1.0,86.22,-73.78,4.781,16.246,1.134,8.282,1.308
histogram,adaptive,binary,69,1,0,1.0,86.22,-73.78,4.655,16.059,1.14,8.313,1.2
histogram,adaptive,binary,70,1,0,1.0,86.22,-73.78,4.647,16.127,1.14,8.376,1.222
histogram,adaptive,binary,71,1,0,1.0,86.22,-73.78,4.64,16.085,1.198,8.251,1.208
histogram,adaptive,binary,72,1,0,1.0,86.22,-73.78,4.641,16.273,1.194,8.349,1.338
histogram,adaptive,binary,73,1,0,1.0,86.22,-73.78,4.67,16.317,1.282,8.38,1.228
histogram,adaptive,binary,74,1,0,1.0,86.22,-73.78,4.646,16.19,1.191,8.271,1.337
histogram,adaptive,binary,75,1,0,1.0,86.22,-73.78,4.645,16.151,1.133,8.22,1.326
histogram,adaptive,binary,76,1,0,1.0,86.22,-73.78,4.688,16.106,1.129,8.28,1.21
histogram,adaptive,binary,77,1,0,1.0,86.22,-73.78,4.741,16.143,1.129,8.217,1.239
histogram,adaptive,binary,78,1,0,1.0,86.22,-73.78,4.729,16.106,1.131,8.277,1.221
histogram,adaptive,binary,79,1,0,1.0,86.22,-73.78,4.757,16.208,1.135,8.206,1.357
histogram,adaptive,binary,80,1,0,1.0,86.22,-73.78,4.661,16.142,1.144,8.288,1.245
histogram,adaptive,binary,81,1,0,1.0,86.22,-73.78,4.662,16.177,1.139,8.19,1.394
histogram,adaptive,binary,82,1,0,1.0,86.22,-73.78,4.677,16.141,1.144,8.274,1.304
histogram,adaptive,binary,83,1,0,1.0,86.22,-73.78,4.677,16.18,1.144,8.191,1.427
histogram,adaptive,binary,84,1,0,1.0,86.22,-73.78,4.696,16.269,1.136,8.274,1.417
histogram,adaptive,binary,85,1,0,1.0,86.22,-73.78,4.671,16.035,1.138,8.199,1.278
histogram,adaptive,binary,86,1,0,1.0,86.22,-73.78,4.698,16.132,1.144,8.286,1.257
histogram,adaptive,binary,87,1,0,1.0,86.22,-73.78,4.653,16.152,1.127,8.286,1.335
histogram,adaptive,binary,88,1,0,1.0,86.22,-73.78,4.654,16.217,1.191,8.308,1.32
histogram,adaptive,binary,89,1,0,1.0,86.22,-73.78,4.651,16.211,1.194,8.266,1.352
histogram,adaptive,binary,90,1,0,1.0,86.22,-73.78,4.661,16.096,1.192,8.309,1.19
histogram,adaptive,binary,91,1,0,1.0,86.22,-73.78,4.655,16.226,1.187,8.248,1.35
histogram,adaptive,binary,92,1,0,1.0,86.22,-73.78,4.643,16.096,1.192,8.289,1.219
histogram,adaptive,binary,93,1,0,1.0,86.22,-73.78,4.693,16.097,1.143,8.213,1.238
histogram,adaptive,binary,94,1,0,1.0,86.22,-73.78,4.647,16.106,1.134,8.294,1.217
histogram,adaptive,binary,95,1,0,1.0,86.22,-73.78,4.677,16.164,1.155,8.219,1.209
histogram,adaptive,binary,96,1,0,1.0,86.22,-73.78,4.714,16.215,1.134,8.273,1.355
histogram,adaptive,binary,97,1,0,1.0,86.22,-73.78,4.732,16.16,1.134,8.209,1.338
histogram,adaptive,binary,98,1,0,1.0,86.22,-73.78,4.699,16.171,1.142,8.279,1.233
histogram,adaptive,binary,99,1,0,1.0,86.22,-73.78,4.64,16.039,1.13,8.198,1.268
histogram,adaptive,binary,100,1,0,1.0,86.22,-73.78,4.714,16.16,1.142,8.277,1.271
histogram,adaptive,binary,101,1,0,1.0,86.22,-73.78,4.673,16.137,1.142,8.212,1.328
histogram,adaptive,binary,102,1,0,1.0,86.22,-73.78,4.654,16.228,1.136,8.295,1.402
histogram,adaptive,binary,103,1,0,1.0,86.22,-73.78,4.648,16.176,1.164,8.221,1.395
histogram,adaptive,binary,104,1,0,1.0,86.22,-73.78,4.649,16.203,1.145,8.289,1.37
histogram,adaptive,binary,105,1,0,1.0,86.22,-73.78,4.656,16.174,1.157,8.28,1.339
histogram,adaptive,binary,106,1,0,1.0,86.22,-73.78,4.114,14.6,1.192,7.275,1.281
histogram,adaptive,binary,107,1,0,1.0,86.22,-73.78,4.073,13.992,0.995,7.152,1.095
histogram,adaptive,binary,108,1,0,1.0,86.22,-73.78,4.105,14.229,1.04,7.166,1.241
histogram,adaptive,binary,109,1,0,1.0,86.22,-73.78,4.115,13.989,1.001,7.123,1.078
histogram,adaptive,binary,110,1,0,1.0,86.22,-73.78,4.107,14.231,1.046,7.22,1.179
histogram,adaptive,binary,111,1,0,1.0,86.22,-73.78,4.073,14.029,1.0,7.178,1.072
histogram,adaptive,binary,112,1,0,1.0,86.22,-73.78,4.105,14.133,0.991,7.218,1.078
histogram,adaptive,binary,113,1,0,1.0,86.22,-73.78,4.638,15.592,0.987,7.83,1.448
histogram,adaptive,binary,114,1,0,1.0,86.22,-73.78,4.644,16.097,1.139,8.276,1.292
histogram,adaptive,binary,115,1,0,1.0,86.22,-73.78,4.659,16.036,1.135,8.243,1.27
histogram,adaptive,binary,116,1,0,1.0,86.22,-73.78,4.685,16.121,1.129,8.282,1.284
histogram,adaptive,binary,117,1,0,1.0,86.22,-73.78,4.655,16.045,1.149,8.288,1.194
histogram,adaptive,binary,118,1,0,1.0,86.22,-73.78,4.66,16.107,1.141,8.346,1.221
histogram,adaptive,binary,119,1,0,1.0,86.22,-73.78,4.067,15.381,1.195,8.245,1.138
histogram,adaptive,binary,120,1,0,1.0,86.22,-73.78,4.137,14.199,0.996,7.18,1.213
histogram,adaptive,binary,121,1,0,1.0,86.22,-73.78,4.219,14.489,0.996,7.396,1.139
histogram,adaptive,binary,122,1,0,1.0,86.22,-73.78,4.195,14.597,1.111,7.284,1.299
histogram,adaptive,binary,123,1,0,1.0,86.22,-73.78,4.182,14.402,1.007,7.259,1.257
histogram,adaptive,binary,124,1,0,1.0,86.22,-73.78,4.182,14.401,1.004,7.326,1.136
histogram,adaptive,binary,125,1,0,1.0,86.22,-73.78,4.202,14.408,1.014,7.269,1.212
histogram,adaptive,binary,126,1,0,1.0,86.22,-73.78,4.75,14.984,0.988,7.331,1.211
histogram,adaptive,binary,127,1,0,1.0,86.22,-73.78,4.833,16.586,1.154,8.368,1.388
histogram,adaptive,binary,128,1,0,1.0,86.22,-73.78,4.747,16.536,1.152,8.385,1.394
histogram,adaptive,binary,129,1,0,1.0,86.22,-73.78,5.03,16.766,1.162,8.329,1.472
histogram,adaptive,binary,130,1,0,1.0,86.22,-73.78,4.66,16.098,1.136,8.284,1.273
histogram,adaptive,binary,131,1,0,1.0,86.22,-73.78,4.774,16.353,1.136,8.225,1.403
histogram,adaptive,binary,132,1,0,1.0,86.22,-73.78,4.45,16.044,1.188,8.342,1.318
histogram,adaptive,binary,133,1,0,1.0,86.22,-73.78,4.107,14.206,1.034,7.109,1.289
histogram,adaptive,binary,134,1,0,1.0,86.22,-73.78,4.077,14.022,0.99,7.189,1.105
histogram,adaptive,binary,135,1,0,1.0,86.22,-73.78,4.116,14.117,1.064,7.086,1.165
histogram,adaptive,binary,136,1,0,1.0,86.22,-73.78,4.085,14.129,0.984,7.177,1.204
histogram,adaptive,binary,137,1,0,1.0,86.22,-73.78,4.079,14.056,1.044,7.112,1.153
histogram,adaptive,binary,138,1,0,1.0,86.22,-73.78,4.103,14.259,0.985,7.409,1.088
histogram,adaptive,binary,139,1,0,1.0,86.22,-73.78,4.07,14.147,0.993,7.15,1.203
histogram,adaptive,binary,140,1,0,1.0,86.22,-73.78,4.654,16.037,1.139,8.282,1.254
histogram,adaptive,binary,141,1,0,1.0,86.22,-73.78,4.634,16.092,1.141,8.243,1.289
histogram,adaptive,binary,142,1,0,1.0,86.22,-73.78,4.662,16.249,1.142,8.377,1.33
histogram,adaptive,binary,143,1,0,1.0,86.22,-73.78,4.644,16.183,1.193,8.265,1.324
histogram,adaptive,binary,144,1,0,1.0,86.22,-73.78,4.652,16.128,1.18,8.316,1.223
histogram,adaptive,binary,145,1,0,1.0,86.22,-73.78,4.678,16.07,1.18,8.259,1.207
histogram,adaptive,binary,146,1,0,1.0,86.22,-73.78,4.062,14.931,1.176,7.761,1.2
histogram,adaptive,binary,147,1,0,1.0,86.22,-73.78,4.196,14.071,0.996,7.112,1.092
histogram,adaptive,binary,148,1,0,1.0,86.22,-73.78,4.098,14.113,0.978,7.245,1.109
histogram,adaptive,binary,149,1,0,1.0,86.22,-73.78,4.083,14.176,0.991,7.14,1.28
histogram,adaptive,binary,150,1,0,1.0,86.22,-73.78,4.082,14.036,0.996,7.19,1.094
histogram,adaptive,binary,151,1,0,1.0,86.22,-73.78,4.086,14.219,1.032,7.103,1.294
histogram,adaptive,binary,152,1,0,1.0,86.22,-73.78,4.057,14.07,0.988,7.166,1.182
histogram,adaptive,binary,153,1,0,1.0,86.22,-73.78,4.085,14.088,1.051,7.107,1.162
histogram,adaptive,binary,154,1,0,1.0,86.22,-73.78,4.077,14.096,0.986,7.169,1.189
histogram,adaptive,binary,155,1,0,1.0,86.22,-73.78,4.068,14.065,1.05,7.16,1.104
histogram,adaptive,binary,156,1,0,1.0,86.22,-73.78,4.078,14.118,0.99,7.184,1.188
histogram,adaptive,binary,157,1,0,1.0,86.22,-73.78,4.143,14.23,0.997,7.178,1.172
histogram,adaptive,binary,158,1,0,1.0,86.22,-73.78,4.155,14.102,0.993,7.188,1.082
histogram,adaptive,binary,159,1,0,1.0,86.22,-73.78,4.093,14.121,0.991,7.16,1.195
histogram,adaptive,binary,160,1,0,1.0,86.22,-73.78,4.676,14.838,0.992,7.199,1.285
histogram,adaptive,binary,161,1,0,1.0,86.22,-73.78,4.652,16.2,1.156,8.21,1.395
histogram,adaptive,binary,162,1,0,1.0,86.22,-73.78,4.66,16.118,1.143,8.281,1.283
histogram,adaptive,binary,163,1,0,1.0,86.22,-73.78,4.692,16.212,1.148,8.204,1.407
histogram,adaptive,binary,164,1,0,1.0,86.22,-73.78,4.649,16.108,1.138,8.284,1.275
histogram,adaptive,binary,165,1,0,1.0,86.22,-73.78,4.643,16.071,1.154,8.296,1.229
histogram,adaptive,binary,166,1,0,1.0,86.22,-73.78,4.58,16.175,1.137,8.392,1.326
histogram,adaptive,binary,167,1,0,1.0,86.22,-73.78,4.103,14.207,1.037,7.119,1.278
histogram,adaptive,binary,168,1,0,1.0,86.22,-73.78,4.071,14.055,0.987,7.2,1.121
histogram,adaptive,binary,169,1,0,1.0,86.22,-73.78,4.101,14.195,1.049,7.107,1.255
histogram,adaptive,binary,170,1,0,1.0,86.22,-73.78,4.085,14.038,0.99,7.189,1.09
histogram,adaptive,binary,171,1,0,1.0,86.22,-73.78,4.072,14.068,1.031,7.077,1.151
histogram,adaptive,binary,172,1,0,1.0,86.22,-73.78,4.098,14.029,0.993,7.183,1.081
histogram,adaptive,binary,173,1,0,1.0,86.22,-73.78,4.082,14.136,1.053,7.146,1.18
histogram,adaptive,binary,174,1,0,1.0,86.22,-73.78,4.09,14.132,0.987,7.179,1.199
histogram,adaptive,binary,175,1,0,1.0,86.22,-73.78,4.089,14.142,1.006,7.183,1.128
histogram,adaptive,binary,176,1,0,1.0,86.22,-73.78,4.136,14.165,0.992,7.196,1.114
histogram,adaptive,binary,177,1,0,1.0,86.22,-73.78,4.066,14.099,0.981,7.171,1.186
histogram,adaptive,binary,178,1,0,1.0,86.22,-73.78,4.105,14.146,0.997,7.201,1.163
histogram,adaptive,binary,179,1,0,1.0,86.22,-73.78,4.116,14.125,0.993,7.171,1.166
histogram,adaptive,binary,180,1,0,1.0,86.22,-73.78,4.1,14.226,1.028,7.16,1.267
histogram,adaptive,binary,181,1,0,1.0,86.22,-73.78,4.175,14.226,1.002,7.144,1.192
histogram,adaptive,binary,182,1,0,1.0,86.22,-73.78,4.059,14.113,1.046,7.231,1.095
histogram,adaptive,binary,183,1,0,1.0,86.22,-73.78,4.114,14.01,1.006,7.121,1.094
histogram,adaptive,binary,184,1,0,1.0,86.22,-73.78,4.072,14.135,0.991,7.229,1.099
histogram,adaptive,binary,185,1,0,1.0,86.22,-73.78,4.121,14.031,1.0,7.12,1.099
histogram,adaptive,binary,186,1,0,1.0,86.22,-73.78,4.054,14.072,0.972,7.223,1.087
histogram,adaptive,binary,187,1,0,1.0,86.22,-73.78,4.074,14.129,0.994,7.129,1.192
histogram,adaptive,binary,188,1,0,1.0,86.22,-73.78,4.958,15.379,0.983,7.266,1.461
histogram,adaptive,binary,189,1,0,1.0,86.22,-73.78,4.141,14.116,0.99,7.17,1.073
histogram,adaptive,binary,190,1,0,1.0,86.22,-73.78,4.089,14.048,0.986,7.203,1.094
histogram,adaptive,binary,191,1,0,1.0,86.22,-73.78,4.056,14.078,0.984,7.154,1.168
histogram,adaptive,binary,192,1,0,1.0,86.22,-73.78,4.068,14.165,0.986,7.189,1.246
histogram,adaptive,binary,193,1,0,1.0,86.22,-73.78,4.116,14.048,0.985,7.164,1.114
histogram,adaptive,binary,194,1,0,1.0,86.22,-73.78,4.1,14.301,1.047,7.198,1.279
histogram,adaptive,binary,195,1,0,1.0,86.22,-73.78,4.778,15.24,0.992,7.556,1.234
histogram,adaptive,binary,196,1,0,1.0,86.22,-73.78,4.738,16.254,1.132,8.286,1.346
histogram,adaptive,binary,197,1,0,1.0,86.22,-73.78,4.731,16.077,1.134,8.217,1.235
histogram,adaptive,binary,198,1,0,1.0,86.22,-73.78,4.663,16.089,1.137,8.255,1.218
histogram,adaptive,binary,199,1,0,1.0,86.22,-73.78,4.663,16.197,1.147,8.233,1.402
histogram,adaptive,binary,200,1,0,1.0,86.22,-73.78,4.654,16.263,1.134,8.304,1.419
histogram,adaptive,binary,201,1,0,1.0,86.22,-73.78,4.147,15.783,1.149,8.249,1.455
histogram,adaptive,binary,202,1,0,1.0,86.22,-73.78,4.105,14.111,0.992,7.203,1.122
histogram,adaptive,binary,203,1,0,1.0,86.22,-73.78,4.09,14.031,1.051,7.156,1.074
histogram,adaptive,binary,204,1,0,1.0,86.22,-73.78,4.11,14.125,0.993,7.152,1.193
histogram,adaptive,binary,205,1,0,1.0,86.22,-73.78,4.084,14.152,0.997,7.139,1.182
histogram,adaptive,binary,206,1,0,1.0,86.22,-73.78,4.083,14.191,0.995,7.192,1.199
histogram,adaptive,binary,207,1,0,1.0,86.22,-73.78,4.365,14.32,0.996,7.157,1.111
histogram,adaptive,binary,208,1,0,1.0,86.22,-73.78,4.092,14.127,1.043,7.154,1.156
histogram,adaptive,binary,209,1,0,1.0,86.22,-73.78,4.091,14.005,0.982,7.141,1.112
histogram,adaptive,binary,210,1,0,1.0,86.22,-73.78,4.144,14.159,1.04,7.156,1.147
histogram,adaptive,binary,211,1,0,1.0,86.22,-73.78,4.11,14.038,0.986,7.133,1.098
histogram,adaptive,binary,212,1,0,1.0,86.22,-73.78,4.092,14.108,1.043,7.189,1.109
histogram,adaptive,binary,213,1,0,1.0,86.22,-73.78,4.095,14.012,0.986,7.136,1.106
histogram,adaptive,binary,214,1,0,1.0,86.22,-73.78,4.079,14.111,1.037,7.235,1.08
histogram,adaptive,binary,215,1,0,1.0,86.22,-73.78,4.094,14.056,0.985,7.127,1.187
histogram,adaptive,binary,216,1,0,1.0,86.22,-73.78,4.676,16.228,1.133,8.274,1.351
histogram,adaptive,binary,217,1,0,1.0,86.22,-73.78,4.746,16.143,1.133,8.238,1.208
histogram,adaptive,binary,218,1,0,1.0,86.22,-73.78,4.752,16.24,1.131,8.267,1.348
histogram,adaptive,binary,219,1,0,1.0,86.22,-73.78,4.721,16.209,1.146,8.231,1.351
histogram,adaptive,binary,220,1,0,1.0,86.22,-73.78,4.652,16.223,1.142,8.262,1.42
histogram,adaptive,binary,221,1,0,1.0,86.22,-73.78,4.659,16.117,1.141,8.218,1.309
histogram,adaptive,binary,222,1,0,1.0,86.22,-73.78,4.664,16.217,1.136,8.283,1.389
histogram,adaptive,binary,223,1,0,1.0,86.22,-73.78,4.665,16.108,1.147,8.247,1.293
histogram,adaptive,binary,224,1,0,1.0,86.22,-73.78,4.633,16.073,1.141,8.254,1.298
histogram,adaptive,binary,225,1,0,1.0,86.22,-73.78,4.65,16.132,1.143,8.213,1.383
histogram,adaptive,binary,226,1,0,1.0,86.22,-73.78,4.684,16.117,1.14,8.312,1.183
histogram,adaptive,binary,227,1,0,1.0,86.22,-73.78,4.694,16.253,1.135,8.324,1.345
histogram,adaptive,binary,228,1,0,1.0,86.22,-73.78,4.654,16.21,1.179,8.315,1.317
histogram,adaptive,binary,229,1,0,1.0,86.22,-73.78,4.648,16.075,1.198,8.259,1.223
histogram,adaptive,binary,230,1,0,1.0,86.22,-73.78,4.668,16.107,1.186,8.321,1.185
histogram,adaptive,binary,231,1,0,1.0,86.22,-73.78,4.638,16.071,1.18,8.238,1.228
histogram,adaptive,binary,232,1,0,1.0,86.22,-73.78,4.658,16.224,1.187,8.318,1.316
histogram,adaptive,binary,233,1,0,1.0,86.22,-73.78,4.64,16.139,1.137,8.226,1.32
histogram,adaptive,binary,234,1,0,1.0,86.22,-73.78,4.29,15.72,1.138,8.289,1.194
histogram,adaptive,binary,235,1,0,1.0,86.22,-73.78,4.076,14.088,1.051,7.172,1.112
histogram,adaptive,binary,236,1,0,1.0,86.22,-73.78,4.089,14.033,0.99,7.194,1.086
histogram,adaptive,binary,237,1,0,1.0,86.22,-73.78,4.063,14.045,0.986,7.15,1.099
histogram,adaptive,binary,238,1,0,1.0,86.22,-73.78,4.1,14.06,0.989,7.196,1.094
histogram,adaptive,binary,239,1,0,1.0,86.22,-73.78,4.108,14.125,0.983,7.151,1.206
histogram,adaptive,binary,240,1,0,1.0,86.22,-73.78,4.081,14.19,0.988,7.194,1.253
histogram,adaptive,binary,241,1,0,1.0,86.22,-73.78,4.08,14.016,0.987,7.128,1.109
histogram,adaptive,binary,242,1,0,1.0,86.22,-73.78,4.103,14.261,1.037,7.177,1.263
histogram,adaptive,binary,243,1,0,1.0,86.22,-73.78,4.119,14.16,0.996,7.169,1.197
histogram,adaptive,binary,244,1,0,1.0,86.22,-73.78,4.089,14.228,1.03,7.179,1.253
histogram,adaptive,binary,245,1,0,1.0,86.22,-73.78,4.095,14.143,0.998,7.13,1.238
histogram,adaptive,binary,246,1,0,1.0,86.22,-73.78,4.086,14.127,0.989,7.235,1.077
histogram,adaptive,binary,247,1,0,1.0,86.22,-73.78,4.073,13.983,0.986,7.142,1.107
histogram,adaptive,binary,248,1,0,1.0,86.22,-73.78,4.072,14.179,0.996,7.232,1.066
histogram,adaptive,binary,249,1,0,1.0,86.22,-73.78,4.649,15.841,1.003,8.211,1.293
histogram,adaptive,binary,250,1,0,1.0,86.22,-73.78,4.656,16.084,1.133,8.289,1.254
histogram,adaptive,binary,251,1,0,1.0,86.22,-73.78,4.648,16.211,1.143,8.302,1.337
histogram,adaptive,binary,252,1,0,1.0,86.22,-73.78,4.635,16.115,1.186,8.313,1.235
histogram,adaptive,binary,253,1,0,1.0,86.22,-73.78,4.647,16.065,1.189,8.257,1.224
histogram,adaptive,binary,254,1,0,1.0,86.22,-73.78,5.565,17.117,1.186,8.327,1.233
histogram,adaptive,binary,255,1,0,1.0,86.22,-73.78,4.802,16.427,1.178,8.345,1.269
histogram,adaptive,binary,256,1,0,1.0,86.22,-73.78,4.84,16.333,1.135,8.277,1.338
histogram,adaptive,binary,257,1,0,1.0,86.22,-73.78,4.654,16.175,1.149,8.213,1.406
histogram,adaptive,binary,258,1,0,1.0,86.22,-73.78,4.66,16.354,1.132,8.475,1.338
histogram,adaptive,binary,259,1,0,1.0,86.22,-73.78,4.69,16.267,1.143,8.256,1.434
histogram,adaptive,binary,260,1,0,1.0,86.22,-73.78,4.638,16.176,1.126,8.271,1.389
histogram,adaptive,binary,261,1,0,1.0,86.22,-73.78,4.087,15.376,1.137,8.127,1.247
histogram,adaptive,binary,262,1,0,1.0,86.22,-73.78,4.093,14.027,0.984,7.19,1.08
histogram,adaptive,binary,263,1,0,1.0,86.22,-73.78,4.06,14.069,0.996,7.155,1.111
histogram,adaptive,binary,264,1,0,1.0,86.22,-73.78,4.081,14.099,0.985,7.18,1.189
histogram,adaptive,binary,265,1,0,1.0,86.22,-73.78,4.074,14.053,0.989,7.155,1.084
histogram,adaptive,binary,266,1,0,1.0,86.22,-73.78,4.088,14.105,0.998,7.193,1.085
histogram,adaptive,binary,267,1,0,1.0,86.22,-73.78,4.064,14.004,0.988,7.173,1.105
histogram,adaptive,binary,268,1,0,1.0,86.22,-73.78,4.631,14.756,0.994,7.192,1.258
histogram,adaptive,binary,269,1,0,1.0,86.22,-73.78,4.667,16.2,1.144,8.241,1.397
histogram,adaptive,binary,270,1,0,1.0,86.22,-73.78,4.677,16.135,1.143,8.273,1.287
histogram,adaptive,binary,271,1,0,1.0,86.22,-73.78,4.65,16.213,1.148,8.205,1.429
histogram,adaptive,binary,272,1,0,1.0,86.22,-73.78,4.665,16.095,1.131,8.291,1.257
histogram,adaptive,binary,273,1,0,1.0,86.22,-73.78,4.685,16.068,1.144,8.208,1.287
histogram,adaptive,binary,274,1,0,1.0,86.22,-73.78,4.656,16.527,1.14,8.376,1.606
histogram,adaptive,binary,275,1,0,1.0,86.22,-73.78,4.614,16.071,1.183,8.29,1.223
histogram,adaptive,binary,276,1,0,1.0,86.22,-73.78,4.649,16.231,1.183,8.333,1.32
histogram,adaptive,binary,277,1,0,1.0,86.22,-73.78,4.653,16.065,1.182,8.25,1.227
histogram,adaptive,binary,278,1,0,1.0,86.22,-73.78,4.659,16.099,1.176,8.3,1.215
histogram,adaptive,binary,279,1,0,1.0,86.22,-73.78,4.637,16.177,1.209,8.239,1.339
histogram,adaptive,binary,280,1,0,1.0,86.22,-73.78,4.643,16.182,1.142,8.277,1.322
histogram,adaptive,binary,281,1,0,1.0,86.22,-73.78,4.712,16.281,1.139,8.229,1.348
histogram,adaptive,binary,282,1,0,1.0,86.22,-73.78,4.756,16.272,1.134,8.289,1.331
histogram,adaptive,binary,283,1,0,1.0,86.22,-73.78,4.734,16.16,1.144,8.186,1.349
histogram,adaptive,binary,284,1,0,1.0,86.22,-73.78,4.67,16.096,1.135,8.276,1.2
histogram,adaptive,binary,285,1,0,1.0,86.22,-73.78,4.667,16.178,1.131,8.194,1.426
histogram,adaptive,binary,286,1,0,1.0,86.22,-73.78,4.65,16.179,1.14,8.258,1.386
histogram,adaptive,binary,287,1,0,1.0,86.22,-73.78,4.125,15.208,1.138,8.03,1.169
histogram,adaptive,binary,288,1,0,1.0,86.22,-73.78,4.073,14.038,0.985,7.224,1.079
histogram,adaptive,binary,289,1,0,1.0,86.22,-73.78,4.102,14.099,1.051,7.103,1.167
histogram,adaptive,binary,290,1,0,1.0,86.22,-73.78,4.071,14.012,0.983,7.17,1.107
histogram,adaptive,binary,291,1,0,1.0,86.22,-73.78,4.105,14.155,1.066,7.104,1.164
histogram,adaptive,binary,292,1,0,1.0,86.22,-73.78,4.081,14.041,0.988,7.183,1.118
histogram,adaptive,binary,293,1,0,1.0,86.22,-73.78,4.076,14.085,1.053,7.1,1.151
histogram,adaptive,binary,294,1,0,1.0,86.22,-73.78,4.078,14.046,0.989,7.19,1.112
histogram,adaptive,binary,295,1,0,1.0,86.22,-73.78,4.068,14.064,1.002,7.146,1.1
histogram,adaptive,binary,296,1,0,1.0,86.22,-73.78,4.089,13.992,0.987,7.159,1.074
histogram,adaptive,binary,297,1,0,1.0,86.22,-73.78,4.079,14.072,0.992,7.161,1.104
histogram,adaptive,binary,298,1,0,1.0,86.22,-73.78,4.142,14.183,0.984,7.19,1.2
histogram,adaptive,binary,299,1,0,1.0,86.22,-73.78,4.091,14.095,0.984,7.158,1.174
histogram,adaptive,binary,300,1,0,1.0,86.22,-73.78,4.076,14.12,0.99,7.214,1.154
histogram,adaptive,binary,301,1,0,1.0,86.22,-73.78,4.095,14.013,0.983,7.139,1.101
histogram,adaptive,binary,302,1,0,1.0,86.22,-73.78,4.076,14.211,1.042,7.165,1.255
histogram,adaptive,binary,303,1,0,1.0,86.22,-73.78,4.109,13.993,0.992,7.116,1.095
histogram,adaptive,binary,304,1,0,1.0,86.22,-73.78,4.085,14.221,1.035,7.171,1.258
histogram,adaptive,binary,305,1,0,1.0,86.22,-73.78,4.086,14.099,0.997,7.132,1.208
histogram,adaptive,binary,306,1,0,1.0,86.22,-73.78,4.063,14.075,1.032,7.211,1.087
histogram,adaptive,binary,307,1,0,1.0,86.22,-73.78,4.085,14.058,0.991,7.103,1.199
histogram,adaptive,binary,308,1,0,1.0,86.22,-73.78,4.06,14.117,0.994,7.255,1.075
histogram,adaptive,binary,309,1,0,1.0,86.22,-73.78,4.071,14.056,0.987,7.122,1.198
histogram,adaptive,binary,310,1,0,1.0,86.22,-73.78,4.073,14.115,0.997,7.223,1.078
histogram,adaptive,binary,311,1,0,1.0,86.22,-73.78,4.095,14.247,1.004,7.141,1.234
histogram,adaptive,binary,312,1,0,1.0,86.22,-73.78,4.065,14.011,0.98,7.208,1.075
histogram,adaptive,binary,313,1,0,1.0,86.22,-73.78,4.089,14.27,0.992,7.199,1.314
histogram,adaptive,binary,314,1,0,1.0,86.22,-73.78,4.062,14.094,0.992,7.173,1.196
histogram,adaptive,binary,315,1,0,1.0,86.22,-73.78,4.134,14.134,1.038,7.114,1.171
histogram,adaptive,binary,316,1,0,1.0,86.22,-73.78,4.057,14.009,0.98,7.183,1.115
histogram,adaptive,binary,317,1,0,1.0,86.22,-73.78,4.074,14.037,1.042,7.096,1.142
histogram,adaptive,binary,318,1,0,1.0,86.22,-73.78,4.079,14.122,0.988,7.198,1.186
histogram,adaptive,binary,319,1,0,1.0,86.22,-73.78,4.058,14.071,1.06,7.175,1.094
histogram,adaptive,binary,320,1,0,1.0,86.22,-73.78,4.066,14.054,0.995,7.215,1.106
histogram,adaptive,binary,321,1,0,1.0,86.22,-73.78,4.401,14.71,0.996,7.42,1.11
histogram,adaptive,binary,322,1,0,1.0,86.22,-73.78,4.155,14.348,0.993,7.243,1.278
histogram,adaptive,binary,323,1,0,1.0,86.22,-73.78,4.823,15.795,1.003,8.063,1.216
histogram,adaptive,binary,324,1,0,1.0,86.22,-73.78,4.656,16.089,1.138,8.262,1.234
histogram,adaptive,binary,325,1,0,1.0,86.22,-73.78,5.386,18.152,1.137,8.234,2.619
histogram,adaptive,binary,326,1,0,1.0,86.22,-73.78,4.661,16.141,1.21,8.339,1.183
histogram,adaptive,binary,327,1,0,1.0,86.22,-73.78,4.648,16.17,1.195,8.27,1.3
histogram,adaptive,binary,328,1,0,1.0,86.22,-73.78,4.665,16.152,1.144,8.311,1.229
histogram,adaptive,binary,329,1,0,1.0,86.22,-73.78,4.071,14.975,1.146,7.768,1.188
histogram,adaptive,binary,330,1,0,1.0,86.22,-73.78,4.113,14.234,1.044,7.151,1.246
histogram,adaptive,binary,331,1,0,1.0,86.22,-73.78,4.11,14.043,0.997,7.134,1.087
histogram,adaptive,binary,332,1,0,1.0,86.22,-73.78,4.069,14.212,1.028,7.183,1.258
histogram,adaptive,binary,333,1,0,1.0,86.22,-73.78,4.098,14.0,0.997,7.119,1.105
histogram,adaptive,binary,334,1,0,1.0,86.22,-73.78,4.079,14.12,0.991,7.23,1.079
histogram,adaptive,binary,335,1,0,1.0,86.22,-73.78,4.066,13.962,0.99,7.139,1.12
histogram,adaptive,binary,336,1,0,1.0,86.22,-73.78,4.065,14.115,0.992,7.226,1.081
histogram,adaptive,binary,337,1,0,1.0,86.22,-73.78,4.161,14.152,0.982,7.153,1.186
histogram,adaptive,binary,338,1,0,1.0,86.22,-73.78,4.061,14.043,0.988,7.223,1.093
histogram,adaptive,binary,339,1,0,1.0,86.22,-73.78,4.087,14.154,0.989,7.145,1.26
histogram,adaptive,binary,340,1,0,1.0,86.22,-73.78,4.07,14.122,0.995,7.209,1.178
histogram,adaptive,binary,341,1,0,1.0,86.22,-73.78,4.087,14.21,1.035,7.095,1.262
histogram,adaptive,binary,342,1,0,1.0,86.22,-73.78,4.063,14.136,0.986,7.234,1.18
histogram,adaptive,binary,343,1,0,1.0,86.22,-73.78,4.992,15.078,1.051,7.091,1.263
histogram,adaptive,binary,344,1,0,1.0,86.22,-73.78,4.688,16.151,1.141,8.359,1.211
histogram,adaptive,binary,345,1,0,1.0,86.22,-73.78,4.627,16.188,1.184,8.282,1.348
histogram,adaptive,binary,346,1,0,1.0,86.22,-73.78,4.629,16.221,1.19,8.352,1.306
histogram,adaptive,binary,347,1,0,1.0,86.22,-73.78,4.646,16.053,1.199,8.236,1.213
histogram,adaptive,binary,348,1,0,1.0,86.22,-73.78,4.665,16.137,1.188,8.315,1.222
histogram,adaptive,binary,349,1,0,1.0,86.22,-73.78,4.649,16.065,1.192,8.242,1.234
histogram,adaptive,binary,350,1,0,1.0,86.22,-73.78,4.651,16.241,1.162,8.3,1.324
histogram,adaptive,binary,351,1,0,1.0,86.22,-73.78,4.678,16.112,1.14,8.234,1.216
histogram,adaptive,binary,352,1,0,1.0,86.22,-73.78,4.718,16.228,1.135,8.282,1.345
histogram,adaptive,binary,353,1,0,1.0,86.22,-73.78,4.755,16.07,1.137,8.205,1.223
histogram,adaptive,binary,354,1,0,1.0,86.22,-73.78,4.665,16.238,1.134,8.289,1.344
histogram,adaptive,binary,355,1,0,1.0,86.22,-73.78,4.65,16.041,1.143,8.223,1.218
histogram,adaptive,binary,356,1,0,1.0,86.22,-73.78,4.661,16.209,1.128,8.28,1.393
histogram,adaptive,binary,357,1,0,1.0,86.22,-73.78,4.689,16.109,1.147,8.22,1.307
histogram,adaptive,binary,358,1,0,1.0,86.22,-73.78,4.73,16.235,1.139,8.312,1.313
histogram,adaptive,binary,359,1,0,1.0,86.22,-73.78,4.646,16.155,1.132,8.222,1.399
histogram,adaptive,binary,360,1,0,1.0,86.22,-73.78,4.643,16.198,1.143,8.277,1.395
histogram,adaptive,binary,361,1,0,1.0,86.22,-73.78,4.644,16.157,1.136,8.333,1.225
histogram,adaptive,binary,362,1,0,1.0,86.22,-73.78,4.053,15.069,1.187,8.007,1.087
histogram,adaptive,binary,363,1,0,1.0,86.22,-73.78,4.076,14.028,0.989,7.122,1.186
histogram,fixed,combined,0,1,1,0.0983,189.89,29.89,4.067,7.285,1.09,0.13,1.278
histogram,fixed,combined,1,1,1,0.0983,189.89,29.89,4.031,6.976,1.103,0.13,0.96
histogram,fixed,combined,2,1,1,0.0983,189.89,29.89,4.179,7.979,1.094,0.285,1.583
histogram,fixed,combined,3,1,1,0.0983,189.89,29.89,4.963,8.05,1.072,0.125,1.125
histogram,fixed,combined,4,1,1,0.0983,189.89,29.89,9.504,17.435,1.497,0.541,4.452
histogram,fixed,combined,5,1,1,0.0983,189.89,29.89,4.053,7.667,1.323,0.159,1.065
histogram,fixed,combined,6,1,1,0.0983,189.89,29.89,3.335,6.178,1.007,0.107,0.936
histogram,fixed,combined,7,1,1,0.0983,189.92,29.92,4.242,7.294,1.0,0.106,1.179
histogram,fixed,combined,8,1,1,0.0983,189.92,29.92,4.243,7.961,1.147,0.247,1.45
histogram,fixed,combined,9,1,1,0.0983,189.92,29.92,3.397,6.713,1.137,0.111,1.305
histogram,fixed,combined,10,1,1,0.0983,189.9,29.9,3.418,6.659,1.152,0.107,1.197
histogram,fixed,combined,11,1,1,0.0983,189.89,29.89,3.458,6.651,1.208,0.126,1.084
histogram,fixed,combined,12,1,1,0.0983,189.89,29.89,3.423,6.681,1.155,0.106,1.244
histogram,fixed,combined,13,1,1,0.0983,189.89,29.89,3.444,6.558,1.143,0.114,1.091
histogram,fixed,combined,14,1,1,0.0983,189.89,29.89,3.425,6.733,1.201,0.114,1.218
histogram,fixed,combined,15,1,1,0.0983,189.92,29.92,3.436,6.783,1.158,0.113,1.303
histogram,fixed,combined,16,1,1,0.0983,189.9,29.9,3.434,6.611,1.159,0.106,1.105
histogram,fixed,combined,17,1,1,0.0983,189.89,29.89,3.406,6.696,1.153,0.112,1.194
histogram,fixed,combined,18,1,1,0.0983,189.92,29.92,3.414,6.723,1.149,0.169,1.23
histogram,fixed,combined,19,1,1,0.0983,189.92,29.92,3.349,6.68,1.151,0.114,1.294
histogram,fixed,combined,20,1,1,0.0983,189.92,29.92,3.418,6.638,1.151,0.109,1.112
histogram,fixed,combined,21,1,1,0.0983,189.89,29.89,3.44,6.756,1.209,0.124,1.208
histogram,fixed,combined,22,1,1,0.0983,189.89,29.89,3.315,6.644,1.157,0.108,1.296
histogram,fixed,combined,23,1,1,0.0983,189.89,29.89,3.415,6.648,1.143,0.111,1.206
histogram,fixed,combined,24,1,1,0.0983,189.89,29.89,3.473,6.656,1.202,0.114,1.098
histogram,fixed,combined,25,1,1,0.0983,189.93,29.93,3.401,6.752,1.143,0.115,1.323
histogram,fixed,combined,26,1,1,0.0983,189.93,29.93,3.421,6.704,1.14,0.108,1.234
histogram,fixed,combined,27,1,1,0.0983,189.89,29.89,3.436,6.734,1.205,0.115,1.211
histogram,fixed,combined,28,1,1,0.0983,189.88,29.88,3.406,6.651,1.157,0.111,1.196
histogram,fixed,combined,29,1,1,0.0983,189.88,29.88,3.531,6.652,1.142,0.113,1.109
histogram,fixed,combined,30,1,1,0.0983,189.89,29.89,3.653,7.337,1.245,0.166,1.505
histogram,fixed,combined,31,1,1,0.0983,189.9,29.9,3.355,6.893,1.275,0.127,1.375
histogram,fixed,combined,32,1,1,0.0983,189.9,29.9,3.384,6.649,1.209,0.098,1.216
histogram,fixed,combined,33,1,1,0.0983,189.89,29.89,3.356,6.776,1.188,0.101,1.375
histogram,fixed,combined,34,1,1,0.0983,189.89,29.89,3.368,6.77,1.187,0.103,1.363
histogram,fixed,combined,35,1,1,0.0983,189.92,29.92,3.365,6.477,1.134,0.103,1.116
histogram,fixed,combined,36,1,1,0.0983,189.92,29.92,3.326,6.523,1.144,0.097,1.175
histogram,fixed,combined,37,1,1,0.0983,189.89,29.89,3.367,6.613,1.187,0.109,1.198
histogram,fixed,combined,38,1,1,0.0983,189.89,29.89,3.534,6.854,1.143,0.103,1.315
histogram,fixed,combined,39,1,1,0.0983,189.89,29.89,3.275,6.082,1.012,0.137,0.966
histogram,fixed,combined,40,1,1,0.0983,189.89,29.89,3.331,6.535,1.115,0.158,1.158
histogram,fixed,combined,41,1,1,0.0983,189.89,29.89,3.267,6.395,1.019,0.192,1.204
histogram,fixed,combined,42,1,1,0.0983,189.89,29.89,3.322,6.289,1.003,0.132,1.12
histogram,fixed,combined,43,1,1,0.0983,189.9,29.9,3.377,6.504,1.008,0.213,1.214
histogram,fixed,combined,44,1,1,0.0983,189.89,29.89,3.263,6.384,1.02,0.165,1.137
histogram,fixed,combined,45,1,1,0.0983,189.89,29.89,3.357,6.404,1.076,0.153,1.026
histogram,fixed,combined,46,1,1,0.0983,189.89,29.89,3.352,6.43,1.034,0.13,1.184
histogram,fixed,combined,47,1,1,0.0983,189.89,29.89,3.436,6.454,1.022,0.2,1.081
histogram,fixed,combined,48,1,1,0.0983,189.89,29.89,3.162,6.799,1.088,0.221,1.473
histogram,fixed,combined,49,1,1,0.0983,189.89,29.89,3.167,6.413,1.127,0.134,1.122
histogram,fixed,combined,50,1,1,0.0983,189.89,29.89,3.253,6.367,1.017,0.108,1.254
histogram,fixed,combined,51,1,1,0.0983,189.93,29.93,3.038,6.483,1.242,0.13,1.302
histogram,fixed,combined,52,1,1,0.0983,189.89,29.89,2.975,5.835,0.993,0.104,0.997
histogram,fixed,combined,53,1,1,0.0983,189.92,29.92,3.107,6.044,1.051,0.117,1.075
histogram,fixed,combined,54,1,1,0.0983,189.92,29.92,2.949,5.829,1.011,0.107,1.004
histogram,fixed,combined,55,1,1,0.0983,189.89,29.89,3.058,6.01,1.062,0.117,1.073
histogram,fixed,combined,56,1,1,0.0983,189.89,29.89,3.012,6.025,1.035,0.178,1.063
histogram,fixed,combined,57,1,1,0.0983,189.89,29.89,3.058,5.897,1.076,0.11,0.953
histogram,fixed,combined,58,1,1,0.0983,189.89,29.89,2.932,5.919,1.009,0.101,1.176
histogram,fixed,combined,59,1,1,0.0983,189.89,29.89,3.039,6.029,1.057,0.108,1.12
histogram,fixed,combined,60,1,1,0.0983,189.89,29.89,2.934,5.881,0.994,0.103,1.159
histogram,fixed,combined,61,1,1,0.0983,189.89,29.89,3.042,6.047,1.08,0.124,1.092
histogram,fixed,combined,62,1,1,0.0983,189.89,29.89,2.957,6.006,1.018,0.101,1.234
histogram,fixed,combined,63,1,1,0.0983,189.92,29.92,3.062,6.004,1.006,0.107,1.071
histogram,fixed,combined,64,1,1,0.0983,189.89,29.89,2.956,5.911,1.007,0.106,1.149
histogram,fixed,combined,65,1,1,0.0983,189.89,29.89,3.058,5.922,1.003,0.108,0.98
histogram,fixed,combined,66,1,1,0.0983,189.93,29.93,2.994,5.962,1.012,0.101,1.139
histogram,fixed,combined,67,1,1,0.0983,189.9,29.9,3.045,5.997,1.004,0.107,1.081
histogram,fixed,combined,68,1,1,0.0983,189.89,29.89,2.968,5.902,1.005,0.099,1.144
histogram,fixed,combined,69,1,1,0.0983,189.89,29.89,3.081,5.953,1.007,0.105,0.999
histogram,fixed,combined,70,1,1,0.0983,189.9,29.9,2.99,5.933,1.008,0.101,1.143
histogram,fixed,combined,71,1,1,0.0983,189.9,29.9,3.695,6.803,1.03,0.118,1.187
histogram,fixed,combined,72,1,1,0.0983,189.89,29.89,3.378,6.516,1.204,0.108,1.069
histogram,fixed,combined,73,1,1,0.0983,189.89,29.89,3.252,6.373,1.135,0.1,1.068
histogram,fixed,combined,74,1,1,0.0983,189.92,29.92,3.33,6.455,1.129,0.1,1.061
histogram,fixed,combined,75,1,1,0.0983,189.92,29.92,3.335,6.554,1.135,0.101,1.237
histogram,fixed,combined,76,1,1,0.0983,189.92,29.92,3.312,6.512,1.132,0.097,1.202
histogram,fixed,combined,77,1,1,0.0983,189.92,29.92,3.314,6.546,1.202,0.105,1.183
histogram,fixed,combined,78,1,1,0.0983,189.92,29.92,3.325,6.586,1.155,0.098,1.257
histogram,fixed,combined,79,1,1,0.0983,189.89,29.89,3.328,6.367,1.134,0.099,1.06
histogram,fixed,combined,80,1,1,0.0983,189.89,29.89,3.305,6.516,1.189,0.101,1.172
histogram,fixed,combined,81,1,1,0.0983,189.92,29.92,3.321,7.267,1.13,0.101,1.964
histogram,fixed,combined,82,1,1,0.0983,189.88,29.88,3.319,6.374,1.142,0.096,1.067
histogram,fixed,combined,83,1,1,0.0983,189.88,29.88,3.337,6.435,1.186,0.108,1.062
histogram,fixed,combined,84,1,1,0.0983,189.9,29.9,3.303,6.619,1.133,0.1,1.338
histogram,fixed,combined,85,1,1,0.0983,189.9,29.9,3.345,6.506,1.141,0.099,1.171
histogram,fixed,combined,86,1,1,0.0983,189.9,29.9,3.329,6.568,1.185,0.103,1.174
histogram,fixed,combined,87,1,1,0.0983,189.9,29.9,3.317,6.686,1.14,0.099,1.387
histogram,fixed,combined,88,1,1,0.0983,189.92,29.92,3.351,6.524,1.151,0.097,1.173
histogram,fixed,combined,89,1,1,0.0983,189.92,29.92,3.334,6.481,1.194,0.11,1.101
histogram,fixed,combined,90,1,1,0.0983,189.93,29.93,3.306,6.571,1.178,0.099,1.244
histogram,fixed,combined,91,1,1,0.0983,189.89,29.89,3.347,6.394,1.135,0.104,1.062
histogram,fixed,combined,92,1,1,0.0983,189.89,29.89,3.303,6.536,1.18,0.104,1.194
histogram,fixed,combined,93,1,1,0.0983,189.89,29.89,3.245,6.388,1.143,0.101,1.15
histogram,fixed,combined,94,1,1,0.0983,189.92,29.92,3.325,6.434,1.137,0.096,1.065
histogram,fixed,combined,95,1,1,0.0983,189.92,29.92,3.377,6.582,1.129,0.106,1.221
histogram,fixed,combined,96,1,1,0.0983,189.89,29.89,3.238,6.482,1.137,0.097,1.176
histogram,fixed,combined,97,1,1,0.0983,189.92,29.92,3.346,6.462,1.2,0.103,1.053
histogram,fixed,combined,98,1,1,0.0983,189.89,29.89,3.338,6.651,1.144,0.097,1.321
histogram,fixed,combined,99,1,1,0.0983,189.89,29.89,3.325,6.463,1.124,0.104,1.173
histogram,fixed,combined,100,1,1,0.0983,189.89,29.89,3.318,6.548,1.204,0.101,1.171
histogram,fixed,combined,101,1,1,0.0983,189.89,29.89,3.346,6.488,1.148,0.101,1.142
histogram,fixed,combined,102,1,1,0.0983,189.9,29.9,2.962,5.739,1.006,0.092,0.948
histogram,fixed,combined,103,1,1,0.0983,189.92,29.92,2.956,5.808,0.987,0.095,1.09
histogram,fixed,combined,104,1,1,0.0983,189.89,29.89,2.978,5.958,1.103,0.107,0.957
histogram,fixed,combined,105,1,1,0.0983,189.89,29.89,2.911,5.803,0.987,0.093,1.127
histogram,fixed,combined,106,1,1,0.0983,189.93,29.93,2.951,5.761,0.992,0.092,0.952
histogram,fixed,combined,107,1,1,0.0983,189.93,29.93,2.898,5.785,0.998,0.094,1.123
histogram,fixed,combined,108,1,1,0.0983,189.9,29.9,2.944,5.783,0.985,0.091,1.025
histogram,fixed,combined,109,1,1,0.0983,189.89,29.89,2.89,5.762,0.988,0.093,1.117
histogram,fixed,combined,110,1,1,0.0983,189.89,29.89,2.958,5.823,1.046,0.097,1.047
histogram,fixed,combined,111,1,1,0.0983,189.89,29.89,2.963,5.678,0.99,0.095,0.944
histogram,fixed,combined,112,1,1,0.0983,189.89,29.89,2.981,5.742,1.039,0.094,0.939
histogram,fixed,combined,113,1,1,0.0983,189.93,29.93,2.98,5.761,0.982,0.095,1.035
histogram,fixed,combined,114,1,1,0.0983,189.93,29.93,2.962,5.706,0.989,0.141,0.937
histogram,fixed,combined,115,1,1,0.0983,189.89,29.89,2.973,5.751,0.99,0.094,1.022
histogram,fixed,combined,116,1,1,0.0983,189.89,29.89,2.879,5.844,0.989,0.095,1.181
histogram,fixed,combined,117,1,1,0.0983,189.9,29.9,2.958,5.654,0.987,0.094,0.931
histogram,fixed,combined,118,1,1,0.0983,189.89,29.89,2.862,5.672,0.999,0.091,1.046
histogram,fixed,combined,119,1,1,0.0983,189.89,29.89,3.357,6.239,1.053,0.097,1.049
histogram,fixed,combined,120,1,1,0.0983,189.93,29.93,3.386,6.537,1.179,0.097,1.132
histogram,fixed,combined,121,1,1,0.0983,189.9,29.9,3.333,6.366,1.127,0.105,1.057
histogram,fixed,combined,122,1,1,0.0983,189.9,29.9,3.327,6.445,1.204,0.107,1.058
histogram,fixed,combined,123,1,1,0.0983,189.9,29.9,3.256,6.39,1.145,0.103,1.132
histogram,fixed,combined,124,1,1,0.0983,189.93,29.93,3.31,6.438,1.145,0.103,1.073
histogram,fixed,combined,125,1,1,0.0983,189.93,29.93,3.334,6.546,1.141,0.159,1.175
histogram,fixed,combined,126,1,1,0.0983,189.28,29.28,3.247,6.377,1.129,0.101,1.061
histogram,fixed,combined,127,1,1,0.0983,189.9,29.9,3.326,6.552,1.196,0.108,1.18
histogram,fixed,combined,128,1,1,0.0983,189.9,29.9,3.323,6.561,1.154,0.097,1.237
histogram,fixed,combined,129,1,1,0.0983,189.9,29.9,3.372,6.4,1.133,0.099,1.049
histogram,fixed,combined,130,1,1,0.0983,189.89,29.89,3.324,6.456,1.197,0.101,1.095
histogram,fixed,combined,131,1,1,0.0983,189.89,29.89,3.311,6.534,1.14,0.098,1.248
histogram,fixed,combined,132,1,1,0.0983,189.89,29.89,3.311,6.377,1.14,0.099,1.083
histogram,fixed,combined,133,1,1,0.0983,189.92,29.92,3.348,6.56,1.18,0.113,1.178
histogram,fixed,combined,134,1,1,0.0983,189.92,29.92,3.229,6.346,1.145,0.097,1.121
histogram,fixed,combined,135,1,1,0.0983,189.89,29.89,3.398,6.607,1.143,0.103,1.156
histogram,fixed,combined,136,1,1,0.0983,189.93,29.93,3.308,6.487,1.19,0.103,1.088
histogram,fixed,combined,137,1,1,0.0983,189.92,29.92,3.265,6.481,1.128,0.1,1.18
histogram,fixed,combined,138,1,1,0.0983,189.92,29.92,3.317,6.506,1.189,0.097,1.159
histogram,fixed,combined,139,1,1,0.0983,189.89,29.89,3.346,6.582,1.145,0.107,1.23
histogram,fixed,combined,140,1,1,0.0983,189.9,29.9,3.323,6.481,1.145,0.101,1.17
histogram,fixed,combined,141,1,1,0.0983,189.9,29.9,3.334,6.429,1.182,0.106,1.062
histogram,fixed,combined,142,1,1,0.0983,189.92,29.92,3.331,6.466,1.145,0.102,1.147
histogram,fixed,combined,143,1,1,0.0983,189.92,29.92,3.346,6.386,1.14,0.101,1.06
histogram,fixed,combined,144,1,1,0.0983,189.93,29.93,3.34,6.551,1.186,0.102,1.177
histogram,fixed,combined,145,1,1,0.0983,189.92,29.92,3.232,6.351,1.142,0.101,1.127
histogram,fixed,combined,146,1,1,0.0983,189.92,29.92,3.304,6.551,1.135,0.098,1.157
histogram,fixed,combined,147,1,1,0.0983,189.92,29.92,3.311,6.445,1.192,0.111,1.081
histogram,fixed,combined,148,1,1,0.0983,189.26,29.26,3.322,6.372,1.144,0.098,1.058
histogram,fixed,combined,149,1,1,0.0983,189.9,29.9,3.313,6.519,1.187,0.102,1.173
histogram,fixed,combined,150,1,1,0.0983,189.9,29.9,3.318,6.513,1.146,0.095,1.216
histogram,fixed,combined,151,1,1,0.0983,189.89,29.89,3.382,6.414,1.126,0.106,1.057
histogram,fixed,combined,152,1,1,0.0983,189.89,29.89,3.32,6.405,1.178,0.102,1.056
histogram,fixed,combined,153,1,1,0.0983,189.89,29.89,3.313,7.387,1.134,0.106,2.087
histogram,fixed,combined,154,1,1,0.0983,189.89,29.89,3.301,6.359,1.142,0.096,1.071
histogram,fixed,combined,155,1,1,0.0983,189.89,29.89,3.319,6.507,1.181,0.104,1.16
histogram,fixed,combined,156,1,1,0.0983,189.89,29.89,3.312,6.668,1.146,0.098,1.329
histogram,fixed,combined,157,1,1,0.0983,189.92,29.92,3.326,6.373,1.138,0.1,1.067
histogram,fixed,combined,158,1,1,0.0983,189.93,29.93,3.305,6.392,1.186,0.1,1.058
histogram,fixed,combined,159,1,1,0.0983,189.93,29.93,3.237,6.461,1.141,0.098,1.244
histogram,fixed,combined,160,1,1,0.0983,189.93,29.93,3.311,6.353,1.131,0.097,1.069
histogram,fixed,combined,161,1,1,0.0983,189.89,29.89,3.332,6.425,1.181,0.106,1.059
histogram,fixed,combined,162,1,1,0.0983,189.89,29.89,3.223,6.43,1.145,0.097,1.172
histogram,fixed,combined,163,1,1,0.0983,189.9,29.9,3.305,6.488,1.191,0.103,1.137
histogram,fixed,combined,164,1,1,0.0983,189.9,29.9,3.324,6.631,1.137,0.098,1.314
histogram,fixed,combined,165,1,1,0.0983,189.9,29.9,3.318,6.348,1.128,0.102,1.052
histogram,fixed,combined,166,1,1,0.0983,189.93,29.93,2.958,5.855,1.031,0.095,1.045
histogram,fixed,combined,167,1,1,0.0983,189.93,29.93,3.003,5.683,0.986,0.092,0.931
histogram,fixed,combined,168,1,1,0.0983,189.93,29.93,2.938,5.693,1.028,0.093,0.959
histogram,fixed,combined,169,1,1,0.0983,189.9,29.9,2.974,5.819,1.025,0.096,1.049
histogram,fixed,combined,170,1,1,0.0983,189.9,29.9,2.947,5.724,1.001,0.093,1.013
histogram,fixed,combined,171,1,1,0.0983,189.93,29.93,2.928,5.653,0.991,0.094,0.961
histogram,fixed,combined,172,1,1,0.0983,189.9,29.9,2.864,5.664,0.994,0.093,1.052
histogram,fixed,combined,173,1,1,0.0983,189.9,29.9,2.94,5.792,0.989,0.096,1.03
histogram,fixed,combined,174,1,1,0.0983,189.92,29.92,2.876,5.666,0.991,0.091,1.017
histogram,fixed,combined,175,1,1,0.0983,189.92,29.92,2.968,5.727,1.033,0.097,0.947
histogram,fixed,combined,176,1,1,0.0983,189.92,29.92,2.966,5.71,0.988,0.091,0.957
histogram,fixed,combined,177,1,1,0.0983,189.92,29.92,2.964,5.724,1.036,0.104,0.94
histogram,fixed,combined,178,1,1,0.0983,189.92,29.92,2.94,5.65,0.993,0.092,0.948
histogram,fixed,combined,179,1,1,0.0983,189.92,29.92,2.962,5.81,0.997,0.094,1.091
histogram,fixed,combined,180,1,1,0.0983,189.89,29.89,2.921,5.723,0.987,0.09,1.037
histogram,fixed,combined,181,1,1,0.0983,189.93,29.93,2.913,5.838,0.984,0.1,1.163
histogram,fixed,combined,182,1,1,0.0983,189.89,29.89,2.974,5.853,1.004,0.096,1.044
histogram,fixed,combined,183,1,1,0.0983,189.89,29.89,2.994,6.511,0.987,0.098,1.749
histogram,fixed,combined,184,1,1,0.0983,189.93,29.93,2.951,5.716,0.978,0.094,1.026
histogram,fixed,combined,185,1,1,0.0983,189.93,29.93,2.896,5.678,0.988,0.095,1.02
histogram,fixed,combined,186,1,1,0.0983,189.93,29.93,2.939,5.729,1.0,0.094,0.926
histogram,fixed,combined,187,1,1,0.0983,189.92,29.92,2.868,5.769,0.988,0.097,1.133
histogram,fixed,combined,188,1,1,0.0983,189.92,29.92,2.95,5.73,1.058,0.099,0.949
histogram,fixed,combined,189,1,1,0.0983,189.92,29.92,2.981,5.68,0.985,0.097,0.935
histogram,fixed,combined,190,1,1,0.0983,189.89,29.89,2.975,5.707,1.034,0.095,0.928
histogram,fixed,combined,191,1,1,0.0983,189.89,29.89,3.048,5.738,0.986,0.097,0.931
histogram,fixed,combined,192,1,1,0.0983,189.92,29.92,2.953,5.691,0.997,0.137,0.933
histogram,fixed,combined,193,1,1,0.0983,189.9,29.9,2.988,5.681,0.988,0.097,0.938
histogram,fixed,combined,194,1,1,0.0983,189.9,29.9,2.868,5.728,0.993,0.097,1.113
histogram,fixed,combined,195,1,1,0.0983,189.92,29.92,2.992,5.745,0.986,0.092,0.926
histogram,fixed,combined,196,1,1,0.0983,189.92,29.92,2.863,5.672,0.993,0.093,1.004
histogram,fixed,combined,197,1,1,0.0983,189.92,29.92,2.976,5.751,1.042,0.099,0.954
histogram,fixed,combined,198,1,1,0.0983,189.93,29.93,2.942,5.627,0.987,0.091,0.935
histogram,fixed,combined,199,1,1,0.0983,189.92,29.92,3.006,5.747,1.036,0.101,0.928
histogram,fixed,combined,200,1,1,0.0983,189.92,29.92,3.014,5.718,0.995,0.091,0.942
histogram,fixed,combined,201,1,1,0.0983,189.92,29.92,3.363,6.574,1.177,0.109,1.17
histogram,fixed,combined,202,1,1,0.0983,189.9,29.9,3.251,6.396,1.143,0.098,1.061
histogram,fixed,combined,203,1,1,0.0983,189.9,29.9,3.331,6.529,1.139,0.099,1.158
histogram,fixed,combined,204,1,1,0.0983,189.92,29.92,3.326,6.597,1.146,0.098,1.27
histogram,fixed,combined,205,1,1,0.0983,189.9,29.9,3.336,6.38,1.139,0.104,1.054
histogram,fixed,combined,206,1,1,0.0983,189.9,29.9,3.334,6.48,1.195,0.105,1.064
histogram,fixed,combined,207,1,1,0.0983,189.88,29.88,4.181,7.417,1.127,0.103,1.242
histogram,fixed,combined,208,1,1,0.0983,189.89,29.89,3.305,6.613,1.158,0.114,1.269
histogram,fixed,combined,209,1,1,0.0983,189.89,29.89,3.429,6.668,1.135,0.119,1.11
histogram,fixed,combined,210,1,1,0.0983,189.89,29.89,3.441,6.784,1.222,0.123,1.228
histogram,fixed,combined,211,1,1,0.0983,189.9,29.9,3.406,6.653,1.151,0.114,1.218
histogram,fixed,combined,212,1,1,0.0983,189.89,29.89,3.432,6.688,1.172,0.106,1.208
histogram,fixed,combined,213,1,1,0.0983,189.89,29.89,3.426,6.73,1.213,0.115,1.195
histogram,fixed,combined,214,1,1,0.0983,189.93,29.93,3.439,6.807,1.163,0.108,1.339
histogram,fixed,combined,215,1,1,0.0983,189.93,29.93,3.467,6.703,1.153,0.112,1.205
histogram,fixed,combined,216,1,1,0.0983,189.92,29.92,3.404,6.626,1.217,0.115,1.085
histogram,fixed,combined,217,1,1,0.0983,189.89,29.89,3.436,6.667,1.163,0.115,1.175
histogram,fixed,combined,218,1,1,0.0983,189.89,29.89,3.413,6.613,1.143,0.106,1.117
histogram,fixed,combined,219,1,1,0.0983,189.93,29.93,3.425,6.619,1.164,0.112,1.086
histogram,fixed,combined,220,1,1,0.0983,189.89,29.89,3.417,6.647,1.156,0.169,1.135
histogram,fixed,combined,221,1,1,0.0983,189.89,29.89,3.339,6.651,1.147,0.12,1.208
histogram,fixed,combined,222,1,1,0.0983,189.92,29.92,3.41,6.711,1.159,0.109,1.196
histogram,fixed,combined,223,1,1,0.0983,189.9,29.9,3.435,6.637,1.203,0.131,1.096
histogram,fixed,combined,224,1,1,0.0983,189.92,29.92,3.319,6.531,1.16,0.109,1.163
histogram,fixed,combined,225,1,1,0.0983,189.92,29.92,3.424,6.707,1.141,0.113,1.202
histogram,fixed,combined,226,1,1,0.0983,189.92,29.92,3.436,6.704,1.232,0.127,1.096
histogram,fixed,combined,227,1,1,0.0983,189.92,29.92,3.415,7.568,1.136,0.112,2.12
histogram,fixed,combined,228,1,1,0.0983,189.92,29.92,3.509,6.728,1.156,0.109,1.105
histogram,fixed,combined,229,1,1,0.0983,189.92,29.92,3.324,6.596,1.154,0.112,1.172
histogram,fixed,combined,230,1,1,0.0983,189.92,29.92,3.365,6.475,1.19,0.104,1.07
histogram,fixed,combined,231,1,1,0.0983,189.92,29.92,3.302,6.516,1.128,0.107,1.161
histogram,fixed,combined,232,1,1,0.0983,189.92,29.92,3.313,6.564,1.162,0.098,1.171
histogram,fixed,combined,233,1,1,0.0983,189.9,29.9,3.363,6.494,1.144,0.115,1.124
histogram,fixed,combined,234,1,1,0.0983,189.9,29.9,3.334,6.5,1.149,0.097,1.173
histogram,fixed,combined,235,1,1,0.0983,189.93,29.93,3.351,5.955,0.807,0.107,0.926
histogram,fixed,combined,236,1,1,0.0983,189.93,29.93,3.34,5.874,0.732,0.099,0.919
histogram,fixed,combined,237,1,1,0.0983,189.93,29.93,3.35,5.898,0.771,0.106,0.915
histogram,fixed,combined,238,1,1,0.0983,189.93,29.93,3.345,5.826,0.731,0.098,0.909
histogram,fixed,combined,239,1,1,0.0983,189.93,29.93,3.367,5.906,0.757,0.106,0.927
histogram,fixed,combined,240,1,1,0.0983,189.93,29.93,3.337,5.823,0.727,0.098,0.918
histogram,fixed,combined,241,1,1,0.0983,189.9,29.9,3.357,5.903,0.767,0.105,0.923
histogram,fixed,combined,242,1,1,0.0983,189.92,29.92,3.313,5.796,0.719,0.1,0.911
histogram,fixed,combined,243,1,1,0.0983,189.92,29.92,3.339,5.878,0.758,0.108,0.921
histogram,fixed,combined,244,1,1,0.0983,189.92,29.92,3.326,5.802,0.72,0.098,0.918
histogram,fixed,combined,245,1,1,0.0983,189.92,29.92,3.37,5.905,0.743,0.099,0.943
histogram,fixed,combined,246,1,1,0.0983,189.93,29.93,3.331,5.858,0.724,0.099,0.918
histogram,fixed,combined,247,1,1,0.0983,189.93,29.93,3.4,5.963,0.739,0.103,0.974
histogram,fixed,combined,248,1,1,0.0983,189.92,29.92,3.324,5.803,0.719,0.099,0.918
histogram,fixed,combined,249,1,1,0.0983,189.92,29.92,3.338,5.907,0.722,0.106,0.987
histogram,fixed,combined,250,1,1,0.0983,189.92,29.92,3.326,5.844,0.723,0.099,0.942
histogram,fixed,combined,251,1,1,0.0983,189.92,29.92,3.368,5.938,0.72,0.102,0.988
histogram,fixed,combined,252,1,1,0.0983,189.93,29.93,3.329,5.813,0.72,0.099,0.915
histogram,fixed,combined,253,1,1,0.0983,189.92,29.92,3.253,5.916,0.723,0.103,1.003
histogram,fixed,combined,254,1,1,0.0983,189.92,29.92,3.324,5.808,0.722,0.1,0.915
histogram,fixed,combined,255,1,1,0.0983,189.9,29.9,3.261,5.82,0.724,0.099,0.99
histogram,fixed,combined,256,1,1,0.0983,189.93,29.93,3.343,5.93,0.713,0.102,0.919
histogram,fixed,combined,257,1,1,0.0983,189.93,29.93,3.297,5.868,0.716,0.103,1.002
histogram,fixed,combined,258,1,1,0.0983,189.93,29.93,3.338,5.91,0.714,0.098,0.923
histogram,fixed,combined,259,1,1,0.0983,189.93,29.93,3.242,5.793,0.716,0.103,0.977
histogram,fixed,combined,260,1,1,0.0983,189.93,29.93,3.32,5.853,0.71,0.096,0.909
histogram,fixed,combined,261,1,1,0.0983,189.92,29.92,3.268,5.818,0.719,0.1,0.911
histogram,fixed,combined,262,1,1,0.0983,189.93,29.93,3.348,5.895,0.786,0.099,0.911
histogram,fixed,combined,263,1,1,0.0983,189.93,29.93,3.352,5.835,0.717,0.105,0.914
histogram,fixed,combined,264,1,1,0.0983,189.93,29.93,3.369,5.933,0.787,0.107,0.912
histogram,fixed,combined,265,1,1,0.0983,189.93,29.93,3.328,5.814,0.728,0.102,0.9
histogram,fixed,combined,266,1,1,0.0983,189.93,29.93,3.34,5.903,0.765,0.101,0.904
histogram,fixed,combined,267,1,1,0.0983,189.92,29.92,3.335,5.814,0.718,0.102,0.918
histogram,fixed,combined,268,1,1,0.0983,189.93,29.93,3.34,6.526,1.238,0.152,1.034
histogram,fixed,combined,269,1,1,0.0983,189.93,29.93,3.262,5.813,0.719,0.1,0.906
histogram,fixed,combined,270,1,1,0.0983,189.89,29.89,3.349,5.885,0.706,0.098,0.915
histogram,fixed,combined,271,1,1,0.0983,189.92,29.92,3.355,5.834,0.72,0.104,0.904
histogram,fixed,combined,272,1,1,0.0983,189.93,29.93,3.318,5.832,0.753,0.104,0.906
histogram,fixed,combined,273,1,1,0.0983,189.93,29.93,3.348,5.838,0.73,0.101,0.9
histogram,fixed,combined,274,1,1,0.0983,189.93,29.93,3.383,5.963,0.782,0.103,0.919
histogram,fixed,combined,275,1,1,0.0983,189.93,29.93,3.341,5.837,0.731,0.105,0.904
histogram,fixed,combined,276,1,1,0.0983,189.9,29.9,3.378,5.973,0.783,0.104,0.915
histogram,fixed,combined,277,1,1,0.0983,189.9,29.9,3.359,5.873,0.736,0.106,0.92
histogram,fixed,combined,278,1,1,0.0983,189.89,29.89,3.354,5.889,0.767,0.101,0.914
histogram,fixed,combined,279,1,1,0.0983,189.89,29.89,3.349,5.823,0.721,0.101,0.894
histogram,fixed,combined,280,1,1,0.0983,189.92,29.92,3.35,5.871,0.766,0.101,0.909
histogram,fixed,combined,281,1,1,0.0983,189.92,29.92,3.346,5.848,0.737,0.102,0.912
histogram,fixed,combined,282,1,1,0.0983,189.92,29.92,3.337,5.884,0.777,0.102,0.917
histogram,fixed,combined,283,1,1,0.0983,189.89,29.89,3.367,5.873,0.72,0.105,0.922
histogram,fixed,combined,284,1,1,0.0983,189.89,29.89,3.349,5.884,0.727,0.139,0.917
histogram,fixed,combined,285,1,1,0.0983,189.89,29.89,3.319,5.801,0.713,0.1,0.917
histogram,fixed,combined,286,1,1,0.0983,189.92,29.92,3.338,5.914,0.726,0.099,0.967
histogram,fixed,combined,287,1,1,0.0983,189.92,29.92,3.342,5.821,0.72,0.101,0.908
histogram,fixed,combined,288,1,1,0.0983,189.92,29.92,3.348,5.908,0.738,0.099,0.977
histogram,fixed,combined,289,1,1,0.0983,189.26,29.26,3.345,5.819,0.718,0.1,0.91
histogram,fixed,combined,290,1,1,0.0983,189.92,29.92,3.336,5.933,0.738,0.102,1.013
histogram,fixed,combined,291,1,1,0.0983,189.92,29.92,3.38,5.869,0.726,0.104,0.905
histogram,fixed,combined,292,1,1,0.0983,189.89,29.89,3.251,5.813,0.723,0.097,0.994
histogram,fixed,combined,293,1,1,0.0983,189.92,29.92,3.324,5.81,0.712,0.1,0.916
histogram,fixed,combined,294,1,1,0.0983,189.92,29.92,3.235,5.774,0.725,0.099,0.977
histogram,fixed,combined,295,1,1,0.0983,189.93,29.93,3.358,5.944,0.73,0.104,0.925
histogram,fixed,combined,296,1,1,0.0983,189.93,29.93,3.228,5.829,0.726,0.098,0.993
histogram,fixed,combined,297,1,1,0.0983,189.92,29.92,3.35,5.877,0.703,0.099,0.909
histogram,fixed,combined,298,1,1,0.0983,189.89,29.89,3.242,5.798,0.729,0.101,0.911
histogram,fixed,combined,299,1,1,0.0983,189.89,29.89,3.331,5.872,0.709,0.102,0.909
histogram,fixed,combined,300,1,1,0.0983,189.93,29.93,3.382,5.881,0.735,0.103,0.911
histogram,fixed,combined,301,1,1,0.0983,189.92,29.92,3.336,5.872,0.765,0.107,0.912
histogram,fixed,combined,302,1,1,0.0983,189.92,29.92,3.322,5.814,0.727,0.1,0.918
histogram,fixed,combined,303,1,1,0.0983,189.92,29.92,3.36,5.883,0.764,0.107,0.899
histogram,fixed,combined,304,1,1,0.0983,189.92,29.92,3.341,5.824,0.735,0.1,0.908
histogram,fixed,combined,305,1,1,0.0983,189.93,29.93,3.474,5.996,0.753,0.104,0.915
histogram,fixed,combined,306,1,1,0.0983,189.93,29.93,3.336,5.847,0.725,0.098,0.902
histogram,fixed,combined,307,1,1,0.0983,189.89,29.89,3.356,5.894,0.763,0.107,0.917
histogram,fixed,combined,308,1,1,0.0983,189.89,29.89,3.353,5.835,0.721,0.101,0.907
histogram,fixed,combined,309,1,1,0.0983,189.92,29.92,3.362,5.89,0.755,0.109,0.919
histogram,fixed,combined,310,1,1,0.0983,189.9,29.9,3.317,5.82,0.738,0.098,0.913
histogram,fixed,combined,311,1,1,0.0983,189.9,29.9,3.359,5.884,0.718,0.142,0.909
histogram,fixed,combined,312,1,1,0.0983,189.92,29.92,3.328,5.794,0.714,0.099,0.913
histogram,fixed,combined,313,1,1,0.0983,189.93,29.93,3.352,5.883,0.721,0.1,0.961
histogram,fixed,combined,314,1,1,0.0983,189.93,29.93,3.311,5.79,0.718,0.1,0.916
histogram,fixed,combined,315,1,1,0.0983,189.93,29.93,3.358,5.926,0.731,0.103,0.975
histogram,fixed,combined,316,1,1,0.0983,189.92,29.92,3.43,5.947,0.725,0.098,0.91
histogram,fixed,combined,317,1,1,0.0983,189.92,29.92,3.368,5.935,0.74,0.1,0.975
histogram,fixed,combined,318,1,1,0.0983,189.89,29.89,3.327,5.82,0.733,0.102,0.91
histogram,fixed,combined,319,1,1,0.0983,189.92,29.92,3.407,5.968,0.721,0.103,0.983
histogram,fixed,combined,320,1,1,0.0983,189.92,29.92,3.329,5.813,0.719,0.098,0.922
histogram,fixed,combined,321,1,1,0.0983,189.92,29.92,3.315,5.926,0.72,0.102,0.976
histogram,fixed,combined,322,1,1,0.0983,189.9,29.9,3.33,5.814,0.717,0.098,0.922
histogram,fixed,combined,323,1,1,0.0983,189.9,29.9,3.255,5.824,0.727,0.104,0.981
histogram,fixed,combined,324,1,1,0.0983,189.9,29.9,3.321,5.894,0.716,0.097,0.926
histogram,fixed,combined,325,1,1,0.0983,189.93,29.93,3.253,5.816,0.728,0.101,0.982
histogram,fixed,combined,326,1,1,0.0983,189.9,29.9,3.334,5.909,0.718,0.099,0.909
histogram,fixed,combined,327,1,1,0.0983,189.9,29.9,3.259,5.819,0.727,0.103,0.911
histogram,fixed,combined,328,1,1,0.0983,189.93,29.93,3.34,5.875,0.708,0.099,0.909
histogram,fixed,combined,329,1,1,0.0983,189.93,29.93,3.271,5.828,0.718,0.105,0.909
histogram,fixed,combined,330,1,1,0.0983,189.92,29.92,3.303,5.859,0.782,0.098,0.925
histogram,fixed,combined,331,1,1,0.0983,189.93,29.93,3.334,5.839,0.727,0.101,0.92
histogram,fixed,combined,332,1,1,0.0983,189.93,29.93,3.34,5.872,0.768,0.101,0.916
histogram,fixed,combined,333,1,1,0.0983,189.93,29.93,3.386,5.876,0.732,0.102,0.907
histogram,fixed,combined,334,1,1,0.0983,189.92,29.92,3.338,5.851,0.757,0.1,0.907
histogram,fixed,combined,335,1,1,0.0983,189.92,29.92,3.334,5.834,0.732,0.106,0.907
histogram,fixed,combined,336,1,1,0.0983,189.89,29.89,3.348,5.94,0.767,0.107,0.929
histogram,fixed,combined,337,1,1,0.0983,189.93,29.93,3.35,5.832,0.718,0.102,0.911
histogram,fixed,combined,338,1,1,0.0983,189.93,29.93,3.356,5.923,0.791,0.105,0.917
histogram,fixed,combined,339,1,1,0.0983,189.93,29.93,3.358,5.824,0.717,0.101,0.901
histogram,fixed,combined,340,1,1,0.0983,189.89,29.89,3.385,5.94,0.778,0.106,0.917
histogram,fixed,combined,341,1,1,0.0983,189.89,29.89,3.365,5.862,0.727,0.105,0.912
histogram,fixed,combined,342,1,1,0.0983,189.93,29.93,3.325,5.865,0.735,0.135,0.922
histogram,fixed,combined,343,1,1,0.0983,189.92,29.92,3.34,5.802,0.716,0.099,0.902
histogram,fixed,combined,344,1,1,0.0983,189.92,29.92,3.341,5.88,0.734,0.098,0.966
histogram,fixed,combined,345,1,1,0.0983,189.92,29.92,3.346,5.843,0.726,0.1,0.923
histogram,fixed,combined,346,1,1,0.0983,189.92,29.92,3.34,5.914,0.727,0.103,0.956
histogram,fixed,combined,347,1,1,0.0983,189.9,29.9,3.4,5.88,0.721,0.104,0.903
histogram,fixed,combined,348,1,1,0.0983,189.9,29.9,3.42,5.988,0.725,0.102,0.994
histogram,fixed,combined,349,1,1,0.0983,189.92,29.92,3.349,5.828,0.711,0.105,0.91
histogram,fixed,combined,350,1,1,0.0983,189.89,29.89,3.328,5.916,0.73,0.099,1.011
histogram,fixed,combined,351,1,1,0.0983,189.89,29.89,3.333,5.811,0.715,0.1,0.904
histogram,fixed,combined,352,1,1,0.0983,189.93,29.93,3.25,5.809,0.73,0.099,0.981
histogram,fixed,combined,353,1,1,0.0983,189.93,29.93,3.349,5.892,0.716,0.101,0.908
histogram,fixed,combined,354,1,1,0.0983,189.93,29.93,3.246,5.908,0.724,0.1,1.087
histogram,fixed,combined,355,1,1,0.0983,189.92,29.92,3.352,5.903,0.722,0.105,0.913
histogram,fixed,combined,356,1,1,0.0983,189.92,29.92,3.249,5.837,0.725,0.101,0.986
histogram,fixed,combined,357,1,1,0.0983,189.93,29.93,3.359,5.907,0.707,0.105,0.917
histogram,fixed,combined,358,1,1,0.0983,189.93,29.93,3.228,5.8,0.728,0.098,0.904
histogram,fixed,combined,359,1,1,0.0983,189.93,29.93,3.336,5.884,0.717,0.102,0.905
histogram,fixed,combined,360,1,1,0.0983,189.93,29.93,3.26,5.809,0.727,0.099,0.908
histogram,fixed,combined,361,1,1,0.0983,189.92,29.92,3.327,5.88,0.775,0.107,0.919
histogram,fixed,combined,362,1,1,0.0983,189.89,29.89,3.315,5.83,0.724,0.099,0.903
histogram,fixed,combined,363,1,1,0.0983,189.89,29.89,3.356,5.881,0.76,0.104,0.914
histogram,otsu,combined,0,1,0,0.0278,155.76,-4.24,4.771,8.174,1.173,0.465,1.012
histogram,otsu,combined,1,1,0,0.0278,155.69,-4.31,5.669,8.795,0.82,0.456,0.983
histogram,otsu,combined,2,1,0,0.0278,155.69,-4.31,5.678,10.135,1.334,0.592,1.635
histogram,otsu,combined,3,1,0,0.0222,155.7,-4.3,13.42,21.112,1.76,1.073,3.545
histogram,otsu,combined,4,1,0,0.0292,155.94,-4.06,5.209,9.642,1.324,0.654,1.629
histogram,otsu,combined,5,1,0,0.0292,155.94,-4.06,4.334,8.229,1.182,0.479,1.426
histogram,otsu,combined,6,1,0,0.0306,155.86,-4.14,5.129,9.262,1.169,0.561,1.638
histogram,otsu,combined,7,1,0,0.0292,156.08,-3.92,4.164,8.552,1.242,0.612,1.679
histogram,otsu,combined,8,1,0,0.0292,156.08,-3.92,3.969,7.552,1.209,0.435,1.196
histogram,otsu,combined,9,1,0,0.0292,156.08,-3.92,4.132,7.677,1.135,0.492,1.177
histogram,otsu,combined,10,1,0,0.0306,155.88,-4.12,4.255,7.843,1.154,0.437,1.227
histogram,otsu,combined,11,1,0,0.0319,155.95,-4.05,4.08,7.614,1.145,0.436,1.148
histogram,otsu,combined,12,1,0,0.0319,155.95,-4.05,4.109,7.891,1.145,0.432,1.452
histogram,otsu,combined,13,1,0,0.0264,155.85,-4.15,4.022,7.63,1.157,0.437,1.256
histogram,otsu,combined,14,1,0,0.0264,155.85,-4.15,3.977,7.528,1.154,0.436,1.181
histogram,otsu,combined,15,1,0,0.0264,155.74,-4.26,3.99,7.531,1.144,0.442,1.111
histogram,otsu,combined,16,1,0,0.0292,155.88,-4.12,4.006,7.457,1.14,0.44,1.105
histogram,otsu,combined,17,1,0,0.0333,155.9,-4.1,4.015,7.58,1.155,0.446,1.131
histogram,otsu,combined,18,1,0,0.0306,155.81,-4.19,4.024,7.573,1.222,0.45,1.103
histogram,otsu,combined,19,1,0,0.0292,155.78,-4.22,4.035,7.672,1.196,0.451,1.22
histogram,otsu,combined,20,1,0,0.0292,155.78,-4.22,4.005,7.555,1.212,0.451,1.125
histogram,otsu,combined,21,1,0,0.025,155.88,-4.12,4.006,7.673,1.205,0.451,1.209
histogram,otsu,combined,22,1,0,0.0097,155.53,-4.47,3.983,7.616,1.155,0.499,1.21
histogram,otsu,combined,23,1,0,0.0097,155.53,-4.47,3.985,7.515,1.147,0.442,1.175
histogram,otsu,combined,24,1,0,0.0097,155.53,-4.47,3.979,7.662,1.154,0.443,1.323
histogram,otsu,combined,25,1,0,0.0306,155.94,-4.06,4.051,7.622,1.142,0.443,1.214
histogram,otsu,combined,26,1,0,0.0306,155.94,-4.06,4.029,7.776,1.166,0.441,1.362
histogram,otsu,combined,27,1,0,0.0264,155.72,-4.28,4.066,7.695,1.144,0.444,1.204
histogram,otsu,combined,28,1,0,0.0306,155.93,-4.07,4.013,7.471,1.146,0.441,1.098
histogram,otsu,combined,29,1,0,0.0306,155.93,-4.07,3.969,7.495,1.138,0.446,1.12
histogram,otsu,combined,30,1,0,0.0264,155.95,-4.05,3.953,7.513,1.198,0.433,1.178
histogram,otsu,combined,31,1,0,0.0319,155.86,-4.14,3.914,7.579,1.32,0.441,1.089
histogram,otsu,combined,32,1,0,0.0319,155.86,-4.14,3.911,7.483,1.188,0.44,1.188
histogram,otsu,combined,33,1,0,0.0278,155.83,-4.17,3.919,7.494,1.132,0.493,1.196
histogram,otsu,combined,34,1,0,0.0417,156.16,-3.84,3.935,7.499,1.15,0.432,1.227
histogram,otsu,combined,35,1,0,0.0306,155.73,-4.27,3.934,7.43,1.144,0.434,1.168
histogram,otsu,combined,36,1,0,0.0306,155.73,-4.27,4.167,7.833,1.145,0.432,1.284
histogram,otsu,combined,37,1,0,0.0292,156.01,-3.99,4.301,8.32,1.247,0.464,1.545
histogram,otsu,combined,38,1,0,0.0292,156.01,-3.99,4.402,8.296,1.178,0.451,1.5
histogram,otsu,combined,39,1,0,0.0208,155.61,-4.39,4.321,8.088,1.168,0.466,1.334
histogram,otsu,combined,40,1,0,0.0278,155.81,-4.19,4.357,8.111,1.162,0.472,1.347
histogram,otsu,combined,41,1,0,0.0292,155.84,-4.16,4.449,8.274,1.168,0.519,1.258
histogram,otsu,combined,42,1,0,0.0292,155.84,-4.16,4.442,8.089,1.152,0.543,1.186
histogram,otsu,combined,43,1,0,0.0292,156.1,-3.9,4.477,8.159,1.256,0.481,1.148
histogram,otsu,combined,44,1,0,0.0278,155.74,-4.26,3.99,7.859,1.191,0.449,1.389
histogram,otsu,combined,45,1,0,0.0278,155.74,-4.26,4.26,7.847,1.231,0.461,1.09
histogram,otsu,combined,46,1,0,0.0292,155.78,-4.22,4.03,7.19,0.735,0.497,1.186
histogram,otsu,combined,47,1,0,0.0292,155.78,-4.22,4.036,7.062,0.701,0.439,1.065
histogram,otsu,combined,48,1,0,0.0292,155.97,-4.03,3.922,6.749,0.727,0.433,0.915
histogram,otsu,combined,49,1,0,0.0347,155.83,-4.17,4.193,7.104,0.708,0.437,0.939
histogram,otsu,combined,50,1,0,0.0347,155.83,-4.17,3.914,6.789,0.768,0.44,0.918
histogram,otsu,combined,51,1,0,0.0417,156.11,-3.89,3.941,6.883,0.728,0.435,0.99
histogram,otsu,combined,52,1,0,0.0444,156.11,-3.89,3.941,6.766,0.72,0.43,0.923
histogram,otsu,combined,53,1,0,0.0403,156.26,-3.74,3.918,6.805,0.783,0.433,0.915
histogram,otsu,combined,54,1,0,0.0403,156.26,-3.74,4.036,6.903,0.73,0.433,0.954
histogram,otsu,combined,55,1,0,0.025,155.81,-4.19,3.951,6.863,0.722,0.436,0.916
histogram,otsu,combined,56,1,0,0.025,155.81,-4.19,4.283,7.098,0.712,0.432,0.922
histogram,otsu,combined,57,1,0,0.025,155.81,-4.19,3.916,6.763,0.749,0.437,0.916
histogram,otsu,combined,58,1,0,0.0375,155.87,-4.13,3.922,6.801,0.725,0.433,0.976
histogram,otsu,combined,59,1,0,0.0375,155.87,-4.13,3.941,6.793,0.724,0.436,0.924
histogram,otsu,combined,60,1,0,0.0375,155.87,-4.13,3.9,6.766,0.717,0.433,0.905
histogram,otsu,combined,61,1,0,0.025,155.83,-4.17,3.957,6.869,0.725,0.484,0.918
histogram,otsu,combined,62,1,0,0.025,155.83,-4.17,3.913,6.826,0.728,0.434,0.999
histogram,otsu,combined,63,1,0,0.0222,155.53,-4.47,3.919,6.748,0.721,0.437,0.919
histogram,otsu,combined,64,1,0,0.0292,155.71,-4.29,3.916,6.779,0.76,0.432,0.92
histogram,otsu,combined,65,1,0,0.0292,155.71,-4.29,3.958,6.852,0.736,0.435,0.965
histogram,otsu,combined,66,1,0,0.0278,155.65,-4.35,3.914,6.734,0.73,0.432,0.916
histogram,otsu,combined,67,1,0,0.0306,156.04,-3.96,3.948,6.834,0.716,0.434,0.896
histogram,otsu,combined,68,1,0,0.0375,156.16,-3.84,3.939,6.819,0.784,0.431,0.917
histogram,otsu,combined,69,1,0,0.0375,156.16,-3.84,3.939,6.847,0.719,0.437,0.993
histogram,otsu,combined,70,1,0,0.0292,155.97,-4.03,3.913,6.757,0.743,0.433,0.915
histogram,otsu,combined,71,1,0,0.0292,155.97,-4.03,3.933,6.873,0.8,0.435,0.913
histogram,otsu,combined,72,1,0,0.0306,155.97,-4.03,3.951,6.829,0.725,0.473,0.933
histogram,otsu,combined,73,1,0,0.0222,155.61,-4.39,3.963,6.851,0.72,0.434,0.906
histogram,otsu,combined,74,1,0,0.0292,155.7,-4.3,3.92,6.716,0.709,0.433,0.909
histogram,otsu,combined,75,1,0,0.0292,155.7,-4.3,3.969,6.851,0.78,0.442,0.904
histogram,otsu,combined,76,1,0,0.0292,155.69,-4.31,3.959,6.87,0.738,0.432,0.984
histogram,otsu,combined,77,1,0,0.0292,155.69,-4.31,3.923,6.756,0.718,0.434,0.917
histogram,otsu,combined,78,1,0,0.0292,155.69,-4.31,3.91,6.783,0.717,0.433,0.906
histogram,otsu,combined,79,1,0,0.0194,155.63,-4.37,3.914,6.833,0.728,0.48,0.939
histogram,otsu,combined,80,1,0,0.0194,155.63,-4.37,3.914,6.796,0.724,0.433,0.901
histogram,otsu,combined,81,1,0,0.0125,155.57,-4.43,3.929,6.777,0.718,0.433,0.912
histogram,otsu,combined,82,1,0,0.0278,155.79,-4.21,3.941,6.819,0.773,0.431,0.929
histogram,otsu,combined,83,1,0,0.0278,155.79,-4.21,4.023,6.929,0.722,0.436,0.99
histogram,otsu,combined,84,1,0,0.0278,155.95,-4.05,3.881,6.689,0.724,0.434,0.907
histogram,otsu,combined,85,1,0,0.0208,155.64,-4.36,3.939,6.81,0.712,0.433,0.907
histogram,otsu,combined,86,1,0,0.0319,155.86,-4.14,3.928,6.835,0.747,0.482,0.924
histogram,otsu,combined,87,1,0,0.0319,155.86,-4.14,3.925,6.836,0.724,0.436,0.989
histogram,otsu,combined,88,1,0,0.0264,155.86,-4.14,3.951,6.756,0.716,0.434,0.909
histogram,otsu,combined,89,1,0,0.0264,155.86,-4.14,3.922,6.784,0.773,0.439,0.901
histogram,otsu,combined,90,1,0,0.025,155.88,-4.12,3.955,6.852,0.725,0.434,0.982
histogram,otsu,combined,91,1,0,0.0153,155.56,-4.44,3.954,6.848,0.734,0.436,0.914
histogram,otsu,combined,92,1,0,0.0167,155.68,-4.32,3.892,6.761,0.71,0.433,0.917
histogram,otsu,combined,93,1,0,0.0167,155.68,-4.32,3.912,6.786,0.727,0.482,0.921
histogram,otsu,combined,94,1,0,0.0194,155.59,-4.41,3.898,6.83,0.729,0.433,1.017
histogram,otsu,combined,95,1,0,0.0194,155.59,-4.41,3.928,6.741,0.719,0.436,0.909
histogram,otsu,combined,96,1,0,0.0208,155.64,-4.36,3.893,6.763,0.766,0.436,0.919
histogram,otsu,combined,97,1,0,0.0278,156.2,-3.8,4.017,6.903,0.713,0.432,0.987
histogram,otsu,combined,98,1,0,0.0167,155.6,-4.4,3.902,6.723,0.725,0.435,0.906
histogram,otsu,combined,99,1,0,0.0167,155.6,-4.4,3.922,6.848,0.749,0.44,0.922
histogram,otsu,combined,100,1,0,0.0278,155.86,-4.14,3.965,6.849,0.779,0.44,0.917
histogram,otsu,combined,101,1,0,0.0278,155.86,-4.14,4.006,6.943,0.719,0.439,0.993
histogram,otsu,combined,102,1,0,0.025,155.75,-4.25,3.92,6.735,0.733,0.433,0.907
histogram,otsu,combined,103,1,0,0.0194,155.76,-4.24,3.907,6.8,0.712,0.435,0.918
histogram,otsu,combined,104,1,0,0.0319,155.84,-4.16,3.947,6.83,0.728,0.475,0.919
histogram,otsu,combined,105,1,0,0.0319,155.84,-4.16,3.938,6.841,0.73,0.433,0.908
histogram,otsu,combined,106,1,0,0.0069,155.07,-4.93,3.896,6.716,0.719,0.436,0.919
histogram,otsu,combined,107,1,0,0.0069,155.07,-4.93,3.945,6.834,0.774,0.441,0.92
histogram,otsu,combined,108,1,0,0.0167,155.69,-4.31,3.919,6.826,0.73,0.43,0.994
histogram,otsu,combined,109,1,0,0.0194,155.71,-4.29,3.919,6.735,0.72,0.436,0.911
histogram,otsu,combined,110,1,0,0.0194,155.71,-4.29,3.889,6.778,0.715,0.432,0.922
histogram,otsu,combined,111,1,0,0.0194,155.71,-4.29,3.922,6.849,0.723,0.482,0.925
histogram,otsu,combined,112,1,0,0.0236,155.79,-4.21,3.908,6.811,0.726,0.432,0.907
histogram,otsu,combined,113,1,0,0.0069,155.31,-4.69,3.884,6.7,0.712,0.435,0.921
histogram,otsu,combined,114,1,0,0.0069,155.31,-4.69,3.885,6.771,0.776,0.437,0.927
histogram,otsu,combined,115,1,1,0.1,155.76,-4.24,3.257,6.198,0.739,0.435,1.013
histogram,otsu,combined,116,1,1,0.1,155.76,-4.24,3.369,6.191,0.718,0.432,0.927
histogram,otsu,combined,117,1,0,0.0264,156.17,-3.83,4.003,6.898,0.74,0.474,0.923
histogram,otsu,combined,118,1,0,0.0236,156.03,-3.97,3.935,6.861,0.743,0.433,0.919
histogram,otsu,combined,119,1,0,0.0236,156.03,-3.97,3.977,6.809,0.719,0.435,0.925
histogram,otsu,combined,120,1,0,0.0111,155.66,-4.34,3.899,6.79,0.786,0.436,0.917
histogram,otsu,combined,121,1,0,0.025,155.73,-4.27,3.965,6.89,0.722,0.431,0.982
histogram,otsu,combined,122,1,0,0.025,155.73,-4.27,3.877,6.751,0.724,0.432,0.954
histogram,otsu,combined,123,1,0,0.025,155.73,-4.27,3.996,6.867,0.709,0.436,0.908
histogram,otsu,combined,124,1,0,0.025,156.06,-3.94,3.944,6.805,0.727,0.476,0.912
histogram,otsu,combined,125,1,0,0.025,156.06,-3.94,4.081,7.005,0.73,0.434,1.007
histogram,otsu,combined,126,1,0,0.0333,155.9,-4.1,3.959,6.782,0.729,0.432,0.913
histogram,otsu,combined,127,1,0,0.0194,155.56,-4.44,3.918,6.793,0.774,0.43,0.913
histogram,otsu,combined,128,1,0,0.0194,155.56,-4.44,3.928,6.798,0.73,0.471,0.918
histogram,otsu,combined,129,1,0,0.0194,155.56,-4.44,3.855,6.739,0.721,0.434,0.917
histogram,otsu,combined,130,1,0,0.0333,155.84,-4.16,3.928,6.747,0.722,0.435,0.908
histogram,otsu,combined,131,1,0,0.0292,155.82,-4.18,3.931,6.863,0.776,0.441,0.918
histogram,otsu,combined,132,1,0,0.0292,155.82,-4.18,3.929,6.827,0.726,0.433,0.981
histogram,otsu,combined,133,1,0,0.0292,155.98,-4.02,3.921,6.756,0.723,0.433,0.933
histogram,otsu,combined,134,1,0,0.0292,155.98,-4.02,3.913,6.795,0.72,0.435,0.904
histogram,otsu,combined,135,1,0,0.0139,155.56,-4.44,3.918,6.81,0.723,0.479,0.92
histogram,otsu,combined,136,1,0,0.0194,155.7,-4.3,3.932,6.821,0.73,0.432,0.9
histogram,otsu,combined,137,1,0,0.0292,155.73,-4.27,3.912,6.728,0.71,0.435,0.912
histogram,otsu,combined,138,1,0,0.0292,155.73,-4.27,3.912,6.795,0.775,0.437,0.932
histogram,otsu,combined,139,1,0,0.0208,155.6,-4.4,3.962,6.855,0.72,0.432,0.993
histogram,otsu,combined,140,1,0,0.0306,155.98,-4.02,3.931,6.778,0.743,0.429,0.92
histogram,otsu,combined,141,1,0,0.0306,155.98,-4.02,3.919,6.835,0.708,0.433,0.918
histogram,otsu,combined,142,1,0,0.025,155.76,-4.24,4.716,7.666,0.728,0.475,0.949
histogram,otsu,combined,143,1,0,0.025,155.76,-4.24,4.098,7.482,1.167,0.502,0.937
histogram,otsu,combined,144,1,0,0.0236,155.82,-4.18,4.118,7.722,1.168,0.434,1.219
histogram,otsu,combined,145,1,0,0.0333,155.82,-4.18,4.088,7.835,1.142,0.543,1.288
histogram,otsu,combined,146,1,0,0.0208,155.58,-4.42,4.043,7.755,1.148,0.443,1.348
histogram,otsu,combined,147,1,0,0.0208,155.58,-4.42,4.069,7.626,1.146,0.441,1.203
histogram,otsu,combined,148,1,0,0.0278,155.83,-4.17,4.036,7.591,1.155,0.443,1.178
histogram,otsu,combined,149,1,0,0.0319,155.72,-4.28,4.032,7.555,1.138,0.445,1.085
histogram,otsu,combined,150,1,0,0.0319,155.72,-4.28,4.078,7.672,1.155,0.437,1.223
histogram,otsu,combined,151,1,0,0.0264,155.78,-4.22,4.051,7.677,1.138,0.444,1.221
histogram,otsu,combined,152,1,0,0.0333,155.94,-4.06,4.104,7.799,1.163,0.444,1.237
histogram,otsu,combined,153,1,0,0.0333,155.94,-4.06,3.565,6.801,1.017,0.392,1.0
histogram,otsu,combined,154,1,0,0.0333,155.93,-4.07,3.591,6.842,1.054,0.396,1.097
histogram,otsu,combined,155,1,0,0.0167,155.6,-4.4,3.569,6.779,1.001,0.391,1.133
histogram,otsu,combined,156,1,0,0.0167,155.6,-4.4,3.569,6.642,1.0,0.38,0.983
histogram,otsu,combined,157,1,0,0.0194,155.55,-4.45,3.53,6.668,1.042,0.394,1.006
histogram,otsu,combined,158,1,0,0.0083,155.51,-4.49,3.55,6.702,1.0,0.387,1.082
histogram,otsu,combined,159,1,0,0.0083,155.51,-4.49,3.55,6.718,0.995,0.393,1.082
histogram,otsu,combined,160,1,0,0.0181,155.7,-4.3,3.537,6.638,1.054,0.385,0.965
histogram,otsu,combined,161,1,0,0.0222,155.77,-4.23,3.897,7.113,1.007,0.386,1.087
histogram,otsu,combined,162,1,0,0.0222,155.77,-4.23,3.359,6.625,0.997,0.375,1.214
histogram,otsu,combined,163,1,0,0.0333,155.94,-4.06,3.473,6.533,0.986,0.381,0.951
histogram,otsu,combined,164,1,0,0.0333,155.94,-4.06,3.519,6.663,0.999,0.43,1.037
histogram,otsu,combined,165,1,0,0.0333,155.94,-4.06,3.38,6.435,0.981,0.379,0.941
histogram,otsu,combined,166,1,0,0.0319,156.06,-3.94,3.455,6.54,0.994,0.379,0.97
histogram,otsu,combined,167,1,0,0.0319,156.06,-3.94,3.491,6.519,0.982,0.424,0.937
histogram,otsu,combined,168,1,0,0.0319,156.06,-3.94,3.917,7.396,1.122,0.432,1.223
histogram,otsu,combined,169,1,0,0.0292,155.72,-4.28,3.933,7.325,1.141,0.434,1.064
histogram,otsu,combined,170,1,0,0.0292,155.72,-4.28,3.915,6.789,0.71,0.433,0.914
histogram,otsu,combined,171,1,0,0.0278,155.79,-4.21,3.989,6.923,0.751,0.484,0.918
histogram,otsu,combined,172,1,0,0.0292,156.12,-3.88,3.999,6.905,0.737,0.431,0.99
histogram,otsu,combined,173,1,0,0.0292,156.12,-3.88,3.962,6.791,0.738,0.433,0.904
histogram,otsu,combined,174,1,0,0.0194,155.56,-4.44,3.92,6.759,0.738,0.434,0.923
histogram,otsu,combined,175,1,0,0.0194,155.71,-4.29,3.939,6.825,0.726,0.435,0.969
histogram,otsu,combined,176,1,0,0.0194,155.71,-4.29,3.896,6.725,0.74,0.433,0.892
histogram,otsu,combined,177,1,0,0.0194,155.71,-4.29,3.921,6.814,0.725,0.437,0.912
histogram,otsu,combined,178,1,0,0.0319,155.97,-4.03,3.917,6.813,0.792,0.441,0.907
histogram,otsu,combined,179,1,0,0.0319,155.97,-4.03,3.931,6.834,0.72,0.43,0.994
histogram,otsu,combined,180,1,0,0.0139,155.41,-4.59,3.915,6.722,0.722,0.435,0.899
histogram,otsu,combined,181,1,0,0.0153,155.62,-4.38,3.933,6.833,0.765,0.438,0.914
histogram,otsu,combined,182,1,0,0.0181,155.7,-4.3,3.937,6.823,0.731,0.431,0.972
histogram,otsu,combined,183,1,0,0.0167,155.84,-4.16,3.929,6.747,0.716,0.433,0.905
histogram,otsu,combined,184,1,0,0.0236,155.8,-4.2,3.945,6.837,0.719,0.436,0.917
histogram,otsu,combined,185,1,0,0.0056,155.42,-4.58,3.894,6.794,0.781,0.441,0.921
histogram,otsu,combined,186,1,0,0.0056,155.42,-4.58,3.88,6.793,0.729,0.427,1.001
histogram,otsu,combined,187,1,0,0.0292,155.72,-4.28,3.97,6.786,0.72,0.435,0.906
histogram,otsu,combined,188,1,0,0.0292,155.72,-4.28,3.916,6.752,0.743,0.434,0.913
histogram,otsu,combined,189,1,0,0.0181,155.8,-4.2,3.986,6.876,0.723,0.432,0.973
histogram,otsu,combined,190,1,0,0.0319,156.07,-3.93,3.926,6.754,0.733,0.434,0.907
histogram,otsu,combined,191,1,0,0.0319,156.07,-3.93,3.915,6.904,0.731,0.432,0.925
histogram,otsu,combined,192,1,0,0.0347,155.98,-4.02,3.913,6.811,0.79,0.433,0.919
histogram,otsu,combined,193,1,0,0.0319,155.97,-4.03,4.009,6.907,0.728,0.433,0.979
histogram,otsu,combined,194,1,0,0.0222,155.79,-4.21,3.893,6.723,0.736,0.434,0.914
histogram,otsu,combined,195,1,0,0.0264,155.8,-4.2,3.913,6.786,0.718,0.432,0.902
histogram,otsu,combined,196,1,0,0.025,155.59,-4.41,3.923,6.808,0.724,0.482,0.911
histogram,otsu,combined,197,1,0,0.025,155.59,-4.41,3.927,6.833,0.728,0.434,0.913
histogram,otsu,combined,198,1,0,0.0278,155.82,-4.18,3.928,6.744,0.719,0.433,0.917
histogram,otsu,combined,199,1,0,0.0167,155.66,-4.34,3.912,6.808,0.782,0.438,0.922
histogram,otsu,combined,200,1,0,0.0278,155.88,-4.12,3.908,6.797,0.722,0.435,0.99
histogram,otsu,combined,201,1,0,0.0278,155.88,-4.12,3.926,6.787,0.716,0.434,0.922
histogram,otsu,combined,202,1,0,0.0181,155.57,-4.43,3.918,6.816,0.728,0.433,0.925
histogram,otsu,combined,203,1,0,0.0181,155.57,-4.43,4.292,7.18,0.721,0.479,0.931
histogram,otsu,combined,204,1,0,0.0319,155.95,-4.05,3.931,6.851,0.74,0.437,0.996
histogram,otsu,combined,205,1,0,0.0361,155.99,-4.01,3.946,6.771,0.722,0.435,0.917
histogram,otsu,combined,206,1,0,0.0361,155.99,-4.01,3.925,6.812,0.774,0.43,0.923
histogram,otsu,combined,207,1,0,0.0083,155.49,-4.51,3.903,6.802,0.725,0.436,0.925
histogram,otsu,combined,208,1,0,0.0181,155.82,-4.18,3.862,6.764,0.726,0.433,0.923
histogram,otsu,combined,209,1,0,0.0181,155.82,-4.18,3.964,6.8,0.735,0.434,0.92
histogram,otsu,combined,210,1,0,0.0181,155.82,-4.18,3.918,6.825,0.793,0.437,0.918
histogram,otsu,combined,211,1,0,0.0292,155.78,-4.22,4.0,6.955,0.734,0.435,0.989
histogram,otsu,combined,212,1,0,0.025,155.66,-4.34,3.929,6.749,0.727,0.434,0.906
histogram,otsu,combined,213,1,0,0.025,155.66,-4.34,3.943,6.832,0.725,0.433,0.906
histogram,otsu,combined,214,1,0,0.0278,155.71,-4.29,3.906,6.788,0.732,0.472,0.922
histogram,otsu,combined,215,1,0,0.0278,155.71,-4.29,3.908,6.823,0.726,0.436,0.989
histogram,otsu,combined,216,1,0,0.025,155.66,-4.34,3.952,6.771,0.718,0.433,0.92
histogram,otsu,combined,217,1,0,0.0319,155.95,-4.05,3.942,6.811,0.76,0.437,0.915
histogram,otsu,combined,218,1,0,0.025,155.8,-4.2,4.173,7.07,0.727,0.431,0.985
histogram,otsu,combined,219,1,0,0.0333,155.86,-4.14,3.864,6.776,0.735,0.435,0.912
histogram,otsu,combined,220,1,0,0.0333,155.95,-4.05,3.919,6.722,0.712,0.43,0.898
histogram,otsu,combined,221,1,0,0.0333,155.95,-4.05,3.942,6.859,0.781,0.441,0.911
histogram,otsu,combined,222,1,0,0.0292,156.0,-4.0,3.929,6.833,0.735,0.434,0.989
histogram,otsu,combined,223,1,0,0.0319,155.86,-4.14,3.937,6.775,0.726,0.434,0.923
histogram,otsu,combined,224,1,0,0.0208,155.7,-4.3,3.899,6.8,0.73,0.429,0.922
histogram,otsu,combined,225,1,0,0.0208,155.7,-4.3,3.919,6.828,0.727,0.475,0.951
histogram,otsu,combined,226,1,0,0.0319,155.91,-4.09,3.934,6.832,0.726,0.433,0.915
histogram,otsu,combined,227,1,0,0.0319,155.91,-4.09,3.932,6.75,0.728,0.436,0.902
histogram,otsu,combined,228,1,0,0.0319,155.91,-4.09,3.938,6.801,0.773,0.436,0.912
histogram,otsu,combined,229,1,0,0.0097,155.56,-4.44,3.904,6.813,0.734,0.43,0.993
histogram,otsu,combined,230,1,0,0.0194,155.83,-4.17,3.928,6.741,0.723,0.435,0.911
histogram,otsu,combined,231,1,0,0.0194,155.83,-4.17,3.911,6.821,0.713,0.433,0.908
histogram,otsu,combined,232,1,0,0.0292,155.83,-4.17,3.938,6.811,0.73,0.483,0.916
histogram,otsu,combined,233,1,0,0.0319,155.73,-4.27,3.906,6.8,0.725,0.436,0.905
histogram,otsu,combined,234,1,0,0.0319,155.73,-4.27,3.956,6.761,0.715,0.435,0.902
histogram,otsu,combined,235,1,0,0.0222,155.7,-4.3,3.91,6.82,0.796,0.443,0.921
histogram,otsu,combined,236,1,0,0.0222,155.7,-4.3,3.92,6.851,0.731,0.434,1.019
histogram,otsu,combined,237,1,0,0.0222,155.71,-4.29,3.896,6.727,0.726,0.436,0.914
histogram,otsu,combined,238,1,0,0.0194,155.88,-4.12,3.919,6.804,0.734,0.432,0.905
histogram,otsu,combined,239,1,0,0.0194,155.62,-4.38,3.926,6.821,0.732,0.48,0.931
histogram,otsu,combined,240,1,0,0.0194,155.62,-4.38,3.904,6.813,0.733,0.429,0.914
histogram,otsu,combined,241,1,0,0.0306,155.82,-4.18,3.901,6.755,0.721,0.432,0.907
histogram,otsu,combined,242,1,0,0.0194,155.6,-4.4,3.902,6.777,0.775,0.436,0.922
histogram,otsu,combined,243,1,0,0.0194,155.6,-4.4,3.942,6.841,0.722,0.434,0.998
histogram,otsu,combined,244,1,0,0.0097,155.62,-4.38,3.868,6.687,0.721,0.433,0.904
histogram,otsu,combined,245,1,0,0.0097,155.62,-4.38,3.875,6.769,0.708,0.435,0.91
histogram,otsu,combined,246,1,0,0.0194,155.66,-4.34,3.919,6.815,0.727,0.472,0.926
histogram,otsu,combined,247,1,0,0.0319,155.84,-4.16,3.919,6.818,0.725,0.436,0.916
histogram,otsu,combined,248,1,0,0.0194,155.68,-4.32,3.917,6.72,0.717,0.434,0.908
histogram,otsu,combined,249,1,0,0.0194,155.68,-4.32,3.902,6.8,0.781,0.436,0.925
histogram,otsu,combined,250,1,0,0.0319,155.95,-4.05,3.949,6.852,0.735,0.432,0.986
histogram,otsu,combined,251,1,0,0.0319,155.95,-4.05,3.934,6.779,0.717,0.433,0.911
histogram,otsu,combined,252,1,0,0.0208,155.58,-4.42,3.887,6.776,0.715,0.433,0.918
histogram,otsu,combined,253,1,0,0.0153,155.58,-4.42,3.922,6.819,0.725,0.477,0.934
histogram,otsu,combined,254,1,0,0.0153,155.58,-4.42,3.888,6.799,0.738,0.436,0.909
histogram,otsu,combined,255,1,0,0.0333,156.04,-3.96,3.936,6.753,0.717,0.434,0.918
histogram,otsu,combined,256,1,0,0.0319,155.86,-4.14,3.911,6.798,0.776,0.435,0.923
histogram,otsu,combined,257,1,0,0.0319,155.86,-4.14,3.928,6.831,0.737,0.434,0.978
histogram,otsu,combined,258,1,0,0.0319,155.86,-4.14,3.918,6.741,0.725,0.432,0.919
histogram,otsu,combined,259,1,0,0.0306,155.93,-4.07,3.923,6.826,0.731,0.436,0.914
histogram,otsu,combined,260,1,0,0.0306,155.93,-4.07,3.948,6.865,0.78,0.474,0.917
histogram,otsu,combined,261,1,0,0.0333,156.28,-3.72,3.964,6.906,0.727,0.434,0.917
histogram,otsu,combined,262,1,0,0.0194,155.68,-4.32,3.887,6.7,0.725,0.435,0.908
histogram,otsu,combined,263,1,0,0.0194,155.68,-4.32,3.905,6.792,0.792,0.441,0.912
histogram,otsu,combined,264,1,0,0.0194,155.68,-4.32,3.961,6.878,0.744,0.426,1.002
histogram,otsu,combined,265,1,0,0.0194,155.76,-4.24,3.941,6.76,0.724,0.434,0.914
histogram,otsu,combined,266,1,0,0.0194,155.76,-4.24,3.938,6.821,0.724,0.43,0.91
histogram,otsu,combined,267,1,0,0.0194,155.73,-4.27,3.914,6.801,0.734,0.476,0.923
histogram,otsu,combined,268,1,0,0.0236,155.74,-4.26,4.015,6.913,0.725,0.433,0.989
histogram,otsu,combined,269,1,0,0.0236,155.74,-4.26,3.967,6.776,0.715,0.435,0.914
histogram,otsu,combined,270,1,0,0.0292,155.72,-4.28,3.891,6.757,0.772,0.436,0.909
histogram,otsu,combined,271,1,0,0.0111,155.4,-4.6,3.936,6.869,0.727,0.437,0.975
histogram,otsu,combined,272,1,0,0.0278,155.84,-4.16,3.917,6.726,0.721,0.437,0.905
histogram,otsu,combined,273,1,0,0.0278,155.84,-4.16,3.932,6.821,0.717,0.435,0.916
histogram,otsu,combined,274,1,0,0.0194,155.65,-4.35,3.936,6.835,0.788,0.439,0.913
histogram,otsu,combined,275,1,0,0.0194,155.65,-4.35,3.9,6.793,0.721,0.434,0.971
histogram,otsu,combined,276,1,0,0.0222,155.84,-4.16,3.935,6.747,0.717,0.434,0.915
histogram,otsu,combined,277,1,0,0.0292,155.96,-4.04,3.944,6.805,0.763,0.439,0.911
histogram,otsu,combined,278,1,0,0.0194,155.64,-4.36,3.926,6.812,0.723,0.431,0.981
histogram,otsu,combined,279,1,0,0.0194,155.64,-4.36,3.937,6.754,0.715,0.437,0.911
histogram,otsu,combined,280,1,0,0.0222,155.68,-4.32,3.92,6.816,0.735,0.433,0.912
histogram,otsu,combined,281,1,0,0.0167,155.69,-4.31,3.906,6.828,0.722,0.496,0.912
histogram,otsu,combined,282,1,0,0.0167,155.69,-4.31,3.888,6.805,0.731,0.432,0.992
histogram,otsu,combined,283,1,0,0.0181,155.64,-4.36,3.928,6.737,0.715,0.434,0.914
histogram,otsu,combined,284,1,0,0.0181,155.64,-4.36,3.902,6.808,0.774,0.437,0.937
histogram,otsu,combined,285,1,0,0.0181,155.68,-4.32,3.954,6.835,0.719,0.437,0.972
histogram,otsu,combined,286,1,0,0.0222,155.75,-4.25,4.801,7.656,0.746,0.431,0.918
histogram,otsu,combined,287,1,0,0.0222,155.75,-4.25,4.002,7.553,1.147,0.447,1.175
histogram,otsu,combined,288,1,0,0.0181,155.75,-4.25,4.0,6.882,0.76,0.431,0.928
histogram,otsu,combined,289,1,0,0.0194,155.71,-4.29,4.098,7.653,1.208,0.448,1.124
histogram,otsu,combined,290,1,0,0.0236,155.65,-4.35,4.021,7.565,1.217,0.445,1.101
histogram,otsu,combined,291,1,0,0.0236,155.65,-4.35,4.051,7.625,1.204,0.453,1.104
histogram,otsu,combined,292,1,0,0.0194,155.66,-4.34,3.961,7.622,1.208,0.446,1.239
histogram,otsu,combined,293,1,0,0.0181,155.48,-4.52,4.033,7.576,1.148,0.502,1.121
histogram,otsu,combined,294,1,0,0.0181,155.48,-4.52,3.989,7.715,1.156,0.441,1.352
histogram,otsu,combined,295,1,0,0.0194,155.75,-4.25,4.015,7.587,1.154,0.446,1.194
histogram,otsu,combined,296,1,0,0.0194,155.75,-4.25,4.005,7.705,1.159,0.443,1.339
histogram,otsu,combined,297,1,0,0.0194,155.77,-4.23,4.036,7.599,1.147,0.449,1.192
histogram,otsu,combined,298,1,0,0.0194,155.57,-4.43,3.994,7.517,1.147,0.441,1.091
histogram,otsu,combined,299,1,0,0.0194,155.57,-4.43,3.982,7.458,1.14,0.444,1.118
histogram,otsu,combined,300,1,0,0.0236,155.83,-4.17,4.017,7.786,1.181,0.445,1.29
histogram,otsu,combined,301,1,0,0.0319,155.92,-4.08,4.019,7.597,1.153,0.443,1.09
histogram,otsu,combined,302,1,0,0.0292,155.78,-4.22,4.009,7.545,1.22,0.444,1.106
histogram,otsu,combined,303,1,0,0.0292,155.78,-4.22,4.001,7.543,1.201,0.447,1.115
histogram,otsu,combined,304,1,0,0.0333,156.08,-3.92,4.022,7.554,1.198,0.446,1.117
histogram,otsu,combined,305,1,0,0.0069,155.46,-4.54,4.021,7.691,1.144,0.504,1.188
histogram,otsu,combined,306,1,0,0.0069,155.46,-4.54,3.89,7.437,1.14,0.431,1.235
histogram,otsu,combined,307,1,0,0.0194,155.6,-4.4,3.941,7.429,1.135,0.433,1.175
histogram,otsu,combined,308,1,0,0.0194,155.6,-4.4,3.918,7.376,1.142,0.429,1.135
histogram,otsu,combined,309,1,0,0.0222,155.73,-4.27,3.865,7.381,1.129,0.428,1.223
histogram,otsu,combined,310,1,0,0.0125,155.59,-4.41,3.899,6.779,0.718,0.433,0.913
histogram,otsu,combined,311,1,0,0.0125,155.59,-4.41,3.915,6.833,0.724,0.482,0.917
histogram,otsu,combined,312,1,0,0.0236,155.93,-4.07,3.948,6.836,0.726,0.435,0.969
histogram,otsu,combined,313,1,0,0.0181,155.57,-4.43,3.913,6.755,0.738,0.434,0.929
histogram,otsu,combined,314,1,0,0.0181,155.57,-4.43,3.929,6.808,0.764,0.436,0.923
histogram,otsu,combined,315,1,0,0.0181,155.57,-4.43,3.929,6.851,0.727,0.435,0.999
histogram,otsu,combined,316,1,0,0.0167,155.67,-4.33,3.917,6.736,0.723,0.432,0.919
histogram,otsu,combined,317,1,0,0.0167,155.67,-4.33,3.938,6.815,0.715,0.437,0.902
histogram,otsu,combined,318,1,0,0.0194,155.67,-4.33,3.917,6.791,0.726,0.478,0.916
histogram,otsu,combined,319,1,0,0.025,155.78,-4.22,3.899,6.812,0.724,0.434,0.999
histogram,otsu,combined,320,1,0,0.0194,155.61,-4.39,3.898,6.722,0.726,0.433,0.914
histogram,otsu,combined,321,1,0,0.0194,155.61,-4.39,3.901,6.802,0.759,0.439,0.912
histogram,otsu,combined,322,1,0,0.0181,155.61,-4.39,3.978,6.874,0.728,0.436,0.987
histogram,otsu,combined,323,1,0,0.0181,155.61,-4.39,3.906,6.731,0.73,0.435,0.91
histogram,otsu,combined,324,1,0,0.0181,155.61,-4.39,3.908,6.784,0.715,0.432,0.904
histogram,otsu,combined,325,1,0,0.0194,155.7,-4.3,3.907,6.795,0.723,0.482,0.926
histogram,otsu,combined,326,1,0,0.0181,155.58,-4.42,3.891,6.785,0.724,0.433,0.987
histogram,otsu,combined,327,1,0,0.0181,155.58,-4.42,3.918,6.737,0.716,0.433,0.913
histogram,otsu,combined,328,1,0,0.0181,155.57,-4.43,3.891,6.756,0.763,0.437,0.909
histogram,otsu,combined,329,1,0,0.0181,155.57,-4.43,3.961,6.861,0.74,0.435,0.981
histogram,otsu,combined,330,1,0,0.0222,155.92,-4.08,3.923,6.74,0.726,0.434,0.904
histogram,otsu,combined,331,1,0,0.025,155.74,-4.26,3.916,6.842,0.72,0.428,0.913
histogram,otsu,combined,332,1,0,0.0208,155.81,-4.19,3.925,6.819,0.73,0.479,0.924
histogram,otsu,combined,333,1,0,0.0208,155.81,-4.19,3.918,6.818,0.732,0.435,0.986
histogram,otsu,combined,334,1,0,0.025,155.81,-4.19,3.916,6.729,0.722,0.435,0.901
histogram,otsu,combined,335,1,0,0.025,155.81,-4.19,3.905,6.777,0.761,0.438,0.916
histogram,otsu,combined,336,1,1,0.1008,155.71,-4.29,3.404,6.283,0.723,0.435,0.976
histogram,otsu,combined,337,1,0,0.0153,155.52,-4.48,3.934,6.994,0.962,0.443,0.903
histogram,otsu,combined,338,1,0,0.0153,155.52,-4.48,3.949,6.836,0.711,0.432,0.921
histogram,otsu,combined,339,1,0,0.0153,155.52,-4.48,3.933,6.806,0.732,0.478,0.911
histogram,otsu,combined,340,1,0,0.0208,155.8,-4.2,3.823,6.698,0.726,0.432,0.895
histogram,otsu,combined,341,1,0,0.0208,155.8,-4.2,3.911,6.77,0.724,0.435,0.916
histogram,otsu,combined,342,1,1,0.1008,155.67,-4.33,3.349,6.227,0.775,0.44,0.912
histogram,otsu,combined,343,1,0,0.0319,156.05,-3.95,3.853,6.747,0.734,0.433,0.905
histogram,otsu,combined,344,1,0,0.0319,156.05,-3.95,3.929,6.747,0.72,0.435,0.914
histogram,otsu,combined,345,1,0,0.0153,155.5,-4.5,3.913,6.806,0.779,0.44,0.927
histogram,otsu,combined,346,1,0,0.025,155.92,-4.08,3.932,6.834,0.73,0.43,0.99
histogram,otsu,combined,347,1,0,0.0333,155.77,-4.23,3.927,6.752,0.724,0.435,0.915
histogram,otsu,combined,348,1,0,0.0333,155.77,-4.23,3.91,6.788,0.712,0.431,0.917
histogram,otsu,combined,349,1,0,0.0083,155.44,-4.56,3.904,6.803,0.721,0.481,0.936
histogram,otsu,combined,350,1,0,0.0139,155.49,-4.51,4.328,7.254,0.744,0.434,0.902
histogram,otsu,combined,351,1,0,0.0139,155.49,-4.51,3.914,6.788,0.735,0.434,0.917
histogram,otsu,combined,352,1,0,0.0056,155.36,-4.64,3.878,6.777,0.79,0.429,0.921
histogram,otsu,combined,353,1,0,0.0056,155.36,-4.64,3.942,6.806,0.721,0.435,0.965
histogram,otsu,combined,354,1,0,0.0069,155.43,-4.57,3.879,6.7,0.727,0.432,0.915
histogram,otsu,combined,355,1,0,0.0181,155.74,-4.26,3.929,6.829,0.724,0.428,0.927
histogram,otsu,combined,356,1,0,0.0181,155.74,-4.26,3.897,6.806,0.765,0.436,0.962
histogram,otsu,combined,357,1,0,0.0083,155.51,-4.49,3.891,6.793,0.721,0.433,0.987
histogram,otsu,combined,358,1,0,0.0083,155.65,-4.35,3.923,6.72,0.717,0.434,0.897
histogram,otsu,combined,359,1,0,0.0083,155.65,-4.35,3.917,6.782,0.758,0.437,0.917
histogram,otsu,combined,360,1,0,0.0083,155.65,-4.35,3.952,6.844,0.726,0.431,0.976
histogram,otsu,combined,361,1,0,0.0181,155.63,-4.37,3.92,6.779,0.721,0.435,0.911
histogram,otsu,combined,362,1,0,0.025,155.88,-4.12,3.94,6.831,0.72,0.431,0.917
histogram,otsu,combined,363,1,0,0.025,155.88,-4.12,3.965,6.85,0.789,0.439,0.907
histogram,adaptive,combined,0,1,0,1.0,86.22,-73.78,6.895,19.342,0.712,9.035,1.872
histogram,adaptive,combined,1,1,0,1.0,86.22,-73.78,8.127,29.093,1.29,15.156,3.314
histogram,adaptive,combined,2,1,0,1.0,86.22,-73.78,5.412,18.276,1.254,9.036,1.664
histogram,adaptive,combined,3,1,0,1.0,86.22,-73.78,4.908,16.508,1.152,8.315,1.355
histogram,adaptive,combined,4,1,0,1.0,86.22,-73.78,4.858,16.584,1.147,8.38,1.432
histogram,adaptive,combined,5,1,0,1.0,86.22,-73.78,4.879,16.461,1.206,8.348,1.257
histogram,adaptive,combined,6,1,0,1.0,86.22,-73.78,4.872,16.531,1.206,8.388,1.256
histogram,adaptive,combined,7,1,0,1.0,86.22,-73.78,4.937,16.606,1.145,8.311,1.375
histogram,adaptive,combined,8,1,0,1.0,86.22,-73.78,4.33,14.55,1.009,7.332,1.119
histogram,adaptive,combined,9,1,0,1.0,86.22,-73.78,4.338,14.559,1.044,7.165,1.301
histogram,adaptive,combined,10,1,0,1.0,86.22,-73.78,4.446,14.684,0.999,7.281,1.253
histogram,adaptive,combined,11,1,0,1.0,86.22,-73.78,4.223,14.486,0.985,7.412,1.175
histogram,adaptive,combined,12,1,0,1.0,86.22,-73.78,4.22,14.427,1.05,7.182,1.29
histogram,adaptive,combined,13,1,0,1.0,86.22,-73.78,4.271,14.185,0.996,7.139,1.099
histogram,adaptive,combined,14,1,0,1.0,86.22,-73.78,4.537,14.712,1.045,7.369,1.088
histogram,adaptive,combined,15,1,0,1.0,86.22,-73.78,5.291,17.25,1.333,8.457,1.371
histogram,adaptive,combined,16,1,0,1.0,86.22,-73.78,5.36,17.364,1.195,8.478,1.447
histogram,adaptive,combined,17,1,0,1.0,86.22,-73.78,5.266,17.157,1.187,8.447,1.478
histogram,adaptive,combined,18,1,0,1.0,86.22,-73.78,5.129,17.041,1.174,8.694,1.229
histogram,adaptive,combined,19,1,0,1.0,86.22,-73.78,4.786,16.383,1.156,8.285,1.346
histogram,adaptive,combined,20,1,0,1.0,86.22,-73.78,4.928,16.479,1.138,8.255,1.349
histogram,adaptive,combined,21,1,0,1.0,86.22,-73.78,4.983,16.336,1.142,8.281,1.183
histogram,adaptive,combined,22,1,0,1.0,86.22,-73.78,4.777,16.367,1.148,8.256,1.428
histogram,adaptive,combined,23,1,0,1.0,86.22,-73.78,4.792,16.306,1.131,8.184,1.456
histogram,adaptive,combined,24,1,0,1.0,86.22,-73.78,4.781,16.259,1.153,8.274,1.306
histogram,adaptive,combined,25,1,0,1.0,86.22,-73.78,4.781,16.119,1.143,8.185,1.257
histogram,adaptive,combined,26,1,0,1.0,86.22,-73.78,5.549,17.23,1.14,8.341,1.373
histogram,adaptive,combined,27,1,0,1.0,86.22,-73.78,4.958,16.686,1.16,8.349,1.362
histogram,adaptive,combined,28,1,0,1.0,86.22,-73.78,5.023,16.685,1.22,8.387,1.264
histogram,adaptive,combined,29,1,0,1.0,86.22,-73.78,4.914,16.615,1.155,8.302,1.472
histogram,adaptive,combined,30,1,0,1.0,86.22,-73.78,5.496,18.018,1.152,8.472,2.047
histogram,adaptive,combined,31,1,0,1.0,86.22,-73.78,5.028,16.772,1.156,8.34,1.404
histogram,adaptive,combined,32,1,0,1.0,86.22,-73.78,4.901,16.688,1.153,8.384,1.469
histogram,adaptive,combined,33,1,0,1.0,86.22,-73.78,4.886,16.626,1.157,8.323,1.491
histogram,adaptive,combined,34,1,0,1.0,86.22,-73.78,5.1,16.728,1.155,8.44,1.253
histogram,adaptive,combined,35,1,0,1.0,86.22,-73.78,4.801,16.199,1.188,8.243,1.213
histogram,adaptive,combined,36,1,0,1.0,86.22,-73.78,4.782,16.421,1.201,8.281,1.38
histogram,adaptive,combined,37,1,0,1.0,86.22,-73.78,4.814,16.276,1.137,8.18,1.328
histogram,adaptive,combined,38,1,0,1.0,86.22,-73.78,4.87,16.426,1.142,8.272,1.344
histogram,adaptive,combined,39,1,0,1.0,86.22,-73.78,4.864,16.258,1.127,8.18,1.342
histogram,adaptive,combined,40,1,0,1.0,86.22,-73.78,4.791,16.227,1.154,8.258,1.22
histogram,adaptive,combined,41,1,0,1.0,86.22,-73.78,4.785,16.18,1.141,8.187,1.309
histogram,adaptive,combined,42,1,0,1.0,86.22,-73.78,4.757,16.223,1.141,8.253,1.324
histogram,adaptive,combined,43,1,0,1.0,86.22,-73.78,4.794,16.186,1.149,8.191,1.305
histogram,adaptive,combined,44,1,0,1.0,86.22,-73.78,4.779,16.19,1.145,8.266,1.251
histogram,adaptive,combined,45,1,0,1.0,86.22,-73.78,4.784,16.148,1.134,8.206,1.28
histogram,adaptive,combined,46,1,0,1.0,86.22,-73.78,4.781,16.278,1.15,8.357,1.21
histogram,adaptive,combined,47,1,0,1.0,86.22,-73.78,4.821,16.312,1.186,8.232,1.328
histogram,adaptive,combined,48,1,0,1.0,86.22,-73.78,4.793,16.289,1.187,8.308,1.221
histogram,adaptive,combined,49,1,0,1.0,86.22,-73.78,4.822,16.179,1.19,8.196,1.215
histogram,adaptive,combined,50,1,0,1.0,86.22,-73.78,4.839,16.456,1.152,8.295,1.364
histogram,adaptive,combined,51,1,0,1.0,86.22,-73.78,4.898,16.334,1.137,8.201,1.343
histogram,adaptive,combined,52,1,0,1.0,86.22,-73.78,4.839,16.253,1.152,8.275,1.235
histogram,adaptive,combined,53,1,0,1.0,86.22,-73.78,4.819,16.256,1.145,8.176,1.368
histogram,adaptive,combined,54,1,0,1.0,86.22,-73.78,4.788,16.2,1.141,8.238,1.276
histogram,adaptive,combined,55,1,0,1.0,86.22,-73.78,4.778,16.759,1.139,8.181,1.866
histogram,adaptive,combined,56,1,0,1.0,86.22,-73.78,4.747,16.347,1.14,8.337,1.347
histogram,adaptive,combined,57,1,0,1.0,86.22,-73.78,4.796,16.225,1.192,8.309,1.181
histogram,adaptive,combined,58,1,0,1.0,86.22,-73.78,4.757,16.321,1.182,8.294,1.339
histogram,adaptive,combined,59,1,0,1.0,86.22,-73.78,4.785,16.16,1.201,8.18,1.228
histogram,adaptive,combined,60,1,0,1.0,86.22,-73.78,4.735,16.278,1.135,8.271,1.322
histogram,adaptive,combined,61,1,0,1.0,86.22,-73.78,4.931,16.315,1.149,8.211,1.208
histogram,adaptive,combined,62,1,0,1.0,86.22,-73.78,4.828,16.321,1.13,8.261,1.35
histogram,adaptive,combined,63,1,0,1.0,86.22,-73.78,4.844,16.315,1.141,8.175,1.329
histogram,adaptive,combined,64,1,0,1.0,86.22,-73.78,4.79,16.215,1.136,8.258,1.28
histogram,adaptive,combined,65,1,0,1.0,86.22,-73.78,4.782,16.28,1.136,8.18,1.423
histogram,adaptive,combined,66,1,0,1.0,86.22,-73.78,4.746,16.241,1.147,8.264,1.293
histogram,adaptive,combined,67,1,0,1.0,86.22,-73.78,4.782,16.132,1.139,8.189,1.255
histogram,adaptive,combined,68,1,0,1.0,86.22,-73.78,4.76,16.198,1.134,8.344,1.216
histogram,adaptive,combined,69,1,0,1.0,86.22,-73.78,4.785,16.168,1.198,8.244,1.179
histogram,adaptive,combined,70,1,0,1.0,86.22,-73.78,4.744,16.194,1.185,8.303,1.214
histogram,adaptive,combined,71,1,0,1.0,86.22,-73.78,4.805,16.172,1.186,8.218,1.197
histogram,adaptive,combined,72,1,0,1.0,86.22,-73.78,4.755,16.193,1.182,8.27,1.241
histogram,adaptive,combined,73,1,0,1.0,86.22,-73.78,4.817,16.159,1.195,8.198,1.201
histogram,adaptive,combined,74,1,0,1.0,86.22,-73.78,4.812,16.39,1.146,8.264,1.345
histogram,adaptive,combined,75,1,0,1.0,86.22,-73.78,4.877,16.163,1.131,8.183,1.209
histogram,adaptive,combined,76,1,0,1.0,86.22,-73.78,4.855,16.372,1.128,8.25,1.349
histogram,adaptive,combined,77,1,0,1.0,86.22,-73.78,4.805,16.275,1.132,8.193,1.334
histogram,adaptive,combined,78,1,0,1.0,86.22,-73.78,4.781,16.249,1.14,8.256,1.323
histogram,adaptive,combined,79,1,0,1.0,86.22,-73.78,4.807,16.209,1.129,8.192,1.326
histogram,adaptive,combined,80,1,0,1.0,86.22,-73.78,4.759,16.214,1.141,8.277,1.29
histogram,adaptive,combined,81,1,0,1.0,86.22,-73.78,4.783,16.282,1.132,8.241,1.36
histogram,adaptive,combined,82,1,0,1.0,86.22,-73.78,4.762,16.331,1.201,8.297,1.32
histogram,adaptive,combined,83,1,0,1.0,86.22,-73.78,4.773,16.175,1.201,8.222,1.231
histogram,adaptive,combined,84,1,0,1.0,86.22,-73.78,4.783,16.258,1.195,8.323,1.208
histogram,adaptive,combined,85,1,0,1.0,86.22,-73.78,4.781,16.149,1.19,8.195,1.235
histogram,adaptive,combined,86,1,0,1.0,86.22,-73.78,4.744,16.259,1.137,8.282,1.235
histogram,adaptive,combined,87,1,0,1.0,86.22,-73.78,5.504,17.402,1.144,8.27,1.638
histogram,adaptive,combined,88,1,0,1.0,86.22,-73.78,4.916,16.631,1.144,8.393,1.401
histogram,adaptive,combined,89,1,0,1.0,86.22,-73.78,4.873,16.699,1.148,8.389,1.379
histogram,adaptive,combined,90,1,0,1.0,86.22,-73.78,4.91,16.537,1.217,8.398,1.238
histogram,adaptive,combined,91,1,0,1.0,86.22,-73.78,5.026,16.851,1.203,8.553,1.288
histogram,adaptive,combined,92,1,0,1.0,86.22,-73.78,4.981,16.586,1.142,8.395,1.3
histogram,adaptive,combined,93,1,0,1.0,86.22,-73.78,4.952,16.528,1.156,8.292,1.345
histogram,adaptive,combined,94,1,0,1.0,86.22,-73.78,4.873,16.622,1.15,8.381,1.453
histogram,adaptive,combined,95,1,0,1.0,86.22,-73.78,5.158,16.734,1.153,8.381,1.273
histogram,adaptive,combined,96,1,0,1.0,86.22,-73.78,4.784,16.381,1.185,8.32,1.314
histogram,adaptive,combined,97,1,0,1.0,86.22,-73.78,4.778,16.246,1.134,8.224,1.298
histogram,adaptive,combined,98,1,0,1.0,86.22,-73.78,4.825,16.392,1.151,8.274,1.341
histogram,adaptive,combined,99,1,0,1.0,86.22,-73.78,4.85,16.195,1.133,8.251,1.215
histogram,adaptive,combined,100,1,0,1.0,86.22,-73.78,4.704,16.265,1.135,8.279,1.344
histogram,adaptive,combined,101,1,0,1.0,86.22,-73.78,4.262,14.247,0.995,7.115,1.197
histogram,adaptive,combined,102,1,0,1.0,86.22,-73.78,4.211,14.29,1.044,7.131,1.229
histogram,adaptive,combined,103,1,0,1.0,86.22,-73.78,4.196,14.082,0.997,7.088,1.118
histogram,adaptive,combined,104,1,0,1.0,86.22,-73.78,4.197,14.181,0.987,7.184,1.082
histogram,adaptive,combined,105,1,0,1.0,86.22,-73.78,4.266,14.234,0.98,7.119,1.195
histogram,adaptive,combined,106,1,0,1.0,86.22,-73.78,4.167,14.293,0.997,7.202,1.217
histogram,adaptive,combined,107,1,0,1.0,86.22,-73.78,4.22,14.161,0.995,7.122,1.137
histogram,adaptive,combined,108,1,0,1.0,86.22,-73.78,4.78,16.138,1.124,8.255,1.236
histogram,adaptive,combined,109,1,0,1.0,86.22,-73.78,4.804,16.162,1.143,8.18,1.278
histogram,adaptive,combined,110,1,0,1.0,86.22,-73.78,4.77,16.331,1.143,8.254,1.419
histogram,adaptive,combined,111,1,0,1.0,86.22,-73.78,4.8,16.193,1.138,8.202,1.294
histogram,adaptive,combined,112,1,0,1.0,86.22,-73.78,4.759,16.216,1.152,8.27,1.293
histogram,adaptive,combined,113,1,0,1.0,86.22,-73.78,4.8,16.177,1.132,8.202,1.295
histogram,adaptive,combined,114,1,0,1.0,86.22,-73.78,4.212,14.948,1.193,7.69,1.123
histogram,adaptive,combined,115,1,0,1.0,86.22,-73.78,4.2,14.203,0.984,7.136,1.204
histogram,adaptive,combined,116,1,0,1.0,86.22,-73.78,4.191,14.267,0.996,7.229,1.068
histogram,adaptive,combined,117,1,0,1.0,86.22,-73.78,4.247,14.144,0.993,7.095,1.12
histogram,adaptive,combined,118,1,0,1.0,86.22,-73.78,4.177,14.163,1.0,7.208,1.102
histogram,adaptive,combined,119,1,0,1.0,86.22,-73.78,4.397,14.689,0.994,7.113,1.425
histogram,adaptive,combined,120,1,0,1.0,86.22,-73.78,4.195,14.245,0.996,7.174,1.206
histogram,adaptive,combined,121,1,0,1.0,86.22,-73.78,4.783,15.391,1.048,7.533,1.339
histogram,adaptive,combined,122,1,0,1.0,86.22,-73.78,4.766,16.347,1.187,8.317,1.325
histogram,adaptive,combined,123,1,0,1.0,86.22,-73.78,4.816,16.202,1.194,8.215,1.221
histogram,adaptive,combined,124,1,0,1.0,86.22,-73.78,4.775,16.332,1.154,8.27,1.322
histogram,adaptive,combined,125,1,0,1.0,86.22,-73.78,4.869,16.347,1.129,8.197,1.341
histogram,adaptive,combined,126,1,0,1.0,86.22,-73.78,4.846,16.378,1.133,8.267,1.344
histogram,adaptive,combined,127,1,0,1.0,86.22,-73.78,4.838,16.344,1.136,8.197,1.399
histogram,adaptive,combined,128,1,0,1.0,86.22,-73.78,4.784,16.329,1.144,8.252,1.401
histogram,adaptive,combined,129,1,0,1.0,86.22,-73.78,4.787,16.171,1.148,8.176,1.308
histogram,adaptive,combined,130,1,0,1.0,86.22,-73.78,4.775,16.292,1.152,8.24,1.381
histogram,adaptive,combined,131,1,0,1.0,86.22,-73.78,4.765,16.165,1.142,8.266,1.229
histogram,adaptive,combined,132,1,0,1.0,86.22,-73.78,4.773,16.354,1.194,8.29,1.34
histogram,adaptive,combined,133,1,0,1.0,86.22,-73.78,4.543,16.03,1.179,8.253,1.309
histogram,adaptive,combined,134,1,0,1.0,86.22,-73.78,4.188,14.298,1.036,7.152,1.25
histogram,adaptive,combined,135,1,0,1.0,86.22,-73.78,4.195,14.159,0.991,7.102,1.193
histogram,adaptive,combined,136,1,0,1.0,86.22,-73.78,4.171,14.244,0.994,7.198,1.104
histogram,adaptive,combined,137,1,0,1.0,86.22,-73.78,4.201,14.059,0.993,7.082,1.109
histogram,adaptive,combined,138,1,0,1.0,86.22,-73.78,4.17,14.338,0.984,7.205,1.19
histogram,adaptive,combined,139,1,0,1.0,86.22,-73.78,4.214,14.261,0.995,7.121,1.252
histogram,adaptive,combined,140,1,0,1.0,86.22,-73.78,4.228,14.184,0.99,7.183,1.096
histogram,adaptive,combined,141,1,0,1.0,86.22,-73.78,4.782,16.148,1.194,8.208,1.21
histogram,adaptive,combined,142,1,0,1.0,86.22,-73.78,4.777,16.251,1.192,8.316,1.225
histogram,adaptive,combined,143,1,0,1.0,86.22,-73.78,4.824,16.233,1.152,8.197,1.242
histogram,adaptive,combined,144,1,0,1.0,86.22,-73.78,4.861,16.412,1.145,8.332,1.248
histogram,adaptive,combined,145,1,0,1.0,86.22,-73.78,4.876,16.32,1.132,8.199,1.347
histogram,adaptive,combined,146,1,0,1.0,86.22,-73.78,4.777,16.387,1.129,8.287,1.354
histogram,adaptive,combined,147,1,0,1.0,86.22,-73.78,4.231,14.614,1.148,7.403,1.091
histogram,adaptive,combined,148,1,0,1.0,86.22,-73.78,4.183,14.216,1.0,7.188,1.099
histogram,adaptive,combined,149,1,0,1.0,86.22,-73.78,4.225,14.228,0.989,7.103,1.181
histogram,adaptive,combined,150,1,0,1.0,86.22,-73.78,4.192,14.245,0.985,7.197,1.192
histogram,adaptive,combined,151,1,0,1.0,86.22,-73.78,5.035,15.014,1.035,7.072,1.189
histogram,adaptive,combined,152,1,0,1.0,86.22,-73.78,4.271,14.375,1.045,7.258,1.113
histogram,adaptive,combined,153,1,0,1.0,86.22,-73.78,4.208,14.329,0.997,7.271,1.171
histogram,adaptive,combined,154,1,0,1.0,86.22,-73.78,4.774,15.814,1.052,7.912,1.389
histogram,adaptive,combined,155,1,0,1.0,86.22,-73.78,4.866,16.378,1.182,8.245,1.329
histogram,adaptive,combined,156,1,0,1.0,86.22,-73.78,4.792,16.297,1.197,8.31,1.202
histogram,adaptive,combined,157,1,0,1.0,86.22,-73.78,4.79,16.176,1.202,8.201,1.229
histogram,adaptive,combined,158,1,0,1.0,86.22,-73.78,4.781,16.255,1.214,8.286,1.221
histogram,adaptive,combined,159,1,0,1.0,86.22,-73.78,4.83,16.179,1.143,8.182,1.201
histogram,adaptive,combined,160,1,0,1.0,86.22,-73.78,4.862,16.367,1.139,8.252,1.363
histogram,adaptive,combined,161,1,0,1.0,86.22,-73.78,4.855,16.157,1.132,8.185,1.227
histogram,adaptive,combined,162,1,0,1.0,86.22,-73.78,4.803,16.238,1.153,8.226,1.223
histogram,adaptive,combined,163,1,0,1.0,86.22,-73.78,4.79,16.295,1.138,8.201,1.411
histogram,adaptive,combined,164,1,0,1.0,86.22,-73.78,4.789,16.371,1.149,8.246,1.434
histogram,adaptive,combined,165,1,0,1.0,86.22,-73.78,4.792,16.289,1.143,8.197,1.405
histogram,adaptive,combined,166,1,0,1.0,86.22,-73.78,4.219,15.804,1.135,8.339,1.332
histogram,adaptive,combined,167,1,0,1.0,86.22,-73.78,4.214,14.242,0.987,7.1,1.197
histogram,adaptive,combined,168,1,0,1.0,86.22,-73.78,4.185,14.141,1.0,7.196,1.085
histogram,adaptive,combined,169,1,0,1.0,86.22,-73.78,4.227,14.315,1.043,7.094,1.262
histogram,adaptive,combined,170,1,0,1.0,86.22,-73.78,4.186,14.126,0.99,7.164,1.108
histogram,adaptive,combined,171,1,0,1.0,86.22,-73.78,4.256,14.196,1.033,7.083,1.133
histogram,adaptive,combined,172,1,0,1.0,86.22,-73.78,4.188,14.153,0.988,7.162,1.125
histogram,adaptive,combined,173,1,0,1.0,86.22,-73.78,4.532,14.479,0.981,7.129,1.09
histogram,adaptive,combined,174,1,0,1.0,86.22,-73.78,4.759,16.355,1.155,8.348,1.344
histogram,adaptive,combined,175,1,0,1.0,86.22,-73.78,4.809,16.34,1.2,8.238,1.345
histogram,adaptive,combined,176,1,0,1.0,86.22,-73.78,4.763,16.389,1.187,8.304,1.35
histogram,adaptive,combined,177,1,0,1.0,86.22,-73.78,4.768,16.175,1.199,8.226,1.222
histogram,adaptive,combined,178,1,0,1.0,86.22,-73.78,4.775,16.304,1.135,8.257,1.321
histogram,adaptive,combined,179,1,0,1.0,86.22,-73.78,4.868,16.306,1.144,8.22,1.316
histogram,adaptive,combined,180,1,0,1.0,86.22,-73.78,4.183,14.466,1.14,7.201,1.202
histogram,adaptive,combined,181,1,0,1.0,86.22,-73.78,4.207,14.278,1.043,7.106,1.244
histogram,adaptive,combined,182,1,0,1.0,86.22,-73.78,4.193,14.153,1.0,7.174,1.109
histogram,adaptive,combined,183,1,0,1.0,86.22,-73.78,4.214,14.164,1.052,7.145,1.077
histogram,adaptive,combined,184,1,0,1.0,86.22,-73.78,4.25,14.306,0.994,7.165,1.211
histogram,adaptive,combined,185,1,0,1.0,86.22,-73.78,4.494,14.378,0.988,7.134,1.084
histogram,adaptive,combined,186,1,0,1.0,86.22,-73.78,4.219,14.285,1.038,7.162,1.164
histogram,adaptive,combined,187,1,0,1.0,86.22,-73.78,4.884,15.968,0.992,8.067,1.335
histogram,adaptive,combined,188,1,0,1.0,86.22,-73.78,4.799,16.375,1.137,8.283,1.405
histogram,adaptive,combined,189,1,0,1.0,86.22,-73.78,4.771,16.201,1.132,8.234,1.307
histogram,adaptive,combined,190,1,0,1.0,86.22,-73.78,4.786,16.209,1.152,8.264,1.263
histogram,adaptive,combined,191,1,0,1.0,86.22,-73.78,4.827,16.211,1.132,8.208,1.288
histogram,adaptive,combined,192,1,0,1.0,86.22,-73.78,4.764,16.321,1.136,8.341,1.331
histogram,adaptive,combined,193,1,0,1.0,86.22,-73.78,4.76,16.262,1.191,8.236,1.325
histogram,adaptive,combined,194,1,0,1.0,86.22,-73.78,4.753,16.333,1.188,8.312,1.335
histogram,adaptive,combined,195,1,0,1.0,86.22,-73.78,4.784,16.192,1.197,8.235,1.226
histogram,adaptive,combined,196,1,0,1.0,86.22,-73.78,4.773,16.242,1.137,8.272,1.202
histogram,adaptive,combined,197,1,0,1.0,86.22,-73.78,4.833,16.221,1.147,8.196,1.231
histogram,adaptive,combined,198,1,0,1.0,86.22,-73.78,4.839,16.211,1.131,8.262,1.221
histogram,adaptive,combined,199,1,0,1.0,86.22,-73.78,4.214,15.476,1.141,8.192,1.192
histogram,adaptive,combined,200,1,0,1.0,86.22,-73.78,4.188,14.233,0.996,7.208,1.093
histogram,adaptive,combined,201,1,0,1.0,86.22,-73.78,4.202,14.239,0.994,7.119,1.242
histogram,adaptive,combined,202,1,0,1.0,86.22,-73.78,4.176,14.2,0.989,7.175,1.187
histogram,adaptive,combined,203,1,0,1.0,86.22,-73.78,4.236,14.312,1.037,7.086,1.277
histogram,adaptive,combined,204,1,0,1.0,86.22,-73.78,4.199,14.232,0.992,7.168,1.195
histogram,adaptive,combined,205,1,0,1.0,86.22,-73.78,4.207,14.255,1.047,7.132,1.187
histogram,adaptive,combined,206,1,0,1.0,86.22,-73.78,4.3,14.406,0.989,7.193,1.216
histogram,adaptive,combined,207,1,0,1.0,86.22,-73.78,4.222,14.13,0.994,7.138,1.086
histogram,adaptive,combined,208,1,0,1.0,86.22,-73.78,4.199,14.431,0.999,7.187,1.365
histogram,adaptive,combined,209,1,0,1.0,86.22,-73.78,4.19,14.09,0.987,7.115,1.116
histogram,adaptive,combined,210,1,0,1.0,86.22,-73.78,4.179,14.273,1.051,7.138,1.231
histogram,adaptive,combined,211,1,0,1.0,86.22,-73.78,4.214,14.209,1.0,7.111,1.204
histogram,adaptive,combined,212,1,0,1.0,86.22,-73.78,4.199,14.286,1.002,7.225,1.112
histogram,adaptive,combined,213,1,0,1.0,86.22,-73.78,4.678,14.583,0.987,7.153,1.091
histogram,adaptive,combined,214,1,0,1.0,86.22,-73.78,4.769,16.295,1.131,8.251,1.335
histogram,adaptive,combined,215,1,0,1.0,86.22,-73.78,4.791,16.177,1.135,8.197,1.301
histogram,adaptive,combined,216,1,0,1.0,86.22,-73.78,5.561,17.07,1.132,8.272,1.313
histogram,adaptive,combined,217,1,0,1.0,86.22,-73.78,4.812,16.516,1.268,8.414,1.231
histogram,adaptive,combined,218,1,0,1.0,86.22,-73.78,4.859,16.452,1.199,8.435,1.213
histogram,adaptive,combined,219,1,0,1.0,86.22,-73.78,4.765,16.109,1.131,8.21,1.176
histogram,adaptive,combined,220,1,0,1.0,86.22,-73.78,4.842,16.406,1.137,8.25,1.335
histogram,adaptive,combined,221,1,0,1.0,86.22,-73.78,4.903,16.23,1.135,8.206,1.231
histogram,adaptive,combined,222,1,0,1.0,86.22,-73.78,4.885,16.274,1.146,8.265,1.23
histogram,adaptive,combined,223,1,0,1.0,86.22,-73.78,4.795,16.174,1.143,8.201,1.215
histogram,adaptive,combined,224,1,0,1.0,86.22,-73.78,4.802,16.336,1.14,8.25,1.392
histogram,adaptive,combined,225,1,0,1.0,86.22,-73.78,4.782,16.304,1.139,8.205,1.426
histogram,adaptive,combined,226,1,0,1.0,86.22,-73.78,4.199,14.778,1.14,7.421,1.254
histogram,adaptive,combined,227,1,0,1.0,86.22,-73.78,4.221,14.198,0.98,7.125,1.19
histogram,adaptive,combined,228,1,0,1.0,86.22,-73.78,4.245,14.345,1.051,7.137,1.241
histogram,adaptive,combined,229,1,0,1.0,86.22,-73.78,4.199,14.083,0.986,7.122,1.094
histogram,adaptive,combined,230,1,0,1.0,86.22,-73.78,4.196,14.214,1.052,7.213,1.078
histogram,adaptive,combined,231,1,0,1.0,86.22,-73.78,4.216,14.183,0.981,7.106,1.196
histogram,adaptive,combined,232,1,0,1.0,86.22,-73.78,4.198,14.261,0.985,7.22,1.186
histogram,adaptive,combined,233,1,0,1.0,86.22,-73.78,4.206,14.246,0.987,7.109,1.264
histogram,adaptive,combined,234,1,0,1.0,86.22,-73.78,4.191,14.126,0.999,7.178,1.077
histogram,adaptive,combined,235,1,0,1.0,86.22,-73.78,4.227,14.295,1.034,7.071,1.288
histogram,adaptive,combined,236,1,0,1.0,86.22,-73.78,4.197,14.276,0.993,7.184,1.195
histogram,adaptive,combined,237,1,0,1.0,86.22,-73.78,4.196,14.159,0.991,7.14,1.091
histogram,adaptive,combined,238,1,0,1.0,86.22,-73.78,4.249,14.172,0.991,7.174,1.077
histogram,adaptive,combined,239,1,0,1.0,86.22,-73.78,4.201,14.16,0.973,7.125,1.18
histogram,adaptive,combined,240,1,0,1.0,86.22,-73.78,4.773,15.487,0.993,7.628,1.412
histogram,adaptive,combined,241,1,0,1.0,86.22,-73.78,4.772,16.147,1.148,8.193,1.282
histogram,adaptive,combined,242,1,0,1.0,86.22,-73.78,4.743,16.19,1.14,8.336,1.213
histogram,adaptive,combined,243,1,0,1.0,86.22,-73.78,4.788,16.155,1.193,8.212,1.214
histogram,adaptive,combined,244,1,0,1.0,86.22,-73.78,4.788,16.37,1.185,8.329,1.322
histogram,adaptive,combined,245,1,0,1.0,86.22,-73.78,4.766,16.154,1.191,8.228,1.214
histogram,adaptive,combined,246,1,0,1.0,86.22,-73.78,4.201,15.675,1.19,8.289,1.214
histogram,adaptive,combined,247,1,0,1.0,86.22,-73.78,4.223,14.276,1.034,7.075,1.266
histogram,adaptive,combined,248,1,0,1.0,86.22,-73.78,4.205,14.245,0.99,7.168,1.199
histogram,adaptive,combined,249,1,0,1.0,86.22,-73.78,4.214,14.249,0.984,7.121,1.189
histogram,adaptive,combined,250,1,0,1.0,86.22,-73.78,4.239,14.305,0.994,7.184,1.212
histogram,adaptive,combined,251,1,0,1.0,86.22,-73.78,4.19,14.073,0.991,7.127,1.082
histogram,adaptive,combined,252,1,0,1.0,86.22,-73.78,4.212,14.242,0.993,7.187,1.177
histogram,adaptive,combined,253,1,0,1.0,86.22,-73.78,4.67,14.767,0.984,7.299,1.127
histogram,adaptive,combined,254,1,0,1.0,86.22,-73.78,4.79,16.259,1.146,8.275,1.23
histogram,adaptive,combined,255,1,0,1.0,86.22,-73.78,4.885,16.419,1.136,8.239,1.338
histogram,adaptive,combined,256,1,0,1.0,86.22,-73.78,4.838,16.261,1.131,8.275,1.23
histogram,adaptive,combined,257,1,0,1.0,86.22,-73.78,4.835,16.16,1.141,8.203,1.231
histogram,adaptive,combined,258,1,0,1.0,86.22,-73.78,4.78,16.336,1.136,8.257,1.408
histogram,adaptive,combined,259,1,0,1.0,86.22,-73.78,4.78,16.198,1.141,8.213,1.314
histogram,adaptive,combined,260,1,0,1.0,86.22,-73.78,4.759,16.302,1.136,8.253,1.413
histogram,adaptive,combined,261,1,0,1.0,86.22,-73.78,4.763,16.114,1.13,8.195,1.272
histogram,adaptive,combined,262,1,0,1.0,86.22,-73.78,4.765,16.305,1.138,8.327,1.33
histogram,adaptive,combined,263,1,0,1.0,86.22,-73.78,4.767,16.269,1.188,8.233,1.329
histogram,adaptive,combined,264,1,0,1.0,86.22,-73.78,4.758,16.321,1.197,8.296,1.33
histogram,adaptive,combined,265,1,0,1.0,86.22,-73.78,4.79,16.261,1.185,8.191,1.348
histogram,adaptive,combined,266,1,0,1.0,86.22,-73.78,4.799,16.392,1.135,8.273,1.339
histogram,adaptive,combined,267,1,0,1.0,86.22,-73.78,4.837,16.249,1.134,8.181,1.343
histogram,adaptive,combined,268,1,0,1.0,86.22,-73.78,4.858,16.227,1.148,8.268,1.213
histogram,adaptive,combined,269,1,0,1.0,86.22,-73.78,4.875,16.167,1.136,8.178,1.221
histogram,adaptive,combined,270,1,0,1.0,86.22,-73.78,4.773,16.31,1.151,8.249,1.385
histogram,adaptive,combined,271,1,0,1.0,86.22,-73.78,4.763,16.285,1.146,8.205,1.414
histogram,adaptive,combined,272,1,0,1.0,86.22,-73.78,4.219,15.33,1.146,7.948,1.281
histogram,adaptive,combined,273,1,0,1.0,86.22,-73.78,4.192,14.062,0.99,7.092,1.104
histogram,adaptive,combined,274,1,0,1.0,86.22,-73.78,4.353,14.338,1.042,7.132,1.131
histogram,adaptive,combined,275,1,0,1.0,86.22,-73.78,4.221,14.138,0.978,7.074,1.193
histogram,adaptive,combined,276,1,0,1.0,86.22,-73.78,4.197,14.406,0.993,7.238,1.189
histogram,adaptive,combined,277,1,0,1.0,86.22,-73.78,4.198,14.114,0.987,7.082,1.112
histogram,adaptive,combined,278,1,0,1.0,86.22,-73.78,4.202,14.255,0.995,7.196,1.186
histogram,adaptive,combined,279,1,0,1.0,86.22,-73.78,4.215,14.205,1.03,7.109,1.176
histogram,adaptive,combined,280,1,0,1.0,86.22,-73.78,4.183,14.141,0.995,7.167,1.119
histogram,adaptive,combined,281,1,0,1.0,86.22,-73.78,4.914,15.005,1.039,7.07,1.254
histogram,adaptive,combined,282,1,0,1.0,86.22,-73.78,4.184,14.354,1.046,7.225,1.202
histogram,adaptive,combined,283,1,0,1.0,86.22,-73.78,4.242,14.208,0.988,7.253,1.058
histogram,adaptive,combined,284,1,0,1.0,86.22,-73.78,4.24,14.398,1.051,7.173,1.259
histogram,adaptive,combined,285,1,0,1.0,86.22,-73.78,4.208,14.155,0.983,7.099,1.184
histogram,adaptive,combined,286,1,0,1.0,86.22,-73.78,4.737,15.048,0.989,7.315,1.215
histogram,adaptive,combined,287,1,0,1.0,86.22,-73.78,4.775,16.164,1.181,8.24,1.214
histogram,adaptive,combined,288,1,0,1.0,86.22,-73.78,4.765,16.353,1.198,8.299,1.342
histogram,adaptive,combined,289,1,0,1.0,86.22,-73.78,4.769,16.15,1.212,8.203,1.221
histogram,adaptive,combined,290,1,0,1.0,86.22,-73.78,4.761,16.201,1.148,8.272,1.205
histogram,adaptive,combined,291,1,0,1.0,86.22,-73.78,4.861,16.329,1.139,8.192,1.324
histogram,adaptive,combined,292,1,0,1.0,86.22,-73.78,4.562,16.04,1.144,8.26,1.34
histogram,adaptive,combined,293,1,0,1.0,86.22,-73.78,4.183,14.06,0.979,7.136,1.085
histogram,adaptive,combined,294,1,0,1.0,86.22,-73.78,4.208,14.204,0.99,7.199,1.136
histogram,adaptive,combined,295,1,0,1.0,86.22,-73.78,4.195,14.105,0.99,7.143,1.102
histogram,adaptive,combined,296,1,0,1.0,86.22,-73.78,4.228,14.302,1.045,7.156,1.155
histogram,adaptive,combined,297,1,0,1.0,86.22,-73.78,4.224,14.182,0.979,7.101,1.201
histogram,adaptive,combined,298,1,0,1.0,86.22,-73.78,4.173,14.205,1.06,7.2,1.096
histogram,adaptive,combined,299,1,0,1.0,86.22,-73.78,4.301,14.156,0.988,7.11,1.07
histogram,adaptive,combined,300,1,0,1.0,86.22,-73.78,4.825,16.387,1.141,8.271,1.342
histogram,adaptive,combined,301,1,0,1.0,86.22,-73.78,4.845,16.159,1.126,8.209,1.229
histogram,adaptive,combined,302,1,0,1.0,86.22,-73.78,4.785,16.227,1.143,8.28,1.204
histogram,adaptive,combined,303,1,0,1.0,86.22,-73.78,4.791,16.182,1.128,8.19,1.316
histogram,adaptive,combined,304,1,0,1.0,86.22,-73.78,4.79,16.234,1.135,8.277,1.292
histogram,adaptive,combined,305,1,0,1.0,86.22,-73.78,4.842,16.232,1.13,8.202,1.307
histogram,adaptive,combined,306,1,0,1.0,86.22,-73.78,4.2,14.833,1.138,7.472,1.258
histogram,adaptive,combined,307,1,0,1.0,86.22,-73.78,4.191,14.18,0.983,7.118,1.205
histogram,adaptive,combined,308,1,0,1.0,86.22,-73.78,4.225,14.264,1.048,7.139,1.174
histogram,adaptive,combined,309,1,0,1.0,86.22,-73.78,4.191,14.158,0.987,7.114,1.188
histogram,adaptive,combined,310,1,0,1.0,86.22,-73.78,4.177,14.227,1.052,7.228,1.096
histogram,adaptive,combined,311,1,0,1.0,86.22,-73.78,4.244,14.106,0.993,7.096,1.086
histogram,adaptive,combined,312,1,0,1.0,86.22,-73.78,4.193,14.28,0.982,7.194,1.18
histogram,adaptive,combined,313,1,0,1.0,86.22,-73.78,4.777,15.465,0.983,7.704,1.311
histogram,adaptive,combined,314,1,0,1.0,86.22,-73.78,4.771,16.2,1.134,8.274,1.278
histogram,adaptive,combined,315,1,0,1.0,86.22,-73.78,4.778,16.26,1.138,8.199,1.392
histogram,adaptive,combined,316,1,0,1.0,86.22,-73.78,4.99,16.597,1.197,8.3,1.33
histogram,adaptive,combined,317,1,0,1.0,86.22,-73.78,4.781,16.284,1.191,8.224,1.34
histogram,adaptive,combined,318,1,0,1.0,86.22,-73.78,4.753,16.234,1.197,8.29,1.239
histogram,adaptive,combined,319,1,0,1.0,86.22,-73.78,4.251,15.86,1.139,8.449,1.215
histogram,adaptive,combined,320,1,0,1.0,86.22,-73.78,4.193,14.338,0.987,7.226,1.193
histogram,adaptive,combined,321,1,0,1.0,86.22,-73.78,4.203,14.272,0.995,7.126,1.209
histogram,adaptive,combined,322,1,0,1.0,86.22,-73.78,4.187,14.164,1.017,7.209,1.075
histogram,adaptive,combined,323,1,0,1.0,86.22,-73.78,4.213,14.297,1.041,7.078,1.276
histogram,adaptive,combined,324,1,0,1.0,86.22,-73.78,4.2,14.136,0.996,7.184,1.082
histogram,adaptive,combined,325,1,0,1.0,86.22,-73.78,4.247,14.287,1.03,7.06,1.261
histogram,adaptive,combined,326,1,0,1.0,86.22,-73.78,4.824,14.964,1.001,7.158,1.252
histogram,adaptive,combined,327,1,0,1.0,86.22,-73.78,4.846,16.244,1.127,8.195,1.325
histogram,adaptive,combined,328,1,0,1.0,86.22,-73.78,4.787,16.24,1.138,8.264,1.302
histogram,adaptive,combined,329,1,0,1.0,86.22,-73.78,4.835,16.204,1.132,8.19,1.293
histogram,adaptive,combined,330,1,0,1.0,86.22,-73.78,4.763,16.251,1.133,8.291,1.31
histogram,adaptive,combined,331,1,0,1.0,86.22,-73.78,4.808,16.163,1.132,8.204,1.269
histogram,adaptive,combined,332,1,0,1.0,86.22,-73.78,4.758,16.2,1.133,8.255,1.3
histogram,adaptive,combined,333,1,0,1.0,86.22,-73.78,4.817,16.19,1.129,8.284,1.21
histogram,adaptive,combined,334,1,0,1.0,86.22,-73.78,4.773,16.311,1.188,8.286,1.317
histogram,adaptive,combined,335,1,0,1.0,86.22,-73.78,4.761,16.14,1.189,8.223,1.211
histogram,adaptive,combined,336,1,0,1.0,86.22,-73.78,4.77,16.268,1.186,8.308,1.223
histogram,adaptive,combined,337,1,0,1.0,86.22,-73.78,4.908,16.279,1.193,8.197,1.222
histogram,adaptive,combined,338,1,0,1.0,86.22,-73.78,4.864,16.315,1.151,8.278,1.214
histogram,adaptive,combined,339,1,0,1.0,86.22,-73.78,4.282,14.458,1.127,7.254,1.061
histogram,adaptive,combined,340,1,0,1.0,86.22,-73.78,4.248,14.284,1.038,7.136,1.188
histogram,adaptive,combined,341,1,0,1.0,86.22,-73.78,4.215,14.093,0.987,7.125,1.092
histogram,adaptive,combined,342,1,0,1.0,86.22,-73.78,4.213,14.251,1.039,7.145,1.186
histogram,adaptive,combined,343,1,0,1.0,86.22,-73.78,4.245,14.065,0.992,7.094,1.067
histogram,adaptive,combined,344,1,0,1.0,86.22,-73.78,4.185,14.225,0.993,7.207,1.102
histogram,adaptive,combined,345,1,0,1.0,86.22,-73.78,4.257,14.216,0.983,7.115,1.19
histogram,adaptive,combined,346,1,0,1.0,86.22,-73.78,4.748,15.563,0.985,7.91,1.204
histogram,adaptive,combined,347,1,0,1.0,86.22,-73.78,4.917,16.514,1.158,8.437,1.191
histogram,adaptive,combined,348,1,0,1.0,86.22,-73.78,4.988,16.47,1.137,8.254,1.348
histogram,adaptive,combined,349,1,0,1.0,86.22,-73.78,4.789,16.185,1.138,8.213,1.291
histogram,adaptive,combined,350,1,0,1.0,86.22,-73.78,5.019,16.577,1.133,8.267,1.402
histogram,adaptive,combined,351,1,0,1.0,86.22,-73.78,4.789,16.158,1.132,8.205,1.282
histogram,adaptive,combined,352,1,0,1.0,86.22,-73.78,4.746,16.327,1.139,8.287,1.41
histogram,adaptive,combined,353,1,0,1.0,86.22,-73.78,4.797,16.159,1.185,8.224,1.204
histogram,adaptive,combined,354,1,0,1.0,86.22,-73.78,4.824,16.298,1.195,8.314,1.21
histogram,adaptive,combined,355,1,0,1.0,86.22,-73.78,4.769,16.158,1.202,8.213,1.213
histogram,adaptive,combined,356,1,0,1.0,86.22,-73.78,4.77,16.384,1.199,8.294,1.336
histogram,adaptive,combined,357,1,0,1.0,86.22,-73.78,4.772,16.19,1.145,8.18,1.23
histogram,adaptive,combined,358,1,0,1.0,86.22,-73.78,4.828,16.26,1.133,8.281,1.215
histogram,adaptive,combined,359,1,0,1.0,86.22,-73.78,4.849,16.285,1.131,8.187,1.359
histogram,adaptive,combined,360,1,0,1.0,86.22,-73.78,4.789,16.332,1.15,8.271,1.319
histogram,adaptive,combined,361,1,0,1.0,86.22,-73.78,4.798,16.126,1.13,8.183,1.255
histogram,adaptive,combined,362,1,0,1.0,86.22,-73.78,4.762,16.227,1.136,8.26,1.318
histogram,adaptive,combined,363,1,0,1.0,86.22,-73.78,4.796,16.162,1.131,8.186,1.288
