algorithm,threshold,hist_source,frame,detected,inferred,confidence,lane_center,error_px,detect_ms,total_ms,t_blur,t_threshold,t_canny
canny_hough,fixed,edges,0,0,0,0.0,0.0,,34.432,58.993,20.415,0.496,2.622
canny_hough,fixed,edges,1,0,0,0.0,0.0,,4.924,8.255,1.134,0.114,1.233
canny_hough,fixed,edges,2,0,0,0.0,0.0,,4.547,7.586,1.005,0.101,1.093
canny_hough,fixed,edges,3,0,0,0.0,0.0,,4.562,7.579,0.991,0.101,1.218
canny_hough,fixed,edges,4,0,0,0.0,0.0,,4.501,7.346,1.0,0.102,1.013
canny_hough,fixed,edges,5,0,0,0.0,0.0,,4.582,7.424,1.005,0.1,0.973
canny_hough,fixed,edges,6,0,0,0.0,0.0,,4.682,7.737,1.048,0.103,1.196
canny_hough,fixed,edges,7,0,0,0.0,0.0,,4.429,7.3,1.056,0.106,1.007
canny_hough,fixed,edges,8,0,0,0.0,0.0,,4.59,7.456,0.993,0.099,1.043
canny_hough,fixed,edges,9,0,0,0.0,0.0,,4.473,7.345,0.989,0.099,1.075
canny_hough,fixed,edges,10,0,0,0.0,0.0,,4.523,7.377,0.999,0.098,0.971
canny_hough,fixed,edges,11,0,0,0.0,0.0,,4.799,7.834,1.002,0.099,1.198
canny_hough,fixed,edges,12,0,0,0.0,0.0,,4.731,7.77,0.996,0.105,1.196
canny_hough,fixed,edges,13,0,0,0.0,0.0,,4.477,7.285,0.996,0.099,1.007
canny_hough,fixed,edges,14,0,0,0.0,0.0,,4.747,7.821,1.008,0.097,1.196
canny_hough,fixed,edges,15,0,0,0.0,0.0,,4.631,7.497,1.009,0.107,0.99
canny_hough,fixed,edges,16,0,0,0.0,0.0,,4.626,7.509,1.042,0.114,1.016
canny_hough,fixed,edges,17,0,0,0.0,0.0,,4.623,7.686,1.05,0.107,1.211
canny_hough,fixed,edges,18,0,0,0.0,0.0,,4.883,8.039,0.994,0.107,1.311
canny_hough,fixed,edges,19,0,0,0.0,0.0,,4.426,7.274,1.056,0.113,0.969
canny_hough,fixed,edges,20,0,0,0.0,0.0,,4.381,7.527,0.991,0.093,1.372
canny_hough,fixed,edges,21,0,0,0.0,0.0,,4.543,8.514,0.989,0.09,2.201
canny_hough,fixed,edges,22,0,0,0.0,0.0,,4.222,7.11,0.993,0.094,1.077
canny_hough,fixed,edges,23,0,0,0.0,0.0,,4.187,7.185,0.99,0.091,1.154
canny_hough,fixed,edges,24,0,0,0.0,0.0,,4.511,7.255,0.997,0.09,0.96
canny_hough,fixed,edges,25,0,0,0.0,0.0,,4.974,7.96,0.99,0.091,1.153
canny_hough,fixed,edges,26,0,0,0.0,0.0,,4.976,7.826,1.023,0.102,0.944
canny_hough,fixed,edges,27,0,0,0.0,0.0,,4.958,7.477,0.738,0.106,0.837
canny_hough,fixed,edges,28,0,0,0.0,0.0,,4.906,7.365,0.811,0.109,0.824
canny_hough,fixed,edges,29,0,0,0.0,0.0,,4.883,7.67,1.069,0.151,0.884
canny_hough,fixed,edges,30,0,0,0.0,0.0,,5.107,7.893,0.666,0.109,1.293
canny_hough,fixed,edges,31,0,0,0.0,0.0,,5.157,7.858,0.66,0.105,1.198
canny_hough,fixed,edges,32,0,0,0.0,0.0,,4.865,7.913,1.021,0.111,1.155
canny_hough,fixed,edges,33,0,0,0.0,0.0,,4.862,7.908,1.001,0.127,1.199
canny_hough,fixed,edges,34,0,0,0.0,0.0,,4.992,8.317,1.005,0.131,1.348
canny_hough,fixed,edges,35,0,0,0.0,0.0,,5.611,8.734,1.331,0.125,0.966
canny_hough,fixed,edges,36,0,0,0.0,0.0,,5.034,8.153,1.027,0.094,1.267
canny_hough,fixed,edges,37,0,0,0.0,0.0,,4.411,7.608,1.161,0.112,0.975
canny_hough,fixed,edges,38,0,0,0.0,0.0,,4.907,7.696,1.045,0.1,0.956
canny_hough,fixed,edges,39,0,0,0.0,0.0,,4.314,7.292,1.052,0.101,1.146
canny_hough,fixed,edges,40,0,0,0.0,0.0,,4.335,7.122,0.982,0.091,1.018
canny_hough,fixed,edges,41,0,0,0.0,0.0,,4.66,7.653,0.994,0.094,1.224
canny_hough,fixed,edges,42,0,0,0.0,0.0,,4.425,7.451,0.997,0.092,1.151
canny_hough,fixed,edges,43,0,0,0.0,0.0,,4.511,7.218,0.984,0.088,0.951
canny_hough,fixed,edges,44,0,0,0.0,0.0,,4.501,7.269,0.978,0.091,0.947
canny_hough,fixed,edges,45,0,0,0.0,0.0,,4.455,7.419,1.04,0.093,1.143
canny_hough,fixed,edges,46,0,0,0.0,0.0,,4.463,7.234,1.037,0.095,0.949
canny_hough,fixed,edges,47,0,0,0.0,0.0,,4.614,7.726,0.997,0.089,1.341
canny_hough,fixed,edges,48,0,0,0.0,0.0,,4.564,8.022,0.993,0.092,1.688
canny_hough,fixed,edges,49,0,0,0.0,0.0,,4.457,7.442,0.99,0.088,1.216
canny_hough,fixed,edges,50,0,0,0.0,0.0,,4.53,7.541,1.002,0.091,1.229
canny_hough,fixed,edges,51,0,0,0.0,0.0,,4.769,7.672,0.994,0.09,1.132
canny_hough,fixed,edges,52,0,0,0.0,0.0,,4.576,7.497,0.983,0.09,1.124
canny_hough,fixed,edges,53,0,0,0.0,0.0,,4.479,7.176,0.987,0.089,0.955
canny_hough,fixed,edges,54,0,0,0.0,0.0,,4.198,7.263,1.032,0.093,1.264
canny_hough,fixed,edges,55,0,0,0.0,0.0,,4.301,7.078,1.039,0.096,0.963
canny_hough,fixed,edges,56,0,0,0.0,0.0,,4.307,7.867,0.983,0.091,1.78
canny_hough,fixed,edges,57,0,0,0.0,0.0,,4.656,8.093,0.986,0.096,1.668
canny_hough,fixed,edges,58,0,0,0.0,0.0,,4.345,7.157,0.995,0.092,1.043
canny_hough,fixed,edges,59,0,0,0.0,0.0,,4.37,7.375,0.995,0.092,1.181
canny_hough,fixed,edges,60,0,0,0.0,0.0,,4.413,7.143,0.991,0.09,0.963
canny_hough,fixed,edges,61,0,0,0.0,0.0,,4.458,7.241,0.987,0.091,0.955
canny_hough,fixed,edges,62,0,0,0.0,0.0,,4.472,7.302,1.037,0.097,0.968
canny_hough,fixed,edges,63,0,0,0.0,0.0,,4.463,7.417,0.986,0.136,1.15
canny_hough,fixed,edges,64,0,0,0.0,0.0,,4.479,7.629,0.989,0.091,1.394
canny_hough,fixed,edges,65,0,0,0.0,0.0,,4.594,7.571,0.992,0.089,1.212
canny_hough,fixed,edges,66,0,0,0.0,0.0,,4.701,7.405,0.986,0.094,0.941
canny_hough,fixed,edges,67,0,0,0.0,0.0,,4.953,8.522,1.12,0.18,1.393
canny_hough,fixed,edges,68,0,0,0.0,0.0,,4.531,7.368,0.994,0.095,0.963
canny_hough,fixed,edges,69,0,0,0.0,0.0,,4.959,7.897,0.985,0.097,1.163
canny_hough,fixed,edges,70,0,0,0.0,0.0,,4.954,7.957,1.0,0.1,1.187
canny_hough,fixed,edges,71,0,0,0.0,0.0,,4.975,7.974,1.006,0.102,1.175
canny_hough,fixed,edges,72,1,1,0.6,319.0,159.0,6.14,9.175,0.995,0.1,1.199
canny_hough,fixed,edges,73,0,0,0.0,0.0,,4.766,7.839,1.0,0.102,1.268
canny_hough,fixed,edges,74,0,0,0.0,0.0,,4.885,7.988,1.007,0.1,1.291
canny_hough,fixed,edges,75,0,0,0.0,0.0,,4.75,7.637,1.005,0.106,1.077
canny_hough,fixed,edges,76,0,0,0.0,0.0,,4.823,7.715,1.009,0.098,1.069
canny_hough,fixed,edges,77,0,0,0.0,0.0,,4.403,7.309,1.01,0.098,1.009
canny_hough,fixed,edges,78,0,0,0.0,0.0,,4.355,7.227,1.013,0.098,1.037
canny_hough,fixed,edges,79,0,0,0.0,0.0,,4.343,7.171,0.993,0.097,0.981
canny_hough,fixed,edges,80,1,1,0.15,319.0,159.0,2.653,5.52,1.051,0.108,1.0
canny_hough,fixed,edges,81,1,1,0.3,319.0,159.0,2.504,5.275,1.006,0.099,0.961
canny_hough,fixed,edges,82,1,1,0.3,319.0,159.0,2.458,5.376,1.004,0.097,1.077
canny_hough,fixed,edges,83,1,1,0.45,319.0,159.0,3.174,6.06,1.066,0.102,1.018
canny_hough,fixed,edges,84,0,0,0.0,0.0,,4.105,7.224,1.011,0.099,1.307
canny_hough,fixed,edges,85,0,0,0.0,0.0,,4.422,7.397,0.992,0.106,1.18
canny_hough,fixed,edges,86,0,0,0.0,0.0,,4.34,7.286,0.997,0.104,1.024
canny_hough,fixed,edges,87,0,0,0.0,0.0,,3.595,6.416,1.002,0.094,0.973
canny_hough,fixed,edges,88,0,0,0.0,0.0,,3.68,6.656,0.99,0.093,1.217
canny_hough,fixed,edges,89,0,0,0.0,0.0,,4.033,6.725,0.992,0.091,0.925
canny_hough,fixed,edges,90,0,0,0.0,0.0,,4.114,6.873,0.997,0.09,0.936
canny_hough,fixed,edges,91,0,0,0.0,0.0,,3.748,6.684,1.034,0.099,1.124
canny_hough,fixed,edges,92,0,0,0.0,0.0,,3.674,6.708,0.987,0.092,1.177
canny_hough,fixed,edges,93,0,0,0.0,0.0,,3.847,6.74,0.996,0.094,1.125
canny_hough,fixed,edges,94,0,0,0.0,0.0,,3.921,6.895,1.037,0.095,1.158
canny_hough,fixed,edges,95,0,0,0.0,0.0,,3.936,7.367,0.992,0.09,1.658
canny_hough,fixed,edges,96,0,0,0.0,0.0,,4.503,7.206,0.981,0.091,0.95
canny_hough,fixed,edges,97,0,0,0.0,0.0,,4.222,7.083,0.993,0.091,1.092
canny_hough,fixed,edges,98,0,0,0.0,0.0,,4.202,7.129,0.985,0.088,1.125
canny_hough,fixed,edges,99,0,0,0.0,0.0,,4.202,6.966,1.039,0.1,0.945
canny_hough,fixed,edges,100,0,0,0.0,0.0,,4.147,7.124,0.979,0.091,1.221
canny_hough,fixed,edges,101,0,0,0.0,0.0,,4.843,7.597,0.994,0.091,0.971
canny_hough,fixed,edges,102,0,0,0.0,0.0,,4.444,7.158,0.986,0.094,0.944
canny_hough,fixed,edges,103,0,0,0.0,0.0,,4.412,7.192,0.989,0.09,0.953
canny_hough,fixed,edges,104,1,1,0.6,304.26,144.26,3.495,6.272,1.037,0.098,0.97
canny_hough,fixed,edges,105,1,1,0.3,281.77,121.77,5.014,7.825,0.994,0.088,0.959
canny_hough,fixed,edges,106,1,1,0.3,281.77,121.77,5.098,7.904,0.986,0.09,0.964
canny_hough,fixed,edges,107,1,1,0.3,253.94,93.94,2.621,5.442,1.013,0.09,0.971
canny_hough,fixed,edges,108,1,1,0.3,253.94,93.94,2.669,5.45,1.044,0.096,0.969
canny_hough,fixed,edges,109,1,1,0.3,266.91,106.91,4.527,7.369,0.983,0.094,1.104
canny_hough,fixed,edges,110,1,1,0.3,266.91,106.91,4.522,7.477,0.99,0.094,1.137
canny_hough,fixed,edges,111,1,1,0.3,266.91,106.91,4.49,7.255,1.033,0.097,0.972
canny_hough,fixed,edges,112,0,0,0.0,0.0,,2.745,5.57,1.034,0.094,0.979
canny_hough,fixed,edges,113,0,0,0.0,0.0,,3.632,6.335,0.985,0.089,0.965
canny_hough,fixed,edges,114,0,0,0.0,0.0,,3.676,6.527,1.035,0.093,1.04
canny_hough,fixed,edges,115,1,1,0.3,0.0,-160.0,4.143,7.053,0.983,0.09,1.116
canny_hough,fixed,edges,116,1,1,0.3,0.0,-160.0,4.125,6.865,0.981,0.094,0.993
canny_hough,fixed,edges,117,1,1,0.6,0.0,-160.0,4.302,7.119,1.042,0.099,0.992
canny_hough,fixed,edges,118,1,1,0.6,0.0,-160.0,4.552,7.332,0.992,0.09,1.02
canny_hough,fixed,edges,119,1,1,0.6,0.0,-160.0,4.536,8.123,0.999,0.09,1.797
canny_hough,fixed,edges,120,1,1,0.6,0.0,-160.0,4.868,7.7,0.999,0.091,1.042
canny_hough,fixed,edges,121,1,1,0.6,0.0,-160.0,4.598,7.449,0.98,0.091,1.093
canny_hough,fixed,edges,122,1,1,0.6,0.0,-160.0,4.618,7.509,0.982,0.093,1.033
canny_hough,fixed,edges,123,1,1,0.6,0.0,-160.0,4.755,7.507,0.993,0.091,0.98
canny_hough,fixed,edges,124,1,1,0.6,0.0,-160.0,4.695,7.46,0.993,0.089,1.0
canny_hough,fixed,edges,125,1,1,0.6,42.12,-117.88,4.745,7.638,0.984,0.09,1.066
canny_hough,fixed,edges,126,1,1,0.6,67.45,-92.55,4.488,7.318,1.05,0.091,1.009
canny_hough,fixed,edges,127,1,1,0.6,67.45,-92.55,4.441,7.241,1.044,0.097,0.98
canny_hough,fixed,edges,128,0,0,0.0,0.0,,4.475,7.283,0.985,0.096,1.048
canny_hough,fixed,edges,129,0,0,0.0,0.0,,4.388,7.235,0.996,0.09,1.068
canny_hough,fixed,edges,130,0,0,0.0,0.0,,4.381,7.123,0.99,0.09,0.982
canny_hough,fixed,edges,131,0,0,0.0,0.0,,4.507,7.369,1.0,0.091,1.093
canny_hough,fixed,edges,132,0,0,0.0,0.0,,4.555,7.398,1.044,0.095,0.971
canny_hough,fixed,edges,133,1,1,0.6,319.0,159.0,4.633,7.423,1.037,0.098,0.978
canny_hough,fixed,edges,134,1,1,0.6,319.0,159.0,4.714,7.479,0.989,0.092,1.01
canny_hough,fixed,edges,135,1,1,0.6,319.0,159.0,4.442,7.478,0.999,0.094,1.253
canny_hough,fixed,edges,136,1,1,0.3,319.0,159.0,4.164,7.147,0.991,0.09,1.22
canny_hough,fixed,edges,137,1,1,0.45,319.0,159.0,4.228,7.102,0.993,0.092,1.098
canny_hough,fixed,edges,138,1,1,0.45,319.0,159.0,4.174,6.951,0.992,0.088,0.949
canny_hough,fixed,edges,139,1,1,0.45,319.0,159.0,4.144,6.904,1.028,0.099,0.959
canny_hough,fixed,edges,140,1,1,0.6,154.47,-5.53,4.754,7.596,0.989,0.096,1.081
canny_hough,fixed,edges,141,1,1,0.6,235.4,75.4,5.55,8.388,0.996,0.09,1.037
canny_hough,fixed,edges,142,1,1,0.6,243.1,83.1,5.91,8.824,0.99,0.09,1.112
canny_hough,fixed,edges,143,1,1,0.6,243.1,83.1,5.856,8.658,1.033,0.092,0.991
canny_hough,fixed,edges,144,1,1,0.6,216.22,56.22,6.275,9.252,1.036,0.091,1.16
canny_hough,fixed,edges,145,0,0,0.0,0.0,,1.399,4.124,0.985,0.09,0.97
canny_hough,fixed,edges,146,0,0,0.0,0.0,,0.733,3.424,0.977,0.089,0.975
canny_hough,fixed,edges,147,0,0,0.0,0.0,,0.68,3.374,0.979,0.091,0.974
canny_hough,fixed,edges,148,0,0,0.0,0.0,,0.678,3.52,0.986,0.091,1.06
canny_hough,fixed,edges,149,0,0,0.0,0.0,,0.67,3.385,1.015,0.092,0.953
canny_hough,fixed,edges,150,0,0,0.0,0.0,,1.905,4.64,1.02,0.094,0.971
canny_hough,fixed,edges,151,0,0,0.0,0.0,,1.946,4.682,0.984,0.087,0.963
canny_hough,fixed,edges,152,0,0,0.0,0.0,,1.966,4.652,0.979,0.091,0.943
canny_hough,fixed,edges,153,0,0,0.0,0.0,,3.497,6.301,0.974,0.09,1.083
canny_hough,fixed,edges,154,0,0,0.0,0.0,,3.501,6.787,1.056,0.095,1.457
canny_hough,fixed,edges,155,0,0,0.0,0.0,,3.488,6.452,0.988,0.09,1.206
canny_hough,fixed,edges,156,0,0,0.0,0.0,,3.361,6.079,0.981,0.091,0.962
canny_hough,fixed,edges,157,1,1,0.3,319.0,159.0,4.448,7.187,1.022,0.095,0.948
canny_hough,fixed,edges,158,1,1,0.3,319.0,159.0,4.465,7.372,0.977,0.09,1.179
canny_hough,fixed,edges,159,1,1,0.15,319.0,159.0,4.193,7.106,0.987,0.091,1.156
canny_hough,fixed,edges,160,0,0,0.0,0.0,,1.814,4.556,0.984,0.092,0.995
canny_hough,fixed,edges,161,1,1,0.3,319.0,159.0,4.28,6.94,0.973,0.087,0.949
canny_hough,fixed,edges,162,1,1,0.3,319.0,159.0,4.237,7.029,0.98,0.092,1.043
canny_hough,fixed,edges,163,1,1,0.6,319.0,159.0,4.824,7.735,1.07,0.092,1.059
canny_hough,fixed,edges,164,1,1,0.6,319.0,159.0,4.829,7.624,1.042,0.094,0.972
canny_hough,fixed,edges,165,1,1,0.15,319.0,159.0,3.329,6.233,1.037,0.096,1.093
canny_hough,fixed,edges,166,0,0,0.0,0.0,,2.872,5.763,0.994,0.091,1.07
canny_hough,fixed,edges,167,0,0,0.0,0.0,,2.971,5.763,1.03,0.097,0.962
canny_hough,fixed,edges,168,0,0,0.0,0.0,,2.944,5.773,0.993,0.092,1.077
canny_hough,fixed,edges,169,1,1,0.45,319.0,159.0,4.275,7.037,1.037,0.093,0.95
canny_hough,fixed,edges,170,1,1,0.45,319.0,159.0,4.34,7.249,0.984,0.089,1.164
canny_hough,fixed,edges,171,1,1,0.45,319.0,159.0,4.35,7.196,0.987,0.088,1.084
canny_hough,fixed,edges,172,1,1,0.3,319.0,159.0,3.285,6.053,0.997,0.092,0.96
canny_hough,fixed,edges,173,1,1,0.15,319.0,159.0,3.153,6.063,0.982,0.089,1.157
canny_hough,fixed,edges,174,1,1,0.3,319.0,159.0,3.854,6.667,0.986,0.091,1.056
canny_hough,fixed,edges,175,1,1,0.3,319.0,159.0,3.84,6.734,1.041,0.097,1.078
canny_hough,fixed,edges,176,1,1,0.45,319.0,159.0,4.181,7.136,0.994,0.09,1.189
canny_hough,fixed,edges,177,1,1,0.45,319.0,159.0,4.255,6.981,0.992,0.09,0.956
canny_hough,fixed,edges,178,1,1,0.45,319.0,159.0,4.17,7.012,0.985,0.092,1.09
canny_hough,fixed,edges,179,1,1,0.45,319.0,159.0,4.204,7.069,1.045,0.094,1.058
canny_hough,fixed,edges,180,1,1,0.15,319.0,159.0,3.008,5.857,0.987,0.092,1.075
canny_hough,fixed,edges,181,1,1,0.3,319.0,159.0,3.908,6.731,1.001,0.093,1.066
canny_hough,fixed,edges,182,1,1,0.3,319.0,159.0,3.574,6.403,1.034,0.097,0.977
canny_hough,fixed,edges,183,1,1,0.3,319.0,159.0,3.524,6.32,0.983,0.09,1.038
canny_hough,fixed,edges,184,1,1,0.3,319.0,159.0,3.628,6.438,0.989,0.092,0.981
canny_hough,fixed,edges,185,1,1,0.3,319.0,159.0,3.698,6.451,0.983,0.089,1.003
canny_hough,fixed,edges,186,1,1,0.3,319.0,159.0,3.612,6.331,0.989,0.091,0.957
canny_hough,fixed,edges,187,1,1,0.3,319.0,159.0,3.591,6.35,1.041,0.096,0.937
canny_hough,fixed,edges,188,1,1,0.15,319.0,159.0,4.087,6.895,0.997,0.09,1.031
canny_hough,fixed,edges,189,1,1,0.6,319.0,159.0,4.284,7.088,0.984,0.09,1.048
canny_hough,fixed,edges,190,1,1,0.6,319.0,159.0,4.22,7.146,0.983,0.088,1.056
canny_hough,fixed,edges,191,1,1,0.6,319.0,159.0,4.212,6.989,1.04,0.095,0.968
canny_hough,fixed,edges,192,1,1,0.45,319.0,159.0,3.792,6.877,0.984,0.089,1.291
canny_hough,fixed,edges,193,1,1,0.15,319.0,159.0,3.677,6.551,0.995,0.094,1.112
canny_hough,fixed,edges,194,0,0,0.0,0.0,,4.462,7.213,0.985,0.09,0.937
canny_hough,fixed,edges,195,0,0,0.0,0.0,,4.46,7.269,1.05,0.1,0.971
canny_hough,fixed,edges,196,1,1,0.45,319.0,159.0,3.741,6.643,0.985,0.091,1.14
canny_hough,fixed,edges,197,1,1,0.15,319.0,159.0,3.071,5.804,0.997,0.09,0.96
canny_hough,fixed,edges,198,1,1,0.15,319.0,159.0,3.132,5.899,1.038,0.094,0.952
canny_hough,fixed,edges,199,1,1,0.45,319.0,159.0,3.41,6.122,0.989,0.091,0.95
canny_hough,fixed,edges,200,1,1,0.45,319.0,159.0,3.407,6.192,1.05,0.097,0.952
canny_hough,fixed,edges,201,1,1,0.45,319.0,159.0,3.874,6.65,0.984,0.089,1.031
canny_hough,fixed,edges,202,1,1,0.6,319.0,159.0,3.966,6.761,0.985,0.09,0.969
canny_hough,fixed,edges,203,1,1,0.6,319.0,159.0,3.999,6.777,1.042,0.097,0.966
canny_hough,fixed,edges,204,1,1,0.45,319.0,159.0,4.124,6.987,0.987,0.092,1.093
canny_hough,fixed,edges,205,1,1,0.6,319.0,159.0,3.951,6.651,0.979,0.089,0.939
canny_hough,fixed,edges,206,1,1,0.6,319.0,159.0,3.967,6.722,1.039,0.094,0.945
canny_hough,fixed,edges,207,1,1,0.6,319.0,159.0,4.165,6.968,0.994,0.091,1.033
canny_hough,fixed,edges,208,1,1,0.6,319.0,159.0,4.612,7.359,0.998,0.09,0.961
canny_hough,fixed,edges,209,1,1,0.6,319.0,159.0,4.36,7.136,0.983,0.092,1.001
canny_hough,fixed,edges,210,1,1,0.6,319.0,159.0,4.385,7.162,0.991,0.089,0.952
canny_hough,fixed,edges,211,1,1,0.6,319.0,159.0,4.28,7.114,1.031,0.094,1.017
canny_hough,fixed,edges,212,1,1,0.6,319.0,159.0,4.656,7.686,0.986,0.09,1.196
canny_hough,fixed,edges,213,1,1,0.6,311.31,151.31,4.024,6.933,1.004,0.103,1.088
canny_hough,fixed,edges,214,1,1,0.6,311.31,151.31,4.008,6.809,0.993,0.099,1.007
canny_hough,fixed,edges,215,1,1,0.6,276.52,116.52,4.882,7.869,1.01,0.103,1.103
canny_hough,fixed,edges,216,1,1,0.6,242.75,82.75,5.14,8.135,0.999,0.104,1.122
canny_hough,fixed,edges,217,1,1,0.6,245.98,85.98,5.471,8.319,0.995,0.098,0.979
canny_hough,fixed,edges,218,1,1,0.45,232.7,72.7,3.808,6.636,1.001,0.112,1.003
canny_hough,fixed,edges,219,1,1,0.45,232.7,72.7,3.822,6.718,1.065,0.113,1.021
canny_hough,fixed,edges,220,1,1,0.6,232.83,72.83,3.683,6.589,0.994,0.099,1.103
canny_hough,fixed,edges,221,1,1,0.45,218.62,58.62,3.201,6.054,1.005,0.098,1.049
canny_hough,fixed,edges,222,1,1,0.45,218.62,58.62,3.228,6.111,1.009,0.104,1.037
canny_hough,fixed,edges,223,1,1,0.45,218.62,58.62,3.217,6.064,1.008,0.098,1.03
canny_hough,fixed,edges,224,1,1,0.45,218.62,58.62,3.191,6.108,1.046,0.108,1.05
canny_hough,fixed,edges,225,1,1,0.3,215.03,55.03,6.587,9.432,1.001,0.105,1.038
canny_hough,fixed,edges,226,1,1,0.3,215.03,55.03,6.59,9.754,0.992,0.1,1.294
canny_hough,fixed,edges,227,1,1,0.3,211.05,51.05,6.703,9.626,0.996,0.098,1.116
canny_hough,fixed,edges,228,1,1,0.3,211.05,51.05,6.688,9.641,1.002,0.103,1.141
canny_hough,fixed,edges,229,1,1,0.3,215.37,55.37,5.119,8.018,1.043,0.101,1.037
canny_hough,fixed,edges,230,1,1,0.3,219.26,59.26,5.204,8.14,1.007,0.098,1.035
canny_hough,fixed,edges,231,1,1,0.3,219.26,59.26,4.921,7.816,0.998,0.094,1.061
canny_hough,fixed,edges,232,1,1,0.45,211.44,51.44,6.866,9.753,0.997,0.091,1.01
canny_hough,fixed,edges,233,1,1,0.3,216.65,56.65,6.695,9.517,0.981,0.09,0.997
canny_hough,fixed,edges,234,1,1,0.3,217.08,57.08,6.471,9.306,1.047,0.095,1.011
canny_hough,fixed,edges,235,1,1,0.3,217.08,57.08,6.407,9.261,0.984,0.094,1.101
canny_hough,fixed,edges,236,1,1,0.3,214.2,54.2,6.45,10.119,0.992,0.089,1.89
canny_hough,fixed,edges,237,1,1,0.3,215.96,55.96,6.556,9.486,0.999,0.094,1.09
canny_hough,fixed,edges,238,1,1,0.3,215.96,55.96,6.54,9.492,0.997,0.09,1.182
canny_hough,fixed,edges,239,1,1,0.15,217.34,57.34,6.442,9.387,1.038,0.1,1.122
canny_hough,fixed,edges,240,1,1,0.15,217.34,57.34,6.488,9.247,0.986,0.09,1.008
canny_hough,fixed,edges,241,1,1,0.3,215.63,55.63,6.3,9.939,0.982,0.091,1.863
canny_hough,fixed,edges,242,1,1,0.3,218.97,58.97,6.503,9.386,0.992,0.09,1.019
canny_hough,fixed,edges,243,1,1,0.3,218.97,58.97,6.487,9.235,0.995,0.09,0.983
canny_hough,fixed,edges,244,1,1,0.3,214.87,54.87,6.596,9.415,0.989,0.093,1.052
canny_hough,fixed,edges,245,1,1,0.15,216.94,56.94,6.454,9.291,0.988,0.094,1.003
canny_hough,fixed,edges,246,1,1,0.15,216.94,56.94,6.511,9.3,0.987,0.089,1.028
canny_hough,fixed,edges,247,1,1,0.15,214.68,54.68,6.419,9.399,1.036,0.096,1.147
canny_hough,fixed,edges,248,1,1,0.15,214.68,54.68,6.484,9.267,0.986,0.093,1.023
canny_hough,fixed,edges,249,1,1,0.3,217.86,57.86,6.452,9.287,0.986,0.09,1.001
canny_hough,fixed,edges,250,1,1,0.3,217.86,57.86,6.557,9.467,1.031,0.095,1.1
canny_hough,fixed,edges,251,1,1,0.3,217.87,57.87,6.531,9.308,0.993,0.09,1.008
canny_hough,fixed,edges,252,1,1,0.3,217.87,57.87,6.495,9.484,0.994,0.091,1.188
canny_hough,fixed,edges,253,1,1,0.3,219.2,59.2,6.56,9.381,1.037,0.094,1.0
canny_hough,fixed,edges,254,1,1,0.3,219.2,59.2,6.58,9.423,0.987,0.093,1.098
canny_hough,fixed,edges,255,1,1,0.3,219.2,59.2,6.471,9.42,0.986,0.093,1.195
canny_hough,fixed,edges,256,1,1,0.15,217.77,57.77,6.458,9.3,0.985,0.091,1.016
canny_hough,fixed,edges,257,1,1,0.3,218.59,58.59,6.379,9.199,1.009,0.095,1.023
canny_hough,fixed,edges,258,1,1,0.3,218.59,58.59,6.438,9.343,0.983,0.09,1.142
canny_hough,fixed,edges,259,1,1,0.3,215.13,55.13,6.589,9.405,0.991,0.089,1.003
canny_hough,fixed,edges,260,1,1,0.3,217.85,57.85,6.443,9.222,0.994,0.094,1.017
canny_hough,fixed,edges,261,1,1,0.3,219.94,59.94,6.282,9.099,0.98,0.092,1.062
canny_hough,fixed,edges,262,1,1,0.3,219.94,59.94,6.331,9.234,1.043,0.097,1.052
canny_hough,fixed,edges,263,1,1,0.3,219.85,59.85,6.47,9.35,0.992,0.091,1.108
canny_hough,fixed,edges,264,1,1,0.3,219.85,59.85,6.481,9.34,0.995,0.094,1.099
canny_hough,fixed,edges,265,1,1,0.3,217.32,57.32,6.598,9.515,0.985,0.088,1.114
canny_hough,fixed,edges,266,1,1,0.3,217.32,57.32,6.667,9.526,0.982,0.091,1.112
canny_hough,fixed,edges,267,1,1,0.3,219.85,59.85,6.468,9.438,1.044,0.096,1.003
canny_hough,fixed,edges,268,1,1,0.3,219.85,59.85,6.47,9.354,0.993,0.087,1.126
canny_hough,fixed,edges,269,1,1,0.3,219.91,59.91,6.517,9.449,0.991,0.092,1.179
canny_hough,fixed,edges,270,1,1,0.3,219.91,59.91,6.647,9.447,1.032,0.093,1.006
canny_hough,fixed,edges,271,1,1,0.3,217.37,57.37,6.222,9.1,0.999,0.092,1.105
canny_hough,fixed,edges,272,1,1,0.3,217.37,57.37,6.268,9.234,0.985,0.092,1.191
canny_hough,fixed,edges,273,1,1,0.3,217.87,57.87,6.489,9.331,1.038,0.097,1.01
canny_hough,fixed,edges,274,1,1,0.15,217.12,57.12,6.471,9.239,0.985,0.092,1.008
canny_hough,fixed,edges,275,1,1,0.15,217.12,57.12,6.404,9.988,0.981,0.09,1.818
canny_hough,fixed,edges,276,1,1,0.3,219.14,59.14,6.377,9.326,0.999,0.089,1.113
canny_hough,fixed,edges,277,1,1,0.15,218.66,58.66,6.382,9.279,0.987,0.091,1.09
canny_hough,fixed,edges,278,1,1,0.3,218.22,58.22,6.748,9.57,0.986,0.14,1.036
canny_hough,fixed,edges,279,1,1,0.3,218.22,58.22,6.675,9.609,0.987,0.09,1.156
canny_hough,fixed,edges,280,1,1,0.3,219.67,59.67,6.487,9.35,0.991,0.091,1.101
canny_hough,fixed,edges,281,1,1,0.3,217.48,57.48,6.737,9.567,1.033,0.094,1.007
canny_hough,fixed,edges,282,1,1,0.3,219.52,59.52,6.661,9.641,0.996,0.092,1.104
canny_hough,fixed,edges,283,1,1,0.3,219.52,59.52,6.531,9.366,0.994,0.149,1.017
canny_hough,fixed,edges,284,1,1,0.3,215.99,55.99,6.736,9.695,0.993,0.093,1.126
canny_hough,fixed,edges,285,1,1,0.3,216.58,56.58,6.665,9.5,0.978,0.091,1.081
canny_hough,fixed,edges,286,1,1,0.3,217.77,57.77,6.691,9.629,1.041,0.094,1.106
canny_hough,fixed,edges,287,1,1,0.3,217.77,57.77,6.65,9.508,0.986,0.09,1.11
canny_hough,fixed,edges,288,1,1,0.15,219.84,59.84,6.561,9.369,0.985,0.136,1.015
canny_hough,fixed,edges,289,1,1,0.3,217.42,57.42,6.502,9.45,0.993,0.095,1.105
canny_hough,fixed,edges,290,1,1,0.3,217.42,57.42,6.497,9.342,0.99,0.092,1.001
canny_hough,fixed,edges,291,1,1,0.3,220.23,60.23,6.617,9.495,1.022,0.093,1.092
canny_hough,fixed,edges,292,1,1,0.15,219.84,59.84,6.57,9.486,0.993,0.09,1.111
canny_hough,fixed,edges,293,1,1,0.3,217.95,57.95,6.138,9.226,0.988,0.088,1.342
canny_hough,fixed,edges,294,1,1,0.3,217.95,57.95,6.301,9.14,1.052,0.103,1.009
canny_hough,fixed,edges,295,1,1,0.3,216.16,56.16,6.404,9.161,0.982,0.088,1.003
canny_hough,fixed,edges,296,1,1,0.3,218.73,58.73,6.371,9.237,0.989,0.09,1.104
canny_hough,fixed,edges,297,1,1,0.3,219.2,59.2,6.529,9.463,1.042,0.095,1.103
canny_hough,fixed,edges,298,1,1,0.3,219.2,59.2,6.536,9.411,0.985,0.091,1.109
canny_hough,fixed,edges,299,1,1,0.15,217.12,57.12,6.271,9.129,0.994,0.09,1.09
canny_hough,fixed,edges,300,1,1,0.15,217.12,57.12,6.392,9.242,1.043,0.093,1.024
canny_hough,fixed,edges,301,1,1,0.3,220.23,60.23,6.473,9.242,0.985,0.091,1.007
canny_hough,fixed,edges,302,1,1,0.3,215.03,55.03,6.439,9.422,0.984,0.09,1.184
canny_hough,fixed,edges,303,1,1,0.3,215.03,55.03,6.499,9.402,1.029,0.092,1.102
canny_hough,fixed,edges,304,1,1,0.3,217.48,57.48,6.561,9.323,0.996,0.091,0.995
canny_hough,fixed,edges,305,1,1,0.3,218.13,58.13,6.433,9.411,0.995,0.091,1.21
canny_hough,fixed,edges,306,1,1,0.3,218.14,58.14,6.495,9.339,1.054,0.093,1.015
canny_hough,fixed,edges,307,1,1,0.3,218.14,58.14,6.438,9.204,0.998,0.09,0.992
canny_hough,fixed,edges,308,1,1,0.3,219.06,59.06,6.618,9.447,0.987,0.091,1.073
canny_hough,fixed,edges,309,1,1,0.3,223.75,63.75,2.868,5.659,0.979,0.091,0.978
canny_hough,fixed,edges,310,1,1,0.15,224.64,64.64,4.989,7.884,0.993,0.091,1.055
canny_hough,fixed,edges,311,1,1,0.15,224.64,64.64,4.952,7.852,0.996,0.09,1.048
canny_hough,fixed,edges,312,1,1,0.3,221.51,61.51,5.319,8.11,0.983,0.091,0.994
canny_hough,fixed,edges,313,1,1,0.3,224.28,64.28,5.023,7.895,0.985,0.09,1.034
canny_hough,fixed,edges,314,1,1,0.3,224.28,64.28,5.059,7.937,0.993,0.091,1.035
canny_hough,fixed,edges,315,1,1,0.3,220.25,60.25,4.926,7.743,0.986,0.088,0.984
canny_hough,fixed,edges,316,1,1,0.3,220.8,60.8,6.467,9.236,0.986,0.089,1.003
canny_hough,fixed,edges,317,1,1,0.3,221.93,61.93,6.504,9.419,0.99,0.091,1.162
canny_hough,fixed,edges,318,1,1,0.3,221.93,61.93,6.573,9.427,1.001,0.089,1.002
canny_hough,fixed,edges,319,1,1,0.3,218.59,58.59,5.565,8.39,0.984,0.092,0.991
canny_hough,fixed,edges,320,1,1,0.3,221.97,61.97,6.371,9.231,0.995,0.09,1.086
canny_hough,fixed,edges,321,1,1,0.3,222.1,62.1,6.476,9.395,1.032,0.098,1.116
canny_hough,fixed,edges,322,1,1,0.3,222.1,62.1,6.515,9.328,0.997,0.094,1.003
canny_hough,fixed,edges,323,1,1,0.3,219.39,59.39,7.181,10.047,0.993,0.09,1.099
canny_hough,fixed,edges,324,1,1,0.3,219.39,59.39,6.278,9.168,0.991,0.095,1.117
canny_hough,fixed,edges,325,1,1,0.3,219.87,59.87,6.494,9.333,0.984,0.092,1.0
canny_hough,fixed,edges,326,1,1,0.3,219.87,59.87,6.679,9.518,1.043,0.098,1.004
canny_hough,fixed,edges,327,1,1,0.3,222.83,62.83,6.34,9.124,0.991,0.091,1.01
canny_hough,fixed,edges,328,1,1,0.3,222.83,62.83,6.344,9.197,0.99,0.091,1.015
canny_hough,fixed,edges,329,1,1,0.3,220.28,60.28,6.33,9.134,1.034,0.097,1.003
canny_hough,fixed,edges,330,1,1,0.3,220.28,60.28,7.221,10.186,0.997,0.089,1.152
canny_hough,fixed,edges,331,1,1,0.15,219.9,59.9,6.125,8.993,0.987,0.094,1.083
canny_hough,fixed,edges,332,1,1,0.15,219.9,59.9,6.243,9.119,1.058,0.098,1.003
canny_hough,fixed,edges,333,1,1,0.3,222.06,62.06,6.297,9.176,0.984,0.092,1.12
canny_hough,fixed,edges,334,1,1,0.3,222.06,62.06,6.29,9.147,0.996,0.091,1.081
canny_hough,fixed,edges,335,1,1,0.3,219.37,59.37,6.355,9.176,1.03,0.095,1.008
canny_hough,fixed,edges,336,1,1,0.3,221.24,61.24,6.388,9.233,0.98,0.093,1.109
canny_hough,fixed,edges,337,1,1,0.3,219.57,59.57,6.263,9.108,0.998,0.092,0.992
canny_hough,fixed,edges,338,1,1,0.3,219.57,59.57,6.252,9.063,0.977,0.141,1.02
canny_hough,fixed,edges,339,1,1,0.3,223.89,63.89,6.337,9.166,0.994,0.089,1.008
canny_hough,fixed,edges,340,1,1,0.3,220.85,60.85,6.333,9.135,0.986,0.091,1.026
canny_hough,fixed,edges,341,1,1,0.15,221.77,61.77,6.061,8.981,0.988,0.091,1.187
canny_hough,fixed,edges,342,1,1,0.15,221.77,61.77,6.162,8.988,1.034,0.095,0.999
canny_hough,fixed,edges,343,1,1,0.3,221.37,61.37,6.541,9.291,0.984,0.092,1.002
canny_hough,fixed,edges,344,1,1,0.3,222.77,62.77,6.361,9.318,0.989,0.095,1.188
canny_hough,fixed,edges,345,1,1,0.15,221.77,61.77,6.332,9.306,1.042,0.095,1.145
canny_hough,fixed,edges,346,1,1,0.15,221.77,61.77,6.35,9.145,1.0,0.095,1.016
canny_hough,fixed,edges,347,1,1,0.3,220.87,60.87,6.342,9.184,0.985,0.092,1.003
canny_hough,fixed,edges,348,1,1,0.3,220.87,60.87,6.416,9.258,1.042,0.094,1.019
canny_hough,fixed,edges,349,1,1,0.15,221.77,61.77,6.316,9.231,0.983,0.089,1.106
canny_hough,fixed,edges,350,1,1,0.3,220.91,60.91,6.336,9.189,1.0,0.095,1.025
canny_hough,fixed,edges,351,1,1,0.3,220.91,60.91,6.359,9.266,0.976,0.134,1.118
canny_hough,fixed,edges,352,1,1,0.3,223.22,63.22,6.475,9.466,0.998,0.09,1.107
canny_hough,fixed,edges,353,1,1,0.15,222.83,62.83,6.14,9.003,0.994,0.09,1.016
canny_hough,fixed,edges,354,1,1,0.3,220.91,60.91,6.247,9.229,0.987,0.09,1.228
canny_hough,fixed,edges,355,1,1,0.3,220.91,60.91,6.274,9.082,0.977,0.093,1.006
canny_hough,fixed,edges,356,1,1,0.3,217.1,57.1,6.574,9.348,0.988,0.088,1.014
canny_hough,fixed,edges,357,1,1,0.3,221.98,61.98,6.274,9.172,0.994,0.093,1.134
canny_hough,fixed,edges,358,1,1,0.3,221.2,61.2,6.544,9.411,1.05,0.095,1.042
canny_hough,fixed,edges,359,1,1,0.3,221.2,61.2,6.511,9.475,1.003,0.09,1.18
canny_hough,fixed,edges,360,1,1,0.15,221.65,61.65,6.267,9.187,0.987,0.09,1.164
canny_hough,otsu,edges,0,0,0,0.0,0.0,,6.048,9.664,1.097,0.438,1.282
canny_hough,otsu,edges,1,0,0,0.0,0.0,,5.88,9.181,1.081,0.483,0.963
canny_hough,otsu,edges,2,0,0,0.0,0.0,,5.742,9.393,1.074,0.398,1.278
canny_hough,otsu,edges,3,0,0,0.0,0.0,,5.332,8.457,1.019,0.377,0.954
canny_hough,otsu,edges,4,0,0,0.0,0.0,,7.733,15.025,1.041,0.379,4.802
canny_hough,otsu,edges,5,0,0,0.0,0.0,,6.102,14.615,3.567,0.5,3.724
canny_hough,otsu,edges,6,0,0,0.0,0.0,,4.537,7.928,1.036,0.399,1.201
canny_hough,otsu,edges,7,0,0,0.0,0.0,,4.402,7.72,1.059,0.387,1.176
canny_hough,otsu,edges,8,0,0,0.0,0.0,,4.588,7.939,1.041,0.39,1.217
canny_hough,otsu,edges,9,0,0,0.0,0.0,,4.435,7.713,1.057,0.383,1.154
canny_hough,otsu,edges,10,0,0,0.0,0.0,,4.448,7.861,1.04,0.389,1.257
canny_hough,otsu,edges,11,0,0,0.0,0.0,,4.682,7.961,1.052,0.387,1.147
canny_hough,otsu,edges,12,0,0,0.0,0.0,,4.577,7.732,1.116,0.387,0.952
canny_hough,otsu,edges,13,0,0,0.0,0.0,,4.414,7.458,0.995,0.421,0.942
canny_hough,otsu,edges,14,0,0,0.0,0.0,,4.461,7.583,0.995,0.382,1.047
canny_hough,otsu,edges,15,0,0,0.0,0.0,,4.618,8.013,1.004,0.383,1.305
canny_hough,otsu,edges,16,0,0,0.0,0.0,,4.642,8.032,1.004,0.384,1.302
canny_hough,otsu,edges,17,0,0,0.0,0.0,,4.642,8.039,1.01,0.385,1.306
canny_hough,otsu,edges,18,0,0,0.0,0.0,,4.608,7.842,1.007,0.378,1.137
canny_hough,otsu,edges,19,0,0,0.0,0.0,,4.472,7.92,0.997,0.384,1.35
canny_hough,otsu,edges,20,0,0,0.0,0.0,,4.478,7.913,0.993,0.383,1.324
canny_hough,otsu,edges,21,0,0,0.0,0.0,,4.684,8.064,0.989,0.382,1.309
canny_hough,otsu,edges,22,0,0,0.0,0.0,,4.307,7.677,1.006,0.386,1.266
canny_hough,otsu,edges,23,0,0,0.0,0.0,,4.293,7.455,1.006,0.381,1.071
canny_hough,otsu,edges,24,0,0,0.0,0.0,,4.664,7.807,0.996,0.379,0.991
canny_hough,otsu,edges,25,0,0,0.0,0.0,,4.901,8.256,0.994,0.384,1.256
canny_hough,otsu,edges,26,0,0,0.0,0.0,,4.571,7.927,1.016,0.385,1.267
canny_hough,otsu,edges,27,0,0,0.0,0.0,,4.596,7.932,0.988,0.377,1.278
canny_hough,otsu,edges,28,0,0,0.0,0.0,,4.585,7.913,0.99,0.377,1.274
canny_hough,otsu,edges,29,0,0,0.0,0.0,,4.563,7.893,1.054,0.378,1.228
canny_hough,otsu,edges,30,0,0,0.0,0.0,,4.678,8.016,0.991,0.377,1.252
canny_hough,otsu,edges,31,0,0,0.0,0.0,,4.653,8.049,1.076,0.38,1.26
canny_hough,otsu,edges,32,0,0,0.0,0.0,,9.381,12.491,0.995,0.376,1.052
canny_hough,otsu,edges,33,0,0,0.0,0.0,,4.857,8.344,1.001,0.374,1.328
canny_hough,otsu,edges,34,0,0,0.0,0.0,,4.926,8.223,1.036,0.483,1.037
canny_hough,otsu,edges,35,0,0,0.0,0.0,,4.764,8.425,1.065,0.417,1.396
canny_hough,otsu,edges,36,0,0,0.0,0.0,,4.953,8.37,1.063,0.41,1.218
canny_hough,otsu,edges,37,0,0,0.0,0.0,,4.997,8.506,1.084,0.422,1.294
canny_hough,otsu,edges,38,0,0,0.0,0.0,,5.036,8.341,1.028,0.417,1.04
canny_hough,otsu,edges,39,0,0,0.0,0.0,,4.481,12.408,1.024,0.413,5.8
canny_hough,otsu,edges,40,0,0,0.0,0.0,,4.556,7.935,1.054,0.401,1.206
canny_hough,otsu,edges,41,0,0,0.0,0.0,,5.062,8.086,0.98,0.375,0.949
canny_hough,otsu,edges,42,0,0,0.0,0.0,,4.351,7.798,1.031,0.39,1.295
canny_hough,otsu,edges,43,0,0,0.0,0.0,,4.63,7.646,0.995,0.374,0.964
canny_hough,otsu,edges,44,0,0,0.0,0.0,,4.746,7.958,0.991,0.374,1.157
canny_hough,otsu,edges,45,0,0,0.0,0.0,,4.553,7.554,0.984,0.371,0.952
canny_hough,otsu,edges,46,0,0,0.0,0.0,,4.535,7.554,0.991,0.375,0.963
canny_hough,otsu,edges,47,0,0,0.0,0.0,,4.54,7.787,0.99,0.376,1.137
canny_hough,otsu,edges,48,0,0,0.0,0.0,,4.573,7.633,0.992,0.375,0.942
canny_hough,otsu,edges,49,0,0,0.0,0.0,,4.467,7.71,1.032,0.378,1.147
canny_hough,otsu,edges,50,0,0,0.0,0.0,,4.466,7.752,1.039,0.38,1.16
canny_hough,otsu,edges,51,0,0,0.0,0.0,,4.622,7.882,1.035,0.382,1.159
canny_hough,otsu,edges,52,0,0,0.0,0.0,,4.472,7.538,1.031,0.378,0.973
canny_hough,otsu,edges,53,0,0,0.0,0.0,,4.462,7.5,0.985,0.414,0.954
canny_hough,otsu,edges,54,0,0,0.0,0.0,,4.175,7.421,0.985,0.375,1.195
canny_hough,otsu,edges,55,0,0,0.0,0.0,,4.356,7.637,0.996,0.376,1.219
canny_hough,otsu,edges,56,0,0,0.0,0.0,,4.352,7.432,0.993,0.376,0.946
canny_hough,otsu,edges,57,0,0,0.0,0.0,,4.785,8.003,0.994,0.381,1.162
canny_hough,otsu,edges,58,0,0,0.0,0.0,,4.436,7.606,0.981,0.375,1.153
canny_hough,otsu,edges,59,0,0,0.0,0.0,,4.324,7.321,0.989,0.372,0.955
canny_hough,otsu,edges,60,0,0,0.0,0.0,,4.344,7.447,0.992,0.372,0.963
canny_hough,otsu,edges,61,0,0,0.0,0.0,,4.475,7.571,1.083,0.382,0.954
canny_hough,otsu,edges,62,0,0,0.0,0.0,,4.46,7.529,1.041,0.376,0.959
canny_hough,otsu,edges,63,0,0,0.0,0.0,,4.468,7.519,0.996,0.422,0.953
canny_hough,otsu,edges,64,0,0,0.0,0.0,,4.473,7.541,0.992,0.375,1.014
canny_hough,otsu,edges,65,0,0,0.0,0.0,,4.598,7.687,0.987,0.377,1.04
canny_hough,otsu,edges,66,0,0,0.0,0.0,,4.611,7.691,0.992,0.372,1.03
canny_hough,otsu,edges,67,0,0,0.0,0.0,,4.637,7.723,0.994,0.375,0.967
canny_hough,otsu,edges,68,0,0,0.0,0.0,,4.371,7.614,0.982,0.372,1.141
canny_hough,otsu,edges,69,0,0,0.0,0.0,,4.717,7.712,0.985,0.378,0.947
canny_hough,otsu,edges,70,0,0,0.0,0.0,,4.779,8.022,0.995,0.372,1.154
canny_hough,otsu,edges,71,0,0,0.0,0.0,,4.795,7.986,0.984,0.372,1.152
canny_hough,otsu,edges,72,1,1,0.6,319.0,159.0,3.473,6.603,0.98,0.375,1.095
canny_hough,otsu,edges,73,0,0,0.0,0.0,,4.633,7.807,1.147,0.381,0.957
canny_hough,otsu,edges,74,0,0,0.0,0.0,,4.6,7.668,1.035,0.378,0.968
canny_hough,otsu,edges,75,0,0,0.0,0.0,,4.611,7.857,1.039,0.38,1.132
canny_hough,otsu,edges,76,0,0,0.0,0.0,,4.665,7.902,1.037,0.378,1.13
canny_hough,otsu,edges,77,0,0,0.0,0.0,,4.227,7.416,0.975,0.418,1.113
canny_hough,otsu,edges,78,0,0,0.0,0.0,,4.831,7.982,0.986,0.372,1.052
canny_hough,otsu,edges,79,0,0,0.0,0.0,,4.365,7.521,1.004,0.378,1.072
canny_hough,otsu,edges,80,1,1,0.15,319.0,159.0,2.545,5.778,1.001,0.383,1.121
canny_hough,otsu,edges,81,1,1,0.3,319.0,159.0,2.522,5.659,1.057,0.389,0.989
canny_hough,otsu,edges,82,1,1,0.3,319.0,159.0,2.427,5.555,0.997,0.382,0.971
canny_hough,otsu,edges,83,1,1,0.45,319.0,159.0,3.165,6.347,1.054,0.389,1.041
canny_hough,otsu,edges,84,0,0,0.0,0.0,,4.071,7.221,1.008,0.384,1.05
canny_hough,otsu,edges,85,0,0,0.0,0.0,,4.28,7.529,0.995,0.378,1.17
canny_hough,otsu,edges,86,0,0,0.0,0.0,,4.317,7.391,0.992,0.382,0.999
canny_hough,otsu,edges,87,0,0,0.0,0.0,,3.719,6.84,1.058,0.382,0.983
canny_hough,otsu,edges,88,0,0,0.0,0.0,,3.757,7.096,0.994,0.611,1.041
canny_hough,otsu,edges,89,0,0,0.0,0.0,,4.228,7.405,1.01,0.384,1.083
canny_hough,otsu,edges,90,0,0,0.0,0.0,,4.207,7.368,0.998,0.381,0.981
canny_hough,otsu,edges,91,0,0,0.0,0.0,,3.894,6.955,0.988,0.379,0.993
canny_hough,otsu,edges,92,0,0,0.0,0.0,,3.875,7.176,1.063,0.386,1.159
canny_hough,otsu,edges,93,0,0,0.0,0.0,,4.002,7.144,1.062,0.394,0.992
canny_hough,otsu,edges,94,0,0,0.0,0.0,,4.092,7.235,1.001,0.383,1.056
canny_hough,otsu,edges,95,0,0,0.0,0.0,,4.061,7.191,1.001,0.381,1.04
canny_hough,otsu,edges,96,0,0,0.0,0.0,,4.52,7.635,0.998,0.388,1.023
canny_hough,otsu,edges,97,0,0,0.0,0.0,,4.335,7.598,1.001,0.38,1.18
canny_hough,otsu,edges,98,0,0,0.0,0.0,,4.21,7.585,1.037,0.438,1.151
canny_hough,otsu,edges,99,0,0,0.0,0.0,,4.216,7.438,1.037,0.379,1.127
canny_hough,otsu,edges,100,0,0,0.0,0.0,,4.114,7.222,1.049,0.382,0.96
canny_hough,otsu,edges,101,0,0,0.0,0.0,,4.732,7.794,0.996,0.423,0.96
canny_hough,otsu,edges,102,0,0,0.0,0.0,,4.434,7.737,1.016,0.385,1.211
canny_hough,otsu,edges,103,0,0,0.0,0.0,,4.42,7.51,1.003,0.379,1.026
canny_hough,otsu,edges,104,1,1,0.6,304.26,144.26,3.464,6.708,0.988,0.376,1.188
canny_hough,otsu,edges,105,1,1,0.3,281.77,121.77,5.289,8.503,0.988,0.373,1.172
canny_hough,otsu,edges,106,1,1,0.3,281.77,121.77,5.121,8.318,0.995,0.378,1.143
canny_hough,otsu,edges,107,1,1,0.3,253.94,93.94,2.61,5.681,0.975,0.374,0.991
canny_hough,otsu,edges,108,1,1,0.3,253.94,93.94,2.679,5.972,1.041,0.385,1.183
canny_hough,otsu,edges,109,1,1,0.3,266.91,106.91,4.527,7.801,0.997,0.377,1.158
canny_hough,otsu,edges,110,1,1,0.3,266.91,106.91,4.587,7.626,0.984,0.38,0.961
canny_hough,otsu,edges,111,1,1,0.3,266.91,106.91,4.576,7.741,0.983,0.378,1.125
canny_hough,otsu,edges,112,0,0,0.0,0.0,,2.775,5.77,0.989,0.376,0.955
canny_hough,otsu,edges,113,0,0,0.0,0.0,,3.659,6.813,0.981,0.375,1.143
canny_hough,otsu,edges,114,0,0,0.0,0.0,,3.736,6.817,0.988,0.374,1.048
canny_hough,otsu,edges,115,1,1,0.3,0.0,-160.0,4.104,7.308,0.981,0.372,1.111
canny_hough,otsu,edges,116,1,1,0.3,0.0,-160.0,4.131,7.318,1.041,0.382,1.09
canny_hough,otsu,edges,117,1,1,0.6,0.0,-160.0,4.291,7.484,0.988,0.425,1.097
canny_hough,otsu,edges,118,1,1,0.6,0.0,-160.0,4.536,7.589,0.983,0.378,1.02
canny_hough,otsu,edges,119,1,1,0.6,0.0,-160.0,4.531,7.696,0.984,0.375,1.147
canny_hough,otsu,edges,120,1,1,0.6,0.0,-160.0,4.845,8.069,0.991,0.377,1.141
canny_hough,otsu,edges,121,1,1,0.6,0.0,-160.0,4.559,7.663,0.994,0.377,1.044
canny_hough,otsu,edges,122,1,1,0.6,0.0,-160.0,4.599,7.678,0.977,0.372,1.038
canny_hough,otsu,edges,123,1,1,0.6,0.0,-160.0,4.696,7.865,0.992,0.377,1.048
canny_hough,otsu,edges,124,1,1,0.6,0.0,-160.0,4.784,7.875,0.991,0.377,1.031
canny_hough,otsu,edges,125,1,1,0.6,42.12,-117.88,4.782,7.805,0.985,0.372,0.963
canny_hough,otsu,edges,126,1,1,0.6,67.45,-92.55,4.547,7.569,0.991,0.382,0.977
canny_hough,otsu,edges,127,1,1,0.6,67.45,-92.55,4.496,7.503,0.992,0.375,0.962
canny_hough,otsu,edges,128,0,0,0.0,0.0,,4.474,7.572,0.996,0.376,0.975
canny_hough,otsu,edges,129,0,0,0.0,0.0,,4.361,7.64,1.056,0.381,1.152
canny_hough,otsu,edges,130,0,0,0.0,0.0,,4.38,7.677,1.042,0.382,1.151
canny_hough,otsu,edges,131,0,0,0.0,0.0,,4.288,7.489,1.05,0.379,1.101
canny_hough,otsu,edges,132,0,0,0.0,0.0,,4.303,7.489,0.984,0.423,1.102
canny_hough,otsu,edges,133,1,1,0.6,319.0,159.0,4.244,7.462,0.988,0.374,1.166
canny_hough,otsu,edges,134,1,1,0.6,319.0,159.0,4.255,7.34,0.982,0.373,1.045
canny_hough,otsu,edges,135,1,1,0.6,319.0,159.0,4.262,7.474,0.991,0.377,1.097
canny_hough,otsu,edges,136,1,1,0.3,319.0,159.0,4.16,7.335,0.989,0.374,1.134
canny_hough,otsu,edges,137,1,1,0.45,319.0,159.0,4.149,7.175,0.982,0.377,0.924
canny_hough,otsu,edges,138,1,1,0.45,319.0,159.0,4.188,7.376,1.031,0.385,1.096
canny_hough,otsu,edges,139,1,1,0.45,319.0,159.0,4.147,7.385,0.991,0.435,1.125
canny_hough,otsu,edges,140,1,1,0.6,154.47,-5.53,4.749,8.03,1.007,0.376,1.187
canny_hough,otsu,edges,141,1,1,0.6,235.4,75.4,5.554,8.655,0.981,0.376,1.044
canny_hough,otsu,edges,142,1,1,0.6,243.1,83.1,5.899,8.995,1.039,0.388,0.985
canny_hough,otsu,edges,143,1,1,0.6,243.1,83.1,5.88,9.11,0.996,0.377,1.109
canny_hough,otsu,edges,144,1,1,0.6,216.22,56.22,6.188,9.339,0.992,0.38,1.03
canny_hough,otsu,edges,145,0,0,0.0,0.0,,1.341,4.385,0.992,0.419,0.959
canny_hough,otsu,edges,146,0,0,0.0,0.0,,0.683,3.732,1.014,0.381,1.008
canny_hough,otsu,edges,147,0,0,0.0,0.0,,0.676,3.747,0.975,0.424,1.021
canny_hough,otsu,edges,148,0,0,0.0,0.0,,0.672,3.705,0.989,0.419,0.968
canny_hough,otsu,edges,149,0,0,0.0,0.0,,0.668,3.686,0.974,0.373,1.02
canny_hough,otsu,edges,150,0,0,0.0,0.0,,1.909,5.094,0.972,0.376,1.166
canny_hough,otsu,edges,151,0,0,0.0,0.0,,1.941,5.1,1.03,0.374,1.11
canny_hough,otsu,edges,152,0,0,0.0,0.0,,1.962,4.943,0.98,0.373,0.964
canny_hough,otsu,edges,153,0,0,0.0,0.0,,3.422,6.669,0.977,0.376,1.229
canny_hough,otsu,edges,154,0,0,0.0,0.0,,3.494,6.513,0.975,0.374,0.958
canny_hough,otsu,edges,155,0,0,0.0,0.0,,3.474,6.655,0.989,0.424,1.093
canny_hough,otsu,edges,156,0,0,0.0,0.0,,3.071,6.208,0.979,0.372,1.112
canny_hough,otsu,edges,157,1,1,0.3,319.0,159.0,4.426,7.469,1.051,0.38,0.955
canny_hough,otsu,edges,158,1,1,0.3,319.0,159.0,4.454,7.5,1.032,0.382,0.952
canny_hough,otsu,edges,159,1,1,0.15,319.0,159.0,4.186,7.19,0.985,0.424,0.933
canny_hough,otsu,edges,160,0,0,0.0,0.0,,1.751,4.854,0.984,0.374,1.04
canny_hough,otsu,edges,161,1,1,0.3,319.0,159.0,4.189,7.178,1.023,0.375,0.935
canny_hough,otsu,edges,162,1,1,0.3,319.0,159.0,4.25,7.312,0.989,0.378,1.028
canny_hough,otsu,edges,163,1,1,0.6,319.0,159.0,4.802,7.902,0.99,0.376,1.046
canny_hough,otsu,edges,164,1,1,0.6,319.0,159.0,4.81,7.917,0.995,0.378,1.053
canny_hough,otsu,edges,165,1,1,0.15,319.0,159.0,3.282,6.493,0.984,0.377,1.173
canny_hough,otsu,edges,166,0,0,0.0,0.0,,2.935,6.091,0.983,0.371,1.073
canny_hough,otsu,edges,167,0,0,0.0,0.0,,2.855,6.041,0.984,0.37,1.169
canny_hough,otsu,edges,168,0,0,0.0,0.0,,2.931,5.938,0.994,0.375,0.955
canny_hough,otsu,edges,169,1,1,0.45,319.0,159.0,4.263,7.339,0.992,0.377,1.02
canny_hough,otsu,edges,170,1,1,0.45,319.0,159.0,4.335,7.594,0.981,0.377,1.192
canny_hough,otsu,edges,171,1,1,0.45,319.0,159.0,4.265,7.476,0.984,0.377,1.161
canny_hough,otsu,edges,172,1,1,0.3,319.0,159.0,3.286,6.277,0.991,0.377,0.95
canny_hough,otsu,edges,173,1,1,0.15,319.0,159.0,3.134,6.176,1.026,0.378,0.972
canny_hough,otsu,edges,174,1,1,0.3,319.0,159.0,3.855,7.038,0.997,0.376,1.137
canny_hough,otsu,edges,175,1,1,0.3,319.0,159.0,3.845,6.957,0.994,0.373,1.07
canny_hough,otsu,edges,176,1,1,0.45,319.0,159.0,4.362,7.408,1.028,0.379,0.953
canny_hough,otsu,edges,177,1,1,0.45,319.0,159.0,4.176,7.246,1.045,0.383,0.959
canny_hough,otsu,edges,178,1,1,0.45,319.0,159.0,4.204,7.381,0.994,0.377,1.128
canny_hough,otsu,edges,179,1,1,0.45,319.0,159.0,4.26,7.426,0.99,0.377,1.13
canny_hough,otsu,edges,180,1,1,0.15,319.0,159.0,2.898,6.007,0.986,0.377,0.969
canny_hough,otsu,edges,181,1,1,0.3,319.0,159.0,3.894,7.072,1.038,0.379,1.074
canny_hough,otsu,edges,182,1,1,0.3,319.0,159.0,3.584,6.739,0.982,0.379,1.112
canny_hough,otsu,edges,183,1,1,0.3,319.0,159.0,3.587,6.62,0.991,0.373,0.971
canny_hough,otsu,edges,184,1,1,0.3,319.0,159.0,3.622,6.698,0.983,0.377,0.973
canny_hough,otsu,edges,185,1,1,0.3,319.0,159.0,3.679,6.894,0.992,0.423,1.123
canny_hough,otsu,edges,186,1,1,0.3,319.0,159.0,3.534,6.567,0.978,0.377,1.012
canny_hough,otsu,edges,187,1,1,0.3,319.0,159.0,3.587,6.766,0.977,0.374,1.092
canny_hough,otsu,edges,188,1,1,0.15,319.0,159.0,4.069,7.136,1.032,0.383,0.959
canny_hough,otsu,edges,189,1,1,0.6,319.0,159.0,4.198,7.254,0.982,0.373,1.012
canny_hough,otsu,edges,190,1,1,0.6,319.0,159.0,4.211,7.41,0.986,0.377,1.116
canny_hough,otsu,edges,191,1,1,0.6,319.0,159.0,4.21,7.193,0.984,0.376,0.949
canny_hough,otsu,edges,192,1,1,0.45,319.0,159.0,3.784,6.909,0.985,0.376,1.08
canny_hough,otsu,edges,193,1,1,0.15,319.0,159.0,3.644,6.703,1.035,0.38,0.966
canny_hough,otsu,edges,194,0,0,0.0,0.0,,4.473,7.569,0.979,0.378,1.059
canny_hough,otsu,edges,195,0,0,0.0,0.0,,4.504,7.649,0.99,0.372,1.106
canny_hough,otsu,edges,196,1,1,0.45,319.0,159.0,3.684,6.828,0.991,0.378,1.02
canny_hough,otsu,edges,197,1,1,0.15,319.0,159.0,3.086,6.198,0.977,0.376,1.02
canny_hough,otsu,edges,198,1,1,0.15,319.0,159.0,3.706,6.927,0.992,0.424,1.076
canny_hough,otsu,edges,199,1,1,0.45,319.0,159.0,3.403,8.018,1.014,0.418,2.493
canny_hough,otsu,edges,200,1,1,0.45,319.0,159.0,3.341,6.477,0.99,0.374,1.049
canny_hough,otsu,edges,201,1,1,0.45,319.0,159.0,3.834,6.953,0.987,0.377,1.012
canny_hough,otsu,edges,202,1,1,0.6,319.0,159.0,3.979,7.05,1.029,0.38,0.979
canny_hough,otsu,edges,203,1,1,0.6,319.0,159.0,3.966,7.039,0.983,0.375,1.036
canny_hough,otsu,edges,204,1,1,0.45,319.0,159.0,4.116,7.264,0.995,0.375,1.005
canny_hough,otsu,edges,205,1,1,0.6,319.0,159.0,3.962,6.957,0.987,0.373,0.95
canny_hough,otsu,edges,206,1,1,0.6,319.0,159.0,3.978,7.014,1.029,0.377,0.954
canny_hough,otsu,edges,207,1,1,0.6,319.0,159.0,4.145,7.167,0.988,0.422,0.939
canny_hough,otsu,edges,208,1,1,0.6,319.0,159.0,4.45,7.587,0.991,0.374,1.089
canny_hough,otsu,edges,209,1,1,0.6,319.0,159.0,4.441,7.522,0.983,0.376,1.027
canny_hough,otsu,edges,210,1,1,0.6,319.0,159.0,4.48,7.519,0.996,0.374,0.946
canny_hough,otsu,edges,211,1,1,0.6,319.0,159.0,4.318,7.324,0.994,0.377,0.95
canny_hough,otsu,edges,212,1,1,0.6,319.0,159.0,4.308,7.43,0.994,0.376,1.003
canny_hough,otsu,edges,213,1,1,0.6,311.31,151.31,3.893,6.913,1.03,0.38,0.936
canny_hough,otsu,edges,214,1,1,0.6,311.31,151.31,3.913,6.964,0.986,0.419,0.962
canny_hough,otsu,edges,215,1,1,0.6,276.52,116.52,4.787,7.953,0.981,0.377,1.133
canny_hough,otsu,edges,216,1,1,0.6,242.75,82.75,5.042,8.268,0.998,0.376,1.166
canny_hough,otsu,edges,217,1,1,0.6,245.98,85.98,5.221,8.374,0.987,0.375,1.101
canny_hough,otsu,edges,218,1,1,0.45,232.7,72.7,3.773,6.872,0.992,0.376,1.029
canny_hough,otsu,edges,219,1,1,0.45,232.7,72.7,3.815,8.188,1.915,0.563,1.171
canny_hough,otsu,edges,220,1,1,0.6,232.83,72.83,3.697,6.98,0.995,0.389,1.164
canny_hough,otsu,edges,221,1,1,0.45,218.62,58.62,3.229,6.336,0.99,0.386,1.028
canny_hough,otsu,edges,222,1,1,0.45,218.62,58.62,3.233,6.442,1.066,0.393,1.051
canny_hough,otsu,edges,223,1,1,0.45,218.62,58.62,3.119,6.317,1.006,0.389,1.094
canny_hough,otsu,edges,224,1,1,0.45,218.62,58.62,3.168,6.324,1.042,0.387,1.027
canny_hough,otsu,edges,225,1,1,0.3,215.03,55.03,6.526,9.812,0.996,0.381,1.213
canny_hough,otsu,edges,226,1,1,0.3,215.03,55.03,6.644,9.907,0.992,0.381,1.143
canny_hough,otsu,edges,227,1,1,0.3,211.05,51.05,6.662,9.954,1.008,0.388,1.203
canny_hough,otsu,edges,228,1,1,0.3,211.05,51.05,6.773,9.972,1.007,0.38,1.043
canny_hough,otsu,edges,229,1,1,0.3,215.37,55.37,5.112,8.375,1.004,0.388,1.174
canny_hough,otsu,edges,230,1,1,0.3,219.26,59.26,5.12,8.372,1.003,0.446,1.052
canny_hough,otsu,edges,231,1,1,0.3,219.26,59.26,5.042,8.235,1.062,0.393,1.039
canny_hough,otsu,edges,232,1,1,0.45,211.44,51.44,7.059,10.366,1.057,0.393,1.143
canny_hough,otsu,edges,233,1,1,0.3,216.65,56.65,6.785,10.124,1.003,0.385,1.234
canny_hough,otsu,edges,234,1,1,0.3,217.08,57.08,6.853,10.157,1.058,0.38,1.167
canny_hough,otsu,edges,235,1,1,0.3,217.08,57.08,6.353,9.646,0.997,0.38,1.211
canny_hough,otsu,edges,236,1,1,0.3,214.2,54.2,6.514,9.654,1.046,0.381,1.021
canny_hough,otsu,edges,237,1,1,0.3,215.96,55.96,6.59,9.718,0.988,0.372,1.009
canny_hough,otsu,edges,238,1,1,0.3,215.96,55.96,6.61,9.746,1.035,0.383,1.019
canny_hough,otsu,edges,239,1,1,0.15,217.34,57.34,6.439,9.509,0.984,0.376,1.026
canny_hough,otsu,edges,240,1,1,0.15,217.34,57.34,6.44,9.755,0.998,0.421,1.113
canny_hough,otsu,edges,241,1,1,0.3,215.63,55.63,6.349,9.536,1.005,0.372,1.122
canny_hough,otsu,edges,242,1,1,0.3,218.97,58.97,6.495,9.67,0.993,0.377,1.131
canny_hough,otsu,edges,243,1,1,0.3,218.97,58.97,6.485,9.622,1.052,0.381,1.015
canny_hough,otsu,edges,244,1,1,0.3,214.87,54.87,6.555,9.704,0.993,0.375,1.007
canny_hough,otsu,edges,245,1,1,0.15,216.94,56.94,6.446,9.646,1.035,0.383,1.1
canny_hough,otsu,edges,246,1,1,0.15,216.94,56.94,6.5,9.661,0.988,0.374,1.117
canny_hough,otsu,edges,247,1,1,0.15,214.68,54.68,6.43,9.551,0.986,0.425,1.024
canny_hough,otsu,edges,248,1,1,0.15,214.68,54.68,6.463,9.572,0.994,0.375,1.0
canny_hough,otsu,edges,249,1,1,0.3,217.86,57.86,6.453,9.724,1.002,0.379,1.204
canny_hough,otsu,edges,250,1,1,0.3,217.86,57.86,6.537,9.789,1.038,0.379,1.115
canny_hough,otsu,edges,251,1,1,0.3,217.87,57.87,6.482,9.614,0.992,0.379,1.009
canny_hough,otsu,edges,252,1,1,0.3,217.87,57.87,6.565,9.763,1.028,0.379,1.107
canny_hough,otsu,edges,253,1,1,0.3,219.2,59.2,6.547,9.697,0.986,0.378,1.105
canny_hough,otsu,edges,254,1,1,0.3,219.2,59.2,6.618,9.734,0.992,0.421,1.018
canny_hough,otsu,edges,255,1,1,0.3,219.2,59.2,6.522,9.593,0.99,0.372,1.017
canny_hough,otsu,edges,256,1,1,0.15,217.77,57.77,6.416,9.649,0.98,0.377,1.197
canny_hough,otsu,edges,257,1,1,0.3,218.59,58.59,6.395,9.509,1.042,0.378,1.005
canny_hough,otsu,edges,258,1,1,0.3,218.59,58.59,6.408,9.548,0.994,0.378,1.013
canny_hough,otsu,edges,259,1,1,0.3,215.13,55.13,6.603,9.713,1.029,0.378,1.02
canny_hough,otsu,edges,260,1,1,0.3,217.85,57.85,6.416,9.517,0.987,0.376,1.015
canny_hough,otsu,edges,261,1,1,0.3,219.94,59.94,6.277,9.388,0.983,0.377,1.068
canny_hough,otsu,edges,262,1,1,0.3,219.94,59.94,6.354,9.504,1.087,0.384,1.01
canny_hough,otsu,edges,263,1,1,0.3,219.85,59.85,6.409,9.648,0.985,0.376,1.102
canny_hough,otsu,edges,264,1,1,0.3,219.85,59.85,6.554,9.671,1.03,0.38,1.026
canny_hough,otsu,edges,265,1,1,0.3,217.32,57.32,6.598,9.651,0.983,0.375,1.013
canny_hough,otsu,edges,266,1,1,0.3,217.32,57.32,6.609,9.734,0.981,0.379,1.077
canny_hough,otsu,edges,267,1,1,0.3,219.85,59.85,6.43,9.548,0.997,0.375,1.002
canny_hough,otsu,edges,268,1,1,0.3,219.85,59.85,6.39,9.653,0.994,0.378,1.195
canny_hough,otsu,edges,269,1,1,0.3,219.91,59.91,6.578,9.816,1.04,0.379,1.134
canny_hough,otsu,edges,270,1,1,0.3,219.91,59.91,6.56,9.821,0.989,0.379,1.173
canny_hough,otsu,edges,271,1,1,0.3,217.37,57.37,6.342,9.494,1.041,0.387,1.035
canny_hough,otsu,edges,272,1,1,0.3,217.37,57.37,6.289,9.46,0.991,0.383,1.109
canny_hough,otsu,edges,273,1,1,0.3,217.87,57.87,6.428,9.667,0.992,0.379,1.181
canny_hough,otsu,edges,274,1,1,0.15,217.12,57.12,6.437,9.552,0.984,0.376,1.009
canny_hough,otsu,edges,275,1,1,0.15,217.12,57.12,6.373,9.56,0.984,0.378,1.157
canny_hough,otsu,edges,276,1,1,0.3,219.14,59.14,6.389,9.61,1.038,0.38,1.122
canny_hough,otsu,edges,277,1,1,0.15,218.66,58.66,6.42,9.497,0.99,0.378,1.028
canny_hough,otsu,edges,278,1,1,0.3,218.22,58.22,6.808,9.937,0.99,0.423,1.034
canny_hough,otsu,edges,279,1,1,0.3,218.22,58.22,6.699,9.762,0.987,0.377,1.006
canny_hough,otsu,edges,280,1,1,0.3,219.67,59.67,6.446,9.641,0.997,0.376,1.083
canny_hough,otsu,edges,281,1,1,0.3,217.48,57.48,6.693,9.805,0.991,0.372,1.014
canny_hough,otsu,edges,282,1,1,0.3,219.52,59.52,6.576,9.739,0.993,0.376,1.106
canny_hough,otsu,edges,283,1,1,0.3,219.52,59.52,6.604,9.809,1.029,0.382,1.109
canny_hough,otsu,edges,284,1,1,0.3,215.99,55.99,6.451,9.632,1.012,0.38,1.105
canny_hough,otsu,edges,285,1,1,0.3,216.58,56.58,6.733,9.953,1.041,0.383,1.107
canny_hough,otsu,edges,286,1,1,0.3,217.77,57.77,6.725,9.778,0.984,0.375,1.009
canny_hough,otsu,edges,287,1,1,0.3,217.77,57.77,6.646,9.852,1.028,0.382,1.117
canny_hough,otsu,edges,288,1,1,0.15,219.84,59.84,6.621,9.689,0.995,0.378,1.012
canny_hough,otsu,edges,289,1,1,0.3,217.42,57.42,6.471,9.642,0.993,0.421,1.018
canny_hough,otsu,edges,290,1,1,0.3,217.42,57.42,6.489,9.687,1.001,0.376,1.097
canny_hough,otsu,edges,291,1,1,0.3,220.23,60.23,6.529,9.636,0.979,0.374,1.083
canny_hough,otsu,edges,292,1,1,0.15,219.84,59.84,6.639,9.856,1.05,0.377,1.099
canny_hough,otsu,edges,293,1,1,0.3,217.95,57.95,6.174,9.305,0.985,0.376,1.084
canny_hough,otsu,edges,294,1,1,0.3,217.95,57.95,6.893,10.129,1.026,0.379,1.105
canny_hough,otsu,edges,295,1,1,0.3,216.16,56.16,6.327,9.549,0.984,0.38,1.076
canny_hough,otsu,edges,296,1,1,0.3,218.73,58.73,6.428,9.542,1.027,0.384,1.02
canny_hough,otsu,edges,297,1,1,0.3,219.2,59.2,6.486,9.539,0.986,0.377,1.013
canny_hough,otsu,edges,298,1,1,0.3,219.2,59.2,6.518,9.753,0.993,0.378,1.189
canny_hough,otsu,edges,299,1,1,0.15,217.12,57.12,6.369,9.485,0.986,0.379,1.009
canny_hough,otsu,edges,300,1,1,0.15,217.12,57.12,6.329,9.609,0.993,0.378,1.191
canny_hough,otsu,edges,301,1,1,0.3,220.23,60.23,6.453,9.684,1.038,0.384,1.118
canny_hough,otsu,edges,302,1,1,0.3,215.03,55.03,6.494,9.568,0.982,0.373,1.03
canny_hough,otsu,edges,303,1,1,0.3,215.03,55.03,6.405,9.497,0.981,0.421,1.013
canny_hough,otsu,edges,304,1,1,0.3,217.48,57.48,6.529,9.654,0.988,0.376,1.011
canny_hough,otsu,edges,305,1,1,0.3,218.13,58.13,6.442,9.6,0.998,0.375,1.101
canny_hough,otsu,edges,306,1,1,0.3,218.14,58.14,6.451,9.669,1.04,0.382,1.114
canny_hough,otsu,edges,307,1,1,0.3,218.14,58.14,6.428,9.495,0.993,0.377,1.015
canny_hough,otsu,edges,308,1,1,0.3,219.06,59.06,6.65,9.838,0.983,0.423,1.096
canny_hough,otsu,edges,309,1,1,0.3,223.75,63.75,2.864,5.895,0.982,0.376,0.989
canny_hough,otsu,edges,310,1,1,0.15,224.64,64.64,5.004,8.127,0.982,0.42,1.006
canny_hough,otsu,edges,311,1,1,0.15,224.64,64.64,4.956,8.104,0.98,0.423,1.07
canny_hough,otsu,edges,312,1,1,0.3,221.51,61.51,5.256,8.521,1.14,0.399,1.05
canny_hough,otsu,edges,313,1,1,0.3,224.28,64.28,5.023,8.163,1.032,0.383,1.042
canny_hough,otsu,edges,314,1,1,0.3,224.28,64.28,5.11,8.232,1.038,0.38,1.033
canny_hough,otsu,edges,315,1,1,0.3,220.25,60.25,4.914,8.096,0.99,0.375,1.08
canny_hough,otsu,edges,316,1,1,0.3,220.8,60.8,6.41,9.633,0.999,0.378,1.097
canny_hough,otsu,edges,317,1,1,0.3,221.93,61.93,6.475,9.558,0.982,0.375,1.055
canny_hough,otsu,edges,318,1,1,0.3,221.93,61.93,6.599,9.719,1.039,0.379,1.014
canny_hough,otsu,edges,319,1,1,0.3,218.59,58.59,5.628,8.684,0.998,0.376,0.996
canny_hough,otsu,edges,320,1,1,0.3,221.97,61.97,6.39,9.549,0.984,0.375,1.086
canny_hough,otsu,edges,321,1,1,0.3,222.1,62.1,6.457,9.672,1.03,0.381,1.101
canny_hough,otsu,edges,322,1,1,0.3,222.1,62.1,6.47,9.721,0.996,0.378,1.104
canny_hough,otsu,edges,323,1,1,0.3,219.39,59.39,6.25,9.37,1.044,0.382,1.006
canny_hough,otsu,edges,324,1,1,0.3,219.39,59.39,6.234,9.399,0.979,0.375,1.128
canny_hough,otsu,edges,325,1,1,0.3,219.87,59.87,7.535,10.792,0.978,0.372,1.203
canny_hough,otsu,edges,326,1,1,0.3,219.87,59.87,6.528,9.612,0.99,0.379,1.016
canny_hough,otsu,edges,327,1,1,0.3,222.83,62.83,6.325,9.493,0.991,0.372,1.128
canny_hough,otsu,edges,328,1,1,0.3,222.83,62.83,6.422,9.549,0.993,0.373,1.018
canny_hough,otsu,edges,329,1,1,0.3,220.28,60.28,6.319,9.566,0.994,0.376,1.192
canny_hough,otsu,edges,330,1,1,0.3,220.28,60.28,6.424,9.687,1.038,0.383,1.111
canny_hough,otsu,edges,331,1,1,0.15,219.9,59.9,6.186,9.346,0.99,0.379,1.11
canny_hough,otsu,edges,332,1,1,0.15,219.9,59.9,6.232,9.335,0.985,0.376,1.058
canny_hough,otsu,edges,333,1,1,0.3,222.06,62.06,6.284,9.546,1.068,0.379,1.123
canny_hough,otsu,edges,334,1,1,0.3,222.06,62.06,6.273,9.434,1.002,0.377,1.038
canny_hough,otsu,edges,335,1,1,0.3,219.37,59.37,6.406,9.542,1.044,0.383,1.026
canny_hough,otsu,edges,336,1,1,0.3,221.24,61.24,6.377,9.445,0.989,0.377,1.019
canny_hough,otsu,edges,337,1,1,0.3,219.57,59.57,6.186,9.399,0.984,0.376,1.198
canny_hough,otsu,edges,338,1,1,0.3,219.57,59.57,6.318,9.528,1.028,0.381,1.119
canny_hough,otsu,edges,339,1,1,0.3,223.89,63.89,6.275,9.454,0.987,0.38,1.125
canny_hough,otsu,edges,340,1,1,0.3,220.85,60.85,6.285,9.437,0.987,0.422,1.019
canny_hough,otsu,edges,341,1,1,0.15,221.77,61.77,6.122,9.25,0.994,0.377,1.012
canny_hough,otsu,edges,342,1,1,0.15,221.77,61.77,6.066,9.209,0.996,0.376,1.033
canny_hough,otsu,edges,343,1,1,0.3,221.37,61.37,6.522,9.769,0.99,0.422,1.113
canny_hough,otsu,edges,344,1,1,0.3,222.77,62.77,6.376,9.436,0.982,0.377,1.016
canny_hough,otsu,edges,345,1,1,0.15,221.77,61.77,6.235,9.505,0.993,0.377,1.21
canny_hough,otsu,edges,346,1,1,0.15,221.77,61.77,6.376,9.718,1.031,0.382,1.244
canny_hough,otsu,edges,347,1,1,0.3,220.87,60.87,6.333,9.554,0.979,0.372,1.116
canny_hough,otsu,edges,348,1,1,0.3,220.87,60.87,6.438,9.684,0.992,0.431,1.13
canny_hough,otsu,edges,349,1,1,0.15,221.77,61.77,6.319,9.335,0.975,0.375,1.005
canny_hough,otsu,edges,350,1,1,0.3,220.91,60.91,6.323,9.522,1.01,0.379,1.105
canny_hough,otsu,edges,351,1,1,0.3,220.91,60.91,6.387,9.507,1.03,0.383,1.025
canny_hough,otsu,edges,352,1,1,0.3,223.22,63.22,6.515,9.67,0.983,0.378,1.11
canny_hough,otsu,edges,353,1,1,0.15,222.83,62.83,6.147,9.251,0.983,0.426,1.009
canny_hough,otsu,edges,354,1,1,0.3,220.91,60.91,6.262,9.493,0.99,0.38,1.126
canny_hough,otsu,edges,355,1,1,0.3,220.91,60.91,6.19,9.412,0.985,0.378,1.189
canny_hough,otsu,edges,356,1,1,0.3,217.1,57.1,6.59,9.801,1.032,0.383,1.117
canny_hough,otsu,edges,357,1,1,0.3,221.98,61.98,6.345,9.375,0.991,0.377,0.99
canny_hough,otsu,edges,358,1,1,0.3,221.2,61.2,6.525,9.742,0.996,0.378,1.16
canny_hough,otsu,edges,359,1,1,0.3,221.2,61.2,6.465,9.648,0.977,0.373,1.106
canny_hough,otsu,edges,360,1,1,0.15,221.65,61.65,6.251,9.415,0.983,0.376,1.098
canny_hough,adaptive,edges,0,0,0,0.0,0.0,,6.563,18.263,1.06,8.064,1.788
canny_hough,adaptive,edges,1,0,0,0.0,0.0,,8.315,21.928,1.152,9.312,2.043
canny_hough,adaptive,edges,2,0,0,0.0,0.0,,5.258,16.926,1.034,7.937,1.809
canny_hough,adaptive,edges,3,0,0,0.0,0.0,,4.442,14.566,1.006,7.274,1.139
canny_hough,adaptive,edges,4,0,0,0.0,0.0,,4.481,15.022,1.203,7.296,1.345
canny_hough,adaptive,edges,5,0,0,0.0,0.0,,4.61,14.998,0.995,7.264,1.445
canny_hough,adaptive,edges,6,0,0,0.0,0.0,,4.669,15.025,1.001,7.28,1.38
canny_hough,adaptive,edges,7,0,0,0.0,0.0,,4.425,14.578,1.0,7.258,1.19
canny_hough,adaptive,edges,8,0,0,0.0,0.0,,4.578,15.052,1.057,7.246,1.413
canny_hough,adaptive,edges,9,0,0,0.0,0.0,,4.48,14.873,1.004,7.253,1.441
canny_hough,adaptive,edges,10,0,0,0.0,0.0,,4.486,14.624,0.994,7.26,1.182
canny_hough,adaptive,edges,11,0,0,0.0,0.0,,4.798,15.361,1.005,7.278,1.445
canny_hough,adaptive,edges,12,0,0,0.0,0.0,,4.523,14.818,1.039,7.18,1.375
canny_hough,adaptive,edges,13,0,0,0.0,0.0,,4.414,14.456,0.991,7.179,1.123
canny_hough,adaptive,edges,14,0,0,0.0,0.0,,4.321,14.266,0.979,7.168,1.117
canny_hough,adaptive,edges,15,0,0,0.0,0.0,,4.923,15.361,1.116,7.234,1.326
canny_hough,adaptive,edges,16,0,0,0.0,0.0,,4.956,15.777,1.006,7.441,1.615
canny_hough,adaptive,edges,17,0,0,0.0,0.0,,4.911,15.596,1.017,7.377,1.525
canny_hough,adaptive,edges,18,0,0,0.0,0.0,,4.976,15.553,1.012,7.447,1.368
canny_hough,adaptive,edges,19,0,0,0.0,0.0,,4.815,15.087,1.052,7.362,1.153
canny_hough,adaptive,edges,20,0,0,0.0,0.0,,4.41,14.595,0.991,7.401,1.093
canny_hough,adaptive,edges,21,0,0,0.0,0.0,,4.489,14.589,1.104,7.133,1.166
canny_hough,adaptive,edges,22,0,0,0.0,0.0,,4.257,14.389,0.984,7.341,1.137
canny_hough,adaptive,edges,23,0,0,0.0,0.0,,4.157,14.298,0.993,7.16,1.308
canny_hough,adaptive,edges,24,0,0,0.0,0.0,,4.474,14.537,1.035,7.135,1.206
canny_hough,adaptive,edges,25,0,0,0.0,0.0,,5.216,15.108,0.976,7.112,1.124
canny_hough,adaptive,edges,26,0,0,0.0,0.0,,4.496,14.482,0.989,7.19,1.126
canny_hough,adaptive,edges,27,0,0,0.0,0.0,,4.506,14.687,1.037,7.083,1.391
canny_hough,adaptive,edges,28,0,0,0.0,0.0,,4.603,14.773,0.99,7.152,1.324
canny_hough,adaptive,edges,29,0,0,0.0,0.0,,4.54,14.667,0.981,7.133,1.325
canny_hough,adaptive,edges,30,0,0,0.0,0.0,,4.639,14.822,1.04,7.125,1.334
canny_hough,adaptive,edges,31,0,0,0.0,0.0,,4.751,14.648,0.98,7.125,1.106
canny_hough,adaptive,edges,32,0,0,0.0,0.0,,4.447,14.398,0.99,7.156,1.125
canny_hough,adaptive,edges,33,0,0,0.0,0.0,,4.432,14.437,1.04,7.112,1.166
canny_hough,adaptive,edges,34,0,0,0.0,0.0,,4.532,14.59,0.987,7.278,1.11
canny_hough,adaptive,edges,35,0,0,0.0,0.0,,4.315,14.429,0.978,7.154,1.297
canny_hough,adaptive,edges,36,0,0,0.0,0.0,,4.348,14.843,1.029,7.139,1.649
canny_hough,adaptive,edges,37,0,0,0.0,0.0,,4.495,14.43,0.993,7.119,1.132
canny_hough,adaptive,edges,38,0,0,0.0,0.0,,4.431,14.587,0.975,7.187,1.291
canny_hough,adaptive,edges,39,0,0,0.0,0.0,,4.315,14.529,1.036,7.11,1.384
canny_hough,adaptive,edges,40,0,0,0.0,0.0,,4.338,14.303,0.988,7.172,1.126
canny_hough,adaptive,edges,41,0,0,0.0,0.0,,4.622,14.614,0.989,7.149,1.104
canny_hough,adaptive,edges,42,0,0,0.0,0.0,,4.328,14.391,0.985,7.187,1.207
canny_hough,adaptive,edges,43,0,0,0.0,0.0,,4.765,15.772,0.981,7.335,2.007
canny_hough,adaptive,edges,44,0,0,0.0,0.0,,4.654,14.46,0.652,7.267,1.183
canny_hough,adaptive,edges,45,0,0,0.0,0.0,,4.595,14.774,1.041,7.204,1.234
canny_hough,adaptive,edges,46,0,0,0.0,0.0,,4.644,14.913,1.002,7.285,1.267
canny_hough,adaptive,edges,47,0,0,0.0,0.0,,4.721,14.832,1.001,7.244,1.165
canny_hough,adaptive,edges,48,0,0,0.0,0.0,,4.699,15.149,1.002,7.312,1.332
canny_hough,adaptive,edges,49,0,0,0.0,0.0,,4.954,15.45,1.048,7.207,1.455
canny_hough,adaptive,edges,50,0,0,0.0,0.0,,4.606,14.881,1.087,7.235,1.237
canny_hough,adaptive,edges,51,0,0,0.0,0.0,,4.888,15.039,0.994,7.256,1.19
canny_hough,adaptive,edges,52,0,0,0.0,0.0,,4.478,14.477,1.007,7.209,1.086
canny_hough,adaptive,edges,53,0,0,0.0,0.0,,4.475,14.473,1.035,7.093,1.197
canny_hough,adaptive,edges,54,0,0,0.0,0.0,,4.174,14.143,0.985,7.161,1.13
canny_hough,adaptive,edges,55,0,0,0.0,0.0,,4.309,14.509,0.998,7.136,1.298
canny_hough,adaptive,edges,56,0,0,0.0,0.0,,4.363,14.412,0.992,7.171,1.215
canny_hough,adaptive,edges,57,0,0,0.0,0.0,,4.656,14.765,0.992,7.114,1.313
canny_hough,adaptive,edges,58,0,0,0.0,0.0,,4.318,14.573,0.987,7.176,1.319
canny_hough,adaptive,edges,59,0,0,0.0,0.0,,4.357,14.556,0.993,7.14,1.397
canny_hough,adaptive,edges,60,0,0,0.0,0.0,,4.333,14.462,0.993,7.153,1.306
canny_hough,adaptive,edges,61,0,0,0.0,0.0,,4.511,14.656,1.043,7.14,1.278
canny_hough,adaptive,edges,62,0,0,0.0,0.0,,4.49,14.731,0.992,7.164,1.399
canny_hough,adaptive,edges,63,0,0,0.0,0.0,,4.491,14.635,0.987,7.169,1.307
canny_hough,adaptive,edges,64,0,0,0.0,0.0,,4.474,14.513,0.99,7.192,1.115
canny_hough,adaptive,edges,65,0,0,0.0,0.0,,4.647,14.82,0.985,7.121,1.37
canny_hough,adaptive,edges,66,0,0,0.0,0.0,,4.593,14.734,0.997,7.135,1.319
canny_hough,adaptive,edges,67,0,0,0.0,0.0,,4.575,14.746,0.986,7.146,1.302
canny_hough,adaptive,edges,68,0,0,0.0,0.0,,4.328,14.613,1.041,7.121,1.398
canny_hough,adaptive,edges,69,0,0,0.0,0.0,,4.704,14.809,0.98,7.143,1.294
canny_hough,adaptive,edges,70,0,0,0.0,0.0,,4.663,14.836,0.98,7.19,1.319
canny_hough,adaptive,edges,71,0,0,0.0,0.0,,4.669,14.931,1.039,7.181,1.359
canny_hough,adaptive,edges,72,1,1,0.6,319.0,159.0,3.401,13.407,0.988,7.157,1.109
canny_hough,adaptive,edges,73,0,0,0.0,0.0,,4.602,14.569,1.034,7.146,1.112
canny_hough,adaptive,edges,74,0,0,0.0,0.0,,4.617,14.662,0.995,7.16,1.123
canny_hough,adaptive,edges,75,0,0,0.0,0.0,,4.558,14.449,0.983,7.119,1.109
canny_hough,adaptive,edges,76,0,0,0.0,0.0,,4.658,14.857,1.04,7.203,1.274
canny_hough,adaptive,edges,77,0,0,0.0,0.0,,4.233,14.349,0.995,7.107,1.327
canny_hough,adaptive,edges,78,0,0,0.0,0.0,,4.209,14.202,0.995,7.17,1.098
canny_hough,adaptive,edges,79,0,0,0.0,0.0,,4.205,14.341,1.039,7.078,1.339
canny_hough,adaptive,edges,80,1,1,0.15,319.0,159.0,2.552,12.474,0.988,7.165,1.091
canny_hough,adaptive,edges,81,1,1,0.3,319.0,159.0,2.411,12.379,0.983,7.115,1.197
canny_hough,adaptive,edges,82,1,1,0.3,319.0,159.0,2.333,12.412,0.983,7.15,1.275
canny_hough,adaptive,edges,83,1,1,0.45,319.0,159.0,2.996,13.121,1.025,7.082,1.352
canny_hough,adaptive,edges,84,0,0,0.0,0.0,,3.947,13.935,0.981,7.176,1.089
canny_hough,adaptive,edges,85,0,0,0.0,0.0,,4.182,14.157,0.992,7.188,1.115
canny_hough,adaptive,edges,86,0,0,0.0,0.0,,4.155,14.288,0.982,7.198,1.264
canny_hough,adaptive,edges,87,0,0,0.0,0.0,,3.525,13.505,0.992,7.13,1.175
canny_hough,adaptive,edges,88,0,0,0.0,0.0,,3.605,13.739,0.985,7.184,1.256
canny_hough,adaptive,edges,89,0,0,0.0,0.0,,4.046,14.183,0.991,7.119,1.286
canny_hough,adaptive,edges,90,0,0,0.0,0.0,,4.031,14.134,0.997,7.167,1.256
canny_hough,adaptive,edges,91,0,0,0.0,0.0,,3.684,13.655,0.992,7.139,1.103
canny_hough,adaptive,edges,92,0,0,0.0,0.0,,3.735,13.848,0.98,7.182,1.271
canny_hough,adaptive,edges,93,0,0,0.0,0.0,,3.849,13.762,0.995,7.136,1.113
canny_hough,adaptive,edges,94,0,0,0.0,0.0,,3.92,14.088,0.988,7.182,1.263
canny_hough,adaptive,edges,95,0,0,0.0,0.0,,3.917,13.801,0.993,7.115,1.099
canny_hough,adaptive,edges,96,0,0,0.0,0.0,,4.312,14.945,0.988,7.823,1.083
canny_hough,adaptive,edges,97,0,0,0.0,0.0,,4.199,14.408,1.041,7.099,1.383
canny_hough,adaptive,edges,98,0,0,0.0,0.0,,4.195,14.367,0.99,7.168,1.303
canny_hough,adaptive,edges,99,0,0,0.0,0.0,,4.157,14.344,0.983,7.152,1.305
canny_hough,adaptive,edges,100,0,0,0.0,0.0,,4.121,14.314,0.986,7.144,1.308
canny_hough,adaptive,edges,101,0,0,0.0,0.0,,4.743,14.629,0.979,7.124,1.106
canny_hough,adaptive,edges,102,0,0,0.0,0.0,,4.427,14.469,1.045,7.14,1.176
canny_hough,adaptive,edges,103,0,0,0.0,0.0,,4.521,14.828,0.985,7.301,1.34
canny_hough,adaptive,edges,104,1,1,0.6,304.26,144.26,3.433,13.379,0.987,7.169,1.099
canny_hough,adaptive,edges,105,1,1,0.3,281.77,121.77,5.12,14.997,0.981,7.121,1.085
canny_hough,adaptive,edges,106,1,1,0.3,281.77,121.77,5.102,15.212,0.985,7.137,1.294
canny_hough,adaptive,edges,107,1,1,0.3,253.94,93.94,2.676,12.606,0.979,7.202,1.084
canny_hough,adaptive,edges,108,1,1,0.3,253.94,93.94,2.638,12.75,0.996,7.162,1.243
canny_hough,adaptive,edges,109,1,1,0.3,266.91,106.91,4.584,14.664,0.997,7.119,1.29
canny_hough,adaptive,edges,110,1,1,0.3,266.91,106.91,4.507,14.629,0.991,7.182,1.273
canny_hough,adaptive,edges,111,1,1,0.3,266.91,106.91,4.487,14.62,1.039,7.087,1.329
canny_hough,adaptive,edges,112,0,0,0.0,0.0,,2.912,12.998,1.001,7.169,1.233
canny_hough,adaptive,edges,113,0,0,0.0,0.0,,3.75,14.135,1.177,7.252,1.231
canny_hough,adaptive,edges,114,0,0,0.0,0.0,,3.804,14.029,0.987,7.269,1.279
canny_hough,adaptive,edges,115,1,1,0.3,0.0,-160.0,4.237,14.56,1.043,7.212,1.359
canny_hough,adaptive,edges,116,1,1,0.3,0.0,-160.0,4.279,14.66,1.004,7.268,1.319
canny_hough,adaptive,edges,117,1,1,0.6,0.0,-160.0,4.384,14.581,1.001,7.328,1.158
canny_hough,adaptive,edges,118,1,1,0.6,0.0,-160.0,4.647,14.906,1.053,7.243,1.223
canny_hough,adaptive,edges,119,1,1,0.6,0.0,-160.0,4.672,14.953,1.001,7.249,1.323
canny_hough,adaptive,edges,120,1,1,0.6,0.0,-160.0,5.019,15.265,1.0,7.267,1.261
canny_hough,adaptive,edges,121,1,1,0.6,0.0,-160.0,4.872,15.094,1.004,7.268,1.237
canny_hough,adaptive,edges,122,1,1,0.6,0.0,-160.0,4.579,14.625,1.044,7.223,1.093
canny_hough,adaptive,edges,123,1,1,0.6,0.0,-160.0,4.758,14.726,0.992,7.114,1.106
canny_hough,adaptive,edges,124,1,1,0.6,0.0,-160.0,4.715,14.645,0.987,7.14,1.113
canny_hough,adaptive,edges,125,1,1,0.6,42.12,-117.88,4.719,14.719,0.993,7.14,1.123
canny_hough,adaptive,edges,126,1,1,0.6,67.45,-92.55,4.46,14.474,0.986,7.17,1.168
canny_hough,adaptive,edges,127,1,1,0.6,67.45,-92.55,4.433,14.4,0.981,7.109,1.187
canny_hough,adaptive,edges,128,0,0,0.0,0.0,,4.46,14.64,1.037,7.165,1.269
canny_hough,adaptive,edges,129,0,0,0.0,0.0,,4.38,14.349,0.996,7.111,1.104
canny_hough,adaptive,edges,130,0,0,0.0,0.0,,4.347,14.288,0.984,7.159,1.107
canny_hough,adaptive,edges,131,0,0,0.0,0.0,,4.26,14.416,1.052,7.098,1.327
canny_hough,adaptive,edges,132,0,0,0.0,0.0,,4.313,14.213,0.985,7.149,1.092
canny_hough,adaptive,edges,133,1,1,0.6,319.0,159.0,4.24,14.22,1.0,7.131,1.085
canny_hough,adaptive,edges,134,1,1,0.6,319.0,159.0,4.365,14.44,0.989,7.157,1.248
canny_hough,adaptive,edges,135,1,1,0.6,319.0,159.0,4.229,14.286,0.983,7.14,1.248
canny_hough,adaptive,edges,136,1,1,0.3,319.0,159.0,4.138,14.322,1.036,7.113,1.356
canny_hough,adaptive,edges,137,1,1,0.45,319.0,159.0,4.144,14.2,0.987,7.139,1.246
canny_hough,adaptive,edges,138,1,1,0.45,319.0,159.0,4.151,14.344,1.037,7.118,1.319
canny_hough,adaptive,edges,139,1,1,0.45,319.0,159.0,4.164,14.017,0.99,7.113,1.061
canny_hough,adaptive,edges,140,1,1,0.6,154.47,-5.53,4.748,14.933,0.982,7.171,1.283
canny_hough,adaptive,edges,141,1,1,0.6,235.4,75.4,5.565,15.741,1.036,7.087,1.367
canny_hough,adaptive,edges,142,1,1,0.6,243.1,83.1,5.848,15.863,1.036,7.117,1.19
canny_hough,adaptive,edges,143,1,1,0.6,243.1,83.1,5.833,15.963,0.988,7.146,1.315
canny_hough,adaptive,edges,144,1,1,0.6,216.22,56.22,6.201,16.292,0.992,7.118,1.252
canny_hough,adaptive,edges,145,0,0,0.0,0.0,,1.333,11.345,1.042,7.082,1.197
canny_hough,adaptive,edges,146,0,0,0.0,0.0,,0.688,10.652,0.99,7.148,1.117
canny_hough,adaptive,edges,147,0,0,0.0,0.0,,0.669,10.536,0.966,7.105,1.147
canny_hough,adaptive,edges,148,0,0,0.0,0.0,,0.672,10.696,0.982,7.159,1.152
canny_hough,adaptive,edges,149,0,0,0.0,0.0,,0.661,10.61,0.969,7.112,1.211
canny_hough,adaptive,edges,150,0,0,0.0,0.0,,1.961,11.81,0.977,7.134,1.087
canny_hough,adaptive,edges,151,0,0,0.0,0.0,,1.924,11.927,0.974,7.122,1.26
canny_hough,adaptive,edges,152,0,0,0.0,0.0,,1.942,11.956,0.977,7.145,1.261
canny_hough,adaptive,edges,153,0,0,0.0,0.0,,3.437,13.457,0.969,7.144,1.245
canny_hough,adaptive,edges,154,0,0,0.0,0.0,,3.435,13.568,0.985,7.16,1.318
canny_hough,adaptive,edges,155,0,0,0.0,0.0,,3.441,13.483,0.982,7.153,1.233
canny_hough,adaptive,edges,156,0,0,0.0,0.0,,3.131,13.036,0.988,7.15,1.094
canny_hough,adaptive,edges,157,1,1,0.3,319.0,159.0,4.405,14.347,1.022,7.087,1.157
canny_hough,adaptive,edges,158,1,1,0.3,319.0,159.0,4.437,14.519,0.975,7.183,1.225
canny_hough,adaptive,edges,159,1,1,0.15,319.0,159.0,4.173,14.285,1.001,7.154,1.214
canny_hough,adaptive,edges,160,0,0,0.0,0.0,,1.809,11.74,0.989,7.191,1.071
canny_hough,adaptive,edges,161,1,1,0.3,319.0,159.0,4.213,14.052,0.983,7.104,1.09
canny_hough,adaptive,edges,162,1,1,0.3,319.0,159.0,4.21,14.344,0.994,7.209,1.196
canny_hough,adaptive,edges,163,1,1,0.6,319.0,159.0,4.784,14.739,0.999,7.122,1.075
canny_hough,adaptive,edges,164,1,1,0.6,319.0,159.0,4.797,14.708,0.984,7.146,1.083
canny_hough,adaptive,edges,165,1,1,0.15,319.0,159.0,3.308,13.27,0.988,7.139,1.104
canny_hough,adaptive,edges,166,0,0,0.0,0.0,,2.938,12.882,0.993,7.155,1.116
canny_hough,adaptive,edges,167,0,0,0.0,0.0,,2.852,12.927,0.979,7.117,1.25
canny_hough,adaptive,edges,168,0,0,0.0,0.0,,2.866,12.954,1.031,7.112,1.19
canny_hough,adaptive,edges,169,1,1,0.45,319.0,159.0,4.299,14.875,0.989,7.842,1.063
canny_hough,adaptive,edges,170,1,1,0.45,319.0,159.0,4.258,14.393,1.029,7.121,1.302
canny_hough,adaptive,edges,171,1,1,0.45,319.0,159.0,4.277,14.122,0.981,7.104,1.082
canny_hough,adaptive,edges,172,1,1,0.3,319.0,159.0,3.272,13.426,0.998,7.199,1.225
canny_hough,adaptive,edges,173,1,1,0.15,319.0,159.0,3.109,13.003,0.983,7.117,1.127
canny_hough,adaptive,edges,174,1,1,0.3,319.0,159.0,3.829,14.015,0.991,7.332,1.194
canny_hough,adaptive,edges,175,1,1,0.3,319.0,159.0,3.799,13.717,0.98,7.147,1.099
canny_hough,adaptive,edges,176,1,1,0.45,319.0,159.0,4.254,14.129,0.977,7.15,1.068
canny_hough,adaptive,edges,177,1,1,0.45,319.0,159.0,4.151,14.189,0.99,7.143,1.221
canny_hough,adaptive,edges,178,1,1,0.45,319.0,159.0,4.211,14.26,0.992,7.189,1.167
canny_hough,adaptive,edges,179,1,1,0.45,319.0,159.0,4.159,14.144,0.987,7.103,1.212
canny_hough,adaptive,edges,180,1,1,0.15,319.0,159.0,2.881,13.062,1.041,7.12,1.283
canny_hough,adaptive,edges,181,1,1,0.3,319.0,159.0,3.868,13.823,0.988,7.173,1.111
canny_hough,adaptive,edges,182,1,1,0.3,319.0,159.0,3.579,13.5,0.986,7.155,1.101
canny_hough,adaptive,edges,183,1,1,0.3,319.0,159.0,3.531,13.645,1.042,7.157,1.24
canny_hough,adaptive,edges,184,1,1,0.3,319.0,159.0,4.174,14.461,0.986,7.292,1.285
canny_hough,adaptive,edges,185,1,1,0.3,319.0,159.0,3.664,13.821,0.985,7.183,1.245
canny_hough,adaptive,edges,186,1,1,0.3,319.0,159.0,3.666,13.571,0.982,7.172,1.086
canny_hough,adaptive,edges,187,1,1,0.3,319.0,159.0,3.574,13.716,1.051,7.111,1.299
canny_hough,adaptive,edges,188,1,1,0.15,319.0,159.0,4.067,14.15,0.988,7.139,1.216
canny_hough,adaptive,edges,189,1,1,0.6,319.0,159.0,4.244,15.123,1.282,7.746,1.157
canny_hough,adaptive,edges,190,1,1,0.6,319.0,159.0,4.257,14.342,0.984,7.157,1.268
canny_hough,adaptive,edges,191,1,1,0.6,319.0,159.0,4.213,14.148,0.987,7.11,1.159
canny_hough,adaptive,edges,192,1,1,0.45,319.0,159.0,3.77,13.897,1.029,7.129,1.281
canny_hough,adaptive,edges,193,1,1,0.15,319.0,159.0,3.63,13.517,0.984,7.124,1.088
canny_hough,adaptive,edges,194,0,0,0.0,0.0,,4.484,14.572,0.995,7.178,1.23
canny_hough,adaptive,edges,195,0,0,0.0,0.0,,4.439,14.403,0.991,7.122,1.158
canny_hough,adaptive,edges,196,1,1,0.45,319.0,159.0,3.721,13.71,0.987,7.175,1.076
canny_hough,adaptive,edges,197,1,1,0.15,319.0,159.0,3.068,12.935,0.991,7.114,1.074
canny_hough,adaptive,edges,198,1,1,0.15,319.0,159.0,3.021,13.032,0.985,7.155,1.156
canny_hough,adaptive,edges,199,1,1,0.45,319.0,159.0,3.385,13.369,1.038,7.155,1.092
canny_hough,adaptive,edges,200,1,1,0.45,319.0,159.0,3.424,13.377,0.987,7.156,1.115
canny_hough,adaptive,edges,201,1,1,0.45,319.0,159.0,3.783,13.743,0.984,7.109,1.072
canny_hough,adaptive,edges,202,1,1,0.6,319.0,159.0,3.984,13.943,0.986,7.185,1.097
canny_hough,adaptive,edges,203,1,1,0.6,319.0,159.0,3.979,13.859,0.987,7.111,1.099
canny_hough,adaptive,edges,204,1,1,0.45,319.0,159.0,4.102,14.118,0.988,7.186,1.151
canny_hough,adaptive,edges,205,1,1,0.6,319.0,159.0,3.974,13.892,0.989,7.112,1.066
canny_hough,adaptive,edges,206,1,1,0.6,319.0,159.0,3.957,13.951,0.982,7.184,1.146
canny_hough,adaptive,edges,207,1,1,0.6,319.0,159.0,4.175,14.075,0.992,7.097,1.079
canny_hough,adaptive,edges,208,1,1,0.6,319.0,159.0,4.442,14.394,0.987,7.17,1.067
canny_hough,adaptive,edges,209,1,1,0.6,319.0,159.0,4.38,14.309,1.025,7.105,1.137
canny_hough,adaptive,edges,210,1,1,0.6,319.0,159.0,4.389,14.292,0.994,7.156,1.067
canny_hough,adaptive,edges,211,1,1,0.6,319.0,159.0,4.271,14.213,1.035,7.135,1.082
canny_hough,adaptive,edges,212,1,1,0.6,319.0,159.0,4.312,14.195,0.984,7.143,1.073
canny_hough,adaptive,edges,213,1,1,0.6,311.31,151.31,3.878,13.777,0.981,7.15,1.076
canny_hough,adaptive,edges,214,1,1,0.6,311.31,151.31,3.921,13.834,0.991,7.176,1.075
canny_hough,adaptive,edges,215,1,1,0.6,276.52,116.52,4.758,14.848,0.992,7.25,1.094
canny_hough,adaptive,edges,216,1,1,0.6,242.75,82.75,5.075,15.082,1.033,7.125,1.172
canny_hough,adaptive,edges,217,1,1,0.6,245.98,85.98,5.329,15.251,0.982,7.136,1.105
canny_hough,adaptive,edges,218,1,1,0.45,232.7,72.7,3.708,13.648,0.976,7.129,1.12
canny_hough,adaptive,edges,219,1,1,0.45,232.7,72.7,3.738,13.731,1.043,7.082,1.184
canny_hough,adaptive,edges,220,1,1,0.6,232.83,72.83,3.595,13.512,0.982,7.144,1.104
canny_hough,adaptive,edges,221,1,1,0.45,218.62,58.62,3.062,12.993,0.989,7.113,1.079
canny_hough,adaptive,edges,222,1,1,0.45,218.62,58.62,3.136,13.157,1.024,7.132,1.185
canny_hough,adaptive,edges,223,1,1,0.45,218.62,58.62,3.088,13.046,0.982,7.158,1.131
canny_hough,adaptive,edges,224,1,1,0.45,218.62,58.62,3.102,13.004,0.976,7.151,1.102
canny_hough,adaptive,edges,225,1,1,0.3,215.03,55.03,6.366,16.327,1.025,7.077,1.185
canny_hough,adaptive,edges,226,1,1,0.3,215.03,55.03,6.416,16.567,1.031,7.121,1.32
canny_hough,adaptive,edges,227,1,1,0.3,211.05,51.05,6.572,16.548,0.978,7.136,1.121
canny_hough,adaptive,edges,228,1,1,0.3,211.05,51.05,6.603,16.64,0.993,7.19,1.126
canny_hough,adaptive,edges,229,1,1,0.3,215.37,55.37,4.993,14.957,0.988,7.113,1.185
canny_hough,adaptive,edges,230,1,1,0.3,219.26,59.26,4.961,15.142,0.996,7.317,1.128
canny_hough,adaptive,edges,231,1,1,0.3,219.26,59.26,4.904,14.964,1.046,7.082,1.236
canny_hough,adaptive,edges,232,1,1,0.45,211.44,51.44,6.863,16.869,0.982,7.137,1.13
canny_hough,adaptive,edges,233,1,1,0.3,216.65,56.65,6.65,16.776,1.039,7.09,1.299
canny_hough,adaptive,edges,234,1,1,0.3,217.08,57.08,6.501,16.566,0.997,7.177,1.15
canny_hough,adaptive,edges,235,1,1,0.3,217.08,57.08,6.401,16.347,0.985,7.131,1.135
canny_hough,adaptive,edges,236,1,1,0.3,214.2,54.2,6.458,16.493,0.984,7.14,1.234
canny_hough,adaptive,edges,237,1,1,0.3,215.96,55.96,6.529,16.568,0.985,7.108,1.254
canny_hough,adaptive,edges,238,1,1,0.3,215.96,55.96,6.528,16.635,0.989,7.148,1.197
canny_hough,adaptive,edges,239,1,1,0.15,217.34,57.34,6.368,16.391,1.038,7.092,1.218
canny_hough,adaptive,edges,240,1,1,0.15,217.34,57.34,6.489,17.175,1.036,7.819,1.14
canny_hough,adaptive,edges,241,1,1,0.3,215.63,55.63,6.331,16.278,0.972,7.154,1.147
canny_hough,adaptive,edges,242,1,1,0.3,218.97,58.97,6.516,16.488,0.992,7.158,1.136
canny_hough,adaptive,edges,243,1,1,0.3,218.97,58.97,6.484,16.422,0.984,7.124,1.14
canny_hough,adaptive,edges,244,1,1,0.3,214.87,54.87,6.608,16.689,0.998,7.233,1.164
canny_hough,adaptive,edges,245,1,1,0.15,216.94,56.94,6.373,16.499,0.988,7.126,1.329
canny_hough,adaptive,edges,246,1,1,0.15,216.94,56.94,6.459,16.48,1.027,7.11,1.218
canny_hough,adaptive,edges,247,1,1,0.15,214.68,54.68,6.435,16.673,0.989,7.164,1.244
canny_hough,adaptive,edges,248,1,1,0.15,214.68,54.68,6.5,16.527,0.992,7.17,1.146
canny_hough,adaptive,edges,249,1,1,0.3,217.86,57.86,6.487,16.499,0.997,7.102,1.23
canny_hough,adaptive,edges,250,1,1,0.3,217.86,57.86,6.582,16.56,0.988,7.166,1.145
canny_hough,adaptive,edges,251,1,1,0.3,217.87,57.87,6.818,17.441,0.989,7.262,1.646
canny_hough,adaptive,edges,252,1,1,0.3,217.87,57.87,6.59,16.729,0.999,7.216,1.156
canny_hough,adaptive,edges,253,1,1,0.3,219.2,59.2,6.546,16.578,0.986,7.221,1.133
canny_hough,adaptive,edges,254,1,1,0.3,219.2,59.2,6.554,16.547,0.994,7.151,1.169
canny_hough,adaptive,edges,255,1,1,0.3,219.2,59.2,6.504,16.545,0.978,7.125,1.24
canny_hough,adaptive,edges,256,1,1,0.15,217.77,57.77,6.391,16.522,0.978,7.15,1.312
canny_hough,adaptive,edges,257,1,1,0.3,218.59,58.59,6.32,16.486,1.035,7.074,1.385
canny_hough,adaptive,edges,258,1,1,0.3,218.59,58.59,6.369,16.577,1.033,7.142,1.316
canny_hough,adaptive,edges,259,1,1,0.3,215.13,55.13,6.54,16.662,0.988,7.141,1.249
canny_hough,adaptive,edges,260,1,1,0.3,217.85,57.85,6.396,16.473,0.992,7.169,1.234
canny_hough,adaptive,edges,261,1,1,0.3,219.94,59.94,6.249,16.272,0.982,7.128,1.241
canny_hough,adaptive,edges,262,1,1,0.3,219.94,59.94,6.322,16.277,0.989,7.133,1.145
canny_hough,adaptive,edges,263,1,1,0.3,219.85,59.85,6.496,16.429,0.995,7.104,1.142
canny_hough,adaptive,edges,264,1,1,0.3,219.85,59.85,6.53,16.679,0.993,7.135,1.332
canny_hough,adaptive,edges,265,1,1,0.3,217.32,57.32,6.522,16.639,1.038,7.083,1.307
canny_hough,adaptive,edges,266,1,1,0.3,217.32,57.32,6.648,16.699,0.987,7.175,1.142
canny_hough,adaptive,edges,267,1,1,0.3,219.85,59.85,6.411,16.466,0.984,7.141,1.241
canny_hough,adaptive,edges,268,1,1,0.3,219.85,59.85,6.422,16.52,0.986,7.154,1.237
canny_hough,adaptive,edges,269,1,1,0.3,219.91,59.91,6.544,16.514,0.992,7.128,1.161
canny_hough,adaptive,edges,270,1,1,0.3,219.91,59.91,6.539,16.682,0.99,7.146,1.326
canny_hough,adaptive,edges,271,1,1,0.3,217.37,57.37,6.179,16.176,1.038,7.065,1.207
canny_hough,adaptive,edges,272,1,1,0.3,217.37,57.37,6.227,16.357,1.02,7.119,1.32
canny_hough,adaptive,edges,273,1,1,0.3,217.87,57.87,6.483,16.581,1.043,7.132,1.252
canny_hough,adaptive,edges,274,1,1,0.15,217.12,57.12,6.467,16.549,0.977,7.17,1.247
canny_hough,adaptive,edges,275,1,1,0.15,217.12,57.12,6.398,16.359,0.984,7.151,1.138
canny_hough,adaptive,edges,276,1,1,0.3,219.14,59.14,6.344,16.413,0.993,7.136,1.257
canny_hough,adaptive,edges,277,1,1,0.15,218.66,58.66,6.381,16.411,0.986,7.123,1.235
canny_hough,adaptive,edges,278,1,1,0.3,218.22,58.22,6.695,16.875,0.987,7.144,1.243
canny_hough,adaptive,edges,279,1,1,0.3,218.22,58.22,6.626,16.666,1.037,7.098,1.216
canny_hough,adaptive,edges,280,1,1,0.3,219.67,59.67,6.527,16.696,0.993,7.168,1.257
canny_hough,adaptive,edges,281,1,1,0.3,217.48,57.48,6.691,16.628,0.981,7.141,1.131
canny_hough,adaptive,edges,282,1,1,0.3,219.52,59.52,6.63,16.614,0.997,7.142,1.155
canny_hough,adaptive,edges,283,1,1,0.3,219.52,59.52,6.554,16.602,0.997,7.113,1.244
canny_hough,adaptive,edges,284,1,1,0.3,215.99,55.99,6.466,16.507,0.987,7.155,1.22
canny_hough,adaptive,edges,285,1,1,0.3,216.58,56.58,6.607,16.74,1.039,7.1,1.309
canny_hough,adaptive,edges,286,1,1,0.3,217.77,57.77,6.677,16.844,0.984,7.179,1.251
canny_hough,adaptive,edges,287,1,1,0.3,217.77,57.77,6.614,16.602,0.983,7.112,1.238
canny_hough,adaptive,edges,288,1,1,0.15,219.84,59.84,6.572,16.59,0.992,7.156,1.149
canny_hough,adaptive,edges,289,1,1,0.3,217.42,57.42,6.433,16.55,0.995,7.122,1.244
canny_hough,adaptive,edges,290,1,1,0.3,217.42,57.42,6.49,16.579,1.026,7.14,1.24
canny_hough,adaptive,edges,291,1,1,0.3,220.23,60.23,6.488,16.624,1.035,7.102,1.312
canny_hough,adaptive,edges,292,1,1,0.15,219.84,59.84,6.608,16.789,0.979,7.275,1.255
canny_hough,adaptive,edges,293,1,1,0.3,217.95,57.95,6.246,16.174,0.99,7.107,1.137
canny_hough,adaptive,edges,294,1,1,0.3,217.95,57.95,6.238,16.217,0.986,7.156,1.146
canny_hough,adaptive,edges,295,1,1,0.3,216.16,56.16,6.344,16.302,0.993,7.123,1.156
canny_hough,adaptive,edges,296,1,1,0.3,218.73,58.73,6.415,16.397,0.997,7.155,1.147
canny_hough,adaptive,edges,297,1,1,0.3,219.2,59.2,6.473,16.454,0.987,7.108,1.147
canny_hough,adaptive,edges,298,1,1,0.3,219.2,59.2,6.5,16.707,1.042,7.123,1.315
canny_hough,adaptive,edges,299,1,1,0.15,217.12,57.12,6.261,16.362,1.036,7.134,1.246
canny_hough,adaptive,edges,300,1,1,0.15,217.12,57.12,6.38,16.437,0.99,7.174,1.141
canny_hough,adaptive,edges,301,1,1,0.3,220.23,60.23,7.187,17.246,0.98,7.142,1.24
canny_hough,adaptive,edges,302,1,1,0.3,215.03,55.03,6.482,16.566,0.991,7.16,1.238
canny_hough,adaptive,edges,303,1,1,0.3,215.03,55.03,6.447,16.545,0.986,7.126,1.317
canny_hough,adaptive,edges,304,1,1,0.3,217.48,57.48,6.462,16.617,1.037,7.104,1.328
canny_hough,adaptive,edges,305,1,1,0.3,218.13,58.13,6.486,16.5,0.98,7.148,1.144
canny_hough,adaptive,edges,306,1,1,0.3,218.14,58.14,6.508,16.529,0.989,7.194,1.141
canny_hough,adaptive,edges,307,1,1,0.3,218.14,58.14,6.394,16.456,0.994,7.132,1.248
canny_hough,adaptive,edges,308,1,1,0.3,219.06,59.06,6.672,16.687,0.988,7.16,1.147
canny_hough,adaptive,edges,309,1,1,0.3,223.75,63.75,2.878,12.734,0.982,7.118,1.094
canny_hough,adaptive,edges,310,1,1,0.15,224.64,64.64,4.995,15.081,1.03,7.112,1.265
canny_hough,adaptive,edges,311,1,1,0.15,224.64,64.64,5.034,15.017,0.985,7.116,1.184
canny_hough,adaptive,edges,312,1,1,0.3,221.51,61.51,5.321,15.6,1.054,7.349,1.16
canny_hough,adaptive,edges,313,1,1,0.3,224.28,64.28,5.064,15.002,0.98,7.145,1.132
canny_hough,adaptive,edges,314,1,1,0.3,224.28,64.28,5.053,15.137,0.993,7.181,1.157
canny_hough,adaptive,edges,315,1,1,0.3,220.25,60.25,4.917,14.941,1.037,7.082,1.222
canny_hough,adaptive,edges,316,1,1,0.3,220.8,60.8,6.447,16.411,0.985,7.149,1.139
canny_hough,adaptive,edges,317,1,1,0.3,221.93,61.93,6.475,16.464,0.989,7.116,1.191
canny_hough,adaptive,edges,318,1,1,0.3,221.93,61.93,6.518,16.662,1.019,7.113,1.303
canny_hough,adaptive,edges,319,1,1,0.3,218.59,58.59,5.563,15.569,0.989,7.148,1.124
canny_hough,adaptive,edges,320,1,1,0.3,221.97,61.97,6.359,16.513,1.042,7.123,1.3
canny_hough,adaptive,edges,321,1,1,0.3,222.1,62.1,6.495,16.642,0.996,7.133,1.252
canny_hough,adaptive,edges,322,1,1,0.3,222.1,62.1,6.472,16.557,0.989,7.177,1.237
canny_hough,adaptive,edges,323,1,1,0.3,219.39,59.39,6.197,16.267,0.996,7.134,1.256
canny_hough,adaptive,edges,324,1,1,0.3,219.39,59.39,6.276,16.227,0.982,7.135,1.143
canny_hough,adaptive,edges,325,1,1,0.3,219.87,59.87,6.464,16.479,0.995,7.093,1.242
canny_hough,adaptive,edges,326,1,1,0.3,219.87,59.87,6.462,16.473,0.982,7.146,1.143
canny_hough,adaptive,edges,327,1,1,0.3,222.83,62.83,6.293,16.274,1.029,7.087,1.198
canny_hough,adaptive,edges,328,1,1,0.3,222.83,62.83,6.324,16.416,1.036,7.099,1.228
canny_hough,adaptive,edges,329,1,1,0.3,220.28,60.28,6.282,16.3,0.995,7.137,1.145
canny_hough,adaptive,edges,330,1,1,0.3,220.28,60.28,6.383,16.568,0.985,7.182,1.252
canny_hough,adaptive,edges,331,1,1,0.15,219.9,59.9,6.163,16.203,0.996,7.12,1.245
canny_hough,adaptive,edges,332,1,1,0.15,219.9,59.9,6.211,16.17,0.995,7.143,1.135
canny_hough,adaptive,edges,333,1,1,0.3,222.06,62.06,6.284,16.219,0.993,7.114,1.15
canny_hough,adaptive,edges,334,1,1,0.3,222.06,62.06,6.328,16.382,0.984,7.15,1.243
canny_hough,adaptive,edges,335,1,1,0.3,219.37,59.37,6.368,16.396,0.994,7.107,1.241
canny_hough,adaptive,edges,336,1,1,0.3,221.24,61.24,6.32,16.475,0.987,7.154,1.325
canny_hough,adaptive,edges,337,1,1,0.3,219.57,59.57,6.195,16.169,1.025,7.065,1.205
canny_hough,adaptive,edges,338,1,1,0.3,219.57,59.57,6.233,16.414,1.042,7.113,1.304
canny_hough,adaptive,edges,339,1,1,0.3,223.89,63.89,6.194,16.404,1.033,7.076,1.416
canny_hough,adaptive,edges,340,1,1,0.3,220.85,60.85,6.356,16.442,0.997,7.195,1.137
canny_hough,adaptive,edges,341,1,1,0.15,221.77,61.77,6.078,16.035,0.988,7.138,1.147
canny_hough,adaptive,edges,342,1,1,0.15,221.77,61.77,6.115,16.17,0.99,7.152,1.242
canny_hough,adaptive,edges,343,1,1,0.3,221.37,61.37,6.536,16.576,0.991,7.125,1.244
canny_hough,adaptive,edges,344,1,1,0.3,222.77,62.77,6.392,16.351,0.984,7.142,1.141
canny_hough,adaptive,edges,345,1,1,0.15,221.77,61.77,6.277,16.229,0.99,7.113,1.159
canny_hough,adaptive,edges,346,1,1,0.15,221.77,61.77,6.343,16.322,0.994,7.153,1.148
canny_hough,adaptive,edges,347,1,1,0.3,220.87,60.87,6.328,16.334,0.984,7.124,1.211
canny_hough,adaptive,edges,348,1,1,0.3,220.87,60.87,6.364,16.584,1.027,7.12,1.358
canny_hough,adaptive,edges,349,1,1,0.15,221.77,61.77,6.312,16.409,1.045,7.076,1.293
canny_hough,adaptive,edges,350,1,1,0.3,220.91,60.91,6.381,16.523,0.984,7.169,1.257
canny_hough,adaptive,edges,351,1,1,0.3,220.91,60.91,6.336,16.381,0.996,7.127,1.237
canny_hough,adaptive,edges,352,1,1,0.3,223.22,63.22,6.474,16.476,0.986,7.171,1.155
canny_hough,adaptive,edges,353,1,1,0.15,222.83,62.83,6.146,16.086,0.986,7.129,1.146
canny_hough,adaptive,edges,354,1,1,0.3,220.91,60.91,6.278,16.239,0.988,7.139,1.167
canny_hough,adaptive,edges,355,1,1,0.3,220.91,60.91,6.186,16.484,0.984,7.285,1.285
canny_hough,adaptive,edges,356,1,1,0.3,217.1,57.1,6.52,16.563,0.992,7.146,1.222
canny_hough,adaptive,edges,357,1,1,0.3,221.98,61.98,6.201,16.283,1.035,7.079,1.291
canny_hough,adaptive,edges,358,1,1,0.3,221.2,61.2,6.497,16.597,1.04,7.131,1.199
canny_hough,adaptive,edges,359,1,1,0.3,221.2,61.2,6.488,16.538,0.989,7.179,1.137
canny_hough,adaptive,edges,360,1,1,0.15,221.65,61.65,6.321,16.306,0.985,7.165,1.151
canny_hough,fixed,binary,0,0,0,0.0,0.0,,5.197,8.2,0.982,0.088,1.213
canny_hough,fixed,binary,1,0,0,0.0,0.0,,5.897,8.788,1.066,0.117,0.96
canny_hough,fixed,binary,2,0,0,0.0,0.0,,6.39,12.272,1.068,0.123,3.874
canny_hough,fixed,binary,3,0,0,0.0,0.0,,9.47,16.859,4.005,0.36,2.135
canny_hough,fixed,binary,4,0,0,0.0,0.0,,5.597,8.934,1.095,0.142,1.361
canny_hough,fixed,binary,5,0,0,0.0,0.0,,5.742,9.563,1.141,0.248,1.485
canny_hough,fixed,binary,6,0,0,0.0,0.0,,4.574,7.683,1.001,0.105,1.276
canny_hough,fixed,binary,7,0,0,0.0,0.0,,4.474,7.546,0.995,0.103,1.26
canny_hough,fixed,binary,8,0,0,0.0,0.0,,4.778,7.579,1.001,0.099,0.992
canny_hough,fixed,binary,9,0,0,0.0,0.0,,4.682,7.468,0.992,0.098,0.995
canny_hough,fixed,binary,10,0,0,0.0,0.0,,4.493,7.484,0.994,0.099,1.194
canny_hough,fixed,binary,11,0,0,0.0,0.0,,4.687,7.763,1.016,0.107,1.19
canny_hough,fixed,binary,12,0,0,0.0,0.0,,4.617,7.477,1.007,0.103,0.995
canny_hough,fixed,binary,13,0,0,0.0,0.0,,4.451,7.297,1.051,0.11,1.002
canny_hough,fixed,binary,14,0,0,0.0,0.0,,4.444,7.307,1.059,0.107,0.985
canny_hough,fixed,binary,15,0,0,0.0,0.0,,4.61,7.486,0.995,0.1,1.069
canny_hough,fixed,binary,16,0,0,0.0,0.0,,4.669,7.769,1.0,0.104,1.273
canny_hough,fixed,binary,17,0,0,0.0,0.0,,4.668,7.728,0.997,0.097,1.249
canny_hough,fixed,binary,18,0,0,0.0,0.0,,4.705,7.794,1.007,0.097,1.206
canny_hough,fixed,binary,19,0,0,0.0,0.0,,4.568,7.389,0.994,0.1,1.016
canny_hough,fixed,binary,20,0,0,0.0,0.0,,4.457,7.453,1.002,0.097,1.195
canny_hough,fixed,binary,21,0,0,0.0,0.0,,4.674,7.513,0.994,0.099,0.985
canny_hough,fixed,binary,22,0,0,0.0,0.0,,4.282,7.314,1.042,0.105,1.185
canny_hough,fixed,binary,23,0,0,0.0,0.0,,4.746,10.551,1.054,0.107,3.881
canny_hough,fixed,binary,24,0,0,0.0,0.0,,4.465,8.432,1.838,0.103,1.333
canny_hough,fixed,binary,25,0,0,0.0,0.0,,4.636,7.451,0.989,0.094,1.054
canny_hough,fixed,binary,26,0,0,0.0,0.0,,4.514,8.627,0.995,0.093,2.312
canny_hough,fixed,binary,27,0,0,0.0,0.0,,4.555,7.405,0.982,0.094,1.122
canny_hough,fixed,binary,28,0,0,0.0,0.0,,4.587,7.416,0.995,0.094,1.041
canny_hough,fixed,binary,29,0,0,0.0,0.0,,4.643,7.396,0.982,0.091,0.979
canny_hough,fixed,binary,30,0,0,0.0,0.0,,5.51,8.967,1.112,0.17,1.417
canny_hough,fixed,binary,31,0,0,0.0,0.0,,5.445,8.872,1.077,0.126,1.533
canny_hough,fixed,binary,32,0,0,0.0,0.0,,4.968,8.088,1.018,0.232,1.136
canny_hough,fixed,binary,33,0,0,0.0,0.0,,5.103,8.554,1.192,0.178,1.36
canny_hough,fixed,binary,34,0,0,0.0,0.0,,5.2,8.656,1.214,0.157,1.342
canny_hough,fixed,binary,35,0,0,0.0,0.0,,5.082,8.739,1.172,0.233,1.426
canny_hough,fixed,binary,36,0,0,0.0,0.0,,4.812,8.341,1.18,0.138,1.338
canny_hough,fixed,binary,37,0,0,0.0,0.0,,4.782,8.505,1.179,0.125,1.393
canny_hough,fixed,binary,38,0,0,0.0,0.0,,5.733,9.479,1.073,0.1,1.87
canny_hough,fixed,binary,39,0,0,0.0,0.0,,5.558,9.233,1.115,0.124,1.204
canny_hough,fixed,binary,40,0,0,0.0,0.0,,4.612,7.706,1.082,0.099,1.213
canny_hough,fixed,binary,41,0,0,0.0,0.0,,5.36,8.425,1.065,0.101,1.199
canny_hough,fixed,binary,42,0,0,0.0,0.0,,4.447,7.317,0.999,0.098,0.99
canny_hough,fixed,binary,43,0,0,0.0,0.0,,4.624,7.383,0.986,0.098,0.966
canny_hough,fixed,binary,44,0,0,0.0,0.0,,4.62,7.508,1.014,0.105,0.98
canny_hough,fixed,binary,45,0,0,0.0,0.0,,4.577,7.417,1.046,0.111,0.986
canny_hough,fixed,binary,46,0,0,0.0,0.0,,4.591,7.535,1.087,0.124,0.995
canny_hough,fixed,binary,47,0,0,0.0,0.0,,4.775,7.658,1.007,0.101,1.07
canny_hough,fixed,binary,48,0,0,0.0,0.0,,4.59,7.409,0.992,0.091,1.047
canny_hough,fixed,binary,49,0,0,0.0,0.0,,4.52,7.313,0.992,0.092,0.965
canny_hough,fixed,binary,50,0,0,0.0,0.0,,4.542,7.439,0.992,0.09,1.138
canny_hough,fixed,binary,51,0,0,0.0,0.0,,4.696,7.426,1.002,0.091,0.95
canny_hough,fixed,binary,52,0,0,0.0,0.0,,4.487,7.458,0.997,0.091,1.136
canny_hough,fixed,binary,53,0,0,0.0,0.0,,4.47,7.464,1.055,0.096,1.164
canny_hough,fixed,binary,54,0,0,0.0,0.0,,4.168,6.975,1.05,0.094,0.97
canny_hough,fixed,binary,55,0,0,0.0,0.0,,4.337,7.312,0.996,0.089,1.211
canny_hough,fixed,binary,56,0,0,0.0,0.0,,4.465,7.227,0.986,0.091,0.965
canny_hough,fixed,binary,57,0,0,0.0,0.0,,4.627,7.329,0.977,0.092,0.954
canny_hough,fixed,binary,58,0,0,0.0,0.0,,4.323,7.1,0.983,0.091,0.946
canny_hough,fixed,binary,59,0,0,0.0,0.0,,4.313,7.09,1.04,0.1,0.963
canny_hough,fixed,binary,60,0,0,0.0,0.0,,4.358,7.145,0.991,0.09,1.033
canny_hough,fixed,binary,61,0,0,0.0,0.0,,4.561,7.282,0.992,0.091,0.955
canny_hough,fixed,binary,62,0,0,0.0,0.0,,4.462,7.399,0.99,0.091,1.161
canny_hough,fixed,binary,63,0,0,0.0,0.0,,4.462,7.17,0.99,0.09,0.953
canny_hough,fixed,binary,64,0,0,0.0,0.0,,4.48,7.437,1.036,0.093,1.138
canny_hough,fixed,binary,65,0,0,0.0,0.0,,4.56,7.506,1.043,0.095,1.141
canny_hough,fixed,binary,66,0,0,0.0,0.0,,4.58,7.658,0.994,0.09,1.261
canny_hough,fixed,binary,67,0,0,0.0,0.0,,4.58,7.586,0.989,0.089,1.242
canny_hough,fixed,binary,68,0,0,0.0,0.0,,4.3,8.068,0.996,0.09,1.997
canny_hough,fixed,binary,69,0,0,0.0,0.0,,4.63,8.089,0.984,0.089,1.7
canny_hough,fixed,binary,70,0,0,0.0,0.0,,4.691,7.52,0.995,0.093,1.056
canny_hough,fixed,binary,71,0,0,0.0,0.0,,4.709,7.491,0.986,0.089,1.017
canny_hough,fixed,binary,72,1,1,0.6,319.0,159.0,3.45,6.318,0.987,0.089,1.105
canny_hough,fixed,binary,73,0,0,0.0,0.0,,4.675,7.456,1.05,0.094,0.958
canny_hough,fixed,binary,74,0,0,0.0,0.0,,4.591,7.378,1.036,0.094,0.969
canny_hough,fixed,binary,75,0,0,0.0,0.0,,4.582,7.355,0.992,0.093,1.014
canny_hough,fixed,binary,76,0,0,0.0,0.0,,4.673,7.678,0.995,0.09,1.203
canny_hough,fixed,binary,77,0,0,0.0,0.0,,4.26,7.036,1.0,0.091,0.997
canny_hough,fixed,binary,78,0,0,0.0,0.0,,4.229,7.085,0.989,0.093,1.1
canny_hough,fixed,binary,79,0,0,0.0,0.0,,4.226,7.156,0.985,0.092,1.102
canny_hough,fixed,binary,80,1,1,0.15,319.0,159.0,2.565,5.424,1.042,0.094,1.037
canny_hough,fixed,binary,81,1,1,0.3,319.0,159.0,2.416,5.132,0.993,0.091,0.953
canny_hough,fixed,binary,82,1,1,0.3,319.0,159.0,2.371,5.137,0.98,0.093,1.025
canny_hough,fixed,binary,83,1,1,0.45,319.0,159.0,3.136,6.048,1.038,0.096,1.095
canny_hough,fixed,binary,84,0,0,0.0,0.0,,3.943,6.812,0.991,0.09,1.104
canny_hough,fixed,binary,85,0,0,0.0,0.0,,4.138,6.899,0.991,0.089,0.934
canny_hough,fixed,binary,86,0,0,0.0,0.0,,4.167,6.916,1.027,0.093,0.939
canny_hough,fixed,binary,87,0,0,0.0,0.0,,3.631,6.527,0.98,0.093,1.165
canny_hough,fixed,binary,88,0,0,0.0,0.0,,3.61,6.298,0.984,0.091,0.934
canny_hough,fixed,binary,89,0,0,0.0,0.0,,4.013,6.92,1.036,0.1,1.115
canny_hough,fixed,binary,90,0,0,0.0,0.0,,4.027,7.824,0.997,0.093,2.042
canny_hough,fixed,binary,91,0,0,0.0,0.0,,3.764,6.728,0.995,0.092,1.204
canny_hough,fixed,binary,92,0,0,0.0,0.0,,3.741,6.63,0.983,0.091,1.13
canny_hough,fixed,binary,93,0,0,0.0,0.0,,3.856,6.804,1.037,0.097,1.13
canny_hough,fixed,binary,94,0,0,0.0,0.0,,3.923,7.551,0.992,0.089,1.848
canny_hough,fixed,binary,95,0,0,0.0,0.0,,3.918,6.695,0.992,0.094,0.953
canny_hough,fixed,binary,96,0,0,0.0,0.0,,4.338,7.261,0.985,0.089,1.131
canny_hough,fixed,binary,97,0,0,0.0,0.0,,4.197,6.976,1.059,0.094,0.946
canny_hough,fixed,binary,98,0,0,0.0,0.0,,4.201,7.121,0.984,0.139,1.116
canny_hough,fixed,binary,99,0,0,0.0,0.0,,4.247,7.029,0.989,0.089,1.014
canny_hough,fixed,binary,100,0,0,0.0,0.0,,4.12,7.016,0.994,0.089,1.131
canny_hough,fixed,binary,101,0,0,0.0,0.0,,4.719,7.505,0.995,0.093,0.954
canny_hough,fixed,binary,102,0,0,0.0,0.0,,4.415,7.407,1.054,0.095,1.165
canny_hough,fixed,binary,103,0,0,0.0,0.0,,4.411,7.129,1.024,0.098,0.938
canny_hough,fixed,binary,104,1,1,0.6,304.26,144.26,3.461,6.417,0.992,0.092,1.183
canny_hough,fixed,binary,105,1,1,0.3,281.77,121.77,5.073,7.792,0.985,0.09,0.961
canny_hough,fixed,binary,106,1,1,0.3,281.77,121.77,5.101,8.013,0.989,0.091,1.116
canny_hough,fixed,binary,107,1,1,0.3,253.94,93.94,2.657,5.387,0.991,0.091,0.959
canny_hough,fixed,binary,108,1,1,0.3,253.94,93.94,2.615,5.53,0.984,0.096,1.17
canny_hough,fixed,binary,109,1,1,0.3,266.91,106.91,4.522,7.457,1.052,0.092,1.11
canny_hough,fixed,binary,110,1,1,0.3,266.91,106.91,4.541,7.308,1.039,0.094,0.963
canny_hough,fixed,binary,111,1,1,0.3,266.91,106.91,4.51,7.521,0.99,0.093,1.25
canny_hough,fixed,binary,112,0,0,0.0,0.0,,2.708,5.645,0.996,0.093,1.185
canny_hough,fixed,binary,113,0,0,0.0,0.0,,3.638,6.506,0.989,0.09,1.063
canny_hough,fixed,binary,114,0,0,0.0,0.0,,3.684,6.57,0.993,0.095,1.126
canny_hough,fixed,binary,115,1,1,0.3,0.0,-160.0,4.104,6.827,0.987,0.089,0.968
canny_hough,fixed,binary,116,1,1,0.3,0.0,-160.0,4.124,6.957,0.991,0.091,0.972
canny_hough,fixed,binary,117,1,1,0.6,0.0,-160.0,4.29,7.209,1.038,0.095,1.099
canny_hough,fixed,binary,118,1,1,0.6,0.0,-160.0,4.532,7.566,0.982,0.091,1.289
canny_hough,fixed,binary,119,1,1,0.6,0.0,-160.0,4.521,7.285,0.983,0.088,1.023
canny_hough,fixed,binary,120,1,1,0.6,0.0,-160.0,4.913,7.635,0.987,0.09,0.959
canny_hough,fixed,binary,121,1,1,0.6,0.0,-160.0,4.631,7.477,0.983,0.091,1.037
canny_hough,fixed,binary,122,1,1,0.6,0.0,-160.0,4.592,7.406,0.992,0.089,1.048
canny_hough,fixed,binary,123,1,1,0.6,0.0,-160.0,4.66,7.446,0.986,0.091,0.966
canny_hough,fixed,binary,124,1,1,0.6,0.0,-160.0,4.678,7.481,1.039,0.095,0.983
canny_hough,fixed,binary,125,1,1,0.6,42.12,-117.88,4.724,7.521,1.045,0.1,0.961
canny_hough,fixed,binary,126,1,1,0.6,67.45,-92.55,4.478,7.419,0.989,0.094,1.145
canny_hough,fixed,binary,127,1,1,0.6,67.45,-92.55,4.479,7.331,0.997,0.09,1.087
canny_hough,fixed,binary,128,0,0,0.0,0.0,,4.567,7.293,0.991,0.089,0.959
canny_hough,fixed,binary,129,0,0,0.0,0.0,,4.369,7.301,0.988,0.089,1.154
canny_hough,fixed,binary,130,0,0,0.0,0.0,,4.368,7.326,0.986,0.091,1.148
canny_hough,fixed,binary,131,0,0,0.0,0.0,,4.261,6.995,1.03,0.094,0.942
canny_hough,fixed,binary,132,0,0,0.0,0.0,,4.314,7.214,0.997,0.089,1.133
canny_hough,fixed,binary,133,1,1,0.6,319.0,159.0,4.26,7.216,0.995,0.091,1.176
canny_hough,fixed,binary,134,1,1,0.6,319.0,159.0,4.265,7.135,0.998,0.09,1.094
canny_hough,fixed,binary,135,1,1,0.6,319.0,159.0,4.237,7.004,0.988,0.091,0.946
canny_hough,fixed,binary,136,1,1,0.3,319.0,159.0,4.14,7.101,1.026,0.093,1.134
canny_hough,fixed,binary,137,1,1,0.45,319.0,159.0,4.188,7.269,0.99,0.091,1.315
canny_hough,fixed,binary,138,1,1,0.45,319.0,159.0,4.189,6.949,0.977,0.091,0.95
canny_hough,fixed,binary,139,1,1,0.45,319.0,159.0,4.145,6.832,0.99,0.091,0.935
canny_hough,fixed,binary,140,1,1,0.6,154.47,-5.53,4.755,7.573,1.042,0.094,1.003
canny_hough,fixed,binary,141,1,1,0.6,235.4,75.4,5.558,8.361,1.033,0.098,0.984
canny_hough,fixed,binary,142,1,1,0.6,243.1,83.1,6.05,8.954,1.029,0.093,1.113
canny_hough,fixed,binary,143,1,1,0.6,243.1,83.1,5.909,8.985,1.21,0.102,0.986
canny_hough,fixed,binary,144,1,1,0.6,216.22,56.22,6.212,9.084,0.992,0.091,1.103
canny_hough,fixed,binary,145,0,0,0.0,0.0,,1.326,4.225,1.028,0.096,1.089
canny_hough,fixed,binary,146,0,0,0.0,0.0,,0.683,3.441,1.018,0.096,0.97
canny_hough,fixed,binary,147,0,0,0.0,0.0,,0.675,3.402,0.975,0.092,1.022
canny_hough,fixed,binary,148,0,0,0.0,0.0,,0.679,3.392,0.974,0.094,1.025
canny_hough,fixed,binary,149,0,0,0.0,0.0,,0.754,3.424,0.974,0.091,0.961
canny_hough,fixed,binary,150,0,0,0.0,0.0,,1.97,4.627,0.97,0.091,0.947
canny_hough,fixed,binary,151,0,0,0.0,0.0,,1.916,4.653,0.977,0.089,0.945
canny_hough,fixed,binary,152,0,0,0.0,0.0,,1.911,4.848,0.969,0.091,1.224
canny_hough,fixed,binary,153,0,0,0.0,0.0,,3.489,6.235,1.029,0.096,0.967
canny_hough,fixed,binary,154,0,0,0.0,0.0,,3.405,6.184,0.978,0.091,0.951
canny_hough,fixed,binary,155,0,0,0.0,0.0,,3.48,6.323,0.972,0.088,1.073
canny_hough,fixed,binary,156,0,0,0.0,0.0,,3.043,5.871,0.988,0.089,1.05
canny_hough,fixed,binary,157,1,1,0.3,319.0,159.0,4.43,7.294,0.987,0.086,1.075
canny_hough,fixed,binary,158,1,1,0.3,319.0,159.0,4.454,7.357,1.037,0.095,1.088
canny_hough,fixed,binary,159,1,1,0.15,319.0,159.0,4.191,6.957,1.043,0.095,0.95
canny_hough,fixed,binary,160,0,0,0.0,0.0,,1.732,4.504,0.986,0.092,1.012
canny_hough,fixed,binary,161,1,1,0.3,319.0,159.0,4.222,6.939,0.97,0.087,1.015
canny_hough,fixed,binary,162,1,1,0.3,319.0,159.0,4.758,7.466,0.98,0.089,0.955
canny_hough,fixed,binary,163,1,1,0.6,319.0,159.0,4.986,7.806,1.01,0.105,0.978
canny_hough,fixed,binary,164,1,1,0.6,319.0,159.0,5.026,7.946,1.006,0.096,1.101
canny_hough,fixed,binary,165,1,1,0.15,319.0,159.0,3.451,6.241,0.981,0.099,1.023
canny_hough,fixed,binary,166,0,0,0.0,0.0,,3.03,5.924,1.055,0.112,0.989
canny_hough,fixed,binary,167,0,0,0.0,0.0,,3.012,5.813,1.0,0.097,1.001
canny_hough,fixed,binary,168,0,0,0.0,0.0,,3.025,5.995,1.042,0.109,1.12
canny_hough,fixed,binary,169,1,1,0.45,319.0,159.0,4.487,7.399,0.993,0.096,1.128
canny_hough,fixed,binary,170,1,1,0.45,319.0,159.0,4.381,7.338,0.995,0.1,1.157
canny_hough,fixed,binary,171,1,1,0.45,319.0,159.0,4.409,7.425,1.0,0.103,0.989
canny_hough,fixed,binary,172,1,1,0.3,319.0,159.0,3.401,6.286,1.058,0.109,1.023
canny_hough,fixed,binary,173,1,1,0.15,319.0,159.0,3.147,6.162,0.996,0.099,1.223
canny_hough,fixed,binary,174,1,1,0.3,319.0,159.0,3.947,6.808,1.008,0.099,1.0
canny_hough,fixed,binary,175,1,1,0.3,319.0,159.0,3.947,6.845,1.004,0.168,1.034
canny_hough,fixed,binary,176,1,1,0.45,319.0,159.0,4.32,7.221,1.009,0.094,0.977
canny_hough,fixed,binary,177,1,1,0.45,319.0,159.0,4.317,7.171,0.981,0.097,1.087
canny_hough,fixed,binary,178,1,1,0.45,319.0,159.0,4.307,7.201,1.003,0.101,1.003
canny_hough,fixed,binary,179,1,1,0.45,319.0,159.0,4.286,7.145,1.059,0.106,0.988
canny_hough,fixed,binary,180,1,1,0.15,319.0,159.0,3.044,5.936,1.008,0.098,1.061
canny_hough,fixed,binary,181,1,1,0.3,319.0,159.0,3.984,6.823,0.992,0.1,1.038
canny_hough,fixed,binary,182,1,1,0.3,319.0,159.0,3.907,6.769,1.051,0.101,1.012
canny_hough,fixed,binary,183,1,1,0.3,319.0,159.0,3.56,6.406,0.993,0.091,1.085
canny_hough,fixed,binary,184,1,1,0.3,319.0,159.0,3.657,6.397,0.983,0.092,0.978
canny_hough,fixed,binary,185,1,1,0.3,319.0,159.0,3.694,6.486,1.048,0.096,0.964
canny_hough,fixed,binary,186,1,1,0.3,319.0,159.0,3.604,6.58,0.991,0.09,1.18
canny_hough,fixed,binary,187,1,1,0.3,319.0,159.0,3.628,6.482,0.993,0.094,1.108
canny_hough,fixed,binary,188,1,1,0.15,319.0,159.0,4.084,6.858,1.048,0.097,0.948
canny_hough,fixed,binary,189,1,1,0.6,319.0,159.0,4.205,6.991,0.987,0.091,1.03
canny_hough,fixed,binary,190,1,1,0.6,319.0,159.0,4.223,6.949,0.994,0.089,0.964
canny_hough,fixed,binary,191,1,1,0.6,319.0,159.0,4.221,6.978,0.992,0.09,0.929
canny_hough,fixed,binary,192,1,1,0.45,319.0,159.0,3.783,6.549,1.039,0.096,0.947
canny_hough,fixed,binary,193,1,1,0.15,319.0,159.0,3.595,6.369,0.994,0.089,0.946
canny_hough,fixed,binary,194,0,0,0.0,0.0,,4.46,7.304,0.99,0.09,1.026
canny_hough,fixed,binary,195,0,0,0.0,0.0,,4.534,7.281,1.035,0.093,0.935
canny_hough,fixed,binary,196,1,1,0.45,319.0,159.0,3.743,6.599,0.986,0.092,1.067
canny_hough,fixed,binary,197,1,1,0.15,319.0,159.0,3.063,5.793,0.992,0.092,0.961
canny_hough,fixed,binary,198,1,1,0.15,319.0,159.0,3.099,5.847,1.027,0.095,0.951
canny_hough,fixed,binary,199,1,1,0.45,319.0,159.0,3.403,6.154,0.984,0.092,0.996
canny_hough,fixed,binary,200,1,1,0.45,319.0,159.0,3.407,6.201,1.028,0.095,0.985
canny_hough,fixed,binary,201,1,1,0.45,319.0,159.0,3.811,6.623,0.982,0.091,1.0
canny_hough,fixed,binary,202,1,1,0.6,319.0,159.0,3.984,6.768,0.985,0.09,0.973
canny_hough,fixed,binary,203,1,1,0.6,319.0,159.0,3.956,6.746,1.037,0.1,0.971
canny_hough,fixed,binary,204,1,1,0.45,319.0,159.0,4.111,6.941,0.984,0.089,1.064
canny_hough,fixed,binary,205,1,1,0.6,319.0,159.0,3.959,6.652,0.995,0.091,0.929
canny_hough,fixed,binary,206,1,1,0.6,319.0,159.0,3.969,6.726,1.025,0.095,0.936
canny_hough,fixed,binary,207,1,1,0.6,319.0,159.0,4.17,7.103,0.989,0.089,1.18
canny_hough,fixed,binary,208,1,1,0.6,319.0,159.0,4.551,7.326,0.987,0.091,1.001
canny_hough,fixed,binary,209,1,1,0.6,319.0,159.0,4.384,7.082,0.981,0.091,0.946
canny_hough,fixed,binary,210,1,1,0.6,319.0,159.0,4.403,7.17,0.987,0.089,0.936
canny_hough,fixed,binary,211,1,1,0.6,319.0,159.0,4.312,7.122,1.025,0.098,1.012
canny_hough,fixed,binary,212,1,1,0.6,319.0,159.0,4.289,7.072,0.99,0.09,1.024
canny_hough,fixed,binary,213,1,1,0.6,311.31,151.31,3.905,6.625,0.996,0.09,0.947
canny_hough,fixed,binary,214,1,1,0.6,311.31,151.31,3.906,6.651,0.987,0.092,0.944
canny_hough,fixed,binary,215,1,1,0.6,276.52,116.52,4.773,7.543,1.031,0.095,0.962
canny_hough,fixed,binary,216,1,1,0.6,242.75,82.75,5.019,7.848,0.993,0.089,1.029
canny_hough,fixed,binary,217,1,1,0.6,245.98,85.98,5.24,8.174,0.987,0.088,1.17
canny_hough,fixed,binary,218,1,1,0.45,232.7,72.7,3.755,6.661,0.988,0.09,1.146
canny_hough,fixed,binary,219,1,1,0.45,232.7,72.7,3.731,6.428,0.987,0.089,0.964
canny_hough,fixed,binary,220,1,1,0.6,232.83,72.83,3.582,6.351,0.991,0.089,0.946
canny_hough,fixed,binary,221,1,1,0.45,218.62,58.62,3.049,5.804,0.978,0.091,1.031
canny_hough,fixed,binary,222,1,1,0.45,218.62,58.62,3.128,5.948,0.994,0.09,0.985
canny_hough,fixed,binary,223,1,1,0.45,218.62,58.62,3.06,5.894,1.0,0.09,1.072
canny_hough,fixed,binary,224,1,1,0.45,218.62,58.62,3.082,5.869,0.984,0.092,0.959
canny_hough,fixed,binary,225,1,1,0.3,215.03,55.03,6.36,9.264,0.993,0.09,1.141
canny_hough,fixed,binary,226,1,1,0.3,215.03,55.03,6.504,9.419,1.036,0.094,1.07
canny_hough,fixed,binary,227,1,1,0.3,211.05,51.05,6.523,9.334,0.975,0.091,1.078
canny_hough,fixed,binary,228,1,1,0.3,211.05,51.05,6.547,9.7,0.981,0.091,1.394
canny_hough,fixed,binary,229,1,1,0.3,215.37,55.37,5.052,7.939,0.987,0.091,0.987
canny_hough,fixed,binary,230,1,1,0.3,219.26,59.26,4.93,7.792,0.987,0.092,1.035
canny_hough,fixed,binary,231,1,1,0.3,219.26,59.26,4.908,7.767,1.047,0.095,1.046
canny_hough,fixed,binary,232,1,1,0.45,211.44,51.44,6.886,9.709,1.037,0.094,1.006
canny_hough,fixed,binary,233,1,1,0.3,216.65,56.65,6.699,9.549,0.983,0.091,1.091
canny_hough,fixed,binary,234,1,1,0.3,217.08,57.08,6.414,9.305,1.021,0.094,1.096
canny_hough,fixed,binary,235,1,1,0.3,217.08,57.08,6.395,9.152,0.985,0.09,0.998
canny_hough,fixed,binary,236,1,1,0.3,214.2,54.2,6.423,9.293,0.984,0.091,1.011
canny_hough,fixed,binary,237,1,1,0.3,215.96,55.96,6.497,9.341,1.041,0.095,1.012
canny_hough,fixed,binary,238,1,1,0.3,215.96,55.96,6.558,9.43,0.984,0.089,1.109
canny_hough,fixed,binary,239,1,1,0.15,217.34,57.34,6.352,9.292,0.985,0.09,1.175
canny_hough,fixed,binary,240,1,1,0.15,217.34,57.34,6.543,9.387,1.041,0.094,1.014
canny_hough,fixed,binary,241,1,1,0.3,215.63,55.63,6.306,9.186,0.993,0.093,1.097
canny_hough,fixed,binary,242,1,1,0.3,218.97,58.97,6.478,9.312,0.98,0.094,1.081
canny_hough,fixed,binary,243,1,1,0.3,218.97,58.97,6.461,9.359,1.026,0.095,1.109
canny_hough,fixed,binary,244,1,1,0.3,214.87,54.87,6.603,9.384,0.996,0.091,1.005
canny_hough,fixed,binary,245,1,1,0.15,216.94,56.94,6.371,9.219,0.989,0.09,1.077
canny_hough,fixed,binary,246,1,1,0.15,216.94,56.94,6.512,9.365,1.038,0.093,1.008
canny_hough,fixed,binary,247,1,1,0.15,214.68,54.68,6.462,9.212,0.982,0.095,0.993
canny_hough,fixed,binary,248,1,1,0.15,214.68,54.68,6.426,9.385,0.993,0.091,1.19
canny_hough,fixed,binary,249,1,1,0.3,217.86,57.86,6.535,9.341,1.022,0.094,1.014
canny_hough,fixed,binary,250,1,1,0.3,217.86,57.86,6.532,9.361,0.974,0.094,1.099
canny_hough,fixed,binary,251,1,1,0.3,217.87,57.87,6.481,9.535,0.994,0.093,1.285
canny_hough,fixed,binary,252,1,1,0.3,217.87,57.87,6.561,9.384,0.988,0.091,1.007
canny_hough,fixed,binary,253,1,1,0.3,219.2,59.2,6.56,9.435,0.992,0.093,1.106
canny_hough,fixed,binary,254,1,1,0.3,219.2,59.2,6.547,9.353,0.987,0.139,1.012
canny_hough,fixed,binary,255,1,1,0.3,219.2,59.2,6.558,9.49,0.991,0.09,1.099
canny_hough,fixed,binary,256,1,1,0.15,217.77,57.77,6.474,9.43,0.992,0.089,1.174
canny_hough,fixed,binary,257,1,1,0.3,218.59,58.59,6.415,9.229,1.033,0.094,1.005
canny_hough,fixed,binary,258,1,1,0.3,218.59,58.59,6.422,9.182,0.983,0.092,1.006
canny_hough,fixed,binary,259,1,1,0.3,215.13,55.13,6.501,9.439,0.984,0.091,1.18
canny_hough,fixed,binary,260,1,1,0.3,217.85,57.85,6.488,9.494,1.203,0.099,1.018
canny_hough,fixed,binary,261,1,1,0.3,219.94,59.94,6.282,9.209,0.985,0.091,1.147
canny_hough,fixed,binary,262,1,1,0.3,219.94,59.94,6.278,9.905,0.988,0.094,1.854
canny_hough,fixed,binary,263,1,1,0.3,219.85,59.85,6.435,9.366,0.993,0.089,1.106
canny_hough,fixed,binary,264,1,1,0.3,219.85,59.85,6.521,9.317,0.99,0.092,1.012
canny_hough,fixed,binary,265,1,1,0.3,217.32,57.32,6.517,9.414,0.988,0.097,1.1
canny_hough,fixed,binary,266,1,1,0.3,217.32,57.32,6.608,9.404,0.98,0.088,1.004
canny_hough,fixed,binary,267,1,1,0.3,219.85,59.85,6.353,9.213,0.994,0.089,1.088
canny_hough,fixed,binary,268,1,1,0.3,219.85,59.85,6.468,9.285,1.032,0.094,1.003
canny_hough,fixed,binary,269,1,1,0.3,219.91,59.91,6.526,9.29,0.987,0.088,1.005
canny_hough,fixed,binary,270,1,1,0.3,219.91,59.91,6.598,9.41,0.981,0.094,1.081
canny_hough,fixed,binary,271,1,1,0.3,217.37,57.37,6.274,9.102,1.042,0.1,1.007
canny_hough,fixed,binary,272,1,1,0.3,217.37,57.37,6.284,9.158,0.99,0.091,1.103
canny_hough,fixed,binary,273,1,1,0.3,217.87,57.87,6.482,9.313,0.988,0.089,0.995
canny_hough,fixed,binary,274,1,1,0.15,217.12,57.12,6.487,9.429,1.046,0.097,1.107
canny_hough,fixed,binary,275,1,1,0.15,217.12,57.12,6.411,9.178,0.997,0.088,0.999
canny_hough,fixed,binary,276,1,1,0.3,219.14,59.14,6.348,9.219,0.986,0.094,1.003
canny_hough,fixed,binary,277,1,1,0.15,218.66,58.66,6.446,9.611,1.065,0.155,1.234
canny_hough,fixed,binary,278,1,1,0.3,218.22,58.22,6.698,9.569,0.992,0.09,1.108
canny_hough,fixed,binary,279,1,1,0.3,218.22,58.22,6.646,9.664,0.985,0.095,1.262
canny_hough,fixed,binary,280,1,1,0.3,219.67,59.67,6.488,9.331,0.988,0.09,1.014
canny_hough,fixed,binary,281,1,1,0.3,217.48,57.48,6.719,9.545,0.98,0.089,1.093
canny_hough,fixed,binary,282,1,1,0.3,219.52,59.52,6.624,9.553,1.035,0.094,1.11
canny_hough,fixed,binary,283,1,1,0.3,219.52,59.52,6.576,9.45,0.994,0.089,1.098
canny_hough,fixed,binary,284,1,1,0.3,215.99,55.99,6.444,9.315,0.99,0.09,1.102
canny_hough,fixed,binary,285,1,1,0.3,216.58,56.58,6.706,9.512,1.035,0.095,1.0
canny_hough,fixed,binary,286,1,1,0.3,217.77,57.77,7.676,10.59,0.99,0.09,1.103
canny_hough,fixed,binary,287,1,1,0.3,217.77,57.77,6.673,9.533,1.061,0.095,1.006
canny_hough,fixed,binary,288,1,1,0.15,219.84,59.84,6.635,9.411,0.996,0.093,1.002
canny_hough,fixed,binary,289,1,1,0.3,217.42,57.42,6.505,9.337,0.987,0.092,1.058
canny_hough,fixed,binary,290,1,1,0.3,217.42,57.42,6.518,9.452,1.011,0.089,1.101
canny_hough,fixed,binary,291,1,1,0.3,220.23,60.23,6.509,9.347,0.987,0.092,1.003
canny_hough,fixed,binary,292,1,1,0.15,219.84,59.84,6.621,9.55,1.036,0.094,1.108
canny_hough,fixed,binary,293,1,1,0.3,217.95,57.95,6.254,9.113,0.982,0.09,1.106
canny_hough,fixed,binary,294,1,1,0.3,217.95,57.95,6.194,9.078,0.995,0.089,1.115
canny_hough,fixed,binary,295,1,1,0.3,216.16,56.16,6.359,9.211,1.039,0.098,1.028
canny_hough,fixed,binary,296,1,1,0.3,218.73,58.73,6.406,9.38,0.992,0.089,1.106
canny_hough,fixed,binary,297,1,1,0.3,219.2,59.2,6.461,9.412,0.995,0.09,1.173
canny_hough,fixed,binary,298,1,1,0.3,219.2,59.2,6.616,9.442,1.039,0.094,1.014
canny_hough,fixed,binary,299,1,1,0.15,217.12,57.12,6.295,9.139,0.986,0.089,1.102
canny_hough,fixed,binary,300,1,1,0.15,217.12,57.12,6.326,9.279,0.987,0.088,1.196
canny_hough,fixed,binary,301,1,1,0.3,220.23,60.23,6.435,9.253,1.036,0.094,1.0
canny_hough,fixed,binary,302,1,1,0.3,215.03,55.03,6.523,9.296,0.983,0.096,1.007
canny_hough,fixed,binary,303,1,1,0.3,215.03,55.03,6.418,9.346,0.991,0.09,1.17
canny_hough,fixed,binary,304,1,1,0.3,217.48,57.48,6.545,9.364,1.031,0.093,1.013
canny_hough,fixed,binary,305,1,1,0.3,218.13,58.13,6.504,9.274,0.991,0.091,0.999
canny_hough,fixed,binary,306,1,1,0.3,218.14,58.14,6.434,9.323,0.996,0.092,1.085
canny_hough,fixed,binary,307,1,1,0.3,218.14,58.14,6.458,9.37,1.03,0.096,1.104
canny_hough,fixed,binary,308,1,1,0.3,219.06,59.06,6.639,9.397,0.992,0.089,0.993
canny_hough,fixed,binary,309,1,1,0.3,223.75,63.75,2.797,5.593,0.986,0.093,1.05
canny_hough,fixed,binary,310,1,1,0.15,224.64,64.64,4.995,7.876,0.993,0.089,1.055
canny_hough,fixed,binary,311,1,1,0.15,224.64,64.64,4.958,7.767,1.05,0.092,0.987
canny_hough,fixed,binary,312,1,1,0.3,221.51,61.51,5.235,8.049,1.04,0.096,1.002
canny_hough,fixed,binary,313,1,1,0.3,224.28,64.28,5.046,7.829,1.035,0.091,0.98
canny_hough,fixed,binary,314,1,1,0.3,224.28,64.28,5.073,7.925,1.045,0.095,1.033
canny_hough,fixed,binary,315,1,1,0.3,220.25,60.25,5.113,7.9,1.03,0.097,1.004
canny_hough,fixed,binary,316,1,1,0.3,220.8,60.8,6.531,9.424,1.053,0.101,1.012
canny_hough,fixed,binary,317,1,1,0.3,221.93,61.93,6.64,9.506,0.985,0.089,1.104
canny_hough,fixed,binary,318,1,1,0.3,221.93,61.93,6.546,9.457,0.985,0.093,1.154
canny_hough,fixed,binary,319,1,1,0.3,218.59,58.59,5.632,8.548,0.986,0.091,1.083
canny_hough,fixed,binary,320,1,1,0.3,221.97,61.97,6.399,9.143,0.981,0.09,0.996
canny_hough,fixed,binary,321,1,1,0.3,222.1,62.1,6.408,9.342,0.983,0.09,1.171
canny_hough,fixed,binary,322,1,1,0.3,222.1,62.1,6.535,9.468,1.04,0.095,1.106
canny_hough,fixed,binary,323,1,1,0.3,219.39,59.39,6.241,8.989,0.988,0.093,0.99
canny_hough,fixed,binary,324,1,1,0.3,219.39,59.39,6.224,9.076,0.991,0.088,1.082
canny_hough,fixed,binary,325,1,1,0.3,219.87,59.87,6.443,9.234,1.027,0.093,0.996
canny_hough,fixed,binary,326,1,1,0.3,219.87,59.87,6.532,9.401,0.989,0.09,1.004
canny_hough,fixed,binary,327,1,1,0.3,222.83,62.83,6.285,9.227,0.992,0.092,1.184
canny_hough,fixed,binary,328,1,1,0.3,222.83,62.83,6.334,9.335,1.043,0.096,1.12
canny_hough,fixed,binary,329,1,1,0.3,220.28,60.28,6.369,9.117,0.981,0.091,0.992
canny_hough,fixed,binary,330,1,1,0.3,220.28,60.28,6.347,9.19,0.992,0.09,1.002
canny_hough,fixed,binary,331,1,1,0.15,219.9,59.9,6.143,8.956,0.997,0.137,0.999
canny_hough,fixed,binary,332,1,1,0.15,219.9,59.9,6.219,9.129,1.041,0.093,1.094
canny_hough,fixed,binary,333,1,1,0.3,222.06,62.06,6.255,9.02,0.984,0.092,1.003
canny_hough,fixed,binary,334,1,1,0.3,222.06,62.06,6.263,9.197,0.98,0.092,1.191
canny_hough,fixed,binary,335,1,1,0.3,219.37,59.37,6.398,9.189,1.032,0.093,1.0
canny_hough,fixed,binary,336,1,1,0.3,221.24,61.24,6.36,9.161,0.993,0.09,0.999
canny_hough,fixed,binary,337,1,1,0.3,219.57,59.57,6.232,9.178,0.988,0.09,1.179
canny_hough,fixed,binary,338,1,1,0.3,219.57,59.57,6.269,9.083,1.03,0.094,1.009
canny_hough,fixed,binary,339,1,1,0.3,223.89,63.89,6.253,9.178,0.994,0.09,1.113
canny_hough,fixed,binary,340,1,1,0.3,220.85,60.85,6.32,9.186,0.981,0.093,1.11
canny_hough,fixed,binary,341,1,1,0.15,221.77,61.77,6.088,9.018,0.993,0.091,1.168
canny_hough,fixed,binary,342,1,1,0.15,221.77,61.77,6.116,9.011,1.03,0.092,1.107
canny_hough,fixed,binary,343,1,1,0.3,221.37,61.37,6.556,9.298,0.98,0.093,0.988
canny_hough,fixed,binary,344,1,1,0.3,222.77,62.77,6.311,9.169,0.985,0.091,1.088
canny_hough,fixed,binary,345,1,1,0.15,221.77,61.77,6.291,9.205,1.033,0.092,1.104
canny_hough,fixed,binary,346,1,1,0.15,221.77,61.77,6.303,9.092,0.983,0.092,1.005
canny_hough,fixed,binary,347,1,1,0.3,220.87,60.87,6.355,9.209,0.998,0.093,1.074
canny_hough,fixed,binary,348,1,1,0.3,220.87,60.87,6.378,9.341,1.028,0.093,1.109
canny_hough,fixed,binary,349,1,1,0.15,221.77,61.77,6.351,9.205,0.987,0.089,1.103
canny_hough,fixed,binary,350,1,1,0.3,220.91,60.91,6.32,9.188,0.998,0.091,1.012
canny_hough,fixed,binary,351,1,1,0.3,220.91,60.91,6.307,9.131,1.036,0.097,1.029
canny_hough,fixed,binary,352,1,1,0.3,223.22,63.22,6.492,9.335,0.993,0.091,1.006
canny_hough,fixed,binary,353,1,1,0.15,222.83,62.83,6.166,8.923,0.988,0.089,1.0
canny_hough,fixed,binary,354,1,1,0.3,220.91,60.91,6.243,9.202,0.974,0.092,1.229
canny_hough,fixed,binary,355,1,1,0.3,220.91,60.91,6.301,9.261,1.076,0.094,1.112
canny_hough,fixed,binary,356,1,1,0.3,217.1,57.1,6.577,9.363,0.983,0.09,0.999
canny_hough,fixed,binary,357,1,1,0.3,221.98,61.98,6.266,9.154,0.991,0.091,1.126
canny_hough,fixed,binary,358,1,1,0.3,221.2,61.2,6.546,9.381,1.05,0.094,1.002
canny_hough,fixed,binary,359,1,1,0.3,221.2,61.2,6.496,9.238,0.983,0.089,0.993
canny_hough,fixed,binary,360,1,1,0.15,221.65,61.65,6.256,9.257,0.98,0.097,1.254
canny_hough,otsu,binary,0,0,0,0.0,0.0,,5.967,9.218,1.048,0.427,1.064
canny_hough,otsu,binary,1,0,0,0.0,0.0,,6.125,10.254,1.119,0.542,1.624
canny_hough,otsu,binary,2,0,0,0.0,0.0,,5.586,10.327,1.203,0.538,2.065
canny_hough,otsu,binary,3,0,0,0.0,0.0,,10.238,15.751,1.083,0.615,2.692
canny_hough,otsu,binary,4,0,0,0.0,0.0,,7.776,16.694,1.132,0.455,6.399
canny_hough,otsu,binary,5,0,0,0.0,0.0,,5.047,8.606,1.114,0.463,1.239
canny_hough,otsu,binary,6,0,0,0.0,0.0,,5.059,8.783,1.184,0.455,1.293
canny_hough,otsu,binary,7,0,0,0.0,0.0,,4.736,10.187,1.084,0.418,3.195
canny_hough,otsu,binary,8,0,0,0.0,0.0,,4.753,8.258,1.021,0.404,1.358
canny_hough,otsu,binary,9,0,0,0.0,0.0,,4.965,8.63,1.011,0.394,1.543
canny_hough,otsu,binary,10,0,0,0.0,0.0,,4.743,8.355,1.083,0.43,1.298
canny_hough,otsu,binary,11,0,0,0.0,0.0,,4.671,12.177,4.922,0.452,1.374
canny_hough,otsu,binary,12,0,0,0.0,0.0,,4.633,8.008,1.064,0.392,1.207
canny_hough,otsu,binary,13,0,0,0.0,0.0,,4.448,7.781,1.048,0.39,1.187
canny_hough,otsu,binary,14,0,0,0.0,0.0,,4.587,10.611,1.067,0.45,3.796
canny_hough,otsu,binary,15,0,0,0.0,0.0,,5.88,10.807,1.021,0.395,2.775
canny_hough,otsu,binary,16,0,0,0.0,0.0,,5.493,11.626,1.634,0.473,3.094
canny_hough,otsu,binary,17,0,0,0.0,0.0,,5.352,8.701,1.218,0.425,1.011
canny_hough,otsu,binary,18,0,0,0.0,0.0,,5.438,9.052,1.034,0.423,1.43
canny_hough,otsu,binary,19,0,0,0.0,0.0,,4.914,8.706,1.051,0.51,1.435
canny_hough,otsu,binary,20,0,0,0.0,0.0,,5.249,9.176,1.315,0.473,1.355
canny_hough,otsu,binary,21,0,0,0.0,0.0,,5.508,9.051,1.016,0.393,1.392
canny_hough,otsu,binary,22,0,0,0.0,0.0,,4.777,7.638,0.659,0.385,1.112
canny_hough,otsu,binary,23,0,0,0.0,0.0,,4.454,8.61,1.023,0.424,2.025
canny_hough,otsu,binary,24,0,0,0.0,0.0,,4.768,8.02,1.002,0.385,1.138
canny_hough,otsu,binary,25,0,0,0.0,0.0,,4.901,8.523,1.033,0.412,1.439
canny_hough,otsu,binary,26,0,0,0.0,0.0,,4.913,8.514,1.073,0.406,1.364
canny_hough,otsu,binary,27,0,0,0.0,0.0,,5.287,8.597,1.169,0.425,1.014
canny_hough,otsu,binary,28,0,0,0.0,0.0,,5.571,9.153,1.163,0.414,1.081
canny_hough,otsu,binary,29,0,0,0.0,0.0,,5.791,9.329,1.026,0.432,1.309
canny_hough,otsu,binary,30,0,0,0.0,0.0,,6.592,10.72,1.07,0.596,1.624
canny_hough,otsu,binary,31,0,0,0.0,0.0,,5.914,9.85,1.116,0.446,1.622
canny_hough,otsu,binary,32,0,0,0.0,0.0,,6.733,10.679,1.16,0.474,1.503
canny_hough,otsu,binary,33,0,0,0.0,0.0,,5.793,9.813,1.122,0.468,1.589
canny_hough,otsu,binary,34,0,0,0.0,0.0,,5.775,9.601,1.089,0.435,1.331
canny_hough,otsu,binary,35,0,0,0.0,0.0,,4.972,8.464,1.024,0.415,1.233
canny_hough,otsu,binary,36,0,0,0.0,0.0,,5.506,10.152,1.273,0.544,1.968
canny_hough,otsu,binary,37,0,0,0.0,0.0,,5.551,10.475,1.229,0.443,2.537
canny_hough,otsu,binary,38,0,0,0.0,0.0,,8.238,11.975,1.192,0.412,1.408
canny_hough,otsu,binary,39,0,0,0.0,0.0,,5.115,9.262,1.169,0.425,1.78
canny_hough,otsu,binary,40,0,0,0.0,0.0,,4.582,7.798,1.004,0.387,1.041
canny_hough,otsu,binary,41,0,0,0.0,0.0,,5.279,8.819,1.021,0.412,1.284
canny_hough,otsu,binary,42,0,0,0.0,0.0,,4.722,7.906,1.021,0.417,1.035
canny_hough,otsu,binary,43,0,0,0.0,0.0,,5.063,8.226,1.003,0.392,1.068
canny_hough,otsu,binary,44,0,0,0.0,0.0,,5.209,8.903,1.04,0.42,1.412
canny_hough,otsu,binary,45,0,0,0.0,0.0,,5.303,9.373,1.036,0.42,1.766
canny_hough,otsu,binary,46,0,0,0.0,0.0,,5.159,8.424,1.085,0.417,1.023
canny_hough,otsu,binary,47,0,0,0.0,0.0,,5.547,9.025,1.039,0.426,1.059
canny_hough,otsu,binary,48,0,0,0.0,0.0,,4.886,8.531,1.037,0.437,1.303
canny_hough,otsu,binary,49,0,0,0.0,0.0,,4.938,8.35,1.002,0.392,1.307
canny_hough,otsu,binary,50,0,0,0.0,0.0,,4.573,8.24,1.232,0.469,1.272
canny_hough,otsu,binary,51,0,0,0.0,0.0,,4.765,7.899,0.986,0.434,1.028
canny_hough,otsu,binary,52,0,0,0.0,0.0,,4.617,7.851,1.002,0.442,1.099
canny_hough,otsu,binary,53,0,0,0.0,0.0,,4.936,8.505,1.064,0.422,1.282
canny_hough,otsu,binary,54,0,0,0.0,0.0,,4.357,7.701,1.086,0.426,1.088
canny_hough,otsu,binary,55,0,0,0.0,0.0,,4.833,8.22,1.002,0.439,1.261
canny_hough,otsu,binary,56,0,0,0.0,0.0,,5.658,9.001,1.073,0.417,1.111
canny_hough,otsu,binary,57,0,0,0.0,0.0,,5.194,11.572,2.055,0.47,2.99
canny_hough,otsu,binary,58,0,0,0.0,0.0,,4.429,7.85,1.066,0.397,1.257
canny_hough,otsu,binary,59,0,0,0.0,0.0,,4.311,7.494,1.166,0.382,0.947
canny_hough,otsu,binary,60,0,0,0.0,0.0,,4.374,7.475,1.049,0.379,0.987
canny_hough,otsu,binary,61,0,0,0.0,0.0,,4.47,7.548,0.985,0.431,0.979
canny_hough,otsu,binary,62,0,0,0.0,0.0,,4.469,7.761,0.993,0.371,1.24
canny_hough,otsu,binary,63,0,0,0.0,0.0,,4.52,7.879,0.989,0.378,1.308
canny_hough,otsu,binary,64,0,0,0.0,0.0,,4.531,7.973,0.992,0.375,1.376
canny_hough,otsu,binary,65,0,0,0.0,0.0,,4.572,8.002,0.991,0.377,1.379
canny_hough,otsu,binary,66,0,0,0.0,0.0,,4.619,8.038,0.993,0.376,1.372
canny_hough,otsu,binary,67,0,0,0.0,0.0,,4.581,7.907,0.976,0.372,1.299
canny_hough,otsu,binary,68,0,0,0.0,0.0,,4.382,7.75,0.994,0.377,1.327
canny_hough,otsu,binary,69,0,0,0.0,0.0,,4.833,10.739,0.996,0.376,3.844
canny_hough,otsu,binary,70,0,0,0.0,0.0,,4.806,8.073,1.066,0.375,1.147
canny_hough,otsu,binary,71,0,0,0.0,0.0,,4.814,8.093,1.064,0.378,1.146
canny_hough,otsu,binary,72,1,1,0.6,319.0,159.0,3.5,6.547,0.993,0.374,0.997
canny_hough,otsu,binary,73,0,0,0.0,0.0,,4.643,7.71,1.047,0.383,0.96
canny_hough,otsu,binary,74,0,0,0.0,0.0,,4.598,7.694,1.054,0.377,0.948
canny_hough,otsu,binary,75,0,0,0.0,0.0,,4.594,7.645,1.044,0.382,0.956
canny_hough,otsu,binary,76,0,0,0.0,0.0,,4.676,7.921,0.995,0.429,1.136
canny_hough,otsu,binary,77,0,0,0.0,0.0,,4.219,7.437,0.992,0.427,1.117
canny_hough,otsu,binary,78,0,0,0.0,0.0,,4.234,7.468,0.985,0.374,1.188
canny_hough,otsu,binary,79,0,0,0.0,0.0,,4.27,7.352,0.984,0.372,1.038
canny_hough,otsu,binary,80,1,1,0.15,319.0,159.0,2.561,5.565,0.988,0.377,0.959
canny_hough,otsu,binary,81,1,1,0.3,319.0,159.0,2.443,5.52,1.039,0.381,0.969
canny_hough,otsu,binary,82,1,1,0.3,319.0,159.0,2.458,5.47,0.992,0.372,0.961
canny_hough,otsu,binary,83,1,1,0.45,319.0,159.0,3.03,6.121,0.987,0.374,1.054
canny_hough,otsu,binary,84,0,0,0.0,0.0,,3.923,7.186,0.997,0.375,1.115
canny_hough,otsu,binary,85,0,0,0.0,0.0,,4.139,7.21,1.041,0.379,0.958
canny_hough,otsu,binary,86,0,0,0.0,0.0,,4.154,7.216,0.996,0.421,0.965
canny_hough,otsu,binary,87,0,0,0.0,0.0,,3.637,6.695,0.974,0.369,1.05
canny_hough,otsu,binary,88,0,0,0.0,0.0,,3.61,6.774,0.991,0.374,1.118
canny_hough,otsu,binary,89,0,0,0.0,0.0,,4.014,7.066,1.045,0.38,0.943
canny_hough,otsu,binary,90,0,0,0.0,0.0,,4.137,7.174,0.989,0.42,0.948
canny_hough,otsu,binary,91,0,0,0.0,0.0,,3.812,6.893,0.985,0.372,1.041
canny_hough,otsu,binary,92,0,0,0.0,0.0,,3.748,6.916,0.987,0.373,1.13
canny_hough,otsu,binary,93,0,0,0.0,0.0,,3.853,6.931,1.064,0.377,0.955
canny_hough,otsu,binary,94,0,0,0.0,0.0,,3.907,6.971,0.993,0.42,0.956
canny_hough,otsu,binary,95,0,0,0.0,0.0,,3.944,7.029,0.994,0.375,1.045
canny_hough,otsu,binary,96,0,0,0.0,0.0,,4.405,7.583,0.98,0.371,1.143
canny_hough,otsu,binary,97,0,0,0.0,0.0,,4.226,7.238,0.978,0.374,0.965
canny_hough,otsu,binary,98,0,0,0.0,0.0,,4.258,7.477,1.051,0.374,1.128
canny_hough,otsu,binary,99,0,0,0.0,0.0,,4.223,7.448,1.034,0.376,1.132
canny_hough,otsu,binary,100,0,0,0.0,0.0,,4.103,7.173,0.99,0.419,0.975
canny_hough,otsu,binary,101,0,0,0.0,0.0,,4.734,8.05,0.991,0.376,1.261
canny_hough,otsu,binary,102,0,0,0.0,0.0,,4.422,7.746,0.996,0.378,1.265
canny_hough,otsu,binary,103,0,0,0.0,0.0,,4.426,7.739,0.994,0.373,1.261
canny_hough,otsu,binary,104,1,1,0.6,304.26,144.26,3.383,6.512,0.993,0.377,1.048
canny_hough,otsu,binary,105,1,1,0.3,281.77,121.77,5.125,8.205,0.992,0.372,0.962
canny_hough,otsu,binary,106,1,1,0.3,281.77,121.77,5.119,8.139,0.996,0.377,0.964
canny_hough,otsu,binary,107,1,1,0.3,253.94,93.94,2.662,5.799,0.984,0.377,1.102
canny_hough,otsu,binary,108,1,1,0.3,253.94,93.94,2.634,5.684,0.982,0.421,0.972
canny_hough,otsu,binary,109,1,1,0.3,266.91,106.91,4.495,7.493,0.989,0.374,0.949
canny_hough,otsu,binary,110,1,1,0.3,266.91,106.91,4.521,7.722,0.986,0.374,1.112
canny_hough,otsu,binary,111,1,1,0.3,266.91,106.91,4.482,7.514,1.039,0.379,0.946
canny_hough,otsu,binary,112,0,0,0.0,0.0,,2.769,5.834,1.044,0.38,0.961
canny_hough,otsu,binary,113,0,0,0.0,0.0,,3.659,6.663,0.991,0.372,0.97
canny_hough,otsu,binary,114,0,0,0.0,0.0,,3.661,6.848,0.989,0.37,1.061
canny_hough,otsu,binary,115,1,1,0.3,0.0,-160.0,4.101,7.154,0.981,0.425,0.981
canny_hough,otsu,binary,116,1,1,0.3,0.0,-160.0,4.114,7.222,0.984,0.378,1.077
canny_hough,otsu,binary,117,1,1,0.6,0.0,-160.0,4.315,7.427,0.994,0.377,0.98
canny_hough,otsu,binary,118,1,1,0.6,0.0,-160.0,4.61,7.632,0.992,0.378,0.962
canny_hough,otsu,binary,119,1,1,0.6,0.0,-160.0,4.516,7.517,0.978,0.372,0.961
canny_hough,otsu,binary,120,1,1,0.6,0.0,-160.0,4.878,9.036,0.995,0.375,2.041
canny_hough,otsu,binary,121,1,1,0.6,0.0,-160.0,4.637,7.669,0.986,0.378,0.974
canny_hough,otsu,binary,122,1,1,0.6,0.0,-160.0,4.665,7.687,0.984,0.373,0.972
canny_hough,otsu,binary,123,1,1,0.6,0.0,-160.0,4.646,7.744,0.99,0.378,0.976
canny_hough,otsu,binary,124,1,1,0.6,0.0,-160.0,4.699,7.815,0.985,0.374,1.038
canny_hough,otsu,binary,125,1,1,0.6,42.12,-117.88,4.74,7.767,0.98,0.379,0.966
canny_hough,otsu,binary,126,1,1,0.6,67.45,-92.55,4.492,7.65,0.993,0.375,1.044
canny_hough,otsu,binary,127,1,1,0.6,67.45,-92.55,4.457,7.626,0.992,0.378,1.048
canny_hough,otsu,binary,128,0,0,0.0,0.0,,4.465,7.69,1.047,0.381,1.117
canny_hough,otsu,binary,129,0,0,0.0,0.0,,4.356,7.637,1.04,0.385,1.16
canny_hough,otsu,binary,130,0,0,0.0,0.0,,4.375,7.623,1.038,0.38,1.163
canny_hough,otsu,binary,131,0,0,0.0,0.0,,4.264,7.323,0.994,0.428,0.954
canny_hough,otsu,binary,132,0,0,0.0,0.0,,4.315,7.564,0.993,0.374,1.191
canny_hough,otsu,binary,133,1,1,0.6,319.0,159.0,4.258,7.353,0.994,0.377,1.032
canny_hough,otsu,binary,134,1,1,0.6,319.0,159.0,4.349,7.385,0.986,0.372,0.954
canny_hough,otsu,binary,135,1,1,0.6,319.0,159.0,4.245,7.221,0.982,0.378,0.94
canny_hough,otsu,binary,136,1,1,0.3,319.0,159.0,4.15,7.389,1.049,0.382,1.129
canny_hough,otsu,binary,137,1,1,0.45,319.0,159.0,4.175,7.415,1.065,0.383,1.107
canny_hough,otsu,binary,138,1,1,0.45,319.0,159.0,4.158,7.37,0.985,0.425,1.122
canny_hough,otsu,binary,139,1,1,0.45,319.0,159.0,4.158,7.382,0.984,0.374,1.198
canny_hough,otsu,binary,140,1,1,0.6,154.47,-5.53,4.736,7.838,0.992,0.38,1.049
canny_hough,otsu,binary,141,1,1,0.6,235.4,75.4,5.53,8.651,0.983,0.377,0.988
canny_hough,otsu,binary,142,1,1,0.6,243.1,83.1,5.881,9.264,0.99,0.375,1.335
canny_hough,otsu,binary,143,1,1,0.6,243.1,83.1,5.902,8.968,1.026,0.381,0.979
canny_hough,otsu,binary,144,1,1,0.6,216.22,56.22,6.238,9.351,0.983,0.378,1.031
canny_hough,otsu,binary,145,0,0,0.0,0.0,,1.342,4.497,0.984,0.375,1.113
canny_hough,otsu,binary,146,0,0,0.0,0.0,,0.669,3.682,0.98,0.374,1.011
canny_hough,otsu,binary,147,0,0,0.0,0.0,,0.675,3.753,0.975,0.374,1.082
canny_hough,otsu,binary,148,0,0,0.0,0.0,,0.674,3.742,0.973,0.375,1.071
canny_hough,otsu,binary,149,0,0,0.0,0.0,,0.677,3.699,0.965,0.371,1.028
canny_hough,otsu,binary,150,0,0,0.0,0.0,,1.912,5.057,0.965,0.376,1.171
canny_hough,otsu,binary,151,0,0,0.0,0.0,,1.885,5.044,0.98,0.419,1.114
canny_hough,otsu,binary,152,0,0,0.0,0.0,,1.99,5.028,1.031,0.379,0.965
canny_hough,otsu,binary,153,0,0,0.0,0.0,,3.482,6.596,0.983,0.37,1.099
canny_hough,otsu,binary,154,0,0,0.0,0.0,,3.469,6.549,1.034,0.378,0.962
canny_hough,otsu,binary,155,0,0,0.0,0.0,,3.452,6.645,0.977,0.377,1.168
canny_hough,otsu,binary,156,0,0,0.0,0.0,,3.114,6.109,0.984,0.371,0.962
canny_hough,otsu,binary,157,1,1,0.3,319.0,159.0,4.446,7.575,1.015,0.382,1.075
canny_hough,otsu,binary,158,1,1,0.3,319.0,159.0,4.455,7.882,0.979,0.477,1.311
canny_hough,otsu,binary,159,1,1,0.15,319.0,159.0,4.2,7.24,0.99,0.427,0.946
canny_hough,otsu,binary,160,0,0,0.0,0.0,,1.737,4.803,0.989,0.373,1.027
canny_hough,otsu,binary,161,1,1,0.3,319.0,159.0,4.185,7.296,0.977,0.419,1.067
canny_hough,otsu,binary,162,1,1,0.3,319.0,159.0,4.213,7.287,0.995,0.376,1.032
canny_hough,otsu,binary,163,1,1,0.6,319.0,159.0,4.837,7.991,0.99,0.375,1.038
canny_hough,otsu,binary,164,1,1,0.6,319.0,159.0,4.966,8.708,1.081,0.444,1.44
canny_hough,otsu,binary,165,1,1,0.15,319.0,159.0,3.415,6.598,0.989,0.382,1.118
canny_hough,otsu,binary,166,0,0,0.0,0.0,,3.057,6.275,1.004,0.385,1.128
canny_hough,otsu,binary,167,0,0,0.0,0.0,,3.052,6.215,1.056,0.392,1.025
canny_hough,otsu,binary,168,0,0,0.0,0.0,,2.985,6.277,1.001,0.381,1.206
canny_hough,otsu,binary,169,1,1,0.45,319.0,159.0,4.352,7.644,1.054,0.387,1.142
canny_hough,otsu,binary,170,1,1,0.45,319.0,159.0,4.416,7.573,1.052,0.397,1.01
canny_hough,otsu,binary,171,1,1,0.45,319.0,159.0,4.384,7.519,1.047,0.391,1.0
canny_hough,otsu,binary,172,1,1,0.3,319.0,159.0,3.428,6.571,0.998,0.44,1.005
canny_hough,otsu,binary,173,1,1,0.15,319.0,159.0,3.135,6.426,0.994,0.385,1.124
canny_hough,otsu,binary,174,1,1,0.3,319.0,159.0,3.95,7.223,1.135,0.391,1.005
canny_hough,otsu,binary,175,1,1,0.3,319.0,159.0,3.923,7.182,1.046,0.389,1.125
canny_hough,otsu,binary,176,1,1,0.45,319.0,159.0,4.274,7.563,1.004,0.384,1.19
canny_hough,otsu,binary,177,1,1,0.45,319.0,159.0,4.289,7.451,0.992,0.382,1.083
canny_hough,otsu,binary,178,1,1,0.45,319.0,159.0,4.357,7.637,0.997,0.38,1.2
canny_hough,otsu,binary,179,1,1,0.45,319.0,159.0,4.368,7.445,0.999,0.385,0.993
canny_hough,otsu,binary,180,1,1,0.15,319.0,159.0,3.047,6.154,1.005,0.386,1.006
canny_hough,otsu,binary,181,1,1,0.3,319.0,159.0,3.96,7.141,0.991,0.442,1.047
canny_hough,otsu,binary,182,1,1,0.3,319.0,159.0,3.674,6.899,1.005,0.384,1.138
canny_hough,otsu,binary,183,1,1,0.3,319.0,159.0,3.68,6.784,1.003,0.383,1.021
canny_hough,otsu,binary,184,1,1,0.3,319.0,159.0,3.66,6.798,1.058,0.383,0.979
canny_hough,otsu,binary,185,1,1,0.3,319.0,159.0,3.698,6.751,0.982,0.428,0.955
canny_hough,otsu,binary,186,1,1,0.3,319.0,159.0,3.54,6.784,0.991,0.38,1.188
canny_hough,otsu,binary,187,1,1,0.3,319.0,159.0,3.635,6.77,0.987,0.375,1.092
canny_hough,otsu,binary,188,1,1,0.15,319.0,159.0,4.071,7.264,1.03,0.381,1.084
canny_hough,otsu,binary,189,1,1,0.6,319.0,159.0,4.198,7.235,0.99,0.421,0.942
canny_hough,otsu,binary,190,1,1,0.6,319.0,159.0,4.208,7.394,0.994,0.374,1.127
canny_hough,otsu,binary,191,1,1,0.6,319.0,159.0,4.225,7.385,0.982,0.372,1.055
canny_hough,otsu,binary,192,1,1,0.45,319.0,159.0,3.796,6.781,0.991,0.372,0.943
canny_hough,otsu,binary,193,1,1,0.15,319.0,159.0,3.703,6.757,1.035,0.382,0.955
canny_hough,otsu,binary,194,0,0,0.0,0.0,,4.461,7.629,0.986,0.376,1.092
canny_hough,otsu,binary,195,0,0,0.0,0.0,,4.44,7.614,0.99,0.378,1.12
canny_hough,otsu,binary,196,1,1,0.45,319.0,159.0,3.76,6.867,0.996,0.372,1.044
canny_hough,otsu,binary,197,1,1,0.15,319.0,159.0,3.079,6.07,0.987,0.377,0.939
canny_hough,otsu,binary,198,1,1,0.15,319.0,159.0,3.101,6.139,0.98,0.424,0.95
canny_hough,otsu,binary,199,1,1,0.45,319.0,159.0,3.429,6.412,0.99,0.373,0.939
canny_hough,otsu,binary,200,1,1,0.45,319.0,159.0,3.421,6.466,1.038,0.381,0.941
canny_hough,otsu,binary,201,1,1,0.45,319.0,159.0,3.839,6.956,0.987,0.371,1.089
canny_hough,otsu,binary,202,1,1,0.6,319.0,159.0,3.997,7.011,0.982,0.372,0.967
canny_hough,otsu,binary,203,1,1,0.6,319.0,159.0,3.982,7.118,0.973,0.372,1.061
canny_hough,otsu,binary,204,1,1,0.45,319.0,159.0,4.12,7.277,1.041,0.379,1.016
canny_hough,otsu,binary,205,1,1,0.6,319.0,159.0,3.964,6.965,0.973,0.372,0.985
canny_hough,otsu,binary,206,1,1,0.6,319.0,159.0,3.975,7.112,0.991,0.376,1.088
canny_hough,otsu,binary,207,1,1,0.6,319.0,159.0,4.165,7.151,0.985,0.375,0.948
canny_hough,otsu,binary,208,1,1,0.6,319.0,159.0,4.447,7.576,0.992,0.371,1.012
canny_hough,otsu,binary,209,1,1,0.6,319.0,159.0,4.378,7.409,1.026,0.379,0.939
canny_hough,otsu,binary,210,1,1,0.6,319.0,159.0,4.382,7.498,1.035,0.377,1.016
canny_hough,otsu,binary,211,1,1,0.6,319.0,159.0,4.28,7.314,0.983,0.419,0.955
canny_hough,otsu,binary,212,1,1,0.6,319.0,159.0,4.314,7.45,0.981,0.373,1.094
canny_hough,otsu,binary,213,1,1,0.6,311.31,151.31,3.924,7.034,0.988,0.372,0.977
canny_hough,otsu,binary,214,1,1,0.6,311.31,151.31,3.911,6.91,0.974,0.373,0.929
canny_hough,otsu,binary,215,1,1,0.6,276.52,116.52,4.792,7.924,1.027,0.378,1.065
canny_hough,otsu,binary,216,1,1,0.6,242.75,82.75,5.03,8.11,1.035,0.376,0.966
canny_hough,otsu,binary,217,1,1,0.6,245.98,85.98,5.235,8.281,1.039,0.379,0.951
canny_hough,otsu,binary,218,1,1,0.45,232.7,72.7,3.716,6.809,0.998,0.377,0.964
canny_hough,otsu,binary,219,1,1,0.45,232.7,72.7,3.721,6.8,0.981,0.424,0.987
canny_hough,otsu,binary,220,1,1,0.6,232.83,72.83,3.54,6.575,0.979,0.37,1.01
canny_hough,otsu,binary,221,1,1,0.45,218.62,58.62,3.1,6.183,0.977,0.379,0.985
canny_hough,otsu,binary,222,1,1,0.45,218.62,58.62,3.121,6.216,0.993,0.422,0.998
canny_hough,otsu,binary,223,1,1,0.45,218.62,58.62,3.111,6.168,0.991,0.376,1.005
canny_hough,otsu,binary,224,1,1,0.45,218.62,58.62,3.099,6.231,1.034,0.382,1.004
canny_hough,otsu,binary,225,1,1,0.3,215.03,55.03,6.443,9.462,0.982,0.374,0.992
canny_hough,otsu,binary,226,1,1,0.3,215.03,55.03,6.422,9.588,0.991,0.422,1.008
canny_hough,otsu,binary,227,1,1,0.3,211.05,51.05,6.551,9.587,0.991,0.377,0.981
canny_hough,otsu,binary,228,1,1,0.3,211.05,51.05,6.541,9.755,0.986,0.379,1.178
canny_hough,otsu,binary,229,1,1,0.3,215.37,55.37,4.992,8.158,0.994,0.378,1.049
canny_hough,otsu,binary,230,1,1,0.3,219.26,59.26,4.957,8.091,0.996,0.372,0.994
canny_hough,otsu,binary,231,1,1,0.3,219.26,59.26,5.048,8.153,0.985,0.376,0.996
canny_hough,otsu,binary,232,1,1,0.45,211.44,51.44,6.837,9.969,0.985,0.376,1.087
canny_hough,otsu,binary,233,1,1,0.3,216.65,56.65,6.718,9.915,0.984,0.378,1.143
canny_hough,otsu,binary,234,1,1,0.3,217.08,57.08,6.444,9.518,0.988,0.376,1.02
canny_hough,otsu,binary,235,1,1,0.3,217.08,57.08,6.424,9.577,0.997,0.38,1.084
canny_hough,otsu,binary,236,1,1,0.3,214.2,54.2,6.477,9.583,1.032,0.382,1.009
canny_hough,otsu,binary,237,1,1,0.3,215.96,55.96,6.486,9.603,0.993,0.373,1.0
canny_hough,otsu,binary,238,1,1,0.3,215.96,55.96,6.628,9.744,1.032,0.384,1.018
canny_hough,otsu,binary,239,1,1,0.15,217.34,57.34,6.411,9.49,1.007,0.373,0.998
canny_hough,otsu,binary,240,1,1,0.15,217.34,57.34,6.43,9.66,0.99,0.374,1.182
canny_hough,otsu,binary,241,1,1,0.3,215.63,55.63,6.312,9.427,0.994,0.378,0.994
canny_hough,otsu,binary,242,1,1,0.3,218.97,58.97,6.445,9.572,0.988,0.378,1.003
canny_hough,otsu,binary,243,1,1,0.3,218.97,58.97,6.463,9.688,1.051,0.384,1.106
canny_hough,otsu,binary,244,1,1,0.3,214.87,54.87,6.608,9.703,0.98,0.377,1.024
canny_hough,otsu,binary,245,1,1,0.15,216.94,56.94,6.389,9.486,0.98,0.422,1.019
canny_hough,otsu,binary,246,1,1,0.15,216.94,56.94,6.488,9.641,0.995,0.374,1.028
canny_hough,otsu,binary,247,1,1,0.15,214.68,54.68,6.376,9.626,0.985,0.379,1.199
canny_hough,otsu,binary,248,1,1,0.15,214.68,54.68,6.542,9.766,1.043,0.378,1.117
canny_hough,otsu,binary,249,1,1,0.3,217.86,57.86,6.484,9.593,0.987,0.377,0.998
canny_hough,otsu,binary,250,1,1,0.3,217.86,57.86,6.566,9.66,1.026,0.377,1.015
canny_hough,otsu,binary,251,1,1,0.3,217.87,57.87,6.484,9.537,0.991,0.376,1.001
canny_hough,otsu,binary,252,1,1,0.3,217.87,57.87,6.522,9.649,0.996,0.378,1.061
canny_hough,otsu,binary,253,1,1,0.3,219.2,59.2,6.544,9.662,1.0,0.379,0.995
canny_hough,otsu,binary,254,1,1,0.3,219.2,59.2,6.6,9.78,0.983,0.378,1.091
canny_hough,otsu,binary,255,1,1,0.3,219.2,59.2,6.587,9.708,1.035,0.38,1.006
canny_hough,otsu,binary,256,1,1,0.15,217.77,57.77,6.415,9.567,0.988,0.382,1.01
canny_hough,otsu,binary,257,1,1,0.3,218.59,58.59,6.388,9.494,1.029,0.377,1.011
canny_hough,otsu,binary,258,1,1,0.3,218.59,58.59,6.433,9.48,0.979,0.371,1.008
canny_hough,otsu,binary,259,1,1,0.3,215.13,55.13,6.494,9.801,0.998,0.374,1.251
canny_hough,otsu,binary,260,1,1,0.3,217.85,57.85,6.421,9.511,1.036,0.38,1.0
canny_hough,otsu,binary,261,1,1,0.3,219.94,59.94,6.24,9.371,0.986,0.378,1.008
canny_hough,otsu,binary,262,1,1,0.3,219.94,59.94,6.369,9.561,0.979,0.42,1.115
canny_hough,otsu,binary,263,1,1,0.3,219.85,59.85,6.438,9.498,0.981,0.377,1.015
canny_hough,otsu,binary,264,1,1,0.3,219.85,59.85,6.463,9.733,0.985,0.378,1.203
canny_hough,otsu,binary,265,1,1,0.3,217.32,57.32,6.73,9.947,1.05,0.379,1.112
canny_hough,otsu,binary,266,1,1,0.3,217.32,57.32,6.643,9.778,0.987,0.375,1.081
canny_hough,otsu,binary,267,1,1,0.3,219.85,59.85,6.451,9.583,1.037,0.381,1.012
canny_hough,otsu,binary,268,1,1,0.3,219.85,59.85,6.417,9.554,0.996,0.377,1.013
canny_hough,otsu,binary,269,1,1,0.3,219.91,59.91,6.587,9.81,1.04,0.386,1.11
canny_hough,otsu,binary,270,1,1,0.3,219.91,59.91,6.602,9.672,0.994,0.376,1.018
canny_hough,otsu,binary,271,1,1,0.3,217.37,57.37,6.195,9.303,0.986,0.379,1.054
canny_hough,otsu,binary,272,1,1,0.3,217.37,57.37,6.385,9.537,1.064,0.381,1.019
canny_hough,otsu,binary,273,1,1,0.3,217.87,57.87,6.427,9.657,0.991,0.373,1.175
canny_hough,otsu,binary,274,1,1,0.15,217.12,57.12,6.486,9.747,1.032,0.38,1.114
canny_hough,otsu,binary,275,1,1,0.15,217.12,57.12,6.421,9.459,0.984,0.374,0.994
canny_hough,otsu,binary,276,1,1,0.3,219.14,59.14,6.334,9.443,0.992,0.374,1.062
canny_hough,otsu,binary,277,1,1,0.15,218.66,58.66,6.426,9.537,0.992,0.379,0.999
canny_hough,otsu,binary,278,1,1,0.3,218.22,58.22,6.701,9.819,0.978,0.375,1.077
canny_hough,otsu,binary,279,1,1,0.3,218.22,58.22,6.684,9.878,1.032,0.377,1.104
canny_hough,otsu,binary,280,1,1,0.3,219.67,59.67,6.439,9.658,0.987,0.381,1.11
canny_hough,otsu,binary,281,1,1,0.3,217.48,57.48,6.724,9.931,1.035,0.382,1.112
canny_hough,otsu,binary,282,1,1,0.3,219.52,59.52,6.893,10.056,0.99,0.378,1.109
canny_hough,otsu,binary,283,1,1,0.3,219.52,59.52,6.602,9.828,1.046,0.382,1.11
canny_hough,otsu,binary,284,1,1,0.3,215.99,55.99,6.922,10.597,1.115,0.445,1.391
canny_hough,otsu,binary,285,1,1,0.3,216.58,56.58,6.675,9.885,1.041,0.386,1.107
canny_hough,otsu,binary,286,1,1,0.3,217.77,57.77,6.668,9.935,0.996,0.378,1.203
canny_hough,otsu,binary,287,1,1,0.3,217.77,57.77,6.677,9.862,1.032,0.378,1.101
canny_hough,otsu,binary,288,1,1,0.15,219.84,59.84,6.529,9.672,0.986,0.378,1.09
canny_hough,otsu,binary,289,1,1,0.3,217.42,57.42,6.497,9.701,1.034,0.38,1.111
canny_hough,otsu,binary,290,1,1,0.3,217.42,57.42,6.727,9.791,0.99,0.379,1.002
canny_hough,otsu,binary,291,1,1,0.3,220.23,60.23,6.617,9.855,0.996,0.431,1.134
canny_hough,otsu,binary,292,1,1,0.15,219.84,59.84,6.586,9.748,0.991,0.376,1.111
canny_hough,otsu,binary,293,1,1,0.3,217.95,57.95,6.137,9.226,0.984,0.421,1.001
canny_hough,otsu,binary,294,1,1,0.3,217.95,57.95,6.278,9.446,1.063,0.377,1.01
canny_hough,otsu,binary,295,1,1,0.3,216.16,56.16,6.346,9.452,0.978,0.376,1.003
canny_hough,otsu,binary,296,1,1,0.3,218.73,58.73,6.429,9.649,0.987,0.426,1.111
canny_hough,otsu,binary,297,1,1,0.3,219.2,59.2,6.498,9.66,0.994,0.378,1.106
canny_hough,otsu,binary,298,1,1,0.3,219.2,59.2,6.585,9.711,0.991,0.378,1.069
canny_hough,otsu,binary,299,1,1,0.15,217.12,57.12,6.317,9.448,0.991,0.377,1.003
canny_hough,otsu,binary,300,1,1,0.15,217.12,57.12,6.325,9.555,0.993,0.378,1.173
canny_hough,otsu,binary,301,1,1,0.3,220.23,60.23,6.431,9.632,1.031,0.382,1.109
canny_hough,otsu,binary,302,1,1,0.3,215.03,55.03,6.504,9.671,0.996,0.375,1.104
canny_hough,otsu,binary,303,1,1,0.3,215.03,55.03,6.394,9.486,0.997,0.421,1.004
canny_hough,otsu,binary,304,1,1,0.3,217.48,57.48,6.513,9.673,0.989,0.377,1.021
canny_hough,otsu,binary,305,1,1,0.3,218.13,58.13,6.452,9.685,0.983,0.376,1.188
canny_hough,otsu,binary,306,1,1,0.3,218.14,58.14,6.474,9.696,1.039,0.382,1.102
canny_hough,otsu,binary,307,1,1,0.3,218.14,58.14,6.365,9.488,0.989,0.376,1.009
canny_hough,otsu,binary,308,1,1,0.3,219.06,59.06,6.66,9.864,1.04,0.387,1.09
canny_hough,otsu,binary,309,1,1,0.3,223.75,63.75,2.864,5.891,0.98,0.374,0.983
canny_hough,otsu,binary,310,1,1,0.15,224.64,64.64,5.023,8.132,0.985,0.424,1.015
canny_hough,otsu,binary,311,1,1,0.15,224.64,64.64,4.935,8.097,1.041,0.385,1.056
canny_hough,otsu,binary,312,1,1,0.3,221.51,61.51,5.239,8.326,1.027,0.381,0.992
canny_hough,otsu,binary,313,1,1,0.3,224.28,64.28,5.039,8.165,1.033,0.385,1.028
canny_hough,otsu,binary,314,1,1,0.3,224.28,64.28,5.065,8.239,1.041,0.381,1.042
canny_hough,otsu,binary,315,1,1,0.3,220.25,60.25,4.909,8.016,0.98,0.375,0.997
canny_hough,otsu,binary,316,1,1,0.3,220.8,60.8,6.417,9.62,0.984,0.374,1.108
canny_hough,otsu,binary,317,1,1,0.3,221.93,61.93,6.482,9.605,0.995,0.378,1.062
canny_hough,otsu,binary,318,1,1,0.3,221.93,61.93,6.62,9.726,1.036,0.382,1.002
canny_hough,otsu,binary,319,1,1,0.3,218.59,58.59,5.631,8.756,0.992,0.378,1.072
canny_hough,otsu,binary,320,1,1,0.3,221.97,61.97,6.389,9.508,0.979,0.375,1.084
canny_hough,otsu,binary,321,1,1,0.3,222.1,62.1,6.521,9.643,1.05,0.382,0.999
canny_hough,otsu,binary,322,1,1,0.3,222.1,62.1,6.47,9.721,1.002,0.38,1.107
canny_hough,otsu,binary,323,1,1,0.3,219.39,59.39,6.167,9.262,1.028,0.378,1.004
canny_hough,otsu,binary,324,1,1,0.3,219.39,59.39,6.248,9.335,0.991,0.378,1.004
canny_hough,otsu,binary,325,1,1,0.3,219.87,59.87,6.432,9.668,0.989,0.379,1.19
canny_hough,otsu,binary,326,1,1,0.3,219.87,59.87,6.578,9.685,1.033,0.377,1.023
canny_hough,otsu,binary,327,1,1,0.3,222.83,62.83,6.355,9.423,0.984,0.378,1.019
canny_hough,otsu,binary,328,1,1,0.3,222.83,62.83,6.34,9.448,0.999,0.421,1.001
canny_hough,otsu,binary,329,1,1,0.3,220.28,60.28,6.311,9.517,0.985,0.376,1.1
canny_hough,otsu,binary,330,1,1,0.3,220.28,60.28,6.336,9.583,0.992,0.379,1.191
canny_hough,otsu,binary,331,1,1,0.15,219.9,59.9,6.187,9.407,1.034,0.385,1.118
canny_hough,otsu,binary,332,1,1,0.15,219.9,59.9,6.222,9.3,0.996,0.376,1.02
canny_hough,otsu,binary,333,1,1,0.3,222.06,62.06,6.292,9.409,0.993,0.377,1.069
canny_hough,otsu,binary,334,1,1,0.3,222.06,62.06,6.34,9.518,1.059,0.381,1.012
canny_hough,otsu,binary,335,1,1,0.3,219.37,59.37,6.42,9.483,0.995,0.38,1.003
canny_hough,otsu,binary,336,1,1,0.3,221.24,61.24,6.493,9.606,0.993,0.424,1.012
canny_hough,otsu,binary,337,1,1,0.3,219.57,59.57,6.235,9.263,0.98,0.373,0.997
canny_hough,otsu,binary,338,1,1,0.3,219.57,59.57,6.239,9.366,0.983,0.378,1.093
canny_hough,otsu,binary,339,1,1,0.3,223.89,63.89,6.288,9.5,1.04,0.38,1.109
canny_hough,otsu,binary,340,1,1,0.3,220.85,60.85,6.321,9.472,0.987,0.377,1.11
canny_hough,otsu,binary,341,1,1,0.15,221.77,61.77,6.057,9.176,0.99,0.38,1.07
canny_hough,otsu,binary,342,1,1,0.15,221.77,61.77,6.158,9.258,1.034,0.38,1.006
canny_hough,otsu,binary,343,1,1,0.3,221.37,61.37,6.547,9.593,0.986,0.374,0.998
canny_hough,otsu,binary,344,1,1,0.3,222.77,62.77,6.315,9.57,0.99,0.378,1.166
canny_hough,otsu,binary,345,1,1,0.15,221.77,61.77,6.268,9.36,0.993,0.372,0.992
canny_hough,otsu,binary,346,1,1,0.15,221.77,61.77,6.29,9.418,0.986,0.379,1.067
canny_hough,otsu,binary,347,1,1,0.3,220.87,60.87,6.441,9.662,1.055,0.382,1.103
canny_hough,otsu,binary,348,1,1,0.3,220.87,60.87,6.421,9.457,0.982,0.375,1.005
canny_hough,otsu,binary,349,1,1,0.15,221.77,61.77,6.327,9.431,0.986,0.372,1.072
canny_hough,otsu,binary,350,1,1,0.3,220.91,60.91,6.386,9.598,1.038,0.375,1.126
canny_hough,otsu,binary,351,1,1,0.3,220.91,60.91,6.273,9.49,0.983,0.376,1.109
canny_hough,otsu,binary,352,1,1,0.3,223.22,63.22,6.533,9.654,0.992,0.423,1.02
canny_hough,otsu,binary,353,1,1,0.15,222.83,62.83,6.198,9.257,0.989,0.379,1.014
canny_hough,otsu,binary,354,1,1,0.3,220.91,60.91,6.25,9.517,0.993,0.379,1.19
canny_hough,otsu,binary,355,1,1,0.3,220.91,60.91,6.261,9.473,1.041,0.38,1.11
canny_hough,otsu,binary,356,1,1,0.3,217.1,57.1,6.588,9.656,0.997,0.381,1.004
canny_hough,otsu,binary,357,1,1,0.3,221.98,61.98,6.22,9.445,0.998,0.423,1.125
canny_hough,otsu,binary,358,1,1,0.3,221.2,61.2,6.544,9.759,0.985,0.374,1.111
canny_hough,otsu,binary,359,1,1,0.3,221.2,61.2,6.456,9.586,0.986,0.376,1.093
canny_hough,otsu,binary,360,1,1,0.15,221.65,61.65,6.329,9.57,1.06,0.379,1.124
canny_hough,adaptive,binary,0,0,0,0.0,0.0,,6.478,17.638,0.975,7.543,1.802
canny_hough,adaptive,binary,1,0,0,0.0,0.0,,9.921,23.415,1.229,9.024,2.295
canny_hough,adaptive,binary,2,0,0,0.0,0.0,,5.976,17.356,1.025,7.802,1.684
canny_hough,adaptive,binary,3,0,0,0.0,0.0,,4.416,14.646,1.067,7.322,1.133
canny_hough,adaptive,binary,4,0,0,0.0,0.0,,4.498,14.905,0.993,7.259,1.449
canny_hough,adaptive,binary,5,0,0,0.0,0.0,,4.592,14.689,0.997,7.22,1.176
canny_hough,adaptive,binary,6,0,0,0.0,0.0,,4.678,15.074,1.0,7.285,1.341
canny_hough,adaptive,binary,7,0,0,0.0,0.0,,4.416,14.598,1.057,7.207,1.21
canny_hough,adaptive,binary,8,0,0,0.0,0.0,,4.777,15.18,1.001,7.255,1.383
canny_hough,adaptive,binary,9,0,0,0.0,0.0,,4.457,14.738,0.997,7.216,1.362
canny_hough,adaptive,binary,10,0,0,0.0,0.0,,4.436,14.653,1.001,7.292,1.173
canny_hough,adaptive,binary,11,0,0,0.0,0.0,,4.878,15.344,0.997,7.293,1.482
canny_hough,adaptive,binary,12,0,0,0.0,0.0,,4.691,14.775,1.021,7.205,1.111
canny_hough,adaptive,binary,13,0,0,0.0,0.0,,4.336,14.365,1.052,7.188,1.104
canny_hough,adaptive,binary,14,0,0,0.0,0.0,,4.363,14.414,1.045,7.151,1.171
canny_hough,adaptive,binary,15,0,0,0.0,0.0,,5.158,15.233,1.054,7.163,1.16
canny_hough,adaptive,binary,16,0,0,0.0,0.0,,5.026,15.69,1.097,7.388,1.444
canny_hough,adaptive,binary,17,0,0,0.0,0.0,,5.204,17.341,1.972,7.976,1.441
canny_hough,adaptive,binary,18,0,0,0.0,0.0,,5.097,16.07,1.027,7.494,1.718
canny_hough,adaptive,binary,19,0,0,0.0,0.0,,4.768,15.445,1.12,7.397,1.456
canny_hough,adaptive,binary,20,0,0,0.0,0.0,,5.352,17.2,1.013,8.739,1.389
canny_hough,adaptive,binary,21,0,0,0.0,0.0,,4.648,14.962,1.062,7.339,1.194
canny_hough,adaptive,binary,22,0,0,0.0,0.0,,4.306,15.096,1.0,7.613,1.454
canny_hough,adaptive,binary,23,0,0,0.0,0.0,,4.277,14.613,1.011,7.261,1.351
canny_hough,adaptive,binary,24,0,0,0.0,0.0,,4.591,14.877,1.018,7.315,1.176
canny_hough,adaptive,binary,25,0,0,0.0,0.0,,4.62,15.065,1.054,7.223,1.459
canny_hough,adaptive,binary,26,0,0,0.0,0.0,,4.568,15.087,1.011,7.277,1.541
canny_hough,adaptive,binary,27,0,0,0.0,0.0,,4.536,14.427,0.992,7.131,1.099
canny_hough,adaptive,binary,28,0,0,0.0,0.0,,4.491,14.574,1.045,7.183,1.17
canny_hough,adaptive,binary,29,0,0,0.0,0.0,,4.555,14.736,0.988,7.142,1.303
canny_hough,adaptive,binary,30,0,0,0.0,0.0,,4.758,14.902,0.996,7.153,1.306
canny_hough,adaptive,binary,31,0,0,0.0,0.0,,4.627,14.813,0.99,7.122,1.305
canny_hough,adaptive,binary,32,0,0,0.0,0.0,,4.46,14.577,1.04,7.121,1.243
canny_hough,adaptive,binary,33,0,0,0.0,0.0,,4.444,14.562,0.994,7.116,1.322
canny_hough,adaptive,binary,34,0,0,0.0,0.0,,4.477,14.669,0.997,7.162,1.292
canny_hough,adaptive,binary,35,0,0,0.0,0.0,,4.348,14.54,1.042,7.083,1.389
canny_hough,adaptive,binary,36,0,0,0.0,0.0,,4.323,14.281,0.998,7.146,1.129
canny_hough,adaptive,binary,37,0,0,0.0,0.0,,4.413,14.442,1.063,7.168,1.121
canny_hough,adaptive,binary,38,0,0,0.0,0.0,,4.531,14.503,0.994,7.158,1.134
canny_hough,adaptive,binary,39,0,0,0.0,0.0,,4.298,14.24,0.983,7.149,1.127
canny_hough,adaptive,binary,40,0,0,0.0,0.0,,4.341,14.391,1.027,7.124,1.214
canny_hough,adaptive,binary,41,0,0,0.0,0.0,,4.657,14.537,0.987,7.102,1.119
canny_hough,adaptive,binary,42,0,0,0.0,0.0,,4.283,14.535,0.994,7.175,1.298
canny_hough,adaptive,binary,43,0,0,0.0,0.0,,4.528,14.542,0.985,7.142,1.202
canny_hough,adaptive,binary,44,0,0,0.0,0.0,,4.489,14.465,0.998,7.146,1.145
canny_hough,adaptive,binary,45,0,0,0.0,0.0,,4.457,14.666,0.992,7.162,1.302
canny_hough,adaptive,binary,46,0,0,0.0,0.0,,4.482,14.704,0.998,7.163,1.368
canny_hough,adaptive,binary,47,0,0,0.0,0.0,,4.544,14.442,0.981,7.11,1.127
canny_hough,adaptive,binary,48,0,0,0.0,0.0,,4.56,14.81,0.997,7.188,1.305
canny_hough,adaptive,binary,49,0,0,0.0,0.0,,4.483,14.476,0.987,7.124,1.201
canny_hough,adaptive,binary,50,0,0,0.0,0.0,,4.453,14.574,0.982,7.142,1.31
canny_hough,adaptive,binary,51,0,0,0.0,0.0,,4.618,14.634,0.995,7.156,1.121
canny_hough,adaptive,binary,52,0,0,0.0,0.0,,4.522,14.803,0.995,7.181,1.388
canny_hough,adaptive,binary,53,0,0,0.0,0.0,,4.466,14.538,0.981,7.106,1.305
canny_hough,adaptive,binary,54,0,0,0.0,0.0,,4.171,14.23,0.988,7.185,1.132
canny_hough,adaptive,binary,55,0,0,0.0,0.0,,4.345,14.484,0.991,7.118,1.309
canny_hough,adaptive,binary,56,0,0,0.0,0.0,,4.296,14.284,0.986,7.177,1.142
canny_hough,adaptive,binary,57,0,0,0.0,0.0,,4.639,14.868,1.036,7.098,1.401
canny_hough,adaptive,binary,58,0,0,0.0,0.0,,4.423,14.584,0.989,7.157,1.326
canny_hough,adaptive,binary,59,0,0,0.0,0.0,,4.297,14.401,0.988,7.142,1.301
canny_hough,adaptive,binary,60,0,0,0.0,0.0,,4.323,14.59,1.033,7.134,1.411
canny_hough,adaptive,binary,61,0,0,0.0,0.0,,4.535,14.643,0.993,7.115,1.31
canny_hough,adaptive,binary,62,0,0,0.0,0.0,,4.552,14.779,0.994,7.189,1.323
canny_hough,adaptive,binary,63,0,0,0.0,0.0,,4.47,14.682,1.045,7.102,1.379
canny_hough,adaptive,binary,64,0,0,0.0,0.0,,4.607,14.79,1.001,7.158,1.327
canny_hough,adaptive,binary,65,0,0,0.0,0.0,,4.567,14.556,0.99,7.198,1.101
canny_hough,adaptive,binary,66,0,0,0.0,0.0,,4.568,14.675,1.036,7.13,1.242
canny_hough,adaptive,binary,67,0,0,0.0,0.0,,4.71,14.635,1.002,7.122,1.113
canny_hough,adaptive,binary,68,0,0,0.0,0.0,,4.329,14.47,0.994,7.152,1.316
canny_hough,adaptive,binary,69,0,0,0.0,0.0,,4.62,14.626,1.033,7.084,1.182
canny_hough,adaptive,binary,70,0,0,0.0,0.0,,4.779,14.737,0.986,7.162,1.121
canny_hough,adaptive,binary,71,0,0,0.0,0.0,,4.715,14.777,0.977,7.144,1.266
canny_hough,adaptive,binary,72,1,1,0.6,319.0,159.0,3.448,13.647,1.06,7.176,1.243
canny_hough,adaptive,binary,73,0,0,0.0,0.0,,4.601,14.501,0.985,7.135,1.111
canny_hough,adaptive,binary,74,0,0,0.0,0.0,,4.573,14.598,0.994,7.167,1.119
canny_hough,adaptive,binary,75,0,0,0.0,0.0,,4.733,14.731,0.989,7.129,1.186
canny_hough,adaptive,binary,76,0,0,0.0,0.0,,4.666,14.804,0.997,7.153,1.305
canny_hough,adaptive,binary,77,0,0,0.0,0.0,,4.19,14.109,0.985,7.135,1.101
canny_hough,adaptive,binary,78,0,0,0.0,0.0,,4.258,14.326,0.988,7.211,1.111
canny_hough,adaptive,binary,79,0,0,0.0,0.0,,4.192,14.254,0.99,7.12,1.269
canny_hough,adaptive,binary,80,1,1,0.15,319.0,159.0,2.47,12.621,1.026,7.146,1.29
canny_hough,adaptive,binary,81,1,1,0.3,319.0,159.0,2.349,12.494,0.981,7.159,1.191
canny_hough,adaptive,binary,82,1,1,0.3,319.0,159.0,2.421,12.506,0.984,7.192,1.185
canny_hough,adaptive,binary,83,1,1,0.45,319.0,159.0,3.076,12.991,0.988,7.121,1.125
canny_hough,adaptive,binary,84,0,0,0.0,0.0,,3.938,13.872,0.993,7.14,1.121
canny_hough,adaptive,binary,85,0,0,0.0,0.0,,4.262,14.568,0.988,7.392,1.152
canny_hough,adaptive,binary,86,0,0,0.0,0.0,,4.322,14.733,1.003,7.287,1.422
canny_hough,adaptive,binary,87,0,0,0.0,0.0,,3.931,14.256,1.004,7.274,1.333
canny_hough,adaptive,binary,88,0,0,0.0,0.0,,3.716,14.083,1.06,7.291,1.309
canny_hough,adaptive,binary,89,0,0,0.0,0.0,,4.182,14.435,0.992,7.234,1.345
canny_hough,adaptive,binary,90,0,0,0.0,0.0,,4.149,14.558,0.998,7.424,1.28
canny_hough,adaptive,binary,91,0,0,0.0,0.0,,3.858,14.309,1.075,7.213,1.458
canny_hough,adaptive,binary,92,0,0,0.0,0.0,,3.844,14.024,1.009,7.253,1.181
canny_hough,adaptive,binary,93,0,0,0.0,0.0,,3.98,14.168,1.064,7.207,1.221
canny_hough,adaptive,binary,94,0,0,0.0,0.0,,4.138,14.463,1.0,7.243,1.347
canny_hough,adaptive,binary,95,0,0,0.0,0.0,,3.891,14.081,0.992,7.186,1.28
canny_hough,adaptive,binary,96,0,0,0.0,0.0,,4.397,14.639,0.998,7.185,1.297
canny_hough,adaptive,binary,97,0,0,0.0,0.0,,4.177,14.305,0.998,7.172,1.274
canny_hough,adaptive,binary,98,0,0,0.0,0.0,,4.219,14.284,1.045,7.141,1.184
canny_hough,adaptive,binary,99,0,0,0.0,0.0,,4.252,14.162,0.994,7.13,1.109
canny_hough,adaptive,binary,100,0,0,0.0,0.0,,4.118,14.343,0.987,7.197,1.294
canny_hough,adaptive,binary,101,0,0,0.0,0.0,,4.779,14.971,0.991,7.124,1.33
canny_hough,adaptive,binary,102,0,0,0.0,0.0,,4.422,14.599,0.99,7.153,1.324
canny_hough,adaptive,binary,103,0,0,0.0,0.0,,4.399,14.597,0.991,7.144,1.297
canny_hough,adaptive,binary,104,1,1,0.6,304.26,144.26,3.366,13.517,0.987,7.156,1.314
canny_hough,adaptive,binary,105,1,1,0.3,281.77,121.77,5.002,15.159,0.996,7.136,1.276
canny_hough,adaptive,binary,106,1,1,0.3,281.77,121.77,5.009,15.03,1.041,7.119,1.175
canny_hough,adaptive,binary,107,1,1,0.3,253.94,93.94,2.609,12.573,0.997,7.109,1.111
canny_hough,adaptive,binary,108,1,1,0.3,253.94,93.94,2.623,12.856,1.036,7.175,1.349
canny_hough,adaptive,binary,109,1,1,0.3,266.91,106.91,4.483,14.48,0.996,7.154,1.103
canny_hough,adaptive,binary,110,1,1,0.3,266.91,106.91,4.526,14.538,0.997,7.155,1.103
canny_hough,adaptive,binary,111,1,1,0.3,266.91,106.91,4.484,14.365,0.989,7.128,1.084
canny_hough,adaptive,binary,112,0,0,0.0,0.0,,2.702,12.823,1.043,7.13,1.179
canny_hough,adaptive,binary,113,0,0,0.0,0.0,,3.636,13.54,0.986,7.14,1.106
canny_hough,adaptive,binary,114,0,0,0.0,0.0,,3.674,13.722,0.991,7.158,1.222
canny_hough,adaptive,binary,115,1,1,0.3,0.0,-160.0,4.087,14.046,1.035,7.125,1.124
canny_hough,adaptive,binary,116,1,1,0.3,0.0,-160.0,4.128,14.037,0.978,7.142,1.102
canny_hough,adaptive,binary,117,1,1,0.6,0.0,-160.0,4.264,14.298,1.0,7.169,1.113
canny_hough,adaptive,binary,118,1,1,0.6,0.0,-160.0,4.539,14.65,0.988,7.161,1.214
canny_hough,adaptive,binary,119,1,1,0.6,0.0,-160.0,4.495,14.521,0.99,7.134,1.22
canny_hough,adaptive,binary,120,1,1,0.6,0.0,-160.0,4.82,14.949,1.04,7.122,1.278
canny_hough,adaptive,binary,121,1,1,0.6,0.0,-160.0,4.566,14.646,0.991,7.222,1.17
canny_hough,adaptive,binary,122,1,1,0.6,0.0,-160.0,4.584,14.578,0.986,7.161,1.123
canny_hough,adaptive,binary,123,1,1,0.6,0.0,-160.0,4.694,14.687,0.992,7.142,1.117
canny_hough,adaptive,binary,124,1,1,0.6,0.0,-160.0,4.683,14.721,0.993,7.165,1.194
canny_hough,adaptive,binary,125,1,1,0.6,42.12,-117.88,4.751,14.795,0.994,7.116,1.236
canny_hough,adaptive,binary,126,1,1,0.6,67.45,-92.55,4.446,14.534,0.993,7.204,1.199
canny_hough,adaptive,binary,127,1,1,0.6,67.45,-92.55,4.473,14.538,1.036,7.085,1.255
canny_hough,adaptive,binary,128,0,0,0.0,0.0,,4.464,14.432,0.998,7.146,1.129
canny_hough,adaptive,binary,129,0,0,0.0,0.0,,4.348,14.359,0.993,7.144,1.128
canny_hough,adaptive,binary,130,0,0,0.0,0.0,,4.406,14.646,0.996,7.152,1.41
canny_hough,adaptive,binary,131,0,0,0.0,0.0,,4.272,14.185,0.994,7.142,1.091
canny_hough,adaptive,binary,132,0,0,0.0,0.0,,4.283,14.335,1.037,7.126,1.164
canny_hough,adaptive,binary,133,1,1,0.6,319.0,159.0,4.251,14.122,0.998,7.103,1.09
canny_hough,adaptive,binary,134,1,1,0.6,319.0,159.0,4.224,14.403,0.986,7.181,1.263
canny_hough,adaptive,binary,135,1,1,0.6,319.0,159.0,4.339,14.203,0.98,7.135,1.074
canny_hough,adaptive,binary,136,1,1,0.3,319.0,159.0,4.165,14.119,0.983,7.182,1.078
canny_hough,adaptive,binary,137,1,1,0.45,319.0,159.0,4.155,14.268,0.996,7.123,1.304
canny_hough,adaptive,binary,138,1,1,0.45,319.0,159.0,4.157,14.235,0.992,7.144,1.26
canny_hough,adaptive,binary,139,1,1,0.45,319.0,159.0,4.164,14.267,1.027,7.076,1.31
canny_hough,adaptive,binary,140,1,1,0.6,154.47,-5.53,4.808,14.748,0.999,7.126,1.133
canny_hough,adaptive,binary,141,1,1,0.6,235.4,75.4,5.519,15.489,0.981,7.148,1.136
canny_hough,adaptive,binary,142,1,1,0.6,243.1,83.1,5.864,16.086,0.999,7.194,1.263
canny_hough,adaptive,binary,143,1,1,0.6,243.1,83.1,5.84,15.983,0.983,7.145,1.243
canny_hough,adaptive,binary,144,1,1,0.6,216.22,56.22,6.268,16.382,0.982,7.196,1.184
canny_hough,adaptive,binary,145,0,0,0.0,0.0,,1.303,11.308,0.983,7.14,1.19
canny_hough,adaptive,binary,146,0,0,0.0,0.0,,0.687,10.659,0.978,7.165,1.119
canny_hough,adaptive,binary,147,0,0,0.0,0.0,,0.691,10.717,0.972,7.147,1.265
canny_hough,adaptive,binary,148,0,0,0.0,0.0,,0.665,10.56,0.969,7.14,1.143
canny_hough,adaptive,binary,149,0,0,0.0,0.0,,0.667,10.668,0.973,7.165,1.17
canny_hough,adaptive,binary,150,0,0,0.0,0.0,,1.892,11.862,1.02,7.112,1.193
canny_hough,adaptive,binary,151,0,0,0.0,0.0,,1.894,11.843,0.972,7.166,1.152
canny_hough,adaptive,binary,152,0,0,0.0,0.0,,1.92,12.034,0.982,7.134,1.317
canny_hough,adaptive,binary,153,0,0,0.0,0.0,,3.392,13.34,0.987,7.143,1.162
canny_hough,adaptive,binary,154,0,0,0.0,0.0,,3.471,13.458,0.98,7.184,1.084
canny_hough,adaptive,binary,155,0,0,0.0,0.0,,3.445,13.469,0.977,7.119,1.26
canny_hough,adaptive,binary,156,0,0,0.0,0.0,,3.257,13.789,1.033,7.287,1.521
canny_hough,adaptive,binary,157,1,1,0.3,319.0,159.0,4.433,14.308,0.983,7.142,1.083
canny_hough,adaptive,binary,158,1,1,0.3,319.0,159.0,4.482,14.733,1.16,7.126,1.304
canny_hough,adaptive,binary,159,1,1,0.15,319.0,159.0,4.254,14.268,0.998,7.123,1.216
canny_hough,adaptive,binary,160,0,0,0.0,0.0,,1.825,12.003,0.992,7.369,1.138
canny_hough,adaptive,binary,161,1,1,0.3,319.0,159.0,4.266,14.248,0.973,7.145,1.198
canny_hough,adaptive,binary,162,1,1,0.3,319.0,159.0,4.198,14.365,1.035,7.122,1.3
canny_hough,adaptive,binary,163,1,1,0.6,319.0,159.0,4.76,14.774,0.988,7.137,1.207
canny_hough,adaptive,binary,164,1,1,0.6,319.0,159.0,4.806,14.952,1.001,7.173,1.226
canny_hough,adaptive,binary,165,1,1,0.15,319.0,159.0,3.324,13.349,1.037,7.101,1.191
canny_hough,adaptive,binary,166,0,0,0.0,0.0,,2.935,13.021,0.982,7.2,1.218
canny_hough,adaptive,binary,167,0,0,0.0,0.0,,2.899,12.929,0.978,7.13,1.248
canny_hough,adaptive,binary,168,0,0,0.0,0.0,,2.876,12.979,0.993,7.146,1.29
canny_hough,adaptive,binary,169,1,1,0.45,319.0,159.0,4.24,14.369,1.044,7.078,1.322
canny_hough,adaptive,binary,170,1,1,0.45,319.0,159.0,4.358,14.273,0.994,7.14,1.092
canny_hough,adaptive,binary,171,1,1,0.45,319.0,159.0,4.287,14.188,0.985,7.143,1.1
canny_hough,adaptive,binary,172,1,1,0.3,319.0,159.0,3.216,13.384,0.997,7.137,1.312
canny_hough,adaptive,binary,173,1,1,0.15,319.0,159.0,3.117,13.1,0.99,7.141,1.113
canny_hough,adaptive,binary,174,1,1,0.3,319.0,159.0,3.847,13.883,0.989,7.142,1.23
canny_hough,adaptive,binary,175,1,1,0.3,319.0,159.0,3.838,13.798,1.023,7.074,1.197
canny_hough,adaptive,binary,176,1,1,0.45,319.0,159.0,4.149,14.199,0.999,7.155,1.198
canny_hough,adaptive,binary,177,1,1,0.45,319.0,159.0,4.185,14.339,1.099,7.09,1.284
canny_hough,adaptive,binary,178,1,1,0.45,319.0,159.0,4.202,14.281,0.996,7.164,1.231
canny_hough,adaptive,binary,179,1,1,0.45,319.0,159.0,4.173,14.174,0.996,7.172,1.096
canny_hough,adaptive,binary,180,1,1,0.15,319.0,159.0,2.966,12.901,0.996,7.158,1.102
canny_hough,adaptive,binary,181,1,1,0.3,319.0,159.0,3.907,13.937,1.037,7.107,1.196
canny_hough,adaptive,binary,182,1,1,0.3,319.0,159.0,3.553,13.65,0.991,7.156,1.229
canny_hough,adaptive,binary,183,1,1,0.3,319.0,159.0,3.555,13.561,1.04,7.082,1.193
canny_hough,adaptive,binary,184,1,1,0.3,319.0,159.0,3.601,13.6,0.993,7.184,1.123
canny_hough,adaptive,binary,185,1,1,0.3,319.0,159.0,3.692,13.758,0.993,7.13,1.26
canny_hough,adaptive,binary,186,1,1,0.3,319.0,159.0,3.601,13.607,0.992,7.169,1.098
canny_hough,adaptive,binary,187,1,1,0.3,319.0,159.0,3.611,13.474,0.987,7.121,1.076
canny_hough,adaptive,binary,188,1,1,0.15,319.0,159.0,4.08,14.213,1.029,7.113,1.304
canny_hough,adaptive,binary,189,1,1,0.6,319.0,159.0,4.255,14.144,0.984,7.126,1.087
canny_hough,adaptive,binary,190,1,1,0.6,319.0,159.0,4.206,14.266,1.041,7.215,1.113
canny_hough,adaptive,binary,191,1,1,0.6,319.0,159.0,4.202,14.169,0.99,7.13,1.175
canny_hough,adaptive,binary,192,1,1,0.45,319.0,159.0,3.776,13.872,0.998,7.206,1.095
canny_hough,adaptive,binary,193,1,1,0.15,319.0,159.0,3.645,13.551,0.998,7.114,1.1
canny_hough,adaptive,binary,194,0,0,0.0,0.0,,4.455,14.463,1.058,7.181,1.086
canny_hough,adaptive,binary,195,0,0,0.0,0.0,,4.55,14.542,0.997,7.124,1.188
canny_hough,adaptive,binary,196,1,1,0.45,319.0,159.0,3.732,13.767,0.997,7.186,1.163
canny_hough,adaptive,binary,197,1,1,0.15,319.0,159.0,3.01,13.011,0.99,7.161,1.154
canny_hough,adaptive,binary,198,1,1,0.15,319.0,159.0,3.071,13.163,1.051,7.19,1.17
canny_hough,adaptive,binary,199,1,1,0.45,319.0,159.0,3.386,13.221,0.976,7.136,1.063
canny_hough,adaptive,binary,200,1,1,0.45,319.0,159.0,3.407,13.406,0.983,7.169,1.144
canny_hough,adaptive,binary,201,1,1,0.45,319.0,159.0,3.824,13.776,1.031,7.093,1.136
canny_hough,adaptive,binary,202,1,1,0.6,319.0,159.0,3.963,14.05,0.992,7.134,1.226
canny_hough,adaptive,binary,203,1,1,0.6,319.0,159.0,3.973,14.083,1.047,7.096,1.289
canny_hough,adaptive,binary,204,1,1,0.45,319.0,159.0,4.109,14.102,0.994,7.136,1.166
canny_hough,adaptive,binary,205,1,1,0.6,319.0,159.0,3.95,13.935,0.996,7.17,1.075
canny_hough,adaptive,binary,206,1,1,0.6,319.0,159.0,4.013,13.937,0.998,7.159,1.094
canny_hough,adaptive,binary,207,1,1,0.6,319.0,159.0,4.185,14.227,0.994,7.141,1.161
canny_hough,adaptive,binary,208,1,1,0.6,319.0,159.0,4.53,14.41,0.983,7.129,1.082
canny_hough,adaptive,binary,209,1,1,0.6,319.0,159.0,4.358,14.23,0.988,7.148,1.062
canny_hough,adaptive,binary,210,1,1,0.6,319.0,159.0,4.392,14.43,1.031,7.138,1.183
canny_hough,adaptive,binary,211,1,1,0.6,319.0,159.0,4.257,14.211,0.985,7.119,1.158
canny_hough,adaptive,binary,212,1,1,0.6,319.0,159.0,4.28,14.304,1.029,7.133,1.143
canny_hough,adaptive,binary,213,1,1,0.6,311.31,151.31,3.909,13.809,0.996,7.146,1.077
canny_hough,adaptive,binary,214,1,1,0.6,311.31,151.31,3.904,13.901,0.99,7.184,1.078
canny_hough,adaptive,binary,215,1,1,0.6,276.52,116.52,4.847,14.849,0.986,7.13,1.199
canny_hough,adaptive,binary,216,1,1,0.6,242.75,82.75,5.033,14.985,0.979,7.169,1.107
canny_hough,adaptive,binary,217,1,1,0.6,245.98,85.98,5.216,15.289,1.046,7.193,1.14
canny_hough,adaptive,binary,218,1,1,0.45,232.7,72.7,3.734,13.773,1.034,7.142,1.178
canny_hough,adaptive,binary,219,1,1,0.45,232.7,72.7,3.776,13.678,0.99,7.12,1.102
canny_hough,adaptive,binary,220,1,1,0.6,232.83,72.83,3.565,13.56,0.987,7.155,1.172
canny_hough,adaptive,binary,221,1,1,0.45,218.62,58.62,3.124,13.061,0.982,7.161,1.12
canny_hough,adaptive,binary,222,1,1,0.45,218.62,58.62,3.1,13.222,0.99,7.28,1.134
canny_hough,adaptive,binary,223,1,1,0.45,218.62,58.62,3.026,12.966,0.984,7.114,1.16
canny_hough,adaptive,binary,224,1,1,0.45,218.62,58.62,3.116,13.16,1.069,7.193,1.099
canny_hough,adaptive,binary,225,1,1,0.3,215.03,55.03,6.417,16.424,0.992,7.128,1.195
canny_hough,adaptive,binary,226,1,1,0.3,215.03,55.03,6.475,16.433,0.99,7.137,1.133
canny_hough,adaptive,binary,227,1,1,0.3,211.05,51.05,7.537,17.453,0.991,7.119,1.121
canny_hough,adaptive,binary,228,1,1,0.3,211.05,51.05,6.562,16.728,1.05,7.152,1.274
canny_hough,adaptive,binary,229,1,1,0.3,215.37,55.37,5.033,15.165,0.985,7.172,1.185
canny_hough,adaptive,binary,230,1,1,0.3,219.26,59.26,4.957,14.962,1.022,7.129,1.182
canny_hough,adaptive,binary,231,1,1,0.3,219.26,59.26,7.198,17.618,0.991,7.124,1.121
canny_hough,adaptive,binary,232,1,1,0.45,211.44,51.44,7.066,17.376,1.002,7.281,1.237
canny_hough,adaptive,binary,233,1,1,0.3,216.65,56.65,6.76,16.685,0.976,7.124,1.151
canny_hough,adaptive,binary,234,1,1,0.3,217.08,57.08,6.475,16.453,0.991,7.14,1.149
canny_hough,adaptive,binary,235,1,1,0.3,217.08,57.08,6.341,16.434,0.987,7.122,1.291
canny_hough,adaptive,binary,236,1,1,0.3,214.2,54.2,6.414,16.599,1.03,7.142,1.319
canny_hough,adaptive,binary,237,1,1,0.3,215.96,55.96,6.543,16.619,0.99,7.148,1.169
canny_hough,adaptive,binary,238,1,1,0.3,215.96,55.96,6.637,16.655,0.985,7.193,1.141
canny_hough,adaptive,binary,239,1,1,0.15,217.34,57.34,6.416,16.373,0.986,7.146,1.138
canny_hough,adaptive,binary,240,1,1,0.15,217.34,57.34,6.496,16.476,0.998,7.147,1.15
canny_hough,adaptive,binary,241,1,1,0.3,215.63,55.63,6.266,16.368,0.985,7.116,1.239
canny_hough,adaptive,binary,242,1,1,0.3,218.97,58.97,6.741,16.936,0.988,7.185,1.314
canny_hough,adaptive,binary,243,1,1,0.3,218.97,58.97,6.403,16.442,1.057,7.156,1.136
canny_hough,adaptive,binary,244,1,1,0.3,214.87,54.87,6.626,16.793,0.995,7.171,1.251
canny_hough,adaptive,binary,245,1,1,0.15,216.94,56.94,6.419,16.421,0.984,7.109,1.231
canny_hough,adaptive,binary,246,1,1,0.15,216.94,56.94,6.481,16.548,0.988,7.152,1.248
canny_hough,adaptive,binary,247,1,1,0.15,214.68,54.68,6.431,16.462,0.99,7.102,1.254
canny_hough,adaptive,binary,248,1,1,0.15,214.68,54.68,6.424,16.597,0.985,7.174,1.331
canny_hough,adaptive,binary,249,1,1,0.3,217.86,57.86,6.482,16.506,1.041,7.094,1.207
canny_hough,adaptive,binary,250,1,1,0.3,217.86,57.86,6.581,16.602,1.042,7.167,1.14
canny_hough,adaptive,binary,251,1,1,0.3,217.87,57.87,6.489,16.572,0.985,7.164,1.239
canny_hough,adaptive,binary,252,1,1,0.3,217.87,57.87,6.57,16.583,0.988,7.151,1.145
canny_hough,adaptive,binary,253,1,1,0.3,219.2,59.2,6.562,16.59,0.992,7.095,1.248
canny_hough,adaptive,binary,254,1,1,0.3,219.2,59.2,6.522,16.594,0.99,7.181,1.139
canny_hough,adaptive,binary,255,1,1,0.3,219.2,59.2,6.472,16.598,1.036,7.083,1.324
canny_hough,adaptive,binary,256,1,1,0.15,217.77,57.77,6.399,16.563,1.047,7.168,1.264
canny_hough,adaptive,binary,257,1,1,0.3,218.59,58.59,6.395,16.474,0.993,7.148,1.249
canny_hough,adaptive,binary,258,1,1,0.3,218.59,58.59,6.417,16.517,0.989,7.165,1.26
canny_hough,adaptive,binary,259,1,1,0.3,215.13,55.13,6.534,16.566,0.992,7.207,1.149
canny_hough,adaptive,binary,260,1,1,0.3,217.85,57.85,6.395,16.47,0.991,7.159,1.249
canny_hough,adaptive,binary,261,1,1,0.3,219.94,59.94,6.239,16.376,0.983,7.128,1.34
canny_hough,adaptive,binary,262,1,1,0.3,219.94,59.94,6.278,16.403,1.039,7.134,1.231
canny_hough,adaptive,binary,263,1,1,0.3,219.85,59.85,6.418,16.546,1.038,7.084,1.318
canny_hough,adaptive,binary,264,1,1,0.3,219.85,59.85,6.523,16.712,0.984,7.206,1.242
canny_hough,adaptive,binary,265,1,1,0.3,217.32,57.32,6.614,16.575,0.991,7.136,1.141
canny_hough,adaptive,binary,266,1,1,0.3,217.32,57.32,6.606,16.677,0.997,7.131,1.265
canny_hough,adaptive,binary,267,1,1,0.3,219.85,59.85,6.403,16.448,0.994,7.117,1.24
canny_hough,adaptive,binary,268,1,1,0.3,219.85,59.85,6.43,16.591,0.995,7.154,1.321
canny_hough,adaptive,binary,269,1,1,0.3,219.91,59.91,6.505,16.646,1.054,7.079,1.321
canny_hough,adaptive,binary,270,1,1,0.3,219.91,59.91,6.611,16.791,0.987,7.188,1.257
canny_hough,adaptive,binary,271,1,1,0.3,217.37,57.37,6.231,16.264,0.991,7.119,1.235
canny_hough,adaptive,binary,272,1,1,0.3,217.37,57.37,6.269,16.288,0.992,7.154,1.156
canny_hough,adaptive,binary,273,1,1,0.3,217.87,57.87,6.447,16.393,0.986,7.111,1.148
canny_hough,adaptive,binary,274,1,1,0.15,217.12,57.12,6.463,16.403,0.984,7.149,1.141
canny_hough,adaptive,binary,275,1,1,0.15,217.12,57.12,6.379,16.321,0.974,7.107,1.138
canny_hough,adaptive,binary,276,1,1,0.3,219.14,59.14,6.338,16.412,1.032,7.118,1.237
canny_hough,adaptive,binary,277,1,1,0.15,218.66,58.66,6.366,16.473,1.031,7.091,1.301
canny_hough,adaptive,binary,278,1,1,0.3,218.22,58.22,6.746,16.838,0.995,7.202,1.146
canny_hough,adaptive,binary,279,1,1,0.3,218.22,58.22,6.676,16.647,0.993,7.144,1.15
canny_hough,adaptive,binary,280,1,1,0.3,219.67,59.67,6.599,16.664,0.981,7.14,1.257
canny_hough,adaptive,binary,281,1,1,0.3,217.48,57.48,6.697,16.747,0.986,7.127,1.247
canny_hough,adaptive,binary,282,1,1,0.3,219.52,59.52,6.585,16.791,1.036,7.133,1.322
canny_hough,adaptive,binary,283,1,1,0.3,219.52,59.52,6.592,16.704,1.052,7.122,1.246
canny_hough,adaptive,binary,284,1,1,0.3,215.99,55.99,6.652,17.123,0.995,7.668,1.126
canny_hough,adaptive,binary,285,1,1,0.3,216.58,56.58,6.658,16.591,0.988,7.137,1.13
canny_hough,adaptive,binary,286,1,1,0.3,217.77,57.77,6.634,16.806,0.995,7.149,1.277
canny_hough,adaptive,binary,287,1,1,0.3,217.77,57.77,7.247,17.268,1.027,7.087,1.221
canny_hough,adaptive,binary,288,1,1,0.15,219.84,59.84,6.651,16.78,1.001,7.265,1.15
canny_hough,adaptive,binary,289,1,1,0.3,217.42,57.42,6.495,16.429,1.001,7.119,1.137
canny_hough,adaptive,binary,290,1,1,0.3,217.42,57.42,6.532,16.517,0.995,7.149,1.157
canny_hough,adaptive,binary,291,1,1,0.3,220.23,60.23,6.507,16.609,0.983,7.134,1.311
canny_hough,adaptive,binary,292,1,1,0.15,219.84,59.84,6.544,16.721,1.037,7.229,1.194
canny_hough,adaptive,binary,293,1,1,0.3,217.95,57.95,6.151,16.194,0.989,7.152,1.142
canny_hough,adaptive,binary,294,1,1,0.3,217.95,57.95,6.244,16.632,1.153,7.196,1.244
canny_hough,adaptive,binary,295,1,1,0.3,216.16,56.16,6.355,16.401,0.992,7.126,1.251
canny_hough,adaptive,binary,296,1,1,0.3,218.73,58.73,6.421,16.552,0.997,7.179,1.267
canny_hough,adaptive,binary,297,1,1,0.3,219.2,59.2,6.506,16.476,0.985,7.144,1.148
canny_hough,adaptive,binary,298,1,1,0.3,219.2,59.2,6.525,16.583,0.992,7.163,1.148
canny_hough,adaptive,binary,299,1,1,0.15,217.12,57.12,6.27,16.408,1.032,7.083,1.337
canny_hough,adaptive,binary,300,1,1,0.15,217.12,57.12,6.341,16.397,1.042,7.117,1.212
canny_hough,adaptive,binary,301,1,1,0.3,220.23,60.23,6.424,16.52,0.995,7.119,1.233
canny_hough,adaptive,binary,302,1,1,0.3,215.03,55.03,6.49,16.622,0.99,7.192,1.242
canny_hough,adaptive,binary,303,1,1,0.3,215.03,55.03,6.442,16.474,0.988,7.13,1.24
canny_hough,adaptive,binary,304,1,1,0.3,217.48,57.48,6.507,16.488,0.983,7.151,1.162
canny_hough,adaptive,binary,305,1,1,0.3,218.13,58.13,6.434,16.501,0.986,7.109,1.234
canny_hough,adaptive,binary,306,1,1,0.3,218.14,58.14,6.403,16.59,1.037,7.136,1.328
canny_hough,adaptive,binary,307,1,1,0.3,218.14,58.14,6.403,16.43,1.032,7.084,1.231
canny_hough,adaptive,binary,308,1,1,0.3,219.06,59.06,6.648,16.725,0.989,7.177,1.164
canny_hough,adaptive,binary,309,1,1,0.3,223.75,63.75,2.862,12.792,0.99,7.147,1.101
canny_hough,adaptive,binary,310,1,1,0.15,224.64,64.64,5.097,15.078,0.997,7.156,1.145
canny_hough,adaptive,binary,311,1,1,0.15,224.64,64.64,5.006,14.932,0.983,7.154,1.111
canny_hough,adaptive,binary,312,1,1,0.3,221.51,61.51,5.234,15.275,1.055,7.186,1.12
canny_hough,adaptive,binary,313,1,1,0.3,224.28,64.28,5.011,15.028,1.038,7.078,1.216
canny_hough,adaptive,binary,314,1,1,0.3,224.28,64.28,5.17,15.165,1.004,7.177,1.122
canny_hough,adaptive,binary,315,1,1,0.3,220.25,60.25,4.923,14.836,0.986,7.1,1.133
canny_hough,adaptive,binary,316,1,1,0.3,220.8,60.8,6.451,16.557,0.984,7.189,1.246
canny_hough,adaptive,binary,317,1,1,0.3,221.93,61.93,6.529,16.447,0.98,7.127,1.128
canny_hough,adaptive,binary,318,1,1,0.3,221.93,61.93,6.554,16.61,0.99,7.146,1.227
canny_hough,adaptive,binary,319,1,1,0.3,218.59,58.59,5.595,15.602,0.996,7.124,1.207
canny_hough,adaptive,binary,320,1,1,0.3,221.97,61.97,6.441,16.408,0.992,7.141,1.143
canny_hough,adaptive,binary,321,1,1,0.3,222.1,62.1,6.467,16.409,0.994,7.111,1.148
canny_hough,adaptive,binary,322,1,1,0.3,222.1,62.1,6.451,16.673,0.993,7.172,1.331
canny_hough,adaptive,binary,323,1,1,0.3,219.39,59.39,6.187,16.191,1.04,7.077,1.196
canny_hough,adaptive,binary,324,1,1,0.3,219.39,59.39,6.206,16.385,1.05,7.187,1.259
canny_hough,adaptive,binary,325,1,1,0.3,219.87,59.87,6.509,16.671,0.991,7.166,1.257
canny_hough,adaptive,binary,326,1,1,0.3,219.87,59.87,6.529,16.486,0.987,7.155,1.135
canny_hough,adaptive,binary,327,1,1,0.3,222.83,62.83,6.317,16.24,0.997,7.099,1.15
canny_hough,adaptive,binary,328,1,1,0.3,222.83,62.83,6.37,16.468,0.984,7.164,1.269
canny_hough,adaptive,binary,329,1,1,0.3,220.28,60.28,6.372,16.398,0.99,7.1,1.251
canny_hough,adaptive,binary,330,1,1,0.3,220.28,60.28,6.343,16.515,0.992,7.161,1.33
canny_hough,adaptive,binary,331,1,1,0.15,219.9,59.9,6.165,16.309,1.043,7.102,1.315
canny_hough,adaptive,binary,332,1,1,0.15,219.9,59.9,6.161,16.228,1.038,7.1,1.203
canny_hough,adaptive,binary,333,1,1,0.3,222.06,62.06,6.216,16.428,0.996,7.154,1.256
canny_hough,adaptive,binary,334,1,1,0.3,222.06,62.06,6.33,16.414,0.977,7.184,1.251
canny_hough,adaptive,binary,335,1,1,0.3,219.37,59.37,6.367,16.424,0.993,7.126,1.24
canny_hough,adaptive,binary,336,1,1,0.3,221.24,61.24,6.36,16.336,0.984,7.147,1.151
canny_hough,adaptive,binary,337,1,1,0.3,219.57,59.57,6.226,16.253,0.982,7.128,1.247
canny_hough,adaptive,binary,338,1,1,0.3,219.57,59.57,6.292,16.389,0.994,7.146,1.273
canny_hough,adaptive,binary,339,1,1,0.3,223.89,63.89,6.258,16.349,0.989,7.104,1.256
canny_hough,adaptive,binary,340,1,1,0.3,220.85,60.85,6.27,16.368,1.036,7.139,1.227
canny_hough,adaptive,binary,341,1,1,0.15,221.77,61.77,6.017,16.134,1.04,7.082,1.316
canny_hough,adaptive,binary,342,1,1,0.15,221.77,61.77,6.08,16.18,1.021,7.136,1.226
canny_hough,adaptive,binary,343,1,1,0.3,221.37,61.37,6.554,16.757,1.052,7.214,1.244
canny_hough,adaptive,binary,344,1,1,0.3,222.77,62.77,6.416,16.42,0.994,7.175,1.137
canny_hough,adaptive,binary,345,1,1,0.15,221.77,61.77,6.307,16.248,0.986,7.127,1.139
canny_hough,adaptive,binary,346,1,1,0.15,221.77,61.77,6.337,16.311,0.984,7.16,1.145
canny_hough,adaptive,binary,347,1,1,0.3,220.87,60.87,6.366,16.52,0.998,7.213,1.259
canny_hough,adaptive,binary,348,1,1,0.3,220.87,60.87,6.375,16.521,0.989,7.139,1.274
canny_hough,adaptive,binary,349,1,1,0.15,221.77,61.77,6.288,16.505,0.995,7.334,1.201
canny_hough,adaptive,binary,350,1,1,0.3,220.91,60.91,6.333,16.556,1.03,7.131,1.381
canny_hough,adaptive,binary,351,1,1,0.3,220.91,60.91,6.34,16.471,0.984,7.147,1.263
canny_hough,adaptive,binary,352,1,1,0.3,223.22,63.22,6.487,16.652,0.983,7.216,1.247
canny_hough,adaptive,binary,353,1,1,0.15,222.83,62.83,6.268,16.192,0.986,7.12,1.139
canny_hough,adaptive,binary,354,1,1,0.3,220.91,60.91,6.299,16.425,0.992,7.194,1.266
canny_hough,adaptive,binary,355,1,1,0.3,220.91,60.91,6.243,16.302,0.989,7.129,1.263
canny_hough,adaptive,binary,356,1,1,0.3,217.1,57.1,6.704,16.862,0.983,7.146,1.271
canny_hough,adaptive,binary,357,1,1,0.3,221.98,61.98,6.217,16.339,1.047,7.077,1.314
canny_hough,adaptive,binary,358,1,1,0.3,221.2,61.2,6.467,16.658,1.035,7.134,1.323
canny_hough,adaptive,binary,359,1,1,0.3,221.2,61.2,6.526,16.501,0.989,7.157,1.142
canny_hough,adaptive,binary,360,1,1,0.15,221.65,61.65,6.283,16.351,0.983,7.141,1.257
canny_hough,fixed,combined,0,0,0,0.0,0.0,,5.339,8.156,0.983,0.092,1.007
canny_hough,fixed,combined,1,0,0,0.0,0.0,,6.212,10.128,1.141,0.284,1.631
canny_hough,fixed,combined,2,0,0,0.0,0.0,,5.823,9.877,1.178,0.278,1.753
canny_hough,fixed,combined,3,0,0,0.0,0.0,,9.554,14.353,1.105,0.431,2.185
canny_hough,fixed,combined,4,0,0,0.0,0.0,,5.491,8.634,1.04,0.16,1.149
canny_hough,fixed,combined,5,0,0,0.0,0.0,,5.708,9.641,1.228,0.24,1.49
canny_hough,fixed,combined,6,0,0,0.0,0.0,,4.599,7.726,0.998,0.093,1.349
canny_hough,fixed,combined,7,0,0,0.0,0.0,,4.419,7.506,1.001,0.102,1.279
canny_hough,fixed,combined,8,0,0,0.0,0.0,,4.609,7.434,0.997,0.095,1.04
canny_hough,fixed,combined,9,0,0,0.0,0.0,,4.572,7.572,0.994,0.1,1.214
canny_hough,fixed,combined,10,0,0,0.0,0.0,,4.55,7.592,0.997,0.096,1.216
canny_hough,fixed,combined,11,0,0,0.0,0.0,,4.771,7.525,0.992,0.096,0.965
canny_hough,fixed,combined,12,0,0,0.0,0.0,,4.571,7.342,0.99,0.092,0.944
canny_hough,fixed,combined,13,0,0,0.0,0.0,,4.439,7.231,1.049,0.098,0.963
canny_hough,fixed,combined,14,0,0,0.0,0.0,,4.462,7.416,1.126,0.109,1.02
canny_hough,fixed,combined,15,0,0,0.0,0.0,,4.613,7.495,1.001,0.1,1.093
canny_hough,fixed,combined,16,0,0,0.0,0.0,,4.645,7.742,1.009,0.098,1.28
canny_hough,fixed,combined,17,0,0,0.0,0.0,,4.709,7.555,0.998,0.098,0.975
canny_hough,fixed,combined,18,0,0,0.0,0.0,,4.731,7.56,0.997,0.1,1.018
canny_hough,fixed,combined,19,0,0,0.0,0.0,,4.473,7.258,0.988,0.099,0.974
canny_hough,fixed,combined,20,0,0,0.0,0.0,,4.457,7.351,0.996,0.1,0.988
canny_hough,fixed,combined,21,0,0,0.0,0.0,,4.63,7.477,1.047,0.103,1.001
canny_hough,fixed,combined,22,0,0,0.0,0.0,,4.304,7.381,1.045,0.109,1.219
canny_hough,fixed,combined,23,0,0,0.0,0.0,,4.256,7.305,1.006,0.1,1.244
canny_hough,fixed,combined,24,0,0,0.0,0.0,,4.667,7.542,0.999,0.104,1.073
canny_hough,fixed,combined,25,0,0,0.0,0.0,,5.049,7.828,1.002,0.105,0.984
canny_hough,fixed,combined,26,0,0,0.0,0.0,,4.66,7.693,1.034,0.131,1.059
canny_hough,fixed,combined,27,0,0,0.0,0.0,,4.741,7.472,0.997,0.091,0.95
canny_hough,fixed,combined,28,0,0,0.0,0.0,,4.546,7.481,0.983,0.092,1.169
canny_hough,fixed,combined,29,0,0,0.0,0.0,,4.52,7.384,1.001,0.093,0.961
canny_hough,fixed,combined,30,0,0,0.0,0.0,,4.672,7.512,1.046,0.101,0.973
canny_hough,fixed,combined,31,0,0,0.0,0.0,,4.667,8.052,1.09,0.096,1.508
canny_hough,fixed,combined,32,0,0,0.0,0.0,,4.467,7.265,1.045,0.1,0.962
canny_hough,fixed,combined,33,0,0,0.0,0.0,,4.465,7.31,1.065,0.092,0.994
canny_hough,fixed,combined,34,0,0,0.0,0.0,,4.853,8.08,0.994,0.131,1.325
canny_hough,fixed,combined,35,0,0,0.0,0.0,,4.784,8.221,1.017,0.119,1.596
canny_hough,fixed,combined,36,0,0,0.0,0.0,,4.753,7.779,1.026,0.137,1.084
canny_hough,fixed,combined,37,0,0,0.0,0.0,,4.899,8.148,1.012,0.133,1.394
canny_hough,fixed,combined,38,0,0,0.0,0.0,,4.884,8.035,1.058,0.129,1.234
canny_hough,fixed,combined,39,0,0,0.0,0.0,,4.697,7.711,1.023,0.128,1.156
canny_hough,fixed,combined,40,0,0,0.0,0.0,,4.789,7.888,1.026,0.175,1.134
canny_hough,fixed,combined,41,0,0,0.0,0.0,,5.113,8.47,1.052,0.121,1.421
canny_hough,fixed,combined,42,0,0,0.0,0.0,,4.993,8.314,1.318,0.132,1.159
canny_hough,fixed,combined,43,0,0,0.0,0.0,,5.576,8.767,1.049,0.095,1.325
canny_hough,fixed,combined,44,0,0,0.0,0.0,,4.711,7.592,0.999,0.092,1.058
canny_hough,fixed,combined,45,0,0,0.0,0.0,,4.437,7.427,1.047,0.097,1.156
canny_hough,fixed,combined,46,0,0,0.0,0.0,,4.885,7.872,1.04,0.095,1.157
canny_hough,fixed,combined,47,0,0,0.0,0.0,,4.546,7.341,1.046,0.093,0.969
canny_hough,fixed,combined,48,0,0,0.0,0.0,,4.572,7.601,0.985,0.09,1.268
canny_hough,fixed,combined,49,0,0,0.0,0.0,,4.446,8.075,0.99,0.09,1.858
canny_hough,fixed,combined,50,0,0,0.0,0.0,,4.501,7.54,0.996,0.091,1.243
canny_hough,fixed,combined,51,0,0,0.0,0.0,,4.668,7.458,0.987,0.092,1.026
canny_hough,fixed,combined,52,0,0,0.0,0.0,,4.591,7.318,0.999,0.089,0.947
canny_hough,fixed,combined,53,0,0,0.0,0.0,,4.476,7.368,0.979,0.089,1.149
canny_hough,fixed,combined,54,0,0,0.0,0.0,,4.162,6.973,0.998,0.09,0.969
canny_hough,fixed,combined,55,0,0,0.0,0.0,,4.292,7.031,1.027,0.094,0.945
canny_hough,fixed,combined,56,0,0,0.0,0.0,,4.33,7.269,0.981,0.09,1.192
canny_hough,fixed,combined,57,0,0,0.0,0.0,,4.672,7.622,0.985,0.09,1.131
canny_hough,fixed,combined,58,0,0,0.0,0.0,,4.391,7.098,0.986,0.089,0.942
canny_hough,fixed,combined,59,0,0,0.0,0.0,,4.328,7.213,0.984,0.087,1.155
canny_hough,fixed,combined,60,0,0,0.0,0.0,,4.344,7.181,1.043,0.094,0.973
canny_hough,fixed,combined,61,0,0,0.0,0.0,,4.484,7.256,1.042,0.095,0.947
canny_hough,fixed,combined,62,0,0,0.0,0.0,,4.456,7.469,0.989,0.09,1.249
canny_hough,fixed,combined,63,0,0,0.0,0.0,,4.524,7.3,0.997,0.091,0.943
canny_hough,fixed,combined,64,0,0,0.0,0.0,,4.555,7.268,0.989,0.095,0.951
canny_hough,fixed,combined,65,0,0,0.0,0.0,,4.57,7.478,0.987,0.087,1.151
canny_hough,fixed,combined,66,0,0,0.0,0.0,,4.568,7.565,1.0,0.096,1.145
canny_hough,fixed,combined,67,0,0,0.0,0.0,,4.576,7.332,1.037,0.102,0.947
canny_hough,fixed,combined,68,0,0,0.0,0.0,,4.322,7.27,1.032,0.094,1.146
canny_hough,fixed,combined,69,0,0,0.0,0.0,,4.644,7.725,0.994,0.095,1.305
canny_hough,fixed,combined,70,0,0,0.0,0.0,,4.686,7.718,0.989,0.092,1.221
canny_hough,fixed,combined,71,0,0,0.0,0.0,,4.683,7.673,0.991,0.089,1.232
canny_hough,fixed,combined,72,1,1,0.6,319.0,159.0,3.399,6.326,0.987,0.093,1.121
canny_hough,fixed,combined,73,0,0,0.0,0.0,,4.636,7.67,0.991,0.09,1.189
canny_hough,fixed,combined,74,0,0,0.0,0.0,,4.591,7.397,1.031,0.095,0.986
canny_hough,fixed,combined,75,0,0,0.0,0.0,,4.574,7.351,1.042,0.094,0.975
canny_hough,fixed,combined,76,0,0,0.0,0.0,,4.699,7.762,0.995,0.095,1.286
canny_hough,fixed,combined,77,0,0,0.0,0.0,,4.24,7.14,0.992,0.089,1.136
canny_hough,fixed,combined,78,0,0,0.0,0.0,,4.268,7.221,0.989,0.091,1.127
canny_hough,fixed,combined,79,0,0,0.0,0.0,,4.271,6.977,0.979,0.092,0.952
canny_hough,fixed,combined,80,1,1,0.15,319.0,159.0,2.545,5.359,1.058,0.089,0.962
canny_hough,fixed,combined,81,1,1,0.3,319.0,159.0,2.42,5.186,0.981,0.088,1.022
canny_hough,fixed,combined,82,1,1,0.3,319.0,159.0,2.359,5.127,0.989,0.091,1.014
canny_hough,fixed,combined,83,1,1,0.45,319.0,159.0,3.112,5.91,1.055,0.096,0.975
canny_hough,fixed,combined,84,0,0,0.0,0.0,,3.94,6.874,0.989,0.089,1.177
canny_hough,fixed,combined,85,0,0,0.0,0.0,,4.155,7.022,0.984,0.088,1.113
canny_hough,fixed,combined,86,0,0,0.0,0.0,,4.15,6.88,1.036,0.095,0.932
canny_hough,fixed,combined,87,0,0,0.0,0.0,,3.635,6.561,0.993,0.09,1.166
canny_hough,fixed,combined,88,0,0,0.0,0.0,,3.608,6.308,0.995,0.094,0.937
canny_hough,fixed,combined,89,0,0,0.0,0.0,,4.024,6.788,1.029,0.093,0.968
canny_hough,fixed,combined,90,0,0,0.0,0.0,,4.049,7.141,0.987,0.089,1.308
canny_hough,fixed,combined,91,0,0,0.0,0.0,,3.826,6.534,0.991,0.089,0.95
canny_hough,fixed,combined,92,0,0,0.0,0.0,,3.729,6.663,0.996,0.09,1.108
canny_hough,fixed,combined,93,0,0,0.0,0.0,,3.885,6.63,1.029,0.098,0.934
canny_hough,fixed,combined,94,0,0,0.0,0.0,,3.945,6.665,0.987,0.089,0.959
canny_hough,fixed,combined,95,0,0,0.0,0.0,,3.906,6.778,0.977,0.089,1.12
canny_hough,fixed,combined,96,0,0,0.0,0.0,,4.353,7.313,1.045,0.098,1.141
canny_hough,fixed,combined,97,0,0,0.0,0.0,,4.206,7.233,0.992,0.09,1.242
canny_hough,fixed,combined,98,0,0,0.0,0.0,,4.262,7.203,0.991,0.09,1.192
canny_hough,fixed,combined,99,0,0,0.0,0.0,,4.223,6.944,0.998,0.09,0.955
canny_hough,fixed,combined,100,0,0,0.0,0.0,,4.116,6.929,0.99,0.089,0.942
canny_hough,fixed,combined,101,0,0,0.0,0.0,,4.723,7.703,1.036,0.095,1.156
canny_hough,fixed,combined,102,0,0,0.0,0.0,,4.419,7.179,0.99,0.145,0.944
canny_hough,fixed,combined,103,0,0,0.0,0.0,,4.448,7.227,0.993,0.09,1.012
canny_hough,fixed,combined,104,1,1,0.6,304.26,144.26,3.449,6.303,0.988,0.089,1.096
canny_hough,fixed,combined,105,1,1,0.3,281.77,121.77,5.039,7.986,1.097,0.096,1.073
canny_hough,fixed,combined,106,1,1,0.3,281.77,121.77,5.508,8.614,1.058,0.129,1.112
canny_hough,fixed,combined,107,1,1,0.3,253.94,93.94,2.784,5.73,0.998,0.1,1.14
canny_hough,fixed,combined,108,1,1,0.3,253.94,93.94,2.685,5.613,1.006,0.098,1.125
canny_hough,fixed,combined,109,1,1,0.3,266.91,106.91,4.61,7.656,0.996,0.101,1.182
canny_hough,fixed,combined,110,1,1,0.3,266.91,106.91,4.623,7.515,1.053,0.106,1.008
canny_hough,fixed,combined,111,1,1,0.3,266.91,106.91,4.618,7.641,1.049,0.104,1.178
canny_hough,fixed,combined,112,0,0,0.0,0.0,,2.822,5.876,1.074,0.108,1.171
canny_hough,fixed,combined,113,0,0,0.0,0.0,,3.761,6.558,0.988,0.1,1.019
canny_hough,fixed,combined,114,0,0,0.0,0.0,,3.757,6.771,1.057,0.107,1.153
canny_hough,fixed,combined,115,1,1,0.3,0.0,-160.0,4.26,7.328,0.999,0.097,1.279
canny_hough,fixed,combined,116,1,1,0.3,0.0,-160.0,4.302,7.308,0.996,0.098,1.205
canny_hough,fixed,combined,117,1,1,0.6,0.0,-160.0,4.6,7.546,1.008,0.1,1.13
canny_hough,fixed,combined,118,1,1,0.6,0.0,-160.0,4.673,7.57,1.002,0.097,1.085
canny_hough,fixed,combined,119,1,1,0.6,0.0,-160.0,4.636,7.598,1.005,0.099,1.107
canny_hough,fixed,combined,120,1,1,0.6,0.0,-160.0,4.951,7.859,1.002,0.097,1.017
canny_hough,fixed,combined,121,1,1,0.6,0.0,-160.0,4.659,7.512,1.055,0.106,0.996
canny_hough,fixed,combined,122,1,1,0.6,0.0,-160.0,4.71,7.585,1.054,0.103,1.014
canny_hough,fixed,combined,123,1,1,0.6,0.0,-160.0,4.78,7.676,1.057,0.109,1.013
canny_hough,fixed,combined,124,1,1,0.6,0.0,-160.0,4.798,7.719,1.009,0.103,1.096
canny_hough,fixed,combined,125,1,1,0.6,42.12,-117.88,4.757,7.984,1.004,0.103,1.416
canny_hough,fixed,combined,126,1,1,0.6,67.45,-92.55,4.775,7.793,0.983,0.093,1.262
canny_hough,fixed,combined,127,1,1,0.6,67.45,-92.55,4.483,7.449,0.987,0.091,1.207
canny_hough,fixed,combined,128,0,0,0.0,0.0,,4.53,7.499,0.991,0.09,1.199
canny_hough,fixed,combined,129,0,0,0.0,0.0,,4.417,7.451,1.012,0.102,1.15
canny_hough,fixed,combined,130,0,0,0.0,0.0,,4.405,7.181,0.986,0.088,0.985
canny_hough,fixed,combined,131,0,0,0.0,0.0,,4.292,7.189,0.994,0.092,1.087
canny_hough,fixed,combined,132,0,0,0.0,0.0,,4.275,7.06,1.041,0.095,0.971
canny_hough,fixed,combined,133,1,1,0.6,319.0,159.0,4.256,7.229,0.992,0.094,1.209
canny_hough,fixed,combined,134,1,1,0.6,319.0,159.0,4.25,7.172,0.987,0.09,1.174
canny_hough,fixed,combined,135,1,1,0.6,319.0,159.0,4.25,7.13,0.993,0.096,1.122
canny_hough,fixed,combined,136,1,1,0.3,319.0,159.0,4.127,6.93,0.994,0.096,0.961
canny_hough,fixed,combined,137,1,1,0.45,319.0,159.0,4.143,7.074,1.042,0.097,1.104
canny_hough,fixed,combined,138,1,1,0.45,319.0,159.0,4.174,7.152,0.992,0.088,1.216
canny_hough,fixed,combined,139,1,1,0.45,319.0,159.0,4.185,7.13,0.979,0.094,1.138
canny_hough,fixed,combined,140,1,1,0.6,154.47,-5.53,4.819,7.72,0.975,0.094,1.117
canny_hough,fixed,combined,141,1,1,0.6,235.4,75.4,5.577,8.329,0.994,0.093,0.993
canny_hough,fixed,combined,142,1,1,0.6,243.1,83.1,5.889,8.639,0.987,0.09,0.986
canny_hough,fixed,combined,143,1,1,0.6,243.1,83.1,5.825,8.788,0.991,0.091,1.119
canny_hough,fixed,combined,144,1,1,0.6,216.22,56.22,6.224,9.314,0.985,0.091,1.328
canny_hough,fixed,combined,145,0,0,0.0,0.0,,1.328,4.12,1.055,0.094,0.955
canny_hough,fixed,combined,146,0,0,0.0,0.0,,0.676,3.412,0.971,0.094,0.98
canny_hough,fixed,combined,147,0,0,0.0,0.0,,0.67,3.429,1.014,0.095,1.0
canny_hough,fixed,combined,148,0,0,0.0,0.0,,0.666,3.457,1.031,0.096,1.016
canny_hough,fixed,combined,149,0,0,0.0,0.0,,0.664,3.41,0.968,0.093,1.031
canny_hough,fixed,combined,150,0,0,0.0,0.0,,1.922,4.703,0.978,0.091,1.023
canny_hough,fixed,combined,151,0,0,0.0,0.0,,1.907,4.88,0.976,0.091,1.222
canny_hough,fixed,combined,152,0,0,0.0,0.0,,1.917,4.638,1.031,0.092,0.942
canny_hough,fixed,combined,153,0,0,0.0,0.0,,3.493,6.337,0.981,0.089,1.103
canny_hough,fixed,combined,154,0,0,0.0,0.0,,3.485,6.434,0.979,0.093,1.232
canny_hough,fixed,combined,155,0,0,0.0,0.0,,3.493,6.213,0.991,0.095,0.974
canny_hough,fixed,combined,156,0,0,0.0,0.0,,3.112,5.866,1.031,0.093,0.948
canny_hough,fixed,combined,157,1,1,0.3,319.0,159.0,4.543,7.375,0.98,0.089,1.096
canny_hough,fixed,combined,158,1,1,0.3,319.0,159.0,4.471,7.331,0.996,0.091,1.089
canny_hough,fixed,combined,159,1,1,0.15,319.0,159.0,4.209,7.106,0.996,0.089,1.073
canny_hough,fixed,combined,160,0,0,0.0,0.0,,1.725,4.572,1.043,0.095,0.991
canny_hough,fixed,combined,161,1,1,0.3,319.0,159.0,4.171,6.897,0.982,0.087,0.94
canny_hough,fixed,combined,162,1,1,0.3,319.0,159.0,4.2,6.97,1.045,0.097,0.948
canny_hough,fixed,combined,163,1,1,0.6,319.0,159.0,4.782,7.577,0.993,0.091,1.029
canny_hough,fixed,combined,164,1,1,0.6,319.0,159.0,4.852,7.753,0.989,0.09,1.066
canny_hough,fixed,combined,165,1,1,0.15,319.0,159.0,3.364,6.091,0.987,0.09,0.97
canny_hough,fixed,combined,166,0,0,0.0,0.0,,2.955,5.726,1.028,0.094,0.967
canny_hough,fixed,combined,167,0,0,0.0,0.0,,2.949,5.63,0.981,0.09,0.944
canny_hough,fixed,combined,168,0,0,0.0,0.0,,2.954,5.734,1.033,0.093,0.966
canny_hough,fixed,combined,169,1,1,0.45,319.0,159.0,4.249,7.08,0.979,0.089,1.089
canny_hough,fixed,combined,170,1,1,0.45,319.0,159.0,4.277,7.079,0.978,0.09,0.957
canny_hough,fixed,combined,171,1,1,0.45,319.0,159.0,4.266,7.027,1.041,0.094,0.948
canny_hough,fixed,combined,172,1,1,0.3,319.0,159.0,3.31,6.456,0.986,0.09,1.388
canny_hough,fixed,combined,173,1,1,0.15,319.0,159.0,3.13,5.818,0.98,0.088,0.955
canny_hough,fixed,combined,174,1,1,0.3,319.0,159.0,3.834,6.762,1.008,0.092,1.147
canny_hough,fixed,combined,175,1,1,0.3,319.0,159.0,3.861,6.596,0.992,0.089,0.972
canny_hough,fixed,combined,176,1,1,0.45,319.0,159.0,4.176,7.05,0.984,0.09,1.059
canny_hough,fixed,combined,177,1,1,0.45,319.0,159.0,4.179,6.955,1.036,0.095,0.955
canny_hough,fixed,combined,178,1,1,0.45,319.0,159.0,4.221,7.116,0.982,0.09,1.141
canny_hough,fixed,combined,179,1,1,0.45,319.0,159.0,4.176,6.922,1.003,0.091,0.966
canny_hough,fixed,combined,180,1,1,0.15,319.0,159.0,2.975,5.863,0.988,0.09,1.046
canny_hough,fixed,combined,181,1,1,0.3,319.0,159.0,3.922,6.844,0.991,0.09,1.17
canny_hough,fixed,combined,182,1,1,0.3,319.0,159.0,3.629,6.353,0.986,0.088,0.975
canny_hough,fixed,combined,183,1,1,0.3,319.0,159.0,3.575,6.332,1.029,0.094,0.966
canny_hough,fixed,combined,184,1,1,0.3,319.0,159.0,3.545,6.35,0.983,0.091,1.048
canny_hough,fixed,combined,185,1,1,0.3,319.0,159.0,3.671,6.395,0.991,0.087,0.945
canny_hough,fixed,combined,186,1,1,0.3,319.0,159.0,3.605,6.355,0.986,0.128,0.956
canny_hough,fixed,combined,187,1,1,0.3,319.0,159.0,3.594,6.451,0.996,0.092,1.081
canny_hough,fixed,combined,188,1,1,0.15,319.0,159.0,4.087,6.835,1.035,0.095,0.943
canny_hough,fixed,combined,189,1,1,0.6,319.0,159.0,4.227,7.112,0.994,0.09,1.111
canny_hough,fixed,combined,190,1,1,0.6,319.0,159.0,4.223,7.052,0.992,0.091,0.949
canny_hough,fixed,combined,191,1,1,0.6,319.0,159.0,4.203,6.921,0.997,0.09,0.942
canny_hough,fixed,combined,192,1,1,0.45,319.0,159.0,3.779,6.544,1.048,0.093,0.934
canny_hough,fixed,combined,193,1,1,0.15,319.0,159.0,3.679,6.679,0.996,0.09,1.232
canny_hough,fixed,combined,194,0,0,0.0,0.0,,4.531,7.247,0.984,0.091,0.964
canny_hough,fixed,combined,195,0,0,0.0,0.0,,4.454,7.259,0.989,0.09,1.047
canny_hough,fixed,combined,196,1,1,0.45,319.0,159.0,3.728,6.493,1.04,0.095,0.95
canny_hough,fixed,combined,197,1,1,0.15,319.0,159.0,3.002,5.947,0.992,0.093,1.186
canny_hough,fixed,combined,198,1,1,0.15,319.0,159.0,3.097,5.876,0.984,0.093,1.014
canny_hough,fixed,combined,199,1,1,0.45,319.0,159.0,3.39,6.267,0.982,0.089,1.127
canny_hough,fixed,combined,200,1,1,0.45,319.0,159.0,3.403,6.143,0.982,0.093,0.94
canny_hough,fixed,combined,201,1,1,0.45,319.0,159.0,3.836,6.589,0.984,0.14,0.945
canny_hough,fixed,combined,202,1,1,0.6,319.0,159.0,4.0,6.73,0.989,0.09,0.971
canny_hough,fixed,combined,203,1,1,0.6,319.0,159.0,3.952,6.735,0.98,0.09,0.96
canny_hough,fixed,combined,204,1,1,0.45,319.0,159.0,4.109,6.938,1.054,0.096,1.004
canny_hough,fixed,combined,205,1,1,0.6,319.0,159.0,3.971,6.728,0.985,0.092,1.016
canny_hough,fixed,combined,206,1,1,0.6,319.0,159.0,3.976,6.656,0.979,0.089,0.933
canny_hough,fixed,combined,207,1,1,0.6,319.0,159.0,4.175,6.988,1.028,0.093,1.018
canny_hough,fixed,combined,208,1,1,0.6,319.0,159.0,4.454,7.214,0.98,0.095,1.015
canny_hough,fixed,combined,209,1,1,0.6,319.0,159.0,4.386,7.132,0.978,0.09,0.989
canny_hough,fixed,combined,210,1,1,0.6,319.0,159.0,4.399,7.174,0.998,0.088,0.943
canny_hough,fixed,combined,211,1,1,0.6,319.0,159.0,4.341,7.111,0.986,0.09,0.946
canny_hough,fixed,combined,212,1,1,0.6,319.0,159.0,4.293,7.097,1.028,0.096,0.985
canny_hough,fixed,combined,213,1,1,0.6,311.31,151.31,3.909,6.719,0.994,0.094,1.033
canny_hough,fixed,combined,214,1,1,0.6,311.31,151.31,3.916,6.627,0.982,0.092,0.956
canny_hough,fixed,combined,215,1,1,0.6,276.52,116.52,4.788,7.669,0.984,0.094,1.057
canny_hough,fixed,combined,216,1,1,0.6,242.75,82.75,5.024,7.808,1.05,0.094,0.963
canny_hough,fixed,combined,217,1,1,0.6,245.98,85.98,5.243,8.051,1.031,0.097,1.016
canny_hough,fixed,combined,218,1,1,0.45,232.7,72.7,3.729,6.509,1.038,0.095,0.964
canny_hough,fixed,combined,219,1,1,0.45,232.7,72.7,3.717,6.684,0.985,0.09,1.215
canny_hough,fixed,combined,220,1,1,0.6,232.83,72.83,3.6,6.376,0.993,0.089,0.976
canny_hough,fixed,combined,221,1,1,0.45,218.62,58.62,3.128,5.926,1.038,0.092,0.985
canny_hough,fixed,combined,222,1,1,0.45,218.62,58.62,3.124,5.831,0.986,0.09,0.947
canny_hough,fixed,combined,223,1,1,0.45,218.62,58.62,3.111,5.878,1.026,0.096,0.964
canny_hough,fixed,combined,224,1,1,0.45,218.62,58.62,3.122,5.878,0.989,0.09,1.002
canny_hough,fixed,combined,225,1,1,0.3,215.03,55.03,6.449,9.313,1.034,0.092,1.086
canny_hough,fixed,combined,226,1,1,0.3,215.03,55.03,6.487,9.215,0.984,0.09,0.983
canny_hough,fixed,combined,227,1,1,0.3,211.05,51.05,6.513,9.334,0.989,0.089,1.065
canny_hough,fixed,combined,228,1,1,0.3,211.05,51.05,6.64,9.437,1.038,0.096,0.981
canny_hough,fixed,combined,229,1,1,0.3,215.37,55.37,5.05,7.865,0.988,0.09,1.044
canny_hough,fixed,combined,230,1,1,0.3,219.26,59.26,5.034,7.83,0.976,0.09,1.012
canny_hough,fixed,combined,231,1,1,0.3,219.26,59.26,4.915,7.673,0.994,0.09,0.988
canny_hough,fixed,combined,232,1,1,0.45,211.44,51.44,6.853,9.705,0.997,0.09,1.024
canny_hough,fixed,combined,233,1,1,0.3,216.65,56.65,6.634,9.542,0.982,0.088,1.167
canny_hough,fixed,combined,234,1,1,0.3,217.08,57.08,6.47,9.38,1.098,0.095,1.013
canny_hough,fixed,combined,235,1,1,0.3,217.08,57.08,6.363,9.22,0.987,0.09,1.091
canny_hough,fixed,combined,236,1,1,0.3,214.2,54.2,6.436,9.399,0.987,0.091,1.202
canny_hough,fixed,combined,237,1,1,0.3,215.96,55.96,6.575,9.407,1.052,0.092,1.0
canny_hough,fixed,combined,238,1,1,0.3,215.96,55.96,6.586,9.456,0.991,0.091,1.099
canny_hough,fixed,combined,239,1,1,0.15,217.34,57.34,6.408,9.207,0.99,0.091,1.031
canny_hough,fixed,combined,240,1,1,0.15,217.34,57.34,6.498,9.384,0.997,0.09,1.012
canny_hough,fixed,combined,241,1,1,0.3,215.63,55.63,6.366,9.152,0.987,0.091,1.021
canny_hough,fixed,combined,242,1,1,0.3,218.97,58.97,6.478,9.49,0.989,0.092,1.244
canny_hough,fixed,combined,243,1,1,0.3,218.97,58.97,6.432,9.363,0.988,0.09,1.097
canny_hough,fixed,combined,244,1,1,0.3,214.87,54.87,6.608,9.458,0.992,0.09,1.018
canny_hough,fixed,combined,245,1,1,0.15,216.94,56.94,6.388,9.185,1.029,0.093,1.009
canny_hough,fixed,combined,246,1,1,0.15,216.94,56.94,7.108,10.157,1.014,0.157,1.165
canny_hough,fixed,combined,247,1,1,0.15,214.68,54.68,6.819,9.947,1.005,0.098,1.321
canny_hough,fixed,combined,248,1,1,0.15,214.68,54.68,6.627,9.512,1.006,0.099,1.07
canny_hough,fixed,combined,249,1,1,0.3,217.86,57.86,6.652,9.903,0.995,0.105,1.444
canny_hough,fixed,combined,250,1,1,0.3,217.86,57.86,6.718,9.721,1.004,0.113,1.058
canny_hough,fixed,combined,251,1,1,0.3,217.87,57.87,6.648,9.586,0.998,0.096,1.124
canny_hough,fixed,combined,252,1,1,0.3,217.87,57.87,6.81,9.744,1.059,0.116,1.052
canny_hough,fixed,combined,253,1,1,0.3,219.2,59.2,6.732,9.598,1.002,0.1,1.054
canny_hough,fixed,combined,254,1,1,0.3,219.2,59.2,6.74,9.813,1.056,0.106,1.205
canny_hough,fixed,combined,255,1,1,0.3,219.2,59.2,6.697,9.675,0.997,0.097,1.161
canny_hough,fixed,combined,256,1,1,0.15,217.77,57.77,6.558,9.581,1.001,0.101,1.206
canny_hough,fixed,combined,257,1,1,0.3,218.59,58.59,6.527,9.547,1.008,0.098,1.139
canny_hough,fixed,combined,258,1,1,0.3,218.59,58.59,6.536,9.576,0.989,0.098,1.256
canny_hough,fixed,combined,259,1,1,0.3,215.13,55.13,6.928,9.836,1.051,0.108,1.043
canny_hough,fixed,combined,260,1,1,0.3,217.85,57.85,6.487,9.394,0.985,0.092,1.111
canny_hough,fixed,combined,261,1,1,0.3,219.94,59.94,6.236,9.089,0.989,0.144,1.027
canny_hough,fixed,combined,262,1,1,0.3,219.94,59.94,6.381,9.227,0.988,0.092,1.007
canny_hough,fixed,combined,263,1,1,0.3,219.85,59.85,6.474,9.362,1.009,0.101,1.096
canny_hough,fixed,combined,264,1,1,0.3,219.85,59.85,6.553,9.822,0.995,0.089,1.493
canny_hough,fixed,combined,265,1,1,0.3,217.32,57.32,6.613,9.379,0.989,0.094,1.002
canny_hough,fixed,combined,266,1,1,0.3,217.32,57.32,6.578,9.442,0.996,0.091,1.096
canny_hough,fixed,combined,267,1,1,0.3,219.85,59.85,6.469,9.307,1.042,0.097,1.009
canny_hough,fixed,combined,268,1,1,0.3,219.85,59.85,6.483,9.36,0.988,0.09,1.102
canny_hough,fixed,combined,269,1,1,0.3,219.91,59.91,6.503,9.45,0.984,0.094,1.19
canny_hough,fixed,combined,270,1,1,0.3,219.91,59.91,6.621,9.485,1.051,0.094,1.001
canny_hough,fixed,combined,271,1,1,0.3,217.37,57.37,6.263,9.038,0.994,0.093,1.002
canny_hough,fixed,combined,272,1,1,0.3,217.37,57.37,6.242,9.279,0.993,0.091,1.277
canny_hough,fixed,combined,273,1,1,0.3,217.87,57.87,6.549,9.345,1.02,0.101,1.007
canny_hough,fixed,combined,274,1,1,0.15,217.12,57.12,6.45,9.224,0.987,0.09,1.009
canny_hough,fixed,combined,275,1,1,0.15,217.12,57.12,6.433,9.377,0.983,0.092,1.199
canny_hough,fixed,combined,276,1,1,0.3,219.14,59.14,6.409,9.351,1.051,0.09,1.103
canny_hough,fixed,combined,277,1,1,0.15,218.66,58.66,6.427,9.186,0.989,0.09,1.0
canny_hough,fixed,combined,278,1,1,0.3,218.22,58.22,6.692,9.571,0.988,0.095,1.107
canny_hough,fixed,combined,279,1,1,0.3,218.22,58.22,6.673,9.53,0.995,0.095,1.007
canny_hough,fixed,combined,280,1,1,0.3,219.67,59.67,6.442,9.389,0.982,0.094,1.158
canny_hough,fixed,combined,281,1,1,0.3,217.48,57.48,6.687,9.66,1.081,0.104,1.113
canny_hough,fixed,combined,282,1,1,0.3,219.52,59.52,6.621,9.405,0.987,0.092,1.023
canny_hough,fixed,combined,283,1,1,0.3,219.52,59.52,6.509,9.47,0.991,0.094,1.207
canny_hough,fixed,combined,284,1,1,0.3,215.99,55.99,6.489,9.425,1.05,0.091,1.116
canny_hough,fixed,combined,285,1,1,0.3,216.58,56.58,6.696,9.433,0.976,0.092,1.01
canny_hough,fixed,combined,286,1,1,0.3,217.77,57.77,6.648,9.493,0.992,0.136,1.028
canny_hough,fixed,combined,287,1,1,0.3,217.77,57.77,6.604,9.373,0.975,0.09,1.016
canny_hough,fixed,combined,288,1,1,0.15,219.84,59.84,6.545,9.479,0.986,0.09,1.175
canny_hough,fixed,combined,289,1,1,0.3,217.42,57.42,6.55,9.347,1.029,0.094,1.003
canny_hough,fixed,combined,290,1,1,0.3,217.42,57.42,6.504,9.306,0.984,0.094,1.01
canny_hough,fixed,combined,291,1,1,0.3,220.23,60.23,6.492,9.436,0.988,0.092,1.191
canny_hough,fixed,combined,292,1,1,0.15,219.84,59.84,6.626,9.443,1.03,0.094,1.014
canny_hough,fixed,combined,293,1,1,0.3,217.95,57.95,6.189,9.061,0.999,0.09,1.102
canny_hough,fixed,combined,294,1,1,0.3,217.95,57.95,6.225,9.168,0.99,0.092,1.188
canny_hough,fixed,combined,295,1,1,0.3,216.16,56.16,6.451,9.247,1.033,0.097,0.996
canny_hough,fixed,combined,296,1,1,0.3,218.73,58.73,6.406,9.172,0.986,0.091,0.997
canny_hough,fixed,combined,297,1,1,0.3,219.2,59.2,6.489,10.137,0.98,0.09,1.876
canny_hough,fixed,combined,298,1,1,0.3,219.2,59.2,6.539,9.464,0.99,0.092,1.092
canny_hough,fixed,combined,299,1,1,0.15,217.12,57.12,6.28,9.215,0.997,0.089,1.162
canny_hough,fixed,combined,300,1,1,0.15,217.12,57.12,6.334,9.186,1.033,0.095,1.014
canny_hough,fixed,combined,301,1,1,0.3,220.23,60.23,6.404,9.311,0.984,0.09,1.092
canny_hough,fixed,combined,302,1,1,0.3,215.03,55.03,6.472,9.44,0.994,0.09,1.113
canny_hough,fixed,combined,303,1,1,0.3,215.03,55.03,6.405,9.308,1.043,0.095,1.007
canny_hough,fixed,combined,304,1,1,0.3,217.48,57.48,6.618,9.392,0.986,0.091,1.018
canny_hough,fixed,combined,305,1,1,0.3,218.13,58.13,6.429,9.263,0.99,0.091,1.072
canny_hough,fixed,combined,306,1,1,0.3,218.14,58.14,6.496,9.3,1.03,0.096,1.002
canny_hough,fixed,combined,307,1,1,0.3,218.14,58.14,6.384,9.154,0.991,0.092,0.996
canny_hough,fixed,combined,308,1,1,0.3,219.06,59.06,6.582,9.43,0.993,0.094,1.015
canny_hough,fixed,combined,309,1,1,0.3,223.75,63.75,2.873,5.649,1.026,0.092,0.97
canny_hough,fixed,combined,310,1,1,0.15,224.64,64.64,5.068,7.923,0.992,0.094,1.055
canny_hough,fixed,combined,311,1,1,0.15,224.64,64.64,5.02,7.767,0.984,0.09,0.99
canny_hough,fixed,combined,312,1,1,0.3,221.51,61.51,5.285,8.081,0.992,0.088,1.026
canny_hough,fixed,combined,313,1,1,0.3,224.28,64.28,5.091,7.816,0.983,0.09,0.964
canny_hough,fixed,combined,314,1,1,0.3,224.28,64.28,5.129,7.922,0.99,0.091,1.019
canny_hough,fixed,combined,315,1,1,0.3,220.25,60.25,4.966,7.707,0.993,0.091,0.967
canny_hough,fixed,combined,316,1,1,0.3,220.8,60.8,6.436,9.289,0.991,0.094,1.091
canny_hough,fixed,combined,317,1,1,0.3,221.93,61.93,6.513,9.431,0.992,0.09,1.16
canny_hough,fixed,combined,318,1,1,0.3,221.93,61.93,6.595,9.406,1.031,0.095,0.989
canny_hough,fixed,combined,319,1,1,0.3,218.59,58.59,5.626,8.349,0.984,0.09,0.963
canny_hough,fixed,combined,320,1,1,0.3,221.97,61.97,6.435,9.338,0.992,0.089,1.104
canny_hough,fixed,combined,321,1,1,0.3,222.1,62.1,6.434,9.439,0.982,0.091,1.243
canny_hough,fixed,combined,322,1,1,0.3,222.1,62.1,6.517,9.418,0.994,0.089,1.08
canny_hough,fixed,combined,323,1,1,0.3,219.39,59.39,6.222,9.162,0.986,0.087,1.108
canny_hough,fixed,combined,324,1,1,0.3,219.39,59.39,6.226,9.041,0.995,0.088,1.045
canny_hough,fixed,combined,325,1,1,0.3,219.87,59.87,6.525,9.45,1.046,0.091,1.104
canny_hough,fixed,combined,326,1,1,0.3,219.87,59.87,6.531,9.308,0.998,0.095,0.992
canny_hough,fixed,combined,327,1,1,0.3,222.83,62.83,6.307,9.108,0.998,0.095,1.033
canny_hough,fixed,combined,328,1,1,0.3,222.83,62.83,6.386,9.31,0.986,0.09,1.091
canny_hough,fixed,combined,329,1,1,0.3,220.28,60.28,6.345,9.212,0.997,0.094,1.096
canny_hough,fixed,combined,330,1,1,0.3,220.28,60.28,6.384,9.314,0.985,0.09,1.133
canny_hough,fixed,combined,331,1,1,0.15,219.9,59.9,6.19,8.998,0.991,0.092,0.99
canny_hough,fixed,combined,332,1,1,0.15,219.9,59.9,6.225,8.968,0.988,0.09,0.988
canny_hough,fixed,combined,333,1,1,0.3,222.06,62.06,6.21,9.141,0.994,0.091,1.161
canny_hough,fixed,combined,334,1,1,0.3,222.06,62.06,6.35,9.268,1.03,0.097,1.117
canny_hough,fixed,combined,335,1,1,0.3,219.37,59.37,6.36,9.14,0.992,0.09,0.99
canny_hough,fixed,combined,336,1,1,0.3,221.24,61.24,6.349,9.279,0.983,0.096,1.097
canny_hough,fixed,combined,337,1,1,0.3,219.57,59.57,6.233,9.034,1.037,0.095,0.999
canny_hough,fixed,combined,338,1,1,0.3,219.57,59.57,6.314,9.129,0.984,0.089,0.993
canny_hough,fixed,combined,339,1,1,0.3,223.89,63.89,6.257,9.122,0.988,0.09,1.097
canny_hough,fixed,combined,340,1,1,0.3,220.85,60.85,6.367,9.408,0.995,0.095,1.242
canny_hough,fixed,combined,341,1,1,0.15,221.77,61.77,6.128,8.956,0.988,0.093,0.994
canny_hough,fixed,combined,342,1,1,0.15,221.77,61.77,6.13,8.863,0.981,0.099,0.989
canny_hough,fixed,combined,343,1,1,0.3,221.37,61.37,6.49,9.462,0.994,0.092,1.201
canny_hough,fixed,combined,344,1,1,0.3,222.77,62.77,6.42,9.231,1.03,0.097,1.006
canny_hough,fixed,combined,345,1,1,0.15,221.77,61.77,6.287,9.161,0.983,0.092,1.102
canny_hough,fixed,combined,346,1,1,0.15,221.77,61.77,6.309,9.141,0.987,0.09,1.067
canny_hough,fixed,combined,347,1,1,0.3,220.87,60.87,6.342,9.323,1.042,0.093,1.097
canny_hough,fixed,combined,348,1,1,0.3,220.87,60.87,6.443,9.174,0.973,0.094,1.007
canny_hough,fixed,combined,349,1,1,0.15,221.77,61.77,6.283,9.105,0.988,0.089,0.984
canny_hough,fixed,combined,350,1,1,0.3,220.91,60.91,6.343,9.287,0.982,0.135,1.112
canny_hough,fixed,combined,351,1,1,0.3,220.91,60.91,6.323,9.145,0.99,0.092,0.984
canny_hough,fixed,combined,352,1,1,0.3,223.22,63.22,6.515,9.268,0.987,0.09,0.993
canny_hough,fixed,combined,353,1,1,0.15,222.83,62.83,6.536,9.351,0.994,0.093,1.048
canny_hough,fixed,combined,354,1,1,0.3,220.91,60.91,6.396,9.544,1.037,0.131,1.178
canny_hough,fixed,combined,355,1,1,0.3,220.91,60.91,6.242,9.056,0.981,0.094,0.99
canny_hough,fixed,combined,356,1,1,0.3,217.1,57.1,6.583,9.403,0.984,0.144,1.008
canny_hough,fixed,combined,357,1,1,0.3,221.98,61.98,6.486,9.3,0.991,0.09,0.991
canny_hough,fixed,combined,358,1,1,0.3,221.2,61.2,6.469,9.302,0.987,0.095,1.001
canny_hough,fixed,combined,359,1,1,0.3,221.2,61.2,6.459,9.256,1.034,0.095,0.988
canny_hough,fixed,combined,360,1,1,0.15,221.65,61.65,6.313,9.18,0.985,0.095,0.997
canny_hough,otsu,combined,0,0,0,0.0,0.0,,5.945,9.624,1.088,0.417,1.5
canny_hough,otsu,combined,1,0,0,0.0,0.0,,6.31,10.443,1.142,0.471,1.66
canny_hough,otsu,combined,2,0,0,0.0,0.0,,5.384,8.843,1.074,0.4,1.229
canny_hough,otsu,combined,3,0,0,0.0,0.0,,6.572,11.14,1.052,0.747,1.843
canny_hough,otsu,combined,4,0,0,0.0,0.0,,6.77,10.736,1.322,0.475,1.161
canny_hough,otsu,combined,5,0,0,0.0,0.0,,5.495,8.825,1.022,0.393,1.151
canny_hough,otsu,combined,6,0,0,0.0,0.0,,5.801,9.813,1.13,0.525,1.465
canny_hough,otsu,combined,7,0,0,0.0,0.0,,4.408,7.903,1.183,0.394,1.213
canny_hough,otsu,combined,8,0,0,0.0,0.0,,4.613,7.799,1.078,0.391,0.97
canny_hough,otsu,combined,9,0,0,0.0,0.0,,4.442,7.589,1.065,0.386,0.993
canny_hough,otsu,combined,10,0,0,0.0,0.0,,4.72,7.888,1.053,0.391,1.014
canny_hough,otsu,combined,11,0,0,0.0,0.0,,4.676,7.831,1.048,0.387,1.017
canny_hough,otsu,combined,12,0,0,0.0,0.0,,4.618,7.747,1.009,0.435,0.984
canny_hough,otsu,combined,13,0,0,0.0,0.0,,4.428,7.538,1.005,0.434,0.97
canny_hough,otsu,combined,14,0,0,0.0,0.0,,4.712,8.102,1.007,0.387,1.188
canny_hough,otsu,combined,15,0,0,0.0,0.0,,4.615,7.746,1.007,0.386,1.02
canny_hough,otsu,combined,16,0,0,0.0,0.0,,4.625,7.81,1.004,0.383,1.091
canny_hough,otsu,combined,17,0,0,0.0,0.0,,4.62,7.793,1.013,0.391,1.064
canny_hough,otsu,combined,18,0,0,0.0,0.0,,4.614,7.79,0.99,0.385,1.069
canny_hough,otsu,combined,19,0,0,0.0,0.0,,4.504,7.634,0.996,0.384,1.042
canny_hough,otsu,combined,20,0,0,0.0,0.0,,4.546,7.71,1.006,0.391,0.977
canny_hough,otsu,combined,21,0,0,0.0,0.0,,4.701,8.024,0.983,0.38,1.184
canny_hough,otsu,combined,22,0,0,0.0,0.0,,4.379,7.454,1.002,0.383,0.988
canny_hough,otsu,combined,23,0,0,0.0,0.0,,4.274,7.357,0.996,0.38,1.004
canny_hough,otsu,combined,24,0,0,0.0,0.0,,4.599,8.057,1.015,0.424,1.234
canny_hough,otsu,combined,25,0,0,0.0,0.0,,4.6,7.643,0.985,0.378,0.951
canny_hough,otsu,combined,26,0,0,0.0,0.0,,4.723,7.809,0.995,0.38,0.943
canny_hough,otsu,combined,27,0,0,0.0,0.0,,4.519,8.014,1.434,0.399,0.967
canny_hough,otsu,combined,28,0,0,0.0,0.0,,4.538,7.68,1.055,0.378,0.986
canny_hough,otsu,combined,29,0,0,0.0,0.0,,4.536,7.935,1.188,0.383,1.136
canny_hough,otsu,combined,30,0,0,0.0,0.0,,5.069,8.157,1.05,0.384,0.946
canny_hough,otsu,combined,31,0,0,0.0,0.0,,5.182,8.753,1.165,0.447,1.233
canny_hough,otsu,combined,32,0,0,0.0,0.0,,5.02,8.26,0.989,0.376,1.151
canny_hough,otsu,combined,33,0,0,0.0,0.0,,4.974,7.603,0.706,0.388,0.818
canny_hough,otsu,combined,34,0,0,0.0,0.0,,5.19,8.454,1.017,0.419,1.126
canny_hough,otsu,combined,35,0,0,0.0,0.0,,4.792,8.362,1.016,0.422,1.406
canny_hough,otsu,combined,36,0,0,0.0,0.0,,4.843,8.111,1.027,0.407,1.119
canny_hough,otsu,combined,37,0,0,0.0,0.0,,4.928,8.567,1.019,0.41,1.501
canny_hough,otsu,combined,38,0,0,0.0,0.0,,4.886,8.458,1.026,0.525,1.293
canny_hough,otsu,combined,39,0,0,0.0,0.0,,4.46,7.794,1.031,0.432,1.174
canny_hough,otsu,combined,40,0,0,0.0,0.0,,4.411,7.862,1.055,0.475,1.211
canny_hough,otsu,combined,41,0,0,0.0,0.0,,4.727,7.917,1.037,0.472,1.007
canny_hough,otsu,combined,42,0,0,0.0,0.0,,4.27,7.536,0.981,0.42,1.182
canny_hough,otsu,combined,43,0,0,0.0,0.0,,4.735,7.843,0.99,0.375,1.053
canny_hough,otsu,combined,44,0,0,0.0,0.0,,4.521,7.612,0.988,0.375,1.044
canny_hough,otsu,combined,45,0,0,0.0,0.0,,4.515,7.769,0.995,0.376,1.208
canny_hough,otsu,combined,46,0,0,0.0,0.0,,4.486,7.817,0.994,0.376,1.27
canny_hough,otsu,combined,47,0,0,0.0,0.0,,4.701,7.974,0.985,0.376,1.224
canny_hough,otsu,combined,48,0,0,0.0,0.0,,4.61,7.696,0.991,0.371,0.936
canny_hough,otsu,combined,49,0,0,0.0,0.0,,4.546,7.542,0.982,0.375,0.947
canny_hough,otsu,combined,50,0,0,0.0,0.0,,4.497,7.485,0.982,0.377,0.946
canny_hough,otsu,combined,51,0,0,0.0,0.0,,4.631,7.629,0.985,0.373,0.949
canny_hough,otsu,combined,52,0,0,0.0,0.0,,4.473,7.527,0.99,0.371,0.947
canny_hough,otsu,combined,53,0,0,0.0,0.0,,4.471,7.514,1.033,0.381,0.945
canny_hough,otsu,combined,54,0,0,0.0,0.0,,4.184,7.411,1.035,0.384,1.132
canny_hough,otsu,combined,55,0,0,0.0,0.0,,4.286,7.549,0.981,0.435,1.172
canny_hough,otsu,combined,56,0,0,0.0,0.0,,4.32,7.607,0.991,0.374,1.238
canny_hough,otsu,combined,57,0,0,0.0,0.0,,4.639,7.721,0.997,0.377,1.026
canny_hough,otsu,combined,58,0,0,0.0,0.0,,4.36,7.463,0.989,0.375,1.025
canny_hough,otsu,combined,59,0,0,0.0,0.0,,4.42,7.426,0.987,0.377,0.956
canny_hough,otsu,combined,60,0,0,0.0,0.0,,4.348,7.327,0.987,0.374,0.939
canny_hough,otsu,combined,61,0,0,0.0,0.0,,4.434,7.67,0.993,0.374,1.126
canny_hough,otsu,combined,62,0,0,0.0,0.0,,4.449,7.708,1.055,0.378,1.142
canny_hough,otsu,combined,63,0,0,0.0,0.0,,4.466,7.706,1.041,0.376,1.145
canny_hough,otsu,combined,64,0,0,0.0,0.0,,4.468,7.73,1.04,0.381,1.152
canny_hough,otsu,combined,65,0,0,0.0,0.0,,4.566,7.821,1.04,0.38,1.156
canny_hough,otsu,combined,66,0,0,0.0,0.0,,4.564,7.581,1.038,0.375,0.936
canny_hough,otsu,combined,67,0,0,0.0,0.0,,4.609,7.895,0.992,0.419,1.184
canny_hough,otsu,combined,68,0,0,0.0,0.0,,4.318,7.601,0.99,0.42,1.156
canny_hough,otsu,combined,69,0,0,0.0,0.0,,4.613,7.711,0.997,0.375,1.043
canny_hough,otsu,combined,70,0,0,0.0,0.0,,4.685,7.797,0.997,0.376,1.053
canny_hough,otsu,combined,71,0,0,0.0,0.0,,4.679,7.765,0.991,0.371,1.044
canny_hough,otsu,combined,72,1,1,0.6,319.0,159.0,3.387,6.61,0.988,0.374,1.175
canny_hough,otsu,combined,73,0,0,0.0,0.0,,4.633,7.696,0.98,0.374,0.959
canny_hough,otsu,combined,74,0,0,0.0,0.0,,4.571,7.802,0.982,0.376,1.121
canny_hough,otsu,combined,75,0,0,0.0,0.0,,4.578,7.797,0.987,0.375,1.123
canny_hough,otsu,combined,76,0,0,0.0,0.0,,4.65,7.663,1.029,0.375,0.94
canny_hough,otsu,combined,77,0,0,0.0,0.0,,4.221,7.28,1.031,0.38,0.954
canny_hough,otsu,combined,78,0,0,0.0,0.0,,4.228,7.365,0.997,0.429,0.984
canny_hough,otsu,combined,79,0,0,0.0,0.0,,4.237,7.287,0.994,0.374,1.008
canny_hough,otsu,combined,80,1,1,0.15,319.0,159.0,2.476,5.549,0.995,0.375,1.013
canny_hough,otsu,combined,81,1,1,0.3,319.0,159.0,2.438,5.522,1.029,0.38,1.016
canny_hough,otsu,combined,82,1,1,0.3,319.0,159.0,2.442,5.438,0.981,0.371,0.963
canny_hough,otsu,combined,83,1,1,0.45,319.0,159.0,3.098,6.366,0.993,0.371,1.217
canny_hough,otsu,combined,84,0,0,0.0,0.0,,3.944,6.923,0.988,0.375,0.942
canny_hough,otsu,combined,85,0,0,0.0,0.0,,4.211,7.399,1.029,0.38,1.097
canny_hough,otsu,combined,86,0,0,0.0,0.0,,4.154,7.214,1.035,0.38,0.954
canny_hough,otsu,combined,87,0,0,0.0,0.0,,3.654,6.681,0.99,0.373,0.988
canny_hough,otsu,combined,88,0,0,0.0,0.0,,3.608,6.631,0.984,0.371,0.957
canny_hough,otsu,combined,89,0,0,0.0,0.0,,4.003,7.248,1.061,0.38,1.115
canny_hough,otsu,combined,90,0,0,0.0,0.0,,4.02,7.217,1.041,0.377,1.101
canny_hough,otsu,combined,91,0,0,0.0,0.0,,3.746,6.932,0.984,0.376,1.146
canny_hough,otsu,combined,92,0,0,0.0,0.0,,3.68,6.911,0.992,0.374,1.112
canny_hough,otsu,combined,93,0,0,0.0,0.0,,3.858,6.899,0.992,0.373,0.935
canny_hough,otsu,combined,94,0,0,0.0,0.0,,3.9,7.112,1.04,0.38,1.109
canny_hough,otsu,combined,95,0,0,0.0,0.0,,3.927,6.947,0.984,0.377,0.985
canny_hough,otsu,combined,96,0,0,0.0,0.0,,4.358,7.409,0.988,0.376,0.945
canny_hough,otsu,combined,97,0,0,0.0,0.0,,4.215,7.204,0.989,0.376,0.932
canny_hough,otsu,combined,98,0,0,0.0,0.0,,4.209,7.312,0.994,0.372,0.958
canny_hough,otsu,combined,99,0,0,0.0,0.0,,4.203,7.244,1.037,0.377,0.942
canny_hough,otsu,combined,100,0,0,0.0,0.0,,4.133,7.186,0.995,0.423,0.952
canny_hough,otsu,combined,101,0,0,0.0,0.0,,4.736,8.048,0.996,0.373,1.253
canny_hough,otsu,combined,102,0,0,0.0,0.0,,4.456,7.755,0.987,0.374,1.25
canny_hough,otsu,combined,103,0,0,0.0,0.0,,4.442,7.53,0.98,0.377,1.052
canny_hough,otsu,combined,104,1,1,0.6,304.26,144.26,3.425,6.637,0.986,0.377,1.151
canny_hough,otsu,combined,105,1,1,0.3,281.77,121.77,5.127,8.368,0.99,0.373,1.13
canny_hough,otsu,combined,106,1,1,0.3,281.77,121.77,5.184,8.164,0.989,0.377,0.931
canny_hough,otsu,combined,107,1,1,0.3,253.94,93.94,2.684,5.821,0.992,0.373,1.078
canny_hough,otsu,combined,108,1,1,0.3,253.94,93.94,2.674,5.749,0.991,0.413,0.96
canny_hough,otsu,combined,109,1,1,0.3,266.91,106.91,4.484,7.477,0.993,0.377,0.945
canny_hough,otsu,combined,110,1,1,0.3,266.91,106.91,4.501,7.705,0.98,0.377,1.1
canny_hough,otsu,combined,111,1,1,0.3,266.91,106.91,4.494,7.716,1.049,0.379,1.113
canny_hough,otsu,combined,112,0,0,0.0,0.0,,2.747,5.92,1.031,0.381,1.092
canny_hough,otsu,combined,113,0,0,0.0,0.0,,3.587,6.62,0.984,0.372,0.943
canny_hough,otsu,combined,114,0,0,0.0,0.0,,3.639,6.688,0.979,0.371,0.959
canny_hough,otsu,combined,115,1,1,0.3,0.0,-160.0,4.118,7.291,1.029,0.381,1.088
canny_hough,otsu,combined,116,1,1,0.3,0.0,-160.0,4.123,7.317,0.983,0.373,1.157
canny_hough,otsu,combined,117,1,1,0.6,0.0,-160.0,4.29,7.492,0.993,0.374,1.163
canny_hough,otsu,combined,118,1,1,0.6,0.0,-160.0,4.618,7.653,0.98,0.373,0.96
canny_hough,otsu,combined,119,1,1,0.6,0.0,-160.0,4.581,7.572,0.979,0.376,0.948
canny_hough,otsu,combined,120,1,1,0.6,0.0,-160.0,5.403,8.41,0.992,0.379,0.939
canny_hough,otsu,combined,121,1,1,0.6,0.0,-160.0,4.803,8.028,1.076,0.387,1.043
canny_hough,otsu,combined,122,1,1,0.6,0.0,-160.0,4.815,7.832,0.993,0.378,0.955
canny_hough,otsu,combined,123,1,1,0.6,0.0,-160.0,4.873,8.111,1.074,0.389,1.072
canny_hough,otsu,combined,124,1,1,0.6,0.0,-160.0,4.817,8.128,1.076,0.39,1.061
canny_hough,otsu,combined,125,1,1,0.6,42.12,-117.88,4.838,8.082,0.997,0.385,1.084
canny_hough,otsu,combined,126,1,1,0.6,67.45,-92.55,4.576,7.746,0.997,0.382,1.002
canny_hough,otsu,combined,127,1,1,0.6,67.45,-92.55,4.584,7.766,0.997,0.386,1.004
canny_hough,otsu,combined,128,0,0,0.0,0.0,,5.761,8.92,0.999,0.385,1.012
canny_hough,otsu,combined,129,0,0,0.0,0.0,,4.605,8.448,1.236,0.457,1.332
canny_hough,otsu,combined,130,0,0,0.0,0.0,,4.564,7.714,0.997,0.44,1.01
canny_hough,otsu,combined,131,0,0,0.0,0.0,,4.403,7.683,1.002,0.386,1.199
canny_hough,otsu,combined,132,0,0,0.0,0.0,,4.433,7.603,0.997,0.383,1.078
canny_hough,otsu,combined,133,1,1,0.6,319.0,159.0,4.329,7.69,1.007,0.39,1.257
canny_hough,otsu,combined,134,1,1,0.6,319.0,159.0,4.373,7.692,1.005,0.382,1.22
canny_hough,otsu,combined,135,1,1,0.6,319.0,159.0,4.362,7.688,1.005,0.39,1.142
canny_hough,otsu,combined,136,1,1,0.3,319.0,159.0,4.266,7.38,1.0,0.382,0.966
canny_hough,otsu,combined,137,1,1,0.45,319.0,159.0,4.292,7.343,1.0,0.385,0.961
canny_hough,otsu,combined,138,1,1,0.45,319.0,159.0,4.192,7.437,1.087,0.451,0.983
canny_hough,otsu,combined,139,1,1,0.45,319.0,159.0,4.156,7.356,1.038,0.379,1.103
canny_hough,otsu,combined,140,1,1,0.6,154.47,-5.53,4.755,7.992,0.997,0.426,1.125
canny_hough,otsu,combined,141,1,1,0.6,235.4,75.4,5.617,8.671,0.985,0.419,0.971
canny_hough,otsu,combined,142,1,1,0.6,243.1,83.1,5.912,8.981,1.033,0.383,0.968
canny_hough,otsu,combined,143,1,1,0.6,243.1,83.1,5.877,9.03,0.995,0.376,1.099
canny_hough,otsu,combined,144,1,1,0.6,216.22,56.22,6.198,9.359,0.994,0.379,1.082
canny_hough,otsu,combined,145,0,0,0.0,0.0,,1.345,4.416,1.038,0.382,0.963
canny_hough,otsu,combined,146,0,0,0.0,0.0,,0.679,3.727,1.033,0.379,0.989
canny_hough,otsu,combined,147,0,0,0.0,0.0,,0.668,3.654,1.013,0.377,0.948
canny_hough,otsu,combined,148,0,0,0.0,0.0,,0.664,3.727,1.016,0.379,0.995
canny_hough,otsu,combined,149,0,0,0.0,0.0,,0.669,3.663,0.968,0.42,0.95
canny_hough,otsu,combined,150,0,0,0.0,0.0,,1.927,4.894,0.978,0.375,0.974
canny_hough,otsu,combined,151,0,0,0.0,0.0,,1.955,6.005,1.22,0.529,1.602
canny_hough,otsu,combined,152,0,0,0.0,0.0,,1.891,5.074,0.981,0.378,1.153
canny_hough,otsu,combined,153,0,0,0.0,0.0,,3.455,6.487,0.987,0.422,0.968
canny_hough,otsu,combined,154,0,0,0.0,0.0,,3.49,6.458,0.98,0.377,0.939
canny_hough,otsu,combined,155,0,0,0.0,0.0,,3.451,6.462,1.024,0.377,0.938
canny_hough,otsu,combined,156,0,0,0.0,0.0,,3.115,6.235,0.984,0.375,1.083
canny_hough,otsu,combined,157,1,1,0.3,319.0,159.0,4.469,7.439,0.983,0.377,0.936
canny_hough,otsu,combined,158,1,1,0.3,319.0,159.0,4.454,7.552,0.994,0.379,0.92
canny_hough,otsu,combined,159,1,1,0.15,319.0,159.0,4.177,7.349,1.038,0.38,1.075
canny_hough,otsu,combined,160,0,0,0.0,0.0,,1.726,4.732,1.026,0.381,0.913
canny_hough,otsu,combined,161,1,1,0.3,319.0,159.0,4.181,7.296,1.023,0.377,1.055
canny_hough,otsu,combined,162,1,1,0.3,319.0,159.0,4.186,7.34,1.033,0.383,1.054
canny_hough,otsu,combined,163,1,1,0.6,319.0,159.0,4.798,7.931,0.981,0.416,1.059
canny_hough,otsu,combined,164,1,1,0.6,319.0,159.0,4.819,7.937,0.977,0.42,1.049
canny_hough,otsu,combined,165,1,1,0.15,319.0,159.0,3.343,6.503,0.982,0.42,1.079
canny_hough,otsu,combined,166,0,0,0.0,0.0,,2.935,6.047,0.989,0.374,1.066
canny_hough,otsu,combined,167,0,0,0.0,0.0,,2.916,6.049,1.026,0.381,1.052
canny_hough,otsu,combined,168,0,0,0.0,0.0,,2.887,6.039,0.98,0.379,1.043
canny_hough,otsu,combined,169,1,1,0.45,319.0,159.0,4.247,7.428,1.033,0.378,1.093
canny_hough,otsu,combined,170,1,1,0.45,319.0,159.0,4.296,7.479,0.992,0.422,1.092
canny_hough,otsu,combined,171,1,1,0.45,319.0,159.0,4.285,7.308,0.976,0.374,0.984
canny_hough,otsu,combined,172,1,1,0.3,319.0,159.0,3.213,6.268,0.99,0.378,0.999
canny_hough,otsu,combined,173,1,1,0.15,319.0,159.0,3.111,6.147,0.994,0.375,0.93
canny_hough,otsu,combined,174,1,1,0.3,319.0,159.0,3.92,7.09,0.996,0.379,1.122
canny_hough,otsu,combined,175,1,1,0.3,319.0,159.0,3.784,6.968,1.02,0.378,0.955
canny_hough,otsu,combined,176,1,1,0.45,319.0,159.0,4.161,7.095,0.983,0.374,0.91
canny_hough,otsu,combined,177,1,1,0.45,319.0,159.0,4.16,7.208,1.03,0.38,0.936
canny_hough,otsu,combined,178,1,1,0.45,319.0,159.0,4.203,7.27,0.989,0.423,0.939
canny_hough,otsu,combined,179,1,1,0.45,319.0,159.0,4.191,7.372,0.99,0.373,1.138
canny_hough,otsu,combined,180,1,1,0.15,319.0,159.0,2.898,5.941,0.971,0.372,1.02
canny_hough,otsu,combined,181,1,1,0.3,319.0,159.0,3.879,6.954,1.027,0.376,0.983
canny_hough,otsu,combined,182,1,1,0.3,319.0,159.0,3.576,6.738,0.99,0.417,1.074
canny_hough,otsu,combined,183,1,1,0.3,319.0,159.0,3.501,6.665,0.987,0.376,1.059
canny_hough,otsu,combined,184,1,1,0.3,319.0,159.0,3.607,6.802,0.993,0.372,1.077
canny_hough,otsu,combined,185,1,1,0.3,319.0,159.0,3.658,6.858,1.031,0.384,1.101
canny_hough,otsu,combined,186,1,1,0.3,319.0,159.0,3.625,6.674,0.985,0.378,1.011
canny_hough,otsu,combined,187,1,1,0.3,319.0,159.0,3.595,6.589,0.994,0.372,0.931
canny_hough,otsu,combined,188,1,1,0.15,319.0,159.0,4.117,7.288,1.022,0.381,1.063
canny_hough,otsu,combined,189,1,1,0.6,319.0,159.0,4.182,7.283,0.975,0.418,1.039
canny_hough,otsu,combined,190,1,1,0.6,319.0,159.0,4.201,7.363,0.985,0.379,1.114
canny_hough,otsu,combined,191,1,1,0.6,319.0,159.0,4.228,7.391,0.984,0.378,1.041
canny_hough,otsu,combined,192,1,1,0.45,319.0,159.0,3.784,6.762,0.99,0.377,0.924
canny_hough,otsu,combined,193,1,1,0.15,319.0,159.0,3.664,6.842,1.171,0.384,0.94
canny_hough,otsu,combined,194,0,0,0.0,0.0,,4.448,7.484,0.982,0.417,0.959
canny_hough,otsu,combined,195,0,0,0.0,0.0,,4.458,7.507,0.984,0.378,1.012
canny_hough,otsu,combined,196,1,1,0.45,319.0,159.0,3.729,6.782,0.998,0.376,0.993
canny_hough,otsu,combined,197,1,1,0.15,319.0,159.0,3.053,6.103,0.981,0.376,1.016
canny_hough,otsu,combined,198,1,1,0.15,319.0,159.0,3.075,6.131,0.995,0.424,0.934
canny_hough,otsu,combined,199,1,1,0.45,319.0,159.0,3.415,6.45,0.986,0.374,0.99
canny_hough,otsu,combined,200,1,1,0.45,319.0,159.0,3.4,6.425,1.038,0.376,0.923
canny_hough,otsu,combined,201,1,1,0.45,319.0,159.0,3.851,6.886,0.984,0.374,0.997
canny_hough,otsu,combined,202,1,1,0.6,319.0,159.0,4.068,7.068,0.983,0.375,0.951
canny_hough,otsu,combined,203,1,1,0.6,319.0,159.0,4.01,7.172,1.055,0.374,1.051
canny_hough,otsu,combined,204,1,1,0.45,319.0,159.0,4.097,7.165,1.038,0.38,0.944
canny_hough,otsu,combined,205,1,1,0.6,319.0,159.0,3.963,7.084,0.987,0.377,1.078
canny_hough,otsu,combined,206,1,1,0.6,319.0,159.0,3.99,7.097,0.98,0.377,1.001
canny_hough,otsu,combined,207,1,1,0.6,319.0,159.0,4.153,7.137,0.986,0.371,0.929
canny_hough,otsu,combined,208,1,1,0.6,319.0,159.0,4.441,7.514,1.051,0.378,0.915
canny_hough,otsu,combined,209,1,1,0.6,319.0,159.0,4.373,7.41,1.042,0.38,0.931
canny_hough,otsu,combined,210,1,1,0.6,319.0,159.0,4.384,7.408,0.988,0.423,0.927
canny_hough,otsu,combined,211,1,1,0.6,319.0,159.0,4.286,7.349,0.982,0.374,1.017
canny_hough,otsu,combined,212,1,1,0.6,319.0,159.0,4.299,7.435,0.996,0.375,1.071
canny_hough,otsu,combined,213,1,1,0.6,311.31,151.31,3.917,6.912,0.981,0.376,0.962
canny_hough,otsu,combined,214,1,1,0.6,311.31,151.31,3.885,6.908,0.987,0.375,0.916
canny_hough,otsu,combined,215,1,1,0.6,276.52,116.52,4.775,7.816,1.034,0.381,0.937
canny_hough,otsu,combined,216,1,1,0.6,242.75,82.75,5.04,8.091,1.036,0.381,0.959
canny_hough,otsu,combined,217,1,1,0.6,245.98,85.98,5.262,8.3,1.032,0.38,0.942
canny_hough,otsu,combined,218,1,1,0.45,232.7,72.7,3.737,6.853,1.034,0.382,0.972
canny_hough,otsu,combined,219,1,1,0.45,232.7,72.7,3.702,6.774,0.994,0.374,1.02
canny_hough,otsu,combined,220,1,1,0.6,232.83,72.83,3.61,6.573,0.982,0.379,0.922
canny_hough,otsu,combined,221,1,1,0.45,218.62,58.62,3.114,6.185,1.037,0.376,0.98
canny_hough,otsu,combined,222,1,1,0.45,218.62,58.62,3.108,6.198,0.985,0.377,1.056
canny_hough,otsu,combined,223,1,1,0.45,218.62,58.62,3.067,6.101,0.99,0.373,0.981
canny_hough,otsu,combined,224,1,1,0.45,218.62,58.62,3.096,6.162,1.0,0.417,0.965
canny_hough,otsu,combined,225,1,1,0.3,215.03,55.03,6.39,9.386,0.986,0.377,0.959
canny_hough,otsu,combined,226,1,1,0.3,215.03,55.03,6.414,9.66,0.977,0.377,1.228
canny_hough,otsu,combined,227,1,1,0.3,211.05,51.05,6.542,9.727,0.981,0.378,1.069
canny_hough,otsu,combined,228,1,1,0.3,211.05,51.05,6.549,9.68,0.993,0.378,1.033
canny_hough,otsu,combined,229,1,1,0.3,215.37,55.37,4.978,8.149,1.038,0.382,1.061
canny_hough,otsu,combined,230,1,1,0.3,219.26,59.26,4.982,8.059,1.037,0.382,0.974
canny_hough,otsu,combined,231,1,1,0.3,219.26,59.26,4.896,7.952,1.029,0.381,0.977
canny_hough,otsu,combined,232,1,1,0.45,211.44,51.44,6.837,10.034,1.039,0.381,1.081
canny_hough,otsu,combined,233,1,1,0.3,216.65,56.65,6.64,9.753,0.993,0.377,1.056
canny_hough,otsu,combined,234,1,1,0.3,217.08,57.08,6.455,9.556,1.04,0.382,0.989
canny_hough,otsu,combined,235,1,1,0.3,217.08,57.08,6.367,9.582,0.983,0.376,1.085
canny_hough,otsu,combined,236,1,1,0.3,214.2,54.2,6.484,9.586,0.992,0.379,1.0
canny_hough,otsu,combined,237,1,1,0.3,215.96,55.96,6.532,9.575,0.981,0.375,0.998
canny_hough,otsu,combined,238,1,1,0.3,215.96,55.96,6.538,9.808,0.989,0.379,1.178
canny_hough,otsu,combined,239,1,1,0.15,217.34,57.34,6.381,9.602,0.985,0.377,1.102
canny_hough,otsu,combined,240,1,1,0.15,217.34,57.34,6.403,9.534,0.993,0.378,1.077
canny_hough,otsu,combined,241,1,1,0.3,215.63,55.63,6.457,9.685,1.05,0.385,1.1
canny_hough,otsu,combined,242,1,1,0.3,218.97,58.97,6.508,9.558,0.991,0.379,0.988
canny_hough,otsu,combined,243,1,1,0.3,218.97,58.97,6.393,9.477,0.983,0.421,0.986
canny_hough,otsu,combined,244,1,1,0.3,214.87,54.87,6.581,9.769,0.983,0.372,1.093
canny_hough,otsu,combined,245,1,1,0.15,216.94,56.94,6.409,9.669,0.994,0.377,1.206
canny_hough,otsu,combined,246,1,1,0.15,216.94,56.94,6.53,9.739,1.023,0.378,1.145
canny_hough,otsu,combined,247,1,1,0.15,214.68,54.68,6.395,9.49,0.994,0.376,0.975
canny_hough,otsu,combined,248,1,1,0.15,214.68,54.68,6.517,9.754,1.032,0.388,1.102
canny_hough,otsu,combined,249,1,1,0.3,217.86,57.86,6.523,9.554,0.982,0.378,0.984
canny_hough,otsu,combined,250,1,1,0.3,217.86,57.86,6.502,9.595,0.998,0.379,1.025
canny_hough,otsu,combined,251,1,1,0.3,217.87,57.87,6.497,9.707,0.993,0.374,1.093
canny_hough,otsu,combined,252,1,1,0.3,217.87,57.87,6.853,10.09,0.983,0.377,1.171
canny_hough,otsu,combined,253,1,1,0.3,219.2,59.2,6.723,10.108,1.054,0.419,1.067
canny_hough,otsu,combined,254,1,1,0.3,219.2,59.2,6.704,9.938,0.997,0.378,1.146
canny_hough,otsu,combined,255,1,1,0.3,219.2,59.2,6.728,9.9,0.999,0.383,1.02
canny_hough,otsu,combined,256,1,1,0.15,217.77,57.77,6.582,10.029,1.01,0.387,1.349
canny_hough,otsu,combined,257,1,1,0.3,218.59,58.59,6.538,9.771,1.009,0.389,1.024
canny_hough,otsu,combined,258,1,1,0.3,218.59,58.59,6.516,9.893,1.002,0.387,1.253
canny_hough,otsu,combined,259,1,1,0.3,215.13,55.13,6.742,9.929,1.006,0.394,1.022
canny_hough,otsu,combined,260,1,1,0.3,217.85,57.85,6.542,9.775,1.002,0.385,1.152
canny_hough,otsu,combined,261,1,1,0.3,219.94,59.94,6.611,9.92,1.158,0.396,1.057
canny_hough,otsu,combined,262,1,1,0.3,219.94,59.94,6.418,9.748,1.004,0.383,1.241
canny_hough,otsu,combined,263,1,1,0.3,219.85,59.85,6.615,9.914,1.044,0.389,1.15
canny_hough,otsu,combined,264,1,1,0.3,219.85,59.85,6.619,9.931,1.002,0.386,1.216
canny_hough,otsu,combined,265,1,1,0.3,217.32,57.32,6.795,9.99,1.055,0.391,1.04
canny_hough,otsu,combined,266,1,1,0.3,217.32,57.32,6.628,10.05,0.987,0.405,1.34
canny_hough,otsu,combined,267,1,1,0.3,219.85,59.85,6.463,9.699,1.167,0.383,0.988
canny_hough,otsu,combined,268,1,1,0.3,219.85,59.85,6.409,9.594,0.993,0.378,0.994
canny_hough,otsu,combined,269,1,1,0.3,219.91,59.91,6.564,9.797,1.034,0.379,1.138
canny_hough,otsu,combined,270,1,1,0.3,219.91,59.91,6.604,9.659,0.995,0.377,0.987
canny_hough,otsu,combined,271,1,1,0.3,217.37,57.37,6.166,9.259,0.985,0.417,1.001
canny_hough,otsu,combined,272,1,1,0.3,217.37,57.37,6.286,9.394,0.991,0.378,0.986
canny_hough,otsu,combined,273,1,1,0.3,217.87,57.87,6.409,9.643,1.002,0.376,1.094
canny_hough,otsu,combined,274,1,1,0.15,217.12,57.12,6.496,9.594,1.039,0.378,0.988
canny_hough,otsu,combined,275,1,1,0.15,217.12,57.12,6.46,9.489,0.986,0.376,0.985
canny_hough,otsu,combined,276,1,1,0.3,219.14,59.14,6.32,9.543,0.993,0.379,1.161
canny_hough,otsu,combined,277,1,1,0.15,218.66,58.66,7.232,10.33,0.993,0.379,0.983
canny_hough,otsu,combined,278,1,1,0.3,218.22,58.22,6.698,9.95,0.991,0.378,1.175
canny_hough,otsu,combined,279,1,1,0.3,218.22,58.22,6.655,9.888,0.982,0.379,1.101
canny_hough,otsu,combined,280,1,1,0.3,219.67,59.67,6.515,9.61,0.981,0.376,1.061
canny_hough,otsu,combined,281,1,1,0.3,217.48,57.48,6.694,9.785,1.037,0.377,0.99
canny_hough,otsu,combined,282,1,1,0.3,219.52,59.52,6.557,9.751,0.978,0.378,1.174
canny_hough,otsu,combined,283,1,1,0.3,219.52,59.52,6.601,9.7,1.039,0.382,0.986
canny_hough,otsu,combined,284,1,1,0.3,215.99,55.99,6.431,9.673,1.019,0.375,1.095
canny_hough,otsu,combined,285,1,1,0.3,216.58,56.58,6.685,9.793,1.038,0.382,0.996
canny_hough,otsu,combined,286,1,1,0.3,217.77,57.77,6.676,9.727,0.984,0.373,0.993
canny_hough,otsu,combined,287,1,1,0.3,217.77,57.77,6.602,9.766,0.996,0.422,0.992
canny_hough,otsu,combined,288,1,1,0.15,219.84,59.84,6.59,9.666,0.98,0.376,1.004
canny_hough,otsu,combined,289,1,1,0.3,217.42,57.42,6.416,9.555,0.994,0.377,1.073
canny_hough,otsu,combined,290,1,1,0.3,217.42,57.42,6.515,9.634,1.048,0.377,0.996
canny_hough,otsu,combined,291,1,1,0.3,220.23,60.23,6.537,9.656,0.994,0.377,0.991
canny_hough,otsu,combined,292,1,1,0.15,219.84,59.84,6.62,9.698,1.031,0.384,0.988
canny_hough,otsu,combined,293,1,1,0.3,217.95,57.95,6.183,9.322,0.985,0.374,1.094
canny_hough,otsu,combined,294,1,1,0.3,217.95,57.95,6.236,9.429,0.986,0.372,1.167
canny_hough,otsu,combined,295,1,1,0.3,216.16,56.16,6.383,9.588,1.041,0.379,1.095
canny_hough,otsu,combined,296,1,1,0.3,218.73,58.73,6.373,9.589,0.989,0.375,1.167
canny_hough,otsu,combined,297,1,1,0.3,219.2,59.2,6.508,9.588,1.024,0.382,0.993
canny_hough,otsu,combined,298,1,1,0.3,219.2,59.2,6.551,9.606,0.986,0.377,0.981
canny_hough,otsu,combined,299,1,1,0.15,217.12,57.12,6.282,9.485,0.977,0.377,1.162
canny_hough,otsu,combined,300,1,1,0.15,217.12,57.12,6.374,9.441,0.982,0.372,0.984
canny_hough,otsu,combined,301,1,1,0.3,220.23,60.23,6.355,9.469,0.989,0.372,0.991
canny_hough,otsu,combined,302,1,1,0.3,215.03,55.03,6.515,9.624,1.037,0.381,1.001
canny_hough,otsu,combined,303,1,1,0.3,215.03,55.03,6.424,9.475,0.987,0.379,0.995
canny_hough,otsu,combined,304,1,1,0.3,217.48,57.48,6.491,9.602,0.989,0.377,1.063
canny_hough,otsu,combined,305,1,1,0.3,218.13,58.13,6.47,9.578,1.05,0.377,0.989
canny_hough,otsu,combined,306,1,1,0.3,218.14,58.14,6.402,9.51,0.979,0.372,0.997
canny_hough,otsu,combined,307,1,1,0.3,218.14,58.14,6.463,9.585,1.035,0.38,1.023
canny_hough,otsu,combined,308,1,1,0.3,219.06,59.06,6.694,9.968,0.997,0.378,1.164
canny_hough,otsu,combined,309,1,1,0.3,223.75,63.75,2.889,5.949,0.982,0.418,0.971
canny_hough,otsu,combined,310,1,1,0.15,224.64,64.64,5.066,8.055,0.983,0.373,0.967
canny_hough,otsu,combined,311,1,1,0.15,224.64,64.64,5.011,8.101,0.992,0.378,1.037
canny_hough,otsu,combined,312,1,1,0.3,221.51,61.51,5.297,8.33,0.988,0.377,0.977
canny_hough,otsu,combined,313,1,1,0.3,224.28,64.28,5.032,8.169,0.994,0.376,1.014
canny_hough,otsu,combined,314,1,1,0.3,224.28,64.28,5.063,8.112,0.979,0.376,0.962
canny_hough,otsu,combined,315,1,1,0.3,220.25,60.25,4.895,8.054,0.984,0.374,1.118
canny_hough,otsu,combined,316,1,1,0.3,220.8,60.8,6.393,9.604,0.992,0.377,1.161
canny_hough,otsu,combined,317,1,1,0.3,221.93,61.93,6.557,9.654,1.041,0.381,0.977
canny_hough,otsu,combined,318,1,1,0.3,221.93,61.93,6.551,9.776,0.989,0.374,1.083
canny_hough,otsu,combined,319,1,1,0.3,218.59,58.59,5.563,8.647,1.026,0.383,0.985
canny_hough,otsu,combined,320,1,1,0.3,221.97,61.97,6.436,9.518,1.03,0.379,0.986
canny_hough,otsu,combined,321,1,1,0.3,222.1,62.1,6.445,9.574,0.987,0.378,1.014
canny_hough,otsu,combined,322,1,1,0.3,222.1,62.1,6.566,9.777,1.038,0.395,1.102
canny_hough,otsu,combined,323,1,1,0.3,219.39,59.39,6.209,9.344,0.978,0.379,1.088
canny_hough,otsu,combined,324,1,1,0.3,219.39,59.39,6.23,9.348,0.993,0.378,1.064
canny_hough,otsu,combined,325,1,1,0.3,219.87,59.87,6.503,9.608,1.047,0.38,0.987
canny_hough,otsu,combined,326,1,1,0.3,219.87,59.87,6.474,9.698,0.999,0.376,1.087
canny_hough,otsu,combined,327,1,1,0.3,222.83,62.83,6.417,9.614,1.024,0.382,1.104
canny_hough,otsu,combined,328,1,1,0.3,222.83,62.83,6.402,9.467,0.982,0.377,0.985
canny_hough,otsu,combined,329,1,1,0.3,220.28,60.28,6.304,9.421,0.996,0.379,1.063
canny_hough,otsu,combined,330,1,1,0.3,220.28,60.28,6.387,9.595,1.036,0.382,1.096
canny_hough,otsu,combined,331,1,1,0.15,219.9,59.9,6.192,9.227,0.999,0.38,0.981
canny_hough,otsu,combined,332,1,1,0.15,219.9,59.9,6.188,9.387,0.992,0.419,1.102
canny_hough,otsu,combined,333,1,1,0.3,222.06,62.06,6.27,9.373,0.995,0.376,0.984
canny_hough,otsu,combined,334,1,1,0.3,222.06,62.06,6.264,9.341,0.972,0.371,0.98
canny_hough,otsu,combined,335,1,1,0.3,219.37,59.37,6.336,9.408,0.979,0.424,0.981
canny_hough,otsu,combined,336,1,1,0.3,221.24,61.24,6.388,9.588,0.985,0.374,1.093
canny_hough,otsu,combined,337,1,1,0.3,219.57,59.57,6.232,9.454,0.982,0.376,1.174
canny_hough,otsu,combined,338,1,1,0.3,219.57,59.57,6.312,9.454,1.036,0.38,0.998
canny_hough,otsu,combined,339,1,1,0.3,223.89,63.89,6.256,9.289,0.978,0.374,0.993
canny_hough,otsu,combined,340,1,1,0.3,220.85,60.85,6.282,9.391,0.987,0.377,1.054
canny_hough,otsu,combined,341,1,1,0.15,221.77,61.77,6.076,9.271,1.034,0.382,1.096
canny_hough,otsu,combined,342,1,1,0.15,221.77,61.77,6.148,9.285,0.988,0.378,1.089
canny_hough,otsu,combined,343,1,1,0.3,221.37,61.37,6.488,9.568,0.984,0.377,1.041
canny_hough,otsu,combined,344,1,1,0.3,222.77,62.77,6.387,9.58,0.987,0.374,1.087
canny_hough,otsu,combined,345,1,1,0.15,221.77,61.77,6.306,9.521,0.994,0.377,1.169
canny_hough,otsu,combined,346,1,1,0.15,221.77,61.77,6.341,9.563,1.051,0.384,1.097
canny_hough,otsu,combined,347,1,1,0.3,220.87,60.87,6.358,9.39,0.982,0.379,0.985
canny_hough,otsu,combined,348,1,1,0.3,220.87,60.87,6.376,9.636,1.003,0.376,1.157
canny_hough,otsu,combined,349,1,1,0.15,221.77,61.77,6.333,9.441,1.001,0.38,0.977
canny_hough,otsu,combined,350,1,1,0.3,220.91,60.91,6.327,9.464,1.006,0.376,0.99
canny_hough,otsu,combined,351,1,1,0.3,220.91,60.91,6.376,9.472,1.046,0.381,0.983
canny_hough,otsu,combined,352,1,1,0.3,223.22,63.22,6.486,9.514,0.985,0.377,0.988
canny_hough,otsu,combined,353,1,1,0.15,222.83,62.83,6.09,9.338,0.995,0.38,1.2
canny_hough,otsu,combined,354,1,1,0.3,220.91,60.91,6.321,9.421,1.035,0.381,0.998
canny_hough,otsu,combined,355,1,1,0.3,220.91,60.91,6.238,9.383,0.984,0.378,1.1
canny_hough,otsu,combined,356,1,1,0.3,217.1,57.1,6.537,9.724,0.985,0.378,1.141
canny_hough,otsu,combined,357,1,1,0.3,221.98,61.98,7.048,10.273,0.996,0.372,1.106
canny_hough,otsu,combined,358,1,1,0.3,221.2,61.2,6.935,10.249,1.076,0.466,1.014
canny_hough,otsu,combined,359,1,1,0.3,221.2,61.2,6.52,9.565,0.982,0.374,0.993
canny_hough,otsu,combined,360,1,1,0.15,221.65,61.65,6.261,9.46,0.979,0.377,1.158
canny_hough,adaptive,combined,0,0,0,0.0,0.0,,6.567,18.267,1.029,8.074,1.775
canny_hough,adaptive,combined,1,0,0,0.0,0.0,,8.858,22.15,1.137,9.166,2.117
canny_hough,adaptive,combined,2,0,0,0.0,0.0,,5.794,17.274,1.044,7.998,1.629
canny_hough,adaptive,combined,3,0,0,0.0,0.0,,4.696,14.837,1.007,7.252,1.159
canny_hough,adaptive,combined,4,0,0,0.0,0.0,,4.458,14.634,0.99,7.313,1.163
canny_hough,adaptive,combined,5,0,0,0.0,0.0,,4.549,14.762,1.077,7.216,1.2
canny_hough,adaptive,combined,6,0,0,0.0,0.0,,4.655,14.938,0.994,7.312,1.182
canny_hough,adaptive,combined,7,0,0,0.0,0.0,,4.428,14.507,0.998,7.226,1.157
canny_hough,adaptive,combined,8,0,0,0.0,0.0,,4.593,14.976,1.037,7.312,1.339
canny_hough,adaptive,combined,9,0,0,0.0,0.0,,4.448,14.855,1.053,7.2,1.448
canny_hough,adaptive,combined,10,0,0,0.0,0.0,,4.547,14.871,0.997,7.277,1.356
canny_hough,adaptive,combined,11,0,0,0.0,0.0,,4.881,15.283,1.007,7.29,1.316
canny_hough,adaptive,combined,12,0,0,0.0,0.0,,4.507,14.613,0.994,7.261,1.104
canny_hough,adaptive,combined,13,0,0,0.0,0.0,,4.406,14.575,1.067,7.201,1.193
canny_hough,adaptive,combined,14,0,0,0.0,0.0,,5.08,15.132,1.053,7.194,1.111
canny_hough,adaptive,combined,15,0,0,0.0,0.0,,4.99,15.306,0.985,7.253,1.368
canny_hough,adaptive,combined,16,0,0,0.0,0.0,,5.005,15.508,1.021,7.414,1.277
canny_hough,adaptive,combined,17,0,0,0.0,0.0,,4.922,15.589,1.07,7.406,1.487
canny_hough,adaptive,combined,18,0,0,0.0,0.0,,4.938,15.565,1.083,7.324,1.506
canny_hough,adaptive,combined,19,0,0,0.0,0.0,,4.625,15.096,1.017,7.338,1.417
canny_hough,adaptive,combined,20,0,0,0.0,0.0,,4.396,14.397,0.995,7.237,1.082
canny_hough,adaptive,combined,21,0,0,0.0,0.0,,4.561,14.67,0.987,7.233,1.133
canny_hough,adaptive,combined,22,0,0,0.0,0.0,,4.169,14.424,1.042,7.112,1.418
canny_hough,adaptive,combined,23,0,0,0.0,0.0,,4.195,14.31,1.0,7.122,1.303
canny_hough,adaptive,combined,24,0,0,0.0,0.0,,4.447,14.471,0.997,7.176,1.101
canny_hough,adaptive,combined,25,0,0,0.0,0.0,,4.52,14.758,0.995,7.189,1.367
canny_hough,adaptive,combined,26,0,0,0.0,0.0,,4.491,14.666,0.996,7.145,1.3
canny_hough,adaptive,combined,27,0,0,0.0,0.0,,4.478,14.673,0.993,7.169,1.279
canny_hough,adaptive,combined,28,0,0,0.0,0.0,,4.518,14.522,0.989,7.159,1.177
canny_hough,adaptive,combined,29,0,0,0.0,0.0,,4.504,14.623,0.991,7.139,1.306
canny_hough,adaptive,combined,30,0,0,0.0,0.0,,4.613,14.641,0.983,7.168,1.109
canny_hough,adaptive,combined,31,0,0,0.0,0.0,,4.651,14.82,0.994,7.127,1.366
canny_hough,adaptive,combined,32,0,0,0.0,0.0,,4.45,14.567,0.997,7.128,1.308
canny_hough,adaptive,combined,33,0,0,0.0,0.0,,4.436,14.46,0.997,7.175,1.114
canny_hough,adaptive,combined,34,0,0,0.0,0.0,,4.466,14.533,0.988,7.181,1.195
canny_hough,adaptive,combined,35,0,0,0.0,0.0,,4.306,14.4,0.984,7.141,1.301
canny_hough,adaptive,combined,36,0,0,0.0,0.0,,4.321,14.664,1.06,7.279,1.299
canny_hough,adaptive,combined,37,0,0,0.0,0.0,,4.465,14.479,0.992,7.152,1.123
canny_hough,adaptive,combined,38,0,0,0.0,0.0,,4.418,14.356,0.987,7.167,1.119
canny_hough,adaptive,combined,39,0,0,0.0,0.0,,4.301,14.322,1.037,7.116,1.182
canny_hough,adaptive,combined,40,0,0,0.0,0.0,,4.369,14.48,0.992,7.141,1.297
canny_hough,adaptive,combined,41,0,0,0.0,0.0,,4.612,14.603,0.989,7.16,1.093
canny_hough,adaptive,combined,42,0,0,0.0,0.0,,4.325,14.551,1.042,7.118,1.374
canny_hough,adaptive,combined,43,0,0,0.0,0.0,,4.493,14.429,1.003,7.12,1.122
canny_hough,adaptive,combined,44,0,0,0.0,0.0,,4.485,14.49,0.98,7.168,1.11
canny_hough,adaptive,combined,45,0,0,0.0,0.0,,4.479,14.65,0.987,7.131,1.365
canny_hough,adaptive,combined,46,0,0,0.0,0.0,,4.439,14.427,0.991,7.15,1.12
canny_hough,adaptive,combined,47,0,0,0.0,0.0,,4.538,14.724,1.066,7.166,1.28
canny_hough,adaptive,combined,48,0,0,0.0,0.0,,4.584,14.594,0.991,7.142,1.119
canny_hough,adaptive,combined,49,0,0,0.0,0.0,,4.434,14.561,0.989,7.146,1.304
canny_hough,adaptive,combined,50,0,0,0.0,0.0,,4.444,14.458,1.042,7.167,1.114
canny_hough,adaptive,combined,51,0,0,0.0,0.0,,4.721,14.61,0.984,7.122,1.104
canny_hough,adaptive,combined,52,0,0,0.0,0.0,,4.472,14.638,0.982,7.177,1.322
canny_hough,adaptive,combined,53,0,0,0.0,0.0,,4.458,14.476,1.045,7.11,1.176
canny_hough,adaptive,combined,54,0,0,0.0,0.0,,4.169,14.132,0.996,7.147,1.125
canny_hough,adaptive,combined,55,0,0,0.0,0.0,,4.287,14.432,0.987,7.178,1.295
canny_hough,adaptive,combined,56,0,0,0.0,0.0,,4.308,14.635,0.989,7.258,1.374
canny_hough,adaptive,combined,57,0,0,0.0,0.0,,4.748,14.863,0.995,7.14,1.299
canny_hough,adaptive,combined,58,0,0,0.0,0.0,,4.293,14.226,0.981,7.164,1.104
canny_hough,adaptive,combined,59,0,0,0.0,0.0,,4.336,14.528,0.985,7.155,1.37
canny_hough,adaptive,combined,60,0,0,0.0,0.0,,4.341,14.454,1.002,7.136,1.291
canny_hough,adaptive,combined,61,0,0,0.0,0.0,,4.453,14.647,1.056,7.171,1.284
canny_hough,adaptive,combined,62,0,0,0.0,0.0,,4.54,14.558,0.996,7.145,1.119
canny_hough,adaptive,combined,63,0,0,0.0,0.0,,4.464,14.387,0.982,7.138,1.115
canny_hough,adaptive,combined,64,0,0,0.0,0.0,,4.579,15.854,1.042,7.472,2.076
canny_hough,adaptive,combined,65,0,0,0.0,0.0,,4.68,14.829,1.054,7.196,1.194
canny_hough,adaptive,combined,66,0,0,0.0,0.0,,4.703,15.182,1.082,7.27,1.425
canny_hough,adaptive,combined,67,0,0,0.0,0.0,,4.856,15.038,1.08,7.244,1.144
canny_hough,adaptive,combined,68,0,0,0.0,0.0,,4.438,14.605,1.001,7.262,1.196
canny_hough,adaptive,combined,69,0,0,0.0,0.0,,4.754,14.949,1.054,7.204,1.239
canny_hough,adaptive,combined,70,0,0,0.0,0.0,,4.797,15.164,1.001,7.276,1.232
canny_hough,adaptive,combined,71,0,0,0.0,0.0,,4.886,15.212,0.999,7.252,1.367
canny_hough,adaptive,combined,72,1,1,0.6,319.0,159.0,3.536,13.837,0.991,7.313,1.29
canny_hough,adaptive,combined,73,0,0,0.0,0.0,,4.64,15.165,0.998,7.456,1.389
canny_hough,adaptive,combined,74,0,0,0.0,0.0,,4.701,14.64,0.988,7.148,1.097
canny_hough,adaptive,combined,75,0,0,0.0,0.0,,4.588,14.7,0.984,7.16,1.288
canny_hough,adaptive,combined,76,0,0,0.0,0.0,,4.656,14.831,1.03,7.11,1.325
canny_hough,adaptive,combined,77,0,0,0.0,0.0,,4.25,14.387,0.995,7.141,1.245
canny_hough,adaptive,combined,78,0,0,0.0,0.0,,4.208,14.135,0.992,7.16,1.078
canny_hough,adaptive,combined,79,0,0,0.0,0.0,,4.221,14.411,1.047,7.136,1.325
canny_hough,adaptive,combined,80,1,1,0.15,319.0,159.0,2.555,12.577,0.983,7.156,1.201
canny_hough,adaptive,combined,81,1,1,0.3,319.0,159.0,2.397,12.367,0.985,7.128,1.183
canny_hough,adaptive,combined,82,1,1,0.3,319.0,159.0,2.434,12.322,0.991,7.14,1.078
canny_hough,adaptive,combined,83,1,1,0.45,319.0,159.0,3.025,13.145,0.989,7.139,1.312
canny_hough,adaptive,combined,84,0,0,0.0,0.0,,4.67,14.813,0.987,7.168,1.255
canny_hough,adaptive,combined,85,0,0,0.0,0.0,,4.204,14.216,1.047,7.103,1.178
canny_hough,adaptive,combined,86,0,0,0.0,0.0,,4.137,14.271,0.99,7.153,1.265
canny_hough,adaptive,combined,87,0,0,0.0,0.0,,3.64,13.808,1.044,7.113,1.337
canny_hough,adaptive,combined,88,0,0,0.0,0.0,,3.597,13.541,0.996,7.151,1.11
canny_hough,adaptive,combined,89,0,0,0.0,0.0,,4.06,14.249,1.024,7.125,1.366
canny_hough,adaptive,combined,90,0,0,0.0,0.0,,4.015,14.097,0.994,7.151,1.255
canny_hough,adaptive,combined,91,0,0,0.0,0.0,,3.762,13.911,1.034,7.108,1.327
canny_hough,adaptive,combined,92,0,0,0.0,0.0,,3.714,13.636,0.988,7.147,1.1
canny_hough,adaptive,combined,93,0,0,0.0,0.0,,3.864,14.085,1.041,7.117,1.378
canny_hough,adaptive,combined,94,0,0,0.0,0.0,,3.932,14.018,0.988,7.149,1.267
canny_hough,adaptive,combined,95,0,0,0.0,0.0,,3.955,13.953,1.03,7.108,1.175
canny_hough,adaptive,combined,96,0,0,0.0,0.0,,4.314,14.506,0.982,7.216,1.279
canny_hough,adaptive,combined,97,0,0,0.0,0.0,,4.193,14.361,1.048,7.162,1.263
canny_hough,adaptive,combined,98,0,0,0.0,0.0,,4.287,14.242,1.017,7.139,1.113
canny_hough,adaptive,combined,99,0,0,0.0,0.0,,4.182,14.291,0.985,7.175,1.261
canny_hough,adaptive,combined,100,0,0,0.0,0.0,,4.158,14.148,0.992,7.144,1.177
canny_hough,adaptive,combined,101,0,0,0.0,0.0,,4.707,14.627,0.986,7.138,1.104
canny_hough,adaptive,combined,102,0,0,0.0,0.0,,4.415,14.625,1.045,7.178,1.298
canny_hough,adaptive,combined,103,0,0,0.0,0.0,,4.459,14.482,1.009,7.151,1.118
canny_hough,adaptive,combined,104,1,1,0.6,304.26,144.26,3.432,13.482,0.993,7.153,1.222
canny_hough,adaptive,combined,105,1,1,0.3,281.77,121.77,5.019,14.979,0.988,7.133,1.069
canny_hough,adaptive,combined,106,1,1,0.3,281.77,121.77,5.1,15.084,0.997,7.128,1.133
canny_hough,adaptive,combined,107,1,1,0.3,253.94,93.94,2.634,12.745,0.994,7.193,1.241
canny_hough,adaptive,combined,108,1,1,0.3,253.94,93.94,2.645,12.569,0.992,7.148,1.11
canny_hough,adaptive,combined,109,1,1,0.3,266.91,106.91,4.712,14.599,0.986,7.13,1.091
canny_hough,adaptive,combined,110,1,1,0.3,266.91,106.91,4.485,14.588,0.994,7.162,1.263
canny_hough,adaptive,combined,111,1,1,0.3,266.91,106.91,4.47,14.644,1.03,7.123,1.346
canny_hough,adaptive,combined,112,0,0,0.0,0.0,,2.753,12.771,0.983,7.136,1.214
canny_hough,adaptive,combined,113,0,0,0.0,0.0,,3.636,13.71,0.984,7.152,1.277
canny_hough,adaptive,combined,114,0,0,0.0,0.0,,3.655,13.594,0.986,7.2,1.066
canny_hough,adaptive,combined,115,1,1,0.3,0.0,-160.0,4.14,14.303,0.981,7.163,1.26
canny_hough,adaptive,combined,116,1,1,0.3,0.0,-160.0,4.111,14.105,0.978,7.192,1.099
canny_hough,adaptive,combined,117,1,1,0.6,0.0,-160.0,4.284,14.276,0.99,7.153,1.16
canny_hough,adaptive,combined,118,1,1,0.6,0.0,-160.0,4.53,14.437,0.979,7.156,1.082
canny_hough,adaptive,combined,119,1,1,0.6,0.0,-160.0,4.494,14.601,1.037,7.124,1.263
canny_hough,adaptive,combined,120,1,1,0.6,0.0,-160.0,4.911,14.808,0.987,7.145,1.072
canny_hough,adaptive,combined,121,1,1,0.6,0.0,-160.0,4.537,14.53,0.987,7.136,1.181
canny_hough,adaptive,combined,122,1,1,0.6,0.0,-160.0,4.58,14.55,1.028,7.171,1.095
canny_hough,adaptive,combined,123,1,1,0.6,0.0,-160.0,4.676,14.784,0.988,7.137,1.214
canny_hough,adaptive,combined,124,1,1,0.6,0.0,-160.0,4.704,14.619,0.978,7.144,1.107
canny_hough,adaptive,combined,125,1,1,0.6,42.12,-117.88,4.726,14.815,1.052,7.148,1.202
canny_hough,adaptive,combined,126,1,1,0.6,67.45,-92.55,4.447,14.482,0.981,7.165,1.159
canny_hough,adaptive,combined,127,1,1,0.6,67.45,-92.55,4.466,14.527,0.98,7.225,1.166
canny_hough,adaptive,combined,128,0,0,0.0,0.0,,4.458,14.592,1.034,7.172,1.249
canny_hough,adaptive,combined,129,0,0,0.0,0.0,,4.395,14.385,0.986,7.15,1.091
canny_hough,adaptive,combined,130,0,0,0.0,0.0,,4.367,14.466,0.988,7.143,1.282
canny_hough,adaptive,combined,131,0,0,0.0,0.0,,4.285,14.419,1.032,7.121,1.3
canny_hough,adaptive,combined,132,0,0,0.0,0.0,,4.278,14.329,0.981,7.158,1.229
canny_hough,adaptive,combined,133,1,1,0.6,319.0,159.0,4.24,14.256,0.99,7.199,1.081
canny_hough,adaptive,combined,134,1,1,0.6,319.0,159.0,4.347,14.639,0.981,7.287,1.318
canny_hough,adaptive,combined,135,1,1,0.6,319.0,159.0,4.381,14.666,1.076,7.282,1.23
canny_hough,adaptive,combined,136,1,1,0.3,319.0,159.0,4.228,14.663,1.066,7.309,1.267
canny_hough,adaptive,combined,137,1,1,0.45,319.0,159.0,4.258,14.603,1.083,7.248,1.31
canny_hough,adaptive,combined,138,1,1,0.45,319.0,159.0,4.259,14.558,1.075,7.289,1.232
canny_hough,adaptive,combined,139,1,1,0.45,319.0,159.0,4.247,14.561,1.068,7.252,1.22
canny_hough,adaptive,combined,140,1,1,0.6,154.47,-5.53,4.819,15.245,1.102,7.258,1.37
canny_hough,adaptive,combined,141,1,1,0.6,235.4,75.4,5.715,16.059,1.086,7.253,1.299
canny_hough,adaptive,combined,142,1,1,0.6,243.1,83.1,6.272,16.558,1.079,7.249,1.246
canny_hough,adaptive,combined,143,1,1,0.6,243.1,83.1,5.829,15.995,1.075,7.138,1.27
canny_hough,adaptive,combined,144,1,1,0.6,216.22,56.22,6.213,16.508,1.059,7.156,1.396
canny_hough,adaptive,combined,145,0,0,0.0,0.0,,1.299,11.42,1.119,7.127,1.194
canny_hough,adaptive,combined,146,0,0,0.0,0.0,,0.659,10.62,0.997,7.118,1.165
canny_hough,adaptive,combined,147,0,0,0.0,0.0,,0.662,10.453,0.947,7.116,1.093
canny_hough,adaptive,combined,148,0,0,0.0,0.0,,0.661,10.529,0.969,7.134,1.083
canny_hough,adaptive,combined,149,0,0,0.0,0.0,,0.735,10.516,0.948,7.099,1.101
canny_hough,adaptive,combined,150,0,0,0.0,0.0,,1.952,11.87,0.952,7.139,1.196
canny_hough,adaptive,combined,151,0,0,0.0,0.0,,1.935,11.933,1.02,7.142,1.194
canny_hough,adaptive,combined,152,0,0,0.0,0.0,,1.964,11.941,0.975,7.177,1.177
canny_hough,adaptive,combined,153,0,0,0.0,0.0,,3.451,13.322,0.984,7.142,1.078
canny_hough,adaptive,combined,154,0,0,0.0,0.0,,3.42,13.557,0.979,7.158,1.243
canny_hough,adaptive,combined,155,0,0,0.0,0.0,,3.447,13.434,0.985,7.166,1.099
canny_hough,adaptive,combined,156,0,0,0.0,0.0,,3.107,13.029,0.994,7.136,1.082
canny_hough,adaptive,combined,157,1,1,0.3,319.0,159.0,4.727,15.279,0.985,7.144,1.444
canny_hough,adaptive,combined,158,1,1,0.3,319.0,159.0,4.495,14.526,0.984,7.126,1.236
canny_hough,adaptive,combined,159,1,1,0.15,319.0,159.0,4.171,14.211,0.99,7.163,1.203
canny_hough,adaptive,combined,160,0,0,0.0,0.0,,1.735,11.68,0.979,7.167,1.117
canny_hough,adaptive,combined,161,1,1,0.3,319.0,159.0,4.263,14.126,0.98,7.125,1.09
canny_hough,adaptive,combined,162,1,1,0.3,319.0,159.0,4.234,14.152,0.992,7.173,1.066
canny_hough,adaptive,combined,163,1,1,0.6,319.0,159.0,4.774,14.84,0.991,7.134,1.263
canny_hough,adaptive,combined,164,1,1,0.6,319.0,159.0,4.895,14.768,0.979,7.145,1.071
canny_hough,adaptive,combined,165,1,1,0.15,319.0,159.0,3.317,13.289,0.997,7.174,1.11
canny_hough,adaptive,combined,166,0,0,0.0,0.0,,2.934,12.974,0.985,7.126,1.224
canny_hough,adaptive,combined,167,0,0,0.0,0.0,,2.857,12.829,1.03,7.099,1.164
canny_hough,adaptive,combined,168,0,0,0.0,0.0,,2.924,13.029,1.038,7.168,1.218
canny_hough,adaptive,combined,169,1,1,0.45,319.0,159.0,4.241,14.227,0.99,7.231,1.073
canny_hough,adaptive,combined,170,1,1,0.45,319.0,159.0,4.264,14.375,1.039,7.1,1.29
canny_hough,adaptive,combined,171,1,1,0.45,319.0,159.0,4.266,14.285,0.982,7.129,1.231
canny_hough,adaptive,combined,172,1,1,0.3,319.0,159.0,3.274,13.249,0.98,7.17,1.078
canny_hough,adaptive,combined,173,1,1,0.15,319.0,159.0,3.125,13.143,0.992,7.118,1.227
canny_hough,adaptive,combined,174,1,1,0.3,319.0,159.0,3.784,13.945,0.989,7.147,1.214
canny_hough,adaptive,combined,175,1,1,0.3,319.0,159.0,3.791,13.841,0.982,7.173,1.221
canny_hough,adaptive,combined,176,1,1,0.45,319.0,159.0,4.244,14.173,0.994,7.158,1.068
canny_hough,adaptive,combined,177,1,1,0.45,319.0,159.0,4.158,14.061,0.988,7.15,1.077
canny_hough,adaptive,combined,178,1,1,0.45,319.0,159.0,4.235,14.335,0.992,7.26,1.153
canny_hough,adaptive,combined,179,1,1,0.45,319.0,159.0,4.187,14.229,0.981,7.152,1.221
canny_hough,adaptive,combined,180,1,1,0.15,319.0,159.0,2.948,13.051,1.034,7.102,1.271
canny_hough,adaptive,combined,181,1,1,0.3,319.0,159.0,3.871,13.815,0.978,7.164,1.111
canny_hough,adaptive,combined,182,1,1,0.3,319.0,159.0,3.577,13.491,0.994,7.149,1.095
canny_hough,adaptive,combined,183,1,1,0.3,319.0,159.0,3.554,13.624,0.99,7.136,1.204
canny_hough,adaptive,combined,184,1,1,0.3,319.0,159.0,3.574,13.664,0.996,7.166,1.246
canny_hough,adaptive,combined,185,1,1,0.3,319.0,159.0,3.662,13.804,1.031,7.118,1.32
canny_hough,adaptive,combined,186,1,1,0.3,319.0,159.0,3.586,13.622,0.984,7.121,1.215
canny_hough,adaptive,combined,187,1,1,0.3,319.0,159.0,3.521,13.464,0.989,7.151,1.136
canny_hough,adaptive,combined,188,1,1,0.15,319.0,159.0,4.066,14.09,0.977,7.17,1.198
canny_hough,adaptive,combined,189,1,1,0.6,319.0,159.0,4.259,14.2,0.992,7.129,1.06
canny_hough,adaptive,combined,190,1,1,0.6,319.0,159.0,4.187,14.182,0.982,7.161,1.163
canny_hough,adaptive,combined,191,1,1,0.6,319.0,159.0,4.207,14.144,1.034,7.098,1.13
canny_hough,adaptive,combined,192,1,1,0.45,319.0,159.0,3.759,13.628,0.984,7.137,1.062
canny_hough,adaptive,combined,193,1,1,0.15,319.0,159.0,3.651,13.635,1.035,7.113,1.155
canny_hough,adaptive,combined,194,0,0,0.0,0.0,,4.44,14.419,0.974,7.159,1.158
canny_hough,adaptive,combined,195,0,0,0.0,0.0,,4.503,14.445,1.033,7.097,1.13
canny_hough,adaptive,combined,196,1,1,0.45,319.0,159.0,3.73,13.673,0.992,7.161,1.066
canny_hough,adaptive,combined,197,1,1,0.15,319.0,159.0,3.063,13.106,1.034,7.117,1.211
canny_hough,adaptive,combined,198,1,1,0.15,319.0,159.0,3.054,13.019,0.981,7.167,1.138
canny_hough,adaptive,combined,199,1,1,0.45,319.0,159.0,3.383,13.354,0.984,7.192,1.117
canny_hough,adaptive,combined,200,1,1,0.45,319.0,159.0,3.338,13.421,1.039,7.109,1.192
canny_hough,adaptive,combined,201,1,1,0.45,319.0,159.0,3.827,13.705,0.981,7.156,1.056
canny_hough,adaptive,combined,202,1,1,0.6,319.0,159.0,3.977,13.872,0.981,7.148,1.079
canny_hough,adaptive,combined,203,1,1,0.6,319.0,159.0,3.956,13.935,0.984,7.17,1.084
canny_hough,adaptive,combined,204,1,1,0.45,319.0,159.0,4.096,14.036,0.992,7.139,1.129
canny_hough,adaptive,combined,205,1,1,0.6,319.0,159.0,3.937,14.008,0.984,7.174,1.158
canny_hough,adaptive,combined,206,1,1,0.6,319.0,159.0,4.489,14.533,0.989,7.166,1.15
canny_hough,adaptive,combined,207,1,1,0.6,319.0,159.0,4.153,14.207,1.01,7.288,1.054
canny_hough,adaptive,combined,208,1,1,0.6,319.0,159.0,4.45,14.532,1.032,7.134,1.226
canny_hough,adaptive,combined,209,1,1,0.6,319.0,159.0,4.423,14.394,0.995,7.146,1.153
canny_hough,adaptive,combined,210,1,1,0.6,319.0,159.0,4.378,14.365,0.987,7.182,1.065
canny_hough,adaptive,combined,211,1,1,0.6,319.0,159.0,4.318,14.349,0.991,7.14,1.215
canny_hough,adaptive,combined,212,1,1,0.6,319.0,159.0,4.372,14.348,0.996,7.155,1.134
canny_hough,adaptive,combined,213,1,1,0.6,311.31,151.31,3.918,13.888,1.038,7.101,1.142
canny_hough,adaptive,combined,214,1,1,0.6,311.31,151.31,3.886,13.845,0.981,7.187,1.101
canny_hough,adaptive,combined,215,1,1,0.6,276.52,116.52,4.763,14.865,1.041,7.113,1.278
canny_hough,adaptive,combined,216,1,1,0.6,242.75,82.75,5.086,15.028,0.984,7.137,1.085
canny_hough,adaptive,combined,217,1,1,0.6,245.98,85.98,5.295,15.233,0.991,7.151,1.091
canny_hough,adaptive,combined,218,1,1,0.45,232.7,72.7,3.71,13.66,0.986,7.184,1.091
canny_hough,adaptive,combined,219,1,1,0.45,232.7,72.7,3.816,14.288,0.992,7.579,1.173
canny_hough,adaptive,combined,220,1,1,0.6,232.83,72.83,3.575,13.611,0.996,7.265,1.064
canny_hough,adaptive,combined,221,1,1,0.45,218.62,58.62,3.099,13.024,0.979,7.148,1.118
canny_hough,adaptive,combined,222,1,1,0.45,218.62,58.62,3.114,13.096,1.037,7.126,1.136
canny_hough,adaptive,combined,223,1,1,0.45,218.62,58.62,3.092,13.011,0.989,7.157,1.091
canny_hough,adaptive,combined,224,1,1,0.45,218.62,58.62,3.082,12.97,0.982,7.141,1.079
canny_hough,adaptive,combined,225,1,1,0.3,215.03,55.03,6.378,16.358,0.989,7.138,1.12
canny_hough,adaptive,combined,226,1,1,0.3,215.03,55.03,6.441,16.615,1.041,7.111,1.252
canny_hough,adaptive,combined,227,1,1,0.3,211.05,51.05,6.502,16.512,1.031,7.113,1.17
canny_hough,adaptive,combined,228,1,1,0.3,211.05,51.05,6.587,16.709,0.99,7.18,1.205
canny_hough,adaptive,combined,229,1,1,0.3,215.37,55.37,4.981,14.897,0.981,7.134,1.111
canny_hough,adaptive,combined,230,1,1,0.3,219.26,59.26,4.967,15.607,0.996,7.782,1.114
canny_hough,adaptive,combined,231,1,1,0.3,219.26,59.26,4.881,14.967,1.037,7.11,1.253
canny_hough,adaptive,combined,232,1,1,0.45,211.44,51.44,6.826,16.898,0.987,7.146,1.264
canny_hough,adaptive,combined,233,1,1,0.3,216.65,56.65,6.663,16.671,1.025,7.097,1.196
canny_hough,adaptive,combined,234,1,1,0.3,217.08,57.08,6.447,16.571,0.989,7.169,1.218
canny_hough,adaptive,combined,235,1,1,0.3,217.08,57.08,6.383,16.395,0.974,7.135,1.231
canny_hough,adaptive,combined,236,1,1,0.3,214.2,54.2,6.443,16.539,0.978,7.16,1.247
canny_hough,adaptive,combined,237,1,1,0.3,215.96,55.96,6.516,16.554,0.982,7.132,1.236
canny_hough,adaptive,combined,238,1,1,0.3,215.96,55.96,6.513,16.643,0.987,7.156,1.306
canny_hough,adaptive,combined,239,1,1,0.15,217.34,57.34,6.361,16.528,1.037,7.119,1.314
canny_hough,adaptive,combined,240,1,1,0.15,217.34,57.34,6.46,16.692,1.112,7.183,1.232
canny_hough,adaptive,combined,241,1,1,0.3,215.63,55.63,6.309,16.388,0.985,7.17,1.234
canny_hough,adaptive,combined,242,1,1,0.3,218.97,58.97,6.488,16.399,0.982,7.144,1.121
canny_hough,adaptive,combined,243,1,1,0.3,218.97,58.97,6.44,16.485,0.983,7.142,1.235
canny_hough,adaptive,combined,244,1,1,0.3,214.87,54.87,6.608,16.558,0.986,7.162,1.13
canny_hough,adaptive,combined,245,1,1,0.15,216.94,56.94,6.408,16.406,0.986,7.12,1.204
canny_hough,adaptive,combined,246,1,1,0.15,216.94,56.94,6.442,16.475,1.02,7.1,1.206
canny_hough,adaptive,combined,247,1,1,0.15,214.68,54.68,6.398,16.424,1.035,7.098,1.203
canny_hough,adaptive,combined,248,1,1,0.15,214.68,54.68,6.507,16.581,0.984,7.196,1.13
canny_hough,adaptive,combined,249,1,1,0.3,217.86,57.86,6.486,16.56,0.99,7.151,1.234
canny_hough,adaptive,combined,250,1,1,0.3,217.86,57.86,6.514,16.576,0.982,7.154,1.247
canny_hough,adaptive,combined,251,1,1,0.3,217.87,57.87,6.486,16.536,0.995,7.131,1.244
canny_hough,adaptive,combined,252,1,1,0.3,217.87,57.87,6.485,16.584,0.982,7.137,1.287
canny_hough,adaptive,combined,253,1,1,0.3,219.2,59.2,6.496,16.698,1.029,7.126,1.364
canny_hough,adaptive,combined,254,1,1,0.3,219.2,59.2,6.58,16.724,0.987,7.174,1.231
canny_hough,adaptive,combined,255,1,1,0.3,219.2,59.2,6.521,16.595,0.982,7.181,1.229
canny_hough,adaptive,combined,256,1,1,0.15,217.77,57.77,6.437,16.399,0.983,7.132,1.136
canny_hough,adaptive,combined,257,1,1,0.3,218.59,58.59,6.356,16.276,0.984,7.122,1.14
canny_hough,adaptive,combined,258,1,1,0.3,218.59,58.59,6.45,16.392,0.996,7.14,1.134
canny_hough,adaptive,combined,259,1,1,0.3,215.13,55.13,6.491,16.496,0.985,7.141,1.129
canny_hough,adaptive,combined,260,1,1,0.3,217.85,57.85,6.361,16.48,1.02,7.114,1.298
canny_hough,adaptive,combined,261,1,1,0.3,219.94,59.94,6.228,16.289,1.043,7.121,1.204
canny_hough,adaptive,combined,262,1,1,0.3,219.94,59.94,6.338,16.392,0.993,7.177,1.133
canny_hough,adaptive,combined,263,1,1,0.3,219.85,59.85,6.465,16.601,0.982,7.239,1.232
canny_hough,adaptive,combined,264,1,1,0.3,219.85,59.85,6.502,16.471,0.996,7.142,1.142
canny_hough,adaptive,combined,265,1,1,0.3,217.32,57.32,6.617,16.552,0.989,7.118,1.147
canny_hough,adaptive,combined,266,1,1,0.3,217.32,57.32,6.614,16.691,0.994,7.14,1.216
canny_hough,adaptive,combined,267,1,1,0.3,219.85,59.85,6.352,16.519,1.028,7.123,1.324
canny_hough,adaptive,combined,268,1,1,0.3,219.85,59.85,6.408,16.443,1.026,7.121,1.196
canny_hough,adaptive,combined,269,1,1,0.3,219.91,59.91,6.545,16.677,0.996,7.156,1.243
canny_hough,adaptive,combined,270,1,1,0.3,219.91,59.91,6.589,16.882,1.027,7.355,1.232
canny_hough,adaptive,combined,271,1,1,0.3,217.37,57.37,6.234,16.279,0.993,7.129,1.236
canny_hough,adaptive,combined,272,1,1,0.3,217.37,57.37,6.297,16.337,0.986,7.135,1.233
canny_hough,adaptive,combined,273,1,1,0.3,217.87,57.87,6.483,16.562,0.991,7.128,1.217
canny_hough,adaptive,combined,274,1,1,0.15,217.12,57.12,6.4,16.912,1.167,7.308,1.348
canny_hough,adaptive,combined,275,1,1,0.15,217.12,57.12,6.533,16.788,0.993,7.252,1.254
canny_hough,adaptive,combined,276,1,1,0.3,219.14,59.14,6.359,16.443,0.986,7.143,1.238
canny_hough,adaptive,combined,277,1,1,0.15,218.66,58.66,6.361,16.426,0.993,7.146,1.25
canny_hough,adaptive,combined,278,1,1,0.3,218.22,58.22,6.734,16.754,0.98,7.12,1.235
canny_hough,adaptive,combined,279,1,1,0.3,218.22,58.22,6.629,16.665,0.989,7.172,1.185
canny_hough,adaptive,combined,280,1,1,0.3,219.67,59.67,6.441,16.57,1.032,7.112,1.301
canny_hough,adaptive,combined,281,1,1,0.3,217.48,57.48,6.702,16.85,0.996,7.168,1.241
canny_hough,adaptive,combined,282,1,1,0.3,219.52,59.52,6.61,16.695,0.993,7.261,1.131
canny_hough,adaptive,combined,283,1,1,0.3,219.52,59.52,6.619,16.576,0.995,7.131,1.13
canny_hough,adaptive,combined,284,1,1,0.3,215.99,55.99,6.506,16.486,0.997,7.165,1.128
canny_hough,adaptive,combined,285,1,1,0.3,216.58,56.58,6.606,16.656,0.998,7.173,1.188
canny_hough,adaptive,combined,286,1,1,0.3,217.77,57.77,6.709,16.856,1.032,7.107,1.287
canny_hough,adaptive,combined,287,1,1,0.3,217.77,57.77,6.629,16.712,0.995,7.168,1.236
canny_hough,adaptive,combined,288,1,1,0.15,219.84,59.84,6.541,16.58,0.986,7.134,1.238
canny_hough,adaptive,combined,289,1,1,0.3,217.42,57.42,6.47,16.509,0.991,7.128,1.237
canny_hough,adaptive,combined,290,1,1,0.3,217.42,57.42,6.481,16.518,0.983,7.138,1.142
canny_hough,adaptive,combined,291,1,1,0.3,220.23,60.23,6.49,16.626,1.03,7.119,1.303
canny_hough,adaptive,combined,292,1,1,0.15,219.84,59.84,6.609,16.99,1.265,7.179,1.239
canny_hough,adaptive,combined,293,1,1,0.3,217.95,57.95,6.182,16.265,0.986,7.162,1.244
canny_hough,adaptive,combined,294,1,1,0.3,217.95,57.95,6.242,16.29,0.996,7.141,1.223
canny_hough,adaptive,combined,295,1,1,0.3,216.16,56.16,6.347,16.288,0.992,7.125,1.132
canny_hough,adaptive,combined,296,1,1,0.3,218.73,58.73,6.364,16.388,0.974,7.125,1.226
canny_hough,adaptive,combined,297,1,1,0.3,219.2,59.2,6.488,16.434,0.99,7.145,1.131
canny_hough,adaptive,combined,298,1,1,0.3,219.2,59.2,6.49,16.537,0.993,7.151,1.209
canny_hough,adaptive,combined,299,1,1,0.15,217.12,57.12,6.265,16.394,1.027,7.104,1.307
canny_hough,adaptive,combined,300,1,1,0.15,217.12,57.12,6.303,16.407,1.038,7.102,1.293
canny_hough,adaptive,combined,301,1,1,0.3,220.23,60.23,6.568,16.607,0.99,7.165,1.134
canny_hough,adaptive,combined,302,1,1,0.3,215.03,55.03,6.498,16.47,0.997,7.155,1.137
canny_hough,adaptive,combined,303,1,1,0.3,215.03,55.03,6.415,16.47,0.986,7.144,1.247
canny_hough,adaptive,combined,304,1,1,0.3,217.48,57.48,6.498,16.552,0.987,7.144,1.232
canny_hough,adaptive,combined,305,1,1,0.3,218.13,58.13,6.429,16.466,0.99,7.138,1.138
canny_hough,adaptive,combined,306,1,1,0.3,218.14,58.14,6.408,16.497,1.029,7.133,1.209
canny_hough,adaptive,combined,307,1,1,0.3,218.14,58.14,6.386,16.455,1.032,7.12,1.241
canny_hough,adaptive,combined,308,1,1,0.3,219.06,59.06,6.657,16.712,0.993,7.195,1.131
canny_hough,adaptive,combined,309,1,1,0.3,223.75,63.75,2.855,12.818,0.983,7.192,1.091
canny_hough,adaptive,combined,310,1,1,0.15,224.64,64.64,5.088,15.011,0.992,7.146,1.112
canny_hough,adaptive,combined,311,1,1,0.15,224.64,64.64,4.935,14.85,0.991,7.137,1.114
canny_hough,adaptive,combined,312,1,1,0.3,221.51,61.51,5.23,15.23,1.042,7.111,1.158
canny_hough,adaptive,combined,313,1,1,0.3,224.28,64.28,5.057,15.137,1.026,7.109,1.264
canny_hough,adaptive,combined,314,1,1,0.3,224.28,64.28,5.163,15.11,0.979,7.17,1.101
canny_hough,adaptive,combined,315,1,1,0.3,220.25,60.25,4.938,14.951,0.991,7.149,1.183
canny_hough,adaptive,combined,316,1,1,0.3,220.8,60.8,6.453,16.57,0.984,7.19,1.227
canny_hough,adaptive,combined,317,1,1,0.3,221.93,61.93,6.552,16.52,0.993,7.152,1.127
canny_hough,adaptive,combined,318,1,1,0.3,221.93,61.93,6.545,16.607,0.992,7.133,1.244
canny_hough,adaptive,combined,319,1,1,0.3,218.59,58.59,5.594,15.55,0.997,7.146,1.128
canny_hough,adaptive,combined,320,1,1,0.3,221.97,61.97,6.418,16.332,0.988,7.132,1.111
canny_hough,adaptive,combined,321,1,1,0.3,222.1,62.1,6.459,16.545,0.996,7.156,1.254
canny_hough,adaptive,combined,322,1,1,0.3,222.1,62.1,6.468,16.505,0.992,7.16,1.197
canny_hough,adaptive,combined,323,1,1,0.3,219.39,59.39,6.221,16.337,1.033,7.109,1.292
canny_hough,adaptive,combined,324,1,1,0.3,219.39,59.39,6.2,16.319,1.044,7.158,1.227
canny_hough,adaptive,combined,325,1,1,0.3,219.87,59.87,6.497,16.65,0.986,7.177,1.238
canny_hough,adaptive,combined,326,1,1,0.3,219.87,59.87,6.523,16.497,0.987,7.148,1.138
canny_hough,adaptive,combined,327,1,1,0.3,222.83,62.83,6.295,16.347,0.999,7.136,1.233
canny_hough,adaptive,combined,328,1,1,0.3,222.83,62.83,6.364,16.341,0.997,7.167,1.136
canny_hough,adaptive,combined,329,1,1,0.3,220.28,60.28,6.37,16.422,0.99,7.122,1.251
canny_hough,adaptive,combined,330,1,1,0.3,220.28,60.28,6.347,16.381,0.993,7.145,1.205
canny_hough,adaptive,combined,331,1,1,0.15,219.9,59.9,6.119,16.409,1.037,7.283,1.294
canny_hough,adaptive,combined,332,1,1,0.15,219.9,59.9,6.155,16.305,1.034,7.114,1.327
canny_hough,adaptive,combined,333,1,1,0.3,222.06,62.06,6.225,16.283,0.988,7.202,1.136
canny_hough,adaptive,combined,334,1,1,0.3,222.06,62.06,6.333,16.389,0.987,7.189,1.126
canny_hough,adaptive,combined,335,1,1,0.3,219.37,59.37,6.391,16.341,0.981,7.167,1.123
canny_hough,adaptive,combined,336,1,1,0.3,221.24,61.24,6.344,16.482,0.987,7.171,1.259
canny_hough,adaptive,combined,337,1,1,0.3,219.57,59.57,6.231,16.148,0.986,7.123,1.123
canny_hough,adaptive,combined,338,1,1,0.3,219.57,59.57,6.259,16.314,0.993,7.124,1.247
canny_hough,adaptive,combined,339,1,1,0.3,223.89,63.89,6.258,16.297,0.984,7.125,1.247
canny_hough,adaptive,combined,340,1,1,0.3,220.85,60.85,6.274,16.306,0.993,7.168,1.188
canny_hough,adaptive,combined,341,1,1,0.15,221.77,61.77,6.032,16.183,1.036,7.105,1.326
canny_hough,adaptive,combined,342,1,1,0.15,221.77,61.77,6.06,16.2,1.03,7.111,1.314
canny_hough,adaptive,combined,343,1,1,0.3,221.37,61.37,6.52,16.541,1.028,7.095,1.209
canny_hough,adaptive,combined,344,1,1,0.3,222.77,62.77,6.395,16.445,0.984,7.164,1.135
canny_hough,adaptive,combined,345,1,1,0.15,221.77,61.77,6.327,16.4,0.987,7.261,1.128
canny_hough,adaptive,combined,346,1,1,0.15,221.77,61.77,6.368,16.481,0.994,7.162,1.23
canny_hough,adaptive,combined,347,1,1,0.3,220.87,60.87,6.352,16.286,0.985,7.128,1.132
canny_hough,adaptive,combined,348,1,1,0.3,220.87,60.87,6.422,16.358,0.985,7.142,1.123
canny_hough,adaptive,combined,349,1,1,0.15,221.77,61.77,6.308,16.271,0.994,7.145,1.138
canny_hough,adaptive,combined,350,1,1,0.3,220.91,60.91,6.321,16.349,0.982,7.165,1.191
canny_hough,adaptive,combined,351,1,1,0.3,220.91,60.91,6.272,16.432,1.037,7.1,1.341
canny_hough,adaptive,combined,352,1,1,0.3,223.22,63.22,6.463,16.484,1.039,7.118,1.185
canny_hough,adaptive,combined,353,1,1,0.15,222.83,62.83,6.114,16.147,0.983,7.167,1.126
canny_hough,adaptive,combined,354,1,1,0.3,220.91,60.91,6.782,16.875,0.988,7.177,1.135
canny_hough,adaptive,combined,355,1,1,0.3,220.91,60.91,6.206,16.421,0.989,7.144,1.257
canny_hough,adaptive,combined,356,1,1,0.3,217.1,57.1,6.566,16.554,0.99,7.133,1.135
canny_hough,adaptive,combined,357,1,1,0.3,221.98,61.98,6.241,16.378,0.983,7.149,1.252
canny_hough,adaptive,combined,358,1,1,0.3,221.2,61.2,6.471,16.451,0.985,7.147,1.187
canny_hough,adaptive,combined,359,1,1,0.3,221.2,61.2,6.423,16.56,1.051,7.106,1.309
canny_hough,adaptive,combined,360,1,1,0.15,221.65,61.65,6.254,16.285,0.988,7.162,1.125
histogram,fixed,edges,0,1,0,0.0167,142.66,-17.34,5.539,10.28,1.86,0.137,2.043
histogram,fixed,edges,1,1,0,0.0167,146.55,-13.45,6.222,9.538,1.078,0.187,1.214
histogram,fixed,edges,2,1,0,0.0181,143.59,-16.41,5.584,8.776,1.064,0.126,1.166
histogram,fixed,edges,3,1,0,0.0181,143.59,-16.41,4.764,7.754,1.025,0.094,1.134
histogram,fixed,edges,4,1,0,0.0181,144.2,-15.8,8.472,11.959,1.032,0.092,1.381
histogram,fixed,edges,5,1,0,0.0167,144.29,-15.71,4.595,7.451,1.015,0.1,0.958
histogram,fixed,edges,6,1,0,0.0167,144.29,-15.71,5.121,8.36,1.027,0.138,1.312
histogram,fixed,edges,7,1,0,0.0181,144.24,-15.76,5.281,8.955,1.143,0.266,1.37
histogram,fixed,edges,8,1,0,0.0167,144.27,-15.73,4.026,7.133,1.007,0.098,1.306
histogram,fixed,edges,9,1,0,0.0181,144.21,-15.79,4.047,6.828,0.996,0.1,0.975
histogram,fixed,edges,10,1,0,0.0181,144.21,-15.79,4.045,6.964,1.0,0.102,1.024
histogram,fixed,edges,11,1,0,0.0181,143.59,-16.41,4.084,7.165,1.054,0.108,1.216
histogram,fixed,edges,12,1,0,0.0181,143.69,-16.31,3.855,6.976,0.996,0.102,1.323
histogram,fixed,edges,13,1,0,0.0167,145.79,-14.21,4.09,7.146,0.991,0.101,1.185
histogram,fixed,edges,14,1,0,0.0167,145.79,-14.21,4.107,6.941,1.001,0.096,0.983
histogram,fixed,edges,15,1,0,0.0181,144.1,-15.9,4.012,7.085,1.056,0.105,1.212
histogram,fixed,edges,16,1,0,0.0181,144.1,-15.9,4.021,6.919,1.003,0.163,1.027
histogram,fixed,edges,17,1,0,0.0194,144.25,-15.75,4.009,6.867,1.0,0.098,1.054
histogram,fixed,edges,18,1,0,0.0181,144.24,-15.76,4.014,7.037,1.016,0.101,1.213
histogram,fixed,edges,19,1,0,0.0181,144.19,-15.81,3.849,6.728,1.057,0.101,1.019
histogram,fixed,edges,20,1,0,0.0181,144.19,-15.81,3.883,6.871,0.994,0.1,1.175
histogram,fixed,edges,21,1,0,0.0181,144.19,-15.81,4.007,7.076,0.997,0.096,1.204
histogram,fixed,edges,22,1,0,0.0167,145.76,-14.24,4.057,7.075,1.001,0.094,1.218
histogram,fixed,edges,23,1,0,0.0167,145.76,-14.24,4.102,6.986,1.053,0.103,1.003
histogram,fixed,edges,24,1,0,0.0181,144.18,-15.82,4.029,7.121,1.003,0.169,1.193
histogram,fixed,edges,25,1,0,0.0181,144.16,-15.84,4.028,6.903,1.005,0.097,1.083
histogram,fixed,edges,26,1,0,0.0181,144.16,-15.84,4.425,7.269,1.004,0.097,1.039
histogram,fixed,edges,27,1,0,0.0181,144.16,-15.84,4.098,7.168,1.001,0.108,1.226
histogram,fixed,edges,28,1,0,0.0181,145.44,-14.56,3.832,6.839,1.043,0.101,1.191
histogram,fixed,edges,29,1,0,0.0181,144.16,-15.84,3.819,6.808,0.982,0.091,1.243
histogram,fixed,edges,30,1,0,0.0181,144.19,-15.81,3.83,6.769,0.994,0.089,1.175
histogram,fixed,edges,31,1,0,0.0181,144.19,-15.81,3.846,6.839,0.997,0.092,1.18
histogram,fixed,edges,32,1,0,0.0181,146.6,-13.4,4.074,7.821,1.785,0.101,1.18
histogram,fixed,edges,33,1,0,0.0181,144.19,-15.81,3.793,6.58,1.029,0.103,0.965
histogram,fixed,edges,34,1,0,0.0181,144.19,-15.81,3.868,6.916,0.991,0.091,1.239
histogram,fixed,edges,35,1,0,0.0167,145.9,-14.1,4.44,7.639,1.075,0.128,1.261
histogram,fixed,edges,36,1,0,0.0167,145.9,-14.1,4.311,7.107,1.008,0.101,0.969
histogram,fixed,edges,37,1,0,0.0167,144.38,-15.62,4.335,7.559,1.068,0.156,1.292
histogram,fixed,edges,38,1,0,0.0167,144.38,-15.62,4.377,7.527,1.113,0.133,1.168
histogram,fixed,edges,39,1,0,0.0181,144.09,-15.91,4.404,7.424,1.014,0.198,1.062
histogram,fixed,edges,40,1,0,0.0181,144.09,-15.91,4.424,7.848,1.039,0.12,1.56
histogram,fixed,edges,41,1,0,0.0181,144.2,-15.8,4.193,7.369,1.018,0.14,1.333
histogram,fixed,edges,42,1,0,0.0181,144.16,-15.84,4.507,7.57,1.039,0.153,1.155
histogram,fixed,edges,43,1,0,0.0181,143.3,-16.7,4.119,6.864,0.985,0.095,0.951
histogram,fixed,edges,44,1,0,0.0181,143.3,-16.7,3.877,6.707,0.999,0.092,0.959
histogram,fixed,edges,45,1,0,0.0181,144.12,-15.88,4.187,7.379,1.147,0.139,1.229
histogram,fixed,edges,46,1,0,0.0181,144.12,-15.88,3.946,8.215,1.013,0.105,2.401
histogram,fixed,edges,47,1,0,0.0167,144.23,-15.77,3.93,6.923,1.001,0.103,1.186
histogram,fixed,edges,48,1,0,0.0167,144.23,-15.77,3.843,6.598,0.987,0.089,0.944
histogram,fixed,edges,49,1,0,0.0181,145.64,-14.36,4.275,7.023,0.978,0.091,0.943
histogram,fixed,edges,50,1,0,0.0181,145.64,-14.36,3.993,7.124,1.177,0.101,1.17
histogram,fixed,edges,51,1,0,0.0181,144.14,-15.86,3.954,6.74,0.988,0.092,1.033
histogram,fixed,edges,52,1,0,0.0167,144.22,-15.78,3.912,6.812,0.985,0.09,1.141
histogram,fixed,edges,53,1,0,0.0167,144.22,-15.78,3.907,6.704,0.993,0.091,0.972
histogram,fixed,edges,54,1,0,0.0181,144.16,-15.84,4.012,7.022,1.044,0.101,1.156
histogram,fixed,edges,55,1,0,0.0167,144.1,-15.9,3.908,6.693,0.991,0.091,1.029
histogram,fixed,edges,56,1,0,0.0167,144.1,-15.9,3.915,6.794,0.982,0.092,1.139
histogram,fixed,edges,57,1,0,0.0167,144.3,-15.7,3.934,6.701,1.038,0.096,0.955
histogram,fixed,edges,58,1,0,0.0181,144.24,-15.76,3.927,7.012,0.992,0.089,1.329
histogram,fixed,edges,59,1,0,0.0181,144.24,-15.76,3.919,6.649,0.985,0.092,0.975
histogram,fixed,edges,60,1,0,0.0181,144.17,-15.83,3.985,6.953,0.985,0.092,1.16
histogram,fixed,edges,61,1,0,0.0167,144.21,-15.79,3.927,6.674,1.032,0.097,0.937
histogram,fixed,edges,62,1,0,0.0167,144.21,-15.79,3.905,6.737,0.999,0.091,1.063
histogram,fixed,edges,63,1,0,0.0167,144.21,-15.79,3.922,6.613,0.98,0.089,0.938
histogram,fixed,edges,64,1,0,0.0167,144.21,-15.79,3.904,6.716,1.037,0.094,0.974
histogram,fixed,edges,65,1,0,0.0167,144.15,-15.85,3.874,7.476,0.984,0.088,1.844
histogram,fixed,edges,66,1,0,0.0167,144.15,-15.85,3.918,6.915,0.992,0.089,1.228
histogram,fixed,edges,67,1,0,0.0181,144.19,-15.81,3.906,6.621,0.987,0.089,0.965
histogram,fixed,edges,68,1,0,0.0181,144.17,-15.83,4.201,7.156,1.033,0.095,1.144
histogram,fixed,edges,69,1,0,0.0181,144.62,-15.38,4.126,7.299,1.06,0.295,1.126
histogram,fixed,edges,70,1,0,0.0181,146.18,-13.82,4.188,7.246,1.003,0.106,1.26
histogram,fixed,edges,71,1,0,0.0181,146.18,-13.82,4.186,7.02,1.004,0.102,1.024
histogram,fixed,edges,72,1,1,0.0142,141.9,-18.1,3.025,5.984,0.999,0.099,1.158
histogram,fixed,edges,73,1,0,0.0194,152.52,-7.48,4.307,7.19,1.001,0.105,1.075
histogram,fixed,edges,74,1,0,0.0208,147.41,-12.59,3.876,6.968,1.0,0.099,1.26
histogram,fixed,edges,75,1,0,0.0208,147.41,-12.59,3.938,6.711,0.995,0.101,0.979
histogram,fixed,edges,76,1,0,0.0181,148.12,-11.88,4.152,7.184,1.063,0.106,1.165
histogram,fixed,edges,77,1,0,0.0194,147.52,-12.48,4.073,7.113,1.003,0.158,1.18
histogram,fixed,edges,78,1,0,0.0194,147.52,-12.48,4.078,7.213,0.989,0.104,1.335
histogram,fixed,edges,79,1,0,0.0194,147.52,-12.48,4.07,7.017,1.012,0.101,1.138
histogram,fixed,edges,80,1,1,0.0075,137.47,-22.53,3.135,6.095,0.987,0.099,1.097
histogram,fixed,edges,81,1,1,0.0067,165.44,5.44,3.392,6.41,0.99,0.101,1.229
histogram,fixed,edges,82,1,1,0.0067,165.44,5.44,3.242,6.031,0.998,0.099,0.981
histogram,fixed,edges,83,1,1,0.0133,173.49,13.49,3.07,5.923,1.052,0.105,0.988
histogram,fixed,edges,84,1,0,0.0181,159.04,-0.96,3.863,6.664,0.994,0.099,0.973
histogram,fixed,edges,85,1,0,0.0181,158.78,-1.22,3.455,6.462,1.063,0.11,1.14
histogram,fixed,edges,86,1,0,0.0181,158.78,-1.22,3.453,6.374,0.999,0.106,1.126
histogram,fixed,edges,87,1,0,0.0125,150.64,-9.36,3.918,6.879,0.995,0.107,1.156
histogram,fixed,edges,88,1,0,0.0125,150.64,-9.36,3.922,6.787,1.042,0.104,1.026
histogram,fixed,edges,89,1,0,0.0167,142.32,-17.68,3.727,6.838,1.028,0.127,1.263
histogram,fixed,edges,90,1,0,0.0167,142.32,-17.68,3.727,6.583,0.985,0.089,1.105
histogram,fixed,edges,91,1,0,0.0111,143.31,-16.69,3.811,6.584,0.992,0.091,0.951
histogram,fixed,edges,92,1,0,0.0111,143.31,-16.69,3.892,6.904,0.988,0.09,1.256
histogram,fixed,edges,93,1,0,0.0181,141.72,-18.28,3.601,6.437,1.005,0.091,0.95
histogram,fixed,edges,94,1,0,0.0194,141.79,-18.21,3.557,6.535,0.997,0.087,1.125
histogram,fixed,edges,95,1,0,0.0194,141.79,-18.21,3.606,6.431,0.985,0.089,1.074
histogram,fixed,edges,96,1,0,0.0194,143.5,-16.5,4.04,6.905,0.979,0.089,1.124
histogram,fixed,edges,97,1,0,0.0222,143.04,-16.96,3.552,6.342,0.99,0.095,0.956
histogram,fixed,edges,98,1,0,0.0222,143.04,-16.96,3.597,6.602,0.987,0.091,1.249
histogram,fixed,edges,99,1,0,0.0222,143.04,-16.96,3.574,6.279,0.992,0.09,0.933
histogram,fixed,edges,100,1,0,0.0208,146.31,-13.69,3.607,6.337,1.023,0.093,0.939
histogram,fixed,edges,101,1,0,0.0181,147.89,-12.11,3.806,7.639,0.977,0.091,2.097
histogram,fixed,edges,102,1,0,0.0181,148.25,-11.75,4.072,7.054,0.99,0.089,1.222
histogram,fixed,edges,103,1,0,0.0181,148.25,-11.75,4.081,7.002,0.988,0.089,1.167
histogram,fixed,edges,104,1,1,0.025,164.04,4.04,2.835,5.765,1.043,0.097,1.09
histogram,fixed,edges,105,1,0,0.0167,162.42,2.42,3.481,6.425,0.988,0.091,1.131
histogram,fixed,edges,106,1,0,0.0167,162.42,2.42,3.783,6.721,0.994,0.089,1.119
histogram,fixed,edges,107,1,1,0.0192,179.8,19.8,2.474,5.39,1.039,0.099,1.102
histogram,fixed,edges,108,1,1,0.0192,179.8,19.8,2.609,5.5,0.981,0.091,1.138
histogram,fixed,edges,109,1,0,0.0181,154.67,-5.33,3.313,7.106,0.99,0.092,2.043
histogram,fixed,edges,110,1,0,0.0181,154.67,-5.33,3.359,6.057,0.989,0.092,0.943
histogram,fixed,edges,111,1,0,0.0181,154.67,-5.33,3.348,6.112,1.034,0.094,0.954
histogram,fixed,edges,112,1,1,0.01,260.76,100.76,2.804,5.496,0.983,0.09,0.942
histogram,fixed,edges,113,1,1,0.0108,226.66,66.66,3.091,5.949,1.023,0.102,1.068
histogram,fixed,edges,114,1,1,0.0108,226.66,66.66,3.088,5.833,0.987,0.092,0.959
histogram,fixed,edges,115,1,1,0.0142,277.88,117.88,3.119,5.88,0.991,0.135,0.961
histogram,fixed,edges,116,1,1,0.0142,277.88,117.88,3.068,5.796,0.986,0.089,0.971
histogram,fixed,edges,117,1,1,0.0167,278.0,118.0,3.104,5.903,1.017,0.092,1.016
histogram,fixed,edges,118,1,1,0.0175,281.03,121.03,3.48,6.187,0.994,0.093,0.951
histogram,fixed,edges,119,1,1,0.0175,281.03,121.03,3.47,6.236,0.99,0.138,0.956
histogram,fixed,edges,120,1,1,0.015,271.23,111.23,3.678,6.379,0.982,0.09,0.954
histogram,fixed,edges,121,1,1,0.0158,281.43,121.43,3.142,5.984,1.038,0.095,1.034
histogram,fixed,edges,122,1,1,0.0158,281.43,121.43,3.067,5.852,0.989,0.091,0.962
histogram,fixed,edges,123,1,1,0.0175,237.14,77.14,2.962,5.753,1.039,0.098,0.979
histogram,fixed,edges,124,1,1,0.0175,237.14,77.14,2.962,5.727,0.981,0.091,0.973
histogram,fixed,edges,125,1,1,0.0158,210.67,50.67,3.18,5.962,1.03,0.095,0.952
histogram,fixed,edges,126,1,1,0.0183,221.65,61.65,2.501,5.267,0.987,0.089,1.017
histogram,fixed,edges,127,1,1,0.0183,221.65,61.65,2.413,5.22,0.993,0.092,1.047
histogram,fixed,edges,128,1,0,0.0236,168.25,8.25,3.533,6.446,1.057,0.095,1.092
histogram,fixed,edges,129,1,0,0.0236,173.09,13.09,3.181,5.979,0.986,0.09,1.051
histogram,fixed,edges,130,1,0,0.0236,173.09,13.09,3.239,6.182,0.985,0.09,1.131
histogram,fixed,edges,131,1,0,0.0222,168.81,8.81,3.358,6.271,0.993,0.094,1.158
histogram,fixed,edges,132,1,0,0.0222,168.81,8.81,3.336,6.168,0.986,0.09,1.082
histogram,fixed,edges,133,1,0,0.0361,150.16,-9.84,3.197,6.783,1.39,0.249,1.246
histogram,fixed,edges,134,1,0,0.0361,150.16,-9.84,3.119,5.939,0.995,0.09,1.025
histogram,fixed,edges,135,1,0,0.0361,150.16,-9.84,3.192,6.107,0.984,0.091,1.104
histogram,fixed,edges,136,1,0,0.025,154.65,-5.35,3.44,6.196,0.992,0.093,1.01
histogram,fixed,edges,137,1,0,0.0069,155.11,-4.89,3.428,6.093,0.987,0.088,0.918
histogram,fixed,edges,138,1,0,0.0069,155.11,-4.89,3.47,6.488,0.993,0.096,1.248
histogram,fixed,edges,139,1,0,0.0069,155.11,-4.89,3.463,6.308,0.975,0.094,1.103
histogram,fixed,edges,140,0,0,0.0,0.0,,2.37,5.138,1.034,0.093,0.968
histogram,fixed,edges,141,1,0,0.0167,216.16,56.16,3.696,6.569,0.986,0.091,1.12
histogram,fixed,edges,142,1,1,0.0217,142.22,-17.78,3.183,5.993,1.038,0.1,0.994
histogram,fixed,edges,143,1,1,0.0217,142.22,-17.78,3.161,6.014,0.992,0.093,1.105
histogram,fixed,edges,144,1,1,0.0217,131.78,-28.22,3.167,6.016,1.031,0.094,1.019
histogram,fixed,edges,145,1,1,0.0042,119.96,-40.04,2.827,5.555,0.987,0.089,0.976
histogram,fixed,edges,146,0,0,0.0,0.0,,0.691,3.476,1.027,0.094,0.977
histogram,fixed,edges,147,0,0,0.0,0.0,,0.708,3.489,0.978,0.09,1.053
histogram,fixed,edges,148,0,0,0.0,0.0,,0.674,3.428,0.968,0.093,1.026
histogram,fixed,edges,149,0,0,0.0,0.0,,0.697,3.453,0.983,0.091,0.948
histogram,fixed,edges,150,1,1,0.0083,125.5,-34.5,3.137,5.829,0.973,0.094,0.952
histogram,fixed,edges,151,1,1,0.0083,125.5,-34.5,3.158,6.059,1.031,0.095,1.101
histogram,fixed,edges,152,1,1,0.0083,124.5,-35.5,3.163,5.988,0.989,0.09,1.083
histogram,fixed,edges,153,1,1,0.0083,71.5,-88.5,3.128,6.008,1.031,0.098,1.077
histogram,fixed,edges,154,1,1,0.0083,71.5,-88.5,3.131,5.886,0.99,0.095,0.969
histogram,fixed,edges,155,1,1,0.0083,71.5,-88.5,3.125,5.862,1.023,0.098,0.947
histogram,fixed,edges,156,1,1,0.0092,47.67,-112.33,2.722,5.417,0.988,0.088,0.94
histogram,fixed,edges,157,1,1,0.0083,292.36,132.36,4.15,7.118,0.991,0.091,1.208
histogram,fixed,edges,158,1,1,0.0083,292.36,132.36,4.114,7.02,0.985,0.095,1.162
histogram,fixed,edges,159,1,1,0.0092,291.09,131.09,3.725,6.534,0.978,0.089,1.072
histogram,fixed,edges,160,1,1,0.0042,40.96,-119.04,2.736,5.449,1.025,0.093,0.923
histogram,fixed,edges,161,1,1,0.01,80.6,-79.4,3.771,6.576,0.979,0.095,1.063
histogram,fixed,edges,162,1,1,0.01,80.6,-79.4,3.753,6.617,1.04,0.093,1.061
histogram,fixed,edges,163,1,1,0.015,87.47,-72.53,2.975,5.925,0.981,0.089,1.205
histogram,fixed,edges,164,1,1,0.015,87.47,-72.53,3.037,5.948,0.984,0.088,1.068
histogram,fixed,edges,165,1,1,0.0083,90.5,-69.5,3.047,5.986,0.985,0.092,1.19
histogram,fixed,edges,166,1,1,0.0083,124.5,-35.5,3.155,5.885,0.984,0.089,0.976
histogram,fixed,edges,167,1,1,0.0083,124.5,-35.5,3.14,6.151,0.985,0.091,1.267
histogram,fixed,edges,168,1,1,0.0083,124.5,-35.5,3.149,5.86,0.979,0.093,0.975
histogram,fixed,edges,169,1,1,0.0142,146.5,-13.5,3.2,6.076,0.983,0.09,1.118
histogram,fixed,edges,170,1,1,0.0142,146.5,-13.5,3.194,5.904,0.979,0.088,0.964
histogram,fixed,edges,171,1,1,0.0142,146.5,-13.5,3.199,6.201,0.977,0.095,1.258
histogram,fixed,edges,172,1,1,0.0092,174.24,14.24,2.908,5.618,0.992,0.088,0.953
histogram,fixed,edges,173,1,1,0.0083,112.5,-47.5,3.186,6.085,0.991,0.089,1.139
histogram,fixed,edges,174,1,1,0.0083,85.5,-74.5,3.109,5.855,0.991,0.088,0.953
histogram,fixed,edges,175,1,1,0.0083,85.5,-74.5,3.12,6.143,0.992,0.09,1.257
histogram,fixed,edges,176,0,0,0.0,0.0,,2.696,5.509,0.991,0.09,1.056
histogram,fixed,edges,177,1,0,0.0097,197.72,37.72,3.993,6.891,0.984,0.091,1.161
histogram,fixed,edges,178,1,0,0.0097,197.72,37.72,3.981,6.809,0.995,0.089,1.071
histogram,fixed,edges,179,1,0,0.0097,197.72,37.72,3.978,6.764,0.987,0.09,0.96
histogram,fixed,edges,180,1,1,0.0067,147.6,-12.4,3.238,6.112,1.037,0.094,1.068
histogram,fixed,edges,181,1,1,0.0108,171.19,11.19,3.23,5.953,0.985,0.09,0.978
histogram,fixed,edges,182,1,1,0.01,94.5,-65.5,2.85,5.618,1.033,0.092,0.966
histogram,fixed,edges,183,1,1,0.01,94.5,-65.5,2.812,5.529,0.983,0.09,0.969
histogram,fixed,edges,184,1,1,0.0092,104.42,-55.58,2.781,5.856,0.994,0.089,1.293
histogram,fixed,edges,185,1,0,0.0111,117.52,-42.48,3.433,6.29,0.979,0.09,1.116
histogram,fixed,edges,186,1,0,0.0153,133.11,-26.89,3.77,6.518,0.988,0.088,0.996
histogram,fixed,edges,187,1,0,0.0153,133.11,-26.89,3.754,6.587,0.983,0.089,1.084
histogram,fixed,edges,188,1,0,0.0153,124.27,-35.73,3.304,6.173,0.99,0.091,1.058
histogram,fixed,edges,189,1,0,0.0069,132.51,-27.49,3.602,6.372,0.983,0.091,1.029
histogram,fixed,edges,190,1,0,0.0069,132.51,-27.49,3.538,6.259,0.987,0.088,0.974
histogram,fixed,edges,191,1,0,0.0069,132.51,-27.49,3.545,6.279,1.03,0.097,0.942
histogram,fixed,edges,192,1,0,0.0069,120.03,-39.97,3.437,6.135,0.993,0.088,0.946
histogram,fixed,edges,193,1,0,0.0181,113.82,-46.18,3.305,6.212,1.026,0.099,1.111
histogram,fixed,edges,194,1,0,0.0181,104.94,-55.06,3.297,6.198,0.99,0.091,1.102
histogram,fixed,edges,195,1,0,0.0181,104.94,-55.06,3.383,6.222,0.987,0.089,1.029
histogram,fixed,edges,196,1,0,0.0083,105.78,-54.22,2.905,5.692,0.991,0.09,1.026
histogram,fixed,edges,197,1,1,0.0108,174.06,14.06,2.846,5.588,0.988,0.091,0.931
histogram,fixed,edges,198,1,1,0.0108,174.06,14.06,2.785,5.57,0.992,0.087,0.956
histogram,fixed,edges,199,1,1,0.0108,175.92,15.92,2.902,5.711,1.03,0.096,1.006
histogram,fixed,edges,200,1,1,0.0108,175.92,15.92,2.916,5.585,0.982,0.088,0.932
histogram,fixed,edges,201,1,1,0.0125,114.85,-45.15,2.961,5.906,0.983,0.09,1.195
histogram,fixed,edges,202,1,1,0.0125,119.88,-40.12,2.948,5.666,0.982,0.087,0.961
histogram,fixed,edges,203,1,1,0.0125,119.88,-40.12,2.877,5.812,0.988,0.089,1.19
histogram,fixed,edges,204,1,1,0.0183,94.97,-65.03,2.89,5.683,0.978,0.088,0.95
histogram,fixed,edges,205,1,1,0.0142,100.45,-59.55,2.804,5.552,0.978,0.092,1.0
histogram,fixed,edges,206,1,1,0.0142,100.45,-59.55,2.878,5.707,1.028,0.092,1.037
histogram,fixed,edges,207,1,1,0.0142,103.34,-56.66,2.834,5.512,0.978,0.09,0.939
histogram,fixed,edges,208,1,1,0.0142,101.54,-58.46,3.056,5.882,1.031,0.098,1.014
histogram,fixed,edges,209,1,1,0.015,111.67,-48.33,3.168,5.915,0.987,0.09,0.994
histogram,fixed,edges,210,1,1,0.015,111.67,-48.33,3.16,5.921,1.028,0.095,0.963
histogram,fixed,edges,211,1,1,0.0175,114.58,-45.42,3.138,5.841,0.987,0.091,0.946
histogram,fixed,edges,212,1,1,0.0175,114.58,-45.42,3.146,5.904,0.992,0.093,0.997
histogram,fixed,edges,213,1,1,0.0142,131.6,-28.4,3.215,5.927,0.984,0.09,0.974
histogram,fixed,edges,214,1,1,0.0142,131.6,-28.4,3.162,6.154,0.983,0.092,1.218
histogram,fixed,edges,215,1,0,0.0097,151.77,-8.23,4.28,7.085,0.99,0.092,1.045
histogram,fixed,edges,216,1,0,0.0167,142.85,-17.15,3.98,6.86,0.99,0.091,1.072
histogram,fixed,edges,217,1,0,0.0125,152.5,-7.5,3.882,6.717,1.029,0.093,1.03
histogram,fixed,edges,218,1,1,0.0158,132.53,-27.47,2.72,5.52,0.979,0.093,0.976
histogram,fixed,edges,219,1,1,0.0158,132.53,-27.47,2.797,5.568,1.033,0.094,0.968
histogram,fixed,edges,220,1,1,0.0158,167.39,7.39,3.163,5.873,0.99,0.091,0.949
histogram,fixed,edges,221,1,1,0.0158,182.39,22.39,3.157,5.952,1.033,0.095,0.991
histogram,fixed,edges,222,1,1,0.0158,182.39,22.39,3.095,5.846,0.988,0.088,0.996
histogram,fixed,edges,223,1,1,0.015,190.29,30.29,2.989,5.792,0.98,0.134,1.018
histogram,fixed,edges,224,1,1,0.015,190.29,30.29,2.943,5.691,0.981,0.09,1.002
histogram,fixed,edges,225,1,0,0.0139,147.03,-12.97,3.831,6.748,0.998,0.092,1.148
histogram,fixed,edges,226,1,0,0.0139,147.03,-12.97,3.849,6.667,0.981,0.089,1.08
histogram,fixed,edges,227,1,0,0.0139,148.14,-11.86,3.81,6.713,0.983,0.09,1.081
histogram,fixed,edges,228,1,0,0.0139,148.14,-11.86,3.841,6.657,0.995,0.089,1.059
histogram,fixed,edges,229,1,0,0.0069,149.64,-10.36,3.7,6.446,0.985,0.094,0.995
histogram,fixed,edges,230,1,0,0.0069,150.12,-9.88,4.284,7.34,0.993,0.143,1.155
histogram,fixed,edges,231,1,0,0.0069,150.12,-9.88,3.839,6.716,1.055,0.107,1.025
histogram,fixed,edges,232,1,0,0.0139,150.44,-9.56,3.81,6.728,0.996,0.095,1.145
histogram,fixed,edges,233,1,0,0.0139,151.12,-8.88,3.847,6.692,1.002,0.098,1.039
histogram,fixed,edges,234,1,0,0.0139,150.37,-9.63,3.839,6.89,1.05,0.108,1.152
histogram,fixed,edges,235,1,0,0.0139,150.37,-9.63,3.814,6.883,0.997,0.099,1.269
histogram,fixed,edges,236,1,0,0.0139,151.55,-8.45,3.866,6.904,1.002,0.1,1.162
histogram,fixed,edges,237,1,0,0.0139,150.18,-9.82,3.792,6.62,0.987,0.099,1.038
histogram,fixed,edges,238,1,0,0.0139,150.18,-9.82,3.793,6.81,1.054,0.113,1.148
histogram,fixed,edges,239,1,0,0.0139,156.73,-3.27,3.997,6.923,0.992,0.101,1.14
histogram,fixed,edges,240,1,0,0.0139,156.73,-3.27,4.005,6.856,1.005,0.097,1.039
histogram,fixed,edges,241,1,0,0.0139,150.5,-9.5,3.814,6.829,0.993,0.102,1.146
histogram,fixed,edges,242,1,0,0.0139,150.4,-9.6,3.825,6.852,1.059,0.115,1.148
histogram,fixed,edges,243,1,0,0.0139,150.4,-9.6,3.775,6.765,0.996,0.104,1.198
histogram,fixed,edges,244,1,0,0.0139,150.47,-9.53,3.785,6.763,0.988,0.098,1.154
histogram,fixed,edges,245,1,0,0.0139,151.32,-8.68,3.827,6.719,1.051,0.106,1.041
histogram,fixed,edges,246,1,0,0.0139,151.32,-8.68,3.859,6.801,1.001,0.1,1.144
histogram,fixed,edges,247,1,0,0.0139,150.55,-9.45,3.782,6.728,1.003,0.098,1.136
histogram,fixed,edges,248,1,0,0.0139,150.55,-9.45,3.78,6.681,1.002,0.106,1.041
histogram,fixed,edges,249,1,0,0.0139,150.44,-9.56,3.817,6.899,0.997,0.099,1.286
histogram,fixed,edges,250,1,0,0.0139,150.44,-9.56,3.613,6.635,1.028,0.154,1.075
histogram,fixed,edges,251,1,0,0.0139,150.48,-9.52,3.688,6.606,0.986,0.089,1.105
histogram,fixed,edges,252,1,0,0.0139,150.48,-9.52,3.752,6.544,1.037,0.098,1.0
histogram,fixed,edges,253,1,0,0.0139,150.49,-9.51,3.619,6.553,0.989,0.091,1.101
histogram,fixed,edges,254,1,0,0.0139,150.49,-9.51,3.758,6.722,0.988,0.09,1.1
histogram,fixed,edges,255,1,0,0.0139,150.49,-9.51,3.716,6.524,1.042,0.098,0.998
histogram,fixed,edges,256,1,0,0.0139,150.57,-9.43,3.595,6.512,0.984,0.09,1.096
histogram,fixed,edges,257,1,0,0.0139,150.45,-9.55,3.7,6.607,0.986,0.09,1.094
histogram,fixed,edges,258,1,0,0.0139,150.45,-9.55,3.734,6.634,0.997,0.091,1.139
histogram,fixed,edges,259,1,0,0.0139,150.48,-9.52,3.691,6.448,0.985,0.091,1.011
histogram,fixed,edges,260,1,0,0.0139,150.51,-9.49,3.688,6.509,0.987,0.09,1.01
histogram,fixed,edges,261,1,0,0.0139,150.59,-9.41,3.718,6.712,0.983,0.092,1.236
histogram,fixed,edges,262,1,0,0.0139,150.59,-9.41,3.712,6.591,0.987,0.092,1.122
histogram,fixed,edges,263,1,0,0.0139,150.57,-9.43,3.683,6.601,0.984,0.09,1.098
histogram,fixed,edges,264,1,0,0.0139,150.57,-9.43,3.674,6.552,1.005,0.1,1.056
histogram,fixed,edges,265,1,0,0.0139,150.5,-9.5,3.701,6.55,0.995,0.093,1.101
histogram,fixed,edges,266,1,0,0.0139,150.5,-9.5,3.684,6.497,1.04,0.091,1.003
histogram,fixed,edges,267,1,0,0.0139,150.65,-9.35,3.724,6.761,0.989,0.09,1.282
histogram,fixed,edges,268,1,0,0.0139,150.65,-9.35,3.672,6.532,0.987,0.095,1.115
histogram,fixed,edges,269,1,0,0.0139,150.51,-9.49,3.677,6.486,1.042,0.095,1.004
histogram,fixed,edges,270,1,0,0.0139,150.51,-9.49,3.689,6.74,0.992,0.089,1.301
histogram,fixed,edges,271,1,0,0.0139,151.11,-8.89,3.812,6.578,0.991,0.095,1.003
histogram,fixed,edges,272,1,0,0.0139,151.11,-8.89,3.69,6.518,1.059,0.094,1.007
histogram,fixed,edges,273,1,0,0.0139,150.59,-9.41,3.696,6.746,0.984,0.092,1.3
histogram,fixed,edges,274,1,0,0.0139,150.53,-9.47,3.656,6.552,0.993,0.091,1.11
histogram,fixed,edges,275,1,0,0.0139,150.53,-9.47,3.663,6.485,1.053,0.093,1.004
histogram,fixed,edges,276,1,0,0.0139,150.58,-9.42,3.67,6.608,0.989,0.094,1.199
histogram,fixed,edges,277,1,0,0.0139,151.14,-8.86,3.734,6.568,0.984,0.089,1.088
histogram,fixed,edges,278,1,0,0.0139,150.51,-9.49,3.68,6.501,1.04,0.095,1.006
histogram,fixed,edges,279,1,0,0.0139,150.51,-9.49,3.693,6.539,0.988,0.092,1.089
histogram,fixed,edges,280,1,0,0.0139,151.19,-8.81,3.715,6.563,0.985,0.095,1.1
histogram,fixed,edges,281,1,0,0.0139,150.51,-9.49,3.71,6.62,1.035,0.099,1.117
histogram,fixed,edges,282,1,0,0.0139,150.52,-9.48,3.698,6.532,0.985,0.09,1.085
histogram,fixed,edges,283,1,0,0.0139,150.52,-9.48,3.673,6.447,0.981,0.093,1.011
histogram,fixed,edges,284,1,0,0.0139,150.59,-9.41,3.659,6.585,1.025,0.096,1.101
histogram,fixed,edges,285,1,0,0.0139,150.48,-9.52,3.663,6.594,0.985,0.091,1.185
histogram,fixed,edges,286,1,0,0.0139,150.52,-9.48,3.716,6.577,0.984,0.09,1.115
histogram,fixed,edges,287,1,0,0.0139,150.52,-9.48,3.661,6.582,1.027,0.095,1.117
histogram,fixed,edges,288,1,0,0.0139,150.41,-9.59,3.617,6.453,0.996,0.09,0.998
histogram,fixed,edges,289,1,0,0.0139,150.52,-9.48,3.683,6.512,0.993,0.087,1.007
histogram,fixed,edges,290,1,0,0.0139,150.52,-9.48,3.701,6.524,0.987,0.14,1.024
histogram,fixed,edges,291,1,0,0.0139,150.52,-9.48,3.665,6.449,0.995,0.094,1.026
histogram,fixed,edges,292,1,0,0.0139,150.51,-9.49,3.694,6.667,0.986,0.09,1.15
histogram,fixed,edges,293,1,0,0.0139,150.52,-9.48,3.696,6.686,0.993,0.091,1.226
histogram,fixed,edges,294,1,0,0.0139,150.52,-9.48,3.701,6.495,0.993,0.094,1.002
histogram,fixed,edges,295,1,0,0.0139,150.61,-9.39,4.505,7.429,0.986,0.091,1.107
histogram,fixed,edges,296,1,0,0.0139,150.51,-9.49,3.686,6.606,1.045,0.099,1.107
histogram,fixed,edges,297,1,0,0.0139,150.59,-9.41,3.674,6.601,0.987,0.093,1.171
histogram,fixed,edges,298,1,0,0.0139,150.59,-9.41,3.676,6.437,0.979,0.089,1.007
histogram,fixed,edges,299,1,0,0.0139,150.52,-9.48,3.686,6.51,1.038,0.096,1.006
histogram,fixed,edges,300,1,0,0.0139,150.52,-9.48,3.614,6.452,0.991,0.09,1.07
histogram,fixed,edges,301,1,0,0.0139,150.51,-9.49,3.676,6.435,0.982,0.091,1.0
histogram,fixed,edges,302,1,0,0.0139,150.52,-9.48,3.7,6.518,1.036,0.094,1.008
histogram,fixed,edges,303,1,0,0.0139,150.52,-9.48,3.698,6.453,0.992,0.09,1.002
histogram,fixed,edges,304,1,0,0.0139,150.5,-9.5,3.667,6.625,0.984,0.087,1.112
histogram,fixed,edges,305,1,0,0.0139,150.53,-9.47,3.686,6.662,0.987,0.091,1.226
histogram,fixed,edges,306,1,0,0.0139,150.5,-9.5,3.705,6.449,0.984,0.088,0.993
histogram,fixed,edges,307,1,0,0.0139,150.5,-9.5,3.67,6.481,1.052,0.091,0.999
histogram,fixed,edges,308,1,0,0.0139,150.86,-9.14,3.703,6.719,0.989,0.089,1.267
histogram,fixed,edges,309,1,1,0.0217,155.75,-4.25,2.758,5.495,0.983,0.092,0.983
histogram,fixed,edges,310,1,0,0.0097,184.99,24.99,3.961,6.775,0.99,0.095,1.059
histogram,fixed,edges,311,1,0,0.0097,184.99,24.99,3.827,6.706,0.983,0.093,1.053
histogram,fixed,edges,312,1,0,0.0069,150.89,-9.11,3.67,6.415,0.984,0.089,0.994
histogram,fixed,edges,313,1,0,0.0069,151.18,-8.82,3.687,6.479,0.992,0.096,0.982
histogram,fixed,edges,314,1,0,0.0069,151.18,-8.82,3.678,6.503,0.983,0.09,1.032
histogram,fixed,edges,315,1,0,0.0069,151.05,-8.95,3.662,6.474,0.981,0.089,0.976
histogram,fixed,edges,316,1,0,0.0139,150.69,-9.31,3.694,6.681,0.981,0.088,1.243
histogram,fixed,edges,317,1,0,0.0139,151.54,-8.46,3.739,6.593,1.007,0.094,1.094
histogram,fixed,edges,318,1,0,0.0139,151.54,-8.46,3.713,6.514,0.985,0.088,0.987
histogram,fixed,edges,319,1,0,0.0139,222.38,62.38,4.055,6.956,0.988,0.09,1.148
histogram,fixed,edges,320,1,0,0.0139,150.64,-9.36,3.698,6.449,0.984,0.089,0.999
histogram,fixed,edges,321,1,0,0.0139,150.56,-9.44,3.664,6.462,0.981,0.09,0.996
histogram,fixed,edges,322,1,0,0.0139,150.56,-9.44,3.676,6.585,0.985,0.09,1.152
histogram,fixed,edges,323,1,0,0.0139,150.65,-9.35,3.683,6.444,0.987,0.09,1.001
histogram,fixed,edges,324,1,0,0.0139,150.65,-9.35,3.696,6.533,1.032,0.092,1.0
histogram,fixed,edges,325,1,0,0.0139,150.88,-9.12,3.684,6.536,0.99,0.09,1.104
histogram,fixed,edges,326,1,0,0.0139,150.88,-9.12,3.67,6.433,0.983,0.096,1.013
histogram,fixed,edges,327,1,0,0.0139,150.62,-9.38,3.65,6.551,1.027,0.097,1.114
histogram,fixed,edges,328,1,0,0.0139,150.62,-9.38,3.681,6.502,0.987,0.089,1.073
histogram,fixed,edges,329,1,0,0.0139,150.66,-9.34,3.675,6.436,0.989,0.09,1.009
histogram,fixed,edges,330,1,0,0.0139,150.66,-9.34,3.679,6.49,1.034,0.095,0.997
histogram,fixed,edges,331,1,0,0.0139,150.67,-9.33,3.658,6.423,0.992,0.092,1.009
histogram,fixed,edges,332,1,0,0.0139,150.67,-9.33,3.67,6.483,0.982,0.09,0.999
histogram,fixed,edges,333,1,0,0.0139,150.95,-9.05,3.734,6.556,0.99,0.091,1.066
histogram,fixed,edges,334,1,0,0.0139,150.95,-9.05,3.685,6.488,0.995,0.09,0.998
histogram,fixed,edges,335,1,0,0.0139,150.62,-9.38,3.654,6.568,1.041,0.096,1.103
histogram,fixed,edges,336,1,0,0.0139,150.7,-9.3,3.671,6.722,0.98,0.093,1.313
histogram,fixed,edges,337,1,0,0.0139,150.95,-9.05,3.693,6.471,0.987,0.089,1.015
histogram,fixed,edges,338,1,0,0.0139,150.95,-9.05,3.744,6.669,1.032,0.092,1.121
histogram,fixed,edges,339,1,0,0.0139,150.94,-9.06,3.743,6.713,0.984,0.089,1.218
histogram,fixed,edges,340,1,0,0.0139,150.92,-9.08,3.714,6.486,0.992,0.089,1.018
histogram,fixed,edges,341,1,0,0.0139,150.89,-9.11,3.68,6.596,1.035,0.094,1.106
histogram,fixed,edges,342,1,0,0.0139,150.89,-9.11,3.702,6.651,0.993,0.089,1.198
histogram,fixed,edges,343,1,0,0.0139,150.96,-9.04,3.702,6.556,0.986,0.091,1.114
histogram,fixed,edges,344,1,0,0.0139,150.68,-9.32,3.647,6.608,1.034,0.096,1.115
histogram,fixed,edges,345,1,0,0.0139,150.69,-9.31,3.678,6.717,0.987,0.091,1.29
histogram,fixed,edges,346,1,0,0.0139,150.69,-9.31,3.685,6.449,0.99,0.087,1.005
histogram,fixed,edges,347,1,0,0.0139,150.7,-9.3,3.676,6.583,1.028,0.096,1.107
histogram,fixed,edges,348,1,0,0.0139,150.7,-9.3,3.677,6.644,0.991,0.091,1.208
histogram,fixed,edges,349,1,0,0.0139,156.76,-3.24,3.832,6.687,0.984,0.092,1.11
histogram,fixed,edges,350,1,0,0.0139,150.94,-9.06,3.724,6.643,1.032,0.09,1.11
histogram,fixed,edges,351,1,0,0.0139,150.94,-9.06,3.696,6.532,0.98,0.089,1.087
histogram,fixed,edges,352,1,0,0.0139,150.92,-9.08,3.735,6.481,0.983,0.092,0.998
histogram,fixed,edges,353,1,0,0.0139,150.95,-9.05,3.682,6.582,1.034,0.096,1.104
histogram,fixed,edges,354,1,0,0.0139,150.83,-9.17,3.675,6.661,0.981,0.091,1.192
histogram,fixed,edges,355,1,0,0.0139,150.83,-9.17,3.656,6.518,0.991,0.089,1.113
histogram,fixed,edges,356,1,0,0.0139,150.94,-9.06,3.686,6.609,1.033,0.097,1.122
histogram,fixed,edges,357,1,0,0.0139,150.94,-9.06,3.674,6.496,0.979,0.091,1.084
histogram,fixed,edges,358,1,0,0.0139,150.93,-9.07,3.711,6.49,1.0,0.09,1.015
histogram,fixed,edges,359,1,0,0.0139,150.93,-9.07,3.68,6.5,1.035,0.099,1.011
histogram,fixed,edges,360,1,0,0.0139,150.95,-9.05,3.6,6.44,0.994,0.096,1.089
histogram,otsu,edges,0,1,0,0.0167,142.66,-17.34,4.761,9.442,1.866,0.43,1.701
histogram,otsu,edges,1,1,0,0.0167,146.55,-13.45,5.971,12.849,1.072,0.405,4.582
histogram,otsu,edges,2,1,0,0.0181,143.59,-16.41,5.111,10.431,1.542,0.519,2.251
histogram,otsu,edges,3,1,0,0.0181,143.59,-16.41,5.928,12.281,1.077,0.631,3.517
histogram,otsu,edges,4,1,0,0.0181,144.2,-15.8,9.916,13.64,1.042,0.419,1.502
histogram,otsu,edges,5,1,0,0.0167,144.29,-15.71,4.096,7.946,1.114,0.535,1.386
histogram,otsu,edges,6,1,0,0.0167,144.29,-15.71,4.002,7.336,1.051,0.392,1.184
histogram,otsu,edges,7,1,0,0.0181,144.24,-15.76,3.958,7.308,1.055,0.39,1.219
histogram,otsu,edges,8,1,0,0.0167,144.27,-15.73,3.976,7.364,1.009,0.383,1.296
histogram,otsu,edges,9,1,0,0.0181,144.21,-15.79,3.967,7.39,0.998,0.383,1.33
histogram,otsu,edges,10,1,0,0.0181,144.21,-15.79,4.162,7.273,1.0,0.384,1.024
histogram,otsu,edges,11,1,0,0.0181,143.59,-16.41,3.919,6.991,0.987,0.378,1.004
histogram,otsu,edges,12,1,0,0.0181,143.69,-16.31,3.767,7.122,1.04,0.386,1.188
histogram,otsu,edges,13,1,0,0.0167,145.79,-14.21,4.093,7.23,0.998,0.435,1.007
histogram,otsu,edges,14,1,0,0.0167,145.79,-14.21,3.963,10.025,1.006,0.386,3.974
histogram,otsu,edges,15,1,0,0.0181,144.1,-15.9,3.986,7.237,1.008,0.388,1.094
histogram,otsu,edges,16,1,0,0.0181,144.1,-15.9,3.982,7.322,1.055,0.391,1.19
histogram,otsu,edges,17,1,0,0.0194,144.25,-15.75,3.965,7.118,1.001,0.445,1.001
histogram,otsu,edges,18,1,0,0.0181,144.24,-15.76,3.976,7.354,1.005,0.384,1.29
histogram,otsu,edges,19,1,0,0.0181,144.19,-15.81,3.778,7.152,1.006,0.383,1.271
histogram,otsu,edges,20,1,0,0.0181,144.19,-15.81,3.833,7.107,0.995,0.387,1.198
histogram,otsu,edges,21,1,0,0.0181,144.19,-15.81,3.961,7.124,1.081,0.388,0.992
histogram,otsu,edges,22,1,0,0.0167,145.76,-14.24,4.045,7.468,1.069,0.412,1.195
histogram,otsu,edges,23,1,0,0.0167,145.76,-14.24,3.935,10.224,0.997,0.412,4.157
histogram,otsu,edges,24,1,0,0.0181,144.18,-15.82,3.9,7.194,1.054,0.376,1.181
histogram,otsu,edges,25,1,0,0.0181,144.16,-15.84,3.915,7.205,0.985,0.39,1.186
histogram,otsu,edges,26,1,0,0.0181,144.16,-15.84,3.919,7.211,1.035,0.387,1.195
histogram,otsu,edges,27,1,0,0.0181,144.16,-15.84,3.879,7.151,0.984,0.424,1.186
histogram,otsu,edges,28,1,0,0.0181,145.44,-14.56,3.737,7.105,1.069,0.38,1.247
histogram,otsu,edges,29,1,0,0.0181,144.16,-15.84,3.736,6.987,1.062,0.374,1.165
histogram,otsu,edges,30,1,0,0.0181,144.19,-15.81,3.713,6.987,0.991,0.376,1.168
histogram,otsu,edges,31,1,0,0.0181,144.19,-15.81,4.225,15.583,9.137,0.462,1.071
histogram,otsu,edges,32,1,0,0.0181,146.6,-13.4,4.429,8.125,1.078,0.46,1.364
histogram,otsu,edges,33,1,0,0.0181,144.19,-15.81,4.482,8.053,1.012,0.434,1.326
histogram,otsu,edges,34,1,0,0.0181,144.19,-15.81,4.366,8.262,1.208,0.473,1.4
histogram,otsu,edges,35,1,0,0.0167,145.9,-14.1,4.652,8.388,1.185,0.431,1.377
histogram,otsu,edges,36,1,0,0.0167,145.9,-14.1,4.753,8.402,1.136,0.424,1.331
histogram,otsu,edges,37,1,0,0.0167,144.38,-15.62,4.663,8.403,1.117,0.422,1.382
histogram,otsu,edges,38,1,0,0.0167,144.38,-15.62,3.938,7.322,1.057,0.38,1.265
histogram,otsu,edges,39,1,0,0.0181,144.09,-15.91,4.333,7.849,0.995,0.38,1.39
histogram,otsu,edges,40,1,0,0.0181,144.09,-15.91,4.437,7.591,1.015,0.384,0.994
histogram,otsu,edges,41,1,0,0.0181,144.2,-15.8,4.089,7.378,1.059,0.387,1.069
histogram,otsu,edges,42,1,0,0.0181,144.16,-15.84,3.991,7.358,1.048,0.397,1.195
histogram,otsu,edges,43,1,0,0.0181,143.3,-16.7,3.91,7.248,1.004,0.434,1.213
histogram,otsu,edges,44,1,0,0.0181,143.3,-16.7,3.795,7.754,1.541,0.426,1.278
histogram,otsu,edges,45,1,0,0.0181,144.12,-15.88,4.004,7.151,0.994,0.386,1.077
histogram,otsu,edges,46,1,0,0.0181,144.12,-15.88,4.04,7.128,1.009,0.387,0.989
histogram,otsu,edges,47,1,0,0.0167,144.23,-15.77,3.963,7.102,0.999,0.38,0.994
histogram,otsu,edges,48,1,0,0.0167,144.23,-15.77,4.028,7.37,1.048,0.392,1.193
histogram,otsu,edges,49,1,0,0.0181,145.64,-14.36,4.103,7.234,1.0,0.432,1.009
histogram,otsu,edges,50,1,0,0.0181,145.64,-14.36,3.952,7.214,0.983,0.377,1.23
histogram,otsu,edges,51,1,0,0.0181,144.14,-15.86,3.865,6.87,0.993,0.373,0.958
histogram,otsu,edges,52,1,0,0.0167,144.22,-15.78,3.927,7.009,0.987,0.373,0.95
histogram,otsu,edges,53,1,0,0.0167,144.22,-15.78,3.927,6.986,1.033,0.386,0.965
histogram,otsu,edges,54,1,0,0.0181,144.16,-15.84,3.865,6.956,0.986,0.377,1.047
histogram,otsu,edges,55,1,0,0.0167,144.1,-15.9,3.854,6.848,0.972,0.372,0.952
histogram,otsu,edges,56,1,0,0.0167,144.1,-15.9,3.874,7.11,0.984,0.374,1.144
histogram,otsu,edges,57,1,0,0.0167,144.3,-15.7,3.841,7.06,1.024,0.376,1.139
histogram,otsu,edges,58,1,0,0.0181,144.24,-15.76,3.876,6.934,0.989,0.376,1.017
histogram,otsu,edges,59,1,0,0.0181,144.24,-15.76,3.847,7.093,0.99,0.375,1.207
histogram,otsu,edges,60,1,0,0.0181,144.17,-15.83,3.838,7.049,0.985,0.377,1.162
histogram,otsu,edges,61,1,0,0.0167,144.21,-15.79,3.862,7.194,1.043,0.376,1.221
histogram,otsu,edges,62,1,0,0.0167,144.21,-15.79,3.862,6.952,1.035,0.378,0.974
histogram,otsu,edges,63,1,0,0.0167,144.21,-15.79,3.843,6.919,0.988,0.377,1.04
histogram,otsu,edges,64,1,0,0.0167,144.21,-15.79,3.878,7.059,0.98,0.376,1.155
histogram,otsu,edges,65,1,0,0.0167,144.15,-15.85,3.853,6.892,0.987,0.373,0.938
histogram,otsu,edges,66,1,0,0.0167,144.15,-15.85,3.832,7.068,1.032,0.374,1.158
histogram,otsu,edges,67,1,0,0.0181,144.19,-15.81,3.861,7.214,0.991,0.376,1.295
histogram,otsu,edges,68,1,0,0.0181,144.17,-15.83,3.871,7.147,0.982,0.381,1.241
histogram,otsu,edges,69,1,0,0.0181,144.62,-15.38,3.88,7.033,0.976,0.376,1.122
histogram,otsu,edges,70,1,0,0.0181,146.18,-13.82,4.006,7.261,1.049,0.376,1.155
histogram,otsu,edges,71,1,0,0.0181,146.18,-13.82,4.005,7.076,1.034,0.379,0.975
histogram,otsu,edges,72,1,1,0.0142,141.9,-18.1,2.653,5.766,0.989,0.375,1.045
histogram,otsu,edges,73,1,0,0.0194,152.52,-7.48,4.107,7.342,0.987,0.372,1.138
histogram,otsu,edges,74,1,0,0.0208,147.41,-12.59,3.762,6.833,1.053,0.381,0.96
histogram,otsu,edges,75,1,0,0.0208,147.41,-12.59,3.813,7.239,0.991,0.375,1.312
histogram,otsu,edges,76,1,0,0.0181,148.12,-11.88,3.947,7.046,0.991,0.37,1.058
histogram,otsu,edges,77,1,0,0.0194,147.52,-12.48,3.942,6.944,0.99,0.374,0.961
histogram,otsu,edges,78,1,0,0.0194,147.52,-12.48,3.937,7.17,1.038,0.38,1.135
histogram,otsu,edges,79,1,0,0.0194,147.52,-12.48,3.929,7.001,1.053,0.379,0.958
histogram,otsu,edges,80,1,1,0.0075,137.47,-22.53,2.849,5.927,0.983,0.373,1.048
histogram,otsu,edges,81,1,1,0.0067,165.44,5.44,3.108,6.153,0.988,0.377,0.939
histogram,otsu,edges,82,1,1,0.0067,165.44,5.44,3.124,6.313,0.985,0.371,1.125
histogram,otsu,edges,83,1,1,0.0133,173.49,13.49,2.905,5.882,0.994,0.376,0.942
histogram,otsu,edges,84,1,0,0.0181,159.04,-0.96,3.793,6.86,0.989,0.421,0.972
histogram,otsu,edges,85,1,0,0.0181,158.78,-1.22,3.29,6.509,0.977,0.373,1.186
histogram,otsu,edges,86,1,0,0.0181,158.78,-1.22,3.369,6.596,0.984,0.375,1.129
histogram,otsu,edges,87,1,0,0.0125,150.64,-9.36,3.818,6.868,0.983,0.417,0.968
histogram,otsu,edges,88,1,0,0.0125,150.64,-9.36,3.814,6.878,0.982,0.376,1.03
histogram,otsu,edges,89,1,0,0.0167,142.32,-17.68,3.721,6.723,0.987,0.377,0.958
histogram,otsu,edges,90,1,0,0.0167,142.32,-17.68,3.704,6.905,1.024,0.379,1.117
histogram,otsu,edges,91,1,0,0.0111,143.31,-16.69,3.812,7.037,0.997,0.373,1.185
histogram,otsu,edges,92,1,0,0.0111,143.31,-16.69,3.702,7.033,0.983,0.375,1.13
histogram,otsu,edges,93,1,0,0.0181,141.72,-18.28,3.617,6.711,0.986,0.376,1.045
histogram,otsu,edges,94,1,0,0.0194,141.79,-18.21,3.535,6.583,1.028,0.377,0.966
histogram,otsu,edges,95,1,0,0.0194,141.79,-18.21,3.524,6.594,0.992,0.376,1.032
histogram,otsu,edges,96,1,0,0.0194,143.5,-16.5,4.004,7.159,0.979,0.378,1.127
histogram,otsu,edges,97,1,0,0.0222,143.04,-16.96,3.467,6.692,1.039,0.379,1.125
histogram,otsu,edges,98,1,0,0.0222,143.04,-16.96,3.606,6.686,0.997,0.376,1.032
histogram,otsu,edges,99,1,0,0.0222,143.04,-16.96,3.433,6.654,0.995,0.376,1.106
histogram,otsu,edges,100,1,0,0.0208,146.31,-13.69,3.565,6.595,0.979,0.374,0.935
histogram,otsu,edges,101,1,0,0.0181,147.89,-12.11,3.762,7.024,0.987,0.419,1.166
histogram,otsu,edges,102,1,0,0.0181,148.25,-11.75,3.972,7.075,0.988,0.376,1.031
histogram,otsu,edges,103,1,0,0.0181,148.25,-11.75,4.099,7.085,0.992,0.376,0.941
histogram,otsu,edges,104,1,1,0.025,164.04,4.04,2.654,5.839,0.992,0.374,1.085
histogram,otsu,edges,105,1,0,0.0167,162.42,2.42,3.545,6.627,0.989,0.377,1.038
histogram,otsu,edges,106,1,0,0.0167,162.42,2.42,3.558,6.554,0.99,0.377,0.952
histogram,otsu,edges,107,1,1,0.0192,179.8,19.8,2.534,5.603,1.028,0.383,0.984
histogram,otsu,edges,108,1,1,0.0192,179.8,19.8,2.568,5.605,0.992,0.373,0.99
histogram,otsu,edges,109,1,0,0.0181,154.67,-5.33,3.34,6.384,0.993,0.377,0.994
histogram,otsu,edges,110,1,0,0.0181,154.67,-5.33,3.346,6.523,0.982,0.377,1.139
histogram,otsu,edges,111,1,0,0.0181,154.67,-5.33,3.322,6.376,1.051,0.382,0.956
histogram,otsu,edges,112,1,1,0.01,260.76,100.76,2.63,5.725,0.98,0.377,1.037
histogram,otsu,edges,113,1,1,0.0108,226.66,66.66,2.96,6.013,1.04,0.374,0.959
histogram,otsu,edges,114,1,1,0.0108,226.66,66.66,2.897,5.973,0.987,0.369,1.039
histogram,otsu,edges,115,1,1,0.0142,277.88,117.88,2.955,6.026,1.044,0.376,0.976
histogram,otsu,edges,116,1,1,0.0142,277.88,117.88,2.858,6.101,0.991,0.376,1.211
histogram,otsu,edges,117,1,1,0.0167,278.0,118.0,2.949,6.055,0.989,0.377,0.968
histogram,otsu,edges,118,1,1,0.0175,281.03,121.03,3.432,6.598,0.988,0.377,1.137
histogram,otsu,edges,119,1,1,0.0175,281.03,121.03,3.389,6.385,0.982,0.375,0.946
histogram,otsu,edges,120,1,1,0.015,271.23,111.23,3.543,6.691,1.023,0.386,1.054
histogram,otsu,edges,121,1,1,0.0158,281.43,121.43,3.072,6.128,0.98,0.371,1.033
histogram,otsu,edges,122,1,1,0.0158,281.43,121.43,3.168,6.268,0.983,0.375,0.967
histogram,otsu,edges,123,1,1,0.0175,237.14,77.14,2.946,6.015,0.988,0.373,0.978
histogram,otsu,edges,124,1,1,0.0175,237.14,77.14,2.975,5.994,0.987,0.377,0.977
histogram,otsu,edges,125,1,1,0.0158,210.67,50.67,3.173,6.231,0.983,0.42,0.97
histogram,otsu,edges,126,1,1,0.0183,221.65,61.65,2.479,5.496,0.981,0.374,0.98
histogram,otsu,edges,127,1,1,0.0183,221.65,61.65,2.405,5.472,0.988,0.373,1.023
histogram,otsu,edges,128,1,0,0.0236,168.25,8.25,3.554,6.76,0.987,0.372,1.106
histogram,otsu,edges,129,1,0,0.0236,173.09,13.09,3.257,6.478,0.981,0.427,1.136
histogram,otsu,edges,130,1,0,0.0236,173.09,13.09,3.16,6.406,0.987,0.377,1.214
histogram,otsu,edges,131,1,0,0.0222,168.81,8.81,3.34,6.403,1.064,0.378,0.942
histogram,otsu,edges,132,1,0,0.0222,168.81,8.81,3.406,6.5,0.989,0.376,1.011
histogram,otsu,edges,133,1,0,0.0361,150.16,-9.84,3.258,6.246,0.995,0.379,0.941
histogram,otsu,edges,134,1,0,0.0361,150.16,-9.84,3.262,6.293,1.03,0.381,0.95
histogram,otsu,edges,135,1,0,0.0361,150.16,-9.84,3.168,6.226,0.981,0.375,0.941
histogram,otsu,edges,136,1,0,0.025,154.65,-5.35,3.497,6.533,1.038,0.379,0.937
histogram,otsu,edges,137,1,0,0.0069,155.11,-4.89,3.463,6.519,0.996,0.381,1.006
histogram,otsu,edges,138,1,0,0.0069,155.11,-4.89,3.478,6.615,0.987,0.373,1.108
histogram,otsu,edges,139,1,0,0.0069,155.11,-4.89,3.434,6.593,1.168,0.387,0.927
histogram,otsu,edges,140,0,0,0.0,0.0,,2.307,5.411,0.986,0.378,1.062
histogram,otsu,edges,141,1,0,0.0167,216.16,56.16,3.672,6.75,1.046,0.38,0.979
histogram,otsu,edges,142,1,1,0.0217,142.22,-17.78,3.167,6.421,0.986,0.419,1.139
histogram,otsu,edges,143,1,1,0.0217,142.22,-17.78,3.156,6.156,0.981,0.376,0.972
histogram,otsu,edges,144,1,1,0.0217,131.78,-28.22,3.175,6.285,1.034,0.381,1.028
histogram,otsu,edges,145,1,1,0.0042,119.96,-40.04,2.727,5.794,0.987,0.372,1.022
histogram,otsu,edges,146,0,0,0.0,0.0,,0.705,3.8,1.024,0.381,1.019
histogram,otsu,edges,147,0,0,0.0,0.0,,0.704,3.725,1.029,0.381,0.949
histogram,otsu,edges,148,0,0,0.0,0.0,,0.679,3.731,1.018,0.378,0.981
histogram,otsu,edges,149,0,0,0.0,0.0,,0.704,3.786,0.987,0.424,1.01
histogram,otsu,edges,150,1,1,0.0083,125.5,-34.5,3.147,6.184,0.972,0.42,0.948
histogram,otsu,edges,151,1,1,0.0083,125.5,-34.5,3.137,6.283,0.992,0.375,1.103
histogram,otsu,edges,152,1,1,0.0083,124.5,-35.5,3.198,5.789,0.728,0.381,0.766
histogram,otsu,edges,153,1,1,0.0083,71.5,-88.5,3.119,5.578,0.644,0.375,0.759
histogram,otsu,edges,154,1,1,0.0083,71.5,-88.5,3.121,5.634,0.646,0.377,0.813
histogram,otsu,edges,155,1,1,0.0083,71.5,-88.5,3.111,5.555,0.639,0.373,0.758
histogram,otsu,edges,156,1,1,0.0092,47.67,-112.33,2.616,5.115,0.648,0.376,0.704
histogram,otsu,edges,157,1,1,0.0083,292.36,132.36,4.122,6.62,0.672,0.383,0.774
histogram,otsu,edges,158,1,1,0.0083,292.36,132.36,4.131,6.636,0.643,0.373,0.753
histogram,otsu,edges,159,1,1,0.0092,291.09,131.09,3.69,6.129,0.635,0.379,0.744
histogram,otsu,edges,160,1,1,0.0042,40.96,-119.04,3.395,5.936,0.644,0.378,0.78
histogram,otsu,edges,161,1,1,0.01,80.6,-79.4,3.853,7.092,0.998,0.393,1.095
histogram,otsu,edges,162,1,1,0.01,80.6,-79.4,3.899,6.433,0.638,0.381,0.731
histogram,otsu,edges,163,1,1,0.015,87.47,-72.53,3.247,6.093,0.654,0.38,1.11
histogram,otsu,edges,164,1,1,0.015,87.47,-72.53,3.238,6.415,0.991,0.38,1.111
histogram,otsu,edges,165,1,1,0.0083,90.5,-69.5,3.26,6.523,1.053,0.389,1.135
histogram,otsu,edges,166,1,1,0.0083,124.5,-35.5,3.15,6.409,0.992,0.378,1.201
histogram,otsu,edges,167,1,1,0.0083,124.5,-35.5,3.24,6.38,1.003,0.384,0.987
histogram,otsu,edges,168,1,1,0.0083,124.5,-35.5,3.261,6.384,0.995,0.438,1.005
histogram,otsu,edges,169,1,1,0.0142,146.5,-13.5,3.252,6.456,0.997,0.387,1.132
histogram,otsu,edges,170,1,1,0.0142,146.5,-13.5,3.239,6.508,1.045,0.388,1.151
histogram,otsu,edges,171,1,1,0.0142,146.5,-13.5,3.273,6.577,1.001,0.382,1.225
histogram,otsu,edges,172,1,1,0.0092,174.24,14.24,2.998,6.09,0.991,0.383,0.992
histogram,otsu,edges,173,1,1,0.0083,112.5,-47.5,3.244,6.384,1.048,0.392,0.992
histogram,otsu,edges,174,1,1,0.0083,85.5,-74.5,3.171,6.338,1.003,0.382,1.007
histogram,otsu,edges,175,1,1,0.0083,85.5,-74.5,3.212,6.392,1.072,0.393,1.009
histogram,otsu,edges,176,0,0,0.0,0.0,,2.706,5.854,0.996,0.385,1.079
histogram,otsu,edges,177,1,0,0.0097,197.72,37.72,4.081,7.342,1.007,0.387,1.116
histogram,otsu,edges,178,1,0,0.0097,197.72,37.72,4.075,7.305,1.048,0.385,1.104
histogram,otsu,edges,179,1,0,0.0097,197.72,37.72,4.095,7.237,1.05,0.396,0.994
histogram,otsu,edges,180,1,1,0.0067,147.6,-12.4,3.305,6.472,0.999,0.386,1.081
histogram,otsu,edges,181,1,1,0.0108,171.19,11.19,3.583,6.782,0.99,0.388,1.12
histogram,otsu,edges,182,1,1,0.01,94.5,-65.5,2.836,5.944,1.043,0.382,0.98
histogram,otsu,edges,183,1,1,0.01,94.5,-65.5,2.725,5.836,0.988,0.375,1.068
histogram,otsu,edges,184,1,1,0.0092,104.42,-55.58,2.896,6.082,1.155,0.386,0.982
histogram,otsu,edges,185,1,0,0.0111,117.52,-42.48,3.357,6.585,0.983,0.376,1.191
histogram,otsu,edges,186,1,0,0.0153,133.11,-26.89,3.701,6.894,0.974,0.376,1.082
histogram,otsu,edges,187,1,0,0.0153,133.11,-26.89,3.647,6.838,1.044,0.381,1.087
histogram,otsu,edges,188,1,0,0.0153,124.27,-35.73,3.319,6.39,0.986,0.377,1.035
histogram,otsu,edges,189,1,0,0.0069,132.51,-27.49,3.576,6.636,0.98,0.375,1.034
histogram,otsu,edges,190,1,0,0.0069,132.51,-27.49,3.609,6.649,1.038,0.382,0.945
histogram,otsu,edges,191,1,0,0.0069,132.51,-27.49,3.569,6.721,0.983,0.372,1.125
histogram,otsu,edges,192,1,0,0.0069,120.03,-39.97,3.439,6.439,0.985,0.376,0.937
histogram,otsu,edges,193,1,0,0.0181,113.82,-46.18,3.23,6.438,1.033,0.382,1.12
histogram,otsu,edges,194,1,0,0.0181,104.94,-55.06,3.356,6.372,0.982,0.378,0.989
histogram,otsu,edges,195,1,0,0.0181,104.94,-55.06,3.443,6.586,0.99,0.378,1.031
histogram,otsu,edges,196,1,0,0.0083,105.78,-54.22,3.019,6.033,0.987,0.42,0.933
histogram,otsu,edges,197,1,1,0.0108,174.06,14.06,2.777,5.843,0.99,0.374,1.012
histogram,otsu,edges,198,1,1,0.0108,174.06,14.06,2.757,5.839,0.979,0.423,1.01
histogram,otsu,edges,199,1,1,0.0108,175.92,15.92,2.714,5.705,0.993,0.377,0.946
histogram,otsu,edges,200,1,1,0.0108,175.92,15.92,2.666,5.762,1.008,0.375,1.037
histogram,otsu,edges,201,1,1,0.0125,114.85,-45.15,2.943,6.062,0.985,0.372,1.014
histogram,otsu,edges,202,1,1,0.0125,119.88,-40.12,2.884,6.093,0.989,0.379,1.132
histogram,otsu,edges,203,1,1,0.0125,119.88,-40.12,2.862,5.965,0.987,0.372,1.072
histogram,otsu,edges,204,1,1,0.0183,94.97,-65.03,2.746,5.844,0.983,0.417,1.023
histogram,otsu,edges,205,1,1,0.0142,100.45,-59.55,2.724,5.691,0.987,0.372,0.93
histogram,otsu,edges,206,1,1,0.0142,100.45,-59.55,2.682,5.73,0.985,0.375,1.023
histogram,otsu,edges,207,1,1,0.0142,103.34,-56.66,2.794,5.94,0.992,0.375,1.036
histogram,otsu,edges,208,1,1,0.0142,101.54,-58.46,2.95,6.077,0.99,0.371,1.089
histogram,otsu,edges,209,1,1,0.015,111.67,-48.33,3.118,6.148,0.984,0.376,0.936
histogram,otsu,edges,210,1,1,0.015,111.67,-48.33,3.14,6.247,0.987,0.378,1.069
histogram,otsu,edges,211,1,1,0.0175,114.58,-45.42,3.291,6.263,0.981,0.377,0.936
histogram,otsu,edges,212,1,1,0.0175,114.58,-45.42,3.135,6.19,1.027,0.38,0.94
histogram,otsu,edges,213,1,1,0.0142,131.6,-28.4,3.193,6.174,0.987,0.376,0.938
histogram,otsu,edges,214,1,1,0.0142,131.6,-28.4,3.142,6.176,1.03,0.381,0.951
histogram,otsu,edges,215,1,0,0.0097,151.77,-8.23,4.302,7.374,0.991,0.373,1.028
histogram,otsu,edges,216,1,0,0.0167,142.85,-17.15,3.983,6.997,0.991,0.371,0.962
histogram,otsu,edges,217,1,0,0.0125,152.5,-7.5,3.875,6.941,0.995,0.375,0.956
histogram,otsu,edges,218,1,1,0.0158,132.53,-27.47,2.811,5.86,1.026,0.383,0.966
histogram,otsu,edges,219,1,1,0.0158,132.53,-27.47,2.784,5.803,0.982,0.376,0.971
histogram,otsu,edges,220,1,1,0.0158,167.39,7.39,3.165,6.237,1.03,0.38,0.975
histogram,otsu,edges,221,1,1,0.0158,182.39,22.39,3.067,6.092,0.982,0.377,0.988
histogram,otsu,edges,222,1,1,0.0158,182.39,22.39,3.075,6.178,1.031,0.378,0.992
histogram,otsu,edges,223,1,1,0.015,190.29,30.29,2.868,5.966,0.992,0.378,1.049
histogram,otsu,edges,224,1,1,0.015,190.29,30.29,2.962,6.057,1.036,0.378,1.0
histogram,otsu,edges,225,1,0,0.0139,147.03,-12.97,3.859,6.929,0.981,0.377,1.044
histogram,otsu,edges,226,1,0,0.0139,147.03,-12.97,3.868,6.966,0.988,0.376,1.057
histogram,otsu,edges,227,1,0,0.0139,148.14,-11.86,3.853,7.017,1.041,0.375,1.075
histogram,otsu,edges,228,1,0,0.0139,148.14,-11.86,3.87,7.037,0.982,0.423,1.087
histogram,otsu,edges,229,1,0,0.0069,149.64,-10.36,3.766,6.878,0.987,0.375,1.074
histogram,otsu,edges,230,1,0,0.0069,150.12,-9.88,3.724,6.764,0.992,0.375,0.992
histogram,otsu,edges,231,1,0,0.0069,150.12,-9.88,3.707,6.854,1.046,0.382,1.037
histogram,otsu,edges,232,1,0,0.0139,150.44,-9.56,3.733,6.887,0.992,0.423,1.02
histogram,otsu,edges,233,1,0,0.0139,151.12,-8.88,3.713,6.841,0.983,0.378,1.088
histogram,otsu,edges,234,1,0,0.0139,150.37,-9.63,3.725,6.769,0.983,0.376,1.006
histogram,otsu,edges,235,1,0,0.0139,150.37,-9.63,4.081,7.161,1.025,0.378,0.995
histogram,otsu,edges,236,1,0,0.0139,151.55,-8.45,3.815,6.92,0.993,0.42,1.022
histogram,otsu,edges,237,1,0,0.0139,150.18,-9.82,3.622,6.762,0.99,0.38,1.09
histogram,otsu,edges,238,1,0,0.0139,150.18,-9.82,3.703,6.85,0.985,0.373,1.11
histogram,otsu,edges,239,1,0,0.0139,156.73,-3.27,3.903,7.098,1.036,0.377,1.103
histogram,otsu,edges,240,1,0,0.0139,156.73,-3.27,3.943,7.022,0.982,0.374,1.05
histogram,otsu,edges,241,1,0,0.0139,150.5,-9.5,3.694,6.919,1.002,0.379,1.17
histogram,otsu,edges,242,1,0,0.0139,150.4,-9.6,3.713,6.784,0.981,0.372,1.004
histogram,otsu,edges,243,1,0,0.0139,150.4,-9.6,3.705,6.892,1.029,0.383,1.101
histogram,otsu,edges,244,1,0,0.0139,150.47,-9.53,3.81,7.017,0.982,0.375,1.175
histogram,otsu,edges,245,1,0,0.0139,151.32,-8.68,3.687,6.885,0.984,0.377,1.096
histogram,otsu,edges,246,1,0,0.0139,151.32,-8.68,3.77,6.869,0.977,0.377,0.999
histogram,otsu,edges,247,1,0,0.0139,150.55,-9.45,3.719,6.802,1.034,0.383,0.989
histogram,otsu,edges,248,1,0,0.0139,150.55,-9.45,3.715,6.948,0.987,0.376,1.197
histogram,otsu,edges,249,1,0,0.0139,150.44,-9.56,3.725,6.764,0.985,0.378,0.999
histogram,otsu,edges,250,1,0,0.0139,150.44,-9.56,3.719,6.924,0.98,0.375,1.114
histogram,otsu,edges,251,1,0,0.0139,150.48,-9.52,3.721,6.813,1.026,0.379,1.004
histogram,otsu,edges,252,1,0,0.0139,150.48,-9.52,3.738,6.893,0.979,0.38,1.094
histogram,otsu,edges,253,1,0,0.0139,150.49,-9.51,3.733,6.872,0.982,0.378,1.101
histogram,otsu,edges,254,1,0,0.0139,150.49,-9.51,3.732,6.837,1.038,0.38,1.008
histogram,otsu,edges,255,1,0,0.0139,150.49,-9.51,3.739,6.924,0.987,0.419,1.109
histogram,otsu,edges,256,1,0,0.0139,150.57,-9.43,3.687,6.896,0.984,0.376,1.172
histogram,otsu,edges,257,1,0,0.0139,150.45,-9.55,3.694,6.825,0.974,0.373,1.114
histogram,otsu,edges,258,1,0,0.0139,150.45,-9.55,3.76,6.856,1.037,0.377,1.009
histogram,otsu,edges,259,1,0,0.0139,150.48,-9.52,3.752,6.859,0.984,0.377,1.072
histogram,otsu,edges,260,1,0,0.0139,150.51,-9.49,3.687,6.887,0.98,0.377,1.11
histogram,otsu,edges,261,1,0,0.0139,150.59,-9.41,3.689,6.914,0.991,0.376,1.118
histogram,otsu,edges,262,1,0,0.0139,150.59,-9.41,3.699,6.915,1.023,0.38,1.112
histogram,otsu,edges,263,1,0,0.0139,150.57,-9.43,3.703,6.918,0.981,0.373,1.189
histogram,otsu,edges,264,1,0,0.0139,150.57,-9.43,3.711,6.747,0.98,0.374,1.003
histogram,otsu,edges,265,1,0,0.0139,150.5,-9.5,3.707,6.891,1.039,0.377,1.088
histogram,otsu,edges,266,1,0,0.0139,150.5,-9.5,3.725,6.824,0.982,0.425,1.01
histogram,otsu,edges,267,1,0,0.0139,150.65,-9.35,3.693,6.818,0.989,0.377,1.083
histogram,otsu,edges,268,1,0,0.0139,150.65,-9.35,3.706,6.853,0.977,0.374,1.117
histogram,otsu,edges,269,1,0,0.0139,150.51,-9.49,3.723,6.817,1.027,0.379,1.007
histogram,otsu,edges,270,1,0,0.0139,150.51,-9.49,3.728,6.854,0.992,0.378,1.072
histogram,otsu,edges,271,1,0,0.0139,151.11,-8.89,3.651,6.889,0.994,0.38,1.104
histogram,otsu,edges,272,1,0,0.0139,151.11,-8.89,3.75,6.89,0.984,0.377,1.013
histogram,otsu,edges,273,1,0,0.0139,150.59,-9.41,3.707,6.906,1.03,0.382,1.103
histogram,otsu,edges,274,1,0,0.0139,150.53,-9.47,3.781,6.921,0.987,0.378,1.097
histogram,otsu,edges,275,1,0,0.0139,150.53,-9.47,3.701,6.856,0.989,0.38,1.111
histogram,otsu,edges,276,1,0,0.0139,150.58,-9.42,3.726,6.926,0.989,0.372,1.108
histogram,otsu,edges,277,1,0,0.0139,151.14,-8.86,3.718,6.804,1.025,0.381,1.005
histogram,otsu,edges,278,1,0,0.0139,150.51,-9.49,3.729,6.943,0.986,0.378,1.184
histogram,otsu,edges,279,1,0,0.0139,150.51,-9.49,3.713,6.855,0.987,0.375,1.104
histogram,otsu,edges,280,1,0,0.0139,151.19,-8.81,3.737,6.855,1.044,0.379,1.017
histogram,otsu,edges,281,1,0,0.0139,150.51,-9.49,3.718,6.816,0.989,0.423,1.011
histogram,otsu,edges,282,1,0,0.0139,150.52,-9.48,3.721,6.892,0.99,0.377,1.092
histogram,otsu,edges,283,1,0,0.0139,150.52,-9.48,3.763,6.81,0.989,0.378,1.006
histogram,otsu,edges,284,1,0,0.0139,150.59,-9.41,3.705,6.801,1.034,0.383,1.002
histogram,otsu,edges,285,1,0,0.0139,150.48,-9.52,3.721,6.928,0.979,0.376,1.176
histogram,otsu,edges,286,1,0,0.0139,150.52,-9.48,3.74,6.792,0.99,0.373,1.007
histogram,otsu,edges,287,1,0,0.0139,150.52,-9.48,3.711,6.821,0.989,0.38,1.001
histogram,otsu,edges,288,1,0,0.0139,150.41,-9.59,3.764,6.873,1.035,0.382,1.01
histogram,otsu,edges,289,1,0,0.0139,150.52,-9.48,3.714,6.934,0.979,0.376,1.19
histogram,otsu,edges,290,1,0,0.0139,150.52,-9.48,3.739,6.886,0.979,0.377,1.112
histogram,otsu,edges,291,1,0,0.0139,150.52,-9.48,3.714,6.894,1.12,0.383,1.0
histogram,otsu,edges,292,1,0,0.0139,150.51,-9.49,3.719,6.866,0.987,0.42,1.024
histogram,otsu,edges,293,1,0,0.0139,150.52,-9.48,3.694,6.811,0.983,0.377,1.074
histogram,otsu,edges,294,1,0,0.0139,150.52,-9.48,3.719,6.867,0.986,0.377,1.105
histogram,otsu,edges,295,1,0,0.0139,150.61,-9.39,3.692,6.904,1.03,0.381,1.106
histogram,otsu,edges,296,1,0,0.0139,150.51,-9.49,3.723,6.814,0.978,0.373,1.051
histogram,otsu,edges,297,1,0,0.0139,150.59,-9.41,3.629,6.84,0.984,0.381,1.104
histogram,otsu,edges,298,1,0,0.0139,150.59,-9.41,3.687,6.893,0.984,0.379,1.11
histogram,otsu,edges,299,1,0,0.0139,150.52,-9.48,3.717,6.919,1.034,0.384,1.112
histogram,otsu,edges,300,1,0,0.0139,150.52,-9.48,3.743,6.959,0.983,0.375,1.182
histogram,otsu,edges,301,1,0,0.0139,150.51,-9.49,3.734,6.78,0.988,0.378,1.007
histogram,otsu,edges,302,1,0,0.0139,150.52,-9.48,3.752,6.975,0.987,0.373,1.097
histogram,otsu,edges,303,1,0,0.0139,150.52,-9.48,3.714,6.822,1.037,0.381,1.011
histogram,otsu,edges,304,1,0,0.0139,150.5,-9.5,3.73,6.84,0.988,0.377,1.076
histogram,otsu,edges,305,1,0,0.0139,150.53,-9.47,3.667,6.793,0.977,0.379,1.089
histogram,otsu,edges,306,1,0,0.0139,150.5,-9.5,3.737,6.838,1.038,0.382,1.013
histogram,otsu,edges,307,1,0,0.0139,150.5,-9.5,3.719,6.819,0.988,0.42,1.01
histogram,otsu,edges,308,1,0,0.0139,150.86,-9.14,3.719,6.815,0.983,0.373,0.981
histogram,otsu,edges,309,1,1,0.0217,155.75,-4.25,3.054,6.088,0.985,0.381,0.982
histogram,otsu,edges,310,1,0,0.0097,184.99,24.99,4.095,8.335,1.984,0.429,1.076
histogram,otsu,edges,311,1,0,0.0097,184.99,24.99,3.901,7.064,1.045,0.381,1.06
histogram,otsu,edges,312,1,0,0.0069,150.89,-9.11,3.731,6.96,0.986,0.373,1.154
histogram,otsu,edges,313,1,0,0.0069,151.18,-8.82,3.717,6.729,0.978,0.376,0.975
histogram,otsu,edges,314,1,0,0.0069,151.18,-8.82,3.802,6.906,1.037,0.378,1.019
histogram,otsu,edges,315,1,0,0.0069,151.05,-8.95,3.703,6.801,0.985,0.424,1.005
histogram,otsu,edges,316,1,0,0.0139,150.69,-9.31,3.744,6.837,0.976,0.375,1.055
histogram,otsu,edges,317,1,0,0.0139,151.54,-8.46,3.764,6.785,0.979,0.379,0.987
histogram,otsu,edges,318,1,0,0.0139,151.54,-8.46,3.78,6.575,0.981,0.382,0.745
histogram,otsu,edges,319,1,0,0.0139,222.38,62.38,4.992,7.608,0.716,0.392,0.816
histogram,otsu,edges,320,1,0,0.0139,150.64,-9.36,3.721,6.196,0.647,0.398,0.752
histogram,otsu,edges,321,1,0,0.0139,150.56,-9.44,3.716,6.222,0.629,0.379,0.745
histogram,otsu,edges,322,1,0,0.0139,150.56,-9.44,3.691,6.273,0.657,0.376,0.846
histogram,otsu,edges,323,1,0,0.0139,150.65,-9.35,3.748,6.204,0.632,0.379,0.764
histogram,otsu,edges,324,1,0,0.0139,150.65,-9.35,3.734,6.275,0.657,0.424,0.778
histogram,otsu,edges,325,1,0,0.0139,150.88,-9.12,3.743,6.204,0.655,0.379,0.741
histogram,otsu,edges,326,1,0,0.0139,150.88,-9.12,3.73,6.25,0.689,0.382,0.766
histogram,otsu,edges,327,1,0,0.0139,150.62,-9.38,3.722,6.167,0.648,0.374,0.75
histogram,otsu,edges,328,1,0,0.0139,150.62,-9.38,3.708,6.218,0.63,0.377,0.753
histogram,otsu,edges,329,1,0,0.0139,150.66,-9.34,3.697,6.265,0.648,0.377,0.863
histogram,otsu,edges,330,1,0,0.0139,150.66,-9.34,3.713,6.173,0.63,0.38,0.762
histogram,otsu,edges,331,1,0,0.0139,150.67,-9.33,3.769,6.263,0.643,0.374,0.801
histogram,otsu,edges,332,1,0,0.0139,150.67,-9.33,3.737,6.231,0.639,0.378,0.762
histogram,otsu,edges,333,1,0,0.0139,150.95,-9.05,3.744,6.26,0.686,0.387,0.749
histogram,otsu,edges,334,1,0,0.0139,150.95,-9.05,3.759,6.226,0.647,0.376,0.761
histogram,otsu,edges,335,1,0,0.0139,150.62,-9.38,3.705,6.204,0.629,0.375,0.75
histogram,otsu,edges,336,1,0,0.0139,150.7,-9.3,3.724,6.271,0.639,0.377,0.852
histogram,otsu,edges,337,1,0,0.0139,150.95,-9.05,3.73,6.173,0.637,0.379,0.751
histogram,otsu,edges,338,1,0,0.0139,150.95,-9.05,3.792,6.314,0.643,0.417,0.779
histogram,otsu,edges,339,1,0,0.0139,150.94,-9.06,3.758,6.214,0.634,0.38,0.753
histogram,otsu,edges,340,1,0,0.0139,150.92,-9.08,3.755,6.241,0.674,0.377,0.767
histogram,otsu,edges,341,1,0,0.0139,150.89,-9.11,3.735,6.181,0.637,0.379,0.746
histogram,otsu,edges,342,1,0,0.0139,150.89,-9.11,3.729,6.268,0.63,0.373,0.762
histogram,otsu,edges,343,1,0,0.0139,150.96,-9.04,3.722,6.265,0.647,0.38,0.838
histogram,otsu,edges,344,1,0,0.0139,150.68,-9.32,3.746,6.193,0.634,0.381,0.743
histogram,otsu,edges,345,1,0,0.0139,150.69,-9.31,3.779,6.297,0.64,0.416,0.77
histogram,otsu,edges,346,1,0,0.0139,150.69,-9.31,3.721,6.184,0.641,0.382,0.757
histogram,otsu,edges,347,1,0,0.0139,150.7,-9.3,3.697,6.182,0.691,0.379,0.736
histogram,otsu,edges,348,1,0,0.0139,150.7,-9.3,3.729,6.205,0.644,0.38,0.763
histogram,otsu,edges,349,1,0,0.0139,156.76,-3.24,3.881,6.391,0.625,0.375,0.757
histogram,otsu,edges,350,1,0,0.0139,150.94,-9.06,3.749,6.263,0.632,0.382,0.831
histogram,otsu,edges,351,1,0,0.0139,150.94,-9.06,3.711,6.18,0.646,0.38,0.759
histogram,otsu,edges,352,1,0,0.0139,150.92,-9.08,3.734,6.274,0.641,0.415,0.762
histogram,otsu,edges,353,1,0,0.0139,150.95,-9.05,3.741,6.202,0.641,0.38,0.754
histogram,otsu,edges,354,1,0,0.0139,150.83,-9.17,3.725,6.23,0.697,0.385,0.744
histogram,otsu,edges,355,1,0,0.0139,150.83,-9.17,3.655,6.183,0.659,0.378,0.743
histogram,otsu,edges,356,1,0,0.0139,150.94,-9.06,3.725,6.225,0.63,0.379,0.745
histogram,otsu,edges,357,1,0,0.0139,150.94,-9.06,3.744,6.287,0.641,0.378,0.845
histogram,otsu,edges,358,1,0,0.0139,150.93,-9.07,3.749,6.185,0.633,0.378,0.741
histogram,otsu,edges,359,1,0,0.0139,150.93,-9.07,3.788,6.275,0.645,0.42,0.746
histogram,otsu,edges,360,1,0,0.0139,150.95,-9.05,3.768,6.222,0.638,0.378,0.747
histogram,adaptive,edges,0,1,0,0.0167,142.66,-17.34,5.355,16.242,1.056,8.018,1.149
histogram,adaptive,edges,1,1,0,0.0167,146.55,-13.45,5.058,16.494,0.753,8.403,1.126
histogram,adaptive,edges,2,1,0,0.0181,143.59,-16.41,4.52,17.971,0.673,11.029,1.005
histogram,adaptive,edges,3,1,0,0.0181,143.59,-16.41,5.342,15.691,0.678,7.753,1.218
histogram,adaptive,edges,4,1,0,0.0181,144.2,-15.8,4.083,13.999,0.743,7.359,0.985
histogram,adaptive,edges,5,1,0,0.0167,144.29,-15.71,4.069,13.627,0.641,7.279,0.954
histogram,adaptive,edges,6,1,0,0.0167,144.29,-15.71,4.108,13.962,0.662,7.248,1.15
histogram,adaptive,edges,7,1,0,0.0181,144.24,-15.76,4.076,14.447,0.987,7.287,1.332
histogram,adaptive,edges,8,1,0,0.0167,144.27,-15.73,4.094,14.487,1.0,7.256,1.434
histogram,adaptive,edges,9,1,0,0.0181,144.21,-15.79,4.098,14.446,0.998,7.256,1.356
histogram,adaptive,edges,10,1,0,0.0181,144.21,-15.79,4.083,14.47,1.056,7.282,1.336
histogram,adaptive,edges,11,1,0,0.0181,143.59,-16.41,4.198,14.378,0.999,7.244,1.157
histogram,adaptive,edges,12,1,0,0.0181,143.69,-16.31,3.925,14.224,1.078,7.273,1.151
histogram,adaptive,edges,13,1,0,0.0167,145.79,-14.21,4.444,14.571,1.036,7.229,1.169
histogram,adaptive,edges,14,1,0,0.0167,145.79,-14.21,4.108,14.212,1.011,7.285,1.113
histogram,adaptive,edges,15,1,0,0.0181,144.1,-15.9,3.977,14.036,0.988,7.232,1.105
histogram,adaptive,edges,16,1,0,0.0181,144.1,-15.9,4.013,14.172,0.983,7.164,1.322
histogram,adaptive,edges,17,1,0,0.0194,144.25,-15.75,4.42,20.942,0.989,13.186,1.637
histogram,adaptive,edges,18,1,0,0.0181,144.24,-15.76,4.557,15.031,1.102,7.373,1.247
histogram,adaptive,edges,19,1,0,0.0181,144.19,-15.81,4.186,14.859,1.011,7.367,1.565
histogram,adaptive,edges,20,1,0,0.0181,144.19,-15.81,4.418,15.03,1.05,7.375,1.489
histogram,adaptive,edges,21,1,0,0.0181,144.19,-15.81,4.32,14.82,1.081,7.378,1.364
histogram,adaptive,edges,22,1,0,0.0167,145.76,-14.24,4.074,14.357,1.065,7.342,1.193
histogram,adaptive,edges,23,1,0,0.0167,145.76,-14.24,4.03,14.029,1.045,7.215,1.066
histogram,adaptive,edges,24,1,0,0.0181,144.18,-15.82,4.005,14.547,1.505,7.167,1.133
histogram,adaptive,edges,25,1,0,0.0181,144.16,-15.84,3.96,14.132,0.987,7.201,1.296
histogram,adaptive,edges,26,1,0,0.0181,144.16,-15.84,3.97,14.023,0.992,7.219,1.168
histogram,adaptive,edges,27,1,0,0.0181,144.16,-15.84,3.97,13.878,0.982,7.156,1.103
histogram,adaptive,edges,28,1,0,0.0181,145.44,-14.56,3.857,14.082,0.985,7.155,1.408
histogram,adaptive,edges,29,1,0,0.0181,144.16,-15.84,3.792,13.915,0.979,7.143,1.291
histogram,adaptive,edges,30,1,0,0.0181,144.19,-15.81,3.807,13.823,0.99,7.168,1.172
histogram,adaptive,edges,31,1,0,0.0181,144.19,-15.81,3.776,14.01,0.986,7.263,1.304
histogram,adaptive,edges,32,1,0,0.0181,146.6,-13.4,4.083,14.26,0.989,7.154,1.355
histogram,adaptive,edges,33,1,0,0.0181,144.19,-15.81,3.815,13.926,0.99,7.142,1.301
histogram,adaptive,edges,34,1,0,0.0181,144.19,-15.81,3.834,13.873,1.043,7.13,1.186
histogram,adaptive,edges,35,1,0,0.0167,145.9,-14.1,4.073,14.17,0.981,7.148,1.295
histogram,adaptive,edges,36,1,0,0.0167,145.9,-14.1,4.025,14.04,1.047,7.116,1.176
histogram,adaptive,edges,37,1,0,0.0167,144.38,-15.62,3.928,13.813,0.978,7.129,1.104
histogram,adaptive,edges,38,1,0,0.0167,144.38,-15.62,4.003,14.186,1.036,7.094,1.372
histogram,adaptive,edges,39,1,0,0.0181,144.09,-15.91,3.961,13.893,0.986,7.121,1.106
histogram,adaptive,edges,40,1,0,0.0181,144.09,-15.91,3.983,14.17,1.037,7.107,1.362
histogram,adaptive,edges,41,1,0,0.0181,144.2,-15.8,3.832,13.737,0.986,7.128,1.105
histogram,adaptive,edges,42,1,0,0.0181,144.16,-15.84,3.99,14.034,1.033,7.16,1.171
histogram,adaptive,edges,43,1,0,0.0181,143.3,-16.7,3.803,13.706,0.987,7.15,1.094
histogram,adaptive,edges,44,1,0,0.0181,143.3,-16.7,3.847,14.082,1.027,7.104,1.407
histogram,adaptive,edges,45,1,0,0.0181,144.12,-15.88,4.076,17.171,0.977,10.115,1.309
histogram,adaptive,edges,46,1,0,0.0181,144.12,-15.88,4.093,14.493,1.005,7.265,1.427
histogram,adaptive,edges,47,1,0,0.0167,144.23,-15.77,4.084,14.406,0.993,7.299,1.329
histogram,adaptive,edges,48,1,0,0.0167,144.23,-15.77,4.095,14.298,1.051,7.294,1.155
histogram,adaptive,edges,49,1,0,0.0181,145.64,-14.36,4.482,14.638,0.999,7.281,1.137
histogram,adaptive,edges,50,1,0,0.0181,145.64,-14.36,4.172,14.483,0.982,7.332,1.307
histogram,adaptive,edges,51,1,0,0.0181,144.14,-15.86,4.103,14.276,1.057,7.202,1.207
histogram,adaptive,edges,52,1,0,0.0167,144.22,-15.78,4.105,14.414,1.009,7.263,1.347
histogram,adaptive,edges,53,1,0,0.0167,144.22,-15.78,4.088,14.43,0.998,7.257,1.332
histogram,adaptive,edges,54,1,0,0.0181,144.16,-15.84,3.987,14.308,0.998,7.325,1.328
histogram,adaptive,edges,55,1,0,0.0167,144.1,-15.9,3.988,14.117,0.984,7.163,1.286
histogram,adaptive,edges,56,1,0,0.0167,144.1,-15.9,4.005,14.095,1.05,7.214,1.146
histogram,adaptive,edges,57,1,0,0.0167,144.3,-15.7,4.007,13.909,0.985,7.135,1.103
histogram,adaptive,edges,58,1,0,0.0181,144.24,-15.76,3.998,13.952,1.022,7.094,1.163
histogram,adaptive,edges,59,1,0,0.0181,144.24,-15.76,3.961,13.919,0.988,7.151,1.103
histogram,adaptive,edges,60,1,0,0.0181,144.17,-15.83,4.044,14.255,1.032,7.114,1.385
histogram,adaptive,edges,61,1,0,0.0167,144.21,-15.79,4.042,14.138,0.994,7.127,1.298
histogram,adaptive,edges,62,1,0,0.0167,144.21,-15.79,3.989,14.157,1.036,7.117,1.282
histogram,adaptive,edges,63,1,0,0.0167,144.21,-15.79,4.021,14.133,0.988,7.145,1.305
histogram,adaptive,edges,64,1,0,0.0167,144.21,-15.79,3.99,14.175,0.993,7.174,1.279
histogram,adaptive,edges,65,1,0,0.0167,144.15,-15.85,3.979,13.903,0.99,7.138,1.113
histogram,adaptive,edges,66,1,0,0.0167,144.15,-15.85,4.279,14.456,0.986,7.175,1.279
histogram,adaptive,edges,67,1,0,0.0181,144.19,-15.81,3.985,14.234,0.987,7.215,1.367
histogram,adaptive,edges,68,1,0,0.0181,144.17,-15.83,3.996,14.073,0.995,7.118,1.292
histogram,adaptive,edges,69,1,0,0.0181,144.62,-15.38,4.013,14.042,1.035,7.111,1.174
histogram,adaptive,edges,70,1,0,0.0181,146.18,-13.82,4.155,14.086,0.98,7.176,1.093
histogram,adaptive,edges,71,1,0,0.0181,146.18,-13.82,4.12,14.352,1.035,7.116,1.403
histogram,adaptive,edges,72,1,1,0.0142,141.9,-18.1,2.946,12.851,0.982,7.153,1.082
histogram,adaptive,edges,73,1,0,0.0194,152.52,-7.48,4.257,14.417,0.987,7.136,1.362
histogram,adaptive,edges,74,1,0,0.0208,147.41,-12.59,3.908,13.829,0.983,7.156,1.101
histogram,adaptive,edges,75,1,0,0.0208,147.41,-12.59,3.892,13.863,1.026,7.09,1.166
histogram,adaptive,edges,76,1,0,0.0181,148.12,-11.88,4.08,14.184,1.0,7.15,1.271
histogram,adaptive,edges,77,1,0,0.0194,147.52,-12.48,4.035,14.2,1.038,7.136,1.317
histogram,adaptive,edges,78,1,0,0.0194,147.52,-12.48,4.045,13.938,0.99,7.145,1.084
histogram,adaptive,edges,79,1,0,0.0194,147.52,-12.48,4.001,14.181,1.025,7.143,1.307
histogram,adaptive,edges,80,1,1,0.0075,137.47,-22.53,3.1,12.984,0.987,7.139,1.072
histogram,adaptive,edges,81,1,1,0.0067,165.44,5.44,3.085,13.054,0.99,7.126,1.135
histogram,adaptive,edges,82,1,1,0.0067,165.44,5.44,3.175,13.154,0.98,7.188,1.08
histogram,adaptive,edges,83,1,1,0.0133,173.49,13.49,2.958,13.175,0.981,7.321,1.247
histogram,adaptive,edges,84,1,0,0.0181,159.04,-0.96,3.737,13.723,0.992,7.147,1.107
histogram,adaptive,edges,85,1,0,0.0181,158.78,-1.22,3.422,13.578,0.983,7.161,1.269
histogram,adaptive,edges,86,1,0,0.0181,158.78,-1.22,3.427,13.526,0.999,7.141,1.28
histogram,adaptive,edges,87,1,0,0.0125,150.64,-9.36,3.9,14.027,1.027,7.104,1.322
histogram,adaptive,edges,88,1,0,0.0125,150.64,-9.36,3.896,13.796,0.993,7.122,1.095
histogram,adaptive,edges,89,1,0,0.0167,142.32,-17.68,3.819,14.003,1.038,7.109,1.323
histogram,adaptive,edges,90,1,0,0.0167,142.32,-17.68,3.795,13.694,0.981,7.135,1.101
histogram,adaptive,edges,91,1,0,0.0111,143.31,-16.69,3.921,13.912,1.031,7.11,1.177
histogram,adaptive,edges,92,1,0,0.0111,143.31,-16.69,3.956,14.004,0.987,7.119,1.269
histogram,adaptive,edges,93,1,0,0.0181,141.72,-18.28,3.725,13.877,1.026,7.093,1.353
histogram,adaptive,edges,94,1,0,0.0194,141.79,-18.21,3.652,13.553,0.99,7.132,1.107
histogram,adaptive,edges,95,1,0,0.0194,141.79,-18.21,3.552,13.514,0.989,7.148,1.143
histogram,adaptive,edges,96,1,0,0.0194,143.5,-16.5,4.116,14.036,0.983,7.183,1.08
histogram,adaptive,edges,97,1,0,0.0222,143.04,-16.96,3.617,13.557,0.988,7.128,1.088
histogram,adaptive,edges,98,1,0,0.0222,143.04,-16.96,3.648,13.802,0.991,7.169,1.259
histogram,adaptive,edges,99,1,0,0.0222,143.04,-16.96,3.674,13.592,0.999,7.128,1.087
histogram,adaptive,edges,100,1,0,0.0208,146.31,-13.69,3.675,13.696,1.032,7.111,1.193
histogram,adaptive,edges,101,1,0,0.0181,147.89,-12.11,3.892,13.816,0.988,7.154,1.104
histogram,adaptive,edges,102,1,0,0.0181,148.25,-11.75,4.13,14.128,1.024,7.11,1.187
histogram,adaptive,edges,103,1,0,0.0181,148.25,-11.75,4.117,13.999,0.988,7.131,1.093
histogram,adaptive,edges,104,1,1,0.025,164.04,4.04,2.834,12.976,1.078,7.142,1.242
histogram,adaptive,edges,105,1,0,0.0167,162.42,2.42,3.647,13.765,0.991,7.194,1.254
histogram,adaptive,edges,106,1,0,0.0167,162.42,2.42,3.673,13.622,0.983,7.206,1.074
histogram,adaptive,edges,107,1,1,0.0192,179.8,19.8,2.595,12.717,0.982,7.173,1.23
histogram,adaptive,edges,108,1,1,0.0192,179.8,19.8,2.606,12.522,0.985,7.167,1.081
histogram,adaptive,edges,109,1,0,0.0181,154.67,-5.33,3.434,13.523,0.982,7.134,1.264
histogram,adaptive,edges,110,1,0,0.0181,154.67,-5.33,3.42,13.562,1.036,7.108,1.331
histogram,adaptive,edges,111,1,0,0.0181,154.67,-5.33,3.415,13.302,0.99,7.176,1.049
histogram,adaptive,edges,112,1,1,0.01,260.76,100.76,2.909,12.95,0.983,7.145,1.222
histogram,adaptive,edges,113,1,1,0.0108,226.66,66.66,3.075,13.154,1.029,7.11,1.268
histogram,adaptive,edges,114,1,1,0.0108,226.66,66.66,3.177,13.158,0.99,7.174,1.069
histogram,adaptive,edges,115,1,1,0.0142,277.88,117.88,3.133,13.006,0.98,7.128,1.09
histogram,adaptive,edges,116,1,1,0.0142,277.88,117.88,3.13,13.026,0.982,7.134,1.088
histogram,adaptive,edges,117,1,1,0.0167,278.0,118.0,3.243,13.658,1.032,7.454,1.216
histogram,adaptive,edges,118,1,1,0.0175,281.03,121.03,3.614,13.829,0.998,7.284,1.234
histogram,adaptive,edges,119,1,1,0.0175,281.03,121.03,3.593,13.824,1.063,7.223,1.205
histogram,adaptive,edges,120,1,1,0.015,271.23,111.23,3.78,13.862,1.002,7.269,1.111
histogram,adaptive,edges,121,1,1,0.0158,281.43,121.43,3.332,13.824,1.046,7.217,1.524
histogram,adaptive,edges,122,1,1,0.0158,281.43,121.43,3.278,13.386,0.998,7.312,1.106
histogram,adaptive,edges,123,1,1,0.0175,237.14,77.14,2.984,13.267,0.994,7.268,1.242
histogram,adaptive,edges,124,1,1,0.0175,237.14,77.14,3.072,13.268,1.048,7.304,1.127
histogram,adaptive,edges,125,1,1,0.0158,210.67,50.67,3.246,13.422,0.99,7.262,1.22
histogram,adaptive,edges,126,1,1,0.0183,221.65,61.65,2.543,12.776,0.991,7.263,1.205
histogram,adaptive,edges,127,1,1,0.0183,221.65,61.65,2.468,12.53,1.044,7.166,1.167
histogram,adaptive,edges,128,1,0,0.0236,168.25,8.25,3.642,13.674,1.048,7.203,1.101
histogram,adaptive,edges,129,1,0,0.0236,173.09,13.09,3.354,13.472,0.983,7.123,1.306
histogram,adaptive,edges,130,1,0,0.0236,173.09,13.09,3.337,13.311,1.025,7.104,1.166
histogram,adaptive,edges,131,1,0,0.0222,168.81,8.81,3.467,13.34,0.979,7.167,1.064
histogram,adaptive,edges,132,1,0,0.0222,168.81,8.81,3.488,13.349,0.981,7.136,1.059
histogram,adaptive,edges,133,1,0,0.0361,150.16,-9.84,3.36,13.503,1.029,7.133,1.301
histogram,adaptive,edges,134,1,0,0.0361,150.16,-9.84,3.426,13.445,0.98,7.149,1.214
histogram,adaptive,edges,135,1,0,0.0361,150.16,-9.84,3.262,13.344,0.981,7.138,1.225
histogram,adaptive,edges,136,1,0,0.025,154.65,-5.35,3.669,13.646,1.046,7.168,1.068
histogram,adaptive,edges,137,1,0,0.0069,155.11,-4.89,3.524,13.413,0.985,7.163,1.066
histogram,adaptive,edges,138,1,0,0.0069,155.11,-4.89,3.58,13.522,1.027,7.113,1.124
histogram,adaptive,edges,139,1,0,0.0069,155.11,-4.89,3.533,13.641,0.983,7.183,1.232
histogram,adaptive,edges,140,0,0,0.0,0.0,,2.37,12.478,0.992,7.147,1.294
histogram,adaptive,edges,141,1,0,0.0167,216.16,56.16,3.793,13.806,0.995,7.174,1.166
histogram,adaptive,edges,142,1,1,0.0217,142.22,-17.78,3.178,13.164,0.988,7.203,1.117
histogram,adaptive,edges,143,1,1,0.0217,142.22,-17.78,3.211,13.088,0.985,7.14,1.086
histogram,adaptive,edges,144,1,1,0.0217,131.78,-28.22,3.112,13.166,1.027,7.123,1.216
histogram,adaptive,edges,145,1,1,0.0042,119.96,-40.04,2.816,12.816,0.992,7.16,1.106
histogram,adaptive,edges,146,0,0,0.0,0.0,,0.691,10.639,0.99,7.149,1.145
histogram,adaptive,edges,147,0,0,0.0,0.0,,0.685,10.697,1.039,7.21,1.093
histogram,adaptive,edges,148,0,0,0.0,0.0,,0.699,10.658,0.975,7.139,1.113
histogram,adaptive,edges,149,0,0,0.0,0.0,,0.698,10.638,0.971,7.154,1.117
histogram,adaptive,edges,150,1,1,0.0083,125.5,-34.5,3.176,13.295,0.971,7.195,1.237
histogram,adaptive,edges,151,1,1,0.0083,125.5,-34.5,3.164,13.043,0.98,7.151,1.076
histogram,adaptive,edges,152,1,1,0.0083,124.5,-35.5,3.101,13.227,0.983,7.174,1.231
histogram,adaptive,edges,153,1,1,0.0083,71.5,-88.5,3.149,13.107,1.031,7.123,1.136
histogram,adaptive,edges,154,1,1,0.0083,71.5,-88.5,3.14,13.157,0.987,7.136,1.218
histogram,adaptive,edges,155,1,1,0.0083,71.5,-88.5,3.158,13.187,0.981,7.161,1.214
histogram,adaptive,edges,156,1,1,0.0092,47.67,-112.33,2.838,12.792,1.032,7.098,1.139
histogram,adaptive,edges,157,1,1,0.0083,292.36,132.36,4.199,14.153,0.989,7.172,1.055
histogram,adaptive,edges,158,1,1,0.0083,292.36,132.36,4.24,14.105,0.985,7.152,1.052
histogram,adaptive,edges,159,1,1,0.0092,291.09,131.09,4.21,14.135,0.987,7.191,1.048
histogram,adaptive,edges,160,1,1,0.0042,40.96,-119.04,2.736,12.649,0.991,7.131,1.114
histogram,adaptive,edges,161,1,1,0.01,80.6,-79.4,3.811,13.883,1.031,7.118,1.249
histogram,adaptive,edges,162,1,1,0.01,80.6,-79.4,3.791,13.63,0.976,7.139,1.061
histogram,adaptive,edges,163,1,1,0.015,87.47,-72.53,3.081,13.056,1.036,7.113,1.144
histogram,adaptive,edges,164,1,1,0.015,87.47,-72.53,3.172,13.262,0.991,7.168,1.193
histogram,adaptive,edges,165,1,1,0.0083,90.5,-69.5,3.139,13.036,0.986,7.132,1.099
histogram,adaptive,edges,166,1,1,0.0083,124.5,-35.5,3.107,13.21,0.986,7.148,1.289
histogram,adaptive,edges,167,1,1,0.0083,124.5,-35.5,3.174,13.295,1.053,7.189,1.203
histogram,adaptive,edges,168,1,1,0.0083,124.5,-35.5,3.169,13.184,0.988,7.132,1.22
histogram,adaptive,edges,169,1,1,0.0142,146.5,-13.5,3.166,13.151,0.976,7.165,1.073
histogram,adaptive,edges,170,1,1,0.0142,146.5,-13.5,3.21,13.145,1.029,7.116,1.116
histogram,adaptive,edges,171,1,1,0.0142,146.5,-13.5,3.198,13.255,0.989,7.157,1.238
histogram,adaptive,edges,172,1,1,0.0092,174.24,14.24,2.907,12.896,0.982,7.135,1.191
histogram,adaptive,edges,173,1,1,0.0083,112.5,-47.5,3.136,13.144,1.033,7.089,1.211
histogram,adaptive,edges,174,1,1,0.0083,85.5,-74.5,3.162,13.277,0.989,7.187,1.206
histogram,adaptive,edges,175,1,1,0.0083,85.5,-74.5,3.148,13.086,0.994,7.158,1.102
histogram,adaptive,edges,176,0,0,0.0,0.0,,2.625,12.54,0.979,7.134,1.129
histogram,adaptive,edges,177,1,0,0.0097,197.72,37.72,4.062,14.133,1.04,7.126,1.242
histogram,adaptive,edges,178,1,0,0.0097,197.72,37.72,4.057,13.917,0.991,7.125,1.063
histogram,adaptive,edges,179,1,0,0.0097,197.72,37.72,4.061,14.009,1.026,7.09,1.12
histogram,adaptive,edges,180,1,1,0.0067,147.6,-12.4,3.18,13.043,0.99,7.112,1.078
histogram,adaptive,edges,181,1,1,0.0108,171.19,11.19,3.106,13.249,0.983,7.19,1.296
histogram,adaptive,edges,182,1,1,0.01,94.5,-65.5,2.863,12.867,0.989,7.181,1.081
histogram,adaptive,edges,183,1,1,0.01,94.5,-65.5,2.921,12.913,0.981,7.139,1.199
histogram,adaptive,edges,184,1,1,0.0092,104.42,-55.58,2.906,12.773,0.986,7.113,1.092
histogram,adaptive,edges,185,1,0,0.0111,117.52,-42.48,3.565,13.674,0.986,7.137,1.306
histogram,adaptive,edges,186,1,0,0.0153,133.11,-26.89,3.809,13.684,0.985,7.168,1.049
histogram,adaptive,edges,187,1,0,0.0153,133.11,-26.89,3.819,13.807,0.985,7.117,1.209
histogram,adaptive,edges,188,1,0,0.0153,124.27,-35.73,3.497,13.615,0.987,7.187,1.201
histogram,adaptive,edges,189,1,0,0.0069,132.51,-27.49,3.738,13.624,0.979,7.137,1.055
histogram,adaptive,edges,190,1,0,0.0069,132.51,-27.49,3.779,13.823,1.033,7.124,1.21
histogram,adaptive,edges,191,1,0,0.0069,132.51,-27.49,3.719,13.655,0.993,7.12,1.153
histogram,adaptive,edges,192,1,0,0.0069,120.03,-39.97,4.455,14.401,1.033,7.112,1.117
histogram,adaptive,edges,193,1,0,0.0181,113.82,-46.18,3.448,13.467,1.019,7.212,1.074
histogram,adaptive,edges,194,1,0,0.0181,104.94,-55.06,3.58,13.893,1.038,7.116,1.484
histogram,adaptive,edges,195,1,0,0.0181,104.94,-55.06,3.541,13.409,0.984,7.14,1.052
histogram,adaptive,edges,196,1,0,0.0083,105.78,-54.22,3.084,13.082,0.989,7.119,1.132
histogram,adaptive,edges,197,1,1,0.0108,174.06,14.06,2.845,12.844,1.026,7.094,1.197
histogram,adaptive,edges,198,1,1,0.0108,174.06,14.06,2.841,12.796,0.98,7.152,1.132
histogram,adaptive,edges,199,1,1,0.0108,175.92,15.92,2.871,12.803,0.983,7.132,1.107
histogram,adaptive,edges,200,1,1,0.0108,175.92,15.92,2.923,12.79,0.985,7.15,1.049
histogram,adaptive,edges,201,1,1,0.0125,114.85,-45.15,3.1,13.036,1.032,7.118,1.121
histogram,adaptive,edges,202,1,1,0.0125,119.88,-40.12,3.122,13.198,0.991,7.146,1.192
histogram,adaptive,edges,203,1,1,0.0125,119.88,-40.12,3.075,12.94,0.99,7.141,1.063
histogram,adaptive,edges,204,1,1,0.0183,94.97,-65.03,2.918,12.908,0.99,7.133,1.129
histogram,adaptive,edges,205,1,1,0.0142,100.45,-59.55,2.909,12.841,1.031,7.114,1.114
histogram,adaptive,edges,206,1,1,0.0142,100.45,-59.55,2.937,12.895,0.979,7.17,1.049
histogram,adaptive,edges,207,1,1,0.0142,103.34,-56.66,2.824,12.69,0.981,7.137,1.063
histogram,adaptive,edges,208,1,1,0.0142,101.54,-58.46,3.083,12.998,0.986,7.118,1.131
histogram,adaptive,edges,209,1,1,0.015,111.67,-48.33,3.076,13.11,1.025,7.11,1.199
histogram,adaptive,edges,210,1,1,0.015,111.67,-48.33,3.2,13.165,0.983,7.173,1.056
histogram,adaptive,edges,211,1,1,0.0175,114.58,-45.42,3.151,13.019,0.99,7.142,1.054
histogram,adaptive,edges,212,1,1,0.0175,114.58,-45.42,3.214,13.043,0.988,7.121,1.043
histogram,adaptive,edges,213,1,1,0.0142,131.6,-28.4,3.171,13.148,1.027,7.13,1.146
histogram,adaptive,edges,214,1,1,0.0142,131.6,-28.4,3.178,13.04,0.978,7.15,1.056
histogram,adaptive,edges,215,1,0,0.0097,151.77,-8.23,4.397,14.383,0.983,7.141,1.177
histogram,adaptive,edges,216,1,0,0.0167,142.85,-17.15,4.043,14.062,0.98,7.173,1.19
histogram,adaptive,edges,217,1,0,0.0125,152.5,-7.5,3.942,13.912,0.988,7.121,1.121
histogram,adaptive,edges,218,1,1,0.0158,132.53,-27.47,2.831,12.733,0.979,7.171,1.079
histogram,adaptive,edges,219,1,1,0.0158,132.53,-27.47,2.886,12.837,0.988,7.146,1.088
histogram,adaptive,edges,220,1,1,0.0158,167.39,7.39,3.2,13.12,0.986,7.169,1.088
histogram,adaptive,edges,221,1,1,0.0158,182.39,22.39,3.147,13.117,1.029,7.099,1.162
histogram,adaptive,edges,222,1,1,0.0158,182.39,22.39,3.096,12.962,0.981,7.162,1.046
histogram,adaptive,edges,223,1,1,0.015,190.29,30.29,2.943,12.833,0.984,7.154,1.066
histogram,adaptive,edges,224,1,1,0.015,190.29,30.29,3.102,13.348,0.99,7.136,1.112
histogram,adaptive,edges,225,1,0,0.0139,147.03,-12.97,3.915,13.917,1.045,7.184,1.093
histogram,adaptive,edges,226,1,0,0.0139,147.03,-12.97,3.905,13.868,0.986,7.131,1.175
histogram,adaptive,edges,227,1,0,0.0139,148.14,-11.86,3.898,13.974,1.043,7.147,1.207
histogram,adaptive,edges,228,1,0,0.0139,148.14,-11.86,3.938,13.823,0.983,7.11,1.109
histogram,adaptive,edges,229,1,0,0.0069,149.64,-10.36,3.782,13.803,1.032,7.131,1.15
histogram,adaptive,edges,230,1,0,0.0069,150.12,-9.88,3.768,13.73,0.988,7.135,1.163
histogram,adaptive,edges,231,1,0,0.0069,150.12,-9.88,3.768,13.803,1.037,7.106,1.21
histogram,adaptive,edges,232,1,0,0.0139,150.44,-9.56,3.784,13.781,0.989,7.127,1.205
histogram,adaptive,edges,233,1,0,0.0139,151.12,-8.88,3.79,13.889,1.038,7.103,1.286
histogram,adaptive,edges,234,1,0,0.0139,150.37,-9.63,3.802,13.741,0.989,7.169,1.102
histogram,adaptive,edges,235,1,0,0.0139,150.37,-9.63,3.778,13.736,0.987,7.119,1.172
histogram,adaptive,edges,236,1,0,0.0139,151.55,-8.45,3.878,14.009,0.981,7.339,1.132
histogram,adaptive,edges,237,1,0,0.0139,150.18,-9.82,3.692,13.663,0.978,7.13,1.115
histogram,adaptive,edges,238,1,0,0.0139,150.18,-9.82,3.777,13.879,0.989,7.157,1.222
histogram,adaptive,edges,239,1,0,0.0139,156.73,-3.27,3.942,13.909,0.99,7.133,1.127
histogram,adaptive,edges,240,1,0,0.0139,156.73,-3.27,3.948,14.079,0.992,7.155,1.23
histogram,adaptive,edges,241,1,0,0.0139,150.5,-9.5,3.7,13.824,0.989,7.162,1.231
histogram,adaptive,edges,242,1,0,0.0139,150.4,-9.6,3.795,13.817,0.992,7.164,1.118
histogram,adaptive,edges,243,1,0,0.0139,150.4,-9.6,3.8,13.805,0.988,7.132,1.206
histogram,adaptive,edges,244,1,0,0.0139,150.47,-9.53,3.792,13.802,0.985,7.176,1.112
histogram,adaptive,edges,245,1,0,0.0139,151.32,-8.68,3.832,13.761,0.982,7.134,1.137
histogram,adaptive,edges,246,1,0,0.0139,151.32,-8.68,3.851,13.961,1.031,7.102,1.298
histogram,adaptive,edges,247,1,0,0.0139,150.55,-9.45,3.78,13.829,0.978,7.177,1.211
histogram,adaptive,edges,248,1,0,0.0139,150.55,-9.45,3.812,13.912,1.032,7.108,1.289
histogram,adaptive,edges,249,1,0,0.0139,150.44,-9.56,3.769,13.718,0.985,7.122,1.129
histogram,adaptive,edges,250,1,0,0.0139,150.44,-9.56,3.824,13.833,1.029,7.095,1.196
histogram,adaptive,edges,251,1,0,0.0139,150.48,-9.52,3.773,13.801,0.993,7.153,1.208
histogram,adaptive,edges,252,1,0,0.0139,150.48,-9.52,3.821,13.836,1.034,7.108,1.193
histogram,adaptive,edges,253,1,0,0.0139,150.49,-9.51,3.797,13.82,0.976,7.158,1.214
histogram,adaptive,edges,254,1,0,0.0139,150.49,-9.51,3.79,13.874,0.988,7.135,1.285
histogram,adaptive,edges,255,1,0,0.0139,150.49,-9.51,3.775,13.737,0.98,7.166,1.136
histogram,adaptive,edges,256,1,0,0.0139,150.57,-9.43,3.701,13.703,0.993,7.141,1.121
histogram,adaptive,edges,257,1,0,0.0139,150.45,-9.55,3.789,13.997,0.985,7.178,1.22
histogram,adaptive,edges,258,1,0,0.0139,150.45,-9.55,3.715,13.797,0.988,7.133,1.217
histogram,adaptive,edges,259,1,0,0.0139,150.48,-9.52,3.769,13.915,0.989,7.162,1.224
histogram,adaptive,edges,260,1,0,0.0139,150.51,-9.49,3.807,13.737,0.98,7.15,1.127
histogram,adaptive,edges,261,1,0,0.0139,150.59,-9.41,3.751,13.862,0.987,7.155,1.229
histogram,adaptive,edges,262,1,0,0.0139,150.59,-9.41,3.78,13.706,0.987,7.122,1.127
histogram,adaptive,edges,263,1,0,0.0139,150.57,-9.43,3.773,13.77,1.035,7.111,1.177
histogram,adaptive,edges,264,1,0,0.0139,150.57,-9.43,3.756,13.794,0.984,7.144,1.238
histogram,adaptive,edges,265,1,0,0.0139,150.5,-9.5,3.781,13.778,1.034,7.095,1.185
histogram,adaptive,edges,266,1,0,0.0139,150.5,-9.5,3.872,14.242,0.997,7.413,1.243
histogram,adaptive,edges,267,1,0,0.0139,150.65,-9.35,3.864,14.162,1.16,7.101,1.364
histogram,adaptive,edges,268,1,0,0.0139,150.65,-9.35,3.847,13.849,0.983,7.125,1.223
histogram,adaptive,edges,269,1,0,0.0139,150.51,-9.49,3.784,13.93,1.042,7.095,1.306
histogram,adaptive,edges,270,1,0,0.0139,150.51,-9.49,3.779,13.74,0.992,7.154,1.128
histogram,adaptive,edges,271,1,0,0.0139,151.11,-8.89,3.81,13.945,1.041,7.117,1.292
histogram,adaptive,edges,272,1,0,0.0139,151.11,-8.89,3.804,13.715,0.978,7.14,1.118
histogram,adaptive,edges,273,1,0,0.0139,150.59,-9.41,3.774,13.79,1.038,7.102,1.197
histogram,adaptive,edges,274,1,0,0.0139,150.53,-9.47,3.756,13.689,0.978,7.147,1.121
histogram,adaptive,edges,275,1,0,0.0139,150.53,-9.47,3.765,13.871,0.988,7.14,1.299
histogram,adaptive,edges,276,1,0,0.0139,150.58,-9.42,3.759,13.702,0.986,7.145,1.128
histogram,adaptive,edges,277,1,0,0.0139,151.14,-8.86,3.733,13.715,0.979,7.153,1.118
histogram,adaptive,edges,278,1,0,0.0139,150.51,-9.49,3.775,13.921,0.991,7.187,1.227
histogram,adaptive,edges,279,1,0,0.0139,150.51,-9.49,3.779,13.834,0.985,7.135,1.231
histogram,adaptive,edges,280,1,0,0.0139,151.19,-8.81,3.798,13.901,0.979,7.16,1.228
histogram,adaptive,edges,281,1,0,0.0139,150.51,-9.49,3.833,13.742,0.982,7.122,1.127
histogram,adaptive,edges,282,1,0,0.0139,150.52,-9.48,3.771,13.877,1.046,7.15,1.225
histogram,adaptive,edges,283,1,0,0.0139,150.52,-9.48,3.795,13.72,0.989,7.143,1.114
histogram,adaptive,edges,284,1,0,0.0139,150.59,-9.41,3.773,13.816,1.025,7.124,1.202
histogram,adaptive,edges,285,1,0,0.0139,150.48,-9.52,3.779,13.817,0.994,7.142,1.23
histogram,adaptive,edges,286,1,0,0.0139,150.52,-9.48,3.8,13.826,1.034,7.117,1.197
histogram,adaptive,edges,287,1,0,0.0139,150.52,-9.48,3.781,13.708,0.988,7.137,1.121
histogram,adaptive,edges,288,1,0,0.0139,150.41,-9.59,3.801,13.827,1.034,7.121,1.192
histogram,adaptive,edges,289,1,0,0.0139,150.52,-9.48,3.78,13.765,0.989,7.155,1.132
histogram,adaptive,edges,290,1,0,0.0139,150.52,-9.48,3.783,13.888,0.99,7.15,1.286
histogram,adaptive,edges,291,1,0,0.0139,150.52,-9.48,3.79,13.858,0.989,7.177,1.222
histogram,adaptive,edges,292,1,0,0.0139,150.51,-9.49,3.719,13.777,0.989,7.122,1.213
histogram,adaptive,edges,293,1,0,0.0139,150.52,-9.48,3.833,13.895,0.983,7.181,1.215
histogram,adaptive,edges,294,1,0,0.0139,150.52,-9.48,3.714,13.798,0.98,7.14,1.226
histogram,adaptive,edges,295,1,0,0.0139,150.61,-9.39,3.792,13.907,0.988,7.155,1.219
histogram,adaptive,edges,296,1,0,0.0139,150.51,-9.49,3.786,13.817,0.982,7.147,1.22
histogram,adaptive,edges,297,1,0,0.0139,150.59,-9.41,3.748,13.899,0.989,7.193,1.226
histogram,adaptive,edges,298,1,0,0.0139,150.59,-9.41,3.807,13.836,0.983,7.14,1.235
histogram,adaptive,edges,299,1,0,0.0139,150.52,-9.48,3.779,13.828,0.986,7.149,1.118
histogram,adaptive,edges,300,1,0,0.0139,150.52,-9.48,3.827,13.73,0.984,7.129,1.117
histogram,adaptive,edges,301,1,0,0.0139,150.51,-9.49,3.793,13.795,1.031,7.114,1.182
histogram,adaptive,edges,302,1,0,0.0139,150.52,-9.48,3.799,13.758,0.987,7.155,1.13
histogram,adaptive,edges,303,1,0,0.0139,150.52,-9.48,3.794,13.915,1.033,7.102,1.306
histogram,adaptive,edges,304,1,0,0.0139,150.5,-9.5,3.79,13.72,0.981,7.144,1.118
histogram,adaptive,edges,305,1,0,0.0139,150.53,-9.47,3.769,13.88,1.029,7.111,1.298
histogram,adaptive,edges,306,1,0,0.0139,150.5,-9.5,3.793,13.821,0.977,7.158,1.225
histogram,adaptive,edges,307,1,0,0.0139,150.5,-9.5,3.787,13.779,0.984,7.144,1.189
histogram,adaptive,edges,308,1,0,0.0139,150.86,-9.14,3.793,13.818,0.99,7.139,1.211
histogram,adaptive,edges,309,1,1,0.0217,155.75,-4.25,2.746,12.741,0.989,7.14,1.092
histogram,adaptive,edges,310,1,0,0.0097,184.99,24.99,4.067,14.327,1.122,7.228,1.201
histogram,adaptive,edges,311,1,0,0.0097,184.99,24.99,4.069,14.043,0.989,7.152,1.167
histogram,adaptive,edges,312,1,0,0.0069,150.89,-9.11,3.798,13.802,1.042,7.155,1.109
histogram,adaptive,edges,313,1,0,0.0069,151.18,-8.82,3.786,13.706,0.986,7.165,1.096
histogram,adaptive,edges,314,1,0,0.0069,151.18,-8.82,3.784,13.771,1.026,7.105,1.173
histogram,adaptive,edges,315,1,0,0.0069,151.05,-8.95,3.763,13.741,0.989,7.142,1.172
histogram,adaptive,edges,316,1,0,0.0139,150.69,-9.31,3.797,13.824,1.029,7.11,1.209
histogram,adaptive,edges,317,1,0,0.0139,151.54,-8.46,3.804,13.726,0.988,7.138,1.106
histogram,adaptive,edges,318,1,0,0.0139,151.54,-8.46,3.807,13.802,0.989,7.161,1.17
histogram,adaptive,edges,319,1,0,0.0139,222.38,62.38,4.061,14.119,0.983,7.19,1.18
histogram,adaptive,edges,320,1,0,0.0139,150.64,-9.36,3.754,13.752,0.982,7.141,1.19
histogram,adaptive,edges,321,1,0,0.0139,150.56,-9.44,3.745,13.719,0.989,7.217,1.091
histogram,adaptive,edges,322,1,0,0.0139,150.56,-9.44,3.696,13.761,0.986,7.13,1.216
histogram,adaptive,edges,323,1,0,0.0139,150.65,-9.35,3.776,13.924,0.993,7.179,1.231
histogram,adaptive,edges,324,1,0,0.0139,150.65,-9.35,3.775,13.795,0.989,7.139,1.219
histogram,adaptive,edges,325,1,0,0.0139,150.88,-9.12,3.782,13.79,0.987,7.159,1.122
histogram,adaptive,edges,326,1,0,0.0139,150.88,-9.12,3.794,13.823,0.99,7.139,1.221
histogram,adaptive,edges,327,1,0,0.0139,150.62,-9.38,3.781,13.903,1.038,7.175,1.232
histogram,adaptive,edges,328,1,0,0.0139,150.62,-9.38,3.796,13.791,0.987,7.194,1.134
histogram,adaptive,edges,329,1,0,0.0139,150.66,-9.34,3.802,13.875,1.023,7.125,1.193
histogram,adaptive,edges,330,1,0,0.0139,150.66,-9.34,3.841,13.877,0.991,7.126,1.241
histogram,adaptive,edges,331,1,0,0.0139,150.67,-9.33,3.778,13.798,1.035,7.135,1.172
histogram,adaptive,edges,332,1,0,0.0139,150.67,-9.33,3.759,13.671,0.986,7.132,1.117
histogram,adaptive,edges,333,1,0,0.0139,150.95,-9.05,3.779,13.797,1.034,7.098,1.198
histogram,adaptive,edges,334,1,0,0.0139,150.95,-9.05,3.793,13.721,0.992,7.146,1.118
histogram,adaptive,edges,335,1,0,0.0139,150.62,-9.38,3.76,13.868,0.983,7.147,1.304
histogram,adaptive,edges,336,1,0,0.0139,150.7,-9.3,3.776,13.726,0.985,7.159,1.124
histogram,adaptive,edges,337,1,0,0.0139,150.95,-9.05,3.704,13.83,0.994,7.17,1.216
histogram,adaptive,edges,338,1,0,0.0139,150.95,-9.05,4.082,14.499,0.99,7.457,1.169
histogram,adaptive,edges,339,1,0,0.0139,150.94,-9.06,3.836,13.885,0.985,7.163,1.193
histogram,adaptive,edges,340,1,0,0.0139,150.92,-9.08,3.861,13.928,0.988,7.194,1.205
histogram,adaptive,edges,341,1,0,0.0139,150.89,-9.11,3.763,13.9,0.99,7.151,1.313
histogram,adaptive,edges,342,1,0,0.0139,150.89,-9.11,3.993,14.043,0.983,7.168,1.217
histogram,adaptive,edges,343,1,0,0.0139,150.96,-9.04,3.783,13.819,0.991,7.171,1.19
histogram,adaptive,edges,344,1,0,0.0139,150.68,-9.32,3.772,13.851,0.979,7.204,1.225
histogram,adaptive,edges,345,1,0,0.0139,150.69,-9.31,3.695,13.692,0.984,7.144,1.117
histogram,adaptive,edges,346,1,0,0.0139,150.69,-9.31,3.767,13.832,0.978,7.177,1.233
histogram,adaptive,edges,347,1,0,0.0139,150.7,-9.3,3.694,13.798,0.98,7.165,1.223
histogram,adaptive,edges,348,1,0,0.0139,150.7,-9.3,3.775,13.921,0.992,7.18,1.235
histogram,adaptive,edges,349,1,0,0.0139,156.76,-3.24,3.939,14.048,0.991,7.189,1.233
histogram,adaptive,edges,350,1,0,0.0139,150.94,-9.06,3.785,13.802,0.98,7.186,1.118
histogram,adaptive,edges,351,1,0,0.0139,150.94,-9.06,3.793,13.718,0.982,7.146,1.118
histogram,adaptive,edges,352,1,0,0.0139,150.92,-9.08,3.822,13.939,0.981,7.173,1.228
histogram,adaptive,edges,353,1,0,0.0139,150.95,-9.05,3.799,13.82,0.981,7.116,1.242
histogram,adaptive,edges,354,1,0,0.0139,150.83,-9.17,3.795,13.825,1.058,7.169,1.131
histogram,adaptive,edges,355,1,0,0.0139,150.83,-9.17,3.785,13.694,0.984,7.128,1.12
histogram,adaptive,edges,356,1,0,0.0139,150.94,-9.06,3.813,13.867,1.048,7.127,1.2
histogram,adaptive,edges,357,1,0,0.0139,150.94,-9.06,3.776,13.794,0.986,7.127,1.224
histogram,adaptive,edges,358,1,0,0.0139,150.93,-9.07,3.806,13.838,1.027,7.143,1.198
histogram,adaptive,edges,359,1,0,0.0139,150.93,-9.07,3.779,13.743,0.98,7.151,1.121
histogram,adaptive,edges,360,1,0,0.0139,150.95,-9.05,3.792,13.899,0.982,7.15,1.294
histogram,fixed,binary,0,1,0,0.075,159.45,-0.55,4.138,6.92,0.983,0.089,1.03
histogram,fixed,binary,1,1,0,0.075,159.47,-0.53,5.757,9.477,1.096,0.279,1.464
histogram,fixed,binary,2,1,0,0.075,159.45,-0.55,5.531,9.351,1.122,0.27,1.602
histogram,fixed,binary,3,1,0,0.075,159.45,-0.55,7.16,11.526,1.164,0.445,1.778
histogram,fixed,binary,4,1,0,0.0736,159.46,-0.54,4.398,8.746,1.746,0.435,1.116
histogram,fixed,binary,5,1,0,0.0736,159.49,-0.51,5.42,8.783,1.121,0.177,1.299
histogram,fixed,binary,6,1,0,0.0736,159.49,-0.51,4.327,7.866,1.15,0.24,1.324
histogram,fixed,binary,7,1,0,0.075,159.74,-0.26,3.819,6.903,0.985,0.099,1.204
histogram,fixed,binary,8,1,0,0.075,159.4,-0.6,3.847,6.862,1.221,0.112,0.978
histogram,fixed,binary,9,1,0,0.0736,159.59,-0.41,3.83,7.13,0.996,0.098,1.516
histogram,fixed,binary,10,1,0,0.0736,159.59,-0.41,3.886,6.668,1.002,0.097,0.981
histogram,fixed,binary,11,1,0,0.0736,159.45,-0.55,3.831,6.902,1.006,0.107,1.195
histogram,fixed,binary,12,1,0,0.075,159.51,-0.49,3.816,6.869,1.059,0.107,1.188
histogram,fixed,binary,13,1,0,0.0736,159.65,-0.35,3.793,6.964,1.002,0.096,1.364
histogram,fixed,binary,14,1,0,0.0736,159.65,-0.35,3.804,6.77,0.994,0.101,1.172
histogram,fixed,binary,15,1,0,0.0736,159.54,-0.46,3.801,6.855,1.067,0.1,1.192
histogram,fixed,binary,16,1,0,0.0736,159.54,-0.46,3.839,6.704,0.996,0.155,1.02
histogram,fixed,binary,17,1,0,0.075,159.66,-0.34,3.732,6.628,0.999,0.098,0.99
histogram,fixed,binary,18,1,0,0.0736,159.47,-0.53,3.821,6.864,0.997,0.104,1.189
histogram,fixed,binary,19,1,0,0.075,159.38,-0.62,3.878,6.723,1.051,0.108,0.982
histogram,fixed,binary,20,1,0,0.075,159.38,-0.62,3.832,6.689,1.006,0.099,1.053
histogram,fixed,binary,21,1,0,0.0736,159.46,-0.54,3.81,6.552,0.989,0.099,0.96
histogram,fixed,binary,22,1,0,0.0736,159.86,-0.14,3.821,6.893,1.053,0.107,1.211
histogram,fixed,binary,23,1,0,0.0736,159.86,-0.14,3.803,6.886,1.003,0.098,1.292
histogram,fixed,binary,24,1,0,0.075,159.62,-0.38,3.822,6.6,0.988,0.1,1.001
histogram,fixed,binary,25,1,0,0.0736,158.99,-1.01,3.828,6.66,1.05,0.1,0.977
histogram,fixed,binary,26,1,0,0.0736,158.99,-1.01,3.969,6.874,0.987,0.1,1.136
histogram,fixed,binary,27,1,0,0.0736,158.99,-1.01,3.772,6.693,1.005,0.121,0.977
histogram,fixed,binary,28,1,0,0.075,159.71,-0.29,3.771,6.58,0.997,0.091,0.963
histogram,fixed,binary,29,1,0,0.0736,159.79,-0.21,3.783,6.544,1.037,0.097,0.943
histogram,fixed,binary,30,1,0,0.0736,159.61,-0.39,3.663,6.677,0.996,0.093,1.152
histogram,fixed,binary,31,1,0,0.0736,159.61,-0.39,3.727,6.499,0.993,0.091,0.955
histogram,fixed,binary,32,1,0,0.0736,159.44,-0.56,3.783,6.555,0.987,0.138,0.965
histogram,fixed,binary,33,1,0,0.0736,159.47,-0.53,3.728,6.444,0.993,0.09,0.95
histogram,fixed,binary,34,1,0,0.0736,159.47,-0.53,4.205,7.363,0.984,0.119,1.316
histogram,fixed,binary,35,1,0,0.075,159.48,-0.52,4.148,7.049,1.107,0.116,0.962
histogram,fixed,binary,36,1,0,0.075,159.48,-0.52,4.025,7.369,1.094,0.145,1.359
histogram,fixed,binary,37,1,0,0.0736,159.79,-0.21,4.127,7.361,1.02,0.13,1.36
histogram,fixed,binary,38,1,0,0.0736,159.79,-0.21,4.278,7.218,1.052,0.117,1.067
histogram,fixed,binary,39,1,0,0.0736,159.74,-0.26,4.268,7.153,1.023,0.145,1.023
histogram,fixed,binary,40,1,0,0.0736,159.74,-0.26,4.104,7.343,1.084,0.124,1.335
histogram,fixed,binary,41,1,0,0.0736,159.49,-0.51,4.197,7.298,1.1,0.138,1.164
histogram,fixed,binary,42,1,0,0.075,159.78,-0.22,4.391,7.71,1.261,0.141,1.191
histogram,fixed,binary,43,1,0,0.0736,159.6,-0.4,4.091,6.904,0.992,0.094,1.039
histogram,fixed,binary,44,1,0,0.0736,159.6,-0.4,4.022,6.852,0.988,0.09,1.035
histogram,fixed,binary,45,1,0,0.0736,159.78,-0.22,3.86,6.907,1.018,0.101,1.183
histogram,fixed,binary,46,1,0,0.0736,159.78,-0.22,3.717,6.481,1.034,0.1,0.945
histogram,fixed,binary,47,1,0,0.0736,159.54,-0.46,3.696,6.693,0.984,0.095,1.214
histogram,fixed,binary,48,1,0,0.0736,159.54,-0.46,3.704,6.808,0.982,0.092,1.248
histogram,fixed,binary,49,1,0,0.075,159.45,-0.55,3.698,6.655,1.044,0.096,1.148
histogram,fixed,binary,50,1,0,0.075,159.45,-0.55,3.675,7.445,0.991,0.089,2.019
histogram,fixed,binary,51,1,0,0.0736,159.3,-0.7,5.024,7.715,0.986,0.089,0.94
histogram,fixed,binary,52,1,0,0.075,158.98,-1.02,3.855,6.564,0.991,0.091,0.947
histogram,fixed,binary,53,1,0,0.075,158.98,-1.02,3.73,6.492,0.989,0.09,0.951
histogram,fixed,binary,54,1,0,0.075,159.5,-0.5,3.733,6.568,0.977,0.091,1.09
histogram,fixed,binary,55,1,0,0.0736,159.75,-0.25,3.729,6.442,0.992,0.089,0.95
histogram,fixed,binary,56,1,0,0.0736,159.75,-0.25,3.706,6.649,1.037,0.094,1.14
histogram,fixed,binary,57,1,0,0.0736,159.52,-0.48,3.715,6.808,0.988,0.088,1.311
histogram,fixed,binary,58,1,0,0.075,159.28,-0.72,3.754,6.655,0.985,0.096,1.146
histogram,fixed,binary,59,1,0,0.075,159.28,-0.72,3.686,6.707,0.996,0.089,1.177
histogram,fixed,binary,60,1,0,0.075,159.44,-0.56,3.744,6.696,0.988,0.089,1.201
histogram,fixed,binary,61,1,0,0.0736,159.78,-0.22,3.639,6.602,0.989,0.087,1.149
histogram,fixed,binary,62,1,0,0.0736,159.78,-0.22,3.74,6.527,0.994,0.091,0.96
histogram,fixed,binary,63,1,0,0.075,159.58,-0.42,3.755,6.598,0.987,0.089,1.092
histogram,fixed,binary,64,1,0,0.075,159.58,-0.42,3.746,6.444,0.981,0.091,0.955
histogram,fixed,binary,65,1,0,0.0736,159.56,-0.44,3.724,6.474,1.05,0.09,0.94
histogram,fixed,binary,66,1,0,0.0736,159.56,-0.44,3.715,6.744,0.998,0.094,1.268
histogram,fixed,binary,67,1,0,0.0736,159.61,-0.39,3.724,6.455,0.987,0.089,0.955
histogram,fixed,binary,68,1,0,0.075,159.57,-0.43,3.752,6.689,1.033,0.093,1.132
histogram,fixed,binary,69,1,0,0.0736,159.53,-0.47,3.771,6.752,0.995,0.089,1.225
histogram,fixed,binary,70,1,0,0.0736,159.27,-0.73,3.801,6.545,0.993,0.089,0.983
histogram,fixed,binary,71,1,0,0.0736,159.27,-0.73,3.799,6.565,1.05,0.089,0.953
histogram,fixed,binary,72,1,0,0.0806,158.8,-1.2,3.763,6.563,0.995,0.092,1.044
histogram,fixed,binary,73,1,0,0.0778,159.24,-0.76,3.733,6.603,0.986,0.088,1.128
histogram,fixed,binary,74,1,0,0.0819,159.11,-0.89,3.768,6.766,1.058,0.094,1.161
histogram,fixed,binary,75,1,0,0.0819,159.11,-0.89,3.881,6.876,0.987,0.088,1.238
histogram,fixed,binary,76,1,0,0.0806,159.02,-0.98,3.784,6.483,0.992,0.095,0.945
histogram,fixed,binary,77,1,0,0.0833,158.87,-1.13,3.728,6.506,0.985,0.09,0.938
histogram,fixed,binary,78,1,0,0.0833,158.87,-1.13,3.744,6.514,0.984,0.089,1.024
histogram,fixed,binary,79,1,0,0.0833,158.87,-1.13,3.73,6.43,0.976,0.086,0.962
histogram,fixed,binary,80,1,0,0.0972,157.75,-2.25,3.602,6.367,1.045,0.095,0.943
histogram,fixed,binary,81,1,0,0.1069,157.06,-2.94,3.487,6.411,0.991,0.086,1.176
histogram,fixed,binary,82,1,0,0.1069,157.06,-2.94,3.497,6.278,0.989,0.091,1.029
histogram,fixed,binary,83,1,0,0.0833,157.33,-2.67,3.703,6.453,1.034,0.096,0.946
histogram,fixed,binary,84,1,0,0.0819,158.43,-1.57,3.638,6.337,0.995,0.093,0.937
histogram,fixed,binary,85,1,0,0.0764,158.72,-1.28,3.646,6.576,1.044,0.092,1.122
histogram,fixed,binary,86,1,0,0.0764,158.72,-1.28,3.612,6.63,0.986,0.091,1.268
histogram,fixed,binary,87,1,0,0.0764,159.21,-0.79,3.67,6.58,0.991,0.089,1.129
histogram,fixed,binary,88,1,0,0.0764,159.21,-0.79,3.652,6.412,1.039,0.095,0.941
histogram,fixed,binary,89,1,0,0.0736,159.12,-0.88,3.709,7.029,0.986,0.094,1.572
histogram,fixed,binary,90,1,0,0.0736,159.12,-0.88,3.704,6.402,0.982,0.091,0.948
histogram,fixed,binary,91,1,0,0.0764,158.84,-1.16,3.615,6.377,1.052,0.091,0.949
histogram,fixed,binary,92,1,0,0.0764,158.84,-1.16,3.604,7.141,0.988,0.094,1.758
histogram,fixed,binary,93,1,0,0.0764,159.07,-0.93,3.684,6.381,0.989,0.09,0.942
histogram,fixed,binary,94,1,0,0.0764,158.29,-1.71,3.587,6.529,0.991,0.09,1.117
histogram,fixed,binary,95,1,0,0.0764,158.29,-1.71,3.616,6.465,0.985,0.089,1.101
histogram,fixed,binary,96,1,0,0.0778,152.4,-7.6,4.045,6.953,0.994,0.091,1.144
histogram,fixed,binary,97,1,0,0.0764,157.74,-2.26,4.015,6.804,0.986,0.088,0.933
histogram,fixed,binary,98,1,0,0.0764,157.74,-2.26,3.925,7.099,1.097,0.252,1.041
histogram,fixed,binary,99,1,0,0.0764,157.74,-2.26,3.806,6.685,0.995,0.1,1.082
histogram,fixed,binary,100,1,0,0.0806,159.05,-0.95,3.85,6.797,0.986,0.101,1.155
histogram,fixed,binary,101,1,0,0.0792,141.83,-18.17,4.632,7.631,1.193,0.131,0.971
histogram,fixed,binary,102,1,0,0.0667,145.89,-14.11,4.103,7.022,1.088,0.134,0.985
histogram,fixed,binary,103,1,0,0.0667,145.89,-14.11,4.044,7.177,1.003,0.103,1.335
histogram,fixed,binary,104,1,0,0.0639,147.89,-12.11,3.883,6.902,0.997,0.102,1.035
histogram,fixed,binary,105,1,0,0.0639,153.45,-6.55,4.085,7.063,1.002,0.102,1.169
histogram,fixed,binary,106,1,0,0.0639,153.45,-6.55,4.316,7.169,1.07,0.113,0.979
histogram,fixed,binary,107,1,0,0.0806,161.24,1.24,3.944,6.868,1.072,0.109,1.015
histogram,fixed,binary,108,1,0,0.0806,161.24,1.24,3.958,7.012,0.995,0.101,1.264
histogram,fixed,binary,109,1,0,0.0667,159.48,-0.52,3.82,6.614,1.0,0.096,0.986
histogram,fixed,binary,110,1,0,0.0667,159.48,-0.52,3.739,6.622,1.074,0.106,1.015
histogram,fixed,binary,111,1,0,0.0667,159.48,-0.52,3.738,6.735,1.0,0.102,1.215
histogram,fixed,binary,112,1,1,0.0467,157.44,-2.56,3.005,5.798,0.993,0.101,0.986
histogram,fixed,binary,113,1,1,0.0533,157.4,-2.6,2.992,5.845,1.042,0.11,0.996
histogram,fixed,binary,114,1,1,0.0533,157.4,-2.6,3.01,5.857,0.987,0.095,1.082
histogram,fixed,binary,115,1,1,0.0575,157.53,-2.47,2.991,6.004,0.999,0.168,1.156
histogram,fixed,binary,116,1,1,0.0575,157.53,-2.47,3.018,5.939,0.991,0.101,1.128
histogram,fixed,binary,117,1,0,0.0069,81.34,-78.66,3.789,6.692,1.058,0.108,1.003
histogram,fixed,binary,118,1,0,0.0472,82.06,-77.94,4.02,6.961,0.993,0.098,1.071
histogram,fixed,binary,119,1,0,0.0472,82.06,-77.94,3.688,6.488,0.988,0.091,1.039
histogram,fixed,binary,120,1,0,0.0569,82.36,-77.64,3.708,6.585,1.044,0.1,1.051
histogram,fixed,binary,121,1,1,0.1017,143.52,-16.48,2.799,5.623,0.982,0.091,1.082
histogram,fixed,binary,122,1,1,0.1017,143.52,-16.48,2.913,5.689,1.037,0.097,0.954
histogram,fixed,binary,123,1,1,0.1042,143.88,-16.12,2.944,5.696,0.979,0.092,0.971
histogram,fixed,binary,124,1,1,0.1042,143.88,-16.12,2.923,5.789,1.033,0.094,1.064
histogram,fixed,binary,125,1,1,0.1208,143.99,-16.01,2.916,5.715,0.988,0.095,1.041
histogram,fixed,binary,126,1,1,0.1483,143.93,-16.07,2.883,5.735,0.988,0.089,1.094
histogram,fixed,binary,127,1,1,0.1483,143.93,-16.07,2.881,5.643,0.988,0.093,0.982
histogram,fixed,binary,128,1,0,0.0806,175.46,15.46,3.744,7.21,0.981,0.091,1.724
histogram,fixed,binary,129,1,0,0.1597,162.91,2.91,3.845,6.568,0.985,0.092,0.983
histogram,fixed,binary,130,1,0,0.1597,162.91,2.91,3.823,6.614,0.982,0.091,0.982
histogram,fixed,binary,131,1,0,0.1569,159.18,-0.82,3.64,6.397,0.983,0.086,0.998
histogram,fixed,binary,132,1,0,0.1569,159.18,-0.82,3.651,6.503,0.989,0.088,1.089
histogram,fixed,binary,133,1,0,0.1486,156.76,-3.24,3.345,6.086,1.041,0.091,0.933
histogram,fixed,binary,134,1,0,0.1486,156.76,-3.24,3.282,6.25,0.985,0.094,1.192
histogram,fixed,binary,135,1,0,0.1486,156.76,-3.24,3.334,6.098,0.989,0.088,0.938
histogram,fixed,binary,136,1,0,0.1292,156.99,-3.01,3.405,6.468,0.989,0.09,1.309
histogram,fixed,binary,137,1,0,0.0194,155.39,-4.61,3.338,6.269,0.997,0.093,1.122
histogram,fixed,binary,138,1,0,0.0194,155.39,-4.61,3.341,6.257,1.036,0.095,1.11
histogram,fixed,binary,139,1,0,0.0194,155.39,-4.61,3.252,6.186,0.991,0.095,1.099
histogram,fixed,binary,140,1,1,0.0775,164.97,4.97,2.98,5.948,1.052,0.092,1.149
histogram,fixed,binary,141,1,1,0.0733,168.65,8.65,2.838,5.829,0.986,0.091,1.24
histogram,fixed,binary,142,1,1,0.0633,168.42,8.42,2.91,5.693,1.039,0.093,0.977
histogram,fixed,binary,143,1,1,0.0633,168.42,8.42,2.83,5.798,1.018,0.091,1.123
histogram,fixed,binary,144,1,1,0.0567,168.49,8.49,2.936,5.894,1.031,0.097,1.159
histogram,fixed,binary,145,1,1,0.0383,166.69,6.69,2.952,5.728,0.984,0.086,1.036
histogram,fixed,binary,146,1,1,0.02,171.53,11.53,2.605,5.387,1.031,0.101,0.99
histogram,fixed,binary,147,1,1,0.02,171.53,11.53,2.573,5.361,0.983,0.088,0.996
histogram,fixed,binary,148,1,1,0.0333,164.7,4.7,2.83,5.63,0.998,0.091,1.027
histogram,fixed,binary,149,1,1,0.045,153.42,-6.58,2.661,5.464,1.031,0.094,1.016
histogram,fixed,binary,150,1,1,0.0542,165.82,5.82,2.95,5.659,0.988,0.092,0.957
histogram,fixed,binary,151,1,1,0.0542,165.82,5.82,2.968,5.718,1.0,0.138,0.939
histogram,fixed,binary,152,1,1,0.0617,166.27,6.27,2.946,5.635,0.981,0.09,0.943
histogram,fixed,binary,153,1,1,0.07,167.19,7.19,2.83,5.792,0.978,0.087,1.232
histogram,fixed,binary,154,1,1,0.07,167.19,7.19,2.902,5.823,0.98,0.089,1.109
histogram,fixed,binary,155,1,1,0.07,167.19,7.19,2.831,5.637,0.991,0.092,1.053
histogram,fixed,binary,156,1,1,0.075,166.55,6.55,2.962,5.728,1.041,0.095,0.953
histogram,fixed,binary,157,1,0,0.0611,231.75,71.75,3.949,6.684,0.988,0.09,0.957
histogram,fixed,binary,158,1,0,0.0611,231.75,71.75,3.917,6.812,0.992,0.09,1.069
histogram,fixed,binary,159,1,0,0.0333,234.18,74.18,3.888,6.794,1.038,0.095,1.087
histogram,fixed,binary,160,1,1,0.0858,176.92,16.92,2.865,5.619,0.979,0.089,1.007
histogram,fixed,binary,161,1,1,0.0858,176.68,16.68,2.945,5.701,1.04,0.093,0.946
histogram,fixed,binary,162,1,1,0.0858,176.68,16.68,2.904,5.609,0.987,0.089,0.944
histogram,fixed,binary,163,1,1,0.0833,176.14,16.14,2.939,5.805,1.036,0.095,1.061
histogram,fixed,binary,164,1,1,0.0833,176.14,16.14,3.019,5.848,0.99,0.088,1.077
histogram,fixed,binary,165,1,1,0.08,176.67,16.67,2.904,5.681,0.984,0.132,0.98
histogram,fixed,binary,166,1,1,0.0742,176.33,16.33,2.968,5.791,0.988,0.089,1.077
histogram,fixed,binary,167,1,1,0.0742,176.33,16.33,2.867,5.87,0.998,0.088,1.191
histogram,fixed,binary,168,1,1,0.0742,176.33,16.33,2.914,5.836,0.984,0.09,1.154
histogram,fixed,binary,169,1,1,0.0625,177.09,17.09,2.847,5.675,0.981,0.099,1.045
histogram,fixed,binary,170,1,1,0.0625,177.09,17.09,2.907,5.83,0.99,0.091,1.087
histogram,fixed,binary,171,1,1,0.0625,177.09,17.09,2.827,5.642,0.99,0.088,1.063
histogram,fixed,binary,172,1,1,0.0758,176.92,16.92,2.923,5.672,1.032,0.095,0.942
histogram,fixed,binary,173,1,1,0.0808,176.71,16.71,2.921,5.613,0.984,0.091,0.945
histogram,fixed,binary,174,1,1,0.0925,175.7,15.7,2.958,5.728,1.029,0.101,0.96
histogram,fixed,binary,175,1,1,0.0925,175.7,15.7,2.939,5.663,0.994,0.089,0.951
histogram,fixed,binary,176,1,0,0.0097,236.72,76.72,3.725,6.673,0.978,0.095,1.198
histogram,fixed,binary,177,1,0,0.0444,235.03,75.03,3.918,6.65,0.991,0.088,0.938
histogram,fixed,binary,178,1,0,0.0444,235.03,75.03,3.828,6.725,0.988,0.088,1.088
histogram,fixed,binary,179,1,0,0.0444,235.03,75.03,3.9,6.654,0.994,0.088,1.0
histogram,fixed,binary,180,1,1,0.1042,186.91,26.91,2.966,5.671,0.979,0.09,0.955
histogram,fixed,binary,181,1,1,0.1017,187.31,27.31,2.947,5.711,1.034,0.091,0.973
histogram,fixed,binary,182,1,1,0.0925,187.76,27.76,2.93,5.657,0.983,0.09,0.974
histogram,fixed,binary,183,1,1,0.0925,187.76,27.76,2.921,5.786,0.989,0.087,1.124
histogram,fixed,binary,184,1,1,0.0842,187.64,27.64,2.906,5.624,0.979,0.092,0.969
histogram,fixed,binary,185,1,0,0.0153,155.36,-4.64,3.41,6.343,0.98,0.087,1.193
histogram,fixed,binary,186,1,0,0.0986,157.6,-2.4,3.544,6.23,0.987,0.093,0.928
histogram,fixed,binary,187,1,0,0.0986,157.6,-2.4,3.573,6.385,1.038,0.097,0.961
histogram,fixed,binary,188,1,0,0.0542,156.26,-3.74,3.446,6.125,0.985,0.092,0.928
histogram,fixed,binary,189,1,0,0.0347,156.01,-3.99,3.375,6.23,1.036,0.092,1.042
histogram,fixed,binary,190,1,0,0.0347,156.01,-3.99,3.312,6.085,0.991,0.092,0.936
histogram,fixed,binary,191,1,0,0.0347,156.01,-3.99,3.382,6.243,0.99,0.09,1.046
histogram,fixed,binary,192,1,0,0.0597,155.88,-4.12,3.44,6.512,0.981,0.092,1.329
histogram,fixed,binary,193,1,0,0.0403,155.69,-4.31,3.41,6.255,0.984,0.091,1.104
histogram,fixed,binary,194,1,0,0.0472,155.74,-4.26,3.416,6.254,1.037,0.095,1.025
histogram,fixed,binary,195,1,0,0.0472,155.74,-4.26,3.431,6.213,0.993,0.089,1.031
histogram,fixed,binary,196,1,0,0.0111,155.25,-4.75,3.393,6.252,1.064,0.098,1.024
histogram,fixed,binary,197,1,1,0.0817,172.42,12.42,2.859,5.72,0.982,0.086,1.088
histogram,fixed,binary,198,1,1,0.0817,172.42,12.42,2.942,5.709,1.045,0.095,0.948
histogram,fixed,binary,199,1,1,0.0792,173.63,13.63,2.912,5.595,0.983,0.089,0.943
histogram,fixed,binary,200,1,1,0.0792,173.63,13.63,2.924,5.714,1.029,0.092,0.993
histogram,fixed,binary,201,1,1,0.0808,173.31,13.31,2.902,5.583,0.985,0.088,0.94
histogram,fixed,binary,202,1,1,0.0833,173.26,13.26,2.897,5.778,0.99,0.09,1.111
histogram,fixed,binary,203,1,1,0.0833,173.26,13.26,3.189,6.025,0.987,0.089,1.076
histogram,fixed,binary,204,1,1,0.0733,172.49,12.49,2.916,5.808,0.981,0.09,1.147
histogram,fixed,binary,205,1,1,0.0792,173.01,13.01,2.913,5.591,0.987,0.091,0.929
histogram,fixed,binary,206,1,1,0.0792,173.01,13.01,2.854,5.611,0.99,0.09,0.999
histogram,fixed,binary,207,1,1,0.0908,173.21,13.21,2.893,5.744,1.035,0.091,1.024
histogram,fixed,binary,208,1,1,0.0892,173.18,13.18,2.904,5.576,0.981,0.09,0.929
histogram,fixed,binary,209,1,1,0.0958,173.24,13.24,2.91,5.64,1.03,0.092,0.932
histogram,fixed,binary,210,1,1,0.0958,173.24,13.24,2.936,5.719,0.98,0.092,1.0
histogram,fixed,binary,211,1,1,0.0942,173.5,13.5,2.902,5.761,0.988,0.089,1.11
histogram,fixed,binary,212,1,1,0.0942,173.5,13.5,2.951,5.64,0.989,0.089,0.934
histogram,fixed,binary,213,1,1,0.1025,136.12,-23.88,3.164,6.275,0.981,0.091,1.372
histogram,fixed,binary,214,1,1,0.1025,136.12,-23.88,3.223,5.957,0.984,0.093,0.976
histogram,fixed,binary,215,1,0,0.0556,146.87,-13.13,4.115,6.973,0.991,0.089,1.107
histogram,fixed,binary,216,1,0,0.0625,155.72,-4.28,4.143,7.016,0.979,0.09,1.059
histogram,fixed,binary,217,1,0,0.0667,159.53,-0.47,3.72,6.461,0.989,0.088,0.955
histogram,fixed,binary,218,1,0,0.0694,157.07,-2.93,3.502,6.276,1.035,0.094,0.956
histogram,fixed,binary,219,1,0,0.0694,157.07,-2.93,3.49,6.203,0.989,0.089,0.964
histogram,fixed,binary,220,1,0,0.0444,156.08,-3.92,3.427,6.209,1.062,0.093,0.944
histogram,fixed,binary,221,1,1,0.2125,169.31,9.31,2.874,5.666,0.982,0.088,1.049
histogram,fixed,binary,222,1,1,0.2125,169.31,9.31,2.93,5.734,1.05,0.093,0.938
histogram,fixed,binary,223,1,0,0.0417,156.47,-3.53,3.505,6.204,0.989,0.09,0.948
histogram,fixed,binary,224,1,0,0.0417,156.47,-3.53,3.454,6.238,1.049,0.091,0.966
histogram,fixed,binary,225,1,0,0.0694,159.51,-0.49,3.788,6.586,0.986,0.088,1.053
histogram,fixed,binary,226,1,0,0.0694,159.51,-0.49,3.787,6.524,0.989,0.09,0.972
histogram,fixed,binary,227,1,0,0.0764,160.85,0.85,3.857,6.78,1.038,0.093,1.08
histogram,fixed,binary,228,1,0,0.0764,160.85,0.85,3.843,6.645,0.978,0.088,1.057
histogram,fixed,binary,229,1,0,0.0764,160.34,0.34,3.665,6.469,0.989,0.089,1.031
histogram,fixed,binary,230,1,0,0.0764,160.42,0.42,3.641,6.435,1.031,0.094,0.98
histogram,fixed,binary,231,1,0,0.0764,160.42,0.42,3.56,6.424,0.988,0.089,1.107
histogram,fixed,binary,232,1,0,0.0778,160.36,0.36,3.643,6.499,0.983,0.089,1.098
histogram,fixed,binary,233,1,0,0.0764,160.54,0.54,3.706,6.516,1.036,0.095,0.994
histogram,fixed,binary,234,1,0,0.0764,160.43,0.43,3.632,6.371,0.991,0.091,0.976
histogram,fixed,binary,235,1,0,0.0764,160.43,0.43,3.702,6.659,1.017,0.099,1.099
histogram,fixed,binary,236,1,0,0.0778,160.49,0.49,3.691,6.657,0.988,0.091,1.208
histogram,fixed,binary,237,1,0,0.0764,160.55,0.55,3.677,6.461,0.988,0.09,1.003
histogram,fixed,binary,238,1,0,0.0764,160.55,0.55,3.656,6.566,0.979,0.09,1.094
histogram,fixed,binary,239,1,0,0.0792,160.42,0.42,3.744,6.762,0.983,0.088,1.276
histogram,fixed,binary,240,1,0,0.0792,160.42,0.42,3.684,6.446,0.99,0.095,0.997
histogram,fixed,binary,241,1,0,0.0764,160.63,0.63,3.655,6.472,0.984,0.09,1.01
histogram,fixed,binary,242,1,0,0.0764,160.51,0.51,3.68,6.653,0.992,0.091,1.226
histogram,fixed,binary,243,1,0,0.0764,160.51,0.51,3.709,6.454,0.996,0.087,0.984
histogram,fixed,binary,244,1,0,0.0778,160.42,0.42,3.656,6.464,1.042,0.094,0.99
histogram,fixed,binary,245,1,0,0.0792,162.14,2.14,3.753,6.565,0.984,0.089,1.067
histogram,fixed,binary,246,1,0,0.0792,162.14,2.14,3.737,6.594,0.99,0.094,1.097
histogram,fixed,binary,247,1,0,0.0778,160.5,0.5,3.67,6.599,1.043,0.093,1.1
histogram,fixed,binary,248,1,0,0.0778,160.5,0.5,3.722,6.581,0.993,0.088,1.098
histogram,fixed,binary,249,1,0,0.0792,160.55,0.55,3.678,6.525,0.989,0.088,1.092
histogram,fixed,binary,250,1,0,0.0792,160.55,0.55,3.676,6.58,1.037,0.095,1.097
histogram,fixed,binary,251,1,0,0.0764,160.57,0.57,3.637,6.464,0.982,0.088,1.088
histogram,fixed,binary,252,1,0,0.0764,160.57,0.57,3.656,6.505,0.976,0.089,1.109
histogram,fixed,binary,253,1,0,0.0778,160.54,0.54,3.674,6.47,1.033,0.097,1.005
histogram,fixed,binary,254,1,0,0.0778,160.54,0.54,3.598,6.535,0.994,0.094,1.101
histogram,fixed,binary,255,1,0,0.0778,160.54,0.54,3.681,6.523,0.992,0.087,1.013
histogram,fixed,binary,256,1,0,0.0792,160.56,0.56,3.693,6.471,0.984,0.092,1.034
histogram,fixed,binary,257,1,0,0.0778,160.46,0.46,4.575,7.362,0.986,0.089,0.992
histogram,fixed,binary,258,1,0,0.0778,160.46,0.46,3.771,6.626,1.001,0.103,1.035
histogram,fixed,binary,259,1,0,0.0764,160.57,0.57,3.804,6.928,1.184,0.111,1.134
histogram,fixed,binary,260,1,0,0.0792,162.15,2.15,3.896,6.945,1.006,0.097,1.255
histogram,fixed,binary,261,1,0,0.0764,160.49,0.49,3.789,6.622,0.997,0.099,1.029
histogram,fixed,binary,262,1,0,0.0764,160.49,0.49,3.809,6.718,1.0,0.1,1.05
histogram,fixed,binary,263,1,0,0.0778,160.48,0.48,3.784,6.802,1.003,0.162,1.156
histogram,fixed,binary,264,1,0,0.0778,160.48,0.48,3.666,6.604,1.003,0.099,1.052
histogram,fixed,binary,265,1,0,0.0778,160.48,0.48,3.787,6.63,1.001,0.097,1.04
histogram,fixed,binary,266,1,0,0.0778,160.48,0.48,3.751,6.776,1.052,0.108,1.155
histogram,fixed,binary,267,1,0,0.0792,162.13,2.13,3.886,6.829,1.003,0.102,1.115
histogram,fixed,binary,268,1,0,0.0792,162.13,2.13,3.889,6.721,0.991,0.099,1.045
histogram,fixed,binary,269,1,0,0.0778,160.56,0.56,3.733,6.638,1.047,0.108,1.047
histogram,fixed,binary,270,1,0,0.0778,160.56,0.56,3.741,6.743,0.993,0.099,1.212
histogram,fixed,binary,271,1,0,0.0792,162.19,2.19,3.864,6.717,1.002,0.098,1.05
histogram,fixed,binary,272,1,0,0.0792,162.19,2.19,3.887,6.784,0.996,0.101,1.031
histogram,fixed,binary,273,1,0,0.0778,160.47,0.47,3.816,6.832,1.004,0.102,1.207
histogram,fixed,binary,274,1,0,0.0778,160.47,0.47,3.684,6.613,0.995,0.097,1.045
histogram,fixed,binary,275,1,0,0.0778,160.47,0.47,3.785,6.616,0.994,0.099,1.039
histogram,fixed,binary,276,1,0,0.0778,162.16,2.16,3.844,6.862,1.055,0.108,1.152
histogram,fixed,binary,277,1,0,0.0792,162.14,2.14,4.09,7.038,1.006,0.098,1.107
histogram,fixed,binary,278,1,0,0.0806,160.46,0.46,3.683,6.446,0.994,0.088,1.0
histogram,fixed,binary,279,1,0,0.0806,160.46,0.46,3.668,6.596,1.157,0.1,1.01
histogram,fixed,binary,280,1,0,0.0778,160.5,0.5,3.672,6.528,0.998,0.092,1.099
histogram,fixed,binary,281,1,0,0.0778,160.49,0.49,3.667,6.407,0.984,0.089,0.996
histogram,fixed,binary,282,1,0,0.0792,160.52,0.52,3.753,6.726,1.077,0.118,1.109
histogram,fixed,binary,283,1,0,0.0792,160.52,0.52,3.664,6.605,0.986,0.089,1.198
histogram,fixed,binary,284,1,0,0.0792,160.57,0.57,3.68,6.52,0.983,0.094,1.101
histogram,fixed,binary,285,1,0,0.0778,160.51,0.51,3.671,6.579,1.029,0.095,1.039
histogram,fixed,binary,286,1,0,0.0778,160.48,0.48,3.642,6.48,0.985,0.09,1.077
histogram,fixed,binary,287,1,0,0.0778,160.48,0.48,3.741,6.522,0.978,0.088,0.999
histogram,fixed,binary,288,1,0,0.0792,160.57,0.57,3.918,6.82,1.034,0.096,1.096
histogram,fixed,binary,289,1,0,0.0792,160.49,0.49,3.647,6.478,0.992,0.089,1.061
histogram,fixed,binary,290,1,0,0.0792,160.49,0.49,3.674,6.446,0.986,0.089,1.006
histogram,fixed,binary,291,1,0,0.0778,160.47,0.47,3.708,6.515,1.04,0.095,0.999
histogram,fixed,binary,292,1,0,0.0792,162.21,2.21,3.687,6.596,0.993,0.089,1.094
histogram,fixed,binary,293,1,0,0.0792,162.19,2.19,3.809,6.639,0.988,0.098,1.006
histogram,fixed,binary,294,1,0,0.0792,162.19,2.19,3.776,6.69,1.024,0.095,1.113
histogram,fixed,binary,295,1,0,0.0792,160.52,0.52,3.602,6.41,0.989,0.088,0.995
histogram,fixed,binary,296,1,0,0.0792,162.14,2.14,3.847,6.801,0.995,0.09,1.123
histogram,fixed,binary,297,1,0,0.0806,160.44,0.44,3.678,6.665,1.042,0.094,1.129
histogram,fixed,binary,298,1,0,0.0806,160.44,0.44,3.61,6.456,0.995,0.091,1.007
histogram,fixed,binary,299,1,0,0.0792,162.16,2.16,3.757,6.702,1.002,0.093,1.103
histogram,fixed,binary,300,1,0,0.0792,162.16,2.16,3.782,6.602,1.029,0.096,1.014
histogram,fixed,binary,301,1,0,0.0778,162.18,2.18,3.709,6.69,0.99,0.088,1.103
histogram,fixed,binary,302,1,0,0.0778,160.54,0.54,3.667,6.512,0.98,0.09,1.101
histogram,fixed,binary,303,1,0,0.0778,160.54,0.54,3.672,6.484,1.039,0.095,1.012
histogram,fixed,binary,304,1,0,0.0778,160.49,0.49,3.642,6.396,0.983,0.092,1.003
histogram,fixed,binary,305,1,0,0.0792,162.18,2.18,3.772,6.584,0.99,0.089,0.996
histogram,fixed,binary,306,1,0,0.0778,160.54,0.54,3.686,6.599,0.986,0.092,1.155
histogram,fixed,binary,307,1,0,0.0778,160.54,0.54,3.67,6.477,0.985,0.09,1.003
histogram,fixed,binary,308,1,0,0.0819,161.49,1.49,3.709,6.528,1.041,0.091,1.008
histogram,fixed,binary,309,1,0,0.0625,159.67,-0.33,3.638,6.58,0.979,0.09,1.199
histogram,fixed,binary,310,1,0,0.0778,160.41,0.41,3.629,6.435,0.991,0.092,1.046
histogram,fixed,binary,311,1,0,0.0778,160.41,0.41,3.691,6.551,1.042,0.094,1.054
histogram,fixed,binary,312,1,0,0.0778,161.25,1.25,3.682,6.532,0.995,0.115,1.058
histogram,fixed,binary,313,1,0,0.0778,161.27,1.27,3.672,6.388,0.979,0.088,0.974
histogram,fixed,binary,314,1,0,0.0778,161.27,1.27,3.687,6.505,1.042,0.097,0.992
histogram,fixed,binary,315,1,0,0.0833,160.48,0.48,3.571,6.448,0.988,0.088,1.127
histogram,fixed,binary,316,1,0,0.0833,161.26,1.26,3.757,6.551,0.98,0.092,0.984
histogram,fixed,binary,317,1,0,0.0833,160.42,0.42,3.642,6.488,1.002,0.098,0.997
histogram,fixed,binary,318,1,0,0.0833,160.42,0.42,3.638,6.376,0.992,0.095,0.974
histogram,fixed,binary,319,1,0,0.0833,160.46,0.46,3.642,6.535,1.052,0.095,1.073
histogram,fixed,binary,320,1,0,0.0833,161.04,1.04,3.693,6.699,0.984,0.093,1.267
histogram,fixed,binary,321,1,0,0.0833,161.93,1.93,3.728,6.582,0.985,0.09,1.101
histogram,fixed,binary,322,1,0,0.0833,161.93,1.93,3.726,6.636,1.048,0.097,1.091
histogram,fixed,binary,323,1,0,0.0833,161.9,1.9,3.76,6.752,0.988,0.087,1.241
histogram,fixed,binary,324,1,0,0.0833,161.9,1.9,3.736,6.502,0.995,0.09,1.0
histogram,fixed,binary,325,1,0,0.0833,161.9,1.9,3.789,6.6,0.985,0.092,1.002
histogram,fixed,binary,326,1,0,0.0833,161.9,1.9,3.741,6.772,0.992,0.088,1.273
histogram,fixed,binary,327,1,0,0.0833,162.32,2.32,3.741,6.623,0.991,0.087,1.098
histogram,fixed,binary,328,1,0,0.0833,162.32,2.32,3.724,6.637,0.982,0.089,1.103
histogram,fixed,binary,329,1,0,0.0833,160.55,0.55,3.657,6.479,0.991,0.088,1.061
histogram,fixed,binary,330,1,0,0.0833,160.55,0.55,3.694,6.427,0.978,0.09,0.992
histogram,fixed,binary,331,1,0,0.0833,160.53,0.53,3.633,6.541,1.048,0.092,1.091
histogram,fixed,binary,332,1,0,0.0833,160.53,0.53,3.648,6.484,0.996,0.091,1.074
histogram,fixed,binary,333,1,0,0.0833,160.53,0.53,3.643,6.489,0.985,0.087,1.101
histogram,fixed,binary,334,1,0,0.0833,160.53,0.53,3.642,6.548,1.034,0.096,1.105
histogram,fixed,binary,335,1,0,0.0833,160.52,0.52,3.629,6.494,0.996,0.094,1.119
histogram,fixed,binary,336,1,0,0.0833,160.49,0.49,3.649,6.405,0.982,0.089,1.01
histogram,fixed,binary,337,1,0,0.0833,160.5,0.5,3.645,6.581,1.031,0.1,1.097
histogram,fixed,binary,338,1,0,0.0833,160.5,0.5,3.572,6.399,0.996,0.09,0.99
histogram,fixed,binary,339,1,0,0.0833,160.49,0.49,3.639,6.457,0.993,0.089,0.996
histogram,fixed,binary,340,1,0,0.0833,160.49,0.49,3.671,6.648,0.991,0.093,1.215
histogram,fixed,binary,341,1,0,0.0833,160.49,0.49,3.647,6.514,0.994,0.091,1.107
histogram,fixed,binary,342,1,0,0.0833,160.49,0.49,3.704,6.531,0.988,0.09,1.005
histogram,fixed,binary,343,1,0,0.0833,160.49,0.49,3.651,6.894,0.983,0.088,1.5
histogram,fixed,binary,344,1,0,0.0833,160.52,0.52,3.637,6.579,0.993,0.089,1.11
histogram,fixed,binary,345,1,0,0.0833,160.49,0.49,3.68,6.499,0.994,0.087,0.999
histogram,fixed,binary,346,1,0,0.0833,160.49,0.49,3.666,6.646,0.993,0.09,1.211
histogram,fixed,binary,347,1,0,0.0833,160.5,0.5,3.625,6.52,0.995,0.088,1.106
histogram,fixed,binary,348,1,0,0.0833,160.5,0.5,3.681,6.621,0.997,0.093,1.105
histogram,fixed,binary,349,1,0,0.0833,160.49,0.49,3.673,6.564,0.993,0.094,1.133
histogram,fixed,binary,350,1,0,0.0833,160.49,0.49,3.641,6.41,0.992,0.09,1.014
histogram,fixed,binary,351,1,0,0.0833,160.49,0.49,3.667,6.479,1.05,0.093,0.993
histogram,fixed,binary,352,1,0,0.0833,160.52,0.52,3.65,6.698,0.99,0.089,1.286
histogram,fixed,binary,353,1,0,0.0833,160.5,0.5,3.604,6.477,0.996,0.088,1.112
histogram,fixed,binary,354,1,0,0.0833,160.5,0.5,3.634,6.453,1.047,0.1,0.996
histogram,fixed,binary,355,1,0,0.0833,160.5,0.5,3.655,6.592,0.988,0.092,1.187
histogram,fixed,binary,356,1,0,0.0833,160.49,0.49,3.624,6.475,0.989,0.092,1.094
histogram,fixed,binary,357,1,0,0.0833,160.52,0.52,3.627,6.454,1.036,0.093,0.996
histogram,fixed,binary,358,1,0,0.0833,160.51,0.51,3.592,6.511,0.987,0.09,1.164
histogram,fixed,binary,359,1,0,0.0833,160.51,0.51,3.995,6.865,0.985,0.089,1.114
histogram,fixed,binary,360,1,0,0.0833,160.51,0.51,3.621,6.551,1.042,0.096,1.112
histogram,otsu,binary,0,1,0,0.2167,159.35,-0.65,4.952,8.452,1.105,0.415,1.318
histogram,otsu,binary,1,1,0,0.1972,159.21,-0.79,5.892,10.079,1.134,0.631,1.564
histogram,otsu,binary,2,1,0,0.2028,159.31,-0.69,4.813,9.424,1.146,0.552,2.037
histogram,otsu,binary,3,1,0,0.2028,159.31,-0.69,7.612,12.507,1.092,0.779,1.935
histogram,otsu,binary,4,1,0,0.1986,159.32,-0.68,5.129,8.522,1.095,0.429,1.127
histogram,otsu,binary,5,1,0,0.2083,159.31,-0.69,4.98,9.147,1.145,0.523,1.547
histogram,otsu,binary,6,1,0,0.2083,159.31,-0.69,3.893,6.952,1.003,0.38,0.971
histogram,otsu,binary,7,1,0,0.1958,159.27,-0.73,3.866,7.211,1.058,0.391,1.186
histogram,otsu,binary,8,1,0,0.1986,159.28,-0.72,3.89,7.243,1.051,0.391,1.209
histogram,otsu,binary,9,1,0,0.1986,159.26,-0.74,3.857,7.149,1.006,0.386,1.197
histogram,otsu,binary,10,1,0,0.1986,159.26,-0.74,3.848,7.181,0.993,0.38,1.261
histogram,otsu,binary,11,1,0,0.1986,159.31,-0.69,4.015,7.297,0.996,0.384,1.199
histogram,otsu,binary,12,1,0,0.1958,159.3,-0.7,3.88,6.995,0.999,0.385,0.979
histogram,otsu,binary,13,1,0,0.1958,159.3,-0.7,3.839,6.982,1.053,0.392,1.006
histogram,otsu,binary,14,1,0,0.1958,159.3,-0.7,3.846,6.99,1.0,0.387,1.055
histogram,otsu,binary,15,1,0,0.1958,159.32,-0.68,3.821,6.924,0.996,0.385,0.994
histogram,otsu,binary,16,1,0,0.1958,159.32,-0.68,3.839,6.964,1.003,0.385,0.976
histogram,otsu,binary,17,1,0,0.1958,159.25,-0.75,3.863,6.996,1.052,0.392,0.98
histogram,otsu,binary,18,1,0,0.1986,159.31,-0.69,3.868,7.37,1.0,0.385,1.408
histogram,otsu,binary,19,1,0,0.1958,159.31,-0.69,3.877,7.204,0.996,0.381,1.256
histogram,otsu,binary,20,1,0,0.1958,159.31,-0.69,3.864,6.922,1.0,0.38,0.975
histogram,otsu,binary,21,1,0,0.1958,159.29,-0.71,3.837,7.204,1.008,0.388,1.2
histogram,otsu,binary,22,1,0,0.1958,159.27,-0.73,3.926,7.052,1.047,0.387,0.983
histogram,otsu,binary,23,1,0,0.1958,159.27,-0.73,3.887,7.362,0.995,0.383,1.402
histogram,otsu,binary,24,1,0,0.1986,159.29,-0.71,4.266,7.409,0.999,0.386,1.06
histogram,otsu,binary,25,1,0,0.1958,159.25,-0.75,3.727,7.006,1.011,0.4,1.005
histogram,otsu,binary,26,1,0,0.1958,159.25,-0.75,3.776,6.884,0.995,0.378,0.969
histogram,otsu,binary,27,1,0,0.1958,159.25,-0.75,3.834,6.908,1.056,0.388,0.953
histogram,otsu,binary,28,1,0,0.1958,159.27,-0.73,3.788,7.095,0.988,0.371,1.27
histogram,otsu,binary,29,1,0,0.1958,159.27,-0.73,3.682,6.97,0.999,0.377,1.22
histogram,otsu,binary,30,1,0,0.2083,159.37,-0.63,3.79,6.795,0.982,0.376,0.959
histogram,otsu,binary,31,1,0,0.2083,159.37,-0.63,3.773,6.84,1.037,0.381,0.964
histogram,otsu,binary,32,1,0,0.1986,159.19,-0.81,4.251,7.326,0.984,0.377,1.028
histogram,otsu,binary,33,1,0,0.1986,159.32,-0.68,4.296,7.611,1.011,0.408,1.193
histogram,otsu,binary,34,1,0,0.1986,159.32,-0.68,4.221,7.792,1.052,0.404,1.399
histogram,otsu,binary,35,1,0,0.2097,159.31,-0.69,4.28,8.008,1.011,0.409,1.475
histogram,otsu,binary,36,1,0,0.2097,159.31,-0.69,4.252,7.552,1.009,0.406,1.12
histogram,otsu,binary,37,1,0,0.2042,159.26,-0.74,4.267,7.694,1.038,0.408,1.289
histogram,otsu,binary,38,1,0,0.2042,159.26,-0.74,4.188,7.684,1.009,0.42,1.257
histogram,otsu,binary,39,1,0,0.1986,159.33,-0.67,4.354,7.635,1.01,0.407,1.094
histogram,otsu,binary,40,1,0,0.1986,159.33,-0.67,4.807,8.448,1.05,0.46,1.329
histogram,otsu,binary,41,1,0,0.2056,159.29,-0.71,3.904,6.954,0.99,0.378,0.945
histogram,otsu,binary,42,1,0,0.1958,159.17,-0.83,3.91,7.232,1.038,0.381,1.209
histogram,otsu,binary,43,1,0,0.1986,159.29,-0.71,3.888,7.386,1.146,0.434,1.223
histogram,otsu,binary,44,1,0,0.1986,159.29,-0.71,3.881,7.368,1.076,0.388,1.331
histogram,otsu,binary,45,1,0,0.1958,159.17,-0.83,4.057,7.533,1.08,0.391,1.274
histogram,otsu,binary,46,1,0,0.1958,159.17,-0.83,4.02,7.759,1.08,0.399,1.553
histogram,otsu,binary,47,1,0,0.1958,159.32,-0.68,3.962,7.519,1.078,0.425,1.232
histogram,otsu,binary,48,1,0,0.1958,159.32,-0.68,3.928,7.006,0.999,0.386,0.995
histogram,otsu,binary,49,1,0,0.1958,159.2,-0.8,3.87,7.235,1.053,0.396,1.2
histogram,otsu,binary,50,1,0,0.1958,159.2,-0.8,4.057,7.225,1.055,0.391,1.012
histogram,otsu,binary,51,1,0,0.1958,159.28,-0.72,3.864,6.949,0.993,0.385,1.014
histogram,otsu,binary,52,1,0,0.1972,159.24,-0.76,3.871,7.228,0.994,0.384,1.272
histogram,otsu,binary,53,1,0,0.1972,159.24,-0.76,3.911,6.952,0.995,0.39,0.955
histogram,otsu,binary,54,1,0,0.1958,159.27,-0.73,3.862,7.009,1.058,0.395,0.986
histogram,otsu,binary,55,1,0,0.1958,159.25,-0.75,3.864,7.247,1.005,0.453,1.213
histogram,otsu,binary,56,1,0,0.1958,159.25,-0.75,3.88,7.039,1.001,0.38,1.08
histogram,otsu,binary,57,1,0,0.1958,159.27,-0.73,3.883,6.962,1.004,0.383,0.991
histogram,otsu,binary,58,1,0,0.1958,159.27,-0.73,3.835,7.179,1.004,0.387,1.188
histogram,otsu,binary,59,1,0,0.1958,159.27,-0.73,4.164,7.435,1.194,0.396,0.991
histogram,otsu,binary,60,1,0,0.1986,159.32,-0.68,3.759,6.817,1.031,0.389,0.954
histogram,otsu,binary,61,1,0,0.1986,159.29,-0.71,3.714,6.84,0.988,0.376,1.091
histogram,otsu,binary,62,1,0,0.1986,159.29,-0.71,3.786,6.775,0.983,0.375,0.956
histogram,otsu,binary,63,1,0,0.1986,159.37,-0.63,3.762,6.574,0.94,0.385,0.813
histogram,otsu,binary,64,1,0,0.1986,159.37,-0.63,3.758,6.471,0.64,0.385,1.009
histogram,otsu,binary,65,1,0,0.1944,159.23,-0.77,3.749,6.283,0.638,0.376,0.809
histogram,otsu,binary,66,1,0,0.1944,159.23,-0.77,3.774,6.338,0.643,0.419,0.825
histogram,otsu,binary,67,1,0,0.1986,159.3,-0.7,3.764,6.269,0.654,0.373,0.81
histogram,otsu,binary,68,1,0,0.1986,159.26,-0.74,3.754,6.303,0.682,0.382,0.813
histogram,otsu,binary,69,1,0,0.2167,159.45,-0.55,3.696,6.305,0.634,0.377,0.849
histogram,otsu,binary,70,1,0,0.2028,159.39,-0.61,3.78,6.278,0.643,0.375,0.807
histogram,otsu,binary,71,1,0,0.2028,159.39,-0.61,3.825,6.377,0.642,0.376,0.858
histogram,otsu,binary,72,1,0,0.2403,159.93,-0.07,3.821,6.283,0.643,0.378,0.761
histogram,otsu,binary,73,1,0,0.2306,159.79,-0.21,3.778,6.325,0.704,0.379,0.797
histogram,otsu,binary,74,1,0,0.225,159.66,-0.34,3.749,6.298,0.637,0.374,0.782
histogram,otsu,binary,75,1,0,0.225,159.66,-0.34,3.815,6.38,0.631,0.375,0.781
histogram,otsu,binary,76,1,0,0.2333,159.81,-0.19,3.827,6.393,0.666,0.378,0.842
histogram,otsu,binary,77,1,0,0.3028,160.64,0.64,3.874,6.353,0.65,0.377,0.769
histogram,otsu,binary,78,1,0,0.3028,160.64,0.64,3.839,6.354,0.68,0.381,0.769
histogram,otsu,binary,79,1,0,0.3028,160.64,0.64,3.844,6.414,0.645,0.37,0.782
histogram,otsu,binary,80,1,0,0.4667,159.83,-0.17,3.799,6.214,0.64,0.369,0.722
histogram,otsu,binary,81,1,0,0.4931,160.02,0.02,3.841,6.289,0.64,0.375,0.751
histogram,otsu,binary,82,1,0,0.4931,160.02,0.02,3.836,6.234,0.643,0.375,0.704
histogram,otsu,binary,83,1,0,0.3458,159.98,-0.02,3.794,6.276,0.682,0.374,0.741
histogram,otsu,binary,84,1,0,0.2833,160.3,0.3,3.824,6.308,0.642,0.379,0.774
histogram,otsu,binary,85,1,0,0.2806,160.22,0.22,3.785,6.343,0.624,0.376,0.77
histogram,otsu,binary,86,1,0,0.2806,160.22,0.22,3.826,6.389,0.643,0.376,0.868
histogram,otsu,binary,87,1,0,0.3167,160.28,0.28,3.776,6.239,0.638,0.371,0.775
histogram,otsu,binary,88,1,0,0.3167,160.28,0.28,3.815,6.334,0.678,0.385,0.779
histogram,otsu,binary,89,1,0,0.225,160.16,0.16,3.805,6.27,0.639,0.377,0.768
histogram,otsu,binary,90,1,0,0.225,160.16,0.16,3.798,6.333,0.638,0.374,0.771
histogram,otsu,binary,91,1,0,0.1556,160.22,0.22,3.845,6.437,0.649,0.376,0.892
histogram,otsu,binary,92,1,0,0.1556,160.22,0.22,3.804,6.275,0.637,0.376,0.764
histogram,otsu,binary,93,1,0,0.1514,159.61,-0.39,3.819,6.364,0.658,0.414,0.792
histogram,otsu,binary,94,1,0,0.1431,159.55,-0.45,3.816,6.289,0.645,0.375,0.776
histogram,otsu,binary,95,1,0,0.1431,159.55,-0.45,3.796,6.346,0.63,0.377,0.76
histogram,otsu,binary,96,1,0,0.1375,152.66,-7.34,4.0,6.6,0.64,0.376,0.896
histogram,otsu,binary,97,1,0,0.1597,158.91,-1.09,3.797,6.262,0.633,0.373,0.776
histogram,otsu,binary,98,1,0,0.1597,158.91,-1.09,3.709,6.215,0.652,0.382,0.784
histogram,otsu,binary,99,1,0,0.1597,158.91,-1.09,3.705,6.185,0.65,0.376,0.773
histogram,otsu,binary,100,1,0,0.15,158.01,-1.99,3.634,6.206,0.694,0.377,0.811
histogram,otsu,binary,101,1,0,0.1611,154.89,-5.11,3.709,6.312,0.65,0.376,0.894
histogram,otsu,binary,102,1,0,0.1819,146.65,-13.35,3.762,6.278,0.633,0.376,0.824
histogram,otsu,binary,103,1,0,0.1819,146.65,-13.35,3.795,6.364,0.638,0.371,0.886
histogram,otsu,binary,104,1,0,0.2528,150.14,-9.86,3.886,6.347,0.64,0.378,0.758
histogram,otsu,binary,105,1,0,0.2931,152.6,-7.4,3.838,6.404,0.685,0.379,0.782
histogram,otsu,binary,106,1,0,0.2931,152.6,-7.4,3.826,6.376,0.638,0.376,0.85
histogram,otsu,binary,107,1,0,0.3125,158.52,-1.48,3.705,6.13,0.647,0.376,0.733
histogram,otsu,binary,108,1,0,0.3125,158.52,-1.48,3.675,6.186,0.65,0.376,0.807
histogram,otsu,binary,109,1,0,0.2986,158.85,-1.15,3.514,6.015,0.654,0.373,0.794
histogram,otsu,binary,110,1,0,0.2986,158.85,-1.15,3.567,6.096,0.656,0.418,0.777
histogram,otsu,binary,111,1,0,0.2986,158.85,-1.15,3.537,6.012,0.636,0.38,0.774
histogram,otsu,binary,112,1,0,0.1028,162.88,2.88,3.464,5.996,0.71,0.384,0.763
histogram,otsu,binary,113,1,0,0.0958,160.56,0.56,3.804,6.229,0.643,0.375,0.717
histogram,otsu,binary,114,1,0,0.0958,160.56,0.56,3.794,6.263,0.678,0.379,0.737
histogram,otsu,binary,115,1,0,0.0056,79.93,-80.07,3.412,5.998,0.64,0.377,0.767
histogram,otsu,binary,116,1,0,0.0056,79.93,-80.07,3.487,6.004,0.63,0.373,0.77
histogram,otsu,binary,117,1,0,0.0181,79.91,-80.09,3.426,5.94,0.647,0.374,0.736
histogram,otsu,binary,118,1,0,0.0625,81.08,-78.92,3.531,6.007,0.635,0.372,0.722
histogram,otsu,binary,119,1,0,0.0625,81.08,-78.92,3.465,5.922,0.641,0.373,0.699
histogram,otsu,binary,120,1,0,0.0736,81.48,-78.52,3.687,6.153,0.627,0.376,0.72
histogram,otsu,binary,121,1,1,0.1233,138.06,-21.94,2.82,5.348,0.65,0.377,0.817
histogram,otsu,binary,122,1,1,0.1233,138.06,-21.94,2.989,5.45,0.672,0.379,0.72
histogram,otsu,binary,123,1,1,0.1117,139.39,-20.61,2.9,5.312,0.657,0.374,0.701
histogram,otsu,binary,124,1,1,0.1117,139.39,-20.61,2.832,5.349,0.643,0.379,0.788
histogram,otsu,binary,125,1,1,0.125,139.45,-20.55,2.912,5.433,0.629,0.377,0.731
histogram,otsu,binary,126,1,1,0.1517,139.42,-20.58,2.906,5.311,0.649,0.377,0.685
histogram,otsu,binary,127,1,1,0.1517,139.42,-20.58,2.82,5.285,0.643,0.417,0.721
histogram,otsu,binary,128,1,0,0.0889,174.79,14.79,3.777,6.284,0.629,0.378,0.758
histogram,otsu,binary,129,1,0,0.1653,162.36,2.36,3.867,6.468,0.649,0.378,0.902
histogram,otsu,binary,130,1,0,0.1653,162.36,2.36,3.897,6.421,0.644,0.378,0.826
histogram,otsu,binary,131,1,0,0.1667,159.26,-0.74,3.694,6.187,0.686,0.383,0.747
histogram,otsu,binary,132,1,0,0.1667,159.26,-0.74,3.678,6.151,0.643,0.379,0.761
histogram,otsu,binary,133,1,0,0.1556,156.75,-3.25,3.353,5.888,0.655,0.378,0.763
histogram,otsu,binary,134,1,0,0.1556,156.75,-3.25,3.309,5.861,0.647,0.375,0.776
histogram,otsu,binary,135,1,0,0.1556,156.75,-3.25,3.373,5.923,0.696,0.376,0.764
histogram,otsu,binary,136,1,0,0.1347,157.0,-3.0,3.338,5.911,0.641,0.377,0.802
histogram,otsu,binary,137,1,0,0.0625,155.54,-4.46,3.326,5.835,0.684,0.38,0.767
histogram,otsu,binary,138,1,0,0.0625,155.54,-4.46,3.357,5.85,0.641,0.379,0.79
histogram,otsu,binary,139,1,0,0.0625,155.54,-4.46,3.381,5.92,0.682,0.382,0.792
histogram,otsu,binary,140,1,1,0.0792,166.75,6.75,3.037,5.546,0.649,0.382,0.795
histogram,otsu,binary,141,1,1,0.0767,170.95,10.95,2.919,5.45,0.638,0.418,0.797
histogram,otsu,binary,142,1,1,0.0667,170.93,10.93,2.914,5.376,0.638,0.379,0.761
histogram,otsu,binary,143,1,1,0.0667,170.93,10.93,2.828,5.378,0.641,0.38,0.846
histogram,otsu,binary,144,1,1,0.06,170.87,10.87,2.922,5.444,0.688,0.385,0.764
histogram,otsu,binary,145,1,1,0.0975,170.23,10.23,2.912,5.342,0.639,0.375,0.699
histogram,otsu,binary,146,1,0,0.1167,157.52,-2.48,3.249,5.71,0.642,0.375,0.779
histogram,otsu,binary,147,1,0,0.1167,157.52,-2.48,3.309,5.758,0.633,0.378,0.686
histogram,otsu,binary,148,1,0,0.1139,150.45,-9.55,3.692,6.136,0.637,0.376,0.676
histogram,otsu,binary,149,1,0,0.1194,141.83,-18.17,3.723,6.166,0.637,0.377,0.682
histogram,otsu,binary,150,1,1,0.1025,130.13,-29.87,2.949,6.129,0.638,0.372,1.428
histogram,otsu,binary,151,1,1,0.1025,130.13,-29.87,2.941,5.411,0.639,0.376,0.764
histogram,otsu,binary,152,1,1,0.0683,167.16,7.16,2.865,5.391,0.639,0.377,0.826
histogram,otsu,binary,153,1,1,0.0742,167.28,7.28,2.959,5.475,0.681,0.382,0.767
histogram,otsu,binary,154,1,1,0.0742,167.28,7.28,2.955,5.413,0.636,0.378,0.765
histogram,otsu,binary,155,1,1,0.0742,167.28,7.28,2.918,5.475,0.637,0.376,0.825
histogram,otsu,binary,156,1,1,0.0833,167.43,7.43,2.967,5.437,0.612,0.379,0.723
histogram,otsu,binary,157,1,0,0.0625,230.73,70.73,4.02,6.531,0.65,0.377,0.791
histogram,otsu,binary,158,1,0,0.0625,230.73,70.73,3.995,6.511,0.631,0.379,0.769
histogram,otsu,binary,159,1,0,0.0375,233.95,73.95,3.871,6.367,0.648,0.378,0.786
histogram,otsu,binary,160,1,1,0.0967,177.69,17.69,2.947,5.363,0.639,0.377,0.718
histogram,otsu,binary,161,1,1,0.0925,177.11,17.11,2.869,5.381,0.639,0.378,0.817
histogram,otsu,binary,162,1,1,0.0925,177.11,17.11,2.94,5.44,0.636,0.385,0.723
histogram,otsu,binary,163,1,1,0.105,176.55,16.55,2.948,5.385,0.641,0.376,0.733
histogram,otsu,binary,164,1,1,0.105,176.55,16.55,2.949,5.434,0.648,0.418,0.739
histogram,otsu,binary,165,1,1,0.0908,176.64,16.64,2.929,5.41,0.639,0.374,0.763
histogram,otsu,binary,166,1,0,0.0625,156.06,-3.94,3.377,5.878,0.646,0.374,0.739
histogram,otsu,binary,167,1,0,0.0625,156.06,-3.94,3.44,5.93,0.637,0.372,0.74
histogram,otsu,binary,168,1,0,0.0625,156.06,-3.94,3.457,5.881,0.637,0.373,0.741
histogram,otsu,binary,169,1,0,0.1764,156.87,-3.13,3.551,6.056,0.706,0.377,0.745
histogram,otsu,binary,170,1,0,0.1764,156.87,-3.13,3.474,6.006,0.657,0.376,0.752
histogram,otsu,binary,171,1,0,0.1764,156.87,-3.13,3.589,6.119,0.631,0.378,0.761
histogram,otsu,binary,172,1,0,0.1042,156.65,-3.35,3.42,5.922,0.645,0.376,0.806
histogram,otsu,binary,173,1,0,0.0722,156.01,-3.99,3.441,5.937,0.629,0.378,0.75
histogram,otsu,binary,174,1,1,0.1008,169.47,9.47,2.867,5.393,0.654,0.376,0.816
histogram,otsu,binary,175,1,1,0.1008,169.47,9.47,2.969,5.477,0.676,0.381,0.73
histogram,otsu,binary,176,1,0,0.0361,235.78,75.78,3.795,6.213,0.64,0.376,0.714
histogram,otsu,binary,177,1,0,0.0833,178.62,18.62,3.464,5.958,0.691,0.38,0.75
histogram,otsu,binary,178,1,0,0.0833,178.62,18.62,3.361,5.781,0.64,0.376,0.72
histogram,otsu,binary,179,1,0,0.0833,178.62,18.62,3.314,5.786,0.677,0.381,0.73
histogram,otsu,binary,180,1,0,0.1069,176.5,16.5,3.413,5.826,0.634,0.373,0.73
histogram,otsu,binary,181,1,0,0.0889,184.54,24.54,3.371,5.888,0.636,0.42,0.783
histogram,otsu,binary,182,1,0,0.0472,155.91,-4.09,3.46,5.892,0.635,0.377,0.732
histogram,otsu,binary,183,1,0,0.0472,155.91,-4.09,3.488,5.997,0.656,0.421,0.735
histogram,otsu,binary,184,1,0,0.1319,156.55,-3.45,3.537,5.99,0.638,0.377,0.754
histogram,otsu,binary,185,1,0,0.1569,156.71,-3.29,3.491,6.041,0.638,0.415,0.788
histogram,otsu,binary,186,1,0,0.1653,157.36,-2.64,3.569,6.011,0.642,0.374,0.752
histogram,otsu,binary,187,1,0,0.1653,157.36,-2.64,3.544,6.048,0.638,0.413,0.781
histogram,otsu,binary,188,1,0,0.1806,156.53,-3.47,3.509,5.97,0.642,0.376,0.758
histogram,otsu,binary,189,1,0,0.2139,156.75,-3.25,3.477,5.931,0.671,0.38,0.721
histogram,otsu,binary,190,1,0,0.2139,156.75,-3.25,3.47,5.903,0.641,0.376,0.717
histogram,otsu,binary,191,1,0,0.2139,156.75,-3.25,3.478,5.944,0.645,0.416,0.72
histogram,otsu,binary,192,1,0,0.1972,157.04,-2.96,3.486,5.94,0.64,0.376,0.759
histogram,otsu,binary,193,1,0,0.1514,156.2,-3.8,3.451,5.971,0.636,0.418,0.786
histogram,otsu,binary,194,1,0,0.1806,156.59,-3.41,3.521,5.94,0.641,0.377,0.713
histogram,otsu,binary,195,1,0,0.1806,156.59,-3.41,3.524,6.031,0.699,0.382,0.713
histogram,otsu,binary,196,1,0,0.2153,157.26,-2.74,3.509,5.915,0.641,0.378,0.705
histogram,otsu,binary,197,1,0,0.2083,157.54,-2.46,3.501,5.958,0.682,0.38,0.704
histogram,otsu,binary,198,1,0,0.2083,157.54,-2.46,3.516,5.931,0.639,0.378,0.706
histogram,otsu,binary,199,1,0,0.2194,157.62,-2.38,3.52,5.955,0.677,0.385,0.687
histogram,otsu,binary,200,1,0,0.2194,157.62,-2.38,4.381,6.78,0.644,0.373,0.697
histogram,otsu,binary,201,1,0,0.1819,157.58,-2.42,3.661,6.639,1.04,0.426,0.736
histogram,otsu,binary,202,1,0,0.1736,156.55,-3.45,3.637,6.8,1.063,0.397,1.004
histogram,otsu,binary,203,1,0,0.1736,156.55,-3.45,3.569,7.709,1.002,0.388,2.056
histogram,otsu,binary,204,1,0,0.2569,157.24,-2.76,3.48,6.708,1.002,0.385,1.162
histogram,otsu,binary,205,1,0,0.2028,156.62,-3.38,3.534,6.695,1.002,0.382,0.973
histogram,otsu,binary,206,1,0,0.2028,156.62,-3.38,3.531,6.782,1.079,0.398,1.069
histogram,otsu,binary,207,1,0,0.1361,156.69,-3.31,3.59,6.745,0.994,0.383,1.075
histogram,otsu,binary,208,1,0,0.1389,155.77,-4.23,3.594,6.663,0.989,0.379,0.992
histogram,otsu,binary,209,1,0,0.1958,156.23,-3.77,3.787,6.927,1.047,0.392,0.991
histogram,otsu,binary,210,1,0,0.1958,156.23,-3.77,3.574,6.859,0.992,0.385,1.198
histogram,otsu,binary,211,1,0,0.1986,157.04,-2.96,3.531,6.749,0.994,0.384,1.05
histogram,otsu,binary,212,1,0,0.1986,157.04,-2.96,3.634,6.835,1.001,0.382,1.055
histogram,otsu,binary,213,1,0,0.2292,157.62,-2.38,3.942,7.118,1.057,0.395,1.018
histogram,otsu,binary,214,1,0,0.2292,157.62,-2.38,3.929,7.078,0.999,0.381,1.063
histogram,otsu,binary,215,1,0,0.0333,147.11,-12.89,3.905,7.103,0.991,0.386,1.005
histogram,otsu,binary,216,1,0,0.0417,157.38,-2.62,4.059,7.24,0.999,0.384,1.101
histogram,otsu,binary,217,1,0,0.0389,159.09,-0.91,3.723,6.88,1.056,0.394,0.995
histogram,otsu,binary,218,1,1,0.175,160.67,0.67,3.012,6.186,0.992,0.44,1.016
histogram,otsu,binary,219,1,1,0.175,160.67,0.67,3.05,6.124,0.997,0.382,0.984
histogram,otsu,binary,220,1,1,0.1792,160.72,0.72,3.145,6.337,1.063,0.395,1.017
histogram,otsu,binary,221,1,1,0.1975,159.89,-0.11,2.848,5.888,0.982,0.373,0.936
histogram,otsu,binary,222,1,1,0.1975,159.89,-0.11,2.992,6.214,1.16,0.386,0.932
histogram,otsu,binary,223,1,0,0.3528,158.82,-1.18,4.682,8.373,1.184,0.521,1.24
histogram,otsu,binary,224,1,0,0.3528,158.82,-1.18,4.664,8.074,1.044,0.423,1.199
histogram,otsu,binary,225,1,0,0.2889,158.73,-1.27,5.038,8.629,1.052,0.497,1.29
histogram,otsu,binary,226,1,0,0.2889,158.73,-1.27,4.064,7.17,1.044,0.383,0.989
histogram,otsu,binary,227,1,0,0.2986,159.33,-0.67,3.871,6.956,0.988,0.373,1.057
histogram,otsu,binary,228,1,0,0.2986,159.33,-0.67,3.823,6.859,0.992,0.374,0.994
histogram,otsu,binary,229,1,0,0.3306,159.74,-0.26,3.849,6.95,0.994,0.38,0.987
histogram,otsu,binary,230,1,0,0.3194,159.85,-0.15,3.739,6.894,1.041,0.384,1.053
histogram,otsu,binary,231,1,0,0.3194,159.85,-0.15,3.793,6.907,0.985,0.374,1.067
histogram,otsu,binary,232,1,0,0.3278,159.81,-0.19,3.731,6.782,0.998,0.377,0.997
histogram,otsu,binary,233,1,0,0.3472,159.91,-0.09,3.703,6.901,0.994,0.377,1.088
histogram,otsu,binary,234,1,0,0.3139,159.82,-0.18,3.749,6.934,1.035,0.383,1.093
histogram,otsu,binary,235,1,0,0.3139,159.82,-0.18,3.751,6.919,0.991,0.376,1.103
histogram,otsu,binary,236,1,0,0.3278,159.83,-0.17,3.746,6.193,0.638,0.379,0.748
histogram,otsu,binary,237,1,0,0.3181,159.8,-0.2,3.757,6.267,0.656,0.428,0.75
histogram,otsu,binary,238,1,0,0.3181,159.8,-0.2,3.754,6.198,0.634,0.378,0.743
histogram,otsu,binary,239,1,0,0.3236,159.82,-0.18,3.767,6.234,0.675,0.377,0.73
histogram,otsu,binary,240,1,0,0.3236,159.82,-0.18,3.668,6.205,0.631,0.379,0.762
histogram,otsu,binary,241,1,0,0.3194,159.86,-0.14,3.703,6.216,0.637,0.375,0.756
histogram,otsu,binary,242,1,0,0.3264,159.85,-0.15,3.75,6.263,0.638,0.379,0.807
histogram,otsu,binary,243,1,0,0.3264,159.85,-0.15,3.737,6.181,0.641,0.376,0.744
histogram,otsu,binary,244,1,0,0.3236,159.84,-0.16,3.744,6.262,0.642,0.419,0.774
histogram,otsu,binary,245,1,0,0.3278,159.82,-0.18,3.786,6.258,0.646,0.376,0.734
histogram,otsu,binary,246,1,0,0.3278,159.82,-0.18,3.743,6.166,0.645,0.374,0.727
histogram,otsu,binary,247,1,0,0.3208,159.85,-0.15,3.674,6.209,0.653,0.378,0.745
histogram,otsu,binary,248,1,0,0.3208,159.85,-0.15,3.729,6.206,0.635,0.373,0.727
histogram,otsu,binary,249,1,0,0.3264,159.84,-0.16,3.74,6.27,0.645,0.378,0.819
histogram,otsu,binary,250,1,0,0.3264,159.84,-0.16,3.793,6.213,0.637,0.374,0.735
histogram,otsu,binary,251,1,0,0.3208,159.89,-0.11,3.776,6.267,0.64,0.421,0.744
histogram,otsu,binary,252,1,0,0.3208,159.89,-0.11,3.752,6.212,0.641,0.379,0.751
histogram,otsu,binary,253,1,0,0.3264,159.83,-0.17,3.732,6.203,0.684,0.376,0.731
histogram,otsu,binary,254,1,0,0.3264,159.83,-0.17,3.731,6.253,0.63,0.378,0.745
histogram,otsu,binary,255,1,0,0.3264,159.83,-0.17,3.746,6.278,0.636,0.372,0.745
histogram,otsu,binary,256,1,0,0.3278,159.87,-0.13,3.766,6.292,0.642,0.381,0.822
histogram,otsu,binary,257,1,0,0.3278,159.87,-0.13,3.76,6.213,0.66,0.378,0.739
histogram,otsu,binary,258,1,0,0.3278,159.87,-0.13,3.729,6.221,0.646,0.417,0.757
histogram,otsu,binary,259,1,0,0.3264,159.85,-0.15,3.726,6.182,0.645,0.378,0.752
histogram,otsu,binary,260,1,0,0.3264,159.86,-0.14,3.747,6.201,0.65,0.381,0.741
histogram,otsu,binary,261,1,0,0.3278,159.91,-0.09,3.639,6.17,0.643,0.378,0.741
histogram,otsu,binary,262,1,0,0.3278,159.91,-0.09,3.71,6.229,0.641,0.381,0.755
histogram,otsu,binary,263,1,0,0.3222,159.89,-0.11,3.724,6.257,0.641,0.377,0.827
histogram,otsu,binary,264,1,0,0.3222,159.89,-0.11,3.723,6.151,0.637,0.375,0.732
histogram,otsu,binary,265,1,0,0.3208,159.85,-0.15,3.803,6.333,0.645,0.419,0.743
histogram,otsu,binary,266,1,0,0.3208,159.85,-0.15,3.748,6.186,0.642,0.373,0.74
histogram,otsu,binary,267,1,0,0.3208,159.83,-0.17,3.727,6.187,0.674,0.382,0.716
histogram,otsu,binary,268,1,0,0.3208,159.83,-0.17,3.667,6.176,0.646,0.374,0.749
histogram,otsu,binary,269,1,0,0.3278,159.96,-0.04,3.695,6.205,0.631,0.378,0.739
histogram,otsu,binary,270,1,0,0.3278,159.96,-0.04,3.731,6.268,0.644,0.373,0.841
histogram,otsu,binary,271,1,0,0.3236,159.8,-0.2,3.735,6.194,0.643,0.377,0.767
histogram,otsu,binary,272,1,0,0.3236,159.8,-0.2,3.76,6.25,0.637,0.42,0.751
histogram,otsu,binary,273,1,0,0.3236,159.81,-0.19,3.737,6.166,0.636,0.375,0.732
histogram,otsu,binary,274,1,0,0.3278,159.85,-0.15,3.706,6.222,0.681,0.383,0.759
histogram,otsu,binary,275,1,0,0.3278,159.85,-0.15,3.722,6.187,0.636,0.374,0.741
histogram,otsu,binary,276,1,0,0.3278,159.85,-0.15,3.788,6.285,0.64,0.376,0.731
histogram,otsu,binary,277,1,0,0.3208,159.91,-0.09,3.734,6.302,0.646,0.373,0.851
histogram,otsu,binary,278,1,0,0.3306,159.91,-0.09,3.726,6.176,0.637,0.378,0.739
histogram,otsu,binary,279,1,0,0.3306,159.91,-0.09,3.76,6.243,0.645,0.418,0.739
histogram,otsu,binary,280,1,0,0.3264,159.85,-0.15,3.742,6.178,0.634,0.377,0.739
histogram,otsu,binary,281,1,0,0.3194,159.87,-0.13,3.734,6.209,0.684,0.378,0.734
histogram,otsu,binary,282,1,0,0.325,159.83,-0.17,3.74,6.193,0.638,0.377,0.755
histogram,otsu,binary,283,1,0,0.325,159.83,-0.17,3.73,6.204,0.628,0.374,0.728
histogram,otsu,binary,284,1,0,0.3264,159.87,-0.13,3.724,6.257,0.641,0.377,0.835
histogram,otsu,binary,285,1,0,0.3194,159.8,-0.2,3.715,6.211,0.637,0.373,0.757
histogram,otsu,binary,286,1,0,0.3208,159.82,-0.18,3.806,6.311,0.644,0.417,0.754
histogram,otsu,binary,287,1,0,0.3208,159.82,-0.18,3.726,6.171,0.641,0.376,0.759
histogram,otsu,binary,288,1,0,0.3264,159.8,-0.2,3.714,6.198,0.679,0.383,0.744
histogram,otsu,binary,289,1,0,0.3264,159.88,-0.12,3.738,6.198,0.65,0.379,0.755
histogram,otsu,binary,290,1,0,0.3264,159.88,-0.12,3.722,6.25,0.628,0.38,0.752
histogram,otsu,binary,291,1,0,0.3236,159.8,-0.2,3.707,6.255,0.646,0.374,0.852
histogram,otsu,binary,292,1,0,0.3167,159.87,-0.13,3.725,6.157,0.632,0.377,0.745
histogram,otsu,binary,293,1,0,0.3208,159.85,-0.15,3.788,6.286,0.636,0.42,0.756
histogram,otsu,binary,294,1,0,0.3208,159.85,-0.15,3.768,6.198,0.636,0.373,0.743
histogram,otsu,binary,295,1,0,0.3208,159.86,-0.14,3.708,6.233,0.677,0.384,0.75
histogram,otsu,binary,296,1,0,0.3236,159.81,-0.19,3.785,6.227,0.648,0.375,0.749
histogram,otsu,binary,297,1,0,0.3194,159.85,-0.15,3.722,6.254,0.635,0.376,0.758
histogram,otsu,binary,298,1,0,0.3194,159.85,-0.15,3.723,6.255,0.634,0.378,0.838
histogram,otsu,binary,299,1,0,0.3236,159.81,-0.19,3.708,6.151,0.631,0.379,0.751
histogram,otsu,binary,300,1,0,0.3236,159.81,-0.19,3.746,6.238,0.643,0.417,0.745
histogram,otsu,binary,301,1,0,0.3236,159.87,-0.13,3.756,6.214,0.642,0.379,0.742
histogram,otsu,binary,302,1,0,0.3306,159.84,-0.16,3.726,6.215,0.674,0.376,0.756
histogram,otsu,binary,303,1,0,0.3306,159.84,-0.16,3.732,6.183,0.636,0.375,0.756
histogram,otsu,binary,304,1,0,0.3278,159.81,-0.19,3.717,6.209,0.628,0.373,0.746
histogram,otsu,binary,305,1,0,0.3264,159.85,-0.15,3.726,6.284,0.644,0.379,0.816
histogram,otsu,binary,306,1,0,0.3278,159.89,-0.11,3.738,6.166,0.629,0.376,0.745
histogram,otsu,binary,307,1,0,0.3278,159.89,-0.11,3.802,6.323,0.645,0.38,0.818
histogram,otsu,binary,308,1,0,0.3264,159.85,-0.15,3.736,6.172,0.639,0.379,0.734
histogram,otsu,binary,309,1,0,0.4194,159.75,-0.25,3.808,6.239,0.686,0.377,0.692
histogram,otsu,binary,310,1,0,0.3681,159.94,-0.06,3.747,6.172,0.642,0.378,0.714
histogram,otsu,binary,311,1,0,0.3681,159.94,-0.06,3.712,6.233,0.615,0.377,0.713
histogram,otsu,binary,312,1,0,0.3375,159.84,-0.16,3.947,6.604,0.649,0.379,0.84
histogram,otsu,binary,313,1,0,0.3361,159.86,-0.14,3.709,6.123,0.639,0.379,0.717
histogram,otsu,binary,314,1,0,0.3361,159.86,-0.14,3.794,6.243,0.636,0.421,0.705
histogram,otsu,binary,315,1,0,0.3375,159.9,-0.1,3.734,6.202,0.652,0.378,0.723
histogram,otsu,binary,316,1,0,0.3181,159.74,-0.26,3.731,6.231,0.681,0.381,0.745
histogram,otsu,binary,317,1,0,0.3375,159.78,-0.22,3.647,6.161,0.646,0.374,0.754
histogram,otsu,binary,318,1,0,0.3375,159.78,-0.22,3.716,6.226,0.65,0.374,0.74
histogram,otsu,binary,319,1,0,0.3403,159.8,-0.2,3.759,6.303,0.65,0.376,0.837
histogram,otsu,binary,320,1,0,0.3181,159.89,-0.11,3.747,6.209,0.65,0.376,0.755
histogram,otsu,binary,321,1,0,0.3111,159.85,-0.15,3.749,6.258,0.637,0.419,0.78
histogram,otsu,binary,322,1,0,0.3111,159.85,-0.15,3.769,6.225,0.644,0.379,0.745
histogram,otsu,binary,323,1,0,0.3208,159.82,-0.18,3.735,6.226,0.681,0.378,0.751
histogram,otsu,binary,324,1,0,0.3208,159.82,-0.18,3.661,6.191,0.636,0.379,0.758
histogram,otsu,binary,325,1,0,0.3139,159.89,-0.11,3.722,6.29,0.638,0.375,0.773
histogram,otsu,binary,326,1,0,0.3139,159.89,-0.11,3.749,6.283,0.638,0.379,0.834
histogram,otsu,binary,327,1,0,0.3181,159.83,-0.17,3.734,6.196,0.636,0.379,0.766
histogram,otsu,binary,328,1,0,0.3181,159.83,-0.17,3.759,6.259,0.645,0.421,0.753
histogram,otsu,binary,329,1,0,0.3125,159.81,-0.19,3.766,6.22,0.649,0.376,0.748
histogram,otsu,binary,330,1,0,0.3125,159.81,-0.19,3.728,6.244,0.691,0.383,0.76
histogram,otsu,binary,331,1,0,0.3125,159.84,-0.16,3.653,6.206,0.653,0.379,0.773
histogram,otsu,binary,332,1,0,0.3125,159.84,-0.16,3.817,6.337,0.63,0.377,0.761
histogram,otsu,binary,333,1,0,0.3264,159.71,-0.29,3.767,6.284,0.648,0.374,0.813
histogram,otsu,binary,334,1,0,0.3264,159.71,-0.29,3.753,6.198,0.635,0.378,0.745
histogram,otsu,binary,335,1,0,0.3222,159.83,-0.17,3.766,6.282,0.678,0.381,0.75
histogram,otsu,binary,336,1,0,0.3083,159.88,-0.12,3.787,6.24,0.636,0.379,0.749
histogram,otsu,binary,337,1,0,0.3208,159.81,-0.19,3.778,6.279,0.64,0.376,0.743
histogram,otsu,binary,338,1,0,0.3208,159.81,-0.19,3.724,6.265,0.647,0.378,0.837
histogram,otsu,binary,339,1,0,0.3125,159.87,-0.13,3.738,6.194,0.632,0.377,0.76
histogram,otsu,binary,340,1,0,0.3111,159.84,-0.16,3.763,6.28,0.646,0.381,0.806
histogram,otsu,binary,341,1,0,0.3208,159.8,-0.2,3.751,6.21,0.638,0.379,0.758
histogram,otsu,binary,342,1,0,0.3208,159.8,-0.2,3.745,6.245,0.678,0.378,0.766
histogram,otsu,binary,343,1,0,0.3181,159.76,-0.24,3.75,6.217,0.64,0.378,0.767
histogram,otsu,binary,344,1,0,0.3181,159.82,-0.18,3.745,6.25,0.628,0.377,0.749
histogram,otsu,binary,345,1,0,0.3181,159.9,-0.1,3.724,6.306,0.649,0.376,0.842
histogram,otsu,binary,346,1,0,0.3181,159.9,-0.1,3.732,6.183,0.631,0.379,0.747
histogram,otsu,binary,347,1,0,0.3208,159.74,-0.26,3.747,6.237,0.643,0.417,0.75
histogram,otsu,binary,348,1,0,0.3208,159.74,-0.26,3.757,6.234,0.642,0.378,0.767
histogram,otsu,binary,349,1,0,0.3181,159.83,-0.17,3.729,6.218,0.684,0.382,0.742
histogram,otsu,binary,350,1,0,0.3181,159.83,-0.17,3.804,6.281,0.651,0.378,0.764
histogram,otsu,binary,351,1,0,0.3181,159.83,-0.17,3.719,6.226,0.626,0.377,0.754
histogram,otsu,binary,352,1,0,0.3167,159.81,-0.19,3.734,6.309,0.657,0.375,0.856
histogram,otsu,binary,353,1,0,0.3139,159.85,-0.15,3.713,6.179,0.638,0.378,0.764
histogram,otsu,binary,354,1,0,0.325,159.78,-0.22,3.77,6.269,0.646,0.417,0.751
histogram,otsu,binary,355,1,0,0.325,159.78,-0.22,4.458,6.948,0.64,0.375,0.761
histogram,otsu,binary,356,1,0,0.3208,159.75,-0.25,3.825,7.098,1.026,0.399,1.157
histogram,otsu,binary,357,1,0,0.3097,159.83,-0.17,3.796,6.343,0.708,0.387,0.768
histogram,otsu,binary,358,1,0,0.3167,159.84,-0.16,3.732,6.291,0.65,0.379,0.759
histogram,otsu,binary,359,1,0,0.3167,159.84,-0.16,3.729,6.225,0.604,0.378,0.763
histogram,otsu,binary,360,1,0,0.3181,159.76,-0.24,3.846,6.374,0.649,0.374,0.828
histogram,adaptive,binary,0,1,0,1.0,111.06,-48.94,6.004,16.872,1.032,7.984,1.174
histogram,adaptive,binary,1,1,0,1.0,110.57,-49.43,5.199,16.316,0.737,8.493,1.143
histogram,adaptive,binary,2,1,0,1.0,111.06,-48.94,5.158,18.717,0.697,11.059,1.034
histogram,adaptive,binary,3,1,0,1.0,111.06,-48.94,5.657,16.612,0.644,7.739,1.742
histogram,adaptive,binary,4,1,0,1.0,111.06,-48.94,4.613,14.964,1.006,7.271,1.365
histogram,adaptive,binary,5,1,0,1.0,111.07,-48.93,4.503,14.865,1.007,7.293,1.348
histogram,adaptive,binary,6,1,0,1.0,111.07,-48.93,4.485,15.006,1.062,7.416,1.343
histogram,adaptive,binary,7,1,0,1.0,111.06,-48.94,4.491,14.702,1.002,7.266,1.248
histogram,adaptive,binary,8,1,0,1.0,111.55,-48.45,4.593,14.911,0.993,7.254,1.36
histogram,adaptive,binary,9,1,0,1.0,111.06,-48.94,4.486,14.805,0.995,7.277,1.346
histogram,adaptive,binary,10,1,0,1.0,111.06,-48.94,4.467,14.661,1.049,7.217,1.232
histogram,adaptive,binary,11,1,0,1.0,111.55,-48.45,4.478,14.889,0.997,7.282,1.369
histogram,adaptive,binary,12,1,0,1.0,111.06,-48.94,4.513,15.072,1.009,7.484,1.357
histogram,adaptive,binary,13,1,0,1.0,111.56,-48.44,4.393,14.56,1.044,7.27,1.07
histogram,adaptive,binary,14,1,0,1.0,111.56,-48.44,4.461,14.463,1.095,7.141,1.084
histogram,adaptive,binary,15,1,0,1.0,111.56,-48.44,4.415,13.907,0.642,7.195,0.968
histogram,adaptive,binary,16,1,0,1.0,111.56,-48.44,4.963,14.992,0.997,7.3,1.001
histogram,adaptive,binary,17,1,0,1.0,111.06,-48.94,4.877,15.575,1.013,7.437,1.546
histogram,adaptive,binary,18,1,0,1.0,110.57,-49.43,4.932,15.589,1.055,7.408,1.498
histogram,adaptive,binary,19,1,0,1.0,111.06,-48.94,5.09,15.449,1.013,7.383,1.264
histogram,adaptive,binary,20,1,0,1.0,111.06,-48.94,4.716,15.207,1.012,7.507,1.28
histogram,adaptive,binary,21,1,0,1.0,111.06,-48.94,4.445,14.777,0.998,7.259,1.371
histogram,adaptive,binary,22,1,0,1.0,110.57,-49.43,4.548,14.666,1.042,7.095,1.308
histogram,adaptive,binary,23,1,0,1.0,110.57,-49.43,4.464,14.627,0.986,7.159,1.306
histogram,adaptive,binary,24,1,0,1.0,111.06,-48.94,4.42,14.329,0.982,7.149,1.101
histogram,adaptive,binary,25,1,0,1.0,111.06,-48.94,4.381,14.578,1.042,7.108,1.386
histogram,adaptive,binary,26,1,0,1.0,111.06,-48.94,4.38,14.328,0.991,7.123,1.146
histogram,adaptive,binary,27,1,0,1.0,111.06,-48.94,4.368,14.373,0.984,7.182,1.1
histogram,adaptive,binary,28,1,0,1.0,111.06,-48.94,4.38,14.575,0.993,7.159,1.366
histogram,adaptive,binary,29,1,0,1.0,111.06,-48.94,4.372,14.479,0.992,7.131,1.309
histogram,adaptive,binary,30,1,0,1.0,111.06,-48.94,4.358,14.541,1.045,7.172,1.288
histogram,adaptive,binary,31,1,0,1.0,111.06,-48.94,4.38,14.582,0.993,7.148,1.316
histogram,adaptive,binary,32,1,0,1.0,111.56,-48.44,4.364,14.514,0.99,7.19,1.296
histogram,adaptive,binary,33,1,0,1.0,111.56,-48.44,4.364,14.585,1.048,7.122,1.338
histogram,adaptive,binary,34,1,0,1.0,111.56,-48.44,4.462,14.377,0.998,7.136,1.117
histogram,adaptive,binary,35,1,0,1.0,111.56,-48.44,4.422,14.342,0.988,7.147,1.108
histogram,adaptive,binary,36,1,0,1.0,111.56,-48.44,4.384,14.447,1.031,7.12,1.233
histogram,adaptive,binary,37,1,0,1.0,111.06,-48.94,4.382,14.303,0.986,7.133,1.116
histogram,adaptive,binary,38,1,0,1.0,111.06,-48.94,4.366,14.546,0.99,7.175,1.278
histogram,adaptive,binary,39,1,0,1.0,111.07,-48.93,4.381,14.536,0.997,7.123,1.36
histogram,adaptive,binary,40,1,0,1.0,111.07,-48.93,4.385,14.321,0.987,7.147,1.128
histogram,adaptive,binary,41,1,0,1.0,111.56,-48.44,4.361,14.343,1.036,7.125,1.144
histogram,adaptive,binary,42,1,0,1.0,111.06,-48.94,4.44,14.574,0.979,7.157,1.313
histogram,adaptive,binary,43,1,0,1.0,110.57,-49.43,4.354,14.311,0.982,7.175,1.101
histogram,adaptive,binary,44,1,0,1.0,110.57,-49.43,4.377,14.591,1.039,7.109,1.384
histogram,adaptive,binary,45,1,0,1.0,110.57,-49.43,4.371,14.477,0.994,7.13,1.307
histogram,adaptive,binary,46,1,0,1.0,110.57,-49.43,4.365,14.52,0.982,7.146,1.289
histogram,adaptive,binary,47,1,0,1.0,111.07,-48.93,4.541,14.833,0.996,7.157,1.406
histogram,adaptive,binary,48,1,0,1.0,111.07,-48.93,4.389,14.31,0.984,7.153,1.1
histogram,adaptive,binary,49,1,0,1.0,111.55,-48.45,4.363,14.557,0.985,7.172,1.302
histogram,adaptive,binary,50,1,0,1.0,111.55,-48.45,4.367,14.542,0.984,7.133,1.382
histogram,adaptive,binary,51,1,0,1.0,111.06,-48.94,4.428,14.528,0.986,7.145,1.301
histogram,adaptive,binary,52,1,0,1.0,111.06,-48.94,4.382,14.421,1.057,7.17,1.122
histogram,adaptive,binary,53,1,0,1.0,111.06,-48.94,4.431,14.371,0.985,7.126,1.113
histogram,adaptive,binary,54,1,0,1.0,111.06,-48.94,4.396,14.518,0.981,7.183,1.287
histogram,adaptive,binary,55,1,0,1.0,111.07,-48.93,4.369,14.387,1.032,7.112,1.193
histogram,adaptive,binary,56,1,0,1.0,111.07,-48.93,4.389,14.573,0.98,7.218,1.311
histogram,adaptive,binary,57,1,0,1.0,111.56,-48.44,4.348,14.326,0.983,7.199,1.116
histogram,adaptive,binary,58,1,0,1.0,112.05,-47.95,4.379,14.586,0.989,7.17,1.379
histogram,adaptive,binary,59,1,0,1.0,112.05,-47.95,4.36,14.456,0.992,7.124,1.306
histogram,adaptive,binary,60,1,0,1.0,110.08,-49.92,4.358,14.534,0.984,7.171,1.28
histogram,adaptive,binary,61,1,0,1.0,111.55,-48.45,4.383,14.582,0.994,7.155,1.372
histogram,adaptive,binary,62,1,0,1.0,111.55,-48.45,4.375,14.357,0.999,7.137,1.159
histogram,adaptive,binary,63,1,0,1.0,111.06,-48.94,4.351,14.535,1.044,7.091,1.333
histogram,adaptive,binary,64,1,0,1.0,111.06,-48.94,5.262,15.197,0.985,7.149,1.127
histogram,adaptive,binary,65,1,0,1.0,111.07,-48.93,4.577,15.024,1.071,7.293,1.367
histogram,adaptive,binary,66,1,0,1.0,111.07,-48.93,4.536,14.689,1.002,7.315,1.133
histogram,adaptive,binary,67,1,0,1.0,111.06,-48.94,4.463,14.91,1.055,7.275,1.417
histogram,adaptive,binary,68,1,0,1.0,110.57,-49.43,4.492,14.699,0.997,7.298,1.141
histogram,adaptive,binary,69,1,0,1.0,112.08,-47.92,4.518,14.616,0.993,7.252,1.166
histogram,adaptive,binary,70,0,0,0.0,0.0,,2.929,13.301,1.049,7.289,1.331
histogram,adaptive,binary,71,0,0,0.0,0.0,,2.938,13.031,1.004,7.234,1.157
histogram,adaptive,binary,72,1,0,1.0,110.58,-49.42,4.569,14.663,0.987,7.272,1.14
histogram,adaptive,binary,73,1,0,1.0,111.09,-48.91,4.707,15.035,1.001,7.262,1.327
histogram,adaptive,binary,74,1,0,1.0,112.08,-47.92,4.368,14.561,0.99,7.217,1.243
histogram,adaptive,binary,75,1,0,1.0,112.08,-47.92,4.45,14.443,0.994,7.151,1.099
histogram,adaptive,binary,76,1,0,1.0,111.09,-48.91,4.364,14.285,0.983,7.152,1.105
histogram,adaptive,binary,77,1,0,1.0,111.09,-48.91,4.357,14.49,1.034,7.112,1.31
histogram,adaptive,binary,78,1,0,1.0,111.09,-48.91,4.439,14.517,0.993,7.158,1.254
histogram,adaptive,binary,79,1,0,1.0,111.09,-48.91,4.366,14.286,0.974,7.19,1.08
histogram,adaptive,binary,80,1,0,1.0,108.56,-51.44,4.384,14.361,1.04,7.109,1.149
histogram,adaptive,binary,81,1,0,1.0,110.05,-49.95,4.355,14.239,0.989,7.149,1.073
histogram,adaptive,binary,82,1,0,1.0,110.05,-49.95,4.344,14.334,1.028,7.126,1.152
histogram,adaptive,binary,83,1,0,1.0,108.08,-51.92,4.503,14.449,0.989,7.134,1.114
histogram,adaptive,binary,84,1,0,1.0,107.58,-52.42,4.347,14.314,0.986,7.203,1.104
histogram,adaptive,binary,85,1,0,1.0,107.58,-52.42,4.385,14.423,1.047,7.145,1.173
histogram,adaptive,binary,86,1,0,1.0,107.58,-52.42,4.35,14.624,0.984,7.148,1.469
histogram,adaptive,binary,87,1,0,1.0,109.58,-50.42,4.363,14.364,0.992,7.164,1.085
histogram,adaptive,binary,88,1,0,1.0,109.58,-50.42,4.379,14.335,0.987,7.126,1.088
histogram,adaptive,binary,89,1,0,1.0,109.08,-50.92,4.382,14.272,0.992,7.13,1.095
histogram,adaptive,binary,90,1,0,1.0,109.08,-50.92,4.373,14.523,1.027,7.096,1.361
histogram,adaptive,binary,91,1,0,1.0,108.08,-51.92,4.378,14.445,0.985,7.128,1.274
histogram,adaptive,binary,92,1,0,1.0,108.08,-51.92,4.36,14.52,0.98,7.178,1.262
histogram,adaptive,binary,93,1,0,1.0,108.09,-51.91,4.38,14.624,1.036,7.11,1.371
histogram,adaptive,binary,94,1,0,1.0,105.6,-54.4,4.385,14.452,0.988,7.131,1.275
histogram,adaptive,binary,95,1,0,1.0,105.6,-54.4,4.356,14.384,0.988,7.192,1.1
histogram,adaptive,binary,96,0,0,0.0,0.0,,2.797,12.953,0.988,7.136,1.351
histogram,adaptive,binary,97,1,0,1.0,112.04,-47.96,4.371,14.354,1.033,7.112,1.16
histogram,adaptive,binary,98,1,0,1.0,112.04,-47.96,4.434,14.501,0.994,7.134,1.267
histogram,adaptive,binary,99,1,0,1.0,112.04,-47.96,4.377,14.325,0.979,7.185,1.098
histogram,adaptive,binary,100,0,0,0.0,0.0,,2.804,12.802,1.035,7.124,1.168
histogram,adaptive,binary,101,1,1,0.6,142.07,-17.93,4.152,14.322,1.029,7.187,1.296
histogram,adaptive,binary,102,1,1,0.6,143.05,-16.95,4.286,14.398,0.984,7.135,1.314
histogram,adaptive,binary,103,1,1,0.6,143.05,-16.95,4.145,14.134,0.984,7.184,1.099
histogram,adaptive,binary,104,1,1,0.6,146.07,-13.93,4.163,14.277,0.984,7.159,1.296
histogram,adaptive,binary,105,1,1,0.6,208.08,48.08,4.14,14.234,0.987,7.152,1.271
histogram,adaptive,binary,106,1,1,0.6,208.08,48.08,4.157,14.305,1.036,7.113,1.321
histogram,adaptive,binary,107,1,1,0.6,188.01,28.01,4.176,14.203,0.991,7.255,1.092
histogram,adaptive,binary,108,1,1,0.6,188.01,28.01,4.148,14.152,0.99,7.18,1.091
histogram,adaptive,binary,109,1,1,0.6,208.15,48.15,4.171,14.044,0.988,7.136,1.068
histogram,adaptive,binary,110,1,1,0.6,208.15,48.15,4.145,14.04,0.976,7.184,1.055
histogram,adaptive,binary,111,1,1,0.6,208.15,48.15,4.173,14.141,0.992,7.145,1.073
histogram,adaptive,binary,112,1,1,0.6,120.24,-39.76,4.154,14.216,0.99,7.167,1.221
histogram,adaptive,binary,113,1,1,0.6,123.22,-36.78,4.17,14.165,1.04,7.096,1.15
histogram,adaptive,binary,114,1,1,0.6,123.22,-36.78,4.149,14.018,0.985,7.146,1.068
histogram,adaptive,binary,115,1,1,0.6,128.25,-31.75,4.203,14.348,1.036,7.121,1.305
histogram,adaptive,binary,116,1,1,0.6,128.25,-31.75,4.162,14.226,0.987,7.136,1.271
histogram,adaptive,binary,117,1,1,0.6,130.27,-29.73,4.141,14.143,0.989,7.165,1.103
histogram,adaptive,binary,118,1,1,0.6,137.27,-22.73,4.652,14.53,0.986,7.139,1.076
histogram,adaptive,binary,119,1,1,0.6,137.27,-22.73,4.143,14.174,0.994,7.163,1.197
histogram,adaptive,binary,120,1,1,0.6,137.33,-22.67,4.172,14.131,1.032,7.097,1.154
histogram,adaptive,binary,121,1,1,0.6,124.33,-35.67,4.178,14.165,0.984,7.147,1.184
histogram,adaptive,binary,122,1,1,0.6,124.33,-35.67,4.158,14.211,1.025,7.096,1.254
histogram,adaptive,binary,123,1,1,0.6,209.25,49.25,4.165,14.1,0.983,7.143,1.104
histogram,adaptive,binary,124,1,1,0.6,209.25,49.25,4.148,14.216,1.032,7.182,1.176
histogram,adaptive,binary,125,1,1,0.6,192.33,32.33,4.166,14.075,0.994,7.172,1.073
histogram,adaptive,binary,126,1,1,0.6,165.3,5.3,4.141,14.175,0.995,7.157,1.144
histogram,adaptive,binary,127,1,1,0.6,165.3,5.3,4.164,14.229,0.979,7.14,1.166
histogram,adaptive,binary,128,0,0,0.0,0.0,,2.863,12.766,0.994,7.138,1.088
histogram,adaptive,binary,129,1,0,1.0,110.92,-49.08,4.395,14.261,0.992,7.106,1.086
histogram,adaptive,binary,130,1,0,1.0,110.92,-49.08,4.365,14.385,0.985,7.214,1.086
histogram,adaptive,binary,131,1,0,1.0,103.04,-56.96,4.405,14.509,0.984,7.153,1.221
histogram,adaptive,binary,132,1,0,1.0,103.04,-56.96,4.361,14.375,0.977,7.158,1.214
histogram,adaptive,binary,133,1,0,1.0,93.91,-66.09,4.361,14.341,1.034,7.109,1.12
histogram,adaptive,binary,134,1,0,1.0,93.91,-66.09,4.956,15.319,0.995,7.278,1.323
histogram,adaptive,binary,135,1,0,1.0,93.91,-66.09,4.489,14.734,1.002,7.274,1.259
histogram,adaptive,binary,136,1,0,0.9944,94.57,-65.43,4.452,14.66,1.002,7.288,1.11
histogram,adaptive,binary,137,1,0,1.0,91.65,-68.35,4.449,14.589,0.998,7.251,1.184
histogram,adaptive,binary,138,1,0,1.0,91.65,-68.35,4.572,14.853,0.995,7.245,1.298
histogram,adaptive,binary,139,1,0,1.0,91.65,-68.35,4.402,15.202,1.008,7.743,1.277
histogram,adaptive,binary,140,1,0,0.9583,86.03,-73.97,4.194,14.414,1.038,7.249,1.221
histogram,adaptive,binary,141,1,0,0.9792,86.04,-73.96,4.284,14.601,0.995,7.291,1.33
histogram,adaptive,binary,142,1,0,1.0,86.12,-73.88,4.193,14.3,0.993,7.254,1.149
histogram,adaptive,binary,143,1,0,1.0,86.12,-73.88,4.776,15.306,1.054,7.243,1.479
histogram,adaptive,binary,144,1,0,1.0,86.1,-73.9,4.163,14.324,0.998,7.159,1.244
histogram,adaptive,binary,145,1,0,1.0,86.22,-73.78,4.441,14.498,0.986,7.168,1.211
histogram,adaptive,binary,146,1,0,1.0,86.22,-73.78,4.4,14.556,1.053,7.127,1.281
histogram,adaptive,binary,147,1,0,1.0,86.22,-73.78,4.229,14.191,1.0,7.158,1.128
histogram,adaptive,binary,148,1,0,1.0,86.22,-73.78,4.124,14.133,0.988,7.158,1.117
histogram,adaptive,binary,149,1,0,1.0,86.24,-73.76,4.176,14.068,0.979,7.16,1.079
histogram,adaptive,binary,150,1,0,1.0,86.22,-73.78,4.107,14.003,0.984,7.154,1.079
histogram,adaptive,binary,151,1,0,1.0,86.22,-73.78,4.116,14.06,0.981,7.143,1.08
histogram,adaptive,binary,152,1,0,1.0,86.22,-73.78,4.073,14.122,0.983,7.164,1.225
histogram,adaptive,binary,153,1,0,0.95,86.14,-73.86,4.101,14.094,0.994,7.136,1.157
histogram,adaptive,binary,154,1,0,0.95,86.14,-73.86,4.083,14.119,0.99,7.152,1.215
histogram,adaptive,binary,155,1,0,0.95,86.14,-73.86,4.113,14.266,1.039,7.117,1.323
histogram,adaptive,binary,156,1,0,0.9736,86.18,-73.82,4.115,13.977,0.98,7.15,1.064
histogram,adaptive,binary,157,1,0,0.9236,86.13,-73.87,4.101,14.064,1.036,7.127,1.132
histogram,adaptive,binary,158,1,0,0.9236,86.13,-73.87,4.109,13.981,0.989,7.126,1.075
histogram,adaptive,binary,159,1,0,0.9389,86.14,-73.86,4.085,14.176,1.041,7.103,1.264
histogram,adaptive,binary,160,1,0,0.9625,90.64,-69.36,4.112,13.956,0.988,7.121,1.052
histogram,adaptive,binary,161,1,0,0.9514,86.2,-73.8,4.1,14.204,0.993,7.173,1.19
histogram,adaptive,binary,162,1,0,0.9514,86.2,-73.8,4.11,14.106,0.983,7.152,1.184
histogram,adaptive,binary,163,1,0,0.9611,86.16,-73.84,4.12,14.191,1.005,7.167,1.185
histogram,adaptive,binary,164,1,0,0.9611,86.16,-73.84,4.109,14.161,0.988,7.14,1.249
histogram,adaptive,binary,165,1,0,0.9889,86.13,-73.87,4.094,14.0,0.987,7.136,1.097
histogram,adaptive,binary,166,1,0,1.0,86.22,-73.78,4.115,14.086,1.027,7.126,1.137
histogram,adaptive,binary,167,1,0,1.0,86.22,-73.78,4.086,14.0,0.99,7.158,1.08
histogram,adaptive,binary,168,1,0,1.0,86.22,-73.78,4.109,14.095,1.035,7.107,1.165
histogram,adaptive,binary,169,1,0,1.0,89.05,-70.95,4.096,13.972,0.986,7.135,1.062
histogram,adaptive,binary,170,1,0,1.0,89.05,-70.95,4.129,14.226,1.039,7.115,1.267
histogram,adaptive,binary,171,1,0,1.0,89.05,-70.95,4.11,13.971,0.992,7.12,1.069
histogram,adaptive,binary,172,1,0,1.0,86.22,-73.78,4.094,14.046,1.042,7.093,1.124
histogram,adaptive,binary,173,1,0,1.0,86.22,-73.78,4.127,14.191,0.989,7.125,1.242
histogram,adaptive,binary,174,1,0,0.9639,86.08,-73.92,4.111,14.247,0.98,7.239,1.173
histogram,adaptive,binary,175,1,0,0.9639,86.08,-73.92,4.173,14.201,0.987,7.133,1.232
histogram,adaptive,binary,176,1,0,0.9347,86.18,-73.82,4.079,14.098,0.986,7.188,1.162
histogram,adaptive,binary,177,1,0,0.9375,87.17,-72.83,4.087,14.053,0.983,7.149,1.149
histogram,adaptive,binary,178,1,0,0.9375,87.17,-72.83,4.095,13.993,0.98,7.157,1.077
histogram,adaptive,binary,179,1,0,0.9375,87.17,-72.83,4.155,14.202,0.991,7.251,1.134
histogram,adaptive,binary,180,1,0,0.9361,86.12,-73.88,4.095,13.965,0.986,7.133,1.078
histogram,adaptive,binary,181,1,0,0.9431,86.13,-73.87,4.124,14.123,1.041,7.115,1.178
histogram,adaptive,binary,182,1,0,0.9736,86.11,-73.89,4.08,14.13,0.988,7.163,1.218
histogram,adaptive,binary,183,1,0,0.9736,86.11,-73.89,4.097,14.168,1.047,7.137,1.168
histogram,adaptive,binary,184,1,0,1.0,86.15,-73.85,4.094,14.114,0.993,7.113,1.236
histogram,adaptive,binary,185,1,0,1.0,92.68,-67.32,4.338,14.329,0.992,7.179,1.071
histogram,adaptive,binary,186,1,0,1.0,99.18,-60.82,4.404,14.41,0.991,7.132,1.212
histogram,adaptive,binary,187,1,0,1.0,99.18,-60.82,4.349,14.364,0.991,7.166,1.186
histogram,adaptive,binary,188,1,0,1.0,95.25,-64.75,4.397,14.435,1.127,7.113,1.11
histogram,adaptive,binary,189,1,0,1.0,93.73,-66.27,4.35,14.304,0.983,7.12,1.164
histogram,adaptive,binary,190,1,0,1.0,93.73,-66.27,4.326,14.604,0.995,7.378,1.162
histogram,adaptive,binary,191,1,0,1.0,93.73,-66.27,4.347,14.279,0.985,7.138,1.121
histogram,adaptive,binary,192,1,0,1.0,94.7,-65.3,4.353,14.207,0.985,7.144,1.044
histogram,adaptive,binary,193,1,0,1.0,93.22,-66.78,4.339,14.531,1.04,7.123,1.311
histogram,adaptive,binary,194,1,0,1.0,92.75,-67.25,4.441,14.452,0.986,7.142,1.151
histogram,adaptive,binary,195,1,0,1.0,92.75,-67.25,4.338,14.323,0.981,7.164,1.155
histogram,adaptive,binary,196,1,0,1.0,91.23,-68.77,4.327,14.319,0.991,7.134,1.191
histogram,adaptive,binary,197,1,0,1.0,87.35,-72.65,4.166,14.024,0.983,7.144,1.058
histogram,adaptive,binary,198,1,0,1.0,87.35,-72.65,4.193,14.348,1.233,7.111,1.122
histogram,adaptive,binary,199,1,0,1.0,86.24,-73.76,4.112,14.041,0.992,7.134,1.124
histogram,adaptive,binary,200,1,0,1.0,86.24,-73.76,4.089,14.093,1.044,7.181,1.101
histogram,adaptive,binary,201,1,0,1.0,86.22,-73.78,4.171,14.133,0.983,7.151,1.142
histogram,adaptive,binary,202,1,0,1.0,86.22,-73.78,4.091,14.061,0.979,7.166,1.072
histogram,adaptive,binary,203,1,0,1.0,86.22,-73.78,4.162,14.205,0.981,7.131,1.209
histogram,adaptive,binary,204,1,0,1.0,86.22,-73.78,4.277,14.734,0.989,7.55,1.231
histogram,adaptive,binary,205,1,0,1.0,86.22,-73.78,4.169,14.263,1.173,7.131,1.115
histogram,adaptive,binary,206,1,0,1.0,86.22,-73.78,4.203,14.073,0.981,7.152,1.057
histogram,adaptive,binary,207,1,0,1.0,86.22,-73.78,4.087,14.026,1.053,7.163,1.048
histogram,adaptive,binary,208,1,0,1.0,86.22,-73.78,4.32,14.206,0.993,7.157,1.057
histogram,adaptive,binary,209,1,0,1.0,90.52,-69.48,4.299,14.381,0.99,7.203,1.125
histogram,adaptive,binary,210,1,0,1.0,90.52,-69.48,4.322,14.336,0.988,7.186,1.08
histogram,adaptive,binary,211,1,0,1.0,110.02,-49.98,4.358,14.225,0.98,7.158,1.052
histogram,adaptive,binary,212,1,0,1.0,110.02,-49.98,4.365,14.424,1.033,7.137,1.205
histogram,adaptive,binary,213,1,1,0.6,217.11,57.11,4.154,14.06,0.987,7.122,1.095
histogram,adaptive,binary,214,1,1,0.6,217.11,57.11,4.143,14.069,1.042,7.142,1.057
histogram,adaptive,binary,215,1,1,0.6,112.97,-47.03,4.176,14.07,0.983,7.146,1.083
histogram,adaptive,binary,216,1,1,0.6,126.97,-33.03,4.164,14.281,0.991,7.176,1.197
histogram,adaptive,binary,217,1,1,0.6,116.97,-43.03,4.236,14.119,0.981,7.143,1.081
histogram,adaptive,binary,218,1,0,1.0,121.5,-38.5,4.366,14.26,0.979,7.162,1.073
histogram,adaptive,binary,219,1,0,1.0,121.5,-38.5,4.381,14.44,1.057,7.142,1.169
histogram,adaptive,binary,220,1,0,1.0,86.25,-73.75,4.111,13.96,0.988,7.121,1.058
histogram,adaptive,binary,221,0,0,0.0,0.0,,2.8,12.785,1.04,7.119,1.142
histogram,adaptive,binary,222,0,0,0.0,0.0,,2.858,12.806,0.981,7.186,1.059
histogram,adaptive,binary,223,0,0,0.0,0.0,,2.868,12.836,0.984,7.158,1.118
histogram,adaptive,binary,224,0,0,0.0,0.0,,2.893,12.821,0.984,7.159,1.081
histogram,adaptive,binary,225,1,0,0.9375,193.99,33.99,4.403,14.467,1.041,7.11,1.231
histogram,adaptive,binary,226,1,0,0.9375,193.99,33.99,4.391,14.386,0.992,7.139,1.183
histogram,adaptive,binary,227,1,0,0.9292,197.87,37.87,4.431,14.43,1.048,7.166,1.101
histogram,adaptive,binary,228,1,0,0.9292,197.87,37.87,4.436,14.515,0.989,7.141,1.199
histogram,adaptive,binary,229,1,0,0.9458,203.17,43.17,4.416,14.368,0.995,7.157,1.113
histogram,adaptive,binary,230,1,0,0.9333,201.42,41.42,4.411,14.474,1.035,7.114,1.236
histogram,adaptive,binary,231,1,0,0.9333,201.42,41.42,4.42,14.318,0.987,7.137,1.099
histogram,adaptive,binary,232,1,0,0.9278,201.02,41.02,4.391,14.401,0.991,7.157,1.119
histogram,adaptive,binary,233,1,0,0.9319,198.52,38.52,4.405,14.566,0.985,7.17,1.291
histogram,adaptive,binary,234,1,0,0.9306,206.15,46.15,4.414,14.441,0.98,7.151,1.215
histogram,adaptive,binary,235,1,0,0.9306,206.15,46.15,4.402,14.43,1.04,7.173,1.133
histogram,adaptive,binary,236,1,0,0.9264,197.03,37.03,4.477,14.4,0.981,7.135,1.119
histogram,adaptive,binary,237,1,0,0.9306,202.94,42.94,4.401,14.437,0.987,7.153,1.218
histogram,adaptive,binary,238,1,0,0.9306,202.94,42.94,4.41,14.54,1.037,7.106,1.31
histogram,adaptive,binary,239,1,0,0.9319,195.02,35.02,4.402,14.44,0.983,7.138,1.239
histogram,adaptive,binary,240,1,0,0.9319,195.02,35.02,4.371,14.32,0.975,7.156,1.13
histogram,adaptive,binary,241,1,0,0.9292,206.64,46.64,4.423,14.438,0.993,7.143,1.188
histogram,adaptive,binary,242,1,0,0.9278,193.53,33.53,4.38,14.397,0.987,7.125,1.223
histogram,adaptive,binary,243,1,0,0.9278,193.53,33.53,4.41,14.572,1.038,7.192,1.229
histogram,adaptive,binary,244,1,0,0.9278,199.51,39.51,4.415,14.514,0.993,7.122,1.239
histogram,adaptive,binary,245,1,0,0.9319,203.92,43.92,4.394,14.339,0.993,7.143,1.128
histogram,adaptive,binary,246,1,0,0.9319,203.92,43.92,4.39,14.48,1.032,7.148,1.228
histogram,adaptive,binary,247,1,0,0.9306,202.95,42.95,4.4,14.406,0.986,7.114,1.229
histogram,adaptive,binary,248,1,0,0.9306,202.95,42.95,4.387,14.453,0.976,7.178,1.228
histogram,adaptive,binary,249,1,0,0.9333,202.96,42.96,4.41,14.452,1.036,7.118,1.209
histogram,adaptive,binary,250,1,0,0.9333,202.96,42.96,4.941,14.978,0.987,7.147,1.229
histogram,adaptive,binary,251,1,0,0.9361,199.5,39.5,4.398,14.374,0.989,7.178,1.126
histogram,adaptive,binary,252,1,0,0.9361,199.5,39.5,4.435,14.456,1.045,7.106,1.189
histogram,adaptive,binary,253,1,0,0.9292,195.52,35.52,4.387,14.338,0.983,7.134,1.122
histogram,adaptive,binary,254,1,0,0.9292,195.52,35.52,4.399,14.517,1.04,7.176,1.227
histogram,adaptive,binary,255,1,0,0.9292,195.52,35.52,4.403,14.5,0.98,7.141,1.222
histogram,adaptive,binary,256,1,0,0.9306,207.1,47.1,4.397,14.387,0.991,7.197,1.107
histogram,adaptive,binary,257,1,0,0.9333,202.01,42.01,4.398,14.522,1.04,7.113,1.295
histogram,adaptive,binary,258,1,0,0.9333,202.01,42.01,4.498,14.559,0.986,7.134,1.267
histogram,adaptive,binary,259,1,0,0.9264,194.03,34.03,4.384,14.355,0.978,7.18,1.132
histogram,adaptive,binary,260,1,0,0.9292,195.03,35.03,4.406,14.452,1.034,7.128,1.201
histogram,adaptive,binary,261,1,0,0.9292,194.53,34.53,4.685,14.626,0.989,7.134,1.141
histogram,adaptive,binary,262,1,0,0.9292,194.53,34.53,4.398,14.504,0.987,7.148,1.231
histogram,adaptive,binary,263,1,0,0.9278,195.03,35.03,4.493,14.546,0.983,7.143,1.21
histogram,adaptive,binary,264,1,0,0.9278,195.03,35.03,4.443,14.413,0.997,7.176,1.117
histogram,adaptive,binary,265,1,0,0.9306,194.52,34.52,4.38,14.399,1.047,7.161,1.129
histogram,adaptive,binary,266,1,0,0.9306,194.52,34.52,4.479,14.496,0.981,7.137,1.226
histogram,adaptive,binary,267,1,0,0.9333,195.52,35.52,4.39,14.339,0.984,7.149,1.131
histogram,adaptive,binary,268,1,0,0.9333,195.52,35.52,4.433,14.468,1.04,7.104,1.197
histogram,adaptive,binary,269,1,0,0.9333,195.53,35.53,4.39,14.34,0.996,7.136,1.138
histogram,adaptive,binary,270,1,0,0.9333,195.53,35.53,4.378,14.513,0.982,7.173,1.24
histogram,adaptive,binary,271,1,0,0.9292,202.98,42.98,4.4,14.415,0.981,7.143,1.202
histogram,adaptive,binary,272,1,0,0.9292,202.98,42.98,4.475,14.427,0.987,7.166,1.114
histogram,adaptive,binary,273,1,0,0.9306,202.48,42.48,4.682,14.851,1.04,7.119,1.305
histogram,adaptive,binary,274,1,0,0.9292,195.03,35.03,4.425,14.747,1.027,7.391,1.22
histogram,adaptive,binary,275,1,0,0.9292,195.03,35.03,4.39,14.428,0.99,7.149,1.23
histogram,adaptive,binary,276,1,0,0.9319,202.49,42.49,4.393,14.542,0.996,7.176,1.232
histogram,adaptive,binary,277,1,0,0.9292,206.65,46.65,4.388,14.502,0.981,7.15,1.237
histogram,adaptive,binary,278,1,0,0.9292,203.94,43.94,4.395,14.463,0.979,7.181,1.218
histogram,adaptive,binary,279,1,0,0.9292,203.94,43.94,4.39,14.663,1.188,7.115,1.295
histogram,adaptive,binary,280,1,0,0.9292,202.97,42.97,4.468,14.509,0.979,7.144,1.23
histogram,adaptive,binary,281,1,0,0.9292,203.44,43.44,4.398,14.514,0.986,7.24,1.216
histogram,adaptive,binary,282,1,0,0.9347,195.52,35.52,4.387,14.388,1.038,7.106,1.187
histogram,adaptive,binary,283,1,0,0.9347,195.52,35.52,4.394,14.361,0.992,7.151,1.116
histogram,adaptive,binary,284,1,0,0.9292,199.53,39.53,4.372,14.499,0.985,7.182,1.211
histogram,adaptive,binary,285,1,0,0.9319,207.15,47.15,4.563,14.583,0.997,7.153,1.189
histogram,adaptive,binary,286,1,0,0.9306,206.63,46.63,4.394,14.429,0.983,7.137,1.228
histogram,adaptive,binary,287,1,0,0.9306,206.63,46.63,4.42,14.547,0.991,7.157,1.239
histogram,adaptive,binary,288,1,0,0.9306,199.02,39.02,4.384,14.396,0.989,7.131,1.133
histogram,adaptive,binary,289,1,0,0.9333,203.47,43.47,4.389,14.406,0.99,7.128,1.221
histogram,adaptive,binary,290,1,0,0.9333,203.47,43.47,4.461,14.475,1.033,7.108,1.19
histogram,adaptive,binary,291,1,0,0.9319,202.47,42.47,4.465,14.415,0.979,7.162,1.124
histogram,adaptive,binary,292,1,0,0.9319,199.52,39.52,4.366,14.428,0.986,7.163,1.234
histogram,adaptive,binary,293,1,0,0.9319,195.52,35.52,4.413,14.476,1.043,7.111,1.202
histogram,adaptive,binary,294,1,0,0.9319,195.52,35.52,4.371,14.309,0.981,7.154,1.13
histogram,adaptive,binary,295,1,0,0.9278,200.0,40.0,4.396,14.414,1.057,7.158,1.121
histogram,adaptive,binary,296,1,0,0.9306,202.98,42.98,4.409,14.489,0.982,7.138,1.216
histogram,adaptive,binary,297,1,0,0.9292,205.65,45.65,4.403,14.328,0.984,7.149,1.109
histogram,adaptive,binary,298,1,0,0.9292,205.65,45.65,4.413,14.43,1.034,7.096,1.204
histogram,adaptive,binary,299,1,0,0.9306,199.51,39.51,4.397,14.411,0.986,7.131,1.216
histogram,adaptive,binary,300,1,0,0.9306,199.51,39.51,4.378,14.5,0.986,7.172,1.219
histogram,adaptive,binary,301,1,0,0.9319,199.02,39.02,4.431,14.426,0.984,7.134,1.187
histogram,adaptive,binary,302,1,0,0.9306,199.53,39.53,4.376,14.436,0.982,7.154,1.24
histogram,adaptive,binary,303,1,0,0.9306,199.53,39.53,4.359,14.518,1.076,7.147,1.234
histogram,adaptive,binary,304,1,0,0.9333,199.02,39.02,4.439,14.366,0.988,7.109,1.14
histogram,adaptive,binary,305,1,0,0.9306,202.46,42.46,4.396,14.348,0.993,7.151,1.128
histogram,adaptive,binary,306,1,0,0.9333,199.02,39.02,4.399,14.511,1.025,7.121,1.289
histogram,adaptive,binary,307,1,0,0.9333,199.02,39.02,4.429,14.348,0.992,7.14,1.12
histogram,adaptive,binary,308,1,0,0.9306,166.5,6.5,4.372,14.461,0.988,7.151,1.217
histogram,adaptive,binary,309,0,0,0.0,0.0,,2.789,12.745,0.99,7.146,1.151
histogram,adaptive,binary,310,1,0,0.9569,202.98,42.98,4.392,14.371,1.036,7.098,1.169
histogram,adaptive,binary,311,1,0,0.9569,202.98,42.98,4.419,14.361,0.98,7.129,1.154
histogram,adaptive,binary,312,1,0,0.9375,204.41,44.41,4.4,14.377,0.977,7.18,1.086
histogram,adaptive,binary,313,1,0,0.95,198.55,38.55,4.394,14.442,0.992,7.159,1.198
histogram,adaptive,binary,314,1,0,0.95,198.55,38.55,4.369,14.29,0.986,7.127,1.137
histogram,adaptive,binary,315,1,0,0.9375,198.02,38.02,4.421,14.493,1.04,7.114,1.244
histogram,adaptive,binary,316,1,0,0.9278,200.95,40.95,4.558,14.472,0.988,7.126,1.114
histogram,adaptive,binary,317,1,0,0.9347,198.52,38.52,4.397,14.463,0.992,7.192,1.203
histogram,adaptive,binary,318,1,0,0.9347,198.52,38.52,4.391,14.498,1.028,7.115,1.288
histogram,adaptive,binary,319,1,0,0.9319,203.43,43.43,4.407,14.386,0.992,7.119,1.192
histogram,adaptive,binary,320,1,0,0.9264,205.97,45.97,4.37,14.486,0.982,7.191,1.203
histogram,adaptive,binary,321,1,0,0.9292,203.47,43.47,4.423,14.629,0.987,7.267,1.275
histogram,adaptive,binary,322,1,0,0.9292,203.47,43.47,4.38,14.394,0.989,7.127,1.235
histogram,adaptive,binary,323,1,0,0.9306,198.51,38.51,4.399,14.523,1.049,7.257,1.112
histogram,adaptive,binary,324,1,0,0.9306,198.51,38.51,4.388,14.382,0.992,7.142,1.115
histogram,adaptive,binary,325,1,0,0.9306,199.53,39.53,4.373,14.349,0.986,7.171,1.133
histogram,adaptive,binary,326,1,0,0.9306,199.53,39.53,4.389,14.382,1.029,7.114,1.177
histogram,adaptive,binary,327,1,0,0.9278,198.05,38.05,4.416,14.434,0.992,7.13,1.219
histogram,adaptive,binary,328,1,0,0.9278,198.05,38.05,4.446,14.58,0.997,7.159,1.116
histogram,adaptive,binary,329,1,0,0.9292,199.53,39.53,4.44,14.468,0.988,7.166,1.199
histogram,adaptive,binary,330,1,0,0.9292,199.53,39.53,4.384,14.396,0.986,7.118,1.23
histogram,adaptive,binary,331,1,0,0.9306,201.02,41.02,4.376,14.546,1.049,7.199,1.244
histogram,adaptive,binary,332,1,0,0.9306,201.02,41.02,4.409,14.719,0.989,7.353,1.291
histogram,adaptive,binary,333,1,0,0.9264,198.53,38.53,4.388,14.375,0.993,7.16,1.118
histogram,adaptive,binary,334,1,0,0.9264,198.53,38.53,4.383,14.471,1.045,7.098,1.266
histogram,adaptive,binary,335,1,0,0.9292,199.52,39.52,4.474,14.386,0.993,7.135,1.114
histogram,adaptive,binary,336,1,0,0.925,200.52,40.52,4.396,14.449,0.985,7.154,1.235
histogram,adaptive,binary,337,1,0,0.9292,199.53,39.53,4.395,14.53,1.038,7.112,1.308
histogram,adaptive,binary,338,1,0,0.9292,199.53,39.53,4.418,14.339,0.992,7.137,1.12
histogram,adaptive,binary,339,1,0,0.9278,203.92,43.92,4.414,14.427,0.989,7.153,1.125
histogram,adaptive,binary,340,1,0,0.9264,203.38,43.38,4.395,14.464,0.983,7.119,1.287
histogram,adaptive,binary,341,1,0,0.9264,202.51,42.51,4.395,14.416,0.981,7.155,1.213
histogram,adaptive,binary,342,1,0,0.9264,202.51,42.51,4.639,14.758,1.044,7.111,1.289
histogram,adaptive,binary,343,1,0,0.9292,200.04,40.04,4.491,15.04,1.152,7.46,1.192
histogram,adaptive,binary,344,1,0,0.9292,204.3,44.3,4.424,14.482,0.985,7.179,1.218
histogram,adaptive,binary,345,1,0,0.9292,203.87,43.87,4.415,14.52,0.992,7.168,1.207
histogram,adaptive,binary,346,1,0,0.9292,203.87,43.87,4.395,14.41,0.989,7.153,1.19
histogram,adaptive,binary,347,1,0,0.9278,203.87,43.87,4.387,14.309,0.984,7.128,1.121
histogram,adaptive,binary,348,1,0,0.9278,203.87,43.87,4.382,14.411,1.035,7.119,1.19
histogram,adaptive,binary,349,1,0,0.925,201.01,41.01,4.47,14.522,0.982,7.157,1.227
histogram,adaptive,binary,350,1,0,0.9278,203.86,43.86,4.385,14.368,0.985,7.173,1.14
histogram,adaptive,binary,351,1,0,0.9278,203.86,43.86,4.421,14.432,1.041,7.102,1.191
histogram,adaptive,binary,352,1,0,0.9292,200.52,40.52,4.39,14.364,0.991,7.192,1.114
histogram,adaptive,binary,353,1,0,0.9306,200.52,40.52,4.397,14.459,1.047,7.173,1.132
histogram,adaptive,binary,354,1,0,0.9306,203.87,43.87,4.397,14.528,1.016,7.15,1.218
histogram,adaptive,binary,355,1,0,0.9306,203.87,43.87,4.415,14.442,0.985,7.138,1.223
histogram,adaptive,binary,356,1,0,0.9292,200.02,40.02,4.378,14.5,1.04,7.119,1.278
histogram,adaptive,binary,357,1,0,0.925,167.9,7.9,4.461,14.386,0.98,7.152,1.116
histogram,adaptive,binary,358,1,0,0.9278,202.9,42.9,4.442,14.509,0.981,7.182,1.229
histogram,adaptive,binary,359,1,0,0.9278,202.9,42.9,4.423,14.472,1.039,7.126,1.201
histogram,adaptive,binary,360,1,0,0.9292,203.89,43.89,4.419,14.36,1.013,7.145,1.108
histogram,fixed,combined,0,1,0,0.075,158.69,-1.31,4.975,9.722,1.871,0.133,2.024
histogram,fixed,combined,1,1,0,0.075,159.2,-0.8,5.578,8.138,0.745,0.125,0.838
histogram,fixed,combined,2,1,0,0.075,159.22,-0.78,5.317,7.848,0.746,0.126,0.835
histogram,fixed,combined,3,1,0,0.075,159.22,-0.78,4.779,7.444,0.738,0.126,0.905
histogram,fixed,combined,4,1,0,0.0736,159.23,-0.77,4.775,7.094,0.684,0.089,0.806
histogram,fixed,combined,5,1,0,0.0736,158.72,-1.28,7.794,11.85,0.676,0.445,2.182
histogram,fixed,combined,6,1,0,0.0736,158.72,-1.28,4.507,6.913,0.681,0.108,0.869
histogram,fixed,combined,7,1,0,0.075,159.47,-0.53,5.477,8.083,0.711,0.108,1.067
histogram,fixed,combined,8,1,0,0.075,159.18,-0.82,5.033,8.736,1.188,0.27,1.34
histogram,fixed,combined,9,1,0,0.0736,159.33,-0.67,3.966,6.229,0.654,0.095,0.825
histogram,fixed,combined,10,1,0,0.0736,159.33,-0.67,3.986,6.324,0.648,0.092,0.901
histogram,fixed,combined,11,1,0,0.0736,158.73,-1.27,4.063,6.306,0.626,0.094,0.816
histogram,fixed,combined,12,1,0,0.075,159.25,-0.75,4.039,6.736,0.728,0.105,1.166
histogram,fixed,combined,13,1,0,0.0736,159.4,-0.6,3.969,6.285,0.657,0.093,0.875
histogram,fixed,combined,14,1,0,0.0736,159.4,-0.6,3.963,6.202,0.645,0.093,0.815
histogram,fixed,combined,15,1,0,0.0736,159.3,-0.7,3.834,9.242,0.65,0.094,3.921
histogram,fixed,combined,16,1,0,0.0736,159.3,-0.7,3.974,7.711,1.464,0.116,1.447
histogram,fixed,combined,17,1,0,0.075,159.42,-0.58,3.974,6.799,0.992,0.098,0.972
histogram,fixed,combined,18,1,0,0.0736,159.2,-0.8,3.927,6.973,1.047,0.11,1.192
histogram,fixed,combined,19,1,0,0.075,159.13,-0.87,3.994,7.533,0.992,0.101,1.752
histogram,fixed,combined,20,1,0,0.075,159.13,-0.87,3.94,6.997,0.996,0.1,1.263
histogram,fixed,combined,21,1,0,0.0736,159.22,-0.78,3.976,6.971,0.987,0.098,1.174
histogram,fixed,combined,22,1,0,0.0736,159.62,-0.38,3.945,6.763,1.044,0.107,0.97
histogram,fixed,combined,23,1,0,0.0736,159.62,-0.38,4.004,6.815,0.999,0.101,1.017
histogram,fixed,combined,24,1,0,0.075,158.91,-1.09,4.038,6.874,1.006,0.105,0.972
histogram,fixed,combined,25,1,0,0.0736,159.2,-0.8,3.935,6.926,0.989,0.1,1.202
histogram,fixed,combined,26,1,0,0.0736,159.2,-0.8,3.949,6.976,1.044,0.112,1.181
histogram,fixed,combined,27,1,0,0.0736,159.2,-0.8,4.019,7.104,0.999,0.102,1.28
histogram,fixed,combined,28,1,0,0.075,159.44,-0.56,3.958,6.765,0.989,0.098,0.967
histogram,fixed,combined,29,1,0,0.0736,159.52,-0.48,5.638,8.618,0.986,0.103,1.193
histogram,fixed,combined,30,1,0,0.0736,159.34,-0.66,3.887,6.982,1.08,0.133,1.208
histogram,fixed,combined,31,1,0,0.0736,159.34,-0.66,3.904,6.911,0.989,0.094,1.177
histogram,fixed,combined,32,1,0,0.0736,159.16,-0.84,3.905,7.318,1.097,0.094,1.526
histogram,fixed,combined,33,1,0,0.0736,159.21,-0.79,3.915,6.761,1.066,0.094,1.001
histogram,fixed,combined,34,1,0,0.0736,159.21,-0.79,3.822,6.853,1.05,0.09,1.158
histogram,fixed,combined,35,1,0,0.075,159.24,-0.76,3.904,6.953,1.058,0.092,1.166
histogram,fixed,combined,36,1,0,0.075,159.24,-0.76,3.875,6.931,1.101,0.096,1.174
histogram,fixed,combined,37,1,0,0.0736,159.52,-0.48,4.366,7.366,0.99,0.09,1.233
histogram,fixed,combined,38,1,0,0.0736,159.52,-0.48,4.376,7.44,0.998,0.135,1.172
histogram,fixed,combined,39,1,0,0.0736,159.48,-0.52,4.326,7.539,0.995,0.132,1.265
histogram,fixed,combined,40,1,0,0.0736,159.48,-0.52,4.298,7.287,1.019,0.132,1.127
histogram,fixed,combined,41,1,0,0.0736,159.21,-0.79,4.434,7.537,1.056,0.142,1.09
histogram,fixed,combined,42,1,0,0.075,159.52,-0.48,4.331,7.421,1.071,0.148,1.153
histogram,fixed,combined,43,1,0,0.0736,159.34,-0.66,4.466,7.789,1.075,0.139,1.386
histogram,fixed,combined,44,1,0,0.0736,159.34,-0.66,4.329,7.55,1.067,0.159,1.298
histogram,fixed,combined,45,1,0,0.0736,159.54,-0.46,4.119,7.381,1.04,0.196,1.265
histogram,fixed,combined,46,1,0,0.0736,159.54,-0.46,3.971,6.93,1.004,0.094,1.166
histogram,fixed,combined,47,1,0,0.0736,159.26,-0.74,3.898,6.92,0.989,0.09,1.237
histogram,fixed,combined,48,1,0,0.0736,159.26,-0.74,3.96,6.929,1.06,0.171,0.987
histogram,fixed,combined,49,1,0,0.075,159.22,-0.78,3.862,6.789,1.029,0.098,1.141
histogram,fixed,combined,50,1,0,0.075,159.22,-0.78,3.857,6.644,0.991,0.087,1.032
histogram,fixed,combined,51,1,0,0.0736,159.52,-0.48,4.313,7.058,0.984,0.091,0.963
histogram,fixed,combined,52,1,0,0.075,159.18,-0.82,3.848,6.621,1.057,0.092,0.951
histogram,fixed,combined,53,1,0,0.075,159.18,-0.82,4.111,7.149,0.98,0.087,1.287
histogram,fixed,combined,54,1,0,0.075,159.23,-0.77,3.807,6.649,0.986,0.09,0.956
histogram,fixed,combined,55,1,0,0.0736,159.49,-0.51,3.872,6.761,0.978,0.088,1.15
histogram,fixed,combined,56,1,0,0.0736,159.49,-0.51,3.847,6.604,1.035,0.096,0.945
histogram,fixed,combined,57,1,0,0.0736,159.24,-0.76,3.857,6.63,0.983,0.087,1.018
histogram,fixed,combined,58,1,0,0.075,159.0,-1.0,3.9,6.601,0.979,0.09,0.959
histogram,fixed,combined,59,1,0,0.075,159.0,-1.0,3.899,6.662,1.04,0.099,0.943
histogram,fixed,combined,60,1,0,0.075,159.17,-0.83,3.923,6.902,0.995,0.088,1.215
histogram,fixed,combined,61,1,0,0.0736,159.51,-0.49,3.855,6.802,0.994,0.091,1.141
histogram,fixed,combined,62,1,0,0.0736,159.51,-0.49,3.849,6.637,1.061,0.093,0.961
histogram,fixed,combined,63,1,0,0.075,159.3,-0.7,3.879,6.928,0.992,0.087,1.293
histogram,fixed,combined,64,1,0,0.075,159.3,-0.7,3.786,6.757,0.993,0.086,1.147
histogram,fixed,combined,65,1,0,0.0736,159.32,-0.68,3.853,6.803,0.987,0.092,1.134
histogram,fixed,combined,66,1,0,0.0736,159.32,-0.68,3.894,6.855,1.041,0.093,1.15
histogram,fixed,combined,67,1,0,0.0736,159.36,-0.64,3.854,6.828,0.999,0.09,1.212
histogram,fixed,combined,68,1,0,0.075,159.34,-0.66,3.844,6.759,1.003,0.088,1.141
histogram,fixed,combined,69,1,0,0.0736,159.68,-0.32,3.903,6.676,1.051,0.096,0.953
histogram,fixed,combined,70,1,0,0.0736,159.2,-0.8,3.959,6.74,1.0,0.086,1.024
histogram,fixed,combined,71,1,0,0.0736,159.2,-0.8,3.924,6.685,0.983,0.089,0.976
histogram,fixed,combined,72,1,0,0.0806,158.79,-1.21,3.851,6.787,0.995,0.087,1.106
histogram,fixed,combined,73,1,0,0.0778,159.2,-0.8,3.896,6.679,1.034,0.094,0.968
histogram,fixed,combined,74,1,0,0.0819,158.37,-1.63,3.972,6.934,0.991,0.09,1.126
histogram,fixed,combined,75,1,0,0.0819,158.37,-1.63,3.954,6.667,0.977,0.089,0.969
histogram,fixed,combined,76,1,0,0.0806,158.75,-1.25,3.88,6.64,1.035,0.093,0.946
histogram,fixed,combined,77,1,0,0.0861,158.91,-1.09,3.799,7.507,0.981,0.094,1.957
histogram,fixed,combined,78,1,0,0.0861,158.91,-1.09,3.726,6.657,0.994,0.086,1.119
histogram,fixed,combined,79,1,0,0.0861,158.91,-1.09,3.808,6.606,0.984,0.09,1.041
histogram,fixed,combined,80,1,0,0.0972,157.75,-2.25,3.677,6.459,1.049,0.096,0.965
histogram,fixed,combined,81,1,0,0.1069,157.06,-2.94,3.562,6.425,0.997,0.092,1.014
histogram,fixed,combined,82,1,0,0.1069,157.06,-2.94,3.619,6.465,0.986,0.09,1.024
histogram,fixed,combined,83,1,0,0.0833,157.33,-2.67,3.802,6.585,0.998,0.089,1.015
histogram,fixed,combined,84,1,0,0.0819,158.43,-1.57,4.536,7.407,0.982,0.088,1.116
histogram,fixed,combined,85,1,0,0.0764,158.79,-1.21,3.715,6.401,0.988,0.092,0.935
histogram,fixed,combined,86,1,0,0.0764,158.79,-1.21,3.728,6.481,1.038,0.094,0.941
histogram,fixed,combined,87,1,0,0.0833,159.08,-0.92,3.735,6.514,0.992,0.09,0.946
histogram,fixed,combined,88,1,0,0.0833,159.08,-0.92,3.735,6.511,0.99,0.086,0.958
histogram,fixed,combined,89,1,0,0.0736,159.07,-0.93,3.808,6.812,0.983,0.198,1.139
histogram,fixed,combined,90,1,0,0.0736,159.07,-0.93,3.759,6.513,0.994,0.092,0.937
histogram,fixed,combined,91,1,0,0.0764,158.8,-1.2,3.753,6.704,0.985,0.087,1.097
histogram,fixed,combined,92,1,0,0.0764,158.8,-1.2,3.76,6.522,1.038,0.093,0.945
histogram,fixed,combined,93,1,0,0.0764,159.1,-0.9,3.728,6.661,0.991,0.092,1.115
histogram,fixed,combined,94,1,0,0.0764,158.25,-1.75,3.719,6.397,0.979,0.088,0.938
histogram,fixed,combined,95,1,0,0.0764,158.25,-1.75,3.76,6.503,0.985,0.138,0.939
histogram,fixed,combined,96,1,0,0.0806,151.9,-8.1,4.233,7.123,0.984,0.089,1.134
histogram,fixed,combined,97,1,0,0.0764,157.38,-2.62,3.819,6.673,0.986,0.088,1.122
histogram,fixed,combined,98,1,0,0.0764,157.38,-2.62,3.809,6.545,1.028,0.093,0.941
histogram,fixed,combined,99,1,0,0.0764,157.38,-2.62,3.816,6.754,0.982,0.089,1.185
histogram,fixed,combined,100,1,0,0.0806,158.97,-1.03,3.793,6.482,0.992,0.09,0.933
histogram,fixed,combined,101,1,0,0.0792,142.64,-17.36,4.089,6.878,1.032,0.095,0.956
histogram,fixed,combined,102,1,0,0.0667,146.51,-13.49,4.044,7.383,0.984,0.089,1.596
histogram,fixed,combined,103,1,0,0.0667,146.51,-13.49,4.906,7.669,0.999,0.092,0.926
histogram,fixed,combined,104,1,0,0.0639,148.75,-11.25,3.855,6.876,1.065,0.099,1.061
histogram,fixed,combined,105,1,0,0.0639,153.41,-6.59,4.257,6.994,0.995,0.09,0.96
histogram,fixed,combined,106,1,0,0.0639,153.41,-6.59,4.254,7.306,1.063,0.11,1.186
histogram,fixed,combined,107,1,0,0.0806,161.24,1.24,4.182,7.213,1.022,0.176,1.127
histogram,fixed,combined,108,1,0,0.0806,161.24,1.24,4.111,7.003,0.999,0.102,1.09
histogram,fixed,combined,109,1,0,0.0667,159.4,-0.6,3.889,6.87,1.019,0.101,1.167
histogram,fixed,combined,110,1,0,0.0667,159.4,-0.6,3.859,6.904,0.998,0.102,1.176
histogram,fixed,combined,111,1,0,0.0667,159.4,-0.6,3.897,6.96,1.047,0.11,1.17
histogram,fixed,combined,112,1,1,0.0467,157.42,-2.58,3.004,5.866,1.002,0.099,1.066
histogram,fixed,combined,113,1,1,0.0533,157.38,-2.62,3.143,5.987,0.993,0.098,0.985
histogram,fixed,combined,114,1,1,0.0533,157.38,-2.62,3.018,5.993,1.004,0.098,1.176
histogram,fixed,combined,115,1,0,0.0083,81.25,-78.75,3.896,6.906,1.003,0.099,1.144
histogram,fixed,combined,116,1,0,0.0083,81.25,-78.75,3.88,6.768,1.051,0.11,1.015
histogram,fixed,combined,117,1,1,0.0667,276.27,116.27,3.834,6.696,0.992,0.105,1.081
histogram,fixed,combined,118,1,1,0.075,282.08,122.08,3.833,6.725,0.991,0.096,1.099
histogram,fixed,combined,119,1,1,0.075,282.08,122.08,3.851,6.818,1.058,0.107,1.102
histogram,fixed,combined,120,1,0,0.0694,82.51,-77.49,3.951,7.081,1.109,0.109,1.207
histogram,fixed,combined,121,1,0,0.0069,80.96,-79.04,3.833,6.822,1.005,0.099,1.086
histogram,fixed,combined,122,1,0,0.0069,80.96,-79.04,3.899,6.718,1.001,0.099,1.015
histogram,fixed,combined,123,1,1,0.1042,140.65,-19.35,3.165,6.066,1.053,0.109,1.021
histogram,fixed,combined,124,1,1,0.1042,140.65,-19.35,3.036,5.895,1.068,0.139,0.978
histogram,fixed,combined,125,1,1,0.1275,210.21,50.21,3.329,6.1,1.038,0.094,0.956
histogram,fixed,combined,126,1,1,0.1483,140.69,-19.31,3.019,5.715,0.976,0.091,0.98
histogram,fixed,combined,127,1,1,0.1483,140.69,-19.31,3.026,5.818,1.033,0.097,0.969
histogram,fixed,combined,128,1,0,0.0917,175.12,15.12,3.965,6.697,0.993,0.089,0.978
histogram,fixed,combined,129,1,0,0.1653,162.93,2.93,3.947,6.717,1.027,0.092,0.956
histogram,fixed,combined,130,1,0,0.1653,162.93,2.93,3.954,6.898,0.998,0.089,1.166
histogram,fixed,combined,131,1,0,0.1667,159.2,-0.8,3.747,6.476,0.992,0.089,0.94
histogram,fixed,combined,132,1,0,0.1667,159.2,-0.8,3.744,6.662,0.999,0.089,1.089
histogram,fixed,combined,133,1,0,0.1597,156.68,-3.32,3.484,6.24,0.989,0.131,0.953
histogram,fixed,combined,134,1,0,0.1597,156.68,-3.32,3.465,6.326,0.994,0.088,1.104
histogram,fixed,combined,135,1,0,0.1597,156.68,-3.32,3.467,6.22,1.038,0.099,0.959
histogram,fixed,combined,136,1,0,0.1306,157.07,-2.93,3.439,6.185,0.981,0.089,0.925
histogram,fixed,combined,137,1,0,0.0264,155.46,-4.54,3.432,6.342,0.983,0.088,1.102
histogram,fixed,combined,138,1,0,0.0264,155.46,-4.54,3.524,6.465,1.001,0.089,1.183
histogram,fixed,combined,139,1,0,0.0264,155.46,-4.54,3.463,6.163,0.991,0.091,0.932
histogram,fixed,combined,140,1,0,0.0194,234.24,74.24,3.958,6.729,1.032,0.094,0.974
histogram,fixed,combined,141,1,0,0.0167,237.12,77.12,3.823,6.809,1.0,0.1,1.184
histogram,fixed,combined,142,1,1,0.075,176.22,16.22,3.011,5.744,0.991,0.091,0.966
histogram,fixed,combined,143,1,1,0.075,176.22,16.22,3.026,5.938,0.983,0.09,1.156
histogram,fixed,combined,144,1,1,0.0683,176.4,16.4,3.013,5.769,0.988,0.089,1.013
histogram,fixed,combined,145,1,1,0.0383,174.99,14.99,3.072,6.016,0.99,0.087,1.195
histogram,fixed,combined,146,1,1,0.02,179.83,19.83,2.724,5.428,0.995,0.1,0.944
histogram,fixed,combined,147,1,1,0.02,179.83,19.83,2.636,5.464,0.985,0.088,1.084
histogram,fixed,combined,148,1,1,0.0333,173.0,13.0,3.008,5.78,1.034,0.098,0.968
histogram,fixed,combined,149,1,1,0.045,161.71,1.71,2.776,5.481,0.986,0.089,0.955
histogram,fixed,combined,150,1,1,0.0542,174.06,14.06,3.088,5.872,1.059,0.094,0.947
histogram,fixed,combined,151,1,1,0.0542,174.06,14.06,3.091,5.809,0.99,0.088,0.94
histogram,fixed,combined,152,1,1,0.0625,172.06,12.06,3.161,6.12,0.995,0.09,1.192
histogram,fixed,combined,153,1,1,0.07,170.02,10.02,3.175,6.011,0.991,0.091,1.082
histogram,fixed,combined,154,1,1,0.07,170.02,10.02,3.185,6.075,1.032,0.093,1.088
histogram,fixed,combined,155,1,1,0.07,170.02,10.02,3.218,5.92,0.977,0.092,0.953
histogram,fixed,combined,156,1,1,0.075,174.85,14.85,3.08,5.927,1.039,0.099,1.036
histogram,fixed,combined,157,1,0,0.075,232.92,72.92,4.095,6.79,0.987,0.094,0.927
histogram,fixed,combined,158,1,0,0.075,232.92,72.92,4.11,6.858,0.993,0.089,0.929
histogram,fixed,combined,159,1,0,0.0417,233.65,73.65,4.095,6.836,0.994,0.134,0.935
histogram,fixed,combined,160,1,1,0.0858,184.11,24.11,2.957,5.756,0.987,0.088,0.973
histogram,fixed,combined,161,1,0,0.0069,229.15,69.15,3.795,6.572,1.029,0.097,0.931
histogram,fixed,combined,162,1,0,0.0069,229.15,69.15,3.803,6.565,0.986,0.09,1.003
histogram,fixed,combined,163,1,1,0.0875,187.73,27.73,3.038,5.841,0.978,0.091,1.054
histogram,fixed,combined,164,1,1,0.0875,187.73,27.73,3.037,5.972,0.993,0.087,1.173
histogram,fixed,combined,165,1,1,0.08,188.29,28.29,3.014,5.711,0.98,0.087,0.971
histogram,fixed,combined,166,1,1,0.0742,187.94,27.94,2.954,5.79,0.987,0.087,1.093
histogram,fixed,combined,167,1,1,0.0742,187.94,27.94,3.039,5.819,0.982,0.089,0.965
histogram,fixed,combined,168,1,1,0.0742,187.94,27.94,3.048,6.593,0.991,0.089,1.765
histogram,fixed,combined,169,1,1,0.0667,188.65,28.65,3.006,5.694,0.985,0.089,0.945
histogram,fixed,combined,170,1,1,0.0667,188.65,28.65,3.013,5.89,0.996,0.086,1.118
histogram,fixed,combined,171,1,1,0.0667,188.65,28.65,3.045,5.786,0.994,0.086,0.942
histogram,fixed,combined,172,1,1,0.0758,188.53,28.53,2.947,5.819,0.984,0.087,1.125
histogram,fixed,combined,173,1,1,0.085,188.31,28.31,3.024,5.8,0.987,0.087,0.957
histogram,fixed,combined,174,1,1,0.0925,187.29,27.29,2.968,5.761,0.994,0.086,1.039
histogram,fixed,combined,175,1,1,0.0925,187.29,27.29,3.054,5.863,0.988,0.088,0.974
histogram,fixed,combined,176,1,0,0.0236,236.17,76.17,3.83,6.669,0.988,0.086,1.107
histogram,fixed,combined,177,1,0,0.0542,234.9,74.9,3.972,6.806,0.994,0.088,1.077
histogram,fixed,combined,178,1,0,0.0542,234.9,74.9,3.962,6.835,1.042,0.091,1.063
histogram,fixed,combined,179,1,0,0.0542,234.9,74.9,3.978,6.912,0.981,0.089,1.187
histogram,fixed,combined,180,1,1,0.1042,196.33,36.33,3.063,5.861,0.98,0.089,1.054
histogram,fixed,combined,181,1,1,0.1017,196.73,36.73,3.072,5.898,1.046,0.094,0.98
histogram,fixed,combined,182,1,1,0.0933,197.17,37.17,3.018,5.829,0.992,0.092,1.063
histogram,fixed,combined,183,1,1,0.0933,197.17,37.17,3.054,5.812,1.033,0.089,0.962
histogram,fixed,combined,184,1,1,0.085,197.01,37.01,3.038,5.758,0.995,0.087,0.962
histogram,fixed,combined,185,1,0,0.0153,155.28,-4.72,3.548,6.519,0.985,0.086,1.231
histogram,fixed,combined,186,1,0,0.1069,157.75,-2.25,3.733,6.417,0.985,0.088,0.938
histogram,fixed,combined,187,1,0,0.1069,157.75,-2.25,3.679,6.596,1.052,0.089,1.086
histogram,fixed,combined,188,1,0,0.0542,156.23,-3.77,3.557,6.439,1.001,0.093,1.112
histogram,fixed,combined,189,1,0,0.0347,155.98,-4.02,3.523,6.213,0.982,0.094,0.952
histogram,fixed,combined,190,1,0,0.0347,155.98,-4.02,3.53,6.278,1.036,0.094,0.937
histogram,fixed,combined,191,1,0,0.0347,155.98,-4.02,3.448,6.344,0.987,0.089,1.034
histogram,fixed,combined,192,1,0,0.0597,155.86,-4.14,3.589,6.344,0.993,0.089,0.939
histogram,fixed,combined,193,1,0,0.0528,155.83,-4.17,3.542,6.58,0.988,0.09,1.293
histogram,fixed,combined,194,1,0,0.0583,155.81,-4.19,3.539,6.301,0.995,0.089,1.009
histogram,fixed,combined,195,1,0,0.0583,155.81,-4.19,3.563,6.304,1.038,0.096,0.93
histogram,fixed,combined,196,1,0,0.0139,155.24,-4.76,3.468,6.231,0.987,0.088,0.933
histogram,fixed,combined,197,1,1,0.0875,177.28,17.28,3.068,5.804,0.982,0.088,0.927
histogram,fixed,combined,198,1,1,0.0875,177.28,17.28,2.971,5.703,0.991,0.09,0.981
histogram,fixed,combined,199,1,1,0.0792,178.75,18.75,3.031,5.809,1.03,0.091,0.981
histogram,fixed,combined,200,1,1,0.0792,178.75,18.75,3.013,5.751,0.993,0.087,0.989
histogram,fixed,combined,201,1,1,0.0858,178.29,18.29,3.041,5.835,1.043,0.097,0.926
histogram,fixed,combined,202,1,1,0.0833,178.37,18.37,3.063,5.757,0.991,0.088,0.939
histogram,fixed,combined,203,1,1,0.0833,178.37,18.37,3.034,5.804,1.034,0.093,0.966
histogram,fixed,combined,204,1,1,0.0792,177.53,17.53,3.048,5.76,0.994,0.092,0.946
histogram,fixed,combined,205,1,1,0.0792,178.13,18.13,3.042,5.926,1.001,0.09,1.111
histogram,fixed,combined,206,1,1,0.0792,178.13,18.13,3.01,5.775,0.99,0.089,1.0
histogram,fixed,combined,207,1,1,0.0908,178.33,18.33,3.031,5.938,0.993,0.087,1.138
histogram,fixed,combined,208,1,1,0.0892,178.3,18.3,3.003,5.682,0.979,0.088,0.943
histogram,fixed,combined,209,1,1,0.0975,178.16,18.16,2.945,5.972,0.998,0.088,1.268
histogram,fixed,combined,210,1,1,0.0975,178.16,18.16,3.027,5.757,0.978,0.09,0.928
histogram,fixed,combined,211,1,1,0.0983,178.58,18.58,2.95,5.809,0.997,0.089,1.07
histogram,fixed,combined,212,1,1,0.0983,178.58,18.58,3.008,5.78,0.998,0.091,0.932
histogram,fixed,combined,213,1,1,0.1025,141.23,-18.77,3.237,6.008,0.991,0.088,0.929
histogram,fixed,combined,214,1,1,0.1025,141.23,-18.77,3.306,6.062,1.058,0.089,0.929
histogram,fixed,combined,215,1,0,0.0625,147.44,-12.56,4.208,7.074,0.985,0.087,1.114
histogram,fixed,combined,216,1,0,0.0694,155.87,-4.13,4.26,6.932,0.988,0.086,0.939
histogram,fixed,combined,217,1,0,0.0667,159.61,-0.39,3.89,6.709,0.989,0.092,1.006
histogram,fixed,combined,218,1,0,0.0694,157.07,-2.93,3.658,6.424,0.988,0.135,0.975
histogram,fixed,combined,219,1,0,0.0694,157.07,-2.93,3.632,6.335,0.984,0.088,0.951
histogram,fixed,combined,220,1,0,0.0444,156.08,-3.92,3.532,6.35,1.064,0.096,0.978
histogram,fixed,combined,221,1,1,0.2125,173.07,13.07,2.966,5.773,0.987,0.088,1.014
histogram,fixed,combined,222,1,1,0.2125,173.07,13.07,3.074,5.843,0.977,0.089,0.978
histogram,fixed,combined,223,1,0,0.0417,156.47,-3.53,3.523,6.388,1.013,0.094,1.095
histogram,fixed,combined,224,1,0,0.0417,156.47,-3.53,3.564,6.276,0.977,0.092,0.984
histogram,fixed,combined,225,1,0,0.0764,159.6,-0.4,3.889,6.855,0.984,0.089,1.209
histogram,fixed,combined,226,1,0,0.0764,159.6,-0.4,3.821,6.618,0.993,0.089,0.973
histogram,fixed,combined,227,1,0,0.0833,160.98,0.98,3.956,6.828,0.978,0.091,1.138
histogram,fixed,combined,228,1,0,0.0833,160.98,0.98,3.956,6.759,1.045,0.094,0.98
histogram,fixed,combined,229,1,0,0.0833,160.39,0.39,3.832,6.651,0.999,0.09,1.049
histogram,fixed,combined,230,1,0,0.0833,160.41,0.41,3.759,6.49,0.982,0.088,0.979
histogram,fixed,combined,231,1,0,0.0833,160.41,0.41,3.772,6.617,1.044,0.099,0.997
histogram,fixed,combined,232,1,0,0.0847,160.42,0.42,3.775,6.708,0.992,0.086,1.17
histogram,fixed,combined,233,1,0,0.0847,162.32,2.32,3.872,6.589,0.975,0.087,0.985
histogram,fixed,combined,234,1,0,0.0833,160.41,0.41,3.802,6.57,1.038,0.09,0.99
histogram,fixed,combined,235,1,0,0.0833,160.41,0.41,3.779,6.593,0.981,0.088,1.071
histogram,fixed,combined,236,1,0,0.0847,160.52,0.52,3.757,6.514,0.989,0.089,0.993
histogram,fixed,combined,237,1,0,0.0847,161.53,1.53,3.86,6.667,1.032,0.101,0.987
histogram,fixed,combined,238,1,0,0.0847,161.53,1.53,3.824,6.725,0.979,0.088,1.164
histogram,fixed,combined,239,1,0,0.0861,160.46,0.46,3.802,6.55,0.987,0.09,0.997
histogram,fixed,combined,240,1,0,0.0861,160.46,0.46,3.752,6.517,1.024,0.095,0.998
histogram,fixed,combined,241,1,0,0.0847,161.58,1.58,3.836,6.804,0.994,0.09,1.169
histogram,fixed,combined,242,1,0,0.0861,161.87,1.87,3.855,6.599,0.994,0.094,0.981
histogram,fixed,combined,243,1,0,0.0861,161.87,1.87,3.874,6.669,1.031,0.092,0.994
histogram,fixed,combined,244,1,0,0.0861,162.26,2.26,3.879,7.459,0.992,0.088,1.815
histogram,fixed,combined,245,1,0,0.0875,162.24,2.24,3.874,6.699,0.99,0.088,0.988
histogram,fixed,combined,246,1,0,0.0875,162.24,2.24,3.866,6.635,0.987,0.089,1.029
histogram,fixed,combined,247,1,0,0.0847,160.52,0.52,3.774,6.666,1.035,0.093,1.093
histogram,fixed,combined,248,1,0,0.0847,160.52,0.52,3.755,6.603,0.994,0.089,1.085
histogram,fixed,combined,249,1,0,0.0861,160.51,0.51,3.795,6.665,0.978,0.089,1.096
histogram,fixed,combined,250,1,0,0.0861,160.51,0.51,3.816,6.625,1.045,0.093,1.003
histogram,fixed,combined,251,1,0,0.0847,161.89,1.89,3.867,6.738,0.988,0.091,1.077
histogram,fixed,combined,252,1,0,0.0847,161.89,1.89,3.859,6.626,0.993,0.092,1.002
histogram,fixed,combined,253,1,0,0.0861,162.28,2.28,3.863,6.687,1.044,0.096,0.998
histogram,fixed,combined,254,1,0,0.0861,162.28,2.28,3.873,6.719,0.995,0.092,1.094
histogram,fixed,combined,255,1,0,0.0861,162.28,2.28,3.901,6.661,0.995,0.088,1.004
histogram,fixed,combined,256,1,0,0.0861,160.53,0.53,3.774,6.559,1.023,0.095,0.989
histogram,fixed,combined,257,1,0,0.0847,160.45,0.45,3.777,6.629,0.995,0.089,1.098
histogram,fixed,combined,258,1,0,0.0847,160.45,0.45,3.764,6.514,0.983,0.09,0.996
histogram,fixed,combined,259,1,0,0.0861,166.32,6.32,4.35,7.166,1.034,0.094,0.988
histogram,fixed,combined,260,1,0,0.0875,162.27,2.27,4.01,7.189,1.065,0.291,1.111
histogram,fixed,combined,261,1,0,0.0861,161.85,1.85,3.966,7.018,1.002,0.099,1.224
histogram,fixed,combined,262,1,0,0.0861,161.85,1.85,3.986,6.82,0.994,0.101,1.051
histogram,fixed,combined,263,1,0,0.0861,162.23,2.23,4.033,7.035,0.998,0.098,1.144
histogram,fixed,combined,264,1,0,0.0861,162.23,2.23,3.997,6.887,1.044,0.111,1.039
histogram,fixed,combined,265,1,0,0.0861,161.78,1.78,3.992,6.912,0.999,0.096,1.131
histogram,fixed,combined,266,1,0,0.0861,161.78,1.78,3.975,6.826,1.009,0.097,1.032
histogram,fixed,combined,267,1,0,0.0875,162.22,2.22,4.079,7.102,1.007,0.105,1.162
histogram,fixed,combined,268,1,0,0.0875,162.22,2.22,4.066,6.93,1.038,0.109,1.033
histogram,fixed,combined,269,1,0,0.0875,162.28,2.28,3.993,6.937,0.998,0.1,1.141
histogram,fixed,combined,270,1,0,0.0875,162.28,2.28,3.981,6.891,0.986,0.097,1.132
histogram,fixed,combined,271,1,0,0.0875,162.29,2.29,4.015,6.966,1.003,0.1,1.037
histogram,fixed,combined,272,1,0,0.0875,162.29,2.29,3.99,6.892,1.051,0.108,1.041
histogram,fixed,combined,273,1,0,0.0861,166.31,6.31,4.141,7.155,1.003,0.101,1.226
histogram,fixed,combined,274,1,0,0.0861,162.24,2.24,3.988,6.904,0.999,0.096,1.129
histogram,fixed,combined,275,1,0,0.0861,162.24,2.24,3.988,6.882,1.005,0.099,1.033
histogram,fixed,combined,276,1,0,0.0861,162.27,2.27,4.013,7.556,1.127,0.119,1.59
histogram,fixed,combined,277,1,0,0.0875,162.24,2.24,4.004,6.904,1.004,0.099,1.086
histogram,fixed,combined,278,1,0,0.0875,160.46,0.46,3.856,6.77,1.002,0.098,1.031
histogram,fixed,combined,279,1,0,0.0875,160.46,0.46,3.895,6.868,0.998,0.095,1.138
histogram,fixed,combined,280,1,0,0.0861,166.33,6.33,4.009,6.9,1.026,0.096,1.108
histogram,fixed,combined,281,1,0,0.0861,162.25,2.25,3.93,6.917,0.995,0.09,1.205
histogram,fixed,combined,282,1,0,0.0861,160.49,0.49,3.75,6.575,0.986,0.087,1.09
histogram,fixed,combined,283,1,0,0.0861,160.49,0.49,3.853,6.661,0.984,0.091,0.998
histogram,fixed,combined,284,1,0,0.0875,162.25,2.25,3.886,6.863,0.983,0.089,1.22
histogram,fixed,combined,285,1,0,0.0847,160.48,0.48,3.686,6.622,0.993,0.086,1.097
histogram,fixed,combined,286,1,0,0.0861,162.26,2.26,3.924,6.724,0.98,0.089,1.003
histogram,fixed,combined,287,1,0,0.0861,162.26,2.26,3.93,6.841,1.038,0.095,1.107
histogram,fixed,combined,288,1,0,0.0875,162.28,2.28,3.869,6.806,0.987,0.088,1.181
histogram,fixed,combined,289,1,0,0.0875,162.25,2.25,3.867,6.74,0.994,0.088,1.104
histogram,fixed,combined,290,1,0,0.0875,162.25,2.25,3.869,6.751,1.033,0.093,1.092
histogram,fixed,combined,291,1,0,0.0875,162.26,2.26,3.892,6.92,0.984,0.088,1.249
histogram,fixed,combined,292,1,0,0.0889,162.3,2.3,3.87,6.616,0.988,0.087,0.994
histogram,fixed,combined,293,1,0,0.0875,162.26,2.26,3.918,6.841,0.997,0.092,1.088
histogram,fixed,combined,294,1,0,0.0875,162.26,2.26,3.859,6.75,1.028,0.094,1.095
histogram,fixed,combined,295,1,0,0.0861,160.49,0.49,3.814,6.75,0.985,0.09,1.18
histogram,fixed,combined,296,1,0,0.0875,162.2,2.2,3.867,6.693,0.981,0.089,1.093
histogram,fixed,combined,297,1,0,0.0875,160.45,0.45,3.772,6.584,1.043,0.097,0.999
histogram,fixed,combined,298,1,0,0.0875,160.45,0.45,3.757,6.68,0.991,0.087,1.166
histogram,fixed,combined,299,1,0,0.0861,162.23,2.23,3.874,6.615,0.99,0.089,0.99
histogram,fixed,combined,300,1,0,0.0861,162.23,2.23,3.903,6.702,1.03,0.093,0.995
histogram,fixed,combined,301,1,0,0.0861,162.31,2.31,3.877,6.828,0.987,0.092,1.174
histogram,fixed,combined,302,1,0,0.0861,166.33,6.33,4.01,6.778,0.995,0.088,1.004
histogram,fixed,combined,303,1,0,0.0861,166.33,6.33,3.995,6.803,0.984,0.089,0.989
histogram,fixed,combined,304,1,0,0.0861,162.25,2.25,3.943,6.766,1.0,0.092,1.054
histogram,fixed,combined,305,1,0,0.0875,162.22,2.22,3.893,6.642,1.0,0.087,0.989
histogram,fixed,combined,306,1,0,0.0875,162.22,2.22,3.86,6.66,0.977,0.092,0.992
histogram,fixed,combined,307,1,0,0.0875,162.22,2.22,3.903,6.809,1.033,0.097,1.1
histogram,fixed,combined,308,1,0,0.0903,165.91,5.91,3.982,6.895,0.991,0.088,1.156
histogram,fixed,combined,309,1,0,0.0625,159.58,-0.42,3.731,6.465,0.988,0.093,0.984
histogram,fixed,combined,310,1,0,0.0847,160.93,0.93,3.747,6.592,1.029,0.094,1.047
histogram,fixed,combined,311,1,0,0.0847,160.93,0.93,3.777,6.645,0.985,0.089,1.075
histogram,fixed,combined,312,1,0,0.0847,161.22,1.22,3.78,6.574,0.983,0.089,1.037
histogram,fixed,combined,313,1,0,0.0847,161.23,1.23,3.803,6.583,1.046,0.092,0.976
histogram,fixed,combined,314,1,0,0.0847,161.23,1.23,3.797,6.655,0.995,0.088,1.099
histogram,fixed,combined,315,1,0,0.0903,160.43,0.43,3.735,6.481,0.991,0.089,0.981
histogram,fixed,combined,316,1,0,0.0903,161.31,1.31,3.82,6.625,1.031,0.1,1.0
histogram,fixed,combined,317,1,0,0.0903,160.49,0.49,3.735,6.563,1.012,0.088,1.048
histogram,fixed,combined,318,1,0,0.0903,160.49,0.49,3.74,6.455,0.977,0.091,0.975
histogram,fixed,combined,319,1,0,0.0903,160.41,0.41,3.767,6.56,1.043,0.093,0.979
histogram,fixed,combined,320,1,0,0.0903,161.12,1.12,3.712,6.517,0.983,0.088,0.993
histogram,fixed,combined,321,1,0,0.0903,161.96,1.96,3.873,6.734,0.998,0.091,0.993
histogram,fixed,combined,322,1,0,0.0903,161.96,1.96,3.832,6.639,1.037,0.094,0.997
histogram,fixed,combined,323,1,0,0.0903,161.93,1.93,3.771,6.68,0.995,0.089,0.992
histogram,fixed,combined,324,1,0,0.0903,161.93,1.93,3.828,6.713,0.991,0.087,1.119
histogram,fixed,combined,325,1,0,0.0903,161.93,1.93,3.827,6.635,1.04,0.095,0.994
histogram,fixed,combined,326,1,0,0.0903,161.93,1.93,3.814,6.767,0.994,0.091,1.206
histogram,fixed,combined,327,1,0,0.0903,162.36,2.36,3.843,6.702,0.994,0.087,1.099
histogram,fixed,combined,328,1,0,0.0903,162.36,2.36,3.865,6.663,1.029,0.094,1.001
histogram,fixed,combined,329,1,0,0.0903,160.6,0.6,3.767,6.573,0.99,0.087,1.066
histogram,fixed,combined,330,1,0,0.0903,160.6,0.6,3.757,6.614,0.99,0.092,1.1
histogram,fixed,combined,331,1,0,0.0903,160.58,0.58,3.743,6.691,1.035,0.092,1.102
histogram,fixed,combined,332,1,0,0.0903,160.58,0.58,3.756,6.854,0.994,0.087,1.341
histogram,fixed,combined,333,1,0,0.0903,160.54,0.54,3.784,6.529,0.998,0.087,0.977
histogram,fixed,combined,334,1,0,0.0903,160.54,0.54,3.744,6.55,1.053,0.09,0.989
histogram,fixed,combined,335,1,0,0.0903,160.49,0.49,3.755,6.679,0.994,0.092,1.176
histogram,fixed,combined,336,1,0,0.0903,160.48,0.48,3.775,6.512,0.991,0.089,0.98
histogram,fixed,combined,337,1,0,0.0903,160.48,0.48,3.745,6.634,1.031,0.093,1.091
histogram,fixed,combined,338,1,0,0.0903,160.48,0.48,3.756,6.774,0.988,0.09,1.279
histogram,fixed,combined,339,1,0,0.0903,160.5,0.5,3.754,6.504,0.993,0.088,0.986
histogram,fixed,combined,340,1,0,0.0903,160.5,0.5,3.738,6.652,1.054,0.095,1.09
histogram,fixed,combined,341,1,0,0.0903,160.49,0.49,3.813,6.817,0.988,0.086,1.232
histogram,fixed,combined,342,1,0,0.0903,160.49,0.49,3.763,6.641,0.985,0.092,1.129
histogram,fixed,combined,343,1,0,0.0903,160.5,0.5,3.757,6.672,0.988,0.094,1.108
histogram,fixed,combined,344,1,0,0.0903,160.51,0.51,3.764,6.669,0.991,0.089,1.147
histogram,fixed,combined,345,1,0,0.0903,160.47,0.47,3.677,6.604,0.995,0.088,1.103
histogram,fixed,combined,346,1,0,0.0903,160.47,0.47,3.744,6.567,0.995,0.088,0.999
histogram,fixed,combined,347,1,0,0.0903,160.48,0.48,3.787,6.693,0.983,0.089,1.149
histogram,fixed,combined,348,1,0,0.0903,160.48,0.48,3.771,6.541,0.995,0.088,0.998
histogram,fixed,combined,349,1,0,0.0903,160.49,0.49,3.771,6.563,0.985,0.09,0.985
histogram,fixed,combined,350,1,0,0.0903,160.46,0.46,3.789,6.578,0.983,0.086,1.049
histogram,fixed,combined,351,1,0,0.0903,160.46,0.46,3.813,6.724,0.998,0.09,1.104
histogram,fixed,combined,352,1,0,0.0903,160.51,0.51,3.76,6.555,0.986,0.088,0.995
histogram,fixed,combined,353,1,0,0.0903,160.48,0.48,3.791,6.562,0.989,0.089,1.034
histogram,fixed,combined,354,1,0,0.0903,160.51,0.51,3.75,6.494,0.983,0.089,0.99
histogram,fixed,combined,355,1,0,0.0903,160.51,0.51,3.749,6.68,0.995,0.089,1.116
histogram,fixed,combined,356,1,0,0.0903,160.45,0.45,3.785,6.59,0.986,0.09,1.05
histogram,fixed,combined,357,1,0,0.0903,160.53,0.53,3.788,6.527,0.981,0.089,0.991
histogram,fixed,combined,358,1,0,0.0903,160.49,0.49,3.735,6.523,0.982,0.088,0.994
histogram,fixed,combined,359,1,0,0.0903,160.49,0.49,3.764,6.6,0.997,0.087,1.076
histogram,fixed,combined,360,1,0,0.0903,160.5,0.5,3.77,6.629,0.979,0.09,1.116
histogram,otsu,combined,0,1,0,0.2167,159.35,-0.65,5.114,8.624,1.082,0.422,1.283
histogram,otsu,combined,1,1,0,0.1972,159.21,-0.79,5.462,8.625,1.078,0.401,0.958
histogram,otsu,combined,2,1,0,0.2028,159.31,-0.69,5.503,9.37,1.062,0.524,1.548
histogram,otsu,combined,3,1,0,0.2028,159.31,-0.69,5.014,9.694,1.166,0.745,1.928
histogram,otsu,combined,4,1,0,0.1986,159.32,-0.68,8.724,12.031,1.034,0.375,1.15
histogram,otsu,combined,5,1,0,0.2083,159.31,-0.69,4.383,7.688,1.006,0.384,1.154
histogram,otsu,combined,6,1,0,0.2083,159.31,-0.69,5.362,8.922,1.032,0.426,1.349
histogram,otsu,combined,7,1,0,0.1958,159.27,-0.73,4.757,9.197,1.203,0.525,1.827
histogram,otsu,combined,8,1,0,0.1986,159.28,-0.72,3.955,7.25,0.983,0.437,1.189
histogram,otsu,combined,9,1,0,0.1986,159.26,-0.74,3.994,7.562,1.003,0.388,1.456
histogram,otsu,combined,10,1,0,0.1986,159.26,-0.74,3.945,8.183,0.99,0.388,2.174
histogram,otsu,combined,11,1,0,0.1986,159.31,-0.69,3.976,7.323,0.996,0.384,1.276
histogram,otsu,combined,12,1,0,0.1958,159.3,-0.7,3.971,7.332,1.002,0.385,1.274
histogram,otsu,combined,13,1,0,0.1958,159.3,-0.7,3.964,7.252,1.001,0.378,1.214
histogram,otsu,combined,14,1,0,0.1958,159.3,-0.7,3.974,7.108,1.002,0.384,0.988
histogram,otsu,combined,15,1,0,0.1958,159.32,-0.68,3.965,7.317,1.055,0.391,1.189
histogram,otsu,combined,16,1,0,0.1958,159.32,-0.68,3.965,7.11,1.005,0.44,1.007
histogram,otsu,combined,17,1,0,0.1958,159.25,-0.75,3.973,7.352,1.001,0.384,1.295
histogram,otsu,combined,18,1,0,0.1986,159.31,-0.69,4.005,7.1,0.996,0.388,1.017
histogram,otsu,combined,19,1,0,0.1958,159.31,-0.69,3.984,7.141,0.987,0.385,0.979
histogram,otsu,combined,20,1,0,0.1958,159.31,-0.69,3.989,7.117,1.048,0.391,0.993
histogram,otsu,combined,21,1,0,0.1958,159.29,-0.71,3.958,7.065,0.999,0.435,0.982
histogram,otsu,combined,22,1,0,0.1958,159.27,-0.73,3.956,7.091,0.991,0.385,1.067
histogram,otsu,combined,23,1,0,0.1958,159.27,-0.73,3.947,7.251,1.003,0.381,1.214
histogram,otsu,combined,24,1,0,0.1986,159.29,-0.71,4.069,7.412,0.992,0.385,1.213
histogram,otsu,combined,25,1,0,0.1958,159.25,-0.75,4.072,7.402,1.057,0.39,1.198
histogram,otsu,combined,26,1,0,0.1958,159.25,-0.75,3.927,8.571,1.809,0.437,1.657
histogram,otsu,combined,27,1,0,0.1958,159.25,-0.75,3.925,7.188,1.047,0.379,1.176
histogram,otsu,combined,28,1,0,0.1958,159.27,-0.73,4.7,8.023,1.094,0.381,1.164
histogram,otsu,combined,29,1,0,0.1958,159.27,-0.73,3.906,7.616,1.109,0.382,1.501
histogram,otsu,combined,30,1,0,0.2083,159.37,-0.63,3.893,6.999,1.057,0.43,0.952
histogram,otsu,combined,31,1,0,0.2083,159.37,-0.63,3.911,7.291,1.076,0.379,1.25
histogram,otsu,combined,32,1,0,0.1986,159.19,-0.81,3.903,6.899,0.988,0.376,0.964
histogram,otsu,combined,33,1,0,0.1986,159.32,-0.68,4.359,7.434,0.997,0.376,0.951
histogram,otsu,combined,34,1,0,0.1986,159.32,-0.68,4.452,7.517,1.046,0.394,0.955
histogram,otsu,combined,35,1,0,0.2097,159.31,-0.69,4.112,7.722,1.18,0.425,1.271
histogram,otsu,combined,36,1,0,0.2097,159.31,-0.69,4.291,7.706,1.169,0.429,1.083
histogram,otsu,combined,37,1,0,0.2042,159.26,-0.74,4.454,7.8,1.015,0.471,1.166
histogram,otsu,combined,38,1,0,0.2042,159.26,-0.74,4.373,7.976,1.027,0.467,1.4
histogram,otsu,combined,39,1,0,0.1986,159.33,-0.67,4.78,8.24,1.049,0.514,1.138
histogram,otsu,combined,40,1,0,0.1986,159.33,-0.67,4.435,7.767,1.087,0.415,1.12
histogram,otsu,combined,41,1,0,0.2056,159.29,-0.71,4.594,8.359,1.063,0.472,1.483
histogram,otsu,combined,42,1,0,0.1958,159.17,-0.83,4.287,8.966,1.872,0.41,1.591
histogram,otsu,combined,43,1,0,0.1986,159.29,-0.71,4.29,7.406,1.002,0.379,0.956
histogram,otsu,combined,44,1,0,0.1986,159.29,-0.71,4.272,7.808,1.108,0.392,1.252
histogram,otsu,combined,45,1,0,0.1958,159.17,-0.83,4.012,7.774,1.046,0.391,1.579
histogram,otsu,combined,46,1,0,0.1958,159.17,-0.83,4.005,7.974,1.117,0.396,1.75
histogram,otsu,combined,47,1,0,0.1958,159.32,-0.68,4.522,8.17,1.226,0.445,1.057
histogram,otsu,combined,48,1,0,0.1958,159.32,-0.68,4.212,7.471,1.095,0.428,1.045
histogram,otsu,combined,49,1,0,0.1958,159.2,-0.8,3.991,7.208,1.116,0.396,0.979
histogram,otsu,combined,50,1,0,0.1958,159.2,-0.8,3.986,7.344,1.006,0.45,1.217
histogram,otsu,combined,51,1,0,0.1958,159.28,-0.72,3.983,7.361,1.001,0.386,1.291
histogram,otsu,combined,52,1,0,0.1972,159.24,-0.76,3.979,7.396,1.004,0.386,1.317
histogram,otsu,combined,53,1,0,0.1972,159.24,-0.76,4.02,7.058,0.991,0.38,0.976
histogram,otsu,combined,54,1,0,0.1958,159.27,-0.73,3.995,7.253,1.006,0.387,1.004
histogram,otsu,combined,55,1,0,0.1958,159.25,-0.75,3.983,7.126,1.053,0.387,1.004
histogram,otsu,combined,56,1,0,0.1958,159.25,-0.75,3.951,7.345,1.007,0.385,1.305
histogram,otsu,combined,57,1,0,0.1958,159.27,-0.73,3.982,7.336,0.994,0.384,1.284
histogram,otsu,combined,58,1,0,0.1958,159.27,-0.73,3.965,7.308,0.997,0.381,1.192
histogram,otsu,combined,59,1,0,0.1958,159.27,-0.73,4.252,7.367,0.992,0.386,0.994
histogram,otsu,combined,60,1,0,0.1986,159.32,-0.68,3.885,6.946,1.0,0.38,0.943
histogram,otsu,combined,61,1,0,0.1986,159.29,-0.71,3.892,6.93,1.038,0.38,0.947
histogram,otsu,combined,62,1,0,0.1986,159.29,-0.71,3.856,6.958,0.991,0.375,1.067
histogram,otsu,combined,63,1,0,0.1986,159.37,-0.63,3.87,6.838,0.987,0.374,0.946
histogram,otsu,combined,64,1,0,0.1986,159.37,-0.63,3.856,7.146,1.001,0.389,1.152
histogram,otsu,combined,65,1,0,0.1944,159.23,-0.77,3.865,7.109,1.038,0.38,1.159
histogram,otsu,combined,66,1,0,0.1944,159.23,-0.77,3.967,7.048,0.995,0.373,1.034
histogram,otsu,combined,67,1,0,0.1986,159.3,-0.7,3.822,6.886,0.993,0.376,0.937
histogram,otsu,combined,68,1,0,0.1986,159.26,-0.74,3.861,7.046,0.991,0.374,1.14
histogram,otsu,combined,69,1,0,0.2167,159.45,-0.55,3.892,7.156,1.044,0.379,1.127
histogram,otsu,combined,70,1,0,0.2028,159.39,-0.61,3.903,6.964,1.0,0.424,0.965
histogram,otsu,combined,71,1,0,0.2028,159.39,-0.61,3.896,6.999,0.99,0.374,1.065
histogram,otsu,combined,72,1,0,0.2403,159.93,-0.07,3.902,6.882,0.978,0.368,0.954
histogram,otsu,combined,73,1,0,0.2306,159.79,-0.21,3.894,7.151,1.06,0.379,1.149
histogram,otsu,combined,74,1,0,0.225,159.66,-0.34,3.902,6.986,1.046,0.381,0.984
histogram,otsu,combined,75,1,0,0.225,159.66,-0.34,3.913,7.195,0.999,0.375,1.229
histogram,otsu,combined,76,1,0,0.2333,159.81,-0.19,3.823,7.037,0.994,0.371,1.13
histogram,otsu,combined,77,1,0,0.3028,160.64,0.64,4.002,6.982,0.992,0.374,0.94
histogram,otsu,combined,78,1,0,0.3028,160.64,0.64,3.972,7.158,1.043,0.378,1.092
histogram,otsu,combined,79,1,0,0.3028,160.64,0.64,3.967,7.193,0.988,0.42,1.108
histogram,otsu,combined,80,1,0,0.4667,159.83,-0.17,3.926,7.124,0.998,0.374,1.151
histogram,otsu,combined,81,1,0,0.4931,160.02,0.02,3.943,7.001,0.992,0.374,1.021
histogram,otsu,combined,82,1,0,0.4931,160.02,0.02,3.901,6.954,0.988,0.373,0.945
histogram,otsu,combined,83,1,0,0.3458,159.98,-0.02,3.897,7.089,1.034,0.381,1.099
histogram,otsu,combined,84,1,0,0.2833,160.3,0.3,3.926,6.996,1.009,0.378,1.014
histogram,otsu,combined,85,1,0,0.2806,160.22,0.22,3.9,7.141,0.998,0.375,1.186
histogram,otsu,combined,86,1,0,0.2806,160.22,0.22,3.907,6.874,0.984,0.372,0.933
histogram,otsu,combined,87,1,0,0.3167,160.28,0.28,3.898,7.103,1.042,0.376,1.109
histogram,otsu,combined,88,1,0,0.3167,160.28,0.28,3.93,6.995,0.991,0.419,0.967
histogram,otsu,combined,89,1,0,0.225,160.16,0.16,3.885,7.784,0.99,0.374,1.813
histogram,otsu,combined,90,1,0,0.225,160.16,0.16,3.911,6.943,0.992,0.369,0.93
histogram,otsu,combined,91,1,0,0.1556,160.22,0.22,3.916,7.07,0.995,0.369,1.111
histogram,otsu,combined,92,1,0,0.1556,160.22,0.22,3.908,7.11,1.04,0.377,1.114
histogram,otsu,combined,93,1,0,0.1514,159.61,-0.39,3.914,7.142,1.0,0.425,1.125
histogram,otsu,combined,94,1,0,0.1431,159.55,-0.45,3.905,7.179,0.995,0.371,1.227
histogram,otsu,combined,95,1,0,0.1431,159.55,-0.45,3.898,7.132,0.996,0.374,1.121
histogram,otsu,combined,96,1,0,0.1375,152.66,-7.34,4.089,7.247,0.986,0.374,1.136
histogram,otsu,combined,97,1,0,0.1597,158.91,-1.09,3.809,6.859,1.05,0.38,0.945
histogram,otsu,combined,98,1,0,0.1597,158.91,-1.09,3.865,6.913,0.991,0.42,0.955
histogram,otsu,combined,99,1,0,0.1597,158.91,-1.09,3.811,6.908,0.983,0.373,1.032
histogram,otsu,combined,100,1,0,0.15,158.01,-1.99,3.743,6.721,0.993,0.372,0.935
histogram,otsu,combined,101,1,0,0.1611,154.89,-5.11,3.831,6.863,1.028,0.381,0.956
histogram,otsu,combined,102,1,0,0.1819,146.65,-13.35,3.87,7.121,0.985,0.376,1.209
histogram,otsu,combined,103,1,0,0.1819,146.65,-13.35,3.851,7.106,0.984,0.377,1.236
histogram,otsu,combined,104,1,0,0.2528,150.21,-9.79,3.955,7.054,0.986,0.371,1.073
histogram,otsu,combined,105,1,0,0.2931,152.6,-7.4,3.936,6.985,1.055,0.377,0.945
histogram,otsu,combined,106,1,0,0.2931,152.6,-7.4,3.933,7.171,0.984,0.437,1.137
histogram,otsu,combined,107,1,0,0.3125,158.52,-1.48,3.764,6.836,0.988,0.375,1.056
histogram,otsu,combined,108,1,0,0.3125,158.52,-1.48,3.778,6.784,0.986,0.379,0.965
histogram,otsu,combined,109,1,0,0.2986,158.85,-1.15,3.625,6.868,1.042,0.378,1.114
histogram,otsu,combined,110,1,0,0.2986,158.85,-1.15,3.653,6.681,0.984,0.423,0.946
histogram,otsu,combined,111,1,0,0.2986,158.85,-1.15,3.554,6.798,0.996,0.378,1.193
histogram,otsu,combined,112,1,0,0.1028,162.88,2.88,3.519,6.506,0.986,0.375,0.95
histogram,otsu,combined,113,1,0,0.0958,160.56,0.56,3.906,6.955,1.036,0.376,0.957
histogram,otsu,combined,114,1,0,0.0958,160.56,0.56,3.93,7.015,0.995,0.373,1.048
histogram,otsu,combined,115,1,0,0.0111,80.11,-79.89,3.588,6.72,0.984,0.375,1.098
histogram,otsu,combined,116,1,0,0.0111,80.11,-79.89,3.609,6.692,1.061,0.377,0.958
histogram,otsu,combined,117,1,0,0.0264,80.12,-79.88,3.626,6.812,1.005,0.422,1.092
histogram,otsu,combined,118,1,0,0.0667,81.3,-78.7,3.62,6.773,0.999,0.377,1.055
histogram,otsu,combined,119,1,0,0.0667,81.3,-78.7,3.687,6.818,0.978,0.376,1.005
histogram,otsu,combined,120,1,0,0.0764,81.63,-78.37,3.813,6.957,1.038,0.375,1.055
histogram,otsu,combined,121,1,0,0.0069,80.47,-79.53,3.805,6.962,0.999,0.373,1.105
histogram,otsu,combined,122,1,0,0.0069,80.47,-79.53,3.796,6.879,0.995,0.374,1.041
histogram,otsu,combined,123,1,1,0.1117,133.83,-26.17,2.996,6.137,0.995,0.377,1.035
histogram,otsu,combined,124,1,1,0.1117,133.83,-26.17,2.927,6.078,0.989,0.377,1.057
histogram,otsu,combined,125,1,1,0.1292,202.33,42.33,3.281,6.376,0.985,0.37,1.063
histogram,otsu,combined,126,1,1,0.1517,133.86,-26.14,3.027,6.08,0.983,0.418,0.968
histogram,otsu,combined,127,1,1,0.1517,133.86,-26.14,2.997,6.046,0.989,0.374,1.017
histogram,otsu,combined,128,1,0,0.1,174.47,14.47,3.872,6.95,1.033,0.378,0.996
histogram,otsu,combined,129,1,0,0.1653,162.35,2.35,3.998,7.165,0.988,0.378,1.044
histogram,otsu,combined,130,1,0,0.1653,162.35,2.35,4.033,7.092,0.98,0.373,0.96
histogram,otsu,combined,131,1,0,0.1764,159.27,-0.73,3.791,6.929,0.985,0.375,1.104
histogram,otsu,combined,132,1,0,0.1764,159.27,-0.73,3.793,6.839,1.038,0.38,0.948
histogram,otsu,combined,133,1,0,0.1667,156.68,-3.32,3.519,6.56,0.993,0.372,0.997
histogram,otsu,combined,134,1,0,0.1667,156.68,-3.32,3.521,6.504,0.994,0.376,0.938
histogram,otsu,combined,135,1,0,0.1667,156.68,-3.32,3.49,6.531,1.037,0.377,0.952
histogram,otsu,combined,136,1,0,0.1347,157.01,-2.99,3.521,6.586,0.985,0.376,1.031
histogram,otsu,combined,137,1,0,0.0625,155.56,-4.44,3.445,6.592,0.987,0.377,1.113
histogram,otsu,combined,138,1,0,0.0625,155.56,-4.44,3.445,6.641,1.039,0.381,1.103
histogram,otsu,combined,139,1,0,0.0625,155.56,-4.44,3.467,6.734,0.989,0.377,1.192
histogram,otsu,combined,140,1,0,0.0194,233.9,73.9,4.014,7.04,0.992,0.374,0.977
histogram,otsu,combined,141,1,0,0.0167,237.04,77.04,3.788,6.877,0.99,0.373,0.984
histogram,otsu,combined,142,1,1,0.0783,179.66,19.66,3.074,6.144,1.032,0.382,0.976
histogram,otsu,combined,143,1,1,0.0783,179.66,19.66,3.012,6.048,0.993,0.374,0.989
histogram,otsu,combined,144,1,1,0.0717,179.31,19.31,3.04,6.156,1.032,0.384,1.024
histogram,otsu,combined,145,1,1,0.0975,179.44,19.44,2.993,6.077,1.001,0.378,0.961
histogram,otsu,combined,146,1,0,0.1167,157.52,-2.48,3.48,6.595,1.048,0.376,1.015
histogram,otsu,combined,147,1,0,0.1167,157.52,-2.48,3.439,6.51,0.986,0.373,1.035
histogram,otsu,combined,148,1,0,0.1139,150.45,-9.55,3.865,6.889,0.986,0.375,0.988
histogram,otsu,combined,149,1,0,0.1194,141.83,-18.17,3.877,7.027,1.054,0.378,1.004
histogram,otsu,combined,150,1,1,0.1025,137.64,-22.36,3.072,6.139,0.996,0.436,0.965
histogram,otsu,combined,151,1,1,0.1025,137.64,-22.36,3.072,6.053,0.996,0.374,0.937
histogram,otsu,combined,152,1,1,0.0683,174.67,14.67,3.069,6.08,1.037,0.376,0.932
histogram,otsu,combined,153,1,1,0.0742,174.79,14.79,3.08,6.077,0.986,0.375,0.956
histogram,otsu,combined,154,1,1,0.0742,174.79,14.79,3.046,6.119,1.04,0.379,0.963
histogram,otsu,combined,155,1,1,0.0742,174.79,14.79,2.975,6.064,0.981,0.376,1.071
histogram,otsu,combined,156,1,1,0.0833,174.94,14.94,3.055,6.105,1.051,0.38,0.947
histogram,otsu,combined,157,1,0,0.075,231.86,71.86,4.195,7.252,0.994,0.379,1.019
histogram,otsu,combined,158,1,0,0.075,231.86,71.86,4.256,7.24,0.995,0.374,0.943
histogram,otsu,combined,159,1,0,0.0417,232.58,72.58,3.973,6.973,0.988,0.374,0.938
histogram,otsu,combined,160,1,1,0.0967,184.17,24.17,3.024,6.04,1.036,0.379,0.93
histogram,otsu,combined,161,1,0,0.0069,228.92,68.92,3.865,6.942,0.996,0.375,1.023
histogram,otsu,combined,162,1,0,0.0069,228.92,68.92,3.809,6.78,0.981,0.375,0.939
histogram,otsu,combined,163,1,1,0.105,187.44,27.44,3.071,6.225,1.04,0.377,1.059
histogram,otsu,combined,164,1,1,0.105,187.44,27.44,2.973,6.043,0.986,0.375,1.031
histogram,otsu,combined,165,1,1,0.0908,187.53,27.53,3.074,6.225,1.124,0.375,0.969
histogram,otsu,combined,166,1,0,0.0625,156.06,-3.94,3.583,6.636,0.985,0.373,1.043
histogram,otsu,combined,167,1,0,0.0625,156.06,-3.94,3.573,6.545,0.99,0.371,0.937
histogram,otsu,combined,168,1,0,0.0625,156.06,-3.94,3.562,6.59,1.038,0.378,0.936
histogram,otsu,combined,169,1,0,0.1764,156.87,-3.13,3.667,6.932,0.99,0.377,1.179
histogram,otsu,combined,170,1,0,0.1764,156.87,-3.13,3.669,6.795,0.997,0.376,1.077
histogram,otsu,combined,171,1,0,0.1764,156.87,-3.13,3.668,6.706,0.99,0.375,0.938
histogram,otsu,combined,172,1,0,0.1042,156.65,-3.35,3.636,6.797,0.992,0.42,1.074
histogram,otsu,combined,173,1,0,0.0722,156.01,-3.99,3.462,6.539,0.983,0.375,0.949
histogram,otsu,combined,174,1,1,0.1008,176.7,16.7,3.854,7.002,0.99,0.375,1.052
histogram,otsu,combined,175,1,1,0.1008,176.7,16.7,3.055,6.209,1.045,0.38,1.058
histogram,otsu,combined,176,1,0,0.0389,235.35,75.35,3.924,6.992,0.988,0.375,0.948
histogram,otsu,combined,177,1,0,0.0833,178.62,18.62,3.451,6.457,0.99,0.375,0.96
histogram,otsu,combined,178,1,0,0.0833,178.62,18.62,3.398,6.589,1.039,0.377,1.093
histogram,otsu,combined,179,1,0,0.0833,178.62,18.62,3.343,6.471,0.997,0.376,1.031
histogram,otsu,combined,180,1,0,0.1069,176.5,16.5,3.534,6.603,0.993,0.376,0.96
histogram,otsu,combined,181,1,0,0.0889,184.54,24.54,3.497,6.574,0.989,0.426,0.979
histogram,otsu,combined,182,1,0,0.0472,155.91,-4.09,3.478,6.635,0.989,0.376,1.13
histogram,otsu,combined,183,1,0,0.0472,155.91,-4.09,4.277,7.676,1.012,0.416,1.184
histogram,otsu,combined,184,1,0,0.1319,156.55,-3.45,3.775,6.913,0.991,0.385,1.0
histogram,otsu,combined,185,1,0,0.1569,156.71,-3.29,3.758,6.872,1.045,0.39,0.985
histogram,otsu,combined,186,1,0,0.1653,157.36,-2.64,3.72,7.027,0.999,0.389,1.23
histogram,otsu,combined,187,1,0,0.1653,157.36,-2.64,3.729,6.8,0.998,0.385,0.988
histogram,otsu,combined,188,1,0,0.1806,156.53,-3.47,3.715,6.835,1.054,0.388,0.974
histogram,otsu,combined,189,1,0,0.2139,156.75,-3.25,3.7,6.963,0.995,0.444,1.089
histogram,otsu,combined,190,1,0,0.2139,156.75,-3.25,3.659,6.818,1.007,0.388,1.07
histogram,otsu,combined,191,1,0,0.2139,156.75,-3.25,3.687,6.754,0.991,0.38,0.988
histogram,otsu,combined,192,1,0,0.1972,157.04,-2.96,3.672,6.797,1.053,0.389,0.983
histogram,otsu,combined,193,1,0,0.1514,156.2,-3.8,3.694,6.832,0.99,0.383,1.07
histogram,otsu,combined,194,1,0,0.1806,156.59,-3.41,3.74,6.871,0.985,0.385,1.073
histogram,otsu,combined,195,1,0,0.1806,156.59,-3.41,3.715,6.847,1.003,0.383,0.979
histogram,otsu,combined,196,1,0,0.2153,157.26,-2.74,3.694,6.796,1.054,0.387,0.966
histogram,otsu,combined,197,1,0,0.2083,157.54,-2.46,3.789,7.015,1.001,0.384,1.144
histogram,otsu,combined,198,1,0,0.2083,157.54,-2.46,3.732,6.86,0.998,0.384,1.055
histogram,otsu,combined,199,1,0,0.2194,157.62,-2.38,3.837,7.011,1.06,0.386,0.988
histogram,otsu,combined,200,1,0,0.2194,157.62,-2.38,3.704,6.837,1.059,0.394,0.973
histogram,otsu,combined,201,1,0,0.1819,157.58,-2.42,3.779,6.997,1.002,0.376,1.149
histogram,otsu,combined,202,1,0,0.1736,156.55,-3.45,3.979,7.205,1.0,0.383,1.147
histogram,otsu,combined,203,1,0,0.1736,156.55,-3.45,3.612,6.694,0.998,0.38,0.945
histogram,otsu,combined,204,1,0,0.2569,157.24,-2.76,3.594,6.712,0.987,0.433,1.025
histogram,otsu,combined,205,1,0,0.2028,156.62,-3.38,3.452,6.503,0.995,0.374,0.998
histogram,otsu,combined,206,1,0,0.2028,156.62,-3.38,3.536,6.56,0.989,0.37,0.925
histogram,otsu,combined,207,1,0,0.1361,156.69,-3.31,3.615,6.772,0.997,0.438,1.05
histogram,otsu,combined,208,1,0,0.1389,155.77,-4.23,3.498,6.627,1.0,0.374,1.063
histogram,otsu,combined,209,1,0,0.1958,156.23,-3.77,3.594,6.618,0.988,0.374,0.939
histogram,otsu,combined,210,1,0,0.1958,156.23,-3.77,3.583,6.602,1.036,0.384,0.934
histogram,otsu,combined,211,1,0,0.1986,157.04,-2.96,3.533,6.578,0.992,0.371,1.001
histogram,otsu,combined,212,1,0,0.1986,157.04,-2.96,3.628,6.669,0.98,0.375,1.003
histogram,otsu,combined,213,1,0,0.2292,157.62,-2.38,3.904,6.935,1.039,0.384,0.932
histogram,otsu,combined,214,1,0,0.2292,157.62,-2.38,3.949,7.025,0.993,0.375,1.028
histogram,otsu,combined,215,1,0,0.0403,144.13,-15.87,3.807,6.974,0.995,0.372,1.058
histogram,otsu,combined,216,1,0,0.0556,155.39,-4.61,4.212,7.404,0.983,0.374,1.081
histogram,otsu,combined,217,1,0,0.0389,159.25,-0.75,3.789,6.812,1.037,0.383,0.941
histogram,otsu,combined,218,1,1,0.1775,160.72,0.72,3.078,6.105,0.985,0.42,0.952
histogram,otsu,combined,219,1,1,0.1775,160.72,0.72,3.104,6.138,0.986,0.379,0.96
histogram,otsu,combined,220,1,1,0.1792,161.78,1.78,3.041,6.078,1.034,0.384,0.935
histogram,otsu,combined,221,1,1,0.1975,160.96,0.96,3.068,6.049,0.987,0.375,0.962
histogram,otsu,combined,222,1,1,0.1975,160.96,0.96,3.072,6.128,1.028,0.38,0.987
histogram,otsu,combined,223,1,0,0.3528,158.82,-1.18,3.941,7.028,0.998,0.373,0.965
histogram,otsu,combined,224,1,0,0.3528,158.82,-1.18,3.998,7.002,0.981,0.372,0.959
histogram,otsu,combined,225,1,0,0.2889,158.73,-1.27,3.986,7.074,1.044,0.38,0.985
histogram,otsu,combined,226,1,0,0.2889,158.73,-1.27,3.983,7.043,0.985,0.42,0.982
histogram,otsu,combined,227,1,0,0.2986,159.33,-0.67,3.922,7.036,0.995,0.377,1.061
histogram,otsu,combined,228,1,0,0.2986,159.33,-0.67,3.958,7.0,0.99,0.374,0.991
histogram,otsu,combined,229,1,0,0.3306,159.74,-0.26,3.858,6.953,0.986,0.375,0.981
histogram,otsu,combined,230,1,0,0.3194,159.85,-0.15,3.813,6.909,1.045,0.381,0.993
histogram,otsu,combined,231,1,0,0.3194,159.85,-0.15,3.835,6.989,0.986,0.373,1.12
histogram,otsu,combined,232,1,0,0.3278,159.81,-0.19,3.846,6.88,0.99,0.373,0.996
histogram,otsu,combined,233,1,0,0.3472,159.91,-0.09,3.827,6.935,0.986,0.376,1.003
histogram,otsu,combined,234,1,0,0.3139,159.82,-0.18,3.879,6.948,0.987,0.42,0.992
histogram,otsu,combined,235,1,0,0.3139,159.82,-0.18,3.836,6.943,1.0,0.376,1.067
histogram,otsu,combined,236,1,0,0.3278,159.83,-0.17,3.842,6.893,0.992,0.377,1.009
histogram,otsu,combined,237,1,0,0.3181,159.8,-0.2,3.851,6.956,1.052,0.379,0.991
histogram,otsu,combined,238,1,0,0.3181,159.8,-0.2,3.834,6.906,0.983,0.426,0.999
histogram,otsu,combined,239,1,0,0.3236,159.82,-0.18,3.849,6.992,0.983,0.378,1.075
histogram,otsu,combined,240,1,0,0.3236,159.82,-0.18,3.841,6.855,0.982,0.38,1.001
histogram,otsu,combined,241,1,0,0.3194,159.86,-0.14,3.86,6.966,1.04,0.377,0.998
histogram,otsu,combined,242,1,0,0.3264,159.85,-0.15,3.844,6.943,0.984,0.428,1.01
histogram,otsu,combined,243,1,0,0.3264,159.85,-0.15,3.84,6.964,0.994,0.377,1.072
histogram,otsu,combined,244,1,0,0.3236,159.84,-0.16,3.85,6.897,0.988,0.377,0.997
histogram,otsu,combined,245,1,0,0.3278,159.82,-0.18,3.885,6.953,1.038,0.377,0.998
histogram,otsu,combined,246,1,0,0.3278,159.82,-0.18,3.858,7.064,0.992,0.421,1.108
histogram,otsu,combined,247,1,0,0.3208,159.85,-0.15,3.864,6.98,0.994,0.376,1.082
histogram,otsu,combined,248,1,0,0.3208,159.85,-0.15,3.842,6.885,0.992,0.374,0.997
histogram,otsu,combined,249,1,0,0.3264,159.84,-0.16,3.835,6.94,0.976,0.372,0.993
histogram,otsu,combined,250,1,0,0.3264,159.84,-0.16,3.834,6.906,0.984,0.423,1.005
histogram,otsu,combined,251,1,0,0.3208,159.89,-0.11,3.837,6.966,0.995,0.378,1.088
histogram,otsu,combined,252,1,0,0.3208,159.89,-0.11,3.85,6.951,0.976,0.377,1.091
histogram,otsu,combined,253,1,0,0.3264,159.83,-0.17,4.088,7.19,0.982,0.372,1.002
histogram,otsu,combined,254,1,0,0.3264,159.83,-0.17,3.851,6.933,1.026,0.381,1.013
histogram,otsu,combined,255,1,0,0.3264,159.83,-0.17,3.861,6.983,0.986,0.371,1.092
histogram,otsu,combined,256,1,0,0.3278,159.87,-0.13,3.836,6.895,0.989,0.373,1.022
histogram,otsu,combined,257,1,0,0.3278,159.87,-0.13,3.876,7.082,0.994,0.377,1.092
histogram,otsu,combined,258,1,0,0.3278,159.87,-0.13,3.835,7.024,1.031,0.381,1.101
histogram,otsu,combined,259,1,0,0.3264,159.85,-0.15,3.832,6.976,0.997,0.375,1.063
histogram,otsu,combined,260,1,0,0.3264,159.86,-0.14,3.83,7.047,0.995,0.378,1.097
histogram,otsu,combined,261,1,0,0.3278,159.91,-0.09,3.811,6.922,0.986,0.376,1.092
histogram,otsu,combined,262,1,0,0.3278,159.91,-0.09,3.821,6.921,1.036,0.377,1.02
histogram,otsu,combined,263,1,0,0.3222,159.89,-0.11,3.842,7.044,1.001,0.381,1.147
histogram,otsu,combined,264,1,0,0.3222,159.89,-0.11,3.832,6.928,0.984,0.374,1.06
histogram,otsu,combined,265,1,0,0.3208,159.85,-0.15,3.834,6.96,0.978,0.373,1.104
histogram,otsu,combined,266,1,0,0.3208,159.85,-0.15,3.827,6.933,1.04,0.378,1.014
histogram,otsu,combined,267,1,0,0.3208,159.83,-0.17,3.864,7.071,0.993,0.418,1.12
histogram,otsu,combined,268,1,0,0.3208,159.83,-0.17,3.841,7.024,0.976,0.374,1.169
histogram,otsu,combined,269,1,0,0.3278,159.96,-0.04,3.819,6.867,0.983,0.378,0.981
histogram,otsu,combined,270,1,0,0.3278,159.96,-0.04,3.827,6.923,1.048,0.38,0.997
histogram,otsu,combined,271,1,0,0.3236,159.8,-0.2,3.894,7.023,0.995,0.419,1.018
histogram,otsu,combined,272,1,0,0.3236,159.8,-0.2,3.845,6.96,0.99,0.377,1.073
histogram,otsu,combined,273,1,0,0.3236,159.81,-0.19,3.806,6.873,0.992,0.375,1.022
histogram,otsu,combined,274,1,0,0.3278,159.85,-0.15,3.815,6.915,1.037,0.374,1.018
histogram,otsu,combined,275,1,0,0.3278,159.85,-0.15,3.851,6.958,0.99,0.42,1.01
histogram,otsu,combined,276,1,0,0.3278,159.85,-0.15,3.834,7.044,0.992,0.371,1.166
histogram,otsu,combined,277,1,0,0.3208,159.91,-0.09,3.859,6.909,0.992,0.375,1.012
histogram,otsu,combined,278,1,0,0.3306,159.91,-0.09,3.83,7.045,1.054,0.377,1.107
histogram,otsu,combined,279,1,0,0.3306,159.91,-0.09,3.812,7.05,0.997,0.431,1.104
histogram,otsu,combined,280,1,0,0.3264,159.85,-0.15,3.827,6.956,0.993,0.376,1.083
histogram,otsu,combined,281,1,0,0.3194,159.87,-0.13,3.825,6.95,0.983,0.378,1.085
histogram,otsu,combined,282,1,0,0.325,159.83,-0.17,3.832,7.043,0.996,0.376,1.103
histogram,otsu,combined,283,1,0,0.325,159.83,-0.17,3.844,6.937,1.046,0.377,0.994
histogram,otsu,combined,284,1,0,0.3264,159.87,-0.13,3.835,7.058,0.986,0.378,1.2
histogram,otsu,combined,285,1,0,0.3194,159.8,-0.2,3.81,7.026,0.992,0.372,1.11
histogram,otsu,combined,286,1,0,0.3208,159.82,-0.18,3.835,7.015,0.977,0.375,1.1
histogram,otsu,combined,287,1,0,0.3208,159.82,-0.18,3.863,6.949,1.032,0.382,1.002
histogram,otsu,combined,288,1,0,0.3264,159.8,-0.2,3.866,6.95,0.996,0.374,1.041
histogram,otsu,combined,289,1,0,0.3264,159.88,-0.12,3.765,6.91,0.996,0.374,0.998
histogram,otsu,combined,290,1,0,0.3264,159.88,-0.12,3.825,6.95,0.977,0.376,1.097
histogram,otsu,combined,291,1,0,0.3236,159.8,-0.2,3.824,6.974,1.04,0.382,1.006
histogram,otsu,combined,292,1,0,0.3167,159.87,-0.13,3.837,7.019,0.984,0.372,1.149
histogram,otsu,combined,293,1,0,0.3208,159.85,-0.15,3.856,6.978,0.992,0.375,1.075
histogram,otsu,combined,294,1,0,0.3208,159.85,-0.15,3.843,6.958,0.982,0.378,1.092
histogram,otsu,combined,295,1,0,0.3208,159.86,-0.14,3.902,6.989,1.028,0.382,0.997
histogram,otsu,combined,296,1,0,0.3236,159.81,-0.19,3.873,6.977,0.988,0.422,1.019
histogram,otsu,combined,297,1,0,0.3194,159.85,-0.15,3.832,7.064,0.999,0.378,1.172
histogram,otsu,combined,298,1,0,0.3194,159.85,-0.15,3.856,6.876,0.979,0.375,0.998
histogram,otsu,combined,299,1,0,0.3236,159.81,-0.19,3.902,7.041,1.056,0.381,0.995
histogram,otsu,combined,300,1,0,0.3236,159.81,-0.19,3.833,6.904,0.99,0.423,1.002
histogram,otsu,combined,301,1,0,0.3236,159.87,-0.13,3.863,7.011,0.993,0.376,1.102
histogram,otsu,combined,302,1,0,0.3306,159.84,-0.16,3.832,6.991,0.992,0.376,1.11
histogram,otsu,combined,303,1,0,0.3306,159.84,-0.16,3.819,6.933,0.995,0.373,0.992
histogram,otsu,combined,304,1,0,0.3278,159.81,-0.19,3.834,6.939,0.986,0.384,1.008
histogram,otsu,combined,305,1,0,0.3264,159.85,-0.15,3.876,7.119,1.0,0.375,1.192
histogram,otsu,combined,306,1,0,0.3278,159.89,-0.11,3.854,6.906,0.993,0.372,0.998
histogram,otsu,combined,307,1,0,0.3278,159.89,-0.11,3.836,6.961,0.984,0.376,1.023
histogram,otsu,combined,308,1,0,0.3264,159.85,-0.15,3.865,7.045,1.034,0.383,1.081
histogram,otsu,combined,309,1,0,0.4194,159.75,-0.25,3.868,6.965,0.976,0.374,1.062
histogram,otsu,combined,310,1,0,0.3681,159.94,-0.06,3.827,6.896,0.982,0.376,1.04
histogram,otsu,combined,311,1,0,0.3681,159.94,-0.06,3.829,6.968,0.993,0.372,1.023
histogram,otsu,combined,312,1,0,0.3375,159.84,-0.16,3.983,7.04,1.031,0.38,0.971
histogram,otsu,combined,313,1,0,0.3361,159.86,-0.14,3.866,7.017,1.001,0.369,1.102
histogram,otsu,combined,314,1,0,0.3361,159.86,-0.14,3.806,6.876,0.986,0.376,0.97
histogram,otsu,combined,315,1,0,0.3375,159.9,-0.1,3.84,6.948,0.994,0.376,0.992
histogram,otsu,combined,316,1,0,0.3181,159.74,-0.26,3.848,6.949,1.036,0.38,1.013
histogram,otsu,combined,317,1,0,0.3375,159.78,-0.22,3.856,7.048,0.99,0.373,1.15
histogram,otsu,combined,318,1,0,0.3375,159.78,-0.22,3.772,6.88,0.989,0.374,0.997
histogram,otsu,combined,319,1,0,0.3403,159.8,-0.2,3.806,6.915,0.994,0.376,1.027
histogram,otsu,combined,320,1,0,0.3181,159.89,-0.11,3.842,7.033,1.038,0.38,1.096
histogram,otsu,combined,321,1,0,0.3111,159.85,-0.15,4.583,7.662,0.989,0.376,1.041
histogram,otsu,combined,322,1,0,0.3111,159.85,-0.15,3.866,6.977,0.989,0.376,1.072
histogram,otsu,combined,323,1,0,0.3208,159.82,-0.18,3.86,6.908,0.996,0.371,0.995
histogram,otsu,combined,324,1,0,0.3208,159.82,-0.18,3.829,7.023,0.983,0.372,1.1
histogram,otsu,combined,325,1,0,0.3139,159.89,-0.11,3.862,6.958,1.045,0.38,0.998
histogram,otsu,combined,326,1,0,0.3139,159.89,-0.11,4.672,7.972,0.986,0.371,1.214
histogram,otsu,combined,327,1,0,0.3181,159.83,-0.17,3.879,7.21,1.016,0.435,1.184
histogram,otsu,combined,328,1,0,0.3181,159.83,-0.17,3.889,7.114,0.993,0.373,1.181
histogram,otsu,combined,329,1,0,0.3125,159.81,-0.19,3.855,7.038,0.993,0.38,1.103
histogram,otsu,combined,330,1,0,0.3125,159.81,-0.19,3.839,6.97,1.066,0.381,1.003
histogram,otsu,combined,331,1,0,0.3125,159.84,-0.16,3.843,6.987,1.055,0.394,1.012
histogram,otsu,combined,332,1,0,0.3125,159.84,-0.16,3.841,6.964,0.999,0.376,1.078
histogram,otsu,combined,333,1,0,0.3264,159.71,-0.29,3.85,6.866,0.985,0.376,0.985
histogram,otsu,combined,334,1,0,0.3264,159.71,-0.29,3.852,6.976,1.072,0.375,1.0
histogram,otsu,combined,335,1,0,0.3222,159.83,-0.17,3.849,7.038,1.037,0.38,1.109
histogram,otsu,combined,336,1,0,0.3083,159.88,-0.12,3.858,7.09,0.992,0.374,1.198
histogram,otsu,combined,337,1,0,0.3208,159.81,-0.19,3.846,6.996,0.995,0.376,1.104
histogram,otsu,combined,338,1,0,0.3208,159.81,-0.19,3.845,6.969,0.998,0.374,1.002
histogram,otsu,combined,339,1,0,0.3125,159.87,-0.13,3.837,7.069,1.033,0.385,1.112
histogram,otsu,combined,340,1,0,0.3111,159.84,-0.16,3.869,6.975,0.992,0.379,1.061
histogram,otsu,combined,341,1,0,0.3208,159.8,-0.2,3.787,6.87,0.989,0.377,0.978
histogram,otsu,combined,342,1,0,0.3208,159.8,-0.2,4.024,7.164,0.98,0.377,1.106
histogram,otsu,combined,343,1,0,0.3181,159.76,-0.24,3.869,7.093,1.039,0.378,1.104
histogram,otsu,combined,344,1,0,0.3181,159.82,-0.18,3.853,7.104,0.989,0.475,1.108
histogram,otsu,combined,345,1,0,0.3181,159.9,-0.1,3.843,7.086,0.996,0.373,1.201
histogram,otsu,combined,346,1,0,0.3181,159.9,-0.1,3.835,6.977,1.0,0.379,1.081
histogram,otsu,combined,347,1,0,0.3208,159.74,-0.26,3.857,7.057,0.983,0.373,1.099
histogram,otsu,combined,348,1,0,0.3208,159.74,-0.26,3.856,6.954,1.043,0.38,1.004
histogram,otsu,combined,349,1,0,0.3181,159.83,-0.17,3.88,7.042,0.987,0.374,1.078
histogram,otsu,combined,350,1,0,0.3181,159.83,-0.17,3.79,6.913,1.002,0.375,0.994
histogram,otsu,combined,351,1,0,0.3181,159.83,-0.17,3.871,6.965,0.989,0.375,0.99
histogram,otsu,combined,352,1,0,0.3167,159.81,-0.19,3.844,6.927,1.038,0.38,0.994
histogram,otsu,combined,353,1,0,0.3139,159.85,-0.15,3.857,7.047,0.987,0.373,1.156
histogram,otsu,combined,354,1,0,0.325,159.78,-0.22,3.779,6.877,0.982,0.376,0.991
histogram,otsu,combined,355,1,0,0.325,159.78,-0.22,3.864,6.906,0.989,0.374,1.001
histogram,otsu,combined,356,1,0,0.3208,159.75,-0.25,3.873,6.981,1.043,0.379,1.01
histogram,otsu,combined,357,1,0,0.3097,159.83,-0.17,3.905,7.073,0.989,0.375,1.141
histogram,otsu,combined,358,1,0,0.3167,159.84,-0.16,3.834,6.932,0.987,0.375,1.05
histogram,otsu,combined,359,1,0,0.3167,159.84,-0.16,3.846,6.917,0.986,0.377,0.994
histogram,otsu,combined,360,1,0,0.3181,159.76,-0.24,3.837,7.041,1.048,0.378,1.1
histogram,adaptive,combined,0,1,0,1.0,111.06,-48.94,6.725,19.496,1.836,8.163,1.989
histogram,adaptive,combined,1,1,0,1.0,110.57,-49.43,8.168,22.491,1.144,9.25,2.732
histogram,adaptive,combined,2,1,0,1.0,111.06,-48.94,5.682,17.017,1.038,7.933,1.542
histogram,adaptive,combined,3,1,0,1.0,111.06,-48.94,4.653,14.249,0.648,7.272,0.987
histogram,adaptive,combined,4,1,0,1.0,111.06,-48.94,4.611,14.31,0.667,7.31,0.978
histogram,adaptive,combined,5,1,0,1.0,111.07,-48.93,4.776,14.359,0.649,7.227,1.011
histogram,adaptive,combined,6,1,0,1.0,111.07,-48.93,4.646,14.221,0.621,7.292,0.967
histogram,adaptive,combined,7,1,0,1.0,111.06,-48.94,4.632,14.318,0.696,7.197,1.089
histogram,adaptive,combined,8,1,0,1.0,111.55,-48.45,4.616,14.402,0.65,7.279,1.159
histogram,adaptive,combined,9,1,0,1.0,111.06,-48.94,4.619,14.808,0.993,7.272,1.152
histogram,adaptive,combined,10,1,0,1.0,111.06,-48.94,4.651,15.107,1.06,7.249,1.452
histogram,adaptive,combined,11,1,0,1.0,111.55,-48.45,4.6,14.97,1.001,7.252,1.35
histogram,adaptive,combined,12,1,0,1.0,111.06,-48.94,4.597,14.952,1.006,7.279,1.374
histogram,adaptive,combined,13,1,0,1.0,111.56,-48.44,4.535,14.746,1.04,7.353,1.055
histogram,adaptive,combined,14,1,0,1.0,111.56,-48.44,4.516,14.801,1.056,7.162,1.392
histogram,adaptive,combined,15,1,0,1.0,111.56,-48.44,4.508,14.433,0.997,7.134,1.097
histogram,adaptive,combined,16,1,0,1.0,111.56,-48.44,4.997,15.191,0.987,7.201,1.316
histogram,adaptive,combined,17,1,0,1.0,111.06,-48.94,5.003,15.531,1.078,7.437,1.261
histogram,adaptive,combined,18,1,0,1.0,110.57,-49.43,5.005,15.649,1.106,7.364,1.473
histogram,adaptive,combined,19,1,0,1.0,111.06,-48.94,4.917,15.44,1.081,7.327,1.392
histogram,adaptive,combined,20,1,0,1.0,111.06,-48.94,4.702,15.291,1.037,7.361,1.504
histogram,adaptive,combined,21,1,0,1.0,111.06,-48.94,4.887,15.219,1.002,7.346,1.303
histogram,adaptive,combined,22,1,0,1.0,110.57,-49.43,4.476,14.518,0.998,7.228,1.133
histogram,adaptive,combined,23,1,0,1.0,110.57,-49.43,4.491,14.503,1.04,7.136,1.171
histogram,adaptive,combined,24,1,0,1.0,111.06,-48.94,4.576,14.502,0.981,7.167,1.114
histogram,adaptive,combined,25,1,0,1.0,111.06,-48.94,4.514,14.495,0.993,7.184,1.126
histogram,adaptive,combined,26,1,0,1.0,111.06,-48.94,4.473,14.686,1.046,7.123,1.358
histogram,adaptive,combined,27,1,0,1.0,111.06,-48.94,4.563,14.72,0.993,7.155,1.299
histogram,adaptive,combined,28,1,0,1.0,111.06,-48.94,4.48,14.447,1.017,7.157,1.115
histogram,adaptive,combined,29,1,0,1.0,111.06,-48.94,4.481,14.699,1.047,7.108,1.372
histogram,adaptive,combined,30,1,0,1.0,111.06,-48.94,4.55,14.682,0.989,7.161,1.305
histogram,adaptive,combined,31,1,0,1.0,111.06,-48.94,4.488,14.422,1.002,7.147,1.106
histogram,adaptive,combined,32,1,0,1.0,111.56,-48.44,4.468,14.684,1.035,7.147,1.352
histogram,adaptive,combined,33,1,0,1.0,111.56,-48.44,4.555,14.511,0.993,7.159,1.118
histogram,adaptive,combined,34,1,0,1.0,111.56,-48.44,4.483,14.64,0.987,7.205,1.281
histogram,adaptive,combined,35,1,0,1.0,111.56,-48.44,4.477,14.693,1.047,7.119,1.357
histogram,adaptive,combined,36,1,0,1.0,111.56,-48.44,4.564,14.694,1.003,7.161,1.293
histogram,adaptive,combined,37,1,0,1.0,111.06,-48.94,4.493,14.641,0.988,7.159,1.292
histogram,adaptive,combined,38,1,0,1.0,111.06,-48.94,4.476,14.529,1.042,7.157,1.173
histogram,adaptive,combined,39,1,0,1.0,111.07,-48.93,4.59,14.527,0.989,7.156,1.112
histogram,adaptive,combined,40,1,0,1.0,111.07,-48.93,4.481,14.618,0.994,7.171,1.29
histogram,adaptive,combined,41,1,0,1.0,111.56,-48.44,4.506,14.796,1.163,7.137,1.316
histogram,adaptive,combined,42,1,0,1.0,111.06,-48.94,4.475,14.755,0.995,7.162,1.303
histogram,adaptive,combined,43,1,0,1.0,110.57,-49.43,4.468,14.576,0.996,7.131,1.311
histogram,adaptive,combined,44,1,0,1.0,110.57,-49.43,4.47,14.63,1.044,7.111,1.285
histogram,adaptive,combined,45,1,0,1.0,110.57,-49.43,4.533,14.522,0.996,7.128,1.117
histogram,adaptive,combined,46,1,0,1.0,110.57,-49.43,4.487,14.585,0.981,7.154,1.288
histogram,adaptive,combined,47,1,0,1.0,111.07,-48.93,4.478,14.508,1.044,7.124,1.166
histogram,adaptive,combined,48,1,0,1.0,111.07,-48.93,4.564,14.573,0.99,7.244,1.1
histogram,adaptive,combined,49,1,0,1.0,111.55,-48.45,5.312,15.892,0.988,7.781,1.124
histogram,adaptive,combined,50,1,0,1.0,111.55,-48.45,4.617,14.77,1.003,7.325,1.121
histogram,adaptive,combined,51,1,0,1.0,111.06,-48.94,4.607,15.121,1.193,7.331,1.298
histogram,adaptive,combined,52,1,0,1.0,111.06,-48.94,4.605,15.052,1.011,7.313,1.44
histogram,adaptive,combined,53,1,0,1.0,111.06,-48.94,4.754,15.093,1.011,7.27,1.351
histogram,adaptive,combined,54,1,0,1.0,111.06,-48.94,4.613,14.962,1.005,7.305,1.332
histogram,adaptive,combined,55,1,0,1.0,111.07,-48.93,4.625,14.987,1.01,7.258,1.33
histogram,adaptive,combined,56,1,0,1.0,111.07,-48.93,4.622,14.873,1.061,7.25,1.228
histogram,adaptive,combined,57,1,0,1.0,111.56,-48.44,4.657,15.122,1.001,7.291,1.393
histogram,adaptive,combined,58,1,0,1.0,112.05,-47.95,4.532,14.676,1.002,7.396,1.062
histogram,adaptive,combined,59,1,0,1.0,112.05,-47.95,4.549,14.767,1.004,7.186,1.287
histogram,adaptive,combined,60,1,0,1.0,110.08,-49.92,4.495,14.533,0.998,7.218,1.143
histogram,adaptive,combined,61,1,0,1.0,111.55,-48.45,4.485,14.428,1.0,7.15,1.119
histogram,adaptive,combined,62,1,0,1.0,111.55,-48.45,4.489,14.518,0.997,7.177,1.105
histogram,adaptive,combined,63,1,0,1.0,111.06,-48.94,4.484,14.635,0.993,7.118,1.365
histogram,adaptive,combined,64,1,0,1.0,111.06,-48.94,4.482,14.611,0.995,7.159,1.297
histogram,adaptive,combined,65,1,0,1.0,111.07,-48.93,4.473,14.492,1.055,7.172,1.113
histogram,adaptive,combined,66,1,0,1.0,111.07,-48.93,4.567,14.571,0.996,7.154,1.123
histogram,adaptive,combined,67,1,0,1.0,111.06,-48.94,4.478,14.622,0.997,7.136,1.295
histogram,adaptive,combined,68,1,0,1.0,110.57,-49.43,4.504,14.715,1.046,7.216,1.26
histogram,adaptive,combined,69,1,0,1.0,112.08,-47.92,4.49,14.476,1.008,7.123,1.107
histogram,adaptive,combined,70,0,0,0.0,0.0,,2.989,12.909,0.992,7.141,1.109
histogram,adaptive,combined,71,0,0,0.0,0.0,,2.997,12.916,0.995,7.139,1.102
histogram,adaptive,combined,72,1,0,1.0,110.58,-49.42,4.501,14.488,1.027,7.118,1.169
histogram,adaptive,combined,73,1,0,1.0,111.09,-48.91,4.51,14.595,0.987,7.133,1.284
histogram,adaptive,combined,74,1,0,1.0,112.08,-47.92,4.518,14.7,0.994,7.183,1.265
histogram,adaptive,combined,75,1,0,1.0,112.08,-47.92,4.501,14.537,1.043,7.122,1.191
histogram,adaptive,combined,76,1,0,1.0,111.09,-48.91,4.472,14.771,0.988,7.355,1.284
histogram,adaptive,combined,77,1,0,1.0,111.09,-48.91,4.49,14.466,0.984,7.173,1.094
histogram,adaptive,combined,78,1,0,1.0,111.09,-48.91,4.494,14.663,1.042,7.129,1.325
histogram,adaptive,combined,79,1,0,1.0,111.09,-48.91,4.466,14.513,0.982,7.138,1.261
histogram,adaptive,combined,80,1,0,1.0,108.56,-51.44,4.475,14.51,0.992,7.191,1.105
histogram,adaptive,combined,81,1,0,1.0,110.05,-49.95,4.499,14.51,0.998,7.179,1.147
histogram,adaptive,combined,82,1,0,1.0,110.05,-49.95,4.462,14.358,0.986,7.153,1.077
histogram,adaptive,combined,83,1,0,1.0,108.08,-51.92,4.473,14.459,1.057,7.15,1.099
histogram,adaptive,combined,84,1,0,1.0,107.58,-52.42,4.476,14.623,0.988,7.14,1.275
histogram,adaptive,combined,85,1,0,1.0,107.58,-52.42,4.473,14.537,0.992,7.143,1.252
histogram,adaptive,combined,86,1,0,1.0,107.58,-52.42,4.456,14.473,1.047,7.136,1.157
histogram,adaptive,combined,87,1,0,1.0,109.58,-50.42,4.546,14.645,1.004,7.128,1.263
histogram,adaptive,combined,88,1,0,1.0,109.58,-50.42,4.461,14.533,0.988,7.139,1.271
histogram,adaptive,combined,89,1,0,1.0,109.08,-50.92,4.526,14.561,1.054,7.129,1.162
histogram,adaptive,combined,90,1,0,1.0,109.08,-50.92,4.548,14.641,0.996,7.15,1.264
histogram,adaptive,combined,91,1,0,1.0,108.08,-51.92,4.485,14.543,0.985,7.146,1.249
histogram,adaptive,combined,92,1,0,1.0,108.08,-51.92,4.468,14.618,1.043,7.112,1.325
histogram,adaptive,combined,93,1,0,1.0,108.09,-51.91,4.548,14.657,1.001,7.13,1.293
histogram,adaptive,combined,94,1,0,1.0,105.6,-54.4,4.471,14.443,0.982,7.176,1.126
histogram,adaptive,combined,95,1,0,1.0,105.6,-54.4,4.463,14.638,1.033,7.088,1.372
histogram,adaptive,combined,96,0,0,0.0,0.0,,2.983,12.899,0.992,7.149,1.1
histogram,adaptive,combined,97,1,0,1.0,112.04,-47.96,4.514,14.509,0.985,7.146,1.16
histogram,adaptive,combined,98,1,0,1.0,112.04,-47.96,4.478,14.436,0.993,7.173,1.107
histogram,adaptive,combined,99,1,0,1.0,112.04,-47.96,4.487,14.623,0.996,7.144,1.254
histogram,adaptive,combined,100,0,0,0.0,0.0,,2.902,13.069,0.988,7.153,1.352
histogram,adaptive,combined,101,1,1,0.6,142.07,-17.93,4.276,14.261,1.045,7.192,1.075
histogram,adaptive,combined,102,1,1,0.6,143.05,-16.95,4.32,14.446,0.984,7.152,1.317
histogram,adaptive,combined,103,1,1,0.6,143.05,-16.95,4.289,14.405,0.987,7.156,1.295
histogram,adaptive,combined,104,1,1,0.6,146.07,-13.93,4.264,14.411,1.036,7.135,1.303
histogram,adaptive,combined,105,1,1,0.6,208.08,48.08,4.244,14.311,0.987,7.138,1.258
histogram,adaptive,combined,106,1,1,0.6,208.08,48.08,4.288,14.483,1.042,7.211,1.263
histogram,adaptive,combined,107,1,1,0.6,188.01,28.01,4.261,14.43,0.985,7.158,1.246
histogram,adaptive,combined,108,1,1,0.6,188.01,28.01,4.248,14.305,0.979,7.229,1.19
histogram,adaptive,combined,109,1,1,0.6,208.15,48.15,4.259,14.422,1.044,7.11,1.338
histogram,adaptive,combined,110,1,1,0.6,208.15,48.15,4.325,14.22,0.989,7.14,1.078
histogram,adaptive,combined,111,1,1,0.6,208.15,48.15,4.276,14.276,0.994,7.179,1.081
histogram,adaptive,combined,112,1,1,0.6,120.24,-39.76,4.275,14.387,0.993,7.17,1.208
histogram,adaptive,combined,113,1,1,0.6,123.22,-36.78,4.276,14.177,0.993,7.153,1.068
histogram,adaptive,combined,114,1,1,0.6,123.22,-36.78,4.272,14.389,1.048,7.138,1.255
histogram,adaptive,combined,115,1,1,0.6,128.25,-31.75,4.277,14.341,0.992,7.157,1.251
histogram,adaptive,combined,116,1,1,0.6,128.25,-31.75,4.249,14.264,1.053,7.179,1.1
histogram,adaptive,combined,117,1,1,0.6,130.27,-29.73,4.334,14.268,0.983,7.158,1.081
histogram,adaptive,combined,118,1,1,0.6,137.27,-22.73,4.853,15.046,0.984,7.205,1.276
histogram,adaptive,combined,119,1,1,0.6,137.27,-22.73,4.409,15.349,1.066,7.583,1.58
histogram,adaptive,combined,120,1,1,0.6,137.33,-22.67,4.39,14.653,1.07,7.267,1.233
histogram,adaptive,combined,121,1,1,0.6,124.32,-35.68,4.399,14.655,1.005,7.256,1.235
histogram,adaptive,combined,122,1,1,0.6,124.32,-35.68,4.516,14.631,0.987,7.312,1.116
histogram,adaptive,combined,123,1,1,0.6,209.25,49.25,4.416,14.92,1.051,7.212,1.537
histogram,adaptive,combined,124,1,1,0.6,209.25,49.25,4.385,14.719,0.991,7.325,1.239
histogram,adaptive,combined,125,1,1,0.6,192.33,32.33,4.391,14.546,0.991,7.25,1.223
histogram,adaptive,combined,126,1,1,0.6,165.3,5.3,4.383,14.684,1.058,7.234,1.296
histogram,adaptive,combined,127,1,1,0.6,165.3,5.3,4.296,14.653,0.999,7.431,1.135
histogram,adaptive,combined,128,0,0,0.0,0.0,,2.997,12.946,0.986,7.184,1.103
histogram,adaptive,combined,129,1,0,1.0,110.92,-49.08,4.621,14.578,0.995,7.129,1.124
histogram,adaptive,combined,130,1,0,1.0,110.92,-49.08,4.479,14.686,0.993,7.276,1.261
histogram,adaptive,combined,131,1,0,1.0,103.03,-56.97,4.472,14.455,1.045,7.118,1.141
histogram,adaptive,combined,132,1,0,1.0,103.03,-56.97,4.562,14.596,0.981,7.145,1.23
histogram,adaptive,combined,133,1,0,1.0,93.91,-66.09,4.457,14.391,0.991,7.199,1.068
histogram,adaptive,combined,134,1,0,1.0,93.91,-66.09,4.457,14.423,1.031,7.115,1.133
histogram,adaptive,combined,135,1,0,1.0,93.91,-66.09,4.466,14.354,0.998,7.14,1.074
histogram,adaptive,combined,136,1,0,0.9944,94.57,-65.43,4.436,14.657,1.083,7.177,1.275
histogram,adaptive,combined,137,1,0,1.0,91.65,-68.35,4.416,14.324,0.983,7.134,1.038
histogram,adaptive,combined,138,1,0,1.0,91.65,-68.35,4.478,14.372,0.985,7.172,1.058
histogram,adaptive,combined,139,1,0,1.0,91.65,-68.35,4.386,14.667,1.041,7.112,1.457
histogram,adaptive,combined,140,1,0,0.9583,86.03,-73.97,4.208,14.145,0.982,7.173,1.103
histogram,adaptive,combined,141,1,0,0.9792,86.04,-73.96,4.2,14.143,0.975,7.2,1.102
histogram,adaptive,combined,142,1,0,1.0,86.12,-73.88,4.236,14.252,0.989,7.168,1.107
histogram,adaptive,combined,143,1,0,1.0,86.12,-73.88,4.204,14.234,0.986,7.153,1.224
histogram,adaptive,combined,144,1,0,1.0,86.1,-73.9,4.209,14.287,1.037,7.138,1.215
histogram,adaptive,combined,145,1,0,1.0,86.22,-73.78,4.187,14.168,0.996,7.129,1.173
histogram,adaptive,combined,146,1,0,1.0,86.22,-73.78,4.188,14.196,1.051,7.182,1.103
histogram,adaptive,combined,147,1,0,1.0,86.22,-73.78,4.21,14.143,0.989,7.138,1.09
histogram,adaptive,combined,148,1,0,1.0,86.22,-73.78,4.185,14.207,1.001,7.177,1.091
histogram,adaptive,combined,149,1,0,1.0,86.24,-73.76,4.253,14.174,0.985,7.143,1.076
histogram,adaptive,combined,150,1,0,1.0,86.22,-73.78,4.208,14.112,0.98,7.158,1.074
histogram,adaptive,combined,151,1,0,1.0,86.22,-73.78,4.21,14.154,0.984,7.156,1.129
histogram,adaptive,combined,152,1,0,1.0,86.22,-73.78,4.196,14.231,0.983,7.164,1.221
histogram,adaptive,combined,153,1,0,0.95,86.14,-73.86,4.249,14.221,1.049,7.107,1.135
histogram,adaptive,combined,154,1,0,0.95,86.14,-73.86,4.205,14.075,0.981,7.127,1.081
histogram,adaptive,combined,155,1,0,0.95,86.14,-73.86,4.202,14.331,1.056,7.164,1.228
histogram,adaptive,combined,156,1,0,0.9736,86.18,-73.82,4.21,14.113,0.987,7.171,1.065
histogram,adaptive,combined,157,1,0,0.9236,86.13,-73.87,4.182,14.306,0.98,7.203,1.214
histogram,adaptive,combined,158,1,0,0.9236,86.13,-73.87,4.208,14.366,0.986,7.173,1.321
histogram,adaptive,combined,159,1,0,0.9389,86.14,-73.86,4.205,14.186,0.985,7.121,1.19
histogram,adaptive,combined,160,1,0,0.9625,90.64,-69.36,4.228,14.218,1.052,7.148,1.118
histogram,adaptive,combined,161,1,0,0.9514,86.2,-73.8,4.191,14.194,0.985,7.143,1.194
histogram,adaptive,combined,162,1,0,0.9514,86.2,-73.8,4.196,14.158,0.986,7.18,1.056
histogram,adaptive,combined,163,1,0,0.9611,86.16,-73.84,4.2,14.079,0.985,7.123,1.078
histogram,adaptive,combined,164,1,0,0.9611,86.16,-73.84,4.197,14.241,0.987,7.197,1.177
histogram,adaptive,combined,165,1,0,0.9889,86.13,-73.87,4.228,14.216,0.999,7.129,1.166
histogram,adaptive,combined,166,1,0,1.0,86.22,-73.78,4.198,14.143,0.993,7.174,1.098
histogram,adaptive,combined,167,1,0,1.0,86.22,-73.78,4.213,14.378,1.038,7.132,1.294
histogram,adaptive,combined,168,1,0,1.0,86.22,-73.78,4.212,14.104,0.991,7.147,1.085
histogram,adaptive,combined,169,1,0,1.0,89.05,-70.95,4.254,14.378,1.061,7.171,1.224
histogram,adaptive,combined,170,1,0,1.0,89.05,-70.95,4.291,14.344,0.981,7.184,1.207
histogram,adaptive,combined,171,1,0,1.0,89.05,-70.95,4.233,14.159,0.998,7.184,1.062
histogram,adaptive,combined,172,1,0,1.0,86.22,-73.78,4.211,14.173,0.984,7.165,1.136
histogram,adaptive,combined,173,1,0,1.0,86.22,-73.78,4.206,14.119,0.989,7.149,1.11
histogram,adaptive,combined,174,1,0,0.9639,86.08,-73.92,4.225,14.27,1.047,7.137,1.19
histogram,adaptive,combined,175,1,0,0.9639,86.08,-73.92,4.202,14.14,0.988,7.17,1.095
histogram,adaptive,combined,176,1,0,0.9347,86.18,-73.82,4.212,14.354,1.064,7.216,1.175
histogram,adaptive,combined,177,1,0,0.9375,87.18,-72.82,4.219,14.212,0.992,7.135,1.085
histogram,adaptive,combined,178,1,0,0.9375,87.18,-72.82,4.204,14.246,0.98,7.17,1.207
histogram,adaptive,combined,179,1,0,0.9375,87.18,-72.82,4.205,14.389,0.991,7.157,1.353
histogram,adaptive,combined,180,1,0,0.9361,86.12,-73.88,4.202,14.229,0.99,7.154,1.202
histogram,adaptive,combined,181,1,0,0.9431,86.13,-73.87,4.213,14.204,1.04,7.101,1.164
histogram,adaptive,combined,182,1,0,0.9736,86.11,-73.89,4.227,14.139,0.987,7.151,1.096
histogram,adaptive,combined,183,1,0,0.9736,86.11,-73.89,4.241,14.224,0.995,7.151,1.084
histogram,adaptive,combined,184,1,0,1.0,86.15,-73.85,4.291,14.358,0.993,7.153,1.248
histogram,adaptive,combined,185,1,0,1.0,92.68,-67.32,4.495,14.399,0.984,7.162,1.072
histogram,adaptive,combined,186,1,0,1.0,99.18,-60.82,4.491,14.474,1.033,7.12,1.146
histogram,adaptive,combined,187,1,0,1.0,99.18,-60.82,4.469,14.368,0.997,7.115,1.065
histogram,adaptive,combined,188,1,0,1.0,95.25,-64.75,4.464,14.645,0.997,7.372,1.054
histogram,adaptive,combined,189,1,0,1.0,93.73,-66.27,4.491,14.478,0.999,7.168,1.14
histogram,adaptive,combined,190,1,0,1.0,93.73,-66.27,5.329,15.347,0.998,7.179,1.154
histogram,adaptive,combined,191,1,0,1.0,93.73,-66.27,4.466,14.425,0.983,7.146,1.155
histogram,adaptive,combined,192,1,0,1.0,94.7,-65.3,4.481,14.462,1.042,7.136,1.129
histogram,adaptive,combined,193,1,0,1.0,93.2,-66.8,4.478,14.366,1.003,7.137,1.07
histogram,adaptive,combined,194,1,0,1.0,92.74,-67.26,4.455,14.57,1.007,7.194,1.153
histogram,adaptive,combined,195,1,0,1.0,92.74,-67.26,4.464,14.479,0.988,7.136,1.205
histogram,adaptive,combined,196,1,0,1.0,91.22,-68.78,4.413,14.475,0.984,7.267,1.12
histogram,adaptive,combined,197,1,0,1.0,87.35,-72.65,4.272,14.253,1.047,7.161,1.054
histogram,adaptive,combined,198,1,0,1.0,87.35,-72.65,4.3,14.257,0.999,7.154,1.066
histogram,adaptive,combined,199,1,0,1.0,86.24,-73.76,4.198,14.135,0.983,7.151,1.124
histogram,adaptive,combined,200,1,0,1.0,86.24,-73.76,4.216,14.188,0.996,7.168,1.13
histogram,adaptive,combined,201,1,0,1.0,86.22,-73.78,4.344,14.326,0.99,7.175,1.126
histogram,adaptive,combined,202,1,0,1.0,86.22,-73.78,4.219,14.212,1.053,7.12,1.14
histogram,adaptive,combined,203,1,0,1.0,86.22,-73.78,4.206,14.171,0.982,7.114,1.197
histogram,adaptive,combined,204,1,0,1.0,86.22,-73.78,4.205,14.207,1.05,7.196,1.076
histogram,adaptive,combined,205,1,0,1.0,86.22,-73.78,4.265,14.19,0.985,7.143,1.126
histogram,adaptive,combined,206,1,0,1.0,86.22,-73.78,4.198,14.278,0.985,7.213,1.14
histogram,adaptive,combined,207,1,0,1.0,86.22,-73.78,4.206,14.261,0.996,7.139,1.208
histogram,adaptive,combined,208,1,0,1.0,86.22,-73.78,4.203,14.095,0.989,7.153,1.056
histogram,adaptive,combined,209,1,0,1.0,90.52,-69.48,4.423,14.364,1.035,7.116,1.118
histogram,adaptive,combined,210,1,0,1.0,90.52,-69.48,4.46,14.382,0.989,7.188,1.063
histogram,adaptive,combined,211,1,0,1.0,110.02,-49.98,4.472,14.43,0.996,7.151,1.044
histogram,adaptive,combined,212,1,0,1.0,110.02,-49.98,4.499,14.466,0.992,7.159,1.065
histogram,adaptive,combined,213,1,1,0.6,217.12,57.12,4.273,14.08,0.976,7.139,1.035
histogram,adaptive,combined,214,1,1,0.6,217.12,57.12,4.268,14.206,1.026,7.108,1.125
histogram,adaptive,combined,215,1,1,0.6,112.96,-47.04,4.269,14.245,0.989,7.151,1.167
histogram,adaptive,combined,216,1,1,0.6,126.96,-33.04,4.258,14.39,1.034,7.208,1.198
histogram,adaptive,combined,217,1,1,0.6,116.97,-43.03,4.358,14.328,0.985,7.136,1.14
histogram,adaptive,combined,218,1,0,1.0,121.5,-38.5,4.471,14.427,0.977,7.188,1.101
histogram,adaptive,combined,219,1,0,1.0,121.5,-38.5,4.494,14.513,1.055,7.123,1.156
histogram,adaptive,combined,220,1,0,1.0,86.25,-73.75,4.194,14.111,0.993,7.16,1.079
histogram,adaptive,combined,221,0,0,0.0,0.0,,2.96,12.942,1.043,7.158,1.101
histogram,adaptive,combined,222,0,0,0.0,0.0,,2.97,12.873,0.983,7.17,1.077
histogram,adaptive,combined,223,0,0,0.0,0.0,,2.97,12.819,0.984,7.11,1.077
histogram,adaptive,combined,224,0,0,0.0,0.0,,2.909,12.877,0.981,7.14,1.112
histogram,adaptive,combined,225,1,0,0.9375,193.99,33.99,4.499,14.578,1.032,7.124,1.249
histogram,adaptive,combined,226,1,0,0.9375,193.99,33.99,4.564,14.501,0.984,7.156,1.102
histogram,adaptive,combined,227,1,0,0.9292,197.87,37.87,4.505,14.577,0.992,7.161,1.197
histogram,adaptive,combined,228,1,0,0.9292,197.87,37.87,4.493,14.599,1.052,7.121,1.244
histogram,adaptive,combined,229,1,0,0.9458,203.17,43.17,4.574,14.53,0.994,7.124,1.153
histogram,adaptive,combined,230,1,0,0.9333,201.42,41.42,4.513,14.48,0.99,7.181,1.113
histogram,adaptive,combined,231,1,0,0.9333,201.42,41.42,4.527,14.539,1.036,7.129,1.178
histogram,adaptive,combined,232,1,0,0.9278,201.02,41.02,4.517,14.465,0.996,7.166,1.112
histogram,adaptive,combined,233,1,0,0.9319,198.52,38.52,4.538,14.57,0.988,7.168,1.125
histogram,adaptive,combined,234,1,0,0.9306,206.15,46.15,4.546,14.577,0.993,7.166,1.186
histogram,adaptive,combined,235,1,0,0.9306,206.15,46.15,4.52,14.438,0.996,7.125,1.117
histogram,adaptive,combined,236,1,0,0.9264,197.03,37.03,4.498,14.646,0.99,7.194,1.231
histogram,adaptive,combined,237,1,0,0.9306,202.94,42.94,4.509,14.673,0.984,7.17,1.297
histogram,adaptive,combined,238,1,0,0.9306,202.94,42.94,4.502,14.469,0.991,7.167,1.125
histogram,adaptive,combined,239,1,0,0.9319,195.02,35.02,4.498,14.593,0.994,7.143,1.235
histogram,adaptive,combined,240,1,0,0.9319,195.02,35.02,4.544,14.661,0.988,7.16,1.301
histogram,adaptive,combined,241,1,0,0.9292,206.64,46.64,4.519,14.412,0.987,7.138,1.112
histogram,adaptive,combined,242,1,0,0.9278,193.53,33.53,4.501,14.645,1.067,7.18,1.22
histogram,adaptive,combined,243,1,0,0.9278,193.53,33.53,4.513,14.529,0.985,7.127,1.129
histogram,adaptive,combined,244,1,0,0.9278,199.51,39.51,4.512,14.454,0.99,7.151,1.126
histogram,adaptive,combined,245,1,0,0.9319,203.92,43.92,4.504,14.658,1.046,7.118,1.312
histogram,adaptive,combined,246,1,0,0.9319,203.92,43.92,4.523,14.692,0.998,7.19,1.23
histogram,adaptive,combined,247,1,0,0.9306,202.95,42.95,4.511,14.508,0.997,7.159,1.122
histogram,adaptive,combined,248,1,0,0.9306,202.95,42.95,4.492,14.515,1.035,7.117,1.189
histogram,adaptive,combined,249,1,0,0.9333,202.96,42.96,4.613,14.634,0.979,7.151,1.217
histogram,adaptive,combined,250,1,0,0.9333,202.96,42.96,4.683,14.771,0.991,7.178,1.241
histogram,adaptive,combined,251,1,0,0.9361,199.5,39.5,4.493,14.525,1.047,7.124,1.126
histogram,adaptive,combined,252,1,0,0.9361,199.5,39.5,4.574,14.533,0.988,7.169,1.126
histogram,adaptive,combined,253,1,0,0.9292,195.52,35.52,4.503,14.58,0.996,7.181,1.216
histogram,adaptive,combined,254,1,0,0.9292,195.52,35.52,4.529,14.676,1.033,7.126,1.309
histogram,adaptive,combined,255,1,0,0.9292,195.52,35.52,4.569,14.607,0.991,7.151,1.226
histogram,adaptive,combined,256,1,0,0.9306,207.1,47.1,4.51,14.563,0.996,7.156,1.22
histogram,adaptive,combined,257,1,0,0.9333,202.01,42.01,4.795,15.354,1.035,7.533,1.29
histogram,adaptive,combined,258,1,0,0.9333,202.01,42.01,4.546,14.785,1.043,7.18,1.328
histogram,adaptive,combined,259,1,0,0.9264,194.03,34.03,4.561,14.5,0.993,7.142,1.125
histogram,adaptive,combined,260,1,0,0.9292,195.03,35.03,4.495,14.612,1.006,7.207,1.222
histogram,adaptive,combined,261,1,0,0.9292,194.53,34.53,4.962,15.778,1.033,7.096,2.013
histogram,adaptive,combined,262,1,0,0.9292,194.53,34.53,4.535,14.919,1.123,7.216,1.321
histogram,adaptive,combined,263,1,0,0.9278,195.03,35.03,4.583,14.553,0.995,7.153,1.139
histogram,adaptive,combined,264,1,0,0.9278,195.03,35.03,4.512,14.624,0.99,7.214,1.231
histogram,adaptive,combined,265,1,0,0.9306,194.52,34.52,4.634,14.775,1.028,7.138,1.298
histogram,adaptive,combined,266,1,0,0.9306,194.52,34.52,4.564,14.509,0.984,7.155,1.125
histogram,adaptive,combined,267,1,0,0.9333,195.52,35.52,4.503,14.494,0.988,7.174,1.124
histogram,adaptive,combined,268,1,0,0.9333,195.52,35.52,4.506,14.555,1.046,7.108,1.214
histogram,adaptive,combined,269,1,0,0.9333,195.53,35.53,4.492,14.409,0.99,7.11,1.13
histogram,adaptive,combined,270,1,0,0.9333,195.53,35.53,4.477,14.549,1.001,7.2,1.132
histogram,adaptive,combined,271,1,0,0.9292,202.98,42.98,4.524,14.517,0.998,7.135,1.194
histogram,adaptive,combined,272,1,0,0.9292,202.98,42.98,4.531,14.548,1.0,7.215,1.122
histogram,adaptive,combined,273,1,0,0.9306,202.48,42.48,4.514,14.621,0.991,7.157,1.219
histogram,adaptive,combined,274,1,0,0.9292,195.03,35.03,4.536,14.558,0.982,7.155,1.203
histogram,adaptive,combined,275,1,0,0.9292,195.03,35.03,4.474,14.51,0.993,7.134,1.234
histogram,adaptive,combined,276,1,0,0.9319,202.49,42.49,4.487,14.506,1.044,7.183,1.116
histogram,adaptive,combined,277,1,0,0.9292,206.65,46.65,4.519,14.686,1.003,7.134,1.241
histogram,adaptive,combined,278,1,0,0.9292,203.94,43.94,4.548,14.516,0.996,7.149,1.146
histogram,adaptive,combined,279,1,0,0.9292,203.94,43.94,4.516,14.553,1.052,7.173,1.137
histogram,adaptive,combined,280,1,0,0.9292,202.97,42.97,4.509,14.625,0.995,7.151,1.224
histogram,adaptive,combined,281,1,0,0.9292,203.44,43.44,4.503,14.549,0.978,7.187,1.215
histogram,adaptive,combined,282,1,0,0.9347,195.52,35.52,4.489,14.62,1.035,7.128,1.286
histogram,adaptive,combined,283,1,0,0.9347,195.52,35.52,4.585,14.544,1.009,7.121,1.14
histogram,adaptive,combined,284,1,0,0.9292,199.53,39.53,4.505,14.583,0.98,7.181,1.238
histogram,adaptive,combined,285,1,0,0.9319,207.15,47.15,4.499,14.503,1.039,7.11,1.184
histogram,adaptive,combined,286,1,0,0.9306,206.63,46.63,4.576,14.643,0.995,7.166,1.229
histogram,adaptive,combined,287,1,0,0.9306,206.63,46.63,4.528,14.636,0.988,7.191,1.219
histogram,adaptive,combined,288,1,0,0.9306,199.02,39.02,4.49,14.569,1.05,7.132,1.219
histogram,adaptive,combined,289,1,0,0.9333,203.47,43.47,4.578,14.532,1.0,7.133,1.145
histogram,adaptive,combined,290,1,0,0.9333,203.47,43.47,4.504,14.494,0.995,7.188,1.126
histogram,adaptive,combined,291,1,0,0.9319,202.47,42.47,4.528,14.538,1.037,7.093,1.204
histogram,adaptive,combined,292,1,0,0.9319,199.52,39.52,4.507,14.516,0.987,7.154,1.125
histogram,adaptive,combined,293,1,0,0.9319,195.52,35.52,4.533,14.595,0.979,7.175,1.22
histogram,adaptive,combined,294,1,0,0.9319,195.52,35.52,4.496,14.641,1.042,7.118,1.305
histogram,adaptive,combined,295,1,0,0.9278,200.0,40.0,4.529,14.607,0.997,7.108,1.236
histogram,adaptive,combined,296,1,0,0.9306,202.98,42.98,4.517,14.611,0.988,7.192,1.226
histogram,adaptive,combined,297,1,0,0.9292,205.65,45.65,4.5,14.626,1.035,7.086,1.301
histogram,adaptive,combined,298,1,0,0.9292,205.65,45.65,4.545,14.496,1.001,7.148,1.124
histogram,adaptive,combined,299,1,0,0.9306,199.51,39.51,4.489,14.552,0.998,7.162,1.226
histogram,adaptive,combined,300,1,0,0.9306,199.51,39.51,4.501,14.636,1.037,7.126,1.295
histogram,adaptive,combined,301,1,0,0.9319,199.02,39.02,4.504,14.422,0.983,7.131,1.119
histogram,adaptive,combined,302,1,0,0.9306,199.53,39.53,4.489,14.647,1.002,7.184,1.224
histogram,adaptive,combined,303,1,0,0.9306,199.53,39.53,4.514,14.648,1.046,7.102,1.305
histogram,adaptive,combined,304,1,0,0.9333,199.02,39.02,4.492,14.44,0.988,7.153,1.123
histogram,adaptive,combined,305,1,0,0.9306,202.46,42.46,4.514,14.621,0.989,7.153,1.224
histogram,adaptive,combined,306,1,0,0.9333,199.02,39.02,4.503,14.592,0.985,7.217,1.212
histogram,adaptive,combined,307,1,0,0.9333,199.02,39.02,4.536,14.625,0.991,7.14,1.228
histogram,adaptive,combined,308,1,0,0.9306,166.5,6.5,4.509,14.631,0.993,7.17,1.216
histogram,adaptive,combined,309,0,0,0.0,0.0,,2.916,12.868,0.982,7.142,1.147
histogram,adaptive,combined,310,1,0,0.9569,202.98,42.98,4.5,14.503,1.045,7.176,1.112
histogram,adaptive,combined,311,1,0,0.9569,202.98,42.98,4.597,14.557,0.995,7.123,1.156
histogram,adaptive,combined,312,1,0,0.9375,204.41,44.41,4.519,14.498,0.986,7.171,1.142
histogram,adaptive,combined,313,1,0,0.95,198.55,38.55,4.501,14.476,1.042,7.121,1.141
histogram,adaptive,combined,314,1,0,0.95,198.55,38.55,4.601,14.583,0.988,7.177,1.15
histogram,adaptive,combined,315,1,0,0.9375,198.02,38.02,4.504,14.446,0.992,7.151,1.108
histogram,adaptive,combined,316,1,0,0.9278,200.95,40.95,4.509,14.595,1.036,7.153,1.212
histogram,adaptive,combined,317,1,0,0.9347,198.52,38.52,4.56,14.608,0.998,7.133,1.205
histogram,adaptive,combined,318,1,0,0.9347,198.52,38.52,4.527,14.708,0.987,7.315,1.201
histogram,adaptive,combined,319,1,0,0.9319,203.43,43.43,4.498,14.593,1.032,7.104,1.276
histogram,adaptive,combined,320,1,0,0.9264,205.97,45.97,4.599,14.635,0.995,7.146,1.219
histogram,adaptive,combined,321,1,0,0.9292,203.47,43.47,4.567,14.609,0.986,7.165,1.215
histogram,adaptive,combined,322,1,0,0.9292,203.47,43.47,4.495,14.681,1.042,7.146,1.323
histogram,adaptive,combined,323,1,0,0.9306,198.51,38.51,4.569,14.513,0.995,7.156,1.113
histogram,adaptive,combined,324,1,0,0.9306,198.51,38.51,4.491,14.495,0.991,7.174,1.145
histogram,adaptive,combined,325,1,0,0.9306,199.53,39.53,5.303,15.325,1.031,7.104,1.191
histogram,adaptive,combined,326,1,0,0.9306,199.53,39.53,4.538,14.666,1.028,7.211,1.124
histogram,adaptive,combined,327,1,0,0.9278,198.05,38.05,4.509,14.616,0.99,7.163,1.245
histogram,adaptive,combined,328,1,0,0.9278,198.05,38.05,4.506,14.525,0.991,7.185,1.121
histogram,adaptive,combined,329,1,0,0.9292,199.53,39.53,4.593,14.618,0.999,7.135,1.119
histogram,adaptive,combined,330,1,0,0.9292,199.53,39.53,4.49,14.429,0.985,7.156,1.114
histogram,adaptive,combined,331,1,0,0.9306,201.02,41.02,4.486,15.277,1.178,7.343,1.585
histogram,adaptive,combined,332,1,0,0.9306,201.02,41.02,4.507,14.648,1.04,7.119,1.307
histogram,adaptive,combined,333,1,0,0.9264,198.53,38.53,4.51,14.555,0.995,7.133,1.245
histogram,adaptive,combined,334,1,0,0.9264,198.53,38.53,4.49,14.606,0.981,7.281,1.121
histogram,adaptive,combined,335,1,0,0.9292,199.52,39.52,4.536,14.657,1.035,7.12,1.292
histogram,adaptive,combined,336,1,0,0.925,167.0,7.0,4.486,14.548,0.994,7.145,1.233
histogram,adaptive,combined,337,1,0,0.9292,199.53,39.53,4.5,14.679,0.992,7.182,1.227
histogram,adaptive,combined,338,1,0,0.9292,199.53,39.53,4.502,14.628,1.041,7.128,1.297
histogram,adaptive,combined,339,1,0,0.9278,202.92,42.92,4.493,14.523,0.989,7.136,1.221
histogram,adaptive,combined,340,1,0,0.9264,203.38,43.38,4.504,14.561,0.986,7.207,1.127
histogram,adaptive,combined,341,1,0,0.9278,165.99,5.99,4.501,14.592,0.994,7.139,1.284
histogram,adaptive,combined,342,1,0,0.9278,165.99,5.99,4.537,14.515,0.983,7.212,1.116
histogram,adaptive,combined,343,1,0,0.9292,200.03,40.03,4.513,14.652,0.991,7.172,1.228
histogram,adaptive,combined,344,1,0,0.9292,204.3,44.3,4.523,14.535,0.987,7.158,1.181
histogram,adaptive,combined,345,1,0,0.9292,203.87,43.87,4.51,14.543,0.994,7.132,1.221
histogram,adaptive,combined,346,1,0,0.9292,203.87,43.87,4.492,14.656,0.997,7.201,1.234
histogram,adaptive,combined,347,1,0,0.9278,203.87,43.87,4.503,14.542,0.991,7.143,1.197
histogram,adaptive,combined,348,1,0,0.9278,203.87,43.87,4.503,14.438,0.985,7.159,1.106
histogram,adaptive,combined,349,1,0,0.925,166.5,6.5,4.528,14.519,1.034,7.141,1.123
histogram,adaptive,combined,350,1,0,0.9278,169.84,9.84,4.52,14.549,0.99,7.148,1.133
histogram,adaptive,combined,351,1,0,0.9278,169.84,9.84,4.5,14.461,0.986,7.165,1.123
histogram,adaptive,combined,352,1,0,0.9306,167.51,7.51,4.5,14.515,1.036,7.122,1.174
histogram,adaptive,combined,353,1,0,0.9306,200.51,40.51,4.563,14.522,0.999,7.134,1.133
histogram,adaptive,combined,354,1,0,0.9306,203.87,43.87,4.514,14.559,0.996,7.158,1.217
histogram,adaptive,combined,355,1,0,0.9306,203.87,43.87,4.498,14.652,1.052,7.13,1.294
histogram,adaptive,combined,356,1,0,0.9292,200.02,40.02,4.566,14.524,0.994,7.149,1.125
histogram,adaptive,combined,357,1,0,0.9264,169.39,9.39,4.483,14.599,0.981,7.179,1.238
histogram,adaptive,combined,358,1,0,0.9292,170.39,10.39,4.502,14.665,1.047,7.131,1.301
histogram,adaptive,combined,359,1,0,0.9292,170.39,10.39,4.59,14.536,0.981,7.17,1.118
histogram,adaptive,combined,360,1,0,0.9292,203.89,43.89,4.504,14.488,0.977,7.199,1.126
